🎲 随机种子: 123
📁 使用数据子目录: ./data/s2_on_s2
🚀 开始训练 mdlm 模型...
📁 输出目录: outputs/mdlm_train_20260129_120013_seed123
  ✓ 复制patterns.csv
  ✓ 复制test.in
  ✓ 复制test.out
  ✓ 复制train.in
  ✓ 复制train.out
  ✓ 复制val.in
  ✓ 复制val.out
  ✓ 创建数据集信息文件
🚀 使用CUDA GPU: NVIDIA GeForce RTX 4090 D
🔧 强制使用设备: cuda
📂 正在加载数据...
ℹ️ 数据加载: 创建优化的数据加载器...
ℹ️ 数据加载: 使用 mdlm 模型的词汇表，大小: 40
ℹ️ 文件读取: 内存映射读取成功，共50649行
ℹ️ 文件读取: 内存映射读取成功，共50649行
ℹ️ 数据处理: 开始处理数据...
ℹ️ 数据处理: 使用4个线程并行处理50649行数据
ℹ️ 数据统计: 数据处理完成: 50649/50649 行成功处理 (100.0%)
ℹ️ 数据处理: 开始处理数据...
ℹ️ 数据处理: 使用4个线程并行处理10964行数据
ℹ️ 数据统计: 数据处理完成: 10964/10964 行成功处理 (100.0%)
ℹ️ 数据处理: 开始处理数据...
ℹ️ 数据处理: 使用4个线程并行处理10869行数据
ℹ️ 数据统计: 数据处理完成: 10869/10869 行成功处理 (100.0%)
ℹ️ 数据加载: 使用智能批处理采样器
ℹ️ 数据加载: 数据加载器优化设置:
ℹ️ 数据加载:   缓存: 禁用
ℹ️ 数据加载:   智能批处理: 启用
ℹ️ 数据加载:   工作线程数: 1
ℹ️ 数据加载:   内存锁定: 启用
📊 分析数据集...
ℹ️ 数据统计: ✅ 从训练数据统计到 329 个类别（标签范围: 0 ~ 328）
ℹ️ 数据统计: 📝 注意：使用训练集类别数，验证时可能遇到训练集独有类别
[DEBUG] 实际num_classes = 329
⚖️  计算类别权重...
📦 从缓存读取类别权重: data/s4_on_s2/class_weights_cache_329.pkl
   权重范围: 1.000 - 2.000
✅ 类别权重加载成功（从缓存）
✅ 类别权重计算完成，num_classes=329
📊 数据统计:
   词汇表大小: 40
   分类类别数: 329
   训练批次: 3164
   验证批次: 686
   测试批次: 680
   批次大小: 16
   最大序列长度: 64
🏗️  创建mdlm模型...
ℹ️ 创建 mdlm 模型...
MDLM模型构建完成:
  统一词汇表大小: 373
  输入字符: 40, 标签: 329
  模型维度: 768
  层数: 5
ℹ️ 初始化 MDLMModel - vocab_size: 373, num_classes: 329
ℹ️ 模型创建成功:
ℹ️   - 类型: mdlm
ℹ️   - 总参数: 28,201,589
ℹ️   - 可训练参数: 28,201,589
ℹ️   - 设备: cuda:0
🔢 模型参数:
   总参数量: 28,201,589
   可训练参数: 28,201,589
   模型大小: 107.6 MB
🎯 创建训练器...
✅ 使用FocalLoss + 类别权重处理数据不平衡问题
   权重张量形状: torch.Size([329])
   权重范围: 1.000 - 2.000
🚀 开始训练...
开始训练，共200个epoch...
模型参数量: 28,201,589 (可训练: 28,201,589)
早停指标: 验证准确率 (与Levenshtein相关性高)
GPU: NVIDIA GeForce RTX 4090 D, 显存: 25.3GB
估算训练内存需求: 451MB (0.4GB)
📊 参数统计: 平均范数=12.38, 大范数参数=33个

======================================================================
🚀 Epoch 1/200
======================================================================
📚 开始训练阶段...
训练进度: 500/3164 损失=1.5726
训练进度: 1000/3164 损失=0.9428
训练进度: 1500/3164 损失=0.6639
训练进度: 2000/3164 损失=0.4146
训练进度: 2500/3164 损失=0.3746
训练进度: 3000/3164 损失=0.3422
训练进度: 3164/3164 损失=0.3932
✅ 训练完成，耗时: 58.4秒 (1.0分钟)

============================================================
📊 验证决策: Epoch 1/200
   验证间隔: 1
   是否验证: ✅ 是
   原因: 第一个epoch
============================================================

🔍 开始验证...
验证进度: 500/686 损失=0.2511
验证进度: 686/686 损失=0.5417

📊 预测分布分析:
  - 预测的前5个类别: {np.int64(0): 270567, np.int64(1): 38617, np.int64(2): 15123, np.int64(3): 11568, np.int64(4): 9575}
  - 标签的前5个类别: {np.int64(0): 281232, np.int64(1): 36731, np.int64(2): 14789, np.int64(3): 10866, np.int64(4): 8585}
✅ 验证完成，耗时: 4.8秒 (0.1分钟)
训练损失: 0.9036
验证损失: 0.3485
验证准确率: 0.9109 (9987/10964) - 与Levenshtein高度相关
验证F1(加权): 0.9121 - 类别平衡更好
学习率: 0.000100
显存使用: 0.48GB (预留: 0.69GB)

生成的训练样本:
--------------------------------------------------------------------------------
输入:       WQM <GLWN MN KWRSJH W>WCV >HWR >JDH
目标:     0 1 31 3 0 0 0 0 0 2 0 0 0 0 0 0 0 0 5 0 0 1 50 0 0 3 0 0 0 0 2 8 0 0 5 0
预测:     0 1 31 3 0 0 0 3 0 0 0 0 0 0 0 0 0 8 5 12 0 1 50 0 0 3 0 6 0 0 3 8 0 0 5 0
准确率:    0.8333 (30/36)
----------------------------------------
输入:       <M JHWD> >XWHJ WMXW LKN<NJ> DJTBJN BYWPT
目标:     0 0 0 0 0 0 0 0 2 0 0 8 5 0 0 0 1 0 18 0 0 1 0 0 0 0 11 0 0 1 0 0 7 0 0 0 1 0 0 0 2
预测:     0 0 0 0 0 0 0 0 2 0 0 8 5 0 0 0 1 0 18 0 0 1 0 0 0 0 4 0 0 1 0 0 7 0 0 0 1 0 0 13 2
准确率:    0.9512 (39/41)
----------------------------------------
输入:       >LHHWN BXDWT> W>MRJN >CLM >LHN B>JDN LCMCWN
目标:     0 0 0 5 0 0 0 0 1 0 0 13 9 0 0 1 0 0 7 0 0 0 17 0 0 3 0 0 0 5 0 0 35 0 0 5 0 0 1 0 0 0 0 2
预测:     0 0 0 5 0 0 0 0 1 0 0 2 23 0 0 1 0 0 7 0 0 0 17 0 0 3 0 0 0 5 0 0 35 0 0 5 0 0 1 0 0 0 0 2
准确率:    0.9545 (42/44)
----------------------------------------

生成的验证样本:
--------------------------------------------------------------------------------
输入:       YBJNH D>LH> LMSV> MN KL DBJC WKLJ
目标:     0 0 0 0 5 0 0 1 0 0 4 0 0 1 6 0 10 7 0 0 0 0 0 2 0 1 0 0 2 0 36 0 0 3
预测:     0 0 0 0 5 0 0 1 0 0 4 0 0 1 6 0 10 7 0 0 0 0 0 2 0 1 0 0 2 0 1 0 2 16
准确率:    0.9118 (31/34)
----------------------------------------
输入:       D>LH> LMSV> MN KL DBJC WKLJ XJLK
目标:     0 1 0 0 4 0 0 1 6 0 10 7 0 0 0 0 0 2 0 1 0 0 2 0 36 0 0 3 0 0 0 5 0
预测:     0 1 0 0 4 0 0 1 6 0 10 7 0 0 0 0 0 2 0 1 0 0 2 0 1 0 2 16 0 0 0 5 0
准确率:    0.9091 (30/33)
----------------------------------------
💾 保存新的最佳模型！验证准确率: 0.9109 (F1: 0.9121) (Epoch 1)

======================================================================
🚀 Epoch 2/200
======================================================================
📚 开始训练阶段...
训练进度: 500/3164 损失=0.3596
训练进度: 1000/3164 损失=0.3563
训练进度: 1500/3164 损失=0.2656
训练进度: 2000/3164 损失=0.3084
训练进度: 2500/3164 损失=0.2817
训练进度: 3000/3164 损失=0.2791
训练进度: 3164/3164 损失=0.1623
✅ 训练完成，耗时: 57.6秒 (1.0分钟)

============================================================
📊 验证决策: Epoch 2/200
   验证间隔: 1
   是否验证: ✅ 是
   原因: 达到验证间隔 (0 == 0)
============================================================

🔍 开始验证...
验证进度: 500/686 损失=0.1709
验证进度: 686/686 损失=0.4391

📊 预测分布分析:
  - 预测的前5个类别: {np.int64(0): 278162, np.int64(1): 38181, np.int64(2): 15026, np.int64(3): 11625, np.int64(4): 9789}
  - 标签的前5个类别: {np.int64(0): 281232, np.int64(1): 36731, np.int64(2): 14789, np.int64(3): 10866, np.int64(4): 8585}
✅ 验证完成，耗时: 4.8秒 (0.1分钟)
训练损失: 0.3124
验证损失: 0.2521
验证准确率: 0.9433 (10341/10964) - 与Levenshtein高度相关
验证F1(加权): 0.9417 - 类别平衡更好
学习率: 0.000100
显存使用: 0.48GB (预留: 0.69GB)

生成的训练样本:
--------------------------------------------------------------------------------
输入:       DKWL SNJQ WLMWHBTH SK> LJT LHJN BRM
目标:     0 1 8 0 2 0 0 8 0 40 0 1 1 0 0 0 13 32 0 0 0 4 0 0 58 0 24 0 1 0 0 0 0 0 0 0
预测:     0 1 8 0 2 0 0 8 0 40 0 1 1 0 0 0 13 32 0 0 0 10 7 0 58 0 24 0 1 0 0 0 0 0 0 0
准确率:    0.9444 (34/36)
----------------------------------------
输入:       LK WLXMCJN D<MK WNXTT NWR> MN CMJ>
目标:     0 1 0 0 1 1 0 0 0 0 2 0 1 0 1 0 0 1 0 0 3 26 0 0 0 4 0 0 0 0 0 0 24 9 0
预测:     0 1 0 0 1 1 0 0 0 0 2 0 1 0 1 0 0 1 0 0 3 26 0 0 0 4 0 0 0 0 0 0 24 9 0
准确率:    1.0000 (35/35)
----------------------------------------
输入:       LK <WDRN> MN MQDCH WMN YHJWN NSJ<K
目标:     0 1 0 0 0 0 0 0 4 0 0 0 0 0 0 0 0 5 0 0 1 0 0 0 0 0 0 0 2 0 6 20 0 51 0
预测:     0 1 0 0 0 0 0 0 4 0 0 0 0 0 6 0 0 37 0 0 1 0 0 0 0 0 0 0 2 0 6 20 0 29 0
准确率:    0.9143 (32/35)
----------------------------------------

生成的验证样本:
--------------------------------------------------------------------------------
输入:       YBJNH D>LH> LMSV> MN KL DBJC WKLJ
目标:     0 0 0 0 5 0 0 1 0 0 4 0 0 1 6 0 10 7 0 0 0 0 0 2 0 1 0 0 2 0 36 0 0 3
预测:     0 0 0 0 5 0 0 1 0 0 4 0 0 1 6 0 10 7 0 0 0 0 0 2 0 1 0 0 2 0 1 0 5 3
准确率:    0.9412 (32/34)
----------------------------------------
输入:       D>LH> LMSV> MN KL DBJC WKLJ XJLK
目标:     0 1 0 0 4 0 0 1 6 0 10 7 0 0 0 0 0 2 0 1 0 0 2 0 36 0 0 3 0 0 0 5 0
预测:     0 1 0 0 4 0 0 1 6 0 10 7 0 0 0 0 0 2 0 1 0 0 2 0 1 0 5 3 0 0 0 5 0
准确率:    0.9394 (31/33)
----------------------------------------
💾 保存新的最佳模型！验证准确率: 0.9433 (F1: 0.9417) (Epoch 2)

======================================================================
🚀 Epoch 3/200
======================================================================
📚 开始训练阶段...
训练进度: 500/3164 损失=0.3128
训练进度: 1000/3164 损失=0.3656
训练进度: 1500/3164 损失=0.1452
训练进度: 2000/3164 损失=0.2621
训练进度: 2500/3164 损失=0.2105
训练进度: 3000/3164 损失=0.1752
训练进度: 3164/3164 损失=0.1926
✅ 训练完成，耗时: 58.0秒 (1.0分钟)

============================================================
📊 验证决策: Epoch 3/200
   验证间隔: 1
   是否验证: ✅ 是
   原因: 达到验证间隔 (0 == 0)
============================================================

🔍 开始验证...
验证进度: 500/686 损失=0.2416
验证进度: 686/686 损失=0.4793

📊 预测分布分析:
  - 预测的前5个类别: {np.int64(0): 279956, np.int64(1): 37436, np.int64(2): 14882, np.int64(3): 11706, np.int64(4): 8270}
  - 标签的前5个类别: {np.int64(0): 281232, np.int64(1): 36731, np.int64(2): 14789, np.int64(3): 10866, np.int64(4): 8585}
✅ 验证完成，耗时: 4.7秒 (0.1分钟)
训练损失: 0.2236
验证损失: 0.2260
验证准确率: 0.9518 (10436/10964) - 与Levenshtein高度相关
验证F1(加权): 0.9507 - 类别平衡更好
学习率: 0.000100
显存使用: 0.47GB (预留: 0.69GB)

生成的训练样本:
--------------------------------------------------------------------------------
输入:       B>R<> WLBNJHWN NLPWN WQRBTWN WQMTWN BCPWLJ VWR>
目标:     0 1 0 0 4 0 0 1 1 0 2 1 0 0 0 0 52 0 3 0 19 0 1 0 0 3 0 0 0 0 1 31 3 0 0 0 0 1 0 0 0 2 0 0 0 0 4 0
预测:     0 1 0 0 4 0 0 1 1 0 2 1 0 0 0 0 52 0 3 0 19 0 1 0 0 3 0 0 0 0 1 31 3 0 0 0 0 1 0 0 0 2 0 0 0 0 4 0
准确率:    1.0000 (48/48)
----------------------------------------
输入:       MVL DMNHWN TQBL JWLPN> BZBN> DMTB<> LMPNJW
目标:     0 0 0 0 0 1 0 1 0 0 0 0 6 0 0 16 0 0 0 0 0 4 0 0 1 0 0 4 0 0 1 21 14 0 10 7 0 1 28 0 0 7 0
预测:     0 0 0 0 0 1 0 1 0 0 0 0 6 0 0 16 0 0 0 0 0 4 0 0 1 0 0 4 0 0 1 21 14 0 10 7 0 1 6 0 0 7 19
准确率:    0.9535 (41/43)
----------------------------------------
输入:       RB> DKHN> WLYPNJ> KHN> DBTRH WLTLT> NVRJ
目标:     0 0 4 0 0 1 0 0 11 0 0 1 1 0 0 0 0 2 0 0 0 4 0 0 1 0 0 1 0 0 1 1 0 0 2 0 0 0 0 7 0
预测:     0 0 4 0 0 1 0 0 11 0 0 1 1 0 0 0 0 0 0 0 0 4 0 0 1 0 0 1 0 0 1 1 0 0 2 0 0 0 0 7 0
准确率:    0.9756 (40/41)
----------------------------------------

生成的验证样本:
--------------------------------------------------------------------------------
输入:       YBJNH D>LH> LMSV> MN KL DBJC WKLJ
目标:     0 0 0 0 5 0 0 1 0 0 4 0 0 1 6 0 10 7 0 0 0 0 0 2 0 1 0 0 2 0 36 0 0 3
预测:     0 0 0 0 5 0 0 1 0 0 4 0 0 1 6 0 10 7 0 0 0 0 0 2 0 1 0 0 2 0 1 0 0 16
准确率:    0.9412 (32/34)
----------------------------------------
输入:       D>LH> LMSV> MN KL DBJC WKLJ XJLK
目标:     0 1 0 0 4 0 0 1 6 0 10 7 0 0 0 0 0 2 0 1 0 0 2 0 36 0 0 3 0 0 0 5 0
预测:     0 1 0 0 4 0 0 1 6 0 10 7 0 0 0 0 0 2 0 1 0 0 2 0 1 0 0 16 0 0 0 5 0
准确率:    0.9394 (31/33)
----------------------------------------
💾 保存新的最佳模型！验证准确率: 0.9518 (F1: 0.9507) (Epoch 3)

======================================================================
🚀 Epoch 4/200
======================================================================
📚 开始训练阶段...
训练进度: 500/3164 损失=0.1685
训练进度: 1000/3164 损失=0.3871
训练进度: 1500/3164 损失=0.1503
训练进度: 2000/3164 损失=0.1974
训练进度: 2500/3164 损失=0.1642
训练进度: 3000/3164 损失=0.1524
训练进度: 3164/3164 损失=0.1598
✅ 训练完成，耗时: 57.8秒 (1.0分钟)

============================================================
📊 验证决策: Epoch 4/200
   验证间隔: 1
   是否验证: ✅ 是
   原因: 达到验证间隔 (0 == 0)
============================================================

🔍 开始验证...
验证进度: 500/686 损失=0.1823
验证进度: 686/686 损失=0.5220

📊 预测分布分析:
  - 预测的前5个类别: {np.int64(0): 281854, np.int64(1): 37732, np.int64(2): 14916, np.int64(3): 10127, np.int64(4): 8852}
  - 标签的前5个类别: {np.int64(0): 281232, np.int64(1): 36731, np.int64(2): 14789, np.int64(3): 10866, np.int64(4): 8585}
✅ 验证完成，耗时: 4.8秒 (0.1分钟)
训练损失: 0.1780
验证损失: 0.2266
验证准确率: 0.9564 (10485/10964) - 与Levenshtein高度相关
验证F1(加权): 0.9551 - 类别平衡更好
学习率: 0.000100
显存使用: 0.47GB (预留: 0.69GB)

生成的训练样本:
--------------------------------------------------------------------------------
输入:       LK DHW L> N>ZL <MK HW L>
目标:     0 1 0 0 1 0 12 0 0 0 0 6 0 0 3 0 0 1 0 0 0 12 0 0 0
预测:     0 1 0 0 1 0 12 0 0 0 0 6 0 0 3 0 0 1 0 0 0 0 0 0 0
准确率:    0.9600 (24/25)
----------------------------------------
输入:       WCKNJ <L VWR> >JK YPR> MVL DH>
目标:     0 1 0 0 3 12 0 0 0 0 0 0 11 0 0 0 0 0 0 0 0 15 0 0 0 0 0 0 1 0 0
预测:     0 1 0 0 3 0 0 0 0 0 0 0 11 0 0 0 0 0 0 0 0 4 0 0 0 0 0 0 1 0 0
准确率:    0.9355 (29/31)
----------------------------------------
输入:       WGBR> HW DXJB LK HW NPQJWHJ LK
目标:     0 1 0 0 4 0 0 0 12 0 1 0 0 2 0 1 0 0 0 0 0 102 0 48 35 0 0 0 0 1 0
预测:     0 1 0 0 4 0 0 0 0 0 1 0 0 2 0 1 0 0 0 0 0 102 0 48 35 0 0 0 0 1 0
准确率:    0.9677 (30/31)
----------------------------------------

生成的验证样本:
--------------------------------------------------------------------------------
输入:       YBJNH D>LH> LMSV> MN KL DBJC WKLJ
目标:     0 0 0 0 5 0 0 1 0 0 4 0 0 1 6 0 10 7 0 0 0 0 0 2 0 1 0 0 2 0 36 0 0 3
预测:     0 0 0 0 5 0 0 1 0 0 4 0 0 1 6 0 10 7 0 0 0 0 0 2 0 1 0 0 2 0 1 0 0 3
准确率:    0.9706 (33/34)
----------------------------------------
输入:       D>LH> LMSV> MN KL DBJC WKLJ XJLK
目标:     0 1 0 0 4 0 0 1 6 0 10 7 0 0 0 0 0 2 0 1 0 0 2 0 36 0 0 3 0 0 0 5 0
预测:     0 1 0 0 4 0 0 1 6 0 10 7 0 0 0 0 0 2 0 1 0 0 2 0 36 0 0 3 0 0 0 5 0
准确率:    1.0000 (33/33)
----------------------------------------
💾 保存新的最佳模型！验证准确率: 0.9564 (F1: 0.9551) (Epoch 4)

======================================================================
🚀 Epoch 5/200
======================================================================
📚 开始训练阶段...
训练进度: 500/3164 损失=0.2176
训练进度: 1000/3164 损失=0.2105
训练进度: 1500/3164 损失=0.1702
训练进度: 2000/3164 损失=0.1483
训练进度: 2500/3164 损失=0.1588
训练进度: 3000/3164 损失=0.1051
训练进度: 3164/3164 损失=0.1095
✅ 训练完成，耗时: 57.8秒 (1.0分钟)

============================================================
📊 验证决策: Epoch 5/200
   验证间隔: 1
   是否验证: ✅ 是
   原因: 达到验证间隔 (0 == 0)
============================================================

🔍 开始验证...
验证进度: 500/686 损失=0.2525
验证进度: 686/686 损失=0.4483

📊 预测分布分析:
  - 预测的前5个类别: {np.int64(0): 280087, np.int64(1): 37341, np.int64(2): 15015, np.int64(3): 11274, np.int64(4): 8556}
  - 标签的前5个类别: {np.int64(0): 281232, np.int64(1): 36731, np.int64(2): 14789, np.int64(3): 10866, np.int64(4): 8585}
✅ 验证完成，耗时: 4.8秒 (0.1分钟)
训练损失: 0.1485
验证损失: 0.2187
验证准确率: 0.9578 (10501/10964) - 与Levenshtein高度相关
验证F1(加权): 0.9572 - 类别平衡更好
学习率: 0.000100
显存使用: 0.48GB (预留: 0.69GB)

生成的训练样本:
--------------------------------------------------------------------------------
输入:       DPTGMWHJ DZMRJ WMRD> DMRD H> KTJBJN BSPR
目标:     0 1 0 0 0 25 1 0 0 0 1 0 0 0 2 0 1 0 0 15 0 0 1 0 0 3 0 0 0 0 0 8 0 7 0 27 0 1 0 0 2
预测:     0 1 0 0 0 25 1 0 0 0 1 0 0 0 2 0 1 0 0 15 0 0 1 0 0 3 0 0 0 0 0 8 0 7 0 27 0 1 0 0 2
准确率:    1.0000 (41/41)
----------------------------------------
输入:       BJWM> HW MVWL DLJT >LHJ BGWJ >R<NJ
目标:     0 1 0 0 4 0 0 0 12 0 0 8 0 0 0 1 58 0 24 0 0 0 5 0 0 1 0 5 0 0 0 0 120 0 0
预测:     0 1 0 0 4 0 0 0 12 0 0 8 0 0 0 1 58 0 24 0 0 0 5 0 0 1 0 5 0 0 0 0 120 0 0
准确率:    1.0000 (35/35)
----------------------------------------
输入:       WQRBTWN WQMTWN BCPWLJ VWR> WVWR> MTGWZL HW>
目标:     0 1 0 0 3 0 0 0 0 1 31 3 0 0 0 0 1 0 0 0 2 0 0 0 0 4 0 0 1 0 0 4 0 0 21 14 0 0 0 7 0 0 10 3
预测:     0 1 0 0 3 0 0 0 0 1 31 3 0 0 0 0 1 0 0 0 2 0 0 0 0 4 0 0 1 0 0 4 0 0 21 14 0 0 0 7 0 0 10 3
准确率:    1.0000 (44/44)
----------------------------------------

生成的验证样本:
--------------------------------------------------------------------------------
输入:       YBJNH D>LH> LMSV> MN KL DBJC WKLJ
目标:     0 0 0 0 5 0 0 1 0 0 4 0 0 1 6 0 10 7 0 0 0 0 0 2 0 1 0 0 2 0 36 0 0 3
预测:     0 0 0 0 5 0 0 1 0 0 4 0 0 1 6 0 10 7 0 0 0 0 0 2 0 1 0 0 2 0 36 0 0 3
准确率:    1.0000 (34/34)
----------------------------------------
输入:       D>LH> LMSV> MN KL DBJC WKLJ XJLK
目标:     0 1 0 0 4 0 0 1 6 0 10 7 0 0 0 0 0 2 0 1 0 0 2 0 36 0 0 3 0 0 0 5 0
预测:     0 1 0 0 4 0 0 1 6 0 10 7 0 0 0 0 0 2 0 1 0 0 2 0 36 0 0 3 0 0 0 5 0
准确率:    1.0000 (33/33)
----------------------------------------
💾 保存新的最佳模型！验证准确率: 0.9578 (F1: 0.9572) (Epoch 5)

======================================================================
🚀 Epoch 6/200
======================================================================
📚 开始训练阶段...
训练进度: 500/3164 损失=0.1658
训练进度: 1000/3164 损失=0.1512
训练进度: 1500/3164 损失=0.0885
训练进度: 2000/3164 损失=0.1489
训练进度: 2500/3164 损失=0.1182
训练进度: 3000/3164 损失=0.0758
训练进度: 3164/3164 损失=0.1608
✅ 训练完成，耗时: 57.8秒 (1.0分钟)

============================================================
📊 验证决策: Epoch 6/200
   验证间隔: 1
   是否验证: ✅ 是
   原因: 达到验证间隔 (0 == 0)
============================================================

🔍 开始验证...
验证进度: 500/686 损失=0.2344
验证进度: 686/686 损失=0.5121

📊 预测分布分析:
  - 预测的前5个类别: {np.int64(0): 280211, np.int64(1): 37285, np.int64(2): 14818, np.int64(3): 10552, np.int64(4): 8560}
  - 标签的前5个类别: {np.int64(0): 281232, np.int64(1): 36731, np.int64(2): 14789, np.int64(3): 10866, np.int64(4): 8585}
✅ 验证完成，耗时: 4.7秒 (0.1分钟)
训练损失: 0.1284
验证损失: 0.2280
验证准确率: 0.9587 (10511/10964) - 与Levenshtein高度相关
验证F1(加权): 0.9583 - 类别平衡更好
学习率: 0.000100
显存使用: 0.47GB (预留: 0.69GB)

生成的训练样本:
--------------------------------------------------------------------------------
输入:       CLM CLJMWN LMBN> BJTH DMRJ> WBJTH DMLK>
目标:     0 0 0 16 0 0 0 0 0 0 2 0 1 6 0 10 7 0 0 0 5 0 0 1 0 0 0 2 0 1 0 0 5 0 0 1 0 0 4 0
预测:     0 0 0 22 0 0 0 0 0 0 2 0 1 6 0 10 7 0 0 0 5 0 0 1 0 0 0 2 0 1 0 0 5 0 0 1 0 0 4 0
准确率:    0.9750 (39/40)
----------------------------------------
输入:       WDBX TWR> WMPVM> W<N> SWG>> WQR> LKLHWN
目标:     0 1 0 0 16 0 0 0 11 0 0 1 6 0 0 65 78 0 1 0 4 0 0 0 0 0 4 0 0 1 0 10 3 0 1 0 5 0 0 0
预测:     0 1 0 0 16 0 0 0 11 0 0 1 6 0 0 43 78 0 1 0 10 3 0 0 0 0 4 0 0 1 0 10 3 0 1 0 5 0 0 0
准确率:    0.9250 (37/40)
----------------------------------------
输入:       BKTB> HN> DNMWS> NJT> >NJN MRJ> <LJK
目标:     0 1 0 0 15 0 0 0 0 0 0 1 0 0 0 4 0 0 68 0 10 3 0 0 0 0 0 0 0 0 0 2 0 0 8 1 0
预测:     0 1 0 0 15 0 0 0 0 0 0 1 0 0 0 4 0 0 68 0 10 3 0 0 0 0 0 0 0 0 0 2 0 0 8 1 0
准确率:    1.0000 (37/37)
----------------------------------------

生成的验证样本:
--------------------------------------------------------------------------------
输入:       YBJNH D>LH> LMSV> MN KL DBJC WKLJ
目标:     0 0 0 0 5 0 0 1 0 0 4 0 0 1 6 0 10 7 0 0 0 0 0 2 0 1 0 0 2 0 36 0 0 3
预测:     0 0 0 0 5 0 0 1 0 0 4 0 0 1 6 0 10 7 0 0 0 0 0 2 0 1 0 0 2 0 36 0 0 3
准确率:    1.0000 (34/34)
----------------------------------------
输入:       D>LH> LMSV> MN KL DBJC WKLJ XJLK
目标:     0 1 0 0 4 0 0 1 6 0 10 7 0 0 0 0 0 2 0 1 0 0 2 0 36 0 0 3 0 0 0 5 0
预测:     0 1 0 0 4 0 0 1 6 0 10 7 0 0 0 0 0 2 0 1 0 0 2 0 36 0 0 3 0 0 0 5 0
准确率:    1.0000 (33/33)
----------------------------------------
💾 保存新的最佳模型！验证准确率: 0.9587 (F1: 0.9583) (Epoch 6)

======================================================================
🚀 Epoch 7/200
======================================================================
📚 开始训练阶段...
训练进度: 500/3164 损失=0.1340
训练进度: 1000/3164 损失=0.1410
训练进度: 1500/3164 损失=0.0965
训练进度: 2000/3164 损失=0.0563
训练进度: 2500/3164 损失=0.1108
训练进度: 3000/3164 损失=0.1602
训练进度: 3164/3164 损失=0.1518
✅ 训练完成，耗时: 57.8秒 (1.0分钟)

============================================================
📊 验证决策: Epoch 7/200
   验证间隔: 1
   是否验证: ✅ 是
   原因: 达到验证间隔 (0 == 0)
============================================================

🔍 开始验证...
验证进度: 500/686 损失=0.1791
验证进度: 686/686 损失=0.5957

📊 预测分布分析:
  - 预测的前5个类别: {np.int64(0): 280594, np.int64(1): 37306, np.int64(2): 14782, np.int64(3): 10874, np.int64(4): 9057}
  - 标签的前5个类别: {np.int64(0): 281232, np.int64(1): 36731, np.int64(2): 14789, np.int64(3): 10866, np.int64(4): 8585}
✅ 验证完成，耗时: 4.7秒 (0.1分钟)
训练损失: 0.1129
验证损失: 0.2261
验证准确率: 0.9604 (10529/10964) - 与Levenshtein高度相关
验证F1(加权): 0.9598 - 类别平衡更好
学习率: 0.000100
显存使用: 0.47GB (预留: 0.69GB)

生成的训练样本:
--------------------------------------------------------------------------------
输入:       TX> CBJQJN QDMJK NWR> WMJ> B>JN> DYB>
目标:     0 6 95 3 0 0 8 0 7 0 27 0 0 0 2 1 0 0 0 0 4 0 0 1 24 9 0 0 1 0 0 0 0 0 1 0 10 7
预测:     0 6 95 3 0 0 8 0 7 0 27 0 0 0 2 1 0 0 0 0 4 0 0 1 24 9 0 0 1 0 0 0 0 0 1 0 10 7
准确率:    1.0000 (38/38)
----------------------------------------
输入:       >LHKWN MN KWLH LBKWN WMN KWLH NPCKWN
目标:     0 0 0 5 0 0 0 0 0 0 0 8 0 5 0 0 0 5 0 0 0 0 1 0 0 0 8 0 5 12 0 0 0 5 0 0 0
预测:     0 0 0 5 0 0 0 0 0 0 0 8 0 5 12 0 0 5 0 0 0 0 1 0 0 0 8 0 5 12 0 0 0 5 0 0 0
准确率:    0.9730 (36/37)
----------------------------------------
输入:       CB<JN DKSP> MN BJT B<L QJM> W>GR
目标:     0 0 0 2 0 0 0 1 0 0 4 0 0 0 0 0 0 0 2 0 0 0 2 0 0 0 4 0 0 1 0 0 33
预测:     0 0 0 2 0 0 0 1 0 0 4 0 0 0 0 0 0 0 2 0 0 0 2 0 0 0 4 0 0 1 0 0 33
准确率:    1.0000 (33/33)
----------------------------------------

生成的验证样本:
--------------------------------------------------------------------------------
输入:       YBJNH D>LH> LMSV> MN KL DBJC WKLJ
目标:     0 0 0 0 5 0 0 1 0 0 4 0 0 1 6 0 10 7 0 0 0 0 0 2 0 1 0 0 2 0 36 0 0 3
预测:     0 0 0 0 5 0 0 1 0 0 4 0 0 1 6 0 10 7 0 0 0 0 0 2 0 1 0 0 2 0 1 0 0 3
准确率:    0.9706 (33/34)
----------------------------------------
输入:       D>LH> LMSV> MN KL DBJC WKLJ XJLK
目标:     0 1 0 0 4 0 0 1 6 0 10 7 0 0 0 0 0 2 0 1 0 0 2 0 36 0 0 3 0 0 0 5 0
预测:     0 1 0 0 4 0 0 1 6 0 10 7 0 0 0 0 0 2 0 1 0 0 2 0 36 0 0 3 0 0 0 5 0
准确率:    1.0000 (33/33)
----------------------------------------
💾 保存新的最佳模型！验证准确率: 0.9604 (F1: 0.9598) (Epoch 7)

======================================================================
🚀 Epoch 8/200
======================================================================
📚 开始训练阶段...
训练进度: 500/3164 损失=0.0557
训练进度: 1000/3164 损失=0.0858
训练进度: 1500/3164 损失=0.0503
训练进度: 2000/3164 损失=0.1210
训练进度: 2500/3164 损失=0.1237
训练进度: 3000/3164 损失=0.0868
训练进度: 3164/3164 损失=0.0770
✅ 训练完成，耗时: 57.9秒 (1.0分钟)

============================================================
📊 验证决策: Epoch 8/200
   验证间隔: 1
   是否验证: ✅ 是
   原因: 达到验证间隔 (0 == 0)
============================================================

🔍 开始验证...
验证进度: 500/686 损失=0.1828
验证进度: 686/686 损失=0.6063

📊 预测分布分析:
  - 预测的前5个类别: {np.int64(0): 281197, np.int64(1): 37251, np.int64(2): 14818, np.int64(3): 10808, np.int64(4): 8355}
  - 标签的前5个类别: {np.int64(0): 281232, np.int64(1): 36731, np.int64(2): 14789, np.int64(3): 10866, np.int64(4): 8585}
✅ 验证完成，耗时: 4.7秒 (0.1分钟)
训练损失: 0.1012
验证损失: 0.2352
验证准确率: 0.9607 (10533/10964) - 与Levenshtein高度相关
验证F1(加权): 0.9603 - 类别平衡更好
学习率: 0.000100
显存使用: 0.47GB (预留: 0.69GB)

生成的训练样本:
--------------------------------------------------------------------------------
输入:       D<NN> WQM <MWD> D<NN> BTR<> DMCKN> W>MR
目标:     0 1 0 0 4 0 0 1 31 3 0 0 0 0 4 0 0 1 0 0 4 0 0 1 0 0 4 0 0 1 0 0 0 4 0 0 1 0 0 3
预测:     0 1 0 0 4 0 0 1 31 3 0 0 0 0 4 0 0 1 0 0 4 0 0 1 0 0 4 0 0 1 0 0 0 4 0 0 1 0 0 3
准确率:    1.0000 (40/40)
----------------------------------------
输入:       <LJK LBL<M BR B<WR MN PJTWR D>RM
目标:     0 0 8 1 0 0 1 0 0 0 2 0 0 2 0 0 0 0 2 0 0 0 0 0 0 0 0 2 0 1 0 0 2
预测:     0 0 8 1 0 0 1 0 0 0 2 0 0 2 0 1 0 0 2 0 0 0 0 0 0 0 0 2 0 1 0 0 2
准确率:    0.9697 (32/33)
----------------------------------------
输入:       W>MR MRJ> JHWD> NSQ H> >CLMTH L>R<>
目标:     0 1 0 0 3 0 0 0 0 2 0 0 0 0 0 2 0 6 64 3 0 0 0 0 17 0 0 3 1 12 0 1 0 0 4 0
预测:     0 1 0 0 3 0 0 0 0 2 0 0 0 0 0 2 0 6 64 3 0 0 0 0 17 0 0 3 1 12 0 1 0 0 4 0
准确率:    1.0000 (36/36)
----------------------------------------

生成的验证样本:
--------------------------------------------------------------------------------
输入:       YBJNH D>LH> LMSV> MN KL DBJC WKLJ
目标:     0 0 0 0 5 0 0 1 0 0 4 0 0 1 6 0 10 7 0 0 0 0 0 2 0 1 0 0 2 0 36 0 0 3
预测:     0 0 0 0 5 0 0 1 0 0 4 0 0 1 6 0 10 7 0 0 0 0 0 2 0 1 0 0 2 0 36 0 0 3
准确率:    1.0000 (34/34)
----------------------------------------
输入:       D>LH> LMSV> MN KL DBJC WKLJ XJLK
目标:     0 1 0 0 4 0 0 1 6 0 10 7 0 0 0 0 0 2 0 1 0 0 2 0 36 0 0 3 0 0 0 5 0
预测:     0 1 0 0 4 0 0 1 6 0 10 7 0 0 0 0 0 2 0 1 0 0 2 0 36 0 0 3 0 0 0 5 0
准确率:    1.0000 (33/33)
----------------------------------------
💾 保存新的最佳模型！验证准确率: 0.9607 (F1: 0.9603) (Epoch 8)

======================================================================
🚀 Epoch 9/200
======================================================================
📚 开始训练阶段...
训练进度: 500/3164 损失=0.0499
训练进度: 1000/3164 损失=0.0691
训练进度: 1500/3164 损失=0.0932
训练进度: 2000/3164 损失=0.0653
训练进度: 2500/3164 损失=0.0485
训练进度: 3000/3164 损失=0.0629
训练进度: 3164/3164 损失=0.0679
✅ 训练完成，耗时: 58.1秒 (1.0分钟)

============================================================
📊 验证决策: Epoch 9/200
   验证间隔: 1
   是否验证: ✅ 是
   原因: 达到验证间隔 (0 == 0)
============================================================

🔍 开始验证...
验证进度: 500/686 损失=0.2538
验证进度: 686/686 损失=0.5876

📊 预测分布分析:
  - 预测的前5个类别: {np.int64(0): 280879, np.int64(1): 37296, np.int64(2): 14775, np.int64(3): 10731, np.int64(4): 8505}
  - 标签的前5个类别: {np.int64(0): 281232, np.int64(1): 36731, np.int64(2): 14789, np.int64(3): 10866, np.int64(4): 8585}
✅ 验证完成，耗时: 4.7秒 (0.1分钟)
训练损失: 0.0926
验证损失: 0.2423
验证准确率: 0.9604 (10530/10964) - 与Levenshtein高度相关
验证F1(加权): 0.9601 - 类别平衡更好
学习率: 0.000100
显存使用: 0.47GB (预留: 0.69GB)

生成的训练样本:
--------------------------------------------------------------------------------
输入:       M> DJD<N DLJT >LH> LBR MNK XDT
目标:     0 0 0 0 1 0 0 3 0 0 1 58 0 24 0 0 0 4 0 0 1 0 22 0 0 1 0 6 0 0 77
预测:     0 0 0 0 1 0 0 3 0 0 1 58 0 24 0 0 0 4 0 0 1 0 22 0 0 1 0 6 0 0 77
准确率:    1.0000 (31/31)
----------------------------------------
输入:       LH HKN LXD XD MNHWN RJX> DNPCH
目标:     0 1 0 0 0 0 60 0 1 0 2 0 0 2 0 0 1 0 0 0 0 0 0 4 0 0 1 0 0 5 0
预测:     0 1 0 0 0 0 60 0 1 0 2 0 0 2 0 0 1 0 0 0 0 0 0 4 0 0 1 0 0 5 0
准确率:    1.0000 (31/31)
----------------------------------------
输入:       LH KWLHWN SB> WKLH <M> L> TCM<
目标:     0 1 0 0 8 0 5 0 0 0 0 0 11 0 0 1 0 5 0 0 0 15 0 0 0 0 0 6 0 0 3
预测:     0 1 0 0 8 0 5 0 0 0 0 0 11 0 0 1 0 5 0 0 0 15 0 0 0 0 0 6 0 0 3
准确率:    1.0000 (31/31)
----------------------------------------

生成的验证样本:
--------------------------------------------------------------------------------
输入:       YBJNH D>LH> LMSV> MN KL DBJC WKLJ
目标:     0 0 0 0 5 0 0 1 0 0 4 0 0 1 6 0 10 7 0 0 0 0 0 2 0 1 0 0 2 0 36 0 0 3
预测:     0 0 0 0 5 0 0 1 0 0 4 0 0 1 6 0 10 7 0 0 0 0 0 2 0 1 0 0 2 0 36 0 0 3
准确率:    1.0000 (34/34)
----------------------------------------
输入:       D>LH> LMSV> MN KL DBJC WKLJ XJLK
目标:     0 1 0 0 4 0 0 1 6 0 10 7 0 0 0 0 0 2 0 1 0 0 2 0 36 0 0 3 0 0 0 5 0
预测:     0 1 0 0 4 0 0 1 6 0 10 7 0 0 0 0 0 2 0 1 0 0 2 0 36 0 0 3 0 0 0 5 0
准确率:    1.0000 (33/33)
----------------------------------------
⏳ 验证无提升 (验证准确率: 0.9604 ≤ 0.9607)，patience: 1/50

======================================================================
🚀 Epoch 10/200
======================================================================
📚 开始训练阶段...
训练进度: 500/3164 损失=0.1277
训练进度: 1000/3164 损失=0.0863
训练进度: 1500/3164 损失=0.1043
训练进度: 2000/3164 损失=0.1237
训练进度: 2500/3164 损失=0.0554
训练进度: 3000/3164 损失=0.1443
训练进度: 3164/3164 损失=0.0617
✅ 训练完成，耗时: 57.7秒 (1.0分钟)

============================================================
📊 验证决策: Epoch 10/200
   验证间隔: 1
   是否验证: ✅ 是
   原因: 达到验证间隔 (0 == 0)
============================================================

🔍 开始验证...
验证进度: 500/686 损失=0.3008
验证进度: 686/686 损失=0.5197

📊 预测分布分析:
  - 预测的前5个类别: {np.int64(0): 281440, np.int64(1): 37402, np.int64(2): 14897, np.int64(3): 10338, np.int64(4): 8964}
  - 标签的前5个类别: {np.int64(0): 281232, np.int64(1): 36731, np.int64(2): 14789, np.int64(3): 10866, np.int64(4): 8585}
✅ 验证完成，耗时: 4.8秒 (0.1分钟)
训练损失: 0.0853
验证损失: 0.2473
验证准确率: 0.9621 (10548/10964) - 与Levenshtein高度相关
验证F1(加权): 0.9615 - 类别平衡更好
学习率: 0.000099
显存使用: 0.47GB (预留: 0.69GB)

生成的训练样本:
--------------------------------------------------------------------------------
输入:       KLHWN <MM> >QJM CLJVN> WMNTH DMRJ> >JSRJL
目标:     0 0 5 0 0 0 0 0 8 30 0 0 17 20 0 3 0 0 0 0 0 4 0 0 1 0 164 1 0 0 1 0 0 0 2 0 0 0 0 0 0 2
预测:     0 0 5 0 0 0 0 0 8 30 0 0 17 20 0 3 0 0 0 0 0 4 0 0 1 0 164 1 0 0 1 0 0 0 2 0 0 0 0 0 0 2
准确率:    1.0000 (42/42)
----------------------------------------
输入:       >JSRJL MN QDM MDJNJ> WZ<QW BNJ >JSRJL
目标:     0 0 0 0 0 0 2 0 0 0 0 0 0 2 0 0 0 0 0 11 0 0 1 0 0 3 0 0 0 2 0 0 0 0 0 0 0 2
预测:     0 0 0 0 0 0 2 0 0 0 0 0 0 2 0 0 0 0 0 11 0 0 1 0 0 3 0 0 0 2 0 0 0 0 0 0 0 2
准确率:    1.0000 (38/38)
----------------------------------------
输入:       MRJ> >LH> D>BHJKWN LM>RTH KLHWN JWMT> DXJJN
目标:     0 0 0 0 2 0 0 0 4 0 0 1 0 8 2 1 0 0 0 0 1 73 0 0 74 12 0 0 5 0 0 0 0 0 0 2 23 0 0 1 0 2 0 0
预测:     0 0 0 0 2 0 0 0 4 0 0 1 0 8 2 1 0 0 0 0 1 73 0 0 74 12 0 0 5 0 0 0 0 0 0 2 23 0 0 1 0 2 0 0
准确率:    1.0000 (44/44)
----------------------------------------

生成的验证样本:
--------------------------------------------------------------------------------
输入:       YBJNH D>LH> LMSV> MN KL DBJC WKLJ
目标:     0 0 0 0 5 0 0 1 0 0 4 0 0 1 6 0 10 7 0 0 0 0 0 2 0 1 0 0 2 0 36 0 0 3
预测:     0 0 0 0 5 0 0 1 0 0 4 0 0 1 6 0 10 7 0 0 0 0 0 2 0 1 0 0 2 0 36 0 0 3
准确率:    1.0000 (34/34)
----------------------------------------
输入:       D>LH> LMSV> MN KL DBJC WKLJ XJLK
目标:     0 1 0 0 4 0 0 1 6 0 10 7 0 0 0 0 0 2 0 1 0 0 2 0 36 0 0 3 0 0 0 5 0
预测:     0 1 0 0 4 0 0 1 6 0 10 7 0 0 0 0 0 2 0 1 0 0 2 0 36 0 0 3 0 0 0 5 0
准确率:    1.0000 (33/33)
----------------------------------------
💾 保存新的最佳模型！验证准确率: 0.9621 (F1: 0.9615) (Epoch 10)

======================================================================
🚀 Epoch 11/200
======================================================================
📚 开始训练阶段...
训练进度: 500/3164 损失=0.0440
训练进度: 1000/3164 损失=0.0895
训练进度: 1500/3164 损失=0.0639
训练进度: 2000/3164 损失=0.0506
训练进度: 2500/3164 损失=0.0873
训练进度: 3000/3164 损失=0.0775
训练进度: 3164/3164 损失=0.0680
✅ 训练完成，耗时: 57.8秒 (1.0分钟)

============================================================
📊 验证决策: Epoch 11/200
   验证间隔: 1
   是否验证: ✅ 是
   原因: 达到验证间隔 (0 == 0)
============================================================

🔍 开始验证...
验证进度: 500/686 损失=0.2525
验证进度: 686/686 损失=0.5992

📊 预测分布分析:
  - 预测的前5个类别: {np.int64(0): 281030, np.int64(1): 37151, np.int64(2): 14939, np.int64(3): 10791, np.int64(4): 7948}
  - 标签的前5个类别: {np.int64(0): 281232, np.int64(1): 36731, np.int64(2): 14789, np.int64(3): 10866, np.int64(4): 8585}
✅ 验证完成，耗时: 4.8秒 (0.1分钟)
训练损失: 0.0790
验证损失: 0.2559
验证准确率: 0.9608 (10533/10964) - 与Levenshtein高度相关
验证F1(加权): 0.9604 - 类别平衡更好
学习率: 0.000099
显存使用: 0.47GB (预留: 0.69GB)

生成的训练样本:
--------------------------------------------------------------------------------
输入:       MRJ> DQMT QDMWHJ DL> >SB WB<> MNH
目标:     0 0 0 0 2 0 1 31 3 0 0 0 0 25 1 0 0 0 1 0 0 0 34 0 3 0 1 0 10 3 0 0 1 0
预测:     0 0 0 0 2 0 1 31 3 0 0 0 0 25 1 0 0 0 1 0 0 0 34 0 3 0 1 0 10 3 0 0 1 0
准确率:    1.0000 (34/34)
----------------------------------------
输入:       LRB> DXMCJN >N NBJH >N> D>LH> TXWT
目标:     0 1 0 4 0 0 1 0 0 0 0 2 0 0 0 0 0 0 5 0 0 0 0 0 0 1 0 0 4 0 0 119 8 0 3
预测:     0 1 0 4 0 0 1 0 0 0 0 2 0 0 0 0 0 0 5 0 0 0 0 0 0 1 0 0 4 0 0 119 8 0 3
准确率:    1.0000 (35/35)
----------------------------------------
输入:       MN MSKNWTH W>JT DL> LW> LH <WTRH
目标:     0 0 0 0 0 0 0 0 2 1 0 0 1 0 0 24 0 1 0 0 0 0 10 128 0 1 0 0 0 0 0 5 0
预测:     0 0 0 0 0 0 0 0 2 1 0 0 1 0 0 24 0 1 0 0 0 0 10 128 0 1 0 0 0 0 0 5 0
准确率:    1.0000 (33/33)
----------------------------------------

生成的验证样本:
--------------------------------------------------------------------------------
输入:       YBJNH D>LH> LMSV> MN KL DBJC WKLJ
目标:     0 0 0 0 5 0 0 1 0 0 4 0 0 1 6 0 10 7 0 0 0 0 0 2 0 1 0 0 2 0 36 0 0 3
预测:     0 0 0 0 5 0 0 1 0 0 4 0 0 1 6 0 10 7 0 0 0 0 0 2 0 1 0 0 2 0 36 0 0 3
准确率:    1.0000 (34/34)
----------------------------------------
输入:       D>LH> LMSV> MN KL DBJC WKLJ XJLK
目标:     0 1 0 0 4 0 0 1 6 0 10 7 0 0 0 0 0 2 0 1 0 0 2 0 36 0 0 3 0 0 0 5 0
预测:     0 1 0 0 4 0 0 1 6 0 10 7 0 0 0 0 0 2 0 1 0 0 2 0 36 0 0 3 0 0 0 5 0
准确率:    1.0000 (33/33)
----------------------------------------
⏳ 验证无提升 (验证准确率: 0.9608 ≤ 0.9621)，patience: 1/50

======================================================================
🚀 Epoch 12/200
======================================================================
📚 开始训练阶段...
训练进度: 500/3164 损失=0.0458
训练进度: 1000/3164 损失=0.0731
训练进度: 1500/3164 损失=0.0614
训练进度: 2000/3164 损失=0.0478
训练进度: 2500/3164 损失=0.0376
训练进度: 3000/3164 损失=0.0907
训练进度: 3164/3164 损失=0.0888
✅ 训练完成，耗时: 58.1秒 (1.0分钟)

============================================================
📊 验证决策: Epoch 12/200
   验证间隔: 1
   是否验证: ✅ 是
   原因: 达到验证间隔 (0 == 0)
============================================================

🔍 开始验证...
验证进度: 500/686 损失=0.2444
验证进度: 686/686 损失=0.6081

📊 预测分布分析:
  - 预测的前5个类别: {np.int64(0): 281319, np.int64(1): 37050, np.int64(2): 14827, np.int64(3): 10749, np.int64(4): 8344}
  - 标签的前5个类别: {np.int64(0): 281232, np.int64(1): 36731, np.int64(2): 14789, np.int64(3): 10866, np.int64(4): 8585}
✅ 验证完成，耗时: 4.8秒 (0.1分钟)
训练损失: 0.0740
验证损失: 0.2568
验证准确率: 0.9625 (10552/10964) - 与Levenshtein高度相关
验证F1(加权): 0.9620 - 类别平衡更好
学习率: 0.000099
显存使用: 0.47GB (预留: 0.69GB)

生成的训练样本:
--------------------------------------------------------------------------------
输入:       LSWG>> DBNJ> XVJ> WL> TXD> BKL BNJ>
目标:     0 1 0 0 0 4 0 0 1 0 2 9 0 0 0 0 30 0 0 1 0 0 0 6 0 10 3 0 1 0 2 0 0 2 9 0
预测:     0 1 0 0 0 4 0 0 1 0 2 9 0 0 0 0 30 0 0 1 0 0 0 6 0 10 3 0 1 0 2 0 0 2 9 0
准确率:    1.0000 (36/36)
----------------------------------------
输入:       DBJT> WCDR MLK> CLJMWN W>JTJ LXJRM MN
目标:     0 1 0 0 4 0 0 1 0 0 16 0 0 0 4 0 0 0 0 0 0 0 2 0 1 59 0 0 3 0 1 0 0 0 2 0 0 0
预测:     0 1 0 0 4 0 0 1 0 0 16 0 0 0 4 0 0 0 0 0 0 0 2 0 1 59 0 0 3 0 1 0 0 0 2 0 0 0
准确率:    1.0000 (38/38)
----------------------------------------
输入:       WBL<DJHWN L> MTJTB> MDJNT> W>TR D<MRJN L>
目标:     0 1 0 0 0 8 1 0 0 0 0 0 0 0 21 14 0 0 7 0 0 0 0 0 13 9 0 0 1 0 0 2 0 1 0 0 7 0 0 0 0 0
预测:     0 1 0 0 0 8 1 0 0 0 0 0 0 0 21 14 0 0 7 0 0 0 0 0 13 9 0 0 1 0 0 2 0 1 0 0 7 0 0 0 0 0
准确率:    1.0000 (42/42)
----------------------------------------

生成的验证样本:
--------------------------------------------------------------------------------
输入:       YBJNH D>LH> LMSV> MN KL DBJC WKLJ
目标:     0 0 0 0 5 0 0 1 0 0 4 0 0 1 6 0 10 7 0 0 0 0 0 2 0 1 0 0 2 0 36 0 0 3
预测:     0 0 0 0 5 0 0 1 0 0 4 0 0 1 6 0 10 7 0 0 0 0 0 2 0 1 0 0 2 0 36 0 0 3
准确率:    1.0000 (34/34)
----------------------------------------
输入:       D>LH> LMSV> MN KL DBJC WKLJ XJLK
目标:     0 1 0 0 4 0 0 1 6 0 10 7 0 0 0 0 0 2 0 1 0 0 2 0 36 0 0 3 0 0 0 5 0
预测:     0 1 0 0 4 0 0 1 6 0 10 7 0 0 0 0 0 2 0 1 0 0 2 0 36 0 0 3 0 0 0 5 0
准确率:    1.0000 (33/33)
----------------------------------------
💾 保存新的最佳模型！验证准确率: 0.9625 (F1: 0.9620) (Epoch 12)

======================================================================
🚀 Epoch 13/200
======================================================================
📚 开始训练阶段...
训练进度: 500/3164 损失=0.0870
训练进度: 1000/3164 损失=0.0524
训练进度: 1500/3164 损失=0.1135
训练进度: 2000/3164 损失=0.1076
训练进度: 2500/3164 损失=0.0419
训练进度: 3000/3164 损失=0.0969
训练进度: 3164/3164 损失=0.0497
✅ 训练完成，耗时: 57.9秒 (1.0分钟)

============================================================
📊 验证决策: Epoch 13/200
   验证间隔: 1
   是否验证: ✅ 是
   原因: 达到验证间隔 (0 == 0)
============================================================

🔍 开始验证...
验证进度: 500/686 损失=0.3154
验证进度: 686/686 损失=0.5296

📊 预测分布分析:
  - 预测的前5个类别: {np.int64(0): 281020, np.int64(1): 36846, np.int64(2): 14810, np.int64(3): 10718, np.int64(4): 8368}
  - 标签的前5个类别: {np.int64(0): 281232, np.int64(1): 36731, np.int64(2): 14789, np.int64(3): 10866, np.int64(4): 8585}
✅ 验证完成，耗时: 4.8秒 (0.1分钟)
训练损失: 0.0697
验证损失: 0.2633
验证准确率: 0.9615 (10542/10964) - 与Levenshtein高度相关
验证F1(加权): 0.9612 - 类别平衡更好
学习率: 0.000099
显存使用: 0.47GB (预留: 0.69GB)

生成的训练样本:
--------------------------------------------------------------------------------
输入:       WNSGDWN QDM MRJ> KLHWN KPNJH D>R<> WQDMWHJ
目标:     0 1 6 0 0 3 0 0 0 0 0 2 0 0 0 0 2 0 0 5 0 0 0 0 0 0 2 1 12 0 1 0 0 4 0 0 1 0 0 25 1 0 0
预测:     0 1 6 0 0 3 0 0 0 0 0 2 0 0 0 0 2 0 0 5 0 0 0 0 0 0 2 1 12 0 1 0 0 4 0 0 1 0 0 25 1 0 0
准确率:    1.0000 (43/43)
----------------------------------------
输入:       NPCH MNW NZKJWHJ WDXD> <L BJCT> NHW>
目标:     0 0 0 5 0 0 0 71 0 0 6 0 0 133 0 0 0 0 1 1 0 10 7 0 0 0 0 0 0 2 9 0 0 6 0 10 3
预测:     0 0 0 5 0 0 0 71 0 0 6 0 0 133 0 0 0 0 1 1 0 10 7 0 0 0 0 0 0 2 9 0 0 6 0 10 3
准确率:    1.0000 (37/37)
----------------------------------------
输入:       BTR <STRWT >LHT> DYJDNJ> WBTR KMWC DXLT>
目标:     0 0 0 0 0 0 0 0 0 0 2 0 0 0 13 9 0 0 1 0 0 0 0 11 0 0 1 0 0 0 0 0 0 0 2 0 0 0 13 9 0
预测:     0 0 0 0 0 0 0 0 0 0 2 0 0 0 13 9 0 0 1 0 0 0 0 11 0 0 1 0 0 0 0 0 0 0 2 0 0 0 13 23 0
准确率:    0.9756 (40/41)
----------------------------------------

生成的验证样本:
--------------------------------------------------------------------------------
输入:       YBJNH D>LH> LMSV> MN KL DBJC WKLJ
目标:     0 0 0 0 5 0 0 1 0 0 4 0 0 1 6 0 10 7 0 0 0 0 0 2 0 1 0 0 2 0 36 0 0 3
预测:     0 0 0 0 5 0 0 1 0 0 4 0 0 1 6 0 10 7 0 0 0 0 0 2 0 1 0 0 2 0 36 0 0 3
准确率:    1.0000 (34/34)
----------------------------------------
输入:       D>LH> LMSV> MN KL DBJC WKLJ XJLK
目标:     0 1 0 0 4 0 0 1 6 0 10 7 0 0 0 0 0 2 0 1 0 0 2 0 36 0 0 3 0 0 0 5 0
预测:     0 1 0 0 4 0 0 1 6 0 10 7 0 0 0 0 0 2 0 1 0 0 2 0 36 0 0 3 0 0 0 5 0
准确率:    1.0000 (33/33)
----------------------------------------
⏳ 验证无提升 (验证准确率: 0.9615 ≤ 0.9625)，patience: 1/50

======================================================================
🚀 Epoch 14/200
======================================================================
📚 开始训练阶段...
训练进度: 500/3164 损失=0.0617
训练进度: 1000/3164 损失=0.0801
训练进度: 1500/3164 损失=0.0611
训练进度: 2000/3164 损失=0.1040
训练进度: 2500/3164 损失=0.0999
训练进度: 3000/3164 损失=0.0903
训练进度: 3164/3164 损失=0.0630
✅ 训练完成，耗时: 58.0秒 (1.0分钟)

============================================================
📊 验证决策: Epoch 14/200
   验证间隔: 1
   是否验证: ✅ 是
   原因: 达到验证间隔 (0 == 0)
============================================================

🔍 开始验证...
验证进度: 500/686 损失=0.2472
验证进度: 686/686 损失=0.4592

📊 预测分布分析:
  - 预测的前5个类别: {np.int64(0): 281656, np.int64(1): 37107, np.int64(2): 14807, np.int64(3): 11034, np.int64(4): 8512}
  - 标签的前5个类别: {np.int64(0): 281232, np.int64(1): 36731, np.int64(2): 14789, np.int64(3): 10866, np.int64(4): 8585}
✅ 验证完成，耗时: 4.8秒 (0.1分钟)
训练损失: 0.0656
验证损失: 0.2648
验证准确率: 0.9632 (10560/10964) - 与Levenshtein高度相关
验证F1(加权): 0.9625 - 类别平衡更好
学习率: 0.000099
显存使用: 0.48GB (预留: 0.69GB)

生成的训练样本:
--------------------------------------------------------------------------------
输入:       D>JSRJL BLXWD >N NVRWN BNJK >WRXTHWN LMHLKW
目标:     0 1 0 0 0 0 0 2 0 1 0 0 0 2 0 0 0 0 34 0 3 0 0 0 0 2 1 0 0 0 0 0 2 32 0 0 0 0 1 6 0 0 7 19
预测:     0 1 0 0 0 0 0 2 0 1 0 0 0 2 0 0 0 0 34 0 3 0 0 0 0 2 1 0 0 0 0 0 2 32 0 0 0 0 1 6 0 0 7 19
准确率:    1.0000 (44/44)
----------------------------------------
输入:       MN QDM BNJ >JSRJL WHW> BCNT> XMJCJT>
目标:     0 0 0 0 0 0 2 0 0 2 0 0 0 0 0 0 0 2 0 1 0 10 3 0 1 0 13 9 0 0 0 0 0 0 2 9 0
预测:     0 0 0 0 0 0 2 0 0 2 0 0 0 0 0 0 0 2 0 1 0 10 3 0 1 0 13 9 0 0 0 0 0 0 2 9 0
准确率:    1.0000 (37/37)
----------------------------------------
输入:       B>R<> VBT> W>TLQVW LWT NPTX >NC> SRJQ>
目标:     0 1 0 0 4 0 0 0 2 9 0 0 1 0 14 0 0 3 0 0 0 0 0 0 0 0 0 2 0 0 0 11 0 0 0 8 0 65 27
预测:     0 1 0 0 4 0 0 0 2 9 0 0 1 0 14 0 0 3 0 0 0 0 0 0 0 0 0 2 0 0 0 11 0 0 0 8 0 65 27
准确率:    1.0000 (39/39)
----------------------------------------

生成的验证样本:
--------------------------------------------------------------------------------
输入:       YBJNH D>LH> LMSV> MN KL DBJC WKLJ
目标:     0 0 0 0 5 0 0 1 0 0 4 0 0 1 6 0 10 7 0 0 0 0 0 2 0 1 0 0 2 0 36 0 0 3
预测:     0 0 0 0 5 0 0 1 0 0 4 0 0 1 6 0 10 7 0 0 0 0 0 2 0 1 0 0 2 0 36 0 0 3
准确率:    1.0000 (34/34)
----------------------------------------
输入:       D>LH> LMSV> MN KL DBJC WKLJ XJLK
目标:     0 1 0 0 4 0 0 1 6 0 10 7 0 0 0 0 0 2 0 1 0 0 2 0 36 0 0 3 0 0 0 5 0
预测:     0 1 0 0 4 0 0 1 6 0 10 7 0 0 0 0 0 2 0 1 0 0 2 0 36 0 0 3 0 0 0 5 0
准确率:    1.0000 (33/33)
----------------------------------------
💾 保存新的最佳模型！验证准确率: 0.9632 (F1: 0.9625) (Epoch 14)

======================================================================
🚀 Epoch 15/200
======================================================================
📚 开始训练阶段...
训练进度: 500/3164 损失=0.0629
训练进度: 1000/3164 损失=0.0814
训练进度: 1500/3164 损失=0.0633
训练进度: 2000/3164 损失=0.0729
训练进度: 2500/3164 损失=0.0683
训练进度: 3000/3164 损失=0.0512
训练进度: 3164/3164 损失=0.0707
✅ 训练完成，耗时: 57.9秒 (1.0分钟)

============================================================
📊 验证决策: Epoch 15/200
   验证间隔: 1
   是否验证: ✅ 是
   原因: 达到验证间隔 (0 == 0)
============================================================

🔍 开始验证...
验证进度: 500/686 损失=0.2843
验证进度: 686/686 损失=0.6327

📊 预测分布分析:
  - 预测的前5个类别: {np.int64(0): 280974, np.int64(1): 36953, np.int64(2): 14805, np.int64(3): 10713, np.int64(4): 8786}
  - 标签的前5个类别: {np.int64(0): 281232, np.int64(1): 36731, np.int64(2): 14789, np.int64(3): 10866, np.int64(4): 8585}
✅ 验证完成，耗时: 4.7秒 (0.1分钟)
训练损失: 0.0626
验证损失: 0.2690
验证准确率: 0.9627 (10555/10964) - 与Levenshtein高度相关
验证F1(加权): 0.9625 - 类别平衡更好
学习率: 0.000099
显存使用: 0.47GB (预留: 0.69GB)

生成的训练样本:
--------------------------------------------------------------------------------
输入:       LM>C>L MN MRJ> HKN> >MRW LH HKN>
目标:     0 1 156 0 0 0 7 0 0 0 0 0 0 0 2 0 0 0 0 0 6 0 0 3 0 0 1 0 0 0 0 0 0
预测:     0 1 156 0 0 0 7 0 0 0 0 0 0 0 2 0 0 0 0 0 6 0 0 3 0 0 1 0 0 0 0 0 0
准确率:    1.0000 (33/33)
----------------------------------------
输入:       WPRW<J XWBTKJ W>NTJ WBNJKJ XJJ MN MDM
目标:     0 36 0 8 0 3 0 0 0 0 13 1 0 0 0 1 0 0 0 0 0 1 0 2 1 0 0 6 0 0 139 0 0 0 0 0 0 2
预测:     0 36 0 8 0 3 0 0 0 0 13 1 0 0 0 1 0 0 0 0 0 1 0 2 1 0 0 6 0 0 3 0 0 0 0 0 0 2
准确率:    0.9737 (37/38)
----------------------------------------
输入:       >BJMLK W<RQ MN QDMWHJ WNPLW QVJL> SGJ>>
目标:     0 0 0 0 0 0 2 0 1 0 0 3 0 0 0 0 0 0 25 1 0 0 0 1 0 0 3 0 0 0 8 0 65 27 0 0 0 0 11 0
预测:     0 0 0 0 0 0 2 0 1 0 0 3 0 0 0 0 0 0 25 1 0 0 0 1 0 0 3 0 0 0 8 0 65 27 0 0 0 0 11 0
准确率:    1.0000 (40/40)
----------------------------------------

生成的验证样本:
--------------------------------------------------------------------------------
输入:       YBJNH D>LH> LMSV> MN KL DBJC WKLJ
目标:     0 0 0 0 5 0 0 1 0 0 4 0 0 1 6 0 10 7 0 0 0 0 0 2 0 1 0 0 2 0 36 0 0 3
预测:     0 0 0 0 5 0 0 1 0 0 4 0 0 1 6 0 10 7 0 0 0 0 0 2 0 1 0 0 2 0 36 0 0 3
准确率:    1.0000 (34/34)
----------------------------------------
输入:       D>LH> LMSV> MN KL DBJC WKLJ XJLK
目标:     0 1 0 0 4 0 0 1 6 0 10 7 0 0 0 0 0 2 0 1 0 0 2 0 36 0 0 3 0 0 0 5 0
预测:     0 1 0 0 4 0 0 1 6 0 10 7 0 0 0 0 0 2 0 1 0 0 2 0 36 0 0 3 0 0 0 5 0
准确率:    1.0000 (33/33)
----------------------------------------
⏳ 验证无提升 (验证准确率: 0.9627 ≤ 0.9632)，patience: 1/50

======================================================================
🚀 Epoch 16/200
======================================================================
📚 开始训练阶段...
训练进度: 500/3164 损失=0.0599
训练进度: 1000/3164 损失=0.0838
训练进度: 1500/3164 损失=0.0966
训练进度: 2000/3164 损失=0.0553
训练进度: 2500/3164 损失=0.0682
训练进度: 3000/3164 损失=0.0390
训练进度: 3164/3164 损失=0.0421
✅ 训练完成，耗时: 57.9秒 (1.0分钟)

============================================================
📊 验证决策: Epoch 16/200
   验证间隔: 1
   是否验证: ✅ 是
   原因: 达到验证间隔 (0 == 0)
============================================================

🔍 开始验证...
验证进度: 500/686 损失=0.3663
验证进度: 686/686 损失=0.5280

📊 预测分布分析:
  - 预测的前5个类别: {np.int64(0): 281288, np.int64(1): 37123, np.int64(2): 14717, np.int64(3): 10926, np.int64(4): 8670}
  - 标签的前5个类别: {np.int64(0): 281232, np.int64(1): 36731, np.int64(2): 14789, np.int64(3): 10866, np.int64(4): 8585}
✅ 验证完成，耗时: 4.7秒 (0.1分钟)
训练损失: 0.0595
验证损失: 0.2739
验证准确率: 0.9632 (10560/10964) - 与Levenshtein高度相关
验证F1(加权): 0.9626 - 类别平衡更好
学习率: 0.000099
显存使用: 0.47GB (预留: 0.69GB)

生成的训练样本:
--------------------------------------------------------------------------------
输入:       >R<HWN L>TWR <DM> LJWMN> W>JTJ MLK> D>TWR
目标:     0 0 0 5 0 0 0 0 1 0 0 0 2 0 0 0 0 0 0 1 0 0 0 4 0 0 1 59 0 0 3 0 0 0 4 0 0 1 0 0 0 2
预测:     0 0 0 5 0 0 0 0 1 0 0 0 2 0 0 0 0 0 0 1 0 0 0 4 0 0 1 59 0 0 3 0 0 0 4 0 0 1 0 0 0 2
准确率:    1.0000 (42/42)
----------------------------------------
输入:       WSLQ W>TGHN <LWHJ W>TPWQ VLJ> CB< ZBNJN
目标:     0 1 0 0 3 0 1 0 14 0 0 3 0 0 8 1 0 0 0 1 0 14 0 0 16 0 0 57 4 0 0 0 0 2 0 0 0 2 0 0
预测:     0 1 0 0 3 0 1 0 14 0 0 3 0 0 8 1 0 0 0 1 0 14 0 0 16 0 0 57 4 0 0 0 0 2 0 0 0 2 0 0
准确率:    1.0000 (40/40)
----------------------------------------
输入:       MLK> <WL> NWBD <MH WMTJTB> QRJT> BXKMT>
目标:     0 0 0 4 0 0 0 0 4 0 0 68 0 0 3 0 0 37 0 0 1 21 14 0 0 7 0 0 0 0 22 9 0 0 1 0 0 13 9 0
预测:     0 0 0 4 0 0 0 0 4 0 0 68 0 0 3 0 0 37 0 0 1 21 14 0 0 7 0 0 0 0 22 9 0 0 1 0 0 13 9 0
准确率:    1.0000 (40/40)
----------------------------------------

生成的验证样本:
--------------------------------------------------------------------------------
输入:       YBJNH D>LH> LMSV> MN KL DBJC WKLJ
目标:     0 0 0 0 5 0 0 1 0 0 4 0 0 1 6 0 10 7 0 0 0 0 0 2 0 1 0 0 2 0 36 0 0 3
预测:     0 0 0 0 5 0 0 1 0 0 4 0 0 1 6 0 10 7 0 0 0 0 0 2 0 1 0 0 2 0 36 0 0 3
准确率:    1.0000 (34/34)
----------------------------------------
输入:       D>LH> LMSV> MN KL DBJC WKLJ XJLK
目标:     0 1 0 0 4 0 0 1 6 0 10 7 0 0 0 0 0 2 0 1 0 0 2 0 36 0 0 3 0 0 0 5 0
预测:     0 1 0 0 4 0 0 1 6 0 10 7 0 0 0 0 0 2 0 1 0 0 2 0 36 0 0 3 0 0 0 5 0
准确率:    1.0000 (33/33)
----------------------------------------
⏳ 验证无提升 (验证准确率: 0.9632 ≤ 0.9632)，patience: 2/50

======================================================================
🚀 Epoch 17/200
======================================================================
📚 开始训练阶段...
训练进度: 500/3164 损失=0.0560
训练进度: 1000/3164 损失=0.0479
训练进度: 1500/3164 损失=0.0639
训练进度: 2000/3164 损失=0.0508
训练进度: 2500/3164 损失=0.0510
训练进度: 3000/3164 损失=0.0462
训练进度: 3164/3164 损失=0.0550
✅ 训练完成，耗时: 57.6秒 (1.0分钟)

============================================================
📊 验证决策: Epoch 17/200
   验证间隔: 1
   是否验证: ✅ 是
   原因: 达到验证间隔 (0 == 0)
============================================================

🔍 开始验证...
验证进度: 500/686 损失=0.3826
验证进度: 686/686 损失=0.5585

📊 预测分布分析:
  - 预测的前5个类别: {np.int64(0): 281477, np.int64(1): 37139, np.int64(2): 14958, np.int64(3): 10576, np.int64(4): 8883}
  - 标签的前5个类别: {np.int64(0): 281232, np.int64(1): 36731, np.int64(2): 14789, np.int64(3): 10866, np.int64(4): 8585}
✅ 验证完成，耗时: 4.7秒 (0.1分钟)
训练损失: 0.0565
验证损失: 0.2746
验证准确率: 0.9636 (10564/10964) - 与Levenshtein高度相关
验证F1(加权): 0.9630 - 类别平衡更好
学习率: 0.000098
显存使用: 0.47GB (预留: 0.69GB)

生成的训练样本:
--------------------------------------------------------------------------------
输入:       KL MN DXKJM BR<JNH HWJW SKL> >JT
目标:     0 0 2 0 0 12 0 1 0 0 0 2 0 1 0 0 0 5 0 0 0 99 0 0 0 0 0 4 0 0 0 0 24
预测:     0 0 2 0 0 12 0 1 0 0 0 2 0 1 0 0 0 5 0 0 0 99 0 0 0 0 0 4 0 0 0 0 24
准确率:    1.0000 (33/33)
----------------------------------------
输入:       DTQWM LWQBL DBWRJH HKN> >PL> HN> BR
目标:     0 1 6 0 0 3 0 0 0 0 0 0 0 0 0 0 2 1 12 0 0 0 0 0 0 0 0 0 0 0 0 0 0 0 0 2
预测:     0 1 6 0 0 3 0 0 0 0 0 0 0 0 0 0 2 1 12 0 0 0 0 0 0 0 0 0 0 0 0 0 0 0 0 2
准确率:    1.0000 (36/36)
----------------------------------------
输入:       L>BHJN M<DRN> ZDJQ> WNBJ> WXSJ> >L> DJN
目标:     0 1 0 8 2 1 0 0 0 0 0 0 11 0 0 0 0 0 11 0 0 1 0 0 11 0 0 1 0 13 9 0 0 0 0 0 0 0 0 0
预测:     0 1 0 8 2 1 0 0 0 0 0 0 11 0 0 0 0 0 11 0 0 1 0 0 11 0 0 1 0 13 9 0 0 0 0 0 0 0 0 0
准确率:    1.0000 (40/40)
----------------------------------------

生成的验证样本:
--------------------------------------------------------------------------------
输入:       YBJNH D>LH> LMSV> MN KL DBJC WKLJ
目标:     0 0 0 0 5 0 0 1 0 0 4 0 0 1 6 0 10 7 0 0 0 0 0 2 0 1 0 0 2 0 36 0 0 3
预测:     0 0 0 0 5 0 0 1 0 0 4 0 0 1 6 0 10 7 0 0 0 0 0 2 0 1 0 0 2 0 36 0 0 3
准确率:    1.0000 (34/34)
----------------------------------------
输入:       D>LH> LMSV> MN KL DBJC WKLJ XJLK
目标:     0 1 0 0 4 0 0 1 6 0 10 7 0 0 0 0 0 2 0 1 0 0 2 0 36 0 0 3 0 0 0 5 0
预测:     0 1 0 0 4 0 0 1 6 0 10 7 0 0 0 0 0 2 0 1 0 0 2 0 36 0 0 3 0 0 0 5 0
准确率:    1.0000 (33/33)
----------------------------------------
💾 保存新的最佳模型！验证准确率: 0.9636 (F1: 0.9630) (Epoch 17)

======================================================================
🚀 Epoch 18/200
======================================================================
📚 开始训练阶段...
训练进度: 500/3164 损失=0.0467
训练进度: 1000/3164 损失=0.0475
训练进度: 1500/3164 损失=0.0590
训练进度: 2000/3164 损失=0.0811
训练进度: 2500/3164 损失=0.0899
训练进度: 3000/3164 损失=0.0945
训练进度: 3164/3164 损失=0.0308
✅ 训练完成，耗时: 57.7秒 (1.0分钟)

============================================================
📊 验证决策: Epoch 18/200
   验证间隔: 1
   是否验证: ✅ 是
   原因: 达到验证间隔 (0 == 0)
============================================================

🔍 开始验证...
验证进度: 500/686 损失=0.3885
验证进度: 686/686 损失=0.7354

📊 预测分布分析:
  - 预测的前5个类别: {np.int64(0): 281380, np.int64(1): 37139, np.int64(2): 14841, np.int64(3): 10670, np.int64(4): 8453}
  - 标签的前5个类别: {np.int64(0): 281232, np.int64(1): 36731, np.int64(2): 14789, np.int64(3): 10866, np.int64(4): 8585}
✅ 验证完成，耗时: 4.7秒 (0.1分钟)
训练损失: 0.0543
验证损失: 0.2874
验证准确率: 0.9632 (10560/10964) - 与Levenshtein高度相关
验证F1(加权): 0.9627 - 类别平衡更好
学习率: 0.000098
显存使用: 0.47GB (预留: 0.69GB)

生成的训练样本:
--------------------------------------------------------------------------------
输入:       MLK> CLJMWN WNSJTH BKL MDM D>JT HW>
目标:     0 0 0 4 0 0 0 0 0 0 0 2 0 1 0 0 3 160 0 0 1 0 2 0 0 0 2 0 1 0 0 24 0 0 10 3
预测:     0 0 0 4 0 0 0 0 0 0 0 2 0 1 0 0 3 160 0 0 1 0 2 0 0 0 2 0 1 0 0 24 0 0 10 3
准确率:    1.0000 (36/36)
----------------------------------------
输入:       >ZLN HWJ BNT >JSR>JL WBKJN W>LJN <L
目标:     0 0 0 7 0 0 0 0 80 0 0 2 12 0 0 0 0 8 0 0 2 0 1 0 0 7 0 0 1 0 0 7 0 0 0 0
预测:     0 0 0 7 0 0 0 0 80 0 0 2 12 0 0 0 0 8 0 0 2 0 1 0 0 7 0 0 1 0 0 7 0 0 0 0
准确率:    1.0000 (36/36)
----------------------------------------
输入:       >N> GZT> D<MR> B>DR> >N NHW> VL>
目标:     0 0 0 0 0 0 2 9 0 0 1 0 0 15 0 0 1 0 0 4 0 0 0 0 0 6 0 10 3 0 0 4 0
预测:     0 0 0 0 0 0 2 9 0 0 1 0 0 15 0 0 1 0 0 4 0 0 0 0 0 6 0 10 3 0 0 4 0
准确率:    1.0000 (33/33)
----------------------------------------

生成的验证样本:
--------------------------------------------------------------------------------
输入:       YBJNH D>LH> LMSV> MN KL DBJC WKLJ
目标:     0 0 0 0 5 0 0 1 0 0 4 0 0 1 6 0 10 7 0 0 0 0 0 2 0 1 0 0 2 0 36 0 0 3
预测:     0 0 0 0 5 0 0 1 0 0 4 0 0 1 6 0 10 7 0 0 0 0 0 2 0 1 0 0 2 0 36 0 0 3
准确率:    1.0000 (34/34)
----------------------------------------
输入:       D>LH> LMSV> MN KL DBJC WKLJ XJLK
目标:     0 1 0 0 4 0 0 1 6 0 10 7 0 0 0 0 0 2 0 1 0 0 2 0 36 0 0 3 0 0 0 5 0
预测:     0 1 0 0 4 0 0 1 6 0 10 7 0 0 0 0 0 2 0 1 0 0 2 0 36 0 0 3 0 0 0 5 0
准确率:    1.0000 (33/33)
----------------------------------------
⏳ 验证无提升 (验证准确率: 0.9632 ≤ 0.9636)，patience: 1/50

======================================================================
🚀 Epoch 19/200
======================================================================
📚 开始训练阶段...
训练进度: 500/3164 损失=0.0416
训练进度: 1000/3164 损失=0.0464
训练进度: 1500/3164 损失=0.0289
训练进度: 2000/3164 损失=0.0581
训练进度: 2500/3164 损失=0.0763
训练进度: 3000/3164 损失=0.0261
训练进度: 3164/3164 损失=0.0617
✅ 训练完成，耗时: 57.4秒 (1.0分钟)

============================================================
📊 验证决策: Epoch 19/200
   验证间隔: 1
   是否验证: ✅ 是
   原因: 达到验证间隔 (0 == 0)
============================================================

🔍 开始验证...
验证进度: 500/686 损失=0.3447
验证进度: 686/686 损失=0.4787

📊 预测分布分析:
  - 预测的前5个类别: {np.int64(0): 280810, np.int64(1): 37357, np.int64(2): 14838, np.int64(3): 10890, np.int64(4): 8679}
  - 标签的前5个类别: {np.int64(0): 281232, np.int64(1): 36731, np.int64(2): 14789, np.int64(3): 10866, np.int64(4): 8585}
✅ 验证完成，耗时: 4.7秒 (0.1分钟)
训练损失: 0.0519
验证损失: 0.2873
验证准确率: 0.9635 (10563/10964) - 与Levenshtein高度相关
验证F1(加权): 0.9630 - 类别平衡更好
学习率: 0.000098
显存使用: 0.47GB (预留: 0.69GB)

生成的训练样本:
--------------------------------------------------------------------------------
输入:       BMDJNT> D<LM> NHLK VB WBJC B>NC> NKS>
目标:     0 1 0 0 0 13 23 0 0 1 0 0 4 0 0 6 0 0 16 0 0 2 0 1 0 0 2 0 1 0 0 4 0 0 6 0 10 16
预测:     0 1 0 0 0 13 23 0 0 1 0 0 4 0 0 6 0 0 16 0 0 2 0 1 0 0 2 0 1 0 0 11 0 0 6 0 11 16
准确率:    0.9474 (36/38)
----------------------------------------
输入:       LWQBL JMJNK NVRJNJ >JK BBT> D<JN> WBVLL>
目标:     0 0 0 0 0 0 0 0 0 0 5 0 6 0 0 48 67 0 0 0 0 0 0 0 0 13 9 0 0 1 0 0 4 0 0 1 1 0 0 4 0
预测:     0 0 0 0 0 0 0 0 0 0 5 0 6 0 0 48 67 0 0 0 0 0 0 0 0 13 9 0 0 1 0 0 4 0 0 1 1 0 0 4 0
准确率:    1.0000 (41/41)
----------------------------------------
输入:       TYWB WTPLWX WXMR> L> TCT> WL> TXMWL
目标:     0 34 8 0 3 0 1 6 0 8 0 3 0 1 0 0 15 0 0 0 0 0 6 0 10 3 0 1 0 0 0 6 0 8 0 3
预测:     0 34 8 0 3 0 1 6 0 8 0 3 0 1 0 0 15 0 0 0 0 0 6 0 10 3 0 1 0 0 0 6 0 8 0 3
准确率:    1.0000 (36/36)
----------------------------------------

生成的验证样本:
--------------------------------------------------------------------------------
输入:       YBJNH D>LH> LMSV> MN KL DBJC WKLJ
目标:     0 0 0 0 5 0 0 1 0 0 4 0 0 1 6 0 10 7 0 0 0 0 0 2 0 1 0 0 2 0 36 0 0 3
预测:     0 0 0 0 5 0 0 1 0 0 4 0 0 1 6 0 10 7 0 0 0 0 0 2 0 1 0 0 2 0 36 0 0 3
准确率:    1.0000 (34/34)
----------------------------------------
输入:       D>LH> LMSV> MN KL DBJC WKLJ XJLK
目标:     0 1 0 0 4 0 0 1 6 0 10 7 0 0 0 0 0 2 0 1 0 0 2 0 36 0 0 3 0 0 0 5 0
预测:     0 1 0 0 4 0 0 1 6 0 10 7 0 0 0 0 0 2 0 1 0 0 2 0 36 0 0 3 0 0 0 5 0
准确率:    1.0000 (33/33)
----------------------------------------
⏳ 验证无提升 (验证准确率: 0.9635 ≤ 0.9636)，patience: 2/50

======================================================================
🚀 Epoch 20/200
======================================================================
📚 开始训练阶段...
训练进度: 500/3164 损失=0.0604
训练进度: 1000/3164 损失=0.0270
训练进度: 1500/3164 损失=0.0591
训练进度: 2000/3164 损失=0.0470
训练进度: 2500/3164 损失=0.0162
训练进度: 3000/3164 损失=0.0700
训练进度: 3164/3164 损失=0.0448
✅ 训练完成，耗时: 57.4秒 (1.0分钟)

============================================================
📊 验证决策: Epoch 20/200
   验证间隔: 1
   是否验证: ✅ 是
   原因: 达到验证间隔 (0 == 0)
============================================================

🔍 开始验证...
验证进度: 500/686 损失=0.2973
验证进度: 686/686 损失=0.5435

📊 预测分布分析:
  - 预测的前5个类别: {np.int64(0): 282009, np.int64(1): 37043, np.int64(2): 14707, np.int64(3): 10551, np.int64(4): 8648}
  - 标签的前5个类别: {np.int64(0): 281232, np.int64(1): 36731, np.int64(2): 14789, np.int64(3): 10866, np.int64(4): 8585}
✅ 验证完成，耗时: 4.7秒 (0.1分钟)
训练损失: 0.0502
验证损失: 0.2997
验证准确率: 0.9636 (10565/10964) - 与Levenshtein高度相关
验证F1(加权): 0.9630 - 类别平衡更好
学习率: 0.000098
显存使用: 0.48GB (预留: 0.69GB)

生成的训练样本:
--------------------------------------------------------------------------------
输入:       TZ<RJN W<WLJ W>XWDJ TR<> B>PJKJ WB>PJ BNJKJ
目标:     0 28 0 0 3 0 0 0 36 8 0 53 0 0 36 0 8 0 3 0 0 0 0 4 0 0 1 54 2 1 0 0 0 1 1 54 2 0 0 0 2 1 0 0
预测:     0 28 0 0 3 0 0 0 36 8 0 53 0 0 36 0 8 0 3 0 0 0 0 4 0 0 1 54 2 1 0 0 0 1 1 54 2 0 0 0 2 1 0 0
准确率:    1.0000 (44/44)
----------------------------------------
输入:       MN KKRJT> >KWLJ TWB NKPNWN LJ WCTJJ
目标:     0 0 0 0 0 0 0 2 9 0 0 0 0 0 2 46 0 0 0 0 0 6 0 0 33 0 0 0 1 0 0 1 0 0 22 46
预测:     0 0 0 0 0 0 0 2 9 0 0 0 0 0 2 46 0 0 0 0 0 6 0 0 33 0 0 0 1 0 0 1 0 0 22 46
准确率:    1.0000 (36/36)
----------------------------------------
输入:       WXDW BKL MDM DMWCVJN >NTWN >JDJKWN >NTWN
目标:     0 36 0 18 0 0 1 0 2 0 0 0 2 0 1 63 0 0 7 0 0 0 0 0 0 0 0 8 0 0 2 1 0 0 0 0 0 0 0 0 0
预测:     0 36 0 18 0 0 1 0 2 0 0 0 2 0 1 63 0 0 7 0 0 0 0 0 0 0 0 8 0 0 2 1 0 0 0 0 0 0 0 0 0
准确率:    1.0000 (41/41)
----------------------------------------

生成的验证样本:
--------------------------------------------------------------------------------
输入:       YBJNH D>LH> LMSV> MN KL DBJC WKLJ
目标:     0 0 0 0 5 0 0 1 0 0 4 0 0 1 6 0 10 7 0 0 0 0 0 2 0 1 0 0 2 0 36 0 0 3
预测:     0 0 0 0 5 0 0 1 0 0 4 0 0 1 6 0 10 7 0 0 0 0 0 2 0 1 0 0 2 0 36 0 0 3
准确率:    1.0000 (34/34)
----------------------------------------
输入:       D>LH> LMSV> MN KL DBJC WKLJ XJLK
目标:     0 1 0 0 4 0 0 1 6 0 10 7 0 0 0 0 0 2 0 1 0 0 2 0 36 0 0 3 0 0 0 5 0
预测:     0 1 0 0 4 0 0 1 6 0 10 7 0 0 0 0 0 2 0 1 0 0 2 0 36 0 0 3 0 0 0 5 0
准确率:    1.0000 (33/33)
----------------------------------------
💾 保存新的最佳模型！验证准确率: 0.9636 (F1: 0.9630) (Epoch 20)

======================================================================
🚀 Epoch 21/200
======================================================================
📚 开始训练阶段...
训练进度: 500/3164 损失=0.0384
训练进度: 1000/3164 损失=0.0511
训练进度: 1500/3164 损失=0.0473
训练进度: 2000/3164 损失=0.0536
训练进度: 2500/3164 损失=0.0602
训练进度: 3000/3164 损失=0.0477
训练进度: 3164/3164 损失=0.0644
✅ 训练完成，耗时: 57.4秒 (1.0分钟)

============================================================
📊 验证决策: Epoch 21/200
   验证间隔: 1
   是否验证: ✅ 是
   原因: 达到验证间隔 (0 == 0)
============================================================

🔍 开始验证...
验证进度: 500/686 损失=0.3017
验证进度: 686/686 损失=0.5038

📊 预测分布分析:
  - 预测的前5个类别: {np.int64(0): 281408, np.int64(1): 37179, np.int64(2): 14752, np.int64(3): 10784, np.int64(4): 8494}
  - 标签的前5个类别: {np.int64(0): 281232, np.int64(1): 36731, np.int64(2): 14789, np.int64(3): 10866, np.int64(4): 8585}
✅ 验证完成，耗时: 4.7秒 (0.1分钟)
训练损失: 0.0483
验证损失: 0.2955
验证准确率: 0.9635 (10564/10964) - 与Levenshtein高度相关
验证F1(加权): 0.9630 - 类别平衡更好
学习率: 0.000097
显存使用: 0.48GB (预留: 0.69GB)

生成的训练样本:
--------------------------------------------------------------------------------
输入:       >XJ> W>XJ> L> MCKX HW> DNXZ> MDM
目标:     0 0 0 0 2 0 1 0 0 0 2 0 0 0 8 0 0 0 7 0 0 10 3 0 1 6 0 10 3 0 0 0 2
预测:     0 0 0 0 2 0 1 0 0 0 2 0 0 0 8 0 0 0 7 0 0 10 3 0 1 6 0 10 3 0 0 0 2
准确率:    1.0000 (33/33)
----------------------------------------
输入:       CLM> BMKJKWT> PRWQ >LJY> MN >LWYWHJ WL>
目标:     0 0 0 15 0 0 1 0 0 0 0 2 9 0 6 0 8 0 3 0 0 8 0 43 27 0 0 0 0 0 0 0 25 1 0 0 0 1 0 0
预测:     0 0 0 15 0 0 1 0 0 0 0 2 9 0 6 0 8 0 3 0 0 8 0 43 27 0 0 0 0 0 0 0 25 1 0 0 0 1 0 0
准确率:    1.0000 (40/40)
----------------------------------------
输入:       LBRKMN> DN<BDWN YBWT> BJCT> WVNPT> WL> KWKB>
目标:     0 1 0 0 0 0 11 0 0 1 6 0 0 3 0 0 0 0 0 2 23 0 0 0 0 2 23 0 0 1 0 0 22 23 0 0 1 0 0 0 0 0 0 11 0
预测:     0 1 0 0 0 0 11 0 0 1 6 0 0 3 0 0 0 0 0 2 23 0 0 0 0 2 23 0 0 1 0 0 22 23 0 0 1 0 0 0 0 0 0 11 0
准确率:    1.0000 (45/45)
----------------------------------------

生成的验证样本:
--------------------------------------------------------------------------------
输入:       YBJNH D>LH> LMSV> MN KL DBJC WKLJ
目标:     0 0 0 0 5 0 0 1 0 0 4 0 0 1 6 0 10 7 0 0 0 0 0 2 0 1 0 0 2 0 36 0 0 3
预测:     0 0 0 0 5 0 0 1 0 0 4 0 0 1 6 0 10 7 0 0 0 0 0 2 0 1 0 0 2 0 36 0 0 3
准确率:    1.0000 (34/34)
----------------------------------------
输入:       D>LH> LMSV> MN KL DBJC WKLJ XJLK
目标:     0 1 0 0 4 0 0 1 6 0 10 7 0 0 0 0 0 2 0 1 0 0 2 0 36 0 0 3 0 0 0 5 0
预测:     0 1 0 0 4 0 0 1 6 0 10 7 0 0 0 0 0 2 0 1 0 0 2 0 36 0 0 3 0 0 0 5 0
准确率:    1.0000 (33/33)
----------------------------------------
⏳ 验证无提升 (验证准确率: 0.9635 ≤ 0.9636)，patience: 1/50

======================================================================
🚀 Epoch 22/200
======================================================================
📚 开始训练阶段...
训练进度: 500/3164 损失=0.0368
训练进度: 1000/3164 损失=0.0461
训练进度: 1500/3164 损失=0.0336
训练进度: 2000/3164 损失=0.0400
训练进度: 2500/3164 损失=0.0431
训练进度: 3000/3164 损失=0.0399
训练进度: 3164/3164 损失=0.0534
✅ 训练完成，耗时: 57.6秒 (1.0分钟)

============================================================
📊 验证决策: Epoch 22/200
   验证间隔: 1
   是否验证: ✅ 是
   原因: 达到验证间隔 (0 == 0)
============================================================

🔍 开始验证...
验证进度: 500/686 损失=0.3979
验证进度: 686/686 损失=0.5100

📊 预测分布分析:
  - 预测的前5个类别: {np.int64(0): 281538, np.int64(1): 37073, np.int64(2): 14752, np.int64(3): 10800, np.int64(4): 8617}
  - 标签的前5个类别: {np.int64(0): 281232, np.int64(1): 36731, np.int64(2): 14789, np.int64(3): 10866, np.int64(4): 8585}
✅ 验证完成，耗时: 4.7秒 (0.1分钟)
训练损失: 0.0466
验证损失: 0.2985
验证准确率: 0.9635 (10563/10964) - 与Levenshtein高度相关
验证F1(加权): 0.9631 - 类别平衡更好
学习率: 0.000097
显存使用: 0.48GB (预留: 0.69GB)

生成的训练样本:
--------------------------------------------------------------------------------
输入:       LMNJN> DMLWC> W>P L> TLTJN WCT> LMNJN>
目标:     0 1 0 0 0 4 0 0 1 0 0 0 11 0 0 1 0 0 0 0 0 0 0 0 0 0 2 0 1 0 2 0 0 1 0 0 0 4 0
预测:     0 1 0 0 0 4 0 0 1 0 0 0 11 0 0 1 0 0 0 0 0 0 0 0 0 0 2 0 1 0 2 0 0 1 0 0 0 4 0
准确率:    1.0000 (39/39)
----------------------------------------
输入:       T>ZL <MH >JK YBJNH DL> NRGZK WLXRT>
目标:     0 6 0 0 3 0 0 1 0 0 0 0 0 0 0 0 0 5 0 0 1 0 0 0 28 0 0 29 0 0 1 1 0 13 9 0
预测:     0 6 0 0 3 0 0 1 12 0 0 0 0 0 0 0 0 5 0 0 1 0 0 0 28 0 0 29 0 0 1 1 0 13 9 0
准确率:    0.9722 (35/36)
----------------------------------------
输入:       WKL MDM D<BD H> KTJBJN BSPR DBRJMJN
目标:     0 1 0 2 0 0 0 2 0 1 0 0 3 0 0 0 0 0 8 0 7 0 27 0 1 0 0 2 0 0 0 0 0 0 0 2
预测:     0 1 0 2 0 0 0 2 0 1 0 0 3 0 0 0 0 0 8 0 7 0 27 0 1 0 0 2 0 0 0 0 0 0 0 2
准确率:    1.0000 (36/36)
----------------------------------------

生成的验证样本:
--------------------------------------------------------------------------------
输入:       YBJNH D>LH> LMSV> MN KL DBJC WKLJ
目标:     0 0 0 0 5 0 0 1 0 0 4 0 0 1 6 0 10 7 0 0 0 0 0 2 0 1 0 0 2 0 36 0 0 3
预测:     0 0 0 0 5 0 0 1 0 0 4 0 0 1 6 0 10 7 0 0 0 0 0 2 0 1 0 0 2 0 36 0 0 3
准确率:    1.0000 (34/34)
----------------------------------------
输入:       D>LH> LMSV> MN KL DBJC WKLJ XJLK
目标:     0 1 0 0 4 0 0 1 6 0 10 7 0 0 0 0 0 2 0 1 0 0 2 0 36 0 0 3 0 0 0 5 0
预测:     0 1 0 0 4 0 0 1 6 0 10 7 0 0 0 0 0 2 0 1 0 0 2 0 36 0 0 3 0 0 0 5 0
准确率:    1.0000 (33/33)
----------------------------------------
⏳ 验证无提升 (验证准确率: 0.9635 ≤ 0.9636)，patience: 2/50

======================================================================
🚀 Epoch 23/200
======================================================================
📚 开始训练阶段...
训练进度: 500/3164 损失=0.0646
训练进度: 1000/3164 损失=0.0471
训练进度: 1500/3164 损失=0.0537
训练进度: 2000/3164 损失=0.0248
训练进度: 2500/3164 损失=0.0290
训练进度: 3000/3164 损失=0.0202
训练进度: 3164/3164 损失=0.0810
✅ 训练完成，耗时: 57.5秒 (1.0分钟)

============================================================
📊 验证决策: Epoch 23/200
   验证间隔: 1
   是否验证: ✅ 是
   原因: 达到验证间隔 (0 == 0)
============================================================

🔍 开始验证...
验证进度: 500/686 损失=0.2593
验证进度: 686/686 损失=0.6720

📊 预测分布分析:
  - 预测的前5个类别: {np.int64(0): 281998, np.int64(1): 37040, np.int64(2): 14890, np.int64(3): 10712, np.int64(4): 8621}
  - 标签的前5个类别: {np.int64(0): 281232, np.int64(1): 36731, np.int64(2): 14789, np.int64(3): 10866, np.int64(4): 8585}
✅ 验证完成，耗时: 4.7秒 (0.1分钟)
训练损失: 0.0455
验证损失: 0.2972
验证准确率: 0.9640 (10569/10964) - 与Levenshtein高度相关
验证F1(加权): 0.9633 - 类别平衡更好
学习率: 0.000097
显存使用: 0.47GB (预留: 0.69GB)

生成的训练样本:
--------------------------------------------------------------------------------
输入:       HJ >JZBL WL>XB CB<JN BNJN >JT HWW
目标:     0 0 12 0 0 0 0 0 2 0 1 1 0 0 2 0 0 0 0 0 2 0 0 2 0 0 0 0 0 24 0 0 18 0
预测:     0 0 12 0 0 0 0 0 2 0 1 1 0 0 2 0 0 0 0 0 2 0 0 2 0 0 0 0 0 24 0 0 18 0
准确率:    1.0000 (34/34)
----------------------------------------
输入:       D<BDW >MWRJ> DQDMWHJ W>XVJ LJHWD> BPTKRWHJ MVLHN>
目标:     0 1 0 0 3 0 0 0 0 0 0 11 0 0 1 0 0 25 1 0 0 0 1 17 0 0 3 0 1 0 0 0 0 2 0 1 0 0 0 25 1 0 0 0 0 0 1 0 0 0
预测:     0 1 0 0 3 0 0 0 0 0 0 11 0 0 1 0 0 25 1 0 0 0 1 17 0 0 3 0 1 0 0 0 0 2 0 1 0 0 0 25 1 0 0 0 0 0 1 0 0 0
准确率:    1.0000 (50/50)
----------------------------------------
输入:       TXWMK >JK DJM> L>BHJK WNTL LK KLH
目标:     0 0 0 0 5 0 0 0 0 0 0 1 0 10 3 0 1 0 8 2 1 0 0 1 0 0 3 0 1 0 0 0 5 12
预测:     0 0 0 0 5 0 0 0 0 0 0 1 0 10 3 0 1 0 8 2 1 0 0 1 0 0 3 0 1 0 0 0 5 12
准确率:    1.0000 (34/34)
----------------------------------------

生成的验证样本:
--------------------------------------------------------------------------------
输入:       YBJNH D>LH> LMSV> MN KL DBJC WKLJ
目标:     0 0 0 0 5 0 0 1 0 0 4 0 0 1 6 0 10 7 0 0 0 0 0 2 0 1 0 0 2 0 36 0 0 3
预测:     0 0 0 0 5 0 0 1 0 0 4 0 0 1 6 0 10 7 0 0 0 0 0 2 0 1 0 0 2 0 36 0 0 3
准确率:    1.0000 (34/34)
----------------------------------------
输入:       D>LH> LMSV> MN KL DBJC WKLJ XJLK
目标:     0 1 0 0 4 0 0 1 6 0 10 7 0 0 0 0 0 2 0 1 0 0 2 0 36 0 0 3 0 0 0 5 0
预测:     0 1 0 0 4 0 0 1 6 0 10 7 0 0 0 0 0 2 0 1 0 0 2 0 36 0 0 3 0 0 0 5 0
准确率:    1.0000 (33/33)
----------------------------------------
💾 保存新的最佳模型！验证准确率: 0.9640 (F1: 0.9633) (Epoch 23)

======================================================================
🚀 Epoch 24/200
======================================================================
📚 开始训练阶段...
训练进度: 500/3164 损失=0.0408
训练进度: 1000/3164 损失=0.0473
训练进度: 1500/3164 损失=0.0647
训练进度: 2000/3164 损失=0.0339
训练进度: 2500/3164 损失=0.0255
训练进度: 3000/3164 损失=0.0330
训练进度: 3164/3164 损失=0.0230
✅ 训练完成，耗时: 57.6秒 (1.0分钟)

============================================================
📊 验证决策: Epoch 24/200
   验证间隔: 1
   是否验证: ✅ 是
   原因: 达到验证间隔 (0 == 0)
============================================================

🔍 开始验证...
验证进度: 500/686 损失=0.3022
验证进度: 686/686 损失=0.7063

📊 预测分布分析:
  - 预测的前5个类别: {np.int64(0): 281955, np.int64(1): 37219, np.int64(2): 14707, np.int64(3): 10784, np.int64(4): 9026}
  - 标签的前5个类别: {np.int64(0): 281232, np.int64(1): 36731, np.int64(2): 14789, np.int64(3): 10866, np.int64(4): 8585}
✅ 验证完成，耗时: 4.7秒 (0.1分钟)
训练损失: 0.0436
验证损失: 0.3051
验证准确率: 0.9643 (10572/10964) - 与Levenshtein高度相关
验证F1(加权): 0.9634 - 类别平衡更好
学习率: 0.000097
显存使用: 0.48GB (预留: 0.69GB)

生成的训练样本:
--------------------------------------------------------------------------------
输入:       H> MJT> >N> BJCT> <L JHWD> W<L
目标:     0 0 0 0 68 0 10 7 0 0 0 0 0 0 0 2 9 0 0 0 0 0 0 0 0 0 2 0 1 0 0
预测:     0 0 0 0 68 0 10 7 0 0 0 0 0 0 0 2 9 0 0 0 0 0 0 0 0 0 2 0 1 0 0
准确率:    1.0000 (31/31)
----------------------------------------
输入:       LJ >NC XD XD QDC> MN BZTH
目标:     0 1 0 0 0 0 2 0 0 2 0 0 2 0 0 0 15 0 0 0 0 0 0 13 1 0
预测:     0 1 0 0 0 0 2 0 0 2 0 0 2 0 0 0 15 0 0 0 0 0 0 13 1 0
准确率:    1.0000 (26/26)
----------------------------------------
输入:       XMC MN JMJN> WXMC MN SML> QDM
目标:     0 0 0 2 0 0 0 0 0 0 0 4 0 0 1 0 0 2 0 0 0 0 0 0 4 0 0 0 0 2
预测:     0 0 0 2 0 0 0 0 0 0 0 4 0 0 1 0 0 2 0 0 0 0 0 0 4 0 0 0 0 2
准确率:    1.0000 (30/30)
----------------------------------------

生成的验证样本:
--------------------------------------------------------------------------------
输入:       YBJNH D>LH> LMSV> MN KL DBJC WKLJ
目标:     0 0 0 0 5 0 0 1 0 0 4 0 0 1 6 0 10 7 0 0 0 0 0 2 0 1 0 0 2 0 36 0 0 3
预测:     0 0 0 0 5 0 0 1 0 0 4 0 0 1 6 0 10 7 0 0 0 0 0 2 0 1 0 0 2 0 36 0 0 3
准确率:    1.0000 (34/34)
----------------------------------------
输入:       D>LH> LMSV> MN KL DBJC WKLJ XJLK
目标:     0 1 0 0 4 0 0 1 6 0 10 7 0 0 0 0 0 2 0 1 0 0 2 0 36 0 0 3 0 0 0 5 0
预测:     0 1 0 0 4 0 0 1 6 0 10 7 0 0 0 0 0 2 0 1 0 0 2 0 36 0 0 3 0 0 0 5 0
准确率:    1.0000 (33/33)
----------------------------------------
💾 保存新的最佳模型！验证准确率: 0.9643 (F1: 0.9634) (Epoch 24)

======================================================================
🚀 Epoch 25/200
======================================================================
📚 开始训练阶段...
训练进度: 500/3164 损失=0.0723
训练进度: 1000/3164 损失=0.0325
训练进度: 1500/3164 损失=0.0404
训练进度: 2000/3164 损失=0.0718
训练进度: 2500/3164 损失=0.0625
训练进度: 3000/3164 损失=0.0394
训练进度: 3164/3164 损失=0.0569
✅ 训练完成，耗时: 57.6秒 (1.0分钟)

============================================================
📊 验证决策: Epoch 25/200
   验证间隔: 1
   是否验证: ✅ 是
   原因: 达到验证间隔 (0 == 0)
============================================================

🔍 开始验证...
验证进度: 500/686 损失=0.2702
验证进度: 686/686 损失=0.6537

📊 预测分布分析:
  - 预测的前5个类别: {np.int64(0): 281622, np.int64(1): 36990, np.int64(2): 14692, np.int64(3): 10638, np.int64(4): 8621}
  - 标签的前5个类别: {np.int64(0): 281232, np.int64(1): 36731, np.int64(2): 14789, np.int64(3): 10866, np.int64(4): 8585}
✅ 验证完成，耗时: 4.7秒 (0.1分钟)
训练损失: 0.0421
验证损失: 0.3029
验证准确率: 0.9640 (10569/10964) - 与Levenshtein高度相关
验证F1(加权): 0.9635 - 类别平衡更好
学习率: 0.000096
显存使用: 0.48GB (预留: 0.69GB)

生成的训练样本:
--------------------------------------------------------------------------------
输入:       LK XBRK R>Z> L> TPQJWHJ DL> KL
目标:     0 1 0 0 0 0 5 0 0 0 0 4 0 0 0 0 0 34 0 48 35 0 0 0 0 1 0 0 0 0 2
预测:     0 1 0 0 0 0 5 0 0 0 0 4 0 0 0 0 0 34 0 48 35 0 0 0 0 1 0 0 0 0 2
准确率:    1.0000 (31/31)
----------------------------------------
输入:       XZ> >NT BHW JWM> DHWJT <>L TWN
目标:     0 0 10 7 0 0 0 0 0 1 0 12 0 0 0 4 0 0 1 0 0 3 12 0 8 0 83 0 0 0 2
预测:     0 0 10 7 0 0 0 0 0 1 0 12 0 0 0 4 0 0 1 0 0 3 12 0 8 0 83 0 0 0 2
准确率:    1.0000 (31/31)
----------------------------------------
输入:       TLP PWMK WBJT DJN> L> THW> JTB
目标:     0 52 0 16 0 0 0 5 0 0 1 0 66 0 0 0 0 82 0 0 0 0 0 6 0 10 3 0 0 0 7
预测:     0 52 0 16 0 0 0 5 0 0 1 0 66 0 0 0 0 82 0 0 0 0 0 6 0 10 3 0 0 0 7
准确率:    1.0000 (31/31)
----------------------------------------

生成的验证样本:
--------------------------------------------------------------------------------
输入:       YBJNH D>LH> LMSV> MN KL DBJC WKLJ
目标:     0 0 0 0 5 0 0 1 0 0 4 0 0 1 6 0 10 7 0 0 0 0 0 2 0 1 0 0 2 0 36 0 0 3
预测:     0 0 0 0 5 0 0 1 0 0 4 0 0 1 6 0 10 7 0 0 0 0 0 2 0 1 0 0 2 0 36 0 0 3
准确率:    1.0000 (34/34)
----------------------------------------
输入:       D>LH> LMSV> MN KL DBJC WKLJ XJLK
目标:     0 1 0 0 4 0 0 1 6 0 10 7 0 0 0 0 0 2 0 1 0 0 2 0 36 0 0 3 0 0 0 5 0
预测:     0 1 0 0 4 0 0 1 6 0 10 7 0 0 0 0 0 2 0 1 0 0 2 0 36 0 0 3 0 0 0 5 0
准确率:    1.0000 (33/33)
----------------------------------------
⏳ 验证无提升 (验证准确率: 0.9640 ≤ 0.9643)，patience: 1/50

======================================================================
🚀 Epoch 26/200
======================================================================
📚 开始训练阶段...
训练进度: 500/3164 损失=0.0233
训练进度: 1000/3164 损失=0.0305
训练进度: 1500/3164 损失=0.1026
训练进度: 2000/3164 损失=0.0258
训练进度: 2500/3164 损失=0.0435
训练进度: 3000/3164 损失=0.0267
训练进度: 3164/3164 损失=0.0185
✅ 训练完成，耗时: 57.5秒 (1.0分钟)

============================================================
📊 验证决策: Epoch 26/200
   验证间隔: 1
   是否验证: ✅ 是
   原因: 达到验证间隔 (0 == 0)
============================================================

🔍 开始验证...
验证进度: 500/686 损失=0.3712
验证进度: 686/686 损失=0.7452

📊 预测分布分析:
  - 预测的前5个类别: {np.int64(0): 281238, np.int64(1): 37103, np.int64(2): 14595, np.int64(3): 10749, np.int64(4): 8937}
  - 标签的前5个类别: {np.int64(0): 281232, np.int64(1): 36731, np.int64(2): 14789, np.int64(3): 10866, np.int64(4): 8585}
✅ 验证完成，耗时: 4.7秒 (0.1分钟)
训练损失: 0.0409
验证损失: 0.3074
验证准确率: 0.9637 (10565/10964) - 与Levenshtein高度相关
验证F1(加权): 0.9632 - 类别平衡更好
学习率: 0.000096
显存使用: 0.47GB (预留: 0.69GB)

生成的训练样本:
--------------------------------------------------------------------------------
输入:       <JNWHJ W>JDWHJ <L >JDWHJ W>TGHN <LWHJ WXM
目标:     0 0 0 25 1 0 0 0 35 0 0 25 1 0 0 0 0 0 8 0 0 25 1 0 0 0 1 0 14 0 0 3 0 0 8 1 0 0 0 1 0 239
预测:     0 0 0 25 1 0 0 0 35 0 0 25 1 0 0 0 0 0 8 0 0 25 1 0 0 0 1 0 14 0 0 3 0 0 8 1 0 0 0 1 0 239
准确率:    1.0000 (42/42)
----------------------------------------
输入:       DQWDC> D<>L LBJTH DMRJ> KSP> DJHB GBR>
目标:     0 1 0 0 0 4 0 0 1 8 0 83 0 1 0 0 5 0 0 1 0 0 0 2 0 0 0 4 0 0 1 0 0 7 0 0 0 4 0
预测:     0 1 0 0 0 4 0 0 1 8 0 83 0 1 0 0 5 0 0 1 0 0 0 2 0 0 0 4 0 0 1 0 0 7 0 0 0 4 0
准确率:    1.0000 (39/39)
----------------------------------------
输入:       WHW> JWM> XD TRJN JWMJN MVL DYLJ
目标:     0 1 0 10 3 0 0 0 4 0 0 0 2 0 0 2 0 12 0 0 0 2 0 0 0 0 0 0 0 1 0 0 16
预测:     0 1 0 10 3 0 0 0 4 0 0 0 2 0 0 2 0 12 0 0 0 2 0 0 0 0 0 0 0 1 0 0 16
准确率:    1.0000 (33/33)
----------------------------------------

生成的验证样本:
--------------------------------------------------------------------------------
输入:       YBJNH D>LH> LMSV> MN KL DBJC WKLJ
目标:     0 0 0 0 5 0 0 1 0 0 4 0 0 1 6 0 10 7 0 0 0 0 0 2 0 1 0 0 2 0 36 0 0 3
预测:     0 0 0 0 5 0 0 1 0 0 4 0 0 1 6 0 10 7 0 0 0 0 0 2 0 1 0 0 2 0 36 0 0 3
准确率:    1.0000 (34/34)
----------------------------------------
输入:       D>LH> LMSV> MN KL DBJC WKLJ XJLK
目标:     0 1 0 0 4 0 0 1 6 0 10 7 0 0 0 0 0 2 0 1 0 0 2 0 36 0 0 3 0 0 0 5 0
预测:     0 1 0 0 4 0 0 1 6 0 10 7 0 0 0 0 0 2 0 1 0 0 2 0 36 0 0 3 0 0 0 5 0
准确率:    1.0000 (33/33)
----------------------------------------
⏳ 验证无提升 (验证准确率: 0.9637 ≤ 0.9643)，patience: 2/50

======================================================================
🚀 Epoch 27/200
======================================================================
📚 开始训练阶段...
训练进度: 500/3164 损失=0.0426
训练进度: 1000/3164 损失=0.0480
训练进度: 1500/3164 损失=0.0474
训练进度: 2000/3164 损失=0.0160
训练进度: 2500/3164 损失=0.0365
训练进度: 3000/3164 损失=0.0823
训练进度: 3164/3164 损失=0.0538
✅ 训练完成，耗时: 57.5秒 (1.0分钟)

============================================================
📊 验证决策: Epoch 27/200
   验证间隔: 1
   是否验证: ✅ 是
   原因: 达到验证间隔 (0 == 0)
============================================================

🔍 开始验证...
验证进度: 500/686 损失=0.4069
验证进度: 686/686 损失=0.5160

📊 预测分布分析:
  - 预测的前5个类别: {np.int64(0): 281684, np.int64(1): 37083, np.int64(2): 14818, np.int64(3): 10792, np.int64(4): 8511}
  - 标签的前5个类别: {np.int64(0): 281232, np.int64(1): 36731, np.int64(2): 14789, np.int64(3): 10866, np.int64(4): 8585}
✅ 验证完成，耗时: 4.7秒 (0.1分钟)
训练损失: 0.0398
验证损失: 0.3133
验证准确率: 0.9641 (10570/10964) - 与Levenshtein高度相关
验证F1(加权): 0.9637 - 类别平衡更好
学习率: 0.000096
显存使用: 0.47GB (预留: 0.69GB)

生成的训练样本:
--------------------------------------------------------------------------------
输入:       WNBJJ B<L> >RB<M>> WXMCJN GBRJN NTLWN LN
目标:     0 1 0 0 2 0 0 0 0 4 0 0 0 0 0 5 0 0 2 0 1 0 0 0 0 2 0 0 0 2 0 0 0 34 0 3 0 0 0 1 0
预测:     0 1 0 0 2 0 0 0 0 4 0 0 0 0 0 5 0 0 2 0 1 0 0 0 0 2 0 0 0 2 0 0 0 34 0 3 0 0 0 1 0
准确率:    1.0000 (41/41)
----------------------------------------
输入:       HJDJN SLQ RYN MLK> D>RM WPQX BR
目标:     0 0 0 0 0 0 0 0 0 3 0 0 0 2 0 0 0 4 0 0 1 0 0 2 0 1 0 0 2 0 0 2
预测:     0 0 0 0 0 0 0 0 0 3 0 0 0 2 0 0 0 4 0 0 1 0 0 2 0 1 0 0 2 0 0 2
准确率:    1.0000 (32/32)
----------------------------------------
输入:       >JK DXDJ <L >BHJKWN KD TCM< BQLH
目标:     0 0 0 0 0 1 0 0 3 0 0 0 0 0 8 2 1 0 0 0 0 0 0 0 6 0 0 3 0 1 0 5 0
预测:     0 0 0 0 0 1 0 0 3 0 0 0 0 0 8 2 1 0 0 0 0 0 0 0 6 0 0 3 0 1 0 5 0
准确率:    1.0000 (33/33)
----------------------------------------

生成的验证样本:
--------------------------------------------------------------------------------
输入:       YBJNH D>LH> LMSV> MN KL DBJC WKLJ
目标:     0 0 0 0 5 0 0 1 0 0 4 0 0 1 6 0 10 7 0 0 0 0 0 2 0 1 0 0 2 0 36 0 0 3
预测:     0 0 0 0 5 0 0 1 0 0 4 0 0 1 6 0 10 7 0 0 0 0 0 2 0 1 0 0 2 0 36 0 0 3
准确率:    1.0000 (34/34)
----------------------------------------
输入:       D>LH> LMSV> MN KL DBJC WKLJ XJLK
目标:     0 1 0 0 4 0 0 1 6 0 10 7 0 0 0 0 0 2 0 1 0 0 2 0 36 0 0 3 0 0 0 5 0
预测:     0 1 0 0 4 0 0 1 6 0 10 7 0 0 0 0 0 2 0 1 0 0 2 0 36 0 0 3 0 0 0 5 0
准确率:    1.0000 (33/33)
----------------------------------------
⏳ 验证无提升 (验证准确率: 0.9641 ≤ 0.9643)，patience: 3/50

======================================================================
🚀 Epoch 28/200
======================================================================
📚 开始训练阶段...
训练进度: 500/3164 损失=0.0467
训练进度: 1000/3164 损失=0.0292
训练进度: 1500/3164 损失=0.0398
训练进度: 2000/3164 损失=0.0204
训练进度: 2500/3164 损失=0.0238
训练进度: 3000/3164 损失=0.0497
训练进度: 3164/3164 损失=0.0581
✅ 训练完成，耗时: 57.6秒 (1.0分钟)

============================================================
📊 验证决策: Epoch 28/200
   验证间隔: 1
   是否验证: ✅ 是
   原因: 达到验证间隔 (0 == 0)
============================================================

🔍 开始验证...
验证进度: 500/686 损失=0.4073
验证进度: 686/686 损失=0.6438

📊 预测分布分析:
  - 预测的前5个类别: {np.int64(0): 281623, np.int64(1): 37084, np.int64(2): 14822, np.int64(3): 10624, np.int64(4): 8748}
  - 标签的前5个类别: {np.int64(0): 281232, np.int64(1): 36731, np.int64(2): 14789, np.int64(3): 10866, np.int64(4): 8585}
✅ 验证完成，耗时: 4.7秒 (0.1分钟)
训练损失: 0.0385
验证损失: 0.3286
验证准确率: 0.9637 (10565/10964) - 与Levenshtein高度相关
验证F1(加权): 0.9630 - 类别平衡更好
学习率: 0.000095
显存使用: 0.47GB (预留: 0.69GB)

生成的训练样本:
--------------------------------------------------------------------------------
输入:       <BDH WNHW> MRJ> >LHN <MN >JK DHW>
目标:     0 0 0 37 0 0 1 6 0 10 3 0 0 0 0 2 0 0 0 5 0 0 0 1 0 0 0 0 0 0 1 0 10 3
预测:     0 0 0 37 0 0 1 6 0 10 3 0 0 0 0 2 0 0 0 5 0 0 0 1 0 0 0 0 0 0 1 0 10 3
准确率:    1.0000 (34/34)
----------------------------------------
输入:       WL> SLQTWN LVWR> W>MR >N> >N> MRJ>
目标:     0 1 0 0 0 0 0 3 0 0 0 0 1 0 0 4 0 0 1 0 0 3 0 0 0 0 0 0 0 0 0 0 0 0 2
预测:     0 1 0 0 0 0 0 3 0 0 0 0 1 0 0 4 0 0 1 0 0 3 0 0 0 0 0 0 0 0 0 0 0 0 2
准确率:    1.0000 (35/35)
----------------------------------------
输入:       BJ <>L WCGC WVBT> LBJCT> HPK WBM>NJ
目标:     0 0 106 0 8 0 83 0 1 0 0 7 0 1 0 2 23 0 0 1 0 0 2 23 0 0 0 0 7 0 1 1 0 0 2 0
预测:     0 0 106 0 8 0 83 0 1 0 0 7 0 1 0 2 23 0 0 1 0 0 2 23 0 0 0 0 7 0 1 1 0 0 2 0
准确率:    1.0000 (36/36)
----------------------------------------

生成的验证样本:
--------------------------------------------------------------------------------
输入:       YBJNH D>LH> LMSV> MN KL DBJC WKLJ
目标:     0 0 0 0 5 0 0 1 0 0 4 0 0 1 6 0 10 7 0 0 0 0 0 2 0 1 0 0 2 0 36 0 0 3
预测:     0 0 0 0 5 0 0 1 0 0 4 0 0 1 6 0 10 7 0 0 0 0 0 2 0 1 0 0 2 0 36 0 0 3
准确率:    1.0000 (34/34)
----------------------------------------
输入:       D>LH> LMSV> MN KL DBJC WKLJ XJLK
目标:     0 1 0 0 4 0 0 1 6 0 10 7 0 0 0 0 0 2 0 1 0 0 2 0 36 0 0 3 0 0 0 5 0
预测:     0 1 0 0 4 0 0 1 6 0 10 7 0 0 0 0 0 2 0 1 0 0 2 0 36 0 0 3 0 0 0 5 0
准确率:    1.0000 (33/33)
----------------------------------------
⏳ 验证无提升 (验证准确率: 0.9637 ≤ 0.9643)，patience: 4/50

======================================================================
🚀 Epoch 29/200
======================================================================
📚 开始训练阶段...
训练进度: 500/3164 损失=0.0277
训练进度: 1000/3164 损失=0.0350
训练进度: 1500/3164 损失=0.0447
训练进度: 2000/3164 损失=0.0398
训练进度: 2500/3164 损失=0.0114
训练进度: 3000/3164 损失=0.0240
训练进度: 3164/3164 损失=0.0324
✅ 训练完成，耗时: 57.6秒 (1.0分钟)

============================================================
📊 验证决策: Epoch 29/200
   验证间隔: 1
   是否验证: ✅ 是
   原因: 达到验证间隔 (0 == 0)
============================================================

🔍 开始验证...
验证进度: 500/686 损失=0.3776
验证进度: 686/686 损失=0.6799

📊 预测分布分析:
  - 预测的前5个类别: {np.int64(0): 282122, np.int64(1): 37121, np.int64(2): 14842, np.int64(3): 10843, np.int64(4): 8781}
  - 标签的前5个类别: {np.int64(0): 281232, np.int64(1): 36731, np.int64(2): 14789, np.int64(3): 10866, np.int64(4): 8585}
✅ 验证完成，耗时: 4.7秒 (0.1分钟)
训练损失: 0.0377
验证损失: 0.3197
验证准确率: 0.9649 (10579/10964) - 与Levenshtein高度相关
验证F1(加权): 0.9641 - 类别平衡更好
学习率: 0.000095
显存使用: 0.48GB (预留: 0.69GB)

生成的训练样本:
--------------------------------------------------------------------------------
输入:       GZT> BLXWDJH W<L KLH >R<> NHW> VL>
目标:     0 0 2 9 0 0 1 0 0 0 2 1 12 0 1 0 0 0 0 5 12 0 0 0 4 0 0 6 0 10 3 0 0 4 0
预测:     0 0 2 9 0 0 1 0 0 0 2 1 12 0 1 0 0 0 0 5 12 0 0 0 4 0 0 6 0 10 3 0 0 4 0
准确率:    1.0000 (35/35)
----------------------------------------
输入:       WML>KH DMRJ> >TGLZ MN Y>DWHJ WXZ> GD<WN
目标:     0 1 0 0 0 5 0 0 1 0 0 0 2 0 0 14 0 0 3 0 0 0 0 10 0 25 1 0 0 0 1 0 10 3 0 0 0 0 0 2
预测:     0 1 0 0 0 5 0 0 1 0 0 0 2 0 0 14 0 0 3 0 0 0 0 10 0 25 1 0 0 0 1 0 10 3 0 0 0 0 0 2
准确率:    1.0000 (40/40)
----------------------------------------
输入:       WTJMN> WPQ<T> W>ZL JHWD> <L KN<NJ> DJTBJN
目标:     0 1 0 0 0 4 0 0 1 0 0 13 9 0 0 1 0 0 3 0 0 0 0 0 2 0 0 0 0 0 0 0 0 11 0 0 1 0 0 7 0 0
预测:     0 1 0 0 0 4 0 0 1 0 0 13 9 0 0 1 0 0 3 0 0 0 0 0 2 0 0 0 0 0 0 0 0 11 0 0 1 0 0 7 0 0
准确率:    1.0000 (42/42)
----------------------------------------

生成的验证样本:
--------------------------------------------------------------------------------
输入:       YBJNH D>LH> LMSV> MN KL DBJC WKLJ
目标:     0 0 0 0 5 0 0 1 0 0 4 0 0 1 6 0 10 7 0 0 0 0 0 2 0 1 0 0 2 0 36 0 0 3
预测:     0 0 0 0 5 0 0 1 0 0 4 0 0 1 6 0 10 7 0 0 0 0 0 2 0 1 0 0 2 0 36 0 0 3
准确率:    1.0000 (34/34)
----------------------------------------
输入:       D>LH> LMSV> MN KL DBJC WKLJ XJLK
目标:     0 1 0 0 4 0 0 1 6 0 10 7 0 0 0 0 0 2 0 1 0 0 2 0 36 0 0 3 0 0 0 5 0
预测:     0 1 0 0 4 0 0 1 6 0 10 7 0 0 0 0 0 2 0 1 0 0 2 0 36 0 0 3 0 0 0 5 0
准确率:    1.0000 (33/33)
----------------------------------------
💾 保存新的最佳模型！验证准确率: 0.9649 (F1: 0.9641) (Epoch 29)

======================================================================
🚀 Epoch 30/200
======================================================================
📚 开始训练阶段...
训练进度: 500/3164 损失=0.0436
训练进度: 1000/3164 损失=0.0598
训练进度: 1500/3164 损失=0.0583
训练进度: 2000/3164 损失=0.0216
训练进度: 2500/3164 损失=0.0719
训练进度: 3000/3164 损失=0.0384
训练进度: 3164/3164 损失=0.0315
✅ 训练完成，耗时: 57.5秒 (1.0分钟)

============================================================
📊 验证决策: Epoch 30/200
   验证间隔: 1
   是否验证: ✅ 是
   原因: 达到验证间隔 (0 == 0)
============================================================

🔍 开始验证...
验证进度: 500/686 损失=0.3844
验证进度: 686/686 损失=0.7430

📊 预测分布分析:
  - 预测的前5个类别: {np.int64(0): 281670, np.int64(1): 36972, np.int64(2): 14994, np.int64(3): 10420, np.int64(4): 8681}
  - 标签的前5个类别: {np.int64(0): 281232, np.int64(1): 36731, np.int64(2): 14789, np.int64(3): 10866, np.int64(4): 8585}
✅ 验证完成，耗时: 4.7秒 (0.1分钟)
训练损失: 0.0363
验证损失: 0.3211
验证准确率: 0.9644 (10573/10964) - 与Levenshtein高度相关
验证F1(加权): 0.9639 - 类别平衡更好
学习率: 0.000095
显存使用: 0.47GB (预留: 0.69GB)

生成的训练样本:
--------------------------------------------------------------------------------
输入:       NPC> WXLPN NPCT> BMXTJHJN DLWT PGR> WHW
目标:     0 0 0 4 0 0 1 0 0 49 0 0 0 0 2 23 0 0 1 0 0 2 1 0 0 0 0 1 0 0 0 0 0 0 11 0 0 1 0 0
预测:     0 0 0 4 0 0 1 0 0 49 0 0 0 0 2 23 0 0 1 0 0 2 1 0 0 0 0 1 0 0 0 0 0 0 11 0 0 1 0 0
准确率:    1.0000 (40/40)
----------------------------------------
输入:       H> PRC> HWT LHJN LPRD> MVL D<DKJL
目标:     0 0 0 0 0 0 7 0 0 0 18 26 0 1 0 0 0 0 1 0 0 61 0 0 0 0 0 0 1 0 0 0 0 0
预测:     0 0 0 0 0 0 7 0 0 0 18 26 0 1 0 0 0 0 1 0 0 61 0 0 0 0 0 0 1 0 0 0 0 0
准确率:    1.0000 (34/34)
----------------------------------------
输入:       D>GR <LJK LBL<M BR B<WR MN PJTWR
目标:     0 1 0 0 33 0 0 8 1 0 0 1 0 0 0 2 0 0 2 0 0 0 0 2 0 0 0 0 0 0 0 0 2
预测:     0 1 0 0 33 0 0 8 1 0 0 1 0 0 0 2 0 0 2 0 0 0 0 2 0 0 0 0 0 0 0 0 2
准确率:    1.0000 (33/33)
----------------------------------------

生成的验证样本:
--------------------------------------------------------------------------------
输入:       YBJNH D>LH> LMSV> MN KL DBJC WKLJ
目标:     0 0 0 0 5 0 0 1 0 0 4 0 0 1 6 0 10 7 0 0 0 0 0 2 0 1 0 0 2 0 36 0 0 3
预测:     0 0 0 0 5 0 0 1 0 0 4 0 0 1 6 0 10 7 0 0 0 0 0 2 0 1 0 0 2 0 36 0 0 3
准确率:    1.0000 (34/34)
----------------------------------------
输入:       D>LH> LMSV> MN KL DBJC WKLJ XJLK
目标:     0 1 0 0 4 0 0 1 6 0 10 7 0 0 0 0 0 2 0 1 0 0 2 0 36 0 0 3 0 0 0 5 0
预测:     0 1 0 0 4 0 0 1 6 0 10 7 0 0 0 0 0 2 0 1 0 0 2 0 36 0 0 3 0 0 0 5 0
准确率:    1.0000 (33/33)
----------------------------------------
⏳ 验证无提升 (验证准确率: 0.9644 ≤ 0.9649)，patience: 1/50

======================================================================
🚀 Epoch 31/200
======================================================================
📚 开始训练阶段...
训练进度: 500/3164 损失=0.0175
训练进度: 1000/3164 损失=0.0329
训练进度: 1500/3164 损失=0.0561
训练进度: 2000/3164 损失=0.0283
训练进度: 2500/3164 损失=0.0189
训练进度: 3000/3164 损失=0.0325
训练进度: 3164/3164 损失=0.0388
✅ 训练完成，耗时: 57.6秒 (1.0分钟)

============================================================
📊 验证决策: Epoch 31/200
   验证间隔: 1
   是否验证: ✅ 是
   原因: 达到验证间隔 (0 == 0)
============================================================

🔍 开始验证...
验证进度: 500/686 损失=0.3492
验证进度: 686/686 损失=0.5708

📊 预测分布分析:
  - 预测的前5个类别: {np.int64(0): 281813, np.int64(1): 37130, np.int64(2): 14833, np.int64(3): 10866, np.int64(4): 9119}
  - 标签的前5个类别: {np.int64(0): 281232, np.int64(1): 36731, np.int64(2): 14789, np.int64(3): 10866, np.int64(4): 8585}
✅ 验证完成，耗时: 4.7秒 (0.1分钟)
训练损失: 0.0356
验证损失: 0.3303
验证准确率: 0.9644 (10573/10964) - 与Levenshtein高度相关
验证F1(加权): 0.9635 - 类别平衡更好
学习率: 0.000094
显存使用: 0.48GB (预留: 0.69GB)

生成的训练样本:
--------------------------------------------------------------------------------
输入:       W>JK MJ> >T>CDT W>TBDRW KLHWN GRMJ WHW>
目标:     0 1 0 0 0 0 24 9 0 0 0 14 0 0 3 0 0 1 0 14 0 0 3 19 0 0 5 0 0 0 0 0 0 2 46 0 1 0 10 3
预测:     0 1 0 0 0 0 24 9 0 0 0 14 0 0 3 0 0 1 0 14 0 0 3 19 0 0 5 0 0 0 0 0 0 2 46 0 1 0 10 3
准确率:    1.0000 (40/40)
----------------------------------------
输入:       DTR<SR BCB<> W<SRJN BH BJRX> >RJM >WL
目标:     0 1 0 118 0 0 2 0 1 0 0 2 0 0 1 0 0 0 0 2 0 1 0 0 1 0 0 4 0 0 17 20 0 3 0 0 0 2
预测:     0 1 0 118 0 0 2 0 1 0 0 2 0 0 1 0 0 0 0 2 0 1 0 0 1 0 0 4 0 0 17 20 0 3 0 0 0 2
准确率:    1.0000 (38/38)
----------------------------------------
输入:       D>LH> >CT<> LJ KLHJN RWRBT> D<BD >LJC<
目标:     0 1 0 0 4 0 6 47 39 0 10 16 0 1 0 0 0 5 0 0 0 0 0 0 0 2 23 0 0 1 0 0 3 0 0 0 0 0 2
预测:     0 1 0 0 4 0 6 47 39 0 10 16 0 1 0 0 0 5 0 0 0 0 0 0 0 2 23 0 0 1 0 0 3 0 0 0 0 0 2
准确率:    1.0000 (39/39)
----------------------------------------

生成的验证样本:
--------------------------------------------------------------------------------
输入:       YBJNH D>LH> LMSV> MN KL DBJC WKLJ
目标:     0 0 0 0 5 0 0 1 0 0 4 0 0 1 6 0 10 7 0 0 0 0 0 2 0 1 0 0 2 0 36 0 0 3
预测:     0 0 0 0 5 0 0 1 0 0 4 0 0 1 6 0 10 7 0 0 0 0 0 2 0 1 0 0 2 0 36 0 0 3
准确率:    1.0000 (34/34)
----------------------------------------
输入:       D>LH> LMSV> MN KL DBJC WKLJ XJLK
目标:     0 1 0 0 4 0 0 1 6 0 10 7 0 0 0 0 0 2 0 1 0 0 2 0 36 0 0 3 0 0 0 5 0
预测:     0 1 0 0 4 0 0 1 6 0 10 7 0 0 0 0 0 2 0 1 0 0 2 0 36 0 0 3 0 0 0 5 0
准确率:    1.0000 (33/33)
----------------------------------------
⏳ 验证无提升 (验证准确率: 0.9644 ≤ 0.9649)，patience: 2/50

======================================================================
🚀 Epoch 32/200
======================================================================
📚 开始训练阶段...
训练进度: 500/3164 损失=0.0186
训练进度: 1000/3164 损失=0.0388
训练进度: 1500/3164 损失=0.0304
训练进度: 2000/3164 损失=0.0268
训练进度: 2500/3164 损失=0.0478
训练进度: 3000/3164 损失=0.0418
训练进度: 3164/3164 损失=0.0389
✅ 训练完成，耗时: 57.6秒 (1.0分钟)

============================================================
📊 验证决策: Epoch 32/200
   验证间隔: 1
   是否验证: ✅ 是
   原因: 达到验证间隔 (0 == 0)
============================================================

🔍 开始验证...
验证进度: 500/686 损失=0.3980
验证进度: 686/686 损失=0.5379

📊 预测分布分析:
  - 预测的前5个类别: {np.int64(0): 281997, np.int64(1): 37013, np.int64(2): 14843, np.int64(3): 10640, np.int64(4): 8830}
  - 标签的前5个类别: {np.int64(0): 281232, np.int64(1): 36731, np.int64(2): 14789, np.int64(3): 10866, np.int64(4): 8585}
✅ 验证完成，耗时: 4.7秒 (0.1分钟)
训练损失: 0.0347
验证损失: 0.3275
验证准确率: 0.9643 (10572/10964) - 与Levenshtein高度相关
验证F1(加权): 0.9637 - 类别平衡更好
学习率: 0.000094
显存使用: 0.48GB (预留: 0.69GB)

生成的训练样本:
--------------------------------------------------------------------------------
输入:       >MR HKN> WHN> >MR HKN> WNPQ RWX>
目标:     0 0 0 7 0 0 0 0 0 0 1 0 0 0 0 0 0 7 0 0 0 0 0 0 1 0 0 3 0 0 0 4 0
预测:     0 0 0 7 0 0 0 0 0 0 1 0 0 0 0 0 0 7 0 0 0 0 0 0 1 0 0 3 0 0 0 4 0
准确率:    1.0000 (33/33)
----------------------------------------
输入:       <SB> HW >KL> WMVL HN> KLHJN NQWT>
目标:     0 0 0 4 0 0 0 0 0 0 0 7 0 0 1 0 0 0 0 0 0 0 0 0 5 0 0 0 0 0 10 2 23 0
预测:     0 0 0 4 0 0 0 0 0 0 0 7 0 0 1 0 0 0 0 0 0 0 0 0 5 0 0 0 0 0 10 2 23 0
准确率:    1.0000 (34/34)
----------------------------------------
输入:       BYBWT> DVM>N LHWN KWRHN> DJN WXWLMN> W<WTR>
目标:     0 1 0 0 2 23 0 0 1 0 0 2 0 0 1 0 0 0 0 0 0 0 0 4 0 0 0 0 0 0 1 0 0 0 0 4 0 0 1 0 0 0 4 0
预测:     0 1 0 0 2 23 0 0 1 0 0 2 0 0 1 0 0 0 0 0 0 0 0 4 0 0 0 0 0 0 1 0 0 0 0 4 0 0 1 0 0 0 4 0
准确率:    1.0000 (44/44)
----------------------------------------

生成的验证样本:
--------------------------------------------------------------------------------
输入:       YBJNH D>LH> LMSV> MN KL DBJC WKLJ
目标:     0 0 0 0 5 0 0 1 0 0 4 0 0 1 6 0 10 7 0 0 0 0 0 2 0 1 0 0 2 0 36 0 0 3
预测:     0 0 0 0 5 0 0 1 0 0 4 0 0 1 6 0 10 7 0 0 0 0 0 2 0 1 0 0 2 0 36 0 0 3
准确率:    1.0000 (34/34)
----------------------------------------
输入:       D>LH> LMSV> MN KL DBJC WKLJ XJLK
目标:     0 1 0 0 4 0 0 1 6 0 10 7 0 0 0 0 0 2 0 1 0 0 2 0 36 0 0 3 0 0 0 5 0
预测:     0 1 0 0 4 0 0 1 6 0 10 7 0 0 0 0 0 2 0 1 0 0 2 0 36 0 0 3 0 0 0 5 0
准确率:    1.0000 (33/33)
----------------------------------------
⏳ 验证无提升 (验证准确率: 0.9643 ≤ 0.9649)，patience: 3/50

======================================================================
🚀 Epoch 33/200
======================================================================
📚 开始训练阶段...
训练进度: 500/3164 损失=0.0399
训练进度: 1000/3164 损失=0.0290
训练进度: 1500/3164 损失=0.0326
训练进度: 2000/3164 损失=0.0198
训练进度: 2500/3164 损失=0.0617
训练进度: 3000/3164 损失=0.0327
训练进度: 3164/3164 损失=0.0438
✅ 训练完成，耗时: 57.8秒 (1.0分钟)

============================================================
📊 验证决策: Epoch 33/200
   验证间隔: 1
   是否验证: ✅ 是
   原因: 达到验证间隔 (0 == 0)
============================================================

🔍 开始验证...
验证进度: 500/686 损失=0.3965
验证进度: 686/686 损失=0.4513

📊 预测分布分析:
  - 预测的前5个类别: {np.int64(0): 281713, np.int64(1): 37053, np.int64(2): 14778, np.int64(3): 10837, np.int64(4): 8654}
  - 标签的前5个类别: {np.int64(0): 281232, np.int64(1): 36731, np.int64(2): 14789, np.int64(3): 10866, np.int64(4): 8585}
✅ 验证完成，耗时: 4.7秒 (0.1分钟)
训练损失: 0.0338
验证损失: 0.3276
验证准确率: 0.9642 (10571/10964) - 与Levenshtein高度相关
验证F1(加权): 0.9636 - 类别平衡更好
学习率: 0.000094
显存使用: 0.47GB (预留: 0.69GB)

生成的训练样本:
--------------------------------------------------------------------------------
输入:       H> CM<N DMLK> D>JSRJL MLK> >NWN VB>
目标:     0 0 0 0 0 0 3 0 0 1 0 0 11 0 0 1 0 0 0 0 0 2 0 0 0 11 0 0 0 0 0 0 0 0 11 0
预测:     0 0 0 0 0 0 3 0 0 1 0 0 11 0 0 1 0 0 0 0 0 2 0 0 0 11 0 0 0 0 0 0 0 0 11 0
准确率:    1.0000 (36/36)
----------------------------------------
输入:       CB<JN GBRJN WSMW RJCJHWN BMSN> WCDRW LH
目标:     0 0 0 0 0 2 0 0 0 2 0 0 0 1 31 3 0 0 0 0 2 1 0 0 0 0 1 0 0 61 0 0 1 0 0 3 19 0 1 0
预测:     0 0 0 2 0 2 0 0 0 2 0 0 0 1 31 3 0 0 0 0 2 1 0 0 0 0 1 0 0 61 0 0 1 0 0 3 19 0 1 0
准确率:    0.9750 (39/40)
----------------------------------------
输入:       >N TYB> LMCM< T>LP W>N TRKN >DNK
目标:     0 0 0 0 6 0 10 3 0 1 6 0 0 7 0 73 0 0 3 0 1 0 0 0 28 0 0 3 0 0 0 5 0
预测:     0 0 0 0 6 0 10 3 0 1 6 0 0 7 0 73 0 0 3 0 1 0 0 0 28 0 0 3 0 0 0 5 0
准确率:    1.0000 (33/33)
----------------------------------------

生成的验证样本:
--------------------------------------------------------------------------------
输入:       YBJNH D>LH> LMSV> MN KL DBJC WKLJ
目标:     0 0 0 0 5 0 0 1 0 0 4 0 0 1 6 0 10 7 0 0 0 0 0 2 0 1 0 0 2 0 36 0 0 3
预测:     0 0 0 0 5 0 0 1 0 0 4 0 0 1 6 0 10 7 0 0 0 0 0 2 0 1 0 0 2 0 36 0 0 3
准确率:    1.0000 (34/34)
----------------------------------------
输入:       D>LH> LMSV> MN KL DBJC WKLJ XJLK
目标:     0 1 0 0 4 0 0 1 6 0 10 7 0 0 0 0 0 2 0 1 0 0 2 0 36 0 0 3 0 0 0 5 0
预测:     0 1 0 0 4 0 0 1 6 0 10 7 0 0 0 0 0 2 0 1 0 0 2 0 36 0 0 3 0 0 0 5 0
准确率:    1.0000 (33/33)
----------------------------------------
⏳ 验证无提升 (验证准确率: 0.9642 ≤ 0.9649)，patience: 4/50

======================================================================
🚀 Epoch 34/200
======================================================================
📚 开始训练阶段...
训练进度: 500/3164 损失=0.0354
训练进度: 1000/3164 损失=0.0812
训练进度: 1500/3164 损失=0.0197
训练进度: 2000/3164 损失=0.0309
训练进度: 2500/3164 损失=0.0458
训练进度: 3000/3164 损失=0.0459
训练进度: 3164/3164 损失=0.0674
✅ 训练完成，耗时: 57.6秒 (1.0分钟)

============================================================
📊 验证决策: Epoch 34/200
   验证间隔: 1
   是否验证: ✅ 是
   原因: 达到验证间隔 (0 == 0)
============================================================

🔍 开始验证...
验证进度: 500/686 损失=0.3759
验证进度: 686/686 损失=0.5963

📊 预测分布分析:
  - 预测的前5个类别: {np.int64(0): 282057, np.int64(1): 37239, np.int64(2): 14729, np.int64(3): 10822, np.int64(4): 8790}
  - 标签的前5个类别: {np.int64(0): 281232, np.int64(1): 36731, np.int64(2): 14789, np.int64(3): 10866, np.int64(4): 8585}
✅ 验证完成，耗时: 4.7秒 (0.1分钟)
训练损失: 0.0329
验证损失: 0.3374
验证准确率: 0.9644 (10573/10964) - 与Levenshtein高度相关
验证F1(加权): 0.9636 - 类别平衡更好
学习率: 0.000093
显存使用: 0.47GB (预留: 0.69GB)

生成的训练样本:
--------------------------------------------------------------------------------
输入:       WCDR >NWN LLBNN <SR> >LPJN BJRX> MTXLPJN
目标:     0 1 0 0 16 0 0 0 0 0 0 1 0 0 0 2 0 0 0 2 0 0 0 0 2 0 0 0 1 0 0 4 0 0 21 14 0 0 49 0 19
预测:     0 1 0 0 16 0 0 0 0 0 0 1 0 0 0 2 0 0 0 2 0 0 0 0 2 0 0 0 1 0 0 4 0 0 21 14 0 0 49 0 19
准确率:    1.0000 (41/41)
----------------------------------------
输入:       HC> L> TSBWN KSP> MN >JLJN DJHBJN
目标:     0 0 4 0 0 0 0 0 34 0 3 0 0 0 0 0 4 0 0 0 0 0 0 0 0 0 0 0 1 0 0 7 0 0
预测:     0 0 4 0 0 0 0 0 34 0 3 0 0 0 0 0 4 0 0 0 0 0 0 0 0 0 0 0 1 0 0 7 0 0
准确率:    1.0000 (34/34)
----------------------------------------
输入:       HLJN BMRKBT> WHLJN BRKC> WXNN BCMH DMRJ>
目标:     0 0 0 0 0 0 1 0 0 0 13 23 0 0 1 0 0 0 0 0 1 0 0 11 0 0 1 0 0 0 0 1 0 5 0 0 1 0 0 0 2
预测:     0 0 0 0 0 0 1 0 0 0 13 23 0 0 1 0 0 0 0 0 1 0 0 11 0 0 1 0 0 0 0 1 0 5 0 0 1 0 0 0 2
准确率:    1.0000 (41/41)
----------------------------------------

生成的验证样本:
--------------------------------------------------------------------------------
输入:       YBJNH D>LH> LMSV> MN KL DBJC WKLJ
目标:     0 0 0 0 5 0 0 1 0 0 4 0 0 1 6 0 10 7 0 0 0 0 0 2 0 1 0 0 2 0 36 0 0 3
预测:     0 0 0 0 5 0 0 1 0 0 4 0 0 1 6 0 10 7 0 0 0 0 0 2 0 1 0 0 2 0 36 0 0 3
准确率:    1.0000 (34/34)
----------------------------------------
输入:       D>LH> LMSV> MN KL DBJC WKLJ XJLK
目标:     0 1 0 0 4 0 0 1 6 0 10 7 0 0 0 0 0 2 0 1 0 0 2 0 36 0 0 3 0 0 0 5 0
预测:     0 1 0 0 4 0 0 1 6 0 10 7 0 0 0 0 0 2 0 1 0 0 2 0 36 0 0 3 0 0 0 5 0
准确率:    1.0000 (33/33)
----------------------------------------
⏳ 验证无提升 (验证准确率: 0.9644 ≤ 0.9649)，patience: 5/50

======================================================================
🚀 Epoch 35/200
======================================================================
📚 开始训练阶段...
训练进度: 500/3164 损失=0.0280
训练进度: 1000/3164 损失=0.0378
训练进度: 1500/3164 损失=0.0263
训练进度: 2000/3164 损失=0.0142
训练进度: 2500/3164 损失=0.0442
训练进度: 3000/3164 损失=0.0280
训练进度: 3164/3164 损失=0.0314
✅ 训练完成，耗时: 57.6秒 (1.0分钟)

============================================================
📊 验证决策: Epoch 35/200
   验证间隔: 1
   是否验证: ✅ 是
   原因: 达到验证间隔 (0 == 0)
============================================================

🔍 开始验证...
验证进度: 500/686 损失=0.4617
验证进度: 686/686 损失=0.7409

📊 预测分布分析:
  - 预测的前5个类别: {np.int64(0): 281576, np.int64(1): 37027, np.int64(2): 14787, np.int64(3): 10826, np.int64(4): 8746}
  - 标签的前5个类别: {np.int64(0): 281232, np.int64(1): 36731, np.int64(2): 14789, np.int64(3): 10866, np.int64(4): 8585}
✅ 验证完成，耗时: 4.7秒 (0.1分钟)
训练损失: 0.0322
验证损失: 0.3329
验证准确率: 0.9644 (10573/10964) - 与Levenshtein高度相关
验证F1(加权): 0.9637 - 类别平衡更好
学习率: 0.000093
显存使用: 0.47GB (预留: 0.69GB)

生成的训练样本:
--------------------------------------------------------------------------------
输入:       QDM >PWHJ W>P LRCJ<> HNJN MTPNJN VBT>
目标:     0 0 0 2 0 54 25 1 0 0 0 1 0 0 0 1 0 0 0 11 0 0 0 0 0 0 0 21 14 0 0 7 0 0 0 2 9 0
预测:     0 0 0 2 0 54 25 1 0 0 0 1 0 0 0 1 0 0 0 11 0 0 0 0 0 0 0 21 14 0 0 7 0 0 0 2 9 0
准确率:    1.0000 (38/38)
----------------------------------------
输入:       >PL> XD> MN >WMNWT> >JLJN DLWT >NCJN
目标:     0 0 0 0 0 0 0 2 0 0 0 0 0 0 0 0 0 2 23 0 0 0 0 0 0 0 0 1 0 0 0 0 0 0 2 0 0
预测:     0 0 0 0 0 0 0 2 0 0 0 0 0 0 0 0 0 2 23 0 0 0 0 0 0 0 0 1 0 0 0 0 0 0 2 0 0
准确率:    1.0000 (37/37)
----------------------------------------
输入:       D<LJMT> W>JTB LWTH TLT> JWMJN WL<SW W>CTJW
目标:     0 1 0 0 0 2 9 0 0 35 0 0 0 3 0 0 0 1 0 0 0 0 2 0 0 0 0 2 0 0 0 1 0 0 3 0 0 35 0 0 0 3 0
预测:     0 1 0 0 0 2 9 0 0 35 0 0 0 3 0 0 0 1 0 0 0 0 2 0 0 0 0 2 0 0 0 1 0 0 3 0 0 35 0 0 0 3 0
准确率:    1.0000 (43/43)
----------------------------------------

生成的验证样本:
--------------------------------------------------------------------------------
输入:       YBJNH D>LH> LMSV> MN KL DBJC WKLJ
目标:     0 0 0 0 5 0 0 1 0 0 4 0 0 1 6 0 10 7 0 0 0 0 0 2 0 1 0 0 2 0 36 0 0 3
预测:     0 0 0 0 5 0 0 1 0 0 4 0 0 1 6 0 10 7 0 0 0 0 0 2 0 1 0 0 2 0 36 0 0 3
准确率:    1.0000 (34/34)
----------------------------------------
输入:       D>LH> LMSV> MN KL DBJC WKLJ XJLK
目标:     0 1 0 0 4 0 0 1 6 0 10 7 0 0 0 0 0 2 0 1 0 0 2 0 36 0 0 3 0 0 0 5 0
预测:     0 1 0 0 4 0 0 1 6 0 10 7 0 0 0 0 0 2 0 1 0 0 2 0 36 0 0 3 0 0 0 5 0
准确率:    1.0000 (33/33)
----------------------------------------
⏳ 验证无提升 (验证准确率: 0.9644 ≤ 0.9649)，patience: 6/50

======================================================================
🚀 Epoch 36/200
======================================================================
📚 开始训练阶段...
训练进度: 500/3164 损失=0.0124
训练进度: 1000/3164 损失=0.0165
训练进度: 1500/3164 损失=0.0221
训练进度: 2000/3164 损失=0.0306
训练进度: 2500/3164 损失=0.0124
训练进度: 3000/3164 损失=0.0398
训练进度: 3164/3164 损失=0.0261
✅ 训练完成，耗时: 57.6秒 (1.0分钟)

============================================================
📊 验证决策: Epoch 36/200
   验证间隔: 1
   是否验证: ✅ 是
   原因: 达到验证间隔 (0 == 0)
============================================================

🔍 开始验证...
验证进度: 500/686 损失=0.3657
验证进度: 686/686 损失=0.6297

📊 预测分布分析:
  - 预测的前5个类别: {np.int64(0): 282398, np.int64(1): 37207, np.int64(2): 14690, np.int64(3): 10919, np.int64(4): 8624}
  - 标签的前5个类别: {np.int64(0): 281232, np.int64(1): 36731, np.int64(2): 14789, np.int64(3): 10866, np.int64(4): 8585}
✅ 验证完成，耗时: 4.7秒 (0.1分钟)
训练损失: 0.0311
验证损失: 0.3366
验证准确率: 0.9644 (10573/10964) - 与Levenshtein高度相关
验证F1(加权): 0.9636 - 类别平衡更好
学习率: 0.000092
显存使用: 0.47GB (预留: 0.69GB)

生成的训练样本:
--------------------------------------------------------------------------------
输入:       DPQDT L>BHJKWN W>JK DCLXT LHWN B>JD> D<BDJ
目标:     0 1 0 0 3 0 0 1 0 8 2 1 0 0 0 0 1 0 0 0 0 1 0 0 3 0 0 1 0 0 0 0 35 0 0 4 0 0 1 0 0 22 46
预测:     0 1 0 0 3 0 0 1 0 8 2 1 0 0 0 0 1 0 0 0 0 1 0 0 3 0 0 1 0 0 0 0 35 0 0 4 0 0 1 0 0 22 46
准确率:    1.0000 (43/43)
----------------------------------------
输入:       NWR> WMJ> B>JN> DYB> >NT >WCV >JDK
目标:     0 0 0 4 0 0 1 24 9 0 0 1 0 0 0 0 0 1 0 10 7 0 0 0 0 6 50 0 0 3 8 0 0 5 0
预测:     0 0 0 4 0 0 1 24 9 0 0 1 0 0 0 0 0 1 0 10 7 0 0 0 0 6 50 0 0 3 8 0 0 5 0
准确率:    1.0000 (35/35)
----------------------------------------
输入:       >LHKWN >SGJKWN W>JTJKWN JWMN> SWG>> >JK KWKB>
目标:     0 0 0 5 0 0 0 0 17 0 0 29 0 0 0 0 1 0 0 0 5 0 0 0 0 0 0 0 4 0 0 0 0 0 4 0 0 0 0 0 0 0 0 0 11 0
预测:     0 0 0 5 0 0 0 0 17 0 0 29 0 0 0 0 1 0 0 0 5 0 0 0 0 0 0 0 4 0 0 0 0 0 4 0 0 0 0 0 0 0 0 0 11 0
准确率:    1.0000 (46/46)
----------------------------------------

生成的验证样本:
--------------------------------------------------------------------------------
输入:       YBJNH D>LH> LMSV> MN KL DBJC WKLJ
目标:     0 0 0 0 5 0 0 1 0 0 4 0 0 1 6 0 10 7 0 0 0 0 0 2 0 1 0 0 2 0 36 0 0 3
预测:     0 0 0 0 5 0 0 1 0 0 4 0 0 1 6 0 10 7 0 0 0 0 0 2 0 1 0 0 2 0 36 0 0 3
准确率:    1.0000 (34/34)
----------------------------------------
输入:       D>LH> LMSV> MN KL DBJC WKLJ XJLK
目标:     0 1 0 0 4 0 0 1 6 0 10 7 0 0 0 0 0 2 0 1 0 0 2 0 36 0 0 3 0 0 0 5 0
预测:     0 1 0 0 4 0 0 1 6 0 10 7 0 0 0 0 0 2 0 1 0 0 2 0 36 0 0 3 0 0 0 5 0
准确率:    1.0000 (33/33)
----------------------------------------
⏳ 验证无提升 (验证准确率: 0.9644 ≤ 0.9649)，patience: 7/50

======================================================================
🚀 Epoch 37/200
======================================================================
📚 开始训练阶段...
训练进度: 500/3164 损失=0.0333
训练进度: 1000/3164 损失=0.0214
训练进度: 1500/3164 损失=0.0479
训练进度: 2000/3164 损失=0.0246
训练进度: 2500/3164 损失=0.0242
训练进度: 3000/3164 损失=0.0116
训练进度: 3164/3164 损失=0.0254
✅ 训练完成，耗时: 57.5秒 (1.0分钟)

============================================================
📊 验证决策: Epoch 37/200
   验证间隔: 1
   是否验证: ✅ 是
   原因: 达到验证间隔 (0 == 0)
============================================================

🔍 开始验证...
验证进度: 500/686 损失=0.3618
验证进度: 686/686 损失=0.6661

📊 预测分布分析:
  - 预测的前5个类别: {np.int64(0): 281656, np.int64(1): 37064, np.int64(2): 14807, np.int64(3): 10816, np.int64(4): 8660}
  - 标签的前5个类别: {np.int64(0): 281232, np.int64(1): 36731, np.int64(2): 14789, np.int64(3): 10866, np.int64(4): 8585}
✅ 验证完成，耗时: 4.7秒 (0.1分钟)
训练损失: 0.0303
验证损失: 0.3385
验证准确率: 0.9648 (10577/10964) - 与Levenshtein高度相关
验证F1(加权): 0.9642 - 类别平衡更好
学习率: 0.000092
显存使用: 0.47GB (预留: 0.69GB)

生成的训练样本:
--------------------------------------------------------------------------------
输入:       WDL> HKN LJT PRWS L>MTJ XJRJN XLC>
目标:     0 1 1 0 0 0 0 0 60 0 58 0 24 0 0 0 0 2 0 1 0 0 0 0 0 20 0 7 0 0 0 0 0 11 0
预测:     0 1 1 0 0 0 0 0 60 0 58 0 24 0 0 0 0 2 0 1 0 0 0 0 0 20 0 7 0 0 0 0 0 11 0
准确率:    1.0000 (35/35)
----------------------------------------
输入:       WDM> ZKJ> D>CD WMLH L>WRCLM DM> ZKJ>
目标:     0 1 0 4 0 0 0 0 15 0 0 1 0 0 3 0 1 0 105 12 0 1 0 0 0 0 0 2 0 0 4 0 0 0 0 15 0
预测:     0 1 0 4 0 0 0 0 15 0 0 1 0 0 3 0 1 0 105 12 0 1 0 0 0 0 0 2 0 0 4 0 0 0 0 15 0
准确率:    1.0000 (37/37)
----------------------------------------
输入:       MN >R<N NPQN WYHJWN >CTQLT MNN WLJT
目标:     0 0 0 0 0 0 5 0 0 0 0 3 0 0 1 0 0 0 0 2 0 47 39 0 0 3 26 0 0 1 0 0 1 58 0 24
预测:     0 0 0 0 0 0 5 0 0 0 0 3 0 0 1 0 0 0 0 2 0 47 39 0 0 3 26 0 0 1 0 0 1 58 0 24
准确率:    1.0000 (36/36)
----------------------------------------

生成的验证样本:
--------------------------------------------------------------------------------
输入:       YBJNH D>LH> LMSV> MN KL DBJC WKLJ
目标:     0 0 0 0 5 0 0 1 0 0 4 0 0 1 6 0 10 7 0 0 0 0 0 2 0 1 0 0 2 0 36 0 0 3
预测:     0 0 0 0 5 0 0 1 0 0 4 0 0 1 6 0 10 7 0 0 0 0 0 2 0 1 0 0 2 0 36 0 0 3
准确率:    1.0000 (34/34)
----------------------------------------
输入:       D>LH> LMSV> MN KL DBJC WKLJ XJLK
目标:     0 1 0 0 4 0 0 1 6 0 10 7 0 0 0 0 0 2 0 1 0 0 2 0 36 0 0 3 0 0 0 5 0
预测:     0 1 0 0 4 0 0 1 6 0 10 7 0 0 0 0 0 2 0 1 0 0 2 0 36 0 0 3 0 0 0 5 0
准确率:    1.0000 (33/33)
----------------------------------------
⏳ 验证无提升 (验证准确率: 0.9648 ≤ 0.9649)，patience: 8/50

======================================================================
🚀 Epoch 38/200
======================================================================
📚 开始训练阶段...
训练进度: 500/3164 损失=0.0226
训练进度: 1000/3164 损失=0.0087
训练进度: 1500/3164 损失=0.0487
训练进度: 2000/3164 损失=0.0298
训练进度: 2500/3164 损失=0.0310
训练进度: 3000/3164 损失=0.0227
训练进度: 3164/3164 损失=0.0328
✅ 训练完成，耗时: 57.6秒 (1.0分钟)

============================================================
📊 验证决策: Epoch 38/200
   验证间隔: 1
   是否验证: ✅ 是
   原因: 达到验证间隔 (0 == 0)
============================================================

🔍 开始验证...
验证进度: 500/686 损失=0.3971
验证进度: 686/686 损失=0.6690

📊 预测分布分析:
  - 预测的前5个类别: {np.int64(0): 281860, np.int64(1): 37156, np.int64(2): 14811, np.int64(3): 10874, np.int64(4): 8596}
  - 标签的前5个类别: {np.int64(0): 281232, np.int64(1): 36731, np.int64(2): 14789, np.int64(3): 10866, np.int64(4): 8585}
✅ 验证完成，耗时: 4.7秒 (0.1分钟)
训练损失: 0.0297
验证损失: 0.3442
验证准确率: 0.9645 (10575/10964) - 与Levenshtein高度相关
验证F1(加权): 0.9639 - 类别平衡更好
学习率: 0.000092
显存使用: 0.48GB (预留: 0.69GB)

生成的训练样本:
--------------------------------------------------------------------------------
输入:       WMHPK LHWN >JK R<J> VB> DR<> LGZRH
目标:     0 1 28 0 0 7 0 1 0 0 0 0 0 0 0 0 0 0 43 0 0 0 4 0 0 1 0 10 7 0 1 0 0 37 0
预测:     0 1 28 0 0 7 0 1 0 0 0 0 0 0 0 0 0 0 43 0 0 0 4 0 0 1 0 10 7 0 1 0 0 37 0
准确率:    1.0000 (35/35)
----------------------------------------
输入:       HW <BR QDMJK WHW NWBD <MM> HLJN
目标:     0 0 0 0 0 0 7 0 0 0 2 1 0 0 1 0 0 0 68 0 0 3 0 0 8 30 0 0 0 0 0 0
预测:     0 0 0 0 0 0 7 0 0 0 2 1 0 0 1 0 0 0 68 0 0 3 0 0 8 30 0 0 0 0 0 0
准确率:    1.0000 (32/32)
----------------------------------------
输入:       MTQR> NMWS> >MR LJ LWQDM D< BRJ
目标:     0 21 14 0 10 7 0 0 0 0 4 0 0 0 0 3 0 1 0 0 0 0 0 0 0 52 0 3 0 0 5 0
预测:     0 21 14 0 10 7 0 0 0 0 4 0 0 0 0 3 0 1 0 0 0 0 0 0 0 52 0 3 0 0 5 0
准确率:    1.0000 (32/32)
----------------------------------------

生成的验证样本:
--------------------------------------------------------------------------------
输入:       YBJNH D>LH> LMSV> MN KL DBJC WKLJ
目标:     0 0 0 0 5 0 0 1 0 0 4 0 0 1 6 0 10 7 0 0 0 0 0 2 0 1 0 0 2 0 36 0 0 3
预测:     0 0 0 0 5 0 0 1 0 0 4 0 0 1 6 0 10 7 0 0 0 0 0 2 0 1 0 0 2 0 36 0 0 3
准确率:    1.0000 (34/34)
----------------------------------------
输入:       D>LH> LMSV> MN KL DBJC WKLJ XJLK
目标:     0 1 0 0 4 0 0 1 6 0 10 7 0 0 0 0 0 2 0 1 0 0 2 0 36 0 0 3 0 0 0 5 0
预测:     0 1 0 0 4 0 0 1 6 0 10 7 0 0 0 0 0 2 0 1 0 0 2 0 36 0 0 3 0 0 0 5 0
准确率:    1.0000 (33/33)
----------------------------------------
⏳ 验证无提升 (验证准确率: 0.9645 ≤ 0.9649)，patience: 9/50

======================================================================
🚀 Epoch 39/200
======================================================================
📚 开始训练阶段...
训练进度: 500/3164 损失=0.0207
训练进度: 1000/3164 损失=0.0369
训练进度: 1500/3164 损失=0.0114
训练进度: 2000/3164 损失=0.0339
训练进度: 2500/3164 损失=0.0437
训练进度: 3000/3164 损失=0.0420
训练进度: 3164/3164 损失=0.0497
✅ 训练完成，耗时: 57.7秒 (1.0分钟)

============================================================
📊 验证决策: Epoch 39/200
   验证间隔: 1
   是否验证: ✅ 是
   原因: 达到验证间隔 (0 == 0)
============================================================

🔍 开始验证...
验证进度: 500/686 损失=0.3388
验证进度: 686/686 损失=0.6772

📊 预测分布分析:
  - 预测的前5个类别: {np.int64(0): 282111, np.int64(1): 37120, np.int64(2): 14817, np.int64(3): 10963, np.int64(4): 8781}
  - 标签的前5个类别: {np.int64(0): 281232, np.int64(1): 36731, np.int64(2): 14789, np.int64(3): 10866, np.int64(4): 8585}
✅ 验证完成，耗时: 4.8秒 (0.1分钟)
训练损失: 0.0292
验证损失: 0.3526
验证准确率: 0.9643 (10572/10964) - 与Levenshtein高度相关
验证F1(加权): 0.9636 - 类别平衡更好
学习率: 0.000091
显存使用: 0.47GB (预留: 0.69GB)

生成的训练样本:
--------------------------------------------------------------------------------
输入:       RDJN HWW W>T KLHWN GJR L> YLLW
目标:     0 0 42 0 0 0 0 18 0 8 8 8 12 0 0 5 0 0 0 0 0 0 0 0 0 0 0 0 0 3 19
预测:     0 0 42 0 0 0 0 18 0 8 8 8 12 0 0 5 0 0 0 0 0 0 0 0 0 0 0 0 0 3 19
准确率:    1.0000 (31/31)
----------------------------------------
输入:       LW >JK >NC DHD> CPRT LH >L>
目标:     0 81 0 0 0 0 0 0 0 0 2 0 1 0 0 0 0 0 0 3 26 0 1 0 0 0 0 0
预测:     0 81 0 0 0 0 0 0 0 0 2 0 1 0 0 0 0 0 0 3 26 0 1 0 0 0 0 0
准确率:    1.0000 (28/28)
----------------------------------------
输入:       W>MR LJ MRJ> CPJR KL MDM DMLLW
目标:     0 1 0 0 3 0 1 0 0 0 0 0 2 0 0 0 0 2 0 0 2 0 0 0 2 0 1 0 0 3 19
预测:     0 1 0 0 3 0 1 0 0 0 0 0 2 0 0 0 0 2 0 0 2 0 0 0 2 0 1 0 0 3 19
准确率:    1.0000 (31/31)
----------------------------------------

生成的验证样本:
--------------------------------------------------------------------------------
输入:       YBJNH D>LH> LMSV> MN KL DBJC WKLJ
目标:     0 0 0 0 5 0 0 1 0 0 4 0 0 1 6 0 10 7 0 0 0 0 0 2 0 1 0 0 2 0 36 0 0 3
预测:     0 0 0 0 5 0 0 1 0 0 4 0 0 1 6 0 10 7 0 0 0 0 0 2 0 1 0 0 2 0 36 0 0 3
准确率:    1.0000 (34/34)
----------------------------------------
输入:       D>LH> LMSV> MN KL DBJC WKLJ XJLK
目标:     0 1 0 0 4 0 0 1 6 0 10 7 0 0 0 0 0 2 0 1 0 0 2 0 36 0 0 3 0 0 0 5 0
预测:     0 1 0 0 4 0 0 1 6 0 10 7 0 0 0 0 0 2 0 1 0 0 2 0 36 0 0 3 0 0 0 5 0
准确率:    1.0000 (33/33)
----------------------------------------
⏳ 验证无提升 (验证准确率: 0.9643 ≤ 0.9649)，patience: 10/50

======================================================================
🚀 Epoch 40/200
======================================================================
📚 开始训练阶段...
训练进度: 500/3164 损失=0.0091
训练进度: 1000/3164 损失=0.0283
训练进度: 1500/3164 损失=0.0437
训练进度: 2000/3164 损失=0.0365
训练进度: 2500/3164 损失=0.0331
训练进度: 3000/3164 损失=0.0304
训练进度: 3164/3164 损失=0.0277
✅ 训练完成，耗时: 57.8秒 (1.0分钟)

============================================================
📊 验证决策: Epoch 40/200
   验证间隔: 1
   是否验证: ✅ 是
   原因: 达到验证间隔 (0 == 0)
============================================================

🔍 开始验证...
验证进度: 500/686 损失=0.3617
验证进度: 686/686 损失=0.7816

📊 预测分布分析:
  - 预测的前5个类别: {np.int64(0): 281963, np.int64(1): 37170, np.int64(2): 14711, np.int64(3): 10667, np.int64(4): 8908}
  - 标签的前5个类别: {np.int64(0): 281232, np.int64(1): 36731, np.int64(2): 14789, np.int64(3): 10866, np.int64(4): 8585}
✅ 验证完成，耗时: 4.7秒 (0.1分钟)
训练损失: 0.0287
验证损失: 0.3501
验证准确率: 0.9652 (10582/10964) - 与Levenshtein高度相关
验证F1(加权): 0.9644 - 类别平衡更好
学习率: 0.000091
显存使用: 0.47GB (预留: 0.69GB)

生成的训练样本:
--------------------------------------------------------------------------------
输入:       >W MYXJN >W <BD >JLJN DLHLJN DMJN
目标:     0 0 0 0 0 0 0 0 2 0 0 0 0 0 0 7 0 0 0 0 0 0 0 1 1 0 0 0 0 0 0 0 7 0
预测:     0 0 0 0 0 0 0 0 2 0 0 0 0 0 0 7 0 0 0 0 0 0 0 1 1 0 0 0 0 0 0 0 7 0
准确率:    1.0000 (34/34)
----------------------------------------
输入:       >LH> RWX> BJCT> <L >BJMLK W<L MRJH
目标:     0 0 0 4 0 0 0 0 4 0 0 0 0 2 9 0 0 0 0 0 0 0 0 0 0 2 0 1 0 0 0 0 13 1 12
预测:     0 0 0 4 0 0 0 0 4 0 0 0 0 2 9 0 0 0 0 0 0 0 0 0 0 2 0 1 0 0 0 0 13 1 12
准确率:    1.0000 (35/35)
----------------------------------------
输入:       DMLP >N> LKWN JWMN> LM<BD DTXWN WT<LWN
目标:     0 1 52 0 41 0 0 0 0 0 1 0 0 0 0 0 0 0 4 0 0 1 6 0 0 7 0 1 6 161 0 0 0 1 6 0 53 0 0
预测:     0 1 52 0 41 0 0 0 0 0 1 0 0 0 0 0 0 0 4 0 0 1 6 0 0 7 0 1 6 161 0 0 0 1 6 0 53 0 0
准确率:    1.0000 (39/39)
----------------------------------------

生成的验证样本:
--------------------------------------------------------------------------------
输入:       YBJNH D>LH> LMSV> MN KL DBJC WKLJ
目标:     0 0 0 0 5 0 0 1 0 0 4 0 0 1 6 0 10 7 0 0 0 0 0 2 0 1 0 0 2 0 36 0 0 3
预测:     0 0 0 0 5 0 0 1 0 0 4 0 0 1 6 0 10 7 0 0 0 0 0 2 0 1 0 0 2 0 36 0 0 3
准确率:    1.0000 (34/34)
----------------------------------------
输入:       D>LH> LMSV> MN KL DBJC WKLJ XJLK
目标:     0 1 0 0 4 0 0 1 6 0 10 7 0 0 0 0 0 2 0 1 0 0 2 0 36 0 0 3 0 0 0 5 0
预测:     0 1 0 0 4 0 0 1 6 0 10 7 0 0 0 0 0 2 0 1 0 0 2 0 36 0 0 3 0 0 0 5 0
准确率:    1.0000 (33/33)
----------------------------------------
💾 保存新的最佳模型！验证准确率: 0.9652 (F1: 0.9644) (Epoch 40)

======================================================================
🚀 Epoch 41/200
======================================================================
📚 开始训练阶段...
训练进度: 500/3164 损失=0.0076
训练进度: 1000/3164 损失=0.0078
训练进度: 1500/3164 损失=0.0145
训练进度: 2000/3164 损失=0.0259
训练进度: 2500/3164 损失=0.0190
训练进度: 3000/3164 损失=0.0157
训练进度: 3164/3164 损失=0.0769
✅ 训练完成，耗时: 58.0秒 (1.0分钟)

============================================================
📊 验证决策: Epoch 41/200
   验证间隔: 1
   是否验证: ✅ 是
   原因: 达到验证间隔 (0 == 0)
============================================================

🔍 开始验证...
验证进度: 500/686 损失=0.4323
验证进度: 686/686 损失=0.5991

📊 预测分布分析:
  - 预测的前5个类别: {np.int64(0): 281894, np.int64(1): 37033, np.int64(2): 14800, np.int64(3): 10881, np.int64(4): 8788}
  - 标签的前5个类别: {np.int64(0): 281232, np.int64(1): 36731, np.int64(2): 14789, np.int64(3): 10866, np.int64(4): 8585}
✅ 验证完成，耗时: 4.8秒 (0.1分钟)
训练损失: 0.0277
验证损失: 0.3540
验证准确率: 0.9646 (10575/10964) - 与Levenshtein高度相关
验证F1(加权): 0.9638 - 类别平衡更好
学习率: 0.000090
显存使用: 0.47GB (预留: 0.69GB)

生成的训练样本:
--------------------------------------------------------------------------------
输入:       N>RT MSKNWT> XMR> W>NTT> MPXZJN LB> WDMTDBQ
目标:     0 73 0 0 3 0 0 0 0 0 2 9 0 0 0 0 4 0 0 1 0 0 13 9 0 0 28 0 0 7 0 0 0 0 4 0 0 1 1 21 14 0 0 41
预测:     0 73 0 0 3 0 0 0 0 0 2 9 0 0 0 0 4 0 0 1 0 0 13 9 0 0 28 0 0 7 0 0 0 0 4 0 0 1 1 21 14 0 0 41
准确率:    1.0000 (44/44)
----------------------------------------
输入:       ZDQH DQVWL> DQVL LXBRH WXJ> M> DQVL
目标:     0 0 0 37 0 0 1 0 0 0 4 0 0 1 0 0 7 0 1 0 0 5 0 0 1 0 10 7 0 0 0 0 1 0 0 3
预测:     0 0 0 37 0 0 1 0 0 0 4 0 0 1 0 0 7 0 1 0 0 5 0 0 1 0 10 7 0 0 0 0 1 0 0 7
准确率:    0.9722 (35/36)
----------------------------------------
输入:       CTWQW W>MR >LJ> L>LJC< KTR LJ HRK>
目标:     6 0 8 0 3 0 0 1 0 0 3 0 0 0 0 2 0 1 0 0 0 0 2 6 0 0 16 0 1 0 0 0 0 0 0
预测:     6 0 8 0 3 0 0 1 0 0 3 0 0 0 0 2 0 1 0 0 0 0 2 6 0 0 16 0 1 0 0 0 0 0 0
准确率:    1.0000 (35/35)
----------------------------------------

生成的验证样本:
--------------------------------------------------------------------------------
输入:       YBJNH D>LH> LMSV> MN KL DBJC WKLJ
目标:     0 0 0 0 5 0 0 1 0 0 4 0 0 1 6 0 10 7 0 0 0 0 0 2 0 1 0 0 2 0 36 0 0 3
预测:     0 0 0 0 5 0 0 1 0 0 4 0 0 1 6 0 10 7 0 0 0 0 0 2 0 1 0 0 2 0 36 0 0 3
准确率:    1.0000 (34/34)
----------------------------------------
输入:       D>LH> LMSV> MN KL DBJC WKLJ XJLK
目标:     0 1 0 0 4 0 0 1 6 0 10 7 0 0 0 0 0 2 0 1 0 0 2 0 36 0 0 3 0 0 0 5 0
预测:     0 1 0 0 4 0 0 1 6 0 10 7 0 0 0 0 0 2 0 1 0 0 2 0 36 0 0 3 0 0 0 5 0
准确率:    1.0000 (33/33)
----------------------------------------
⏳ 验证无提升 (验证准确率: 0.9646 ≤ 0.9652)，patience: 1/50

======================================================================
🚀 Epoch 42/200
======================================================================
📚 开始训练阶段...
训练进度: 500/3164 损失=0.0242
训练进度: 1000/3164 损失=0.0582
训练进度: 1500/3164 损失=0.0560
训练进度: 2000/3164 损失=0.0492
训练进度: 2500/3164 损失=0.0280
训练进度: 3000/3164 损失=0.0353
训练进度: 3164/3164 损失=0.0501
✅ 训练完成，耗时: 58.1秒 (1.0分钟)

============================================================
📊 验证决策: Epoch 42/200
   验证间隔: 1
   是否验证: ✅ 是
   原因: 达到验证间隔 (0 == 0)
============================================================

🔍 开始验证...
验证进度: 500/686 损失=0.4291
验证进度: 686/686 损失=0.8101

📊 预测分布分析:
  - 预测的前5个类别: {np.int64(0): 282078, np.int64(1): 37100, np.int64(2): 14757, np.int64(3): 10631, np.int64(4): 8736}
  - 标签的前5个类别: {np.int64(0): 281232, np.int64(1): 36731, np.int64(2): 14789, np.int64(3): 10866, np.int64(4): 8585}
✅ 验证完成，耗时: 4.8秒 (0.1分钟)
训练损失: 0.0272
验证损失: 0.3549
验证准确率: 0.9649 (10579/10964) - 与Levenshtein高度相关
验证F1(加权): 0.9642 - 类别平衡更好
学习率: 0.000090
显存使用: 0.47GB (预留: 0.69GB)

生成的训练样本:
--------------------------------------------------------------------------------
输入:       B>WLYN> NTDBRWN <L TRTJN YBWN TWR LBJ
目标:     0 1 0 0 0 0 4 0 0 21 14 0 0 3 0 0 0 0 0 0 0 2 0 0 0 0 0 0 2 0 0 0 0 33 0 0 5 0
预测:     0 1 0 0 0 0 4 0 0 21 14 0 0 3 0 0 0 0 0 0 0 2 0 0 0 0 0 0 2 0 0 0 0 33 0 0 5 0
准确率:    1.0000 (38/38)
----------------------------------------
输入:       DBJT BLWV> DM<WNJN >MR LH ZKL >JK>
目标:     0 1 0 0 2 0 0 0 0 4 0 0 1 0 0 0 0 0 2 0 0 0 7 0 1 0 0 0 0 2 0 0 0 0 0
预测:     0 1 0 0 2 0 0 0 0 4 0 0 1 0 0 0 0 0 2 0 0 0 7 0 1 0 0 0 0 2 0 0 0 0 0
准确率:    1.0000 (35/35)
----------------------------------------
输入:       BJD >GRT> HD> >JKN> D>P MTDKR >N>
目标:     0 1 0 2 0 0 0 13 9 0 0 0 0 0 0 0 0 0 8 0 0 1 0 0 0 21 14 0 0 41 0 0 0 0
预测:     0 1 0 2 0 0 0 13 9 0 0 0 0 0 0 0 0 0 8 0 0 1 0 0 0 21 14 0 0 41 0 0 0 0
准确率:    1.0000 (34/34)
----------------------------------------

生成的验证样本:
--------------------------------------------------------------------------------
输入:       YBJNH D>LH> LMSV> MN KL DBJC WKLJ
目标:     0 0 0 0 5 0 0 1 0 0 4 0 0 1 6 0 10 7 0 0 0 0 0 2 0 1 0 0 2 0 36 0 0 3
预测:     0 0 0 0 5 0 0 1 0 0 4 0 0 1 6 0 10 7 0 0 0 0 0 2 0 1 0 0 2 0 36 0 0 3
准确率:    1.0000 (34/34)
----------------------------------------
输入:       D>LH> LMSV> MN KL DBJC WKLJ XJLK
目标:     0 1 0 0 4 0 0 1 6 0 10 7 0 0 0 0 0 2 0 1 0 0 2 0 36 0 0 3 0 0 0 5 0
预测:     0 1 0 0 4 0 0 1 6 0 10 7 0 0 0 0 0 2 0 1 0 0 2 0 36 0 0 3 0 0 0 5 0
准确率:    1.0000 (33/33)
----------------------------------------
⏳ 验证无提升 (验证准确率: 0.9649 ≤ 0.9652)，patience: 2/50

======================================================================
🚀 Epoch 43/200
======================================================================
📚 开始训练阶段...
训练进度: 500/3164 损失=0.0170
训练进度: 1000/3164 损失=0.0271
训练进度: 1500/3164 损失=0.0146
训练进度: 2000/3164 损失=0.0222
训练进度: 2500/3164 损失=0.0070
训练进度: 3000/3164 损失=0.0247
训练进度: 3164/3164 损失=0.0254
✅ 训练完成，耗时: 58.0秒 (1.0分钟)

============================================================
📊 验证决策: Epoch 43/200
   验证间隔: 1
   是否验证: ✅ 是
   原因: 达到验证间隔 (0 == 0)
============================================================

🔍 开始验证...
验证进度: 500/686 损失=0.4030
验证进度: 686/686 损失=0.3896

📊 预测分布分析:
  - 预测的前5个类别: {np.int64(0): 281505, np.int64(1): 37069, np.int64(2): 14786, np.int64(3): 10756, np.int64(4): 8593}
  - 标签的前5个类别: {np.int64(0): 281232, np.int64(1): 36731, np.int64(2): 14789, np.int64(3): 10866, np.int64(4): 8585}
✅ 验证完成，耗时: 4.8秒 (0.1分钟)
训练损失: 0.0265
验证损失: 0.3522
验证准确率: 0.9650 (10580/10964) - 与Levenshtein高度相关
验证F1(加权): 0.9646 - 类别平衡更好
学习率: 0.000089
显存使用: 0.48GB (预留: 0.69GB)

生成的训练样本:
--------------------------------------------------------------------------------
输入:       NXWB LK XBRK XWBT> DMDM L> T<WL
目标:     0 6 0 0 3 0 1 0 0 0 0 5 0 0 0 0 13 9 0 0 1 0 0 2 0 0 0 0 6 8 0 53
预测:     0 6 0 0 3 0 1 0 0 0 0 5 0 0 0 0 13 9 0 0 1 0 0 2 0 0 0 0 6 8 0 53
准确率:    1.0000 (32/32)
----------------------------------------
输入:       DH> KLHWN BNJNC> PRJCJN >NWN XD MN
目标:     0 1 0 0 0 0 5 0 0 0 0 0 2 75 0 4 0 0 0 8 0 7 0 27 0 0 0 0 0 0 0 2 0 0 0
预测:     0 1 0 0 0 0 5 0 0 0 0 0 2 75 0 4 0 0 0 8 0 7 0 27 0 0 0 0 0 0 0 2 0 0 0
准确率:    1.0000 (35/35)
----------------------------------------
输入:       DGB> MRJ> >LHK LMCRJW CMH TMN M>
目标:     0 1 0 10 7 0 0 0 0 2 0 0 0 5 0 0 1 28 0 0 7 0 0 0 5 0 0 0 0 0 0 0 0
预测:     0 1 0 10 7 0 0 0 0 2 0 0 0 5 0 0 1 28 0 0 7 0 0 0 5 0 0 0 0 0 0 0 0
准确率:    1.0000 (33/33)
----------------------------------------

生成的验证样本:
--------------------------------------------------------------------------------
输入:       YBJNH D>LH> LMSV> MN KL DBJC WKLJ
目标:     0 0 0 0 5 0 0 1 0 0 4 0 0 1 6 0 10 7 0 0 0 0 0 2 0 1 0 0 2 0 36 0 0 3
预测:     0 0 0 0 5 0 0 1 0 0 4 0 0 1 6 0 10 7 0 0 0 0 0 2 0 1 0 0 2 0 36 0 0 3
准确率:    1.0000 (34/34)
----------------------------------------
输入:       D>LH> LMSV> MN KL DBJC WKLJ XJLK
目标:     0 1 0 0 4 0 0 1 6 0 10 7 0 0 0 0 0 2 0 1 0 0 2 0 36 0 0 3 0 0 0 5 0
预测:     0 1 0 0 4 0 0 1 6 0 10 7 0 0 0 0 0 2 0 1 0 0 2 0 36 0 0 3 0 0 0 5 0
准确率:    1.0000 (33/33)
----------------------------------------
⏳ 验证无提升 (验证准确率: 0.9650 ≤ 0.9652)，patience: 3/50

======================================================================
🚀 Epoch 44/200
======================================================================
📚 开始训练阶段...
训练进度: 500/3164 损失=0.0239
训练进度: 1000/3164 损失=0.0574
训练进度: 1500/3164 损失=0.0223
训练进度: 2000/3164 损失=0.0245
训练进度: 2500/3164 损失=0.0287
训练进度: 3000/3164 损失=0.0417
训练进度: 3164/3164 损失=0.0201
✅ 训练完成，耗时: 58.1秒 (1.0分钟)

============================================================
📊 验证决策: Epoch 44/200
   验证间隔: 1
   是否验证: ✅ 是
   原因: 达到验证间隔 (0 == 0)
============================================================

🔍 开始验证...
验证进度: 500/686 损失=0.4481
验证进度: 686/686 损失=0.7324

📊 预测分布分析:
  - 预测的前5个类别: {np.int64(0): 281906, np.int64(1): 37056, np.int64(2): 14851, np.int64(3): 10716, np.int64(4): 8625}
  - 标签的前5个类别: {np.int64(0): 281232, np.int64(1): 36731, np.int64(2): 14789, np.int64(3): 10866, np.int64(4): 8585}
✅ 验证完成，耗时: 4.8秒 (0.1分钟)
训练损失: 0.0262
验证损失: 0.3585
验证准确率: 0.9646 (10575/10964) - 与Levenshtein高度相关
验证F1(加权): 0.9640 - 类别平衡更好
学习率: 0.000089
显存使用: 0.47GB (预留: 0.69GB)

生成的训练样本:
--------------------------------------------------------------------------------
输入:       W>NT TCM< MN CMJ> MN MTQN> DMWTBK
目标:     0 1 0 0 0 0 6 0 0 3 0 0 0 0 0 24 9 0 0 0 0 0 0 0 0 4 0 0 1 0 0 0 5 0
预测:     0 1 0 0 0 0 6 0 0 3 0 0 0 0 0 24 9 0 0 0 0 0 0 0 0 4 0 0 1 0 0 0 5 0
准确率:    1.0000 (34/34)
----------------------------------------
输入:       KLB> DMH >JK MLTH DMRJ> D>MR WCRK>
目标:     0 0 0 11 0 0 0 5 0 0 0 0 0 0 0 13 1 0 0 1 0 0 0 2 0 1 0 0 3 0 1 0 0 4 0
预测:     0 0 0 11 0 0 0 5 0 0 0 0 0 0 0 13 1 0 0 1 0 0 0 2 0 1 0 0 3 0 1 0 0 4 0
准确率:    1.0000 (35/35)
----------------------------------------
输入:       WLJT D<CJN WQC> LQWBLH BWRKTH >JK NHR>
目标:     0 1 58 0 24 0 1 0 8 0 40 0 1 0 10 40 0 31 8 0 0 1 0 0 0 0 0 13 1 0 0 0 0 0 0 0 0 4 0
预测:     0 1 58 0 24 0 1 0 8 0 40 0 1 0 10 40 0 31 8 0 0 1 0 0 0 0 0 13 1 0 0 0 0 0 0 0 0 4 0
准确率:    1.0000 (39/39)
----------------------------------------

生成的验证样本:
--------------------------------------------------------------------------------
输入:       YBJNH D>LH> LMSV> MN KL DBJC WKLJ
目标:     0 0 0 0 5 0 0 1 0 0 4 0 0 1 6 0 10 7 0 0 0 0 0 2 0 1 0 0 2 0 36 0 0 3
预测:     0 0 0 0 5 0 0 1 0 0 4 0 0 1 6 0 10 7 0 0 0 0 0 2 0 1 0 0 2 0 36 0 0 3
准确率:    1.0000 (34/34)
----------------------------------------
输入:       D>LH> LMSV> MN KL DBJC WKLJ XJLK
目标:     0 1 0 0 4 0 0 1 6 0 10 7 0 0 0 0 0 2 0 1 0 0 2 0 36 0 0 3 0 0 0 5 0
预测:     0 1 0 0 4 0 0 1 6 0 10 7 0 0 0 0 0 2 0 1 0 0 2 0 36 0 0 3 0 0 0 5 0
准确率:    1.0000 (33/33)
----------------------------------------
⏳ 验证无提升 (验证准确率: 0.9646 ≤ 0.9652)，patience: 4/50

======================================================================
🚀 Epoch 45/200
======================================================================
📚 开始训练阶段...
训练进度: 500/3164 损失=0.0233
训练进度: 1000/3164 损失=0.0348
训练进度: 1500/3164 损失=0.0163
训练进度: 2000/3164 损失=0.0063
训练进度: 2500/3164 损失=0.0244
训练进度: 3000/3164 损失=0.0256
训练进度: 3164/3164 损失=0.0054
✅ 训练完成，耗时: 57.9秒 (1.0分钟)

============================================================
📊 验证决策: Epoch 45/200
   验证间隔: 1
   是否验证: ✅ 是
   原因: 达到验证间隔 (0 == 0)
============================================================

🔍 开始验证...
验证进度: 500/686 损失=0.4770
验证进度: 686/686 损失=0.6484

📊 预测分布分析:
  - 预测的前5个类别: {np.int64(0): 282103, np.int64(1): 37055, np.int64(2): 14798, np.int64(3): 10740, np.int64(4): 8810}
  - 标签的前5个类别: {np.int64(0): 281232, np.int64(1): 36731, np.int64(2): 14789, np.int64(3): 10866, np.int64(4): 8585}
✅ 验证完成，耗时: 4.8秒 (0.1分钟)
训练损失: 0.0254
验证损失: 0.3585
验证准确率: 0.9652 (10582/10964) - 与Levenshtein高度相关
验证F1(加权): 0.9646 - 类别平衡更好
学习率: 0.000088
显存使用: 0.47GB (预留: 0.69GB)

生成的训练样本:
--------------------------------------------------------------------------------
输入:       >MRH MRJ> M> DMLL NBJ> BCMH DMRJ>
目标:     0 0 0 29 0 0 0 0 0 2 0 0 0 0 1 0 0 16 0 0 0 4 0 0 1 0 5 0 0 1 0 0 0 2
预测:     0 0 0 29 0 0 0 0 0 2 0 0 0 0 1 0 0 16 0 0 0 4 0 0 1 0 5 0 0 1 0 0 0 2
准确率:    1.0000 (34/34)
----------------------------------------
输入:       DCKJM <LWHJ KLHJN ML> HLJN W>YVBJ LBHWN
目标:     0 1 0 0 0 2 0 0 8 1 0 0 0 0 5 0 0 0 0 0 61 0 0 0 0 0 0 0 1 47 97 0 0 3 0 0 5 0 0 0
预测:     0 1 0 0 0 2 0 0 8 1 0 0 0 0 5 0 0 0 0 0 61 0 0 0 0 0 0 0 1 47 97 0 0 3 0 0 5 0 0 0
准确率:    1.0000 (40/40)
----------------------------------------
输入:       MDM DXCTWN MN MDM D<BDTWN MVL DLZBN>
目标:     0 0 0 2 0 1 0 130 0 0 0 0 0 0 0 0 0 2 0 1 0 0 3 0 0 0 0 0 0 0 0 1 1 0 0 11 0
预测:     0 0 0 2 0 1 0 130 0 0 0 0 0 0 0 0 0 2 0 1 0 0 3 0 0 0 0 0 0 0 0 1 1 0 0 11 0
准确率:    1.0000 (37/37)
----------------------------------------

生成的验证样本:
--------------------------------------------------------------------------------
输入:       YBJNH D>LH> LMSV> MN 训练进度: 500/3164 损失=0.0147
训练进度: 1000/3164 损失=0.0184
训练进度: 1500/3164 损失=0.0121
训练进度: 2000/3164 损失=0.0185
训练进度: 2500/3164 损失=0.0055
训练进度: 3000/3164 损失=0.0309
训练进度: 3164/3164 损失=0.0148
✅ 训练完成，耗时: 677.5秒 (11.3分钟)

============================================================
📊 验证决策: Epoch 45/200
   验证间隔: 1
   是否验证: ✅ 是
   原因: 达到验证间隔 (0 == 0)
============================================================

🔍 开始验证...
验证进度: 500/686 损失=0.1257
验证进度: 686/686 损失=0.4422

📊 预测分布分析:
  - 预测的前5个类别: {np.int64(0): 281580, np.int64(1): 36940, np.int64(2): 14763, np.int64(3): 10930, np.int64(4): 8606}
  - 标签的前5个类别: {np.int64(0): 281232, np.int64(1): 36731, np.int64(2): 14789, np.int64(3): 10866, np.int64(4): 8585}
✅ 验证完成，耗时: 77.6秒 (1.3分钟)
训练损失: 0.0255
验证损失: 0.3691
验证准确率: 0.9646 (10576/10964) - 与Levenshtein高度相关
验证F1(加权): 0.9641 - 类别平衡更好
学习率: 0.000088
显存使用: 0.48GB (预留: 0.69GB)

生成的训练样本:
--------------------------------------------------------------------------------
输入:       MN RWGZ> <JNJ W>TDLXT MN KLHWN B<LDBBJ
目标:     0 0 0 0 0 0 0 4 0 0 0 0 5 0 0 1 0 14 0 0 3 19 0 0 0 0 0 5 0 0 0 0 0 0 0 0 0 2 46
预测:     0 0 0 0 0 0 0 4 0 0 0 0 5 0 0 1 0 14 0 0 3 19 0 0 0 0 0 5 0 0 0 0 0 0 0 0 0 2 46
准确率:    1.0000 (39/39)
----------------------------------------
输入:       TDMRTK >XD> W>RWZ BK W>ZMR LCMK MRJM>
目标:     0 0 0 31 13 32 0 0 6 0 10 3 0 1 6 0 0 3 0 1 0 0 1 6 0 0 3 0 1 0 5 0 0 6 20 0 43 78
预测:     0 0 0 31 13 32 0 0 6 0 10 3 0 1 6 0 0 3 0 1 0 0 1 6 0 0 3 0 1 0 5 0 0 6 20 0 43 78
准确率:    1.0000 (38/38)
----------------------------------------
输入:       BKLH LBK WBKLH NPCK MVL DPWQDN> HN>
目标:     0 1 0 5 0 0 0 5 0 0 1 1 0 5 12 0 0 0 5 0 0 0 0 0 0 1 0 0 0 0 4 0 0 0 0 0
预测:     0 1 0 5 0 0 0 5 0 0 1 1 0 5 12 0 0 0 5 0 0 0 0 0 0 1 0 0 0 0 4 0 0 0 0 0
准确率:    1.0000 (36/36)
----------------------------------------

生成的验证样本:
--------------------------------------------------------------------------------
输入:       QRJT> WNPQ JWJKJN MLK> DJHWD> LWT MLK>
目标:     0 0 0 22 9 0 0 1 0 0 3 0 0 0 0 0 0 2 0 0 0 4 0 0 1 0 0 0 0 2 0 0 0 0 0 0 0 4 0
预测:     0 0 0 22 9 0 0 1 0 0 3 0 0 0 0 0 0 2 0 0 0 4 0 0 1 0 0 0 0 2 0 0 0 0 0 0 0 4 0
准确率:    1.0000 (39/39)
----------------------------------------
输入:       WNPQ JWJKJN MLK> DJHWD> LWT MLK> DBBL
目标:     0 1 0 0 3 0 0 0 0 0 0 2 0 0 0 4 0 0 1 0 0 0 0 2 0 0 0 0 0 0 0 4 0 0 1 0 0 2
预测:     0 1 0 0 3 0 0 0 0 0 0 2 0 0 0 4 0 0 1 0 0 0 0 2 0 0 0 0 0 0 0 4 0 0 1 0 0 2
准确率:    1.0000 (38/38)
----------------------------------------
⏳ 验证无提升 (验证准确率: 0.9646 ≤ 0.9651)，patience: 2/50

======================================================================
🚀 Epoch 46/200
======================================================================
📚 开始训练阶段...
训练进度: 500/3164 损失=0.0224
训练进度: 1000/3164 损失=0.0165
训练进度: 1500/3164 损失=0.0235
训练进度: 2000/3164 损失=0.0503
训练进度: 2500/3164 损失=0.0212
训练进度: 3000/3164 损失=0.0721
训练进度: 3164/3164 损失=0.0384
✅ 训练完成，耗时: 678.6秒 (11.3分钟)

============================================================
📊 验证决策: Epoch 46/200
   验证间隔: 1
   是否验证: ✅ 是
   原因: 达到验证间隔 (0 == 0)
============================================================

🔍 开始验证...
验证进度: 500/686 损失=0.4422
验证进度: 686/686 损失=0.4347

📊 预测分布分析:
  - 预测的前5个类别: {np.int64(0): 282054, np.int64(1): 37034, np.int64(2): 14741, np.int64(3): 10644, np.int64(4): 8767}
  - 标签的前5个类别: {np.int64(0): 281232, np.int64(1): 36731, np.int64(2): 14789, np.int64(3): 10866, np.int64(4): 8585}
✅ 验证完成，耗时: 78.2秒 (1.3分钟)
训练损失: 0.0248
验证损失: 0.3687
验证准确率: 0.9650 (10580/10964) - 与Levenshtein高度相关
验证F1(加权): 0.9644 - 类别平衡更好
学习率: 0.000088
显存使用: 0.48GB (预留: 0.69GB)

生成的训练样本:
--------------------------------------------------------------------------------
输入:       MVL MN> L> NVRT MWMTH DMRJ> WPWQDN>
目标:     0 0 0 0 0 0 0 0 0 0 0 0 0 0 3 12 0 0 0 13 1 0 0 1 0 0 0 2 0 1 0 0 0 0 4 0
预测:     0 0 0 0 0 0 0 0 0 0 0 0 0 0 3 12 0 0 0 13 1 0 0 1 0 0 0 2 0 1 0 0 0 0 4 0
准确率:    1.0000 (36/36)
----------------------------------------
输入:       >PN >HLK BNXLJ VLLJ MWT> L> >DXL
目标:     0 0 75 0 0 6 0 0 16 0 1 0 0 2 0 0 0 0 2 0 0 0 0 15 0 0 0 0 0 6 0 0 3
预测:     0 0 75 0 0 6 0 0 16 0 1 0 0 2 0 0 0 0 2 0 0 0 0 15 0 0 0 0 0 6 0 0 3
准确率:    1.0000 (33/33)
----------------------------------------
输入:       WMN BTR PTGM> HLJN >TKRH BRH D>NTT>
目标:     0 1 0 0 0 0 0 0 0 0 0 0 11 0 0 0 0 0 0 0 0 14 0 0 3 0 0 5 12 0 1 0 0 13 9 0
预测:     0 1 0 0 0 0 0 0 0 0 0 0 11 0 0 0 0 0 0 0 0 14 0 0 3 0 0 5 12 0 1 0 0 13 9 0
准确率:    1.0000 (36/36)
----------------------------------------

生成的验证样本:
--------------------------------------------------------------------------------
输入:       QRJT> WNPQ JWJKJN MLK> DJHWD> LWT MLK>
目标:     0 0 0 22 9 0 0 1 0 0 3 0 0 0 0 0 0 2 0 0 0 4 0 0 1 0 0 0 0 2 0 0 0 0 0 0 0 4 0
预测:     0 0 0 22 9 0 0 1 0 0 3 0 0 0 0 0 0 2 0 0 0 4 0 0 1 0 0 0 0 2 0 0 0 0 0 0 0 4 0
准确率:    1.0000 (39/39)
----------------------------------------
输入:       WNPQ JWJKJN MLK> DJHWD> LWT MLK> DBBL
目标:     0 1 0 0 3 0 0 0 0 0 0 2 0 0 0 4 0 0 1 0 0 0 0 2 0 0 0 0 0 0 0 4 0 0 1 0 0 2
预测:     0 1 0 0 3 0 0 0 0 0 0 2 0 0 0 4 0 0 1 0 0 0 0 2 0 0 0 0 0 0 0 4 0 0 1 0 0 2
准确率:    1.0000 (38/38)
----------------------------------------
⏳ 验证无提升 (验证准确率: 0.9650 ≤ 0.9651)，patience: 3/50

======================================================================
🚀 Epoch 47/200
======================================================================
📚 开始训练阶段...
训练进度: 500/3164 损失=0.0344
训练进度: 1000/3164 损失=0.0110
训练进度: 1500/3164 损失=0.0521
训练进度: 2000/3164 损失=0.0189
训练进度: 2500/3164 损失=0.0164
训练进度: 3000/3164 损失=0.0091
训练进度: 3164/3164 损失=0.0179
✅ 训练完成，耗时: 673.6秒 (11.2分钟)

============================================================
📊 验证决策: Epoch 47/200
   验证间隔: 1
   是否验证: ✅ 是
   原因: 达到验证间隔 (0 == 0)
============================================================

🔍 开始验证...
验证进度: 500/686 损失=0.1736
验证进度: 686/686 损失=0.3952

📊 预测分布分析:
  - 预测的前5个类别: {np.int64(0): 282007, np.int64(1): 36939, np.int64(2): 14837, np.int64(3): 11003, np.int64(4): 8816}
  - 标签的前5个类别: {np.int64(0): 281232, np.int64(1): 36731, np.int64(2): 14789, np.int64(3): 10866, np.int64(4): 8585}
✅ 验证完成，耗时: 78.6秒 (1.3分钟)
训练损失: 0.0244
验证损失: 0.3716
验证准确率: 0.9649 (10578/10964) - 与Levenshtein高度相关
验证F1(加权): 0.9641 - 类别平衡更好
学习率: 0.000087
显存使用: 0.48GB (预留: 0.69GB)

生成的训练样本:
--------------------------------------------------------------------------------
输入:       >T> <L >R<> CB< CNJN WQMT >NTT>
目标:     0 0 10 7 0 0 0 0 0 0 4 0 0 0 0 2 0 0 13 0 0 0 1 31 3 26 0 0 0 13 9 0
预测:     0 0 10 7 0 0 0 0 0 0 4 0 0 0 0 2 0 0 13 0 0 0 1 31 3 26 0 0 0 13 9 0
准确率:    1.0000 (32/32)
----------------------------------------
输入:       D<MM> WL> DXLJN LMRJ> WL> <BDJN >JK
目标:     0 1 0 8 30 0 0 1 0 0 0 0 0 7 0 0 0 1 0 0 0 2 0 1 0 0 0 0 0 7 0 0 0 0 0 0
预测:     0 1 0 8 30 0 0 1 0 0 0 0 0 7 0 0 0 1 0 0 0 2 0 1 0 0 0 0 0 7 0 0 0 0 0 0
准确率:    1.0000 (36/36)
----------------------------------------
输入:       WNWBD MRJ> >LHK LHLJN <MM> MN QDMJK
目标:     0 1 68 0 0 3 0 0 0 0 2 0 0 0 5 0 0 1 0 0 0 0 0 0 8 30 0 0 0 0 0 0 0 2 1 0
预测:     0 1 68 0 0 3 0 0 0 0 2 0 0 0 5 0 0 1 0 0 0 0 0 0 8 30 0 0 0 0 0 0 0 2 1 0
准确率:    1.0000 (36/36)
----------------------------------------

生成的验证样本:
--------------------------------------------------------------------------------
输入:       QRJT> WNPQ JWJKJN MLK> DJHWD> LWT MLK>
目标:     0 0 0 22 9 0 0 1 0 0 3 0 0 0 0 0 0 2 0 0 0 4 0 0 1 0 0 0 0 2 0 0 0 0 0 0 0 4 0
预测:     0 0 0 22 9 0 0 1 0 0 3 0 0 0 0 0 0 2 0 0 0 4 0 0 1 0 0 0 0 2 0 0 0 0 0 0 0 4 0
准确率:    1.0000 (39/39)
----------------------------------------
输入:       WNPQ JWJKJN MLK> DJHWD> LWT MLK> DBBL
目标:     0 1 0 0 3 0 0 0 0 0 0 2 0 0 0 4 0 0 1 0 0 0 0 2 0 0 0 0 0 0 0 4 0 0 1 0 0 2
预测:     0 1 0 0 3 0 0 0 0 0 0 2 0 0 0 4 0 0 1 0 0 0 0 2 0 0 0 0 0 0 0 4 0 0 1 0 0 2
准确率:    1.0000 (38/38)
----------------------------------------
⏳ 验证无提升 (验证准确率: 0.9649 ≤ 0.9651)，patience: 4/50

======================================================================
🚀 Epoch 48/200
======================================================================
📚 开始训练阶段...
训练进度: 500/3164 损失=0.0355
训练进度: 1000/3164 损失=0.0187
训练进度: 1500/3164 损失=0.0187
训练进度: 2000/3164 损失=0.0236
训练进度: 2500/3164 损失=0.0395
训练进度: 3000/3164 损失=0.0074
训练进度: 3164/3164 损失=0.0124
✅ 训练完成，耗时: 674.4秒 (11.2分钟)

============================================================
📊 验证决策: Epoch 48/200
   验证间隔: 1
   是否验证: ✅ 是
   原因: 达到验证间隔 (0 == 0)
============================================================

🔍 开始验证...
验证进度: 500/686 损失=0.3476
验证进度: 686/686 损失=0.3961

📊 预测分布分析:
  - 预测的前5个类别: {np.int64(0): 282588, np.int64(1): 37017, np.int64(2): 14668, np.int64(3): 10741, np.int64(4): 9088}
  - 标签的前5个类别: {np.int64(0): 281232, np.int64(1): 36731, np.int64(2): 14789, np.int64(3): 10866, np.int64(4): 8585}
✅ 验证完成，耗时: 78.2秒 (1.3分钟)
训练损失: 0.0239
验证损失: 0.3782
验证准确率: 0.9647 (10577/10964) - 与Levenshtein高度相关
验证F1(加权): 0.9639 - 类别平衡更好
学习率: 0.000087
显存使用: 0.48GB (预留: 0.69GB)

生成的训练样本:
--------------------------------------------------------------------------------
输入:       LH >NCWT> MN KLHJN W>TTLJT LH KLH
目标:     0 1 12 0 0 0 0 2 9 0 0 0 0 0 0 5 0 0 0 0 1 0 14 0 0 3 26 0 1 0 0 0 5 12
预测:     0 1 12 0 0 0 0 2 9 0 0 0 0 0 0 5 0 0 0 0 1 0 14 0 0 3 26 0 1 0 0 0 5 12
准确率:    1.0000 (34/34)
----------------------------------------
输入:       >WRXK LRJC WHWJT DBJR BQVJR> WVLJM KLHWN
目标:     0 0 0 0 5 0 0 1 0 0 2 0 1 0 0 3 12 0 0 8 0 40 0 1 0 0 0 4 0 0 1 0 8 0 40 0 0 5 0 0 0
预测:     0 0 0 0 5 0 0 1 0 0 2 0 1 0 0 3 12 0 0 8 0 40 0 1 0 0 0 4 0 0 1 0 8 0 40 0 0 5 0 0 0
准确率:    1.0000 (41/41)
----------------------------------------
输入:       HLJN KWLHJN BHN> ZBN> WL> MCM< HW>
目标:     0 0 0 0 0 0 8 0 5 0 0 0 0 1 0 0 0 0 0 0 4 0 0 1 0 0 0 28 0 0 7 0 0 10 3
预测:     0 0 0 0 0 0 8 0 5 0 0 0 0 1 0 0 0 0 0 0 4 0 0 1 0 0 0 28 0 0 7 0 0 10 3
准确率:    1.0000 (35/35)
----------------------------------------

生成的验证样本:
--------------------------------------------------------------------------------
输入:       QRJT> WNPQ JWJKJN MLK> DJHWD> LWT MLK>
目标:     0 0 0 22 9 0 0 1 0 0 3 0 0 0 0 0 0 2 0 0 0 4 0 0 1 0 0 0 0 2 0 0 0 0 0 0 0 4 0
预测:     0 0 0 22 9 0 0 1 0 0 3 0 0 0 0 0 0 2 0 0 0 4 0 0 1 0 0 0 0 2 0 0 0 0 0 0 0 4 0
准确率:    1.0000 (39/39)
----------------------------------------
输入:       WNPQ JWJKJN MLK> DJHWD> LWT MLK> DBBL
目标:     0 1 0 0 3 0 0 0 0 0 0 2 0 0 0 4 0 0 1 0 0 0 0 2 0 0 0 0 0 0 0 4 0 0 1 0 0 2
预测:     0 1 0 0 3 0 0 0 0 0 0 2 0 0 0 4 0 0 1 0 0 0 0 2 0 0 0 0 0 0 0 4 0 0 1 0 0 2
准确率:    1.0000 (38/38)
----------------------------------------
⏳ 验证无提升 (验证准确率: 0.9647 ≤ 0.9651)，patience: 5/50

======================================================================
🚀 Epoch 49/200
======================================================================
📚 开始训练阶段...
训练进度: 500/3164 损失=0.0216
训练进度: 1000/3164 损失=0.0364
训练进度: 1500/3164 损失=0.0050
训练进度: 2000/3164 损失=0.0389
训练进度: 2500/3164 损失=0.0228
训练进度: 3000/3164 损失=0.0296
训练进度: 3164/3164 损失=0.0175
✅ 训练完成，耗时: 674.3秒 (11.2分钟)

============================================================
📊 验证决策: Epoch 49/200
   验证间隔: 1
   是否验证: ✅ 是
   原因: 达到验证间隔 (0 == 0)
============================================================

🔍 开始验证...
验证进度: 500/686 损失=0.2676
验证进度: 686/686 损失=0.5202

📊 预测分布分析:
  - 预测的前5个类别: {np.int64(0): 282411, np.int64(1): 37149, np.int64(2): 14795, np.int64(3): 10612, np.int64(4): 8934}
  - 标签的前5个类别: {np.int64(0): 281232, np.int64(1): 36731, np.int64(2): 14789, np.int64(3): 10866, np.int64(4): 8585}
✅ 验证完成，耗时: 78.1秒 (1.3分钟)
训练损失: 0.0236
验证损失: 0.3779
验证准确率: 0.9652 (10582/10964) - 与Levenshtein高度相关
验证F1(加权): 0.9645 - 类别平衡更好
学习率: 0.000086
显存使用: 0.48GB (预留: 0.69GB)

生成的训练样本:
--------------------------------------------------------------------------------
输入:       WPLVJ NPCKJ WNPC> DBRKJ CLJMWN ZLJ <WLJ
目标:     0 36 0 0 3 19 0 0 0 5 0 0 0 1 0 0 4 0 0 1 0 5 0 0 0 0 0 0 0 0 2 21 0 3 0 6 8 0 53 0
预测:     0 36 0 0 3 19 0 0 0 5 0 0 0 1 0 0 4 0 0 1 0 5 0 0 0 0 0 0 0 0 2 21 0 3 0 6 8 0 53 0
准确率:    1.0000 (40/40)
----------------------------------------
输入:       D<L GB <JN QYR> WQR> LKLHWN >XWHJ
目标:     0 1 0 0 0 54 2 0 0 0 2 0 0 0 4 0 0 1 0 10 3 0 1 0 5 0 0 0 0 0 25 1 0 0
预测:     0 1 0 0 0 54 2 0 0 0 2 0 0 0 4 0 0 1 0 10 3 0 1 0 5 0 0 0 0 0 25 1 0 0
准确率:    1.0000 (34/34)
----------------------------------------
输入:       BNJ> SGJ>> D<WL> MN XD GJR DDXL
目标:     0 0 2 9 0 0 0 0 0 11 0 0 1 0 0 15 0 0 0 0 0 0 2 0 0 0 0 0 1 0 0 7
预测:     0 0 2 9 0 0 0 0 0 11 0 0 1 0 0 15 0 0 0 0 0 0 2 0 0 0 0 0 1 0 0 7
准确率:    1.0000 (32/32)
----------------------------------------

生成的验证样本:
--------------------------------------------------------------------------------
输入:       QRJT> WNPQ JWJKJN MLK> DJHWD> LWT MLK>
目标:     0 0 0 22 9 0 0 1 0 0 3 0 0 0 0 0 0 2 0 0 0 4 0 0 1 0 0 0 0 2 0 0 0 0 0 0 0 4 0
预测:     0 0 0 22 9 0 0 1 0 0 3 0 0 0 0 0 0 2 0 0 0 4 0 0 1 0 0 0 0 2 0 0 0 0 0 0 0 4 0
准确率:    1.0000 (39/39)
----------------------------------------
输入:       WNPQ JWJKJN MLK> DJHWD> LWT MLK> DBBL
目标:     0 1 0 0 3 0 0 0 0 0 0 2 0 0 0 4 0 0 1 0 0 0 0 2 0 0 0 0 0 0 0 4 0 0 1 0 0 2
预测:     0 1 0 0 3 0 0 0 0 0 0 2 0 0 0 4 0 0 1 0 0 0 0 2 0 0 0 0 0 0 0 4 0 0 1 0 0 2
准确率:    1.0000 (38/38)
----------------------------------------
💾 保存新的最佳模型！验证准确率: 0.9652 (F1: 0.9645) (Epoch 49)

======================================================================
🚀 Epoch 50/200
======================================================================
📚 开始训练阶段...
训练进度: 500/3164 损失=0.0251
训练进度: 1000/3164 损失=0.0208
训练进度: 1500/3164 损失=0.0227
训练进度: 2000/3164 损失=0.0190
训练进度: 2500/3164 损失=0.0126
训练进度: 3000/3164 损失=0.0131
训练进度: 3164/3164 损失=0.0231
✅ 训练完成，耗时: 675.3秒 (11.3分钟)

============================================================
📊 验证决策: Epoch 50/200
   验证间隔: 1
   是否验证: ✅ 是
   原因: 达到验证间隔 (0 == 0)
============================================================

🔍 开始验证...
验证进度: 500/686 损失=0.2674
验证进度: 686/686 损失=0.3942

📊 预测分布分析:
  - 预测的前5个类别: {np.int64(0): 281955, np.int64(1): 37012, np.int64(2): 14642, np.int64(3): 10678, np.int64(4): 8572}
  - 标签的前5个类别: {np.int64(0): 281232, np.int64(1): 36731, np.int64(2): 14789, np.int64(3): 10866, np.int64(4): 8585}
✅ 验证完成，耗时: 78.4秒 (1.3分钟)
训练损失: 0.0231
验证损失: 0.3741
验证准确率: 0.9649 (10579/10964) - 与Levenshtein高度相关
验证F1(加权): 0.9643 - 类别平衡更好
学习率: 0.000086
显存使用: 0.48GB (预留: 0.69GB)

生成的训练样本:
--------------------------------------------------------------------------------
输入:       LMQM QDM B<LDBBJHWN WLKR DNPQJN HWW >JDH
目标:     0 1 6 31 7 0 0 0 2 0 0 0 0 0 0 2 1 0 0 0 0 1 1 0 0 0 1 0 0 7 0 0 0 0 18 0 8 0 0 5 0
预测:     0 1 6 31 7 0 0 0 2 0 0 0 0 0 0 2 1 0 0 0 0 1 1 0 0 0 1 0 0 7 0 0 0 0 18 0 8 0 0 5 0
准确率:    1.0000 (41/41)
----------------------------------------
输入:       W<WTR> WMSKNWT> HN> DL> HW> DX>RWTHWN >TR
目标:     0 1 0 0 0 4 0 0 1 0 0 0 0 2 9 0 0 0 0 0 0 1 0 0 0 0 10 3 0 1 0 0 0 2 1 0 0 0 0 0 0 2
预测:     0 1 0 0 0 4 0 0 1 0 0 0 0 2 9 0 0 0 0 0 0 1 0 0 0 0 10 3 0 1 0 0 0 2 1 0 0 0 0 0 0 2
准确率:    1.0000 (42/42)
----------------------------------------
输入:       W>TLJH L<BDK BRM BJWMJK L> ><BDJH MVL
目标:     0 1 34 0 48 1 12 0 1 0 0 37 0 0 0 0 0 0 1 0 0 2 1 0 0 0 0 0 6 0 0 48 1 12 0 0 0 0
预测:     0 1 34 0 48 1 12 0 1 0 0 37 0 0 0 0 0 0 1 0 0 2 1 0 0 0 0 0 6 0 0 48 1 12 0 0 0 0
准确率:    1.0000 (38/38)
----------------------------------------

生成的验证样本:
--------------------------------------------------------------------------------
输入:       QRJT> WNPQ JWJKJN MLK> DJHWD> LWT MLK>
目标:     0 0 0 22 9 0 0 1 0 0 3 0 0 0 0 0 0 2 0 0 0 4 0 0 1 0 0 0 0 2 0 0 0 0 0 0 0 4 0
预测:     0 0 0 22 9 0 0 1 0 0 3 0 0 0 0 0 0 2 0 0 0 4 0 0 1 0 0 0 0 2 0 0 0 0 0 0 0 4 0
准确率:    1.0000 (39/39)
----------------------------------------
输入:       WNPQ JWJKJN MLK> DJHWD> LWT MLK> DBBL
目标:     0 1 0 0 3 0 0 0 0 0 0 2 0 0 0 4 0 0 1 0 0 0 0 2 0 0 0 0 0 0 0 4 0 0 1 0 0 2
预测:     0 1 0 0 3 0 0 0 0 0 0 2 0 0 0 4 0 0 1 0 0 0 0 2 0 0 0 0 0 0 0 4 0 0 1 0 0 2
准确率:    1.0000 (38/38)
----------------------------------------
⏳ 验证无提升 (验证准确率: 0.9649 ≤ 0.9652)，patience: 1/50

======================================================================
🚀 Epoch 51/200
======================================================================
📚 开始训练阶段...
训练进度: 500/3164 损失=0.0476
训练进度: 1000/3164 损失=0.0365
训练进度: 1500/3164 损失=0.0132
训练进度: 2000/3164 损失=0.0126
训练进度: 2500/3164 损失=0.0045
训练进度: 3000/3164 损失=0.0403
训练进度: 3164/3164 损失=0.0140
✅ 训练完成，耗时: 672.8秒 (11.2分钟)

============================================================
📊 验证决策: Epoch 51/200
   验证间隔: 1
   是否验证: ✅ 是
   原因: 达到验证间隔 (0 == 0)
============================================================

🔍 开始验证...
验证进度: 500/686 损失=0.3109
验证进度: 686/686 损失=0.4102

📊 预测分布分析:
  - 预测的前5个类别: {np.int64(0): 282177, np.int64(1): 37088, np.int64(2): 14691, np.int64(3): 10969, np.int64(4): 8857}
  - 标签的前5个类别: {np.int64(0): 281232, np.int64(1): 36731, np.int64(2): 14789, np.int64(3): 10866, np.int64(4): 8585}
✅ 验证完成，耗时: 78.8秒 (1.3分钟)
训练损失: 0.0226
验证损失: 0.3774
验证准确率: 0.9653 (10583/10964) - 与Levenshtein高度相关
验证F1(加权): 0.9645 - 类别平衡更好
学习率: 0.000085
显存使用: 0.48GB (预留: 0.69GB)

生成的训练样本:
--------------------------------------------------------------------------------
输入:       MKTR> LWTHWN >XRJN HW GJR NJX> DHW>
目标:     0 6 0 0 7 19 0 0 0 1 0 0 0 0 0 0 0 0 2 0 0 0 0 0 0 0 0 0 0 4 0 0 1 0 10 7
预测:     0 6 0 0 7 19 0 0 0 1 0 0 0 0 0 0 0 0 2 0 0 0 0 0 0 0 0 0 0 4 0 0 1 0 10 7
准确率:    1.0000 (36/36)
----------------------------------------
输入:       W>JK CWCNT MLK> BMBW<J MJ> W>JK >JLN>
目标:     0 1 0 0 0 0 0 0 0 2 0 0 0 0 4 0 0 1 0 0 0 2 0 0 24 9 0 0 1 0 0 0 0 0 0 0 11 0
预测:     0 1 0 0 0 0 0 0 0 2 0 0 0 0 4 0 0 1 0 0 0 2 0 0 24 9 0 0 1 0 0 0 0 0 0 0 11 0
准确率:    1.0000 (38/38)
----------------------------------------
输入:       LJWMN> <L DCBQW LMRJ> W<BDJN >JK NMWS>
目标:     0 1 0 0 0 4 0 0 0 0 0 1 0 0 3 0 0 1 0 0 0 2 0 1 0 0 7 0 0 0 0 0 0 0 0 0 0 4 0
预测:     0 1 0 0 0 4 0 0 0 0 0 1 0 0 3 0 0 1 0 0 0 2 0 1 0 0 7 0 0 0 0 0 0 0 0 0 0 4 0
准确率:    1.0000 (39/39)
----------------------------------------

生成的验证样本:
--------------------------------------------------------------------------------
输入:       QRJT> WNPQ JWJKJN MLK> DJHWD> LWT MLK>
目标:     0 0 0 22 9 0 0 1 0 0 3 0 0 0 0 0 0 2 0 0 0 4 0 0 1 0 0 0 0 2 0 0 0 0 0 0 0 4 0
预测:     0 0 0 22 9 0 0 1 0 0 3 0 0 0 0 0 0 2 0 0 0 4 0 0 1 0 0 0 0 2 0 0 0 0 0 0 0 4 0
准确率:    1.0000 (39/39)
----------------------------------------
输入:       WNPQ JWJKJN MLK> DJHWD> LWT MLK> DBBL
目标:     0 1 0 0 3 0 0 0 0 0 0 2 0 0 0 4 0 0 1 0 0 0 0 2 0 0 0 0 0 0 0 4 0 0 1 0 0 2
预测:     0 1 0 0 3 0 0 0 0 0 0 2 0 0 0 4 0 0 1 0 0 0 0 2 0 0 0 0 0 0 0 4 0 0 1 0 0 2
准确率:    1.0000 (38/38)
----------------------------------------
💾 保存新的最佳模型！验证准确率: 0.9653 (F1: 0.9645) (Epoch 51)

======================================================================
🚀 Epoch 52/200
======================================================================
📚 开始训练阶段...
训练进度: 500/3164 损失=0.0100
训练进度: 1000/3164 损失=0.0110
训练进度: 1500/3164 损失=0.0249
训练进度: 2000/3164 损失=0.0112
训练进度: 2500/3164 损失=0.0207
训练进度: 3000/3164 损失=0.0145
训练进度: 3164/3164 损失=0.0157
✅ 训练完成，耗时: 675.5秒 (11.3分钟)

============================================================
📊 验证决策: Epoch 52/200
   验证间隔: 1
   是否验证: ✅ 是
   原因: 达到验证间隔 (0 == 0)
============================================================

🔍 开始验证...
验证进度: 500/686 损失=0.1923
验证进度: 686/686 损失=0.3577

📊 预测分布分析:
  - 预测的前5个类别: {np.int64(0): 282104, np.int64(1): 37071, np.int64(2): 14770, np.int64(3): 10734, np.int64(4): 8431}
  - 标签的前5个类别: {np.int64(0): 281232, np.int64(1): 36731, np.int64(2): 14789, np.int64(3): 10866, np.int64(4): 8585}
✅ 验证完成，耗时: 78.7秒 (1.3分钟)
训练损失: 0.0223
验证损失: 0.3834
验证准确率: 0.9652 (10582/10964) - 与Levenshtein高度相关
验证F1(加权): 0.9645 - 类别平衡更好
学习率: 0.000085
显存使用: 0.48GB (预留: 0.69GB)

生成的训练样本:
--------------------------------------------------------------------------------
输入:       KLHWN MN YWLL> WZWG> DQPLPL> MYLLJN LH
目标:     0 0 5 0 0 0 0 0 0 0 0 0 0 4 0 0 1 0 0 4 0 0 1 0 0 0 0 11 0 0 28 0 0 7 0 0 0 1 0
预测:     0 0 5 0 0 0 0 0 0 0 0 0 0 4 0 0 1 0 0 4 0 0 1 0 0 0 0 11 0 0 28 0 0 7 0 0 0 1 0
准确率:    1.0000 (39/39)
----------------------------------------
输入:       WYR TRJN <MWD> DNXC> RWMH D<MWD> XD
目标:     0 1 31 116 0 0 2 0 12 0 0 0 0 11 0 0 1 0 0 4 0 0 0 0 37 0 0 1 0 0 0 4 0 0 0 2
预测:     0 1 31 116 0 0 2 0 12 0 0 0 0 11 0 0 1 0 0 4 0 0 0 0 37 0 0 1 0 0 0 4 0 0 0 2
准确率:    1.0000 (36/36)
----------------------------------------
输入:       >MH L> XZJTH WL>XWHJ L> >CTWD< WLBNWHJ
目标:     0 0 5 0 0 0 0 0 0 0 3 1 0 0 1 1 0 8 5 0 0 0 0 0 0 47 39 50 0 0 3 0 1 1 0 25 1 0 0
预测:     0 0 5 0 0 0 0 0 0 0 3 1 0 0 1 1 0 8 5 0 0 0 0 0 0 47 39 50 0 0 3 0 1 1 0 25 1 0 0
准确率:    1.0000 (39/39)
----------------------------------------

生成的验证样本:
--------------------------------------------------------------------------------
输入:       QRJT> WNPQ JWJKJN MLK> DJHWD> LWT MLK>
目标:     0 0 0 22 9 0 0 1 0 0 3 0 0 0 0 0 0 2 0 0 0 4 0 0 1 0 0 0 0 2 0 0 0 0 0 0 0 4 0
预测:     0 0 0 22 9 0 0 1 0 0 3 0 0 0 0 0 0 2 0 0 0 4 0 0 1 0 0 0 0 2 0 0 0 0 0 0 0 4 0
准确率:    1.0000 (39/39)
----------------------------------------
输入:       WNPQ JWJKJN MLK> DJHWD> LWT MLK> DBBL
目标:     0 1 0 0 3 0 0 0 0 0 0 2 0 0 0 4 0 0 1 0 0 0 0 2 0 0 0 0 0 0 0 4 0 0 1 0 0 2
预测:     0 1 0 0 3 0 0 0 0 0 0 2 0 0 0 4 0 0 1 0 0 0 0 2 0 0 0 0 0 0 0 4 0 0 1 0 0 2
准确率:    1.0000 (38/38)
----------------------------------------
⏳ 验证无提升 (验证准确率: 0.9652 ≤ 0.9653)，patience: 1/50

======================================================================
🚀 Epoch 53/200
======================================================================
📚 开始训练阶段...
训练进度: 500/3164 损失=0.0210
训练进度: 1000/3164 损失=0.0232
训练进度: 1500/3164 损失=0.0139
训练进度: 2000/3164 损失=0.0107
训练进度: 2500/3164 损失=0.0189
训练进度: 3000/3164 损失=0.0298
训练进度: 3164/3164 损失=0.0341
✅ 训练完成，耗时: 675.1秒 (11.3分钟)

============================================================
📊 验证决策: Epoch 53/200
   验证间隔: 1
   是否验证: ✅ 是
   原因: 达到验证间隔 (0 == 0)
============================================================

🔍 开始验证...
验证进度: 500/686 损失=0.1568
验证进度: 686/686 损失=0.4654

📊 预测分布分析:
  - 预测的前5个类别: {np.int64(0): 282116, np.int64(1): 37039, np.int64(2): 14698, np.int64(3): 10951, np.int64(4): 8753}
  - 标签的前5个类别: {np.int64(0): 281232, np.int64(1): 36731, np.int64(2): 14789, np.int64(3): 10866, np.int64(4): 8585}
✅ 验证完成，耗时: 78.7秒 (1.3分钟)
训练损失: 0.0217
验证损失: 0.3850
验证准确率: 0.9654 (10584/10964) - 与Levenshtein高度相关
验证F1(加权): 0.9647 - 类别平衡更好
学习率: 0.000084
显存使用: 0.48GB (预留: 0.69GB)

生成的训练样本:
--------------------------------------------------------------------------------
输入:       LMDBRWTKWN BMDBR> HN> H> >RB<JN CNJN MRJ>
目标:     0 1 6 0 0 7 0 67 0 0 0 0 1 0 0 0 4 0 0 0 0 0 0 0 0 0 0 0 0 2 0 0 0 0 13 0 0 0 0 0 0 2
预测:     0 1 6 0 0 7 0 67 0 0 0 0 1 0 0 0 4 0 0 0 0 0 0 0 0 0 0 0 0 2 0 0 0 0 13 0 0 0 0 0 0 2
准确率:    1.0000 (42/42)
----------------------------------------
输入:       NBJH D>LH> CBWQ LH MVL DNPCH MRJR>
目标:     0 0 0 5 0 0 1 0 0 4 0 6 0 8 0 3 0 1 12 0 0 0 0 0 1 0 0 5 12 0 0 8 0 7 27
预测:     0 0 0 5 0 0 1 0 0 4 0 6 0 8 0 3 0 1 12 0 0 0 0 0 1 0 0 5 12 0 0 8 0 7 27
准确率:    1.0000 (35/35)
----------------------------------------
输入:       DCWBQN> B<D<>D> DMVLL> M> D>T> KWLH >JSR>JL
目标:     0 1 0 0 0 0 4 0 0 1 0 0 0 0 4 0 0 1 0 0 0 61 0 0 0 0 0 1 0 10 7 0 8 0 5 0 0 0 0 0 8 0 0 2
预测:     0 1 0 0 0 0 4 0 0 1 0 0 0 0 4 0 0 1 0 0 0 61 0 0 0 0 0 1 0 10 7 0 8 0 5 0 0 0 0 0 8 0 0 2
准确率:    1.0000 (44/44)
----------------------------------------

生成的验证样本:
--------------------------------------------------------------------------------
输入:       QRJT> WNPQ JWJKJN MLK> DJHWD> LWT MLK>
目标:     0 0 0 22 9 0 0 1 0 0 3 0 0 0 0 0 0 2 0 0 0 4 0 0 1 0 0 0 0 2 0 0 0 0 0 0 0 4 0
预测:     0 0 0 22 9 0 0 1 0 0 3 0 0 0 0 0 0 2 0 0 0 4 0 0 1 0 0 0 0 2 0 0 0 0 0 0 0 4 0
准确率:    1.0000 (39/39)
----------------------------------------
输入:       WNPQ JWJKJN MLK> DJHWD> LWT MLK> DBBL
目标:     0 1 0 0 3 0 0 0 0 0 0 2 0 0 0 4 0 0 1 0 0 0 0 2 0 0 0 0 0 0 0 4 0 0 1 0 0 2
预测:     0 1 0 0 3 0 0 0 0 0 0 2 0 0 0 4 0 0 1 0 0 0 0 2 0 0 0 0 0 0 0 4 0 0 1 0 0 2
准确率:    1.0000 (38/38)
----------------------------------------
💾 保存新的最佳模型！验证准确率: 0.9654 (F1: 0.9647) (Epoch 53)

======================================================================
🚀 Epoch 54/200
======================================================================
📚 开始训练阶段...
训练进度: 500/3164 损失=0.0144
训练进度: 1000/3164 损失=0.0494
训练进度: 1500/3164 损失=0.0212
训练进度: 2000/3164 损失=0.0274
训练进度: 2500/3164 损失=0.0071
训练进度: 3000/3164 损失=0.0267
训练进度: 3164/3164 损失=0.0124
✅ 训练完成，耗时: 673.9秒 (11.2分钟)

============================================================
📊 验证决策: Epoch 54/200
   验证间隔: 1
   是否验证: ✅ 是
   原因: 达到验证间隔 (0 == 0)
============================================================

🔍 开始验证...
验证进度: 500/686 损失=0.2277
验证进度: 686/686 损失=0.4936

📊 预测分布分析:
  - 预测的前5个类别: {np.int64(0): 282165, np.int64(1): 37065, np.int64(2): 14769, np.int64(3): 10712, np.int64(4): 8629}
  - 标签的前5个类别: {np.int64(0): 281232, np.int64(1): 36731, np.int64(2): 14789, np.int64(3): 10866, np.int64(4): 8585}
✅ 验证完成，耗时: 78.8秒 (1.3分钟)
训练损失: 0.0214
验证损失: 0.3795
验证准确率: 0.9652 (10582/10964) - 与Levenshtein高度相关
验证F1(加权): 0.9645 - 类别平衡更好
学习率: 0.000083
显存使用: 0.48GB (预留: 0.69GB)

生成的训练样本:
--------------------------------------------------------------------------------
输入:       >BWH JQJR> SGJ WBYPTH MND> CNTH BVLJWTH
目标:     0 0 8 5 12 0 0 8 0 7 27 0 0 0 13 0 1 1 0 13 1 12 0 28 0 254 0 0 0 70 1 0 0 1 0 0 0 2 1 12
预测:     0 0 8 5 12 0 0 8 0 7 27 0 0 0 13 0 1 1 0 13 1 12 0 28 0 254 0 0 0 70 1 0 0 1 0 0 0 2 1 12
准确率:    1.0000 (40/40)
----------------------------------------
输入:       D<L LBJTH DMRJ> DKNCW NVRJ TR<> MN
目标:     0 1 0 53 0 1 0 0 5 0 0 1 0 0 0 2 0 1 0 0 3 19 0 0 0 7 0 0 0 0 11 0 0 0 0
预测:     0 1 0 53 0 1 0 0 5 0 0 1 0 0 0 2 0 1 0 0 3 19 0 0 0 7 0 0 0 0 11 0 0 0 0
准确率:    1.0000 (35/35)
----------------------------------------
输入:       >LH> >BJ WMRHWN DXJJ L> TTQLNJ MVLTHWN
目标:     0 0 0 4 0 0 0 5 0 0 1 0 56 0 0 0 0 1 0 2 46 0 0 0 0 28 0 0 29 0 0 0 0 0 8 1 0 0 0
预测:     0 0 0 4 0 0 0 5 0 0 1 0 56 0 0 0 0 1 0 2 46 0 0 0 0 28 0 0 29 0 0 0 0 0 8 1 0 0 0
准确率:    1.0000 (39/39)
----------------------------------------

生成的验证样本:
--------------------------------------------------------------------------------
输入:       QRJT> WNPQ JWJKJN MLK> DJHWD> LWT MLK>
目标:     0 0 0 22 9 0 0 1 0 0 3 0 0 0 0 0 0 2 0 0 0 4 0 0 1 0 0 0 0 2 0 0 0 0 0 0 0 4 0
预测:     0 0 0 22 9 0 0 1 0 0 3 0 0 0 0 0 0 2 0 0 0 4 0 0 1 0 0 0 0 2 0 0 0 0 0 0 0 4 0
准确率:    1.0000 (39/39)
----------------------------------------
输入:       WNPQ JWJKJN MLK> DJHWD> LWT MLK> DBBL
目标:     0 1 0 0 3 0 0 0 0 0 0 2 0 0 0 4 0 0 1 0 0 0 0 2 0 0 0 0 0 0 0 4 0 0 1 0 0 2
预测:     0 1 0 0 3 0 0 0 0 0 0 2 0 0 0 4 0 0 1 0 0 0 0 2 0 0 0 0 0 0 0 4 0 0 1 0 0 2
准确率:    1.0000 (38/38)
----------------------------------------
⏳ 验证无提升 (验证准确率: 0.9652 ≤ 0.9654)，patience: 1/50

======================================================================
🚀 Epoch 55/200
======================================================================
📚 开始训练阶段...
训练进度: 500/3164 损失=0.0169
训练进度: 1000/3164 损失=0.0049
训练进度: 1500/3164 损失=0.0164
训练进度: 2000/3164 损失=0.0182
训练进度: 2500/3164 损失=0.0055
训练进度: 3000/3164 损失=0.0042
训练进度: 3164/3164 损失=0.0089
✅ 训练完成，耗时: 674.5秒 (11.2分钟)

============================================================
📊 验证决策: Epoch 55/200
   验证间隔: 1
   是否验证: ✅ 是
   原因: 达到验证间隔 (0 == 0)
============================================================

🔍 开始验证...
验证进度: 500/686 损失=0.2182
验证进度: 686/686 损失=0.3887

📊 预测分布分析:
  - 预测的前5个类别: {np.int64(0): 282302, np.int64(1): 37019, np.int64(2): 14702, np.int64(3): 10727, np.int64(4): 8491}
  - 标签的前5个类别: {np.int64(0): 281232, np.int64(1): 36731, np.int64(2): 14789, np.int64(3): 10866, np.int64(4): 8585}
✅ 验证完成，耗时: 78.8秒 (1.3分钟)
训练损失: 0.0206
验证损失: 0.3811
验证准确率: 0.9651 (10581/10964) - 与Levenshtein高度相关
验证F1(加权): 0.9645 - 类别平衡更好
学习率: 0.000083
显存使用: 0.48GB (预留: 0.69GB)

生成的训练样本:
--------------------------------------------------------------------------------
输入:       BTMH> WBQLPJT> WBJQDN> WBCLHBJT> WBJRQN> WBXRB> WBRWX>
目标:     0 1 0 0 4 0 0 1 1 0 0 0 2 9 0 0 1 1 0 0 0 4 0 0 1 1 0 0 0 0 2 9 0 0 1 1 0 0 0 4 0 0 1 1 0 0 15 0 0 1 1 0 0 4 0
预测:     0 1 0 0 4 0 0 1 1 0 0 0 2 9 0 0 1 1 0 0 0 4 0 0 1 1 0 0 0 0 2 9 0 0 1 1 0 0 0 4 0 0 1 1 0 0 15 0 0 1 1 0 0 4 0
准确率:    1.0000 (55/55)
----------------------------------------
输入:       KPN> BQRJT> WLJT HW> LXM> L<M> D>R<>
目标:     0 0 0 4 0 0 1 0 0 22 9 0 0 1 58 0 24 0 0 10 3 0 0 0 4 0 0 1 0 15 0 0 1 0 0 4 0
预测:     0 0 0 4 0 0 1 0 0 22 9 0 0 1 58 0 24 0 0 10 3 0 0 0 4 0 0 1 0 15 0 0 1 0 0 4 0
准确率:    1.0000 (37/37)
----------------------------------------
输入:       WCRK> DPTGMWHJ D>MWYJ> H> KTJBJN BSPR DBRJMJN
目标:     0 1 0 0 4 0 0 1 0 0 0 25 1 0 0 0 1 0 0 0 0 0 2 0 0 0 0 0 8 0 7 0 27 0 1 0 0 2 0 0 0 0 0 0 0 2
预测:     0 1 0 0 4 0 0 1 0 0 0 25 1 0 0 0 1 0 0 0 0 0 2 0 0 0 0 0 8 0 7 0 27 0 1 0 0 2 0 0 0 0 0 0 0 2
准确率:    1.0000 (46/46)
----------------------------------------

生成的验证样本:
--------------------------------------------------------------------------------
输入:       QRJT> WNPQ JWJKJN MLK> DJHWD> LWT MLK>
目标:     0 0 0 22 9 0 0 1 0 0 3 0 0 0 0 0 0 2 0 0 0 4 0 0 1 0 0 0 0 2 0 0 0 0 0 0 0 4 0
预测:     0 0 0 22 9 0 0 1 0 0 3 0 0 0 0 0 0 2 0 0 0 4 0 0 1 0 0 0 0 2 0 0 0 0 0 0 0 4 0
准确率:    1.0000 (39/39)
----------------------------------------
输入:       WNPQ JWJKJN MLK> DJHWD> LWT MLK> DBBL
目标:     0 1 0 0 3 0 0 0 0 0 0 2 0 0 0 4 0 0 1 0 0 0 0 2 0 0 0 0 0 0 0 4 0 0 1 0 0 2
预测:     0 1 0 0 3 0 0 0 0 0 0 2 0 0 0 4 0 0 1 0 0 0 0 2 0 0 0 0 0 0 0 4 0 0 1 0 0 2
准确率:    1.0000 (38/38)
----------------------------------------
⏳ 验证无提升 (验证准确率: 0.9651 ≤ 0.9654)，patience: 2/50

======================================================================
🚀 Epoch 56/200
======================================================================
📚 开始训练阶段...
训练进度: 500/3164 损失=0.0211
训练进度: 1000/3164 损失=0.0077
训练进度: 1500/3164 损失=0.0075
训练进度: 2000/3164 损失=0.0202
训练进度: 2500/3164 损失=0.0105
训练进度: 3000/3164 损失=0.0101
训练进度: 3164/3164 损失=0.0108
✅ 训练完成，耗时: 672.8秒 (11.2分钟)

============================================================
📊 验证决策: Epoch 56/200
   验证间隔: 1
   是否验证: ✅ 是
   原因: 达到验证间隔 (0 == 0)
============================================================

🔍 开始验证...
验证进度: 500/686 损失=0.2148
验证进度: 686/686 损失=0.5611

📊 预测分布分析:
  - 预测的前5个类别: {np.int64(0): 282178, np.int64(1): 37083, np.int64(2): 14628, np.int64(3): 10874, np.int64(4): 8637}
  - 标签的前5个类别: {np.int64(0): 281232, np.int64(1): 36731, np.int64(2): 14789, np.int64(3): 10866, np.int64(4): 8585}
✅ 验证完成，耗时: 78.7秒 (1.3分钟)
训练损失: 0.0204
验证损失: 0.3946
验证准确率: 0.9650 (10580/10964) - 与Levenshtein高度相关
验证F1(加权): 0.9643 - 类别平衡更好
学习率: 0.000082
显存使用: 0.48GB (预留: 0.69GB)

生成的训练样本:
--------------------------------------------------------------------------------
输入:       BZBNH WVRPWHJ L> NTRJN WKL D<BD MCLM
目标:     0 1 0 0 5 0 0 1 0 0 69 1 0 0 0 0 0 0 0 0 7 0 0 0 1 0 2 0 1 0 0 7 0 6 0 0 41
预测:     0 1 0 0 5 0 0 1 0 0 69 1 0 0 0 0 0 0 0 0 7 0 0 0 1 0 2 0 1 0 0 7 0 6 0 0 41
准确率:    1.0000 (37/37)
----------------------------------------
输入:       BMRVWVH >L> PNJHJ LH MCKNH M> D<RBT
目标:     0 1 0 0 0 0 5 0 0 0 0 0 6 0 0 51 0 0 0 1 0 0 0 0 0 37 0 0 0 0 0 1 0 0 3 26
预测:     0 1 0 0 0 0 5 0 0 0 0 0 6 0 0 51 0 0 0 1 0 0 0 0 0 37 0 0 0 0 0 1 0 0 3 26
准确率:    1.0000 (36/36)
----------------------------------------
输入:       BH BZBN> HW W>MRT LKWN MRJ> >LHKWN
目标:     0 1 0 0 1 0 0 4 0 0 0 12 0 1 0 0 3 0 0 1 0 0 0 0 0 0 0 2 0 0 0 5 0 0 0
预测:     0 1 0 0 1 0 0 4 0 0 0 12 0 1 0 0 3 0 0 1 0 0 0 0 0 0 0 2 0 0 0 5 0 0 0
准确率:    1.0000 (35/35)
----------------------------------------

生成的验证样本:
--------------------------------------------------------------------------------
输入:       QRJT> WNPQ JWJKJN MLK> DJHWD> LWT MLK>
目标:     0 0 0 22 9 0 0 1 0 0 3 0 0 0 0 0 0 2 0 0 0 4 0 0 1 0 0 0 0 2 0 0 0 0 0 0 0 4 0
预测:     0 0 0 22 9 0 0 1 0 0 3 0 0 0 0 0 0 2 0 0 0 4 0 0 1 0 0 0 0 2 0 0 0 0 0 0 0 4 0
准确率:    1.0000 (39/39)
----------------------------------------
输入:       WNPQ JWJKJN MLK> DJHWD> LWT MLK> DBBL
目标:     0 1 0 0 3 0 0 0 0 0 0 2 0 0 0 4 0 0 1 0 0 0 0 2 0 0 0 0 0 0 0 4 0 0 1 0 0 2
预测:     0 1 0 0 3 0 0 0 0 0 0 2 0 0 0 4 0 0 1 0 0 0 0 2 0 0 0 0 0 0 0 4 0 0 1 0 0 2
准确率:    1.0000 (38/38)
----------------------------------------
⏳ 验证无提升 (验证准确率: 0.9650 ≤ 0.9654)，patience: 3/50

======================================================================
🚀 Epoch 57/200
======================================================================
📚 开始训练阶段...
训练进度: 500/3164 损失=0.0192
训练进度: 1000/3164 损失=0.0188
训练进度: 1500/3164 损失=0.0061
训练进度: 2000/3164 损失=0.0125
训练进度: 2500/3164 损失=0.0263
训练进度: 3000/3164 损失=0.0289
训练进度: 3164/3164 损失=0.0212
✅ 训练完成，耗时: 676.0秒 (11.3分钟)

============================================================
📊 验证决策: Epoch 57/200
   验证间隔: 1
   是否验证: ✅ 是
   原因: 达到验证间隔 (0 == 0)
============================================================

🔍 开始验证...
验证进度: 500/686 损失=0.1177
验证进度: 686/686 损失=0.3165

📊 预测分布分析:
  - 预测的前5个类别: {np.int64(0): 281804, np.int64(1): 37049, np.int64(2): 14657, np.int64(3): 10766, np.int64(4): 8663}
  - 标签的前5个类别: {np.int64(0): 281232, np.int64(1): 36731, np.int64(2): 14789, np.int64(3): 10866, np.int64(4): 8585}
✅ 验证完成，耗时: 78.8秒 (1.3分钟)
训练损失: 0.0201
验证损失: 0.3903
验证准确率: 0.9652 (10582/10964) - 与Levenshtein高度相关
验证F1(加权): 0.9647 - 类别平衡更好
学习率: 0.000082
显存使用: 0.48GB (预留: 0.69GB)

生成的训练样本:
--------------------------------------------------------------------------------
输入:       W<L QDM MLK> WNPL <L >PWHJ <L
目标:     0 1 0 53 0 0 0 2 0 0 0 4 0 0 1 0 0 3 0 0 0 0 54 25 1 0 0 0 0 0
预测:     0 1 0 53 0 0 0 2 0 0 0 4 0 0 1 0 0 3 0 0 0 0 54 25 1 0 0 0 0 0
准确率:    1.0000 (30/30)
----------------------------------------
输入:       >R<> MN KL D>MR MRJ> <L BJTH
目标:     0 0 0 4 0 0 0 0 0 0 2 0 1 0 0 3 0 0 0 0 2 0 0 0 0 0 0 5 0
预测:     0 0 0 4 0 0 0 0 0 0 2 0 1 0 0 3 0 0 0 0 2 0 0 0 0 0 0 5 0
准确率:    1.0000 (29/29)
----------------------------------------
输入:       LJ L> TTKL <L CWBQN> DL> XVH>
目标:     0 1 0 0 0 0 0 6 0 0 3 0 0 0 0 0 0 0 0 4 0 0 1 0 0 0 0 0 11 0
预测:     0 1 0 0 0 0 0 6 0 0 3 0 0 0 0 0 0 0 0 4 0 0 1 0 0 0 0 0 11 0
准确率:    1.0000 (30/30)
----------------------------------------

生成的验证样本:
--------------------------------------------------------------------------------
输入:       QRJT> WNPQ JWJKJN MLK> DJHWD> LWT MLK>
目标:     0 0 0 22 9 0 0 1 0 0 3 0 0 0 0 0 0 2 0 0 0 4 0 0 1 0 0 0 0 2 0 0 0 0 0 0 0 4 0
预测:     0 0 0 22 9 0 0 1 0 0 3 0 0 0 0 0 0 2 0 0 0 4 0 0 1 0 0 0 0 2 0 0 0 0 0 0 0 4 0
准确率:    1.0000 (39/39)
----------------------------------------
输入:       WNPQ JWJKJN MLK> DJHWD> LWT MLK> DBBL
目标:     0 1 0 0 3 0 0 0 0 0 0 2 0 0 0 4 0 0 1 0 0 0 0 2 0 0 0 0 0 0 0 4 0 0 1 0 0 2
预测:     0 1 0 0 3 0 0 0 0 0 0 2 0 0 0 4 0 0 1 0 0 0 0 2 0 0 0 0 0 0 0 4 0 0 1 0 0 2
准确率:    1.0000 (38/38)
----------------------------------------
⏳ 验证无提升 (验证准确率: 0.9652 ≤ 0.9654)，patience: 4/50

======================================================================
🚀 Epoch 58/200
======================================================================
📚 开始训练阶段...
训练进度: 500/3164 损失=0.0208
训练进度: 1000/3164 损失=0.0084
训练进度: 1500/3164 损失=0.0155
训练进度: 2000/3164 损失=0.0258
训练进度: 2500/3164 损失=0.0207
训练进度: 3000/3164 损失=0.0117
训练进度: 3164/3164 损失=0.0536
✅ 训练完成，耗时: 672.9秒 (11.2分钟)

============================================================
📊 验证决策: Epoch 58/200
   验证间隔: 1
   是否验证: ✅ 是
   原因: 达到验证间隔 (0 == 0)
============================================================

🔍 开始验证...
验证进度: 500/686 损失=0.1905
验证进度: 686/686 损失=0.3905

📊 预测分布分析:
  - 预测的前5个类别: {np.int64(0): 282428, np.int64(1): 37042, np.int64(2): 14731, np.int64(3): 11081, np.int64(4): 8898}
  - 标签的前5个类别: {np.int64(0): 281232, np.int64(1): 36731, np.int64(2): 14789, np.int64(3): 10866, np.int64(4): 8585}
✅ 验证完成，耗时: 78.7秒 (1.3分钟)
训练损失: 0.0195
验证损失: 0.3905
验证准确率: 0.9654 (10584/10964) - 与Levenshtein高度相关
验证F1(加权): 0.9646 - 类别平衡更好
学习率: 0.000081
显存使用: 0.48GB (预留: 0.69GB)

生成的训练样本:
--------------------------------------------------------------------------------
输入:       D>NTT> KL >WLYNJN WL> >JK >WLYN> DSN>>
目标:     0 1 0 0 13 9 0 0 0 2 0 0 0 0 0 2 0 0 0 1 0 0 0 0 0 0 0 0 0 0 0 4 0 0 1 0 0 4 0
预测:     0 1 0 0 13 9 0 0 0 2 0 0 0 0 0 2 0 0 0 1 0 0 0 0 0 0 0 0 0 0 0 4 0 0 1 0 0 4 0
准确率:    1.0000 (39/39)
----------------------------------------
输入:       >BJ WHC> MN> >TJTWN LWTJ KD <QT
目标:     0 0 5 0 0 1 0 4 0 0 0 0 0 0 0 0 3 0 0 0 0 0 0 1 0 0 0 0 0 31 3 26
预测:     0 0 5 0 0 1 0 4 0 0 0 0 0 0 0 0 3 0 0 0 0 0 0 1 0 0 0 0 0 31 3 26
准确率:    1.0000 (32/32)
----------------------------------------
输入:       BSPR DBRJMJN DMLK> DJHWD> BJWMT> HNWN CRJ
目标:     0 1 0 0 2 0 0 0 0 0 0 0 2 0 1 0 0 11 0 0 1 0 0 0 0 2 0 1 0 0 2 23 0 0 0 0 0 12 0 0 0 16
预测:     0 1 0 0 2 0 0 0 0 0 0 0 2 0 1 0 0 11 0 0 1 0 0 0 0 2 0 1 0 0 2 23 0 0 0 0 0 12 0 0 0 16
准确率:    1.0000 (42/42)
----------------------------------------

生成的验证样本:
--------------------------------------------------------------------------------
输入:       QRJT> WNPQ JWJKJN MLK> DJHWD> LWT MLK>
目标:     0 0 0 22 9 0 0 1 0 0 3 0 0 0 0 0 0 2 0 0 0 4 0 0 1 0 0 0 0 2 0 0 0 0 0 0 0 4 0
预测:     0 0 0 22 9 0 0 1 0 0 3 0 0 0 0 0 0 2 0 0 0 4 0 0 1 0 0 0 0 2 0 0 0 0 0 0 0 4 0
准确率:    1.0000 (39/39)
----------------------------------------
输入:       WNPQ JWJKJN MLK> DJHWD> LWT MLK> DBBL
目标:     0 1 0 0 3 0 0 0 0 0 0 2 0 0 0 4 0 0 1 0 0 0 0 2 0 0 0 0 0 0 0 4 0 0 1 0 0 2
预测:     0 1 0 0 3 0 0 0 0 0 0 2 0 0 0 4 0 0 1 0 0 0 0 2 0 0 0 0 0 0 0 4 0 0 1 0 0 2
准确率:    1.0000 (38/38)
----------------------------------------
💾 保存新的最佳模型！验证准确率: 0.9654 (F1: 0.9646) (Epoch 58)

======================================================================
🚀 Epoch 59/200
======================================================================
📚 开始训练阶段...
训练进度: 500/3164 损失=0.0187
训练进度: 1000/3164 损失=0.0316
训练进度: 1500/3164 损失=0.0139
训练进度: 2000/3164 损失=0.0199
训练进度: 2500/3164 损失=0.0113
训练进度: 3000/3164 损失=0.0122
训练进度: 3164/3164 损失=0.0043
✅ 训练完成，耗时: 674.0秒 (11.2分钟)

============================================================
📊 验证决策: Epoch 59/200
   验证间隔: 1
   是否验证: ✅ 是
   原因: 达到验证间隔 (0 == 0)
============================================================

🔍 开始验证...
验证进度: 500/686 损失=0.2557
验证进度: 686/686 损失=0.4295

📊 预测分布分析:
  - 预测的前5个类别: {np.int64(0): 282475, np.int64(1): 37045, np.int64(2): 14724, np.int64(3): 10826, np.int64(4): 8977}
  - 标签的前5个类别: {np.int64(0): 281232, np.int64(1): 36731, np.int64(2): 14789, np.int64(3): 10866, np.int64(4): 8585}
✅ 验证完成，耗时: 78.5秒 (1.3分钟)
训练损失: 0.0195
验证损失: 0.3872
验证准确率: 0.9656 (10586/10964) - 与Levenshtein高度相关
验证F1(加权): 0.9647 - 类别平衡更好
学习率: 0.000080
显存使用: 0.48GB (预留: 0.69GB)

生成的训练样本:
--------------------------------------------------------------------------------
输入:       JHB LCLJMWN QJS> D>RZ> WQJS> DCRWJN> >JK
目标:     0 0 0 7 0 1 0 0 0 0 0 2 0 0 0 11 0 0 1 0 0 4 0 0 1 0 0 11 0 0 1 0 0 0 0 4 0 0 0 0 0
预测:     0 0 0 7 0 1 0 0 0 0 0 2 0 0 0 11 0 0 1 0 0 4 0 0 1 0 0 11 0 0 1 0 0 0 0 4 0 0 0 0 0
准确率:    1.0000 (41/41)
----------------------------------------
输入:       MXWT> GMJRT> KWRSJ> DG>WTN> SXP MRJ> W>WTB
目标:     0 0 0 13 9 0 0 0 8 0 7 9 27 0 0 0 0 0 4 0 0 1 0 0 0 0 11 0 0 0 0 3 0 0 0 0 2 0 1 50 0 0 3
预测:     0 0 0 13 9 0 0 0 8 0 7 9 27 0 0 0 0 0 4 0 0 1 0 0 0 0 11 0 0 0 0 3 0 0 0 0 2 0 1 50 0 0 3
准确率:    1.0000 (43/43)
----------------------------------------
输入:       WHW BN> L>JLT W>WTBH LJHWD> MN BTR
目标:     0 1 0 0 0 0 10 3 0 1 0 0 0 2 0 1 50 0 0 29 12 0 1 0 0 0 0 2 0 0 0 0 0 0 0
预测:     0 1 0 0 0 0 10 3 0 1 0 0 0 2 0 1 50 0 0 29 12 0 1 0 0 0 0 2 0 0 0 0 0 0 0
准确率:    1.0000 (35/35)
----------------------------------------

生成的验证样本:
--------------------------------------------------------------------------------
输入:       QRJT> WNPQ JWJKJN MLK> DJHWD> LWT MLK>
目标:     0 0 0 22 9 0 0 1 0 0 3 0 0 0 0 0 0 2 0 0 0 4 0 0 1 0 0 0 0 2 0 0 0 0 0 0 0 4 0
预测:     0 0 0 22 9 0 0 1 0 0 3 0 0 0 0 0 0 2 0 0 0 4 0 0 1 0 0 0 0 2 0 0 0 0 0 0 0 4 0
准确率:    1.0000 (39/39)
----------------------------------------
输入:       WNPQ JWJKJN MLK> DJHWD> LWT MLK> DBBL
目标:     0 1 0 0 3 0 0 0 0 0 0 2 0 0 0 4 0 0 1 0 0 0 0 2 0 0 0 0 0 0 0 4 0 0 1 0 0 2
预测:     0 1 0 0 3 0 0 0 0 0 0 2 0 0 0 4 0 0 1 0 0 0 0 2 0 0 0 0 0 0 0 4 0 0 1 0 0 2
准确率:    1.0000 (38/38)
----------------------------------------
💾 保存新的最佳模型！验证准确率: 0.9656 (F1: 0.9647) (Epoch 59)

======================================================================
🚀 Epoch 60/200
======================================================================
📚 开始训练阶段...
训练进度: 500/3164 损失=0.0221
训练进度: 1000/3164 损失=0.0062
训练进度: 1500/3164 损失=0.0210
训练进度: 2000/3164 损失=0.0117
训练进度: 2500/3164 损失=0.0190
训练进度: 3000/3164 损失=0.0086
训练进度: 3164/3164 损失=0.0126
✅ 训练完成，耗时: 674.8秒 (11.2分钟)

============================================================
📊 验证决策: Epoch 60/200
   验证间隔: 1
   是否验证: ✅ 是
   原因: 达到验证间隔 (0 == 0)
============================================================

🔍 开始验证...
验证进度: 500/686 损失=0.3358
验证进度: 686/686 损失=0.6787

📊 预测分布分析:
  - 预测的前5个类别: {np.int64(0): 281894, np.int64(1): 36997, np.int64(2): 14827, np.int64(3): 10789, np.int64(4): 8759}
  - 标签的前5个类别: {np.int64(0): 281232, np.int64(1): 36731, np.int64(2): 14789, np.int64(3): 10866, np.int64(4): 8585}
✅ 验证完成，耗时: 78.9秒 (1.3分钟)
训练损失: 0.0191
验证损失: 0.3924
验证准确率: 0.9654 (10584/10964) - 与Levenshtein高度相关
验证F1(加权): 0.9647 - 类别平衡更好
学习率: 0.000080
显存使用: 0.48GB (预留: 0.69GB)

生成的训练样本:
--------------------------------------------------------------------------------
输入:       <L KLHWN <BDWHJ MNW GBRWTH BTCBXT> WBTWDJT>
目标:     0 0 0 0 0 5 0 0 0 0 0 0 104 1 0 0 6 0 18 0 0 0 0 0 2 32 0 0 1 0 0 0 13 23 0 0 1 1 0 0 0 2 9 0
预测:     0 0 0 0 0 5 0 0 0 0 0 0 104 1 0 0 6 0 18 0 0 0 0 0 2 32 0 0 1 0 0 0 13 23 0 0 1 1 0 0 0 2 9 0
准确率:    1.0000 (44/44)
----------------------------------------
输入:       DMWRT LKWN MRJ> >LHKWN WMNJX LKWN MN
目标:     0 1 63 0 0 7 0 1 0 0 0 0 0 0 0 2 0 0 0 5 0 0 0 0 1 28 20 0 7 0 1 0 0 0 0 0 0
预测:     0 1 63 0 0 7 0 1 0 0 0 0 0 0 0 2 0 0 0 5 0 0 0 0 1 28 20 0 7 0 1 0 0 0 0 0 0
准确率:    1.0000 (37/37)
----------------------------------------
输入:       DJN >JLN> >JN> DJD< >NT DL> HW>
目标:     0 0 0 0 0 0 0 0 4 0 0 0 0 0 0 0 1 0 0 7 0 0 0 0 0 1 0 0 0 0 10 3
预测:     0 0 0 0 0 0 0 0 4 0 0 0 0 0 0 0 1 0 0 7 0 0 0 0 0 1 0 0 0 0 10 3
准确率:    1.0000 (32/32)
----------------------------------------

生成的验证样本:
--------------------------------------------------------------------------------
输入:       QRJT> WNPQ JWJKJN MLK> DJHWD> LWT MLK>
目标:     0 0 0 22 9 0 0 1 0 0 3 0 0 0 0 0 0 2 0 0 0 4 0 0 1 0 0 0 0 2 0 0 0 0 0 0 0 4 0
预测:     0 0 0 22 9 0 0 1 0 0 3 0 0 0 0 0 0 2 0 0 0 4 0 0 1 0 0 0 0 2 0 0 0 0 0 0 0 4 0
准确率:    1.0000 (39/39)
----------------------------------------
输入:       WNPQ JWJKJN MLK> DJHWD> LWT MLK> DBBL
目标:     0 1 0 0 3 0 0 0 0 0 0 2 0 0 0 4 0 0 1 0 0 0 0 2 0 0 0 0 0 0 0 4 0 0 1 0 0 2
预测:     0 1 0 0 3 0 0 0 0 0 0 2 0 0 0 4 0 0 1 0 0 0 0 2 0 0 0 0 0 0 0 4 0 0 1 0 0 2
准确率:    1.0000 (38/38)
----------------------------------------
⏳ 验证无提升 (验证准确率: 0.9654 ≤ 0.9656)，patience: 1/50

======================================================================
🚀 Epoch 61/200
======================================================================
📚 开始训练阶段...
训练进度: 500/3164 损失=0.0145
训练进度: 1000/3164 损失=0.0143
训练进度: 1500/3164 损失=0.0238
训练进度: 2000/3164 损失=0.0089
训练进度: 2500/3164 损失=0.0067
训练进度: 3000/3164 损失=0.0357
训练进度: 3164/3164 损失=0.0122
✅ 训练完成，耗时: 672.7秒 (11.2分钟)

============================================================
📊 验证决策: Epoch 61/200
   验证间隔: 1
   是否验证: ✅ 是
   原因: 达到验证间隔 (0 == 0)
============================================================

🔍 开始验证...
验证进度: 500/686 损失=0.2344
验证进度: 686/686 损失=0.5159

📊 预测分布分析:
  - 预测的前5个类别: {np.int64(0): 282210, np.int64(1): 37141, np.int64(2): 14755, np.int64(3): 10691, np.int64(4): 8622}
  - 标签的前5个类别: {np.int64(0): 281232, np.int64(1): 36731, np.int64(2): 14789, np.int64(3): 10866, np.int64(4): 8585}
✅ 验证完成，耗时: 79.2秒 (1.3分钟)
训练损失: 0.0185
验证损失: 0.3976
验证准确率: 0.9651 (10581/10964) - 与Levenshtein高度相关
验证F1(加权): 0.9645 - 类别平衡更好
学习率: 0.000079
显存使用: 0.48GB (预留: 0.69GB)

生成的训练样本:
--------------------------------------------------------------------------------
输入:       BCMRJN >RB<JN WXD> CNJN W<BD DBJC QDM
目标:     0 1 0 0 0 0 2 0 0 0 0 0 0 2 0 1 0 2 0 0 0 13 0 0 0 1 0 0 3 0 1 0 0 2 0 0 0 2
预测:     0 1 0 0 0 0 2 0 0 0 0 0 0 2 0 1 0 2 0 0 0 13 0 0 0 1 0 0 3 0 1 0 0 2 0 0 0 2
准确率:    1.0000 (38/38)
----------------------------------------
输入:       BR> WQB< MXLP MCXLP WCR> >P MNHR
目标:     0 0 138 0 0 1 0 0 7 0 6 0 0 103 0 6 17 0 0 49 0 1 0 10 7 0 0 0 0 6 0 0 103
预测:     0 0 138 0 0 1 0 0 7 0 6 0 0 103 0 6 17 0 0 49 0 1 0 10 7 0 0 0 0 6 0 0 103
准确率:    1.0000 (33/33)
----------------------------------------
输入:       RBWT> DXNNH WGL> LJ MLT> >JK D>TBJ>
目标:     0 0 0 2 9 0 0 1 0 0 37 0 0 1 0 10 3 0 1 0 0 0 13 9 0 0 0 0 0 0 1 0 14 0 0 16
预测:     0 0 0 2 9 0 0 1 0 0 37 0 0 1 0 10 3 0 1 0 0 0 13 9 0 0 0 0 0 0 1 0 14 0 0 16
准确率:    1.0000 (36/36)
----------------------------------------

生成的验证样本:
--------------------------------------------------------------------------------
输入:       QRJT> WNPQ JWJKJN MLK> DJHWD> LWT MLK>
目标:     0 0 0 22 9 0 0 1 0 0 3 0 0 0 0 0 0 2 0 0 0 4 0 0 1 0 0 0 0 2 0 0 0 0 0 0 0 4 0
预测:     0 0 0 22 9 0 0 1 0 0 3 0 0 0 0 0 0 2 0 0 0 4 0 0 1 0 0 0 0 2 0 0 0 0 0 0 0 4 0
准确率:    1.0000 (39/39)
----------------------------------------
输入:       WNPQ JWJKJN MLK> DJHWD> LWT MLK> DBBL
目标:     0 1 0 0 3 0 0 0 0 0 0 2 0 0 0 4 0 0 1 0 0 0 0 2 0 0 0 0 0 0 0 4 0 0 1 0 0 2
预测:     0 1 0 0 3 0 0 0 0 0 0 2 0 0 0 4 0 0 1 0 0 0 0 2 0 0 0 0 0 0 0 4 0 0 1 0 0 2
准确率:    1.0000 (38/38)
----------------------------------------
⏳ 验证无提升 (验证准确率: 0.9651 ≤ 0.9656)，patience: 2/50

======================================================================
🚀 Epoch 62/200
======================================================================
📚 开始训练阶段...
训练进度: 500/3164 损失=0.0212
训练进度: 1000/3164 损失=0.0276
训练进度: 1500/3164 损失=0.0191
训练进度: 2000/3164 损失=0.0199
训练进度: 2500/3164 损失=0.0190
训练进度: 3000/3164 损失=0.0194
训练进度: 3164/3164 损失=0.0093
✅ 训练完成，耗时: 674.8秒 (11.2分钟)

============================================================
📊 验证决策: Epoch 62/200
   验证间隔: 1
   是否验证: ✅ 是
   原因: 达到验证间隔 (0 == 0)
============================================================

🔍 开始验证...
验证进度: 500/686 损失=0.3219
验证进度: 686/686 损失=0.5685

📊 预测分布分析:
  - 预测的前5个类别: {np.int64(0): 282397, np.int64(1): 37030, np.int64(2): 14824, np.int64(3): 10675, np.int64(4): 8911}
  - 标签的前5个类别: {np.int64(0): 281232, np.int64(1): 36731, np.int64(2): 14789, np.int64(3): 10866, np.int64(4): 8585}
✅ 验证完成，耗时: 79.1秒 (1.3分钟)
训练损失: 0.0178
验证损失: 0.3969
验证准确率: 0.9655 (10585/10964) - 与Levenshtein高度相关
验证F1(加权): 0.9647 - 类别平衡更好
学习率: 0.000079
显存使用: 0.48GB (预留: 0.69GB)

生成的训练样本:
--------------------------------------------------------------------------------
输入:       WHNW ZDQH DQVWL> DQVL LXBRH WXJ> M>
目标:     0 1 0 81 0 0 0 0 37 0 0 1 0 0 0 4 0 0 1 0 0 7 0 1 0 0 5 0 0 1 0 10 7 0 0 0
预测:     0 1 0 81 0 0 0 0 37 0 0 1 0 0 0 4 0 0 1 0 0 7 0 1 0 0 5 0 0 1 0 10 7 0 0 0
准确率:    1.0000 (36/36)
----------------------------------------
输入:       ZHR> DMVLLH <NNWHJ <BD BRD> WGWMR> DNWR>
目标:     0 0 0 15 0 0 1 0 0 0 56 0 0 0 0 25 1 0 0 0 0 0 3 0 0 0 15 0 0 1 0 0 0 11 0 0 1 0 0 4 0
预测:     0 0 0 4 0 0 1 0 0 0 56 0 0 0 0 25 1 0 0 0 0 0 3 0 0 0 15 0 0 1 0 0 0 11 0 0 1 0 0 4 0
准确率:    0.9756 (40/41)
----------------------------------------
输入:       MRDWTH DMRJ> >LHKWN WRBWTH W>JDH TQJPT> WDR<H
目标:     0 0 0 0 2 1 0 0 1 0 0 0 2 0 0 0 5 0 0 0 0 1 0 0 2 1 0 0 35 0 0 5 0 0 0 8 0 7 9 27 0 1 0 0 5 0
预测:     0 0 0 0 2 1 0 0 1 0 0 0 2 0 0 0 5 0 0 0 0 1 0 0 2 1 0 0 35 0 0 5 0 0 0 8 0 7 9 27 0 1 0 0 5 0
准确率:    1.0000 (46/46)
----------------------------------------

生成的验证样本:
--------------------------------------------------------------------------------
输入:       QRJT> WNPQ JWJKJN MLK> DJHWD> LWT MLK>
目标:     0 0 0 22 9 0 0 1 0 0 3 0 0 0 0 0 0 2 0 0 0 4 0 0 1 0 0 0 0 2 0 0 0 0 0 0 0 4 0
预测:     0 0 0 22 9 0 0 1 0 0 3 0 0 0 0 0 0 2 0 0 0 4 0 0 1 0 0 0 0 2 0 0 0 0 0 0 0 4 0
准确率:    1.0000 (39/39)
----------------------------------------
输入:       WNPQ JWJKJN MLK> DJHWD> LWT MLK> DBBL
目标:     0 1 0 0 3 0 0 0 0 0 0 2 0 0 0 4 0 0 1 0 0 0 0 2 0 0 0 0 0 0 0 4 0 0 1 0 0 2
预测:     0 1 0 0 3 0 0 0 0 0 0 2 0 0 0 4 0 0 1 0 0 0 0 2 0 0 0 0 0 0 0 4 0 0 1 0 0 2
准确率:    1.0000 (38/38)
----------------------------------------
⏳ 验证无提升 (验证准确率: 0.9655 ≤ 0.9656)，patience: 3/50

======================================================================
🚀 Epoch 63/200
======================================================================
📚 开始训练阶段...
训练进度: 500/3164 损失=0.0209
训练进度: 1000/3164 损失=0.0031
训练进度: 1500/3164 损失=0.0090
训练进度: 2000/3164 损失=0.0022
训练进度: 2500/3164 损失=0.0226
训练进度: 3000/3164 损失=0.0139
训练进度: 3164/3164 损失=0.0161
✅ 训练完成，耗时: 676.1秒 (11.3分钟)

============================================================
📊 验证决策: Epoch 63/200
   验证间隔: 1
   是否验证: ✅ 是
   原因: 达到验证间隔 (0 == 0)
============================================================

🔍 开始验证...
验证进度: 500/686 损失=0.3226
验证进度: 686/686 损失=0.6312

📊 预测分布分析:
  - 预测的前5个类别: {np.int64(0): 282031, np.int64(1): 37109, np.int64(2): 14774, np.int64(3): 10716, np.int64(4): 8829}
  - 标签的前5个类别: {np.int64(0): 281232, np.int64(1): 36731, np.int64(2): 14789, np.int64(3): 10866, np.int64(4): 8585}
✅ 验证完成，耗时: 78.9秒 (1.3分钟)
训练损失: 0.0178
验证损失: 0.3941
验证准确率: 0.9656 (10587/10964) - 与Levenshtein高度相关
验证F1(加权): 0.9650 - 类别平衡更好
学习率: 0.000078
显存使用: 0.48GB (预留: 0.69GB)

生成的训练样本:
--------------------------------------------------------------------------------
输入:       >TJTWN LWTJ KD <QT LKWN W>MRW LH
目标:     0 0 0 3 0 0 0 0 0 0 1 0 0 0 0 0 31 3 26 0 1 0 0 0 0 1 0 0 3 0 0 1 0
预测:     0 0 0 3 0 0 0 0 0 0 1 0 0 0 0 0 31 3 26 0 1 0 0 0 0 1 0 0 3 0 0 1 0
准确率:    1.0000 (33/33)
----------------------------------------
输入:       B<MVN> BTRJYJ LB> MVL DMDM D<TDT SXPW
目标:     0 1 0 0 0 4 0 0 1 0 8 0 7 27 0 0 4 0 0 0 0 0 0 1 0 0 2 0 1 0 0 3 89 0 0 0 3 0
预测:     0 1 0 0 0 4 0 0 1 0 8 0 7 27 0 0 4 0 0 0 0 0 0 1 0 0 2 0 1 0 0 3 89 0 0 0 3 19
准确率:    0.9737 (37/38)
----------------------------------------
输入:       KTJBJN BSPR DBRJMJN DMLK> DJHWD> WCKB >XZ
目标:     0 0 8 0 7 0 27 0 1 0 0 2 0 0 0 0 0 0 0 2 0 1 0 0 11 0 0 1 0 0 0 0 2 0 1 0 0 3 0 0 0 2
预测:     0 0 8 0 7 0 27 0 1 0 0 2 0 0 0 0 0 0 0 2 0 1 0 0 11 0 0 1 0 0 0 0 2 0 1 0 0 3 0 0 0 2
准确率:    1.0000 (42/42)
----------------------------------------

生成的验证样本:
--------------------------------------------------------------------------------
输入:       QRJT> WNPQ JWJKJN MLK> DJHWD> LWT MLK>
目标:     0 0 0 22 9 0 0 1 0 0 3 0 0 0 0 0 0 2 0 0 0 4 0 0 1 0 0 0 0 2 0 0 0 0 0 0 0 4 0
预测:     0 0 0 22 9 0 0 1 0 0 3 0 0 0 0 0 0 2 0 0 0 4 0 0 1 0 0 0 0 2 0 0 0 0 0 0 0 4 0
准确率:    1.0000 (39/39)
----------------------------------------
输入:       WNPQ JWJKJN MLK> DJHWD> LWT MLK> DBBL
目标:     0 1 0 0 3 0 0 0 0 0 0 2 0 0 0 4 0 0 1 0 0 0 0 2 0 0 0 0 0 0 0 4 0 0 1 0 0 2
预测:     0 1 0 0 3 0 0 0 0 0 0 2 0 0 0 4 0 0 1 0 0 0 0 2 0 0 0 0 0 0 0 4 0 0 1 0 0 2
准确率:    1.0000 (38/38)
----------------------------------------
💾 保存新的最佳模型！验证准确率: 0.9656 (F1: 0.9650) (Epoch 63)

======================================================================
🚀 Epoch 64/200
======================================================================
📚 开始训练阶段...
训练进度: 500/3164 损失=0.0134
训练进度: 1000/3164 损失=0.0184
训练进度: 1500/3164 损失=0.0237
训练进度: 2000/3164 损失=0.0454
训练进度: 2500/3164 损失=0.0164
训练进度: 3000/3164 损失=0.0253
训练进度: 3164/3164 损失=0.0119
✅ 训练完成，耗时: 674.9秒 (11.2分钟)

============================================================
📊 验证决策: Epoch 64/200
   验证间隔: 1
   是否验证: ✅ 是
   原因: 达到验证间隔 (0 == 0)
============================================================

🔍 开始验证...
验证进度: 500/686 损失=0.3465
验证进度: 686/686 损失=0.5612

📊 预测分布分析:
  - 预测的前5个类别: {np.int64(0): 282357, np.int64(1): 37126, np.int64(2): 14717, np.int64(3): 10615, np.int64(4): 8773}
  - 标签的前5个类别: {np.int64(0): 281232, np.int64(1): 36731, np.int64(2): 14789, np.int64(3): 10866, np.int64(4): 8585}
✅ 验证完成，耗时: 78.7秒 (1.3分钟)
训练损失: 0.0173
验证损失: 0.3975
验证准确率: 0.9659 (10589/10964) - 与Levenshtein高度相关
验证F1(加权): 0.9651 - 类别平衡更好
学习率: 0.000077
显存使用: 0.48GB (预留: 0.69GB)

生成的训练样本:
--------------------------------------------------------------------------------
输入:       >NWN W>XT >NWN >LJ> LNXL> DQJCWN WNKS
目标:     0 0 0 0 0 0 1 72 0 3 0 0 0 0 0 0 0 0 0 2 0 1 0 0 4 0 0 1 0 0 0 0 2 0 1 0 0 33
预测:     0 0 0 0 0 0 1 72 0 3 0 0 0 0 0 0 0 0 0 2 0 1 0 0 4 0 0 1 0 0 0 0 2 0 1 0 0 33
准确率:    1.0000 (38/38)
----------------------------------------
输入:       CLM M>TJK W>MR CLM W>MR LH MLT>
目标:     0 0 0 22 0 6 0 0 74 0 0 1 0 0 3 0 0 0 22 0 1 0 0 3 0 1 12 0 0 13 9 0
预测:     0 0 0 22 0 6 0 0 74 0 0 1 0 0 3 0 0 0 22 0 1 0 0 3 0 1 12 0 0 13 9 0
准确率:    1.0000 (32/32)
----------------------------------------
输入:       MCKBHWN LMTPLGW LTRTJN MLKWN MN DBJT >PRJM
目标:     0 0 0 0 56 0 0 0 0 1 21 14 0 0 7 0 0 1 0 2 0 0 0 0 0 0 0 2 0 0 0 0 0 1 0 0 2 0 0 0 0 0 2
预测:     0 0 0 0 56 0 0 0 0 1 21 14 0 0 7 0 0 1 0 2 0 0 0 0 0 0 0 2 0 0 0 0 0 1 0 0 2 0 0 0 0 0 2
准确率:    1.0000 (43/43)
----------------------------------------

生成的验证样本:
--------------------------------------------------------------------------------
输入:       QRJT> WNPQ JWJKJN MLK> DJHWD> LWT MLK>
目标:     0 0 0 22 9 0 0 1 0 0 3 0 0 0 0 0 0 2 0 0 0 4 0 0 1 0 0 0 0 2 0 0 0 0 0 0 0 4 0
预测:     0 0 0 22 9 0 0 1 0 0 3 0 0 0 0 0 0 2 0 0 0 4 0 0 1 0 0 0 0 2 0 0 0 0 0 0 0 4 0
准确率:    1.0000 (39/39)
----------------------------------------
输入:       WNPQ JWJKJN MLK> DJHWD> LWT MLK> DBBL
目标:     0 1 0 0 3 0 0 0 0 0 0 2 0 0 0 4 0 0 1 0 0 0 0 2 0 0 0 0 0 0 0 4 0 0 1 0 0 2
预测:     0 1 0 0 3 0 0 0 0 0 0 2 0 0 0 4 0 0 1 0 0 0 0 2 0 0 0 0 0 0 0 4 0 0 1 0 0 2
准确率:    1.0000 (38/38)
----------------------------------------
💾 保存新的最佳模型！验证准确率: 0.9659 (F1: 0.9651) (Epoch 64)

======================================================================
🚀 Epoch 65/200
======================================================================
📚 开始训练阶段...
训练进度: 500/3164 损失=0.0294
训练进度: 1000/3164 损失=0.0161
训练进度: 1500/3164 损失=0.0142
训练进度: 2000/3164 损失=0.0456
训练进度: 2500/3164 损失=0.0110
训练进度: 3000/3164 损失=0.0117
训练进度: 3164/3164 损失=0.0141
✅ 训练完成，耗时: 674.4秒 (11.2分钟)

============================================================
📊 验证决策: Epoch 65/200
   验证间隔: 1
   是否验证: ✅ 是
   原因: 达到验证间隔 (0 == 0)
============================================================

🔍 开始验证...
t64(3): 10781, np.int64(4): 8879}
  - 标签的前5个类别: {np.int64(0): 281232, np.int64(1): 36731, np.int64(2): 14789, np.int64(3): 10866, np.int64(4): 8585}
✅ 验证完成，耗时: 4.8秒 (0.1分钟)
训练损失: 0.0168
验证损失: 0.4136
验证准确率: 0.9653 (10583/10964) - 与Levenshtein高度相关
验证F1(加权): 0.9646 - 类别平衡更好
学习率: 0.000076
显存使用: 0.47GB (预留: 0.69GB)

生成的训练样本:
--------------------------------------------------------------------------------
输入:       DNXC> >RB<JN MTRJN >XD> LQN> XD> >RB<
目标:     0 1 0 0 4 0 0 0 0 0 0 0 2 0 0 0 0 13 0 0 0 0 7 0 0 0 0 13 0 0 0 2 0 0 0 0 0 2
预测:     0 1 0 0 4 0 0 0 0 0 0 0 2 0 0 0 0 13 0 0 0 0 7 0 0 0 0 13 0 0 0 2 0 0 0 0 0 2
准确率:    1.0000 (38/38)
----------------------------------------
输入:       BTRH WCRK> DPTGMWHJ DZKRJ> H> KTJBJN BSPR
目标:     0 0 0 1 0 0 1 0 0 4 0 0 1 0 0 0 25 1 0 0 0 1 0 0 0 0 2 0 0 0 0 0 8 0 7 0 27 0 1 0 0 2
预测:     0 0 0 1 0 0 1 0 0 4 0 0 1 0 0 0 25 1 0 0 0 1 0 0 0 0 2 0 0 0 0 0 8 0 7 0 27 0 1 0 0 2
准确率:    1.0000 (42/42)
----------------------------------------
输入:       BWKR> LSNW>T> BJWM> DMWRT LBNWHJ MDM D>JT
目标:     0 0 0 0 4 0 0 1 0 0 0 2 9 0 0 1 0 0 4 0 0 1 63 0 0 7 0 1 0 25 1 0 0 0 0 0 2 0 1 0 0 24
预测:     0 0 0 0 4 0 0 1 0 0 0 2 9 0 0 1 0 0 4 0 0 1 63 0 0 7 0 1 0 25 1 0 0 0 0 0 2 0 1 0 0 24
准确率:    1.0000 (42/42)
----------------------------------------

生成的验证样本:
--------------------------------------------------------------------------------
输入:       YBJNH D>LH> LMSV> MN KL DBJC WKLJ
目标:     0 0 0 0 5 0 0 1 0 0 4 0 0 1 6 0 10 7 0 0 0 0 0 2 0 1 0 0 2 0 36 0 0 3
预测:     0 0 0 0 5 0 0 1 0 0 4 0 0 1 6 0 10 7 0 0 0 0 0 2 0 1 0 0 2 0 36 0 0 3
准确率:    1.0000 (34/34)
----------------------------------------
输入:       D>LH> LMSV> MN KL DBJC WKLJ XJLK
目标:     0 1 0 0 4 0 0 1 6 0 10 7 0 0 0 0 0 2 0 1 0 0 2 0 36 0 0 3 0 0 0 5 0
预测:     0 1 0 0 4 0 0 1 6 0 10 7 0 0 0 0 0 2 0 1 0 0 2 0 36 0 0 3 0 0 0 5 0
准确率:    1.0000 (33/33)
----------------------------------------
⏳ 验证无提升 (验证准确率: 0.9653 ≤ 0.9656)，patience: 2/50

======================================================================
🚀 Epoch 67/200
======================================================================
📚 开始训练阶段...
训练进度: 500/3164 损失=0.0296
训练进度: 1000/3164 损失=0.0056
训练进度: 1500/3164 损失=0.0078
训练进度: 2000/3164 损失=0.0079
训练进度: 2500/3164 损失=0.0131
训练进度: 3000/3164 损失=0.0166
训练进度: 3164/3164 损失=0.0121
✅ 训练完成，耗时: 57.4秒 (1.0分钟)

============================================================
📊 验证决策: Epoch 67/200
   验证间隔: 1
   是否验证: ✅ 是
   原因: 达到验证间隔 (0 == 0)
============================================================

🔍 开始验证...
验证进度: 500/686 损失=0.4954
验证进度: 686/686 损失=0.8805

📊 预测分布分析:
  - 预测的前5个类别: {np.int64(0): 282396, np.int64(1): 37107, np.int64(2): 14811, np.int64(3): 10657, np.int64(4): 8812}
  - 标签的前5个类别: {np.int64(0): 281232, np.int64(1): 36731, np.int64(2): 14789, np.int64(3): 10866, np.int64(4): 8585}
✅ 验证完成，耗时: 4.8秒 (0.1分钟)
训练损失: 0.0162
验证损失: 0.4149
验证准确率: 0.9653 (10583/10964) - 与Levenshtein高度相关
验证F1(加权): 0.9645 - 类别平衡更好
学习率: 0.000075
显存使用: 0.48GB (预留: 0.69GB)

生成的训练样本:
--------------------------------------------------------------------------------
输入:       DHW >TQLNJ LJT LH GJR HNJN> BBR
目标:     0 1 0 0 0 17 0 0 29 0 0 0 58 0 24 0 1 0 0 0 0 0 0 0 0 0 55 0 0 1 0 2
预测:     0 1 0 0 0 17 0 0 29 0 0 0 58 0 24 0 1 0 0 0 0 0 0 0 0 0 55 0 0 1 0 2
准确率:    1.0000 (32/32)
----------------------------------------
输入:       >LJ> NBJ> WCMCH WBRHDD MLK> D>DWM KNC
目标:     0 0 0 0 2 0 0 0 4 0 0 1 0 0 157 0 0 1 0 0 0 0 2 0 0 0 4 0 0 1 0 0 0 2 0 0 0 16
预测:     0 0 0 0 2 0 0 0 4 0 0 1 0 0 157 0 0 1 0 0 0 0 2 0 0 0 4 0 0 1 0 0 0 2 0 0 0 16
准确率:    1.0000 (38/38)
----------------------------------------
输入:       WQVWR >NWN >T> <L >JDK WNHWWN RWCM>
目标:     0 36 0 8 0 3 0 0 0 0 0 0 0 4 0 0 0 0 8 0 0 5 0 0 1 6 0 18 0 0 0 0 0 0 4 0
预测:     0 36 0 8 0 3 0 0 0 0 0 0 0 4 0 0 0 0 8 0 0 5 0 0 1 6 0 18 0 0 0 0 0 0 4 0
准确率:    1.0000 (36/36)
----------------------------------------

生成的验证样本:
--------------------------------------------------------------------------------
输入:       YBJNH D>LH> LMSV> MN KL DBJC WKLJ
目标:     0 0 0 0 5 0 0 1 0 0 4 0 0 1 6 0 10 7 0 0 0 0 0 2 0 1 0 0 2 0 36 0 0 3
预测:     0 0 0 0 5 0 0 1 0 0 4 0 0 1 6 0 10 7 0 0 0 0 0 2 0 1 0 0 2 0 36 0 0 3
准确率:    1.0000 (34/34)
----------------------------------------
输入:       D>LH> LMSV> MN KL DBJC WKLJ XJLK
目标:     0 1 0 0 4 0 0 1 6 0 10 7 0 0 0 0 0 2 0 1 0 0 2 0 36 0 0 3 0 0 0 5 0
预测:     0 1 0 0 4 0 0 1 6 0 10 7 0 0 0 0 0 2 0 1 0 0 2 0 36 0 0 3 0 0 0 5 0
准确率:    1.0000 (33/33)
----------------------------------------
⏳ 验证无提升 (验证准确率: 0.9653 ≤ 0.9656)，patience: 3/50

======================================================================
🚀 Epoch 68/200
======================================================================
📚 开始训练阶段...
训练进度: 500/3164 损失=0.0177
训练进度: 1000/3164 损失=0.0357
训练进度: 1500/3164 损失=0.0374
训练进度: 2000/3164 损失=0.0153
训练进度: 2500/3164 损失=0.0079
训练进度: 3000/3164 损失=0.0412
训练进度: 3164/3164 损失=0.0233
✅ 训练完成，耗时: 57.4秒 (1.0分钟)

============================================================
📊 验证决策: Epoch 68/200
   验证间隔: 1
   是否验证: ✅ 是
   原因: 达到验证间隔 (0 == 0)
============================================================

🔍 开始验证...
验证进度: 500/686 损失=0.4418
验证进度: 686/686 损失=0.9588

📊 预测分布分析:
  - 预测的前5个类别: {np.int64(0): 282278, np.int64(1): 37115, np.int64(2): 14836, np.int64(3): 10648, np.int64(4): 9061}
  - 标签的前5个类别: {np.int64(0): 281232, np.int64(1): 36731, np.int64(2): 14789, np.int64(3): 10866, np.int64(4): 8585}
✅ 验证完成，耗时: 4.8秒 (0.1分钟)
训练损失: 0.0158
验证损失: 0.4213
验证准确率: 0.9653 (10583/10964) - 与Levenshtein高度相关
验证F1(加权): 0.9645 - 类别平衡更好
学习率: 0.000075
显存使用: 0.47GB (预留: 0.69GB)

生成的训练样本:
--------------------------------------------------------------------------------
输入:       WMN> QWZ LMDKJW WLMYLLW MDM DMZJG BJM>
目标:     0 1 0 0 0 8 8 8 12 0 1 6 0 0 7 19 0 1 1 6 0 0 7 19 0 0 0 2 0 1 0 8 0 40 0 1 0 4 0
预测:     0 1 0 0 0 8 8 8 12 0 1 6 0 0 7 19 0 1 1 6 0 0 7 19 0 0 0 2 0 1 0 8 0 40 0 1 0 4 0
准确率:    1.0000 (39/39)
----------------------------------------
输入:       MCKXJN SJMT> LRXM HJMNWT> LJT LH DMJ>
目标:     8 0 0 0 7 0 0 0 0 0 13 9 0 0 1 0 0 7 0 0 0 0 0 2 9 0 0 58 0 24 0 1 0 0 0 108 9 0
预测:     8 0 0 0 7 0 0 0 0 0 13 9 0 0 1 0 0 7 0 0 0 0 0 2 9 0 0 58 0 24 0 1 0 0 0 108 9 0
准确率:    1.0000 (38/38)
----------------------------------------
输入:       WBRBRJ> WVJJ> DHNWN MYLLJN JTJR MN KL
目标:     0 1 0 0 0 0 11 0 0 1 0 0 11 0 0 1 0 0 0 0 0 28 0 0 7 0 0 0 0 0 0 2 0 0 0 0 0 2
预测:     0 1 0 0 0 0 11 0 0 1 0 0 11 0 0 1 0 0 0 0 0 28 0 0 7 0 0 0 0 0 0 2 0 0 0 0 0 2
准确率:    1.0000 (38/38)
----------------------------------------

生成的验证样本:
--------------------------------------------------------------------------------
输入:       YBJNH D>LH> LMSV> MN KL DBJC WKLJ
目标:     0 0 0 0 5 0 0 1 0 0 4 0 0 1 6 0 10 7 0 0 0 0 0 2 0 1 0 0 2 0 36 0 0 3
预测:     0 0 0 0 5 0 0 1 0 0 4 0 0 1 6 0 10 7 0 0 0 0 0 2 0 1 0 0 2 0 36 0 0 3
准确率:    1.0000 (34/34)
----------------------------------------
输入:       D>LH> LMSV> MN KL DBJC WKLJ XJLK
目标:     0 1 0 0 4 0 0 1 6 0 10 7 0 0 0 0 0 2 0 1 0 0 2 0 36 0 0 3 0 0 0 5 0
预测:     0 1 0 0 4 0 0 1 6 0 10 7 0 0 0 0 0 2 0 1 0 0 2 0 36 0 0 3 0 0 0 5 0
准确率:    1.0000 (33/33)
----------------------------------------
⏳ 验证无提升 (验证准确率: 0.9653 ≤ 0.9656)，patience: 4/50

======================================================================
🚀 Epoch 69/200
======================================================================
📚 开始训练阶段...
训练进度: 500/3164 损失=0.0381
训练进度: 1000/3164 损失=0.0173
训练进度: 1500/3164 损失=0.0226
训练进度: 2000/3164 损失=0.0180
训练进度: 2500/3164 损失=0.0141
训练进度: 3000/3164 损失=0.0047
训练进度: 3164/3164 损失=0.0044
✅ 训练完成，耗时: 57.4秒 (1.0分钟)

============================================================
📊 验证决策: Epoch 69/200
   验证间隔: 1
   是否验证: ✅ 是
   原因: 达到验证间隔 (0 == 0)
============================================================

🔍 开始验证...
验证进度: 500/686 损失=0.3956
验证进度: 686/686 损失=0.7742

📊 预测分布分析:
  - 预测的前5个类别: {np.int64(0): 281855, np.int64(1): 37197, np.int64(2): 14808, np.int64(3): 10847, np.int64(4): 8778}
  - 标签的前5个类别: {np.int64(0): 281232, np.int64(1): 36731, np.int64(2): 14789, np.int64(3): 10866, np.int64(4): 8585}
✅ 验证完成，耗时: 4.8秒 (0.1分钟)
训练损失: 0.0155
验证损失: 0.4139
验证准确率: 0.9654 (10585/10964) - 与Levenshtein高度相关
验证F1(加权): 0.9647 - 类别平衡更好
学习率: 0.000074
显存使用: 0.47GB (预留: 0.69GB)

生成的训练样本:
--------------------------------------------------------------------------------
输入:       WLWVT> <L VWR> DGBL H> HNWN B<BR>
目标:     0 1 0 0 13 23 0 0 0 0 0 0 0 4 0 0 1 0 0 2 0 0 0 0 0 0 0 0 0 1 0 0 15 0
预测:     0 1 0 0 13 23 0 0 0 0 0 0 0 4 0 0 1 0 0 2 0 0 0 0 0 0 0 0 0 1 0 0 15 0
准确率:    1.0000 (34/34)
----------------------------------------
输入:       TGMR BJCT> <L RCJ<> WTTQN LZDJQ> BXR
目标:     0 6 0 0 3 0 0 0 13 9 0 0 0 0 0 0 0 0 11 0 0 1 28 0 0 3 0 1 0 0 0 11 0 6 0 0 3
预测:     0 6 0 0 3 0 0 0 13 9 0 0 0 0 0 0 0 0 11 0 0 1 28 0 0 3 0 1 0 0 0 11 0 6 0 0 3
准确率:    1.0000 (37/37)
----------------------------------------
输入:       <M BLTJ BJT> DKWN WBTXWM> D>RS WBMLWC>
目标:     0 0 0 0 0 0 0 2 0 0 0 4 0 0 1 0 0 62 0 1 1 0 0 0 11 0 0 1 0 0 2 0 1 1 0 0 0 11 0
预测:     0 0 0 0 0 0 0 2 0 0 0 4 0 0 1 0 0 62 0 1 1 0 0 0 11 0 0 1 0 0 2 0 1 1 0 0 0 11 0
准确率:    1.0000 (39/39)
----------------------------------------

生成的验证样本:
--------------------------------------------------------------------------------
输入:       YBJNH D>LH> LMSV> MN KL DBJC WKLJ
目标:     0 0 0 0 5 0 0 1 0 0 4 0 0 1 6 0 10 7 0 0 0 0 0 2 0 1 0 0 2 0 36 0 0 3
预测:     0 0 0 0 5 0 0 1 0 0 4 0 0 1 6 0 10 7 0 0 0 0 0 2 0 1 0 0 2 0 36 0 0 3
准确率:    1.0000 (34/34)
----------------------------------------
输入:       D>LH> LMSV> MN KL DBJC WKLJ XJLK
目标:     0 1 0 0 4 0 0 1 6 0 10 7 0 0 0 0 0 2 0 1 0 0 2 0 36 0 0 3 0 0 0 5 0
预测:     0 1 0 0 4 0 0 1 6 0 10 7 0 0 0 0 0 2 0 1 0 0 2 0 36 0 0 3 0 0 0 5 0
准确率:    1.0000 (33/33)
----------------------------------------
⏳ 验证无提升 (验证准确率: 0.9654 ≤ 0.9656)，patience: 5/50

======================================================================
🚀 Epoch 70/200
======================================================================
📚 开始训练阶段...
训练进度: 500/3164 损失=0.0045
训练进度: 1000/3164 损失=0.0128
训练进度: 1500/3164 损失=0.0108
训练进度: 2000/3164 损失=0.0312
训练进度: 2500/3164 损失=0.0068
训练进度: 3000/3164 损失=0.0262
训练进度: 3164/3164 损失=0.0047
✅ 训练完成，耗时: 57.5秒 (1.0分钟)

============================================================
📊 验证决策: Epoch 70/200
   验证间隔: 1
   是否验证: ✅ 是
   原因: 达到验证间隔 (0 == 0)
============================================================

🔍 开始验证...
验证进度: 500/686 损失=0.4524
验证进度: 686/686 损失=0.9000

📊 预测分布分析:
  - 预测的前5个类别: {np.int64(0): 282425, np.int64(1): 37065, np.int64(2): 14786, np.int64(3): 10860, np.int64(4): 8648}
  - 标签的前5个类别: {np.int64(0): 281232, np.int64(1): 36731, np.int64(2): 14789, np.int64(3): 10866, np.int64(4): 8585}
✅ 验证完成，耗时: 4.8秒 (0.1分钟)
训练损失: 0.0157
验证损失: 0.4159
验证准确率: 0.9654 (10584/10964) - 与Levenshtein高度相关
验证F1(加权): 0.9647 - 类别平衡更好
学习率: 0.000073
显存使用: 0.48GB (预留: 0.69GB)

生成的训练样本:
--------------------------------------------------------------------------------
输入:       DPRJCJN XD MN XD WZKJN NMWSJHWN DBNJ
目标:     0 1 0 8 0 7 0 27 0 0 2 0 0 0 0 0 2 0 1 0 42 0 0 0 0 0 0 2 1 0 0 0 0 1 0 2 0
预测:     0 1 0 8 0 7 0 27 0 0 2 0 0 0 0 0 2 0 1 0 42 0 0 0 0 0 0 2 1 0 0 0 0 1 0 2 0
准确率:    1.0000 (37/37)
----------------------------------------
输入:       PTGM> DCM<T B>R<J <L PTGMJK W<L XKMTK
目标:     0 0 0 0 4 0 0 1 0 0 3 0 0 1 0 0 5 0 0 0 0 0 0 0 0 2 1 0 0 1 0 0 0 0 0 13 1 0
预测:     0 0 0 0 4 0 0 1 0 0 3 0 0 1 0 0 5 0 0 0 0 0 0 0 0 2 1 0 0 1 0 0 0 0 0 13 1 0
准确率:    1.0000 (38/38)
----------------------------------------
输入:       MN VLJ> WXD> >TN> >MV> <DM> LNBJH
目标:     0 0 0 0 0 13 9 0 0 1 0 2 0 0 0 0 4 0 0 6 0 10 3 0 0 0 0 0 0 1 0 0 5 0
预测:     0 0 0 0 0 13 9 0 0 1 0 2 0 0 0 0 4 0 0 6 0 10 3 0 0 0 0 0 0 1 0 0 5 0
准确率:    1.0000 (34/34)
----------------------------------------

生成的验证样本:
--------------------------------------------------------------------------------
输入:       YBJNH D>LH> LMSV> MN KL DBJC WKLJ
目标:     0 0 0 0 5 0 0 1 0 0 4 0 0 1 6 0 10 7 0 0 0 0 0 2 0 1 0 0 2 0 36 0 0 3
预测:     0 0 0 0 5 0 0 1 0 0 4 0 0 1 6 0 10 7 0 0 0 0 0 2 0 1 0 0 2 0 36 0 0 3
准确率:    1.0000 (34/34)
----------------------------------------
输入:       D>LH> LMSV> MN KL DBJC WKLJ XJLK
目标:     0 1 0 0 4 0 0 1 6 0 10 7 0 0 0 0 0 2 0 1 0 0 2 0 36 0 0 3 0 0 0 5 0
预测:     0 1 0 0 4 0 0 1 6 0 10 7 0 0 0 0 0 2 0 1 0 0 2 0 36 0 0 3 0 0 0 5 0
准确率:    1.0000 (33/33)
----------------------------------------
⏳ 验证无提升 (验证准确率: 0.9654 ≤ 0.9656)，patience: 6/50

======================================================================
🚀 Epoch 71/200
======================================================================
📚 开始训练阶段...
训练进度: 500/3164 损失=0.0072
训练进度: 1000/3164 损失=0.0177
训练进度: 1500/3164 损失=0.0037
训练进度: 2000/3164 损失=0.0149
训练进度: 2500/3164 损失=0.0158
训练进度: 3000/3164 损失=0.0095
训练进度: 3164/3164 损失=0.0287
✅ 训练完成，耗时: 57.6秒 (1.0分钟)

============================================================
📊 验证决策: Epoch 71/200
   验证间隔: 1
   是否验证: ✅ 是
   原因: 达到验证间隔 (0 == 0)
============================================================

🔍 开始验证...
验证进度: 500/686 损失=0.4613
验证进度: 686/686 损失=0.8202

📊 预测分布分析:
  - 预测的前5个类别: {np.int64(0): 282807, np.int64(1): 37126, np.int64(2): 14710, np.int64(3): 10725, np.int64(4): 9083}
  - 标签的前5个类别: {np.int64(0): 281232, np.int64(1): 36731, np.int64(2): 14789, np.int64(3): 10866, np.int64(4): 8585}
✅ 验证完成，耗时: 4.8秒 (0.1分钟)
训练损失: 0.0149
验证损失: 0.4277
验证准确率: 0.9658 (10588/10964) - 与Levenshtein高度相关
验证F1(加权): 0.9648 - 类别平衡更好
学习率: 0.000072
显存使用: 0.47GB (预留: 0.69GB)

生成的训练样本:
--------------------------------------------------------------------------------
输入:       L>JZBL BRT >JTB<L MLK> DYJDNJ> W>ZL WPLX
目标:     0 1 0 0 0 0 2 0 0 13 0 0 0 0 0 0 0 2 0 0 0 4 0 0 1 0 0 0 0 11 0 0 1 0 0 3 0 1 0 0 3
预测:     0 1 0 0 0 0 2 0 0 13 0 0 0 0 0 0 0 2 0 0 0 4 0 0 1 0 0 0 0 11 0 0 1 0 0 3 0 1 0 0 3
准确率:    1.0000 (41/41)
----------------------------------------
输入:       MVL DSP LHJN NC> DBNJMJN W>MRW DNCTBQ
目标:     0 0 0 0 0 1 31 235 0 1 0 0 0 0 0 11 0 0 1 0 0 0 0 0 2 0 1 0 0 3 0 0 1 45 39 0 0 3
预测:     0 0 0 0 0 1 31 235 0 1 0 0 0 0 0 11 0 0 1 0 0 0 0 0 2 0 1 0 0 3 0 0 1 45 39 0 0 3
准确率:    1.0000 (38/38)
----------------------------------------
输入:       <BD> DB<> LMVLM MRWHJ L> THW> LH
目标:     0 0 0 15 0 0 1 0 10 7 0 1 6 0 0 7 0 0 96 1 0 0 0 0 0 0 6 0 10 3 0 1 0
预测:     0 0 0 15 0 0 1 0 10 7 0 1 6 0 0 7 0 0 96 1 0 0 0 0 0 0 6 0 10 3 0 1 0
准确率:    1.0000 (33/33)
----------------------------------------

生成的验证样本:
--------------------------------------------------------------------------------
输入:       YBJNH D>LH> LMSV> MN KL DBJC WKLJ
目标:     0 0 0 0 5 0 0 1 0 0 4 0 0 1 6 0 10 7 0 0 0 0 0 2 0 1 0 0 2 0 36 0 0 3
预测:     0 0 0 0 5 0 0 1 0 0 4 0 0 1 6 0 10 7 0 0 0 0 0 2 0 1 0 0 2 0 36 0 0 3
准确率:    1.0000 (34/34)
----------------------------------------
输入:       D>LH> LMSV> MN KL DBJC WKLJ XJLK
目标:     0 1 0 0 4 0 0 1 6 0 10 7 0 0 0 0 0 2 0 1 0 0 2 0 36 0 0 3 0 0 0 5 0
预测:     0 1 0 0 4 0 0 1 6 0 10 7 0 0 0 0 0 2 0 1 0 0 2 0 36 0 0 3 0 0 0 5 0
准确率:    1.0000 (33/33)
----------------------------------------
💾 保存新的最佳模型！验证准确率: 0.9658 (F1: 0.9648) (Epoch 71)

======================================================================
🚀 Epoch 72/200
======================================================================
📚 开始训练阶段...
训练进度: 500/3164 损失=0.0161
训练进度: 1000/3164 损失=0.0250
训练进度: 1500/3164 损失=0.0071
训练进度: 2000/3164 损失=0.0039
训练进度: 2500/3164 损失=0.0152
训练进度: 3000/3164 损失=0.0079
训练进度: 3164/3164 损失=0.0047
✅ 训练完成，耗时: 57.4秒 (1.0分钟)

============================================================
📊 验证决策: Epoch 72/200
   验证间隔: 1
   是否验证: ✅ 是
   原因: 达到验证间隔 (0 == 0)
============================================================

🔍 开始验证...
验证进度: 500/686 损失=0.5830
验证进度: 686/686 损失=0.8572

📊 预测分布分析:
  - 预测的前5个类别: {np.int64(0): 282566, np.int64(1): 37014, np.int64(2): 14732, np.int64(3): 10612, np.int64(4): 8736}
  - 标签的前5个类别: {np.int64(0): 281232, np.int64(1): 36731, np.int64(2): 14789, np.int64(3): 10866, np.int64(4): 8585}
✅ 验证完成，耗时: 4.8秒 (0.1分钟)
训练损失: 0.0149
验证损失: 0.4277
验证准确率: 0.9655 (10585/10964) - 与Levenshtein高度相关
验证F1(加权): 0.9647 - 类别平衡更好
学习率: 0.000072
显存使用: 0.47GB (预留: 0.69GB)

生成的训练样本:
--------------------------------------------------------------------------------
输入:       TLTJN BNJN WRKJBJN HWW <L TLTJN <JLJN
目标:     0 0 0 2 0 0 0 0 2 0 0 0 1 0 8 0 7 0 27 0 0 18 0 0 0 0 0 0 0 2 0 0 0 0 0 2 0 0
预测:     0 0 0 2 0 0 0 0 2 0 0 0 1 0 8 0 7 0 27 0 0 18 0 0 0 0 0 0 0 2 0 0 0 0 0 2 0 0
准确率:    1.0000 (38/38)
----------------------------------------
输入:       LCM<J W>MR LH L> >WMJTK BMRJ> WSHDT
目标:     0 1 0 0 0 2 0 1 0 0 3 0 1 0 0 0 0 0 50 0 0 3 1 0 0 1 0 0 0 2 0 1 0 0 3 0
预测:     0 1 0 0 0 2 0 1 0 0 3 0 1 0 0 0 0 0 50 0 0 3 1 0 0 1 0 0 0 2 0 1 0 0 3 0
准确率:    1.0000 (36/36)
----------------------------------------
输入:       DCPJRJN HWJN LGBR> >JK NC> W>P MCTWT>
目标:     0 1 0 0 0 2 0 0 0 0 42 0 0 0 1 0 0 11 0 0 0 0 0 0 0 11 0 0 1 0 0 0 0 0 0 2 23 0
预测:     0 1 0 0 0 2 0 0 0 0 42 0 0 0 1 0 0 11 0 0 0 0 0 0 0 11 0 0 1 0 0 0 0 0 0 2 23 0
准确率:    1.0000 (38/38)
----------------------------------------

生成的验证样本:
--------------------------------------------------------------------------------
输入:       YBJNH D>LH> LMSV> MN KL DBJC WKLJ
目标:     0 0 0 0 5 0 0 1 0 0 4 0 0 1 6 0 10 7 0 0 0 0 0 2 0 1 0 0 2 0 36 0 0 3
预测:     0 0 0 0 5 0 0 1 0 0 4 0 0 1 6 0 10 7 0 0 0 0 0 2 0 1 0 0 2 0 36 0 0 3
准确率:    1.0000 (34/34)
----------------------------------------
输入:       D>LH> LMSV> MN KL DBJC WKLJ XJLK
目标:     0 1 0 0 4 0 0 1 6 0 10 7 0 0 0 0 0 2 0 1 0 0 2 0 36 0 0 3 0 0 0 5 0
预测:     0 1 0 0 4 0 0 1 6 0 10 7 0 0 0 0 0 2 0 1 0 0 2 0 36 0 0 3 0 0 0 5 0
准确率:    1.0000 (33/33)
----------------------------------------
⏳ 验证无提升 (验证准确率: 0.9655 ≤ 0.9658)，patience: 1/50

======================================================================
🚀 Epoch 73/200
======================================================================
📚 开始训练阶段...
训练进度: 500/3164 损失=0.0138
训练进度: 1000/3164 损失=0.0269
训练进度: 1500/3164 损失=0.0068
训练进度: 2000/3164 损失=0.0048
训练进度: 2500/3164 损失=0.0131
训练进度: 3000/3164 损失=0.0036
训练进度: 3164/3164 损失=0.0049
✅ 训练完成，耗时: 57.5秒 (1.0分钟)

============================================================
📊 验证决策: Epoch 73/200
   验证间隔: 1
   是否验证: ✅ 是
   原因: 达到验证间隔 (0 == 0)
============================================================

🔍 开始验证...
验证进度: 500/686 损失=0.5021
验证进度: 686/686 损失=0.6840

📊 预测分布分析:
  - 预测的前5个类别: {np.int64(0): 282409, np.int64(1): 37059, np.int64(2): 14695, np.int64(3): 10861, np.int64(4): 8711}
  - 标签的前5个类别: {np.int64(0): 281232, np.int64(1): 36731, np.int64(2): 14789, np.int64(3): 10866, np.int64(4): 8585}
✅ 验证完成，耗时: 4.8秒 (0.1分钟)
训练损失: 0.0148
验证损失: 0.4185
验证准确率: 0.9658 (10588/10964) - 与Levenshtein高度相关
验证F1(加权): 0.9650 - 类别平衡更好
学习率: 0.000071
显存使用: 0.47GB (预留: 0.69GB)

生成的训练样本:
--------------------------------------------------------------------------------
输入:       WBNJ MSXPTN W<BD TR<JN WSWKRJN Z<WRJN >TBRJW
目标:     0 1 0 0 16 0 6 0 0 7 266 0 0 1 0 0 3 0 0 0 2 1 0 0 1 0 0 0 2 1 0 0 0 0 0 2 0 0 0 0 14 0 0 3 0
预测:     0 1 0 0 16 0 6 0 0 7 266 0 0 1 0 0 3 0 0 0 2 1 0 0 1 0 0 0 2 1 0 0 0 0 0 2 0 0 0 0 14 0 0 3 0
准确率:    1.0000 (45/45)
----------------------------------------
输入:       BTR TLT CNJN <RQW TRJN <BDWHJ DCM<J
目标:     0 0 0 0 0 0 0 2 0 0 13 0 0 0 0 0 3 0 0 0 2 0 12 0 0 0 69 1 0 0 0 1 0 0 0 2
预测:     0 0 0 0 0 0 0 2 0 0 13 0 0 0 0 0 3 0 0 0 2 0 12 0 0 0 69 1 0 0 0 1 0 0 0 2
准确率:    1.0000 (36/36)
----------------------------------------
输入:       >JK <PR> WCD> <PRH <L QBR> DBNJ
目标:     0 0 0 0 0 0 0 4 0 0 1 0 10 3 0 0 0 5 12 0 0 0 0 0 0 30 0 0 1 0 2 0
预测:     0 0 0 0 0 0 0 4 0 0 1 0 10 3 0 0 0 5 12 0 0 0 0 0 0 30 0 0 1 0 2 0
准确率:    1.0000 (32/32)
----------------------------------------

生成的验证样本:
--------------------------------------------------------------------------------
输入:       YBJNH D>LH> LMSV> MN KL DBJC WKLJ
目标:     0 0 0 0 5 0 0 1 0 0 4 0 0 1 6 0 10 7 0 0 0 0 0 2 0 1 0 0 2 0 36 0 0 3
预测:     0 0 0 0 5 0 0 1 0 0 4 0 0 1 6 0 10 7 0 0 0 0 0 2 0 1 0 0 2 0 36 0 0 3
准确率:    1.0000 (34/34)
----------------------------------------
输入:       D>LH> LMSV> MN KL DBJC WKLJ XJLK
目标:     0 1 0 0 4 0 0 1 6 0 10 7 0 0 0 0 0 2 0 1 0 0 2 0 36 0 0 3 0 0 0 5 0
预测:     0 1 0 0 4 0 0 1 6 0 10 7 0 0 0 0 0 2 0 1 0 0 2 0 36 0 0 3 0 0 0 5 0
准确率:    1.0000 (33/33)
----------------------------------------
💾 保存新的最佳模型！验证准确率: 0.9658 (F1: 0.9650) (Epoch 73)

======================================================================
🚀 Epoch 74/200
======================================================================
📚 开始训练阶段...
训练进度: 500/3164 损失=0.0257
训练进度: 1000/3164 损失=0.0030
训练进度: 1500/3164 损失=0.0109
训练进度: 2000/3164 损失=0.0201
训练进度: 2500/3164 损失=0.0083
训练进度: 3000/3164 损失=0.0162
训练进度: 3164/3164 损失=0.0395
✅ 训练完成，耗时: 57.5秒 (1.0分钟)

============================================================
📊 验证决策: Epoch 74/200
   验证间隔: 1
   是否验证: ✅ 是
   原因: 达到验证间隔 (0 == 0)
============================================================

🔍 开始验证...
验证进度: 500/686 损失=0.5804
验证进度: 686/686 损失=0.7370

📊 预测分布分析:
  - 预测的前5个类别: {np.int64(0): 282069, np.int64(1): 37047, np.int64(2): 14814, np.int64(3): 10753, np.int64(4): 8656}
  - 标签的前5个类别: {np.int64(0): 281232, np.int64(1): 36731, np.int64(2): 14789, np.int64(3): 10866, np.int64(4): 8585}
✅ 验证完成，耗时: 4.8秒 (0.1分钟)
训练损失: 0.0140
验证损失: 0.4198
验证准确率: 0.9654 (10584/10964) - 与Levenshtein高度相关
验证F1(加权): 0.9648 - 类别平衡更好
学习率: 0.000070
显存使用: 0.47GB (预留: 0.69GB)

生成的训练样本:
--------------------------------------------------------------------------------
输入:       QDM MRJ> >LHK WSGWD TMN QDM MRJ>
目标:     0 0 0 2 0 0 0 0 2 0 0 0 5 0 0 36 0 8 0 3 0 0 0 0 0 0 0 2 0 0 0 0 2
预测:     0 0 0 2 0 0 0 0 2 0 0 0 5 0 0 36 0 8 0 3 0 0 0 0 0 0 0 2 0 0 0 0 2
准确率:    1.0000 (33/33)
----------------------------------------
输入:       WKM>N> RKJK>JT NPL <L GB< WHLK KM>N>
目标:     0 1 0 0 0 4 0 0 0 0 0 0 0 0 0 0 0 0 3 0 0 0 0 0 0 2 0 1 0 0 16 0 0 0 0 4 0
预测:     0 1 0 0 0 4 0 0 0 0 0 0 0 0 0 0 0 0 3 0 0 0 0 0 0 2 0 1 0 0 16 0 0 0 0 4 0
准确率:    1.0000 (37/37)
----------------------------------------
输入:       WNV>B LK B>R<> VBT> DJHB LK MRJ>
目标:     0 1 6 0 0 3 0 1 0 0 1 0 0 4 0 0 0 2 9 0 0 1 0 0 7 0 1 0 0 0 0 0 2
预测:     0 1 6 0 0 3 0 1 0 0 1 0 0 4 0 0 0 2 9 0 0 1 0 0 7 0 1 0 0 0 0 0 2
准确率:    1.0000 (33/33)
----------------------------------------

生成的验证样本:
--------------------------------------------------------------------------------
输入:       YBJNH D>LH> LMSV> MN KL DBJC WKLJ
目标:     0 0 0 0 5 0 0 1 0 0 4 0 0 1 6 0 10 7 0 0 0 0 0 2 0 1 0 0 2 0 36 0 0 3
预测:     0 0 0 0 5 0 0 1 0 0 4 0 0 1 6 0 10 7 0 0 0 0 0 2 0 1 0 0 2 0 36 0 0 3
准确率:    1.0000 (34/34)
----------------------------------------
输入:       D>LH> LMSV> MN KL DBJC WKLJ XJLK
目标:     0 1 0 0 4 0 0 1 6 0 10 7 0 0 0 0 0 2 0 1 0 0 2 0 36 0 0 3 0 0 0 5 0
预测:     0 1 0 0 4 0 0 1 6 0 10 7 0 0 0 0 0 2 0 1 0 0 2 0 36 0 0 3 0 0 0 5 0
准确率:    1.0000 (33/33)
----------------------------------------
⏳ 验证无提升 (验证准确率: 0.9654 ≤ 0.9658)，patience: 1/50

======================================================================
🚀 Epoch 75/200
======================================================================
📚 开始训练阶段...
训练进度: 500/3164 损失=0.0108
训练进度: 1000/3164 损失=0.0034
训练进度: 1500/3164 损失=0.0078
训练进度: 2000/3164 损失=0.0224
训练进度: 2500/3164 损失=0.0333
训练进度: 3000/3164 损失=0.0192
训练进度: 3164/3164 损失=0.0114
✅ 训练完成，耗时: 57.3秒 (1.0分钟)

============================================================
📊 验证决策: Epoch 75/200
   验证间隔: 1
   是否验证: ✅ 是
   原因: 达到验证间隔 (0 == 0)
============================================================

🔍 开始验证...
验证进度: 500/686 损失=0.6433
验证进度: 686/686 损失=0.7675

📊 预测分布分析:
  - 预测的前5个类别: {np.int64(0): 282304, np.int64(1): 37038, np.int64(2): 14892, np.int64(3): 10781, np.int64(4): 8885}
  - 标签的前5个类别: {np.int64(0): 281232, np.int64(1): 36731, np.int64(2): 14789, np.int64(3): 10866, np.int64(4): 8585}
✅ 验证完成，耗时: 4.8秒 (0.1分钟)
训练损失: 0.0138
验证损失: 0.4317
验证准确率: 0.9655 (10585/10964) - 与Levenshtein高度相关
验证F1(加权): 0.9647 - 类别平衡更好
学习率: 0.000070
显存使用: 0.47GB (预留: 0.69GB)

生成的训练样本:
--------------------------------------------------------------------------------
输入:       GJR DTLTJHJN YBWT> DKJN> WDXLQ> WDX>RWT> DNHWWN
目标:     0 0 0 0 0 1 0 0 2 1 0 0 0 0 0 0 2 23 0 0 1 0 0 4 0 0 1 1 0 0 4 0 0 1 1 0 0 0 2 9 0 0 1 6 0 18 0 0
预测:     0 0 0 0 0 1 0 0 2 1 0 0 0 0 0 0 2 23 0 0 1 0 0 4 0 0 1 1 0 0 4 0 0 1 1 0 0 0 2 9 0 0 1 6 0 18 0 0
准确率:    1.0000 (48/48)
----------------------------------------
输入:       DB<JN >NTWN W>WBL >NWN LCMRJN WKD <LW
目标:     0 1 0 42 0 0 0 0 0 0 0 0 0 1 50 0 0 3 0 0 0 0 0 0 1 0 0 0 0 2 0 1 0 0 0 0 53 0
预测:     0 1 0 42 0 0 0 0 0 0 0 0 0 1 50 0 0 3 0 0 0 0 0 0 1 0 0 0 0 2 0 1 0 0 0 0 53 0
准确率:    1.0000 (38/38)
----------------------------------------
输入:       LHN> KLH XJL> RB> B>JDJK WTD<WN D>N>
目标:     0 1 0 0 0 0 0 5 0 0 0 0 4 0 0 0 4 0 0 35 0 0 2 1 0 0 1 52 0 3 0 0 0 1 0 0 0
预测:     0 1 0 0 0 0 0 5 0 0 0 0 4 0 0 0 4 0 0 35 0 0 2 1 0 0 1 52 0 3 0 0 0 1 0 0 0
准确率:    1.0000 (37/37)
----------------------------------------

生成的验证样本:
--------------------------------------------------------------------------------
输入:       YBJNH D>LH> LMSV> MN KL DBJC WKLJ
目标:     0 0 0 0 5 0 0 1 0 0 4 0 0 1 6 0 10 7 0 0 0 0 0 2 0 1 0 0 2 0 36 0 0 3
预测:     0 0 0 0 5 0 0 1 0 0 4 0 0 1 6 0 10 7 0 0 0 0 0 2 0 1 0 0 2 0 36 0 0 3
准确率:    1.0000 (34/34)
----------------------------------------
输入:       D>LH> LMSV> MN KL DBJC WKLJ XJLK
目标:     0 1 0 0 4 0 0 1 6 0 10 7 0 0 0 0 0 2 0 1 0 0 2 0 36 0 0 3 0 0 0 5 0
预测:     0 1 0 0 4 0 0 1 6 0 10 7 0 0 0 0 0 2 0 1 0 0 2 0 36 0 0 3 0 0 0 5 0
准确率:    1.0000 (33/33)
----------------------------------------
⏳ 验证无提升 (验证准确率: 0.9655 ≤ 0.9658)，patience: 2/50

======================================================================
🚀 Epoch 76/200
======================================================================
📚 开始训练阶段...
训练进度: 500/3164 损失=0.0164
训练进度: 1000/3164 损失=0.0092
训练进度: 1500/3164 损失=0.0097
训练进度: 2000/3164 损失=0.0089
训练进度: 2500/3164 损失=0.0090
训练进度: 3000/3164 损失=0.0023
训练进度: 3164/3164 损失=0.0053
✅ 训练完成，耗时: 57.4秒 (1.0分钟)

============================================================
📊 验证决策: Epoch 76/200
   验证间隔: 1
   是否验证: ✅ 是
   原因: 达到验证间隔 (0 == 0)
============================================================

🔍 开始验证...
验证进度: 500/686 损失=0.4468
验证进度: 686/686 损失=0.8667

📊 预测分布分析:
  - 预测的前5个类别: {np.int64(0): 282436, np.int64(1): 37053, np.int64(2): 14851, np.int64(3): 10710, np.int64(4): 8927}
  - 标签的前5个类别: {np.int64(0): 281232, np.int64(1): 36731, np.int64(2): 14789, np.int64(3): 10866, np.int64(4): 8585}
✅ 验证完成，耗时: 4.8秒 (0.1分钟)
训练损失: 0.0136
验证损失: 0.4156
验证准确率: 0.9665 (10596/10964) - 与Levenshtein高度相关
验证F1(加权): 0.9657 - 类别平衡更好
学习率: 0.000069
显存使用: 0.48GB (预留: 0.69GB)

生成的训练样本:
--------------------------------------------------------------------------------
输入:       WCWQ> ><BD LK BDRMSWQ >JK D<BD >BJ
目标:     0 1 0 0 4 0 0 6 0 0 3 0 1 0 0 1 0 0 0 0 0 2 0 0 0 0 0 1 0 0 3 0 0 5 0
预测:     0 1 0 0 4 0 0 6 0 0 3 0 1 0 0 1 0 0 0 0 0 2 0 0 0 0 0 1 0 0 3 0 0 5 0
准确率:    1.0000 (35/35)
----------------------------------------
输入:       CM<T WKXLT BYDJD> <JNJH W>SRT RJCH W>DJQT
目标:     0 0 0 3 26 0 1 0 0 3 26 0 1 0 0 0 4 0 0 0 0 2 1 12 0 1 0 0 3 26 0 0 0 5 12 0 1 17 20 0 3 26
预测:     0 0 0 3 26 0 1 0 0 3 26 0 1 0 0 0 4 0 0 0 0 2 1 12 0 1 0 0 3 26 0 0 0 5 12 0 1 17 20 0 3 26
准确率:    1.0000 (42/42)
----------------------------------------
输入:       D>LH> WTQJP GBRWT> HW WKL MDM <JNWHJ
目标:     0 1 0 0 4 0 0 1 0 8 0 40 0 0 0 0 2 23 0 0 0 0 0 1 0 2 0 0 0 2 0 0 0 25 1 0 0
预测:     0 1 0 0 4 0 0 1 0 8 0 40 0 0 0 0 2 23 0 0 0 0 0 1 0 2 0 0 0 2 0 0 0 25 1 0 0
准确率:    1.0000 (37/37)
----------------------------------------

生成的验证样本:
--------------------------------------------------------------------------------
输入:       YBJNH D>LH> LMSV> MN KL DBJC WKLJ
目标:     0 0 0 0 5 0 0 1 0 0 4 0 0 1 6 0 10 7 0 0 0 0 0 2 0 1 0 0 2 0 36 0 0 3
预测:     0 0 0 0 5 0 0 1 0 0 4 0 0 1 6 0 10 7 0 0 0 0 0 2 0 1 0 0 2 0 36 0 0 3
准确率:    1.0000 (34/34)
----------------------------------------
输入:       D>LH> LMSV> MN KL DBJC WKLJ XJLK
目标:     0 1 0 0 4 0 0 1 6 0 10 7 0 0 0 0 0 2 0 1 0 0 2 0 36 0 0 3 0 0 0 5 0
预测:     0 1 0 0 4 0 0 1 6 0 10 7 0 0 0 0 0 2 0 1 0 0 2 0 36 0 0 3 0 0 0 5 0
准确率:    1.0000 (33/33)
----------------------------------------
💾 保存新的最佳模型！验证准确率: 0.9665 (F1: 0.9657) (Epoch 76)

======================================================================
🚀 Epoch 77/200
======================================================================
📚 开始训练阶段...
训练进度: 500/3164 损失=0.0087
训练进度: 1000/3164 损失=0.0064
训练进度: 1500/3164 损失=0.0178
训练进度: 2000/3164 损失=0.0183
训练进度: 2500/3164 损失=0.0180
训练进度: 3000/3164 损失=0.0163
训练进度: 3164/3164 损失=0.0114
✅ 训练完成，耗时: 57.4秒 (1.0分钟)

============================================================
📊 验证决策: Epoch 77/200
   验证间隔: 1
   是否验证: ✅ 是
   原因: 达到验证间隔 (0 == 0)
============================================================

🔍 开始验证...
验证进度: 500/686 损失=0.4767
验证进度: 686/686 损失=0.8763

📊 预测分布分析:
  - 预测的前5个类别: {np.int64(0): 282291, np.int64(1): 37126, np.int64(2): 14757, np.int64(3): 10587, np.int64(4): 8974}
  - 标签的前5个类别: {np.int64(0): 281232, np.int64(1): 36731, np.int64(2): 14789, np.int64(3): 10866, np.int64(4): 8585}
✅ 验证完成，耗时: 4.8秒 (0.1分钟)
训练损失: 0.0133
验证损失: 0.4283
验证准确率: 0.9656 (10587/10964) - 与Levenshtein高度相关
验证F1(加权): 0.9648 - 类别平衡更好
学习率: 0.000068
显存使用: 0.47GB (预留: 0.69GB)

生成的训练样本:
--------------------------------------------------------------------------------
输入:       KL MDM HKN> BNWR> KL MDM L>
目标:     0 0 2 0 0 0 2 0 0 0 0 0 0 1 0 0 4 0 0 0 2 0 0 0 2 0 0 0
预测:     0 0 2 0 0 0 2 0 0 0 0 0 0 1 0 0 4 0 0 0 2 0 0 0 2 0 0 0
准确率:    1.0000 (28/28)
----------------------------------------
输入:       WCDRH WGBR> XD MN BNJ NBJ> >MR
目标:     0 1 0 0 51 0 0 1 0 0 4 0 0 0 2 0 0 0 0 0 2 0 0 0 0 11 0 0 0 0 3
预测:     0 1 0 0 51 0 0 1 0 0 4 0 0 0 2 0 0 0 0 0 2 0 0 0 0 11 0 0 0 0 3
准确率:    1.0000 (31/31)
----------------------------------------
输入:       MCTBXJN WL> <L SBR> VB> WL> HJ
目标:     0 45 39 0 0 7 0 0 0 1 0 0 0 0 0 0 0 0 15 0 0 0 4 0 0 1 0 0 0 0 12
预测:     0 45 39 0 0 7 0 0 0 1 0 0 0 0 0 0 0 0 15 0 0 0 4 0 0 1 0 0 0 0 12
准确率:    1.0000 (31/31)
----------------------------------------

生成的验证样本:
--------------------------------------------------------------------------------
输入:       YBJNH D>LH> LMSV> MN KL DBJC WKLJ
目标:     0 0 0 0 5 0 0 1 0 0 4 0 0 1 6 0 10 7 0 0 0 0 0 2 0 1 0 0 2 0 36 0 0 3
预测:     0 0 0 0 5 0 0 1 0 0 4 0 0 1 6 0 10 7 0 0 0 0 0 2 0 1 0 0 2 0 36 0 0 3
准确率:    1.0000 (34/34)
----------------------------------------
输入:       D>LH> LMSV> MN KL DBJC WKLJ XJLK
目标:     0 1 0 0 4 0 0 1 6 0 10 7 0 0 0 0 0 2 0 1 0 0 2 0 36 0 0 3 0 0 0 5 0
预测:     0 1 0 0 4 0 0 1 6 0 10 7 0 0 0 0 0 2 0 1 0 0 2 0 36 0 0 3 0 0 0 5 0
准确率:    1.0000 (33/33)
----------------------------------------
⏳ 验证无提升 (验证准确率: 0.9656 ≤ 0.9665)，patience: 1/50

======================================================================
🚀 Epoch 78/200
======================================================================
📚 开始训练阶段...
训练进度: 500/3164 损失=0.0186
训练进度: 1000/3164 损失=0.0056
训练进度: 1500/3164 损失=0.0198
训练进度: 2000/3164 损失=0.0144
训练进度: 2500/3164 损失=0.0105
训练进度: 3000/3164 损失=0.0221
训练进度: 3164/3164 损失=0.0055
✅ 训练完成，耗时: 57.5秒 (1.0分钟)

============================================================
📊 验证决策: Epoch 78/200
   验证间隔: 1
   是否验证: ✅ 是
   原因: 达到验证间隔 (0 == 0)
============================================================

🔍 开始验证...
验证进度: 500/686 损失=0.4953
验证进度: 686/686 损失=0.8166

📊 预测分布分析:
  - 预测的前5个类别: {np.int64(0): 282398, np.int64(1): 37082, np.int64(2): 14757, np.int64(3): 10713, np.int64(4): 9124}
  - 标签的前5个类别: {np.int64(0): 281232, np.int64(1): 36731, np.int64(2): 14789, np.int64(3): 10866, np.int64(4): 8585}
✅ 验证完成，耗时: 4.8秒 (0.1分钟)
训练损失: 0.0130
验证损失: 0.4298
验证准确率: 0.9658 (10588/10964) - 与Levenshtein高度相关
验证F1(加权): 0.9649 - 类别平衡更好
学习率: 0.000067
显存使用: 0.48GB (预留: 0.69GB)

生成的训练样本:
--------------------------------------------------------------------------------
输入:       HKN> >MR MLK> CLM W>MR JHW M>
目标:     0 0 0 0 0 0 0 0 7 0 0 0 4 0 0 0 0 22 0 1 0 0 3 0 0 0 2 0 0 0
预测:     0 0 0 0 0 0 0 0 7 0 0 0 4 0 0 0 0 22 0 1 0 0 3 0 0 0 2 0 0 0
准确率:    1.0000 (30/30)
----------------------------------------
输入:       <M BNJ <MWN WHWJ RJC> LKL JTBJ
目标:     0 0 0 0 0 2 0 0 0 0 0 2 0 36 0 0 3 0 0 0 4 0 0 1 0 2 0 0 0 7 0
预测:     0 0 0 0 0 2 0 0 0 0 0 2 0 36 0 0 3 0 0 0 4 0 0 1 0 2 0 0 0 7 0
准确率:    1.0000 (31/31)
----------------------------------------
输入:       >CTQLT MNN WLJT LN MDM HC> >L>
目标:     0 47 39 0 0 3 26 0 0 1 0 0 1 58 0 24 0 1 0 0 0 0 2 0 0 4 0 0 0 0 0
预测:     0 47 39 0 0 3 26 0 0 1 0 0 1 58 0 24 0 1 0 0 0 0 2 0 0 4 0 0 0 0 0
准确率:    1.0000 (31/31)
----------------------------------------

生成的验证样本:
--------------------------------------------------------------------------------
输入:       YBJNH D>LH> LMSV> MN KL DBJC WKLJ
目标:     0 0 0 0 5 0 0 1 0 0 4 0 0 1 6 0 10 7 0 0 0 0 0 2 0 1 0 0 2 0 36 0 0 3
预测:     0 0 0 0 5 0 0 1 0 0 4 0 0 1 6 0 10 7 0 0 0 0 0 2 0 1 0 0 2 0 36 0 0 3
准确率:    1.0000 (34/34)
----------------------------------------
输入:       D>LH> LMSV> MN KL DBJC WKLJ XJLK
目标:     0 1 0 0 4 0 0 1 6 0 10 7 0 0 0 0 0 2 0 1 0 0 2 0 36 0 0 3 0 0 0 5 0
预测:     0 1 0 0 4 0 0 1 6 0 10 7 0 0 0 0 0 2 0 1 0 0 2 0 36 0 0 3 0 0 0 5 0
准确率:    1.0000 (33/33)
----------------------------------------
⏳ 验证无提升 (验证准确率: 0.9658 ≤ 0.9665)，patience: 2/50

======================================================================
🚀 Epoch 79/200
======================================================================
📚 开始训练阶段...
训练进度: 500/3164 损失=0.0266
训练进度: 1000/3164 损失=0.0078
训练进度: 1500/3164 损失=0.0173
训练进度: 2000/3164 损失=0.0079
训练进度: 2500/3164 损失=0.0013
训练进度: 3000/3164 损失=0.0268
训练进度: 3164/3164 损失=0.0211
✅ 训练完成，耗时: 57.4秒 (1.0分钟)

============================================================
📊 验证决策: Epoch 79/200
   验证间隔: 1
   是否验证: ✅ 是
   原因: 达到验证间隔 (0 == 0)
============================================================

🔍 开始验证...
验证进度: 500/686 损失=0.5905
验证进度: 686/686 损失=0.8578

📊 预测分布分析:
  - 预测的前5个类别: {np.int64(0): 282559, np.int64(1): 37046, np.int64(2): 14749, np.int64(3): 10755, np.int64(4): 8805}
  - 标签的前5个类别: {np.int64(0): 281232, np.int64(1): 36731, np.int64(2): 14789, np.int64(3): 10866, np.int64(4): 8585}
✅ 验证完成，耗时: 4.8秒 (0.1分钟)
训练损失: 0.0123
验证损失: 0.4435
验证准确率: 0.9653 (10583/10964) - 与Levenshtein高度相关
验证F1(加权): 0.9645 - 类别平衡更好
学习率: 0.000067
显存使用: 0.48GB (预留: 0.69GB)

生成的训练样本:
--------------------------------------------------------------------------------
输入:       >PJ MNHWN WNHW> LM>KWLT> WTMVJWHJ BJCT> SGJ>T>
目标:     0 54 2 0 0 0 1 0 0 0 0 1 6 0 10 3 0 1 0 0 0 0 13 9 0 0 1 44 0 0 86 0 0 0 0 0 0 2 9 0 0 0 0 0 2 9 0
预测:     0 54 2 0 0 0 1 0 0 0 0 1 6 0 10 3 0 1 0 0 0 0 13 9 0 0 1 44 0 0 86 0 0 0 0 0 0 2 9 0 0 0 0 0 2 9 0
准确率:    1.0000 (47/47)
----------------------------------------
输入:       >MR W>CBQJWHJ LDR> SGJ>> TWB JWLPNJ BNBJWT>
目标:     0 21 0 3 0 1 6 0 0 48 35 0 0 0 0 1 0 11 0 0 0 0 0 11 0 0 0 0 0 0 0 0 0 0 5 0 0 1 0 0 0 2 9 0
预测:     0 21 0 3 0 1 6 0 0 48 35 0 0 0 0 1 0 11 0 0 0 0 0 11 0 0 0 0 0 0 0 0 0 0 5 0 0 1 0 0 0 2 9 0
准确率:    1.0000 (44/44)
----------------------------------------
输入:       DLB> L> TTL LBK LMWMT> >TDKR <QT>
目标:     0 1 0 4 0 0 0 0 0 34 0 3 0 0 5 0 0 1 0 0 13 23 0 6 0 14 0 0 3 0 0 13 9 0
预测:     0 1 0 4 0 0 0 0 0 34 0 3 0 0 5 0 0 1 0 0 13 23 0 6 0 14 0 0 3 0 0 13 9 0
准确率:    1.0000 (34/34)
----------------------------------------

生成的验证样本:
--------------------------------------------------------------------------------
输入:       YBJNH D>LH> LMSV> MN KL DBJC WKLJ
目标:     0 0 0 0 5 0 0 1 0 0 4 0 0 1 6 0 10 7 0 0 0 0 0 2 0 1 0 0 2 0 36 0 0 3
预测:     0 0 0 0 5 0 0 1 0 0 4 0 0 1 6 0 10 7 0 0 0 0 0 2 0 1 0 0 2 0 36 0 0 3
准确率:    1.0000 (34/34)
----------------------------------------
输入:       D>LH> LMSV> MN KL DBJC WKLJ XJLK
目标:     0 1 0 0 4 0 0 1 6 0 10 7 0 0 0 0 0 2 0 1 0 0 2 0 36 0 0 3 0 0 0 5 0
预测:     0 1 0 0 4 0 0 1 6 0 10 7 0 0 0 0 0 2 0 1 0 0 2 0 36 0 0 3 0 0 0 5 0
准确率:    1.0000 (33/33)
----------------------------------------
⏳ 验证无提升 (验证准确率: 0.9653 ≤ 0.9665)，patience: 3/50

======================================================================
🚀 Epoch 80/200
======================================================================
📚 开始训练阶段...
训练进度: 500/3164 损失=0.0041
训练进度: 1000/3164 损失=0.0197
训练进度: 1500/3164 损失=0.0286
训练进度: 2000/3164 损失=0.0024
训练进度: 2500/3164 损失=0.0352
训练进度: 3000/3164 损失=0.0033
训练进度: 3164/3164 损失=0.0052
✅ 训练完成，耗时: 57.2秒 (1.0分钟)

============================================================
📊 验证决策: Epoch 80/200
   验证间隔: 1
   是否验证: ✅ 是
   原因: 达到验证间隔 (0 == 0)
============================================================

🔍 开始验证...
验证进度: 500/686 损失=0.4201
验证进度: 686/686 损失=0.8349

📊 预测分布分析:
  - 预测的前5个类别: {np.int64(0): 282471, np.int64(1): 37133, np.int64(2): 14804, np.int64(3): 10790, np.int64(4): 8913}
  - 标签的前5个类别: {np.int64(0): 281232, np.int64(1): 36731, np.int64(2): 14789, np.int64(3): 10866, np.int64(4): 8585}
✅ 验证完成，耗时: 4.8秒 (0.1分钟)
训练损失: 0.0123
验证损失: 0.4443
验证准确率: 0.9656 (10586/10964) - 与Levenshtein高度相关
验证F1(加权): 0.9648 - 类别平衡更好
学习率: 0.000066
显存使用: 0.47GB (预留: 0.69GB)

生成的训练样本:
--------------------------------------------------------------------------------
输入:       MPVM> MVL DHW CLJV HW> BKL <BR
目标:     0 6 0 0 43 78 0 0 0 0 0 1 0 0 0 0 8 0 40 0 0 10 3 0 1 0 2 0 0 0 62
预测:     0 6 0 0 43 78 0 0 0 0 0 1 0 0 0 0 8 0 40 0 0 10 3 0 1 0 2 0 0 0 62
准确率:    1.0000 (31/31)
----------------------------------------
输入:       L> >KLT WMJ> L> >CTJT WJHB LJ
目标:     0 0 0 0 0 0 3 0 0 1 24 9 0 0 0 0 8 0 0 0 3 0 0 1 0 0 3 0 1 0
预测:     0 0 0 0 0 0 3 0 0 1 24 9 0 0 0 0 8 0 0 0 3 0 0 1 0 0 3 0 1 0
准确率:    1.0000 (30/30)
----------------------------------------
输入:       LWT >BWH W<BD LH >JK NDR> DNDR
目标:     0 0 0 0 0 0 8 5 12 0 1 0 0 3 0 1 12 0 0 0 0 0 0 0 4 0 0 1 0 0 33
预测:     0 0 0 0 0 0 8 5 12 0 1 0 0 3 0 1 12 0 0 0 0 0 0 0 4 0 0 1 0 0 33
准确率:    1.0000 (31/31)
----------------------------------------

生成的验证样本:
--------------------------------------------------------------------------------
输入:       YBJNH D>LH> LMSV> MN KL DBJC WKLJ
目标:     0 0 0 0 5 0 0 1 0 0 4 0 0 1 6 0 10 7 0 0 0 0 0 2 0 1 0 0 2 0 36 0 0 3
预测:     0 0 0 0 5 0 0 1 0 0 4 0 0 1 6 0 10 7 0 0 0 0 0 2 0 1 0 0 2 0 36 0 0 3
准确率:    1.0000 (34/34)
----------------------------------------
输入:       D>LH> LMSV> MN KL DBJC WKLJ XJLK
目标:     0 1 0 0 4 0 0 1 6 0 10 7 0 0 0 0 0 2 0 1 0 0 2 0 36 0 0 3 0 0 0 5 0
预测:     0 1 0 0 4 0 0 1 6 0 10 7 0 0 0 0 0 2 0 1 0 0 2 0 36 0 0 3 0 0 0 5 0
准确率:    1.0000 (33/33)
----------------------------------------
⏳ 验证无提升 (验证准确率: 0.9656 ≤ 0.9665)，patience: 4/50

======================================================================
🚀 Epoch 81/200
======================================================================
📚 开始训练阶段...
训练进度: 500/3164 损失=0.0054
训练进度: 1000/3164 损失=0.0061
训练进度: 1500/3164 损失=0.0045
训练进度: 2000/3164 损失=0.0200
训练进度: 2500/3164 损失=0.0013
训练进度: 3000/3164 损失=0.0094
训练进度: 3164/3164 损失=0.0141
✅ 训练完成，耗时: 57.2秒 (1.0分钟)

============================================================
📊 验证决策: Epoch 81/200
   验证间隔: 1
   是否验证: ✅ 是
   原因: 达到验证间隔 (0 == 0)
============================================================

🔍 开始验证...
验证进度: 500/686 损失=0.5571
验证进度: 686/686 损失=0.5191

📊 预测分布分析:
  - 预测的前5个类别: {np.int64(0): 282517, np.int64(1): 37065, np.int64(2): 14846, np.int64(3): 10702, np.int64(4): 8674}
  - 标签的前5个类别: {np.int64(0): 281232, np.int64(1): 36731, np.int64(2): 14789, np.int64(3): 10866, np.int64(4): 8585}
✅ 验证完成，耗时: 4.8秒 (0.1分钟)
训练损失: 0.0122
验证损失: 0.4510
验证准确率: 0.9652 (10582/10964) - 与Levenshtein高度相关
验证F1(加权): 0.9644 - 类别平衡更好
学习率: 0.000065
显存使用: 0.47GB (预留: 0.69GB)

生成的训练样本:
--------------------------------------------------------------------------------
输入:       >KLJ BSR> >NWN WNQJ> <SB> HW >KL>
目标:     0 0 0 7 0 0 0 0 4 0 0 0 0 0 0 0 1 0 0 4 0 0 0 0 4 0 0 0 0 0 0 0 7 0
预测:     0 0 0 7 0 0 0 0 4 0 0 0 0 0 0 0 1 0 0 4 0 0 0 0 4 0 0 0 0 0 0 0 7 0
准确率:    1.0000 (34/34)
----------------------------------------
输入:       SQW WJRTW >R<> DJHBT LKWN MRMRTWN MLT
目标:     6 64 3 0 0 36 0 0 3 0 0 0 0 4 0 0 1 0 0 3 0 0 1 0 0 0 0 0 0 0 3 0 0 19 0 0 13 0
预测:     6 64 3 0 0 36 0 0 3 0 0 0 0 4 0 0 1 0 0 3 0 0 1 0 0 0 0 0 0 0 3 0 0 19 0 0 13 0
准确率:    1.0000 (38/38)
----------------------------------------
输入:       W>MR LKWN SQW WJRTW >R<> DJHBT LKWN
目标:     0 1 0 0 3 0 1 0 0 0 6 64 3 0 0 36 0 0 3 0 0 0 0 4 0 0 1 0 0 3 0 0 1 0 0 0
预测:     0 1 0 0 3 0 1 0 0 0 6 64 3 0 0 36 0 0 3 0 0 0 0 4 0 0 1 0 0 3 0 0 1 0 0 0
准确率:    1.0000 (36/36)
----------------------------------------

生成的验证样本:
--------------------------------------------------------------------------------
输入:       YBJNH D>LH> LMSV> MN KL DBJC WKLJ
目标:     0 0 0 0 5 0 0 1 0 0 4 0 0 1 6 0 10 7 0 0 0 0 0 2 0 1 0 0 2 0 36 0 0 3
预测:     0 0 0 0 5 0 0 1 0 0 4 0 0 1 6 0 10 7 0 0 0 0 0 2 0 1 0 0 2 0 36 0 0 3
准确率:    1.0000 (34/34)
----------------------------------------
输入:       D>LH> LMSV> MN KL DBJC WKLJ XJLK
目标:     0 1 0 0 4 0 0 1 6 0 10 7 0 0 0 0 0 2 0 1 0 0 2 0 36 0 0 3 0 0 0 5 0
预测:     0 1 0 0 4 0 0 1 6 0 10 7 0 0 0 0 0 2 0 1 0 0 2 0 36 0 0 3 0 0 0 5 0
准确率:    1.0000 (33/33)
----------------------------------------
⏳ 验证无提升 (验证准确率: 0.9652 ≤ 0.9665)，patience: 5/50

======================================================================
🚀 Epoch 82/200
======================================================================
📚 开始训练阶段...
训练进度: 500/3164 损失=0.0150
训练进度: 1000/3164 损失=0.0048
训练进度: 1500/3164 损失=0.0264
训练进度: 2000/3164 损失=0.0035
训练进度: 2500/3164 损失=0.0058
训练进度: 3000/3164 损失=0.0227
训练进度: 3164/3164 损失=0.0039
✅ 训练完成，耗时: 57.4秒 (1.0分钟)

============================================================
📊 验证决策: Epoch 82/200
   验证间隔: 1
   是否验证: ✅ 是
   原因: 达到验证间隔 (0 == 0)
============================================================

🔍 开始验证...
验证进度: 500/686 损失=0.4194
验证进度: 686/686 损失=0.6734

📊 预测分布分析:
  - 预测的前5个类别: {np.int64(0): 282623, np.int64(1): 37031, np.int64(2): 14836, np.int64(3): 10618, np.int64(4): 8590}
  - 标签的前5个类别: {np.int64(0): 281232, np.int64(1): 36731, np.int64(2): 14789, np.int64(3): 10866, np.int64(4): 8585}
✅ 验证完成，耗时: 4.8秒 (0.1分钟)
训练损失: 0.0119
验证损失: 0.4425
验证准确率: 0.9655 (10585/10964) - 与Levenshtein高度相关
验证F1(加权): 0.9647 - 类别平衡更好
学习率: 0.000065
显存使用: 0.47GB (预留: 0.69GB)

生成的训练样本:
--------------------------------------------------------------------------------
输入:       KLH KSP> D>CTKX BBJTH DMRJ> WBJT GZ>
目标:     0 0 5 0 0 0 0 4 0 0 1 47 39 0 0 3 0 1 0 0 5 0 0 1 0 0 0 2 0 1 0 0 2 0 0 4 0
预测:     0 0 5 0 0 0 0 4 0 0 1 47 39 0 0 3 0 1 0 0 5 0 0 1 0 0 0 2 0 1 0 0 2 0 0 4 0
准确率:    1.0000 (37/37)
----------------------------------------
输入:       MN BHTT> DNMDWN L> MYJN >JKN> GJR
目标:     0 0 0 0 0 0 13 9 0 0 1 6 0 184 0 0 0 0 0 0 0 42 0 0 0 0 0 0 8 0 0 0 0 0
预测:     0 0 0 0 0 0 13 9 0 0 1 6 0 184 0 0 0 0 0 0 0 42 0 0 0 0 0 0 8 0 0 0 0 0
准确率:    1.0000 (34/34)
----------------------------------------
输入:       WNPQWD BCRR> KL MDM B>JD> DKWL <BDJHWN
目标:     0 1 6 0 8 0 3 0 1 0 0 4 0 0 0 2 0 0 0 2 0 35 0 0 4 0 0 1 8 0 2 0 0 0 62 1 0 0 0
预测:     0 1 6 0 8 0 3 0 1 0 0 4 0 0 0 2 0 0 0 2 0 35 0 0 4 0 0 1 8 0 2 0 0 0 62 1 0 0 0
准确率:    1.0000 (39/39)
----------------------------------------

生成的验证样本:
--------------------------------------------------------------------------------
输入:       YBJNH D>LH> LMSV> MN KL DBJC WKLJ
目标:     0 0 0 0 5 0 0 1 0 0 4 0 0 1 6 0 10 7 0 0 0 0 0 2 0 1 0 0 2 0 36 0 0 3
预测:     0 0 0 0 5 0 0 1 0 0 4 0 0 1 6 0 10 7 0 0 0 0 0 2 0 1 0 0 2 0 36 0 0 3
准确率:    1.0000 (34/34)
----------------------------------------
输入:       D>LH> LMSV> MN KL DBJC WKLJ XJLK
目标:     0 1 0 0 4 0 0 1 6 0 10 7 0 0 0 0 0 2 0 1 0 0 2 0 36 0 0 3 0 0 0 5 0
预测:     0 1 0 0 4 0 0 1 6 0 10 7 0 0 0 0 0 2 0 1 0 0 2 0 36 0 0 3 0 0 0 5 0
准确率:    1.0000 (33/33)
----------------------------------------
⏳ 验证无提升 (验证准确率: 0.9655 ≤ 0.9665)，patience: 6/50

======================================================================
🚀 Epoch 83/200
======================================================================
📚 开始训练阶段...
训练进度: 500/3164 损失=0.0083
训练进度: 1000/3164 损失=0.0180
训练进度: 1500/3164 损失=0.0163
训练进度: 2000/3164 损失=0.0195
训练进度: 2500/3164 损失=0.0155
训练进度: 3000/3164 损失=0.0036
训练进度: 3164/3164 损失=0.0009
✅ 训练完成，耗时: 57.5秒 (1.0分钟)

============================================================
📊 验证决策: Epoch 83/200
   验证间隔: 1
   是否验证: ✅ 是
   原因: 达到验证间隔 (0 == 0)
============================================================

🔍 开始验证...
验证进度: 500/686 损失=0.4529
验证进度: 686/686 损失=0.7157

📊 预测分布分析:
  - 预测的前5个类别: {np.int64(0): 282501, np.int64(1): 37077, np.int64(2): 14799, np.int64(3): 10901, np.int64(4): 9060}
  - 标签的前5个类别: {np.int64(0): 281232, np.int64(1): 36731, np.int64(2): 14789, np.int64(3): 10866, np.int64(4): 8585}
✅ 验证完成，耗时: 4.8秒 (0.1分钟)
训练损失: 0.0116
验证损失: 0.4457
验证准确率: 0.9656 (10586/10964) - 与Levenshtein高度相关
验证F1(加权): 0.9647 - 类别平衡更好
学习率: 0.000064
显存使用: 0.47GB (预留: 0.69GB)

生成的训练样本:
--------------------------------------------------------------------------------
输入:       BTRJN GBRJN DZDJQJN WVBJN MNH WQVL >NWN
目标:     0 1 0 2 0 12 0 0 0 2 0 0 0 1 0 0 0 2 0 0 0 1 0 2 0 0 0 0 1 0 0 1 0 0 16 0 0 0 0 0
预测:     0 1 0 2 0 12 0 0 0 2 0 0 0 1 0 0 0 2 0 0 0 1 0 2 0 0 0 0 1 0 0 1 0 0 16 0 0 0 0 0
准确率:    1.0000 (40/40)
----------------------------------------
输入:       WL>DCJH DCNT> WLMBW<> DMJ> WLKLMDM D>JT BKJN>
目标:     0 1 1 0 0 2 1 12 0 1 0 13 9 0 0 1 1 0 0 0 11 0 0 1 24 9 0 0 1 1 0 5 0 0 2 0 1 0 0 24 0 1 0 0 4 0
预测:     0 1 1 0 0 2 1 12 0 1 0 13 9 0 0 1 1 0 0 0 11 0 0 1 24 9 0 0 1 1 0 5 0 0 2 0 1 0 0 24 0 1 0 0 4 0
准确率:    1.0000 (46/46)
----------------------------------------
输入:       CBV> DBNJMJN GBR> DPCJG> HWT >JDH DJMJN>
目标:     0 0 0 4 0 0 1 0 0 0 0 0 2 0 0 0 4 0 0 1 0 8 0 7 27 0 0 18 26 8 0 0 5 0 0 1 0 0 0 4 0
预测:     0 0 0 4 0 0 1 0 0 0 0 0 2 0 0 0 4 0 0 1 0 8 0 7 27 0 0 18 26 8 0 0 5 0 0 1 0 0 0 4 0
准确率:    1.0000 (41/41)
----------------------------------------

生成的验证样本:
--------------------------------------------------------------------------------
输入:       YBJNH D>LH> LMSV> MN KL DBJC WKLJ
目标:     0 0 0 0 5 0 0 1 0 0 4 0 0 1 6 0 10 7 0 0 0 0 0 2 0 1 0 0 2 0 36 0 0 3
预测:     0 0 0 0 5 0 0 1 0 0 4 0 0 1 6 0 10 7 0 0 0 0 0 2 0 1 0 0 2 0 36 0 0 3
准确率:    1.0000 (34/34)
----------------------------------------
输入:       D>LH> LMSV> MN KL DBJC WKLJ XJLK
目标:     0 1 0 0 4 0 0 1 6 0 10 7 0 0 0 0 0 2 0 1 0 0 2 0 36 0 0 3 0 0 0 5 0
预测:     0 1 0 0 4 0 0 1 6 0 10 7 0 0 0 0 0 2 0 1 0 0 2 0 36 0 0 3 0 0 0 5 0
准确率:    1.0000 (33/33)
----------------------------------------
⏳ 验证无提升 (验证准确率: 0.9656 ≤ 0.9665)，patience: 7/50

======================================================================
🚀 Epoch 84/200
======================================================================
📚 开始训练阶段...
训练进度: 500/3164 损失=0.0354
训练进度: 1000/3164 损失=0.0174
训练进度: 1500/3164 损失=0.0035
训练进度: 2000/3164 损失=0.0026
训练进度: 2500/3164 损失=0.0075
训练进度: 3000/3164 损失=0.0103
训练进度: 3164/3164 损失=0.0327
✅ 训练完成，耗时: 57.4秒 (1.0分钟)

============================================================
📊 验证决策: Epoch 84/200
   验证间隔: 1
   是否验证: ✅ 是
   原因: 达到验证间隔 (0 == 0)
============================================================

🔍 开始验证...
验证进度: 500/686 损失=0.5185
验证进度: 686/686 损失=0.7050

📊 预测分布分析:
  - 预测的前5个类别: {np.int64(0): 282363, np.int64(1): 37124, np.int64(2): 14807, np.int64(3): 10855, np.int64(4): 8602}
  - 标签的前5个类别: {np.int64(0): 281232, np.int64(1): 36731, np.int64(2): 14789, np.int64(3): 10866, np.int64(4): 8585}
✅ 验证完成，耗时: 4.8秒 (0.1分钟)
训练损失: 0.0113
验证损失: 0.4521
验证准确率: 0.9656 (10586/10964) - 与Levenshtein高度相关
验证F1(加权): 0.9648 - 类别平衡更好
学习率: 0.000063
显存使用: 0.48GB (预留: 0.69GB)

生成的训练样本:
--------------------------------------------------------------------------------
输入:       D>JSRJL >JK KLHJN LWVT> DQJM> DKTJBN BKTB>
目标:     0 1 0 0 0 0 0 2 0 0 0 0 0 0 5 0 0 0 0 0 0 13 23 0 0 1 0 0 4 0 0 1 0 8 0 7 27 0 1 0 0 15 0
预测:     0 1 0 0 0 0 0 2 0 0 0 0 0 0 5 0 0 0 0 0 0 13 23 0 0 1 0 0 4 0 0 1 0 8 0 7 27 0 1 0 0 15 0
准确率:    1.0000 (43/43)
----------------------------------------
输入:       DMWMT> HD> NTXCB BLBH WN>MR CLM> NHW>
目标:     0 1 0 0 13 9 0 0 0 0 0 0 21 14 0 0 3 0 1 0 5 0 0 1 6 0 0 3 0 0 0 15 0 0 6 0 10 3
预测:     0 1 0 0 13 9 0 0 0 0 0 0 21 14 0 0 3 0 1 0 5 0 0 1 6 0 0 3 0 0 0 15 0 0 6 0 10 3
准确率:    1.0000 (38/38)
----------------------------------------
输入:       LHWN >JK M> DSPQ> B>JDJK WQM >BJMLK
目标:     0 1 0 0 0 0 0 0 0 0 0 0 0 1 0 0 7 0 0 35 0 0 2 1 0 0 1 31 3 0 0 0 0 0 0 2
预测:     0 1 0 0 0 0 0 0 0 0 0 0 0 1 0 0 7 0 0 35 0 0 2 1 0 0 1 31 3 0 0 0 0 0 0 2
准确率:    1.0000 (36/36)
----------------------------------------

生成的验证样本:
--------------------------------------------------------------------------------
输入:       YBJNH D>LH> LMSV> MN KL DBJC WKLJ
目标:     0 0 0 0 5 0 0 1 0 0 4 0 0 1 6 0 10 7 0 0 0 0 0 2 0 1 0 0 2 0 36 0 0 3
预测:     0 0 0 0 5 0 0 1 0 0 4 0 0 1 6 0 10 7 0 0 0 0 0 2 0 1 0 0 2 0 36 0 0 3
准确率:    1.0000 (34/34)
----------------------------------------
输入:       D>LH> LMSV> MN KL DBJC WKLJ XJLK
目标:     0 1 0 0 4 0 0 1 6 0 10 7 0 0 0 0 0 2 0 1 0 0 2 0 36 0 0 3 0 0 0 5 0
预测:     0 1 0 0 4 0 0 1 6 0 10 7 0 0 0 0 0 2 0 1 0 0 2 0 36 0 0 3 0 0 0 5 0
准确率:    1.0000 (33/33)
----------------------------------------
⏳ 验证无提升 (验证准确率: 0.9656 ≤ 0.9665)，patience: 8/50

======================================================================
🚀 Epoch 85/200
======================================================================
📚 开始训练阶段...
训练进度: 500/3164 损失=0.0078
训练进度: 1000/3164 损失=0.0089
训练进度: 1500/3164 损失=0.0109
训练进度: 2000/3164 损失=0.0044
训练进度: 2500/3164 损失=0.0012
训练进度: 3000/3164 损失=0.0013
训练进度: 3164/3164 损失=0.0217
✅ 训练完成，耗时: 57.3秒 (1.0分钟)

============================================================
📊 验证决策: Epoch 85/200
   验证间隔: 1
   是否验证: ✅ 是
   原因: 达到验证间隔 (0 == 0)
============================================================

🔍 开始验证...
验证进度: 500/686 损失=0.5197
验证进度: 686/686 损失=0.6762

📊 预测分布分析:
  - 预测的前5个类别: {np.int64(0): 282404, np.int64(1): 37108, np.int64(2): 14807, np.int64(3): 10776, np.int64(4): 8652}
  - 标签的前5个类别: {np.int64(0): 281232, np.int64(1): 36731, np.int64(2): 14789, np.int64(3): 10866, np.int64(4): 8585}
✅ 验证完成，耗时: 4.8秒 (0.1分钟)
训练损失: 0.0112
验证损失: 0.4660
验证准确率: 0.9652 (10582/10964) - 与Levenshtein高度相关
验证F1(加权): 0.9644 - 类别平衡更好
学习率: 0.000062
显存使用: 0.47GB (预留: 0.69GB)

生成的训练样本:
--------------------------------------------------------------------------------
输入:       WXRBNJHJ WL> CBQN LH SRJD> WKBCN KLHJN
目标:     0 1 0 0 3 35 0 0 0 0 1 0 0 0 0 0 29 0 0 1 0 0 0 0 0 4 0 0 1 0 0 3 0 0 0 5 0 0 0
预测:     0 1 0 0 3 35 0 0 0 0 1 0 0 0 0 0 29 0 0 1 0 0 0 0 0 4 0 0 1 0 0 3 0 0 0 5 0 0 0
准确率:    1.0000 (39/39)
----------------------------------------
输入:       WNPC> DHWW MNH LXDD> MXBJN >NWN W>N
目标:     0 1 0 0 4 0 0 1 0 18 0 0 0 1 0 0 1 0 0 0 0 0 6 0 175 0 0 0 0 0 0 0 0 1 0 0
预测:     0 1 0 0 4 0 0 1 0 18 0 0 0 1 0 0 1 0 0 0 0 0 6 0 175 0 0 0 0 0 0 0 0 1 0 0
准确率:    1.0000 (36/36)
----------------------------------------
输入:       HJ >NNQ> XBCTN D>HJMN DMN L> MDM
目标:     0 0 26 0 0 0 0 0 2 0 0 0 3 90 0 0 1 6 0 0 0 16 0 1 0 0 0 0 0 0 0 0 2
预测:     0 0 26 0 0 0 0 0 2 0 0 0 3 90 0 0 1 6 0 0 0 16 0 1 0 0 0 0 0 0 0 0 2
准确率:    1.0000 (33/33)
----------------------------------------

生成的验证样本:
--------------------------------------------------------------------------------
输入:       YBJNH D>LH> LMSV> MN KL DBJC WKLJ
目标:     0 0 0 0 5 0 0 1 0 0 4 0 0 1 6 0 10 7 0 0 0 0 0 2 0 1 0 0 2 0 36 0 0 3
预测:     0 0 0 0 5 0 0 1 0 0 4 0 0 1 6 0 10 7 0 0 0 0 0 2 0 1 0 0 2 0 36 0 0 3
准确率:    1.0000 (34/34)
----------------------------------------
输入:       D>LH> LMSV> MN KL DBJC WKLJ XJLK
目标:     0 1 0 0 4 0 0 1 6 0 10 7 0 0 0 0 0 2 0 1 0 0 2 0 36 0 0 3 0 0 0 5 0
预测:     0 1 0 0 4 0 0 1 6 0 10 7 0 0 0 0 0 2 0 1 0 0 2 0 36 0 0 3 0 0 0 5 0
准确率:    1.0000 (33/33)
----------------------------------------
⏳ 验证无提升 (验证准确率: 0.9652 ≤ 0.9665)，patience: 9/50

======================================================================
🚀 Epoch 86/200
======================================================================
📚 开始训练阶段...
训练进度: 500/3164 损失=0.0071
训练进度: 1000/3164 损失=0.0268
训练进度: 1500/3164 损失=0.0150
训练进度: 2000/3164 损失=0.0101
训练进度: 2500/3164 损失=0.0060
训练进度: 3000/3164 损失=0.0042
训练进度: 3164/3164 损失=0.0042
✅ 训练完成，耗时: 57.2秒 (1.0分钟)

============================================================
📊 验证决策: Epoch 86/200
   验证间隔: 1
   是否验证: ✅ 是
   原因: 达到验证间隔 (0 == 0)
============================================================

🔍 开始验证...
验证进度: 500/686 损失=0.5512
验证进度: 686/686 损失=0.8817

📊 预测分布分析:
  - 预测的前5个类别: {np.int64(0): 282726, np.int64(1): 37111, np.int64(2): 14747, np.int64(3): 10866, np.int64(4): 8978}
  - 标签的前5个类别: {np.int64(0): 281232, np.int64(1): 36731, np.int64(2): 14789, np.int64(3): 10866, np.int64(4): 8585}
✅ 验证完成，耗时: 4.8秒 (0.1分钟)
训练损失: 0.0110
验证损失: 0.4641
验证准确率: 0.9658 (10588/10964) - 与Levenshtein高度相关
验证F1(加权): 0.9648 - 类别平衡更好
学习率: 0.000062
显存使用: 0.47GB (预留: 0.69GB)

生成的训练样本:
--------------------------------------------------------------------------------
输入:       >JDWHJ D>LJ> W>MR JWCPV >JT HW <MH
目标:     8 0 0 25 1 0 0 0 1 0 0 0 2 0 1 0 0 3 0 0 0 0 0 2 0 0 0 24 0 0 0 0 0 1 0
预测:     8 0 0 25 1 0 0 0 1 0 0 0 2 0 1 0 0 3 0 0 0 0 0 2 0 0 0 24 0 0 0 0 0 1 0
准确率:    1.0000 (35/35)
----------------------------------------
输入:       NHW> XRB WKL DN<BR <LWHJ NTMH WNCRQ
目标:     0 6 0 10 3 0 0 0 62 0 1 0 2 0 1 6 0 0 3 0 0 8 1 0 0 0 6 0 0 33 0 1 28 0 0 3
预测:     0 6 0 10 3 0 0 0 62 0 1 0 2 0 1 6 0 0 3 0 0 8 1 0 0 0 6 0 0 33 0 1 28 0 0 3
准确率:    1.0000 (36/36)
----------------------------------------
输入:       QDMJKWN B>WRX> LMTQNW LKWN >TR> DTCRWN BH
目标:     0 0 0 2 1 0 0 0 0 1 0 0 0 4 0 0 1 28 0 0 7 0 0 1 0 0 0 0 0 0 4 0 0 1 6 0 18 0 0 0 1 0
预测:     0 0 0 2 1 0 0 0 0 1 0 0 0 4 0 0 1 28 0 0 7 0 0 1 0 0 0 0 0 0 4 0 0 1 6 0 18 0 0 0 1 0
准确率:    1.0000 (42/42)
----------------------------------------

生成的验证样本:
--------------------------------------------------------------------------------
输入:       YBJNH D>LH> LMSV> MN KL DBJC WKLJ
目标:     0 0 0 0 5 0 0 1 0 0 4 0 0 1 6 0 10 7 0 0 0 0 0 2 0 1 0 0 2 0 36 0 0 3
预测:     0 0 0 0 5 0 0 1 0 0 4 0 0 1 6 0 10 7 0 0 0 0 0 2 0 1 0 0 2 0 36 0 0 3
准确率:    1.0000 (34/34)
----------------------------------------
输入:       D>LH> LMSV> MN KL DBJC WKLJ XJLK
目标:     0 1 0 0 4 0 0 1 6 0 10 7 0 0 0 0 0 2 0 1 0 0 2 0 36 0 0 3 0 0 0 5 0
预测:     0 1 0 0 4 0 0 1 6 0 10 7 0 0 0 0 0 2 0 1 0 0 2 0 36 0 0 3 0 0 0 5 0
准确率:    1.0000 (33/33)
----------------------------------------
⏳ 验证无提升 (验证准确率: 0.9658 ≤ 0.9665)，patience: 10/50

======================================================================
🚀 Epoch 87/200
======================================================================
📚 开始训练阶段...
训练进度: 500/3164 损失=0.0229
训练进度: 1000/3164 损失=0.0021
训练进度: 1500/3164 损失=0.0040
训练进度: 2000/3164 损失=0.0072
训练进度: 2500/3164 损失=0.0140
训练进度: 3000/3164 损失=0.0012
训练进度: 3164/3164 损失=0.0056
✅ 训练完成，耗时: 57.3秒 (1.0分钟)

============================================================
📊 验证决策: Epoch 87/200
   验证间隔: 1
   是否验证: ✅ 是
   原因: 达到验证间隔 (0 == 0)
============================================================

🔍 开始验证...
验证进度: 500/686 损失=0.5177
验证进度: 686/686 损失=0.8337

📊 预测分布分析:
  - 预测的前5个类别: {np.int64(0): 282719, np.int64(1): 37113, np.int64(2): 14833, np.int64(3): 10665, np.int64(4): 8772}
  - 标签的前5个类别: {np.int64(0): 281232, np.int64(1): 36731, np.int64(2): 14789, np.int64(3): 10866, np.int64(4): 8585}
✅ 验证完成，耗时: 4.8秒 (0.1分钟)
训练损失: 0.0108
验证损失: 0.4662
验证准确率: 0.9661 (10591/10964) - 与Levenshtein高度相关
验证F1(加权): 0.9652 - 类别平衡更好
学习率: 0.000061
显存使用: 0.47GB (预留: 0.69GB)

生成的训练样本:
--------------------------------------------------------------------------------
输入:       <M >BHWHJ BQRJT> DDWJD >BWHJ W>MLK JWRM
目标:     0 0 0 0 0 8 25 1 0 0 0 1 0 0 22 9 0 0 1 0 0 0 2 0 0 8 5 0 0 0 1 17 0 0 33 0 0 0 0 2
预测:     0 0 0 0 0 8 25 1 0 0 0 1 0 0 22 9 0 0 1 0 0 0 2 0 0 8 5 0 0 0 1 17 0 0 33 0 0 0 0 2
准确率:    1.0000 (40/40)
----------------------------------------
输入:       LJ DBRJ >NT W>N> JWMN> JLDTK C>L
目标:     0 1 0 0 1 0 5 0 0 0 0 0 0 1 0 0 0 0 0 0 0 4 0 0 0 0 3 1 0 6 0 0 3
预测:     0 1 0 0 1 0 5 0 0 0 0 0 0 1 0 0 0 0 0 0 0 4 0 0 0 0 3 1 0 6 0 0 3
准确率:    1.0000 (33/33)
----------------------------------------
输入:       >TL LKWN TLTJN >PQRSJN WTLTJN ZWGJN DLBWC>
目标:     0 34 0 3 0 1 0 0 0 0 0 0 2 0 0 0 0 0 0 0 2 0 0 0 1 0 0 2 0 0 0 0 0 2 0 0 0 1 0 0 0 11 0
预测:     0 34 0 3 0 1 0 0 0 0 0 0 2 0 0 0 0 0 0 0 2 0 0 0 1 0 0 2 0 0 0 0 0 2 0 0 0 1 0 0 0 11 0
准确率:    1.0000 (43/43)
----------------------------------------

生成的验证样本:
--------------------------------------------------------------------------------
输入:       YBJNH D>LH> LMSV> MN KL DBJC WKLJ
目标:     0 0 0 0 5 0 0 1 0 0 4 0 0 1 6 0 10 7 0 0 0 0 0 2 0 1 0 0 2 0 36 0 0 3
预测:     0 0 0 0 5 0 0 1 0 0 4 0 0 1 6 0 10 7 0 0 0 0 0 2 0 1 0 0 2 0 36 0 0 3
准确率:    1.0000 (34/34)
----------------------------------------
输入:       D>LH> LMSV> MN KL DBJC WKLJ XJLK
目标:     0 1 0 0 4 0 0 1 6 0 10 7 0 0 0 0 0 2 0 1 0 0 2 0 36 0 0 3 0 0 0 5 0
预测:     0 1 0 0 4 0 0 1 6 0 10 7 0 0 0 0 0 2 0 1 0 0 2 0 36 0 0 3 0 0 0 5 0
准确率:    1.0000 (33/33)
----------------------------------------
⏳ 验证无提升 (验证准确率: 0.9661 ≤ 0.9665)，patience: 11/50

======================================================================
🚀 Epoch 88/200
======================================================================
📚 开始训练阶段...
训练进度: 500/3164 损失=0.0066
训练进度: 1000/3164 损失=0.0101
训练进度: 1500/3164 损失=0.0127
训练进度: 2000/3164 损失=0.0156
训练进度: 2500/3164 损失=0.0076
训练进度: 3000/3164 损失=0.0035
训练进度: 3164/3164 损失=0.0198
✅ 训练完成，耗时: 57.4秒 (1.0分钟)

============================================================
📊 验证决策: Epoch 88/200
   验证间隔: 1
   是否验证: ✅ 是
   原因: 达到验证间隔 (0 == 0)
============================================================

🔍 开始验证...
验证进度: 500/686 损失=0.4760
验证进度: 686/686 损失=0.7170

📊 预测分布分析:
  - 预测的前5个类别: {np.int64(0): 282525, np.int64(1): 37148, np.int64(2): 14742, np.int64(3): 10633, np.int64(4): 8656}
  - 标签的前5个类别: {np.int64(0): 281232, np.int64(1): 36731, np.int64(2): 14789, np.int64(3): 10866, np.int64(4): 8585}
✅ 验证完成，耗时: 4.8秒 (0.1分钟)
训练损失: 0.0105
验证损失: 0.4602
验证准确率: 0.9658 (10588/10964) - 与Levenshtein高度相关
验证F1(加权): 0.9650 - 类别平衡更好
学习率: 0.000060
显存使用: 0.48GB (预留: 0.69GB)

生成的训练样本:
--------------------------------------------------------------------------------
输入:       LWT XJWT> >P B<BDHJN >RJ> GJR BSR>
目标:     0 0 0 0 0 0 0 13 23 0 0 0 0 0 1 0 0 98 0 0 0 0 0 0 4 0 0 0 0 0 0 0 0 4 0
预测:     0 0 0 0 0 0 0 13 23 0 0 0 0 0 1 0 0 98 0 0 0 0 0 0 4 0 0 0 0 0 0 0 0 4 0
准确率:    1.0000 (35/35)
----------------------------------------
输入:       WNSBT BRJ MN LWTJ W>MTK DMK> HWT
目标:     0 1 0 0 3 26 0 0 5 0 0 0 0 0 0 0 1 0 0 1 0 70 1 0 0 0 0 7 0 0 0 18 26
预测:     0 1 0 0 3 26 0 0 5 0 0 0 0 0 0 0 1 0 0 1 0 70 1 0 0 0 0 7 0 0 0 18 26
准确率:    1.0000 (33/33)
----------------------------------------
输入:       >JT RXM> DCMH RXM> DL> MV> <DM>
目标:     0 0 0 24 0 0 0 43 0 0 1 0 5 0 0 0 0 43 0 0 1 0 0 0 0 10 7 0 0 0 0 0
预测:     0 0 0 24 0 0 0 43 0 0 1 0 5 0 0 0 0 43 0 0 1 0 0 0 0 10 7 0 0 0 0 0
准确率:    1.0000 (32/32)
----------------------------------------

生成的验证样本:
--------------------------------------------------------------------------------
输入:       YBJNH D>LH> LMSV> MN KL DBJC WKLJ
目标:     0 0 0 0 5 0 0 1 0 0 4 0 0 1 6 0 10 7 0 0 0 0 0 2 0 1 0 0 2 0 36 0 0 3
预测:     0 0 0 0 5 0 0 1 0 0 4 0 0 1 6 0 10 7 0 0 0 0 0 2 0 1 0 0 2 0 36 0 0 3
准确率:    1.0000 (34/34)
----------------------------------------
输入:       D>LH> LMSV> MN KL DBJC WKLJ XJLK
目标:     0 1 0 0 4 0 0 1 6 0 10 7 0 0 0 0 0 2 0 1 0 0 2 0 36 0 0 3 0 0 0 5 0
预测:     0 1 0 0 4 0 0 1 6 0 10 7 0 0 0 0 0 2 0 1 0 0 2 0 36 0 0 3 0 0 0 5 0
准确率:    1.0000 (33/33)
----------------------------------------
⏳ 验证无提升 (验证准确率: 0.9658 ≤ 0.9665)，patience: 12/50

======================================================================
🚀 Epoch 89/200
======================================================================
📚 开始训练阶段...
训练进度: 500/3164 损失=0.0040
训练进度: 1000/3164 损失=0.0243
训练进度: 1500/3164 损失=0.0209
训练进度: 2000/3164 损失=0.0047
训练进度: 2500/3164 损失=0.0040
训练进度: 3000/3164 损失=0.0044
训练进度: 3164/3164 损失=0.0060
✅ 训练完成，耗时: 57.2秒 (1.0分钟)

============================================================
📊 验证决策: Epoch 89/200
   验证间隔: 1
   是否验证: ✅ 是
   原因: 达到验证间隔 (0 == 0)
============================================================

🔍 开始验证...
验证进度: 500/686 损失=0.5750
验证进度: 686/686 损失=0.8831

📊 预测分布分析:
  - 预测的前5个类别: {np.int64(0): 282432, np.int64(1): 37106, np.int64(2): 14730, np.int64(3): 10790, np.int64(4): 8966}
  - 标签的前5个类别: {np.int64(0): 281232, np.int64(1): 36731, np.int64(2): 14789, np.int64(3): 10866, np.int64(4): 8585}
✅ 验证完成，耗时: 4.8秒 (0.1分钟)
训练损失: 0.0103
验证损失: 0.4683
验证准确率: 0.9655 (10585/10964) - 与Levenshtein高度相关
验证F1(加权): 0.9646 - 类别平衡更好
学习率: 0.000059
显存使用: 0.48GB (预留: 0.69GB)

生成的训练样本:
--------------------------------------------------------------------------------
输入:       W>RN> KL B<JR> DYRJ> PRSTH WPLJG> LTRJN
目标:     0 1 0 0 4 0 0 0 2 0 0 0 0 4 0 0 1 0 0 43 0 0 0 0 13 1 12 0 1 0 8 0 43 27 0 1 0 2 0 12
预测:     0 1 0 0 4 0 0 0 2 0 0 0 0 4 0 0 1 0 0 43 0 0 0 0 13 1 12 0 1 0 8 0 43 27 0 1 0 2 0 12
准确率:    1.0000 (40/40)
----------------------------------------
输入:       WMTQN LH M>N> DRWGZ> G>RWHJ <BD LDJQDJN
目标:     0 1 28 0 0 7 0 1 0 0 0 0 11 0 0 1 0 0 0 4 0 0 0 0 25 1 0 0 0 0 0 3 0 1 1 0 0 7 0 0
预测:     0 1 28 0 0 7 0 1 0 0 0 0 11 0 0 1 0 0 0 4 0 0 0 0 25 1 0 0 0 0 0 3 0 1 1 0 0 7 0 0
准确率:    1.0000 (40/40)
----------------------------------------
输入:       LHJN WKTPT> >JT LHJN LTXT MNHJN KTPT>
目标:     0 1 0 0 0 0 1 0 0 2 23 0 0 0 0 24 0 1 0 0 0 0 1 0 0 0 0 0 1 0 0 0 0 0 0 2 23 0
预测:     0 1 0 0 0 0 1 0 0 2 23 0 0 0 0 24 0 1 0 0 0 0 1 0 0 0 0 0 1 0 0 0 0 0 0 2 23 0
准确率:    1.0000 (38/38)
----------------------------------------

生成的验证样本:
--------------------------------------------------------------------------------
输入:       YBJNH D>LH> LMSV> MN KL DBJC WKLJ
目标:     0 0 0 0 5 0 0 1 0 0 4 0 0 1 6 0 10 7 0 0 0 0 0 2 0 1 0 0 2 0 36 0 0 3
预测:     0 0 0 0 5 0 0 1 0 0 4 0 0 1 6 0 10 7 0 0 0 0 0 2 0 1 0 0 2 0 36 0 0 3
准确率:    1.0000 (34/34)
----------------------------------------
输入:       D>LH> LMSV> MN KL DBJC WKLJ XJLK
目标:     0 1 0 0 4 0 0 1 6 0 10 7 0 0 0 0 0 2 0 1 0 0 2 0 36 0 0 3 0 0 0 5 0
预测:     0 1 0 0 4 0 0 1 6 0 10 7 0 0 0 0 0 2 0 1 0 0 2 0 36 0 0 3 0 0 0 5 0
准确率:    1.0000 (33/33)
----------------------------------------
⏳ 验证无提升 (验证准确率: 0.9655 ≤ 0.9665)，patience: 13/50

======================================================================
🚀 Epoch 90/200
======================================================================
📚 开始训练阶段...
训练进度: 500/3164 损失=0.0139
训练进度: 1000/3164 损失=0.0008
训练进度: 1500/3164 损失=0.0085
训练进度: 2000/3164 损失=0.0174
训练进度: 2500/3164 损失=0.0025
训练进度: 3000/3164 损失=0.0045
训练进度: 3164/3164 损失=0.0128
✅ 训练完成，耗时: 57.4秒 (1.0分钟)

============================================================
📊 验证决策: Epoch 90/200
   验证间隔: 1
   是否验证: ✅ 是
   原因: 达到验证间隔 (0 == 0)
============================================================

🔍 开始验证...
验证进度: 500/686 损失=0.5382
验证进度: 686/686 损失=0.8594

📊 预测分布分析:
  - 预测的前5个类别: {np.int64(0): 282838, np.int64(1): 37104, np.int64(2): 14840, np.int64(3): 10710, np.int64(4): 9076}
  - 标签的前5个类别: {np.int64(0): 281232, np.int64(1): 36731, np.int64(2): 14789, np.int64(3): 10866, np.int64(4): 8585}
✅ 验证完成，耗时: 4.8秒 (0.1分钟)
训练损失: 0.0102
验证损失: 0.4726
验证准确率: 0.9660 (10591/10964) - 与Levenshtein高度相关
验证F1(加权): 0.9651 - 类别平衡更好
学习率: 0.000058
显存使用: 0.47GB (预留: 0.69GB)

生成的训练样本:
--------------------------------------------------------------------------------
输入:       <BD LJ MJK> W>GRNJ WHWJT LH KWMR>
目标:     0 0 0 3 0 1 0 0 0 0 0 2 0 1 0 0 120 0 0 0 1 0 0 3 0 0 1 0 0 0 0 0 4 0
预测:     0 0 0 3 0 1 0 0 0 0 0 2 0 1 0 0 120 0 0 0 1 0 0 3 0 0 1 0 0 0 0 0 4 0
准确率:    1.0000 (34/34)
----------------------------------------
输入:       MRJ> WMN NCMT> DRWX> DRWGZK CDR MN
目标:     0 0 0 0 2 0 1 0 0 0 0 0 13 9 0 0 1 0 0 4 0 0 1 0 0 0 5 0 0 0 0 16 0 0 0
预测:     0 0 0 0 2 0 1 0 0 0 0 0 13 9 0 0 1 0 0 4 0 0 1 0 0 0 5 0 0 0 0 16 0 0 0
准确率:    1.0000 (35/35)
----------------------------------------
输入:       >LH> DJSRJL MN KLHWN MLK> D>JSR>JL DHWW
目标:     0 0 0 4 0 0 75 0 0 0 0 2 0 0 0 0 0 5 0 0 0 0 0 0 11 0 0 1 0 0 0 8 0 0 2 0 1 0 18 0
预测:     0 0 0 4 0 0 75 0 0 0 0 2 0 0 0 0 0 5 0 0 0 0 0 0 11 0 0 1 0 0 0 8 0 0 2 0 1 0 18 0
准确率:    1.0000 (40/40)
----------------------------------------

生成的验证样本:
--------------------------------------------------------------------------------
输入:       YBJNH D>LH> LMSV> MN KL DBJC WKLJ
目标:     0 0 0 0 5 0 0 1 0 0 4 0 0 1 6 0 10 7 0 0 0 0 0 2 0 1 0 0 2 0 36 0 0 3
预测:     0 0 0 0 5 0 0 1 0 0 4 0 0 1 6 0 10 7 0 0 0 0 0 2 0 1 0 0 2 0 36 0 0 3
准确率:    1.0000 (34/34)
----------------------------------------
输入:       D>LH> LMSV> MN KL DBJC WKLJ XJLK
目标:     0 1 0 0 4 0 0 1 6 0 10 7 0 0 0 0 0 2 0 1 0 0 2 0 36 0 0 3 0 0 0 5 0
预测:     0 1 0 0 4 0 0 1 6 0 10 7 0 0 0 0 0 2 0 1 0 0 2 0 36 0 0 3 0 0 0 5 0
准确率:    1.0000 (33/33)
----------------------------------------
⏳ 验证无提升 (验证准确率: 0.9660 ≤ 0.9665)，patience: 14/50

======================================================================
🚀 Epoch 91/200
======================================================================
📚 开始训练阶段...
训练进度: 500/3164 损失=0.0013
训练进度: 1000/3164 损失=0.0079
训练进度: 1500/3164 损失=0.0123
训练进度: 2000/3164 损失=0.0076
训练进度: 2500/3164 损失=0.0050
训练进度: 3000/3164 损失=0.0099
训练进度: 3164/3164 损失=0.0025
✅ 训练完成，耗时: 57.3秒 (1.0分钟)

============================================================
📊 验证决策: Epoch 91/200
   验证间隔: 1
   是否验证: ✅ 是
   原因: 达到验证间隔 (0 == 0)
============================================================

🔍 开始验证...
验证进度: 500/686 损失=0.6005
验证进度: 686/686 损失=0.8615

📊 预测分布分析:
  - 预测的前5个类别: {np.int64(0): 282861, np.int64(1): 37120, np.int64(2): 14717, np.int64(3): 10884, np.int64(4): 8823}
  - 标签的前5个类别: {np.int64(0): 281232, np.int64(1): 36731, np.int64(2): 14789, np.int64(3): 10866, np.int64(4): 8585}
✅ 验证完成，耗时: 4.8秒 (0.1分钟)
训练损失: 0.0098
验证损失: 0.4766
验证准确率: 0.9660 (10591/10964) - 与Levenshtein高度相关
验证F1(加权): 0.9651 - 类别平衡更好
学习率: 0.000058
显存使用: 0.47GB (预留: 0.69GB)

生成的训练样本:
--------------------------------------------------------------------------------
输入:       LK KLH >R<> DJM> L>BHJK >N TVR
目标:     0 1 0 0 0 5 12 0 0 0 4 0 0 1 0 10 3 0 1 0 8 2 1 0 0 0 0 0 34 0 3
预测:     0 1 0 0 0 5 12 0 0 0 4 0 0 1 0 10 3 0 1 0 8 2 1 0 0 0 0 0 34 0 3
准确率:    1.0000 (31/31)
----------------------------------------
输入:       HW> MBDRT> >N GJR KD LJT MJ>
目标:     0 0 10 3 0 6 0 0 7 23 19 0 0 0 0 0 0 0 0 0 0 0 58 0 24 0 24 9 0
预测:     0 0 10 3 0 6 0 0 7 23 19 0 0 0 0 0 0 0 0 0 0 0 58 0 24 0 24 9 0
准确率:    1.0000 (29/29)
----------------------------------------
输入:       MLK> PWQ W>MR L> NPQ >N> >L>
目标:     0 0 0 4 0 34 8 0 3 0 1 0 0 3 0 0 0 0 0 0 7 0 0 0 0 0 0 0 0
预测:     0 0 0 4 0 34 8 0 3 0 1 0 0 3 0 0 0 0 0 0 7 0 0 0 0 0 0 0 0
准确率:    1.0000 (29/29)
----------------------------------------

生成的验证样本:
--------------------------------------------------------------------------------
输入:       YBJNH D>LH> LMSV> MN KL DBJC WKLJ
目标:     0 0 0 0 5 0 0 1 0 0 4 0 0 1 6 0 10 7 0 0 0 0 0 2 0 1 0 0 2 0 36 0 0 3
预测:     0 0 0 0 5 0 0 1 0 0 4 0 0 1 6 0 10 7 0 0 0 0 0 2 0 1 0 0 2 0 36 0 0 3
准确率:    1.0000 (34/34)
----------------------------------------
输入:       D>LH> LMSV> MN KL DBJC WKLJ XJLK
目标:     0 1 0 0 4 0 0 1 6 0 10 7 0 0 0 0 0 2 0 1 0 0 2 0 36 0 0 3 0 0 0 5 0
预测:     0 1 0 0 4 0 0 1 6 0 10 7 0 0 0 0 0 2 0 1 0 0 2 0 36 0 0 3 0 0 0 5 0
准确率:    1.0000 (33/33)
----------------------------------------
⏳ 验证无提升 (验证准确率: 0.9660 ≤ 0.9665)，patience: 15/50

======================================================================
🚀 Epoch 92/200
======================================================================
📚 开始训练阶段...
训练进度: 500/3164 损失=0.0034
训练进度: 1000/3164 损失=0.0089
训练进度: 1500/3164 损失=0.0193
训练进度: 2000/3164 损失=0.0074
训练进度: 2500/3164 损失=0.0124
训练进度: 3000/3164 损失=0.0057
训练进度: 3164/3164 损失=0.0034
✅ 训练完成，耗时: 57.6秒 (1.0分钟)

============================================================
📊 验证决策: Epoch 92/200
   验证间隔: 1
   是否验证: ✅ 是
   原因: 达到验证间隔 (0 == 0)
============================================================

🔍 开始验证...
验证进度: 500/686 损失=0.6702
验证进度: 686/686 损失=0.8854

📊 预测分布分析:
  - 预测的前5个类别: {np.int64(0): 282586, np.int64(1): 37120, np.int64(2): 14741, np.int64(3): 10756, np.int64(4): 8984}
  - 标签的前5个类别: {np.int64(0): 281232, np.int64(1): 36731, np.int64(2): 14789, np.int64(3): 10866, np.int64(4): 8585}
✅ 验证完成，耗时: 4.8秒 (0.1分钟)
训练损失: 0.0096
验证损失: 0.4729
验证准确率: 0.9658 (10589/10964) - 与Levenshtein高度相关
验证F1(加权): 0.9649 - 类别平衡更好
学习率: 0.000057
显存使用: 0.47GB (预留: 0.69GB)

生成的训练样本:
--------------------------------------------------------------------------------
输入:       XDR TRJN SDRJN DPQJ<> DNSJKJN BNSKT> WQ>M
目标:     0 0 0 2 0 0 2 0 12 0 0 0 2 0 0 0 1 0 0 0 11 0 0 1 0 8 0 7 0 27 0 1 0 0 13 9 0 0 1 20 0 7
预测:     0 0 0 2 0 0 2 0 12 0 0 0 2 0 0 0 1 0 0 0 11 0 0 1 0 8 0 7 0 27 0 1 0 0 13 9 0 0 1 20 0 7
准确率:    1.0000 (42/42)
----------------------------------------
输入:       LHWN WMYL> W>N JD< HW> PLVWN LBTWLT
目标:     0 1 0 0 0 0 1 6 0 269 19 0 1 0 0 0 0 0 7 0 0 10 3 0 0 0 0 0 2 0 1 0 0 0 2 0
预测:     0 1 0 0 0 0 1 6 0 269 19 0 1 0 0 0 0 0 7 0 0 10 3 0 0 0 0 0 2 0 1 0 0 0 2 0
准确率:    1.0000 (36/36)
----------------------------------------
输入:       JHB LN XZW DJHB MRJ> >LHKWN QDMJKWN
目标:     0 0 0 3 0 1 0 6 0 18 0 0 1 0 0 3 0 0 0 0 2 0 0 0 5 0 0 0 0 0 0 2 1 0 0 0
预测:     0 0 0 3 0 1 0 6 0 18 0 0 1 0 0 3 0 0 0 0 2 0 0 0 5 0 0 0 0 0 0 2 1 0 0 0
准确率:    1.0000 (36/36)
----------------------------------------

生成的验证样本:
--------------------------------------------------------------------------------
输入:       YBJNH D>LH> LMSV> MN KL DBJC WKLJ
目标:     0 0 0 0 5 0 0 1 0 0 4 0 0 1 6 0 10 7 0 0 0 0 0 2 0 1 0 0 2 0 36 0 0 3
预测:     0 0 0 0 5 0 0 1 0 0 4 0 0 1 6 0 10 7 0 0 0 0 0 2 0 1 0 0 2 0 36 0 0 3
准确率:    1.0000 (34/34)
----------------------------------------
输入:       D>LH> LMSV> MN KL DBJC WKLJ XJLK
目标:     0 1 0 0 4 0 0 1 6 0 10 7 0 0 0 0 0 2 0 1 0 0 2 0 36 0 0 3 0 0 0 5 0
预测:     0 1 0 0 4 0 0 1 6 0 10 7 0 0 0 0 0 2 0 1 0 0 2 0 36 0 0 3 0 0 0 5 0
准确率:    1.0000 (33/33)
----------------------------------------
⏳ 验证无提升 (验证准确率: 0.9658 ≤ 0.9665)，patience: 16/50

======================================================================
🚀 Epoch 93/200
======================================================================
📚 开始训练阶段...
训练进度: 500/3164 损失=0.0023
训练进度: 1000/3164 损失=0.0039
训练进度: 1500/3164 损失=0.0070
训练进度: 2000/3164 损失=0.0097
训练进度: 2500/3164 损失=0.0017
训练进度: 3000/3164 损失=0.0376
训练进度: 3164/3164 损失=0.0025
✅ 训练完成，耗时: 57.6秒 (1.0分钟)

============================================================
📊 验证决策: Epoch 93/200
   验证间隔: 1
   是否验证: ✅ 是
   原因: 达到验证间隔 (0 == 0)
============================================================

🔍 开始验证...
验证进度: 500/686 损失=0.5436
验证进度: 686/686 损失=0.9456

📊 预测分布分析:
  - 预测的前5个类别: {np.int64(0): 282585, np.int64(1): 37156, np.int64(2): 14785, np.int64(3): 10479, np.int64(4): 8883}
  - 标签的前5个类别: {np.int64(0): 281232, np.int64(1): 36731, np.int64(2): 14789, np.int64(3): 10866, np.int64(4): 8585}
✅ 验证完成，耗时: 4.8秒 (0.1分钟)
训练损失: 0.0094
验证损失: 0.4796
验证准确率: 0.9655 (10585/10964) - 与Levenshtein高度相关
验证F1(加权): 0.9647 - 类别平衡更好
学习率: 0.000056
显存使用: 0.47GB (预留: 0.69GB)

生成的训练样本:
--------------------------------------------------------------------------------
输入:       HJKL> QDJC> D<TJD L>JQR> DL<LM NXMJ> NSG>
目标:     0 0 0 0 4 0 0 0 0 0 4 0 0 1 0 8 0 40 0 1 0 0 0 4 0 0 1 1 0 0 2 0 0 0 0 0 2 0 6 0 10 3
预测:     0 0 0 0 4 0 0 0 0 0 4 0 0 1 0 8 0 40 0 1 0 0 0 4 0 0 1 1 0 0 2 0 0 0 0 0 2 0 6 0 10 3
准确率:    1.0000 (42/42)
----------------------------------------
输入:       >JSRJL WCRW BMYPJ> W>MRW <M> RWRBNJ GL<D
目标:     0 0 0 0 0 0 2 0 1 0 18 0 0 1 0 0 0 0 2 0 1 0 0 3 0 0 0 15 0 0 0 0 0 8 2 0 0 0 0 0 2
预测:     0 0 0 0 0 0 2 0 1 0 18 0 0 1 0 0 0 0 2 0 1 0 0 3 0 0 0 15 0 0 0 0 0 8 2 0 0 0 0 0 2
准确率:    1.0000 (41/41)
----------------------------------------
输入:       >NT B<JNJK WMNH L> T>KWL WHW> HKN>
目标:     0 0 0 0 0 1 0 0 2 1 0 0 1 0 1 0 0 0 0 0 6 0 8 0 3 0 1 0 10 3 0 0 0 0 0
预测:     0 0 0 0 0 1 0 0 2 1 0 0 1 0 1 0 0 0 0 0 6 0 8 0 3 0 1 0 10 3 0 0 0 0 0
准确率:    1.0000 (35/35)
----------------------------------------

生成的验证样本:
--------------------------------------------------------------------------------
输入:       YBJNH D>LH> LMSV> MN KL DBJC WKLJ
目标:     0 0 0 0 5 0 0 1 0 0 4 0 0 1 6 0 10 7 0 0 0 0 0 2 0 1 0 0 2 0 36 0 0 3
预测:     0 0 0 0 5 0 0 1 0 0 4 0 0 1 6 0 10 7 0 0 0 0 0 2 0 1 0 0 2 0 36 0 0 3
准确率:    1.0000 (34/34)
----------------------------------------
输入:       D>LH> LMSV> MN KL DBJC WKLJ XJLK
目标:     0 1 0 0 4 0 0 1 6 0 10 7 0 0 0 0 0 2 0 1 0 0 2 0 36 0 0 3 0 0 0 5 0
预测:     0 1 0 0 4 0 0 1 6 0 10 7 0 0 0 0 0 2 0 1 0 0 2 0 36 0 0 3 0 0 0 5 0
准确率:    1.0000 (33/33)
----------------------------------------
⏳ 验证无提升 (验证准确率: 0.9655 ≤ 0.9665)，patience: 17/50

======================================================================
🚀 Epoch 94/200
======================================================================
📚 开始训练阶段...
训练进度: 500/3164 损失=0.0121
训练进度: 1000/3164 损失=0.0084
训练进度: 1500/3164 损失=0.0041
训练进度: 2000/3164 损失=0.0010
训练进度: 2500/3164 损失=0.0020
训练进度: 3000/3164 损失=0.0044
训练进度: 3164/3164 损失=0.0352
✅ 训练完成，耗时: 57.4秒 (1.0分钟)

============================================================
📊 验证决策: Epoch 94/200
   验证间隔: 1
   是否验证: ✅ 是
   原因: 达到验证间隔 (0 == 0)
============================================================

🔍 开始验证...
验证进度: 500/686 损失=0.5515
验证进度: 686/686 损失=0.9695

📊 预测分布分析:
  - 预测的前5个类别: {np.int64(0): 282743, np.int64(1): 37087, np.int64(2): 14688, np.int64(3): 10812, np.int64(4): 9057}
  - 标签的前5个类别: {np.int64(0): 281232, np.int64(1): 36731, np.int64(2): 14789, np.int64(3): 10866, np.int64(4): 8585}
✅ 验证完成，耗时: 4.8秒 (0.1分钟)
训练损失: 0.0089
验证损失: 0.4779
验证准确率: 0.9660 (10590/10964) - 与Levenshtein高度相关
验证F1(加权): 0.9650 - 类别平衡更好
学习率: 0.000055
显存使用: 0.48GB (预留: 0.69GB)

生成的训练样本:
--------------------------------------------------------------------------------
输入:       NPC> BRM >JT M>KWLT> DMN M>KWLT> BSJM>
目标:     0 0 0 4 0 0 0 0 0 0 0 0 24 0 0 0 0 0 13 9 0 0 1 0 0 0 0 0 0 0 13 9 0 0 0 8 0 49 27
预测:     0 0 0 4 0 0 0 0 0 0 0 0 24 0 0 0 0 0 13 9 0 0 1 0 0 0 0 0 0 0 13 9 0 0 0 8 0 49 27
准确率:    1.0000 (39/39)
----------------------------------------
输入:       TVR KLHWN PWQDN> HLJN WT<BD >NWN DMPQD
目标:     0 34 0 3 0 0 5 0 0 0 0 0 0 0 0 11 0 0 0 0 0 0 0 1 6 0 0 3 0 0 0 0 0 0 1 6 0 0 41
预测:     0 34 0 3 0 0 5 0 0 0 0 0 0 0 0 11 0 0 0 0 0 0 0 1 6 0 0 3 0 0 0 0 0 0 1 6 0 0 41
准确率:    1.0000 (39/39)
----------------------------------------
输入:       TDXQJWHJ L>DWMJ> MVL D>XWK HW WL> TDXQJWHJ
目标:     0 6 0 0 48 35 0 0 0 0 1 0 0 0 0 4 0 0 0 0 0 0 1 0 8 5 0 0 0 0 0 1 0 0 0 6 0 0 48 35 0 0 0
预测:     0 6 0 0 48 35 0 0 0 0 1 0 0 0 0 4 0 0 0 0 0 0 1 0 8 5 0 0 0 0 0 1 0 0 0 6 0 0 48 35 0 0 0
准确率:    1.0000 (43/43)
----------------------------------------

生成的验证样本:
--------------------------------------------------------------------------------
输入:       YBJNH D>LH> LMSV> MN KL DBJC WKLJ
目标:     0 0 0 0 5 0 0 1 0 0 4 0 0 1 6 0 10 7 0 0 0 0 0 2 0 1 0 0 2 0 36 0 0 3
预测:     0 0 0 0 5 0 0 1 0 0 4 0 0 1 6 0 10 7 0 0 0 0 0 2 0 1 0 0 2 0 36 0 0 3
准确率:    1.0000 (34/34)
----------------------------------------
输入:       D>LH> LMSV> MN KL DBJC WKLJ XJLK
目标:     0 1 0 0 4 0 0 1 6 0 10 7 0 0 0 0 0 2 0 1 0 0 2 0 36 0 0 3 0 0 0 5 0
预测:     0 1 0 0 4 0 0 1 6 0 10 7 0 0 0 0 0 2 0 1 0 0 2 0 36 0 0 3 0 0 0 5 0
准确率:    1.0000 (33/33)
----------------------------------------
⏳ 验证无提升 (验证准确率: 0.9660 ≤ 0.9665)，patience: 18/50

======================================================================
🚀 Epoch 95/200
======================================================================
📚 开始训练阶段...
训练进度: 500/3164 损失=0.0070
训练进度: 1000/3164 损失=0.0067
训练进度: 1500/3164 损失=0.0029
训练进度: 2000/3164 损失=0.0205
训练进度: 2500/3164 损失=0.0215
训练进度: 3000/3164 损失=0.0050
训练进度: 3164/3164 损失=0.0111
✅ 训练完成，耗时: 57.5秒 (1.0分钟)

============================================================
📊 验证决策: Epoch 95/200
   验证间隔: 1
   是否验证: ✅ 是
   原因: 达到验证间隔 (0 == 0)
============================================================

🔍 开始验证...
验证进度: 500/686 损失=0.4705
验证进度: 686/686 损失=0.8735

📊 预测分布分析:
  - 预测的前5个类别: {np.int64(0): 282841, np.int64(1): 37140, np.int64(2): 14744, np.int64(3): 10745, np.int64(4): 8907}
  - 标签的前5个类别: {np.int64(0): 281232, np.int64(1): 36731, np.int64(2): 14789, np.int64(3): 10866, np.int64(4): 8585}
✅ 验证完成，耗时: 4.7秒 (0.1分钟)
训练损失: 0.0090
验证损失: 0.4844
验证准确率: 0.9662 (10593/10964) - 与Levenshtein高度相关
验证F1(加权): 0.9652 - 类别平衡更好
学习率: 0.000055
显存使用: 0.47GB (预留: 0.69GB)

生成的训练样本:
--------------------------------------------------------------------------------
输入:       HW MHJMN HW >KWTK LBH DBRNC> NXD>
目标:     0 0 0 0 6 0 0 0 109 0 0 0 0 0 0 0 1 0 0 0 5 0 0 1 0 84 0 4 0 0 6 0 10 3
预测:     0 0 0 0 6 0 0 0 109 0 0 0 0 0 0 0 1 0 0 0 5 0 0 1 0 84 0 4 0 0 6 0 10 3
准确率:    1.0000 (34/34)
----------------------------------------
输入:       QLN WXZ> MWKKN W<MLN W>WLYNJN W>PQN MRJ>
目标:     0 0 5 0 0 1 0 10 3 0 0 0 0 5 0 0 1 0 0 37 0 0 1 0 0 0 0 2 1 0 0 1 72 0 29 0 0 0 0 0 2
预测:     0 0 5 0 0 1 0 10 3 0 0 0 0 5 0 0 1 0 0 37 0 0 1 0 0 0 0 2 1 0 0 1 72 0 29 0 0 0 0 0 2
准确率:    1.0000 (41/41)
----------------------------------------
输入:       BR >XB MLK> D>JSR>JL >MLK >XZJ> BR
目标:     0 0 2 0 0 0 2 0 0 0 4 0 0 1 0 0 0 8 0 0 2 0 17 0 0 33 0 0 0 0 0 2 0 0 2
预测:     0 0 2 0 0 0 2 0 0 0 4 0 0 1 0 0 0 8 0 0 2 0 17 0 0 33 0 0 0 0 0 2 0 0 2
准确率:    1.0000 (35/35)
----------------------------------------

生成的验证样本:
--------------------------------------------------------------------------------
输入:       YBJNH D>LH> LMSV> MN KL DBJC WKLJ
目标:     0 0 0 0 5 0 0 1 0 0 4 0 0 1 6 0 10 7 0 0 0 0 0 2 0 1 0 0 2 0 36 0 0 3
预测:     0 0 0 0 5 0 0 1 0 0 4 0 0 1 6 0 10 7 0 0 0 0 0 2 0 1 0 0 2 0 36 0 0 3
准确率:    1.0000 (34/34)
----------------------------------------
输入:       D>LH> LMSV> MN KL DBJC WKLJ XJLK
目标:     0 1 0 0 4 0 0 1 6 0 10 7 0 0 0 0 0 2 0 1 0 0 2 0 36 0 0 3 0 0 0 5 0
预测:     0 1 0 0 4 0 0 1 6 0 10 7 0 0 0 0 0 2 0 1 0 0 2 0 36 0 0 3 0 0 0 5 0
准确率:    1.0000 (33/33)
----------------------------------------
⏳ 验证无提升 (验证准确率: 0.9662 ≤ 0.9665)，patience: 19/50

======================================================================
🚀 Epoch 96/200
======================================================================
📚 开始训练阶段...
训练进度: 500/3164 损失=0.0020
训练进度: 1000/3164 损失=0.0106
训练进度: 1500/3164 损失=0.0019
训练进度: 2000/3164 损失=0.0016
训练进度: 2500/3164 损失=0.0010
训练进度: 3000/3164 损失=0.0080
训练进度: 3164/3164 损失=0.0145
✅ 训练完成，耗时: 57.3秒 (1.0分钟)

============================================================
📊 验证决策: Epoch 96/200
   验证间隔: 1
   是否验证: ✅ 是
   原因: 达到验证间隔 (0 == 0)
============================================================

🔍 开始验证...
验证进度: 500/686 损失=0.4342
验证进度: 686/686 损失=0.7013

📊 预测分布分析:
  - 预测的前5个类别: {np.int64(0): 282657, np.int64(1): 37100, np.int64(2): 14767, np.int64(3): 10677, np.int64(4): 8732}
  - 标签的前5个类别: {np.int64(0): 281232, np.int64(1): 36731, np.int64(2): 14789, np.int64(3): 10866, np.int64(4): 8585}
✅ 验证完成，耗时: 4.8秒 (0.1分钟)
训练损失: 0.0088
验证损失: 0.4831
验证准确率: 0.9656 (10586/10964) - 与Levenshtein高度相关
验证F1(加权): 0.9648 - 类别平衡更好
学习率: 0.000054
显存使用: 0.48GB (预留: 0.69GB)

生成的训练样本:
--------------------------------------------------------------------------------
输入:       JWMN> XDW B>BJMLK W>P HW NXD> BKWN
目标:     0 0 0 0 4 0 6 0 18 0 0 1 0 0 0 0 0 2 0 1 0 0 0 0 0 0 6 0 10 3 0 1 0 0 0
预测:     0 0 0 0 4 0 6 0 18 0 0 1 0 0 0 0 0 2 0 1 0 0 0 0 0 0 6 0 10 3 0 1 0 0 0
准确率:    1.0000 (35/35)
----------------------------------------
输入:       KD <QT LKWN W>MRW LH QCJC> DGL<D
目标:     0 0 0 0 31 3 26 0 1 0 0 0 0 1 0 0 3 0 0 1 0 0 0 0 0 11 0 0 1 0 0 0 2
预测:     0 0 0 0 31 3 26 0 1 0 0 0 0 1 0 0 3 0 0 1 0 0 0 0 0 11 0 0 1 0 0 0 2
准确率:    1.0000 (33/33)
----------------------------------------
输入:       DPQDT L>BHJHWN WSHDWT> D>SHDT BHWN W>ZLW BTR
目标:     0 1 0 0 3 19 0 1 0 8 2 1 0 0 0 0 1 0 0 0 2 23 0 0 1 17 0 0 3 0 0 1 0 0 0 0 1 0 0 3 0 0 0 0 0
预测:     0 1 0 0 3 19 0 1 0 8 2 1 0 0 0 0 1 0 0 0 2 23 0 0 1 17 0 0 3 0 0 1 0 0 0 0 1 0 0 3 0 0 0 0 0
准确率:    1.0000 (45/45)
----------------------------------------

生成的验证样本:
--------------------------------------------------------------------------------
输入:       YBJNH D>LH> LMSV> MN KL DBJC WKLJ
目标:     0 0 0 0 5 0 0 1 0 0 4 0 0 1 6 0 10 7 0 0 0 0 0 2 0 1 0 0 2 0 36 0 0 3
预测:     0 0 0 0 5 0 0 1 0 0 4 0 0 1 6 0 10 7 0 0 0 0 0 2 0 1 0 0 2 0 36 0 0 3
准确率:    1.0000 (34/34)
----------------------------------------
输入:       D>LH> LMSV> MN KL DBJC WKLJ XJLK
目标:     0 1 0 0 4 0 0 1 6 0 10 7 0 0 0 0 0 2 0 1 0 0 2 0 36 0 0 3 0 0 0 5 0
预测:     0 1 0 0 4 0 0 1 6 0 10 7 0 0 0 0 0 2 0 1 0 0 2 0 36 0 0 3 0 0 0 5 0
准确率:    1.0000 (33/33)
----------------------------------------
⏳ 验证无提升 (验证准确率: 0.9656 ≤ 0.9665)，patience: 20/50

======================================================================
🚀 Epoch 97/200
======================================================================
📚 开始训练阶段...
训练进度: 500/3164 损失=0.0234
训练进度: 1000/3164 损失=0.0071
训练进度: 1500/3164 损失=0.0063
训练进度: 2000/3164 损失=0.0047
训练进度: 2500/3164 损失=0.0340
训练进度: 3000/3164 损失=0.0148
训练进度: 3164/3164 损失=0.0157
✅ 训练完成，耗时: 57.4秒 (1.0分钟)

============================================================
📊 验证决策: Epoch 97/200
   验证间隔: 1
   是否验证: ✅ 是
   原因: 达到验证间隔 (0 == 0)
============================================================

🔍 开始验证...
验证进度: 500/686 损失=0.6170
验证进度: 686/686 损失=0.9851

📊 预测分布分析:
  - 预测的前5个类别: {np.int64(0): 282669, np.int64(1): 37054, np.int64(2): 14780, np.int64(3): 10832, np.int64(4): 8900}
  - 标签的前5个类别: {np.int64(0): 281232, np.int64(1): 36731, np.int64(2): 14789, np.int64(3): 10866, np.int64(4): 8585}
✅ 验证完成，耗时: 4.8秒 (0.1分钟)
训练损失: 0.0084
验证损失: 0.4845
验证准确率: 0.9660 (10591/10964) - 与Levenshtein高度相关
验证F1(加权): 0.9652 - 类别平衡更好
学习率: 0.000053
显存使用: 0.47GB (预留: 0.69GB)

生成的训练样本:
--------------------------------------------------------------------------------
输入:       D<DKJL VLJ> HW> W>MR ZBX WYLMN< QWM
目标:     0 1 0 0 0 0 0 0 0 0 4 0 0 0 10 3 0 1 0 0 3 0 0 0 2 0 1 0 0 0 0 2 6 0 0 3
预测:     0 1 0 0 0 0 0 0 0 0 4 0 0 0 10 3 0 1 0 0 3 0 0 0 2 0 1 0 0 0 0 2 6 0 0 3
准确率:    1.0000 (36/36)
----------------------------------------
输入:       HW PR<WN MLK> DMYRJN LKL MN DMTTKLJN
目标:     0 0 0 0 0 0 0 0 2 0 0 0 4 0 0 1 0 0 0 0 2 0 1 0 2 0 0 12 0 1 21 14 0 0 7 0 0
预测:     0 0 0 0 0 0 0 0 2 0 0 0 4 0 0 1 0 0 0 0 2 0 1 0 2 0 0 12 0 1 21 14 0 0 7 0 0
准确率:    1.0000 (37/37)
----------------------------------------
输入:       D>JT LH <WTR> WL> MTXCX BH WXZ>
目标:     0 1 0 0 24 0 1 0 0 0 0 0 4 0 0 1 0 0 0 21 14 0 0 41 0 1 0 0 1 0 10 7
预测:     0 1 0 0 24 0 1 0 0 0 0 0 4 0 0 1 0 0 0 21 14 0 0 41 0 1 0 0 1 0 10 7
准确率:    1.0000 (32/32)
----------------------------------------

生成的验证样本:
--------------------------------------------------------------------------------
输入:       YBJNH D>LH> LMSV> MN KL DBJC WKLJ
目标:     0 0 0 0 5 0 0 1 0 0 4 0 0 1 6 0 10 7 0 0 0 0 0 2 0 1 0 0 2 0 36 0 0 3
预测:     0 0 0 0 5 0 0 1 0 0 4 0 0 1 6 0 10 7 0 0 0 0 0 2 0 1 0 0 2 0 36 0 0 3
准确率:    1.0000 (34/34)
----------------------------------------
输入:       D>LH> LMSV> MN KL DBJC WKLJ XJLK
目标:     0 1 0 0 4 0 0 1 6 0 10 7 0 0 0 0 0 2 0 1 0 0 2 0 36 0 0 3 0 0 0 5 0
预测:     0 1 0 0 4 0 0 1 6 0 10 7 0 0 0 0 0 2 0 1 0 0 2 0 36 0 0 3 0 0 0 5 0
准确率:    1.0000 (33/33)
----------------------------------------
⏳ 验证无提升 (验证准确率: 0.9660 ≤ 0.9665)，patience: 21/50

======================================================================
🚀 Epoch 98/200
======================================================================
📚 开始训练阶段...
训练进度: 500/3164 损失=0.0058
训练进度: 1000/3164 损失=0.0024
训练进度: 1500/3164 损失=0.0205
训练进度: 2000/3164 损失=0.0078
训练进度: 2500/3164 损失=0.0092
训练进度: 3000/3164 损失=0.0242
训练进度: 3164/3164 损失=0.0006
✅ 训练完成，耗时: 57.6秒 (1.0分钟)

============================================================
📊 验证决策: Epoch 98/200
   验证间隔: 1
   是否验证: ✅ 是
   原因: 达到验证间隔 (0 == 0)
============================================================

🔍 开始验证...
验证进度: 500/686 损失=0.6230
验证进度: 686/686 损失=0.8845

📊 预测分布分析:
  - 预测的前5个类别: {np.int64(0): 282898, np.int64(1): 37069, np.int64(2): 14762, np.int64(3): 10801, np.int64(4): 8773}
  - 标签的前5个类别: {np.int64(0): 281232, np.int64(1): 36731, np.int64(2): 14789, np.int64(3): 10866, np.int64(4): 8585}
✅ 验证完成，耗时: 4.8秒 (0.1分钟)
训练损失: 0.0082
验证损失: 0.4955
验证准确率: 0.9659 (10590/10964) - 与Levenshtein高度相关
验证F1(加权): 0.9651 - 类别平衡更好
学习率: 0.000052
显存使用: 0.48GB (预留: 0.69GB)

生成的训练样本:
--------------------------------------------------------------------------------
输入:       Z<WR >W XWR >W >WKM >W RWRBN
目标:     0 0 0 0 2 0 0 0 0 0 0 22 0 0 0 0 0 0 0 2 0 0 0 0 0 0 0 2 0
预测:     0 0 0 0 2 0 0 0 0 0 0 22 0 0 0 0 0 0 0 2 0 0 0 0 0 0 0 2 0
准确率:    1.0000 (29/29)
----------------------------------------
输入:       TD< MN> HWJ> XRTH L> TVN B<WL>
目标:     0 52 0 3 0 0 0 0 0 0 0 7 0 0 0 13 1 0 0 0 0 0 6 0 135 0 1 0 0 4 0
预测:     0 52 0 3 0 0 0 0 0 0 0 7 0 0 0 13 1 0 0 0 0 0 6 0 135 0 1 0 0 4 0
准确率:    1.0000 (31/31)
----------------------------------------
输入:       BLBK BRM >NT L> TBN> BJT> LCMJ
目标:     0 1 0 5 0 0 0 0 0 0 0 0 0 0 0 0 0 6 0 10 3 0 0 0 4 0 0 1 0 5 0
预测:     0 1 0 5 0 0 0 0 0 0 0 0 0 0 0 0 0 6 0 10 3 0 0 0 4 0 0 1 0 5 0
准确率:    1.0000 (31/31)
----------------------------------------

生成的验证样本:
--------------------------------------------------------------------------------
输入:       YBJNH D>LH> LMSV> MN KL DBJC WKLJ
目标:     0 0 0 0 5 0 0 1 0 0 4 0 0 1 6 0 10 7 0 0 0 0 0 2 0 1 0 0 2 0 36 0 0 3
预测:     0 0 0 0 5 0 0 1 0 0 4 0 0 1 6 0 10 7 0 0 0 0 0 2 0 1 0 0 2 0 36 0 0 3
准确率:    1.0000 (34/34)
----------------------------------------
输入:       D>LH> LMSV> MN KL DBJC WKLJ XJLK
目标:     0 1 0 0 4 0 0 1 6 0 10 7 0 0 0 0 0 2 0 1 0 0 2 0 36 0 0 3 0 0 0 5 0
预测:     0 1 0 0 4 0 0 1 6 0 10 7 0 0 0 0 0 2 0 1 0 0 2 0 36 0 0 3 0 0 0 5 0
准确率:    1.0000 (33/33)
----------------------------------------
⏳ 验证无提升 (验证准确率: 0.9659 ≤ 0.9665)，patience: 22/50

======================================================================
🚀 Epoch 99/200
======================================================================
📚 开始训练阶段...
训练进度: 500/3164 损失=0.0005
训练进度: 1000/3164 损失=0.0084
训练进度: 1500/3164 损失=0.0066
训练进度: 2000/3164 损失=0.0146
训练进度: 2500/3164 损失=0.0011
训练进度: 3000/3164 损失=0.0028
训练进度: 3164/3164 损失=0.0025
✅ 训练完成，耗时: 57.4秒 (1.0分钟)

============================================================
📊 验证决策: Epoch 99/200
   验证间隔: 1
   是否验证: ✅ 是
   原因: 达到验证间隔 (0 == 0)
============================================================

🔍 开始验证...
验证进度: 500/686 损失=0.5940
验证进度: 686/686 损失=0.8994

📊 预测分布分析:
  - 预测的前5个类别: {np.int64(0): 282939, np.int64(1): 37070, np.int64(2): 14793, np.int64(3): 10782, np.int64(4): 8799}
  - 标签的前5个类别: {np.int64(0): 281232, np.int64(1): 36731, np.int64(2): 14789, np.int64(3): 10866, np.int64(4): 8585}
✅ 验证完成，耗时: 4.8秒 (0.1分钟)
训练损失: 0.0083
验证损失: 0.4911
验证准确率: 0.9661 (10591/10964) - 与Levenshtein高度相关
验证F1(加权): 0.9652 - 类别平衡更好
学习率: 0.000052
显存使用: 0.47GB (预留: 0.69GB)

生成的训练样本:
--------------------------------------------------------------------------------
输入:       BKLH <BD> D>JDJKWN WJD< LMDBRWTKWN BMDBR> HN>
目标:     0 1 0 5 0 0 0 0 55 0 0 35 0 0 2 1 0 0 0 0 1 0 0 3 0 1 6 0 0 7 0 67 0 0 0 0 1 0 0 0 4 0 0 0 0 0
预测:     0 1 0 5 0 0 0 0 55 0 0 35 0 0 2 1 0 0 0 0 1 0 0 3 0 1 6 0 0 7 0 67 0 0 0 0 1 0 0 0 4 0 0 0 0 0
准确率:    1.0000 (46/46)
----------------------------------------
输入:       LVWR> DNBW DB>R<> DMW>B DQDM >JRJXW WXZJH
目标:     0 1 0 0 4 0 0 1 0 0 2 0 1 1 0 0 4 0 0 1 0 0 0 2 0 1 0 0 2 0 0 0 0 0 0 2 0 36 0 0 29 12
预测:     0 1 0 0 4 0 0 1 0 0 2 0 1 1 0 0 4 0 0 1 0 0 0 2 0 1 0 0 2 0 0 0 0 0 0 2 0 36 0 0 29 12
准确率:    1.0000 (42/42)
----------------------------------------
输入:       <BDK <LWT> WDBX> L>LH >XRJN >L> >N
目标:     0 0 0 37 0 0 0 57 2 23 0 0 1 0 0 30 0 0 1 0 0 2 0 0 0 0 0 2 0 0 0 0 0 0 0
预测:     0 0 0 37 0 0 0 57 2 23 0 0 1 0 0 30 0 0 1 0 0 2 0 0 0 0 0 2 0 0 0 0 0 0 0
准确率:    1.0000 (35/35)
----------------------------------------

生成的验证样本:
--------------------------------------------------------------------------------
输入:       YBJNH D>LH> LMSV> MN KL DBJC WKLJ
目标:     0 0 0 0 5 0 0 1 0 0 4 0 0 1 6 0 10 7 0 0 0 0 0 2 0 1 0 0 2 0 36 0 0 3
预测:     0 0 0 0 5 0 0 1 0 0 4 0 0 1 6 0 10 7 0 0 0 0 0 2 0 1 0 0 2 0 36 0 0 3
准确率:    1.0000 (34/34)
----------------------------------------
输入:       D>LH> LMSV> MN KL DBJC WKLJ XJLK
目标:     0 1 0 0 4 0 0 1 6 0 10 7 0 0 0 0 0 2 0 1 0 0 2 0 36 0 0 3 0 0 0 5 0
预测:     0 1 0 0 4 0 0 1 6 0 10 7 0 0 0 0 0 2 0 1 0 0 2 0 36 0 0 3 0 0 0 5 0
准确率:    1.0000 (33/33)
----------------------------------------
⏳ 验证无提升 (验证准确率: 0.9661 ≤ 0.9665)，patience: 23/50

======================================================================
🚀 Epoch 100/200
======================================================================
📚 开始训练阶段...
训练进度: 500/3164 损失=0.0065
训练进度: 1000/3164 损失=0.0114
训练进度: 1500/3164 损失=0.0047
训练进度: 2000/3164 损失=0.0261
训练进度: 2500/3164 损失=0.0094
训练进度: 3000/3164 损失=0.0017
训练进度: 3164/3164 损失=0.0027
✅ 训练完成，耗时: 57.2秒 (1.0分钟)

============================================================
📊 验证决策: Epoch 100/200
   验证间隔: 1
   是否验证: ✅ 是
   原因: 达到验证间隔 (0 == 0)
============================================================

🔍 开始验证...
验证进度: 500/686 损失=0.5946
验证进度: 686/686 损失=0.9799

📊 预测分布分析:
  - 预测的前5个类别: {np.int64(0): 282528, np.int64(1): 37097, np.int64(2): 14606, np.int64(3): 10747, np.int64(4): 9161}
  - 标签的前5个类别: {np.int64(0): 281232, np.int64(1): 36731, np.int64(2): 14789, np.int64(3): 10866, np.int64(4): 8585}
✅ 验证完成，耗时: 4.8秒 (0.1分钟)
训练损失: 0.0079
验证损失: 0.4967
验证准确率: 0.9660 (10591/10964) - 与Levenshtein高度相关
验证F1(加权): 0.9652 - 类别平衡更好
学习率: 0.000051
显存使用: 0.47GB (预留: 0.69GB)

生成的训练样本:
--------------------------------------------------------------------------------
输入:       <LJH MJ> TD<K WTRTJHJN MNK >NJN W>P
目标:     0 0 8 1 12 0 24 9 0 0 44 0 0 3 0 1 0 2 0 1 0 0 0 0 0 1 0 0 0 0 0 0 0 1 0 0
预测:     0 0 8 1 12 0 24 9 0 0 44 0 0 3 0 1 0 2 0 1 0 0 0 0 0 1 0 0 0 0 0 0 0 1 0 0
准确率:    1.0000 (36/36)
----------------------------------------
输入:       GBR> D>PRJM W<BRW LGRBJ> W>MRW LNPTX LMN>
目标:     0 0 0 11 0 0 1 0 0 0 0 2 0 1 0 0 3 0 0 1 0 0 0 4 0 0 1 0 0 3 0 0 1 0 0 0 2 0 1 0 0 0
预测:     0 0 0 11 0 0 1 0 0 0 0 2 0 1 0 0 3 0 0 1 0 0 0 4 0 0 1 0 0 3 0 0 1 0 0 0 2 0 1 0 0 0
准确率:    1.0000 (42/42)
----------------------------------------
输入:       >MWRJ> D>WBD MRJ> MN QDM BNJ >JSRJL
目标:     0 0 0 0 0 11 0 0 1 59 0 0 3 0 0 0 0 2 0 0 0 0 0 0 2 0 0 2 0 0 0 0 0 0 0 2
预测:     0 0 0 0 0 11 0 0 1 59 0 0 3 0 0 0 0 2 0 0 0 0 0 0 2 0 0 2 0 0 0 0 0 0 0 2
准确率:    1.0000 (36/36)
----------------------------------------

生成的验证样本:
--------------------------------------------------------------------------------
输入:       YBJNH D>LH> LMSV> MN KL DBJC WKLJ
目标:     0 0 0 0 5 0 0 1 0 0 4 0 0 1 6 0 10 7 0 0 0 0 0 2 0 1 0 0 2 0 36 0 0 3
预测:     0 0 0 0 5 0 0 1 0 0 4 0 0 1 6 0 10 7 0 0 0 0 0 2 0 1 0 0 2 0 36 0 0 3
准确率:    1.0000 (34/34)
----------------------------------------
输入:       D>LH> LMSV> MN KL DBJC WKLJ XJLK
目标:     0 1 0 0 4 0 0 1 6 0 10 7 0 0 0 0 0 2 0 1 0 0 2 0 36 0 0 3 0 0 0 5 0
预测:     0 1 0 0 4 0 0 1 6 0 10 7 0 0 0 0 0 2 0 1 0 0 2 0 36 0 0 3 0 0 0 5 0
准确率:    1.0000 (33/33)
----------------------------------------
⏳ 验证无提升 (验证准确率: 0.9660 ≤ 0.9665)，patience: 24/50

======================================================================
🚀 Epoch 101/200
======================================================================
📚 开始训练阶段...
训练进度: 500/3164 损失=0.0044
训练进度: 1000/3164 损失=0.0023
训练进度: 1500/3164 损失=0.0097
训练进度: 2000/3164 损失=0.0013
训练进度: 2500/3164 损失=0.0135
训练进度: 3000/3164 损失=0.0197
训练进度: 3164/3164 损失=0.0127
✅ 训练完成，耗时: 57.5秒 (1.0分钟)

============================================================
📊 验证决策: Epoch 101/200
   验证间隔: 1
   是否验证: ✅ 是
   原因: 达到验证间隔 (0 == 0)
============================================================

🔍 开始验证...
验证进度: 500/686 损失=0.5092
验证进度: 686/686 损失=0.8839

📊 预测分布分析:
  - 预测的前5个类别: {np.int64(0): 282832, np.int64(1): 37122, np.int64(2): 14741, np.int64(3): 10658, np.int64(4): 8834}
  - 标签的前5个类别: {np.int64(0): 281232, np.int64(1): 36731, np.int64(2): 14789, np.int64(3): 10866, np.int64(4): 8585}
✅ 验证完成，耗时: 4.8秒 (0.1分钟)
训练损失: 0.0078
验证损失: 0.5061
验证准确率: 0.9655 (10585/10964) - 与Levenshtein高度相关
验证F1(加权): 0.9645 - 类别平衡更好
学习率: 0.000050
显存使用: 0.48GB (预留: 0.69GB)

生成的训练样本:
--------------------------------------------------------------------------------
输入:       LGLWTH DJWJKJN MLK> DJHWD> BJRX> DTR<SR BCB<>
目标:     0 1 0 0 2 1 0 0 1 0 0 0 0 0 2 0 0 0 4 0 0 1 0 0 0 0 2 0 1 0 0 4 0 0 1 0 118 0 0 2 0 1 0 0 2 0
预测:     0 1 0 0 2 1 0 0 1 0 0 0 0 0 2 0 0 0 4 0 0 1 0 0 0 0 2 0 1 0 0 4 0 0 1 0 118 0 0 2 0 1 0 0 2 0
准确率:    1.0000 (46/46)
----------------------------------------
输入:       KLH <M> DJHWD> L<WZJ> WHW BR CTT<SR>
目标:     0 0 5 0 0 0 15 0 0 1 0 0 0 0 2 0 1 0 0 0 0 2 0 1 0 0 0 0 2 0 0 0 0 0 0 2 0
预测:     0 0 5 0 0 0 15 0 0 1 0 0 0 0 2 0 1 0 0 0 0 2 0 1 0 0 0 0 2 0 0 0 0 0 0 2 0
准确率:    1.0000 (37/37)
----------------------------------------
输入:       W>MR LHWN MLK> QWMW DBRW <MKWN L<BD>
目标:     0 1 0 0 3 0 1 0 0 0 0 0 0 4 0 6 0 0 3 0 6 0 0 3 19 0 0 1 0 0 0 0 1 0 0 30 0
预测:     0 1 0 0 3 0 1 0 0 0 0 0 0 4 0 6 0 0 3 0 6 0 0 3 19 0 0 1 0 0 0 0 1 0 0 30 0
准确率:    1.0000 (37/37)
----------------------------------------

生成的验证样本:
--------------------------------------------------------------------------------
输入:       YBJNH D>LH> LMSV> MN KL DBJC WKLJ
目标:     0 0 0 0 5 0 0 1 0 0 4 0 0 1 6 0 10 7 0 0 0 0 0 2 0 1 0 0 2 0 36 0 0 3
预测:     0 0 0 0 5 0 0 1 0 0 4 0 0 1 6 0 10 7 0 0 0 0 0 2 0 1 0 0 2 0 36 0 0 3
准确率:    1.0000 (34/34)
----------------------------------------
输入:       D>LH> LMSV> MN KL DBJC WKLJ XJLK
目标:     0 1 0 0 4 0 0 1 6 0 10 7 0 0 0 0 0 2 0 1 0 0 2 0 36 0 0 3 0 0 0 5 0
预测:     0 1 0 0 4 0 0 1 6 0 10 7 0 0 0 0 0 2 0 1 0 0 2 0 36 0 0 3 0 0 0 5 0
准确率:    1.0000 (33/33)
----------------------------------------
⏳ 验证无提升 (验证准确率: 0.9655 ≤ 0.9665)，patience: 25/50

======================================================================
🚀 Epoch 102/200
======================================================================
📚 开始训练阶段...
训练进度: 500/3164 损失=0.0034
训练进度: 1000/3164 损失=0.0061
训练进度: 1500/3164 损失=0.0035
训练进度: 2000/3164 损失=0.0086
训练进度: 2500/3164 损失=0.0186
训练进度: 3000/3164 损失=0.0252
训练进度: 3164/3164 损失=0.0016
✅ 训练完成，耗时: 57.6秒 (1.0分钟)

============================================================
📊 验证决策: Epoch 102/200
   验证间隔: 1
   是否验证: ✅ 是
   原因: 达到验证间隔 (0 == 0)
============================================================

🔍 开始验证...
验证进度: 500/686 损失=0.5414
验证进度: 686/686 损失=1.0502

📊 预测分布分析:
  - 预测的前5个类别: {np.int64(0): 283060, np.int64(1): 37052, np.int64(2): 14684, np.int64(3): 10857, np.int64(4): 8989}
  - 标签的前5个类别: {np.int64(0): 281232, np.int64(1): 36731, np.int64(2): 14789, np.int64(3): 10866, np.int64(4): 8585}
✅ 验证完成，耗时: 4.8秒 (0.1分钟)
训练损失: 0.0075
验证损失: 0.5116
验证准确率: 0.9660 (10591/10964) - 与Levenshtein高度相关
验证F1(加权): 0.9650 - 类别平衡更好
学习率: 0.000049
显存使用: 0.47GB (预留: 0.69GB)

生成的训练样本:
--------------------------------------------------------------------------------
输入:       WHW> LBJ >JK C<WT> W>TMSJW BGW M<J
目标:     0 1 0 10 3 0 0 5 0 0 0 0 0 0 0 0 2 9 0 0 1 0 14 0 0 3 0 0 1 0 2 0 0 2 46
预测:     0 1 0 10 3 0 0 5 0 0 0 0 0 0 0 0 2 9 0 0 1 0 14 0 0 3 0 0 1 0 2 0 0 2 46
准确率:    1.0000 (35/35)
----------------------------------------
输入:       WSPR> <BD LK BKLHJN QWRJK DJHB LK
目标:     0 1 0 0 11 0 0 0 0 3 0 1 0 0 1 0 5 0 0 0 0 0 0 100 1 0 0 1 0 0 7 0 1 0
预测:     0 1 0 0 11 0 0 0 0 3 0 1 0 0 1 0 5 0 0 0 0 0 0 100 1 0 0 1 0 0 7 0 1 0
准确率:    1.0000 (34/34)
----------------------------------------
输入:       WKL DLJT LH GP> WQLP> L> T>KLWN
目标:     0 1 0 2 0 1 58 0 24 0 1 0 0 0 11 0 0 1 0 0 61 0 0 0 0 0 6 0 0 3 0 0
预测:     0 1 0 2 0 1 58 0 24 0 1 0 0 0 11 0 0 1 0 0 61 0 0 0 0 0 6 0 0 3 0 0
准确率:    1.0000 (32/32)
----------------------------------------

生成的验证样本:
--------------------------------------------------------------------------------
输入:       YBJNH D>LH> LMSV> MN KL DBJC WKLJ
目标:     0 0 0 0 5 0 0 1 0 0 4 0 0 1 6 0 10 7 0 0 0 0 0 2 0 1 0 0 2 0 36 0 0 3
预测:     0 0 0 0 5 0 0 1 0 0 4 0 0 1 6 0 10 7 0 0 0 0 0 2 0 1 0 0 2 0 36 0 0 3
准确率:    1.0000 (34/34)
----------------------------------------
输入:       D>LH> LMSV> MN KL DBJC WKLJ XJLK
目标:     0 1 0 0 4 0 0 1 6 0 10 7 0 0 0 0 0 2 0 1 0 0 2 0 36 0 0 3 0 0 0 5 0
预测:     0 1 0 0 4 0 0 1 6 0 10 7 0 0 0 0 0 2 0 1 0 0 2 0 36 0 0 3 0 0 0 5 0
准确率:    1.0000 (33/33)
----------------------------------------
⏳ 验证无提升 (验证准确率: 0.9660 ≤ 0.9665)，patience: 26/50

======================================================================
🚀 Epoch 103/200
======================================================================
📚 开始训练阶段...
训练进度: 500/3164 损失=0.0038
训练进度: 1000/3164 损失=0.0083
训练进度: 1500/3164 损失=0.0268
训练进度: 2000/3164 损失=0.0071
训练进度: 2500/3164 损失=0.0098
训练进度: 3000/3164 损失=0.0060
训练进度: 3164/3164 损失=0.0070
✅ 训练完成，耗时: 57.6秒 (1.0分钟)

============================================================
📊 验证决策: Epoch 103/200
   验证间隔: 1
   是否验证: ✅ 是
   原因: 达到验证间隔 (0 == 0)
============================================================

🔍 开始验证...
验证进度: 500/686 损失=0.6200
验证进度: 686/686 损失=0.9271

📊 预测分布分析:
  - 预测的前5个类别: {np.int64(0): 282890, np.int64(1): 37101, np.int64(2): 14705, np.int64(3): 10822, np.int64(4): 9030}
  - 标签的前5个类别: {np.int64(0): 281232, np.int64(1): 36731, np.int64(2): 14789, np.int64(3): 10866, np.int64(4): 8585}
✅ 验证完成，耗时: 4.8秒 (0.1分钟)
训练损失: 0.0073
验证损失: 0.5050
验证准确率: 0.9661 (10592/10964) - 与Levenshtein高度相关
验证F1(加权): 0.9651 - 类别平衡更好
学习率: 0.000048
显存使用: 0.48GB (预留: 0.69GB)

生成的训练样本:
--------------------------------------------------------------------------------
输入:       R<> >LH> MVL DXKMT> D<WL> BLLJ> MTHJMN>
目标:     0 0 10 7 0 0 0 4 0 0 0 0 0 0 1 0 0 13 9 0 0 1 0 0 11 0 0 1 38 0 4 0 0 21 14 0 0 0 7 19
预测:     0 0 10 7 0 0 0 4 0 0 0 0 0 0 1 0 0 13 9 0 0 1 0 0 11 0 0 1 38 0 4 0 0 21 14 0 0 0 7 19
准确率:    1.0000 (40/40)
----------------------------------------
输入:       W<JN> RMT> TMKK >NT TNHR CRGJ MRJ>
目标:     0 1 0 0 11 0 0 0 2 23 0 0 6 0 0 16 0 0 0 0 0 28 0 0 33 0 0 0 5 0 0 0 0 0 2
预测:     0 1 0 0 11 0 0 0 2 23 0 0 6 0 0 16 0 0 0 0 0 28 0 0 33 0 0 0 5 0 0 0 0 0 2
准确率:    1.0000 (35/35)
----------------------------------------
输入:       L> NHW> BK D<QR WD<QR> W>PL> BB<JRK
目标:     0 0 0 0 6 0 10 3 0 1 0 0 1 0 0 62 0 1 1 0 0 62 0 0 1 0 0 0 0 0 1 0 0 0 5 0
预测:     0 0 0 0 6 0 10 3 0 1 0 0 1 0 0 62 0 1 1 0 0 62 0 0 1 0 0 0 0 0 1 0 0 0 5 0
准确率:    1.0000 (36/36)
----------------------------------------

生成的验证样本:
--------------------------------------------------------------------------------
输入:       YBJNH D>LH> LMSV> MN KL DBJC WKLJ
目标:     0 0 0 0 5 0 0 1 0 0 4 0 0 1 6 0 10 7 0 0 0 0 0 2 0 1 0 0 2 0 36 0 0 3
预测:     0 0 0 0 5 0 0 1 0 0 4 0 0 1 6 0 10 7 0 0 0 0 0 2 0 1 0 0 2 0 36 0 0 3
准确率:    1.0000 (34/34)
----------------------------------------
输入:       D>LH> LMSV> MN KL DBJC WKLJ XJLK
目标:     0 1 0 0 4 0 0 1 6 0 10 7 0 0 0 0 0 2 0 1 0 0 2 0 36 0 0 3 0 0 0 5 0
预测:     0 1 0 0 4 0 0 1 6 0 10 7 0 0 0 0 0 2 0 1 0 0 2 0 36 0 0 3 0 0 0 5 0
准确率:    1.0000 (33/33)
----------------------------------------
⏳ 验证无提升 (验证准确率: 0.9661 ≤ 0.9665)，patience: 27/50

======================================================================
🚀 Epoch 104/200
======================================================================
📚 开始训练阶段...
训练进度: 500/3164 损失=0.0025
训练进度: 1000/3164 损失=0.0032
训练进度: 1500/3164 损失=0.0019
训练进度: 2000/3164 损失=0.0044
训练进度: 2500/3164 损失=0.0010
训练进度: 3000/3164 损失=0.0068
训练进度: 3164/3164 损失=0.0155
✅ 训练完成，耗时: 57.7秒 (1.0分钟)

============================================================
📊 验证决策: Epoch 104/200
   验证间隔: 1
   是否验证: ✅ 是
   原因: 达到验证间隔 (0 == 0)
============================================================

🔍 开始验证...
验证进度: 500/686 损失=0.6339
验证进度: 686/686 损失=0.9531

📊 预测分布分析:
  - 预测的前5个类别: {np.int64(0): 282717, np.int64(1): 37036, np.int64(2): 14768, np.int64(3): 10882, np.int64(4): 8862}
  - 标签的前5个类别: {np.int64(0): 281232, np.int64(1): 36731, np.int64(2): 14789, np.int64(3): 10866, np.int64(4): 8585}
✅ 验证完成，耗时: 4.8秒 (0.1分钟)
训练损失: 0.0072
验证损失: 0.5055
验证准确率: 0.9658 (10589/10964) - 与Levenshtein高度相关
验证F1(加权): 0.9649 - 类别平衡更好
学习率: 0.000048
显存使用: 0.47GB (预留: 0.69GB)

生成的训练样本:
--------------------------------------------------------------------------------
输入:       D>JT BCMJ> MN L<L WD>JT B>R<> MN
目标:     0 1 0 0 24 0 1 0 24 9 0 0 0 0 0 1 0 0 0 1 1 0 0 24 0 1 0 0 4 0 0 0 0
预测:     0 1 0 0 24 0 1 0 24 9 0 0 0 0 0 1 0 0 0 1 1 0 0 24 0 1 0 0 4 0 0 0 0
准确率:    1.0000 (33/33)
----------------------------------------
输入:       PWM> D<LJM> WDVLJ> TQNT TCBWXTK MVL B<LDBBJK
目标:     0 0 0 4 0 0 1 0 0 0 11 0 0 1 1 0 24 9 0 0 0 0 3 89 0 0 0 8 0 13 1 0 0 0 0 0 0 0 0 0 0 0 2 1 0
预测:     0 0 0 4 0 0 1 0 0 0 11 0 0 1 1 0 24 9 0 0 0 0 3 89 0 0 0 8 0 13 1 0 0 0 0 0 0 0 0 0 0 0 2 1 0
准确率:    1.0000 (45/45)
----------------------------------------
输入:       W>RZPT> WMGZR> WKL M>N DPRZL> L> >CTM<W
目标:     0 1 0 0 0 13 9 0 0 1 0 0 0 4 0 0 1 0 2 0 0 0 2 0 1 0 0 0 4 0 0 0 0 0 47 39 0 0 3 0
预测:     0 1 0 0 0 13 9 0 0 1 0 0 0 4 0 0 1 0 2 0 0 0 2 0 1 0 0 0 4 0 0 0 0 0 47 39 0 0 3 0
准确率:    1.0000 (40/40)
----------------------------------------

生成的验证样本:
--------------------------------------------------------------------------------
输入:       YBJNH D>LH> LMSV> MN KL DBJC WKLJ
目标:     0 0 0 0 5 0 0 1 0 0 4 0 0 1 6 0 10 7 0 0 0 0 0 2 0 1 0 0 2 0 36 0 0 3
预测:     0 0 0 0 5 0 0 1 0 0 4 0 0 1 6 0 10 7 0 0 0 0 0 2 0 1 0 0 2 0 36 0 0 3
准确率:    1.0000 (34/34)
----------------------------------------
输入:       D>LH> LMSV> MN KL DBJC WKLJ XJLK
目标:     0 1 0 0 4 0 0 1 6 0 10 7 0 0 0 0 0 2 0 1 0 0 2 0 36 0 0 3 0 0 0 5 0
预测:     0 1 0 0 4 0 0 1 6 0 10 7 0 0 0 0 0 2 0 1 0 0 2 0 36 0 0 3 0 0 0 5 0
准确率:    1.0000 (33/33)
----------------------------------------
⏳ 验证无提升 (验证准确率: 0.9658 ≤ 0.9665)，patience: 28/50

======================================================================
🚀 Epoch 105/200
======================================================================
📚 开始训练阶段...
训练进度: 500/3164 损失=0.0081
训练进度: 1000/3164 损失=0.0228
训练进度: 1500/3164 损失=0.0058
训练进度: 2000/3164 损失=0.0086
训练进度: 2500/3164 损失=0.0149
训练进度: 3000/3164 损失=0.0058
训练进度: 3164/3164 损失=0.0106
✅ 训练完成，耗时: 57.7秒 (1.0分钟)

============================================================
📊 验证决策: Epoch 105/200
   验证间隔: 1
   是否验证: ✅ 是
   原因: 达到验证间隔 (0 == 0)
============================================================

🔍 开始验证...
验证进度: 500/686 损失=0.5415
验证进度: 686/686 损失=0.8238

📊 预测分布分析:
  - 预测的前5个类别: {np.int64(0): 282996, np.int64(1): 37092, np.int64(2): 14657, np.int64(3): 10738, np.int64(4): 8998}
  - 标签的前5个类别: {np.int64(0): 281232, np.int64(1): 36731, np.int64(2): 14789, np.int64(3): 10866, np.int64(4): 8585}
✅ 验证完成，耗时: 4.8秒 (0.1分钟)
训练损失: 0.0072
验证损失: 0.5064
验证准确率: 0.9659 (10590/10964) - 与Levenshtein高度相关
验证F1(加权): 0.9649 - 类别平衡更好
学习率: 0.000047
显存使用: 0.48GB (预留: 0.69GB)

生成的训练样本:
--------------------------------------------------------------------------------
输入:       LJT DQLJL WSGJ QDMWHJ WLJT D<CJN WQC>
目标:     0 58 0 24 0 1 0 0 0 2 0 1 0 0 13 0 0 0 25 1 0 0 0 1 58 0 24 0 1 0 8 0 40 0 1 0 10 40
预测:     0 58 0 24 0 1 0 0 0 2 0 1 0 0 13 0 0 0 25 1 0 0 0 1 58 0 24 0 1 0 8 0 40 0 1 0 10 40
准确率:    1.0000 (38/38)
----------------------------------------
输入:       LMTKTCW <MHWN W>KRZW MN KWL >SR SJP>
目标:     0 1 21 14 0 0 7 19 0 0 1 0 0 0 0 1 17 0 0 3 0 0 0 0 0 8 0 2 0 0 0 7 0 0 0 4 0
预测:     0 1 21 14 0 0 7 19 0 0 1 0 0 0 0 1 17 0 0 3 0 0 0 0 0 8 0 2 0 0 0 7 0 0 0 4 0
准确率:    1.0000 (37/37)
----------------------------------------
输入:       WTMWT <L D<BDT BHTT> B>JSRJL WZNJT BJT
目标:     0 1 6 0 0 3 0 0 0 0 1 0 0 3 26 0 0 0 13 9 0 0 1 0 0 0 0 0 2 0 1 0 0 3 92 0 0 0 2
预测:     0 1 6 0 0 3 0 0 0 0 1 0 0 3 26 0 0 0 13 9 0 0 1 0 0 0 0 0 2 0 1 0 0 3 92 0 0 0 2
准确率:    1.0000 (39/39)
----------------------------------------

生成的验证样本:
--------------------------------------------------------------------------------
输入:       YBJNH D>LH> LMSV> MN KL DBJC WKLJ
目标:     0 0 0 0 5 0 0 1 0 0 4 0 0 1 6 0 10 7 0 0 0 0 0 2 0 1 0 0 2 0 36 0 0 3
预测:     0 0 0 0 5 0 0 1 0 0 4 0 0 1 6 0 10 7 0 0 0 0 0 2 0 1 0 0 2 0 36 0 0 3
准确率:    1.0000 (34/34)
----------------------------------------
输入:       D>LH> LMSV> MN KL DBJC WKLJ XJLK
目标:     0 1 0 0 4 0 0 1 6 0 10 7 0 0 0 0 0 2 0 1 0 0 2 0 36 0 0 3 0 0 0 5 0
预测:     0 1 0 0 4 0 0 1 6 0 10 7 0 0 0 0 0 2 0 1 0 0 2 0 36 0 0 3 0 0 0 5 0
准确率:    1.0000 (33/33)
----------------------------------------
⏳ 验证无提升 (验证准确率: 0.9659 ≤ 0.9665)，patience: 29/50

======================================================================
🚀 Epoch 106/200
======================================================================
📚 开始训练阶段...
训练进度: 500/3164 损失=0.0043
训练进度: 1000/3164 损失=0.0157
训练进度: 1500/3164 损失=0.0063
训练进度: 2000/3164 损失=0.0024
训练进度: 2500/3164 损失=0.0033
训练进度: 3000/3164 损失=0.0028
训练进度: 3164/3164 损失=0.0044
✅ 训练完成，耗时: 57.4秒 (1.0分钟)

============================================================
📊 验证决策: Epoch 106/200
   验证间隔: 1
   是否验证: ✅ 是
   原因: 达到验证间隔 (0 == 0)
============================================================

🔍 开始验证...
验证进度: 500/686 损失=0.5856
验证进度: 686/686 损失=0.7883

📊 预测分布分析:
  - 预测的前5个类别: {np.int64(0): 282765, np.int64(1): 37116, np.int64(2): 14803, np.int64(3): 10901, np.int64(4): 8936}
  - 标签的前5个类别: {np.int64(0): 281232, np.int64(1): 36731, np.int64(2): 14789, np.int64(3): 10866, np.int64(4): 8585}
✅ 验证完成，耗时: 4.8秒 (0.1分钟)
训练损失: 0.0069
验证损失: 0.5085
验证准确率: 0.9662 (10593/10964) - 与Levenshtein高度相关
验证F1(加权): 0.9652 - 类别平衡更好
学习率: 0.000046
显存使用: 0.47GB (预留: 0.69GB)

生成的训练样本:
--------------------------------------------------------------------------------
输入:       >PJHWN W>MRW MRJ> HW >LH> MRJ> HW
目标:     0 54 2 1 0 0 0 0 1 0 0 3 0 0 0 0 0 2 0 0 0 0 0 0 4 0 0 0 0 0 2 0 0 0
预测:     0 54 2 1 0 0 0 0 1 0 0 3 0 0 0 0 0 2 0 0 0 0 0 0 4 0 0 0 0 0 2 0 0 0
准确率:    1.0000 (34/34)
----------------------------------------
输入:       DMJT> >N> <L >TR> HN> W>TJBW LMLK>
目标:     0 1 68 0 10 7 0 0 0 0 0 0 0 0 0 0 4 0 0 0 0 0 0 1 17 20 0 33 0 0 1 0 0 4 0
预测:     0 1 68 0 10 7 0 0 0 0 0 0 0 0 0 0 4 0 0 0 0 0 0 1 17 20 0 33 0 0 1 0 0 4 0
准确率:    1.0000 (35/35)
----------------------------------------
输入:       TCRJ >M> DCNT> >WLD LN TCRJ >XRT>
目标:     0 0 0 0 2 0 0 4 0 0 1 0 13 9 0 6 50 0 0 3 0 1 0 0 0 0 0 2 0 0 0 126 9 0
预测:     0 0 0 0 2 0 0 4 0 0 1 0 13 9 0 6 50 0 0 3 0 1 0 0 0 0 0 2 0 0 0 126 9 0
准确率:    1.0000 (34/34)
----------------------------------------

生成的验证样本:
--------------------------------------------------------------------------------
输入:       YBJNH D>LH> LMSV> MN KL DBJC WKLJ
目标:     0 0 0 0 5 0 0 1 0 0 4 0 0 1 6 0 10 7 0 0 0 0 0 2 0 1 0 0 2 0 36 0 0 3
预测:     0 0 0 0 5 0 0 1 0 0 4 0 0 1 6 0 10 7 0 0 0 0 0 2 0 1 0 0 2 0 36 0 0 3
准确率:    1.0000 (34/34)
----------------------------------------
输入:       D>LH> LMSV> MN KL DBJC WKLJ XJLK
目标:     0 1 0 0 4 0 0 1 6 0 10 7 0 0 0 0 0 2 0 1 0 0 2 0 36 0 0 3 0 0 0 5 0
预测:     0 1 0 0 4 0 0 1 6 0 10 7 0 0 0 0 0 2 0 1 0 0 2 0 36 0 0 3 0 0 0 5 0
准确率:    1.0000 (33/33)
----------------------------------------
⏳ 验证无提升 (验证准确率: 0.9662 ≤ 0.9665)，patience: 30/50

======================================================================
🚀 Epoch 107/200
======================================================================
📚 开始训练阶段...
训练进度: 500/3164 损失=0.0005
训练进度: 1000/3164 损失=0.0012
训练进度: 1500/3164 损失=0.0051
训练进度: 2000/3164 损失=0.0144
训练进度: 2500/3164 损失=0.0050
训练进度: 3000/3164 损失=0.0018
训练进度: 3164/3164 损失=0.0009
✅ 训练完成，耗时: 57.3秒 (1.0分钟)

============================================================
📊 验证决策: Epoch 107/200
   验证间隔: 1
   是否验证: ✅ 是
   原因: 达到验证间隔 (0 == 0)
============================================================

🔍 开始验证...
验证进度: 500/686 损失=0.4519
验证进度: 686/686 损失=0.9386

📊 预测分布分析:
  - 预测的前5个类别: {np.int64(0): 282809, np.int64(1): 37080, np.int64(2): 14736, np.int64(3): 10622, np.int64(4): 8858}
  - 标签的前5个类别: {np.int64(0): 281232, np.int64(1): 36731, np.int64(2): 14789, np.int64(3): 10866, np.int64(4): 8585}
✅ 验证完成，耗时: 4.8秒 (0.1分钟)
训练损失: 0.0066
验证损失: 0.5052
验证准确率: 0.9661 (10591/10964) - 与Levenshtein高度相关
验证F1(加权): 0.9652 - 类别平衡更好
学习率: 0.000045
显存使用: 0.47GB (预留: 0.69GB)

生成的训练样本:
--------------------------------------------------------------------------------
输入:       LMTXZJW L>XB WKPN> <CN BCMRJN WQR> >XB
目标:     0 1 21 14 0 0 7 0 0 1 0 0 2 0 1 0 0 4 0 0 0 0 3 0 1 0 0 0 0 2 0 1 0 10 3 0 0 0 2
预测:     0 1 21 14 0 0 7 0 0 1 0 0 2 0 1 0 0 4 0 0 0 0 3 0 1 0 0 0 0 2 0 1 0 10 3 0 0 0 2
准确率:    1.0000 (39/39)
----------------------------------------
输入:       WHLK BKLHJN >WRXTH D>S> >BWHJ WL> SV>
目标:     0 1 0 0 16 0 1 0 5 0 0 0 0 0 0 0 2 32 0 0 1 0 0 2 0 0 8 5 0 0 0 1 0 0 0 0 10 3
预测:     0 1 0 0 16 0 1 0 5 0 0 0 0 0 0 0 2 32 0 0 1 0 0 2 0 0 8 5 0 0 0 1 0 0 0 0 10 3
准确率:    1.0000 (38/38)
----------------------------------------
输入:       XKMTKWN WSWKLKWN L<JN <MM> DNCM<WN HLJN KLHWN
目标:     0 0 0 13 1 0 0 0 0 1 0 0 0 5 0 0 0 0 1 0 0 2 0 0 8 30 0 0 1 6 0 0 3 0 0 0 0 0 0 0 0 0 5 0 0 0
预测:     0 0 0 13 1 0 0 0 0 1 0 0 0 5 0 0 0 0 1 0 0 2 0 0 8 30 0 0 1 6 0 0 3 0 0 0 0 0 0 0 0 0 5 0 0 0
准确率:    1.0000 (46/46)
----------------------------------------

生成的验证样本:
--------------------------------------------------------------------------------
输入:       YBJNH D>LH> LMSV> MN KL DBJC WKLJ
目标:     0 0 0 0 5 0 0 1 0 0 4 0 0 1 6 0 10 7 0 0 0 0 0 2 0 1 0 0 2 0 36 0 0 3
预测:     0 0 0 0 5 0 0 1 0 0 4 0 0 1 6 0 10 7 0 0 0 0 0 2 0 1 0 0 2 0 36 0 0 3
准确率:    1.0000 (34/34)
----------------------------------------
输入:       D>LH> LMSV> MN KL DBJC WKLJ XJLK
目标:     0 1 0 0 4 0 0 1 6 0 10 7 0 0 0 0 0 2 0 1 0 0 2 0 36 0 0 3 0 0 0 5 0
预测:     0 1 0 0 4 0 0 1 6 0 10 7 0 0 0 0 0 2 0 1 0 0 2 0 36 0 0 3 0 0 0 5 0
准确率:    1.0000 (33/33)
----------------------------------------
⏳ 验证无提升 (验证准确率: 0.9661 ≤ 0.9665)，patience: 31/50

======================================================================
🚀 Epoch 108/200
======================================================================
📚 开始训练阶段...
训练进度: 500/3164 损失=0.0004
训练进度: 1000/3164 损失=0.0002
训练进度: 1500/3164 损失=0.0053
训练进度: 2000/3164 损失=0.0011
训练进度: 2500/3164 损失=0.0156
训练进度: 3000/3164 损失=0.0036
训练进度: 3164/3164 损失=0.0051
✅ 训练完成，耗时: 57.5秒 (1.0分钟)

============================================================
📊 验证决策: Epoch 108/200
   验证间隔: 1
   是否验证: ✅ 是
   原因: 达到验证间隔 (0 == 0)
============================================================

🔍 开始验证...
验证进度: 500/686 损失=0.6572
验证进度: 686/686 损失=1.0170

📊 预测分布分析:
  - 预测的前5个类别: {np.int64(0): 283095, np.int64(1): 37146, np.int64(2): 14816, np.int64(3): 10748, np.int64(4): 8696}
  - 标签的前5个类别: {np.int64(0): 281232, np.int64(1): 36731, np.int64(2): 14789, np.int64(3): 10866, np.int64(4): 8585}
✅ 验证完成，耗时: 4.8秒 (0.1分钟)
训练损失: 0.0063
验证损失: 0.5161
验证准确率: 0.9660 (10591/10964) - 与Levenshtein高度相关
验证F1(加权): 0.9651 - 类别平衡更好
学习率: 0.000045
显存使用: 0.48GB (预留: 0.69GB)

生成的训练样本:
--------------------------------------------------------------------------------
输入:       HJDJN BN> CLJMWN <LT> LKMWC DXLT> DMW>B
目标:     0 0 0 0 0 0 0 0 10 3 0 0 0 0 0 0 2 0 0 70 9 0 0 1 0 0 0 2 0 0 0 13 9 0 0 1 0 0 0 2
预测:     0 0 0 0 0 0 0 0 10 3 0 0 0 0 0 0 2 0 0 70 9 0 0 1 0 0 0 2 0 0 0 13 9 0 0 1 0 0 0 2
准确率:    1.0000 (40/40)
----------------------------------------
输入:       >XWK BRHDD W>MR ZLW DWBRWHJ WNPQ LWTH
目标:     0 0 8 5 0 0 0 0 0 0 2 0 1 0 0 3 21 0 3 0 6 8 0 0 3 1 0 0 0 1 0 0 3 0 0 0 1 0
预测:     0 0 8 5 0 0 0 0 0 0 2 0 1 0 0 3 21 0 3 0 6 8 0 0 3 1 0 0 0 1 0 0 3 0 0 0 1 0
准确率:    1.0000 (38/38)
----------------------------------------
输入:       W>MR >P LH QWVLWHJ WQVLWHJ BMRKBTH BMSQN>
目标:     0 1 0 0 3 0 0 0 0 1 0 6 8 0 0 3 1 0 0 0 1 0 0 3 1 0 0 0 1 0 0 0 13 1 0 0 1 0 0 0 4 0
预测:     0 1 0 0 3 0 0 0 0 1 0 6 8 0 0 3 1 0 0 0 1 0 0 3 1 0 0 0 1 0 0 0 13 1 0 0 1 0 0 0 4 0
准确率:    1.0000 (42/42)
----------------------------------------

生成的验证样本:
--------------------------------------------------------------------------------
输入:       YBJNH D>LH> LMSV> MN KL DBJC WKLJ
目标:     0 0 0 0 5 0 0 1 0 0 4 0 0 1 6 0 10 7 0 0 0 0 0 2 0 1 0 0 2 0 36 0 0 3
预测:     0 0 0 0 5 0 0 1 0 0 4 0 0 1 6 0 10 7 0 0 0 0 0 2 0 1 0 0 2 0 36 0 0 3
准确率:    1.0000 (34/34)
----------------------------------------
输入:       D>LH> LMSV> MN KL DBJC WKLJ XJLK
目标:     0 1 0 0 4 0 0 1 6 0 10 7 0 0 0 0 0 2 0 1 0 0 2 0 36 0 0 3 0 0 0 5 0
预测:     0 1 0 0 4 0 0 1 6 0 10 7 0 0 0 0 0 2 0 1 0 0 2 0 36 0 0 3 0 0 0 5 0
准确率:    1.0000 (33/33)
----------------------------------------
⏳ 验证无提升 (验证准确率: 0.9660 ≤ 0.9665)，patience: 32/50

======================================================================
🚀 Epoch 109/200
======================================================================
📚 开始训练阶段...
训练进度: 500/3164 损失=0.0108
训练进度: 1000/3164 损失=0.0094
训练进度: 1500/3164 损失=0.0007
训练进度: 2000/3164 损失=0.0010
训练进度: 2500/3164 损失=0.0007
训练进度: 3000/3164 损失=0.0005
训练进度: 3164/3164 损失=0.0052
✅ 训练完成，耗时: 57.3秒 (1.0分钟)

============================================================
📊 验证决策: Epoch 109/200
   验证间隔: 1
   是否验证: ✅ 是
   原因: 达到验证间隔 (0 == 0)
============================================================

🔍 开始验证...
验证进度: 500/686 损失=0.5541
验证进度: 686/686 损失=0.9738

📊 预测分布分析:
  - 预测的前5个类别: {np.int64(0): 282909, np.int64(1): 37016, np.int64(2): 14647, np.int64(3): 10683, np.int64(4): 8928}
  - 标签的前5个类别: {np.int64(0): 281232, np.int64(1): 36731, np.int64(2): 14789, np.int64(3): 10866, np.int64(4): 8585}
✅ 验证完成，耗时: 4.8秒 (0.1分钟)
训练损失: 0.0065
验证损失: 0.5152
验证准确率: 0.9665 (10596/10964) - 与Levenshtein高度相关
验证F1(加权): 0.9656 - 类别平衡更好
学习率: 0.000044
显存使用: 0.48GB (预留: 0.69GB)

生成的训练样本:
--------------------------------------------------------------------------------
输入:       >TW >JK BSM> HNWN TWB DJHBT MLKT
目标:     0 0 18 0 0 0 0 0 0 0 0 11 0 0 0 0 0 12 0 0 0 0 0 1 0 0 3 26 0 0 0 13 0
预测:     0 0 18 0 0 0 0 0 0 0 0 11 0 0 0 0 0 12 0 0 0 0 0 1 0 0 3 26 0 0 0 13 0
准确率:    1.0000 (33/33)
----------------------------------------
输入:       DNPQT BH MN MYRJN KLHWN JWMJ XJJK
目标:     0 1 0 0 3 12 0 1 0 0 0 0 0 0 0 0 0 2 0 0 5 0 0 0 0 0 0 2 0 0 0 322 1 0
预测:     0 1 0 0 3 12 0 1 0 0 0 0 0 0 0 0 0 2 0 0 5 0 0 0 0 0 0 2 0 0 0 322 1 0
准确率:    1.0000 (34/34)
----------------------------------------
输入:       <M BJTH DNDWB<JL DHWJW GD<WN >JK KLH
目标:     0 0 0 0 0 0 5 0 0 1 0 0 0 0 0 0 2 0 1 0 99 0 0 0 0 0 0 0 2 0 0 0 0 0 0 5 12
预测:     0 0 0 0 0 0 5 0 0 1 0 0 0 0 0 0 2 0 1 0 99 0 0 0 0 0 0 0 2 0 0 0 0 0 0 5 12
准确率:    1.0000 (37/37)
----------------------------------------

生成的验证样本:
--------------------------------------------------------------------------------
输入:       YBJNH D>LH> LMSV> MN KL DBJC WKLJ
目标:     0 0 0 0 5 0 0 1 0 0 4 0 0 1 6 0 10 7 0 0 0 0 0 2 0 1 0 0 2 0 36 0 0 3
预测:     0 0 0 0 5 0 0 1 0 0 4 0 0 1 6 0 10 7 0 0 0 0 0 2 0 1 0 0 2 0 36 0 0 3
准确率:    1.0000 (34/34)
----------------------------------------
输入:       D>LH> LMSV> MN KL DBJC WKLJ XJLK
目标:     0 1 0 0 4 0 0 1 6 0 10 7 0 0 0 0 0 2 0 1 0 0 2 0 36 0 0 3 0 0 0 5 0
预测:     0 1 0 0 4 0 0 1 6 0 10 7 0 0 0 0 0 2 0 1 0 0 2 0 36 0 0 3 0 0 0 5 0
准确率:    1.0000 (33/33)
----------------------------------------
💾 保存新的最佳模型！验证准确率: 0.9665 (F1: 0.9656) (Epoch 109)

======================================================================
🚀 Epoch 110/200
======================================================================
📚 开始训练阶段...
训练进度: 500/3164 损失=0.0035
训练进度: 1000/3164 损失=0.0024
训练进度: 1500/3164 损失=0.0012
训练进度: 2000/3164 损失=0.0094
训练进度: 2500/3164 损失=0.0099
训练进度: 3000/3164 损失=0.0071
训练进度: 3164/3164 损失=0.0123
✅ 训练完成，耗时: 57.7秒 (1.0分钟)

============================================================
📊 验证决策: Epoch 110/200
   验证间隔: 1
   是否验证: ✅ 是
   原因: 达到验证间隔 (0 == 0)
============================================================

🔍 开始验证...
验证进度: 500/686 损失=0.6153
验证进度: 686/686 损失=0.8422

📊 预测分布分析:
  - 预测的前5个类别: {np.int64(0): 282617, np.int64(1): 37133, np.int64(2): 14768, np.int64(3): 10808, np.int64(4): 8726}
  - 标签的前5个类别: {np.int64(0): 281232, np.int64(1): 36731, np.int64(2): 14789, np.int64(3): 10866, np.int64(4): 8585}
✅ 验证完成，耗时: 4.8秒 (0.1分钟)
训练损失: 0.0061
验证损失: 0.5127
验证准确率: 0.9657 (10587/10964) - 与Levenshtein高度相关
验证F1(加权): 0.9649 - 类别平衡更好
学习率: 0.000043
显存使用: 0.47GB (预留: 0.69GB)

生成的训练样本:
--------------------------------------------------------------------------------
输入:       BT<NK >TKNCW <L MJ> DMGDW QNJN> WKSP>
目标:     0 1 0 0 0 2 0 0 14 0 0 3 19 0 0 0 0 24 9 0 0 1 0 0 0 2 0 0 0 0 4 0 0 1 0 0 4 0
预测:     0 1 0 0 0 2 0 0 14 0 0 3 19 0 0 0 0 24 9 0 0 1 0 0 0 2 0 0 0 0 4 0 0 1 0 0 4 0
准确率:    1.0000 (38/38)
----------------------------------------
输入:       >NTWN BMRJ> >LHKWN D>ZL QDMJKWN B>WRX> LMTQNW
目标:     0 0 0 0 0 0 0 1 0 0 0 2 0 0 0 5 0 0 0 0 1 0 0 7 0 0 0 2 1 0 0 0 0 1 0 0 0 4 0 0 1 28 0 0 7 0
预测:     0 0 0 0 0 0 0 1 0 0 0 2 0 0 0 5 0 0 0 0 1 0 0 7 0 0 0 2 1 0 0 0 0 1 0 0 0 4 0 0 1 28 0 0 7 0
准确率:    1.0000 (46/46)
----------------------------------------
输入:       KLHJN >P XJWT> DDBR> WYPR> DBCMJ> WNWN>
目标:     0 0 5 0 0 0 0 0 0 0 0 0 13 9 0 0 1 0 0 15 0 0 1 0 0 11 0 0 1 1 0 24 9 0 0 1 0 0 30 0
预测:     0 0 5 0 0 0 0 0 0 0 0 0 13 9 0 0 1 0 0 15 0 0 1 0 0 11 0 0 1 1 0 24 9 0 0 1 0 0 30 0
准确率:    1.0000 (40/40)
----------------------------------------

生成的验证样本:
--------------------------------------------------------------------------------
输入:       YBJNH D>LH> LMSV> MN KL DBJC WKLJ
目标:     0 0 0 0 5 0 0 1 0 0 4 0 0 1 6 0 10 7 0 0 0 0 0 2 0 1 0 0 2 0 36 0 0 3
预测:     0 0 0 0 5 0 0 1 0 0 4 0 0 1 6 0 10 7 0 0 0 0 0 2 0 1 0 0 2 0 36 0 0 3
准确率:    1.0000 (34/34)
----------------------------------------
输入:       D>LH> LMSV> MN KL DBJC WKLJ XJLK
目标:     0 1 0 0 4 0 0 1 6 0 10 7 0 0 0 0 0 2 0 1 0 0 2 0 36 0 0 3 0 0 0 5 0
预测:     0 1 0 0 4 0 0 1 6 0 10 7 0 0 0 0 0 2 0 1 0 0 2 0 36 0 0 3 0 0 0 5 0
准确率:    1.0000 (33/33)
----------------------------------------
⏳ 验证无提升 (验证准确率: 0.9657 ≤ 0.9665)，patience: 1/50

======================================================================
🚀 Epoch 111/200
======================================================================
📚 开始训练阶段...
训练进度: 500/3164 损失=0.0107
训练进度: 1000/3164 损失=0.0128
训练进度: 1500/3164 损失=0.0015
训练进度: 2000/3164 损失=0.0006
训练进度: 2500/3164 损失=0.0023
训练进度: 3000/3164 损失=0.0057
训练进度: 3164/3164 损失=0.0005
✅ 训练完成，耗时: 58.0秒 (1.0分钟)

============================================================
📊 验证决策: Epoch 111/200
   验证间隔: 1
   是否验证: ✅ 是
   原因: 达到验证间隔 (0 == 0)
============================================================

🔍 开始验证...
验证进度: 500/686 损失=0.6102
验证进度: 686/686 损失=0.7980

📊 预测分布分析:
  - 预测的前5个类别: {np.int64(0): 282956, np.int64(1): 37073, np.int64(2): 14798, np.int64(3): 10888, np.int64(4): 8955}
  - 标签的前5个类别: {np.int64(0): 281232, np.int64(1): 36731, np.int64(2): 14789, np.int64(3): 10866, np.int64(4): 8585}
✅ 验证完成，耗时: 4.8秒 (0.1分钟)
训练损失: 0.0061
验证损失: 0.5249
验证准确率: 0.9663 (10594/10964) - 与Levenshtein高度相关
验证F1(加权): 0.9653 - 类别平衡更好
学习率: 0.000042
显存使用: 0.47GB (预留: 0.69GB)

生成的训练样本:
--------------------------------------------------------------------------------
输入:       LCMJ> WQBL NBJWT> ><P> >LJC< WSGJ NSJWN>
目标:     0 1 0 24 9 0 0 1 0 0 16 0 0 0 0 2 9 0 0 0 0 4 0 0 0 0 0 0 2 0 1 0 0 13 0 0 0 0 0 11 0
预测:     0 1 0 24 9 0 0 1 0 0 16 0 0 0 0 2 9 0 0 0 0 4 0 0 0 0 0 0 2 0 1 0 0 13 0 0 0 0 0 11 0
准确率:    1.0000 (41/41)
----------------------------------------
输入:       DSN>> WKL PWR<NJN WL> >JK PWR<N> DB<LDBB>
目标:     0 1 0 0 4 0 0 1 0 2 0 0 0 0 0 2 0 0 0 1 0 0 0 0 0 0 0 0 0 0 0 4 0 0 1 0 0 0 0 0 4 0
预测:     0 1 0 0 4 0 0 1 0 2 0 0 0 0 0 2 0 0 0 1 0 0 0 0 0 0 0 0 0 0 0 4 0 0 1 0 0 0 0 0 4 0
准确率:    1.0000 (42/42)
----------------------------------------
输入:       WQR> MLK> LMHJMN> XD W>MR LH PN>
目标:     0 1 0 10 3 0 0 0 4 0 0 1 6 0 0 0 43 78 0 0 2 0 1 0 0 3 0 1 0 6 0 10 3
预测:     0 1 0 10 3 0 0 0 4 0 0 1 6 0 0 0 43 78 0 0 2 0 1 0 0 3 0 1 0 6 0 10 3
准确率:    1.0000 (33/33)
----------------------------------------

生成的验证样本:
--------------------------------------------------------------------------------
输入:       YBJNH D>LH> LMSV> MN KL DBJC WKLJ
目标:     0 0 0 0 5 0 0 1 0 0 4 0 0 1 6 0 10 7 0 0 0 0 0 2 0 1 0 0 2 0 36 0 0 3
预测:     0 0 0 0 5 0 0 1 0 0 4 0 0 1 6 0 10 7 0 0 0 0 0 2 0 1 0 0 2 0 36 0 0 3
准确率:    1.0000 (34/34)
----------------------------------------
输入:       D>LH> LMSV> MN KL DBJC WKLJ XJLK
目标:     0 1 0 0 4 0 0 1 6 0 10 7 0 0 0 0 0 2 0 1 0 0 2 0 36 0 0 3 0 0 0 5 0
预测:     0 1 0 0 4 0 0 1 6 0 10 7 0 0 0 0 0 2 0 1 0 0 2 0 36 0 0 3 0 0 0 5 0
准确率:    1.0000 (33/33)
----------------------------------------
⏳ 验证无提升 (验证准确率: 0.9663 ≤ 0.9665)，patience: 2/50

======================================================================
🚀 Epoch 112/200
======================================================================
📚 开始训练阶段...
训练进度: 500/3164 损失=0.0002
训练进度: 1000/3164 损失=0.0112
训练进度: 1500/3164 损失=0.0349
训练进度: 2000/3164 损失=0.0113
训练进度: 2500/3164 损失=0.0091
训练进度: 3000/3164 损失=0.0055
训练进度: 3164/3164 损失=0.0174
✅ 训练完成，耗时: 57.8秒 (1.0分钟)

============================================================
📊 验证决策: Epoch 112/200
   验证间隔: 1
   是否验证: ✅ 是
   原因: 达到验证间隔 (0 == 0)
============================================================

🔍 开始验证...
验证进度: 500/686 损失=0.6200
验证进度: 686/686 损失=0.9968

📊 预测分布分析:
  - 预测的前5个类别: {np.int64(0): 282796, np.int64(1): 37057, np.int64(2): 14760, np.int64(3): 10830, np.int64(4): 8894}
  - 标签的前5个类别: {np.int64(0): 281232, np.int64(1): 36731, np.int64(2): 14789, np.int64(3): 10866, np.int64(4): 8585}
✅ 验证完成，耗时: 4.8秒 (0.1分钟)
训练损失: 0.0059
验证损失: 0.5288
验证准确率: 0.9661 (10592/10964) - 与Levenshtein高度相关
验证F1(加权): 0.9652 - 类别平衡更好
学习率: 0.000041
显存使用: 0.48GB (预留: 0.69GB)

生成的训练样本:
--------------------------------------------------------------------------------
输入:       KKRJN DDHB> WJHB XZQJ> KLH KSP> D>CTKX
目标:     0 0 0 2 0 0 0 1 0 0 4 0 0 1 0 0 3 0 0 0 0 0 2 0 0 5 0 0 0 0 4 0 0 1 47 39 0 0 3
预测:     0 0 0 2 0 0 0 1 0 0 4 0 0 1 0 0 3 0 0 0 0 0 2 0 0 5 0 0 0 0 4 0 0 1 47 39 0 0 3
准确率:    1.0000 (39/39)
----------------------------------------
输入:       QVL> NQVLWN WL> LPTKR> NDXLWN WL> NZNWN
目标:     0 0 0 15 0 0 6 0 0 3 0 0 0 1 0 0 0 1 0 0 0 11 0 0 6 0 0 3 0 0 0 1 0 0 0 6 0 18 0 0
预测:     0 0 0 15 0 0 6 0 0 3 0 0 0 1 0 0 0 1 0 0 0 11 0 0 6 0 0 3 0 0 0 1 0 0 0 6 0 18 0 0
准确率:    1.0000 (40/40)
----------------------------------------
输入:       >JK D>MR MRJ> WMLK> >QJM LGNBR> DMLK>
目标:     0 0 0 0 0 1 0 0 3 0 0 0 0 2 0 1 0 0 4 0 0 17 20 0 3 0 1 0 0 0 4 0 0 1 0 0 4 0
预测:     0 0 0 0 0 1 0 0 3 0 0 0 0 2 0 1 0 0 4 0 0 17 20 0 3 0 1 0 0 0 4 0 0 1 0 0 4 0
准确率:    1.0000 (38/38)
----------------------------------------

生成的验证样本:
--------------------------------------------------------------------------------
输入:       YBJNH D>LH> LMSV> MN KL DBJC WKLJ
目标:     0 0 0 0 5 0 0 1 0 0 4 0 0 1 6 0 10 7 0 0 0 0 0 2 0 1 0 0 2 0 36 0 0 3
预测:     0 0 0 0 5 0 0 1 0 0 4 0 0 1 6 0 10 7 0 0 0 0 0 2 0 1 0 0 2 0 36 0 0 3
准确率:    1.0000 (34/34)
----------------------------------------
输入:       D>LH> LMSV> MN KL DBJC WKLJ XJLK
目标:     0 1 0 0 4 0 0 1 6 0 10 7 0 0 0 0 0 2 0 1 0 0 2 0 36 0 0 3 0 0 0 5 0
预测:     0 1 0 0 4 0 0 1 6 0 10 7 0 0 0 0 0 2 0 1 0 0 2 0 36 0 0 3 0 0 0 5 0
准确率:    1.0000 (33/33)
----------------------------------------
⏳ 验证无提升 (验证准确率: 0.9661 ≤ 0.9665)，patience: 3/50

======================================================================
🚀 Epoch 113/200
======================================================================
📚 开始训练阶段...
训练进度: 500/3164 损失=0.0079
训练进度: 1000/3164 损失=0.0063
训练进度: 1500/3164 损失=0.0053
训练进度: 2000/3164 损失=0.0008
训练进度: 2500/3164 损失=0.0044
训练进度: 3000/3164 损失=0.0101
训练进度: 3164/3164 损失=0.0004
✅ 训练完成，耗时: 57.4秒 (1.0分钟)

============================================================
📊 验证决策: Epoch 113/200
   验证间隔: 1
   是否验证: ✅ 是
   原因: 达到验证间隔 (0 == 0)
============================================================

🔍 开始验证...
验证进度: 500/686 损失=0.7086
验证进度: 686/686 损失=0.7826

📊 预测分布分析:
  - 预测的前5个类别: {np.int64(0): 282907, np.int64(1): 37144, np.int64(2): 14779, np.int64(3): 10821, np.int64(4): 8665}
  - 标签的前5个类别: {np.int64(0): 281232, np.int64(1): 36731, np.int64(2): 14789, np.int64(3): 10866, np.int64(4): 8585}
✅ 验证完成，耗时: 4.8秒 (0.1分钟)
训练损失: 0.0057
验证损失: 0.5254
验证准确率: 0.9659 (10590/10964) - 与Levenshtein高度相关
验证F1(加权): 0.9650 - 类别平衡更好
学习率: 0.000041
显存使用: 0.47GB (预留: 0.69GB)

生成的训练样本:
--------------------------------------------------------------------------------
输入:       DJHWD> W>QBLW >P> DXDD> BBJT CMC DJHWD>
目标:     0 1 0 0 0 0 2 0 1 17 0 0 3 0 0 54 11 0 0 1 0 0 0 0 0 1 0 0 2 0 0 0 62 0 1 0 0 0 0 2
预测:     0 1 0 0 0 0 2 0 1 17 0 0 3 0 0 54 11 0 0 1 0 0 0 0 0 1 0 0 2 0 0 0 62 0 1 0 0 0 0 2
准确率:    1.0000 (40/40)
----------------------------------------
输入:       <DW<JR D<L SPT> DNXL> D>RNWN WPLGH DVWR>
目标:     0 0 0 0 0 0 2 0 1 0 0 0 0 13 9 0 0 1 0 0 4 0 0 1 0 0 0 0 2 0 1 0 0 37 0 0 1 0 0 4 0
预测:     0 0 0 0 0 0 2 0 1 0 0 0 0 13 9 0 0 1 0 0 4 0 0 1 0 0 0 0 2 0 1 0 0 37 0 0 1 0 0 4 0
准确率:    1.0000 (41/41)
----------------------------------------
输入:       TMN TWB LCMRJN WJWRM BR >XB >MLK
目标:     0 0 0 0 0 0 0 0 0 1 0 0 0 0 2 0 1 0 0 0 2 0 0 2 0 0 0 2 0 17 0 0 33
预测:     0 0 0 0 0 0 0 0 0 1 0 0 0 0 2 0 1 0 0 0 2 0 0 2 0 0 0 2 0 17 0 0 33
准确率:    1.0000 (33/33)
----------------------------------------

生成的验证样本:
--------------------------------------------------------------------------------
输入:       YBJNH D>LH> LMSV> MN KL DBJC WKLJ
目标:     0 0 0 0 5 0 0 1 0 0 4 0 0 1 6 0 10 7 0 0 0 0 0 2 0 1 0 0 2 0 36 0 0 3
预测:     0 0 0 0 5 0 0 1 0 0 4 0 0 1 6 0 10 7 0 0 0 0 0 2 0 1 0 0 2 0 36 0 0 3
准确率:    1.0000 (34/34)
----------------------------------------
输入:       D>LH> LMSV> MN KL DBJC WKLJ XJLK
目标:     0 1 0 0 4 0 0 1 6 0 10 7 0 0 0 0 0 2 0 1 0 0 2 0 36 0 0 3 0 0 0 5 0
预测:     0 1 0 0 4 0 0 1 6 0 10 7 0 0 0 0 0 2 0 1 0 0 2 0 36 0 0 3 0 0 0 5 0
准确率:    1.0000 (33/33)
----------------------------------------
⏳ 验证无提升 (验证准确率: 0.9659 ≤ 0.9665)，patience: 4/50

======================================================================
🚀 Epoch 114/200
======================================================================
📚 开始训练阶段...
训练进度: 500/3164 损失=0.0020
训练进度: 1000/3164 损失=0.0053
训练进度: 1500/3164 损失=0.0024
训练进度: 2000/3164 损失=0.0093
训练进度: 2500/3164 损失=0.0101
训练进度: 3000/3164 损失=0.0092
训练进度: 3164/3164 损失=0.0032
✅ 训练完成，耗时: 57.6秒 (1.0分钟)

============================================================
📊 验证决策: Epoch 114/200
   验证间隔: 1
   是否验证: ✅ 是
   原因: 达到验证间隔 (0 == 0)
============================================================

🔍 开始验证...
验证进度: 500/686 损失=0.6814
验证进度: 686/686 损失=0.8572

📊 预测分布分析:
  - 预测的前5个类别: {np.int64(0): 283047, np.int64(1): 37131, np.int64(2): 14707, np.int64(3): 10765, np.int64(4): 8924}
  - 标签的前5个类别: {np.int64(0): 281232, np.int64(1): 36731, np.int64(2): 14789, np.int64(3): 10866, np.int64(4): 8585}
✅ 验证完成，耗时: 4.8秒 (0.1分钟)
训练损失: 0.0056
验证损失: 0.5307
验证准确率: 0.9661 (10592/10964) - 与Levenshtein高度相关
验证F1(加权): 0.9650 - 类别平衡更好
学习率: 0.000040
显存使用: 0.47GB (预留: 0.69GB)

生成的训练样本:
--------------------------------------------------------------------------------
输入:       XJWT> DNPC> >JT BHJN WMNHJN >P LWT
目标:     0 0 0 13 23 0 0 1 0 0 4 0 0 0 0 24 0 1 0 0 0 0 1 0 1 0 0 0 0 0 0 0 0 0 0
预测:     0 0 0 13 23 0 0 1 0 0 4 0 0 0 0 24 0 1 0 0 0 0 1 0 1 0 0 0 0 0 0 0 0 0 0
准确率:    1.0000 (35/35)
----------------------------------------
输入:       DM>T >N> >TKNCW LWTJ KLKWN RJC> DCBVJKWN
目标:     0 1 20 0 7 0 0 0 0 6 0 14 0 0 3 19 0 0 0 1 0 0 0 5 0 0 0 0 0 0 11 0 0 1 0 0 2 1 0 0 0
预测:     0 1 20 0 7 0 0 0 0 6 0 14 0 0 3 19 0 0 0 1 0 0 0 5 0 0 0 0 0 0 11 0 0 1 0 0 2 1 0 0 0
准确率:    1.0000 (41/41)
----------------------------------------
输入:       WMXWT> DZR<K MXWT> DRWRBN WMHJMNN WK>B> DBJCJN
目标:     0 1 0 0 13 23 0 0 1 0 0 5 0 0 0 0 13 23 0 0 1 0 0 0 2 0 0 1 6 0 0 0 7 19 0 1 0 0 11 0 0 1 0 0 2 0 0
预测:     0 1 0 0 13 23 0 0 1 0 0 5 0 0 0 0 13 23 0 0 1 0 0 0 2 0 0 1 6 0 0 0 7 19 0 1 0 0 11 0 0 1 0 0 2 0 0
准确率:    1.0000 (47/47)
----------------------------------------

生成的验证样本:
--------------------------------------------------------------------------------
输入:       YBJNH D>LH> LMSV> MN KL DBJC WKLJ
目标:     0 0 0 0 5 0 0 1 0 0 4 0 0 1 6 0 10 7 0 0 0 0 0 2 0 1 0 0 2 0 36 0 0 3
预测:     0 0 0 0 5 0 0 1 0 0 4 0 0 1 6 0 10 7 0 0 0 0 0 2 0 1 0 0 2 0 36 0 0 3
准确率:    1.0000 (34/34)
----------------------------------------
输入:       D>LH> LMSV> MN KL DBJC WKLJ XJLK
目标:     0 1 0 0 4 0 0 1 6 0 10 7 0 0 0 0 0 2 0 1 0 0 2 0 36 0 0 3 0 0 0 5 0
预测:     0 1 0 0 4 0 0 1 6 0 10 7 0 0 0 0 0 2 0 1 0 0 2 0 36 0 0 3 0 0 0 5 0
准确率:    1.0000 (33/33)
----------------------------------------
⏳ 验证无提升 (验证准确率: 0.9661 ≤ 0.9665)，patience: 5/50

======================================================================
🚀 Epoch 115/200
======================================================================
📚 开始训练阶段...
训练进度: 500/3164 损失=0.0008
训练进度: 1000/3164 损失=0.0103
训练进度: 1500/3164 损失=0.0130
训练进度: 2000/3164 损失=0.0009
训练进度: 2500/3164 损失=0.0046
训练进度: 3000/3164 损失=0.0018
训练进度: 3164/3164 损失=0.0046
✅ 训练完成，耗时: 57.5秒 (1.0分钟)

============================================================
📊 验证决策: Epoch 115/200
   验证间隔: 1
   是否验证: ✅ 是
   原因: 达到验证间隔 (0 == 0)
============================================================

🔍 开始验证...
验证进度: 500/686 损失=0.6038
验证进度: 686/686 损失=0.9812

📊 预测分布分析:
  - 预测的前5个类别: {np.int64(0): 283086, np.int64(1): 37070, np.int64(2): 14720, np.int64(3): 10856, np.int64(4): 8960}
  - 标签的前5个类别: {np.int64(0): 281232, np.int64(1): 36731, np.int64(2): 14789, np.int64(3): 10866, np.int64(4): 8585}
✅ 验证完成，耗时: 4.8秒 (0.1分钟)
训练损失: 0.0053
验证损失: 0.5301
验证准确率: 0.9665 (10596/10964) - 与Levenshtein高度相关
验证F1(加权): 0.9654 - 类别平衡更好
学习率: 0.000039
显存使用: 0.47GB (预留: 0.69GB)

生成的训练样本:
--------------------------------------------------------------------------------
输入:       <BDH DMRJ> C>LW BNJ >JSRJL BMRJ> W>MRJN
目标:     0 0 0 37 0 0 1 0 0 0 2 0 0 0 3 0 0 0 2 0 0 0 0 0 0 0 2 0 1 0 0 0 2 0 1 0 0 7 0 0
预测:     0 0 0 37 0 0 1 0 0 0 2 0 0 0 3 0 0 0 2 0 0 0 0 0 0 0 2 0 1 0 0 0 2 0 1 0 0 7 0 0
准确率:    1.0000 (40/40)
----------------------------------------
输入:       KLHWN BNJNC> BLXWD >L> >P LWT KLHJN
目标:     0 0 5 0 0 0 0 0 2 75 0 4 0 0 1 0 0 0 2 0 0 0 0 0 0 0 0 0 0 0 0 0 5 0 0 0
预测:     0 0 5 0 0 0 0 0 2 75 0 4 0 0 1 0 0 0 2 0 0 0 0 0 0 0 0 0 0 0 0 0 5 0 0 0
准确率:    1.0000 (36/36)
----------------------------------------
输入:       >MWN KD >MLK WTRTJN CNJN >MLK B>WRCLM
目标:     0 0 0 0 2 0 0 0 0 17 0 0 33 0 1 0 2 0 0 0 0 0 13 0 0 0 17 0 0 33 0 1 0 0 0 0 0 2
预测:     0 0 0 0 2 0 0 0 0 17 0 0 33 0 1 0 2 0 0 0 0 0 13 0 0 0 17 0 0 33 0 1 0 0 0 0 0 2
准确率:    1.0000 (38/38)
----------------------------------------

生成的验证样本:
--------------------------------------------------------------------------------
输入:       YBJNH D>LH> LMSV> MN KL DBJC WKLJ
目标:     0 0 0 0 5 0 0 1 0 0 4 0 0 1 6 0 10 7 0 0 0 0 0 2 0 1 0 0 2 0 36 0 0 3
预测:     0 0 0 0 5 0 0 1 0 0 4 0 0 1 6 0 10 7 0 0 0 0 0 2 0 1 0 0 2 0 36 0 0 3
准确率:    1.0000 (34/34)
----------------------------------------
输入:       D>LH> LMSV> MN KL DBJC WKLJ XJLK
目标:     0 1 0 0 4 0 0 1 6 0 10 7 0 0 0 0 0 2 0 1 0 0 2 0 36 0 0 3 0 0 0 5 0
预测:     0 1 0 0 4 0 0 1 6 0 10 7 0 0 0 0 0 2 0 1 0 0 2 0 36 0 0 3 0 0 0 5 0
准确率:    1.0000 (33/33)
----------------------------------------
⏳ 验证无提升 (验证准确率: 0.9665 ≤ 0.9665)，patience: 6/50

======================================================================
🚀 Epoch 116/200
======================================================================
📚 开始训练阶段...
训练进度: 500/3164 损失=0.0042
训练进度: 1000/3164 损失=0.0013
训练进度: 1500/3164 损失=0.0008
训练进度: 2000/3164 损失=0.0073
训练进度: 2500/3164 损失=0.0005
训练进度: 3000/3164 损失=0.0092
训练进度: 3164/3164 损失=0.0036
✅ 训练完成，耗时: 57.8秒 (1.0分钟)

============================================================
📊 验证决策: Epoch 116/200
   验证间隔: 1
   是否验证: ✅ 是
   原因: 达到验证间隔 (0 == 0)
============================================================

🔍 开始验证...
验证进度: 500/686 损失=0.4947
验证进度: 686/686 损失=0.8826

📊 预测分布分析:
  - 预测的前5个类别: {np.int64(0): 282992, np.int64(1): 37102, np.int64(2): 14768, np.int64(3): 10586, np.int64(4): 8870}
  - 标签的前5个类别: {np.int64(0): 281232, np.int64(1): 36731, np.int64(2): 14789, np.int64(3): 10866, np.int64(4): 8585}
✅ 验证完成，耗时: 4.8秒 (0.1分钟)
训练损失: 0.0053
验证损失: 0.5392
验证准确率: 0.9661 (10592/10964) - 与Levenshtein高度相关
验证F1(加权): 0.9651 - 类别平衡更好
学习率: 0.000038
显存使用: 0.47GB (预留: 0.69GB)

生成的训练样本:
--------------------------------------------------------------------------------
输入:       >N GJR T<BDWN HLJN HKN> >MJN>JT MTDKR
目标:     0 0 0 0 0 0 0 0 6 0 0 3 0 0 0 0 0 0 0 0 0 0 0 0 0 0 0 0 0 0 0 0 0 21 14 0 0 41
预测:     0 0 0 0 0 0 0 0 6 0 0 3 0 0 0 0 0 0 0 0 0 0 0 0 0 0 0 0 0 0 0 0 0 21 14 0 0 41
准确率:    1.0000 (38/38)
----------------------------------------
输入:       HNWN WQR>WHJ NXCTN WBMRJ> >LH> D>JSRJL SBR
目标:     0 0 0 0 12 0 1 0 10 3 1 0 0 0 0 0 0 0 2 0 1 1 0 0 0 2 0 0 0 4 0 0 1 0 0 0 0 0 2 0 0 0 16
预测:     0 0 0 0 12 0 1 0 10 3 1 0 0 0 0 0 0 0 2 0 1 1 0 0 0 2 0 0 0 4 0 0 1 0 0 0 0 0 2 0 0 0 16
准确率:    1.0000 (43/43)
----------------------------------------
输入:       WLMQM L> MCKXJN WPKJH BPWMHWN V<M> DMXCBTHWN
目标:     0 1 1 6 31 7 0 0 0 0 28 0 0 7 0 0 0 1 0 8 0 40 0 1 0 0 5 0 0 0 0 0 0 4 0 0 1 0 0 0 13 32 0 0 0
预测:     0 1 1 6 31 7 0 0 0 0 28 0 0 7 0 0 0 1 0 8 0 40 0 1 0 0 5 0 0 0 0 0 0 4 0 0 1 0 0 0 13 32 0 0 0
准确率:    1.0000 (45/45)
----------------------------------------

生成的验证样本:
--------------------------------------------------------------------------------
输入:       YBJNH D>LH> LMSV> MN KL DBJC WKLJ
目标:     0 0 0 0 5 0 0 1 0 0 4 0 0 1 6 0 10 7 0 0 0 0 0 2 0 1 0 0 2 0 36 0 0 3
预测:     0 0 0 0 5 0 0 1 0 0 4 0 0 1 6 0 10 7 0 0 0 0 0 2 0 1 0 0 2 0 36 0 0 3
准确率:    1.0000 (34/34)
----------------------------------------
输入:       D>LH> LMSV> MN KL DBJC WKLJ XJLK
目标:     0 1 0 0 4 0 0 1 6 0 10 7 0 0 0 0 0 2 0 1 0 0 2 0 36 0 0 3 0 0 0 5 0
预测:     0 1 0 0 4 0 0 1 6 0 10 7 0 0 0 0 0 2 0 1 0 0 2 0 36 0 0 3 0 0 0 5 0
准确率:    1.0000 (33/33)
----------------------------------------
⏳ 验证无提升 (验证准确率: 0.9661 ≤ 0.9665)，patience: 7/50

======================================================================
🚀 Epoch 117/200
======================================================================
📚 开始训练阶段...
训练进度: 500/3164 损失=0.0015
训练进度: 1000/3164 损失=0.0004
训练进度: 1500/3164 损失=0.0002
训练进度: 2000/3164 损失=0.0005
训练进度: 2500/3164 损失=0.0003
训练进度: 3000/3164 损失=0.0006
训练进度: 3164/3164 损失=0.0107
✅ 训练完成，耗时: 57.8秒 (1.0分钟)

============================================================
📊 验证决策: Epoch 117/200
   验证间隔: 1
   是否验证: ✅ 是
   原因: 达到验证间隔 (0 == 0)
============================================================

🔍 开始验证...
验证进度: 500/686 损失=0.6172
验证进度: 686/686 损失=0.9653

📊 预测分布分析:
  - 预测的前5个类别: {np.int64(0): 283144, np.int64(1): 37086, np.int64(2): 14784, np.int64(3): 10743, np.int64(4): 8922}
  - 标签的前5个类别: {np.int64(0): 281232, np.int64(1): 36731, np.int64(2): 14789, np.int64(3): 10866, np.int64(4): 8585}
✅ 验证完成，耗时: 4.8秒 (0.1分钟)
训练损失: 0.0050
验证损失: 0.5448
验证准确率: 0.9664 (10595/10964) - 与Levenshtein高度相关
验证F1(加权): 0.9652 - 类别平衡更好
学习率: 0.000038
显存使用: 0.47GB (预留: 0.69GB)

生成的训练样本:
--------------------------------------------------------------------------------
输入:       MN KNRT W<DM> LJM> D<RB> JM> DMLX>
目标:     0 0 0 0 0 0 0 2 0 1 0 0 0 0 0 1 0 4 0 0 1 0 0 0 2 0 0 4 0 0 1 0 0 4 0
预测:     0 0 0 0 0 0 0 2 0 1 0 0 0 0 0 1 0 4 0 0 1 0 0 0 2 0 0 4 0 0 1 0 0 4 0
准确率:    1.0000 (35/35)
----------------------------------------
输入:       HKN> GBR> DLJT LH >NTT> B>TR DNCTKX
目标:     0 0 0 0 0 0 0 0 4 0 0 1 58 0 24 0 1 0 0 0 0 13 9 0 0 1 0 0 2 0 1 45 39 0 0 3
预测:     0 0 0 0 0 0 0 0 4 0 0 1 58 0 24 0 1 0 0 0 0 13 9 0 0 1 0 0 2 0 1 45 39 0 0 3
准确率:    1.0000 (36/36)
----------------------------------------
输入:       WMXBL> NPCT> DBNJNC> SJP> DTRJN PWMWHJ ZNJT>
目标:     0 1 6 0 0 7 0 0 0 0 2 23 0 0 1 0 2 75 0 4 0 0 0 0 4 0 0 1 0 2 0 12 0 0 0 25 1 0 0 0 0 0 13 9 0
预测:     0 1 6 0 0 7 0 0 0 0 2 23 0 0 1 0 2 75 0 4 0 0 0 0 4 0 0 1 0 2 0 12 0 0 0 25 1 0 0 0 0 0 13 9 0
准确率:    1.0000 (45/45)
----------------------------------------

生成的验证样本:
--------------------------------------------------------------------------------
输入:       YBJNH D>LH> LMSV> MN KL DBJC WKLJ
目标:     0 0 0 0 5 0 0 1 0 0 4 0 0 1 6 0 10 7 0 0 0 0 0 2 0 1 0 0 2 0 36 0 0 3
预测:     0 0 0 0 5 0 0 1 0 0 4 0 0 1 6 0 10 7 0 0 0 0 0 2 0 1 0 0 2 0 36 0 0 3
准确率:    1.0000 (34/34)
----------------------------------------
输入:       D>LH> LMSV> MN KL DBJC WKLJ XJLK
目标:     0 1 0 0 4 0 0 1 6 0 10 7 0 0 0 0 0 2 0 1 0 0 2 0 36 0 0 3 0 0 0 5 0
预测:     0 1 0 0 4 0 0 1 6 0 10 7 0 0 0 0 0 2 0 1 0 0 2 0 36 0 0 3 0 0 0 5 0
准确率:    1.0000 (33/33)
----------------------------------------
⏳ 验证无提升 (验证准确率: 0.9664 ≤ 0.9665)，patience: 8/50

======================================================================
🚀 Epoch 118/200
======================================================================
📚 开始训练阶段...
训练进度: 500/3164 损失=0.0022
训练进度: 1000/3164 损失=0.0017
训练进度: 1500/3164 损失=0.0105
训练进度: 2000/3164 损失=0.0058
训练进度: 2500/3164 损失=0.0057
训练进度: 3000/3164 损失=0.0091
训练进度: 3164/3164 损失=0.0159
✅ 训练完成，耗时: 57.6秒 (1.0分钟)

============================================================
📊 验证决策: Epoch 118/200
   验证间隔: 1
   是否验证: ✅ 是
   原因: 达到验证间隔 (0 == 0)
============================================================

🔍 开始验证...
验证进度: 500/686 损失=0.5280
验证进度: 686/686 损失=1.2599

📊 预测分布分析:
  - 预测的前5个类别: {np.int64(0): 283012, np.int64(1): 37136, np.int64(2): 14729, np.int64(3): 10715, np.int64(4): 9039}
  - 标签的前5个类别: {np.int64(0): 281232, np.int64(1): 36731, np.int64(2): 14789, np.int64(3): 10866, np.int64(4): 8585}
✅ 验证完成，耗时: 4.8秒 (0.1分钟)
训练损失: 0.0051
验证损失: 0.5501
验证准确率: 0.9660 (10591/10964) - 与Levenshtein高度相关
验证F1(加权): 0.9650 - 类别平衡更好
学习率: 0.000037
显存使用: 0.48GB (预留: 0.69GB)

生成的训练样本:
--------------------------------------------------------------------------------
输入:       XZWH DGBR> DSLQ L>WR<KWN W>MR LKWN ML>
目标:     0 0 0 5 0 0 1 0 0 4 0 0 1 0 0 3 0 1 0 0 0 5 0 0 0 0 1 0 0 3 0 1 0 0 0 0 0 61 0
预测:     0 0 0 5 0 0 1 0 0 4 0 0 1 0 0 3 0 1 0 0 0 5 0 0 0 0 1 0 0 3 0 1 0 0 0 0 0 61 0
准确率:    1.0000 (39/39)
----------------------------------------
输入:       XJLH L<NJN WLN >PQN MRJ> MN TMN
目标:     0 0 0 5 0 0 1 38 2 1 0 0 1 1 0 0 72 0 29 0 0 0 0 0 2 0 0 0 0 0 0 0
预测:     0 0 0 5 0 0 1 38 2 1 0 0 1 1 0 0 72 0 29 0 0 0 0 0 2 0 0 0 0 0 0 0
准确率:    1.0000 (32/32)
----------------------------------------
输入:       BKLJWM >TDKR MRJ> RXMJK DMN <LM WVJBWTK
目标:     0 1 0 5 0 0 2 6 0 14 0 0 3 0 0 0 0 2 0 0 0 22 1 0 0 1 0 0 0 0 0 2 0 1 0 0 0 2 32 0
预测:     0 1 0 5 0 0 2 6 0 14 0 0 3 0 0 0 0 2 0 0 0 22 1 0 0 1 0 0 0 0 0 2 0 1 0 0 0 2 32 0
准确率:    1.0000 (40/40)
----------------------------------------

生成的验证样本:
--------------------------------------------------------------------------------
输入:       YBJNH D>LH> LMSV> MN KL DBJC WKLJ
目标:     0 0 0 0 5 0 0 1 0 0 4 0 0 1 6 0 10 7 0 0 0 0 0 2 0 1 0 0 2 0 36 0 0 3
预测:     0 0 0 0 5 0 0 1 0 0 4 0 0 1 6 0 10 7 0 0 0 0 0 2 0 1 0 0 2 0 36 0 0 3
准确率:    1.0000 (34/34)
----------------------------------------
输入:       D>LH> LMSV> MN KL DBJC WKLJ XJLK
目标:     0 1 0 0 4 0 0 1 6 0 10 7 0 0 0 0 0 2 0 1 0 0 2 0 36 0 0 3 0 0 0 5 0
预测:     0 1 0 0 4 0 0 1 6 0 10 7 0 0 0 0 0 2 0 1 0 0 2 0 36 0 0 3 0 0 0 5 0
准确率:    1.0000 (33/33)
----------------------------------------
⏳ 验证无提升 (验证准确率: 0.9660 ≤ 0.9665)，patience: 9/50

======================================================================
🚀 Epoch 119/200
======================================================================
📚 开始训练阶段...
训练进度: 500/3164 损失=0.0005
训练进度: 1000/3164 损失=0.0023
训练进度: 1500/3164 损失=0.0014
训练进度: 2000/3164 损失=0.0004
训练进度: 2500/3164 损失=0.0011
训练进度: 3000/3164 损失=0.0005
训练进度: 3164/3164 损失=0.0019
✅ 训练完成，耗时: 57.3秒 (1.0分钟)

============================================================
📊 验证决策: Epoch 119/200
   验证间隔: 1
   是否验证: ✅ 是
   原因: 达到验证间隔 (0 == 0)
============================================================

🔍 开始验证...
验证进度: 500/686 损失=0.5798
验证进度: 686/686 损失=1.0172

📊 预测分布分析:
  - 预测的前5个类别: {np.int64(0): 282832, np.int64(1): 37125, np.int64(2): 14721, np.int64(3): 10691, np.int64(4): 8872}
  - 标签的前5个类别: {np.int64(0): 281232, np.int64(1): 36731, np.int64(2): 14789, np.int64(3): 10866, np.int64(4): 8585}
✅ 验证完成，耗时: 4.8秒 (0.1分钟)
训练损失: 0.0050
验证损失: 0.5489
验证准确率: 0.9659 (10590/10964) - 与Levenshtein高度相关
验证F1(加权): 0.9651 - 类别平衡更好
学习率: 0.000036
显存使用: 0.47GB (预留: 0.69GB)

生成的训练样本:
--------------------------------------------------------------------------------
输入:       <LJK WNRXMK WNSGJK >JK DJM> L>BHJK >N
目标:     0 0 8 1 0 0 1 6 0 0 29 0 0 1 28 0 0 29 0 0 0 0 0 0 1 0 10 3 0 1 0 8 2 1 0 0 0 0
预测:     0 0 8 1 0 0 1 6 0 0 29 0 0 1 28 0 0 29 0 0 0 0 0 0 1 0 10 3 0 1 0 8 2 1 0 0 0 0
准确率:    1.0000 (38/38)
----------------------------------------
输入:       J>JT CWPR> WNWRBJ NWRBJ ZJW> WHDR> SVW
目标:     0 0 57 2 0 0 0 0 0 4 0 0 1 0 0 0 2 46 0 0 0 0 2 0 0 0 0 4 0 0 1 0 0 4 0 6 0 18 0
预测:     0 0 57 2 0 0 0 0 0 4 0 0 1 0 0 0 2 46 0 0 0 0 2 0 0 0 0 4 0 0 1 0 0 4 0 6 0 18 0
准确率:    1.0000 (39/39)
----------------------------------------
输入:       <PR> <L >PJ RWX> W>JK SJN> DCWQ>
目标:     0 0 0 4 0 0 0 0 0 54 2 0 0 0 0 4 0 0 1 0 0 0 0 0 0 4 0 0 1 0 0 11 0
预测:     0 0 0 4 0 0 0 0 0 54 2 0 0 0 0 4 0 0 1 0 0 0 0 0 0 4 0 0 1 0 0 11 0
准确率:    1.0000 (33/33)
----------------------------------------

生成的验证样本:
--------------------------------------------------------------------------------
输入:       YBJNH D>LH> LMSV> MN KL DBJC WKLJ
目标:     0 0 0 0 5 0 0 1 0 0 4 0 0 1 6 0 10 7 0 0 0 0 0 2 0 1 0 0 2 0 36 0 0 3
预测:     0 0 0 0 5 0 0 1 0 0 4 0 0 1 6 0 10 7 0 0 0 0 0 2 0 1 0 0 2 0 36 0 0 3
准确率:    1.0000 (34/34)
----------------------------------------
输入:       D>LH> LMSV> MN KL DBJC WKLJ XJLK
目标:     0 1 0 0 4 0 0 1 6 0 10 7 0 0 0 0 0 2 0 1 0 0 2 0 36 0 0 3 0 0 0 5 0
预测:     0 1 0 0 4 0 0 1 6 0 10 7 0 0 0 0 0 2 0 1 0 0 2 0 36 0 0 3 0 0 0 5 0
准确率:    1.0000 (33/33)
----------------------------------------
⏳ 验证无提升 (验证准确率: 0.9659 ≤ 0.9665)，patience: 10/50

======================================================================
🚀 Epoch 120/200
======================================================================
📚 开始训练阶段...
训练进度: 500/3164 损失=0.0083
训练进度: 1000/3164 损失=0.0061
训练进度: 1500/3164 损失=0.0009
训练进度: 2000/3164 损失=0.0099
训练进度: 2500/3164 损失=0.0153
训练进度: 3000/3164 损失=0.0012
训练进度: 3164/3164 损失=0.0086
✅ 训练完成，耗时: 57.9秒 (1.0分钟)

============================================================
📊 验证决策: Epoch 120/200
   验证间隔: 1
   是否验证: ✅ 是
   原因: 达到验证间隔 (0 == 0)
============================================================

🔍 开始验证...
验证进度: 500/686 损失=0.6330
验证进度: 686/686 损失=0.9978

📊 预测分布分析:
  - 预测的前5个类别: {np.int64(0): 282900, np.int64(1): 37071, np.int64(2): 14777, np.int64(3): 10818, np.int64(4): 8882}
  - 标签的前5个类别: {np.int64(0): 281232, np.int64(1): 36731, np.int64(2): 14789, np.int64(3): 10866, np.int64(4): 8585}
✅ 验证完成，耗时: 4.9秒 (0.1分钟)
训练损失: 0.0047
验证损失: 0.5513
验证准确率: 0.9662 (10593/10964) - 与Levenshtein高度相关
验证F1(加权): 0.9652 - 类别平衡更好
学习率: 0.000035
显存使用: 0.47GB (预留: 0.69GB)

生成的训练样本:
--------------------------------------------------------------------------------
输入:       >NC RC> LHJN >MTJ DGJRN BNWKRJ> >W
目标:     0 0 0 2 0 0 10 7 0 1 0 0 0 0 0 0 0 0 0 1 20 0 7 0 0 1 0 0 0 0 11 0 0 0 0
预测:     0 0 0 2 0 0 10 7 0 1 0 0 0 0 0 0 0 0 0 1 20 0 7 0 0 1 0 0 0 0 11 0 0 0 0
准确率:    1.0000 (35/35)
----------------------------------------
输入:       LTWR> WSMH L<L MN QJS> W>MR MLW
目标:     0 1 0 0 4 0 0 1 31 29 0 0 0 0 0 0 0 0 0 0 0 11 0 0 1 0 0 3 6 0 18 0
预测:     0 1 0 0 4 0 0 1 31 29 0 0 0 0 0 0 0 0 0 0 0 11 0 0 1 0 0 3 6 0 18 0
准确率:    1.0000 (32/32)
----------------------------------------
输入:       BRWXQ> W>HMJT XJRK BZBN> D>WLYN> BCWBHRH DRCJ<>
目标:     0 1 0 0 0 4 0 0 1 17 0 0 3 12 0 0 0 5 0 0 1 0 0 11 0 0 1 0 0 0 0 4 0 0 1 0 0 0 0 5 0 0 1 0 0 0 4 0
预测:     0 1 0 0 0 4 0 0 1 17 0 0 3 12 0 0 0 5 0 0 1 0 0 11 0 0 1 0 0 0 0 4 0 0 1 0 0 0 0 5 0 0 1 0 0 0 4 0
准确率:    1.0000 (48/48)
----------------------------------------

生成的验证样本:
--------------------------------------------------------------------------------
输入:       YBJNH D>LH> LMSV> MN KL DBJC WKLJ
目标:     0 0 0 0 5 0 0 1 0 0 4 0 0 1 6 0 10 7 0 0 0 0 0 2 0 1 0 0 2 0 36 0 0 3
预测:     0 0 0 0 5 0 0 1 0 0 4 0 0 1 6 0 10 7 0 0 0 0 0 2 0 1 0 0 2 0 36 0 0 3
准确率:    1.0000 (34/34)
----------------------------------------
输入:       D>LH> LMSV> MN KL DBJC WKLJ XJLK
目标:     0 1 0 0 4 0 0 1 6 0 10 7 0 0 0 0 0 2 0 1 0 0 2 0 36 0 0 3 0 0 0 5 0
预测:     0 1 0 0 4 0 0 1 6 0 10 7 0 0 0 0 0 2 0 1 0 0 2 0 36 0 0 3 0 0 0 5 0
准确率:    1.0000 (33/33)
----------------------------------------
⏳ 验证无提升 (验证准确率: 0.9662 ≤ 0.9665)，patience: 11/50

======================================================================
🚀 Epoch 121/200
======================================================================
📚 开始训练阶段...
训练进度: 500/3164 损失=0.0063
训练进度: 1000/3164 损失=0.0003
训练进度: 1500/3164 损失=0.0064
训练进度: 2000/3164 损失=0.0016
训练进度: 2500/3164 损失=0.0110
训练进度: 3000/3164 损失=0.0009
训练进度: 3164/3164 损失=0.0018
✅ 训练完成，耗时: 57.5秒 (1.0分钟)

============================================================
📊 验证决策: Epoch 121/200
   验证间隔: 1
   是否验证: ✅ 是
   原因: 达到验证间隔 (0 == 0)
============================================================

🔍 开始验证...
验证进度: 500/686 损失=0.6867
验证进度: 686/686 损失=0.9697

📊 预测分布分析:
  - 预测的前5个类别: {np.int64(0): 282866, np.int64(1): 37086, np.int64(2): 14750, np.int64(3): 10824, np.int64(4): 8852}
  - 标签的前5个类别: {np.int64(0): 281232, np.int64(1): 36731, np.int64(2): 14789, np.int64(3): 10866, np.int64(4): 8585}
✅ 验证完成，耗时: 4.8秒 (0.1分钟)
训练损失: 0.0046
验证损失: 0.5533
验证准确率: 0.9665 (10596/10964) - 与Levenshtein高度相关
验证F1(加权): 0.9655 - 类别平衡更好
学习率: 0.000035
显存使用: 0.48GB (预留: 0.69GB)

生成的训练样本:
--------------------------------------------------------------------------------
输入:       W>MR LH >BWH D<LJMT> SMWK LBK W>TKRK
目标:     0 1 0 0 3 0 1 0 0 0 8 5 12 0 1 0 0 0 2 9 0 6 0 8 0 3 0 0 5 0 0 36 0 14 0 0 3
预测:     0 1 0 0 3 0 1 0 0 0 8 5 12 0 1 0 0 0 2 9 0 6 0 8 0 3 0 0 5 0 0 36 0 14 0 0 3
准确率:    1.0000 (37/37)
----------------------------------------
输入:       WRNJH DLBJ QDMJK MRJ> <DWRJ WPRWQJ N<NJK
目标:     0 1 0 0 37 0 0 1 0 5 0 0 0 0 2 1 0 0 0 0 0 2 0 0 0 0 5 0 0 1 0 0 0 5 0 0 6 0 0 29 0
预测:     0 1 0 0 37 0 0 1 0 5 0 0 0 0 2 1 0 0 0 0 0 2 0 0 0 0 5 0 0 1 0 0 0 5 0 0 6 0 0 29 0
准确率:    1.0000 (41/41)
----------------------------------------
输入:       TCRJ WTCRJ >MR GJR HKN> BMDRCH >W
目标:     0 0 0 0 2 0 1 0 0 0 2 0 0 0 7 0 0 0 0 0 0 0 0 0 0 1 6 0 0 163 0 0 0 0
预测:     0 0 0 0 2 0 1 0 0 0 2 0 0 0 7 0 0 0 0 0 0 0 0 0 0 1 6 0 0 163 0 0 0 0
准确率:    1.0000 (34/34)
----------------------------------------

生成的验证样本:
--------------------------------------------------------------------------------
输入:       YBJNH D>LH> LMSV> MN KL DBJC WKLJ
目标:     0 0 0 0 5 0 0 1 0 0 4 0 0 1 6 0 10 7 0 0 0 0 0 2 0 1 0 0 2 0 36 0 0 3
预测:     0 0 0 0 5 0 0 1 0 0 4 0 0 1 6 0 10 7 0 0 0 0 0 2 0 1 0 0 2 0 36 0 0 3
准确率:    1.0000 (34/34)
----------------------------------------
输入:       D>LH> LMSV> MN KL DBJC WKLJ XJLK
目标:     0 1 0 0 4 0 0 1 6 0 10 7 0 0 0 0 0 2 0 1 0 0 2 0 36 0 0 3 0 0 0 5 0
预测:     0 1 0 0 4 0 0 1 6 0 10 7 0 0 0 0 0 2 0 1 0 0 2 0 36 0 0 3 0 0 0 5 0
准确率:    1.0000 (33/33)
----------------------------------------
⏳ 验证无提升 (验证准确率: 0.9665 ≤ 0.9665)，patience: 12/50

======================================================================
🚀 Epoch 122/200
======================================================================
📚 开始训练阶段...
训练进度: 500/3164 损失=0.0100
训练进度: 1000/3164 损失=0.0048
训练进度: 1500/3164 损失=0.0014
训练进度: 2000/3164 损失=0.0015
训练进度: 2500/3164 损失=0.0060
训练进度: 3000/3164 损失=0.0002
训练进度: 3164/3164 损失=0.0004
✅ 训练完成，耗时: 57.7秒 (1.0分钟)

============================================================
📊 验证决策: Epoch 122/200
   验证间隔: 1
   是否验证: ✅ 是
   原因: 达到验证间隔 (0 == 0)
============================================================

🔍 开始验证...
验证进度: 500/686 损失=0.6227
验证进度: 686/686 损失=1.1088

📊 预测分布分析:
  - 预测的前5个类别: {np.int64(0): 283012, np.int64(1): 37141, np.int64(2): 14712, np.int64(3): 10664, np.int64(4): 9002}
  - 标签的前5个类别: {np.int64(0): 281232, np.int64(1): 36731, np.int64(2): 14789, np.int64(3): 10866, np.int64(4): 8585}
✅ 验证完成，耗时: 4.8秒 (0.1分钟)
训练损失: 0.0044
验证损失: 0.5578
验证准确率: 0.9664 (10595/10964) - 与Levenshtein高度相关
验证F1(加权): 0.9653 - 类别平衡更好
学习率: 0.000034
显存使用: 0.47GB (预留: 0.69GB)

生成的训练样本:
--------------------------------------------------------------------------------
输入:       DMRJ> M>MR> HW DKJ> S>M> GBJ> DBXJR
目标:     0 1 0 0 0 2 0 0 0 0 4 0 0 0 12 0 0 0 43 27 0 0 0 4 0 0 0 0 43 27 0 1 0 8 0 40
预测:     0 1 0 0 0 2 0 0 0 0 4 0 0 0 12 0 0 0 43 27 0 0 0 4 0 0 0 0 43 27 0 1 0 8 0 40
准确率:    1.0000 (36/36)
----------------------------------------
输入:       <LJT> DBCBJL XQLH DQYR> WQRW LMLK> WNPQW
目标:     0 0 0 22 9 0 0 1 1 0 0 0 2 0 0 0 5 0 0 1 0 0 4 0 0 1 0 18 0 0 1 0 0 4 0 0 1 0 0 3 0
预测:     0 0 0 22 9 0 0 1 1 0 0 0 2 0 0 0 5 0 0 1 0 0 4 0 0 1 0 18 0 0 1 0 0 4 0 0 1 0 0 3 0
准确率:    1.0000 (41/41)
----------------------------------------
输入:       T<BDWN HLJN HKN> >MJN>JT MTDKR LKWN HW
目标:     0 6 0 0 3 0 0 0 0 0 0 0 0 0 0 0 0 0 0 0 0 0 0 0 0 0 21 14 0 0 41 0 1 0 0 0 0 0 12
预测:     0 6 0 0 3 0 0 0 0 0 0 0 0 0 0 0 0 0 0 0 0 0 0 0 0 0 21 14 0 0 41 0 1 0 0 0 0 0 12
准确率:    1.0000 (39/39)
----------------------------------------

生成的验证样本:
--------------------------------------------------------------------------------
输入:       YBJNH D>LH> LMSV> MN KL DBJC WKLJ
目标:     0 0 0 0 5 0 0 1 0 0 4 0 0 1 6 0 10 7 0 0 0 0 0 2 0 1 0 0 2 0 36 0 0 3
预测:     0 0 0 0 5 0 0 1 0 0 4 0 0 1 6 0 10 7 0 0 0 0 0 2 0 1 0 0 2 0 36 0 0 3
准确率:    1.0000 (34/34)
----------------------------------------
输入:       D>LH> LMSV> MN KL DBJC WKLJ XJLK
目标:     0 1 0 0 4 0 0 1 6 0 10 7 0 0 0 0 0 2 0 1 0 0 2 0 36 0 0 3 0 0 0 5 0
预测:     0 1 0 0 4 0 0 1 6 0 10 7 0 0 0 0 0 2 0 1 0 0 2 0 36 0 0 3 0 0 0 5 0
准确率:    1.0000 (33/33)
----------------------------------------
⏳ 验证无提升 (验证准确率: 0.9664 ≤ 0.9665)，patience: 13/50

======================================================================
🚀 Epoch 123/200
======================================================================
📚 开始训练阶段...
训练进度: 500/3164 损失=0.0003
训练进度: 1000/3164 损失=0.0071
训练进度: 1500/3164 损失=0.0005
训练进度: 2000/3164 损失=0.0003
训练进度: 2500/3164 损失=0.0004
训练进度: 3000/3164 损失=0.0090
训练进度: 3164/3164 损失=0.0091
✅ 训练完成，耗时: 57.3秒 (1.0分钟)

============================================================
📊 验证决策: Epoch 123/200
   验证间隔: 1
   是否验证: ✅ 是
   原因: 达到验证间隔 (0 == 0)
============================================================

🔍 开始验证...
验证进度: 500/686 损失=0.6281
验证进度: 686/686 损失=1.2201

📊 预测分布分析:
  - 预测的前5个类别: {np.int64(0): 283092, np.int64(1): 37104, np.int64(2): 14761, np.int64(3): 10715, np.int64(4): 8971}
  - 标签的前5个类别: {np.int64(0): 281232, np.int64(1): 36731, np.int64(2): 14789, np.int64(3): 10866, np.int64(4): 8585}
✅ 验证完成，耗时: 4.8秒 (0.1分钟)
训练损失: 0.0044
验证损失: 0.5602
验证准确率: 0.9665 (10596/10964) - 与Levenshtein高度相关
验证F1(加权): 0.9655 - 类别平衡更好
学习率: 0.000033
显存使用: 0.47GB (预留: 0.69GB)

生成的训练样本:
--------------------------------------------------------------------------------
输入:       NSQ W>MR B>WRX> DMDBR> D>DWM W>ZL MLK>
目标:     0 44 64 3 0 1 0 0 3 0 1 0 0 0 4 0 0 1 0 0 0 4 0 0 1 0 0 0 2 0 1 0 0 3 0 0 0 4 0
预测:     0 44 64 3 0 1 0 0 3 0 1 0 0 0 4 0 0 1 0 0 0 4 0 0 1 0 0 0 2 0 1 0 0 3 0 0 0 4 0
准确率:    1.0000 (39/39)
----------------------------------------
输入:       W>TW LWTH WHW JTB B>JRJXW W>MR LHWN
目标:     0 1 0 18 0 0 0 0 1 0 0 1 0 0 0 0 0 7 0 1 0 0 0 0 0 2 0 1 0 0 3 0 1 0 0 0
预测:     0 1 0 18 0 0 0 0 1 0 0 1 0 0 0 0 0 7 0 1 0 0 0 0 0 2 0 1 0 0 3 0 1 0 0 0
准确率:    1.0000 (36/36)
----------------------------------------
输入:       >P MJ> MJ> >NWN DLQWCTJN W>N MJ>
目标:     0 0 0 0 24 9 0 0 24 9 0 0 0 0 0 0 0 1 1 0 0 0 2 0 0 0 1 0 0 0 24 9 0
预测:     0 0 0 0 24 9 0 0 24 9 0 0 0 0 0 0 0 1 1 0 0 0 2 0 0 0 1 0 0 0 24 9 0
准确率:    1.0000 (33/33)
----------------------------------------

生成的验证样本:
--------------------------------------------------------------------------------
输入:       YBJNH D>LH> LMSV> MN KL DBJC WKLJ
目标:     0 0 0 0 5 0 0 1 0 0 4 0 0 1 6 0 10 7 0 0 0 0 0 2 0 1 0 0 2 0 36 0 0 3
预测:     0 0 0 0 5 0 0 1 0 0 4 0 0 1 6 0 10 7 0 0 0 0 0 2 0 1 0 0 2 0 36 0 0 3
准确率:    1.0000 (34/34)
----------------------------------------
输入:       D>LH> LMSV> MN KL DBJC WKLJ XJLK
目标:     0 1 0 0 4 0 0 1 6 0 10 7 0 0 0 0 0 2 0 1 0 0 2 0 36 0 0 3 0 0 0 5 0
预测:     0 1 0 0 4 0 0 1 6 0 10 7 0 0 0 0 0 2 0 1 0 0 2 0 36 0 0 3 0 0 0 5 0
准确率:    1.0000 (33/33)
----------------------------------------
⏳ 验证无提升 (验证准确率: 0.9665 ≤ 0.9665)，patience: 14/50

======================================================================
🚀 Epoch 124/200
======================================================================
📚 开始训练阶段...
训练进度: 500/3164 损失=0.0003
训练进度: 1000/3164 损失=0.0079
训练进度: 1500/3164 损失=0.0023
训练进度: 2000/3164 损失=0.0015
训练进度: 2500/3164 损失=0.0002
训练进度: 3000/3164 损失=0.0004
训练进度: 3164/3164 损失=0.0266
✅ 训练完成，耗时: 57.2秒 (1.0分钟)

============================================================
📊 验证决策: Epoch 124/200
   验证间隔: 1
   是否验证: ✅ 是
   原因: 达到验证间隔 (0 == 0)
============================================================

🔍 开始验证...
验证进度: 500/686 损失=0.6772
验证进度: 686/686 损失=1.1896

📊 预测分布分析:
  - 预测的前5个类别: {np.int64(0): 283036, np.int64(1): 37090, np.int64(2): 14688, np.int64(3): 10742, np.int64(4): 8982}
  - 标签的前5个类别: {np.int64(0): 281232, np.int64(1): 36731, np.int64(2): 14789, np.int64(3): 10866, np.int64(4): 8585}
✅ 验证完成，耗时: 4.9秒 (0.1分钟)
训练损失: 0.0043
验证损失: 0.5542
验证准确率: 0.9665 (10596/10964) - 与Levenshtein高度相关
验证F1(加权): 0.9655 - 类别平衡更好
学习率: 0.000033
显存使用: 0.47GB (预留: 0.69GB)

生成的训练样本:
--------------------------------------------------------------------------------
输入:       B<L> HW ZLW BTRH WL> JHBW LH
目标:     0 0 0 4 0 0 0 0 21 0 3 0 0 0 0 1 0 0 1 0 0 0 0 0 3 0 0 1 0
预测:     0 0 0 4 0 0 0 0 21 0 3 0 0 0 0 1 0 0 1 0 0 0 0 0 3 0 0 1 0
准确率:    1.0000 (29/29)
----------------------------------------
输入:       LBH WS>M> WDHB> L> NSG> LH VB
目标:     0 0 5 0 0 1 0 0 4 0 0 1 0 0 4 0 0 0 0 0 28 0 10 3 0 1 0 0 0 2
预测:     0 0 5 0 0 1 0 0 4 0 0 1 0 0 4 0 0 0 0 0 28 0 10 3 0 1 0 0 0 2
准确率:    1.0000 (30/30)
----------------------------------------
输入:       <L >R<H W<L <MH W>T> MWC> W>MR
目标:     0 0 0 0 0 0 5 0 0 1 0 0 0 0 37 0 0 1 0 10 3 0 0 0 0 2 0 1 0 0 3
预测:     0 0 0 0 0 0 5 0 0 1 0 0 0 0 37 0 0 1 0 10 3 0 0 0 0 2 0 1 0 0 3
准确率:    1.0000 (31/31)
----------------------------------------

生成的验证样本:
--------------------------------------------------------------------------------
输入:       YBJNH D>LH> LMSV> MN KL DBJC WKLJ
目标:     0 0 0 0 5 0 0 1 0 0 4 0 0 1 6 0 10 7 0 0 0 0 0 2 0 1 0 0 2 0 36 0 0 3
预测:     0 0 0 0 5 0 0 1 0 0 4 0 0 1 6 0 10 7 0 0 0 0 0 2 0 1 0 0 2 0 36 0 0 3
准确率:    1.0000 (34/34)
----------------------------------------
输入:       D>LH> LMSV> MN KL DBJC WKLJ XJLK
目标:     0 1 0 0 4 0 0 1 6 0 10 7 0 0 0 0 0 2 0 1 0 0 2 0 36 0 0 3 0 0 0 5 0
预测:     0 1 0 0 4 0 0 1 6 0 10 7 0 0 0 0 0 2 0 1 0 0 2 0 36 0 0 3 0 0 0 5 0
准确率:    1.0000 (33/33)
----------------------------------------
💾 保存新的最佳模型！验证准确率: 0.9665 (F1: 0.9655) (Epoch 124)

======================================================================
🚀 Epoch 125/200
======================================================================
📚 开始训练阶段...
训练进度: 500/3164 损失=0.0024
训练进度: 1000/3164 损失=0.0160
训练进度: 1500/3164 损失=0.0106
训练进度: 2000/3164 损失=0.0094
训练进度: 2500/3164 损失=0.0003
训练进度: 3000/3164 损失=0.0007
训练进度: 3164/3164 损失=0.0104
✅ 训练完成，耗时: 57.4秒 (1.0分钟)

============================================================
📊 验证决策: Epoch 125/200
   验证间隔: 1
   是否验证: ✅ 是
   原因: 达到验证间隔 (0 == 0)
============================================================

🔍 开始验证...
验证进度: 500/686 损失=0.6163
验证进度: 686/686 损失=1.1104

📊 预测分布分析:
  - 预测的前5个类别: {np.int64(0): 282898, np.int64(1): 37055, np.int64(2): 14718, np.int64(3): 10742, np.int64(4): 8843}
  - 标签的前5个类别: {np.int64(0): 281232, np.int64(1): 36731, np.int64(2): 14789, np.int64(3): 10866, np.int64(4): 8585}
✅ 验证完成，耗时: 4.8秒 (0.1分钟)
训练损失: 0.0042
验证损失: 0.5615
验证准确率: 0.9662 (10593/10964) - 与Levenshtein高度相关
验证F1(加权): 0.9653 - 类别平衡更好
学习率: 0.000032
显存使用: 0.47GB (预留: 0.69GB)

生成的训练样本:
--------------------------------------------------------------------------------
输入:       DSPQ> B>JDJK WQM >BJMLK WKLH <M> D<MH
目标:     0 1 0 0 7 0 0 35 0 0 2 1 0 0 1 31 3 0 0 0 0 0 0 2 0 1 0 5 0 0 0 15 0 0 1 0 1 0
预测:     0 1 0 0 7 0 0 35 0 0 2 1 0 0 1 31 3 0 0 0 0 0 0 2 0 1 0 5 0 0 0 15 0 0 1 0 1 0
准确率:    1.0000 (38/38)
----------------------------------------
输入:       HWW WSJMJN HWW BSM> <L <LWT> WHW
目标:     0 0 18 0 0 1 20 0 7 0 0 0 0 18 0 0 0 0 11 0 0 0 0 0 0 57 2 23 0 0 1 0 0
预测:     0 0 18 0 0 1 20 0 7 0 0 0 0 18 0 0 0 0 11 0 0 0 0 0 0 57 2 23 0 0 1 0 0
准确率:    1.0000 (33/33)
----------------------------------------
输入:       WHJDJN >JD<W MNWX W>NTTH DML>KH HW DMRJ>
目标:     0 1 0 0 0 0 0 8 0 0 0 3 0 0 0 0 0 2 0 1 0 0 13 1 0 0 1 0 0 0 5 0 0 0 0 0 1 0 0 0 2
预测:     0 1 0 0 0 0 0 8 0 0 0 3 0 0 0 0 0 2 0 1 0 0 13 1 0 0 1 0 0 0 5 0 0 0 0 0 1 0 0 0 2
准确率:    1.0000 (41/41)
----------------------------------------

生成的验证样本:
--------------------------------------------------------------------------------
输入:       YBJNH D>LH> LMSV> MN KL DBJC WKLJ
目标:     0 0 0 0 5 0 0 1 0 0 4 0 0 1 6 0 10 7 0 0 0 0 0 2 0 1 0 0 2 0 36 0 0 3
预测:     0 0 0 0 5 0 0 1 0 0 4 0 0 1 6 0 10 7 0 0 0 0 0 2 0 1 0 0 2 0 36 0 0 3
准确率:    1.0000 (34/34)
----------------------------------------
输入:       D>LH> LMSV> MN KL DBJC WKLJ XJLK
目标:     0 1 0 0 4 0 0 1 6 0 10 7 0 0 0 0 0 2 0 1 0 0 2 0 36 0 0 3 0 0 0 5 0
预测:     0 1 0 0 4 0 0 1 6 0 10 7 0 0 0 0 0 2 0 1 0 0 2 0 36 0 0 3 0 0 0 5 0
准确率:    1.0000 (33/33)
----------------------------------------
⏳ 验证无提升 (验证准确率: 0.9662 ≤ 0.9665)，patience: 1/50

======================================================================
🚀 Epoch 126/200
======================================================================
📚 开始训练阶段...
训练进度: 500/3164 损失=0.0002
训练进度: 1000/3164 损失=0.0081
训练进度: 1500/3164 损失=0.0055
训练进度: 2000/3164 损失=0.0038
训练进度: 2500/3164 损失=0.0048
训练进度: 3000/3164 损失=0.0002
训练进度: 3164/3164 损失=0.0011
✅ 训练完成，耗时: 57.5秒 (1.0分钟)

============================================================
📊 验证决策: Epoch 126/200
   验证间隔: 1
   是否验证: ✅ 是
   原因: 达到验证间隔 (0 == 0)
============================================================

🔍 开始验证...
验证进度: 500/686 损失=0.6863
验证进度: 686/686 损失=1.3537

📊 预测分布分析:
  - 预测的前5个类别: {np.int64(0): 282838, np.int64(1): 37110, np.int64(2): 14744, np.int64(3): 10768, np.int64(4): 8963}
  - 标签的前5个类别: {np.int64(0): 281232, np.int64(1): 36731, np.int64(2): 14789, np.int64(3): 10866, np.int64(4): 8585}
✅ 验证完成，耗时: 4.9秒 (0.1分钟)
训练损失: 0.0041
验证损失: 0.5632
验证准确率: 0.9664 (10595/10964) - 与Levenshtein高度相关
验证F1(加权): 0.9654 - 类别平衡更好
学习率: 0.000031
显存使用: 0.47GB (预留: 0.69GB)

生成的训练样本:
--------------------------------------------------------------------------------
输入:       BRM >NT L> TBN> BJT> LCMJ >L>
目标:     0 0 0 0 0 0 0 0 0 0 0 0 6 0 10 3 0 0 0 4 0 0 1 0 5 0 0 0 0 0
预测:     0 0 0 0 0 0 0 0 0 0 0 0 6 0 10 3 0 0 0 4 0 0 1 0 5 0 0 0 0 0
准确率:    1.0000 (30/30)
----------------------------------------
输入:       TTQL YL> WB<J W<D L> TXV> HB
目标:     0 6 0 0 3 6 0 10 16 0 36 0 0 3 0 1 0 0 0 0 0 0 6 0 10 3 52 0 3
预测:     0 6 0 0 3 6 0 10 16 0 36 0 0 3 0 1 0 0 0 0 0 0 6 0 10 3 52 0 3
准确率:    1.0000 (29/29)
----------------------------------------
输入:       MD<> LJT M>MR> >P L> ML> DL>
目标:     0 0 0 4 0 0 58 0 24 0 0 0 0 4 0 0 0 0 0 0 0 0 0 61 0 0 1 0 0
预测:     0 0 0 4 0 0 58 0 24 0 0 0 0 4 0 0 0 0 0 0 0 0 0 61 0 0 1 0 0
准确率:    1.0000 (29/29)
----------------------------------------

生成的验证样本:
--------------------------------------------------------------------------------
输入:       YBJNH D>LH> LMSV> MN KL DBJC WKLJ
目标:     0 0 0 0 5 0 0 1 0 0 4 0 0 1 6 0 10 7 0 0 0 0 0 2 0 1 0 0 2 0 36 0 0 3
预测:     0 0 0 0 5 0 0 1 0 0 4 0 0 1 6 0 10 7 0 0 0 0 0 2 0 1 0 0 2 0 36 0 0 3
准确率:    1.0000 (34/34)
----------------------------------------
输入:       D>LH> LMSV> MN KL DBJC WKLJ XJLK
目标:     0 1 0 0 4 0 0 1 6 0 10 7 0 0 0 0 0 2 0 1 0 0 2 0 36 0 0 3 0 0 0 5 0
预测:     0 1 0 0 4 0 0 1 6 0 10 7 0 0 0 0 0 2 0 1 0 0 2 0 36 0 0 3 0 0 0 5 0
准确率:    1.0000 (33/33)
----------------------------------------
⏳ 验证无提升 (验证准确率: 0.9664 ≤ 0.9665)，patience: 2/50

======================================================================
🚀 Epoch 127/200
======================================================================
📚 开始训练阶段...
训练进度: 500/3164 损失=0.0004
训练进度: 1000/3164 损失=0.0162
训练进度: 1500/3164 损失=0.0018
训练进度: 2000/3164 损失=0.0113
训练进度: 2500/3164 损失=0.0001
训练进度: 3000/3164 损失=0.0030
训练进度: 3164/3164 损失=0.0064
✅ 训练完成，耗时: 57.2秒 (1.0分钟)

============================================================
📊 验证决策: Epoch 127/200
   验证间隔: 1
   是否验证: ✅ 是
   原因: 达到验证间隔 (0 == 0)
============================================================

🔍 开始验证...
验证进度: 500/686 损失=0.7455
验证进度: 686/686 损失=1.3365

📊 预测分布分析:
  - 预测的前5个类别: {np.int64(0): 283228, np.int64(1): 37069, np.int64(2): 14726, np.int64(3): 10858, np.int64(4): 8915}
  - 标签的前5个类别: {np.int64(0): 281232, np.int64(1): 36731, np.int64(2): 14789, np.int64(3): 10866, np.int64(4): 8585}
✅ 验证完成，耗时: 4.9秒 (0.1分钟)
训练损失: 0.0040
验证损失: 0.5708
验证准确率: 0.9664 (10595/10964) - 与Levenshtein高度相关
验证F1(加权): 0.9653 - 类别平衡更好
学习率: 0.000030
显存使用: 0.48GB (预留: 0.69GB)

生成的训练样本:
--------------------------------------------------------------------------------
输入:       Y<R> HN> H> BRTJ BTWLT> WDRWKTH >PQ
目标:     0 0 0 15 0 0 0 0 0 0 0 0 0 0 13 1 0 0 0 0 0 2 9 0 0 1 0 0 0 13 1 0 0 102 0 3
预测:     0 0 0 15 0 0 0 0 0 0 0 0 0 0 13 1 0 0 0 0 0 2 9 0 0 1 0 0 0 13 1 0 0 102 0 3
准确率:    1.0000 (36/36)
----------------------------------------
输入:       L> TTGR> LBJCT> WTPL >NT WJHWD> <MK
目标:     0 0 0 0 21 14 0 10 16 0 1 0 0 2 9 0 0 1 34 0 3 0 0 0 0 0 1 0 0 0 0 2 0 0 1 0
预测:     0 0 0 0 21 14 0 10 16 0 1 0 0 2 9 0 0 1 34 0 3 0 0 0 0 0 1 0 0 0 0 2 0 0 1 0
准确率:    1.0000 (36/36)
----------------------------------------
输入:       VB HB LMSKN> WMN M> DB>JDK >WKLJHJ
目标:     0 0 2 52 0 3 0 1 0 0 0 4 0 0 1 0 0 0 0 0 0 1 35 0 0 5 0 6 59 0 0 86 0 0 0
预测:     0 0 2 52 0 3 0 1 0 0 0 4 0 0 1 0 0 0 0 0 0 1 35 0 0 5 0 6 59 0 0 86 0 0 0
准确率:    1.0000 (35/35)
----------------------------------------

生成的验证样本:
--------------------------------------------------------------------------------
输入:       YBJNH D>LH> LMSV> MN KL DBJC WKLJ
目标:     0 0 0 0 5 0 0 1 0 0 4 0 0 1 6 0 10 7 0 0 0 0 0 2 0 1 0 0 2 0 36 0 0 3
预测:     0 0 0 0 5 0 0 1 0 0 4 0 0 1 6 0 10 7 0 0 0 0 0 2 0 1 0 0 2 0 36 0 0 3
准确率:    1.0000 (34/34)
----------------------------------------
输入:       D>LH> LMSV> MN KL DBJC WKLJ XJLK
目标:     0 1 0 0 4 0 0 1 6 0 10 7 0 0 0 0 0 2 0 1 0 0 2 0 36 0 0 3 0 0 0 5 0
预测:     0 1 0 0 4 0 0 1 6 0 10 7 0 0 0 0 0 2 0 1 0 0 2 0 36 0 0 3 0 0 0 5 0
准确率:    1.0000 (33/33)
----------------------------------------
⏳ 验证无提升 (验证准确率: 0.9664 ≤ 0.9665)，patience: 3/50

======================================================================
🚀 Epoch 128/200
======================================================================
📚 开始训练阶段...
训练进度: 500/3164 损失=0.0015
训练进度: 1000/3164 损失=0.0014
训练进度: 1500/3164 损失=0.0087
训练进度: 2000/3164 损失=0.0066
训练进度: 2500/3164 损失=0.0016
训练进度: 3000/3164 损失=0.0078
训练进度: 3164/3164 损失=0.0036
✅ 训练完成，耗时: 57.4秒 (1.0分钟)

============================================================
📊 验证决策: Epoch 128/200
   验证间隔: 1
   是否验证: ✅ 是
   原因: 达到验证间隔 (0 == 0)
============================================================

🔍 开始验证...
验证进度: 500/686 损失=0.7265
验证进度: 686/686 损失=1.2290

📊 预测分布分析:
  - 预测的前5个类别: {np.int64(0): 283173, np.int64(1): 37112, np.int64(2): 14673, np.int64(3): 10855, np.int64(4): 8863}
  - 标签的前5个类别: {np.int64(0): 281232, np.int64(1): 36731, np.int64(2): 14789, np.int64(3): 10866, np.int64(4): 8585}
✅ 验证完成，耗时: 4.9秒 (0.1分钟)
训练损失: 0.0039
验证损失: 0.5717
验证准确率: 0.9661 (10591/10964) - 与Levenshtein高度相关
验证F1(加权): 0.9650 - 类别平衡更好
学习率: 0.000030
显存使用: 0.47GB (预留: 0.69GB)

生成的训练样本:
--------------------------------------------------------------------------------
输入:       HW GJR XWLVN> LMXLPW KJNN MDJN MVL
目标:     0 0 0 0 0 0 0 0 0 0 0 0 4 0 0 1 6 0 0 49 19 0 0 0 5 0 0 0 0 0 12 0 0 0 0
预测:     0 0 0 0 0 0 0 0 0 0 0 0 4 0 0 1 6 0 0 49 19 0 0 0 5 0 0 0 0 0 12 0 0 0 0
准确率:    1.0000 (35/35)
----------------------------------------
输入:       XJRJN DLKJN> NMWS> LJT LH L> GJR
目标:     0 20 0 7 0 0 0 1 1 0 0 4 0 0 0 0 0 4 0 0 58 0 24 0 1 0 0 0 0 0 0 0 0
预测:     0 20 0 7 0 0 0 1 1 0 0 4 0 0 0 0 0 4 0 0 58 0 24 0 1 0 0 0 0 0 0 0 0
准确率:    1.0000 (33/33)
----------------------------------------
输入:       JM> SWG>> >KLJN WCTJN WXDJN WCLJMWN CLJV
目标:     0 0 4 0 0 0 0 0 4 0 0 0 0 7 0 0 0 1 0 42 0 0 0 1 0 42 0 0 0 1 0 0 0 0 0 2 0 0 8 0 40
预测:     0 0 4 0 0 0 0 0 4 0 0 0 0 7 0 0 0 1 0 42 0 0 0 1 0 42 0 0 0 1 0 0 0 0 0 2 0 0 8 0 40
准确率:    1.0000 (41/41)
----------------------------------------

生成的验证样本:
--------------------------------------------------------------------------------
输入:       YBJNH D>LH> LMSV> MN KL DBJC WKLJ
目标:     0 0 0 0 5 0 0 1 0 0 4 0 0 1 6 0 10 7 0 0 0 0 0 2 0 1 0 0 2 0 36 0 0 3
预测:     0 0 0 0 5 0 0 1 0 0 4 0 0 1 6 0 10 7 0 0 0 0 0 2 0 1 0 0 2 0 36 0 0 3
准确率:    1.0000 (34/34)
----------------------------------------
输入:       D>LH> LMSV> MN KL DBJC WKLJ XJLK
目标:     0 1 0 0 4 0 0 1 6 0 10 7 0 0 0 0 0 2 0 1 0 0 2 0 36 0 0 3 0 0 0 5 0
预测:     0 1 0 0 4 0 0 1 6 0 10 7 0 0 0 0 0 2 0 1 0 0 2 0 36 0 0 3 0 0 0 5 0
准确率:    1.0000 (33/33)
----------------------------------------
⏳ 验证无提升 (验证准确率: 0.9661 ≤ 0.9665)，patience: 4/50

======================================================================
🚀 Epoch 129/200
======================================================================
📚 开始训练阶段...
训练进度: 500/3164 损失=0.0140
训练进度: 1000/3164 损失=0.0129
训练进度: 1500/3164 损失=0.0088
训练进度: 2000/3164 损失=0.0001
训练进度: 2500/3164 损失=0.0003
训练进度: 3000/3164 损失=0.0002
训练进度: 3164/3164 损失=0.0009
✅ 训练完成，耗时: 57.5秒 (1.0分钟)

============================================================
📊 验证决策: Epoch 129/200
   验证间隔: 1
   是否验证: ✅ 是
   原因: 达到验证间隔 (0 == 0)
============================================================

🔍 开始验证...
验证进度: 500/686 损失=0.7140
验证进度: 686/686 损失=1.1830

📊 预测分布分析:
  - 预测的前5个类别: {np.int64(0): 283093, np.int64(1): 37042, np.int64(2): 14771, np.int64(3): 10713, np.int64(4): 8973}
  - 标签的前5个类别: {np.int64(0): 281232, np.int64(1): 36731, np.int64(2): 14789, np.int64(3): 10866, np.int64(4): 8585}
✅ 验证完成，耗时: 4.9秒 (0.1分钟)
训练损失: 0.0037
验证损失: 0.5807
验证准确率: 0.9662 (10593/10964) - 与Levenshtein高度相关
验证F1(加权): 0.9652 - 类别平衡更好
学习率: 0.000029
显存使用: 0.47GB (预留: 0.69GB)

生成的训练样本:
--------------------------------------------------------------------------------
输入:       VBT> VWBWHJ LB<LH MNJN> GJR DCNJ> DXJWHJ
目标:     0 0 2 9 0 0 0 0 25 1 0 0 0 1 0 0 5 12 0 0 0 0 4 0 0 0 0 0 0 1 0 13 9 0 0 1 0 25 1 0 0
预测:     0 0 2 9 0 0 0 0 25 1 0 0 0 1 0 0 5 12 0 0 0 0 4 0 0 0 0 0 0 1 0 13 9 0 0 1 0 25 1 0 0
准确率:    1.0000 (41/41)
----------------------------------------
输入:       KD HNWN LWQBL XJLTN> QJMJN BKL C<>
目标:     0 0 0 0 0 0 0 0 0 0 0 0 0 0 0 0 0 0 0 4 0 0 20 0 7 0 0 0 1 0 2 0 0 4 0
预测:     0 0 0 0 0 0 0 0 0 0 0 0 0 0 0 0 0 0 0 4 0 0 20 0 7 0 0 0 1 0 2 0 0 4 0
准确率:    1.0000 (35/35)
----------------------------------------
输入:       KWL DVM> WHD> XJWT> DT>KLWN TWR> W>MR>
目标:     0 8 0 2 0 1 0 0 2 0 1 0 0 0 0 0 0 13 9 0 0 1 6 0 0 3 0 0 0 0 0 4 0 0 1 0 0 15 0
预测:     0 8 0 2 0 1 0 0 2 0 1 0 0 0 0 0 0 13 9 0 0 1 6 0 0 3 0 0 0 0 0 4 0 0 1 0 0 15 0
准确率:    1.0000 (39/39)
----------------------------------------

生成的验证样本:
--------------------------------------------------------------------------------
输入:       YBJNH D>LH> LMSV> MN KL DBJC WKLJ
目标:     0 0 0 0 5 0 0 1 0 0 4 0 0 1 6 0 10 7 0 0 0 0 0 2 0 1 0 0 2 0 36 0 0 3
预测:     0 0 0 0 5 0 0 1 0 0 4 0 0 1 6 0 10 7 0 0 0 0 0 2 0 1 0 0 2 0 36 0 0 3
准确率:    1.0000 (34/34)
----------------------------------------
输入:       D>LH> LMSV> MN KL DBJC WKLJ XJLK
目标:     0 1 0 0 4 0 0 1 6 0 10 7 0 0 0 0 0 2 0 1 0 0 2 0 36 0 0 3 0 0 0 5 0
预测:     0 1 0 0 4 0 0 1 6 0 10 7 0 0 0 0 0 2 0 1 0 0 2 0 36 0 0 3 0 0 0 5 0
准确率:    1.0000 (33/33)
----------------------------------------
⏳ 验证无提升 (验证准确率: 0.9662 ≤ 0.9665)，patience: 5/50

======================================================================
🚀 Epoch 130/200
======================================================================
📚 开始训练阶段...
训练进度: 500/3164 损失=0.0007
训练进度: 1000/3164 损失=0.0012
训练进度: 1500/3164 损失=0.0027
训练进度: 2000/3164 损失=0.0045
训练进度: 2500/3164 损失=0.0066
训练进度: 3000/3164 损失=0.0078
训练进度: 3164/3164 损失=0.0059
✅ 训练完成，耗时: 57.6秒 (1.0分钟)

============================================================
📊 验证决策: Epoch 130/200
   验证间隔: 1
   是否验证: ✅ 是
   原因: 达到验证间隔 (0 == 0)
============================================================

🔍 开始验证...
验证进度: 500/686 损失=0.6578
验证进度: 686/686 损失=1.2093

📊 预测分布分析:
  - 预测的前5个类别: {np.int64(0): 282959, np.int64(1): 37001, np.int64(2): 14715, np.int64(3): 10756, np.int64(4): 9067}
  - 标签的前5个类别: {np.int64(0): 281232, np.int64(1): 36731, np.int64(2): 14789, np.int64(3): 10866, np.int64(4): 8585}
✅ 验证完成，耗时: 4.9秒 (0.1分钟)
训练损失: 0.0036
验证损失: 0.5707
验证准确率: 0.9666 (10598/10964) - 与Levenshtein高度相关
验证F1(加权): 0.9657 - 类别平衡更好
学习率: 0.000028
显存使用: 0.48GB (预留: 0.69GB)

生成的训练样本:
--------------------------------------------------------------------------------
输入:       <BR NHR> MN TXPJS W<DM> L<>Z> WBKLHWN
目标:     0 0 0 62 0 0 0 4 0 0 0 0 0 0 0 0 0 22 0 1 0 0 0 0 0 1 0 0 0 2 0 1 1 0 5 0 0 0
预测:     0 0 0 62 0 0 0 4 0 0 0 0 0 0 0 0 0 22 0 1 0 0 0 0 0 1 0 0 0 2 0 1 1 0 5 0 0 0
准确率:    1.0000 (38/38)
----------------------------------------
输入:       >NC> DQVLTWN BTBWR W>MRJN LH >KWTK >JTJHWN
目标:     0 0 0 11 0 0 1 0 0 3 0 0 19 0 1 0 0 0 2 0 1 0 0 7 0 0 0 1 0 0 0 0 0 1 0 0 0 0 0 5 0 0 0
预测:     0 0 0 11 0 0 1 0 0 3 0 0 19 0 1 0 0 0 2 0 1 0 0 7 0 0 0 1 0 0 0 0 0 1 0 0 0 0 0 5 0 0 0
准确率:    1.0000 (43/43)
----------------------------------------
输入:       BPWRQNK WBCMH D>LHN NTTRJM N<BD MRJ> KLH
目标:     0 1 0 0 0 0 5 0 0 1 1 0 5 0 0 1 0 0 5 0 0 91 76 17 20 0 3 0 6 0 0 3 0 0 0 0 2 0 0 5 0
预测:     0 1 0 0 0 0 5 0 0 1 1 0 5 0 0 1 0 0 5 0 0 91 76 17 20 0 3 0 6 0 0 3 0 0 0 0 2 0 0 5 0
准确率:    1.0000 (41/41)
----------------------------------------

生成的验证样本:
--------------------------------------------------------------------------------
输入:       YBJNH D>LH> LMSV> MN KL DBJC WKLJ
目标:     0 0 0 0 5 0 0 1 0 0 4 0 0 1 6 0 10 7 0 0 0 0 0 2 0 1 0 0 2 0 36 0 0 3
预测:     0 0 0 0 5 0 0 1 0 0 4 0 0 1 6 0 10 7 0 0 0 0 0 2 0 1 0 0 2 0 36 0 0 3
准确率:    1.0000 (34/34)
----------------------------------------
输入:       D>LH> LMSV> MN KL DBJC WKLJ XJLK
目标:     0 1 0 0 4 0 0 1 6 0 10 7 0 0 0 0 0 2 0 1 0 0 2 0 36 0 0 3 0 0 0 5 0
预测:     0 1 0 0 4 0 0 1 6 0 10 7 0 0 0 0 0 2 0 1 0 0 2 0 36 0 0 3 0 0 0 5 0
准确率:    1.0000 (33/33)
----------------------------------------
💾 保存新的最佳模型！验证准确率: 0.9666 (F1: 0.9657) (Epoch 130)

======================================================================
🚀 Epoch 131/200
======================================================================
📚 开始训练阶段...
训练进度: 500/3164 损失=0.0005
训练进度: 1000/3164 损失=0.0012
训练进度: 1500/3164 损失=0.0060
训练进度: 2000/3164 损失=0.0002
训练进度: 2500/3164 损失=0.0006
训练进度: 3000/3164 损失=0.0186
训练进度: 3164/3164 损失=0.0015
✅ 训练完成，耗时: 57.6秒 (1.0分钟)

============================================================
📊 验证决策: Epoch 131/200
   验证间隔: 1
   是否验证: ✅ 是
   原因: 达到验证间隔 (0 == 0)
============================================================

🔍 开始验证...
验证进度: 500/686 损失=0.6998
验证进度: 686/686 损失=1.2332

📊 预测分布分析:
  - 预测的前5个类别: {np.int64(0): 283250, np.int64(1): 37050, np.int64(2): 14668, np.int64(3): 10757, np.int64(4): 8864}
  - 标签的前5个类别: {np.int64(0): 281232, np.int64(1): 36731, np.int64(2): 14789, np.int64(3): 10866, np.int64(4): 8585}
✅ 验证完成，耗时: 4.8秒 (0.1分钟)
训练损失: 0.0035
验证损失: 0.5792
验证准确率: 0.9664 (10595/10964) - 与Levenshtein高度相关
验证F1(加权): 0.9653 - 类别平衡更好
学习率: 0.000028
显存使用: 0.47GB (预留: 0.69GB)

生成的训练样本:
--------------------------------------------------------------------------------
输入:       L> NPLJN MKJL BSHDWTH D>JTJ> CRJR> XBT
目标:     0 0 0 0 0 0 7 0 0 0 0 0 0 0 0 1 0 0 0 2 1 0 0 1 0 0 0 4 0 0 0 0 0 4 0 0 31 3 26
预测:     0 0 0 0 0 0 7 0 0 0 0 0 0 0 0 1 0 0 0 2 1 0 0 1 0 0 0 4 0 0 0 0 0 4 0 0 31 3 26
准确率:    1.0000 (39/39)
----------------------------------------
输入:       BJD >GRT> HD> >JKN> D>P MTDKR >N>
目标:     0 1 0 2 0 0 0 13 9 0 0 0 0 0 0 0 0 0 8 0 0 1 0 0 0 21 14 0 0 41 0 0 0 0
预测:     0 1 0 2 0 0 0 13 9 0 0 0 0 0 0 0 0 0 8 0 0 1 0 0 0 21 14 0 0 41 0 0 0 0
准确率:    1.0000 (34/34)
----------------------------------------
输入:       WBTWDJT> WBQL> RM> WHKN> >MRW KLHWN <BDWHJ
目标:     0 1 1 0 0 0 2 9 0 0 1 1 0 4 0 0 0 4 0 0 1 0 0 0 0 6 0 0 3 0 0 0 5 0 0 0 0 0 0 104 1 0 0
预测:     0 1 1 0 0 0 2 9 0 0 1 1 0 4 0 0 0 4 0 0 1 0 0 0 0 6 0 0 3 0 0 0 5 0 0 0 0 0 0 104 1 0 0
准确率:    1.0000 (43/43)
----------------------------------------

生成的验证样本:
--------------------------------------------------------------------------------
输入:       YBJNH D>LH> LMSV> MN KL DBJC WKLJ
目标:     0 0 0 0 5 0 0 1 0 0 4 0 0 1 6 0 10 7 0 0 0 0 0 2 0 1 0 0 2 0 36 0 0 3
预测:     0 0 0 0 5 0 0 1 0 0 4 0 0 1 6 0 10 7 0 0 0 0 0 2 0 1 0 0 2 0 36 0 0 3
准确率:    1.0000 (34/34)
----------------------------------------
输入:       D>LH> LMSV> MN KL DBJC WKLJ XJLK
目标:     0 1 0 0 4 0 0 1 6 0 10 7 0 0 0 0 0 2 0 1 0 0 2 0 36 0 0 3 0 0 0 5 0
预测:     0 1 0 0 4 0 0 1 6 0 10 7 0 0 0 0 0 2 0 1 0 0 2 0 36 0 0 3 0 0 0 5 0
准确率:    1.0000 (33/33)
----------------------------------------
⏳ 验证无提升 (验证准确率: 0.9664 ≤ 0.9666)，patience: 1/50

======================================================================
🚀 Epoch 132/200
======================================================================
📚 开始训练阶段...
训练进度: 500/3164 损失=0.0034
训练进度: 1000/3164 损失=0.0043
训练进度: 1500/3164 损失=0.0038
训练进度: 2000/3164 损失=0.0161
训练进度: 2500/3164 损失=0.0034
训练进度: 3000/3164 损失=0.0050
训练进度: 3164/3164 损失=0.0072
✅ 训练完成，耗时: 57.2秒 (1.0分钟)

============================================================
📊 验证决策: Epoch 132/200
   验证间隔: 1
   是否验证: ✅ 是
   原因: 达到验证间隔 (0 == 0)
============================================================

🔍 开始验证...
验证进度: 500/686 损失=0.7232
验证进度: 686/686 损失=1.3038

📊 预测分布分析:
  - 预测的前5个类别: {np.int64(0): 283120, np.int64(1): 37067, np.int64(2): 14747, np.int64(3): 10828, np.int64(4): 8859}
  - 标签的前5个类别: {np.int64(0): 281232, np.int64(1): 36731, np.int64(2): 14789, np.int64(3): 10866, np.int64(4): 8585}
✅ 验证完成，耗时: 4.9秒 (0.1分钟)
训练损失: 0.0034
验证损失: 0.5765
验证准确率: 0.9662 (10593/10964) - 与Levenshtein高度相关
验证F1(加权): 0.9652 - 类别平衡更好
学习率: 0.000027
显存使用: 0.48GB (预留: 0.69GB)

生成的训练样本:
--------------------------------------------------------------------------------
输入:       K>PJN >JK MNJN> DCBV> DBNJ J<QWB HW
目标:     0 0 0 2 0 0 0 0 0 0 0 0 0 0 4 0 0 1 0 0 11 0 0 1 0 2 0 0 0 0 0 0 2 0 0 12
预测:     0 0 0 2 0 0 0 0 0 0 0 0 0 0 4 0 0 1 0 0 11 0 0 1 0 2 0 0 0 0 0 0 2 0 0 12
准确率:    1.0000 (36/36)
----------------------------------------
输入:       K>N> L> NT>BLWN <LWHJ RCJ<> GJR XRTH
目标:     0 0 0 11 0 0 0 0 0 21 14 0 0 33 0 0 0 0 8 1 0 0 0 0 0 0 4 0 0 0 0 0 0 0 13 1 0
预测:     0 0 0 11 0 0 0 0 0 21 14 0 0 33 0 0 0 0 8 1 0 0 0 0 0 0 4 0 0 0 0 0 0 0 13 1 0
准确率:    1.0000 (37/37)
----------------------------------------
输入:       LJ MN MRJ> D>TL LK JRTWT> D>BHJ
目标:     0 1 0 0 0 0 0 0 0 0 2 0 1 34 0 3 0 1 0 0 0 0 0 2 9 0 0 1 0 8 2 46
预测:     0 1 0 0 0 0 0 0 0 0 2 0 1 34 0 3 0 1 0 0 0 0 0 2 9 0 0 1 0 8 2 46
准确率:    1.0000 (32/32)
----------------------------------------

生成的验证样本:
--------------------------------------------------------------------------------
输入:       YBJNH D>LH> LMSV> MN KL DBJC WKLJ
目标:     0 0 0 0 5 0 0 1 0 0 4 0 0 1 6 0 10 7 0 0 0 0 0 2 0 1 0 0 2 0 36 0 0 3
预测:     0 0 0 0 5 0 0 1 0 0 4 0 0 1 6 0 10 7 0 0 0 0 0 2 0 1 0 0 2 0 36 0 0 3
准确率:    1.0000 (34/34)
----------------------------------------
输入:       D>LH> LMSV> MN KL DBJC WKLJ XJLK
目标:     0 1 0 0 4 0 0 1 6 0 10 7 0 0 0 0 0 2 0 1 0 0 2 0 36 0 0 3 0 0 0 5 0
预测:     0 1 0 0 4 0 0 1 6 0 10 7 0 0 0 0 0 2 0 1 0 0 2 0 36 0 0 3 0 0 0 5 0
准确率:    1.0000 (33/33)
----------------------------------------
⏳ 验证无提升 (验证准确率: 0.9662 ≤ 0.9666)，patience: 2/50

======================================================================
🚀 Epoch 133/200
======================================================================
📚 开始训练阶段...
训练进度: 500/3164 损失=0.0002
训练进度: 1000/3164 损失=0.0004
训练进度: 1500/3164 损失=0.0005
训练进度: 2000/3164 损失=0.0002
训练进度: 2500/3164 损失=0.0018
训练进度: 3000/3164 损失=0.0003
训练进度: 3164/3164 损失=0.0019
✅ 训练完成，耗时: 57.4秒 (1.0分钟)

============================================================
📊 验证决策: Epoch 133/200
   验证间隔: 1
   是否验证: ✅ 是
   原因: 达到验证间隔 (0 == 0)
============================================================

🔍 开始验证...
验证进度: 500/686 损失=0.6547
验证进度: 686/686 损失=1.3225

📊 预测分布分析:
  - 预测的前5个类别: {np.int64(0): 283056, np.int64(1): 37023, np.int64(2): 14724, np.int64(3): 10669, np.int64(4): 8906}
  - 标签的前5个类别: {np.int64(0): 281232, np.int64(1): 36731, np.int64(2): 14789, np.int64(3): 10866, np.int64(4): 8585}
✅ 验证完成，耗时: 4.9秒 (0.1分钟)
训练损失: 0.0033
验证损失: 0.5774
验证准确率: 0.9662 (10592/10964) - 与Levenshtein高度相关
验证F1(加权): 0.9652 - 类别平衡更好
学习率: 0.000026
显存使用: 0.48GB (预留: 0.69GB)

生成的训练样本:
--------------------------------------------------------------------------------
输入:       L<BR> DNQM<M BR GBR BRMT GL<D DJLH
目标:     0 1 0 0 15 0 0 1 0 0 0 0 2 0 0 2 0 0 0 62 0 1 0 13 0 0 0 0 0 2 0 0 0 1 0
预测:     0 1 0 0 15 0 0 1 0 0 0 0 2 0 0 2 0 0 0 62 0 1 0 13 0 0 0 0 0 2 0 0 0 1 0
准确率:    1.0000 (35/35)
----------------------------------------
输入:       DJN DTSTKLWN MNW KJN> WMN> HJ X>RWT>
目标:     0 0 0 0 0 1 45 79 0 0 33 0 0 0 0 71 0 0 0 0 4 0 0 1 0 0 0 0 0 12 0 0 0 0 2 9 0
预测:     0 0 0 0 0 1 45 79 0 0 33 0 0 0 0 71 0 0 0 0 4 0 0 1 0 0 0 0 0 12 0 0 0 0 2 9 0
准确率:    1.0000 (37/37)
----------------------------------------
输入:       D>RM> BXQL> WL> JDJ< MNW QVLH NPQWN
目标:     0 35 0 0 10 3 0 1 0 0 4 0 0 1 0 0 0 0 8 0 7 0 0 71 0 0 0 0 29 0 0 34 0 3 0 0
预测:     0 35 0 0 10 3 0 1 0 0 4 0 0 1 0 0 0 0 8 0 7 0 0 71 0 0 0 0 29 0 0 34 0 3 0 0
准确率:    1.0000 (36/36)
----------------------------------------

生成的验证样本:
--------------------------------------------------------------------------------
输入:       YBJNH D>LH> LMSV> MN KL DBJC WKLJ
目标:     0 0 0 0 5 0 0 1 0 0 4 0 0 1 6 0 10 7 0 0 0 0 0 2 0 1 0 0 2 0 36 0 0 3
预测:     0 0 0 0 5 0 0 1 0 0 4 0 0 1 6 0 10 7 0 0 0 0 0 2 0 1 0 0 2 0 36 0 0 3
准确率:    1.0000 (34/34)
----------------------------------------
输入:       D>LH> LMSV> MN KL DBJC WKLJ XJLK
目标:     0 1 0 0 4 0 0 1 6 0 10 7 0 0 0 0 0 2 0 1 0 0 2 0 36 0 0 3 0 0 0 5 0
预测:     0 1 0 0 4 0 0 1 6 0 10 7 0 0 0 0 0 2 0 1 0 0 2 0 36 0 0 3 0 0 0 5 0
准确率:    1.0000 (33/33)
----------------------------------------
⏳ 验证无提升 (验证准确率: 0.9662 ≤ 0.9666)，patience: 3/50

======================================================================
🚀 Epoch 134/200
======================================================================
📚 开始训练阶段...
训练进度: 500/3164 损失=0.0005
训练进度: 1000/3164 损失=0.0016
训练进度: 1500/3164 损失=0.0002
训练进度: 2000/3164 损失=0.0015
训练进度: 2500/3164 损失=0.0013
训练进度: 3000/3164 损失=0.0006
训练进度: 3164/3164 损失=0.0006
✅ 训练完成，耗时: 57.6秒 (1.0分钟)

============================================================
📊 验证决策: Epoch 134/200
   验证间隔: 1
   是否验证: ✅ 是
   原因: 达到验证间隔 (0 == 0)
============================================================

🔍 开始验证...
验证进度: 500/686 损失=0.6896
验证进度: 686/686 损失=1.3718

📊 预测分布分析:
  - 预测的前5个类别: {np.int64(0): 282968, np.int64(1): 37116, np.int64(2): 14766, np.int64(3): 10604, np.int64(4): 9046}
  - 标签的前5个类别: {np.int64(0): 281232, np.int64(1): 36731, np.int64(2): 14789, np.int64(3): 10866, np.int64(4): 8585}
✅ 验证完成，耗时: 4.9秒 (0.1分钟)
训练损失: 0.0032
验证损失: 0.5920
验证准确率: 0.9660 (10591/10964) - 与Levenshtein高度相关
验证F1(加权): 0.9651 - 类别平衡更好
学习率: 0.000026
显存使用: 0.47GB (预留: 0.69GB)

生成的训练样本:
--------------------------------------------------------------------------------
输入:       MVL DMSKN> HW W<L >PJ >GRH HW
目标:     0 0 0 0 0 1 0 0 0 4 0 0 0 0 0 1 0 0 0 54 2 0 0 0 0 5 0 0 0 0
预测:     0 0 0 0 0 1 0 0 0 4 0 0 0 0 0 1 0 0 0 54 2 0 0 0 0 5 0 0 0 0
准确率:    1.0000 (30/30)
----------------------------------------
输入:       WL> HW> PTGM> WL> >T> HW HW
目标:     0 1 0 0 0 0 10 3 0 0 0 0 4 0 0 1 0 0 0 0 10 3 0 0 0 0 0 12
预测:     0 1 0 0 0 0 10 3 0 0 0 0 4 0 0 1 0 0 0 0 10 3 0 0 0 0 0 12
准确率:    1.0000 (28/28)
----------------------------------------
输入:       HW JWM> W<DM> LHC> L> >NC PSQ
目标:     0 0 12 0 0 0 4 0 0 1 0 0 0 0 0 1 0 4 0 0 0 0 0 0 0 2 0 0 0 7
预测:     0 0 12 0 0 0 4 0 0 1 0 0 0 0 0 1 0 4 0 0 0 0 0 0 0 2 0 0 0 7
准确率:    1.0000 (30/30)
----------------------------------------

生成的验证样本:
--------------------------------------------------------------------------------
输入:       YBJNH D>LH> LMSV> MN KL DBJC WKLJ
目标:     0 0 0 0 5 0 0 1 0 0 4 0 0 1 6 0 10 7 0 0 0 0 0 2 0 1 0 0 2 0 36 0 0 3
预测:     0 0 0 0 5 0 0 1 0 0 4 0 0 1 6 0 10 7 0 0 0 0 0 2 0 1 0 0 2 0 36 0 0 3
准确率:    1.0000 (34/34)
----------------------------------------
输入:       D>LH> LMSV> MN KL DBJC WKLJ XJLK
目标:     0 1 0 0 4 0 0 1 6 0 10 7 0 0 0 0 0 2 0 1 0 0 2 0 36 0 0 3 0 0 0 5 0
预测:     0 1 0 0 4 0 0 1 6 0 10 7 0 0 0 0 0 2 0 1 0 0 2 0 36 0 0 3 0 0 0 5 0
准确率:    1.0000 (33/33)
----------------------------------------
⏳ 验证无提升 (验证准确率: 0.9660 ≤ 0.9666)，patience: 4/50

======================================================================
🚀 Epoch 135/200
======================================================================
📚 开始训练阶段...
训练进度: 500/3164 损失=0.0003
训练进度: 1000/3164 损失=0.0036
训练进度: 1500/3164 损失=0.0021
训练进度: 2000/3164 损失=0.0004
训练进度: 2500/3164 损失=0.0014
训练进度: 3000/3164 损失=0.0018
训练进度: 3164/3164 损失=0.0000
✅ 训练完成，耗时: 57.2秒 (1.0分钟)

============================================================
📊 验证决策: Epoch 135/200
   验证间隔: 1
   是否验证: ✅ 是
   原因: 达到验证间隔 (0 == 0)
============================================================

🔍 开始验证...
验证进度: 500/686 损失=0.7717
验证进度: 686/686 损失=1.3582

📊 预测分布分析:
  - 预测的前5个类别: {np.int64(0): 283205, np.int64(1): 37108, np.int64(2): 14732, np.int64(3): 10752, np.int64(4): 9175}
  - 标签的前5个类别: {np.int64(0): 281232, np.int64(1): 36731, np.int64(2): 14789, np.int64(3): 10866, np.int64(4): 8585}
✅ 验证完成，耗时: 4.9秒 (0.1分钟)
训练损失: 0.0031
验证损失: 0.5939
验证准确率: 0.9665 (10597/10964) - 与Levenshtein高度相关
验证F1(加权): 0.9654 - 类别平衡更好
学习率: 0.000025
显存使用: 0.47GB (预留: 0.69GB)

生成的训练样本:
--------------------------------------------------------------------------------
输入:       WGWH DNXL> WTXWMH W<DM> LJBQ DNXL> DTXWM>
目标:     0 1 0 149 0 0 1 0 0 4 0 0 1 0 0 0 5 0 0 1 0 0 0 0 0 1 0 0 2 0 1 0 0 4 0 0 1 0 0 0 4 0
预测:     0 1 0 149 0 0 1 0 0 4 0 0 1 0 0 0 5 0 0 1 0 0 0 0 0 1 0 0 2 0 1 0 0 4 0 0 1 0 0 0 4 0
准确率:    1.0000 (42/42)
----------------------------------------
输入:       W>LJC< >MR L>NTT> D>XJ BRH QWMJ ZLJ
目标:     0 1 0 0 0 0 2 0 0 0 3 0 1 0 0 13 9 0 0 1 17 0 18 0 0 5 12 6 0 0 3 0 21 0 3 0
预测:     0 1 0 0 0 0 2 0 0 0 3 0 1 0 0 13 9 0 0 1 17 0 18 0 0 5 12 6 0 0 3 0 21 0 3 0
准确率:    1.0000 (36/36)
----------------------------------------
输入:       KLHWN PTGM> <M KLH >JSRJL W>MR LHWN
目标:     0 0 5 0 0 0 0 0 0 0 11 0 0 0 0 0 0 5 0 0 0 0 0 0 0 2 0 1 0 0 3 0 1 0 0 0
预测:     0 0 5 0 0 0 0 0 0 0 11 0 0 0 0 0 0 5 0 0 0 0 0 0 0 2 0 1 0 0 3 0 1 0 0 0
准确率:    1.0000 (36/36)
----------------------------------------

生成的验证样本:
--------------------------------------------------------------------------------
输入:       YBJNH D>LH> LMSV> MN KL DBJC WKLJ
目标:     0 0 0 0 5 0 0 1 0 0 4 0 0 1 6 0 10 7 0 0 0 0 0 2 0 1 0 0 2 0 36 0 0 3
预测:     0 0 0 0 5 0 0 1 0 0 4 0 0 1 6 0 10 7 0 0 0 0 0 2 0 1 0 0 2 0 36 0 0 3
准确率:    1.0000 (34/34)
----------------------------------------
输入:       D>LH> LMSV> MN KL DBJC WKLJ XJLK
目标:     0 1 0 0 4 0 0 1 6 0 10 7 0 0 0 0 0 2 0 1 0 0 2 0 36 0 0 3 0 0 0 5 0
预测:     0 1 0 0 4 0 0 1 6 0 10 7 0 0 0 0 0 2 0 1 0 0 2 0 36 0 0 3 0 0 0 5 0
准确率:    1.0000 (33/33)
----------------------------------------
⏳ 验证无提升 (验证准确率: 0.9665 ≤ 0.9666)，patience: 5/50

======================================================================
🚀 Epoch 136/200
======================================================================
📚 开始训练阶段...
训练进度: 500/3164 损失=0.0010
训练进度: 1000/3164 损失=0.0021
训练进度: 1500/3164 损失=0.0061
训练进度: 2000/3164 损失=0.0053
训练进度: 2500/3164 损失=0.0001
训练进度: 3000/3164 损失=0.0003
训练进度: 3164/3164 损失=0.0030
✅ 训练完成，耗时: 57.5秒 (1.0分钟)

============================================================
📊 验证决策: Epoch 136/200
   验证间隔: 1
   是否验证: ✅ 是
   原因: 达到验证间隔 (0 == 0)
============================================================

🔍 开始验证...
验证进度: 500/686 损失=0.6780
验证进度: 686/686 损失=1.2266

📊 预测分布分析:
  - 预测的前5个类别: {np.int64(0): 283217, np.int64(1): 37165, np.int64(2): 14680, np.int64(3): 10845, np.int64(4): 9064}
  - 标签的前5个类别: {np.int64(0): 281232, np.int64(1): 36731, np.int64(2): 14789, np.int64(3): 10866, np.int64(4): 8585}
✅ 验证完成，耗时: 4.9秒 (0.1分钟)
训练损失: 0.0031
验证损失: 0.5948
验证准确率: 0.9664 (10595/10964) - 与Levenshtein高度相关
验证F1(加权): 0.9652 - 类别平衡更好
学习率: 0.000024
显存使用: 0.48GB (预留: 0.69GB)

生成的训练样本:
--------------------------------------------------------------------------------
输入:       W>STR> DQJM> <LWHJ PSQ WBNJ MDBX> LMRJ>
目标:     0 1 0 0 0 111 0 0 1 20 0 7 0 0 0 8 1 0 0 6 0 0 16 0 36 0 0 3 0 0 0 0 4 0 0 1 0 0 0 2
预测:     0 1 0 0 0 111 0 0 1 20 0 7 0 0 0 8 1 0 0 6 0 0 16 0 36 0 0 3 0 0 0 0 4 0 0 1 0 0 0 2
准确率:    1.0000 (40/40)
----------------------------------------
输入:       CM< >JSRJL >NT <BR >NT JWMN> JWRDNN
目标:     6 0 0 3 0 0 0 0 0 0 2 0 0 0 0 0 0 0 7 0 0 0 0 0 0 0 0 4 0 0 0 0 0 0 0 2
预测:     6 0 0 3 0 0 0 0 0 0 2 0 0 0 0 0 0 0 7 0 0 0 0 0 0 0 0 4 0 0 0 0 0 0 0 2
准确率:    1.0000 (36/36)
----------------------------------------
输入:       XLM> W>MR LH XZJT BXLMJ KWK> DLXM>
目标:     0 0 0 15 0 0 1 0 0 3 0 1 0 0 0 0 3 0 0 1 0 0 37 0 0 0 0 4 0 0 1 0 0 4 0
预测:     0 0 0 15 0 0 1 0 0 3 0 1 0 0 0 0 3 0 0 1 0 0 37 0 0 0 0 4 0 0 1 0 0 4 0
准确率:    1.0000 (35/35)
----------------------------------------

生成的验证样本:
--------------------------------------------------------------------------------
输入:       YBJNH D>LH> LMSV> MN KL DBJC WKLJ
目标:     0 0 0 0 5 0 0 1 0 0 4 0 0 1 6 0 10 7 0 0 0 0 0 2 0 1 0 0 2 0 36 0 0 3
预测:     0 0 0 0 5 0 0 1 0 0 4 0 0 1 6 0 10 7 0 0 0 0 0 2 0 1 0 0 2 0 36 0 0 3
准确率:    1.0000 (34/34)
----------------------------------------
输入:       D>LH> LMSV> MN KL DBJC WKLJ XJLK
目标:     0 1 0 0 4 0 0 1 6 0 10 7 0 0 0 0 0 2 0 1 0 0 2 0 36 0 0 3 0 0 0 5 0
预测:     0 1 0 0 4 0 0 1 6 0 10 7 0 0 0 0 0 2 0 1 0 0 2 0 36 0 0 3 0 0 0 5 0
准确率:    1.0000 (33/33)
----------------------------------------
⏳ 验证无提升 (验证准确率: 0.9664 ≤ 0.9666)，patience: 6/50

======================================================================
🚀 Epoch 137/200
======================================================================
📚 开始训练阶段...
训练进度: 500/3164 损失=0.0063
训练进度: 1000/3164 损失=0.0012
训练进度: 1500/3164 损失=0.0003
训练进度: 2000/3164 损失=0.0009
训练进度: 2500/3164 损失=0.0010
训练进度: 3000/3164 损失=0.0000
训练进度: 3164/3164 损失=0.0007
✅ 训练完成，耗时: 57.3秒 (1.0分钟)

============================================================
📊 验证决策: Epoch 137/200
   验证间隔: 1
   是否验证: ✅ 是
   原因: 达到验证间隔 (0 == 0)
============================================================

🔍 开始验证...
验证进度: 500/686 损失=0.6971
验证进度: 686/686 损失=1.2055

📊 预测分布分析:
  - 预测的前5个类别: {np.int64(0): 283174, np.int64(1): 37121, np.int64(2): 14768, np.int64(3): 10721, np.int64(4): 9088}
  - 标签的前5个类别: {np.int64(0): 281232, np.int64(1): 36731, np.int64(2): 14789, np.int64(3): 10866, np.int64(4): 8585}
✅ 验证完成，耗时: 4.8秒 (0.1分钟)
训练损失: 0.0029
验证损失: 0.5954
验证准确率: 0.9662 (10593/10964) - 与Levenshtein高度相关
验证F1(加权): 0.9651 - 类别平衡更好
学习率: 0.000024
显存使用: 0.47GB (预留: 0.69GB)

生成的训练样本:
--------------------------------------------------------------------------------
输入:       >JKN> D>P MTDKR >N> LKWN BH WBKL
目标:     0 0 0 0 8 0 0 1 0 0 0 21 14 0 0 41 0 0 0 0 0 1 0 0 0 0 1 12 0 1 1 0 2
预测:     0 0 0 0 8 0 0 1 0 0 0 21 14 0 0 41 0 0 0 0 0 1 0 0 0 0 1 12 0 1 1 0 2
准确率:    1.0000 (33/33)
----------------------------------------
输入:       TWR> W>MR> WXMR> MVL DHNWN WB<JRHWN WMCKNJHWN
目标:     0 0 0 11 0 0 1 0 0 30 0 0 1 0 0 11 0 0 0 0 0 0 1 0 0 0 0 0 1 0 0 0 5 0 0 0 0 1 0 0 0 2 1 0 0 0
预测:     0 0 0 11 0 0 1 0 0 30 0 0 1 0 0 11 0 0 0 0 0 0 1 0 0 0 0 0 1 0 0 0 5 0 0 0 0 1 0 0 0 2 1 0 0 0
准确率:    1.0000 (46/46)
----------------------------------------
输入:       BMDJNT> D<LM> NHLK VB WBJC B>NC> NKS>
目标:     0 1 0 0 0 13 23 0 0 1 0 0 4 0 0 6 0 0 16 0 0 2 0 1 0 0 2 0 1 0 0 4 0 0 6 0 10 16
预测:     0 1 0 0 0 13 23 0 0 1 0 0 4 0 0 6 0 0 16 0 0 2 0 1 0 0 2 0 1 0 0 4 0 0 6 0 10 16
准确率:    1.0000 (38/38)
----------------------------------------

生成的验证样本:
--------------------------------------------------------------------------------
输入:       YBJNH D>LH> LMSV> MN KL DBJC WKLJ
目标:     0 0 0 0 5 0 0 1 0 0 4 0 0 1 6 0 10 7 0 0 0 0 0 2 0 1 0 0 2 0 36 0 0 3
预测:     0 0 0 0 5 0 0 1 0 0 4 0 0 1 6 0 10 7 0 0 0 0 0 2 0 1 0 0 2 0 36 0 0 3
准确率:    1.0000 (34/34)
----------------------------------------
输入:       D>LH> LMSV> MN KL DBJC WKLJ XJLK
目标:     0 1 0 0 4 0 0 1 6 0 10 7 0 0 0 0 0 2 0 1 0 0 2 0 36 0 0 3 0 0 0 5 0
预测:     0 1 0 0 4 0 0 1 6 0 10 7 0 0 0 0 0 2 0 1 0 0 2 0 36 0 0 3 0 0 0 5 0
准确率:    1.0000 (33/33)
----------------------------------------
⏳ 验证无提升 (验证准确率: 0.9662 ≤ 0.9666)，patience: 7/50

======================================================================
🚀 Epoch 138/200
======================================================================
📚 开始训练阶段...
训练进度: 500/3164 损失=0.0007
训练进度: 1000/3164 损失=0.0114
训练进度: 1500/3164 损失=0.0004
训练进度: 2000/3164 损失=0.0017
训练进度: 2500/3164 损失=0.0199
训练进度: 3000/3164 损失=0.0009
训练进度: 3164/3164 损失=0.0004
✅ 训练完成，耗时: 57.4秒 (1.0分钟)

============================================================
📊 验证决策: Epoch 138/200
   验证间隔: 1
   是否验证: ✅ 是
   原因: 达到验证间隔 (0 == 0)
============================================================

🔍 开始验证...
验证进度: 500/686 损失=0.6555
验证进度: 686/686 损失=1.1764

📊 预测分布分析:
  - 预测的前5个类别: {np.int64(0): 283069, np.int64(1): 37161, np.int64(2): 14709, np.int64(3): 10705, np.int64(4): 8950}
  - 标签的前5个类别: {np.int64(0): 281232, np.int64(1): 36731, np.int64(2): 14789, np.int64(3): 10866, np.int64(4): 8585}
✅ 验证完成，耗时: 4.8秒 (0.1分钟)
训练损失: 0.0029
验证损失: 0.5992
验证准确率: 0.9662 (10593/10964) - 与Levenshtein高度相关
验证F1(加权): 0.9652 - 类别平衡更好
学习率: 0.000023
显存使用: 0.47GB (预留: 0.69GB)

生成的训练样本:
--------------------------------------------------------------------------------
输入:       LH CWCBJN> W>MR LHWN CMCWN >XD >N>
目标:     0 1 0 0 0 0 0 0 0 11 0 0 1 0 0 3 0 1 0 0 0 0 0 0 0 0 2 0 0 0 7 0 0 0 0
预测:     0 1 0 0 0 0 0 0 0 11 0 0 1 0 0 3 0 1 0 0 0 0 0 0 0 0 2 0 0 0 7 0 0 0 0
准确率:    1.0000 (35/35)
----------------------------------------
输入:       BCMRJN <M <M BQWRJHWN KR DHNWN JTBJN
目标:     0 1 0 0 0 0 2 0 0 22 0 0 22 0 1 0 0 100 1 0 0 0 0 0 0 0 1 0 0 0 0 0 0 0 7 0 0
预测:     0 1 0 0 0 0 2 0 0 22 0 0 22 0 1 0 0 100 1 0 0 0 0 0 0 0 1 0 0 0 0 0 0 0 7 0 0
准确率:    1.0000 (37/37)
----------------------------------------
输入:       LBCT LGD<WN WQ<> BCJPWR> WQR> >JZR<JL BTRH
目标:     0 0 0 3 26 0 1 0 0 0 0 2 0 1 0 10 3 0 1 0 0 0 0 4 0 0 1 0 10 3 0 0 0 0 0 0 0 2 0 0 0 1 0
预测:     0 0 0 3 26 0 1 0 0 0 0 2 0 1 0 10 3 0 1 0 0 0 0 4 0 0 1 0 10 3 0 0 0 0 0 0 0 2 0 0 0 1 0
准确率:    1.0000 (43/43)
----------------------------------------

生成的验证样本:
--------------------------------------------------------------------------------
输入:       YBJNH D>LH> LMSV> MN KL DBJC WKLJ
目标:     0 0 0 0 5 0 0 1 0 0 4 0 0 1 6 0 10 7 0 0 0 0 0 2 0 1 0 0 2 0 36 0 0 3
预测:     0 0 0 0 5 0 0 1 0 0 4 0 0 1 6 0 10 7 0 0 0 0 0 2 0 1 0 0 2 0 36 0 0 3
准确率:    1.0000 (34/34)
----------------------------------------
输入:       D>LH> LMSV> MN KL DBJC WKLJ XJLK
目标:     0 1 0 0 4 0 0 1 6 0 10 7 0 0 0 0 0 2 0 1 0 0 2 0 36 0 0 3 0 0 0 5 0
预测:     0 1 0 0 4 0 0 1 6 0 10 7 0 0 0 0 0 2 0 1 0 0 2 0 36 0 0 3 0 0 0 5 0
准确率:    1.0000 (33/33)
----------------------------------------
⏳ 验证无提升 (验证准确率: 0.9662 ≤ 0.9666)，patience: 8/50

======================================================================
🚀 Epoch 139/200
======================================================================
📚 开始训练阶段...
训练进度: 500/3164 损失=0.0004
训练进度: 1000/3164 损失=0.0003
训练进度: 1500/3164 损失=0.0005
训练进度: 2000/3164 损失=0.0041
训练进度: 2500/3164 损失=0.0278
训练进度: 3000/3164 损失=0.0006
训练进度: 3164/3164 损失=0.0055
✅ 训练完成，耗时: 57.6秒 (1.0分钟)

============================================================
📊 验证决策: Epoch 139/200
   验证间隔: 1
   是否验证: ✅ 是
   原因: 达到验证间隔 (0 == 0)
============================================================

🔍 开始验证...
验证进度: 500/686 损失=0.6804
验证进度: 686/686 损失=1.1838

📊 预测分布分析:
  - 预测的前5个类别: {np.int64(0): 283144, np.int64(1): 37073, np.int64(2): 14739, np.int64(3): 10670, np.int64(4): 8865}
  - 标签的前5个类别: {np.int64(0): 281232, np.int64(1): 36731, np.int64(2): 14789, np.int64(3): 10866, np.int64(4): 8585}
✅ 验证完成，耗时: 4.8秒 (0.1分钟)
训练损失: 0.0028
验证损失: 0.6015
验证准确率: 0.9662 (10593/10964) - 与Levenshtein高度相关
验证F1(加权): 0.9652 - 类别平衡更好
学习率: 0.000022
显存使用: 0.47GB (预留: 0.69GB)

生成的训练样本:
--------------------------------------------------------------------------------
输入:       >L> BHD> BHD> MTTQL XNWJ> DJN L>
目标:     0 88 0 0 0 1 0 0 0 0 1 0 0 0 0 21 14 0 0 7 0 0 0 0 4 0 0 0 0 0 0 0 0
预测:     0 88 0 0 0 1 0 0 0 0 1 0 0 0 0 21 14 0 0 7 0 0 0 0 4 0 0 0 0 0 0 0 0
准确率:    1.0000 (33/33)
----------------------------------------
输入:       WLBHWN CW> LLBK W>N MB>C LK LNPCH
目标:     0 1 0 5 0 0 0 0 0 10 7 0 1 0 5 0 0 1 0 0 0 28 0 0 7 0 1 0 0 1 0 0 5 0
预测:     0 1 0 5 0 0 0 0 0 10 7 0 1 0 5 0 0 1 0 0 0 28 0 0 7 0 1 0 0 1 0 0 5 0
准确率:    1.0000 (34/34)
----------------------------------------
输入:       >JK MJ> XJ> XMR> LBRNC> KD NCTJWHJ
目标:     0 0 0 0 0 24 9 0 0 0 30 0 0 0 0 4 0 0 1 0 84 0 4 0 0 0 0 0 6 0 0 86 0 0 0
预测:     0 0 0 0 0 24 9 0 0 0 30 0 0 0 0 4 0 0 1 0 84 0 4 0 0 0 0 0 6 0 0 86 0 0 0
准确率:    1.0000 (35/35)
----------------------------------------

生成的验证样本:
--------------------------------------------------------------------------------
输入:       YBJNH D>LH> LMSV> MN KL DBJC WKLJ
目标:     0 0 0 0 5 0 0 1 0 0 4 0 0 1 6 0 10 7 0 0 0 0 0 2 0 1 0 0 2 0 36 0 0 3
预测:     0 0 0 0 5 0 0 1 0 0 4 0 0 1 6 0 10 7 0 0 0 0 0 2 0 1 0 0 2 0 36 0 0 3
准确率:    1.0000 (34/34)
----------------------------------------
输入:       D>LH> LMSV> MN KL DBJC WKLJ XJLK
目标:     0 1 0 0 4 0 0 1 6 0 10 7 0 0 0 0 0 2 0 1 0 0 2 0 36 0 0 3 0 0 0 5 0
预测:     0 1 0 0 4 0 0 1 6 0 10 7 0 0 0 0 0 2 0 1 0 0 2 0 36 0 0 3 0 0 0 5 0
准确率:    1.0000 (33/33)
----------------------------------------
⏳ 验证无提升 (验证准确率: 0.9662 ≤ 0.9666)，patience: 9/50

======================================================================
🚀 Epoch 140/200
======================================================================
📚 开始训练阶段...
训练进度: 500/3164 损失=0.0082
训练进度: 1000/3164 损失=0.0017
训练进度: 1500/3164 损失=0.0005
训练进度: 2000/3164 损失=0.0019
训练进度: 2500/3164 损失=0.0001
训练进度: 3000/3164 损失=0.0001
训练进度: 3164/3164 损失=0.0188
✅ 训练完成，耗时: 57.6秒 (1.0分钟)

============================================================
📊 验证决策: Epoch 140/200
   验证间隔: 1
   是否验证: ✅ 是
   原因: 达到验证间隔 (0 == 0)
============================================================

🔍 开始验证...
验证进度: 500/686 损失=0.7539
验证进度: 686/686 损失=1.3417

📊 预测分布分析:
  - 预测的前5个类别: {np.int64(0): 283184, np.int64(1): 37077, np.int64(2): 14727, np.int64(3): 10810, np.int64(4): 9035}
  - 标签的前5个类别: {np.int64(0): 281232, np.int64(1): 36731, np.int64(2): 14789, np.int64(3): 10866, np.int64(4): 8585}
✅ 验证完成，耗时: 4.8秒 (0.1分钟)
训练损失: 0.0026
验证损失: 0.6105
验证准确率: 0.9662 (10593/10964) - 与Levenshtein高度相关
验证F1(加权): 0.9651 - 类别平衡更好
学习率: 0.000022
显存使用: 0.47GB (预留: 0.69GB)

生成的训练样本:
--------------------------------------------------------------------------------
输入:       WLTDMWR DB>R<> DMDBR> WLKLHJN QWRJ> DBJT GZ>
目标:     0 1 1 0 0 0 0 2 0 1 1 0 0 4 0 0 1 0 0 0 4 0 0 1 1 0 5 0 0 0 0 0 0 0 13 0 0 1 0 0 2 0 0 4 0
预测:     0 1 1 0 0 0 0 2 0 1 1 0 0 4 0 0 1 0 0 0 4 0 0 1 1 0 5 0 0 0 0 0 0 0 13 0 0 1 0 0 2 0 0 4 0
准确率:    1.0000 (45/45)
----------------------------------------
输入:       G<L BR <PR MNW >BJMLK WMNW CKJM
目标:     0 0 0 2 0 0 2 0 0 0 22 0 0 71 0 0 0 0 0 0 0 2 0 1 0 71 0 0 0 0 0 2
预测:     0 0 0 2 0 0 2 0 0 0 22 0 0 71 0 0 0 0 0 0 0 2 0 1 0 71 0 0 0 0 0 2
准确率:    1.0000 (32/32)
----------------------------------------
输入:       HW PWRQN> <L <MK BWRKTK L<LM KD
目标:     0 0 0 0 0 0 0 0 4 0 0 0 0 0 0 37 0 0 0 0 0 13 1 0 0 1 0 0 2 0 0 0
预测:     0 0 0 0 0 0 0 0 4 0 0 0 0 0 0 37 0 0 0 0 0 13 1 0 0 1 0 0 2 0 0 0
准确率:    1.0000 (32/32)
----------------------------------------

生成的验证样本:
--------------------------------------------------------------------------------
输入:       YBJNH D>LH> LMSV> MN KL DBJC WKLJ
目标:     0 0 0 0 5 0 0 1 0 0 4 0 0 1 6 0 10 7 0 0 0 0 0 2 0 1 0 0 2 0 36 0 0 3
预测:     0 0 0 0 5 0 0 1 0 0 4 0 0 1 6 0 10 7 0 0 0 0 0 2 0 1 0 0 2 0 36 0 0 3
准确率:    1.0000 (34/34)
----------------------------------------
输入:       D>LH> LMSV> MN KL DBJC WKLJ XJLK
目标:     0 1 0 0 4 0 0 1 6 0 10 7 0 0 0 0 0 2 0 1 0 0 2 0 36 0 0 3 0 0 0 5 0
预测:     0 1 0 0 4 0 0 1 6 0 10 7 0 0 0 0 0 2 0 1 0 0 2 0 36 0 0 3 0 0 0 5 0
准确率:    1.0000 (33/33)
----------------------------------------
⏳ 验证无提升 (验证准确率: 0.9662 ≤ 0.9666)，patience: 10/50

======================================================================
🚀 Epoch 141/200
======================================================================
📚 开始训练阶段...
训练进度: 500/3164 损失=0.0004
训练进度: 1000/3164 损失=0.0001
训练进度: 1500/3164 损失=0.0001
训练进度: 2000/3164 损失=0.0076
训练进度: 2500/3164 损失=0.0051
训练进度: 3000/3164 损失=0.0005
训练进度: 3164/3164 损失=0.0109
✅ 训练完成，耗时: 57.3秒 (1.0分钟)

============================================================
📊 验证决策: Epoch 141/200
   验证间隔: 1
   是否验证: ✅ 是
   原因: 达到验证间隔 (0 == 0)
============================================================

🔍 开始验证...
验证进度: 500/686 损失=0.6980
验证进度: 686/686 损失=1.3758

📊 预测分布分析:
  - 预测的前5个类别: {np.int64(0): 283222, np.int64(1): 37086, np.int64(2): 14695, np.int64(3): 10758, np.int64(4): 8969}
  - 标签的前5个类别: {np.int64(0): 281232, np.int64(1): 36731, np.int64(2): 14789, np.int64(3): 10866, np.int64(4): 8585}
✅ 验证完成，耗时: 4.8秒 (0.1分钟)
训练损失: 0.0026
验证损失: 0.6098
验证准确率: 0.9663 (10594/10964) - 与Levenshtein高度相关
验证F1(加权): 0.9653 - 类别平衡更好
学习率: 0.000021
显存使用: 0.48GB (预留: 0.69GB)

生成的训练样本:
--------------------------------------------------------------------------------
输入:       QJMJN W>MR BRJK HW MRJ> >LH> D>JSRJL
目标:     0 20 0 7 0 0 0 1 0 0 3 0 0 8 0 40 0 0 0 0 0 0 0 2 0 0 0 4 0 0 1 0 0 0 0 0 2
预测:     0 20 0 7 0 0 0 1 0 0 3 0 0 8 0 40 0 0 0 0 0 0 0 2 0 0 0 4 0 0 1 0 0 0 0 0 2
准确率:    1.0000 (37/37)
----------------------------------------
输入:       BRJK WKWRSJH DDWJD NHW> MTQN QDM MRJ>
目标:     0 0 8 0 40 0 1 0 0 0 0 5 0 0 1 0 0 0 2 0 6 0 10 3 0 28 0 0 40 0 0 0 2 0 0 0 0 2
预测:     0 0 8 0 40 0 1 0 0 0 0 5 0 0 1 0 0 0 2 0 6 0 10 3 0 28 0 0 40 0 0 0 2 0 0 0 0 2
准确率:    1.0000 (38/38)
----------------------------------------
输入:       WBJC XJ> WMWT> WDCLJV BLCNH NTPY> MN
目标:     0 1 0 0 2 0 0 11 0 0 1 0 0 15 0 0 1 1 0 8 0 40 0 1 0 0 5 0 0 21 14 0 10 16 0 0 0
预测:     0 1 0 0 2 0 0 11 0 0 1 0 0 15 0 0 1 1 0 8 0 40 0 1 0 0 5 0 0 21 14 0 10 16 0 0 0
准确率:    1.0000 (37/37)
----------------------------------------

生成的验证样本:
--------------------------------------------------------------------------------
输入:       YBJNH D>LH> LMSV> MN KL DBJC WKLJ
目标:     0 0 0 0 5 0 0 1 0 0 4 0 0 1 6 0 10 7 0 0 0 0 0 2 0 1 0 0 2 0 36 0 0 3
预测:     0 0 0 0 5 0 0 1 0 0 4 0 0 1 6 0 10 7 0 0 0 0 0 2 0 1 0 0 2 0 36 0 0 3
准确率:    1.0000 (34/34)
----------------------------------------
输入:       D>LH> LMSV> MN KL DBJC WKLJ XJLK
目标:     0 1 0 0 4 0 0 1 6 0 10 7 0 0 0 0 0 2 0 1 0 0 2 0 36 0 0 3 0 0 0 5 0
预测:     0 1 0 0 4 0 0 1 6 0 10 7 0 0 0 0 0 2 0 1 0 0 2 0 36 0 0 3 0 0 0 5 0
准确率:    1.0000 (33/33)
----------------------------------------
⏳ 验证无提升 (验证准确率: 0.9663 ≤ 0.9666)，patience: 11/50

======================================================================
🚀 Epoch 142/200
======================================================================
📚 开始训练阶段...
训练进度: 500/3164 损失=0.0125
训练进度: 1000/3164 损失=0.0079
训练进度: 1500/3164 损失=0.0003
训练进度: 2000/3164 损失=0.0005
训练进度: 2500/3164 损失=0.0018
训练进度: 3000/3164 损失=0.0076
训练进度: 3164/3164 损失=0.0001
✅ 训练完成，耗时: 57.7秒 (1.0分钟)

============================================================
📊 验证决策: Epoch 142/200
   验证间隔: 1
   是否验证: ✅ 是
   原因: 达到验证间隔 (0 == 0)
============================================================

🔍 开始验证...
验证进度: 500/686 损失=0.6954
验证进度: 686/686 损失=1.3233

📊 预测分布分析:
  - 预测的前5个类别: {np.int64(0): 282963, np.int64(1): 37120, np.int64(2): 14686, np.int64(3): 10746, np.int64(4): 8810}
  - 标签的前5个类别: {np.int64(0): 281232, np.int64(1): 36731, np.int64(2): 14789, np.int64(3): 10866, np.int64(4): 8585}
✅ 验证完成，耗时: 4.8秒 (0.1分钟)
训练损失: 0.0025
验证损失: 0.6130
验证准确率: 0.9663 (10594/10964) - 与Levenshtein高度相关
验证F1(加权): 0.9654 - 类别平衡更好
学习率: 0.000020
显存使用: 0.47GB (预留: 0.69GB)

生成的训练样本:
--------------------------------------------------------------------------------
输入:       L>JLT W>WTBH LJHWD> MN BTR DCKB MLK>
目标:     0 1 0 0 0 2 0 1 50 0 0 29 12 0 1 0 0 0 0 2 0 0 0 0 0 0 0 0 1 0 0 3 0 0 0 4 0
预测:     0 1 0 0 0 2 0 1 50 0 0 29 12 0 1 0 0 0 0 2 0 0 0 0 0 0 0 0 1 0 0 3 0 0 0 4 0
准确率:    1.0000 (37/37)
----------------------------------------
输入:       TRJN ZWGJN DRKB> DRKC> W>ZLW BTRHWN <DM>
目标:     0 0 2 0 12 0 0 0 2 0 0 0 1 0 0 30 0 0 1 0 0 11 0 0 1 0 0 3 0 0 0 0 1 0 0 0 0 0 0 0 0
预测:     0 0 2 0 12 0 0 0 2 0 0 0 1 0 0 30 0 0 1 0 0 11 0 0 1 0 0 3 0 0 0 0 1 0 0 0 0 0 0 0 0
准确率:    1.0000 (41/41)
----------------------------------------
输入:       L> CLM HNW DJN CMH LPWRQN> DHW>
目标:     0 0 0 0 0 0 7 0 0 81 0 0 0 0 0 0 0 5 0 0 1 0 0 0 0 4 0 0 1 0 10 3
预测:     0 0 0 0 0 0 7 0 0 81 0 0 0 0 0 0 0 5 0 0 1 0 0 0 0 4 0 0 1 0 10 3
准确率:    1.0000 (32/32)
----------------------------------------

生成的验证样本:
--------------------------------------------------------------------------------
输入:       YBJNH D>LH> LMSV> MN KL DBJC WKLJ
目标:     0 0 0 0 5 0 0 1 0 0 4 0 0 1 6 0 10 7 0 0 0 0 0 2 0 1 0 0 2 0 36 0 0 3
预测:     0 0 0 0 5 0 0 1 0 0 4 0 0 1 6 0 10 7 0 0 0 0 0 2 0 1 0 0 2 0 36 0 0 3
准确率:    1.0000 (34/34)
----------------------------------------
输入:       D>LH> LMSV> MN KL DBJC WKLJ XJLK
目标:     0 1 0 0 4 0 0 1 6 0 10 7 0 0 0 0 0 2 0 1 0 0 2 0 36 0 0 3 0 0 0 5 0
预测:     0 1 0 0 4 0 0 1 6 0 10 7 0 0 0 0 0 2 0 1 0 0 2 0 36 0 0 3 0 0 0 5 0
准确率:    1.0000 (33/33)
----------------------------------------
⏳ 验证无提升 (验证准确率: 0.9663 ≤ 0.9666)，patience: 12/50

======================================================================
🚀 Epoch 143/200
======================================================================
📚 开始训练阶段...
训练进度: 500/3164 损失=0.0001
训练进度: 1000/3164 损失=0.0006
训练进度: 1500/3164 损失=0.0001
训练进度: 2000/3164 损失=0.0028
训练进度: 2500/3164 损失=0.0001
训练进度: 3000/3164 损失=0.0000
训练进度: 3164/3164 损失=0.0104
✅ 训练完成，耗时: 57.9秒 (1.0分钟)

============================================================
📊 验证决策: Epoch 143/200
   验证间隔: 1
   是否验证: ✅ 是
   原因: 达到验证间隔 (0 == 0)
============================================================

🔍 开始验证...
验证进度: 500/686 损失=0.6735
验证进度: 686/686 损失=1.4296

📊 预测分布分析:
  - 预测的前5个类别: {np.int64(0): 283352, np.int64(1): 37105, np.int64(2): 14681, np.int64(3): 10654, np.int64(4): 8897}
  - 标签的前5个类别: {np.int64(0): 281232, np.int64(1): 36731, np.int64(2): 14789, np.int64(3): 10866, np.int64(4): 8585}
✅ 验证完成，耗时: 4.8秒 (0.1分钟)
训练损失: 0.0024
验证损失: 0.6233
验证准确率: 0.9661 (10592/10964) - 与Levenshtein高度相关
验证F1(加权): 0.9651 - 类别平衡更好
学习率: 0.000020
显存使用: 0.47GB (预留: 0.69GB)

生成的训练样本:
--------------------------------------------------------------------------------
输入:       BMTLL> DXKJM> W>DN> DCM<> TXD> BXKJM> NWR>
目标:     0 1 0 8 0 11 0 0 1 0 0 0 11 0 0 1 0 0 4 0 0 1 0 0 7 0 0 44 0 10 16 0 1 0 0 0 11 0 0 0 0 4 0
预测:     0 1 0 8 0 11 0 0 1 0 0 0 11 0 0 1 0 0 4 0 0 1 0 0 7 0 0 44 0 10 16 0 1 0 0 0 11 0 0 0 0 4 0
准确率:    1.0000 (43/43)
----------------------------------------
输入:       <LT> LMRJ> TSQJH MVL DL> JD< HW>
目标:     0 0 70 9 0 0 1 0 0 0 2 0 28 64 48 1 12 0 0 0 0 0 1 0 0 0 0 0 7 0 0 10 3
预测:     0 0 70 9 0 0 1 0 0 0 2 0 28 64 48 1 12 0 0 0 0 0 1 0 0 0 0 0 7 0 0 10 3
准确率:    1.0000 (33/33)
----------------------------------------
输入:       DXBL> HWJ WMDM DNSBJNN L> MTXBLN >P
目标:     0 1 0 0 55 0 0 0 0 80 0 1 0 0 2 0 1 0 0 7 87 0 0 0 0 0 0 21 14 0 0 7 0 0 0 0
预测:     0 1 0 0 55 0 0 0 0 80 0 1 0 0 2 0 1 0 0 7 87 0 0 0 0 0 0 21 14 0 0 7 0 0 0 0
准确率:    1.0000 (36/36)
----------------------------------------

生成的验证样本:
--------------------------------------------------------------------------------
输入:       YBJNH D>LH> LMSV> MN KL DBJC WKLJ
目标:     0 0 0 0 5 0 0 1 0 0 4 0 0 1 6 0 10 7 0 0 0 0 0 2 0 1 0 0 2 0 36 0 0 3
预测:     0 0 0 0 5 0 0 1 0 0 4 0 0 1 6 0 10 7 0 0 0 0 0 2 0 1 0 0 2 0 36 0 0 3
准确率:    1.0000 (34/34)
----------------------------------------
输入:       D>LH> LMSV> MN KL DBJC WKLJ XJLK
目标:     0 1 0 0 4 0 0 1 6 0 10 7 0 0 0 0 0 2 0 1 0 0 2 0 36 0 0 3 0 0 0 5 0
预测:     0 1 0 0 4 0 0 1 6 0 10 7 0 0 0 0 0 2 0 1 0 0 2 0 36 0 0 3 0 0 0 5 0
准确率:    1.0000 (33/33)
----------------------------------------
⏳ 验证无提升 (验证准确率: 0.9661 ≤ 0.9666)，patience: 13/50

======================================================================
🚀 Epoch 144/200
======================================================================
📚 开始训练阶段...
训练进度: 500/3164 损失=0.0052
训练进度: 1000/3164 损失=0.0002
训练进度: 1500/3164 损失=0.0002
训练进度: 2000/3164 损失=0.0006
训练进度: 2500/3164 损失=0.0001
训练进度: 3000/3164 损失=0.0001
训练进度: 3164/3164 损失=0.0001
✅ 训练完成，耗时: 57.8秒 (1.0分钟)

============================================================
📊 验证决策: Epoch 144/200
   验证间隔: 1
   是否验证: ✅ 是
   原因: 达到验证间隔 (0 == 0)
============================================================

🔍 开始验证...
验证进度: 500/686 损失=0.7318
验证进度: 686/686 损失=1.3138

📊 预测分布分析:
  - 预测的前5个类别: {np.int64(0): 283211, np.int64(1): 37099, np.int64(2): 14713, np.int64(3): 10756, np.int64(4): 8932}
  - 标签的前5个类别: {np.int64(0): 281232, np.int64(1): 36731, np.int64(2): 14789, np.int64(3): 10866, np.int64(4): 8585}
✅ 验证完成，耗时: 4.8秒 (0.1分钟)
训练损失: 0.0024
验证损失: 0.6154
验证准确率: 0.9663 (10594/10964) - 与Levenshtein高度相关
验证F1(加权): 0.9653 - 类别平衡更好
学习率: 0.000019
显存使用: 0.47GB (预留: 0.69GB)

生成的训练样本:
--------------------------------------------------------------------------------
输入:       >P <L XMR> L> TTGBR MVL DLSGJ>>
目标:     0 0 0 0 0 0 0 0 0 4 0 0 0 0 0 21 14 0 0 77 0 0 0 0 0 1 1 0 0 0 11 0
预测:     0 0 0 0 0 0 0 0 0 4 0 0 0 0 0 21 14 0 0 77 0 0 0 0 0 1 1 0 0 0 11 0
准确率:    1.0000 (32/32)
----------------------------------------
输入:       HW MHJMN> WL> HW> <WL> ZDJQ> WTRJY>
目标:     0 0 0 0 6 0 0 0 43 19 0 1 0 0 0 0 10 3 0 0 0 4 0 0 0 0 0 4 0 0 1 0 8 0 43 27
预测:     0 0 0 0 6 0 0 0 43 19 0 1 0 0 0 0 10 3 0 0 0 4 0 0 0 0 0 4 0 0 1 0 8 0 43 27
准确率:    1.0000 (36/36)
----------------------------------------
输入:       >WD< >NWN WTCBWXT> D>JQRH XZW B<JNJHWN W>JQR
目标:     0 50 0 0 3 0 0 0 0 0 0 1 0 0 8 0 13 9 0 0 1 0 0 0 5 12 0 0 18 0 0 1 0 0 2 1 0 0 0 0 1 0 0 0 2
预测:     0 50 0 0 3 0 0 0 0 0 0 1 0 0 8 0 13 9 0 0 1 0 0 0 5 12 0 0 18 0 0 1 0 0 2 1 0 0 0 0 1 0 0 0 2
准确率:    1.0000 (45/45)
----------------------------------------

生成的验证样本:
--------------------------------------------------------------------------------
输入:       YBJNH D>LH> LMSV> MN KL DBJC WKLJ
目标:     0 0 0 0 5 0 0 1 0 0 4 0 0 1 6 0 10 7 0 0 0 0 0 2 0 1 0 0 2 0 36 0 0 3
预测:     0 0 0 0 5 0 0 1 0 0 4 0 0 1 6 0 10 7 0 0 0 0 0 2 0 1 0 0 2 0 36 0 0 3
准确率:    1.0000 (34/34)
----------------------------------------
输入:       D>LH> LMSV> MN KL DBJC WKLJ XJLK
目标:     0 1 0 0 4 0 0 1 6 0 10 7 0 0 0 0 0 2 0 1 0 0 2 0 36 0 0 3 0 0 0 5 0
预测:     0 1 0 0 4 0 0 1 6 0 10 7 0 0 0 0 0 2 0 1 0 0 2 0 36 0 0 3 0 0 0 5 0
准确率:    1.0000 (33/33)
----------------------------------------
⏳ 验证无提升 (验证准确率: 0.9663 ≤ 0.9666)，patience: 14/50

======================================================================
🚀 Epoch 145/200
======================================================================
📚 开始训练阶段...
训练进度: 500/3164 损失=0.0004
训练进度: 1000/3164 损失=0.0000
训练进度: 1500/3164 损失=0.0008
训练进度: 2000/3164 损失=0.0000
训练进度: 2500/3164 损失=0.0113
训练进度: 3000/3164 损失=0.0003
训练进度: 3164/3164 损失=0.0002
✅ 训练完成，耗时: 57.4秒 (1.0分钟)

============================================================
📊 验证决策: Epoch 145/200
   验证间隔: 1
   是否验证: ✅ 是
   原因: 达到验证间隔 (0 == 0)
============================================================

🔍 开始验证...
验证进度: 500/686 损失=0.6837
验证进度: 686/686 损失=1.4206

📊 预测分布分析:
  - 预测的前5个类别: {np.int64(0): 283200, np.int64(1): 37112, np.int64(2): 14778, np.int64(3): 10799, np.int64(4): 8947}
  - 标签的前5个类别: {np.int64(0): 281232, np.int64(1): 36731, np.int64(2): 14789, np.int64(3): 10866, np.int64(4): 8585}
✅ 验证完成，耗时: 4.8秒 (0.1分钟)
训练损失: 0.0024
验证损失: 0.6225
验证准确率: 0.9664 (10596/10964) - 与Levenshtein高度相关
验证F1(加权): 0.9654 - 类别平衡更好
学习率: 0.000019
显存使用: 0.47GB (预留: 0.69GB)

生成的训练样本:
--------------------------------------------------------------------------------
输入:       BRWK BR NRJ> L>X> D>CTBJW RXM> >P
目标:     0 0 0 0 22 0 0 2 0 0 0 0 2 0 1 0 11 0 0 1 47 39 0 0 3 0 0 0 0 30 0 0 0 0
预测:     0 0 0 0 22 0 0 2 0 0 0 0 2 0 1 0 11 0 0 1 47 39 0 0 3 0 0 0 0 30 0 0 0 0
准确率:    1.0000 (34/34)
----------------------------------------
输入:       BRNC> LBR >NC> NVR RWGZ> MN QDM
目标:     0 0 84 0 4 0 0 1 0 2 0 0 0 4 0 0 0 0 7 0 0 0 0 4 0 0 0 0 0 0 0 2
预测:     0 0 84 0 4 0 0 1 0 2 0 0 0 4 0 0 0 0 7 0 0 0 0 4 0 0 0 0 0 0 0 2
准确率:    1.0000 (32/32)
----------------------------------------
输入:       LMW>BJ> B>JDJKWN WTXRBWN KWL QWRJ> <CJNT> WKL
目标:     0 1 0 0 0 0 11 0 0 35 0 0 2 1 0 0 0 0 1 6 0 0 3 0 0 0 8 0 2 0 0 0 0 13 0 0 0 8 0 7 23 27 0 1 0 2
预测:     0 1 0 0 0 0 11 0 0 35 0 0 2 1 0 0 0 0 1 6 0 0 3 0 0 0 8 0 2 0 0 0 0 13 0 0 0 8 0 7 23 27 0 1 0 2
准确率:    1.0000 (46/46)
----------------------------------------

生成的验证样本:
--------------------------------------------------------------------------------
输入:       YBJNH D>LH> LMSV> MN KL DBJC WKLJ
目标:     0 0 0 0 5 0 0 1 0 0 4 0 0 1 6 0 10 7 0 0 0 0 0 2 0 1 0 0 2 0 36 0 0 3
预测:     0 0 0 0 5 0 0 1 0 0 4 0 0 1 6 0 10 7 0 0 0 0 0 2 0 1 0 0 2 0 36 0 0 3
准确率:    1.0000 (34/34)
----------------------------------------
输入:       D>LH> LMSV> MN KL DBJC WKLJ XJLK
目标:     0 1 0 0 4 0 0 1 6 0 10 7 0 0 0 0 0 2 0 1 0 0 2 0 36 0 0 3 0 0 0 5 0
预测:     0 1 0 0 4 0 0 1 6 0 10 7 0 0 0 0 0 2 0 1 0 0 2 0 36 0 0 3 0 0 0 5 0
准确率:    1.0000 (33/33)
----------------------------------------
⏳ 验证无提升 (验证准确率: 0.9664 ≤ 0.9666)，patience: 15/50

======================================================================
🚀 Epoch 146/200
======================================================================
📚 开始训练阶段...
训练进度: 500/3164 损失=0.0000
训练进度: 1000/3164 损失=0.0002
训练进度: 1500/3164 损失=0.0067
训练进度: 2000/3164 损失=0.0002
训练进度: 2500/3164 损失=0.0041
训练进度: 3000/3164 损失=0.0000
训练进度: 3164/3164 损失=0.0001
✅ 训练完成，耗时: 57.5秒 (1.0分钟)

============================================================
📊 验证决策: Epoch 146/200
   验证间隔: 1
   是否验证: ✅ 是
   原因: 达到验证间隔 (0 == 0)
============================================================

🔍 开始验证...
验证进度: 500/686 损失=0.6944
验证进度: 686/686 损失=1.4120

📊 预测分布分析:
  - 预测的前5个类别: {np.int64(0): 283193, np.int64(1): 37155, np.int64(2): 14686, np.int64(3): 10776, np.int64(4): 8822}
  - 标签的前5个类别: {np.int64(0): 281232, np.int64(1): 36731, np.int64(2): 14789, np.int64(3): 10866, np.int64(4): 8585}
✅ 验证完成，耗时: 4.8秒 (0.1分钟)
训练损失: 0.0023
验证损失: 0.6229
验证准确率: 0.9662 (10593/10964) - 与Levenshtein高度相关
验证F1(加权): 0.9652 - 类别平衡更好
学习率: 0.000018
显存使用: 0.47GB (预留: 0.69GB)

生成的训练样本:
--------------------------------------------------------------------------------
输入:       <LWT> WQWRBN> WTRB> DCLM> MVL DMDBX> DNXC>
目标:     0 0 57 2 23 0 0 1 0 0 0 0 11 0 0 1 0 0 4 0 0 1 0 0 82 0 0 0 0 0 0 1 0 0 0 4 0 0 1 0 0 4 0
预测:     0 0 57 2 23 0 0 1 0 0 0 0 11 0 0 1 0 0 4 0 0 1 0 0 82 0 0 0 0 0 0 1 0 0 0 4 0 0 1 0 0 4 0
准确率:    1.0000 (43/43)
----------------------------------------
输入:       >RWN> DQJMH DMRJ> W>SQ <LWT> W<BD CLM>
目标:     0 0 0 0 4 0 0 1 0 0 5 0 0 1 0 0 0 2 0 1 17 64 3 0 0 57 2 23 0 0 1 0 0 3 0 0 0 82 0
预测:     0 0 0 0 4 0 0 1 0 0 5 0 0 1 0 0 0 2 0 1 17 64 3 0 0 57 2 23 0 0 1 0 0 3 0 0 0 82 0
准确率:    1.0000 (39/39)
----------------------------------------
输入:       TLTM>> CNJN WM> D>CKXN DCLMJN JWLPNJHWN DHLJN
目标:     0 0 0 0 0 0 2 0 0 13 0 0 0 1 0 0 0 1 17 0 0 3 0 0 1 0 0 7 0 0 0 0 0 0 0 2 1 0 0 0 0 1 0 0 0 0
预测:     0 0 0 0 0 0 2 0 0 13 0 0 0 1 0 0 0 1 17 0 0 3 0 0 1 0 0 7 0 0 0 0 0 0 0 2 1 0 0 0 0 1 0 0 0 0
准确率:    1.0000 (46/46)
----------------------------------------

生成的验证样本:
--------------------------------------------------------------------------------
输入:       YBJNH D>LH> LMSV> MN KL DBJC WKLJ
目标:     0 0 0 0 5 0 0 1 0 0 4 0 0 1 6 0 10 7 0 0 0 0 0 2 0 1 0 0 2 0 36 0 0 3
预测:     0 0 0 0 5 0 0 1 0 0 4 0 0 1 6 0 10 7 0 0 0 0 0 2 0 1 0 0 2 0 36 0 0 3
准确率:    1.0000 (34/34)
----------------------------------------
输入:       D>LH> LMSV> MN KL DBJC WKLJ XJLK
目标:     0 1 0 0 4 0 0 1 6 0 10 7 0 0 0 0 0 2 0 1 0 0 2 0 36 0 0 3 0 0 0 5 0
预测:     0 1 0 0 4 0 0 1 6 0 10 7 0 0 0 0 0 2 0 1 0 0 2 0 36 0 0 3 0 0 0 5 0
准确率:    1.0000 (33/33)
----------------------------------------
⏳ 验证无提升 (验证准确率: 0.9662 ≤ 0.9666)，patience: 16/50

======================================================================
🚀 Epoch 147/200
======================================================================
📚 开始训练阶段...
训练进度: 500/3164 损失=0.0151
训练进度: 1000/3164 损失=0.0006
训练进度: 1500/3164 损失=0.0001
训练进度: 2000/3164 损失=0.0006
训练进度: 2500/3164 损失=0.0001
训练进度: 3000/3164 损失=0.0001
训练进度: 3164/3164 损失=0.0002
✅ 训练完成，耗时: 57.7秒 (1.0分钟)

============================================================
📊 验证决策: Epoch 147/200
   验证间隔: 1
   是否验证: ✅ 是
   原因: 达到验证间隔 (0 == 0)
============================================================

🔍 开始验证...
验证进度: 500/686 损失=0.7342
验证进度: 686/686 损失=1.4012

📊 预测分布分析:
  - 预测的前5个类别: {np.int64(0): 283173, np.int64(1): 37136, np.int64(2): 14662, np.int64(3): 10803, np.int64(4): 8875}
  - 标签的前5个类别: {np.int64(0): 281232, np.int64(1): 36731, np.int64(2): 14789, np.int64(3): 10866, np.int64(4): 8585}
✅ 验证完成，耗时: 4.8秒 (0.1分钟)
训练损失: 0.0022
验证损失: 0.6237
验证准确率: 0.9665 (10596/10964) - 与Levenshtein高度相关
验证F1(加权): 0.9654 - 类别平衡更好
学习率: 0.000017
显存使用: 0.48GB (预留: 0.69GB)

生成的训练样本:
--------------------------------------------------------------------------------
输入:       LSB> DQRJT> <L KWB> DBMDBR> W<L QWRVB>
目标:     0 1 0 11 0 0 1 0 0 22 9 0 0 0 0 0 0 0 11 0 0 1 1 0 0 0 4 0 0 1 0 0 0 0 0 0 0 11 0
预测:     0 1 0 11 0 0 1 0 0 22 9 0 0 0 0 0 0 0 11 0 0 1 1 0 0 0 4 0 0 1 0 0 0 0 0 0 0 11 0
准确率:    1.0000 (39/39)
----------------------------------------
输入:       >NTWN LMRJ> WXDW QDM MRJ> >LHKWN >NTWN
目标:     0 0 0 0 0 0 0 1 0 0 0 2 0 36 0 18 0 0 0 0 2 0 0 0 0 2 0 0 0 5 0 0 0 0 0 0 0 0 0
预测:     0 0 0 0 0 0 0 1 0 0 0 2 0 36 0 18 0 0 0 0 2 0 0 0 0 2 0 0 0 5 0 0 0 0 0 0 0 0 0
准确率:    1.0000 (39/39)
----------------------------------------
输入:       DXLTH D>LH> T<BR QLJL ZBN> SGJ>> TXSR
目标:     0 0 0 13 1 0 0 1 0 0 4 0 0 6 0 0 3 0 0 0 0 2 0 0 0 4 0 0 0 0 0 4 0 0 6 0 0 3
预测:     0 0 0 13 1 0 0 1 0 0 4 0 0 6 0 0 3 0 0 0 0 2 0 0 0 4 0 0 0 0 0 4 0 0 6 0 0 3
准确率:    1.0000 (38/38)
----------------------------------------

生成的验证样本:
--------------------------------------------------------------------------------
输入:       YBJNH D>LH> LMSV> MN KL DBJC WKLJ
目标:     0 0 0 0 5 0 0 1 0 0 4 0 0 1 6 0 10 7 0 0 0 0 0 2 0 1 0 0 2 0 36 0 0 3
预测:     0 0 0 0 5 0 0 1 0 0 4 0 0 1 6 0 10 7 0 0 0 0 0 2 0 1 0 0 2 0 36 0 0 3
准确率:    1.0000 (34/34)
----------------------------------------
输入:       D>LH> LMSV> MN KL DBJC WKLJ XJLK
目标:     0 1 0 0 4 0 0 1 6 0 10 7 0 0 0 0 0 2 0 1 0 0 2 0 36 0 0 3 0 0 0 5 0
预测:     0 1 0 0 4 0 0 1 6 0 10 7 0 0 0 0 0 2 0 1 0 0 2 0 36 0 0 3 0 0 0 5 0
准确率:    1.0000 (33/33)
----------------------------------------
⏳ 验证无提升 (验证准确率: 0.9665 ≤ 0.9666)，patience: 17/50

======================================================================
🚀 Epoch 148/200
======================================================================
📚 开始训练阶段...
训练进度: 500/3164 损失=0.0001
训练进度: 1000/3164 损失=0.0016
训练进度: 1500/3164 损失=0.0002
训练进度: 2000/3164 损失=0.0004
训练进度: 2500/3164 损失=0.0000
训练进度: 3000/3164 损失=0.0002
训练进度: 3164/3164 损失=0.0006
✅ 训练完成，耗时: 57.4秒 (1.0分钟)

============================================================
📊 验证决策: Epoch 148/200
   验证间隔: 1
   是否验证: ✅ 是
   原因: 达到验证间隔 (0 == 0)
============================================================

🔍 开始验证...
验证进度: 500/686 损失=0.6607
验证进度: 686/686 损失=1.4359

📊 预测分布分析:
  - 预测的前5个类别: {np.int64(0): 283260, np.int64(1): 37145, np.int64(2): 14658, np.int64(3): 10724, np.int64(4): 8934}
  - 标签的前5个类别: {np.int64(0): 281232, np.int64(1): 36731, np.int64(2): 14789, np.int64(3): 10866, np.int64(4): 8585}
✅ 验证完成，耗时: 4.8秒 (0.1分钟)
训练损失: 0.0021
验证损失: 0.6303
验证准确率: 0.9663 (10595/10964) - 与Levenshtein高度相关
验证F1(加权): 0.9653 - 类别平衡更好
学习率: 0.000017
显存使用: 0.47GB (预留: 0.69GB)

生成的训练样本:
--------------------------------------------------------------------------------
输入:       MXR WN>MR LK MN> HJ SHDWT> WNMWS>
目标:     0 0 0 0 0 1 6 0 0 3 0 1 0 0 0 0 0 0 0 12 0 0 0 0 2 9 0 0 1 0 0 0 11 0
预测:     0 0 0 0 0 1 6 0 0 3 0 1 0 0 0 0 0 0 0 12 0 0 0 0 2 9 0 0 1 0 0 0 11 0
准确率:    1.0000 (34/34)
----------------------------------------
输入:       RWC<> WL> N<MR <MK BJC> WL> NQWMWN
目标:     0 0 0 0 4 0 0 1 0 0 0 6 0 0 3 0 0 1 0 0 0 0 4 0 0 1 0 0 0 6 0 0 3 0 0
预测:     0 0 0 0 4 0 0 1 0 0 0 6 0 0 3 0 0 1 0 0 0 0 4 0 0 1 0 0 0 6 0 0 3 0 0
准确率:    1.0000 (35/35)
----------------------------------------
输入:       DPTGMWHJ DPQXJ> WKLMDM D<BD H> KTJBJN BSPR
目标:     0 1 0 0 0 25 1 0 0 0 1 0 0 0 0 2 0 1 0 5 0 0 2 0 1 0 0 3 0 0 0 0 0 8 0 7 0 27 0 1 0 0 2
预测:     0 1 0 0 0 25 1 0 0 0 1 0 0 0 0 2 0 1 0 5 0 0 2 0 1 0 0 3 0 0 0 0 0 8 0 7 0 27 0 1 0 0 2
准确率:    1.0000 (43/43)
----------------------------------------

生成的验证样本:
--------------------------------------------------------------------------------
输入:       YBJNH D>LH> LMSV> MN KL DBJC WKLJ
目标:     0 0 0 0 5 0 0 1 0 0 4 0 0 1 6 0 10 7 0 0 0 0 0 2 0 1 0 0 2 0 36 0 0 3
预测:     0 0 0 0 5 0 0 1 0 0 4 0 0 1 6 0 10 7 0 0 0 0 0 2 0 1 0 0 2 0 36 0 0 3
准确率:    1.0000 (34/34)
----------------------------------------
输入:       D>LH> LMSV> MN KL DBJC WKLJ XJLK
目标:     0 1 0 0 4 0 0 1 6 0 10 7 0 0 0 0 0 2 0 1 0 0 2 0 36 0 0 3 0 0 0 5 0
预测:     0 1 0 0 4 0 0 1 6 0 10 7 0 0 0 0 0 2 0 1 0 0 2 0 36 0 0 3 0 0 0 5 0
准确率:    1.0000 (33/33)
----------------------------------------
⏳ 验证无提升 (验证准确率: 0.9663 ≤ 0.9666)，patience: 18/50

======================================================================
🚀 Epoch 149/200
======================================================================
📚 开始训练阶段...
训练进度: 500/3164 损失=0.0210
训练进度: 1000/3164 损失=0.0008
训练进度: 1500/3164 损失=0.0001
训练进度: 2000/3164 损失=0.0058
训练进度: 2500/3164 损失=0.0001
训练进度: 3000/3164 损失=0.0003
训练进度: 3164/3164 损失=0.0030
✅ 训练完成，耗时: 57.4秒 (1.0分钟)

============================================================
📊 验证决策: Epoch 149/200
   验证间隔: 1
   是否验证: ✅ 是
   原因: 达到验证间隔 (0 == 0)
============================================================

🔍 开始验证...
验证进度: 500/686 损失=0.7296
验证进度: 686/686 损失=1.5179

📊 预测分布分析:
  - 预测的前5个类别: {np.int64(0): 283143, np.int64(1): 37106, np.int64(2): 14695, np.int64(3): 10806, np.int64(4): 8912}
  - 标签的前5个类别: {np.int64(0): 281232, np.int64(1): 36731, np.int64(2): 14789, np.int64(3): 10866, np.int64(4): 8585}
✅ 验证完成，耗时: 4.8秒 (0.1分钟)
训练损失: 0.0021
验证损失: 0.6332
验证准确率: 0.9664 (10595/10964) - 与Levenshtein高度相关
验证F1(加权): 0.9654 - 类别平衡更好
学习率: 0.000016
显存使用: 0.48GB (预留: 0.69GB)

生成的训练样本:
--------------------------------------------------------------------------------
输入:       D>XJKWN BNJ <SW DJTBJN BS<JR WNDXLWN MNKWN
目标:     0 1 0 2 1 0 0 0 0 0 2 0 0 0 0 2 0 1 0 0 7 0 0 0 1 0 0 0 2 0 1 6 0 0 3 0 0 0 0 1 0 0 0
预测:     0 1 0 2 1 0 0 0 0 0 2 0 0 0 0 2 0 1 0 0 7 0 0 0 1 0 0 0 2 0 1 6 0 0 3 0 0 0 0 1 0 0 0
准确率:    1.0000 (43/43)
----------------------------------------
输入:       >BHWHJ W>TQBR BQRJT> DDWJD W>MLK >BJ> BRH
目标:     0 0 8 25 1 0 0 0 1 0 14 0 0 3 0 1 0 0 22 9 0 0 1 0 0 0 2 0 1 17 0 0 33 0 0 0 0 2 0 0 5 0
预测:     0 0 8 25 1 0 0 0 1 0 14 0 0 3 0 1 0 0 22 9 0 0 1 0 0 0 2 0 1 17 0 0 33 0 0 0 0 2 0 0 5 0
准确率:    1.0000 (42/42)
----------------------------------------
输入:       XDWTH DPRYWPK WMN BSJMWT> DZKWT> DJMJNK CM<
目标:     0 0 0 13 1 0 0 1 0 0 0 0 5 0 0 1 0 0 0 0 0 0 0 2 9 0 0 1 0 0 2 9 0 0 1 0 0 0 5 0 6 0 0 3
预测:     0 0 0 13 1 0 0 1 0 0 0 0 5 0 0 1 0 0 0 0 0 0 0 2 9 0 0 1 0 0 2 9 0 0 1 0 0 0 5 0 6 0 0 3
准确率:    1.0000 (44/44)
----------------------------------------

生成的验证样本:
--------------------------------------------------------------------------------
输入:       YBJNH D>LH> LMSV> MN KL DBJC WKLJ
目标:     0 0 0 0 5 0 0 1 0 0 4 0 0 1 6 0 10 7 0 0 0 0 0 2 0 1 0 0 2 0 36 0 0 3
预测:     0 0 0 0 5 0 0 1 0 0 4 0 0 1 6 0 10 7 0 0 0 0 0 2 0 1 0 0 2 0 36 0 0 3
准确率:    1.0000 (34/34)
----------------------------------------
输入:       D>LH> LMSV> MN KL DBJC WKLJ XJLK
目标:     0 1 0 0 4 0 0 1 6 0 10 7 0 0 0 0 0 2 0 1 0 0 2 0 36 0 0 3 0 0 0 5 0
预测:     0 1 0 0 4 0 0 1 6 0 10 7 0 0 0 0 0 2 0 1 0 0 2 0 36 0 0 3 0 0 0 5 0
准确率:    1.0000 (33/33)
----------------------------------------
⏳ 验证无提升 (验证准确率: 0.9664 ≤ 0.9666)，patience: 19/50

======================================================================
🚀 Epoch 150/200
======================================================================
📚 开始训练阶段...
训练进度: 500/3164 损失=0.0093
训练进度: 1000/3164 损失=0.0001
训练进度: 1500/3164 损失=0.0009
训练进度: 2000/3164 损失=0.0071
训练进度: 2500/3164 损失=0.0014
训练进度: 3000/3164 损失=0.0020
训练进度: 3164/3164 损失=0.0023
✅ 训练完成，耗时: 57.7秒 (1.0分钟)

============================================================
📊 验证决策: Epoch 150/200
   验证间隔: 1
   是否验证: ✅ 是
   原因: 达到验证间隔 (0 == 0)
============================================================

🔍 开始验证...
验证进度: 500/686 损失=0.7184
验证进度: 686/686 损失=1.5804

📊 预测分布分析:
  - 预测的前5个类别: {np.int64(0): 283092, np.int64(1): 37137, np.int64(2): 14752, np.int64(3): 10763, np.int64(4): 9012}
  - 标签的前5个类别: {np.int64(0): 281232, np.int64(1): 36731, np.int64(2): 14789, np.int64(3): 10866, np.int64(4): 8585}
✅ 验证完成，耗时: 4.8秒 (0.1分钟)
训练损失: 0.0022
验证损失: 0.6388
验证准确率: 0.9663 (10594/10964) - 与Levenshtein高度相关
验证F1(加权): 0.9652 - 类别平衡更好
学习率: 0.000016
显存使用: 0.47GB (预留: 0.69GB)

生成的训练样本:
--------------------------------------------------------------------------------
输入:       LCMRJN WHW <QR HW> <LWT> DB>WRX> WJHW
目标:     0 1 0 0 0 0 2 0 1 0 0 0 0 0 7 0 0 10 3 0 0 57 2 23 0 0 1 1 0 0 0 4 0 0 1 0 0 2
预测:     0 1 0 0 0 0 2 0 1 0 0 0 0 0 7 0 0 10 3 0 0 57 2 23 0 0 1 1 0 0 0 4 0 0 1 0 0 2
准确率:    1.0000 (38/38)
----------------------------------------
输入:       LMRJ> >LHK WTCM< BQLH WTTNQP LH MVL
目标:     0 1 0 0 0 2 0 0 0 5 0 0 1 6 0 0 3 0 1 0 5 0 0 1 21 14 0 0 16 0 1 0 0 0 0 0
预测:     0 1 0 0 0 2 0 0 0 5 0 0 1 6 0 0 3 0 1 0 5 0 0 1 21 14 0 0 16 0 1 0 0 0 0 0
准确率:    1.0000 (36/36)
----------------------------------------
输入:       LGW BJT MLK> WQM MLK> BLLJ> W>MR
目标:     0 1 0 2 0 0 0 2 0 0 0 4 0 0 1 31 3 0 0 0 4 0 0 1 38 0 4 0 0 1 0 0 3
预测:     0 1 0 2 0 0 0 2 0 0 0 4 0 0 1 31 3 0 0 0 4 0 0 1 38 0 4 0 0 1 0 0 3
准确率:    1.0000 (33/33)
----------------------------------------

生成的验证样本:
--------------------------------------------------------------------------------
输入:       YBJNH D>LH> LMSV> MN KL DBJC WKLJ
目标:     0 0 0 0 5 0 0 1 0 0 4 0 0 1 6 0 10 7 0 0 0 0 0 2 0 1 0 0 2 0 36 0 0 3
预测:     0 0 0 0 5 0 0 1 0 0 4 0 0 1 6 0 10 7 0 0 0 0 0 2 0 1 0 0 2 0 36 0 0 3
准确率:    1.0000 (34/34)
----------------------------------------
输入:       D>LH> LMSV> MN KL DBJC WKLJ XJLK
目标:     0 1 0 0 4 0 0 1 6 0 10 7 0 0 0 0 0 2 0 1 0 0 2 0 36 0 0 3 0 0 0 5 0
预测:     0 1 0 0 4 0 0 1 6 0 10 7 0 0 0 0 0 2 0 1 0 0 2 0 36 0 0 3 0 0 0 5 0
准确率:    1.0000 (33/33)
----------------------------------------
⏳ 验证无提升 (验证准确率: 0.9663 ≤ 0.9666)，patience: 20/50

======================================================================
🚀 Epoch 151/200
======================================================================
📚 开始训练阶段...
训练进度: 500/3164 损失=0.0096
训练进度: 1000/3164 损失=0.0010
训练进度: 1500/3164 损失=0.0002
训练进度: 2000/3164 损失=0.0008
训练进度: 2500/3164 损失=0.0000
训练进度: 3000/3164 损失=0.0001
训练进度: 3164/3164 损失=0.0001
✅ 训练完成，耗时: 57.5秒 (1.0分钟)

============================================================
📊 验证决策: Epoch 151/200
   验证间隔: 1
   是否验证: ✅ 是
   原因: 达到验证间隔 (0 == 0)
============================================================

🔍 开始验证...
验证进度: 500/686 损失=0.7853
验证进度: 686/686 损失=1.5868

📊 预测分布分析:
  - 预测的前5个类别: {np.int64(0): 283185, np.int64(1): 37138, np.int64(2): 14721, np.int64(3): 10866, np.int64(4): 9024}
  - 标签的前5个类别: {np.int64(0): 281232, np.int64(1): 36731, np.int64(2): 14789, np.int64(3): 10866, np.int64(4): 8585}
✅ 验证完成，耗时: 4.8秒 (0.1分钟)
训练损失: 0.0019
验证损失: 0.6437
验证准确率: 0.9665 (10596/10964) - 与Levenshtein高度相关
验证F1(加权): 0.9653 - 类别平衡更好
学习率: 0.000015
显存使用: 0.47GB (预留: 0.69GB)

生成的训练样本:
--------------------------------------------------------------------------------
输入:       LH ZLJ ZBNJ MCX> WPRW<J XWBTKJ W>NTJ
目标:     0 1 12 21 0 3 0 6 0 0 33 19 0 0 0 4 0 0 36 0 8 0 3 0 0 0 0 13 1 0 0 0 1 0 0 0 0
预测:     0 1 12 21 0 3 0 6 0 0 33 19 0 0 0 4 0 0 36 0 8 0 3 0 0 0 0 13 1 0 0 0 1 0 0 0 0
准确率:    1.0000 (37/37)
----------------------------------------
输入:       BKRSH W>T> MRQQH BTR MXWTH WSKRH XLB>
目标:     0 1 0 0 5 0 0 1 0 10 3 0 0 0 0 5 0 0 0 0 0 0 0 0 13 1 0 0 1 0 0 120 12 0 0 0 15 0
预测:     0 1 0 0 5 0 0 1 0 10 3 0 0 0 0 5 0 0 0 0 0 0 0 0 13 1 0 0 1 0 0 120 12 0 0 0 15 0
准确率:    1.0000 (38/38)
----------------------------------------
输入:       D<MM> DBXDRJHWN WSGDW LHWN W>RGZW LMRJ> WCBQW
目标:     0 1 0 8 30 0 0 1 1 0 0 2 1 0 0 0 0 1 0 0 3 0 0 1 0 0 0 0 1 17 0 0 3 0 0 1 0 0 0 2 0 1 0 0 3 0
预测:     0 1 0 8 30 0 0 1 1 0 0 2 1 0 0 0 0 1 0 0 3 0 0 1 0 0 0 0 1 17 0 0 3 0 0 1 0 0 0 2 0 1 0 0 3 0
准确率:    1.0000 (46/46)
----------------------------------------

生成的验证样本:
--------------------------------------------------------------------------------
输入:       YBJNH D>LH> LMSV> MN KL DBJC WKLJ
目标:     0 0 0 0 5 0 0 1 0 0 4 0 0 1 6 0 10 7 0 0 0 0 0 2 0 1 0 0 2 0 36 0 0 3
预测:     0 0 0 0 5 0 0 1 0 0 4 0 0 1 6 0 10 7 0 0 0 0 0 2 0 1 0 0 2 0 36 0 0 3
准确率:    1.0000 (34/34)
----------------------------------------
输入:       D>LH> LMSV> MN KL DBJC WKLJ XJLK
目标:     0 1 0 0 4 0 0 1 6 0 10 7 0 0 0 0 0 2 0 1 0 0 2 0 36 0 0 3 0 0 0 5 0
预测:     0 1 0 0 4 0 0 1 6 0 10 7 0 0 0 0 0 2 0 1 0 0 2 0 36 0 0 3 0 0 0 5 0
准确率:    1.0000 (33/33)
----------------------------------------
⏳ 验证无提升 (验证准确率: 0.9665 ≤ 0.9666)，patience: 21/50

======================================================================
🚀 Epoch 152/200
======================================================================
📚 开始训练阶段...
训练进度: 500/3164 损失=0.0005
训练进度: 1000/3164 损失=0.0002
训练进度: 1500/3164 损失=0.0012
训练进度: 2000/3164 损失=0.0001
训练进度: 2500/3164 损失=0.0001
训练进度: 3000/3164 损失=0.0001
训练进度: 3164/3164 损失=0.0000
✅ 训练完成，耗时: 57.6秒 (1.0分钟)

============================================================
📊 验证决策: Epoch 152/200
   验证间隔: 1
   是否验证: ✅ 是
   原因: 达到验证间隔 (0 == 0)
============================================================

🔍 开始验证...
验证进度: 500/686 损失=0.7724
验证进度: 686/686 损失=1.6177

📊 预测分布分析:
  - 预测的前5个类别: {np.int64(0): 283443, np.int64(1): 37146, np.int64(2): 14741, np.int64(3): 10709, np.int64(4): 8968}
  - 标签的前5个类别: {np.int64(0): 281232, np.int64(1): 36731, np.int64(2): 14789, np.int64(3): 10866, np.int64(4): 8585}
✅ 验证完成，耗时: 4.8秒 (0.1分钟)
训练损失: 0.0018
验证损失: 0.6481
验证准确率: 0.9664 (10595/10964) - 与Levenshtein高度相关
验证F1(加权): 0.9652 - 类别平衡更好
学习率: 0.000015
显存使用: 0.47GB (预留: 0.69GB)

生成的训练样本:
--------------------------------------------------------------------------------
输入:       W>CLVH BQJM> WDJN> W>TXRJW <MH NWKRJ> WVNW
目标:     0 1 17 0 0 29 0 0 1 0 0 11 0 0 1 0 0 30 0 0 1 0 14 0 0 3 0 0 0 1 0 0 0 0 0 0 11 0 0 1 0 135 0
预测:     0 1 17 0 0 29 0 0 1 0 0 11 0 0 1 0 0 30 0 0 1 0 14 0 0 3 0 0 0 1 0 0 0 0 0 0 11 0 0 1 0 135 0
准确率:    1.0000 (43/43)
----------------------------------------
输入:       XZJN W>MRT LH >NTTH >LW YB> HW>
目标:     0 0 42 0 0 0 1 0 0 3 26 0 1 0 0 0 0 13 1 0 0 0 0 0 0 0 10 7 0 0 10 3
预测:     0 0 42 0 0 0 1 0 0 3 26 0 1 0 0 0 0 13 1 0 0 0 0 0 0 0 10 7 0 0 10 3
准确率:    1.0000 (32/32)
----------------------------------------
输入:       WL> N<N> >NWN >CXWQ >NWN >JK <PR>
目标:     0 1 0 0 0 6 0 10 3 0 0 0 0 0 0 6 0 8 0 3 0 0 0 0 0 0 0 0 0 0 0 0 4 0
预测:     0 1 0 0 0 6 0 10 3 0 0 0 0 0 0 6 0 8 0 3 0 0 0 0 0 0 0 0 0 0 0 0 4 0
准确率:    1.0000 (34/34)
----------------------------------------

生成的验证样本:
--------------------------------------------------------------------------------
输入:       YBJNH D>LH> LMSV> MN KL DBJC WKLJ
目标:     0 0 0 0 5 0 0 1 0 0 4 0 0 1 6 0 10 7 0 0 0 0 0 2 0 1 0 0 2 0 36 0 0 3
预测:     0 0 0 0 5 0 0 1 0 0 4 0 0 1 6 0 10 7 0 0 0 0 0 2 0 1 0 0 2 0 36 0 0 3
准确率:    1.0000 (34/34)
----------------------------------------
输入:       D>LH> LMSV> MN KL DBJC WKLJ XJLK
目标:     0 1 0 0 4 0 0 1 6 0 10 7 0 0 0 0 0 2 0 1 0 0 2 0 36 0 0 3 0 0 0 5 0
预测:     0 1 0 0 4 0 0 1 6 0 10 7 0 0 0 0 0 2 0 1 0 0 2 0 36 0 0 3 0 0 0 5 0
准确率:    1.0000 (33/33)
----------------------------------------
⏳ 验证无提升 (验证准确率: 0.9664 ≤ 0.9666)，patience: 22/50

======================================================================
🚀 Epoch 153/200
======================================================================
📚 开始训练阶段...
训练进度: 500/3164 损失=0.0001
训练进度: 1000/3164 损失=0.0053
训练进度: 1500/3164 损失=0.0001
训练进度: 2000/3164 损失=0.0000
训练进度: 2500/3164 损失=0.0001
训练进度: 3000/3164 损失=0.0002
训练进度: 3164/3164 损失=0.0024
✅ 训练完成，耗时: 57.3秒 (1.0分钟)

============================================================
📊 验证决策: Epoch 153/200
   验证间隔: 1
   是否验证: ✅ 是
   原因: 达到验证间隔 (0 == 0)
============================================================

🔍 开始验证...
验证进度: 500/686 损失=0.7635
验证进度: 686/686 损失=1.5009

📊 预测分布分析:
  - 预测的前5个类别: {np.int64(0): 283197, np.int64(1): 37125, np.int64(2): 14707, np.int64(3): 10826, np.int64(4): 8886}
  - 标签的前5个类别: {np.int64(0): 281232, np.int64(1): 36731, np.int64(2): 14789, np.int64(3): 10866, np.int64(4): 8585}
✅ 验证完成，耗时: 4.8秒 (0.1分钟)
训练损失: 0.0019
验证损失: 0.6446
验证准确率: 0.9665 (10596/10964) - 与Levenshtein高度相关
验证F1(加权): 0.9654 - 类别平衡更好
学习率: 0.000014
显存使用: 0.47GB (预留: 0.69GB)

生成的训练样本:
--------------------------------------------------------------------------------
输入:       MLK> <L BJTH W<L XQLH WMLK> >MR
目标:     0 0 0 4 0 0 0 0 0 0 0 5 12 0 1 0 0 0 0 0 5 12 0 1 0 0 4 0 0 0 0 3
预测:     0 0 0 4 0 0 0 0 0 0 0 5 12 0 1 0 0 0 0 0 5 12 0 1 0 0 4 0 0 0 0 3
准确率:    1.0000 (32/32)
----------------------------------------
输入:       LK W>ZL MWC> WMLL HLJN KLHWN PTGM>
目标:     0 1 0 0 1 0 0 3 0 0 0 0 2 0 1 0 0 16 0 0 0 0 0 0 0 5 0 0 0 0 0 0 0 11 0
预测:     0 1 0 0 1 0 0 3 0 0 0 0 2 0 1 0 0 16 0 0 0 0 0 0 0 5 0 0 0 0 0 0 0 11 0
准确率:    1.0000 (35/35)
----------------------------------------
输入:       LH MNW DD>N <L >PWHJ <DM> LYPR>
目标:     0 1 0 0 0 71 0 0 1 20 0 7 0 0 0 0 54 25 1 0 0 0 0 0 0 0 0 1 0 0 4 0
预测:     0 1 0 0 0 71 0 0 1 20 0 7 0 0 0 0 54 25 1 0 0 0 0 0 0 0 0 1 0 0 4 0
准确率:    1.0000 (32/32)
----------------------------------------

生成的验证样本:
--------------------------------------------------------------------------------
输入:       YBJNH D>LH> LMSV> MN KL DBJC WKLJ
目标:     0 0 0 0 5 0 0 1 0 0 4 0 0 1 6 0 10 7 0 0 0 0 0 2 0 1 0 0 2 0 36 0 0 3
预测:     0 0 0 0 5 0 0 1 0 0 4 0 0 1 6 0 10 7 0 0 0 0 0 2 0 1 0 0 2 0 36 0 0 3
准确率:    1.0000 (34/34)
----------------------------------------
输入:       D>LH> LMSV> MN KL DBJC WKLJ XJLK
目标:     0 1 0 0 4 0 0 1 6 0 10 7 0 0 0 0 0 2 0 1 0 0 2 0 36 0 0 3 0 0 0 5 0
预测:     0 1 0 0 4 0 0 1 6 0 10 7 0 0 0 0 0 2 0 1 0 0 2 0 36 0 0 3 0 0 0 5 0
准确率:    1.0000 (33/33)
----------------------------------------
⏳ 验证无提升 (验证准确率: 0.9665 ≤ 0.9666)，patience: 23/50

======================================================================
🚀 Epoch 154/200
======================================================================
📚 开始训练阶段...
训练进度: 500/3164 损失=0.0001
训练进度: 1000/3164 损失=0.0004
训练进度: 1500/3164 损失=0.0009
训练进度: 2000/3164 损失=0.0007
训练进度: 2500/3164 损失=0.0013
训练进度: 3000/3164 损失=0.0002
训练进度: 3164/3164 损失=0.0001
✅ 训练完成，耗时: 57.4秒 (1.0分钟)

============================================================
📊 验证决策: Epoch 154/200
   验证间隔: 1
   是否验证: ✅ 是
   原因: 达到验证间隔 (0 == 0)
============================================================

🔍 开始验证...
验证进度: 500/686 损失=0.7904
验证进度: 686/686 损失=1.5873

📊 预测分布分析:
  - 预测的前5个类别: {np.int64(0): 283168, np.int64(1): 37159, np.int64(2): 14725, np.int64(3): 10763, np.int64(4): 8946}
  - 标签的前5个类别: {np.int64(0): 281232, np.int64(1): 36731, np.int64(2): 14789, np.int64(3): 10866, np.int64(4): 8585}
✅ 验证完成，耗时: 4.8秒 (0.1分钟)
训练损失: 0.0018
验证损失: 0.6527
验证准确率: 0.9664 (10596/10964) - 与Levenshtein高度相关
验证F1(加权): 0.9654 - 类别平衡更好
学习率: 0.000014
显存使用: 0.47GB (预留: 0.69GB)

生成的训练样本:
--------------------------------------------------------------------------------
输入:       BXZWH WTYVB> BH WTSBJH LK >NTT> WT<LJH
目标:     0 1 0 0 5 12 0 1 45 97 0 10 3 0 1 12 0 1 34 0 48 1 12 0 1 0 0 0 0 13 9 0 0 1 28 0 270 1 12
预测:     0 1 0 0 5 12 0 1 45 97 0 10 3 0 1 12 0 1 34 0 48 1 12 0 1 0 0 0 0 13 9 0 0 1 28 0 270 1 12
准确率:    1.0000 (39/39)
----------------------------------------
输入:       >MR LKWN DL> TWSPWN TWB LMHPK B>WRX>
目标:     0 0 0 3 0 1 0 0 0 0 1 0 0 0 73 0 0 3 0 0 0 0 0 0 0 1 6 0 0 7 0 1 0 0 0 4 0
预测:     0 0 0 3 0 1 0 0 0 0 1 0 0 0 73 0 0 3 0 0 0 0 0 0 0 1 6 0 0 7 0 1 0 0 0 4 0
准确率:    1.0000 (37/37)
----------------------------------------
输入:       DKWN BMNWTH KD SHD LHJN >RS WSGJ>JN
目标:     0 1 0 0 62 0 1 0 57 22 32 12 0 0 0 0 0 0 7 0 1 0 0 0 0 0 0 2 0 1 0 0 0 2 0 0
预测:     0 1 0 0 62 0 1 0 57 22 32 12 0 0 0 0 0 0 7 0 1 0 0 0 0 0 0 2 0 1 0 0 0 2 0 0
准确率:    1.0000 (36/36)
----------------------------------------

生成的验证样本:
--------------------------------------------------------------------------------
输入:       YBJNH D>LH> LMSV> MN KL DBJC WKLJ
目标:     0 0 0 0 5 0 0 1 0 0 4 0 0 1 6 0 10 7 0 0 0 0 0 2 0 1 0 0 2 0 36 0 0 3
预测:     0 0 0 0 5 0 0 1 0 0 4 0 0 1 6 0 10 7 0 0 0 0 0 2 0 1 0 0 2 0 36 0 0 3
准确率:    1.0000 (34/34)
----------------------------------------
输入:       D>LH> LMSV> MN KL DBJC WKLJ XJLK
目标:     0 1 0 0 4 0 0 1 6 0 10 7 0 0 0 0 0 2 0 1 0 0 2 0 36 0 0 3 0 0 0 5 0
预测:     0 1 0 0 4 0 0 1 6 0 10 7 0 0 0 0 0 2 0 1 0 0 2 0 36 0 0 3 0 0 0 5 0
准确率:    1.0000 (33/33)
----------------------------------------
⏳ 验证无提升 (验证准确率: 0.9664 ≤ 0.9666)，patience: 24/50

======================================================================
🚀 Epoch 155/200
======================================================================
📚 开始训练阶段...
训练进度: 500/3164 损失=0.0010
训练进度: 1000/3164 损失=0.0001
训练进度: 1500/3164 损失=0.0000
训练进度: 2000/3164 损失=0.0004
训练进度: 2500/3164 损失=0.0012
训练进度: 3000/3164 损失=0.0030
训练进度: 3164/3164 损失=0.0003
✅ 训练完成，耗时: 57.7秒 (1.0分钟)

============================================================
📊 验证决策: Epoch 155/200
   验证间隔: 1
   是否验证: ✅ 是
   原因: 达到验证间隔 (0 == 0)
============================================================

🔍 开始验证...
验证进度: 500/686 损失=0.7838
验证进度: 686/686 损失=1.6096

📊 预测分布分析:
  - 预测的前5个类别: {np.int64(0): 283376, np.int64(1): 37131, np.int64(2): 14724, np.int64(3): 10833, np.int64(4): 8993}
  - 标签的前5个类别: {np.int64(0): 281232, np.int64(1): 36731, np.int64(2): 14789, np.int64(3): 10866, np.int64(4): 8585}
✅ 验证完成，耗时: 4.9秒 (0.1分钟)
训练损失: 0.0017
验证损失: 0.6556
验证准确率: 0.9665 (10596/10964) - 与Levenshtein高度相关
验证F1(加权): 0.9654 - 类别平衡更好
学习率: 0.000013
显存使用: 0.48GB (预留: 0.69GB)

生成的训练样本:
--------------------------------------------------------------------------------
输入:       >JT DMN BHTTH MTKL XBRH WQN> LH
目标:     0 0 0 24 0 1 0 0 0 0 0 13 1 0 0 28 0 0 7 0 0 0 5 0 0 1 0 10 7 0 1 0
预测:     0 0 0 24 0 1 0 0 0 0 0 13 1 0 0 28 0 0 7 0 0 0 5 0 0 1 0 10 7 0 1 0
准确率:    1.0000 (32/32)
----------------------------------------
输入:       JWMN> DTRXM LMRJ> >LHK WTHLK B>WRXTH WTVR
目标:     0 0 0 0 4 0 0 1 6 0 0 3 0 1 0 0 0 2 0 0 0 5 0 0 1 6 0 0 16 0 1 0 0 0 2 32 0 0 1 34 0 3
预测:     0 0 0 0 4 0 0 1 6 0 0 3 0 1 0 0 0 2 0 0 0 5 0 0 1 6 0 0 16 0 1 0 0 0 2 32 0 0 1 34 0 3
准确率:    1.0000 (42/42)
----------------------------------------
输入:       LWX> DK>P> LWX> DQJM> D>QJM MRJ> <MKWN
目标:     0 0 0 11 0 0 1 0 0 4 0 0 0 0 11 0 0 1 0 0 4 0 0 1 17 20 0 3 0 0 0 0 2 0 0 1 0 0 0
预测:     0 0 0 11 0 0 1 0 0 4 0 0 0 0 11 0 0 1 0 0 4 0 0 1 17 20 0 3 0 0 0 0 2 0 0 1 0 0 0
准确率:    1.0000 (39/39)
----------------------------------------

生成的验证样本:
--------------------------------------------------------------------------------
输入:       YBJNH D>LH> LMSV> MN KL DBJC WKLJ
目标:     0 0 0 0 5 0 0 1 0 0 4 0 0 1 6 0 10 7 0 0 0 0 0 2 0 1 0 0 2 0 36 0 0 3
预测:     0 0 0 0 5 0 0 1 0 0 4 0 0 1 6 0 10 7 0 0 0 0 0 2 0 1 0 0 2 0 36 0 0 3
准确率:    1.0000 (34/34)
----------------------------------------
输入:       D>LH> LMSV> MN KL DBJC WKLJ XJLK
目标:     0 1 0 0 4 0 0 1 6 0 10 7 0 0 0 0 0 2 0 1 0 0 2 0 36 0 0 3 0 0 0 5 0
预测:     0 1 0 0 4 0 0 1 6 0 10 7 0 0 0 0 0 2 0 1 0 0 2 0 36 0 0 3 0 0 0 5 0
准确率:    1.0000 (33/33)
----------------------------------------
⏳ 验证无提升 (验证准确率: 0.9665 ≤ 0.9666)，patience: 25/50

======================================================================
🚀 Epoch 156/200
======================================================================
📚 开始训练阶段...
训练进度: 500/3164 损失=0.0000
训练进度: 1000/3164 损失=0.0041
训练进度: 1500/3164 损失=0.0001
训练进度: 2000/3164 损失=0.0020
训练进度: 2500/3164 损失=0.0000
训练进度: 3000/3164 损失=0.0001
训练进度: 3164/3164 损失=0.0064
✅ 训练完成，耗时: 57.4秒 (1.0分钟)

============================================================
📊 验证决策: Epoch 156/200
   验证间隔: 1
   是否验证: ✅ 是
   原因: 达到验证间隔 (0 == 0)
============================================================

🔍 开始验证...
验证进度: 500/686 损失=0.7900
验证进度: 686/686 损失=1.6282

📊 预测分布分析:
  - 预测的前5个类别: {np.int64(0): 283165, np.int64(1): 37114, np.int64(2): 14764, np.int64(3): 10846, np.int64(4): 8895}
  - 标签的前5个类别: {np.int64(0): 281232, np.int64(1): 36731, np.int64(2): 14789, np.int64(3): 10866, np.int64(4): 8585}
✅ 验证完成，耗时: 4.9秒 (0.1分钟)
训练损失: 0.0017
验证损失: 0.6512
验证准确率: 0.9664 (10595/10964) - 与Levenshtein高度相关
验证F1(加权): 0.9653 - 类别平衡更好
学习率: 0.000013
显存使用: 0.47GB (预留: 0.69GB)

生成的训练样本:
--------------------------------------------------------------------------------
输入:       LH <LJMH >WH MRJ >JKN> N<BR W>MR
目标:     0 1 0 0 0 0 0 5 0 0 0 0 0 0 0 56 0 0 0 0 0 8 0 0 44 0 0 3 0 1 0 0 3
预测:     0 1 0 0 0 0 0 5 0 0 0 0 0 0 0 56 0 0 0 0 0 8 0 0 44 0 0 3 0 1 0 0 3
准确率:    1.0000 (33/33)
----------------------------------------
输入:       DBR BTR<JTH L<MH WL> NHW> LH DWKRN>
目标:     0 0 0 16 0 1 0 0 0 2 1 0 0 1 0 37 0 0 1 0 0 0 6 0 10 3 0 1 0 0 0 0 0 0 4 0
预测:     0 0 0 16 0 1 0 0 0 2 1 0 0 1 0 37 0 0 1 0 0 0 6 0 10 3 0 1 0 0 0 0 0 0 4 0
准确率:    1.0000 (36/36)
----------------------------------------
输入:       PRWQJN MN >JDWHJ DND<N KLHJN MLKWT> D>R<>
目标:     6 0 8 0 48 1 0 0 0 0 8 0 0 25 1 0 0 0 1 52 0 3 12 0 0 5 0 0 0 0 0 0 0 2 23 0 0 1 0 0 4 0
预测:     6 0 8 0 48 1 0 0 0 0 8 0 0 25 1 0 0 0 1 52 0 3 12 0 0 5 0 0 0 0 0 0 0 2 23 0 0 1 0 0 4 0
准确率:    1.0000 (42/42)
----------------------------------------

生成的验证样本:
--------------------------------------------------------------------------------
输入:       YBJNH D>LH> LMSV> MN KL DBJC WKLJ
目标:     0 0 0 0 5 0 0 1 0 0 4 0 0 1 6 0 10 7 0 0 0 0 0 2 0 1 0 0 2 0 36 0 0 3
预测:     0 0 0 0 5 0 0 1 0 0 4 0 0 1 6 0 10 7 0 0 0 0 0 2 0 1 0 0 2 0 36 0 0 3
准确率:    1.0000 (34/34)
----------------------------------------
输入:       D>LH> LMSV> MN KL DBJC WKLJ XJLK
目标:     0 1 0 0 4 0 0 1 6 0 10 7 0 0 0 0 0 2 0 1 0 0 2 0 36 0 0 3 0 0 0 5 0
预测:     0 1 0 0 4 0 0 1 6 0 10 7 0 0 0 0 0 2 0 1 0 0 2 0 36 0 0 3 0 0 0 5 0
准确率:    1.0000 (33/33)
----------------------------------------
⏳ 验证无提升 (验证准确率: 0.9664 ≤ 0.9666)，patience: 26/50

======================================================================
🚀 Epoch 157/200
======================================================================
📚 开始训练阶段...
训练进度: 500/3164 损失=0.0005
训练进度: 1000/3164 损失=0.0000
训练进度: 1500/3164 损失=0.0142
训练进度: 2000/3164 损失=0.0001
训练进度: 2500/3164 损失=0.0019
训练进度: 3000/3164 损失=0.0000
训练进度: 3164/3164 损失=0.0226
✅ 训练完成，耗时: 57.4秒 (1.0分钟)

============================================================
📊 验证决策: Epoch 157/200
   验证间隔: 1
   是否验证: ✅ 是
   原因: 达到验证间隔 (0 == 0)
============================================================

🔍 开始验证...
验证进度: 500/686 损失=0.8044
验证进度: 686/686 损失=1.5864

📊 预测分布分析:
  - 预测的前5个类别: {np.int64(0): 283148, np.int64(1): 37116, np.int64(2): 14740, np.int64(3): 10845, np.int64(4): 8932}
  - 标签的前5个类别: {np.int64(0): 281232, np.int64(1): 36731, np.int64(2): 14789, np.int64(3): 10866, np.int64(4): 8585}
✅ 验证完成，耗时: 4.9秒 (0.1分钟)
训练损失: 0.0016
验证损失: 0.6579
验证准确率: 0.9664 (10595/10964) - 与Levenshtein高度相关
验证F1(加权): 0.9653 - 类别平衡更好
学习率: 0.000012
显存使用: 0.48GB (预留: 0.69GB)

生成的训练样本:
--------------------------------------------------------------------------------
输入:       ZBWLWN <M> DXSD NPCH LMWT> NPTLJ <L
目标:     0 0 0 0 0 0 2 0 0 15 0 0 1 0 0 33 0 0 0 5 0 0 1 0 0 15 0 0 0 0 0 0 2 0 0 0
预测:     0 0 0 0 0 0 2 0 0 15 0 0 1 0 0 33 0 0 0 5 0 0 1 0 0 15 0 0 0 0 0 0 2 0 0 0
准确率:    1.0000 (36/36)
----------------------------------------
输入:       LMGNB >P LMDGLW WTRTJHWN >WRXTH BHTT> NWRTN
目标:     0 1 6 0 0 49 0 0 0 0 1 6 0 0 7 0 0 1 0 2 0 1 0 0 0 0 0 0 0 2 32 0 0 0 0 13 9 0 0 63 0 0 3 12
预测:     0 1 6 0 0 49 0 0 0 0 1 6 0 0 7 0 0 1 0 2 0 1 0 0 0 0 0 0 0 2 32 0 0 0 0 13 9 0 0 63 0 0 3 12
准确率:    1.0000 (44/44)
----------------------------------------
输入:       W>XJ> MKSJ HW> BLBWC> XDT> WTRJHWN HWW
目标:     0 1 0 0 0 2 0 6 0 0 109 0 0 10 3 0 1 0 0 0 4 0 0 0 0 4 0 0 1 0 2 32 0 0 0 0 0 18 0
预测:     0 1 0 0 0 2 0 6 0 0 109 0 0 10 3 0 1 0 0 0 4 0 0 0 0 4 0 0 1 0 2 32 0 0 0 0 0 18 0
准确率:    1.0000 (39/39)
----------------------------------------

生成的验证样本:
--------------------------------------------------------------------------------
输入:       YBJNH D>LH> LMSV> MN KL DBJC WKLJ
目标:     0 0 0 0 5 0 0 1 0 0 4 0 0 1 6 0 10 7 0 0 0 0 0 2 0 1 0 0 2 0 36 0 0 3
预测:     0 0 0 0 5 0 0 1 0 0 4 0 0 1 6 0 10 7 0 0 0 0 0 2 0 1 0 0 2 0 36 0 0 3
准确率:    1.0000 (34/34)
----------------------------------------
输入:       D>LH> LMSV> MN KL DBJC WKLJ XJLK
目标:     0 1 0 0 4 0 0 1 6 0 10 7 0 0 0 0 0 2 0 1 0 0 2 0 36 0 0 3 0 0 0 5 0
预测:     0 1 0 0 4 0 0 1 6 0 10 7 0 0 0 0 0 2 0 1 0 0 2 0 36 0 0 3 0 0 0 5 0
准确率:    1.0000 (33/33)
----------------------------------------
⏳ 验证无提升 (验证准确率: 0.9664 ≤ 0.9666)，patience: 27/50

======================================================================
🚀 Epoch 158/200
======================================================================
📚 开始训练阶段...
训练进度: 500/3164 损失=0.0001
训练进度: 1000/3164 损失=0.0001
训练进度: 1500/3164 损失=0.0055
训练进度: 2000/3164 损失=0.0011
训练进度: 2500/3164 损失=0.0000
训练进度: 3000/3164 损失=0.0009
训练进度: 3164/3164 损失=0.0000
✅ 训练完成，耗时: 57.7秒 (1.0分钟)

============================================================
📊 验证决策: Epoch 158/200
   验证间隔: 1
   是否验证: ✅ 是
   原因: 达到验证间隔 (0 == 0)
============================================================

🔍 开始验证...
验证进度: 500/686 损失=0.8014
验证进度: 686/686 损失=1.5470

📊 预测分布分析:
  - 预测的前5个类别: {np.int64(0): 283107, np.int64(1): 37139, np.int64(2): 14725, np.int64(3): 10805, np.int64(4): 8914}
  - 标签的前5个类别: {np.int64(0): 281232, np.int64(1): 36731, np.int64(2): 14789, np.int64(3): 10866, np.int64(4): 8585}
✅ 验证完成，耗时: 4.9秒 (0.1分钟)
训练损失: 0.0017
验证损失: 0.6529
验证准确率: 0.9665 (10596/10964) - 与Levenshtein高度相关
验证F1(加权): 0.9654 - 类别平衡更好
学习率: 0.000012
显存使用: 0.48GB (预留: 0.69GB)

生成的训练样本:
--------------------------------------------------------------------------------
输入:       <LJK XJWT BR> WNCLM >NWN MRJ> >LHK
目标:     0 0 8 1 0 0 0 0 13 0 0 0 4 0 0 1 28 0 0 3 0 0 0 0 0 0 0 0 0 2 0 0 0 5 0
预测:     0 0 8 1 0 0 0 0 13 0 0 0 4 0 0 1 28 0 0 3 0 0 0 0 0 0 0 0 0 2 0 0 0 5 0
准确率:    1.0000 (35/35)
----------------------------------------
输入:       DDNJX <L >PDN> W>JK QCT> B<NN> W>JK
目标:     0 1 0 8 0 40 0 0 0 0 0 0 0 11 0 0 1 0 0 0 0 0 106 9 0 0 1 0 0 11 0 0 1 0 0 0
预测:     0 1 0 8 0 40 0 0 0 0 0 0 0 11 0 0 1 0 0 0 0 0 106 9 0 0 1 0 0 11 0 0 1 0 0 0
准确率:    1.0000 (36/36)
----------------------------------------
输入:       RB> W>TJN GBR> MN TXWM> HNWN WHWJN
目标:     0 0 4 0 0 1 0 42 0 0 0 0 0 11 0 0 0 0 0 0 0 0 11 0 0 0 0 0 12 0 1 0 42 0 0
预测:     0 0 4 0 0 1 0 42 0 0 0 0 0 11 0 0 0 0 0 0 0 0 11 0 0 0 0 0 12 0 1 0 42 0 0
准确率:    1.0000 (35/35)
----------------------------------------

生成的验证样本:
--------------------------------------------------------------------------------
输入:       YBJNH D>LH> LMSV> MN KL DBJC WKLJ
目标:     0 0 0 0 5 0 0 1 0 0 4 0 0 1 6 0 10 7 0 0 0 0 0 2 0 1 0 0 2 0 36 0 0 3
预测:     0 0 0 0 5 0 0 1 0 0 4 0 0 1 6 0 10 7 0 0 0 0 0 2 0 1 0 0 2 0 36 0 0 3
准确率:    1.0000 (34/34)
----------------------------------------
输入:       D>LH> LMSV> MN KL DBJC WKLJ XJLK
目标:     0 1 0 0 4 0 0 1 6 0 10 7 0 0 0 0 0 2 0 1 0 0 2 0 36 0 0 3 0 0 0 5 0
预测:     0 1 0 0 4 0 0 1 6 0 10 7 0 0 0 0 0 2 0 1 0 0 2 0 36 0 0 3 0 0 0 5 0
准确率:    1.0000 (33/33)
----------------------------------------
⏳ 验证无提升 (验证准确率: 0.9665 ≤ 0.9666)，patience: 28/50

======================================================================
🚀 Epoch 159/200
======================================================================
📚 开始训练阶段...
训练进度: 500/3164 损失=0.0003
训练进度: 1000/3164 损失=0.0001
训练进度: 1500/3164 损失=0.0001
训练进度: 2000/3164 损失=0.0031
训练进度: 2500/3164 损失=0.0002
训练进度: 3000/3164 损失=0.0002
训练进度: 3164/3164 损失=0.0001
✅ 训练完成，耗时: 58.0秒 (1.0分钟)

============================================================
📊 验证决策: Epoch 159/200
   验证间隔: 1
   是否验证: ✅ 是
   原因: 达到验证间隔 (0 == 0)
============================================================

🔍 开始验证...
验证进度: 500/686 损失=0.7824
验证进度: 686/686 损失=1.5986

📊 预测分布分析:
  - 预测的前5个类别: {np.int64(0): 283134, np.int64(1): 37120, np.int64(2): 14725, np.int64(3): 10869, np.int64(4): 8976}
  - 标签的前5个类别: {np.int64(0): 281232, np.int64(1): 36731, np.int64(2): 14789, np.int64(3): 10866, np.int64(4): 8585}
✅ 验证完成，耗时: 4.9秒 (0.1分钟)
训练损失: 0.0016
验证损失: 0.6571
验证准确率: 0.9667 (10598/10964) - 与Levenshtein高度相关
验证F1(加权): 0.9656 - 类别平衡更好
学习率: 0.000011
显存使用: 0.47GB (预留: 0.69GB)

生成的训练样本:
--------------------------------------------------------------------------------
输入:       QDM >LH> SRXT WXVJT MVL DMDM DSN>
目标:     0 0 0 2 0 0 0 4 0 0 0 0 3 0 0 1 0 0 3 0 0 0 0 0 0 1 0 0 2 0 1 0 10 3
预测:     0 0 0 2 0 0 0 4 0 0 0 0 3 0 0 1 0 0 3 0 0 0 0 0 0 1 0 0 2 0 1 0 10 3
准确率:    1.0000 (34/34)
----------------------------------------
输入:       WDWQ> Q>M HW> <L MGDL> D>JZR<JL WXZ>
目标:     0 1 0 0 15 0 0 20 0 7 0 0 10 3 0 0 0 0 0 0 0 4 0 0 1 0 0 0 0 0 0 2 0 1 0 10 3
预测:     0 1 0 0 15 0 0 20 0 7 0 0 10 3 0 0 0 0 0 0 0 4 0 0 1 0 0 0 0 0 0 2 0 1 0 10 3
准确率:    1.0000 (37/37)
----------------------------------------
输入:       QDMJ> MTNJX> <L RJCH D>JSRJL DQRJHJ BRJ
目标:     0 0 0 0 11 0 0 21 14 20 0 7 0 0 0 0 0 0 0 5 0 0 1 0 0 0 0 0 2 0 1 0 0 29 0 0 0 0 5 0
预测:     0 0 0 0 11 0 0 21 14 20 0 7 0 0 0 0 0 0 0 5 0 0 1 0 0 0 0 0 2 0 1 0 0 29 0 0 0 0 5 0
准确率:    1.0000 (40/40)
----------------------------------------

生成的验证样本:
--------------------------------------------------------------------------------
输入:       YBJNH D>LH> LMSV> MN KL DBJC WKLJ
目标:     0 0 0 0 5 0 0 1 0 0 4 0 0 1 6 0 10 7 0 0 0 0 0 2 0 1 0 0 2 0 36 0 0 3
预测:     0 0 0 0 5 0 0 1 0 0 4 0 0 1 6 0 10 7 0 0 0 0 0 2 0 1 0 0 2 0 36 0 0 3
准确率:    1.0000 (34/34)
----------------------------------------
输入:       D>LH> LMSV> MN KL DBJC WKLJ XJLK
目标:     0 1 0 0 4 0 0 1 6 0 10 7 0 0 0 0 0 2 0 1 0 0 2 0 36 0 0 3 0 0 0 5 0
预测:     0 1 0 0 4 0 0 1 6 0 10 7 0 0 0 0 0 2 0 1 0 0 2 0 36 0 0 3 0 0 0 5 0
准确率:    1.0000 (33/33)
----------------------------------------
💾 保存新的最佳模型！验证准确率: 0.9667 (F1: 0.9656) (Epoch 159)

======================================================================
🚀 Epoch 160/200
======================================================================
📚 开始训练阶段...
训练进度: 500/3164 损失=0.0001
训练进度: 1000/3164 损失=0.0001
训练进度: 1500/3164 损失=0.0000
训练进度: 2000/3164 损失=0.0001
训练进度: 2500/3164 损失=0.0002
训练进度: 3000/3164 损失=0.0015
训练进度: 3164/3164 损失=0.0046
✅ 训练完成，耗时: 57.8秒 (1.0分钟)

============================================================
📊 验证决策: Epoch 160/200
   验证间隔: 1
   是否验证: ✅ 是
   原因: 达到验证间隔 (0 == 0)
============================================================

🔍 开始验证...
验证进度: 500/686 损失=0.8695
验证进度: 686/686 损失=1.5583

📊 预测分布分析:
  - 预测的前5个类别: {np.int64(0): 283145, np.int64(1): 37138, np.int64(2): 14744, np.int64(3): 10860, np.int64(4): 8974}
  - 标签的前5个类别: {np.int64(0): 281232, np.int64(1): 36731, np.int64(2): 14789, np.int64(3): 10866, np.int64(4): 8585}
✅ 验证完成，耗时: 4.9秒 (0.1分钟)
训练损失: 0.0015
验证损失: 0.6604
验证准确率: 0.9667 (10598/10964) - 与Levenshtein高度相关
验证F1(加权): 0.9655 - 类别平衡更好
学习率: 0.000011
显存使用: 0.47GB (预留: 0.69GB)

生成的训练样本:
--------------------------------------------------------------------------------
输入:       MRJ> >LHK KLHWN JWMT> W>N SGJ>> HJ
目标:     0 0 0 0 2 0 0 0 5 0 0 0 5 0 0 0 0 0 0 2 23 0 0 1 0 0 0 0 0 0 2 0 0 0 12
预测:     0 0 0 0 2 0 0 0 5 0 0 0 5 0 0 0 0 0 0 2 23 0 0 1 0 0 0 0 0 0 2 0 0 0 12
准确率:    1.0000 (35/35)
----------------------------------------
输入:       LNBWT >JZR<LJ> HB LJ KRMK BKSP> W>N
目标:     0 1 0 0 0 2 0 0 0 0 0 0 0 4 0 52 0 3 0 1 0 0 0 0 5 0 0 1 0 0 4 0 0 1 0 0
预测:     0 1 0 0 0 2 0 0 0 0 0 0 0 4 0 52 0 3 0 1 0 0 0 0 5 0 0 1 0 0 4 0 0 1 0 0
准确率:    1.0000 (36/36)
----------------------------------------
输入:       W>QJMW TRJHWN QJM> W>SQ MLK> CLJMWN MD>T>
目标:     0 1 17 20 0 3 0 0 0 2 32 0 0 0 0 0 0 4 0 0 1 17 64 3 0 0 0 4 0 0 0 0 0 0 0 2 0 0 0 13 9 0
预测:     0 1 17 20 0 3 0 0 0 2 32 0 0 0 0 0 0 4 0 0 1 17 64 3 0 0 0 4 0 0 0 0 0 0 0 2 0 0 0 13 9 0
准确率:    1.0000 (42/42)
----------------------------------------

生成的验证样本:
--------------------------------------------------------------------------------
输入:       YBJNH D>LH> LMSV> MN KL DBJC WKLJ
目标:     0 0 0 0 5 0 0 1 0 0 4 0 0 1 6 0 10 7 0 0 0 0 0 2 0 1 0 0 2 0 36 0 0 3
预测:     0 0 0 0 5 0 0 1 0 0 4 0 0 1 6 0 10 7 0 0 0 0 0 2 0 1 0 0 2 0 36 0 0 3
准确率:    1.0000 (34/34)
----------------------------------------
输入:       D>LH> LMSV> MN KL DBJC WKLJ XJLK
目标:     0 1 0 0 4 0 0 1 6 0 10 7 0 0 0 0 0 2 0 1 0 0 2 0 36 0 0 3 0 0 0 5 0
预测:     0 1 0 0 4 0 0 1 6 0 10 7 0 0 0 0 0 2 0 1 0 0 2 0 36 0 0 3 0 0 0 5 0
准确率:    1.0000 (33/33)
----------------------------------------
⏳ 验证无提升 (验证准确率: 0.9667 ≤ 0.9667)，patience: 1/50

======================================================================
🚀 Epoch 161/200
======================================================================
📚 开始训练阶段...
训练进度: 500/3164 损失=0.0005
训练进度: 1000/3164 损失=0.0003
训练进度: 1500/3164 损失=0.0013
训练进度: 2000/3164 损失=0.0001
训练进度: 2500/3164 损失=0.0002
训练进度: 3000/3164 损失=0.0025
训练进度: 3164/3164 损失=0.0004
✅ 训练完成，耗时: 57.7秒 (1.0分钟)

============================================================
📊 验证决策: Epoch 161/200
   验证间隔: 1
   是否验证: ✅ 是
   原因: 达到验证间隔 (0 == 0)
============================================================

🔍 开始验证...
验证进度: 500/686 损失=0.8574
验证进度: 686/686 损失=1.6431

📊 预测分布分析:
  - 预测的前5个类别: {np.int64(0): 283188, np.int64(1): 37130, np.int64(2): 14716, np.int64(3): 10879, np.int64(4): 8948}
  - 标签的前5个类别: {np.int64(0): 281232, np.int64(1): 36731, np.int64(2): 14789, np.int64(3): 10866, np.int64(4): 8585}
✅ 验证完成，耗时: 4.8秒 (0.1分钟)
训练损失: 0.0015
验证损失: 0.6615
验证准确率: 0.9665 (10597/10964) - 与Levenshtein高度相关
验证F1(加权): 0.9654 - 类别平衡更好
学习率: 0.000010
显存使用: 0.47GB (预留: 0.69GB)

生成的训练样本:
--------------------------------------------------------------------------------
输入:       DMWBD LHWN MRJ> MN QDMJK WL> TC>L
目标:     0 1 191 0 0 7 0 1 0 0 0 0 0 0 0 2 0 0 0 0 0 0 2 1 0 0 1 0 0 0 6 0 0 3
预测:     0 1 191 0 0 7 0 1 0 0 0 0 0 0 0 2 0 0 0 0 0 0 2 1 0 0 1 0 0 0 6 0 0 3
准确率:    1.0000 (34/34)
----------------------------------------
输入:       BDWKT> DSDRW BJWM> QDMJ> WSLQW BNJ >JSRJL
目标:     0 1 0 0 2 9 0 0 1 0 0 33 0 0 1 0 0 4 0 0 0 0 0 4 0 0 1 0 0 3 0 0 0 2 0 0 0 0 0 0 0 2
预测:     0 1 0 0 2 9 0 0 1 0 0 33 0 0 1 0 0 4 0 0 0 0 0 4 0 0 1 0 0 3 0 0 0 2 0 0 0 0 0 0 0 2
准确率:    1.0000 (42/42)
----------------------------------------
输入:       WL> LHNDWJ> DL> N>QDWN WL> LMDJ> DL>
目标:     0 1 0 0 0 1 0 0 0 0 11 0 0 1 0 0 0 73 0 0 3 0 0 0 1 0 0 0 1 0 0 30 0 0 1 0 0
预测:     0 1 0 0 0 1 0 0 0 0 11 0 0 1 0 0 0 73 0 0 3 0 0 0 1 0 0 0 1 0 0 30 0 0 1 0 0
准确率:    1.0000 (37/37)
----------------------------------------

生成的验证样本:
--------------------------------------------------------------------------------
输入:       YBJNH D>LH> LMSV> MN KL DBJC WKLJ
目标:     0 0 0 0 5 0 0 1 0 0 4 0 0 1 6 0 10 7 0 0 0 0 0 2 0 1 0 0 2 0 36 0 0 3
预测:     0 0 0 0 5 0 0 1 0 0 4 0 0 1 6 0 10 7 0 0 0 0 0 2 0 1 0 0 2 0 36 0 0 3
准确率:    1.0000 (34/34)
----------------------------------------
输入:       D>LH> LMSV> MN KL DBJC WKLJ XJLK
目标:     0 1 0 0 4 0 0 1 6 0 10 7 0 0 0 0 0 2 0 1 0 0 2 0 36 0 0 3 0 0 0 5 0
预测:     0 1 0 0 4 0 0 1 6 0 10 7 0 0 0 0 0 2 0 1 0 0 2 0 36 0 0 3 0 0 0 5 0
准确率:    1.0000 (33/33)
----------------------------------------
⏳ 验证无提升 (验证准确率: 0.9665 ≤ 0.9667)，patience: 2/50

======================================================================
🚀 Epoch 162/200
======================================================================
📚 开始训练阶段...
训练进度: 500/3164 损失=0.0069
训练进度: 1000/3164 损失=0.0002
训练进度: 1500/3164 损失=0.0002
训练进度: 2000/3164 损失=0.0000
训练进度: 2500/3164 损失=0.0000
训练进度: 3000/3164 损失=0.0000
训练进度: 3164/3164 损失=0.0000
✅ 训练完成，耗时: 57.7秒 (1.0分钟)

============================================================
📊 验证决策: Epoch 162/200
   验证间隔: 1
   是否验证: ✅ 是
   原因: 达到验证间隔 (0 == 0)
============================================================

🔍 开始验证...
验证进度: 500/686 损失=0.8271
验证进度: 686/686 损失=1.5343

📊 预测分布分析:
  - 预测的前5个类别: {np.int64(0): 283266, np.int64(1): 37134, np.int64(2): 14726, np.int64(3): 10825, np.int64(4): 8855}
  - 标签的前5个类别: {np.int64(0): 281232, np.int64(1): 36731, np.int64(2): 14789, np.int64(3): 10866, np.int64(4): 8585}
✅ 验证完成，耗时: 4.8秒 (0.1分钟)
训练损失: 0.0014
验证损失: 0.6663
验证准确率: 0.9665 (10596/10964) - 与Levenshtein高度相关
验证F1(加权): 0.9654 - 类别平衡更好
学习率: 0.000010
显存使用: 0.47GB (预留: 0.69GB)

生成的训练样本:
--------------------------------------------------------------------------------
输入:       DXMR> L> HW> >XJNHWN HW DMJ> >W
目标:     0 1 0 0 15 0 0 0 0 0 0 10 3 0 0 0 0 5 0 0 0 0 0 0 0 1 24 9 0 0 0 0
预测:     0 1 0 0 15 0 0 0 0 0 0 10 3 0 0 0 0 5 0 0 0 0 0 0 0 1 24 9 0 0 0 0
准确率:    1.0000 (32/32)
----------------------------------------
输入:       WH> L> XWJW LJ PLG> >WSPT XKMT>
目标:     0 1 0 0 0 0 0 0 0 0 3 19 0 1 0 0 0 0 15 0 0 50 0 0 3 12 0 0 0 13 9 0
预测:     0 1 0 0 0 0 0 0 0 0 3 19 0 1 0 0 0 0 15 0 0 50 0 0 3 12 0 0 0 13 9 0
准确率:    1.0000 (32/32)
----------------------------------------
输入:       <MH WNPQ G<L QDM MRJH DQRJT> W>TKTC
目标:     0 0 1 0 0 1 0 0 3 0 0 0 2 0 0 0 2 0 0 13 1 12 0 1 0 0 22 9 0 0 1 0 14 0 0 16
预测:     0 0 1 0 0 1 0 0 3 0 0 0 2 0 0 0 2 0 0 13 1 12 0 1 0 0 22 9 0 0 1 0 14 0 0 16
准确率:    1.0000 (36/36)
----------------------------------------

生成的验证样本:
--------------------------------------------------------------------------------
输入:       YBJNH D>LH> LMSV> MN KL DBJC WKLJ
目标:     0 0 0 0 5 0 0 1 0 0 4 0 0 1 6 0 10 7 0 0 0 0 0 2 0 1 0 0 2 0 36 0 0 3
预测:     0 0 0 0 5 0 0 1 0 0 4 0 0 1 6 0 10 7 0 0 0 0 0 2 0 1 0 0 2 0 36 0 0 3
准确率:    1.0000 (34/34)
----------------------------------------
输入:       D>LH> LMSV> MN KL DBJC WKLJ XJLK
目标:     0 1 0 0 4 0 0 1 6 0 10 7 0 0 0 0 0 2 0 1 0 0 2 0 36 0 0 3 0 0 0 5 0
预测:     0 1 0 0 4 0 0 1 6 0 10 7 0 0 0 0 0 2 0 1 0 0 2 0 36 0 0 3 0 0 0 5 0
准确率:    1.0000 (33/33)
----------------------------------------
⏳ 验证无提升 (验证准确率: 0.9665 ≤ 0.9667)，patience: 3/50

======================================================================
🚀 Epoch 163/200
======================================================================
📚 开始训练阶段...
训练进度: 500/3164 损失=0.0011
训练进度: 1000/3164 损失=0.0009
训练进度: 1500/3164 损失=0.0001
训练进度: 2000/3164 损失=0.0001
训练进度: 2500/3164 损失=0.0005
训练进度: 3000/3164 损失=0.0008
训练进度: 3164/3164 损失=0.0000
✅ 训练完成，耗时: 57.6秒 (1.0分钟)

============================================================
📊 验证决策: Epoch 163/200
   验证间隔: 1
   是否验证: ✅ 是
   原因: 达到验证间隔 (0 == 0)
============================================================

🔍 开始验证...
验证进度: 500/686 损失=0.8422
验证进度: 686/686 损失=1.5368

📊 预测分布分析:
  - 预测的前5个类别: {np.int64(0): 283172, np.int64(1): 37126, np.int64(2): 14720, np.int64(3): 10955, np.int64(4): 8917}
  - 标签的前5个类别: {np.int64(0): 281232, np.int64(1): 36731, np.int64(2): 14789, np.int64(3): 10866, np.int64(4): 8585}
✅ 验证完成，耗时: 4.8秒 (0.1分钟)
训练损失: 0.0013
验证损失: 0.6677
验证准确率: 0.9665 (10597/10964) - 与Levenshtein高度相关
验证F1(加权): 0.9654 - 类别平衡更好
学习率: 0.000009
显存使用: 0.47GB (预留: 0.69GB)

生成的训练样本:
--------------------------------------------------------------------------------
输入:       W<RQ LMGDW WMJT TMN WCQLWHJ <BDWHJ W>WBLWHJ
目标:     0 1 0 0 3 0 1 0 0 0 2 0 1 20 0 3 0 0 0 0 0 1 0 0 3 1 0 0 0 0 0 69 1 0 0 0 1 50 0 0 3 1 0 0
预测:     0 1 0 0 3 0 1 0 0 0 2 0 1 20 0 3 0 0 0 0 0 1 0 0 3 1 0 0 0 0 0 69 1 0 0 0 1 50 0 0 3 1 0 0
准确率:    1.0000 (44/44)
----------------------------------------
输入:       MYRJN W<DM> D>TJTWN L>TR> HN> MMRMRN> HWJTWN
目标:     0 0 0 0 0 2 0 1 0 0 0 0 0 1 0 0 3 0 0 0 0 1 0 0 4 0 0 0 0 0 0 0 0 0 0 0 11 0 0 0 0 3 0 0 0
预测:     0 0 0 0 0 2 0 1 0 0 0 0 0 1 0 0 3 0 0 0 0 1 0 0 4 0 0 0 0 0 0 0 0 0 0 0 11 0 0 0 0 3 0 0 0
准确率:    1.0000 (45/45)
----------------------------------------
输入:       WL> SV> JHW MN BTRHWN D<GL> DDHB>
目标:     0 1 0 0 0 0 10 3 0 0 0 2 0 0 0 0 0 0 1 0 0 0 0 1 0 0 30 0 0 1 0 0 4 0
预测:     0 1 0 0 0 0 10 3 0 0 0 2 0 0 0 0 0 0 1 0 0 0 0 1 0 0 30 0 0 1 0 0 4 0
准确率:    1.0000 (34/34)
----------------------------------------

生成的验证样本:
--------------------------------------------------------------------------------
输入:       YBJNH D>LH> LMSV> MN KL DBJC WKLJ
目标:     0 0 0 0 5 0 0 1 0 0 4 0 0 1 6 0 10 7 0 0 0 0 0 2 0 1 0 0 2 0 36 0 0 3
预测:     0 0 0 0 5 0 0 1 0 0 4 0 0 1 6 0 10 7 0 0 0 0 0 2 0 1 0 0 2 0 36 0 0 3
准确率:    1.0000 (34/34)
----------------------------------------
输入:       D>LH> LMSV> MN KL DBJC WKLJ XJLK
目标:     0 1 0 0 4 0 0 1 6 0 10 7 0 0 0 0 0 2 0 1 0 0 2 0 36 0 0 3 0 0 0 5 0
预测:     0 1 0 0 4 0 0 1 6 0 10 7 0 0 0 0 0 2 0 1 0 0 2 0 36 0 0 3 0 0 0 5 0
准确率:    1.0000 (33/33)
----------------------------------------
⏳ 验证无提升 (验证准确率: 0.9665 ≤ 0.9667)，patience: 4/50

======================================================================
🚀 Epoch 164/200
======================================================================
📚 开始训练阶段...
训练进度: 500/3164 损失=0.0001
训练进度: 1000/3164 损失=0.0011
训练进度: 1500/3164 损失=0.0001
训练进度: 2000/3164 损失=0.0008
训练进度: 2500/3164 损失=0.0039
训练进度: 3000/3164 损失=0.0075
训练进度: 3164/3164 损失=0.0011
✅ 训练完成，耗时: 57.5秒 (1.0分钟)

============================================================
📊 验证决策: Epoch 164/200
   验证间隔: 1
   是否验证: ✅ 是
   原因: 达到验证间隔 (0 == 0)
============================================================

🔍 开始验证...
验证进度: 500/686 损失=0.8155
验证进度: 686/686 损失=1.5525

📊 预测分布分析:
  - 预测的前5个类别: {np.int64(0): 283247, np.int64(1): 37108, np.int64(2): 14724, np.int64(3): 10801, np.int64(4): 9039}
  - 标签的前5个类别: {np.int64(0): 281232, np.int64(1): 36731, np.int64(2): 14789, np.int64(3): 10866, np.int64(4): 8585}
✅ 验证完成，耗时: 4.8秒 (0.1分钟)
训练损失: 0.0014
验证损失: 0.6685
验证准确率: 0.9666 (10597/10964) - 与Levenshtein高度相关
验证F1(加权): 0.9655 - 类别平衡更好
学习率: 0.000009
显存使用: 0.47GB (预留: 0.69GB)

生成的训练样本:
--------------------------------------------------------------------------------
输入:       WQR> <M> CMH D>TR> HW BKJN WDBXW
目标:     0 1 0 10 3 0 0 15 0 0 0 5 0 0 1 0 0 4 0 0 0 12 0 0 0 0 2 0 1 0 0 3 19
预测:     0 1 0 10 3 0 0 15 0 0 0 5 0 0 1 0 0 4 0 0 0 12 0 0 0 0 2 0 1 0 0 3 19
准确率:    1.0000 (33/33)
----------------------------------------
输入:       <JNJK SNJT LKL <BDJ CWQR> WTWBD LMMLLJ
目标:     0 0 0 2 1 0 0 0 0 3 12 0 1 0 2 0 0 0 7 0 0 0 0 0 4 0 0 1 68 0 0 3 0 1 6 0 0 7 19
预测:     0 0 0 2 1 0 0 0 0 3 12 0 1 0 2 0 0 0 7 0 0 0 0 0 4 0 0 1 68 0 0 3 0 1 6 0 0 7 19
准确率:    1.0000 (39/39)
----------------------------------------
输入:       WJWRM NVR HW> BRMTGL<D HW WKLH >JSRJL
目标:     0 1 0 0 0 2 0 0 0 7 0 0 10 3 0 1 0 0 0 0 0 0 2 0 0 0 0 1 0 5 0 0 0 0 0 0 0 2
预测:     0 1 0 0 0 2 0 0 0 7 0 0 10 3 0 1 0 0 0 0 0 0 2 0 0 0 0 1 0 5 0 0 0 0 0 0 0 2
准确率:    1.0000 (38/38)
----------------------------------------

生成的验证样本:
--------------------------------------------------------------------------------
输入:       YBJNH D>LH> LMSV> MN KL DBJC WKLJ
目标:     0 0 0 0 5 0 0 1 0 0 4 0 0 1 6 0 10 7 0 0 0 0 0 2 0 1 0 0 2 0 36 0 0 3
预测:     0 0 0 0 5 0 0 1 0 0 4 0 0 1 6 0 10 7 0 0 0 0 0 2 0 1 0 0 2 0 36 0 0 3
准确率:    1.0000 (34/34)
----------------------------------------
输入:       D>LH> LMSV> MN KL DBJC WKLJ XJLK
目标:     0 1 0 0 4 0 0 1 6 0 10 7 0 0 0 0 0 2 0 1 0 0 2 0 36 0 0 3 0 0 0 5 0
预测:     0 1 0 0 4 0 0 1 6 0 10 7 0 0 0 0 0 2 0 1 0 0 2 0 36 0 0 3 0 0 0 5 0
准确率:    1.0000 (33/33)
----------------------------------------
⏳ 验证无提升 (验证准确率: 0.9666 ≤ 0.9667)，patience: 5/50

======================================================================
🚀 Epoch 165/200
======================================================================
📚 开始训练阶段...
训练进度: 500/3164 损失=0.0000
训练进度: 1000/3164 损失=0.0002
训练进度: 1500/3164 损失=0.0001
训练进度: 2000/3164 损失=0.0000
训练进度: 2500/3164 损失=0.0001
训练进度: 3000/3164 损失=0.0001
训练进度: 3164/3164 损失=0.0005
✅ 训练完成，耗时: 57.6秒 (1.0分钟)

============================================================
📊 验证决策: Epoch 165/200
   验证间隔: 1
   是否验证: ✅ 是
   原因: 达到验证间隔 (0 == 0)
============================================================

🔍 开始验证...
验证进度: 500/686 损失=0.8667
验证进度: 686/686 损失=1.4945

📊 预测分布分析:
  - 预测的前5个类别: {np.int64(0): 283331, np.int64(1): 37142, np.int64(2): 14652, np.int64(3): 10879, np.int64(4): 8874}
  - 标签的前5个类别: {np.int64(0): 281232, np.int64(1): 36731, np.int64(2): 14789, np.int64(3): 10866, np.int64(4): 8585}
✅ 验证完成，耗时: 4.8秒 (0.1分钟)
训练损失: 0.0014
验证损失: 0.6728
验证准确率: 0.9664 (10595/10964) - 与Levenshtein高度相关
验证F1(加权): 0.9653 - 类别平衡更好
学习率: 0.000008
显存使用: 0.48GB (预留: 0.69GB)

生成的训练样本:
--------------------------------------------------------------------------------
输入:       >TBRJW <L >R<> >JK XNWK W>M> >JK
目标:     0 0 14 0 0 3 0 0 0 0 0 0 0 4 0 0 0 0 0 0 0 0 0 2 0 1 0 4 0 0 0 0 0
预测:     0 0 14 0 0 3 0 0 0 0 0 0 0 4 0 0 0 0 0 0 0 0 0 2 0 1 0 4 0 0 0 0 0
准确率:    1.0000 (33/33)
----------------------------------------
输入:       MVL DHPK>JT >HLK <MH WQDMJ >BQJWHJ DXLT>
目标:     0 0 0 0 0 1 0 0 0 0 0 0 0 6 0 0 16 0 0 1 0 0 1 0 0 2 46 0 6 0 0 86 0 0 0 0 0 0 13 9 0
预测:     0 0 0 0 0 1 0 0 0 0 0 0 0 6 0 0 16 0 0 1 0 0 1 0 0 2 46 0 6 0 0 86 0 0 0 0 0 0 13 9 0
准确率:    1.0000 (41/41)
----------------------------------------
输入:       L>LP W>LP LRBW DNSBWN ZWD> L<M> D<BRJN
目标:     0 1 0 0 2 0 1 0 0 2 0 1 0 0 22 0 1 34 0 3 0 0 0 0 0 11 0 0 1 0 15 0 0 1 0 0 7 0 0
预测:     0 1 0 0 2 0 1 0 0 2 0 1 0 0 22 0 1 34 0 3 0 0 0 0 0 11 0 0 1 0 15 0 0 1 0 0 7 0 0
准确率:    1.0000 (39/39)
----------------------------------------

生成的验证样本:
--------------------------------------------------------------------------------
输入:       YBJNH D>LH> LMSV> MN KL DBJC WKLJ
目标:     0 0 0 0 5 0 0 1 0 0 4 0 0 1 6 0 10 7 0 0 0 0 0 2 0 1 0 0 2 0 36 0 0 3
预测:     0 0 0 0 5 0 0 1 0 0 4 0 0 1 6 0 10 7 0 0 0 0 0 2 0 1 0 0 2 0 36 0 0 3
准确率:    1.0000 (34/34)
----------------------------------------
输入:       D>LH> LMSV> MN KL DBJC WKLJ XJLK
目标:     0 1 0 0 4 0 0 1 6 0 10 7 0 0 0 0 0 2 0 1 0 0 2 0 36 0 0 3 0 0 0 5 0
预测:     0 1 0 0 4 0 0 1 6 0 10 7 0 0 0 0 0 2 0 1 0 0 2 0 36 0 0 3 0 0 0 5 0
准确率:    1.0000 (33/33)
----------------------------------------
⏳ 验证无提升 (验证准确率: 0.9664 ≤ 0.9667)，patience: 6/50

======================================================================
🚀 Epoch 166/200
======================================================================
📚 开始训练阶段...
训练进度: 500/3164 损失=0.0000
训练进度: 1000/3164 损失=0.0000
训练进度: 1500/3164 损失=0.0038
训练进度: 2000/3164 损失=0.0000
训练进度: 2500/3164 损失=0.0002
训练进度: 3000/3164 损失=0.0003
训练进度: 3164/3164 损失=0.0001
✅ 训练完成，耗时: 57.4秒 (1.0分钟)

============================================================
📊 验证决策: Epoch 166/200
   验证间隔: 1
   是否验证: ✅ 是
   原因: 达到验证间隔 (0 == 0)
============================================================

🔍 开始验证...
验证进度: 500/686 损失=0.8526
验证进度: 686/686 损失=1.5377

📊 预测分布分析:
  - 预测的前5个类别: {np.int64(0): 283202, np.int64(1): 37130, np.int64(2): 14719, np.int64(3): 10773, np.int64(4): 9001}
  - 标签的前5个类别: {np.int64(0): 281232, np.int64(1): 36731, np.int64(2): 14789, np.int64(3): 10866, np.int64(4): 8585}
✅ 验证完成，耗时: 4.8秒 (0.1分钟)
训练损失: 0.0013
验证损失: 0.6691
验证准确率: 0.9666 (10597/10964) - 与Levenshtein高度相关
验证F1(加权): 0.9655 - 类别平衡更好
学习率: 0.000008
显存使用: 0.47GB (预留: 0.69GB)

生成的训练样本:
--------------------------------------------------------------------------------
输入:       MTPLGW MTPLGJN >P L> DXLTH >JT BHWN
目标:     0 21 14 0 0 7 19 0 21 14 0 0 7 0 19 0 0 0 0 0 0 0 0 0 13 1 0 0 0 0 24 0 1 0 0 0
预测:     0 21 14 0 0 7 19 0 21 14 0 0 7 0 19 0 0 0 0 0 0 0 0 0 13 1 0 0 0 0 24 0 1 0 0 0
准确率:    1.0000 (36/36)
----------------------------------------
输入:       XNN D>XZJ> WNXTN LCLM> DBNJ MLK> WDBNJ
目标:     0 0 0 0 0 1 0 0 0 0 2 0 1 0 0 3 0 0 1 0 0 15 0 0 1 0 2 0 0 0 0 4 0 0 1 1 0 2 0
预测:     0 0 0 0 0 1 0 0 0 0 2 0 1 0 0 3 0 0 1 0 0 15 0 0 1 0 2 0 0 0 0 4 0 0 1 1 0 2 0
准确率:    1.0000 (39/39)
----------------------------------------
输入:       RWRB> DXZJ <JNJKWN >TWT> WTDMRT> HLJN DXZJTWN
目标:     0 0 0 0 11 0 0 1 0 0 80 0 0 0 2 1 0 0 0 0 0 8 2 23 0 0 1 0 0 31 13 23 0 0 0 0 0 0 0 1 0 0 3 0 0 0
预测:     0 0 0 0 11 0 0 1 0 0 80 0 0 0 2 1 0 0 0 0 0 8 2 23 0 0 1 0 0 31 13 23 0 0 0 0 0 0 0 1 0 0 3 0 0 0
准确率:    1.0000 (46/46)
----------------------------------------

生成的验证样本:
--------------------------------------------------------------------------------
输入:       YBJNH D>LH> LMSV> MN KL DBJC WKLJ
目标:     0 0 0 0 5 0 0 1 0 0 4 0 0 1 6 0 10 7 0 0 0 0 0 2 0 1 0 0 2 0 36 0 0 3
预测:     0 0 0 0 5 0 0 1 0 0 4 0 0 1 6 0 10 7 0 0 0 0 0 2 0 1 0 0 2 0 36 0 0 3
准确率:    1.0000 (34/34)
----------------------------------------
输入:       D>LH> LMSV> MN KL DBJC WKLJ XJLK
目标:     0 1 0 0 4 0 0 1 6 0 10 7 0 0 0 0 0 2 0 1 0 0 2 0 36 0 0 3 0 0 0 5 0
预测:     0 1 0 0 4 0 0 1 6 0 10 7 0 0 0 0 0 2 0 1 0 0 2 0 36 0 0 3 0 0 0 5 0
准确率:    1.0000 (33/33)
----------------------------------------
⏳ 验证无提升 (验证准确率: 0.9666 ≤ 0.9667)，patience: 7/50

======================================================================
🚀 Epoch 167/200
======================================================================
📚 开始训练阶段...
训练进度: 500/3164 损失=0.0016
训练进度: 1000/3164 损失=0.0005
训练进度: 1500/3164 损失=0.0000
训练进度: 2000/3164 损失=0.0002
训练进度: 2500/3164 损失=0.0001
训练进度: 3000/3164 损失=0.0007
训练进度: 3164/3164 损失=0.0005
✅ 训练完成，耗时: 57.5秒 (1.0分钟)

============================================================
📊 验证决策: Epoch 167/200
   验证间隔: 1
   是否验证: ✅ 是
   原因: 达到验证间隔 (0 == 0)
============================================================

🔍 开始验证...
验证进度: 500/686 损失=0.8594
验证进度: 686/686 损失=1.6017

📊 预测分布分析:
  - 预测的前5个类别: {np.int64(0): 283198, np.int64(1): 37139, np.int64(2): 14741, np.int64(3): 10818, np.int64(4): 9073}
  - 标签的前5个类别: {np.int64(0): 281232, np.int64(1): 36731, np.int64(2): 14789, np.int64(3): 10866, np.int64(4): 8585}
✅ 验证完成，耗时: 4.8秒 (0.1分钟)
训练损失: 0.0013
验证损失: 0.6740
验证准确率: 0.9667 (10599/10964) - 与Levenshtein高度相关
验证F1(加权): 0.9656 - 类别平衡更好
学习率: 0.000008
显存使用: 0.48GB (预留: 0.69GB)

生成的训练样本:
--------------------------------------------------------------------------------
输入:       NBWT WKTBT B>JGRT> DGZWRW YWM> W>WTBW LNBWT
目标:     0 0 0 0 2 0 1 0 0 3 26 0 1 8 0 0 13 9 0 0 36 0 8 0 3 0 0 0 0 4 0 0 36 50 0 0 3 0 0 1 0 0 0 2
预测:     0 0 0 0 2 0 1 0 0 3 26 0 1 8 0 0 13 9 0 0 36 0 8 0 3 0 0 0 0 4 0 0 36 50 0 0 3 0 0 1 0 0 0 2
准确率:    1.0000 (44/44)
----------------------------------------
输入:       MDBX> WQRB MLK> LWT MDBX> WSLQ L<L
目标:     0 0 0 0 4 0 0 1 0 0 3 0 0 0 4 0 0 0 0 0 0 0 0 0 4 0 0 1 0 0 3 0 0 0 0
预测:     0 0 0 0 4 0 0 1 0 0 3 0 0 0 4 0 0 0 0 0 0 0 0 0 4 0 0 1 0 0 3 0 0 0 0
准确率:    1.0000 (35/35)
----------------------------------------
输入:       TQJPT> WDR<H RM> W>TWTH W<BDWHJ D<BD BMYRJN
目标:     0 0 8 0 7 9 27 0 1 0 0 5 0 0 0 4 0 0 1 0 8 2 32 0 0 1 0 0 104 1 0 0 0 1 0 0 3 0 1 0 0 0 0 2
预测:     0 0 8 0 7 9 27 0 1 0 0 5 0 0 0 4 0 0 1 0 8 2 32 0 0 1 0 0 104 1 0 0 0 1 0 0 3 0 1 0 0 0 0 2
准确率:    1.0000 (44/44)
----------------------------------------

生成的验证样本:
--------------------------------------------------------------------------------
输入:       YBJNH D>LH> LMSV> MN KL DBJC WKLJ
目标:     0 0 0 0 5 0 0 1 0 0 4 0 0 1 6 0 10 7 0 0 0 0 0 2 0 1 0 0 2 0 36 0 0 3
预测:     0 0 0 0 5 0 0 1 0 0 4 0 0 1 6 0 10 7 0 0 0 0 0 2 0 1 0 0 2 0 36 0 0 3
准确率:    1.0000 (34/34)
----------------------------------------
输入:       D>LH> LMSV> MN KL DBJC WKLJ XJLK
目标:     0 1 0 0 4 0 0 1 6 0 10 7 0 0 0 0 0 2 0 1 0 0 2 0 36 0 0 3 0 0 0 5 0
预测:     0 1 0 0 4 0 0 1 6 0 10 7 0 0 0 0 0 2 0 1 0 0 2 0 36 0 0 3 0 0 0 5 0
准确率:    1.0000 (33/33)
----------------------------------------
💾 保存新的最佳模型！验证准确率: 0.9667 (F1: 0.9656) (Epoch 167)

======================================================================
🚀 Epoch 168/200
======================================================================
📚 开始训练阶段...
训练进度: 500/3164 损失=0.0000
训练进度: 1000/3164 损失=0.0000
训练进度: 1500/3164 损失=0.0001
训练进度: 2000/3164 损失=0.0017
训练进度: 2500/3164 损失=0.0002
训练进度: 3000/3164 损失=0.0002
训练进度: 3164/3164 损失=0.0008
✅ 训练完成，耗时: 57.5秒 (1.0分钟)

============================================================
📊 验证决策: Epoch 168/200
   验证间隔: 1
   是否验证: ✅ 是
   原因: 达到验证间隔 (0 == 0)
============================================================

🔍 开始验证...
验证进度: 500/686 损失=0.8501
验证进度: 686/686 损失=1.5800

📊 预测分布分析:
  - 预测的前5个类别: {np.int64(0): 283140, np.int64(1): 37119, np.int64(2): 14721, np.int64(3): 10803, np.int64(4): 9033}
  - 标签的前5个类别: {np.int64(0): 281232, np.int64(1): 36731, np.int64(2): 14789, np.int64(3): 10866, np.int64(4): 8585}
✅ 验证完成，耗时: 4.8秒 (0.1分钟)
训练损失: 0.0012
验证损失: 0.6754
验证准确率: 0.9665 (10596/10964) - 与Levenshtein高度相关
验证F1(加权): 0.9654 - 类别平衡更好
学习率: 0.000007
显存使用: 0.47GB (预留: 0.69GB)

生成的训练样本:
--------------------------------------------------------------------------------
输入:       >B> JLJDJNN MVL HN> JTJR>JT >TBVL LJ
目标:     0 0 4 0 0 0 8 0 7 198 0 0 0 0 0 0 0 0 0 0 0 0 0 0 0 0 0 0 0 0 14 0 0 3 0 1 0
预测:     0 0 4 0 0 0 8 0 7 198 0 0 0 0 0 0 0 0 0 0 0 0 0 0 0 0 0 0 0 0 14 0 0 3 0 1 0
准确率:    1.0000 (37/37)
----------------------------------------
输入:       >NT CNT> HD> K>T> WCNT> DTRTJN KT
目标:     0 0 0 0 0 0 13 9 0 0 0 0 0 0 0 13 9 0 0 1 0 13 9 0 0 1 0 2 0 0 0 0 106 0
预测:     0 0 0 0 0 0 13 9 0 0 0 0 0 0 0 13 9 0 0 1 0 13 9 0 0 1 0 2 0 0 0 0 106 0
准确率:    1.0000 (34/34)
----------------------------------------
输入:       LVLJ> KD XJ WMQVL L> TQVLWNH HJ
目标:     0 1 0 57 4 0 0 0 0 0 0 22 0 1 6 0 0 7 0 0 0 0 6 0 0 3 0 1 0 0 0 26
预测:     0 1 0 57 4 0 0 0 0 0 0 22 0 1 6 0 0 7 0 0 0 0 6 0 0 3 0 1 0 0 0 26
准确率:    1.0000 (32/32)
----------------------------------------

生成的验证样本:
--------------------------------------------------------------------------------
输入:       YBJNH D>LH> LMSV> MN KL DBJC WKLJ
目标:     0 0 0 0 5 0 0 1 0 0 4 0 0 1 6 0 10 7 0 0 0 0 0 2 0 1 0 0 2 0 36 0 0 3
预测:     0 0 0 0 5 0 0 1 0 0 4 0 0 1 6 0 10 7 0 0 0 0 0 2 0 1 0 0 2 0 36 0 0 3
准确率:    1.0000 (34/34)
----------------------------------------
输入:       D>LH> LMSV> MN KL DBJC WKLJ XJLK
目标:     0 1 0 0 4 0 0 1 6 0 10 7 0 0 0 0 0 2 0 1 0 0 2 0 36 0 0 3 0 0 0 5 0
预测:     0 1 0 0 4 0 0 1 6 0 10 7 0 0 0 0 0 2 0 1 0 0 2 0 36 0 0 3 0 0 0 5 0
准确率:    1.0000 (33/33)
----------------------------------------
⏳ 验证无提升 (验证准确率: 0.9665 ≤ 0.9667)，patience: 1/50

======================================================================
🚀 Epoch 169/200
======================================================================
📚 开始训练阶段...
训练进度: 500/3164 损失=0.0046
训练进度: 1000/3164 损失=0.0068
训练进度: 1500/3164 损失=0.0002
训练进度: 2000/3164 损失=0.0001
训练进度: 2500/3164 损失=0.0004
训练进度: 3000/3164 损失=0.0003
训练进度: 3164/3164 损失=0.0083
✅ 训练完成，耗时: 57.5秒 (1.0分钟)

============================================================
📊 验证决策: Epoch 169/200
   验证间隔: 1
   是否验证: ✅ 是
   原因: 达到验证间隔 (0 == 0)
============================================================

🔍 开始验证...
验证进度: 500/686 损失=0.8641
验证进度: 686/686 损失=1.5988

📊 预测分布分析:
  - 预测的前5个类别: {np.int64(0): 283141, np.int64(1): 37130, np.int64(2): 14729, np.int64(3): 10841, np.int64(4): 8935}
  - 标签的前5个类别: {np.int64(0): 281232, np.int64(1): 36731, np.int64(2): 14789, np.int64(3): 10866, np.int64(4): 8585}
✅ 验证完成，耗时: 4.8秒 (0.1分钟)
训练损失: 0.0012
验证损失: 0.6751
验证准确率: 0.9667 (10598/10964) - 与Levenshtein高度相关
验证F1(加权): 0.9656 - 类别平衡更好
学习率: 0.000007
显存使用: 0.47GB (预留: 0.69GB)

生成的训练样本:
--------------------------------------------------------------------------------
输入:       QLM> WCLJVJN <LJHJN <L MNWT> XD XD
目标:     0 0 38 11 0 0 1 0 0 0 2 0 0 0 0 8 1 0 0 0 0 0 0 0 0 57 22 23 0 0 0 2 0 0 2
预测:     0 0 38 11 0 0 1 0 0 0 2 0 0 0 0 8 1 0 0 0 0 0 0 0 0 57 22 23 0 0 0 2 0 0 2
准确率:    1.0000 (35/35)
----------------------------------------
输入:       >JDJ W>SGWD BJT RMWN WM> DSGDT BJT
目标:     8 0 0 2 46 0 1 6 0 8 0 3 0 0 0 2 0 0 0 0 2 0 1 0 0 0 1 0 0 3 0 0 0 0 2
预测:     8 0 0 2 46 0 1 6 0 8 0 3 0 0 0 2 0 0 0 0 2 0 1 0 0 0 1 0 0 3 0 0 0 0 2
准确率:    1.0000 (35/35)
----------------------------------------
输入:       <L SBR> VB> W>XRJN HW NJX> DKRJHWT>
目标:     0 0 0 0 0 0 15 0 0 0 4 0 0 1 0 0 0 0 2 0 0 0 0 0 0 4 0 0 1 0 0 0 0 2 9 0
预测:     0 0 0 0 0 0 15 0 0 0 4 0 0 1 0 0 0 0 2 0 0 0 0 0 0 4 0 0 1 0 0 0 0 2 9 0
准确率:    1.0000 (36/36)
----------------------------------------

生成的验证样本:
--------------------------------------------------------------------------------
输入:       YBJNH D>LH> LMSV> MN KL DBJC WKLJ
目标:     0 0 0 0 5 0 0 1 0 0 4 0 0 1 6 0 10 7 0 0 0 0 0 2 0 1 0 0 2 0 36 0 0 3
预测:     0 0 0 0 5 0 0 1 0 0 4 0 0 1 6 0 10 7 0 0 0 0 0 2 0 1 0 0 2 0 36 0 0 3
准确率:    1.0000 (34/34)
----------------------------------------
输入:       D>LH> LMSV> MN KL DBJC WKLJ XJLK
目标:     0 1 0 0 4 0 0 1 6 0 10 7 0 0 0 0 0 2 0 1 0 0 2 0 36 0 0 3 0 0 0 5 0
预测:     0 1 0 0 4 0 0 1 6 0 10 7 0 0 0 0 0 2 0 1 0 0 2 0 36 0 0 3 0 0 0 5 0
准确率:    1.0000 (33/33)
----------------------------------------
⏳ 验证无提升 (验证准确率: 0.9667 ≤ 0.9667)，patience: 2/50

======================================================================
🚀 Epoch 170/200
======================================================================
📚 开始训练阶段...
训练进度: 500/3164 损失=0.0003
训练进度: 1000/3164 损失=0.0083
训练进度: 1500/3164 损失=0.0050
训练进度: 2000/3164 损失=0.0011
训练进度: 2500/3164 损失=0.0004
训练进度: 3000/3164 损失=0.0021
训练进度: 3164/3164 损失=0.0001
✅ 训练完成，耗时: 57.5秒 (1.0分钟)

============================================================
📊 验证决策: Epoch 170/200
   验证间隔: 1
   是否验证: ✅ 是
   原因: 达到验证间隔 (0 == 0)
============================================================

🔍 开始验证...
验证进度: 500/686 损失=0.8646
验证进度: 686/686 损失=1.6128

📊 预测分布分析:
  - 预测的前5个类别: {np.int64(0): 283121, np.int64(1): 37127, np.int64(2): 14741, np.int64(3): 10802, np.int64(4): 9001}
  - 标签的前5个类别: {np.int64(0): 281232, np.int64(1): 36731, np.int64(2): 14789, np.int64(3): 10866, np.int64(4): 8585}
✅ 验证完成，耗时: 4.8秒 (0.1分钟)
训练损失: 0.0012
验证损失: 0.6767
验证准确率: 0.9666 (10597/10964) - 与Levenshtein高度相关
验证F1(加权): 0.9655 - 类别平衡更好
学习率: 0.000007
显存使用: 0.48GB (预留: 0.69GB)

生成的训练样本:
--------------------------------------------------------------------------------
输入:       QDM MLK> WNTN NBJ> >T> WXWJW LMLK>
目标:     0 0 0 2 0 0 0 4 0 0 1 0 0 2 0 0 0 4 0 0 0 10 3 0 1 0 0 3 19 0 1 0 0 4 0
预测:     0 0 0 2 0 0 0 4 0 0 1 0 0 2 0 0 0 4 0 0 0 10 3 0 1 0 0 3 19 0 1 0 0 4 0
准确率:    1.0000 (35/35)
----------------------------------------
输入:       DTBWR W<SR> >LPJN GBRJN <MH WTBR MRJ>
目标:     0 1 0 0 0 2 0 1 0 0 2 0 0 0 0 2 0 0 0 0 0 2 0 0 0 0 1 0 0 1 0 0 3 0 0 0 0 2
预测:     0 1 0 0 0 2 0 1 0 0 2 0 0 0 0 2 0 0 0 0 0 2 0 0 0 0 1 0 0 1 0 0 3 0 0 0 0 2
准确率:    1.0000 (38/38)
----------------------------------------
输入:       W>BWHJ W>MH L> JD<JN HWW DMN MRJ>
目标:     0 1 0 8 5 0 0 0 1 0 5 0 0 0 0 0 0 0 7 0 0 0 0 18 0 0 1 0 0 0 0 0 0 2
预测:     0 1 0 8 5 0 0 0 1 0 5 0 0 0 0 0 0 0 7 0 0 0 0 18 0 0 1 0 0 0 0 0 0 2
准确率:    1.0000 (34/34)
----------------------------------------

生成的验证样本:
--------------------------------------------------------------------------------
输入:       YBJNH D>LH> LMSV> MN KL DBJC WKLJ
目标:     0 0 0 0 5 0 0 1 0 0 4 0 0 1 6 0 10 7 0 0 0 0 0 2 0 1 0 0 2 0 36 0 0 3
预测:     0 0 0 0 5 0 0 1 0 0 4 0 0 1 6 0 10 7 0 0 0 0 0 2 0 1 0 0 2 0 36 0 0 3
准确率:    1.0000 (34/34)
----------------------------------------
输入:       D>LH> LMSV> MN KL DBJC WKLJ XJLK
目标:     0 1 0 0 4 0 0 1 6 0 10 7 0 0 0 0 0 2 0 1 0 0 2 0 36 0 0 3 0 0 0 5 0
预测:     0 1 0 0 4 0 0 1 6 0 10 7 0 0 0 0 0 2 0 1 0 0 2 0 36 0 0 3 0 0 0 5 0
准确率:    1.0000 (33/33)
----------------------------------------
⏳ 验证无提升 (验证准确率: 0.9666 ≤ 0.9667)，patience: 3/50

======================================================================
🚀 Epoch 171/200
======================================================================
📚 开始训练阶段...
训练进度: 500/3164 损失=0.0013
训练进度: 1000/3164 损失=0.0007
训练进度: 1500/3164 损失=0.0000
训练进度: 2000/3164 损失=0.0007
训练进度: 2500/3164 损失=0.0005
训练进度: 3000/3164 损失=0.0001
训练进度: 3164/3164 损失=0.0062
✅ 训练完成，耗时: 57.6秒 (1.0分钟)

============================================================
📊 验证决策: Epoch 171/200
   验证间隔: 1
   是否验证: ✅ 是
   原因: 达到验证间隔 (0 == 0)
============================================================

🔍 开始验证...
验证进度: 500/686 损失=0.8818
验证进度: 686/686 损失=1.6805

📊 预测分布分析:
  - 预测的前5个类别: {np.int64(0): 283230, np.int64(1): 37119, np.int64(2): 14735, np.int64(3): 10817, np.int64(4): 9072}
  - 标签的前5个类别: {np.int64(0): 281232, np.int64(1): 36731, np.int64(2): 14789, np.int64(3): 10866, np.int64(4): 8585}
✅ 验证完成，耗时: 4.8秒 (0.1分钟)
训练损失: 0.0011
验证损失: 0.6816
验证准确率: 0.9667 (10599/10964) - 与Levenshtein高度相关
验证F1(加权): 0.9656 - 类别平衡更好
学习率: 0.000006
显存使用: 0.47GB (预留: 0.69GB)

生成的训练样本:
--------------------------------------------------------------------------------
输入:       WJMJT LH BMRJ> >LH> W>MRT LH D>N>
目标:     0 1 0 0 3 0 0 1 0 0 1 0 0 0 2 0 0 0 4 0 0 1 0 0 3 0 0 1 0 0 1 0 0 0
预测:     0 1 0 0 3 0 0 1 0 0 1 0 0 0 2 0 0 0 4 0 0 1 0 0 3 0 0 1 0 0 1 0 0 0
准确率:    1.0000 (34/34)
----------------------------------------
输入:       BJNTKWN W>N BXQL> >CKX GBR> <LJMT> DMKJR>
目标:     0 0 0 2 32 0 0 0 0 1 0 0 0 1 0 0 4 0 8 0 0 0 3 0 0 0 4 0 0 0 0 0 2 9 0 0 1 0 8 0 7 27
预测:     0 0 0 2 32 0 0 0 0 1 0 0 0 1 0 0 4 0 8 0 0 0 3 0 0 0 4 0 0 0 0 0 2 9 0 0 1 0 8 0 7 27
准确率:    1.0000 (42/42)
----------------------------------------
输入:       WRXM L>JN> DMTPN> LWTH WJHB LH LXM>
目标:     0 1 0 0 7 0 1 0 0 0 0 0 1 21 14 0 10 7 0 0 0 1 0 0 1 0 0 7 0 1 0 0 0 0 4 0
预测:     0 1 0 0 7 0 1 0 0 0 0 0 1 21 14 0 10 7 0 0 0 1 0 0 1 0 0 7 0 1 0 0 0 0 4 0
准确率:    1.0000 (36/36)
----------------------------------------

生成的验证样本:
--------------------------------------------------------------------------------
输入:       YBJNH D>LH> LMSV> MN KL DBJC WKLJ
目标:     0 0 0 0 5 0 0 1 0 0 4 0 0 1 6 0 10 7 0 0 0 0 0 2 0 1 0 0 2 0 36 0 0 3
预测:     0 0 0 0 5 0 0 1 0 0 4 0 0 1 6 0 10 7 0 0 0 0 0 2 0 1 0 0 2 0 36 0 0 3
准确率:    1.0000 (34/34)
----------------------------------------
输入:       D>LH> LMSV> MN KL DBJC WKLJ XJLK
目标:     0 1 0 0 4 0 0 1 6 0 10 7 0 0 0 0 0 2 0 1 0 0 2 0 36 0 0 3 0 0 0 5 0
预测:     0 1 0 0 4 0 0 1 6 0 10 7 0 0 0 0 0 2 0 1 0 0 2 0 36 0 0 3 0 0 0 5 0
准确率:    1.0000 (33/33)
----------------------------------------
⏳ 验证无提升 (验证准确率: 0.9667 ≤ 0.9667)，patience: 4/50

======================================================================
🚀 Epoch 172/200
======================================================================
📚 开始训练阶段...
训练进度: 500/3164 损失=0.0000
训练进度: 1000/3164 损失=0.0001
训练进度: 1500/3164 损失=0.0002
训练进度: 2000/3164 损失=0.0003
训练进度: 2500/3164 损失=0.0000
训练进度: 3000/3164 损失=0.0166
训练进度: 3164/3164 损失=0.0000
✅ 训练完成，耗时: 57.5秒 (1.0分钟)

============================================================
📊 验证决策: Epoch 172/200
   验证间隔: 1
   是否验证: ✅ 是
   原因: 达到验证间隔 (0 == 0)
============================================================

🔍 开始验证...
验证进度: 500/686 损失=0.8665
验证进度: 686/686 损失=1.6374

📊 预测分布分析:
  - 预测的前5个类别: {np.int64(0): 283206, np.int64(1): 37135, np.int64(2): 14722, np.int64(3): 10820, np.int64(4): 9006}
  - 标签的前5个类别: {np.int64(0): 281232, np.int64(1): 36731, np.int64(2): 14789, np.int64(3): 10866, np.int64(4): 8585}
✅ 验证完成，耗时: 4.8秒 (0.1分钟)
训练损失: 0.0011
验证损失: 0.6819
验证准确率: 0.9666 (10598/10964) - 与Levenshtein高度相关
验证F1(加权): 0.9655 - 类别平衡更好
学习率: 0.000006
显存使用: 0.47GB (预留: 0.69GB)

生成的训练样本:
--------------------------------------------------------------------------------
输入:       KL GBR> MR> XWB> DXJB LH XBRH
目标:     0 0 2 0 0 0 4 0 0 0 0 2 0 0 0 15 0 0 1 0 0 2 0 1 0 0 0 0 5 0
预测:     0 0 2 0 0 0 4 0 0 0 0 2 0 0 0 15 0 0 1 0 0 2 0 1 0 0 0 0 5 0
准确率:    1.0000 (30/30)
----------------------------------------
输入:       WSLQ MXNJM BR GDJ MN TRY> W<L
目标:     0 1 0 0 3 0 0 0 0 0 2 0 0 2 0 0 0 22 0 0 0 0 0 0 0 2 0 1 0 53
预测:     0 1 0 0 3 0 0 0 0 0 2 0 0 2 0 0 0 22 0 0 0 0 0 0 0 2 0 1 0 53
准确率:    1.0000 (30/30)
----------------------------------------
输入:       L> HW> BR VWHMHWN HW W>N XMR>
目标:     0 0 0 0 0 10 3 0 0 2 0 0 0 0 5 0 0 0 0 0 0 0 1 0 0 0 0 0 15 0
预测:     0 0 0 0 0 10 3 0 0 2 0 0 0 0 5 0 0 0 0 0 0 0 1 0 0 0 0 0 15 0
准确率:    1.0000 (30/30)
----------------------------------------

生成的验证样本:
--------------------------------------------------------------------------------
输入:       YBJNH D>LH> LMSV> MN KL DBJC WKLJ
目标:     0 0 0 0 5 0 0 1 0 0 4 0 0 1 6 0 10 7 0 0 0 0 0 2 0 1 0 0 2 0 36 0 0 3
预测:     0 0 0 0 5 0 0 1 0 0 4 0 0 1 6 0 10 7 0 0 0 0 0 2 0 1 0 0 2 0 36 0 0 3
准确率:    1.0000 (34/34)
----------------------------------------
输入:       D>LH> LMSV> MN KL DBJC WKLJ XJLK
目标:     0 1 0 0 4 0 0 1 6 0 10 7 0 0 0 0 0 2 0 1 0 0 2 0 36 0 0 3 0 0 0 5 0
预测:     0 1 0 0 4 0 0 1 6 0 10 7 0 0 0 0 0 2 0 1 0 0 2 0 36 0 0 3 0 0 0 5 0
准确率:    1.0000 (33/33)
----------------------------------------
⏳ 验证无提升 (验证准确率: 0.9666 ≤ 0.9667)，patience: 5/50

======================================================================
🚀 Epoch 173/200
======================================================================
📚 开始训练阶段...
训练进度: 500/3164 损失=0.0000
训练进度: 1000/3164 损失=0.0015
训练进度: 1500/3164 损失=0.0109
训练进度: 2000/3164 损失=0.0095
训练进度: 2500/3164 损失=0.0002
训练进度: 3000/3164 损失=0.0002
训练进度: 3164/3164 损失=0.0006
✅ 训练完成，耗时: 57.5秒 (1.0分钟)

============================================================
📊 验证决策: Epoch 173/200
   验证间隔: 1
   是否验证: ✅ 是
   原因: 达到验证间隔 (0 == 0)
============================================================

🔍 开始验证...
验证进度: 500/686 损失=0.8673
验证进度: 686/686 损失=1.5787

📊 预测分布分析:
  - 预测的前5个类别: {np.int64(0): 283158, np.int64(1): 37136, np.int64(2): 14731, np.int64(3): 10804, np.int64(4): 8986}
  - 标签的前5个类别: {np.int64(0): 281232, np.int64(1): 36731, np.int64(2): 14789, np.int64(3): 10866, np.int64(4): 8585}
✅ 验证完成，耗时: 4.8秒 (0.1分钟)
训练损失: 0.0011
验证损失: 0.6825
验证准确率: 0.9666 (10598/10964) - 与Levenshtein高度相关
验证F1(加权): 0.9655 - 类别平衡更好
学习率: 0.000005
显存使用: 0.47GB (预留: 0.69GB)

生成的训练样本:
--------------------------------------------------------------------------------
输入:       B>PJHWN WSLQW L>GR> DMGDL> WMVJ >BJMLK <DM>
目标:     0 1 54 2 1 0 0 0 0 1 0 0 3 0 0 1 0 0 55 0 0 1 0 0 0 4 0 0 1 0 0 16 0 0 0 0 0 0 2 0 0 0 0 0
预测:     0 1 54 2 1 0 0 0 0 1 0 0 3 0 0 1 0 0 55 0 0 1 0 0 0 4 0 0 1 0 0 16 0 0 0 0 0 0 2 0 0 0 0 0
准确率:    1.0000 (44/44)
----------------------------------------
输入:       >RKB >JDK <L QCT> W>RKB >JDH WSM
目标:     6 17 0 0 3 8 0 0 5 0 0 0 0 0 0 106 9 0 0 1 17 0 0 3 8 0 0 5 0 0 1 31 3
预测:     6 17 0 0 3 8 0 0 5 0 0 0 0 0 0 106 9 0 0 1 17 0 0 3 8 0 0 5 0 0 1 31 3
准确率:    1.0000 (33/33)
----------------------------------------
输入:       PWQDN> ZR<> ZLJL> M> DZRJ< L>NC> ZR<>
目标:     0 0 0 0 0 11 0 0 0 0 4 0 0 0 8 0 43 27 0 0 0 0 1 0 8 0 122 0 1 0 0 4 0 0 0 0 4 0
预测:     0 0 0 0 0 11 0 0 0 0 4 0 0 0 8 0 43 27 0 0 0 0 1 0 8 0 122 0 1 0 0 4 0 0 0 0 4 0
准确率:    1.0000 (38/38)
----------------------------------------

生成的验证样本:
--------------------------------------------------------------------------------
输入:       YBJNH D>LH> LMSV> MN KL DBJC WKLJ
目标:     0 0 0 0 5 0 0 1 0 0 4 0 0 1 6 0 10 7 0 0 0 0 0 2 0 1 0 0 2 0 36 0 0 3
预测:     0 0 0 0 5 0 0 1 0 0 4 0 0 1 6 0 10 7 0 0 0 0 0 2 0 1 0 0 2 0 36 0 0 3
准确率:    1.0000 (34/34)
----------------------------------------
输入:       D>LH> LMSV> MN KL DBJC WKLJ XJLK
目标:     0 1 0 0 4 0 0 1 6 0 10 7 0 0 0 0 0 2 0 1 0 0 2 0 36 0 0 3 0 0 0 5 0
预测:     0 1 0 0 4 0 0 1 6 0 10 7 0 0 0 0 0 2 0 1 0 0 2 0 36 0 0 3 0 0 0 5 0
准确率:    1.0000 (33/33)
----------------------------------------
⏳ 验证无提升 (验证准确率: 0.9666 ≤ 0.9667)，patience: 6/50

======================================================================
🚀 Epoch 174/200
======================================================================
📚 开始训练阶段...
训练进度: 500/3164 损失=0.0054
训练进度: 1000/3164 损失=0.0000
训练进度: 1500/3164 损失=0.0000
训练进度: 2000/3164 损失=0.0000
训练进度: 2500/3164 损失=0.0065
训练进度: 3000/3164 损失=0.0006
训练进度: 3164/3164 损失=0.0002
✅ 训练完成，耗时: 57.5秒 (1.0分钟)

============================================================
📊 验证决策: Epoch 174/200
   验证间隔: 1
   是否验证: ✅ 是
   原因: 达到验证间隔 (0 == 0)
============================================================

🔍 开始验证...
验证进度: 500/686 损失=0.8548
验证进度: 686/686 损失=1.6044

📊 预测分布分析:
  - 预测的前5个类别: {np.int64(0): 283203, np.int64(1): 37134, np.int64(2): 14695, np.int64(3): 10794, np.int64(4): 8967}
  - 标签的前5个类别: {np.int64(0): 281232, np.int64(1): 36731, np.int64(2): 14789, np.int64(3): 10866, np.int64(4): 8585}
✅ 验证完成，耗时: 4.8秒 (0.1分钟)
训练损失: 0.0010
验证损失: 0.6843
验证准确率: 0.9667 (10598/10964) - 与Levenshtein高度相关
验证F1(加权): 0.9656 - 类别平衡更好
学习率: 0.000005
显存使用: 0.47GB (预留: 0.69GB)

生成的训练样本:
--------------------------------------------------------------------------------
输入:       KLH >JSRJL WHLJN RWRBN> DJLH <ZRJ> BR
目标:     0 0 5 0 0 0 0 0 0 0 2 0 1 0 0 0 0 0 0 0 0 0 11 0 0 0 0 1 0 0 0 0 0 0 2 0 0 2
预测:     0 0 5 0 0 0 0 0 0 0 2 0 1 0 0 0 0 0 0 0 0 0 11 0 0 0 0 1 0 0 0 0 0 0 2 0 0 2
准确率:    1.0000 (38/38)
----------------------------------------
输入:       XZJ DJN D>N HJ BJCT> <DKJL BMY<T>
目标:     6 0 0 3 0 0 0 0 0 1 0 0 0 0 26 0 0 0 2 9 0 0 0 0 0 0 0 0 1 0 0 13 9 0
预测:     6 0 0 3 0 0 0 0 0 1 0 0 0 0 26 0 0 0 2 9 0 0 0 0 0 0 0 0 1 0 0 13 9 0
准确率:    1.0000 (34/34)
----------------------------------------
输入:       DN MN CRBTHWN XMC> GBRJN MN YD<>
目标:     0 0 2 0 0 0 0 0 0 13 32 0 0 0 0 0 0 2 0 0 0 0 2 0 0 0 0 0 0 0 0 0 2
预测:     0 0 2 0 0 0 0 0 0 13 32 0 0 0 0 0 0 2 0 0 0 0 2 0 0 0 0 0 0 0 0 0 2
准确率:    1.0000 (33/33)
----------------------------------------

生成的验证样本:
--------------------------------------------------------------------------------
输入:       YBJNH D>LH> LMSV> MN KL DBJC WKLJ
目标:     0 0 0 0 5 0 0 1 0 0 4 0 0 1 6 0 10 7 0 0 0 0 0 2 0 1 0 0 2 0 36 0 0 3
预测:     0 0 0 0 5 0 0 1 0 0 4 0 0 1 6 0 10 7 0 0 0 0 0 2 0 1 0 0 2 0 36 0 0 3
准确率:    1.0000 (34/34)
----------------------------------------
输入:       D>LH> LMSV> MN KL DBJC WKLJ XJLK
目标:     0 1 0 0 4 0 0 1 6 0 10 7 0 0 0 0 0 2 0 1 0 0 2 0 36 0 0 3 0 0 0 5 0
预测:     0 1 0 0 4 0 0 1 6 0 10 7 0 0 0 0 0 2 0 1 0 0 2 0 36 0 0 3 0 0 0 5 0
准确率:    1.0000 (33/33)
----------------------------------------
⏳ 验证无提升 (验证准确率: 0.9667 ≤ 0.9667)，patience: 7/50

======================================================================
🚀 Epoch 175/200
======================================================================
📚 开始训练阶段...
训练进度: 500/3164 损失=0.0000
训练进度: 1000/3164 损失=0.0003
训练进度: 1500/3164 损失=0.0001
训练进度: 2000/3164 损失=0.0010
训练进度: 2500/3164 损失=0.0016
训练进度: 3000/3164 损失=0.0000
训练进度: 3164/3164 损失=0.0000
✅ 训练完成，耗时: 57.3秒 (1.0分钟)

============================================================
📊 验证决策: Epoch 175/200
   验证间隔: 1
   是否验证: ✅ 是
   原因: 达到验证间隔 (0 == 0)
============================================================

🔍 开始验证...
验证进度: 500/686 损失=0.8606
验证进度: 686/686 损失=1.5875

📊 预测分布分析:
  - 预测的前5个类别: {np.int64(0): 283192, np.int64(1): 37146, np.int64(2): 14739, np.int64(3): 10802, np.int64(4): 8932}
  - 标签的前5个类别: {np.int64(0): 281232, np.int64(1): 36731, np.int64(2): 14789, np.int64(3): 10866, np.int64(4): 8585}
✅ 验证完成，耗时: 4.8秒 (0.1分钟)
训练损失: 0.0010
验证损失: 0.6885
验证准确率: 0.9667 (10598/10964) - 与Levenshtein高度相关
验证F1(加权): 0.9656 - 类别平衡更好
学习率: 0.000005
显存使用: 0.48GB (预留: 0.69GB)

生成的训练样本:
--------------------------------------------------------------------------------
输入:       DMRJ> >LHK BH MN RCH DCNT> W<DM>
目标:     0 1 0 0 0 2 0 0 0 5 0 0 1 12 0 0 0 0 38 5 12 0 1 0 13 9 0 0 1 0 0 0 0
预测:     0 1 0 0 0 2 0 0 0 5 0 0 1 12 0 0 0 0 38 5 12 0 1 0 13 9 0 0 1 0 0 0 0
准确率:    1.0000 (33/33)
----------------------------------------
输入:       D>NC L> T>KWL DL> MN DCM< NSNJK
目标:     0 1 0 0 2 0 0 0 0 44 0 8 0 3 0 1 0 0 0 0 12 0 1 0 0 7 0 6 0 0 29 0
预测:     0 1 0 0 2 0 0 0 0 44 0 8 0 3 0 1 0 0 0 0 12 0 1 0 0 7 0 6 0 0 29 0
准确率:    1.0000 (32/32)
----------------------------------------
输入:       LMKSJW TRTJN >GN> D<L RJC <MWD> WRWMN>
目标:     0 1 6 0 0 7 19 0 0 2 0 0 0 0 0 0 11 0 0 1 0 0 0 0 0 2 0 0 0 0 11 0 0 1 0 0 0 11 0
预测:     0 1 6 0 0 7 19 0 0 2 0 0 0 0 0 0 11 0 0 1 0 0 0 0 0 2 0 0 0 0 11 0 0 1 0 0 0 11 0
准确率:    1.0000 (39/39)
----------------------------------------

生成的验证样本:
--------------------------------------------------------------------------------
输入:       YBJNH D>LH> LMSV> MN KL DBJC WKLJ
目标:     0 0 0 0 5 0 0 1 0 0 4 0 0 1 6 0 10 7 0 0 0 0 0 2 0 1 0 0 2 0 36 0 0 3
预测:     0 0 0 0 5 0 0 1 0 0 4 0 0 1 6 0 10 7 0 0 0 0 0 2 0 1 0 0 2 0 36 0 0 3
准确率:    1.0000 (34/34)
----------------------------------------
输入:       D>LH> LMSV> MN KL DBJC WKLJ XJLK
目标:     0 1 0 0 4 0 0 1 6 0 10 7 0 0 0 0 0 2 0 1 0 0 2 0 36 0 0 3 0 0 0 5 0
预测:     0 1 0 0 4 0 0 1 6 0 10 7 0 0 0 0 0 2 0 1 0 0 2 0 36 0 0 3 0 0 0 5 0
准确率:    1.0000 (33/33)
----------------------------------------
⏳ 验证无提升 (验证准确率: 0.9667 ≤ 0.9667)，patience: 8/50

======================================================================
🚀 Epoch 176/200
======================================================================
📚 开始训练阶段...
训练进度: 500/3164 损失=0.0000
训练进度: 1000/3164 损失=0.0000
训练进度: 1500/3164 损失=0.0002
训练进度: 2000/3164 损失=0.0052
训练进度: 2500/3164 损失=0.0001
训练进度: 3000/3164 损失=0.0004
训练进度: 3164/3164 损失=0.0000
✅ 训练完成，耗时: 57.4秒 (1.0分钟)

============================================================
📊 验证决策: Epoch 176/200
   验证间隔: 1
   是否验证: ✅ 是
   原因: 达到验证间隔 (0 == 0)
============================================================

🔍 开始验证...
验证进度: 500/686 损失=0.8480
验证进度: 686/686 损失=1.6221

📊 预测分布分析:
  - 预测的前5个类别: {np.int64(0): 283149, np.int64(1): 37135, np.int64(2): 14737, np.int64(3): 10835, np.int64(4): 8972}
  - 标签的前5个类别: {np.int64(0): 281232, np.int64(1): 36731, np.int64(2): 14789, np.int64(3): 10866, np.int64(4): 8585}
✅ 验证完成，耗时: 4.8秒 (0.1分钟)
训练损失: 0.0011
验证损失: 0.6869
验证准确率: 0.9667 (10599/10964) - 与Levenshtein高度相关
验证F1(加权): 0.9657 - 类别平衡更好
学习率: 0.000005
显存使用: 0.48GB (预留: 0.69GB)

生成的训练样本:
--------------------------------------------------------------------------------
输入:       JD< HW> PLVWN LBTWLT NWHR> WL>M> DXJ>
目标:     0 0 0 7 0 0 10 3 0 0 0 0 0 2 0 1 0 0 0 2 0 0 0 0 0 4 0 0 1 1 0 4 0 0 1 0 11 0
预测:     0 0 0 7 0 0 10 3 0 0 0 0 0 2 0 1 0 0 0 2 0 0 0 0 0 4 0 0 1 1 0 4 0 0 1 0 11 0
准确率:    1.0000 (38/38)
----------------------------------------
输入:       D>LH> LVWR> DKRML> WKD XZH NBJH D>LH>
目标:     0 1 0 0 4 0 0 1 0 0 4 0 0 1 0 0 0 0 2 0 1 0 0 0 0 105 12 0 0 0 5 0 0 1 0 0 4 0
预测:     0 1 0 0 4 0 0 1 0 0 4 0 0 1 0 0 0 0 2 0 1 0 0 0 0 105 12 0 0 0 5 0 0 1 0 0 4 0
准确率:    1.0000 (38/38)
----------------------------------------
输入:       <DW<JR D<L SPT> DNXL> D>RNWN WPLGH DVWR>
目标:     0 0 0 0 0 0 2 0 1 0 0 0 0 13 9 0 0 1 0 0 4 0 0 1 0 0 0 0 2 0 1 0 0 37 0 0 1 0 0 4 0
预测:     0 0 0 0 0 0 2 0 1 0 0 0 0 13 9 0 0 1 0 0 4 0 0 1 0 0 0 0 2 0 1 0 0 37 0 0 1 0 0 4 0
准确率:    1.0000 (41/41)
----------------------------------------

生成的验证样本:
--------------------------------------------------------------------------------
输入:       YBJNH D>LH> LMSV> MN KL DBJC WKLJ
目标:     0 0 0 0 5 0 0 1 0 0 4 0 0 1 6 0 10 7 0 0 0 0 0 2 0 1 0 0 2 0 36 0 0 3
预测:     0 0 0 0 5 0 0 1 0 0 4 0 0 1 6 0 10 7 0 0 0 0 0 2 0 1 0 0 2 0 36 0 0 3
准确率:    1.0000 (34/34)
----------------------------------------
输入:       D>LH> LMSV> MN KL DBJC WKLJ XJLK
目标:     0 1 0 0 4 0 0 1 6 0 10 7 0 0 0 0 0 2 0 1 0 0 2 0 36 0 0 3 0 0 0 5 0
预测:     0 1 0 0 4 0 0 1 6 0 10 7 0 0 0 0 0 2 0 1 0 0 2 0 36 0 0 3 0 0 0 5 0
准确率:    1.0000 (33/33)
----------------------------------------
💾 保存新的最佳模型！验证准确率: 0.9667 (F1: 0.9657) (Epoch 176)

======================================================================
🚀 Epoch 177/200
======================================================================
📚 开始训练阶段...
训练进度: 500/3164 损失=0.0001
训练进度: 1000/3164 损失=0.0000
训练进度: 1500/3164 损失=0.0031
训练进度: 2000/3164 损失=0.0000
训练进度: 2500/3164 损失=0.0002
训练进度: 3000/3164 损失=0.0000
训练进度: 3164/3164 损失=0.0000
✅ 训练完成，耗时: 57.7秒 (1.0分钟)

============================================================
📊 验证决策: Epoch 177/200
   验证间隔: 1
   是否验证: ✅ 是
   原因: 达到验证间隔 (0 == 0)
============================================================

🔍 开始验证...
验证进度: 500/686 损失=0.8753
验证进度: 686/686 损失=1.6698

📊 预测分布分析:
  - 预测的前5个类别: {np.int64(0): 283208, np.int64(1): 37108, np.int64(2): 14723, np.int64(3): 10830, np.int64(4): 8983}
  - 标签的前5个类别: {np.int64(0): 281232, np.int64(1): 36731, np.int64(2): 14789, np.int64(3): 10866, np.int64(4): 8585}
✅ 验证完成，耗时: 4.8秒 (0.1分钟)
训练损失: 0.0009
验证损失: 0.6900
验证准确率: 0.9668 (10599/10964) - 与Levenshtein高度相关
验证F1(加权): 0.9657 - 类别平衡更好
学习率: 0.000004
显存使用: 0.47GB (预留: 0.69GB)

生成的训练样本:
--------------------------------------------------------------------------------
输入:       MN DMZJ< >JKN> DYB> HW MZJ< LH
目标:     0 0 12 0 1 28 20 0 7 0 0 0 0 8 0 0 1 0 10 7 0 0 0 0 28 20 0 7 0 1 0
预测:     0 0 12 0 1 28 20 0 7 0 0 0 0 8 0 0 1 0 10 7 0 0 0 0 28 20 0 7 0 1 0
准确率:    1.0000 (31/31)
----------------------------------------
输入:       DBJT >XB MVL DXTH D>XB HWT LH
目标:     0 1 0 0 2 0 0 0 2 0 0 0 0 0 75 13 1 0 0 1 0 0 2 0 0 18 26 0 1 0
预测:     0 1 0 0 2 0 0 0 2 0 0 0 0 0 75 13 1 0 0 1 0 0 2 0 0 18 26 0 1 0
准确率:    1.0000 (30/30)
----------------------------------------
输入:       WL> >CKXT BJ <WL> WL> <BRW <L
目标:     0 1 0 0 8 0 0 0 3 12 0 1 0 0 0 0 15 0 0 1 0 0 0 0 0 3 0 0 0 0
预测:     0 1 0 0 8 0 0 0 3 12 0 1 0 0 0 0 15 0 0 1 0 0 0 0 0 3 0 0 0 0
准确率:    1.0000 (30/30)
----------------------------------------

生成的验证样本:
--------------------------------------------------------------------------------
输入:       YBJNH D>LH> LMSV> MN KL DBJC WKLJ
目标:     0 0 0 0 5 0 0 1 0 0 4 0 0 1 6 0 10 7 0 0 0 0 0 2 0 1 0 0 2 0 36 0 0 3
预测:     0 0 0 0 5 0 0 1 0 0 4 0 0 1 6 0 10 7 0 0 0 0 0 2 0 1 0 0 2 0 36 0 0 3
准确率:    1.0000 (34/34)
----------------------------------------
输入:       D>LH> LMSV> MN KL DBJC WKLJ XJLK
目标:     0 1 0 0 4 0 0 1 6 0 10 7 0 0 0 0 0 2 0 1 0 0 2 0 36 0 0 3 0 0 0 5 0
预测:     0 1 0 0 4 0 0 1 6 0 10 7 0 0 0 0 0 2 0 1 0 0 2 0 36 0 0 3 0 0 0 5 0
准确率:    1.0000 (33/33)
----------------------------------------
💾 保存新的最佳模型！验证准确率: 0.9668 (F1: 0.9657) (Epoch 177)

======================================================================
🚀 Epoch 178/200
======================================================================
📚 开始训练阶段...
训练进度: 500/3164 损失=0.0001
训练进度: 1000/3164 损失=0.0000
训练进度: 1500/3164 损失=0.0002
训练进度: 2000/3164 损失=0.0003
训练进度: 2500/3164 损失=0.0002
训练进度: 3000/3164 损失=0.0001
训练进度: 3164/3164 损失=0.0006
✅ 训练完成，耗时: 57.6秒 (1.0分钟)

============================================================
📊 验证决策: Epoch 178/200
   验证间隔: 1
   是否验证: ✅ 是
   原因: 达到验证间隔 (0 == 0)
============================================================

🔍 开始验证...
验证进度: 500/686 损失=0.8416
验证进度: 686/686 损失=1.6789

📊 预测分布分析:
  - 预测的前5个类别: {np.int64(0): 283193, np.int64(1): 37100, np.int64(2): 14697, np.int64(3): 10833, np.int64(4): 8964}
  - 标签的前5个类别: {np.int64(0): 281232, np.int64(1): 36731, np.int64(2): 14789, np.int64(3): 10866, np.int64(4): 8585}
✅ 验证完成，耗时: 4.8秒 (0.1分钟)
训练损失: 0.0011
验证损失: 0.6895
验证准确率: 0.9667 (10598/10964) - 与Levenshtein高度相关
验证F1(加权): 0.9656 - 类别平衡更好
学习率: 0.000004
显存使用: 0.47GB (预留: 0.69GB)

生成的训练样本:
--------------------------------------------------------------------------------
输入:       NHWWN XWCBNJK WKLHJN CW<JTK B>WRXTH DMRJ> >NC>
目标:     0 6 0 18 0 0 0 0 0 0 0 2 1 0 0 1 0 5 0 0 0 0 0 0 0 2 32 0 0 1 0 0 0 2 32 0 0 1 0 0 0 2 0 0 0 11 0
预测:     0 6 0 18 0 0 0 0 0 0 0 2 1 0 0 1 0 5 0 0 0 0 0 0 0 2 32 0 0 1 0 0 0 2 32 0 0 1 0 0 0 2 0 0 0 11 0
准确率:    1.0000 (47/47)
----------------------------------------
输入:       MVL DMN DWMJ> HW DXZJN BNJ >NC>
目标:     0 0 0 0 0 1 0 0 0 0 0 0 4 0 0 0 12 0 1 0 42 0 0 0 0 2 0 0 0 0 4 0
预测:     0 0 0 0 0 1 0 0 0 0 0 0 4 0 0 0 12 0 1 0 42 0 0 0 0 2 0 0 0 0 4 0
准确率:    1.0000 (32/32)
----------------------------------------
输入:       W<LT> DMLK> WQWRBNH W<LT> DKLH <M> D>R<>
目标:     0 1 0 70 9 0 0 1 0 0 4 0 0 1 0 0 0 0 5 0 0 1 0 70 9 0 0 1 0 5 0 0 0 15 0 0 1 0 0 4 0
预测:     0 1 0 70 9 0 0 1 0 0 4 0 0 1 0 0 0 0 5 0 0 1 0 70 9 0 0 1 0 5 0 0 0 15 0 0 1 0 0 4 0
准确率:    1.0000 (41/41)
----------------------------------------

生成的验证样本:
--------------------------------------------------------------------------------
输入:       YBJNH D>LH> LMSV> MN KL DBJC WKLJ
目标:     0 0 0 0 5 0 0 1 0 0 4 0 0 1 6 0 10 7 0 0 0 0 0 2 0 1 0 0 2 0 36 0 0 3
预测:     0 0 0 0 5 0 0 1 0 0 4 0 0 1 6 0 10 7 0 0 0 0 0 2 0 1 0 0 2 0 36 0 0 3
准确率:    1.0000 (34/34)
----------------------------------------
输入:       D>LH> LMSV> MN KL DBJC WKLJ XJLK
目标:     0 1 0 0 4 0 0 1 6 0 10 7 0 0 0 0 0 2 0 1 0 0 2 0 36 0 0 3 0 0 0 5 0
预测:     0 1 0 0 4 0 0 1 6 0 10 7 0 0 0 0 0 2 0 1 0 0 2 0 36 0 0 3 0 0 0 5 0
准确率:    1.0000 (33/33)
----------------------------------------
⏳ 验证无提升 (验证准确率: 0.9667 ≤ 0.9668)，patience: 1/50

======================================================================
🚀 Epoch 179/200
======================================================================
📚 开始训练阶段...
训练进度: 500/3164 损失=0.0001
训练进度: 1000/3164 损失=0.0000
训练进度: 1500/3164 损失=0.0007
训练进度: 2000/3164 损失=0.0000
训练进度: 2500/3164 损失=0.0002
训练进度: 3000/3164 损失=0.0005
训练进度: 3164/3164 损失=0.0028
✅ 训练完成，耗时: 57.6秒 (1.0分钟)

============================================================
📊 验证决策: Epoch 179/200
   验证间隔: 1
   是否验证: ✅ 是
   原因: 达到验证间隔 (0 == 0)
============================================================

🔍 开始验证...
验证进度: 500/686 损失=0.8581
验证进度: 686/686 损失=1.7060

📊 预测分布分析:
  - 预测的前5个类别: {np.int64(0): 283220, np.int64(1): 37103, np.int64(2): 14727, np.int64(3): 10835, np.int64(4): 9049}
  - 标签的前5个类别: {np.int64(0): 281232, np.int64(1): 36731, np.int64(2): 14789, np.int64(3): 10866, np.int64(4): 8585}
✅ 验证完成，耗时: 4.8秒 (0.1分钟)
训练损失: 0.0010
验证损失: 0.6939
验证准确率: 0.9668 (10599/10964) - 与Levenshtein高度相关
验证F1(加权): 0.9657 - 类别平衡更好
学习率: 0.000004
显存使用: 0.47GB (预留: 0.69GB)

生成的训练样本:
--------------------------------------------------------------------------------
输入:       DMCX> XSRT >JK PTGMH DMRJ> DMLL B>JD>
目标:     0 1 0 0 4 0 0 0 0 3 26 0 0 0 0 0 0 0 0 5 0 0 1 0 0 0 2 0 1 0 0 16 0 35 0 0 4 0
预测:     0 1 0 0 4 0 0 0 0 3 26 0 0 0 0 0 0 0 0 5 0 0 1 0 0 0 2 0 1 0 0 16 0 35 0 0 4 0
准确率:    1.0000 (38/38)
----------------------------------------
输入:       >ZDHR WHWJT ZHJR D<M XVWP> >NT MHLK
目标:     6 47 85 0 0 16 0 1 0 0 3 12 0 0 8 0 40 0 1 0 0 0 0 0 0 11 0 0 0 0 0 0 6 0 0 41
预测:     6 47 85 0 0 16 0 1 0 0 3 12 0 0 8 0 40 0 1 0 0 0 0 0 0 11 0 0 0 0 0 0 6 0 0 41
准确率:    1.0000 (36/36)
----------------------------------------
输入:       QWRVB> W>CTND BHWN B>NCJ SKWT WMGDL> DPNW>JL
目标:     0 0 0 0 0 11 0 0 1 47 39 0 0 16 0 1 0 0 0 0 1 0 0 2 0 0 0 0 0 2 0 1 0 0 0 4 0 0 1 0 0 0 0 0 2
预测:     0 0 0 0 0 11 0 0 1 47 39 0 0 16 0 1 0 0 0 0 1 0 0 2 0 0 0 0 0 2 0 1 0 0 0 4 0 0 1 0 0 0 0 0 2
准确率:    1.0000 (45/45)
----------------------------------------

生成的验证样本:
--------------------------------------------------------------------------------
输入:       YBJNH D>LH> LMSV> MN KL DBJC WKLJ
目标:     0 0 0 0 5 0 0 1 0 0 4 0 0 1 6 0 10 7 0 0 0 0 0 2 0 1 0 0 2 0 36 0 0 3
预测:     0 0 0 0 5 0 0 1 0 0 4 0 0 1 6 0 10 7 0 0 0 0 0 2 0 1 0 0 2 0 36 0 0 3
准确率:    1.0000 (34/34)
----------------------------------------
输入:       D>LH> LMSV> MN KL DBJC WKLJ XJLK
目标:     0 1 0 0 4 0 0 1 6 0 10 7 0 0 0 0 0 2 0 1 0 0 2 0 36 0 0 3 0 0 0 5 0
预测:     0 1 0 0 4 0 0 1 6 0 10 7 0 0 0 0 0 2 0 1 0 0 2 0 36 0 0 3 0 0 0 5 0
准确率:    1.0000 (33/33)
----------------------------------------
💾 保存新的最佳模型！验证准确率: 0.9668 (F1: 0.9657) (Epoch 179)

======================================================================
🚀 Epoch 180/200
======================================================================
📚 开始训练阶段...
训练进度: 500/3164 损失=0.0000
训练进度: 1000/3164 损失=0.0001
训练进度: 1500/3164 损失=0.0002
训练进度: 2000/3164 损失=0.0000
训练进度: 2500/3164 损失=0.0005
训练进度: 3000/3164 损失=0.0000
训练进度: 3164/3164 损失=0.0000
✅ 训练完成，耗时: 57.5秒 (1.0分钟)

============================================================
📊 验证决策: Epoch 180/200
   验证间隔: 1
   是否验证: ✅ 是
   原因: 达到验证间隔 (0 == 0)
============================================================

🔍 开始验证...
验证进度: 500/686 损失=0.8671
验证进度: 686/686 损失=1.6940

📊 预测分布分析:
  - 预测的前5个类别: {np.int64(0): 283156, np.int64(1): 37107, np.int64(2): 14741, np.int64(3): 10796, np.int64(4): 8999}
  - 标签的前5个类别: {np.int64(0): 281232, np.int64(1): 36731, np.int64(2): 14789, np.int64(3): 10866, np.int64(4): 8585}
✅ 验证完成，耗时: 4.8秒 (0.1分钟)
训练损失: 0.0009
验证损失: 0.6924
验证准确率: 0.9668 (10599/10964) - 与Levenshtein高度相关
验证F1(加权): 0.9657 - 类别平衡更好
学习率: 0.000003
显存使用: 0.47GB (预留: 0.69GB)

生成的训练样本:
--------------------------------------------------------------------------------
输入:       DNQWM MN LBR WNMLL SKLWT> HJ LBRNC>
目标:     0 1 6 0 0 3 0 0 0 0 1 0 22 0 1 6 0 0 16 0 0 0 0 2 9 0 0 0 12 0 1 0 84 0 4 0
预测:     0 1 6 0 0 3 0 0 0 0 1 0 22 0 1 6 0 0 16 0 0 0 0 2 9 0 0 0 12 0 1 0 84 0 4 0
准确率:    1.0000 (36/36)
----------------------------------------
输入:       MLK> D>TWR WSLQ MLK> D>TWR <L DRMSWQ
目标:     0 0 0 4 0 0 1 0 0 0 2 0 1 0 0 3 0 0 0 4 0 0 1 0 0 0 2 0 0 0 0 0 0 0 0 0 2
预测:     0 0 0 4 0 0 1 0 0 0 2 0 1 0 0 3 0 0 0 4 0 0 1 0 0 0 2 0 0 0 0 0 0 0 0 0 2
准确率:    1.0000 (37/37)
----------------------------------------
输入:       QDMWHJ KL XKM> WL> VC> MN QDMWHJ
目标:     0 0 0 25 1 0 0 0 0 2 0 0 0 13 0 0 1 0 0 0 0 10 40 0 0 0 0 0 0 25 1 0 0
预测:     0 0 0 25 1 0 0 0 0 2 0 0 0 13 0 0 1 0 0 0 0 10 40 0 0 0 0 0 0 25 1 0 0
准确率:    1.0000 (33/33)
----------------------------------------

生成的验证样本:
--------------------------------------------------------------------------------
输入:       YBJNH D>LH> LMSV> MN KL DBJC WKLJ
目标:     0 0 0 0 5 0 0 1 0 0 4 0 0 1 6 0 10 7 0 0 0 0 0 2 0 1 0 0 2 0 36 0 0 3
预测:     0 0 0 0 5 0 0 1 0 0 4 0 0 1 6 0 10 7 0 0 0 0 0 2 0 1 0 0 2 0 36 0 0 3
准确率:    1.0000 (34/34)
----------------------------------------
输入:       D>LH> LMSV> MN KL DBJC WKLJ XJLK
目标:     0 1 0 0 4 0 0 1 6 0 10 7 0 0 0 0 0 2 0 1 0 0 2 0 36 0 0 3 0 0 0 5 0
预测:     0 1 0 0 4 0 0 1 6 0 10 7 0 0 0 0 0 2 0 1 0 0 2 0 36 0 0 3 0 0 0 5 0
准确率:    1.0000 (33/33)
----------------------------------------
⏳ 验证无提升 (验证准确率: 0.9668 ≤ 0.9668)，patience: 1/50

======================================================================
🚀 Epoch 181/200
======================================================================
📚 开始训练阶段...
训练进度: 500/3164 损失=0.0014
训练进度: 1000/3164 损失=0.0005
训练进度: 1500/3164 损失=0.0000
训练进度: 2000/3164 损失=0.0000
训练进度: 2500/3164 损失=0.0017
训练进度: 3000/3164 损失=0.0000
训练进度: 3164/3164 损失=0.0027
✅ 训练完成，耗时: 57.6秒 (1.0分钟)

============================================================
📊 验证决策: Epoch 181/200
   验证间隔: 1
   是否验证: ✅ 是
   原因: 达到验证间隔 (0 == 0)
============================================================

🔍 开始验证...
验证进度: 500/686 损失=0.8618
验证进度: 686/686 损失=1.6507

📊 预测分布分析:
  - 预测的前5个类别: {np.int64(0): 283159, np.int64(1): 37118, np.int64(2): 14712, np.int64(3): 10827, np.int64(4): 8946}
  - 标签的前5个类别: {np.int64(0): 281232, np.int64(1): 36731, np.int64(2): 14789, np.int64(3): 10866, np.int64(4): 8585}
✅ 验证完成，耗时: 4.8秒 (0.1分钟)
训练损失: 0.0010
验证损失: 0.6931
验证准确率: 0.9668 (10600/10964) - 与Levenshtein高度相关
验证F1(加权): 0.9657 - 类别平衡更好
学习率: 0.000003
显存使用: 0.47GB (预留: 0.69GB)

生成的训练样本:
--------------------------------------------------------------------------------
输入:       DL> MWM <MH W>ZDHRT MN XVHJ PR<NJ
目标:     0 1 0 0 0 0 0 2 0 0 1 0 0 1 47 85 0 0 3 19 0 0 0 0 0 0 2 46 0 0 0 29 0 0
预测:     0 1 0 0 0 0 0 2 0 0 1 0 0 1 47 85 0 0 3 19 0 0 0 0 0 0 2 46 0 0 0 29 0 0
准确率:    1.0000 (34/34)
----------------------------------------
输入:       <>L WCGC WVBT> LBJCT> HPK WBM>NJ RGT>
目标:     0 8 0 83 0 1 0 0 7 0 1 0 2 23 0 0 1 0 0 2 23 0 0 0 0 7 0 1 1 0 0 2 0 0 0 13 9 0
预测:     0 8 0 83 0 1 0 0 7 0 1 0 2 23 0 0 1 0 0 2 23 0 0 0 0 7 0 1 1 0 0 2 0 0 0 13 9 0
准确率:    1.0000 (38/38)
----------------------------------------
输入:       >RB< KNPWHJ DMRVWVK DMTKS> >NT WKD NSB
目标:     0 0 0 0 2 0 0 0 25 1 0 0 0 1 0 0 0 0 5 0 0 1 21 14 0 10 7 0 0 0 0 0 1 0 0 0 0 0 3
预测:     0 0 0 0 2 0 0 0 25 1 0 0 0 1 0 0 0 0 5 0 0 1 21 14 0 10 7 0 0 0 0 0 1 0 0 0 0 0 3
准确率:    1.0000 (39/39)
----------------------------------------

生成的验证样本:
--------------------------------------------------------------------------------
输入:       YBJNH D>LH> LMSV> MN KL DBJC WKLJ
目标:     0 0 0 0 5 0 0 1 0 0 4 0 0 1 6 0 10 7 0 0 0 0 0 2 0 1 0 0 2 0 36 0 0 3
预测:     0 0 0 0 5 0 0 1 0 0 4 0 0 1 6 0 10 7 0 0 0 0 0 2 0 1 0 0 2 0 36 0 0 3
准确率:    1.0000 (34/34)
----------------------------------------
输入:       D>LH> LMSV> MN KL DBJC WKLJ XJLK
目标:     0 1 0 0 4 0 0 1 6 0 10 7 0 0 0 0 0 2 0 1 0 0 2 0 36 0 0 3 0 0 0 5 0
预测:     0 1 0 0 4 0 0 1 6 0 10 7 0 0 0 0 0 2 0 1 0 0 2 0 36 0 0 3 0 0 0 5 0
准确率:    1.0000 (33/33)
----------------------------------------
💾 保存新的最佳模型！验证准确率: 0.9668 (F1: 0.9657) (Epoch 181)

======================================================================
🚀 Epoch 182/200
======================================================================
📚 开始训练阶段...
训练进度: 500/3164 损失=0.0000
训练进度: 1000/3164 损失=0.0006
训练进度: 1500/3164 损失=0.0000
训练进度: 2000/3164 损失=0.0011
训练进度: 2500/3164 损失=0.0000
训练进度: 3000/3164 损失=0.0000
训练进度: 3164/3164 损失=0.0002
✅ 训练完成，耗时: 57.7秒 (1.0分钟)

============================================================
📊 验证决策: Epoch 182/200
   验证间隔: 1
   是否验证: ✅ 是
   原因: 达到验证间隔 (0 == 0)
============================================================

🔍 开始验证...
验证进度: 500/686 损失=0.8697
验证进度: 686/686 损失=1.6383

📊 预测分布分析:
  - 预测的前5个类别: {np.int64(0): 283262, np.int64(1): 37107, np.int64(2): 14740, np.int64(3): 10795, np.int64(4): 8895}
  - 标签的前5个类别: {np.int64(0): 281232, np.int64(1): 36731, np.int64(2): 14789, np.int64(3): 10866, np.int64(4): 8585}
✅ 验证完成，耗时: 4.9秒 (0.1分钟)
训练损失: 0.0009
验证损失: 0.6975
验证准确率: 0.9668 (10599/10964) - 与Levenshtein高度相关
验证F1(加权): 0.9657 - 类别平衡更好
学习率: 0.000003
显存使用: 0.47GB (预留: 0.69GB)

生成的训练样本:
--------------------------------------------------------------------------------
输入:       WMN DQLJL HW> B<JNWHJ DNHLK BXVHWHJ DJWRB<M
目标:     0 1 0 0 0 1 0 0 0 2 0 0 10 3 0 1 0 0 25 1 0 0 0 1 6 0 0 16 0 1 0 0 25 1 0 0 0 1 0 0 0 0 0 2
预测:     0 1 0 0 0 1 0 0 0 2 0 0 10 3 0 1 0 0 25 1 0 0 0 1 6 0 0 16 0 1 0 0 25 1 0 0 0 1 0 0 0 0 0 2
准确率:    1.0000 (44/44)
----------------------------------------
输入:       >JKN> DL> YBJN BKL >TR GJR WBKL
目标:     0 0 0 0 8 0 0 1 0 0 0 0 42 0 0 0 1 0 2 0 0 0 2 0 0 0 0 0 1 1 0 2
预测:     0 0 0 0 8 0 0 1 0 0 0 0 42 0 0 0 1 0 2 0 0 0 2 0 0 0 0 0 1 1 0 2
准确率:    1.0000 (32/32)
----------------------------------------
输入:       BQLH MMRMRN> HWJTWN QDM MRJ> MN JWM>
目标:     0 1 0 5 0 0 0 0 0 0 0 11 0 0 0 0 3 0 0 0 0 0 0 2 0 0 0 0 2 0 0 0 0 0 0 4 0
预测:     0 1 0 5 0 0 0 0 0 0 0 11 0 0 0 0 3 0 0 0 0 0 0 2 0 0 0 0 2 0 0 0 0 0 0 4 0
准确率:    1.0000 (37/37)
----------------------------------------

生成的验证样本:
--------------------------------------------------------------------------------
输入:       YBJNH D>LH> LMSV> MN KL DBJC WKLJ
目标:     0 0 0 0 5 0 0 1 0 0 4 0 0 1 6 0 10 7 0 0 0 0 0 2 0 1 0 0 2 0 36 0 0 3
预测:     0 0 0 0 5 0 0 1 0 0 4 0 0 1 6 0 10 7 0 0 0 0 0 2 0 1 0 0 2 0 36 0 0 3
准确率:    1.0000 (34/34)
----------------------------------------
输入:       D>LH> LMSV> MN KL DBJC WKLJ XJLK
目标:     0 1 0 0 4 0 0 1 6 0 10 7 0 0 0 0 0 2 0 1 0 0 2 0 36 0 0 3 0 0 0 5 0
预测:     0 1 0 0 4 0 0 1 6 0 10 7 0 0 0 0 0 2 0 1 0 0 2 0 36 0 0 3 0 0 0 5 0
准确率:    1.0000 (33/33)
----------------------------------------
⏳ 验证无提升 (验证准确率: 0.9668 ≤ 0.9668)，patience: 1/50

======================================================================
🚀 Epoch 183/200
======================================================================
📚 开始训练阶段...
训练进度: 500/3164 损失=0.0000
训练进度: 1000/3164 损失=0.0000
训练进度: 1500/3164 损失=0.0000
训练进度: 2000/3164 损失=0.0001
训练进度: 2500/3164 损失=0.0002
训练进度: 3000/3164 损失=0.0006
训练进度: 3164/3164 损失=0.0000
✅ 训练完成，耗时: 57.7秒 (1.0分钟)

============================================================
📊 验证决策: Epoch 183/200
   验证间隔: 1
   是否验证: ✅ 是
   原因: 达到验证间隔 (0 == 0)
============================================================

🔍 开始验证...
验证进度: 500/686 损失=0.8768
验证进度: 686/686 损失=1.6702

📊 预测分布分析:
  - 预测的前5个类别: {np.int64(0): 283157, np.int64(1): 37111, np.int64(2): 14736, np.int64(3): 10808, np.int64(4): 8928}
  - 标签的前5个类别: {np.int64(0): 281232, np.int64(1): 36731, np.int64(2): 14789, np.int64(3): 10866, np.int64(4): 8585}
✅ 验证完成，耗时: 4.9秒 (0.1分钟)
训练损失: 0.0008
验证损失: 0.6959
验证准确率: 0.9667 (10599/10964) - 与Levenshtein高度相关
验证F1(加权): 0.9657 - 类别平衡更好
学习率: 0.000003
显存使用: 0.47GB (预留: 0.69GB)

生成的训练样本:
--------------------------------------------------------------------------------
输入:       DGNBR> <RSH <RS> HJ DPRZL> WH> BRBT
目标:     0 1 0 0 0 11 0 0 0 0 5 0 0 0 0 4 0 0 0 12 0 1 0 0 0 4 0 0 1 0 0 0 1 0 0 2
预测:     0 1 0 0 0 11 0 0 0 0 5 0 0 0 0 4 0 0 0 12 0 1 0 0 0 4 0 0 1 0 0 0 1 0 0 2
准确率:    1.0000 (36/36)
----------------------------------------
输入:       MN QDMJK MRJ MLK> HW> PTGM> HN>
目标:     0 0 0 0 0 0 2 1 0 0 0 56 0 0 0 0 4 0 0 0 10 3 0 0 0 0 4 0 0 0 0 0
预测:     0 0 0 0 0 0 2 1 0 0 0 56 0 0 0 0 4 0 0 0 10 3 0 0 0 0 4 0 0 0 0 0
准确率:    1.0000 (32/32)
----------------------------------------
输入:       JWM> WL> TSPQ B>JDJK P>R> D>R<K WKLH
目标:     0 0 0 4 0 0 1 0 0 0 6 0 0 3 0 35 0 0 2 1 0 0 0 0 11 0 0 1 0 0 5 0 0 1 0 5 12
预测:     0 0 0 4 0 0 1 0 0 0 6 0 0 3 0 35 0 0 2 1 0 0 0 0 11 0 0 1 0 0 5 0 0 1 0 5 12
准确率:    1.0000 (37/37)
----------------------------------------

生成的验证样本:
--------------------------------------------------------------------------------
输入:       YBJNH D>LH> LMSV> MN KL DBJC WKLJ
目标:     0 0 0 0 5 0 0 1 0 0 4 0 0 1 6 0 10 7 0 0 0 0 0 2 0 1 0 0 2 0 36 0 0 3
预测:     0 0 0 0 5 0 0 1 0 0 4 0 0 1 6 0 10 7 0 0 0 0 0 2 0 1 0 0 2 0 36 0 0 3
准确率:    1.0000 (34/34)
----------------------------------------
输入:       D>LH> LMSV> MN KL DBJC WKLJ XJLK
目标:     0 1 0 0 4 0 0 1 6 0 10 7 0 0 0 0 0 2 0 1 0 0 2 0 36 0 0 3 0 0 0 5 0
预测:     0 1 0 0 4 0 0 1 6 0 10 7 0 0 0 0 0 2 0 1 0 0 2 0 36 0 0 3 0 0 0 5 0
准确率:    1.0000 (33/33)
----------------------------------------
⏳ 验证无提升 (验证准确率: 0.9667 ≤ 0.9668)，patience: 2/50

======================================================================
🚀 Epoch 184/200
======================================================================
📚 开始训练阶段...
训练进度: 500/3164 损失=0.0000
训练进度: 1000/3164 损失=0.0014
训练进度: 1500/3164 损失=0.0004
训练进度: 2000/3164 损失=0.0087
训练进度: 2500/3164 损失=0.0000
训练进度: 3000/3164 损失=0.0000
训练进度: 3164/3164 损失=0.0000
✅ 训练完成，耗时: 57.5秒 (1.0分钟)

============================================================
📊 验证决策: Epoch 184/200
   验证间隔: 1
   是否验证: ✅ 是
   原因: 达到验证间隔 (0 == 0)
============================================================

🔍 开始验证...
验证进度: 500/686 损失=0.8875
验证进度: 686/686 损失=1.6666

📊 预测分布分析:
  - 预测的前5个类别: {np.int64(0): 283191, np.int64(1): 37095, np.int64(2): 14732, np.int64(3): 10829, np.int64(4): 8944}
  - 标签的前5个类别: {np.int64(0): 281232, np.int64(1): 36731, np.int64(2): 14789, np.int64(3): 10866, np.int64(4): 8585}
✅ 验证完成，耗时: 4.8秒 (0.1分钟)
训练损失: 0.0009
验证损失: 0.6974
验证准确率: 0.9668 (10600/10964) - 与Levenshtein高度相关
验证F1(加权): 0.9658 - 类别平衡更好
学习率: 0.000003
显存使用: 0.47GB (预留: 0.69GB)

生成的训练样本:
--------------------------------------------------------------------------------
输入:       L>LH> WLML>K> WLCLJVN> WLMDBRN> WL>SVWKS> WLBNJNC> WLXJWT>
目标:     0 1 0 0 4 0 0 1 1 0 0 0 11 0 0 1 1 0 0 0 0 4 0 0 1 1 0 0 0 0 11 0 0 1 1 0 0 0 0 0 11 0 0 1 1 0 2 75 0 4 0 0 1 1 0 0 13 23 0
预测:     0 1 0 0 4 0 0 1 1 0 0 0 11 0 0 1 1 0 0 0 0 4 0 0 1 1 0 0 0 0 11 0 0 1 1 0 0 0 0 0 11 0 0 1 1 0 2 75 0 4 0 0 1 1 0 0 13 23 0
准确率:    1.0000 (59/59)
----------------------------------------
输入:       DKS> WPR<> DCWCNT> TRJN >LPJN MTRJN >XD
目标:     0 1 0 4 0 0 1 0 0 15 0 0 1 0 0 0 2 9 0 0 0 2 0 12 0 0 0 2 0 0 0 0 0 0 13 0 0 0 0 7
预测:     0 1 0 4 0 0 1 0 0 15 0 0 1 0 0 0 2 9 0 0 0 2 0 12 0 0 0 2 0 0 0 0 0 0 13 0 0 0 0 7
准确率:    1.0000 (40/40)
----------------------------------------
输入:       XNN WCLX RBJT> WCLJV> DQRJT> WSB> WTR>>
目标:     0 0 0 0 0 1 0 0 262 0 0 0 22 9 0 0 1 0 0 0 4 0 0 1 0 0 22 9 0 0 1 0 11 0 0 1 0 0 11 0
预测:     0 0 0 0 0 1 0 0 262 0 0 0 22 9 0 0 1 0 0 0 4 0 0 1 0 0 22 9 0 0 1 0 11 0 0 1 0 0 11 0
准确率:    1.0000 (40/40)
----------------------------------------

生成的验证样本:
--------------------------------------------------------------------------------
输入:       YBJNH D>LH> LMSV> MN KL DBJC WKLJ
目标:     0 0 0 0 5 0 0 1 0 0 4 0 0 1 6 0 10 7 0 0 0 0 0 2 0 1 0 0 2 0 36 0 0 3
预测:     0 0 0 0 5 0 0 1 0 0 4 0 0 1 6 0 10 7 0 0 0 0 0 2 0 1 0 0 2 0 36 0 0 3
准确率:    1.0000 (34/34)
----------------------------------------
输入:       D>LH> LMSV> MN KL DBJC WKLJ XJLK
目标:     0 1 0 0 4 0 0 1 6 0 10 7 0 0 0 0 0 2 0 1 0 0 2 0 36 0 0 3 0 0 0 5 0
预测:     0 1 0 0 4 0 0 1 6 0 10 7 0 0 0 0 0 2 0 1 0 0 2 0 36 0 0 3 0 0 0 5 0
准确率:    1.0000 (33/33)
----------------------------------------
💾 保存新的最佳模型！验证准确率: 0.9668 (F1: 0.9658) (Epoch 184)

======================================================================
🚀 Epoch 185/200
======================================================================
📚 开始训练阶段...
训练进度: 500/3164 损失=0.0001
训练进度: 1000/3164 损失=0.0001
训练进度: 1500/3164 损失=0.0000
训练进度: 2000/3164 损失=0.0038
训练进度: 2500/3164 损失=0.0000
训练进度: 3000/3164 损失=0.0065
训练进度: 3164/3164 损失=0.0001
✅ 训练完成，耗时: 57.6秒 (1.0分钟)

============================================================
📊 验证决策: Epoch 185/200
   验证间隔: 1
   是否验证: ✅ 是
   原因: 达到验证间隔 (0 == 0)
============================================================

🔍 开始验证...
验证进度: 500/686 损失=0.8855
验证进度: 686/686 损失=1.6531

📊 预测分布分析:
  - 预测的前5个类别: {np.int64(0): 283255, np.int64(1): 37087, np.int64(2): 14716, np.int64(3): 10825, np.int64(4): 8944}
  - 标签的前5个类别: {np.int64(0): 281232, np.int64(1): 36731, np.int64(2): 14789, np.int64(3): 10866, np.int64(4): 8585}
✅ 验证完成，耗时: 4.8秒 (0.1分钟)
训练损失: 0.0009
验证损失: 0.6979
验证准确率: 0.9668 (10600/10964) - 与Levenshtein高度相关
验证F1(加权): 0.9657 - 类别平衡更好
学习率: 0.000002
显存使用: 0.48GB (预留: 0.69GB)

生成的训练样本:
--------------------------------------------------------------------------------
输入:       >JDK DT<BD <DM> DNWBDK W<DM> DNSJPK B<GL
目标:     8 0 0 5 0 0 1 6 0 0 3 0 0 0 0 0 0 1 68 0 0 29 0 0 1 0 0 0 0 0 1 28 20 0 197 0 0 1 0 0 0
预测:     8 0 0 5 0 0 1 6 0 0 3 0 0 0 0 0 0 1 68 0 0 29 0 0 1 0 0 0 0 0 1 28 20 0 197 0 0 1 0 0 0
准确率:    1.0000 (41/41)
----------------------------------------
输入:       D<M> >NT QC> QDL> >TDKR WL> TV<>
目标:     0 1 0 15 0 0 0 0 0 0 0 138 0 0 0 0 4 0 6 0 14 0 0 3 0 1 0 0 0 6 0 10 3
预测:     0 1 0 15 0 0 0 0 0 0 0 138 0 0 0 0 4 0 6 0 14 0 0 3 0 1 0 0 0 6 0 10 3
准确率:    1.0000 (33/33)
----------------------------------------
输入:       DR> DGBR> QRBTN> MN GW MCRJT> >JK
目标:     0 0 4 0 0 1 0 0 11 0 0 0 0 0 0 11 0 0 0 0 0 0 2 0 0 0 0 2 9 0 0 0 0 0
预测:     0 0 4 0 0 1 0 0 11 0 0 0 0 0 0 11 0 0 0 0 0 0 2 0 0 0 0 2 9 0 0 0 0 0
准确率:    1.0000 (34/34)
----------------------------------------

生成的验证样本:
--------------------------------------------------------------------------------
输入:       YBJNH D>LH> LMSV> MN KL DBJC WKLJ
目标:     0 0 0 0 5 0 0 1 0 0 4 0 0 1 6 0 10 7 0 0 0 0 0 2 0 1 0 0 2 0 36 0 0 3
预测:     0 0 0 0 5 0 0 1 0 0 4 0 0 1 6 0 10 7 0 0 0 0 0 2 0 1 0 0 2 0 36 0 0 3
准确率:    1.0000 (34/34)
----------------------------------------
输入:       D>LH> LMSV> MN KL DBJC WKLJ XJLK
目标:     0 1 0 0 4 0 0 1 6 0 10 7 0 0 0 0 0 2 0 1 0 0 2 0 36 0 0 3 0 0 0 5 0
预测:     0 1 0 0 4 0 0 1 6 0 10 7 0 0 0 0 0 2 0 1 0 0 2 0 36 0 0 3 0 0 0 5 0
准确率:    1.0000 (33/33)
----------------------------------------
💾 保存新的最佳模型！验证准确率: 0.9668 (F1: 0.9657) (Epoch 185)

======================================================================
🚀 Epoch 186/200
======================================================================
📚 开始训练阶段...
训练进度: 500/3164 损失=0.0011
训练进度: 1000/3164 损失=0.0000
训练进度: 1500/3164 损失=0.0002
训练进度: 2000/3164 损失=0.0000
训练进度: 2500/3164 损失=0.0008
训练进度: 3000/3164 损失=0.0003
训练进度: 3164/3164 损失=0.0000
✅ 训练完成，耗时: 57.5秒 (1.0分钟)

============================================================
📊 验证决策: Epoch 186/200
   验证间隔: 1
   是否验证: ✅ 是
   原因: 达到验证间隔 (0 == 0)
============================================================

🔍 开始验证...
验证进度: 500/686 损失=0.8874
验证进度: 686/686 损失=1.6793

📊 预测分布分析:
  - 预测的前5个类别: {np.int64(0): 283183, np.int64(1): 37102, np.int64(2): 14731, np.int64(3): 10797, np.int64(4): 8984}
  - 标签的前5个类别: {np.int64(0): 281232, np.int64(1): 36731, np.int64(2): 14789, np.int64(3): 10866, np.int64(4): 8585}
✅ 验证完成，耗时: 4.8秒 (0.1分钟)
训练损失: 0.0009
验证损失: 0.6989
验证准确率: 0.9669 (10601/10964) - 与Levenshtein高度相关
验证F1(加权): 0.9658 - 类别平衡更好
学习率: 0.000002
显存使用: 0.47GB (预留: 0.69GB)

生成的训练样本:
--------------------------------------------------------------------------------
输入:       CLJMWN WMLKT CB> CM<T CM<H DCLJMWN WCMH
目标:     0 0 0 0 0 0 2 0 1 0 0 13 0 0 0 0 22 0 0 0 3 26 0 0 0 37 0 0 1 0 0 0 0 0 2 0 1 0 5 0
预测:     0 0 0 0 0 0 2 0 1 0 0 13 0 0 0 0 22 0 0 0 3 26 0 0 0 37 0 0 1 0 0 0 0 0 2 0 1 0 5 0
准确率:    1.0000 (40/40)
----------------------------------------
输入:       KHN> BDQ> DBJT> WQR> MLK> JW>C LJWJD<
目标:     0 0 0 11 0 0 0 0 15 0 0 1 0 0 4 0 0 1 0 10 3 0 0 0 4 0 0 0 0 0 2 0 1 0 0 0 0 2
预测:     0 0 0 11 0 0 0 0 15 0 0 1 0 0 4 0 0 1 0 10 3 0 0 0 4 0 0 0 0 0 2 0 1 0 0 0 0 2
准确率:    1.0000 (38/38)
----------------------------------------
输入:       DJMJN> WMXJHJ BKRSH W>T> MRQQH BTR MXWTH
目标:     0 1 0 0 0 4 0 0 1 0 0 29 0 0 0 1 0 0 5 0 0 1 0 10 3 0 0 0 0 5 0 0 0 0 0 0 0 0 13 1 0
预测:     0 1 0 0 0 4 0 0 1 0 0 29 0 0 0 1 0 0 5 0 0 1 0 10 3 0 0 0 0 5 0 0 0 0 0 0 0 0 13 1 0
准确率:    1.0000 (41/41)
----------------------------------------

生成的验证样本:
--------------------------------------------------------------------------------
输入:       YBJNH D>LH> LMSV> MN KL DBJC WKLJ
目标:     0 0 0 0 5 0 0 1 0 0 4 0 0 1 6 0 10 7 0 0 0 0 0 2 0 1 0 0 2 0 36 0 0 3
预测:     0 0 0 0 5 0 0 1 0 0 4 0 0 1 6 0 10 7 0 0 0 0 0 2 0 1 0 0 2 0 36 0 0 3
准确率:    1.0000 (34/34)
----------------------------------------
输入:       D>LH> LMSV> MN KL DBJC WKLJ XJLK
目标:     0 1 0 0 4 0 0 1 6 0 10 7 0 0 0 0 0 2 0 1 0 0 2 0 36 0 0 3 0 0 0 5 0
预测:     0 1 0 0 4 0 0 1 6 0 10 7 0 0 0 0 0 2 0 1 0 0 2 0 36 0 0 3 0 0 0 5 0
准确率:    1.0000 (33/33)
----------------------------------------
💾 保存新的最佳模型！验证准确率: 0.9669 (F1: 0.9658) (Epoch 186)

======================================================================
🚀 Epoch 187/200
======================================================================
📚 开始训练阶段...
训练进度: 500/3164 损失=0.0048
训练进度: 1000/3164 损失=0.0001
训练进度: 1500/3164 损失=0.0000
训练进度: 2000/3164 损失=0.0000
训练进度: 2500/3164 损失=0.0101
训练进度: 3000/3164 损失=0.0000
训练进度: 3164/3164 损失=0.0000
✅ 训练完成，耗时: 57.5秒 (1.0分钟)

============================================================
📊 验证决策: Epoch 187/200
   验证间隔: 1
   是否验证: ✅ 是
   原因: 达到验证间隔 (0 == 0)
============================================================

🔍 开始验证...
验证进度: 500/686 损失=0.8956
验证进度: 686/686 损失=1.6722

📊 预测分布分析:
  - 预测的前5个类别: {np.int64(0): 283177, np.int64(1): 37115, np.int64(2): 14734, np.int64(3): 10794, np.int64(4): 8965}
  - 标签的前5个类别: {np.int64(0): 281232, np.int64(1): 36731, np.int64(2): 14789, np.int64(3): 10866, np.int64(4): 8585}
✅ 验证完成，耗时: 4.8秒 (0.1分钟)
训练损失: 0.0009
验证损失: 0.7011
验证准确率: 0.9668 (10600/10964) - 与Levenshtein高度相关
验证F1(加权): 0.9658 - 类别平衡更好
学习率: 0.000002
显存使用: 0.47GB (预留: 0.69GB)

生成的训练样本:
--------------------------------------------------------------------------------
输入:       MWZGJ> >N HLJN D< DJN D>N HW>
目标:     0 0 0 0 2 9 0 0 0 0 0 0 0 0 0 8 8 12 0 0 0 0 0 1 0 0 0 0 10 7
预测:     0 0 0 0 2 9 0 0 0 0 0 0 0 0 0 8 8 12 0 0 0 0 0 1 0 0 0 0 10 7
准确率:    1.0000 (30/30)
----------------------------------------
输入:       XBRH WQN> LH SN>> MGN MDM DBJC
目标:     0 0 0 5 0 0 1 0 10 7 0 1 0 0 0 0 4 0 0 0 0 0 0 0 0 2 0 1 0 0 2
预测:     0 0 0 5 0 0 1 0 10 7 0 1 0 0 0 0 4 0 0 0 0 0 0 0 0 2 0 1 0 0 2
准确率:    1.0000 (31/31)
----------------------------------------
输入:       W>MR XJ HW MRJ> WXJ> HJ NPCK
目标:     0 1 0 0 3 0 0 22 0 0 0 0 0 0 0 2 0 1 0 22 0 0 0 12 0 0 0 5 0
预测:     0 1 0 0 3 0 0 22 0 0 0 0 0 0 0 2 0 1 0 22 0 0 0 12 0 0 0 5 0
准确率:    1.0000 (29/29)
----------------------------------------

生成的验证样本:
--------------------------------------------------------------------------------
输入:       YBJNH D>LH> LMSV> MN KL DBJC WKLJ
目标:     0 0 0 0 5 0 0 1 0 0 4 0 0 1 6 0 10 7 0 0 0 0 0 2 0 1 0 0 2 0 36 0 0 3
预测:     0 0 0 0 5 0 0 1 0 0 4 0 0 1 6 0 10 7 0 0 0 0 0 2 0 1 0 0 2 0 36 0 0 3
准确率:    1.0000 (34/34)
----------------------------------------
输入:       D>LH> LMSV> MN KL DBJC WKLJ XJLK
目标:     0 1 0 0 4 0 0 1 6 0 10 7 0 0 0 0 0 2 0 1 0 0 2 0 36 0 0 3 0 0 0 5 0
预测:     0 1 0 0 4 0 0 1 6 0 10 7 0 0 0 0 0 2 0 1 0 0 2 0 36 0 0 3 0 0 0 5 0
准确率:    1.0000 (33/33)
----------------------------------------
⏳ 验证无提升 (验证准确率: 0.9668 ≤ 0.9669)，patience: 1/50

======================================================================
🚀 Epoch 188/200
======================================================================
📚 开始训练阶段...
训练进度: 500/3164 损失=0.0002
训练进度: 1000/3164 损失=0.0000
训练进度: 1500/3164 损失=0.0005
训练进度: 2000/3164 损失=0.0001
训练进度: 2500/3164 损失=0.0000
训练进度: 3000/3164 损失=0.0000
训练进度: 3164/3164 损失=0.0023
✅ 训练完成，耗时: 57.4秒 (1.0分钟)

============================================================
📊 验证决策: Epoch 188/200
   验证间隔: 1
   是否验证: ✅ 是
   原因: 达到验证间隔 (0 == 0)
============================================================

🔍 开始验证...
验证进度: 500/686 损失=0.8896
验证进度: 686/686 损失=1.6864

📊 预测分布分析:
  - 预测的前5个类别: {np.int64(0): 283218, np.int64(1): 37113, np.int64(2): 14743, np.int64(3): 10821, np.int64(4): 8986}
  - 标签的前5个类别: {np.int64(0): 281232, np.int64(1): 36731, np.int64(2): 14789, np.int64(3): 10866, np.int64(4): 8585}
✅ 验证完成，耗时: 4.8秒 (0.1分钟)
训练损失: 0.0008
验证损失: 0.7027
验证准确率: 0.9669 (10601/10964) - 与Levenshtein高度相关
验证F1(加权): 0.9658 - 类别平衡更好
学习率: 0.000002
显存使用: 0.47GB (预留: 0.69GB)

生成的训练样本:
--------------------------------------------------------------------------------
输入:       GJR >JTJH L> MYJ> DTHW> HLJN MVL
目标:     0 0 0 0 0 0 0 0 5 0 0 0 0 0 0 0 7 0 0 1 44 0 10 3 0 0 0 0 0 0 0 0 0
预测:     0 0 0 0 0 0 0 0 5 0 0 0 0 0 0 0 7 0 0 1 44 0 10 3 0 0 0 0 0 0 0 0 0
准确率:    1.0000 (33/33)
----------------------------------------
输入:       BJRTWTH DNBWT >JZR<LJ> MVL DDKJR >N> KD
目标:     0 1 0 0 0 2 1 0 0 1 0 0 0 2 0 0 0 0 0 0 0 4 0 0 0 0 0 0 1 0 8 0 40 0 0 0 0 0 0 0
预测:     0 1 0 0 0 2 1 0 0 1 0 0 0 2 0 0 0 0 0 0 0 4 0 0 0 0 0 0 1 0 8 0 40 0 0 0 0 0 0 0
准确率:    1.0000 (40/40)
----------------------------------------
输入:       B<LDBB> WMCWZBN> HW MN MXWT> WSMK MN
目标:     0 0 0 0 0 0 4 0 0 1 0 0 0 0 0 4 0 0 0 0 0 0 0 0 0 0 13 9 0 0 1 0 0 7 0 0 0
预测:     0 0 0 0 0 0 4 0 0 1 0 0 0 0 0 4 0 0 0 0 0 0 0 0 0 0 13 9 0 0 1 0 0 7 0 0 0
准确率:    1.0000 (37/37)
----------------------------------------

生成的验证样本:
--------------------------------------------------------------------------------
输入:       YBJNH D>LH> LMSV> MN KL DBJC WKLJ
目标:     0 0 0 0 5 0 0 1 0 0 4 0 0 1 6 0 10 7 0 0 0 0 0 2 0 1 0 0 2 0 36 0 0 3
预测:     0 0 0 0 5 0 0 1 0 0 4 0 0 1 6 0 10 7 0 0 0 0 0 2 0 1 0 0 2 0 36 0 0 3
准确率:    1.0000 (34/34)
----------------------------------------
输入:       D>LH> LMSV> MN KL DBJC WKLJ XJLK
目标:     0 1 0 0 4 0 0 1 6 0 10 7 0 0 0 0 0 2 0 1 0 0 2 0 36 0 0 3 0 0 0 5 0
预测:     0 1 0 0 4 0 0 1 6 0 10 7 0 0 0 0 0 2 0 1 0 0 2 0 36 0 0 3 0 0 0 5 0
准确率:    1.0000 (33/33)
----------------------------------------
💾 保存新的最佳模型！验证准确率: 0.9669 (F1: 0.9658) (Epoch 188)

======================================================================
🚀 Epoch 189/200
======================================================================
📚 开始训练阶段...
训练进度: 500/3164 损失=0.0000
训练进度: 1000/3164 损失=0.0001
训练进度: 1500/3164 损失=0.0098
训练进度: 2000/3164 损失=0.0009
训练进度: 2500/3164 损失=0.0000
训练进度: 3000/3164 损失=0.0000
训练进度: 3164/3164 损失=0.0000
✅ 训练完成，耗时: 57.5秒 (1.0分钟)

============================================================
📊 验证决策: Epoch 189/200
   验证间隔: 1
   是否验证: ✅ 是
   原因: 达到验证间隔 (0 == 0)
============================================================

🔍 开始验证...
验证进度: 500/686 损失=0.8944
验证进度: 686/686 损失=1.6620

📊 预测分布分析:
  - 预测的前5个类别: {np.int64(0): 283167, np.int64(1): 37112, np.int64(2): 14730, np.int64(3): 10780, np.int64(4): 8996}
  - 标签的前5个类别: {np.int64(0): 281232, np.int64(1): 36731, np.int64(2): 14789, np.int64(3): 10866, np.int64(4): 8585}
✅ 验证完成，耗时: 4.8秒 (0.1分钟)
训练损失: 0.0009
验证损失: 0.7031
验证准确率: 0.9668 (10600/10964) - 与Levenshtein高度相关
验证F1(加权): 0.9657 - 类别平衡更好
学习率: 0.000002
显存使用: 0.47GB (预留: 0.69GB)

生成的训练样本:
--------------------------------------------------------------------------------
输入:       ZDJQ> >TKNCW WNBJ> CKBW >P XNN MN
目标:     0 0 0 0 11 0 0 0 14 0 0 3 19 0 1 0 0 11 0 0 0 0 3 0 0 0 0 0 0 0 0 0 0 0
预测:     0 0 0 0 11 0 0 0 14 0 0 3 19 0 1 0 0 11 0 0 0 0 3 0 0 0 0 0 0 0 0 0 0 0
准确率:    1.0000 (34/34)
----------------------------------------
输入:       D>LH> QDJC HW W<BR <LJN >MJN>JT NTQN
目标:     0 1 0 0 4 0 0 0 0 0 2 0 0 0 0 1 0 0 7 0 0 8 1 0 0 0 0 0 0 0 0 0 0 112 0 0 3
预测:     0 1 0 0 4 0 0 0 0 0 2 0 0 0 0 1 0 0 7 0 0 8 1 0 0 0 0 0 0 0 0 0 0 112 0 0 3
准确率:    1.0000 (37/37)
----------------------------------------
输入:       >NT KLH BJCT> DJD< LBK D<BDT LDWJD
目标:     0 0 0 0 0 0 5 12 0 0 0 2 9 0 0 1 0 0 7 0 0 5 0 0 1 0 0 3 12 0 1 0 0 0 2
预测:     0 0 0 0 0 0 5 12 0 0 0 2 9 0 0 1 0 0 7 0 0 5 0 0 1 0 0 3 12 0 1 0 0 0 2
准确率:    1.0000 (35/35)
----------------------------------------

生成的验证样本:
--------------------------------------------------------------------------------
输入:       YBJNH D>LH> LMSV> MN KL DBJC WKLJ
目标:     0 0 0 0 5 0 0 1 0 0 4 0 0 1 6 0 10 7 0 0 0 0 0 2 0 1 0 0 2 0 36 0 0 3
预测:     0 0 0 0 5 0 0 1 0 0 4 0 0 1 6 0 10 7 0 0 0 0 0 2 0 1 0 0 2 0 36 0 0 3
准确率:    1.0000 (34/34)
----------------------------------------
输入:       D>LH> LMSV> MN KL DBJC WKLJ XJLK
目标:     0 1 0 0 4 0 0 1 6 0 10 7 0 0 0 0 0 2 0 1 0 0 2 0 36 0 0 3 0 0 0 5 0
预测:     0 1 0 0 4 0 0 1 6 0 10 7 0 0 0 0 0 2 0 1 0 0 2 0 36 0 0 3 0 0 0 5 0
准确率:    1.0000 (33/33)
----------------------------------------
⏳ 验证无提升 (验证准确率: 0.9668 ≤ 0.9669)，patience: 1/50

======================================================================
🚀 Epoch 190/200
======================================================================
📚 开始训练阶段...
训练进度: 500/3164 损失=0.0009
训练进度: 1000/3164 损失=0.0000
训练进度: 1500/3164 损失=0.0000
训练进度: 2000/3164 损失=0.0013
训练进度: 2500/3164 损失=0.0000
训练进度: 3000/3164 损失=0.0011
训练进度: 3164/3164 损失=0.0017
✅ 训练完成，耗时: 57.6秒 (1.0分钟)

============================================================
📊 验证决策: Epoch 190/200
   验证间隔: 1
   是否验证: ✅ 是
   原因: 达到验证间隔 (0 == 0)
============================================================

🔍 开始验证...
验证进度: 500/686 损失=0.8989
验证进度: 686/686 损失=1.6275

📊 预测分布分析:
  - 预测的前5个类别: {np.int64(0): 283209, np.int64(1): 37109, np.int64(2): 14737, np.int64(3): 10808, np.int64(4): 8961}
  - 标签的前5个类别: {np.int64(0): 281232, np.int64(1): 36731, np.int64(2): 14789, np.int64(3): 10866, np.int64(4): 8585}
✅ 验证完成，耗时: 4.8秒 (0.1分钟)
训练损失: 0.0009
验证损失: 0.7041
验证准确率: 0.9668 (10600/10964) - 与Levenshtein高度相关
验证F1(加权): 0.9657 - 类别平衡更好
学习率: 0.000002
显存使用: 0.47GB (预留: 0.69GB)

生成的训练样本:
--------------------------------------------------------------------------------
输入:       WDDXL L>LH> T>B MN LBH XKJM> MN
目标:     0 1 1 0 0 7 0 1 0 0 4 0 0 20 0 49 0 0 0 0 0 5 0 0 0 0 0 4 0 0 0 0
预测:     0 1 1 0 0 7 0 1 0 0 4 0 0 20 0 49 0 0 0 0 0 5 0 0 0 0 0 4 0 0 0 0
准确率:    1.0000 (32/32)
----------------------------------------
输入:       CM<T BQLH DMRJ> >LHK H> >ZL >NT
目标:     0 0 0 3 12 0 1 0 5 0 0 1 0 0 0 2 0 0 0 5 0 0 0 0 0 0 0 7 0 0 0 0
预测:     0 0 0 3 12 0 1 0 5 0 0 1 0 0 0 2 0 0 0 5 0 0 0 0 0 0 0 7 0 0 0 0
准确率:    1.0000 (32/32)
----------------------------------------
输入:       D>JTJ MRJ> <LJH KBRJT> WMLX> JQJDT> KLH
目标:     0 1 59 0 0 3 0 0 0 0 2 0 0 8 1 12 0 0 0 0 2 9 0 0 1 0 0 4 0 0 0 8 0 7 9 27 0 0 5 12
预测:     0 1 59 0 0 3 0 0 0 0 2 0 0 8 1 12 0 0 0 0 2 9 0 0 1 0 0 4 0 0 0 8 0 7 9 27 0 0 5 12
准确率:    1.0000 (40/40)
----------------------------------------

生成的验证样本:
--------------------------------------------------------------------------------
输入:       YBJNH D>LH> LMSV> MN KL DBJC WKLJ
目标:     0 0 0 0 5 0 0 1 0 0 4 0 0 1 6 0 10 7 0 0 0 0 0 2 0 1 0 0 2 0 36 0 0 3
预测:     0 0 0 0 5 0 0 1 0 0 4 0 0 1 6 0 10 7 0 0 0 0 0 2 0 1 0 0 2 0 36 0 0 3
准确率:    1.0000 (34/34)
----------------------------------------
输入:       D>LH> LMSV> MN KL DBJC WKLJ XJLK
目标:     0 1 0 0 4 0 0 1 6 0 10 7 0 0 0 0 0 2 0 1 0 0 2 0 36 0 0 3 0 0 0 5 0
预测:     0 1 0 0 4 0 0 1 6 0 10 7 0 0 0 0 0 2 0 1 0 0 2 0 36 0 0 3 0 0 0 5 0
准确率:    1.0000 (33/33)
----------------------------------------
⏳ 验证无提升 (验证准确率: 0.9668 ≤ 0.9669)，patience: 2/50

======================================================================
🚀 Epoch 191/200
======================================================================
📚 开始训练阶段...
训练进度: 500/3164 损失=0.0001
训练进度: 1000/3164 损失=0.0003
训练进度: 1500/3164 损失=0.0000
训练进度: 2000/3164 损失=0.0000
训练进度: 2500/3164 损失=0.0000
训练进度: 3000/3164 损失=0.0000
训练进度: 3164/3164 损失=0.0000
✅ 训练完成，耗时: 57.4秒 (1.0分钟)

============================================================
📊 验证决策: Epoch 191/200
   验证间隔: 1
   是否验证: ✅ 是
   原因: 达到验证间隔 (0 == 0)
============================================================

🔍 开始验证...
验证进度: 500/686 损失=0.8915
验证进度: 686/686 损失=1.6339

📊 预测分布分析:
  - 预测的前5个类别: {np.int64(0): 283245, np.int64(1): 37112, np.int64(2): 14727, np.int64(3): 10813, np.int64(4): 8954}
  - 标签的前5个类别: {np.int64(0): 281232, np.int64(1): 36731, np.int64(2): 14789, np.int64(3): 10866, np.int64(4): 8585}
✅ 验证完成，耗时: 4.8秒 (0.1分钟)
训练损失: 0.0008
验证损失: 0.7063
验证准确率: 0.9669 (10600/10964) - 与Levenshtein高度相关
验证F1(加权): 0.9657 - 类别平衡更好
学习率: 0.000002
显存使用: 0.47GB (预留: 0.69GB)

生成的训练样本:
--------------------------------------------------------------------------------
输入:       MRDJT> JDJ<> DQDM TWQNHWN HLJN LJT HW>
目标:     0 0 0 0 2 9 0 0 0 8 0 7 27 0 1 0 0 2 0 0 0 0 5 0 0 0 0 0 0 0 0 0 58 0 24 0 0 10 3
预测:     0 0 0 0 2 9 0 0 0 8 0 7 27 0 1 0 0 2 0 0 0 0 5 0 0 0 0 0 0 0 0 0 58 0 24 0 0 10 3
准确率:    1.0000 (39/39)
----------------------------------------
输入:       MDBX> WSLQ L<L MNH W>SQ <LWHJ <LWT>
目标:     0 0 0 0 4 0 0 1 0 0 3 0 0 0 0 0 0 1 0 0 1 17 64 3 0 0 8 1 0 0 0 0 57 2 23 0
预测:     0 0 0 0 4 0 0 1 0 0 3 0 0 0 0 0 0 1 0 0 1 17 64 3 0 0 8 1 0 0 0 0 57 2 23 0
准确率:    1.0000 (36/36)
----------------------------------------
输入:       MN CM> HN> MCBX> WDXJL> DMRJ> >LHK
目标:     0 0 0 0 0 4 0 0 0 0 0 0 6 0 0 7 19 0 1 0 8 0 43 27 0 1 0 0 0 2 0 0 0 5 0
预测:     0 0 0 0 0 4 0 0 0 0 0 0 6 0 0 7 19 0 1 0 8 0 43 27 0 1 0 0 0 2 0 0 0 5 0
准确率:    1.0000 (35/35)
----------------------------------------

生成的验证样本:
--------------------------------------------------------------------------------
输入:       YBJNH D>LH> LMSV> MN KL DBJC WKLJ
目标:     0 0 0 0 5 0 0 1 0 0 4 0 0 1 6 0 10 7 0 0 0 0 0 2 0 1 0 0 2 0 36 0 0 3
预测:     0 0 0 0 5 0 0 1 0 0 4 0 0 1 6 0 10 7 0 0 0 0 0 2 0 1 0 0 2 0 36 0 0 3
准确率:    1.0000 (34/34)
----------------------------------------
输入:       D>LH> LMSV> MN KL DBJC WKLJ XJLK
目标:     0 1 0 0 4 0 0 1 6 0 10 7 0 0 0 0 0 2 0 1 0 0 2 0 36 0 0 3 0 0 0 5 0
预测:     0 1 0 0 4 0 0 1 6 0 10 7 0 0 0 0 0 2 0 1 0 0 2 0 36 0 0 3 0 0 0 5 0
准确率:    1.0000 (33/33)
----------------------------------------
⏳ 验证无提升 (验证准确率: 0.9669 ≤ 0.9669)，patience: 3/50

======================================================================
🚀 Epoch 192/200
======================================================================
📚 开始训练阶段...
训练进度: 500/3164 损失=0.0023
训练进度: 1000/3164 损失=0.0000
训练进度: 1500/3164 损失=0.0002
训练进度: 2000/3164 损失=0.0000
训练进度: 2500/3164 损失=0.0000
训练进度: 3000/3164 损失=0.0001
训练进度: 3164/3164 损失=0.0000
✅ 训练完成，耗时: 57.4秒 (1.0分钟)

============================================================
📊 验证决策: Epoch 192/200
   验证间隔: 1
   是否验证: ✅ 是
   原因: 达到验证间隔 (0 == 0)
============================================================

🔍 开始验证...
验证进度: 500/686 损失=0.9015
验证进度: 686/686 损失=1.6468

📊 预测分布分析:
  - 预测的前5个类别: {np.int64(0): 283241, np.int64(1): 37106, np.int64(2): 14718, np.int64(3): 10807, np.int64(4): 8936}
  - 标签的前5个类别: {np.int64(0): 281232, np.int64(1): 36731, np.int64(2): 14789, np.int64(3): 10866, np.int64(4): 8585}
✅ 验证完成，耗时: 4.8秒 (0.1分钟)
训练损失: 0.0008
验证损失: 0.7066
验证准确率: 0.9668 (10600/10964) - 与Levenshtein高度相关
验证F1(加权): 0.9657 - 类别平衡更好
学习率: 0.000001
显存使用: 0.48GB (预留: 0.69GB)

生成的训练样本:
--------------------------------------------------------------------------------
输入:       DHPK>JT >HLK <MH WQDMJ >BQJWHJ DXLT> WZW<T>
目标:     0 1 0 0 0 0 0 0 0 6 0 0 16 0 0 1 0 0 1 0 0 2 46 0 6 0 0 86 0 0 0 0 0 0 13 9 0 0 1 0 0 13 9 0
预测:     0 1 0 0 0 0 0 0 0 6 0 0 16 0 0 1 0 0 1 0 0 2 46 0 6 0 0 86 0 0 0 0 0 0 13 9 0 0 1 0 0 13 9 0
准确率:    1.0000 (44/44)
----------------------------------------
输入:       PRYWP> DMWT> D>P> WMN RJC <MH NPQ
目标:     0 0 0 0 0 4 0 0 0 0 2 9 0 0 1 54 11 0 0 1 0 0 0 0 0 2 0 0 37 0 0 0 0 7
预测:     0 0 0 0 0 4 0 0 0 0 2 9 0 0 1 54 11 0 0 1 0 0 0 0 0 2 0 0 37 0 0 0 0 7
准确率:    1.0000 (34/34)
----------------------------------------
输入:       >JSRJL WL> YBW BNJ BNJMJN DNCM<WN BQL>
目标:     0 0 0 0 0 0 2 0 1 0 0 0 0 18 0 0 0 2 0 0 0 0 0 0 0 2 0 1 6 0 0 3 0 0 0 1 0 4 0
预测:     0 0 0 0 0 0 2 0 1 0 0 0 0 18 0 0 0 2 0 0 0 0 0 0 0 2 0 1 6 0 0 3 0 0 0 1 0 4 0
准确率:    1.0000 (39/39)
----------------------------------------

生成的验证样本:
--------------------------------------------------------------------------------
输入:       YBJNH D>LH> LMSV> MN KL DBJC WKLJ
目标:     0 0 0 0 5 0 0 1 0 0 4 0 0 1 6 0 10 7 0 0 0 0 0 2 0 1 0 0 2 0 36 0 0 3
预测:     0 0 0 0 5 0 0 1 0 0 4 0 0 1 6 0 10 7 0 0 0 0 0 2 0 1 0 0 2 0 36 0 0 3
准确率:    1.0000 (34/34)
----------------------------------------
输入:       D>LH> LMSV> MN KL DBJC WKLJ XJLK
目标:     0 1 0 0 4 0 0 1 6 0 10 7 0 0 0 0 0 2 0 1 0 0 2 0 36 0 0 3 0 0 0 5 0
预测:     0 1 0 0 4 0 0 1 6 0 10 7 0 0 0 0 0 2 0 1 0 0 2 0 36 0 0 3 0 0 0 5 0
准确率:    1.0000 (33/33)
----------------------------------------
⏳ 验证无提升 (验证准确率: 0.9668 ≤ 0.9669)，patience: 4/50

======================================================================
🚀 Epoch 193/200
======================================================================
📚 开始训练阶段...
训练进度: 500/3164 损失=0.0000
训练进度: 1000/3164 损失=0.0004
训练进度: 1500/3164 损失=0.0000
训练进度: 2000/3164 损失=0.0007
训练进度: 2500/3164 损失=0.0003
训练进度: 3000/3164 损失=0.0001
训练进度: 3164/3164 损失=0.0000
✅ 训练完成，耗时: 57.5秒 (1.0分钟)

============================================================
📊 验证决策: Epoch 193/200
   验证间隔: 1
   是否验证: ✅ 是
   原因: 达到验证间隔 (0 == 0)
============================================================

🔍 开始验证...
验证进度: 500/686 损失=0.8964
验证进度: 686/686 损失=1.6333

📊 预测分布分析:
  - 预测的前5个类别: {np.int64(0): 283260, np.int64(1): 37109, np.int64(2): 14724, np.int64(3): 10808, np.int64(4): 8954}
  - 标签的前5个类别: {np.int64(0): 281232, np.int64(1): 36731, np.int64(2): 14789, np.int64(3): 10866, np.int64(4): 8585}
✅ 验证完成，耗时: 4.8秒 (0.1分钟)
训练损失: 0.0008
验证损失: 0.7070
验证准确率: 0.9668 (10599/10964) - 与Levenshtein高度相关
验证F1(加权): 0.9657 - 类别平衡更好
学习率: 0.000001
显存使用: 0.47GB (预留: 0.69GB)

生成的训练样本:
--------------------------------------------------------------------------------
输入:       NMWS> HLJN WDJN> VR W<BD >NWN MN
目标:     0 0 0 0 11 0 0 0 0 0 0 0 1 0 0 30 0 34 0 3 0 36 0 0 3 0 0 0 0 0 0 0 0
预测:     0 0 0 0 11 0 0 0 0 0 0 0 1 0 0 30 0 34 0 3 0 36 0 0 3 0 0 0 0 0 0 0 0
准确率:    1.0000 (33/33)
----------------------------------------
输入:       WTQN> T>RTH W>R<> DKL >NC NXZJWHJ L<BDH
目标:     0 1 0 0 22 0 0 0 0 13 1 0 0 35 0 0 10 40 0 1 0 2 0 0 0 2 0 6 0 0 86 0 0 0 0 1 0 0 98 0
预测:     0 1 0 0 22 0 0 0 0 13 1 0 0 35 0 0 10 40 0 1 0 2 0 0 0 2 0 6 0 0 86 0 0 0 0 1 0 0 98 0
准确率:    1.0000 (40/40)
----------------------------------------
输入:       RQM DGJ> W>MR LKWN SQW WJRTW >R<>
目标:     0 0 0 2 0 1 0 0 2 0 1 0 0 3 0 1 0 0 0 6 64 3 0 0 36 0 0 3 0 0 0 0 4 0
预测:     0 0 0 2 0 1 0 0 2 0 1 0 0 3 0 1 0 0 0 6 64 3 0 0 36 0 0 3 0 0 0 0 4 0
准确率:    1.0000 (34/34)
----------------------------------------

生成的验证样本:
--------------------------------------------------------------------------------
输入:       YBJNH D>LH> LMSV> MN KL DBJC WKLJ
目标:     0 0 0 0 5 0 0 1 0 0 4 0 0 1 6 0 10 7 0 0 0 0 0 2 0 1 0 0 2 0 36 0 0 3
预测:     0 0 0 0 5 0 0 1 0 0 4 0 0 1 6 0 10 7 0 0 0 0 0 2 0 1 0 0 2 0 36 0 0 3
准确率:    1.0000 (34/34)
----------------------------------------
输入:       D>LH> LMSV> MN KL DBJC WKLJ XJLK
目标:     0 1 0 0 4 0 0 1 6 0 10 7 0 0 0 0 0 2 0 1 0 0 2 0 36 0 0 3 0 0 0 5 0
预测:     0 1 0 0 4 0 0 1 6 0 10 7 0 0 0 0 0 2 0 1 0 0 2 0 36 0 0 3 0 0 0 5 0
准确率:    1.0000 (33/33)
----------------------------------------
⏳ 验证无提升 (验证准确率: 0.9668 ≤ 0.9669)，patience: 5/50

======================================================================
🚀 Epoch 194/200
======================================================================
📚 开始训练阶段...
训练进度: 500/3164 损失=0.0000
训练进度: 1000/3164 损失=0.0000
训练进度: 1500/3164 损失=0.0002
训练进度: 2000/3164 损失=0.0000
训练进度: 2500/3164 损失=0.0000
训练进度: 3000/3164 损失=0.0002
训练进度: 3164/3164 损失=0.0008
✅ 训练完成，耗时: 57.4秒 (1.0分钟)

============================================================
📊 验证决策: Epoch 194/200
   验证间隔: 1
   是否验证: ✅ 是
   原因: 达到验证间隔 (0 == 0)
============================================================

🔍 开始验证...
验证进度: 500/686 损失=0.8986
验证进度: 686/686 损失=1.6357

📊 预测分布分析:
  - 预测的前5个类别: {np.int64(0): 283252, np.int64(1): 37113, np.int64(2): 14721, np.int64(3): 10821, np.int64(4): 8935}
  - 标签的前5个类别: {np.int64(0): 281232, np.int64(1): 36731, np.int64(2): 14789, np.int64(3): 10866, np.int64(4): 8585}
✅ 验证完成，耗时: 4.9秒 (0.1分钟)
训练损失: 0.0008
验证损失: 0.7073
验证准确率: 0.9669 (10600/10964) - 与Levenshtein高度相关
验证F1(加权): 0.9658 - 类别平衡更好
学习率: 0.000001
显存使用: 0.47GB (预留: 0.69GB)

生成的训练样本:
--------------------------------------------------------------------------------
输入:       LH WLXMCJN D<MH WCDR <LWHJ RB> DXMCJN
目标:     0 1 0 0 1 1 0 0 0 0 2 0 1 0 1 0 0 1 0 0 16 0 0 8 1 0 0 0 0 4 0 0 1 0 0 0 0 2
预测:     0 1 0 0 1 1 0 0 0 0 2 0 1 0 1 0 0 1 0 0 16 0 0 8 1 0 0 0 0 4 0 0 1 0 0 0 0 2
准确率:    1.0000 (38/38)
----------------------------------------
输入:       XJLH W>MRT DLJL> LCMCWN H> DGLT BJ
目标:     0 0 0 5 0 0 1 0 0 3 26 0 0 0 0 0 2 0 1 0 0 0 0 2 0 0 0 0 0 0 3 89 0 1 0
预测:     0 0 0 5 0 0 1 0 0 3 26 0 0 0 0 0 2 0 1 0 0 0 0 2 0 0 0 0 0 0 3 89 0 1 0
准确率:    1.0000 (35/35)
----------------------------------------
输入:       W>SHDW GBR> HNWN <L NBWT W>MRW DYXJ
目标:     0 1 17 0 0 3 0 0 0 0 11 0 0 0 0 0 12 0 0 0 0 0 0 0 2 0 1 0 0 3 0 0 1 0 0 16
预测:     0 1 17 0 0 3 0 0 0 0 11 0 0 0 0 0 12 0 0 0 0 0 0 0 2 0 1 0 0 3 0 0 1 0 0 16
准确率:    1.0000 (36/36)
----------------------------------------

生成的验证样本:
--------------------------------------------------------------------------------
输入:       YBJNH D>LH> LMSV> MN KL DBJC WKLJ
目标:     0 0 0 0 5 0 0 1 0 0 4 0 0 1 6 0 10 7 0 0 0 0 0 2 0 1 0 0 2 0 36 0 0 3
预测:     0 0 0 0 5 0 0 1 0 0 4 0 0 1 6 0 10 7 0 0 0 0 0 2 0 1 0 0 2 0 36 0 0 3
准确率:    1.0000 (34/34)
----------------------------------------
输入:       D>LH> LMSV> MN KL DBJC WKLJ XJLK
目标:     0 1 0 0 4 0 0 1 6 0 10 7 0 0 0 0 0 2 0 1 0 0 2 0 36 0 0 3 0 0 0 5 0
预测:     0 1 0 0 4 0 0 1 6 0 10 7 0 0 0 0 0 2 0 1 0 0 2 0 36 0 0 3 0 0 0 5 0
准确率:    1.0000 (33/33)
----------------------------------------
⏳ 验证无提升 (验证准确率: 0.9669 ≤ 0.9669)，patience: 6/50

======================================================================
🚀 Epoch 195/200
======================================================================
📚 开始训练阶段...
训练进度: 500/3164 损失=0.0000
训练进度: 1000/3164 损失=0.0000
训练进度: 1500/3164 损失=0.0000
训练进度: 2000/3164 损失=0.0026
训练进度: 2500/3164 损失=0.0001
训练进度: 3000/3164 损失=0.0003
训练进度: 3164/3164 损失=0.0000
✅ 训练完成，耗时: 57.3秒 (1.0分钟)

============================================================
📊 验证决策: Epoch 195/200
   验证间隔: 1
   是否验证: ✅ 是
   原因: 达到验证间隔 (0 == 0)
============================================================

🔍 开始验证...
验证进度: 500/686 损失=0.9027
验证进度: 686/686 损失=1.6604

📊 预测分布分析:
  - 预测的前5个类别: {np.int64(0): 283257, np.int64(1): 37105, np.int64(2): 14712, np.int64(3): 10818, np.int64(4): 8987}
  - 标签的前5个类别: {np.int64(0): 281232, np.int64(1): 36731, np.int64(2): 14789, np.int64(3): 10866, np.int64(4): 8585}
✅ 验证完成，耗时: 4.9秒 (0.1分钟)
训练损失: 0.0007
验证损失: 0.7083
验证准确率: 0.9669 (10600/10964) - 与Levenshtein高度相关
验证F1(加权): 0.9658 - 类别平衡更好
学习率: 0.000001
显存使用: 0.47GB (预留: 0.69GB)

生成的训练样本:
--------------------------------------------------------------------------------
输入:       LWQBL >PWHJ <L KLHWN <MM> >QJM CLJVN>
目标:     0 0 0 0 0 0 0 54 25 1 0 0 0 0 0 0 0 5 0 0 0 0 0 8 30 0 0 17 20 0 3 0 0 0 0 0 4 0
预测:     0 0 0 0 0 0 0 54 25 1 0 0 0 0 0 0 0 5 0 0 0 0 0 8 30 0 0 17 20 0 3 0 0 0 0 0 4 0
准确率:    1.0000 (38/38)
----------------------------------------
输入:       WCBQH LPDN> DTWR> W>ZL BTR >LJ> W>MR
目标:     0 1 0 0 29 12 0 1 0 0 4 0 0 1 0 0 11 0 0 1 0 0 3 0 0 0 0 0 0 0 0 2 0 1 0 0 3
预测:     0 1 0 0 29 12 0 1 0 0 4 0 0 1 0 0 11 0 0 1 0 0 3 0 0 0 0 0 0 0 0 2 0 1 0 0 3
准确率:    1.0000 (37/37)
----------------------------------------
输入:       MHJMN> NVR QJM> WVJBWT> LRXMWHJ WLNVRJ PWQDNWHJ
目标:     0 6 0 0 0 43 19 0 0 0 7 0 0 0 4 0 0 1 0 0 0 2 9 0 0 1 0 0 117 1 0 0 0 1 1 0 0 7 0 0 0 0 0 0 25 1 0 0
预测:     0 6 0 0 0 43 19 0 0 0 7 0 0 0 4 0 0 1 0 0 0 2 9 0 0 1 0 0 117 1 0 0 0 1 1 0 0 7 0 0 0 0 0 0 25 1 0 0
准确率:    1.0000 (48/48)
----------------------------------------

生成的验证样本:
--------------------------------------------------------------------------------
输入:       YBJNH D>LH> LMSV> MN KL DBJC WKLJ
目标:     0 0 0 0 5 0 0 1 0 0 4 0 0 1 6 0 10 7 0 0 0 0 0 2 0 1 0 0 2 0 36 0 0 3
预测:     0 0 0 0 5 0 0 1 0 0 4 0 0 1 6 0 10 7 0 0 0 0 0 2 0 1 0 0 2 0 36 0 0 3
准确率:    1.0000 (34/34)
----------------------------------------
输入:       D>LH> LMSV> MN KL DBJC WKLJ XJLK
目标:     0 1 0 0 4 0 0 1 6 0 10 7 0 0 0 0 0 2 0 1 0 0 2 0 36 0 0 3 0 0 0 5 0
预测:     0 1 0 0 4 0 0 1 6 0 10 7 0 0 0 0 0 2 0 1 0 0 2 0 36 0 0 3 0 0 0 5 0
准确率:    1.0000 (33/33)
----------------------------------------
⏳ 验证无提升 (验证准确率: 0.9669 ≤ 0.9669)，patience: 7/50

======================================================================
🚀 Epoch 196/200
======================================================================
📚 开始训练阶段...
训练进度: 500/3164 损失=0.0001
训练进度: 1000/3164 损失=0.0000
训练进度: 1500/3164 损失=0.0000
训练进度: 2000/3164 损失=0.0000
训练进度: 2500/3164 损失=0.0002
训练进度: 3000/3164 损失=0.0000
训练进度: 3164/3164 损失=0.0000
✅ 训练完成，耗时: 57.3秒 (1.0分钟)

============================================================
📊 验证决策: Epoch 196/200
   验证间隔: 1
   是否验证: ✅ 是
   原因: 达到验证间隔 (0 == 0)
============================================================

🔍 开始验证...
验证进度: 500/686 损失=0.9055
验证进度: 686/686 损失=1.6389

📊 预测分布分析:
  - 预测的前5个类别: {np.int64(0): 283195, np.int64(1): 37111, np.int64(2): 14727, np.int64(3): 10821, np.int64(4): 8977}
  - 标签的前5个类别: {np.int64(0): 281232, np.int64(1): 36731, np.int64(2): 14789, np.int64(3): 10866, np.int64(4): 8585}
✅ 验证完成，耗时: 4.9秒 (0.1分钟)
训练损失: 0.0008
验证损失: 0.7075
验证准确率: 0.9669 (10601/10964) - 与Levenshtein高度相关
验证F1(加权): 0.9658 - 类别平衡更好
学习率: 0.000001
显存使用: 0.47GB (预留: 0.69GB)

生成的训练样本:
--------------------------------------------------------------------------------
输入:       TNJXK GBR> VB> MN D<RB LXBRH WMN
目标:     0 112 20 0 29 0 0 0 0 4 0 0 0 4 0 0 0 12 0 1 0 0 7 0 1 0 0 5 0 0 1 0 12
预测:     0 112 20 0 29 0 0 0 0 4 0 0 0 4 0 0 0 12 0 1 0 0 7 0 1 0 0 5 0 0 1 0 12
准确率:    1.0000 (33/33)
----------------------------------------
输入:       WLMRJH DMLW WTPWQ NWR> MN BJT MRJH
目标:     0 1 1 0 13 1 12 0 1 0 0 2 0 1 119 8 0 3 0 0 0 4 0 0 0 0 0 0 0 2 0 0 13 1 12
预测:     0 1 1 0 13 1 12 0 1 0 0 2 0 1 119 8 0 3 0 0 0 4 0 0 0 0 0 0 0 2 0 0 13 1 12
准确率:    1.0000 (35/35)
----------------------------------------
输入:       >LHH >JK DWJD >BWHJ WHLK B>WRX> DMLK>
目标:     0 0 0 5 0 0 0 0 0 0 0 0 0 2 0 0 8 5 0 0 0 1 0 0 16 0 1 0 0 0 4 0 0 1 0 0 11 0
预测:     0 0 0 5 0 0 0 0 0 0 0 0 0 2 0 0 8 5 0 0 0 1 0 0 16 0 1 0 0 0 4 0 0 1 0 0 11 0
准确率:    1.0000 (38/38)
----------------------------------------

生成的验证样本:
--------------------------------------------------------------------------------
输入:       YBJNH D>LH> LMSV> MN KL DBJC WKLJ
目标:     0 0 0 0 5 0 0 1 0 0 4 0 0 1 6 0 10 7 0 0 0 0 0 2 0 1 0 0 2 0 36 0 0 3
预测:     0 0 0 0 5 0 0 1 0 0 4 0 0 1 6 0 10 7 0 0 0 0 0 2 0 1 0 0 2 0 36 0 0 3
准确率:    1.0000 (34/34)
----------------------------------------
输入:       D>LH> LMSV> MN KL DBJC WKLJ XJLK
目标:     0 1 0 0 4 0 0 1 6 0 10 7 0 0 0 0 0 2 0 1 0 0 2 0 36 0 0 3 0 0 0 5 0
预测:     0 1 0 0 4 0 0 1 6 0 10 7 0 0 0 0 0 2 0 1 0 0 2 0 36 0 0 3 0 0 0 5 0
准确率:    1.0000 (33/33)
----------------------------------------
⏳ 验证无提升 (验证准确率: 0.9669 ≤ 0.9669)，patience: 8/50

======================================================================
🚀 Epoch 197/200
======================================================================
📚 开始训练阶段...
训练进度: 500/3164 损失=0.0000
训练进度: 1000/3164 损失=0.0001
训练进度: 1500/3164 损失=0.0000
训练进度: 2000/3164 损失=0.0000
训练进度: 2500/3164 损失=0.0003
训练进度: 3000/3164 损失=0.0007
训练进度: 3164/3164 损失=0.0001
✅ 训练完成，耗时: 57.4秒 (1.0分钟)

============================================================
📊 验证决策: Epoch 197/200
   验证间隔: 1
   是否验证: ✅ 是
   原因: 达到验证间隔 (0 == 0)
============================================================

🔍 开始验证...
验证进度: 500/686 损失=0.9033
验证进度: 686/686 损失=1.6451

📊 预测分布分析:
  - 预测的前5个类别: {np.int64(0): 283200, np.int64(1): 37111, np.int64(2): 14724, np.int64(3): 10806, np.int64(4): 8972}
  - 标签的前5个类别: {np.int64(0): 281232, np.int64(1): 36731, np.int64(2): 14789, np.int64(3): 10866, np.int64(4): 8585}
✅ 验证完成，耗时: 4.9秒 (0.1分钟)
训练损失: 0.0008
验证损失: 0.7079
验证准确率: 0.9669 (10600/10964) - 与Levenshtein高度相关
验证F1(加权): 0.9658 - 类别平衡更好
学习率: 0.000001
显存使用: 0.48GB (预留: 0.69GB)

生成的训练样本:
--------------------------------------------------------------------------------
输入:       WCKB JWCPV <M >BHWHJ W>TQBR <M >BHWHJ
目标:     0 1 0 0 3 0 0 0 0 0 2 0 0 0 0 0 8 25 1 0 0 0 1 0 14 0 0 3 0 0 0 0 0 8 25 1 0 0
预测:     0 1 0 0 3 0 0 0 0 0 2 0 0 0 0 0 8 25 1 0 0 0 1 0 14 0 0 3 0 0 0 0 0 8 25 1 0 0
准确率:    1.0000 (38/38)
----------------------------------------
输入:       QL W>P L> DY>T WHPK L>WR<H WXWJH
目标:     0 0 2 0 1 0 0 0 0 0 0 1 20 0 7 0 1 0 0 3 0 1 0 0 0 5 0 0 1 0 0 51 0
预测:     0 0 2 0 1 0 0 0 0 0 0 1 20 0 7 0 1 0 0 3 0 1 0 0 0 5 0 0 1 0 0 51 0
准确率:    1.0000 (33/33)
----------------------------------------
输入:       >JK Z<WR> NXW> NPCH WGBR> XKJM> NCTLV
目标:     0 0 0 0 0 0 0 0 4 0 0 6 0 10 16 0 0 0 5 0 0 1 0 0 4 0 0 0 0 0 4 0 0 45 39 0 0 3
预测:     0 0 0 0 0 0 0 0 4 0 0 6 0 10 16 0 0 0 5 0 0 1 0 0 4 0 0 0 0 0 4 0 0 45 39 0 0 3
准确率:    1.0000 (38/38)
----------------------------------------

生成的验证样本:
--------------------------------------------------------------------------------
输入:       YBJNH D>LH> LMSV> MN KL DBJC WKLJ
目标:     0 0 0 0 5 0 0 1 0 0 4 0 0 1 6 0 10 7 0 0 0 0 0 2 0 1 0 0 2 0 36 0 0 3
预测:     0 0 0 0 5 0 0 1 0 0 4 0 0 1 6 0 10 7 0 0 0 0 0 2 0 1 0 0 2 0 36 0 0 3
准确率:    1.0000 (34/34)
----------------------------------------
输入:       D>LH> LMSV> MN KL DBJC WKLJ XJLK
目标:     0 1 0 0 4 0 0 1 6 0 10 7 0 0 0 0 0 2 0 1 0 0 2 0 36 0 0 3 0 0 0 5 0
预测:     0 1 0 0 4 0 0 1 6 0 10 7 0 0 0 0 0 2 0 1 0 0 2 0 36 0 0 3 0 0 0 5 0
准确率:    1.0000 (33/33)
----------------------------------------
⏳ 验证无提升 (验证准确率: 0.9669 ≤ 0.9669)，patience: 9/50

======================================================================
🚀 Epoch 198/200
======================================================================
📚 开始训练阶段...
训练进度: 500/3164 损失=0.0002
训练进度: 1000/3164 损失=0.0000
训练进度: 1500/3164 损失=0.0003
训练进度: 2000/3164 损失=0.0007
训练进度: 2500/3164 损失=0.0000
训练进度: 3000/3164 损失=0.0002
训练进度: 3164/3164 损失=0.0000
✅ 训练完成，耗时: 57.4秒 (1.0分钟)

============================================================
📊 验证决策: Epoch 198/200
   验证间隔: 1
   是否验证: ✅ 是
   原因: 达到验证间隔 (0 == 0)
============================================================

🔍 开始验证...
验证进度: 500/686 损失=0.9094
验证进度: 686/686 损失=1.6226

📊 预测分布分析:
  - 预测的前5个类别: {np.int64(0): 283237, np.int64(1): 37106, np.int64(2): 14726, np.int64(3): 10829, np.int64(4): 8950}
  - 标签的前5个类别: {np.int64(0): 281232, np.int64(1): 36731, np.int64(2): 14789, np.int64(3): 10866, np.int64(4): 8585}
✅ 验证完成，耗时: 4.9秒 (0.1分钟)
训练损失: 0.0008
验证损失: 0.7082
验证准确率: 0.9668 (10600/10964) - 与Levenshtein高度相关
验证F1(加权): 0.9657 - 类别平衡更好
学习率: 0.000001
显存使用: 0.47GB (预留: 0.69GB)

生成的训练样本:
--------------------------------------------------------------------------------
输入:       LSN>WHJ WMXS> <L >R<H W<L <MH W>T>
目标:     0 1 0 0 25 1 0 0 0 1 6 0 10 41 0 0 0 0 0 0 5 0 0 1 0 0 0 0 37 0 0 1 0 10 3
预测:     0 1 0 0 25 1 0 0 0 1 6 0 10 41 0 0 0 0 0 0 5 0 0 1 0 0 0 0 37 0 0 1 0 10 3
准确率:    1.0000 (35/35)
----------------------------------------
输入:       >N DJN T>MR DQVJN>JT PRJC HN> <BD>
目标:     0 0 0 0 0 0 0 0 6 0 0 3 0 1 0 0 0 0 0 0 0 0 0 8 0 40 0 0 0 0 0 0 0 43 0
预测:     0 0 0 0 0 0 0 0 6 0 0 3 0 1 0 0 0 0 0 0 0 0 0 8 0 40 0 0 0 0 0 0 0 43 0
准确率:    1.0000 (35/35)
----------------------------------------
输入:       T>MR BLBK DSGJ>JN >NWN HLJN <MM> MNJ
目标:     0 6 0 0 3 0 1 0 5 0 0 1 0 0 0 2 0 0 0 0 0 0 0 0 0 0 0 0 0 0 8 30 0 0 0 1 0
预测:     0 6 0 0 3 0 1 0 5 0 0 1 0 0 0 2 0 0 0 0 0 0 0 0 0 0 0 0 0 0 8 30 0 0 0 1 0
准确率:    1.0000 (37/37)
----------------------------------------

生成的验证样本:
--------------------------------------------------------------------------------
输入:       YBJNH D>LH> LMSV> MN KL DBJC WKLJ
目标:     0 0 0 0 5 0 0 1 0 0 4 0 0 1 6 0 10 7 0 0 0 0 0 2 0 1 0 0 2 0 36 0 0 3
预测:     0 0 0 0 5 0 0 1 0 0 4 0 0 1 6 0 10 7 0 0 0 0 0 2 0 1 0 0 2 0 36 0 0 3
准确率:    1.0000 (34/34)
----------------------------------------
输入:       D>LH> LMSV> MN KL DBJC WKLJ XJLK
目标:     0 1 0 0 4 0 0 1 6 0 10 7 0 0 0 0 0 2 0 1 0 0 2 0 36 0 0 3 0 0 0 5 0
预测:     0 1 0 0 4 0 0 1 6 0 10 7 0 0 0 0 0 2 0 1 0 0 2 0 36 0 0 3 0 0 0 5 0
准确率:    1.0000 (33/33)
----------------------------------------
⏳ 验证无提升 (验证准确率: 0.9668 ≤ 0.9669)，patience: 10/50

======================================================================
🚀 Epoch 199/200
======================================================================
📚 开始训练阶段...
训练进度: 500/3164 损失=0.0007
训练进度: 1000/3164 损失=0.0000
训练进度: 1500/3164 损失=0.0001
训练进度: 2000/3164 损失=0.0001
训练进度: 2500/3164 损失=0.0001
训练进度: 3000/3164 损失=0.0001
训练进度: 3164/3164 损失=0.0000
✅ 训练完成，耗时: 57.5秒 (1.0分钟)

============================================================
📊 验证决策: Epoch 199/200
   验证间隔: 1
   是否验证: ✅ 是
   原因: 达到验证间隔 (0 == 0)
============================================================

🔍 开始验证...
验证进度: 500/686 损失=0.9176
验证进度: 686/686 损失=1.6313

📊 预测分布分析:
  - 预测的前5个类别: {np.int64(0): 283249, np.int64(1): 37106, np.int64(2): 14725, np.int64(3): 10821, np.int64(4): 8955}
  - 标签的前5个类别: {np.int64(0): 281232, np.int64(1): 36731, np.int64(2): 14789, np.int64(3): 10866, np.int64(4): 8585}
✅ 验证完成，耗时: 4.8秒 (0.1分钟)
训练损失: 0.0008
验证损失: 0.7091
验证准确率: 0.9668 (10600/10964) - 与Levenshtein高度相关
验证F1(加权): 0.9657 - 类别平衡更好
学习率: 0.000001
显存使用: 0.47GB (预留: 0.69GB)

生成的训练样本:
--------------------------------------------------------------------------------
输入:       <>L B>JDH WBZ< LH HKN> HW PR<WN
目标:     0 8 0 83 0 35 0 0 5 0 0 1 0 0 7 0 1 12 0 0 0 0 0 0 0 0 0 0 0 0 0 2
预测:     0 8 0 83 0 35 0 0 5 0 0 1 0 0 7 0 1 12 0 0 0 0 0 0 0 0 0 0 0 0 0 2
准确率:    1.0000 (32/32)
----------------------------------------
输入:       <LM> HN> L> >JTJHJN >JK XD JWM>
目标:     0 0 0 4 0 0 0 0 0 0 0 0 0 0 0 24 1 0 0 0 0 0 0 0 0 0 2 0 0 0 4 0
预测:     0 0 0 4 0 0 0 0 0 0 0 0 0 0 0 24 1 0 0 0 0 0 0 0 0 0 2 0 0 0 4 0
准确率:    1.0000 (32/32)
----------------------------------------
输入:       MVR> <L >PJ >R<> W>ZLT W<BDT >JK
目标:     0 0 0 4 0 0 0 0 0 54 2 0 0 0 0 4 0 0 1 0 0 3 26 0 1 0 0 3 26 0 0 0 0
预测:     0 0 0 4 0 0 0 0 0 54 2 0 0 0 0 4 0 0 1 0 0 3 26 0 1 0 0 3 26 0 0 0 0
准确率:    1.0000 (33/33)
----------------------------------------

生成的验证样本:
--------------------------------------------------------------------------------
输入:       YBJNH D>LH> LMSV> MN KL DBJC WKLJ
目标:     0 0 0 0 5 0 0 1 0 0 4 0 0 1 6 0 10 7 0 0 0 0 0 2 0 1 0 0 2 0 36 0 0 3
预测:     0 0 0 0 5 0 0 1 0 0 4 0 0 1 6 0 10 7 0 0 0 0 0 2 0 1 0 0 2 0 36 0 0 3
准确率:    1.0000 (34/34)
----------------------------------------
输入:       D>LH> LMSV> MN KL DBJC WKLJ XJLK
目标:     0 1 0 0 4 0 0 1 6 0 10 7 0 0 0 0 0 2 0 1 0 0 2 0 36 0 0 3 0 0 0 5 0
预测:     0 1 0 0 4 0 0 1 6 0 10 7 0 0 0 0 0 2 0 1 0 0 2 0 36 0 0 3 0 0 0 5 0
准确率:    1.0000 (33/33)
----------------------------------------
⏳ 验证无提升 (验证准确率: 0.9668 ≤ 0.9669)，patience: 11/50

======================================================================
🚀 Epoch 200/200
======================================================================
📚 开始训练阶段...
训练进度: 500/3164 损失=0.0001
训练进度: 1000/3164 损失=0.0001
训练进度: 1500/3164 损失=0.0000
训练进度: 2000/3164 损失=0.0001
训练进度: 2500/3164 损失=0.0000
训练进度: 3000/3164 损失=0.0001
训练进度: 3164/3164 损失=0.0000
✅ 训练完成，耗时: 57.4秒 (1.0分钟)

============================================================
📊 验证决策: Epoch 200/200
   验证间隔: 1
   是否验证: ✅ 是
   原因: 最后一个epoch
============================================================

🔍 开始验证...
验证进度: 500/686 损失=0.9136
验证进度: 686/686 损失=1.6348

📊 预测分布分析:
  - 预测的前5个类别: {np.int64(0): 283254, np.int64(1): 37107, np.int64(2): 14728, np.int64(3): 10820, np.int64(4): 8981}
  - 标签的前5个类别: {np.int64(0): 281232, np.int64(1): 36731, np.int64(2): 14789, np.int64(3): 10866, np.int64(4): 8585}
✅ 验证完成，耗时: 4.7秒 (0.1分钟)
训练损失: 0.0008
验证损失: 0.7094
验证准确率: 0.9668 (10600/10964) - 与Levenshtein高度相关
验证F1(加权): 0.9657 - 类别平衡更好
学习率: 0.000001
显存使用: 0.47GB (预留: 0.69GB)

生成的训练样本:
--------------------------------------------------------------------------------
输入:       KL JWMJ XJWHJ ZDQT> D>B> L> MTV<J>
目标:     0 0 2 0 0 0 2 0 0 0 25 1 0 0 0 0 0 13 9 0 0 1 0 4 0 0 0 0 0 21 14 0 0 7 0
预测:     0 0 2 0 0 0 2 0 0 0 25 1 0 0 0 0 0 13 9 0 0 1 0 4 0 0 0 0 0 21 14 0 0 7 0
准确率:    1.0000 (35/35)
----------------------------------------
输入:       W<DM> LBRCB< KLHWN JWMTH DCLJMWN WHWW LCLJMWN
目标:     0 1 0 0 0 0 0 1 0 0 0 0 2 0 0 5 0 0 0 0 0 0 2 32 0 0 1 0 0 0 0 0 2 0 1 0 18 0 0 1 0 0 0 0 0 2
预测:     0 1 0 0 0 0 0 1 0 0 0 0 2 0 0 5 0 0 0 0 0 0 2 32 0 0 1 0 0 0 0 0 2 0 1 0 18 0 0 1 0 0 0 0 0 2
准确率:    1.0000 (46/46)
----------------------------------------
输入:       MN DMJQR L>MH BRJ B<BD> WBMLT> JQR
目标:     0 0 12 0 1 6 0 0 41 0 1 0 5 0 0 0 5 0 0 1 0 0 55 0 0 1 1 0 13 9 0 6 0 0 16
预测:     0 0 12 0 1 6 0 0 41 0 1 0 5 0 0 0 5 0 0 1 0 0 55 0 0 1 1 0 13 9 0 6 0 0 16
准确率:    1.0000 (35/35)
----------------------------------------

生成的验证样本:
--------------------------------------------------------------------------------
输入:       YBJNH D>LH> LMSV> MN KL DBJC WKLJ
目标:     0 0 0 0 5 0 0 1 0 0 4 0 0 1 6 0 10 7 0 0 0 0 0 2 0 1 0 0 2 0 36 0 0 3
预测:     0 0 0 0 5 0 0 1 0 0 4 0 0 1 6 0 10 7 0 0 0 0 0 2 0 1 0 0 2 0 36 0 0 3
准确率:    1.0000 (34/34)
----------------------------------------
输入:       D>LH> LMSV> MN KL DBJC WKLJ XJLK
目标:     0 1 0 0 4 0 0 1 6 0 10 7 0 0 0 0 0 2 0 1 0 0 2 0 36 0 0 3 0 0 0 5 0
预测:     0 1 0 0 4 0 0 1 6 0 10 7 0 0 0 0 0 2 0 1 0 0 2 0 36 0 0 3 0 0 0 5 0
准确率:    1.0000 (33/33)
----------------------------------------
⏳ 验证无提升 (验证准确率: 0.9668 ≤ 0.9669)，patience: 12/50

📄 训练状态已保存到: outputs/mdlm_train_20260129_120013_seed123/training_status.json

==================================================
训练结束摘要
==================================================
状态: completed
完成轮数: 200/200
最佳验证准确率: 0.9669
最佳模型轮数: 188
最终显存使用: 0.47GB
==================================================
⏱️  训练耗时: 208.3 分钟

📥 加载最佳模型进行最终评估...
评估中:   0%|          | 0/680 [00:00<?, ?it/s]评估中:   3%|▎         | 20/680 [00:00<00:03, 194.97it/s]评估中:   7%|▋         | 48/680 [00:00<00:02, 242.48it/s]评估中:  11%|█         | 76/680 [00:00<00:02, 258.61it/s]评估中:  15%|█▌        | 104/680 [00:00<00:02, 265.48it/s]评估中:  20%|█▉        | 133/680 [00:00<00:02, 271.65it/s]评估中:  24%|██▎       | 161/680 [00:00<00:01, 274.20it/s]评估中:  28%|██▊       | 190/680 [00:00<00:01, 276.51it/s]评估中:  32%|███▏      | 219/680 [00:00<00:01, 278.18it/s]评估中:  36%|███▋      | 247/680 [00:00<00:01, 278.57it/s]评估中:  40%|████      | 275/680 [00:01<00:01, 278.43it/s]评估中:  45%|████▍     | 303/680 [00:01<00:01, 278.88it/s]评估中:  49%|████▉     | 332/680 [00:01<00:01, 279.52it/s]评估中:  53%|█████▎    | 361/680 [00:01<00:01, 280.80it/s]评估中:  57%|█████▋    | 390/680 [00:01<00:01, 281.58it/s]评估中:  62%|██████▏   | 419/680 [00:01<00:00, 281.62it/s]评估中:  66%|██████▌   | 448/680 [00:01<00:00, 282.98it/s]评估中:  70%|███████   | 477/680 [00:01<00:00, 283.51it/s]评估中:  74%|███████▍  | 506/680 [00:01<00:00, 282.56it/s]评估中:  79%|███████▊  | 535/680 [00:01<00:00, 281.18it/s]评估中:  83%|████████▎ | 564/680 [00:02<00:00, 281.94it/s]评估中:  87%|████████▋ | 593/680 [00:02<00:00, 280.84it/s]评估中:  91%|█████████▏| 622/680 [00:02<00:00, 280.40it/s]评估中:  96%|█████████▌| 651/680 [00:02<00:00, 280.65it/s]评估中: 100%|██████████| 680/680 [00:02<00:00, 281.49it/s]评估中: 100%|██████████| 680/680 [00:02<00:00, 277.15it/s]

生成的测试样本:
--------------------------------------------------------------------------------
输入:      WBHLJN KLHJN NJX> B<JT LJ DB>JN> JWTRN>
目标:     0 1 1 0 0 0 0 0 0 5 0 0 0 0 0 0 4 0 0 0 0 3 0 0 1 0 0 1 1 0 0 0 0 0 0 0 0 0 4 0
预测:     0 1 1 0 0 0 0 0 0 5 0 0 0 0 0 0 4 0 0 0 0 3 0 0 1 0 0 1 1 0 0 0 0 0 0 0 0 0 4 0
----------------------------------------
输入:      KLHJN NJX> B<JT LJ DB>JN> JWTRN> >CR>
目标:     0 0 5 0 0 0 0 0 0 4 0 0 0 0 3 0 0 1 0 0 1 1 0 0 0 0 0 0 0 0 0 4 0 0 6 0 10 3
预测:     0 0 5 0 0 0 0 0 0 4 0 0 0 0 3 0 0 1 0 0 1 1 0 0 0 0 0 0 0 0 0 4 0 0 6 0 10 3
----------------------------------------
输入:      NJX> B<JT LJ DB>JN> JWTRN> >CR> HJDJN
目标:     0 0 0 4 0 0 0 0 3 0 0 1 0 0 1 1 0 0 0 0 0 0 0 0 0 4 0 0 6 0 10 3 0 0 0 0 0 0
预测:     0 0 0 4 0 0 0 0 3 0 0 1 0 0 1 1 0 0 0 0 0 0 0 0 0 4 0 0 6 0 10 3 0 0 0 0 0 0
----------------------------------------
输入:      B<JT LJ DB>JN> JWTRN> >CR> HJDJN PQDNJ
目标:     0 0 0 3 0 0 1 0 0 1 1 0 0 0 0 0 0 0 0 0 4 0 0 6 0 10 3 0 0 0 0 0 0 0 0 0 29 0 0
预测:     0 0 0 3 0 0 1 0 0 1 1 0 0 0 0 0 0 0 0 0 4 0 0 6 0 10 3 0 0 0 0 0 0 0 0 0 29 0 0
----------------------------------------
输入:      LJ DB>JN> JWTRN> >CR> HJDJN PQDNJ MR>
目标:     0 1 0 0 1 1 0 0 0 0 0 0 0 0 0 4 0 0 6 0 10 3 0 0 0 0 0 0 0 0 0 29 0 0 0 0 0 2
预测:     0 1 0 0 1 1 0 0 0 0 0 0 0 0 0 4 0 0 6 0 10 3 0 0 0 0 0 0 0 0 0 29 0 0 0 0 0 2
----------------------------------------
   - 🎯 最终测试结果:
   - ✅ 测试准确率: 0.9696 (392,635/404,962)
📁 测试结果将保存到: outputs/mdlm_train_20260129_120013_seed123/results

📝 保存mdlm模型预测结果（最长序列: 56字符，使用批量评估结果）...
✅ 预测结果已保存到: outputs/mdlm_train_20260129_120013_seed123/results/mdlm_predictions_20260129_120013.out
   预测行数: 10869
   原始行数: 10869

📊 运行还原管道和Levenshtein评估...
   ⚠️  还原和Levenshtein评估失败: No module named 'restore_pipeline'
Traceback (most recent call last):
  File "<REMOTE_PATH>", line 2476, in main
ModuleNotFoundError: No module named 'restore_pipeline'

💾 文件保存路径:
   输出目录: outputs/mdlm_train_20260129_120013_seed123
   ├── mdlm_model.pt
   ├── data/
   │   ├── patterns.csv
   │   ├── test.in
   │   ├── test.out
   │   └── dataset_info.json
   ├── tensorboard/
   ├── plots/
   │   └── mdlm_training_history.png
   └── results/
       ├── mdlm_results_20260129_120013.json
       ├── vocab_20260129_120013.json
       ├── mdlm_predictions_20260129_120013.out
       └── mdlm_test_report_20260129_120013.json

🎉 mdlm模型训练完成！
🧹 内存清理完成
