🎲 随机种子: 456
📁 使用数据子目录: ./data/s2_on_s2
🚀 开始训练 mdlm 模型...
📁 输出目录: outputs/mdlm_train_20260129_120018_seed456
  ✓ 复制patterns.csv
  ✓ 复制test.in
  ✓ 复制test.out
  ✓ 复制train.in
  ✓ 复制train.out
  ✓ 复制val.in
  ✓ 复制val.out
  ✓ 创建数据集信息文件
🚀 使用CUDA GPU: NVIDIA GeForce RTX 4090 D
🔧 强制使用设备: cuda
📂 正在加载数据...
ℹ️ 数据加载: 创建优化的数据加载器...
ℹ️ 数据加载: 使用 mdlm 模型的词汇表，大小: 40
ℹ️ 文件读取: 内存映射读取成功，共50649行
ℹ️ 文件读取: 内存映射读取成功，共50649行
ℹ️ 数据处理: 开始处理数据...
ℹ️ 数据处理: 使用4个线程并行处理50649行数据
ℹ️ 数据统计: 数据处理完成: 50649/50649 行成功处理 (100.0%)
ℹ️ 数据处理: 开始处理数据...
ℹ️ 数据处理: 使用4个线程并行处理10964行数据
ℹ️ 数据统计: 数据处理完成: 10964/10964 行成功处理 (100.0%)
ℹ️ 数据处理: 开始处理数据...
ℹ️ 数据处理: 使用4个线程并行处理10869行数据
ℹ️ 数据统计: 数据处理完成: 10869/10869 行成功处理 (100.0%)
ℹ️ 数据加载: 使用智能批处理采样器
ℹ️ 数据加载: 数据加载器优化设置:
ℹ️ 数据加载:   缓存: 禁用
ℹ️ 数据加载:   智能批处理: 启用
ℹ️ 数据加载:   工作线程数: 1
ℹ️ 数据加载:   内存锁定: 启用
📊 分析数据集...
ℹ️ 数据统计: ✅ 从训练数据统计到 329 个类别（标签范围: 0 ~ 328）
ℹ️ 数据统计: 📝 注意：使用训练集类别数，验证时可能遇到训练集独有类别
[DEBUG] 实际num_classes = 329
⚖️  计算类别权重...
📦 从缓存读取类别权重: data/s4_on_s2/class_weights_cache_329.pkl
   权重范围: 1.000 - 2.000
✅ 类别权重加载成功（从缓存）
✅ 类别权重计算完成，num_classes=329
📊 数据统计:
   词汇表大小: 40
   分类类别数: 329
   训练批次: 3164
   验证批次: 686
   测试批次: 680
   批次大小: 16
   最大序列长度: 64
🏗️  创建mdlm模型...
ℹ️ 创建 mdlm 模型...
MDLM模型构建完成:
  统一词汇表大小: 373
  输入字符: 40, 标签: 329
  模型维度: 768
  层数: 5
ℹ️ 初始化 MDLMModel - vocab_size: 373, num_classes: 329
ℹ️ 模型创建成功:
ℹ️   - 类型: mdlm
ℹ️   - 总参数: 28,201,589
ℹ️   - 可训练参数: 28,201,589
ℹ️   - 设备: cuda:0
🔢 模型参数:
   总参数量: 28,201,589
   可训练参数: 28,201,589
   模型大小: 107.6 MB
🎯 创建训练器...
✅ 使用FocalLoss + 类别权重处理数据不平衡问题
   权重张量形状: torch.Size([329])
   权重范围: 1.000 - 2.000
🚀 开始训练...
开始训练，共200个epoch...
模型参数量: 28,201,589 (可训练: 28,201,589)
早停指标: 验证准确率 (与Levenshtein相关性高)
GPU: NVIDIA GeForce RTX 4090 D, 显存: 25.3GB
估算训练内存需求: 451MB (0.4GB)
📊 参数统计: 平均范数=12.38, 大范数参数=33个

======================================================================
🚀 Epoch 1/200
======================================================================
📚 开始训练阶段...
训练进度: 500/3164 损失=1.6871
训练进度: 1000/3164 损失=0.9960
训练进度: 1500/3164 损失=0.6048
训练进度: 2000/3164 损失=0.6510
训练进度: 2500/3164 损失=0.4523
训练进度: 3000/3164 损失=0.3115
训练进度: 3164/3164 损失=0.3983
✅ 训练完成，耗时: 58.3秒 (1.0分钟)

============================================================
📊 验证决策: Epoch 1/200
   验证间隔: 1
   是否验证: ✅ 是
   原因: 第一个epoch
============================================================

🔍 开始验证...
验证进度: 500/686 损失=0.4516
验证进度: 686/686 损失=0.8153

📊 预测分布分析:
  - 预测的前5个类别: {np.int64(0): 271279, np.int64(1): 38817, np.int64(2): 15320, np.int64(3): 11297, np.int64(4): 10034}
  - 标签的前5个类别: {np.int64(0): 281232, np.int64(1): 36731, np.int64(2): 14789, np.int64(3): 10866, np.int64(4): 8585}
✅ 验证完成，耗时: 4.7秒 (0.1分钟)
训练损失: 0.8989
验证损失: 0.3626
验证准确率: 0.9105 (9982/10964) - 与Levenshtein高度相关
验证F1(加权): 0.9114 - 类别平衡更好
学习率: 0.000100
显存使用: 0.48GB (预留: 0.69GB)

生成的训练样本:
--------------------------------------------------------------------------------
输入:       CMH TMN L> T>KWL <LWHJ XMJ<> >L>
目标:     0 0 5 0 0 0 0 0 0 0 0 0 6 0 8 0 3 0 0 8 1 0 0 0 0 0 0 4 0 0 0 0 0
预测:     0 0 5 0 0 0 0 0 0 0 0 0 6 0 8 0 3 0 0 8 1 0 0 0 0 8 0 4 27 0 0 0 0
准确率:    0.9394 (31/33)
----------------------------------------
输入:       W<MLJQJ> WBNJ RQM WCRJN HWW <LJHWN WMXBLJN
目标:     0 1 0 0 0 0 0 11 0 0 1 0 2 0 0 0 0 2 0 1 0 42 0 0 0 0 18 0 0 0 8 1 0 0 0 0 1 6 0 0 7 0 19
预测:     0 1 0 0 0 0 0 11 0 0 1 0 2 0 0 0 0 2 0 1 0 42 0 0 0 0 18 0 0 0 8 1 0 0 0 0 1 6 0 0 7 0 19
准确率:    1.0000 (43/43)
----------------------------------------
输入:       W>MR L> TTLWN LH PTGM> W>T> >LJQJM
目标:     0 1 0 0 3 0 0 0 0 34 0 3 0 0 0 1 0 0 0 0 0 4 0 0 1 0 10 3 0 0 0 0 0 0 2
预测:     0 1 0 0 3 0 0 0 0 34 0 3 0 0 0 1 12 0 0 0 0 4 0 0 1 0 10 3 0 0 0 0 0 0 2
准确率:    0.9714 (34/35)
----------------------------------------

生成的验证样本:
--------------------------------------------------------------------------------
输入:       YBJNH D>LH> LMSV> MN KL DBJC WKLJ
目标:     0 0 0 0 5 0 0 1 0 0 4 0 0 1 6 0 10 7 0 0 0 0 0 2 0 1 0 0 2 0 36 0 0 3
预测:     0 0 0 0 5 0 0 1 0 0 4 0 0 1 6 0 10 7 0 0 0 0 0 2 0 1 0 0 2 0 1 0 5 0
准确率:    0.9118 (31/34)
----------------------------------------
输入:       D>LH> LMSV> MN KL DBJC WKLJ XJLK
目标:     0 1 0 0 4 0 0 1 6 0 10 7 0 0 0 0 0 2 0 1 0 0 2 0 36 0 0 3 0 0 0 5 0
预测:     0 1 0 0 4 0 0 1 6 0 10 7 0 0 0 0 0 2 0 1 0 0 2 0 1 0 5 16 0 0 0 5 0
准确率:    0.9091 (30/33)
----------------------------------------
💾 保存新的最佳模型！验证准确率: 0.9105 (F1: 0.9114) (Epoch 1)

======================================================================
🚀 Epoch 2/200
======================================================================
📚 开始训练阶段...
训练进度: 500/3164 损失=0.4064
训练进度: 1000/3164 损失=0.2641
训练进度: 1500/3164 损失=0.3204
训练进度: 2000/3164 损失=0.1748
训练进度: 2500/3164 损失=0.2797
训练进度: 3000/3164 损失=0.2500
训练进度: 3164/3164 损失=0.1559
✅ 训练完成，耗时: 57.7秒 (1.0分钟)

============================================================
📊 验证决策: Epoch 2/200
   验证间隔: 1
   是否验证: ✅ 是
   原因: 达到验证间隔 (0 == 0)
============================================================

🔍 开始验证...
验证进度: 500/686 损失=0.1807
验证进度: 686/686 损失=0.4468

📊 预测分布分析:
  - 预测的前5个类别: {np.int64(0): 276942, np.int64(1): 37891, np.int64(2): 14881, np.int64(3): 11399, np.int64(4): 7666}
  - 标签的前5个类别: {np.int64(0): 281232, np.int64(1): 36731, np.int64(2): 14789, np.int64(3): 10866, np.int64(4): 8585}
✅ 验证完成，耗时: 4.6秒 (0.1分钟)
训练损失: 0.3170
验证损失: 0.2561
验证准确率: 0.9405 (10311/10964) - 与Levenshtein高度相关
验证F1(加权): 0.9403 - 类别平衡更好
学习率: 0.000100
显存使用: 0.48GB (预留: 0.69GB)

生成的训练样本:
--------------------------------------------------------------------------------
输入:       LBK WTV<> LMRJ> >LHK D>PQK MN >R<>
目标:     0 0 5 0 0 1 6 0 10 3 0 1 0 0 0 2 0 0 0 5 0 0 1 72 0 29 0 0 0 0 0 0 0 4 0
预测:     0 0 5 0 0 1 6 0 10 3 0 1 0 0 0 2 0 0 0 5 0 0 1 72 0 29 0 0 0 0 0 0 0 4 0
准确率:    1.0000 (35/35)
----------------------------------------
输入:       WL> >KLT B>BLJ MNH WL> BYJTH KD
目标:     0 1 0 0 0 0 0 3 0 0 1 0 0 98 0 0 0 1 0 0 1 0 0 0 0 0 3 1 0 0 0 0
预测:     0 1 0 0 0 0 0 3 26 0 1 0 0 5 0 0 0 1 12 0 1 0 0 0 0 0 3 1 0 0 0 0
准确率:    0.9062 (29/32)
----------------------------------------
输入:       LM<BD KLH <BD> D<BD MLK> CLJMWN BBJTH
目标:     0 1 6 0 0 7 0 0 5 0 0 0 0 55 0 0 1 0 0 3 0 0 0 4 0 0 0 0 0 0 0 2 0 1 0 0 5 0
预测:     0 1 6 0 0 7 0 0 5 0 0 0 0 55 0 0 1 0 0 3 0 0 0 4 0 0 0 0 0 0 0 2 0 1 0 0 5 0
准确率:    1.0000 (38/38)
----------------------------------------

生成的验证样本:
--------------------------------------------------------------------------------
输入:       YBJNH D>LH> LMSV> MN KL DBJC WKLJ
目标:     0 0 0 0 5 0 0 1 0 0 4 0 0 1 6 0 10 7 0 0 0 0 0 2 0 1 0 0 2 0 36 0 0 3
预测:     0 0 0 0 5 0 0 1 0 0 4 0 0 1 6 0 10 7 0 0 0 0 0 2 0 1 0 0 2 0 1 0 5 3
准确率:    0.9412 (32/34)
----------------------------------------
输入:       D>LH> LMSV> MN KL DBJC WKLJ XJLK
目标:     0 1 0 0 4 0 0 1 6 0 10 7 0 0 0 0 0 2 0 1 0 0 2 0 36 0 0 3 0 0 0 5 0
预测:     0 1 0 0 4 0 0 1 6 0 10 7 0 0 0 0 0 2 0 1 0 0 2 0 1 0 5 3 0 0 0 5 0
准确率:    0.9394 (31/33)
----------------------------------------
💾 保存新的最佳模型！验证准确率: 0.9405 (F1: 0.9403) (Epoch 2)

======================================================================
🚀 Epoch 3/200
======================================================================
📚 开始训练阶段...
训练进度: 500/3164 损失=0.2746
训练进度: 1000/3164 损失=0.2251
训练进度: 1500/3164 损失=0.2413
训练进度: 2000/3164 损失=0.1980
训练进度: 2500/3164 损失=0.2042
训练进度: 3000/3164 损失=0.1948
训练进度: 3164/3164 损失=0.1785
✅ 训练完成，耗时: 57.5秒 (1.0分钟)

============================================================
📊 验证决策: Epoch 3/200
   验证间隔: 1
   是否验证: ✅ 是
   原因: 达到验证间隔 (0 == 0)
============================================================

🔍 开始验证...
验证进度: 500/686 损失=0.1008
验证进度: 686/686 损失=0.4183

📊 预测分布分析:
  - 预测的前5个类别: {np.int64(0): 278780, np.int64(1): 37590, np.int64(2): 14902, np.int64(3): 11013, np.int64(4): 8625}
  - 标签的前5个类别: {np.int64(0): 281232, np.int64(1): 36731, np.int64(2): 14789, np.int64(3): 10866, np.int64(4): 8585}
✅ 验证完成，耗时: 4.6秒 (0.1分钟)
训练损失: 0.2255
验证损失: 0.2242
验证准确率: 0.9512 (10428/10964) - 与Levenshtein高度相关
验证F1(加权): 0.9507 - 类别平衡更好
学习率: 0.000100
显存使用: 0.48GB (预留: 0.69GB)

生成的训练样本:
--------------------------------------------------------------------------------
输入:       WL>BL MXWL> WLKL BJT M<K> WLNJX WLQDC
目标:     0 1 1 0 0 2 0 0 0 0 0 2 0 1 1 0 2 0 0 0 2 0 0 0 0 22 0 1 1 0 0 22 0 1 1 0 0 62
预测:     0 1 1 0 0 2 0 0 0 0 0 2 0 1 1 0 2 0 0 0 2 0 0 0 0 2 0 1 1 0 0 2 0 1 1 0 0 62
准确率:    0.9474 (36/38)
----------------------------------------
输入:       BSR> N>RT MSKNWT> XMR> W>NTT> MPXZJN LB>
目标:     0 0 0 4 0 0 73 0 0 3 0 0 0 0 0 2 9 0 0 0 0 4 0 0 1 0 0 13 9 0 0 28 0 0 7 0 0 0 0 4 0
预测:     0 0 0 4 0 0 73 0 0 3 0 0 0 0 0 2 9 0 0 0 0 4 0 0 1 0 0 13 9 0 0 6 0 0 7 0 19 0 0 4 0
准确率:    0.9512 (39/41)
----------------------------------------
输入:       CN> BCN> W>KWL QDM MRJ> >LHK B>TR>
目标:     0 0 13 0 0 1 0 13 0 0 36 0 8 0 3 0 0 0 2 0 0 0 0 2 0 0 0 5 0 0 1 0 0 4 0
预测:     0 0 13 0 0 1 0 13 0 0 36 0 8 0 3 0 0 0 2 0 0 0 0 2 0 0 0 5 0 0 1 0 0 4 0
准确率:    1.0000 (35/35)
----------------------------------------

生成的验证样本:
--------------------------------------------------------------------------------
输入:       YBJNH D>LH> LMSV> MN KL DBJC WKLJ
目标:     0 0 0 0 5 0 0 1 0 0 4 0 0 1 6 0 10 7 0 0 0 0 0 2 0 1 0 0 2 0 36 0 0 3
预测:     0 0 0 0 5 0 0 1 0 0 4 0 0 1 6 0 10 7 0 0 0 0 0 2 0 1 0 0 2 0 1 0 5 3
准确率:    0.9412 (32/34)
----------------------------------------
输入:       D>LH> LMSV> MN KL DBJC WKLJ XJLK
目标:     0 1 0 0 4 0 0 1 6 0 10 7 0 0 0 0 0 2 0 1 0 0 2 0 36 0 0 3 0 0 0 5 0
预测:     0 1 0 0 4 0 0 1 6 0 10 7 0 0 0 0 0 2 0 1 0 0 2 0 36 0 5 3 0 0 0 5 0
准确率:    0.9697 (32/33)
----------------------------------------
💾 保存新的最佳模型！验证准确率: 0.9512 (F1: 0.9507) (Epoch 3)

======================================================================
🚀 Epoch 4/200
======================================================================
📚 开始训练阶段...
训练进度: 500/3164 损失=0.2095
训练进度: 1000/3164 损失=0.2259
训练进度: 1500/3164 损失=0.1651
训练进度: 2000/3164 损失=0.1428
训练进度: 2500/3164 损失=0.1417
训练进度: 3000/3164 损失=0.1459
训练进度: 3164/3164 损失=0.1889
✅ 训练完成，耗时: 57.3秒 (1.0分钟)

============================================================
📊 验证决策: Epoch 4/200
   验证间隔: 1
   是否验证: ✅ 是
   原因: 达到验证间隔 (0 == 0)
============================================================

🔍 开始验证...
验证进度: 500/686 损失=0.1174
验证进度: 686/686 损失=0.4630

📊 预测分布分析:
  - 预测的前5个类别: {np.int64(0): 281161, np.int64(1): 37176, np.int64(2): 14877, np.int64(3): 10993, np.int64(4): 8262}
  - 标签的前5个类别: {np.int64(0): 281232, np.int64(1): 36731, np.int64(2): 14789, np.int64(3): 10866, np.int64(4): 8585}
✅ 验证完成，耗时: 4.6秒 (0.1分钟)
训练损失: 0.1789
验证损失: 0.2258
验证准确率: 0.9560 (10481/10964) - 与Levenshtein高度相关
验证F1(加权): 0.9547 - 类别平衡更好
学习率: 0.000100
显存使用: 0.48GB (预留: 0.69GB)

生成的训练样本:
--------------------------------------------------------------------------------
输入:       DMDJNT> HKN> <MWRJH MLK> <WL> NWBD <MH
目标:     0 1 0 0 0 13 9 0 0 0 0 0 0 0 0 0 0 2 1 12 0 0 0 4 0 0 0 0 4 0 0 68 0 0 3 0 0 37 0
预测:     0 1 0 0 0 13 9 0 0 0 0 0 0 0 0 0 0 2 1 12 0 0 0 4 0 0 0 0 4 0 0 68 0 0 3 0 0 1 0
准确率:    0.9744 (38/39)
----------------------------------------
输入:       BNJHWN BNWR> L>RDMLK WL<MLJQ >LH> DSPRWJM WHWW
目标:     0 0 2 1 0 0 0 0 1 0 0 4 0 0 1 0 0 0 0 0 2 0 1 1 0 0 0 0 2 0 0 0 11 0 0 1 0 0 0 0 0 2 0 1 0 18 0
预测:     0 0 2 1 0 0 0 0 1 0 0 4 0 0 1 0 0 0 0 0 2 0 1 1 0 0 0 0 2 0 0 0 4 0 0 1 0 0 0 0 0 2 0 1 0 18 0
准确率:    0.9787 (46/47)
----------------------------------------
输入:       DHW> <M >BHJN L> NRPJN WL> NCBQN
目标:     0 1 0 10 3 0 0 0 0 0 8 2 1 0 0 0 0 0 28 0 0 29 0 0 1 0 0 0 6 0 0 29 0
预测:     0 1 0 10 3 0 0 0 0 0 8 2 1 0 0 0 0 0 28 0 0 29 12 0 1 0 0 0 6 0 0 29 0
准确率:    0.9697 (32/33)
----------------------------------------

生成的验证样本:
--------------------------------------------------------------------------------
输入:       YBJNH D>LH> LMSV> MN KL DBJC WKLJ
目标:     0 0 0 0 5 0 0 1 0 0 4 0 0 1 6 0 10 7 0 0 0 0 0 2 0 1 0 0 2 0 36 0 0 3
预测:     0 0 0 0 5 0 0 1 0 0 4 0 0 1 6 0 10 7 0 0 0 0 0 2 0 1 0 0 2 0 1 0 5 3
准确率:    0.9412 (32/34)
----------------------------------------
输入:       D>LH> LMSV> MN KL DBJC WKLJ XJLK
目标:     0 1 0 0 4 0 0 1 6 0 10 7 0 0 0 0 0 2 0 1 0 0 2 0 36 0 0 3 0 0 0 5 0
预测:     0 1 0 0 4 0 0 1 6 0 10 7 0 0 0 0 0 2 0 1 0 0 2 0 1 0 5 3 0 0 0 5 0
准确率:    0.9394 (31/33)
----------------------------------------
💾 保存新的最佳模型！验证准确率: 0.9560 (F1: 0.9547) (Epoch 4)

======================================================================
🚀 Epoch 5/200
======================================================================
📚 开始训练阶段...
训练进度: 500/3164 损失=0.1444
训练进度: 1000/3164 损失=0.1657
训练进度: 1500/3164 损失=0.1321
训练进度: 2000/3164 损失=0.1587
训练进度: 2500/3164 损失=0.1457
训练进度: 3000/3164 损失=0.1705
训练进度: 3164/3164 损失=0.1093
✅ 训练完成，耗时: 57.3秒 (1.0分钟)

============================================================
📊 验证决策: Epoch 5/200
   验证间隔: 1
   是否验证: ✅ 是
   原因: 达到验证间隔 (0 == 0)
============================================================

🔍 开始验证...
验证进度: 500/686 损失=0.1200
验证进度: 686/686 损失=0.3734

📊 预测分布分析:
  - 预测的前5个类别: {np.int64(0): 280792, np.int64(1): 37491, np.int64(2): 14854, np.int64(3): 10608, np.int64(4): 8386}
  - 标签的前5个类别: {np.int64(0): 281232, np.int64(1): 36731, np.int64(2): 14789, np.int64(3): 10866, np.int64(4): 8585}
✅ 验证完成，耗时: 4.7秒 (0.1分钟)
训练损失: 0.1507
验证损失: 0.2221
验证准确率: 0.9575 (10497/10964) - 与Levenshtein高度相关
验证F1(加权): 0.9568 - 类别平衡更好
学习率: 0.000100
显存使用: 0.48GB (预留: 0.69GB)

生成的训练样本:
--------------------------------------------------------------------------------
输入:       JHB LMLKT CB> KLMDM DYBT WC>LT SVR
目标:     0 0 0 7 0 1 0 0 13 0 0 0 0 22 0 0 5 0 0 2 0 1 0 18 26 0 1 0 0 3 26 0 0 0 2
预测:     0 0 0 3 0 1 0 0 13 0 0 0 0 22 0 0 5 0 0 2 0 1 0 18 26 0 1 0 0 3 26 0 0 0 2
准确率:    0.9714 (34/35)
----------------------------------------
输入:       LK WMHLK QDMJK KPJP HB LBK LMDXL
目标:     0 1 0 0 1 6 0 0 41 0 0 0 2 1 0 0 0 8 0 40 52 0 3 0 0 5 0 0 1 6 0 0 7
预测:     0 1 0 0 1 6 0 0 41 0 0 0 2 1 0 0 0 8 0 40 52 0 3 0 0 5 0 0 1 6 0 0 7
准确率:    1.0000 (33/33)
----------------------------------------
输入:       WKD T>LYJH LQRJT> JWMT> SGJ>> LMTKTCW <LJH
目标:     0 1 0 0 0 6 0 0 48 1 12 0 1 0 0 22 9 0 0 0 0 2 23 0 0 0 0 0 11 0 0 1 21 14 0 0 7 19 0 0 8 1 12
预测:     0 1 0 0 0 6 0 0 48 1 12 0 1 0 0 22 9 0 0 0 0 2 23 0 0 0 0 0 11 0 0 1 21 14 0 0 7 19 0 0 8 1 12
准确率:    1.0000 (43/43)
----------------------------------------

生成的验证样本:
--------------------------------------------------------------------------------
输入:       YBJNH D>LH> LMSV> MN KL DBJC WKLJ
目标:     0 0 0 0 5 0 0 1 0 0 4 0 0 1 6 0 10 7 0 0 0 0 0 2 0 1 0 0 2 0 36 0 0 3
预测:     0 0 0 0 5 0 0 1 0 0 4 0 0 1 6 0 10 7 0 0 0 0 0 2 0 1 0 0 2 0 1 0 5 3
准确率:    0.9412 (32/34)
----------------------------------------
输入:       D>LH> LMSV> MN KL DBJC WKLJ XJLK
目标:     0 1 0 0 4 0 0 1 6 0 10 7 0 0 0 0 0 2 0 1 0 0 2 0 36 0 0 3 0 0 0 5 0
预测:     0 1 0 0 4 0 0 1 6 0 10 7 0 0 0 0 0 2 0 1 0 0 2 0 36 0 5 3 0 0 0 5 0
准确率:    0.9697 (32/33)
----------------------------------------
💾 保存新的最佳模型！验证准确率: 0.9575 (F1: 0.9568) (Epoch 5)

======================================================================
🚀 Epoch 6/200
======================================================================
📚 开始训练阶段...
训练进度: 500/3164 损失=0.1382
训练进度: 1000/3164 损失=0.1343
训练进度: 1500/3164 损失=0.1635
训练进度: 2000/3164 损失=0.0959
训练进度: 2500/3164 损失=0.1804
训练进度: 3000/3164 损失=0.1369
训练进度: 3164/3164 损失=0.1414
✅ 训练完成，耗时: 57.5秒 (1.0分钟)

============================================================
📊 验证决策: Epoch 6/200
   验证间隔: 1
   是否验证: ✅ 是
   原因: 达到验证间隔 (0 == 0)
============================================================

🔍 开始验证...
验证进度: 500/686 损失=0.0606
验证进度: 686/686 损失=0.4232

📊 预测分布分析:
  - 预测的前5个类别: {np.int64(0): 280625, np.int64(1): 37327, np.int64(2): 14816, np.int64(3): 10687, np.int64(4): 8697}
  - 标签的前5个类别: {np.int64(0): 281232, np.int64(1): 36731, np.int64(2): 14789, np.int64(3): 10866, np.int64(4): 8585}
✅ 验证完成，耗时: 4.6秒 (0.1分钟)
训练损失: 0.1292
验证损失: 0.2255
验证准确率: 0.9595 (10520/10964) - 与Levenshtein高度相关
验证F1(加权): 0.9588 - 类别平衡更好
学习率: 0.000100
显存使用: 0.48GB (预留: 0.69GB)

生成的训练样本:
--------------------------------------------------------------------------------
输入:       WL> HJ BSJMWT> MKTR> LWTHWN >XRJN HW
目标:     0 1 0 0 0 0 12 0 0 0 0 0 2 9 0 0 6 0 0 7 19 0 0 0 1 0 0 0 0 0 0 0 0 2 0 0 0
预测:     0 1 0 0 0 0 12 0 0 0 0 0 2 9 0 0 6 0 0 7 19 0 0 0 1 0 0 0 0 0 0 0 0 2 0 0 0
准确率:    1.0000 (37/37)
----------------------------------------
输入:       JWM> W<DM> LHC> L> >NC PSQ GBRWTH
目标:     0 0 0 4 0 0 1 0 0 0 0 0 1 0 4 0 0 0 0 0 0 0 2 0 0 0 7 0 0 0 0 2 1 0
预测:     0 0 0 4 0 0 1 0 0 0 0 0 1 0 4 0 0 0 0 0 0 0 2 0 0 0 7 0 0 0 0 2 1 0
准确率:    1.0000 (34/34)
----------------------------------------
输入:       KLHWN JWMT> DXJJN B>R<> WLBNJHWN NLPWN WQRBTWN
目标:     0 0 5 0 0 0 0 0 0 2 23 0 0 1 0 2 0 0 0 1 0 0 4 0 0 1 1 0 2 1 0 0 0 0 52 0 3 0 19 0 1 0 0 3 0 0 0
预测:     0 0 5 0 0 0 0 0 0 2 23 0 0 1 0 2 0 0 0 1 0 0 4 0 0 1 1 0 2 1 0 0 0 0 52 0 3 0 19 0 1 0 0 3 0 0 0
准确率:    1.0000 (47/47)
----------------------------------------

生成的验证样本:
--------------------------------------------------------------------------------
输入:       YBJNH D>LH> LMSV> MN KL DBJC WKLJ
目标:     0 0 0 0 5 0 0 1 0 0 4 0 0 1 6 0 10 7 0 0 0 0 0 2 0 1 0 0 2 0 36 0 0 3
预测:     0 0 0 0 5 0 0 1 0 0 4 0 0 1 6 0 10 7 0 0 0 0 0 2 0 1 0 0 2 0 36 0 0 3
准确率:    1.0000 (34/34)
----------------------------------------
输入:       D>LH> LMSV> MN KL DBJC WKLJ XJLK
目标:     0 1 0 0 4 0 0 1 6 0 10 7 0 0 0 0 0 2 0 1 0 0 2 0 36 0 0 3 0 0 0 5 0
预测:     0 1 0 0 4 0 0 1 6 0 10 7 0 0 0 0 0 2 0 1 0 0 2 0 36 0 0 3 0 0 0 5 0
准确率:    1.0000 (33/33)
----------------------------------------
💾 保存新的最佳模型！验证准确率: 0.9595 (F1: 0.9588) (Epoch 6)

======================================================================
🚀 Epoch 7/200
======================================================================
📚 开始训练阶段...
训练进度: 500/3164 损失=0.1267
训练进度: 1000/3164 损失=0.1011
训练进度: 1500/3164 损失=0.1110
训练进度: 2000/3164 损失=0.0801
训练进度: 2500/3164 损失=0.0985
训练进度: 3000/3164 损失=0.1543
训练进度: 3164/3164 损失=0.1010
✅ 训练完成，耗时: 57.4秒 (1.0分钟)

============================================================
📊 验证决策: Epoch 7/200
   验证间隔: 1
   是否验证: ✅ 是
   原因: 达到验证间隔 (0 == 0)
============================================================

🔍 开始验证...
验证进度: 500/686 损失=0.0460
验证进度: 686/686 损失=0.4793

📊 预测分布分析:
  - 预测的前5个类别: {np.int64(0): 280605, np.int64(1): 37128, np.int64(2): 14606, np.int64(3): 11125, np.int64(4): 8683}
  - 标签的前5个类别: {np.int64(0): 281232, np.int64(1): 36731, np.int64(2): 14789, np.int64(3): 10866, np.int64(4): 8585}
✅ 验证完成，耗时: 4.6秒 (0.1分钟)
训练损失: 0.1141
验证损失: 0.2249
验证准确率: 0.9597 (10521/10964) - 与Levenshtein高度相关
验证F1(加权): 0.9591 - 类别平衡更好
学习率: 0.000100
显存使用: 0.48GB (预留: 0.69GB)

生成的训练样本:
--------------------------------------------------------------------------------
输入:       MNH DZR<JN >NTWN ZR<KWN WMCQJN >NTWN BRGLJKWN
目标:     0 0 1 12 0 1 0 0 49 0 0 0 0 0 0 0 0 0 0 0 5 0 0 0 0 1 28 0 42 0 0 0 0 0 0 0 0 0 1 0 0 2 1 0 0 0
预测:     0 0 1 12 0 1 0 0 49 0 0 0 0 0 0 0 0 0 0 0 5 0 0 0 0 1 28 0 42 0 0 0 0 0 0 0 0 0 1 0 0 2 1 0 0 0
准确率:    1.0000 (46/46)
----------------------------------------
输入:       DDWJD WDBRW KLH <M> DJHWD> L<WZJ> WHW
目标:     0 1 0 0 0 2 0 1 0 0 3 0 0 0 5 0 0 0 15 0 0 1 0 0 0 0 2 0 1 0 0 0 0 2 0 1 0 0
预测:     0 1 0 0 0 2 0 1 0 0 3 19 0 0 5 0 0 0 15 0 0 1 0 0 0 0 2 0 1 0 0 0 0 2 0 1 0 0
准确率:    0.9737 (37/38)
----------------------------------------
输入:       >PN> LK WCWQ> ><BD LK BDRMSWQ >JK
目标:     0 6 0 10 16 0 1 0 0 1 0 0 4 0 0 6 0 0 3 0 1 0 0 1 0 0 0 0 0 2 0 0 0 0
预测:     0 6 0 10 3 0 1 0 0 1 0 0 4 0 0 6 0 0 3 0 1 0 0 1 0 0 0 0 0 2 0 0 0 0
准确率:    0.9706 (33/34)
----------------------------------------

生成的验证样本:
--------------------------------------------------------------------------------
输入:       YBJNH D>LH> LMSV> MN KL DBJC WKLJ
目标:     0 0 0 0 5 0 0 1 0 0 4 0 0 1 6 0 10 7 0 0 0 0 0 2 0 1 0 0 2 0 36 0 0 3
预测:     0 0 0 0 5 0 0 1 0 0 4 0 0 1 6 0 10 7 0 0 0 0 0 2 0 1 0 0 2 0 36 0 0 3
准确率:    1.0000 (34/34)
----------------------------------------
输入:       D>LH> LMSV> MN KL DBJC WKLJ XJLK
目标:     0 1 0 0 4 0 0 1 6 0 10 7 0 0 0 0 0 2 0 1 0 0 2 0 36 0 0 3 0 0 0 5 0
预测:     0 1 0 0 4 0 0 1 6 0 10 7 0 0 0 0 0 2 0 1 0 0 2 0 36 0 0 3 0 0 0 5 0
准确率:    1.0000 (33/33)
----------------------------------------
💾 保存新的最佳模型！验证准确率: 0.9597 (F1: 0.9591) (Epoch 7)

======================================================================
🚀 Epoch 8/200
======================================================================
📚 开始训练阶段...
训练进度: 500/3164 损失=0.0803
训练进度: 1000/3164 损失=0.1019
训练进度: 1500/3164 损失=0.0879
训练进度: 2000/3164 损失=0.0669
训练进度: 2500/3164 损失=0.0855
训练进度: 3000/3164 损失=0.0544
训练进度: 3164/3164 损失=0.0757
✅ 训练完成，耗时: 57.4秒 (1.0分钟)

============================================================
📊 验证决策: Epoch 8/200
   验证间隔: 1
   是否验证: ✅ 是
   原因: 达到验证间隔 (0 == 0)
============================================================

🔍 开始验证...
验证进度: 500/686 损失=0.1108
验证进度: 686/686 损失=0.4624

📊 预测分布分析:
  - 预测的前5个类别: {np.int64(0): 281203, np.int64(1): 37200, np.int64(2): 14749, np.int64(3): 10653, np.int64(4): 8644}
  - 标签的前5个类别: {np.int64(0): 281232, np.int64(1): 36731, np.int64(2): 14789, np.int64(3): 10866, np.int64(4): 8585}
✅ 验证完成，耗时: 4.7秒 (0.1分钟)
训练损失: 0.1031
验证损失: 0.2363
验证准确率: 0.9606 (10531/10964) - 与Levenshtein高度相关
验证F1(加权): 0.9599 - 类别平衡更好
学习率: 0.000100
显存使用: 0.47GB (预留: 0.69GB)

生成的训练样本:
--------------------------------------------------------------------------------
输入:       >NTT> HW> ZNJT> W>WLD GL<D LNPTX WJLDT
目标:     0 0 0 13 9 0 0 0 10 3 0 0 0 13 9 0 0 1 50 0 0 3 0 0 0 0 2 0 1 0 0 0 2 0 1 0 0 3 26
预测:     0 0 0 13 9 0 0 0 10 3 0 0 0 13 9 0 0 1 50 0 0 3 0 0 0 0 2 0 1 0 0 0 2 0 1 0 0 3 26
准确率:    1.0000 (39/39)
----------------------------------------
输入:       B>DWM WKD XRB DWJD L>DWM KD SLQ
目标:     0 1 0 0 0 2 0 1 0 0 0 0 0 3 0 0 0 0 2 0 1 0 0 0 2 0 0 0 0 0 0 3
预测:     0 1 0 0 0 2 0 1 0 0 0 0 0 3 0 0 0 0 2 0 1 0 0 0 2 0 0 0 0 0 0 3
准确率:    1.0000 (32/32)
----------------------------------------
输入:       >LHJ W>JN> >LH> D<N> BNWR> HW HW
目标:     0 0 0 5 0 0 1 0 0 0 0 0 0 0 4 0 0 1 0 10 7 0 1 0 0 4 0 0 0 12 0 0 0
预测:     0 0 0 5 0 0 1 0 0 0 0 0 0 0 4 0 0 1 0 10 7 0 1 0 0 4 0 0 0 12 0 0 12
准确率:    0.9697 (32/33)
----------------------------------------

生成的验证样本:
--------------------------------------------------------------------------------
输入:       YBJNH D>LH> LMSV> MN KL DBJC WKLJ
目标:     0 0 0 0 5 0 0 1 0 0 4 0 0 1 6 0 10 7 0 0 0 0 0 2 0 1 0 0 2 0 36 0 0 3
预测:     0 0 0 0 5 0 0 1 0 0 4 0 0 1 6 0 10 7 0 0 0 0 0 2 0 1 0 0 2 0 1 0 0 3
准确率:    0.9706 (33/34)
----------------------------------------
输入:       D>LH> LMSV> MN KL DBJC WKLJ XJLK
目标:     0 1 0 0 4 0 0 1 6 0 10 7 0 0 0 0 0 2 0 1 0 0 2 0 36 0 0 3 0 0 0 5 0
预测:     0 1 0 0 4 0 0 1 6 0 10 7 0 0 0 0 0 2 0 1 0 0 2 0 1 0 0 3 0 0 0 5 0
准确率:    0.9697 (32/33)
----------------------------------------
💾 保存新的最佳模型！验证准确率: 0.9606 (F1: 0.9599) (Epoch 8)

======================================================================
🚀 Epoch 9/200
======================================================================
📚 开始训练阶段...
训练进度: 500/3164 损失=0.1112
训练进度: 1000/3164 损失=0.1497
训练进度: 1500/3164 损失=0.0973
训练进度: 2000/3164 损失=0.1425
训练进度: 2500/3164 损失=0.0826
训练进度: 3000/3164 损失=0.0718
训练进度: 3164/3164 损失=0.1025
✅ 训练完成，耗时: 57.5秒 (1.0分钟)

============================================================
📊 验证决策: Epoch 9/200
   验证间隔: 1
   是否验证: ✅ 是
   原因: 达到验证间隔 (0 == 0)
============================================================

🔍 开始验证...
验证进度: 500/686 损失=0.0812
验证进度: 686/686 损失=0.4149

📊 预测分布分析:
  - 预测的前5个类别: {np.int64(0): 280810, np.int64(1): 37226, np.int64(2): 14820, np.int64(3): 10928, np.int64(4): 8563}
  - 标签的前5个类别: {np.int64(0): 281232, np.int64(1): 36731, np.int64(2): 14789, np.int64(3): 10866, np.int64(4): 8585}
✅ 验证完成，耗时: 4.7秒 (0.1分钟)
训练损失: 0.0935
验证损失: 0.2408
验证准确率: 0.9612 (10538/10964) - 与Levenshtein高度相关
验证F1(加权): 0.9606 - 类别平衡更好
学习率: 0.000100
显存使用: 0.48GB (预留: 0.69GB)

生成的训练样本:
--------------------------------------------------------------------------------
输入:       JD<W WL> XZW MRDWTH DMRJ> >LHKWN WRBWTH
目标:     0 0 0 3 0 0 1 0 0 0 0 18 0 0 0 0 0 2 1 0 0 1 0 0 0 2 0 0 0 5 0 0 0 0 1 0 0 2 1 0
预测:     0 0 0 3 0 0 1 0 0 0 0 18 0 0 0 0 0 2 1 0 0 1 0 0 0 2 0 0 0 5 0 0 0 0 1 0 0 2 1 0
准确率:    1.0000 (40/40)
----------------------------------------
输入:       LH PWQDN> W>CLVH BQJM> WDJN> W>TXRJW <MH
目标:     0 1 0 0 0 0 0 0 11 0 0 1 17 0 0 29 0 0 1 0 0 11 0 0 1 0 0 30 0 0 1 0 14 0 0 3 0 0 0 1 0
预测:     0 1 0 0 0 0 0 0 11 0 0 1 17 0 0 29 0 0 1 0 0 11 0 0 1 0 0 30 0 0 1 0 14 0 0 3 0 0 0 1 0
准确率:    1.0000 (41/41)
----------------------------------------
输入:       GJR BNYBT> HKN MCTXLPJN >P B>R<T> KD
目标:     0 0 0 0 0 1 0 0 13 23 0 0 0 0 60 0 45 39 17 0 0 49 0 0 0 0 0 0 1 0 0 2 23 0 0 0 0
预测:     0 0 0 0 0 1 0 0 13 23 0 0 0 0 60 0 45 39 17 0 0 49 0 0 0 0 0 0 1 0 0 2 23 0 0 0 0
准确率:    1.0000 (37/37)
----------------------------------------

生成的验证样本:
--------------------------------------------------------------------------------
输入:       YBJNH D>LH> LMSV> MN KL DBJC WKLJ
目标:     0 0 0 0 5 0 0 1 0 0 4 0 0 1 6 0 10 7 0 0 0 0 0 2 0 1 0 0 2 0 36 0 0 3
预测:     0 0 0 0 5 0 0 1 0 0 4 0 0 1 6 0 10 7 0 0 0 0 0 2 0 1 0 0 2 0 1 0 5 3
准确率:    0.9412 (32/34)
----------------------------------------
输入:       D>LH> LMSV> MN KL DBJC WKLJ XJLK
目标:     0 1 0 0 4 0 0 1 6 0 10 7 0 0 0 0 0 2 0 1 0 0 2 0 36 0 0 3 0 0 0 5 0
预测:     0 1 0 0 4 0 0 1 6 0 10 7 0 0 0 0 0 2 0 1 0 0 2 0 1 0 5 3 0 0 0 5 0
准确率:    0.9394 (31/33)
----------------------------------------
💾 保存新的最佳模型！验证准确率: 0.9612 (F1: 0.9606) (Epoch 9)

======================================================================
🚀 Epoch 10/200
======================================================================
📚 开始训练阶段...
训练进度: 500/3164 损失=0.0687
训练进度: 1000/3164 损失=0.0411
训练进度: 1500/3164 损失=0.0762
训练进度: 2000/3164 损失=0.0804
训练进度: 2500/3164 损失=0.0800
训练进度: 3000/3164 损失=0.0703
训练进度: 3164/3164 损失=0.0638
✅ 训练完成，耗时: 57.2秒 (1.0分钟)

============================================================
📊 验证决策: Epoch 10/200
   验证间隔: 1
   是否验证: ✅ 是
   原因: 达到验证间隔 (0 == 0)
============================================================

🔍 开始验证...
验证进度: 500/686 损失=0.1313
验证进度: 686/686 损失=0.3823

📊 预测分布分析:
  - 预测的前5个类别: {np.int64(0): 280795, np.int64(1): 37302, np.int64(2): 15040, np.int64(3): 10829, np.int64(4): 8320}
  - 标签的前5个类别: {np.int64(0): 281232, np.int64(1): 36731, np.int64(2): 14789, np.int64(3): 10866, np.int64(4): 8585}
✅ 验证完成，耗时: 4.7秒 (0.1分钟)
训练损失: 0.0862
验证损失: 0.2423
验证准确率: 0.9611 (10538/10964) - 与Levenshtein高度相关
验证F1(加权): 0.9608 - 类别平衡更好
学习率: 0.000099
显存使用: 0.48GB (预留: 0.69GB)

生成的训练样本:
--------------------------------------------------------------------------------
输入:       HKN> >MR MLK> CLM W>MR JHW M>
目标:     0 0 0 0 0 0 0 0 7 0 0 0 4 0 0 0 0 22 0 1 0 0 3 0 0 0 2 0 0 0
预测:     0 0 0 0 0 0 0 0 7 0 0 0 4 0 0 0 0 22 0 1 0 0 3 0 0 0 2 0 0 0
准确率:    1.0000 (30/30)
----------------------------------------
输入:       >N> W>MR MN> ><BD LH >MR LH
目标:     0 0 0 0 0 1 0 0 3 0 0 0 0 0 6 0 0 3 0 1 12 0 0 0 7 0 1 0
预测:     0 0 0 0 0 1 0 0 3 0 0 0 0 0 6 0 0 3 0 1 12 0 0 0 7 0 1 12
准确率:    0.9643 (27/28)
----------------------------------------
输入:       LH >NT HW GBR> DMLLT <M HD>
目标:     0 1 0 0 0 0 0 0 0 0 0 0 0 4 0 0 1 0 0 3 89 0 0 0 0 0 0 0
预测:     0 1 0 0 0 0 0 0 0 0 0 0 0 4 0 0 1 0 0 3 89 0 0 0 0 0 0 0
准确率:    1.0000 (28/28)
----------------------------------------

生成的验证样本:
--------------------------------------------------------------------------------
输入:       YBJNH D>LH> LMSV> MN KL DBJC WKLJ
目标:     0 0 0 0 5 0 0 1 0 0 4 0 0 1 6 0 10 7 0 0 0 0 0 2 0 1 0 0 2 0 36 0 0 3
预测:     0 0 0 0 5 0 0 1 0 0 4 0 0 1 6 0 10 7 0 0 0 0 0 2 0 1 0 0 2 0 36 0 0 3
准确率:    1.0000 (34/34)
----------------------------------------
输入:       D>LH> LMSV> MN KL DBJC WKLJ XJLK
目标:     0 1 0 0 4 0 0 1 6 0 10 7 0 0 0 0 0 2 0 1 0 0 2 0 36 0 0 3 0 0 0 5 0
预测:     0 1 0 0 4 0 0 1 6 0 10 7 0 0 0 0 0 2 0 1 0 0 2 0 36 0 0 3 0 0 0 5 0
准确率:    1.0000 (33/33)
----------------------------------------
⏳ 验证无提升 (验证准确率: 0.9611 ≤ 0.9612)，patience: 1/50

======================================================================
🚀 Epoch 11/200
======================================================================
📚 开始训练阶段...
训练进度: 500/3164 损失=0.0703
训练进度: 1000/3164 损失=0.0535
训练进度: 1500/3164 损失=0.1272
训练进度: 2000/3164 损失=0.0866
训练进度: 2500/3164 损失=0.0613
训练进度: 3000/3164 损失=0.0563
训练进度: 3164/3164 损失=0.0590
✅ 训练完成，耗时: 57.4秒 (1.0分钟)

============================================================
📊 验证决策: Epoch 11/200
   验证间隔: 1
   是否验证: ✅ 是
   原因: 达到验证间隔 (0 == 0)
============================================================

🔍 开始验证...
验证进度: 500/686 损失=0.1163
验证进度: 686/686 损失=0.4000

📊 预测分布分析:
  - 预测的前5个类别: {np.int64(0): 280775, np.int64(1): 37153, np.int64(2): 14736, np.int64(3): 10663, np.int64(4): 8377}
  - 标签的前5个类别: {np.int64(0): 281232, np.int64(1): 36731, np.int64(2): 14789, np.int64(3): 10866, np.int64(4): 8585}
✅ 验证完成，耗时: 4.7秒 (0.1分钟)
训练损失: 0.0795
验证损失: 0.2539
验证准确率: 0.9617 (10543/10964) - 与Levenshtein高度相关
验证F1(加权): 0.9614 - 类别平衡更好
学习率: 0.000099
显存使用: 0.48GB (预留: 0.69GB)

生成的训练样本:
--------------------------------------------------------------------------------
输入:       MVL DNZJRH D>LH> NHW> VLJ> MN MRB<>
目标:     0 0 0 0 0 1 0 0 0 5 0 0 1 0 0 4 0 0 6 0 10 3 0 0 0 4 0 0 0 0 0 0 0 0 4 0
预测:     0 0 0 0 0 1 0 0 0 5 0 0 1 0 0 4 0 0 6 0 10 3 0 0 0 4 0 0 0 0 0 0 0 0 4 0
准确率:    1.0000 (36/36)
----------------------------------------
输入:       >CBQJWHJ M<J JQDJN >JK TNWR> LMDQW BH
目标:     0 6 0 0 48 35 0 0 0 0 0 13 46 0 0 0 7 0 0 0 0 0 0 0 0 0 0 4 0 0 1 28 31 7 0 0 1 0
预测:     0 6 0 0 48 35 0 0 0 0 0 13 46 0 0 0 7 0 0 0 0 0 0 0 0 0 0 4 0 0 1 28 31 7 0 0 1 0
准确率:    1.0000 (38/38)
----------------------------------------
输入:       <W> WMN XMT WMN SPRWJM W>WTB >NWN
目标:     0 0 0 2 0 1 0 0 0 0 0 22 0 1 0 0 0 0 0 0 0 0 2 0 1 50 0 0 3 0 0 0 0 0
预测:     0 0 0 2 0 1 0 0 0 0 0 22 0 1 0 0 0 0 0 0 0 0 2 0 1 50 0 0 3 0 0 0 0 0
准确率:    1.0000 (34/34)
----------------------------------------

生成的验证样本:
--------------------------------------------------------------------------------
输入:       YBJNH D>LH> LMSV> MN KL DBJC WKLJ
目标:     0 0 0 0 5 0 0 1 0 0 4 0 0 1 6 0 10 7 0 0 0 0 0 2 0 1 0 0 2 0 36 0 0 3
预测:     0 0 0 0 5 0 0 1 0 0 4 0 0 1 28 0 10 7 0 0 0 0 0 2 0 1 0 0 2 0 36 0 0 3
准确率:    0.9706 (33/34)
----------------------------------------
输入:       D>LH> LMSV> MN KL DBJC WKLJ XJLK
目标:     0 1 0 0 4 0 0 1 6 0 10 7 0 0 0 0 0 2 0 1 0 0 2 0 36 0 0 3 0 0 0 5 0
预测:     0 1 0 0 4 0 0 1 6 0 10 7 0 0 0 0 0 2 0 1 0 0 2 0 36 0 0 3 0 0 0 5 0
准确率:    1.0000 (33/33)
----------------------------------------
💾 保存新的最佳模型！验证准确率: 0.9617 (F1: 0.9614) (Epoch 11)

======================================================================
🚀 Epoch 12/200
======================================================================
📚 开始训练阶段...
训练进度: 500/3164 损失=0.0691
训练进度: 1000/3164 损失=0.0914
训练进度: 1500/3164 损失=0.0457
训练进度: 2000/3164 损失=0.0608
训练进度: 2500/3164 损失=0.0808
训练进度: 3000/3164 损失=0.0467
训练进度: 3164/3164 损失=0.0477
✅ 训练完成，耗时: 57.4秒 (1.0分钟)

============================================================
📊 验证决策: Epoch 12/200
   验证间隔: 1
   是否验证: ✅ 是
   原因: 达到验证间隔 (0 == 0)
============================================================

🔍 开始验证...
验证进度: 500/686 损失=0.1232
验证进度: 686/686 损失=0.4928

📊 预测分布分析:
  - 预测的前5个类别: {np.int64(0): 281038, np.int64(1): 37343, np.int64(2): 14690, np.int64(3): 10705, np.int64(4): 8400}
  - 标签的前5个类别: {np.int64(0): 281232, np.int64(1): 36731, np.int64(2): 14789, np.int64(3): 10866, np.int64(4): 8585}
✅ 验证完成，耗时: 4.7秒 (0.1分钟)
训练损失: 0.0740
验证损失: 0.2541
验证准确率: 0.9623 (10550/10964) - 与Levenshtein高度相关
验证F1(加权): 0.9618 - 类别平衡更好
学习率: 0.000099
显存使用: 0.48GB (预留: 0.69GB)

生成的训练样本:
--------------------------------------------------------------------------------
输入:       <LT> <L CWR> WHW> RWGZ> RB> <L
目标:     0 0 70 9 0 0 0 0 0 0 0 4 0 0 1 0 10 3 0 0 0 0 4 0 0 0 4 0 0 0 0
预测:     0 0 70 9 0 0 0 0 0 0 0 4 0 0 1 0 10 3 0 0 0 0 4 0 0 0 4 0 0 0 0
准确率:    1.0000 (31/31)
----------------------------------------
输入:       MRJ> HW >LH> ZLW BTRH W>N B<L>
目标:     0 0 0 0 2 0 0 0 0 0 0 4 0 21 0 3 0 0 0 0 1 0 0 1 0 0 0 0 0 4 0
预测:     0 0 0 0 2 0 0 0 0 0 0 4 0 21 0 3 0 0 0 0 1 0 0 1 0 0 0 0 0 4 0
准确率:    1.0000 (31/31)
----------------------------------------
输入:       >N MHPK THPWK BCLM> >P L> MLL
目标:     0 0 0 0 6 0 0 7 0 6 0 8 0 3 0 1 0 0 15 0 0 0 0 0 0 0 0 0 0 16
预测:     0 0 0 0 6 0 0 7 0 6 0 8 0 3 0 1 0 0 15 0 0 0 0 0 0 0 0 0 0 16
准确率:    1.0000 (30/30)
----------------------------------------

生成的验证样本:
--------------------------------------------------------------------------------
输入:       YBJNH D>LH> LMSV> MN KL DBJC WKLJ
目标:     0 0 0 0 5 0 0 1 0 0 4 0 0 1 6 0 10 7 0 0 0 0 0 2 0 1 0 0 2 0 36 0 0 3
预测:     0 0 0 0 5 0 0 1 0 0 4 0 0 1 6 0 10 7 0 0 0 0 0 2 0 1 0 0 2 0 36 0 0 3
准确率:    1.0000 (34/34)
----------------------------------------
输入:       D>LH> LMSV> MN KL DBJC WKLJ XJLK
目标:     0 1 0 0 4 0 0 1 6 0 10 7 0 0 0 0 0 2 0 1 0 0 2 0 36 0 0 3 0 0 0 5 0
预测:     0 1 0 0 4 0 0 1 6 0 10 7 0 0 0 0 0 2 0 1 0 0 2 0 1 0 0 3 0 0 0 5 0
准确率:    0.9697 (32/33)
----------------------------------------
💾 保存新的最佳模型！验证准确率: 0.9623 (F1: 0.9618) (Epoch 12)

======================================================================
🚀 Epoch 13/200
======================================================================
📚 开始训练阶段...
训练进度: 500/3164 损失=0.0589
训练进度: 1000/3164 损失=0.0734
训练进度: 1500/3164 损失=0.0336
训练进度: 2000/3164 损失=0.0602
训练进度: 2500/3164 损失=0.0445
训练进度: 3000/3164 损失=0.1015
训练进度: 3164/3164 损失=0.0459
✅ 训练完成，耗时: 57.3秒 (1.0分钟)

============================================================
📊 验证决策: Epoch 13/200
   验证间隔: 1
   是否验证: ✅ 是
   原因: 达到验证间隔 (0 == 0)
============================================================

🔍 开始验证...
验证进度: 500/686 损失=0.1054
验证进度: 686/686 损失=0.6558

📊 预测分布分析:
  - 预测的前5个类别: {np.int64(0): 281344, np.int64(1): 37132, np.int64(2): 14816, np.int64(3): 10638, np.int64(4): 9003}
  - 标签的前5个类别: {np.int64(0): 281232, np.int64(1): 36731, np.int64(2): 14789, np.int64(3): 10866, np.int64(4): 8585}
✅ 验证完成，耗时: 4.6秒 (0.1分钟)
训练损失: 0.0700
验证损失: 0.2664
验证准确率: 0.9622 (10549/10964) - 与Levenshtein高度相关
验证F1(加权): 0.9616 - 类别平衡更好
学习率: 0.000099
显存使用: 0.47GB (预留: 0.69GB)

生成的训练样本:
--------------------------------------------------------------------------------
输入:       >JK DBQRB> QDMJ> WTNN> CRJ DNSQ MN
目标:     0 0 0 0 0 1 1 0 0 30 0 0 0 0 0 11 0 0 1 0 0 4 0 0 0 0 16 0 1 6 64 3 0 0 0
预测:     0 0 0 0 0 1 1 0 0 30 0 0 0 0 0 11 0 0 1 0 0 4 0 0 0 0 16 0 1 6 64 3 0 0 0
准确率:    1.0000 (35/35)
----------------------------------------
输入:       MN LGW LQDWC QWDC> >RB<JN >MJN HW>
目标:     0 0 0 0 1 0 2 0 1 31 8 0 2 0 0 0 0 11 0 0 0 0 0 0 0 2 0 0 13 0 0 0 0 10 7
预测:     0 0 0 0 1 0 2 0 1 31 8 0 2 0 0 0 0 11 0 0 0 0 0 0 0 2 0 0 13 0 0 0 0 10 3
准确率:    0.9714 (34/35)
----------------------------------------
输入:       MN> NCLM <TJR> LMSKN> M>KWLTH D>RJ> <RD>
目标:     0 0 0 0 0 6 0 0 3 0 0 8 0 43 27 0 1 0 0 0 4 0 0 0 0 0 0 13 1 0 0 1 0 0 4 0 0 0 0 11 0
预测:     0 0 0 0 0 6 0 0 3 0 0 8 0 43 27 0 1 0 0 0 4 0 0 0 0 0 0 13 1 0 0 1 0 0 4 0 0 0 0 11 0
准确率:    1.0000 (41/41)
----------------------------------------

生成的验证样本:
--------------------------------------------------------------------------------
输入:       YBJNH D>LH> LMSV> MN KL DBJC WKLJ
目标:     0 0 0 0 5 0 0 1 0 0 4 0 0 1 6 0 10 7 0 0 0 0 0 2 0 1 0 0 2 0 36 0 0 3
预测:     0 0 0 0 5 0 0 1 0 0 4 0 0 1 6 0 10 7 0 0 0 0 0 2 0 1 0 0 2 0 36 0 0 3
准确率:    1.0000 (34/34)
----------------------------------------
输入:       D>LH> LMSV> MN KL DBJC WKLJ XJLK
目标:     0 1 0 0 4 0 0 1 6 0 10 7 0 0 0 0 0 2 0 1 0 0 2 0 36 0 0 3 0 0 0 5 0
预测:     0 1 0 0 4 0 0 1 6 0 10 7 0 0 0 0 0 2 0 1 0 0 2 0 36 0 0 3 0 0 0 5 0
准确率:    1.0000 (33/33)
----------------------------------------
⏳ 验证无提升 (验证准确率: 0.9622 ≤ 0.9623)，patience: 1/50

======================================================================
🚀 Epoch 14/200
======================================================================
📚 开始训练阶段...
训练进度: 500/3164 损失=0.0518
训练进度: 1000/3164 损失=0.0437
训练进度: 1500/3164 损失=0.1189
训练进度: 2000/3164 损失=0.0861
训练进度: 2500/3164 损失=0.0951
训练进度: 3000/3164 损失=0.0984
训练进度: 3164/3164 损失=0.0275
✅ 训练完成，耗时: 57.6秒 (1.0分钟)

============================================================
📊 验证决策: Epoch 14/200
   验证间隔: 1
   是否验证: ✅ 是
   原因: 达到验证间隔 (0 == 0)
============================================================

🔍 开始验证...
验证进度: 500/686 损失=0.1299
验证进度: 686/686 损失=0.4755

📊 预测分布分析:
  - 预测的前5个类别: {np.int64(0): 281602, np.int64(1): 37090, np.int64(2): 14605, np.int64(3): 10911, np.int64(4): 8835}
  - 标签的前5个类别: {np.int64(0): 281232, np.int64(1): 36731, np.int64(2): 14789, np.int64(3): 10866, np.int64(4): 8585}
✅ 验证完成，耗时: 4.7秒 (0.1分钟)
训练损失: 0.0661
验证损失: 0.2721
验证准确率: 0.9626 (10553/10964) - 与Levenshtein高度相关
验证F1(加权): 0.9617 - 类别平衡更好
学习率: 0.000099
显存使用: 0.48GB (预留: 0.69GB)

生成的训练样本:
--------------------------------------------------------------------------------
输入:       MN CLJ BJCTH DJWM> TCKX VBT> WXRTH
目标:     0 0 0 0 0 0 2 0 0 0 2 1 0 0 1 0 0 4 0 0 6 0 0 3 0 0 2 9 0 0 1 0 13 1 0
预测:     0 0 0 0 0 0 2 0 0 0 2 1 0 0 1 0 0 4 0 0 6 0 0 3 0 0 2 9 0 0 1 0 13 1 0
准确率:    1.0000 (35/35)
----------------------------------------
输入:       BRJ >T<CN B>JQRH D>BWK WL> TCBWQ >JQRH
目标:     0 0 5 0 0 0 14 0 0 16 0 1 0 0 0 5 0 0 1 0 8 5 0 0 1 0 0 0 6 0 8 0 3 0 0 0 0 5 0
预测:     0 0 5 0 0 0 14 0 0 16 0 1 0 0 0 5 0 0 1 0 8 5 0 0 1 0 0 0 6 0 8 0 3 0 0 0 0 5 0
准确率:    1.0000 (39/39)
----------------------------------------
输入:       SVR MN BNJ BNJMJN >RB<M>> >LPJN GBR>
目标:     0 0 0 2 0 0 0 0 0 2 0 0 0 0 0 0 0 2 0 0 0 0 5 0 0 2 0 0 0 2 0 0 0 0 0 11 0
预测:     0 0 0 2 0 0 0 0 0 2 0 0 0 0 0 0 0 2 0 0 0 0 5 0 0 2 0 0 0 2 0 0 0 0 0 11 0
准确率:    1.0000 (37/37)
----------------------------------------

生成的验证样本:
--------------------------------------------------------------------------------
输入:       YBJNH D>LH> LMSV> MN KL DBJC WKLJ
目标:     0 0 0 0 5 0 0 1 0 0 4 0 0 1 6 0 10 7 0 0 0 0 0 2 0 1 0 0 2 0 36 0 0 3
预测:     0 0 0 0 5 0 0 1 0 0 4 0 0 1 6 0 10 7 0 0 0 0 0 2 0 1 0 0 2 0 36 0 0 3
准确率:    1.0000 (34/34)
----------------------------------------
输入:       D>LH> LMSV> MN KL DBJC WKLJ XJLK
目标:     0 1 0 0 4 0 0 1 6 0 10 7 0 0 0 0 0 2 0 1 0 0 2 0 36 0 0 3 0 0 0 5 0
预测:     0 1 0 0 4 0 0 1 6 0 10 7 0 0 0 0 0 2 0 1 0 0 2 0 36 0 0 3 0 0 0 5 0
准确率:    1.0000 (33/33)
----------------------------------------
💾 保存新的最佳模型！验证准确率: 0.9626 (F1: 0.9617) (Epoch 14)

======================================================================
🚀 Epoch 15/200
======================================================================
📚 开始训练阶段...
训练进度: 500/3164 损失=0.0576
训练进度: 1000/3164 损失=0.0796
训练进度: 1500/3164 损失=0.0895
训练进度: 2000/3164 损失=0.0567
训练进度: 2500/3164 损失=0.1059
训练进度: 3000/3164 损失=0.0615
训练进度: 3164/3164 损失=0.0372
✅ 训练完成，耗时: 57.6秒 (1.0分钟)

============================================================
📊 验证决策: Epoch 15/200
   验证间隔: 1
   是否验证: ✅ 是
   原因: 达到验证间隔 (0 == 0)
============================================================

🔍 开始验证...
验证进度: 500/686 损失=0.1290
验证进度: 686/686 损失=0.5048

📊 预测分布分析:
  - 预测的前5个类别: {np.int64(0): 281432, np.int64(1): 37153, np.int64(2): 14661, np.int64(3): 10806, np.int64(4): 9053}
  - 标签的前5个类别: {np.int64(0): 281232, np.int64(1): 36731, np.int64(2): 14789, np.int64(3): 10866, np.int64(4): 8585}
✅ 验证完成，耗时: 4.7秒 (0.1分钟)
训练损失: 0.0624
验证损失: 0.2754
验证准确率: 0.9624 (10551/10964) - 与Levenshtein高度相关
验证F1(加权): 0.9617 - 类别平衡更好
学习率: 0.000099
显存使用: 0.48GB (预留: 0.69GB)

生成的训练样本:
--------------------------------------------------------------------------------
输入:       >N DJN MPN> >NT LJ LWT B<T>
目标:     0 0 0 0 0 0 0 0 6 0 10 41 0 0 0 0 0 1 0 0 0 0 0 0 0 13 9 0
预测:     0 0 0 0 0 0 0 0 6 0 10 41 0 0 0 0 0 1 0 0 0 0 0 0 0 13 9 0
准确率:    1.0000 (28/28)
----------------------------------------
输入:       W>MR >N> MCDL >N> LH >MR LH
目标:     0 1 0 0 3 0 0 0 0 0 6 0 0 41 0 0 0 0 0 1 0 0 0 0 7 0 1 0
预测:     0 1 0 0 7 0 0 0 0 0 6 0 0 41 0 0 0 0 0 1 0 0 0 0 7 0 1 0
准确率:    0.9643 (27/28)
----------------------------------------
输入:       KL MDM HKN> BNWR> KL MDM L>
目标:     0 0 2 0 0 0 2 0 0 0 0 0 0 1 0 0 4 0 0 0 2 0 0 0 2 0 0 0
预测:     0 0 2 0 0 0 2 0 0 0 0 0 0 1 0 0 4 0 0 0 2 0 0 0 2 0 0 0
准确率:    1.0000 (28/28)
----------------------------------------

生成的验证样本:
--------------------------------------------------------------------------------
输入:       YBJNH D>LH> LMSV> MN KL DBJC WKLJ
目标:     0 0 0 0 5 0 0 1 0 0 4 0 0 1 6 0 10 7 0 0 0 0 0 2 0 1 0 0 2 0 36 0 0 3
预测:     0 0 0 0 5 0 0 1 0 0 4 0 0 1 6 0 10 7 0 0 0 0 0 2 0 1 0 0 2 0 36 0 0 3
准确率:    1.0000 (34/34)
----------------------------------------
输入:       D>LH> LMSV> MN KL DBJC WKLJ XJLK
目标:     0 1 0 0 4 0 0 1 6 0 10 7 0 0 0 0 0 2 0 1 0 0 2 0 36 0 0 3 0 0 0 5 0
预测:     0 1 0 0 4 0 0 1 6 0 10 7 0 0 0 0 0 2 0 1 0 0 2 0 36 0 0 3 0 0 0 5 0
准确率:    1.0000 (33/33)
----------------------------------------
⏳ 验证无提升 (验证准确率: 0.9624 ≤ 0.9626)，patience: 1/50

======================================================================
🚀 Epoch 16/200
======================================================================
📚 开始训练阶段...
训练进度: 500/3164 损失=0.0638
训练进度: 1000/3164 损失=0.0294
训练进度: 1500/3164 损失=0.0520
训练进度: 2000/3164 损失=0.0631
训练进度: 2500/3164 损失=0.0353
训练进度: 3000/3164 损失=0.0775
训练进度: 3164/3164 损失=0.0505
✅ 训练完成，耗时: 57.4秒 (1.0分钟)

============================================================
📊 验证决策: Epoch 16/200
   验证间隔: 1
   是否验证: ✅ 是
   原因: 达到验证间隔 (0 == 0)
============================================================

🔍 开始验证...
验证进度: 500/686 损失=0.0567
验证进度: 686/686 损失=0.5527

📊 预测分布分析:
  - 预测的前5个类别: {np.int64(0): 281450, np.int64(1): 37064, np.int64(2): 14774, np.int64(3): 11094, np.int64(4): 8667}
  - 标签的前5个类别: {np.int64(0): 281232, np.int64(1): 36731, np.int64(2): 14789, np.int64(3): 10866, np.int64(4): 8585}
✅ 验证完成，耗时: 4.7秒 (0.1分钟)
训练损失: 0.0595
验证损失: 0.2816
验证准确率: 0.9627 (10554/10964) - 与Levenshtein高度相关
验证F1(加权): 0.9621 - 类别平衡更好
学习率: 0.000099
显存使用: 0.48GB (预留: 0.69GB)

生成的训练样本:
--------------------------------------------------------------------------------
输入:       MHN> W<M KLHJN HLJN HWJT MYL> L>LH>
目标:     0 28 0 10 7 0 1 0 0 0 0 5 0 0 0 0 0 0 0 0 0 0 0 3 12 0 6 0 10 41 0 1 0 0 4 0
预测:     0 28 0 10 7 0 1 0 0 0 0 5 0 0 0 0 0 0 0 0 0 0 0 3 12 0 6 0 10 41 0 1 0 0 4 0
准确率:    1.0000 (36/36)
----------------------------------------
输入:       DKTBJN BQNJ> DSPR> RWRBN> D>JSKR <M DBWR>
目标:     0 1 0 0 7 0 0 0 1 0 0 15 0 0 1 0 0 15 0 0 0 0 0 0 11 0 0 1 0 0 0 0 2 0 0 0 0 0 0 0 0 2
预测:     0 1 0 0 7 0 0 0 1 0 108 15 0 0 1 0 0 15 0 0 0 0 0 0 11 0 0 1 0 0 0 0 2 0 0 0 0 0 0 0 0 2
准确率:    0.9762 (41/42)
----------------------------------------
输入:       >LJC< LDRMSWQ WBRHDD MLK> D>DWM >TKRH WXWJWHJ
目标:     0 0 0 0 0 2 0 1 0 0 0 0 0 2 0 1 0 0 0 0 2 0 0 0 4 0 0 1 0 0 0 2 0 0 14 0 0 3 0 1 0 0 3 67 0 0
预测:     0 0 0 0 0 2 0 1 0 0 0 0 0 2 0 1 0 0 0 0 2 0 0 0 4 0 0 1 0 0 0 2 0 0 14 0 0 3 0 1 0 0 3 67 0 0
准确率:    1.0000 (46/46)
----------------------------------------

生成的验证样本:
--------------------------------------------------------------------------------
输入:       YBJNH D>LH> LMSV> MN KL DBJC WKLJ
目标:     0 0 0 0 5 0 0 1 0 0 4 0 0 1 6 0 10 7 0 0 0 0 0 2 0 1 0 0 2 0 36 0 0 3
预测:     0 0 0 0 5 0 0 1 0 0 4 0 0 1 6 0 10 7 0 0 0 0 0 2 0 1 0 0 2 0 36 0 5 3
准确率:    0.9706 (33/34)
----------------------------------------
输入:       D>LH> LMSV> MN KL DBJC WKLJ XJLK
目标:     0 1 0 0 4 0 0 1 6 0 10 7 0 0 0 0 0 2 0 1 0 0 2 0 36 0 0 3 0 0 0 5 0
预测:     0 1 0 0 4 0 0 1 6 0 10 7 0 0 0 0 0 2 0 1 0 0 2 0 36 0 5 3 0 0 0 5 0
准确率:    0.9697 (32/33)
----------------------------------------
💾 保存新的最佳模型！验证准确率: 0.9627 (F1: 0.9621) (Epoch 16)

======================================================================
🚀 Epoch 17/200
======================================================================
📚 开始训练阶段...
训练进度: 500/3164 损失=0.0614
训练进度: 1000/3164 损失=0.0782
训练进度: 1500/3164 损失=0.0670
训练进度: 2000/3164 损失=0.0389
训练进度: 2500/3164 损失=0.0465
训练进度: 3000/3164 损失=0.0275
训练进度: 3164/3164 损失=0.0596
✅ 训练完成，耗时: 57.4秒 (1.0分钟)

============================================================
📊 验证决策: Epoch 17/200
   验证间隔: 1
   是否验证: ✅ 是
   原因: 达到验证间隔 (0 == 0)
============================================================

🔍 开始验证...
验证进度: 500/686 损失=0.1186
验证进度: 686/686 损失=0.5880

📊 预测分布分析:
  - 预测的前5个类别: {np.int64(0): 281063, np.int64(1): 37015, np.int64(2): 14620, np.int64(3): 10562, np.int64(4): 8602}
  - 标签的前5个类别: {np.int64(0): 281232, np.int64(1): 36731, np.int64(2): 14789, np.int64(3): 10866, np.int64(4): 8585}
✅ 验证完成，耗时: 4.7秒 (0.1分钟)
训练损失: 0.0566
验证损失: 0.2727
验证准确率: 0.9629 (10557/10964) - 与Levenshtein高度相关
验证F1(加权): 0.9627 - 类别平衡更好
学习率: 0.000098
显存使用: 0.48GB (预留: 0.69GB)

生成的训练样本:
--------------------------------------------------------------------------------
输入:       >R<KWN >R<> D>DC> WD>B> >R<> D<BWR> WDKRM>
目标:     0 0 0 5 0 0 0 0 0 0 4 0 0 1 0 0 11 0 0 1 1 0 15 0 0 0 0 4 0 0 1 0 0 0 4 0 0 1 1 0 0 11 0
预测:     0 0 0 5 0 0 0 0 0 0 4 0 0 1 0 0 11 0 0 1 1 0 15 0 0 0 0 4 0 0 1 0 0 0 4 0 0 1 1 0 0 11 0
准确率:    1.0000 (43/43)
----------------------------------------
输入:       VJBWT> RBT> >JK DHLK QDMJK BQWCT> WBHJMNWT>
目标:     0 0 0 0 2 9 0 0 0 2 9 0 0 0 0 0 0 1 0 0 16 0 0 0 2 1 0 0 1 0 0 0 4 0 0 1 1 0 0 0 0 2 9 0
预测:     0 0 0 0 2 9 0 0 0 2 9 0 0 0 0 0 0 1 0 0 16 0 0 0 2 1 0 0 1 0 0 0 4 0 0 1 1 0 0 0 0 2 9 0
准确率:    1.0000 (44/44)
----------------------------------------
输入:       LGW MN LBWCH <L <VMH DJMJN> WQRB
目标:     0 1 0 2 0 0 0 0 0 0 0 5 0 0 0 0 0 0 0 5 0 0 1 0 0 0 4 0 0 1 0 0 3
预测:     0 1 0 2 0 0 0 0 0 0 0 5 0 0 0 0 0 0 0 5 0 0 1 0 0 0 4 0 0 1 0 0 3
准确率:    1.0000 (33/33)
----------------------------------------

生成的验证样本:
--------------------------------------------------------------------------------
输入:       YBJNH D>LH> LMSV> MN KL DBJC WKLJ
目标:     0 0 0 0 5 0 0 1 0 0 4 0 0 1 6 0 10 7 0 0 0 0 0 2 0 1 0 0 2 0 36 0 0 3
预测:     0 0 0 0 5 0 0 1 0 0 4 0 0 1 6 0 10 7 0 0 0 0 0 2 0 1 0 0 2 0 36 0 0 3
准确率:    1.0000 (34/34)
----------------------------------------
输入:       D>LH> LMSV> MN KL DBJC WKLJ XJLK
目标:     0 1 0 0 4 0 0 1 6 0 10 7 0 0 0 0 0 2 0 1 0 0 2 0 36 0 0 3 0 0 0 5 0
预测:     0 1 0 0 4 0 0 1 6 0 10 7 0 0 0 0 0 2 0 1 0 0 2 0 36 0 0 3 0 0 0 5 0
准确率:    1.0000 (33/33)
----------------------------------------
💾 保存新的最佳模型！验证准确率: 0.9629 (F1: 0.9627) (Epoch 17)

======================================================================
🚀 Epoch 18/200
======================================================================
📚 开始训练阶段...
训练进度: 500/3164 损失=0.0655
训练进度: 1000/3164 损失=0.0584
训练进度: 1500/3164 损失=0.0414
训练进度: 2000/3164 损失=0.0595
训练进度: 2500/3164 损失=0.0493
训练进度: 3000/3164 损失=0.0249
训练进度: 3164/3164 损失=0.0773
✅ 训练完成，耗时: 57.1秒 (1.0分钟)

============================================================
📊 验证决策: Epoch 18/200
   验证间隔: 1
   是否验证: ✅ 是
   原因: 达到验证间隔 (0 == 0)
============================================================

🔍 开始验证...
验证进度: 500/686 损失=0.1174
验证进度: 686/686 损失=0.4173

📊 预测分布分析:
  - 预测的前5个类别: {np.int64(0): 281842, np.int64(1): 37087, np.int64(2): 14906, np.int64(3): 10754, np.int64(4): 8516}
  - 标签的前5个类别: {np.int64(0): 281232, np.int64(1): 36731, np.int64(2): 14789, np.int64(3): 10866, np.int64(4): 8585}
✅ 验证完成，耗时: 4.6秒 (0.1分钟)
训练损失: 0.0542
验证损失: 0.2813
验证准确率: 0.9637 (10565/10964) - 与Levenshtein高度相关
验证F1(加权): 0.9631 - 类别平衡更好
学习率: 0.000098
显存使用: 0.48GB (预留: 0.69GB)

生成的训练样本:
--------------------------------------------------------------------------------
输入:       WJDW<> W>SGJ LM<BD DBJC QDM MRJ> LMRGZWTH
目标:     0 1 0 0 0 11 0 0 1 17 0 0 3 0 1 6 0 0 7 0 1 0 0 2 0 0 0 2 0 0 0 0 2 0 1 28 0 0 7 0 1 0
预测:     0 1 0 0 0 11 0 0 1 17 0 0 3 0 1 6 0 0 7 0 1 0 0 2 0 0 0 2 0 0 0 0 2 0 1 28 0 0 7 0 1 0
准确率:    1.0000 (42/42)
----------------------------------------
输入:       DMRJ> W>SQ <LWT> W<BD CLM> W<BD MCTJ>
目标:     0 1 0 0 0 2 0 1 17 64 3 0 0 57 2 23 0 0 1 0 0 3 0 0 0 82 0 0 1 0 0 3 0 0 0 0 4 0
预测:     0 1 0 0 0 2 0 1 17 64 3 0 0 57 2 23 0 0 1 0 0 3 0 0 0 82 0 0 1 0 0 3 0 0 0 0 4 0
准确率:    1.0000 (38/38)
----------------------------------------
输入:       HNJN VBT> DBJD BJCT> MTGMRN >KZN> HKJL
目标:     0 0 0 0 12 0 0 2 23 0 0 1 1 0 2 0 0 0 2 23 0 0 21 14 0 0 7 0 0 38 1 0 4 0 0 0 0 0 0
预测:     0 0 0 0 0 0 0 2 23 0 0 1 1 0 2 0 0 0 2 23 0 0 21 14 0 0 7 0 0 38 1 0 4 0 0 0 0 0 0
准确率:    0.9744 (38/39)
----------------------------------------

生成的验证样本:
--------------------------------------------------------------------------------
输入:       YBJNH D>LH> LMSV> MN KL DBJC WKLJ
目标:     0 0 0 0 5 0 0 1 0 0 4 0 0 1 6 0 10 7 0 0 0 0 0 2 0 1 0 0 2 0 36 0 0 3
预测:     0 0 0 0 5 0 0 1 0 0 4 0 0 1 6 0 10 7 0 0 0 0 0 2 0 1 0 0 2 0 36 0 0 3
准确率:    1.0000 (34/34)
----------------------------------------
输入:       D>LH> LMSV> MN KL DBJC WKLJ XJLK
目标:     0 1 0 0 4 0 0 1 6 0 10 7 0 0 0 0 0 2 0 1 0 0 2 0 36 0 0 3 0 0 0 5 0
预测:     0 1 0 0 4 0 0 1 6 0 10 7 0 0 0 0 0 2 0 1 0 0 2 0 36 0 0 3 0 0 0 5 0
准确率:    1.0000 (33/33)
----------------------------------------
💾 保存新的最佳模型！验证准确率: 0.9637 (F1: 0.9631) (Epoch 18)

======================================================================
🚀 Epoch 19/200
======================================================================
📚 开始训练阶段...
训练进度: 500/3164 损失=0.0257
训练进度: 1000/3164 损失=0.0648
训练进度: 1500/3164 损失=0.0195
训练进度: 2000/3164 损失=0.0378
训练进度: 2500/3164 损失=0.0430
训练进度: 3000/3164 损失=0.0814
训练进度: 3164/3164 损失=0.0699
✅ 训练完成，耗时: 57.1秒 (1.0分钟)

============================================================
📊 验证决策: Epoch 19/200
   验证间隔: 1
   是否验证: ✅ 是
   原因: 达到验证间隔 (0 == 0)
============================================================

🔍 开始验证...
验证进度: 500/686 损失=0.0865
验证进度: 686/686 损失=0.6352

📊 预测分布分析:
  - 预测的前5个类别: {np.int64(0): 282028, np.int64(1): 37205, np.int64(2): 14819, np.int64(3): 11334, np.int64(4): 8772}
  - 标签的前5个类别: {np.int64(0): 281232, np.int64(1): 36731, np.int64(2): 14789, np.int64(3): 10866, np.int64(4): 8585}
✅ 验证完成，耗时: 4.6秒 (0.1分钟)
训练损失: 0.0515
验证损失: 0.2909
验证准确率: 0.9641 (10570/10964) - 与Levenshtein高度相关
验证F1(加权): 0.9633 - 类别平衡更好
学习率: 0.000098
显存使用: 0.47GB (预留: 0.69GB)

生成的训练样本:
--------------------------------------------------------------------------------
输入:       XWT W<N> >LJ> W>MR LH >N NBJH
目标:     34 8 0 3 0 1 0 10 3 0 0 0 0 2 0 1 0 0 3 0 1 0 0 0 0 0 0 0 5 0
预测:     34 8 0 3 0 1 0 10 3 0 0 0 0 2 0 1 0 0 3 0 1 0 0 0 0 0 0 0 5 0
准确率:    1.0000 (30/30)
----------------------------------------
输入:       L> TPRQ MN LWTN W>N BSMN LK
目标:     0 0 0 0 6 0 0 3 0 0 0 0 0 0 1 0 0 1 0 0 0 0 0 49 0 0 1 0
预测:     0 0 0 0 6 0 0 3 0 0 0 0 0 0 1 0 0 1 0 0 0 0 0 49 0 0 1 0
准确率:    1.0000 (28/28)
----------------------------------------
输入:       LK HB L>LH> >JK M> DJHB LK
目标:     0 1 0 52 0 3 0 1 0 0 4 0 0 0 0 0 0 0 0 0 1 0 0 7 0 1 0
预测:     0 1 0 52 0 3 0 1 0 0 4 0 0 0 0 0 0 0 0 0 1 0 0 7 0 1 0
准确率:    1.0000 (27/27)
----------------------------------------

生成的验证样本:
--------------------------------------------------------------------------------
输入:       YBJNH D>LH> LMSV> MN KL DBJC WKLJ
目标:     0 0 0 0 5 0 0 1 0 0 4 0 0 1 6 0 10 7 0 0 0 0 0 2 0 1 0 0 2 0 36 0 0 3
预测:     0 0 0 0 5 0 0 1 0 0 4 0 0 1 6 0 10 7 0 0 0 0 0 2 0 1 0 0 2 0 36 0 0 3
准确率:    1.0000 (34/34)
----------------------------------------
输入:       D>LH> LMSV> MN KL DBJC WKLJ XJLK
目标:     0 1 0 0 4 0 0 1 6 0 10 7 0 0 0 0 0 2 0 1 0 0 2 0 36 0 0 3 0 0 0 5 0
预测:     0 1 0 0 4 0 0 1 6 0 10 7 0 0 0 0 0 2 0 1 0 0 2 0 36 0 0 3 0 0 0 5 0
准确率:    1.0000 (33/33)
----------------------------------------
💾 保存新的最佳模型！验证准确率: 0.9641 (F1: 0.9633) (Epoch 19)

======================================================================
🚀 Epoch 20/200
======================================================================
📚 开始训练阶段...
训练进度: 500/3164 损失=0.0359
训练进度: 1000/3164 损失=0.0326
训练进度: 1500/3164 损失=0.0374
训练进度: 2000/3164 损失=0.0689
训练进度: 2500/3164 损失=0.0405
训练进度: 3000/3164 损失=0.0567
训练进度: 3164/3164 损失=0.0236
✅ 训练完成，耗时: 57.2秒 (1.0分钟)

============================================================
📊 验证决策: Epoch 20/200
   验证间隔: 1
   是否验证: ✅ 是
   原因: 达到验证间隔 (0 == 0)
============================================================

🔍 开始验证...
验证进度: 500/686 损失=0.0687
验证进度: 686/686 损失=0.5176

📊 预测分布分析:
  - 预测的前5个类别: {np.int64(0): 281770, np.int64(1): 37116, np.int64(2): 14887, np.int64(3): 10896, np.int64(4): 8623}
  - 标签的前5个类别: {np.int64(0): 281232, np.int64(1): 36731, np.int64(2): 14789, np.int64(3): 10866, np.int64(4): 8585}
✅ 验证完成，耗时: 4.6秒 (0.1分钟)
训练损失: 0.0498
验证损失: 0.2919
验证准确率: 0.9640 (10569/10964) - 与Levenshtein高度相关
验证F1(加权): 0.9634 - 类别平衡更好
学习率: 0.000098
显存使用: 0.48GB (预留: 0.69GB)

生成的训练样本:
--------------------------------------------------------------------------------
输入:       SGJ>JN >NWN >JK XGL> YJD> BQLWBJ> LBH
目标:     0 0 0 0 2 0 0 0 0 0 0 0 0 0 0 0 0 0 0 4 0 0 20 0 43 27 0 1 0 0 0 0 4 0 0 0 5 0
预测:     0 0 0 0 2 0 0 0 0 0 0 0 0 0 0 0 0 0 0 4 0 0 20 0 43 27 0 1 0 0 0 0 4 0 0 0 5 0
准确率:    1.0000 (38/38)
----------------------------------------
输入:       MDBXH DMRJ> DHW> BRJK <L BWRKWHJ W>JDWHJ
目标:     0 0 0 0 5 0 0 1 0 0 0 2 0 1 0 10 3 0 0 8 0 40 0 0 0 0 8 0 31 25 1 0 0 0 35 0 0 25 1 0 0
预测:     0 0 0 0 5 0 0 1 0 0 0 2 0 1 0 10 3 0 0 8 0 40 0 0 0 0 8 0 31 25 1 0 0 0 35 0 0 25 1 0 0
准确率:    1.0000 (41/41)
----------------------------------------
输入:       DJHWD> >XDH JHW>C MLK> D>JSRJL BBJT CMC
目标:     0 1 0 0 0 0 2 0 0 0 29 0 0 0 0 0 0 2 0 0 0 4 0 0 1 0 0 0 0 0 2 0 1 0 0 2 0 0 0 62
预测:     0 1 0 0 0 0 2 0 0 0 29 0 0 0 0 0 0 2 0 0 0 4 0 0 1 0 0 0 0 0 2 0 1 0 0 2 0 0 0 62
准确率:    1.0000 (40/40)
----------------------------------------

生成的验证样本:
--------------------------------------------------------------------------------
输入:       YBJNH D>LH> LMSV> MN KL DBJC WKLJ
目标:     0 0 0 0 5 0 0 1 0 0 4 0 0 1 6 0 10 7 0 0 0 0 0 2 0 1 0 0 2 0 36 0 0 3
预测:     0 0 0 0 5 0 0 1 0 0 4 0 0 1 6 0 10 7 0 0 0 0 0 2 0 1 0 0 2 0 36 0 0 3
准确率:    1.0000 (34/34)
----------------------------------------
输入:       D>LH> LMSV> MN KL DBJC WKLJ XJLK
目标:     0 1 0 0 4 0 0 1 6 0 10 7 0 0 0 0 0 2 0 1 0 0 2 0 36 0 0 3 0 0 0 5 0
预测:     0 1 0 0 4 0 0 1 6 0 10 7 0 0 0 0 0 2 0 1 0 0 2 0 36 0 0 3 0 0 0 5 0
准确率:    1.0000 (33/33)
----------------------------------------
⏳ 验证无提升 (验证准确率: 0.9640 ≤ 0.9641)，patience: 1/50

======================================================================
🚀 Epoch 21/200
======================================================================
📚 开始训练阶段...
训练进度: 500/3164 损失=0.0661
训练进度: 1000/3164 损失=0.0421
训练进度: 1500/3164 损失=0.0662
训练进度: 2000/3164 损失=0.0266
训练进度: 2500/3164 损失=0.0425
训练进度: 3000/3164 损失=0.0376
训练进度: 3164/3164 损失=0.0567
✅ 训练完成，耗时: 57.1秒 (1.0分钟)

============================================================
📊 验证决策: Epoch 21/200
   验证间隔: 1
   是否验证: ✅ 是
   原因: 达到验证间隔 (0 == 0)
============================================================

🔍 开始验证...
验证进度: 500/686 损失=0.1029
验证进度: 686/686 损失=0.5909

📊 预测分布分析:
  - 预测的前5个类别: {np.int64(0): 281662, np.int64(1): 37115, np.int64(2): 14760, np.int64(3): 10855, np.int64(4): 9045}
  - 标签的前5个类别: {np.int64(0): 281232, np.int64(1): 36731, np.int64(2): 14789, np.int64(3): 10866, np.int64(4): 8585}
✅ 验证完成，耗时: 4.6秒 (0.1分钟)
训练损失: 0.0481
验证损失: 0.2962
验证准确率: 0.9639 (10567/10964) - 与Levenshtein高度相关
验证F1(加权): 0.9632 - 类别平衡更好
学习率: 0.000097
显存使用: 0.48GB (预留: 0.69GB)

生成的训练样本:
--------------------------------------------------------------------------------
输入:       K>P> W>KLT BSR> WPVJR> WML>KH DMRJ> >TGLZ
目标:     0 0 0 4 0 0 1 0 0 3 26 0 0 0 4 0 0 1 0 0 0 4 0 0 1 0 0 0 5 0 0 1 0 0 0 2 0 0 14 0 0 3
预测:     0 0 0 4 0 0 1 0 0 3 26 0 0 0 4 0 0 1 0 0 0 4 0 0 1 0 0 0 5 0 0 1 0 0 0 2 0 0 14 0 0 3
准确率:    1.0000 (42/42)
----------------------------------------
输入:       L>WRCLM SP> BSP> SVR MN XVHWHJ D>XVJ
目标:     0 1 0 0 0 0 0 2 0 0 13 0 0 1 0 13 0 0 0 0 2 0 0 0 0 0 0 25 1 0 0 0 1 17 0 0 3
预测:     0 1 0 0 0 0 0 2 0 0 13 0 0 1 0 13 0 0 0 0 2 0 0 0 0 0 0 25 1 0 0 0 1 17 0 0 3
准确率:    1.0000 (37/37)
----------------------------------------
输入:       DQJM> D>CTKX BBJTH DMRJ> WQM MLK> <L
目标:     0 1 0 0 4 0 0 1 47 39 0 0 3 0 1 0 0 5 0 0 1 0 0 0 2 0 1 31 3 0 0 0 4 0 0 0 0
预测:     0 1 0 0 4 0 0 1 47 39 0 0 3 0 1 0 0 5 0 0 1 0 0 0 2 0 1 31 3 0 0 0 4 0 0 0 0
准确率:    1.0000 (37/37)
----------------------------------------

生成的验证样本:
--------------------------------------------------------------------------------
输入:       YBJNH D>LH> LMSV> MN KL DBJC WKLJ
目标:     0 0 0 0 5 0 0 1 0 0 4 0 0 1 6 0 10 7 0 0 0 0 0 2 0 1 0 0 2 0 36 0 0 3
预测:     0 0 0 0 5 0 0 1 0 0 4 0 0 1 6 0 10 7 0 0 0 0 0 2 0 1 0 0 2 0 36 0 0 3
准确率:    1.0000 (34/34)
----------------------------------------
输入:       D>LH> LMSV> MN KL DBJC WKLJ XJLK
目标:     0 1 0 0 4 0 0 1 6 0 10 7 0 0 0 0 0 2 0 1 0 0 2 0 36 0 0 3 0 0 0 5 0
预测:     0 1 0 0 4 0 0 1 6 0 10 7 0 0 0 0 0 2 0 1 0 0 2 0 36 0 5 3 0 0 0 5 0
准确率:    0.9697 (32/33)
----------------------------------------
⏳ 验证无提升 (验证准确率: 0.9639 ≤ 0.9641)，patience: 2/50

======================================================================
🚀 Epoch 22/200
======================================================================
📚 开始训练阶段...
训练进度: 500/3164 损失=0.0452
训练进度: 1000/3164 损失=0.0443
训练进度: 1500/3164 损失=0.0341
训练进度: 2000/3164 损失=0.0572
训练进度: 2500/3164 损失=0.0156
训练进度: 3000/3164 损失=0.0324
训练进度: 3164/3164 损失=0.0620
✅ 训练完成，耗时: 57.0秒 (0.9分钟)

============================================================
📊 验证决策: Epoch 22/200
   验证间隔: 1
   是否验证: ✅ 是
   原因: 达到验证间隔 (0 == 0)
============================================================

🔍 开始验证...
验证进度: 500/686 损失=0.1049
验证进度: 686/686 损失=0.4270

📊 预测分布分析:
  - 预测的前5个类别: {np.int64(0): 281606, np.int64(1): 37124, np.int64(2): 14964, np.int64(3): 10980, np.int64(4): 8594}
  - 标签的前5个类别: {np.int64(0): 281232, np.int64(1): 36731, np.int64(2): 14789, np.int64(3): 10866, np.int64(4): 8585}
✅ 验证完成，耗时: 4.7秒 (0.1分钟)
训练损失: 0.0464
验证损失: 0.3004
验证准确率: 0.9642 (10571/10964) - 与Levenshtein高度相关
验证F1(加权): 0.9636 - 类别平衡更好
学习率: 0.000097
显存使用: 0.48GB (预留: 0.69GB)

生成的训练样本:
--------------------------------------------------------------------------------
输入:       <BDWHJ >N DJN BJCT> B<BDWHJ XLJV> HJ
目标:     0 0 0 104 1 0 0 0 0 0 0 0 0 0 0 0 0 2 9 0 0 1 0 0 104 1 0 0 0 0 8 0 7 27 0 0 12
预测:     0 0 0 104 1 0 0 0 0 0 0 0 0 0 0 0 0 2 9 0 0 1 0 0 104 1 0 0 0 0 8 0 7 27 0 0 12
准确率:    1.0000 (37/37)
----------------------------------------
输入:       >SN> BQJV> DMNH NSTJBR BSTW> WMVL HN>
目标:     0 0 0 4 0 0 1 0 0 4 0 0 1 0 1 0 0 45 79 8 0 0 16 0 1 0 0 4 0 0 1 0 0 0 0 0 0 0
预测:     0 0 0 4 0 0 1 0 0 4 0 0 1 0 1 0 0 45 79 8 0 0 16 0 1 0 0 4 0 0 1 0 0 0 0 0 0 0
准确率:    1.0000 (38/38)
----------------------------------------
输入:       B<GL MCKX LMPRQ MN PWQDN> DMDBRNWHJ <BD>
目标:     0 1 0 0 0 0 28 0 0 7 0 1 6 0 0 7 0 0 0 0 0 0 0 0 4 0 0 1 0 0 0 0 25 1 0 0 0 0 0 15 0
预测:     0 1 0 0 0 8 28 0 0 7 0 1 6 0 0 7 0 0 0 0 0 0 0 0 4 0 0 1 0 0 0 0 25 1 0 0 0 0 0 15 0
准确率:    0.9756 (40/41)
----------------------------------------

生成的验证样本:
--------------------------------------------------------------------------------
输入:       YBJNH D>LH> LMSV> MN KL DBJC WKLJ
目标:     0 0 0 0 5 0 0 1 0 0 4 0 0 1 6 0 10 7 0 0 0 0 0 2 0 1 0 0 2 0 36 0 0 3
预测:     0 0 0 0 5 0 0 1 0 0 4 0 0 1 6 0 10 7 0 0 0 0 0 2 0 1 0 0 2 0 36 0 0 3
准确率:    1.0000 (34/34)
----------------------------------------
输入:       D>LH> LMSV> MN KL DBJC WKLJ XJLK
目标:     0 1 0 0 4 0 0 1 6 0 10 7 0 0 0 0 0 2 0 1 0 0 2 0 36 0 0 3 0 0 0 5 0
预测:     0 1 0 0 4 0 0 1 6 0 10 7 0 0 0 0 0 2 0 1 0 0 2 0 36 0 0 3 0 0 0 5 0
准确率:    1.0000 (33/33)
----------------------------------------
💾 保存新的最佳模型！验证准确率: 0.9642 (F1: 0.9636) (Epoch 22)

======================================================================
🚀 Epoch 23/200
======================================================================
📚 开始训练阶段...
训练进度: 500/3164 损失=0.0329
训练进度: 1000/3164 损失=0.0342
训练进度: 1500/3164 损失=0.0623
训练进度: 2000/3164 损失=0.0607
训练进度: 2500/3164 损失=0.0271
训练进度: 3000/3164 损失=0.0373
训练进度: 3164/3164 损失=0.0315
✅ 训练完成，耗时: 57.0秒 (0.9分钟)

============================================================
📊 验证决策: Epoch 23/200
   验证间隔: 1
   是否验证: ✅ 是
   原因: 达到验证间隔 (0 == 0)
============================================================

🔍 开始验证...
验证进度: 500/686 损失=0.1133
验证进度: 686/686 损失=0.5997

📊 预测分布分析:
  - 预测的前5个类别: {np.int64(0): 281661, np.int64(1): 37048, np.int64(2): 15006, np.int64(3): 10483, np.int64(4): 8810}
  - 标签的前5个类别: {np.int64(0): 281232, np.int64(1): 36731, np.int64(2): 14789, np.int64(3): 10866, np.int64(4): 8585}
✅ 验证完成，耗时: 4.7秒 (0.1分钟)
训练损失: 0.0447
验证损失: 0.3062
验证准确率: 0.9639 (10568/10964) - 与Levenshtein高度相关
验证F1(加权): 0.9632 - 类别平衡更好
学习率: 0.000097
显存使用: 0.47GB (预留: 0.69GB)

生成的训练样本:
--------------------------------------------------------------------------------
输入:       DSV> LBH JWMN> MN MRJ> >LHN LM>ZL
目标:     0 1 0 10 7 0 0 5 0 0 0 0 0 4 0 0 0 0 0 0 0 0 2 0 0 0 5 0 0 1 6 0 0 7
预测:     0 1 0 10 7 0 0 5 0 0 0 0 0 4 0 0 0 0 0 0 0 0 2 0 0 0 5 0 0 1 6 0 0 7
准确率:    1.0000 (34/34)
----------------------------------------
输入:       DJRXH WL> MBYRJN MDM WS<R> WTBN> LRKC>
目标:     0 1 0 0 5 0 0 1 0 0 0 6 0 0 7 0 19 0 0 0 2 0 1 0 0 61 0 0 1 0 0 4 0 0 1 0 0 11 0
预测:     0 1 0 0 5 0 0 1 0 0 0 6 0 0 7 0 19 0 0 0 2 0 1 0 0 61 0 0 1 0 0 4 0 0 1 0 0 11 0
准确率:    1.0000 (39/39)
----------------------------------------
输入:       NHRWN WMBW<JN WM<JNJN KD HNWN BJT KLHWN
目标:     0 0 0 8 2 0 0 1 0 0 0 2 0 0 0 1 0 0 0 2 0 0 0 0 0 0 0 0 0 0 0 0 66 0 0 0 5 0 0 0
预测:     0 0 0 8 2 2 0 1 0 0 0 2 0 0 0 1 0 0 0 2 0 0 0 0 0 0 0 0 0 0 0 0 66 0 0 0 5 0 0 0
准确率:    0.9750 (39/40)
----------------------------------------

生成的验证样本:
--------------------------------------------------------------------------------
输入:       YBJNH D>LH> LMSV> MN KL DBJC WKLJ
目标:     0 0 0 0 5 0 0 1 0 0 4 0 0 1 6 0 10 7 0 0 0 0 0 2 0 1 0 0 2 0 36 0 0 3
预测:     0 0 0 0 5 0 0 1 0 0 4 0 0 1 6 0 10 7 0 0 0 0 0 2 0 1 0 0 2 0 36 0 0 3
准确率:    1.0000 (34/34)
----------------------------------------
输入:       D>LH> LMSV> MN KL DBJC WKLJ XJLK
目标:     0 1 0 0 4 0 0 1 6 0 10 7 0 0 0 0 0 2 0 1 0 0 2 0 36 0 0 3 0 0 0 5 0
预测:     0 1 0 0 4 0 0 1 6 0 10 7 0 0 0 0 0 2 0 1 0 0 2 0 36 0 0 3 0 0 0 5 0
准确率:    1.0000 (33/33)
----------------------------------------
⏳ 验证无提升 (验证准确率: 0.9639 ≤ 0.9642)，patience: 1/50

======================================================================
🚀 Epoch 24/200
======================================================================
📚 开始训练阶段...
训练进度: 500/3164 损失=0.0217
训练进度: 1000/3164 损失=0.0782
训练进度: 1500/3164 损失=0.0510
训练进度: 2000/3164 损失=0.0312
训练进度: 2500/3164 损失=0.0624
训练进度: 3000/3164 损失=0.0264
训练进度: 3164/3164 损失=0.0720
✅ 训练完成，耗时: 57.2秒 (1.0分钟)

============================================================
📊 验证决策: Epoch 24/200
   验证间隔: 1
   是否验证: ✅ 是
   原因: 达到验证间隔 (0 == 0)
============================================================

🔍 开始验证...
验证进度: 500/686 损失=0.1332
验证进度: 686/686 损失=0.6088

📊 预测分布分析:
  - 预测的前5个类别: {np.int64(0): 281300, np.int64(1): 37055, np.int64(2): 14910, np.int64(3): 11077, np.int64(4): 8546}
  - 标签的前5个类别: {np.int64(0): 281232, np.int64(1): 36731, np.int64(2): 14789, np.int64(3): 10866, np.int64(4): 8585}
✅ 验证完成，耗时: 4.7秒 (0.1分钟)
训练损失: 0.0427
验证损失: 0.3117
验证准确率: 0.9632 (10560/10964) - 与Levenshtein高度相关
验证F1(加权): 0.9627 - 类别平衡更好
学习率: 0.000097
显存使用: 0.47GB (预留: 0.69GB)

生成的训练样本:
--------------------------------------------------------------------------------
输入:       LCMJ> WGBR> D>JSRJL HPKW <LJHWN WDXLW GBR>
目标:     0 1 0 24 9 0 0 1 0 0 11 0 0 1 0 0 0 0 0 2 0 0 0 3 0 0 0 8 1 0 0 0 0 1 0 0 3 0 0 0 0 11 0
预测:     0 1 0 24 9 0 0 1 0 0 11 0 0 1 0 0 0 0 0 2 0 0 0 3 0 0 0 8 1 0 0 0 0 1 0 0 3 0 0 0 0 11 0
准确率:    1.0000 (43/43)
----------------------------------------
输入:       BTRH LBK WBDM> XJB> TXWT LCJWL L>
目标:     0 0 0 1 12 0 0 5 0 0 1 1 0 4 0 0 0 0 4 0 0 34 8 0 3 0 1 0 0 0 2 0 0 0
预测:     0 0 0 1 0 0 0 5 0 0 1 1 0 4 0 0 0 0 4 0 0 34 8 0 3 0 1 0 0 0 2 0 0 0
准确率:    0.9706 (33/34)
----------------------------------------
输入:       CRJR LHWN DCPJR L> MHJMNJN >L> PHJN
目标:     0 0 0 0 2 0 1 0 0 0 0 1 0 0 0 2 0 0 0 0 6 0 0 0 7 0 19 0 0 0 0 0 0 42 0 0
预测:     0 0 0 0 2 0 1 0 0 0 0 1 0 0 0 2 0 0 0 0 6 0 0 0 7 0 19 0 0 0 0 0 0 42 0 0
准确率:    1.0000 (36/36)
----------------------------------------

生成的验证样本:
--------------------------------------------------------------------------------
输入:       YBJNH D>LH> LMSV> MN KL DBJC WKLJ
目标:     0 0 0 0 5 0 0 1 0 0 4 0 0 1 6 0 10 7 0 0 0 0 0 2 0 1 0 0 2 0 36 0 0 3
预测:     0 0 0 0 5 0 0 1 0 0 4 0 0 1 6 0 10 7 0 0 0 0 0 2 0 1 0 0 2 0 36 0 0 3
准确率:    1.0000 (34/34)
----------------------------------------
输入:       D>LH> LMSV> MN KL DBJC WKLJ XJLK
目标:     0 1 0 0 4 0 0 1 6 0 10 7 0 0 0 0 0 2 0 1 0 0 2 0 36 0 0 3 0 0 0 5 0
预测:     0 1 0 0 4 0 0 1 6 0 10 7 0 0 0 0 0 2 0 1 0 0 2 0 36 0 0 3 0 0 0 5 0
准确率:    1.0000 (33/33)
----------------------------------------
⏳ 验证无提升 (验证准确率: 0.9632 ≤ 0.9642)，patience: 2/50

======================================================================
🚀 Epoch 25/200
======================================================================
📚 开始训练阶段...
训练进度: 500/3164 损失=0.0582
训练进度: 1000/3164 损失=0.0571
训练进度: 1500/3164 损失=0.0587
训练进度: 2000/3164 损失=0.0365
训练进度: 2500/3164 损失=0.0332
训练进度: 3000/3164 损失=0.0248
训练进度: 3164/3164 损失=0.0189
✅ 训练完成，耗时: 57.2秒 (1.0分钟)

============================================================
📊 验证决策: Epoch 25/200
   验证间隔: 1
   是否验证: ✅ 是
   原因: 达到验证间隔 (0 == 0)
============================================================

🔍 开始验证...
验证进度: 500/686 损失=0.0918
验证进度: 686/686 损失=0.4628

📊 预测分布分析:
  - 预测的前5个类别: {np.int64(0): 281485, np.int64(1): 37123, np.int64(2): 14853, np.int64(3): 11019, np.int64(4): 8862}
  - 标签的前5个类别: {np.int64(0): 281232, np.int64(1): 36731, np.int64(2): 14789, np.int64(3): 10866, np.int64(4): 8585}
✅ 验证完成，耗时: 4.6秒 (0.1分钟)
训练损失: 0.0417
验证损失: 0.3108
验证准确率: 0.9643 (10572/10964) - 与Levenshtein高度相关
验证F1(加权): 0.9636 - 类别平衡更好
学习率: 0.000096
显存使用: 0.48GB (预留: 0.69GB)

生成的训练样本:
--------------------------------------------------------------------------------
输入:       PWQDN> HW >WZP LXBRK B<DN> DYRJKWTH W>TKL
目标:     0 0 0 0 0 4 0 0 0 0 6 50 0 0 3 0 1 0 0 5 0 0 1 0 0 4 0 0 1 0 0 0 0 2 1 0 0 36 17 0 0 3
预测:     0 0 0 0 0 4 0 0 0 0 6 50 0 0 3 0 1 0 0 5 0 0 1 0 0 4 0 0 1 0 0 0 0 2 1 0 0 36 17 0 0 3
准确率:    1.0000 (42/42)
----------------------------------------
输入:       NPCH NTDBR WKWL DMCKX LM<BD >N YB>
目标:     0 0 0 5 0 0 21 14 0 0 16 0 1 8 0 2 0 1 28 0 0 7 0 1 6 0 0 7 0 0 0 0 0 10 7
预测:     0 0 0 5 0 0 21 14 0 0 16 0 1 8 0 2 0 1 28 0 0 7 0 1 6 0 0 7 0 0 0 0 0 10 7
准确率:    1.0000 (35/35)
----------------------------------------
输入:       B<SRT> BJRX> <SJRJ> >T> NBWKDNYR MLK> DBBL
目标:     0 1 0 0 2 9 0 0 1 0 0 4 0 0 0 0 0 0 4 0 0 0 10 3 0 0 0 0 0 0 0 0 2 0 0 0 4 0 0 1 0 0 2
预测:     0 1 0 0 2 9 0 0 1 0 0 4 0 0 0 0 0 0 4 0 0 0 10 3 0 0 0 0 0 0 0 0 2 0 0 0 4 0 0 1 0 0 2
准确率:    1.0000 (43/43)
----------------------------------------

生成的验证样本:
--------------------------------------------------------------------------------
输入:       YBJNH D>LH> LMSV> MN KL DBJC WKLJ
目标:     0 0 0 0 5 0 0 1 0 0 4 0 0 1 6 0 10 7 0 0 0 0 0 2 0 1 0 0 2 0 36 0 0 3
预测:     0 0 0 0 5 0 0 1 0 0 4 0 0 1 6 0 10 7 0 0 0 0 0 2 0 1 0 0 2 0 36 0 0 3
准确率:    1.0000 (34/34)
----------------------------------------
输入:       D>LH> LMSV> MN KL DBJC WKLJ XJLK
目标:     0 1 0 0 4 0 0 1 6 0 10 7 0 0 0 0 0 2 0 1 0 0 2 0 36 0 0 3 0 0 0 5 0
预测:     0 1 0 0 4 0 0 1 6 0 10 7 0 0 0 0 0 2 0 1 0 0 2 0 36 0 0 3 0 0 0 5 0
准确率:    1.0000 (33/33)
----------------------------------------
💾 保存新的最佳模型！验证准确率: 0.9643 (F1: 0.9636) (Epoch 25)

======================================================================
🚀 Epoch 26/200
======================================================================
📚 开始训练阶段...
训练进度: 500/3164 损失=0.0458
训练进度: 1000/3164 损失=0.0703
训练进度: 1500/3164 损失=0.0233
训练进度: 2000/3164 损失=0.0357
训练进度: 2500/3164 损失=0.0336
训练进度: 3000/3164 损失=0.0400
训练进度: 3164/3164 损失=0.0499
✅ 训练完成，耗时: 57.1秒 (1.0分钟)

============================================================
📊 验证决策: Epoch 26/200
   验证间隔: 1
   是否验证: ✅ 是
   原因: 达到验证间隔 (0 == 0)
============================================================

🔍 开始验证...
验证进度: 500/686 损失=0.0355
验证进度: 686/686 损失=0.4877

📊 预测分布分析:
  - 预测的前5个类别: {np.int64(0): 281486, np.int64(1): 37266, np.int64(2): 14783, np.int64(3): 10899, np.int64(4): 8678}
  - 标签的前5个类别: {np.int64(0): 281232, np.int64(1): 36731, np.int64(2): 14789, np.int64(3): 10866, np.int64(4): 8585}
✅ 验证完成，耗时: 4.6秒 (0.1分钟)
训练损失: 0.0402
验证损失: 0.3178
验证准确率: 0.9639 (10568/10964) - 与Levenshtein高度相关
验证F1(加权): 0.9634 - 类别平衡更好
学习率: 0.000096
显存使用: 0.48GB (预留: 0.69GB)

生成的训练样本:
--------------------------------------------------------------------------------
输入:       M<WR <JNJHWN DXKJM> BDJN> WMHPK MLJHWN DZKJ>
目标:     0 6 0 0 41 0 0 0 2 1 0 0 0 0 1 0 0 0 11 0 0 1 0 0 15 0 0 1 6 0 0 7 0 0 13 1 0 0 0 0 1 0 0 30 0
预测:     0 6 0 0 41 0 0 0 2 1 0 0 0 0 1 0 0 0 11 0 0 1 0 0 15 0 0 1 6 0 0 7 0 0 13 1 0 0 0 0 1 0 0 30 0
准确率:    1.0000 (45/45)
----------------------------------------
输入:       WMN >WRXTHWN BJCT> W>TXMT MRJ> <L >JSRJL
目标:     0 1 0 0 0 0 0 0 2 32 0 0 0 0 0 0 2 23 0 0 1 0 14 0 0 16 0 0 0 0 2 0 0 0 0 0 0 0 0 0 2
预测:     0 1 0 0 0 0 0 0 2 32 0 0 0 0 0 0 2 23 0 0 1 0 14 0 0 16 0 0 0 0 2 0 0 0 0 0 0 0 0 0 2
准确率:    1.0000 (41/41)
----------------------------------------
输入:       DJLH XBL >RGWB DBBJCN CTJN QWRJ> RWRBT>
目标:     0 0 0 1 0 0 0 0 22 0 0 0 0 0 2 0 1 1 0 0 0 2 0 0 0 0 2 0 0 0 0 13 0 0 0 0 0 2 23 0
预测:     0 0 0 1 0 0 0 0 22 0 0 0 0 0 2 0 1 1 0 0 0 2 0 0 0 0 2 0 0 0 0 13 0 0 0 0 0 2 23 0
准确率:    1.0000 (40/40)
----------------------------------------

生成的验证样本:
--------------------------------------------------------------------------------
输入:       YBJNH D>LH> LMSV> MN KL DBJC WKLJ
目标:     0 0 0 0 5 0 0 1 0 0 4 0 0 1 6 0 10 7 0 0 0 0 0 2 0 1 0 0 2 0 36 0 0 3
预测:     0 0 0 0 5 0 0 1 0 0 4 0 0 1 6 0 10 7 0 0 0 0 0 2 0 1 0 0 2 0 36 0 0 3
准确率:    1.0000 (34/34)
----------------------------------------
输入:       D>LH> LMSV> MN KL DBJC WKLJ XJLK
目标:     0 1 0 0 4 0 0 1 6 0 10 7 0 0 0 0 0 2 0 1 0 0 2 0 36 0 0 3 0 0 0 5 0
预测:     0 1 0 0 4 0 0 1 6 0 10 7 0 0 0 0 0 2 0 1 0 0 2 0 36 0 0 3 0 0 0 5 0
准确率:    1.0000 (33/33)
----------------------------------------
⏳ 验证无提升 (验证准确率: 0.9639 ≤ 0.9643)，patience: 1/50

======================================================================
🚀 Epoch 27/200
======================================================================
📚 开始训练阶段...
训练进度: 500/3164 损失=0.0158
训练进度: 1000/3164 损失=0.0438
训练进度: 1500/3164 损失=0.0209
训练进度: 2000/3164 损失=0.0470
训练进度: 2500/3164 损失=0.0605
训练进度: 3000/3164 损失=0.0398
训练进度: 3164/3164 损失=0.0927
✅ 训练完成，耗时: 57.1秒 (1.0分钟)

============================================================
📊 验证决策: Epoch 27/200
   验证间隔: 1
   是否验证: ✅ 是
   原因: 达到验证间隔 (0 == 0)
============================================================

🔍 开始验证...
验证进度: 500/686 损失=0.0356
验证进度: 686/686 损失=0.4379

📊 预测分布分析:
  - 预测的前5个类别: {np.int64(0): 281607, np.int64(1): 37127, np.int64(2): 14845, np.int64(3): 10942, np.int64(4): 8666}
  - 标签的前5个类别: {np.int64(0): 281232, np.int64(1): 36731, np.int64(2): 14789, np.int64(3): 10866, np.int64(4): 8585}
✅ 验证完成，耗时: 4.6秒 (0.1分钟)
训练损失: 0.0393
验证损失: 0.3166
验证准确率: 0.9632 (10560/10964) - 与Levenshtein高度相关
验证F1(加权): 0.9629 - 类别平衡更好
学习率: 0.000096
显存使用: 0.48GB (预留: 0.69GB)

生成的训练样本:
--------------------------------------------------------------------------------
输入:       ZL PG< BH W<L BNJ> LMCKNH DMRJ>
目标:     21 0 3 6 0 0 3 0 1 0 0 1 0 53 0 0 0 0 2 0 1 0 0 0 5 0 0 1 0 0 0 2
预测:     21 0 3 6 0 0 3 0 1 0 0 1 0 53 0 0 0 0 2 0 1 0 0 0 5 0 0 1 0 0 0 2
准确率:    1.0000 (32/32)
----------------------------------------
输入:       BNMWS> >SGJT PWLXN> WDNVR PWQDN> VWBJH LRWXH
目标:     0 1 0 0 0 4 0 0 17 0 0 3 12 0 0 0 0 0 4 0 0 1 1 0 0 7 0 0 0 0 0 4 0 0 0 0 2 1 12 0 1 0 0 5 0
预测:     0 1 0 0 0 4 0 0 17 0 0 3 12 0 0 0 0 0 4 0 0 1 1 0 0 7 0 0 0 0 0 4 0 0 0 0 2 1 12 0 1 0 0 5 0
准确率:    1.0000 (45/45)
----------------------------------------
输入:       BNJMJN MTTBRJN >NWN MN QDMJN >JK DBQDMJT>
目标:     0 0 0 0 0 0 2 0 21 14 0 0 7 0 19 0 0 0 0 0 0 0 0 0 0 0 2 1 0 0 0 0 0 0 1 1 0 0 0 2 9 0
预测:     0 0 0 0 0 0 2 0 21 14 0 0 7 0 19 0 0 0 0 0 0 0 0 0 0 0 2 1 0 0 0 0 0 0 1 1 0 0 0 2 9 0
准确率:    1.0000 (42/42)
----------------------------------------

生成的验证样本:
--------------------------------------------------------------------------------
输入:       YBJNH D>LH> LMSV> MN KL DBJC WKLJ
目标:     0 0 0 0 5 0 0 1 0 0 4 0 0 1 6 0 10 7 0 0 0 0 0 2 0 1 0 0 2 0 36 0 0 3
预测:     0 0 0 0 5 0 0 1 0 0 4 0 0 1 6 0 10 7 0 0 0 0 0 2 0 1 0 0 2 0 36 0 0 3
准确率:    1.0000 (34/34)
----------------------------------------
输入:       D>LH> LMSV> MN KL DBJC WKLJ XJLK
目标:     0 1 0 0 4 0 0 1 6 0 10 7 0 0 0 0 0 2 0 1 0 0 2 0 36 0 0 3 0 0 0 5 0
预测:     0 1 0 0 4 0 0 1 6 0 10 7 0 0 0 0 0 2 0 1 0 0 2 0 36 0 0 3 0 0 0 5 0
准确率:    1.0000 (33/33)
----------------------------------------
⏳ 验证无提升 (验证准确率: 0.9632 ≤ 0.9643)，patience: 2/50

======================================================================
🚀 Epoch 28/200
======================================================================
📚 开始训练阶段...
训练进度: 500/3164 损失=0.0538
训练进度: 1000/3164 损失=0.0462
训练进度: 1500/3164 损失=0.0271
训练进度: 2000/3164 损失=0.0867
训练进度: 2500/3164 损失=0.0347
训练进度: 3000/3164 损失=0.0432
训练进度: 3164/3164 损失=0.0553
✅ 训练完成，耗时: 57.1秒 (1.0分钟)

============================================================
📊 验证决策: Epoch 28/200
   验证间隔: 1
   是否验证: ✅ 是
   原因: 达到验证间隔 (0 == 0)
============================================================

🔍 开始验证...
验证进度: 500/686 损失=0.0794
验证进度: 686/686 损失=0.2836

📊 预测分布分析:
  - 预测的前5个类别: {np.int64(0): 281357, np.int64(1): 37270, np.int64(2): 14760, np.int64(3): 10785, np.int64(4): 8460}
  - 标签的前5个类别: {np.int64(0): 281232, np.int64(1): 36731, np.int64(2): 14789, np.int64(3): 10866, np.int64(4): 8585}
✅ 验证完成，耗时: 4.6秒 (0.1分钟)
训练损失: 0.0380
验证损失: 0.3177
验证准确率: 0.9638 (10566/10964) - 与Levenshtein高度相关
验证F1(加权): 0.9634 - 类别平衡更好
学习率: 0.000095
显存使用: 0.48GB (预留: 0.69GB)

生成的训练样本:
--------------------------------------------------------------------------------
输入:       HJ BCRR> WLW CM> HW BVJL> MDJN
目标:     0 0 12 0 1 0 0 4 0 0 1 81 0 0 0 4 0 0 0 0 0 0 8 0 7 27 0 0 0 0 12
预测:     0 0 12 0 1 0 0 4 0 0 1 81 0 0 0 4 0 0 0 0 0 0 8 0 7 27 0 0 0 0 12
准确率:    1.0000 (31/31)
----------------------------------------
输入:       LW MNH HJ LW >JK D>JTJH LHJ
目标:     0 81 0 0 0 1 12 0 0 12 0 81 0 0 0 0 0 0 1 0 0 0 5 0 0 1 0 26
预测:     0 81 0 0 0 1 12 0 0 12 0 81 0 0 0 0 0 0 1 0 0 0 5 0 0 1 0 26
准确率:    1.0000 (28/28)
----------------------------------------
输入:       ZK> HW> WMRD <L MLK> D>TWR WL>
目标:     0 0 10 7 0 0 10 3 0 1 0 0 3 0 0 0 0 0 0 4 0 0 1 0 0 0 2 0 1 0 0
预测:     0 0 10 7 0 0 10 3 0 1 0 0 3 0 0 0 0 0 0 4 0 0 1 0 0 0 2 0 1 0 0
准确率:    1.0000 (31/31)
----------------------------------------

生成的验证样本:
--------------------------------------------------------------------------------
输入:       YBJNH D>LH> LMSV> MN KL DBJC WKLJ
目标:     0 0 0 0 5 0 0 1 0 0 4 0 0 1 6 0 10 7 0 0 0 0 0 2 0 1 0 0 2 0 36 0 0 3
预测:     0 0 0 0 5 0 0 1 0 0 4 0 0 1 6 0 10 7 0 0 0 0 0 2 0 1 0 0 2 0 36 0 0 3
准确率:    1.0000 (34/34)
----------------------------------------
输入:       D>LH> LMSV> MN KL DBJC WKLJ XJLK
目标:     0 1 0 0 4 0 0 1 6 0 10 7 0 0 0 0 0 2 0 1 0 0 2 0 36 0 0 3 0 0 0 5 0
预测:     0 1 0 0 4 0 0 1 6 0 10 7 0 0 0 0 0 2 0 1 0 0 2 0 36 0 0 3 0 0 0 5 0
准确率:    1.0000 (33/33)
----------------------------------------
⏳ 验证无提升 (验证准确率: 0.9638 ≤ 0.9643)，patience: 3/50

======================================================================
🚀 Epoch 29/200
======================================================================
📚 开始训练阶段...
训练进度: 500/3164 损失=0.0235
训练进度: 1000/3164 损失=0.0366
训练进度: 1500/3164 损失=0.0438
训练进度: 2000/3164 损失=0.0589
训练进度: 2500/3164 损失=0.0269
训练进度: 3000/3164 损失=0.0295
训练进度: 3164/3164 损失=0.0555
✅ 训练完成，耗时: 57.1秒 (1.0分钟)

============================================================
📊 验证决策: Epoch 29/200
   验证间隔: 1
   是否验证: ✅ 是
   原因: 达到验证间隔 (0 == 0)
============================================================

🔍 开始验证...
验证进度: 500/686 损失=0.0731
验证进度: 686/686 损失=0.4095

📊 预测分布分析:
  - 预测的前5个类别: {np.int64(0): 281723, np.int64(1): 37161, np.int64(2): 14889, np.int64(3): 11006, np.int64(4): 8609}
  - 标签的前5个类别: {np.int64(0): 281232, np.int64(1): 36731, np.int64(2): 14789, np.int64(3): 10866, np.int64(4): 8585}
✅ 验证完成，耗时: 4.6秒 (0.1分钟)
训练损失: 0.0371
验证损失: 0.3229
验证准确率: 0.9644 (10573/10964) - 与Levenshtein高度相关
验证F1(加权): 0.9637 - 类别平衡更好
学习率: 0.000095
显存使用: 0.48GB (预留: 0.69GB)

生成的训练样本:
--------------------------------------------------------------------------------
输入:       NVR M>N> WHJ JTB> HWT B>WRCLM BTXNNT>
目标:     0 0 0 7 0 0 0 11 0 0 1 0 12 0 0 0 7 0 0 0 18 26 0 1 0 0 0 0 0 2 0 1 0 0 0 13 9 0
预测:     0 0 0 7 0 0 0 11 0 0 1 0 12 0 0 0 7 0 0 0 18 26 0 1 0 0 0 0 0 2 0 1 0 0 0 13 9 0
准确率:    1.0000 (38/38)
----------------------------------------
输入:       >LW GJR KLMDM MCKXJN HWJN LM<BD XNN
目标:     0 0 0 0 0 0 0 0 0 0 5 0 0 2 0 28 0 0 7 0 0 0 0 0 3 0 0 1 6 0 0 7 0 0 0 0
预测:     0 0 0 0 0 0 0 0 0 0 5 0 0 2 0 28 0 0 7 0 0 0 0 0 3 0 0 1 6 0 0 7 0 0 0 0
准确率:    1.0000 (36/36)
----------------------------------------
输入:       L> >QVLK MVL DCQLT >RWNH DMRJ> QDM
目标:     0 0 0 0 6 0 0 29 0 0 0 0 0 0 1 0 0 3 12 0 0 0 0 5 0 0 1 0 0 0 2 0 0 0 2
预测:     0 0 0 0 6 0 0 29 0 0 0 0 0 0 1 0 0 3 12 0 0 0 0 5 0 0 1 0 0 0 2 0 0 0 2
准确率:    1.0000 (35/35)
----------------------------------------

生成的验证样本:
--------------------------------------------------------------------------------
输入:       YBJNH D>LH> LMSV> MN KL DBJC WKLJ
目标:     0 0 0 0 5 0 0 1 0 0 4 0 0 1 6 0 10 7 0 0 0 0 0 2 0 1 0 0 2 0 36 0 0 3
预测:     0 0 0 0 5 0 0 1 0 0 4 0 0 1 6 0 10 7 0 0 0 0 0 2 0 1 0 0 2 0 36 0 0 3
准确率:    1.0000 (34/34)
----------------------------------------
输入:       D>LH> LMSV> MN KL DBJC WKLJ XJLK
目标:     0 1 0 0 4 0 0 1 6 0 10 7 0 0 0 0 0 2 0 1 0 0 2 0 36 0 0 3 0 0 0 5 0
预测:     0 1 0 0 4 0 0 1 6 0 10 7 0 0 0 0 0 2 0 1 0 0 2 0 36 0 0 3 0 0 0 5 0
准确率:    1.0000 (33/33)
----------------------------------------
💾 保存新的最佳模型！验证准确率: 0.9644 (F1: 0.9637) (Epoch 29)

======================================================================
🚀 Epoch 30/200
======================================================================
📚 开始训练阶段...
训练进度: 500/3164 损失=0.0231
训练进度: 1000/3164 损失=0.0253
训练进度: 1500/3164 损失=0.0501
训练进度: 2000/3164 损失=0.0348
训练进度: 2500/3164 损失=0.0266
训练进度: 3000/3164 损失=0.0223
训练进度: 3164/3164 损失=0.0581
✅ 训练完成，耗时: 57.2秒 (1.0分钟)

============================================================
📊 验证决策: Epoch 30/200
   验证间隔: 1
   是否验证: ✅ 是
   原因: 达到验证间隔 (0 == 0)
============================================================

🔍 开始验证...
验证进度: 500/686 损失=0.0586
验证进度: 686/686 损失=0.4372

📊 预测分布分析:
  - 预测的前5个类别: {np.int64(0): 281366, np.int64(1): 37113, np.int64(2): 14890, np.int64(3): 10615, np.int64(4): 8671}
  - 标签的前5个类别: {np.int64(0): 281232, np.int64(1): 36731, np.int64(2): 14789, np.int64(3): 10866, np.int64(4): 8585}
✅ 验证完成，耗时: 4.6秒 (0.1分钟)
训练损失: 0.0359
验证损失: 0.3288
验证准确率: 0.9645 (10575/10964) - 与Levenshtein高度相关
验证F1(加权): 0.9641 - 类别平衡更好
学习率: 0.000095
显存使用: 0.48GB (预留: 0.69GB)

生成的训练样本:
--------------------------------------------------------------------------------
输入:       WL> ZK> >PN >JT >XRT> DPXM> LH
目标:     0 1 0 0 0 0 10 7 0 0 75 0 0 0 0 24 0 0 0 126 9 0 0 1 0 0 7 0 0 1 12
预测:     0 1 0 0 0 0 10 7 0 0 75 0 0 0 0 24 0 0 0 126 9 0 0 1 0 0 7 0 0 1 12
准确率:    1.0000 (31/31)
----------------------------------------
输入:       W>N MN QWCT> HWT MLT> HD> WL>
目标:     0 1 0 0 0 0 0 0 0 0 0 4 0 0 0 18 26 0 0 13 9 0 0 0 0 0 0 1 0 0
预测:     0 1 0 0 0 0 0 0 0 0 0 4 0 0 0 18 26 0 0 13 9 0 0 0 0 0 0 1 0 0
准确率:    1.0000 (30/30)
----------------------------------------
输入:       LK XNN DJLN DL> XSM >MRJNN >MR
目标:     0 1 0 0 0 0 0 0 0 0 1 0 0 1 0 0 0 0 0 2 0 0 0 7 87 0 0 0 0 0 7
预测:     0 1 0 0 0 0 0 0 0 0 1 0 0 1 0 0 0 0 0 2 0 0 0 7 87 0 0 0 0 0 7
准确率:    1.0000 (31/31)
----------------------------------------

生成的验证样本:
--------------------------------------------------------------------------------
输入:       YBJNH D>LH> LMSV> MN KL DBJC WKLJ
目标:     0 0 0 0 5 0 0 1 0 0 4 0 0 1 6 0 10 7 0 0 0 0 0 2 0 1 0 0 2 0 36 0 0 3
预测:     0 0 0 0 5 0 0 1 0 0 4 0 0 1 6 0 10 7 0 0 0 0 0 2 0 1 0 0 2 0 36 0 0 3
准确率:    1.0000 (34/34)
----------------------------------------
输入:       D>LH> LMSV> MN KL DBJC WKLJ XJLK
目标:     0 1 0 0 4 0 0 1 6 0 10 7 0 0 0 0 0 2 0 1 0 0 2 0 36 0 0 3 0 0 0 5 0
预测:     0 1 0 0 4 0 0 1 6 0 10 7 0 0 0 0 0 2 0 1 0 0 2 0 36 0 0 3 0 0 0 5 0
准确率:    1.0000 (33/33)
----------------------------------------
💾 保存新的最佳模型！验证准确率: 0.9645 (F1: 0.9641) (Epoch 30)

======================================================================
🚀 Epoch 31/200
======================================================================
📚 开始训练阶段...
训练进度: 500/3164 损失=0.0408
训练进度: 1000/3164 损失=0.0429
训练进度: 1500/3164 损失=0.0297
训练进度: 2000/3164 损失=0.0257
训练进度: 2500/3164 损失=0.0179
训练进度: 3000/3164 损失=0.0127
训练进度: 3164/3164 损失=0.0530
✅ 训练完成，耗时: 57.1秒 (1.0分钟)

============================================================
📊 验证决策: Epoch 31/200
   验证间隔: 1
   是否验证: ✅ 是
   原因: 达到验证间隔 (0 == 0)
============================================================

🔍 开始验证...
验证进度: 500/686 损失=0.1031
验证进度: 686/686 损失=0.5617

📊 预测分布分析:
  - 预测的前5个类别: {np.int64(0): 281806, np.int64(1): 37133, np.int64(2): 14768, np.int64(3): 10885, np.int64(4): 8965}
  - 标签的前5个类别: {np.int64(0): 281232, np.int64(1): 36731, np.int64(2): 14789, np.int64(3): 10866, np.int64(4): 8585}
✅ 验证完成，耗时: 4.6秒 (0.1分钟)
训练损失: 0.0349
验证损失: 0.3316
验证准确率: 0.9653 (10583/10964) - 与Levenshtein高度相关
验证F1(加权): 0.9645 - 类别平衡更好
学习率: 0.000094
显存使用: 0.48GB (预留: 0.69GB)

生成的训练样本:
--------------------------------------------------------------------------------
输入:       W>MR LH ZLJ ZBNJ MCX> WPRW<J XWBTKJ
目标:     0 1 0 0 3 0 1 12 21 0 3 0 6 0 0 33 19 0 0 0 4 0 0 36 0 8 0 3 0 0 0 0 13 1 0 0
预测:     0 1 0 0 3 0 1 12 21 0 3 0 6 0 0 33 19 0 0 0 4 0 0 36 0 8 0 3 0 0 0 0 13 1 0 0
准确率:    1.0000 (36/36)
----------------------------------------
输入:       G>R> MN LBH WBRK BMRKBTH W>MR JHW
目标:     0 0 0 4 0 0 0 0 0 0 5 0 0 1 0 0 3 0 1 0 0 0 13 1 0 0 1 0 0 3 0 0 0 2
预测:     0 0 0 4 0 0 0 0 0 0 5 0 0 1 0 0 3 0 1 0 0 0 13 1 0 0 1 0 0 3 0 0 0 2
准确率:    1.0000 (34/34)
----------------------------------------
输入:       LHWN WKTB JHW >JGRT> WCDR LCMRJN LWT
目标:     0 1 0 0 0 0 1 0 0 3 0 0 0 2 0 8 0 0 13 9 0 0 1 0 0 16 0 1 0 0 0 0 2 0 0 0 0
预测:     0 1 0 0 0 0 1 0 0 3 0 0 0 2 0 8 0 0 13 9 0 0 1 0 0 16 0 1 0 0 0 0 2 0 0 0 0
准确率:    1.0000 (37/37)
----------------------------------------

生成的验证样本:
--------------------------------------------------------------------------------
输入:       YBJNH D>LH> LMSV> MN KL DBJC WKLJ
目标:     0 0 0 0 5 0 0 1 0 0 4 0 0 1 6 0 10 7 0 0 0 0 0 2 0 1 0 0 2 0 36 0 0 3
预测:     0 0 0 0 5 0 0 1 0 0 4 0 0 1 6 0 10 7 0 0 0 0 0 2 0 1 0 0 2 0 36 0 0 3
准确率:    1.0000 (34/34)
----------------------------------------
输入:       D>LH> LMSV> MN KL DBJC WKLJ XJLK
目标:     0 1 0 0 4 0 0 1 6 0 10 7 0 0 0 0 0 2 0 1 0 0 2 0 36 0 0 3 0 0 0 5 0
预测:     0 1 0 0 4 0 0 1 6 0 10 7 0 0 0 0 0 2 0 1 0 0 2 0 36 0 0 3 0 0 0 5 0
准确率:    1.0000 (33/33)
----------------------------------------
💾 保存新的最佳模型！验证准确率: 0.9653 (F1: 0.9645) (Epoch 31)

======================================================================
🚀 Epoch 32/200
======================================================================
📚 开始训练阶段...
训练进度: 500/3164 损失=0.0159
训练进度: 1000/3164 损失=0.0221
训练进度: 1500/3164 损失=0.0281
训练进度: 2000/3164 损失=0.0203
训练进度: 2500/3164 损失=0.0321
训练进度: 3000/3164 损失=0.0681
训练进度: 3164/3164 损失=0.0152
✅ 训练完成，耗时: 57.1秒 (1.0分钟)

============================================================
📊 验证决策: Epoch 32/200
   验证间隔: 1
   是否验证: ✅ 是
   原因: 达到验证间隔 (0 == 0)
============================================================

🔍 开始验证...
验证进度: 500/686 损失=0.0366
验证进度: 686/686 损失=0.4501

📊 预测分布分析:
  - 预测的前5个类别: {np.int64(0): 282117, np.int64(1): 37012, np.int64(2): 14730, np.int64(3): 10800, np.int64(4): 8431}
  - 标签的前5个类别: {np.int64(0): 281232, np.int64(1): 36731, np.int64(2): 14789, np.int64(3): 10866, np.int64(4): 8585}
✅ 验证完成，耗时: 4.6秒 (0.1分钟)
训练损失: 0.0339
验证损失: 0.3375
验证准确率: 0.9645 (10575/10964) - 与Levenshtein高度相关
验证F1(加权): 0.9639 - 类别平衡更好
学习率: 0.000094
显存使用: 0.48GB (预留: 0.69GB)

生成的训练样本:
--------------------------------------------------------------------------------
输入:       WKL NMWS> DPQD >NWN <BDJ MWC> WL>
目标:     0 1 0 2 0 0 0 0 11 0 0 1 0 0 16 0 0 0 0 0 0 0 0 37 0 0 0 0 0 2 0 1 0 0
预测:     0 1 0 2 0 0 0 0 11 0 0 1 0 0 16 0 0 0 0 0 0 0 0 37 0 0 0 0 0 2 0 1 0 0
准确率:    1.0000 (34/34)
----------------------------------------
输入:       QBRJN LHWN KD XJJN >W JHBJN LHWN
目标:     0 0 0 7 0 0 0 1 0 0 0 0 0 0 0 0 42 0 0 0 0 0 0 0 0 7 0 0 0 1 0 0 0
预测:     0 0 0 7 0 0 0 1 0 0 0 0 0 0 0 0 42 0 0 0 0 0 0 0 0 7 0 0 0 1 0 0 0
准确率:    1.0000 (33/33)
----------------------------------------
输入:       WPVJR> WML>KH DMRJ> >TGLZ MN Y>DWHJ WXZ>
目标:     0 1 0 0 0 4 0 0 1 0 0 0 5 0 0 1 0 0 0 2 0 0 14 0 0 3 0 0 0 0 10 0 25 1 0 0 0 1 0 10 3
预测:     0 1 0 0 0 4 0 0 1 0 0 0 5 0 0 1 0 0 0 2 0 0 14 0 0 3 0 0 0 0 10 0 25 1 0 0 0 1 0 10 3
准确率:    1.0000 (41/41)
----------------------------------------

生成的验证样本:
--------------------------------------------------------------------------------
输入:       YBJNH D>LH> LMSV> MN KL DBJC WKLJ
目标:     0 0 0 0 5 0 0 1 0 0 4 0 0 1 6 0 10 7 0 0 0 0 0 2 0 1 0 0 2 0 36 0 0 3
预测:     0 0 0 0 5 0 0 1 0 0 4 0 0 1 6 0 10 7 0 0 0 0 0 2 0 1 0 0 2 0 36 0 0 3
准确率:    1.0000 (34/34)
----------------------------------------
输入:       D>LH> LMSV> MN KL DBJC WKLJ XJLK
目标:     0 1 0 0 4 0 0 1 6 0 10 7 0 0 0 0 0 2 0 1 0 0 2 0 36 0 0 3 0 0 0 5 0
预测:     0 1 0 0 4 0 0 1 6 0 10 7 0 0 0 0 0 2 0 1 0 0 2 0 36 0 0 3 0 0 0 5 0
准确率:    1.0000 (33/33)
----------------------------------------
⏳ 验证无提升 (验证准确率: 0.9645 ≤ 0.9653)，patience: 1/50

======================================================================
🚀 Epoch 33/200
======================================================================
📚 开始训练阶段...
训练进度: 500/3164 损失=0.0150
训练进度: 1000/3164 损失=0.0596
训练进度: 1500/3164 损失=0.0515
训练进度: 2000/3164 损失=0.0456
训练进度: 2500/3164 损失=0.0313
训练进度: 3000/3164 损失=0.0412
训练进度: 3164/3164 损失=0.0826
✅ 训练完成，耗时: 57.1秒 (1.0分钟)

============================================================
📊 验证决策: Epoch 33/200
   验证间隔: 1
   是否验证: ✅ 是
   原因: 达到验证间隔 (0 == 0)
============================================================

🔍 开始验证...
验证进度: 500/686 损失=0.1473
验证进度: 686/686 损失=0.5526

📊 预测分布分析:
  - 预测的前5个类别: {np.int64(0): 281583, np.int64(1): 36984, np.int64(2): 14616, np.int64(3): 10857, np.int64(4): 8825}
  - 标签的前5个类别: {np.int64(0): 281232, np.int64(1): 36731, np.int64(2): 14789, np.int64(3): 10866, np.int64(4): 8585}
✅ 验证完成，耗时: 4.6秒 (0.1分钟)
训练损失: 0.0332
验证损失: 0.3405
验证准确率: 0.9643 (10572/10964) - 与Levenshtein高度相关
验证F1(加权): 0.9638 - 类别平衡更好
学习率: 0.000094
显存使用: 0.48GB (预留: 0.69GB)

生成的训练样本:
--------------------------------------------------------------------------------
输入:       BRKW LMRJ> WRKBJ >TN> XWRT> WJTBJ BBT>
目标:     6 0 0 3 0 0 1 0 0 0 2 0 1 0 0 7 0 0 0 0 11 0 0 0 0 22 23 0 0 1 0 0 7 0 0 1 38 11 0
预测:     6 0 0 3 0 0 1 0 0 0 2 0 1 0 0 7 0 0 0 0 11 0 0 0 0 22 23 0 0 1 0 0 7 0 0 0 38 11 0
准确率:    0.9744 (38/39)
----------------------------------------
输入:       DXLW WPWQDNWHJ VRW WLH CM<W WLH PLWXW
目标:     6 0 0 3 0 0 1 0 0 0 0 25 1 0 0 34 0 3 0 0 1 1 0 6 0 0 3 0 0 1 1 0 6 0 8 0 3 0
预测:     6 0 0 3 0 0 1 0 0 0 0 25 1 0 0 34 0 3 0 0 1 1 0 6 0 0 3 0 0 1 1 0 6 0 8 0 3 0
准确率:    1.0000 (38/38)
----------------------------------------
输入:       MTGZRJN WL> >XWTN DBJT GLJ> WBJT QCNJ>
目标:     0 21 14 0 0 7 0 0 0 1 0 0 0 0 8 2 32 0 0 1 0 66 0 0 0 0 30 0 0 1 0 66 0 0 0 0 0 11 0
预测:     0 21 14 0 0 7 0 0 0 1 0 0 0 0 8 2 32 0 0 1 0 66 0 0 0 0 30 0 0 1 0 66 0 0 0 0 0 11 0
准确率:    1.0000 (39/39)
----------------------------------------

生成的验证样本:
--------------------------------------------------------------------------------
输入:       YBJNH D>LH> LMSV> MN KL DBJC WKLJ
目标:     0 0 0 0 5 0 0 1 0 0 4 0 0 1 6 0 10 7 0 0 0 0 0 2 0 1 0 0 2 0 36 0 0 3
预测:     0 0 0 0 5 0 0 1 0 0 4 0 0 1 6 0 10 7 0 0 0 0 0 2 0 1 0 0 2 0 36 0 0 3
准确率:    1.0000 (34/34)
----------------------------------------
输入:       D>LH> LMSV> MN KL DBJC WKLJ XJLK
目标:     0 1 0 0 4 0 0 1 6 0 10 7 0 0 0 0 0 2 0 1 0 0 2 0 36 0 0 3 0 0 0 5 0
预测:     0 1 0 0 4 0 0 1 6 0 10 7 0 0 0 0 0 2 0 1 0 0 2 0 36 0 0 3 0 0 0 5 0
准确率:    1.0000 (33/33)
----------------------------------------
⏳ 验证无提升 (验证准确率: 0.9643 ≤ 0.9653)，patience: 2/50

======================================================================
🚀 Epoch 34/200
======================================================================
📚 开始训练阶段...
训练进度: 500/3164 损失=0.0269
训练进度: 1000/3164 损失=0.0154
训练进度: 1500/3164 损失=0.0323
训练进度: 2000/3164 损失=0.0538
训练进度: 2500/3164 损失=0.0598
训练进度: 3000/3164 损失=0.0159
训练进度: 3164/3164 损失=0.0240
✅ 训练完成，耗时: 57.3秒 (1.0分钟)

============================================================
📊 验证决策: Epoch 34/200
   验证间隔: 1
   是否验证: ✅ 是
   原因: 达到验证间隔 (0 == 0)
============================================================

🔍 开始验证...
验证进度: 500/686 损失=0.0776
验证进度: 686/686 损失=0.4714

📊 预测分布分析:
  - 预测的前5个类别: {np.int64(0): 281604, np.int64(1): 37102, np.int64(2): 14871, np.int64(3): 10833, np.int64(4): 8536}
  - 标签的前5个类别: {np.int64(0): 281232, np.int64(1): 36731, np.int64(2): 14789, np.int64(3): 10866, np.int64(4): 8585}
✅ 验证完成，耗时: 4.7秒 (0.1分钟)
训练损失: 0.0327
验证损失: 0.3395
验证准确率: 0.9639 (10567/10964) - 与Levenshtein高度相关
验证F1(加权): 0.9634 - 类别平衡更好
学习率: 0.000093
显存使用: 0.48GB (预留: 0.69GB)

生成的训练样本:
--------------------------------------------------------------------------------
输入:       WNSB JW>C MLK> DJHWD> QWDC> DQDC JWCPV
目标:     0 1 0 0 3 0 0 0 0 2 0 0 0 4 0 0 1 0 0 0 0 2 0 0 0 0 11 0 0 1 0 0 16 0 0 0 0 0 2
预测:     0 1 0 0 3 0 0 0 0 2 0 0 0 4 0 0 1 0 0 0 0 2 0 0 0 0 11 0 0 1 0 0 16 0 0 0 0 0 2
准确率:    1.0000 (39/39)
----------------------------------------
输入:       >LHK DT<BD LK WL> TQJM LK QJMT>
目标:     0 0 0 5 0 0 1 6 0 0 3 0 1 0 0 1 0 0 0 28 20 0 3 0 1 0 0 0 0 13 9 0
预测:     0 0 0 5 0 0 1 6 0 0 3 0 1 0 0 1 0 0 0 28 20 0 3 0 1 0 0 0 0 13 9 0
准确率:    1.0000 (32/32)
----------------------------------------
输入:       >XD <QRB> RWGZ> RB> >NTT> RWJT> WPHJT>
目标:     0 0 0 7 0 0 0 0 4 0 0 0 0 0 4 0 0 0 4 0 0 0 0 13 9 0 0 0 0 7 9 27 0 1 0 0 7 9 0
预测:     0 0 0 7 0 0 0 0 4 0 0 0 0 0 4 0 0 0 4 0 0 0 0 13 9 0 0 0 0 7 9 27 0 1 0 0 7 9 0
准确率:    1.0000 (39/39)
----------------------------------------

生成的验证样本:
--------------------------------------------------------------------------------
输入:       YBJNH D>LH> LMSV> MN KL DBJC WKLJ
目标:     0 0 0 0 5 0 0 1 0 0 4 0 0 1 6 0 10 7 0 0 0 0 0 2 0 1 0 0 2 0 36 0 0 3
预测:     0 0 0 0 5 0 0 1 0 0 4 0 0 1 6 0 10 7 0 0 0 0 0 2 0 1 0 0 2 0 36 0 0 3
准确率:    1.0000 (34/34)
----------------------------------------
输入:       D>LH> LMSV> MN KL DBJC WKLJ XJLK
目标:     0 1 0 0 4 0 0 1 6 0 10 7 0 0 0 0 0 2 0 1 0 0 2 0 36 0 0 3 0 0 0 5 0
预测:     0 1 0 0 4 0 0 1 6 0 10 7 0 0 0 0 0 2 0 1 0 0 2 0 36 0 0 3 0 0 0 5 0
准确率:    1.0000 (33/33)
----------------------------------------
⏳ 验证无提升 (验证准确率: 0.9639 ≤ 0.9653)，patience: 3/50

======================================================================
🚀 Epoch 35/200
======================================================================
📚 开始训练阶段...
训练进度: 500/3164 损失=0.0336
训练进度: 1000/3164 损失=0.0123
训练进度: 1500/3164 损失=0.0291
训练进度: 2000/3164 损失=0.0276
训练进度: 2500/3164 损失=0.0302
训练进度: 3000/3164 损失=0.0235
训练进度: 3164/3164 损失=0.0656
✅ 训练完成，耗时: 57.3秒 (1.0分钟)

============================================================
📊 验证决策: Epoch 35/200
   验证间隔: 1
   是否验证: ✅ 是
   原因: 达到验证间隔 (0 == 0)
============================================================

🔍 开始验证...
验证进度: 500/686 损失=0.0877
验证进度: 686/686 损失=0.4420

📊 预测分布分析:
  - 预测的前5个类别: {np.int64(0): 281642, np.int64(1): 37070, np.int64(2): 14798, np.int64(3): 10792, np.int64(4): 9021}
  - 标签的前5个类别: {np.int64(0): 281232, np.int64(1): 36731, np.int64(2): 14789, np.int64(3): 10866, np.int64(4): 8585}
✅ 验证完成，耗时: 4.7秒 (0.1分钟)
训练损失: 0.0316
验证损失: 0.3514
验证准确率: 0.9643 (10572/10964) - 与Levenshtein高度相关
验证F1(加权): 0.9635 - 类别平衡更好
学习率: 0.000093
显存使用: 0.48GB (预留: 0.69GB)

生成的训练样本:
--------------------------------------------------------------------------------
输入:       QRJT> DDQL> WPLXW BNJ >JSRJL L<GLWN MLK>
目标:     0 0 0 22 9 0 0 1 0 0 11 0 0 1 0 0 3 0 0 0 2 0 0 0 0 0 0 0 2 0 1 0 0 0 0 2 0 0 0 4 0
预测:     0 0 0 22 9 0 0 1 0 0 11 0 0 1 0 0 3 0 0 0 2 0 0 0 0 0 0 0 2 0 1 0 0 0 0 2 0 0 0 4 0
准确率:    1.0000 (41/41)
----------------------------------------
输入:       TMN<SR> CNJN WQRW BNJ >JSRJL LMRJ> W>QJM
目标:     0 0 0 56 0 0 2 0 0 0 13 0 0 0 1 0 18 0 0 0 2 0 0 0 0 0 0 0 2 0 1 0 0 0 2 0 1 17 20 0 3
预测:     0 0 0 56 0 0 2 0 0 0 13 0 0 0 1 0 18 0 0 0 2 0 0 0 0 0 0 0 2 0 1 0 0 0 2 0 1 17 20 0 3
准确率:    1.0000 (41/41)
----------------------------------------
输入:       MN QDMJN >JK DBQRB> QDMJ> WTNN> CRJ
目标:     0 0 0 0 0 0 2 1 0 0 0 0 0 0 1 1 0 0 30 0 0 0 0 0 11 0 0 1 0 0 4 0 0 0 0 16
预测:     0 0 0 0 0 0 2 1 0 0 0 0 0 0 1 1 0 0 30 0 0 0 0 0 11 0 0 1 0 0 4 0 0 0 0 16
准确率:    1.0000 (36/36)
----------------------------------------

生成的验证样本:
--------------------------------------------------------------------------------
输入:       YBJNH D>LH> LMSV> MN KL DBJC WKLJ
目标:     0 0 0 0 5 0 0 1 0 0 4 0 0 1 6 0 10 7 0 0 0 0 0 2 0 1 0 0 2 0 36 0 0 3
预测:     0 0 0 0 5 0 0 1 0 0 4 0 0 1 6 0 10 7 0 0 0 0 0 2 0 1 0 0 2 0 36 0 0 3
准确率:    1.0000 (34/34)
----------------------------------------
输入:       D>LH> LMSV> MN KL DBJC WKLJ XJLK
目标:     0 1 0 0 4 0 0 1 6 0 10 7 0 0 0 0 0 2 0 1 0 0 2 0 36 0 0 3 0 0 0 5 0
预测:     0 1 0 0 4 0 0 1 6 0 10 7 0 0 0 0 0 2 0 1 0 0 2 0 36 0 0 3 0 0 0 5 0
准确率:    1.0000 (33/33)
----------------------------------------
⏳ 验证无提升 (验证准确率: 0.9643 ≤ 0.9653)，patience: 4/50

======================================================================
🚀 Epoch 36/200
======================================================================
📚 开始训练阶段...
训练进度: 500/3164 损失=0.0081
训练进度: 1000/3164 损失=0.0540
训练进度: 1500/3164 损失=0.0264
训练进度: 2000/3164 损失=0.0299
训练进度: 2500/3164 损失=0.0115
训练进度: 3000/3164 损失=0.0267
训练进度: 3164/3164 损失=0.0275
✅ 训练完成，耗时: 57.2秒 (1.0分钟)

============================================================
📊 验证决策: Epoch 36/200
   验证间隔: 1
   是否验证: ✅ 是
   原因: 达到验证间隔 (0 == 0)
============================================================

🔍 开始验证...
验证进度: 500/686 损失=0.0949
验证进度: 686/686 损失=0.5498

📊 预测分布分析:
  - 预测的前5个类别: {np.int64(0): 281854, np.int64(1): 37049, np.int64(2): 14704, np.int64(3): 10784, np.int64(4): 8667}
  - 标签的前5个类别: {np.int64(0): 281232, np.int64(1): 36731, np.int64(2): 14789, np.int64(3): 10866, np.int64(4): 8585}
✅ 验证完成，耗时: 4.7秒 (0.1分钟)
训练损失: 0.0307
验证损失: 0.3465
验证准确率: 0.9646 (10576/10964) - 与Levenshtein高度相关
验证F1(加权): 0.9641 - 类别平衡更好
学习率: 0.000092
显存使用: 0.47GB (预留: 0.69GB)

生成的训练样本:
--------------------------------------------------------------------------------
输入:       L> TRG BJTH DXBRK WL> XQLH WL>
目标:     0 0 0 0 6 0 167 0 0 0 5 0 0 1 0 0 5 0 0 1 0 0 0 0 0 5 0 0 1 0 0
预测:     0 0 0 0 6 0 167 0 0 0 5 0 0 1 0 0 5 0 0 1 0 0 0 0 0 5 0 0 1 0 0
准确率:    1.0000 (31/31)
----------------------------------------
输入:       MRJ> MN RQM DGJ> W>MR LKWN SQW
目标:     0 0 0 0 2 0 0 0 0 0 0 2 0 1 0 0 2 0 1 0 0 3 0 1 0 0 0 6 64 3 0
预测:     0 0 0 0 2 0 0 0 0 0 0 2 0 1 0 0 2 0 1 0 0 3 0 1 0 0 0 6 64 3 0
准确率:    1.0000 (31/31)
----------------------------------------
输入:       LH >T> BJNJ BNJ >JSRJL WMN <DN
目标:     0 1 12 0 0 4 0 0 0 0 2 0 0 0 2 0 0 0 0 0 0 0 2 0 1 0 0 0 0 0 2
预测:     0 1 12 0 0 4 0 0 0 0 2 0 0 0 2 0 0 0 0 0 0 0 2 0 1 0 0 0 0 0 2
准确率:    1.0000 (31/31)
----------------------------------------

生成的验证样本:
--------------------------------------------------------------------------------
输入:       YBJNH D>LH> LMSV> MN KL DBJC WKLJ
目标:     0 0 0 0 5 0 0 1 0 0 4 0 0 1 6 0 10 7 0 0 0 0 0 2 0 1 0 0 2 0 36 0 0 3
预测:     0 0 0 0 5 0 0 1 0 0 4 0 0 1 6 0 10 7 0 0 0 0 0 2 0 1 0 0 2 0 36 0 0 3
准确率:    1.0000 (34/34)
----------------------------------------
输入:       D>LH> LMSV> MN KL DBJC WKLJ XJLK
目标:     0 1 0 0 4 0 0 1 6 0 10 7 0 0 0 0 0 2 0 1 0 0 2 0 36 0 0 3 0 0 0 5 0
预测:     0 1 0 0 4 0 0 1 6 0 10 7 0 0 0 0 0 2 0 1 0 0 2 0 36 0 0 3 0 0 0 5 0
准确率:    1.0000 (33/33)
----------------------------------------
⏳ 验证无提升 (验证准确率: 0.9646 ≤ 0.9653)，patience: 5/50

======================================================================
🚀 Epoch 37/200
======================================================================
📚 开始训练阶段...
训练进度: 500/3164 损失=0.0444
训练进度: 1000/3164 损失=0.0296
训练进度: 1500/3164 损失=0.0278
训练进度: 2000/3164 损失=0.0139
训练进度: 2500/3164 损失=0.0484
训练进度: 3000/3164 损失=0.0294
训练进度: 3164/3164 损失=0.0290
✅ 训练完成，耗时: 57.5秒 (1.0分钟)

============================================================
📊 验证决策: Epoch 37/200
   验证间隔: 1
   是否验证: ✅ 是
   原因: 达到验证间隔 (0 == 0)
============================================================

🔍 开始验证...
验证进度: 500/686 损失=0.2196
验证进度: 686/686 损失=0.3990

📊 预测分布分析:
  - 预测的前5个类别: {np.int64(0): 281871, np.int64(1): 37116, np.int64(2): 14656, np.int64(3): 10853, np.int64(4): 8521}
  - 标签的前5个类别: {np.int64(0): 281232, np.int64(1): 36731, np.int64(2): 14789, np.int64(3): 10866, np.int64(4): 8585}
✅ 验证完成，耗时: 4.7秒 (0.1分钟)
训练损失: 0.0300
验证损失: 0.3496
验证准确率: 0.9641 (10570/10964) - 与Levenshtein高度相关
验证F1(加权): 0.9635 - 类别平衡更好
学习率: 0.000092
显存使用: 0.48GB (预留: 0.69GB)

生成的训练样本:
--------------------------------------------------------------------------------
输入:       WDBTRH MRXCWN DBH LM RXCN KWLHJN YBWT>
目标:     0 1 1 0 0 1 0 0 0 0 0 0 0 2 0 1 1 0 0 0 0 0 0 0 7 0 0 8 0 5 0 0 0 0 0 0 2 23 0
预测:     0 1 1 0 0 1 0 0 0 0 0 0 0 2 0 1 1 0 0 0 0 0 0 0 7 0 0 8 0 5 0 0 0 0 0 0 2 23 0
准确率:    1.0000 (39/39)
----------------------------------------
输入:       L>JSRJL VB W>Z<QW BNJ >JSRJL LWT MRJ>
目标:     0 1 0 0 0 0 0 2 0 0 2 0 1 17 0 0 3 0 0 0 2 0 0 0 0 0 0 0 2 0 0 0 0 0 0 0 0 2
预测:     0 1 0 0 0 0 0 2 0 0 2 0 1 17 0 0 3 0 0 0 2 0 0 0 0 0 0 0 2 0 0 0 0 0 0 0 0 2
准确率:    1.0000 (38/38)
----------------------------------------
输入:       LJWM> DNTL MRJ> MVR> <L >PJ >R<>
目标:     0 1 0 0 4 0 0 1 34 0 3 0 0 0 0 2 0 0 0 4 0 0 0 0 0 54 2 0 0 0 0 4 0
预测:     0 1 0 0 4 0 0 1 34 0 3 0 0 0 0 2 0 0 0 4 0 0 0 0 0 54 2 0 0 0 0 4 0
准确率:    1.0000 (33/33)
----------------------------------------

生成的验证样本:
--------------------------------------------------------------------------------
输入:       YBJNH D>LH> LMSV> MN KL DBJC WKLJ
目标:     0 0 0 0 5 0 0 1 0 0 4 0 0 1 6 0 10 7 0 0 0 0 0 2 0 1 0 0 2 0 36 0 0 3
预测:     0 0 0 0 5 0 0 1 0 0 4 0 0 1 6 0 10 7 0 0 0 0 0 2 0 1 0 0 2 0 36 0 0 3
准确率:    1.0000 (34/34)
----------------------------------------
输入:       D>LH> LMSV> MN KL DBJC WKLJ XJLK
目标:     0 1 0 0 4 0 0 1 6 0 10 7 0 0 0 0 0 2 0 1 0 0 2 0 36 0 0 3 0 0 0 5 0
预测:     0 1 0 0 4 0 0 1 6 0 10 7 0 0 0 0 0 2 0 1 0 0 2 0 36 0 0 3 0 0 0 5 0
准确率:    1.0000 (33/33)
----------------------------------------
⏳ 验证无提升 (验证准确率: 0.9641 ≤ 0.9653)，patience: 6/50

======================================================================
🚀 Epoch 38/200
======================================================================
📚 开始训练阶段...
训练进度: 500/3164 损失=0.0267
训练进度: 1000/3164 损失=0.0089
训练进度: 1500/3164 损失=0.0279
训练进度: 2000/3164 损失=0.0113
训练进度: 2500/3164 损失=0.0421
训练进度: 3000/3164 损失=0.0565
训练进度: 3164/3164 损失=0.0258
✅ 训练完成，耗时: 57.3秒 (1.0分钟)

============================================================
📊 验证决策: Epoch 38/200
   验证间隔: 1
   是否验证: ✅ 是
   原因: 达到验证间隔 (0 == 0)
============================================================

🔍 开始验证...
验证进度: 500/686 损失=0.0472
验证进度: 686/686 损失=0.4501

📊 预测分布分析:
  - 预测的前5个类别: {np.int64(0): 281745, np.int64(1): 37090, np.int64(2): 14833, np.int64(3): 10815, np.int64(4): 9039}
  - 标签的前5个类别: {np.int64(0): 281232, np.int64(1): 36731, np.int64(2): 14789, np.int64(3): 10866, np.int64(4): 8585}
✅ 验证完成，耗时: 4.7秒 (0.1分钟)
训练损失: 0.0295
验证损失: 0.3501
验证准确率: 0.9646 (10575/10964) - 与Levenshtein高度相关
验证F1(加权): 0.9639 - 类别平衡更好
学习率: 0.000092
显存使用: 0.48GB (预留: 0.69GB)

生成的训练样本:
--------------------------------------------------------------------------------
输入:       GNBR XJL> HW> WXZJHJ MLK> CLJMWN LVLJ>
目标:     0 0 0 0 2 0 0 0 4 0 0 0 10 3 0 1 0 94 0 0 0 0 0 0 4 0 0 0 0 0 0 0 2 0 1 0 0 4 0
预测:     0 0 0 0 2 0 0 0 4 0 0 0 10 3 0 1 0 94 0 0 0 0 0 0 4 0 0 0 0 0 0 0 2 0 1 0 0 4 0
准确率:    1.0000 (39/39)
----------------------------------------
输入:       BJT> LCMJ W>QJM MRJ> PTGM> D>MR WQMT
目标:     0 0 0 4 0 0 1 0 5 0 0 1 17 20 0 3 0 0 0 0 2 0 0 0 0 4 0 0 1 0 0 3 0 1 31 3 0
预测:     0 0 0 4 0 0 1 0 5 0 0 1 17 20 0 3 0 0 0 0 2 0 0 0 0 4 0 0 1 0 0 3 0 1 31 3 0
准确率:    1.0000 (37/37)
----------------------------------------
输入:       DJN> DQWCT> L> RGZ KLJWM >L> HPK
目标:     0 0 0 55 0 0 1 0 0 0 4 0 0 0 0 0 0 0 7 0 0 5 0 0 2 0 0 0 0 0 0 0 7
预测:     0 0 0 55 0 0 1 0 0 0 4 0 0 0 0 0 0 0 7 0 0 5 0 0 2 0 0 0 0 0 0 0 7
准确率:    1.0000 (33/33)
----------------------------------------

生成的验证样本:
--------------------------------------------------------------------------------
输入:       YBJNH D>LH> LMSV> MN KL DBJC WKLJ
目标:     0 0 0 0 5 0 0 1 0 0 4 0 0 1 6 0 10 7 0 0 0 0 0 2 0 1 0 0 2 0 36 0 0 3
预测:     0 0 0 0 5 0 0 1 0 0 4 0 0 1 6 0 10 7 0 0 0 0 0 2 0 1 0 0 2 0 36 0 0 3
准确率:    1.0000 (34/34)
----------------------------------------
输入:       D>LH> LMSV> MN KL DBJC WKLJ XJLK
目标:     0 1 0 0 4 0 0 1 6 0 10 7 0 0 0 0 0 2 0 1 0 0 2 0 36 0 0 3 0 0 0 5 0
预测:     0 1 0 0 4 0 0 1 6 0 10 7 0 0 0 0 0 2 0 1 0 0 2 0 36 0 0 3 0 0 0 5 0
准确率:    1.0000 (33/33)
----------------------------------------
⏳ 验证无提升 (验证准确率: 0.9646 ≤ 0.9653)，patience: 7/50

======================================================================
🚀 Epoch 39/200
======================================================================
📚 开始训练阶段...
训练进度: 500/3164 损失=0.0301
训练进度: 1000/3164 损失=0.0304
训练进度: 1500/3164 损失=0.0228
训练进度: 2000/3164 损失=0.0396
训练进度: 2500/3164 损失=0.0323
训练进度: 3000/3164 损失=0.0502
训练进度: 3164/3164 损失=0.0154
✅ 训练完成，耗时: 57.3秒 (1.0分钟)

============================================================
📊 验证决策: Epoch 39/200
   验证间隔: 1
   是否验证: ✅ 是
   原因: 达到验证间隔 (0 == 0)
============================================================

🔍 开始验证...
验证进度: 500/686 损失=0.1339
验证进度: 686/686 损失=0.3624

📊 预测分布分析:
  - 预测的前5个类别: {np.int64(0): 281643, np.int64(1): 37071, np.int64(2): 14770, np.int64(3): 10544, np.int64(4): 9005}
  - 标签的前5个类别: {np.int64(0): 281232, np.int64(1): 36731, np.int64(2): 14789, np.int64(3): 10866, np.int64(4): 8585}
✅ 验证完成，耗时: 4.7秒 (0.1分钟)
训练损失: 0.0287
验证损失: 0.3589
验证准确率: 0.9647 (10577/10964) - 与Levenshtein高度相关
验证F1(加权): 0.9642 - 类别平衡更好
学习率: 0.000091
显存使用: 0.47GB (预留: 0.69GB)

生成的训练样本:
--------------------------------------------------------------------------------
输入:       BTR >RB<JN >JMMJN W>RB<JN LJLWN JHB LJ
目标:     0 0 0 0 0 0 0 0 2 0 0 0 0 0 0 2 0 0 0 1 0 0 0 2 0 0 0 0 0 10 2 0 0 0 0 3 0 1 0
预测:     0 0 0 0 0 0 0 0 2 0 0 0 0 0 0 2 0 0 0 1 0 0 0 2 0 0 0 0 0 10 2 0 0 0 0 3 0 1 0
准确率:    1.0000 (39/39)
----------------------------------------
输入:       WLTWNJ> BKWLHWN <MM> WBJT> HN> NHW> XRB
目标:     0 1 1 0 0 0 4 0 0 1 8 0 5 0 0 0 0 0 8 30 0 0 1 0 0 4 0 0 0 0 0 0 6 0 10 3 0 0 0 62
预测:     0 1 1 0 0 0 4 0 0 1 8 0 5 0 0 0 0 0 8 30 0 0 1 0 0 4 0 0 0 0 0 0 6 0 10 3 0 0 0 62
准确率:    1.0000 (40/40)
----------------------------------------
输入:       LKWN TSBWN MN XJLTN> KLMDM DSJM WNVJR
目标:     0 1 0 0 0 0 34 0 3 0 0 0 0 0 0 0 0 0 0 4 0 0 0 5 0 0 2 0 1 20 0 40 0 1 0 8 0 40
预测:     0 1 0 0 0 0 34 0 3 0 0 0 0 0 0 0 0 0 0 4 0 0 0 5 0 0 2 0 1 20 0 40 0 1 0 8 0 40
准确率:    1.0000 (38/38)
----------------------------------------

生成的验证样本:
--------------------------------------------------------------------------------
输入:       YBJNH D>LH> LMSV> MN KL DBJC WKLJ
目标:     0 0 0 0 5 0 0 1 0 0 4 0 0 1 6 0 10 7 0 0 0 0 0 2 0 1 0 0 2 0 36 0 0 3
预测:     0 0 0 0 5 0 0 1 0 0 4 0 0 1 6 0 10 7 0 0 0 0 0 2 0 1 0 0 2 0 36 0 0 3
准确率:    1.0000 (34/34)
----------------------------------------
输入:       D>LH> LMSV> MN KL DBJC WKLJ XJLK
目标:     0 1 0 0 4 0 0 1 6 0 10 7 0 0 0 0 0 2 0 1 0 0 2 0 36 0 0 3 0 0 0 5 0
预测:     0 1 0 0 4 0 0 1 6 0 10 7 0 0 0 0 0 2 0 1 0 0 2 0 36 0 0 3 0 0 0 5 0
准确率:    1.0000 (33/33)
----------------------------------------
⏳ 验证无提升 (验证准确率: 0.9647 ≤ 0.9653)，patience: 8/50

======================================================================
🚀 Epoch 40/200
======================================================================
📚 开始训练阶段...
训练进度: 500/3164 损失=0.0666
训练进度: 1000/3164 损失=0.0145
训练进度: 1500/3164 损失=0.0195
训练进度: 2000/3164 损失=0.0638
训练进度: 2500/3164 损失=0.0638
训练进度: 3000/3164 损失=0.0234
训练进度: 3164/3164 损失=0.0685
✅ 训练完成，耗时: 57.4秒 (1.0分钟)

============================================================
📊 验证决策: Epoch 40/200
   验证间隔: 1
   是否验证: ✅ 是
   原因: 达到验证间隔 (0 == 0)
============================================================

🔍 开始验证...
验证进度: 500/686 损失=0.2206
验证进度: 686/686 损失=0.5984

📊 预测分布分析:
  - 预测的前5个类别: {np.int64(0): 282183, np.int64(1): 37056, np.int64(2): 14723, np.int64(3): 10949, np.int64(4): 8695}
  - 标签的前5个类别: {np.int64(0): 281232, np.int64(1): 36731, np.int64(2): 14789, np.int64(3): 10866, np.int64(4): 8585}
✅ 验证完成，耗时: 4.7秒 (0.1分钟)
训练损失: 0.0284
验证损失: 0.3620
验证准确率: 0.9650 (10580/10964) - 与Levenshtein高度相关
验证F1(加权): 0.9641 - 类别平衡更好
学习率: 0.000091
显存使用: 0.48GB (预留: 0.69GB)

生成的训练样本:
--------------------------------------------------------------------------------
输入:       WSN> MRJ> <BDW L>LHJHWN >P BNJHWN WBNTHWN
目标:     0 1 0 10 3 0 0 0 0 2 0 0 0 3 0 0 1 0 0 2 1 0 0 0 0 0 0 0 0 2 1 0 0 0 0 1 0 22 32 0 0 0
预测:     0 1 0 10 3 0 0 0 0 2 0 0 0 3 0 0 1 0 0 2 1 0 0 0 0 0 0 0 0 2 1 0 0 0 0 1 0 22 32 0 0 0
准确率:    1.0000 (42/42)
----------------------------------------
输入:       LHWN KHN> GBR> MN MN DMTR<> WHNWN
目标:     0 1 0 0 0 0 0 0 11 0 0 0 0 4 0 0 0 0 0 0 12 0 1 21 14 0 10 41 0 1 0 0 0 0
预测:     0 1 0 0 0 0 0 0 11 0 0 0 0 4 0 0 0 0 0 0 12 0 1 21 14 0 10 41 0 1 0 0 0 12
准确率:    0.9706 (33/34)
----------------------------------------
输入:       BCNT XMCJN CNJN L<WZJ> MLK> DJHWD> >MLK
目标:     0 1 0 13 0 0 0 0 0 0 2 0 0 13 0 0 0 1 0 0 0 0 2 0 0 0 4 0 0 1 0 0 0 0 2 0 17 0 0 33
预测:     0 1 0 13 0 0 0 0 0 0 2 0 0 13 0 0 0 1 0 0 0 0 2 0 0 0 4 0 0 1 0 0 0 0 2 0 17 0 0 33
准确率:    1.0000 (40/40)
----------------------------------------

生成的验证样本:
--------------------------------------------------------------------------------
输入:       YBJNH D>LH> LMSV> MN KL DBJC WKLJ
目标:     0 0 0 0 5 0 0 1 0 0 4 0 0 1 6 0 10 7 0 0 0 0 0 2 0 1 0 0 2 0 36 0 0 3
预测:     0 0 0 0 5 0 0 1 0 0 4 0 0 1 6 0 10 7 0 0 0 0 0 2 0 1 0 0 2 0 36 0 0 3
准确率:    1.0000 (34/34)
----------------------------------------
输入:       D>LH> LMSV> MN KL DBJC WKLJ XJLK
目标:     0 1 0 0 4 0 0 1 6 0 10 7 0 0 0 0 0 2 0 1 0 0 2 0 36 0 0 3 0 0 0 5 0
预测:     0 1 0 0 4 0 0 1 6 0 10 7 0 0 0 0 0 2 0 1 0 0 2 0 36 0 0 3 0 0 0 5 0
准确率:    1.0000 (33/33)
----------------------------------------
⏳ 验证无提升 (验证准确率: 0.9650 ≤ 0.9653)，patience: 9/50

======================================================================
🚀 Epoch 41/200
======================================================================
📚 开始训练阶段...
训练进度: 500/3164 损失=0.0173
训练进度: 1000/3164 损失=0.0293
训练进度: 1500/3164 损失=0.0262
训练进度: 2000/3164 损失=0.0159
训练进度: 2500/3164 损失=0.0200
训练进度: 3000/3164 损失=0.0233
训练进度: 3164/3164 损失=0.0323
✅ 训练完成，耗时: 57.1秒 (1.0分钟)

============================================================
📊 验证决策: Epoch 41/200
   验证间隔: 1
   是否验证: ✅ 是
   原因: 达到验证间隔 (0 == 0)
============================================================

🔍 开始验证...
验证进度: 500/686 损失=0.1802
验证进度: 686/686 损失=0.4510

📊 预测分布分析:
  - 预测的前5个类别: {np.int64(0): 282200, np.int64(1): 37117, np.int64(2): 14727, np.int64(3): 10737, np.int64(4): 8655}
  - 标签的前5个类别: {np.int64(0): 281232, np.int64(1): 36731, np.int64(2): 14789, np.int64(3): 10866, np.int64(4): 8585}
✅ 验证完成，耗时: 4.7秒 (0.1分钟)
训练损失: 0.0275
验证损失: 0.3592
验证准确率: 0.9648 (10577/10964) - 与Levenshtein高度相关
验证F1(加权): 0.9641 - 类别平衡更好
学习率: 0.000090
显存使用: 0.48GB (预留: 0.69GB)

生成的训练样本:
--------------------------------------------------------------------------------
输入:       BRNC> XKJM> L> CBQ XKMT> KD MKSJ>
目标:     0 0 84 0 4 0 0 0 0 0 4 0 0 0 0 0 0 0 7 0 0 0 13 9 0 0 0 0 0 6 0 0 7 78
预测:     0 0 84 0 4 0 0 0 0 0 4 0 0 0 0 0 0 0 7 0 0 0 13 9 0 0 0 0 0 6 0 0 7 78
准确率:    1.0000 (34/34)
----------------------------------------
输入:       JWMN> DMRJ> >LHK HW <BR QDMJK NWR>
目标:     0 0 0 0 4 0 0 1 0 0 0 2 0 0 0 5 0 0 0 0 0 0 0 7 0 0 0 2 1 0 0 0 0 4 0
预测:     0 0 0 0 4 0 0 1 0 0 0 2 0 0 0 5 0 0 0 0 0 0 0 7 0 0 0 2 1 0 0 0 0 4 0
准确率:    1.0000 (35/35)
----------------------------------------
输入:       <DM> LBJT LXM DJHWD> WLBJTH DMRJ> >ZL
目标:     0 0 0 0 0 0 1 0 0 2 0 0 0 2 0 1 0 0 0 0 2 0 1 1 0 0 5 0 0 1 0 0 0 2 0 0 0 7
预测:     0 0 0 0 0 0 1 0 0 2 0 0 0 2 0 1 0 0 0 0 2 0 1 1 0 0 5 0 0 1 0 0 0 2 0 0 0 7
准确率:    1.0000 (38/38)
----------------------------------------

生成的验证样本:
--------------------------------------------------------------------------------
输入:       YBJNH D>LH> LMSV> MN KL DBJC WKLJ
目标:     0 0 0 0 5 0 0 1 0 0 4 0 0 1 6 0 10 7 0 0 0 0 0 2 0 1 0 0 2 0 36 0 0 3
预测:     0 0 0 0 5 0 0 1 0 0 4 0 0 1 6 0 10 7 0 0 0 0 0 2 0 1 0 0 2 0 36 0 0 3
准确率:    1.0000 (34/34)
----------------------------------------
输入:       D>LH> LMSV> MN KL DBJC WKLJ XJLK
目标:     0 1 0 0 4 0 0 1 6 0 10 7 0 0 0 0 0 2 0 1 0 0 2 0 36 0 0 3 0 0 0 5 0
预测:     0 1 0 0 4 0 0 1 6 0 10 7 0 0 0 0 0 2 0 1 0 0 2 0 36 0 0 3 0 0 0 5 0
准确率:    1.0000 (33/33)
----------------------------------------
⏳ 验证无提升 (验证准确率: 0.9648 ≤ 0.9653)，patience: 10/50

======================================================================
🚀 Epoch 42/200
======================================================================
📚 开始训练阶段...
训练进度: 500/3164 损失=0.0165
训练进度: 1000/3164 损失=0.0055
训练进度: 1500/3164 损失=0.0069
训练进度: 2000/3164 损失=0.0256
训练进度: 2500/3164 损失=0.0411
训练进度: 3000/3164 损失=0.0255
训练进度: 3164/3164 损失=0.0299
✅ 训练完成，耗时: 57.1秒 (1.0分钟)

============================================================
📊 验证决策: Epoch 42/200
   验证间隔: 1
   是否验证: ✅ 是
   原因: 达到验证间隔 (0 == 0)
============================================================

🔍 开始验证...
验证进度: 500/686 损失=0.0606
验证进度: 686/686 损失=0.3309

📊 预测分布分析:
  - 预测的前5个类别: {np.int64(0): 282082, np.int64(1): 37135, np.int64(2): 14765, np.int64(3): 10835, np.int64(4): 8733}
  - 标签的前5个类别: {np.int64(0): 281232, np.int64(1): 36731, np.int64(2): 14789, np.int64(3): 10866, np.int64(4): 8585}
✅ 验证完成，耗时: 4.7秒 (0.1分钟)
训练损失: 0.0266
验证损失: 0.3551
验证准确率: 0.9649 (10579/10964) - 与Levenshtein高度相关
验证F1(加权): 0.9643 - 类别平衡更好
学习率: 0.000090
显存使用: 0.48GB (预留: 0.69GB)

生成的训练样本:
--------------------------------------------------------------------------------
输入:       BNWHJ DNDWB<L WDMHWN LMSM <L >BJMLK >XWHWN
目标:     0 0 25 1 0 0 0 1 0 0 0 0 38 2 0 1 0 5 0 0 0 0 1 6 31 7 0 0 0 0 0 0 0 0 0 2 0 0 8 5 0 0 0
预测:     0 0 25 1 0 0 0 1 0 0 0 0 38 2 0 1 0 5 0 0 0 0 1 6 31 7 0 0 0 0 0 0 0 0 0 2 0 0 8 5 0 0 0
准确率:    1.0000 (43/43)
----------------------------------------
输入:       LH WNHPWK MN VWR> DGL<D WHPK MN
目标:     0 1 0 0 1 6 0 8 0 3 0 0 0 0 0 0 4 0 0 1 0 0 0 2 0 1 0 0 3 0 0 0
预测:     0 1 0 0 1 6 0 8 0 3 0 0 0 0 0 0 4 0 0 1 0 0 0 2 0 1 0 0 3 0 0 0
准确率:    1.0000 (32/32)
----------------------------------------
输入:       >LHKWN DND< >N RXMJN >NTWN LH LMRJ>
目标:     0 0 0 5 0 0 0 0 1 52 0 3 0 0 0 0 0 0 7 0 0 0 0 0 0 0 0 0 1 0 0 1 0 0 0 2
预测:     0 0 0 5 0 0 0 0 1 52 0 3 0 0 0 0 0 0 7 0 0 0 0 0 0 0 0 0 1 0 0 1 0 0 0 2
准确率:    1.0000 (36/36)
----------------------------------------

生成的验证样本:
--------------------------------------------------------------------------------
输入:       YBJNH D>LH> LMSV> MN KL DBJC WKLJ
目标:     0 0 0 0 5 0 0 1 0 0 4 0 0 1 6 0 10 7 0 0 0 0 0 2 0 1 0 0 2 0 36 0 0 3
预测:     0 0 0 0 5 0 0 1 0 0 4 0 0 1 6 0 10 7 0 0 0 0 0 2 0 1 0 0 2 0 36 0 0 3
准确率:    1.0000 (34/34)
----------------------------------------
输入:       D>LH> LMSV> MN KL DBJC WKLJ XJLK
目标:     0 1 0 0 4 0 0 1 6 0 10 7 0 0 0 0 0 2 0 1 0 0 2 0 36 0 0 3 0 0 0 5 0
预测:     0 1 0 0 4 0 0 1 6 0 10 7 0 0 0 0 0 2 0 1 0 0 2 0 36 0 0 3 0 0 0 5 0
准确率:    1.0000 (33/33)
----------------------------------------
⏳ 验证无提升 (验证准确率: 0.9649 ≤ 0.9653)，patience: 11/50

======================================================================
🚀 Epoch 43/200
======================================================================
📚 开始训练阶段...
训练进度: 500/3164 损失=0.0201
训练进度: 1000/3164 损失=0.0450
训练进度: 1500/3164 损失=0.0076
训练进度: 2000/3164 损失=0.0199
训练进度: 2500/3164 损失=0.0272
训练进度: 3000/3164 损失=0.0150
训练进度: 3164/3164 损失=0.0497
✅ 训练完成，耗时: 57.6秒 (1.0分钟)

============================================================
📊 验证决策: Epoch 43/200
   验证间隔: 1
   是否验证: ✅ 是
   原因: 达到验证间隔 (0 == 0)
============================================================

🔍 开始验证...
验证进度: 500/686 损失=0.0890
验证进度: 686/686 损失=0.7105

📊 预测分布分析:
  - 预测的前5个类别: {np.int64(0): 281672, np.int64(1): 37091, np.int64(2): 14832, np.int64(3): 10736, np.int64(4): 8958}
  - 标签的前5个类别: {np.int64(0): 281232, np.int64(1): 36731, np.int64(2): 14789, np.int64(3): 10866, np.int64(4): 8585}
✅ 验证完成，耗时: 4.7秒 (0.1分钟)
训练损失: 0.0264
验证损失: 0.3611
验证准确率: 0.9652 (10582/10964) - 与Levenshtein高度相关
验证F1(加权): 0.9645 - 类别平衡更好
学习率: 0.000089
显存使用: 0.48GB (预留: 0.69GB)

生成的训练样本:
--------------------------------------------------------------------------------
输入:       BR JWJD< WPG< BH WQVLH W>TQBR BQBRH
目标:     0 0 2 0 0 0 0 0 2 0 1 0 0 3 0 1 0 0 1 0 0 29 0 0 1 0 14 0 0 3 0 1 0 0 37 0
预测:     0 0 2 0 0 0 0 0 2 0 1 0 0 3 0 1 0 0 1 0 0 29 0 0 1 0 14 0 0 3 0 1 0 0 37 0
准确率:    1.0000 (36/36)
----------------------------------------
输入:       BBJT JLD> DPRJCJN XD MN XD WZKJN
目标:     0 1 0 0 2 0 0 0 30 0 0 1 0 8 0 7 0 27 0 0 2 0 0 0 0 0 2 0 1 0 42 0 0
预测:     0 1 0 0 2 0 0 0 30 0 0 1 0 8 0 7 0 27 0 0 2 0 0 0 0 0 2 0 1 0 42 0 0
准确率:    1.0000 (33/33)
----------------------------------------
输入:       RBT> W>XDTH DN>KWL LXM> WM> D<BR SV>
目标:     0 0 2 9 0 0 1 0 0 3 90 0 0 1 6 0 8 0 3 0 0 0 4 0 0 1 0 0 0 1 0 0 7 0 0 10 7
预测:     0 0 2 9 0 0 1 0 0 3 90 0 0 1 6 0 8 0 3 0 0 0 4 0 0 1 0 0 0 1 0 0 7 0 0 10 7
准确率:    1.0000 (37/37)
----------------------------------------

生成的验证样本:
--------------------------------------------------------------------------------
输入:       YBJNH D>LH> LMSV> MN KL DBJC WKLJ
目标:     0 0 0 0 5 0 0 1 0 0 4 0 0 1 6 0 10 7 0 0 0 0 0 2 0 1 0 0 2 0 36 0 0 3
预测:     0 0 0 0 5 0 0 1 0 0 4 0 0 1 6 0 10 7 0 0 0 0 0 2 0 1 0 0 2 0 36 0 0 3
准确率:    1.0000 (34/34)
----------------------------------------
输入:       D>LH> LMSV> MN KL DBJC WKLJ XJLK
目标:     0 1 0 0 4 0 0 1 6 0 10 7 0 0 0 0 0 2 0 1 0 0 2 0 36 0 0 3 0 0 0 5 0
预测:     0 1 0 0 4 0 0 1 6 0 10 7 0 0 0 0 0 2 0 1 0 0 2 0 36 0 0 3 0 0 0 5 0
准确率:    1.0000 (33/33)
----------------------------------------
⏳ 验证无提升 (验证准确率: 0.9652 ≤ 0.9653)，patience: 12/50

======================================================================
🚀 Epoch 44/200
======================================================================
📚 开始训练阶段...
训练进度: 500/3164 损失=0.0343
训练进度: 1000/3164 损失=0.0195
训练进度: 1500/3164 损失=0.0184
训练进度: 2000/3164 损失=0.0458
训练进度: 2500/3164 损失=0.0197
训练进度: 3000/3164 损失=0.0370
训练进度: 3164/3164 损失=0.0422
✅ 训练完成，耗时: 57.6秒 (1.0分钟)

============================================================
📊 验证决策: Epoch 44/200
   验证间隔: 1
   是否验证: ✅ 是
   原因: 达到验证间隔 (0 == 0)
============================================================

🔍 开始验证...
验证进度: 500/686 损失=0.0606
验证进度: 686/686 损失=0.6819

📊 预测分布分析:
  - 预测的前5个类别: {np.int64(0): 282290, np.int64(1): 37152, np.int64(2): 14856, np.int64(3): 10800, np.int64(4): 8589}
  - 标签的前5个类别: {np.int64(0): 281232, np.int64(1): 36731, np.int64(2): 14789, np.int64(3): 10866, np.int64(4): 8585}
✅ 验证完成，耗时: 4.7秒 (0.1分钟)
训练损失: 0.0257
验证损失: 0.3715
验证准确率: 0.9645 (10574/10964) - 与Levenshtein高度相关
验证F1(加权): 0.9637 - 类别平衡更好
学习率: 0.000089
显存使用: 0.47GB (预留: 0.69GB)

生成的训练样本:
--------------------------------------------------------------------------------
输入:       MVL DYLW <LJK BJCT> W>TXCBW TR<JT> WL>
目标:     0 0 0 0 0 1 0 18 0 0 0 8 1 0 0 0 0 13 9 0 0 1 0 14 0 0 3 19 0 0 0 0 2 9 0 0 1 0 0
预测:     0 0 0 0 0 1 0 18 0 0 0 8 1 0 0 0 0 13 9 0 0 1 0 14 0 0 3 19 0 0 0 0 2 9 0 0 1 0 0
准确率:    1.0000 (39/39)
----------------------------------------
输入:       L<WDRN> DHW MDM DBXNN> D>LH> WBVJBWT> >T<DRW
目标:     0 1 0 0 0 0 4 0 0 1 0 12 0 0 0 2 0 1 1 0 0 15 0 0 1 0 0 4 0 0 1 1 0 0 0 2 9 0 0 0 14 0 0 3 19
预测:     0 1 0 0 0 0 4 0 0 1 0 12 0 0 0 2 0 1 1 0 0 15 0 0 1 0 0 4 0 0 1 1 0 0 0 2 9 0 0 0 14 0 0 3 19
准确率:    1.0000 (45/45)
----------------------------------------
输入:       D>JT BHWN >JK XD> CWLMH DJN D<LM>
目标:     0 1 0 0 24 0 1 0 0 0 0 0 0 0 0 0 2 0 0 0 0 0 5 0 0 0 0 0 0 1 0 0 4 0
预测:     0 1 0 0 24 0 1 0 0 0 0 0 0 0 0 0 2 0 0 0 0 0 5 0 0 0 0 0 0 1 0 0 4 0
准确率:    1.0000 (34/34)
----------------------------------------

生成的验证样本:
--------------------------------------------------------------------------------
输入:       YBJNH D>LH> LMSV> MN KL DBJC WKLJ
目标:     0 0 0 0 5 0 0 1 0 0 4 0 0 1 6 0 10 7 0 0 0 0 0 2 0 1 0 0 2 0 36 0 0 3
预测:     0 0 0 0 5 0 0 1 0 0 4 0 0 1 6 0 10 7 0 0 0 0 0 2 0 1 0 0 2 0 36 0 0 3
准确率:    1.0000 (34/34)
----------------------------------------
输入:       D>LH> LMSV> MN KL DBJC WKLJ XJLK
目标:     0 1 0 0 4 0 0 1 6 0 10 7 0 0 0 0 0 2 0 1 0 0 2 0 36 0 0 3 0 0 0 5 0
预测:     0 1 0 0 4 0 0 1 6 0 10 7 0 0 0 0 0 2 0 1 0 0 2 0 36 0 0 3 0 0 0 5 0
准确率:    1.0000 (33/33)
----------------------------------------
⏳ 验证无提升 (验证准确率: 0.9645 ≤ 0.9653)，patience: 13/50

======================================================================
🚀 Epoch 45/200
======================================================================
📚 开始训练阶段...
训练进度: 500/3164 损失=0.0227
训练进度: 1000/3164 损失=0.0227
训练进度: 1500/3164 损失=0.0174
训练进度: 2000/3164 损失=0.0187
训练进度: 2500/3164 损失=0.0144
训练进度: 3000/3164 损失=0.0103
训练进度: 3164/3164 �训练进度: 1000/3164 损失=0.0101
训练进度: 1500/3164 损失=0.0347
训练进度: 2000/3164 损失=0.0089
训练进度: 2500/3164 损失=0.0250
训练进度: 3000/3164 损失=0.0172
训练进度: 3164/3164 损失=0.0246
✅ 训练完成，耗时: 672.8秒 (11.2分钟)

============================================================
📊 验证决策: Epoch 45/200
   验证间隔: 1
   是否验证: ✅ 是
   原因: 达到验证间隔 (0 == 0)
============================================================

🔍 开始验证...
验证进度: 500/686 损失=0.0957
验证进度: 686/686 损失=0.3892

📊 预测分布分析:
  - 预测的前5个类别: {np.int64(0): 282057, np.int64(1): 37073, np.int64(2): 14707, np.int64(3): 10623, np.int64(4): 8741}
  - 标签的前5个类别: {np.int64(0): 281232, np.int64(1): 36731, np.int64(2): 14789, np.int64(3): 10866, np.int64(4): 8585}
✅ 验证完成，耗时: 78.9秒 (1.3分钟)
训练损失: 0.0264
验证损失: 0.3631
验证准确率: 0.9639 (10568/10964) - 与Levenshtein高度相关
验证F1(加权): 0.9633 - 类别平衡更好
学习率: 0.000088
显存使用: 0.47GB (预留: 0.69GB)

生成的训练样本:
--------------------------------------------------------------------------------
输入:       MN KLHWN B<LDBBJN >JK DKL M> D<BDW
目标:     0 0 0 0 0 5 0 0 0 0 0 0 0 0 0 2 1 0 0 0 0 0 0 1 0 2 0 0 0 0 1 0 0 3 0
预测:     0 0 0 0 0 5 0 0 0 0 0 0 0 0 0 2 1 0 0 0 0 0 0 1 0 2 0 0 0 0 1 0 0 3 0
准确率:    1.0000 (35/35)
----------------------------------------
输入:       DKLH <M> D>R<> WQWRBNJHWN WNWQJHWN WKLH DM>
目标:     0 1 0 5 0 0 0 15 0 0 1 0 0 4 0 0 1 0 0 0 0 2 1 0 0 0 0 1 0 0 24 1 0 0 0 0 1 0 5 0 0 0 4 0
预测:     0 1 0 5 0 0 0 15 0 0 1 0 0 4 0 0 1 0 0 0 0 2 1 0 0 0 0 1 0 0 24 1 0 0 0 0 1 0 5 0 0 0 4 0
准确率:    1.0000 (44/44)
----------------------------------------
输入:       B>PJKJ WB>PJ BNJKJ WSWKJ BHLJN KLHWN M>N>
目标:     0 1 54 2 1 0 0 0 1 1 54 2 0 0 0 2 1 0 0 0 93 8 0 3 0 0 1 0 0 0 0 0 0 5 0 0 0 0 0 0 11 0
预测:     0 1 54 2 1 0 0 0 1 1 54 2 0 0 0 2 1 0 0 0 93 8 0 3 0 0 1 0 0 0 0 0 0 5 0 0 0 0 0 0 11 0
准确率:    1.0000 (42/42)
----------------------------------------

生成的验证样本:
--------------------------------------------------------------------------------
输入:       >TPNJ RWGZH DMRJ> RB> DRGZ <L JHWD>
目标:     0 0 14 0 0 3 0 0 0 0 5 0 0 1 0 0 0 2 0 0 4 0 0 1 0 0 3 0 0 0 0 0 0 0 0 2
预测:     6 0 14 0 0 3 0 0 0 0 5 0 0 1 0 0 0 2 0 0 4 0 0 1 0 0 3 0 0 0 0 0 0 0 0 2
准确率:    0.9722 (35/36)
----------------------------------------
输入:       RWGZH DMRJ> RB> DRGZ <L JHWD> <L
目标:     0 0 0 0 5 0 0 1 0 0 0 2 0 0 4 0 0 1 0 0 3 0 0 0 0 0 0 0 0 2 0 0 0
预测:     0 0 0 0 5 0 0 1 0 0 0 2 0 0 4 0 0 1 0 0 3 0 0 0 0 0 0 0 0 2 0 0 0
准确率:    1.0000 (33/33)
----------------------------------------
⏳ 验证无提升 (验证准确率: 0.9639 ≤ 0.9648)，patience: 2/50

======================================================================
🚀 Epoch 46/200
======================================================================
📚 开始训练阶段...
训练进度: 500/3164 损失=0.0163
训练进度: 1000/3164 损失=0.0158
训练进度: 1500/3164 损失=0.0245
训练进度: 2000/3164 损失=0.0290
训练进度: 2500/3164 损失=0.0236
训练进度: 3000/3164 损失=0.0363
训练进度: 3164/3164 损失=0.0208
✅ 训练完成，耗时: 672.0秒 (11.2分钟)

============================================================
📊 验证决策: Epoch 46/200
   验证间隔: 1
   是否验证: ✅ 是
   原因: 达到验证间隔 (0 == 0)
============================================================

🔍 开始验证...
验证进度: 500/686 损失=0.0965
验证进度: 686/686 损失=0.4399

📊 预测分布分析:
  - 预测的前5个类别: {np.int64(0): 282127, np.int64(1): 37163, np.int64(2): 14717, np.int64(3): 10768, np.int64(4): 9121}
  - 标签的前5个类别: {np.int64(0): 281232, np.int64(1): 36731, np.int64(2): 14789, np.int64(3): 10866, np.int64(4): 8585}
✅ 验证完成，耗时: 78.6秒 (1.3分钟)
训练损失: 0.0259
验证损失: 0.3612
验证准确率: 0.9650 (10580/10964) - 与Levenshtein高度相关
验证F1(加权): 0.9643 - 类别平衡更好
学习率: 0.000088
显存使用: 0.47GB (预留: 0.69GB)

生成的训练样本:
--------------------------------------------------------------------------------
输入:       <BDWHJ WQJM MCMCNWHJ WLBWCJHWN WCQWTH WLBWCJHWN W<LWTH
目标:     0 0 0 69 1 0 0 0 1 0 0 2 0 0 0 0 0 25 1 0 0 0 1 0 0 0 2 1 0 0 0 0 1 0 0 2 32 0 0 1 0 0 0 2 1 0 0 0 0 1 0 57 2 32 0
预测:     0 0 0 69 1 0 0 0 1 0 0 2 0 0 0 0 0 25 1 0 0 0 1 0 0 0 2 1 0 0 0 0 1 0 0 2 32 0 0 1 0 0 0 2 1 0 0 0 0 1 0 57 2 32 0
准确率:    1.0000 (55/55)
----------------------------------------
输入:       DMRJ> LMHLKWTH BMCRJT> DDN BJT YD<> WBJT
目标:     0 1 0 0 0 2 0 1 6 0 0 7 0 67 0 0 1 0 0 0 2 9 0 0 1 0 2 0 0 66 0 0 0 0 0 2 0 1 0 66 0
预测:     0 1 0 0 0 2 0 1 6 0 0 7 0 67 0 0 1 0 0 0 2 9 0 0 1 0 2 0 0 66 0 0 0 0 0 2 0 1 0 66 0
准确率:    1.0000 (41/41)
----------------------------------------
输入:       WBMNHJN MTR<JN XNN WBMNHJN L> WMCTKXJNN BNJNC>
目标:     0 1 1 0 1 0 0 0 0 21 14 0 42 0 0 0 0 0 0 0 1 1 0 1 0 0 0 0 0 0 0 1 45 39 0 0 7 87 0 0 0 0 2 75 0 4 0
预测:     0 1 1 0 1 0 0 0 0 21 14 0 42 0 0 0 0 0 0 0 1 1 0 1 0 0 0 0 0 0 0 1 45 39 0 0 7 87 0 0 0 0 2 75 0 4 0
准确率:    1.0000 (47/47)
----------------------------------------

生成的验证样本:
--------------------------------------------------------------------------------
输入:       >TPNJ RWGZH DMRJ> RB> DRGZ <L JHWD>
目标:     0 0 14 0 0 3 0 0 0 0 5 0 0 1 0 0 0 2 0 0 4 0 0 1 0 0 3 0 0 0 0 0 0 0 0 2
预测:     0 0 14 0 0 3 0 0 0 0 5 0 0 1 0 0 0 2 0 0 4 0 0 1 0 0 3 0 0 0 0 0 0 0 0 2
准确率:    1.0000 (36/36)
----------------------------------------
输入:       RWGZH DMRJ> RB> DRGZ <L JHWD> <L
目标:     0 0 0 0 5 0 0 1 0 0 0 2 0 0 4 0 0 1 0 0 3 0 0 0 0 0 0 0 0 2 0 0 0
预测:     0 0 0 0 5 0 0 1 0 0 0 2 0 0 4 0 0 1 0 0 3 0 0 0 0 0 0 0 0 2 0 0 0
准确率:    1.0000 (33/33)
----------------------------------------
💾 保存新的最佳模型！验证准确率: 0.9650 (F1: 0.9643) (Epoch 46)

======================================================================
🚀 Epoch 47/200
======================================================================
📚 开始训练阶段...
训练进度: 500/3164 损失=0.0157
训练进度: 1000/3164 损失=0.0194
训练进度: 1500/3164 损失=0.0064
训练进度: 2000/3164 损失=0.0094
训练进度: 2500/3164 损失=0.0160
训练进度: 3000/3164 损失=0.0209
训练进度: 3164/3164 损失=0.0401
✅ 训练完成，耗时: 672.4秒 (11.2分钟)

============================================================
📊 验证决策: Epoch 47/200
   验证间隔: 1
   是否验证: ✅ 是
   原因: 达到验证间隔 (0 == 0)
============================================================

🔍 开始验证...
验证进度: 500/686 损失=0.0665
验证进度: 686/686 损失=0.5630

📊 预测分布分析:
  - 预测的前5个类别: {np.int64(0): 281706, np.int64(1): 37058, np.int64(2): 14695, np.int64(3): 10727, np.int64(4): 8789}
  - 标签的前5个类别: {np.int64(0): 281232, np.int64(1): 36731, np.int64(2): 14789, np.int64(3): 10866, np.int64(4): 8585}
✅ 验证完成，耗时: 78.5秒 (1.3分钟)
训练损失: 0.0248
验证损失: 0.3697
验证准确率: 0.9645 (10574/10964) - 与Levenshtein高度相关
验证F1(加权): 0.9639 - 类别平衡更好
学习率: 0.000087
显存使用: 0.47GB (预留: 0.69GB)

生成的训练样本:
--------------------------------------------------------------------------------
输入:       BNWR> WMDBX> D<L >GR> D<LJTH D>XZ D<BDW
目标:     0 1 0 0 4 0 0 1 0 0 0 4 0 0 1 0 0 0 0 0 55 0 0 1 0 0 2 1 0 0 1 0 0 2 0 1 0 0 3 0
预测:     0 1 0 0 4 0 0 1 0 0 0 4 0 0 1 0 0 0 0 0 55 0 0 1 0 0 2 1 0 0 1 0 0 2 0 1 0 0 3 0
准确率:    1.0000 (40/40)
----------------------------------------
输入:       >NC> ZDJQ> HWJT <MD DHNWN DXLJN LMXV>
目标:     0 0 0 11 0 0 0 0 0 11 0 0 0 0 3 12 0 0 0 7 0 1 0 0 0 0 0 0 0 7 0 0 0 1 6 0 10 7
预测:     0 0 0 11 0 0 0 0 0 11 0 0 0 0 3 12 0 0 0 7 0 1 0 0 0 0 0 0 0 7 0 0 0 1 6 0 10 7
准确率:    1.0000 (38/38)
----------------------------------------
输入:       >DWMJ> MN ZR<> HW> GJR DMLK> B>DWM
目标:     0 0 0 0 0 4 0 0 0 0 0 0 0 4 0 0 0 10 3 0 0 0 0 0 1 0 0 11 0 0 1 0 0 0 2
预测:     0 0 0 0 0 4 0 0 0 0 0 0 0 4 0 0 0 10 3 0 0 0 0 0 1 0 0 11 0 0 1 0 0 0 2
准确率:    1.0000 (35/35)
----------------------------------------

生成的验证样本:
--------------------------------------------------------------------------------
输入:       >TPNJ RWGZH DMRJ> RB> DRGZ <L JHWD>
目标:     0 0 14 0 0 3 0 0 0 0 5 0 0 1 0 0 0 2 0 0 4 0 0 1 0 0 3 0 0 0 0 0 0 0 0 2
预测:     0 0 14 0 0 3 0 0 0 0 5 0 0 1 0 0 0 2 0 0 4 0 0 1 0 0 3 0 0 0 0 0 0 0 0 2
准确率:    1.0000 (36/36)
----------------------------------------
输入:       RWGZH DMRJ> RB> DRGZ <L JHWD> <L
目标:     0 0 0 0 5 0 0 1 0 0 0 2 0 0 4 0 0 1 0 0 3 0 0 0 0 0 0 0 0 2 0 0 0
预测:     0 0 0 0 5 0 0 1 0 0 0 2 0 0 4 0 0 1 0 0 3 0 0 0 0 0 0 0 0 2 0 0 0
准确率:    1.0000 (33/33)
----------------------------------------
⏳ 验证无提升 (验证准确率: 0.9645 ≤ 0.9650)，patience: 1/50

======================================================================
🚀 Epoch 48/200
======================================================================
📚 开始训练阶段...
训练进度: 500/3164 损失=0.0078
训练进度: 1000/3164 损失=0.0442
训练进度: 1500/3164 损失=0.0191
训练进度: 2000/3164 损失=0.0135
训练进度: 2500/3164 损失=0.0380
训练进度: 3000/3164 损失=0.0161
训练进度: 3164/3164 损失=0.0124
✅ 训练完成，耗时: 674.0秒 (11.2分钟)

============================================================
📊 验证决策: Epoch 48/200
   验证间隔: 1
   是否验证: ✅ 是
   原因: 达到验证间隔 (0 == 0)
============================================================

🔍 开始验证...
验证进度: 500/686 损失=0.0301
验证进度: 686/686 损失=0.2815

📊 预测分布分析:
  - 预测的前5个类别: {np.int64(0): 282184, np.int64(1): 37130, np.int64(2): 14623, np.int64(3): 10918, np.int64(4): 8658}
  - 标签的前5个类别: {np.int64(0): 281232, np.int64(1): 36731, np.int64(2): 14789, np.int64(3): 10866, np.int64(4): 8585}
✅ 验证完成，耗时: 78.7秒 (1.3分钟)
训练损失: 0.0247
验证损失: 0.3673
验证准确率: 0.9649 (10578/10964) - 与Levenshtein高度相关
验证F1(加权): 0.9641 - 类别平衡更好
学习率: 0.000087
显存使用: 0.47GB (预留: 0.69GB)

生成的训练样本:
--------------------------------------------------------------------------------
输入:       LCKJM MVL DLCKJM >TW KLH >JSRJL LMMLKWTH
目标:     0 1 0 0 0 2 0 0 0 0 0 1 1 0 0 0 2 0 0 18 0 0 0 5 0 0 0 0 0 0 0 2 0 1 28 0 0 49 0 1 0
预测:     0 1 0 0 0 2 0 0 0 0 0 1 1 0 0 0 2 0 0 18 0 0 0 5 0 0 0 0 0 0 0 2 0 1 28 0 0 49 0 1 0
准确率:    1.0000 (41/41)
----------------------------------------
输入:       DMVLTH >ZLTWN MN HRK> >N GJR T<BDWN
目标:     0 1 0 0 8 1 12 0 0 0 3 0 0 0 0 0 0 0 0 0 0 0 0 0 0 0 0 0 0 0 6 0 0 3 0 0
预测:     0 1 0 0 8 1 12 0 0 0 3 0 0 0 0 0 0 0 0 0 0 0 0 0 0 0 0 0 0 0 6 0 0 3 0 0
准确率:    1.0000 (36/36)
----------------------------------------
输入:       B<T> CBQ >N> LH LHJMNWT> MN> >JT
目标:     0 0 13 9 0 0 0 0 7 0 0 0 0 0 1 12 0 1 0 0 0 0 2 9 0 0 0 0 0 0 0 0 24
预测:     0 0 13 9 0 0 0 0 7 0 0 0 0 0 1 12 0 1 0 0 0 0 2 9 0 0 0 0 0 0 0 0 24
准确率:    1.0000 (33/33)
----------------------------------------

生成的验证样本:
--------------------------------------------------------------------------------
输入:       >TPNJ RWGZH DMRJ> RB> DRGZ <L JHWD>
目标:     0 0 14 0 0 3 0 0 0 0 5 0 0 1 0 0 0 2 0 0 4 0 0 1 0 0 3 0 0 0 0 0 0 0 0 2
预测:     0 0 14 0 0 3 0 0 0 0 5 0 0 1 0 0 0 2 0 0 4 0 0 1 0 0 3 0 0 0 0 0 0 0 0 2
准确率:    1.0000 (36/36)
----------------------------------------
输入:       RWGZH DMRJ> RB> DRGZ <L JHWD> <L
目标:     0 0 0 0 5 0 0 1 0 0 0 2 0 0 4 0 0 1 0 0 3 0 0 0 0 0 0 0 0 2 0 0 0
预测:     0 0 0 0 5 0 0 1 0 0 0 2 0 0 4 0 0 1 0 0 3 0 0 0 0 0 0 0 0 2 0 0 0
准确率:    1.0000 (33/33)
----------------------------------------
⏳ 验证无提升 (验证准确率: 0.9649 ≤ 0.9650)，patience: 2/50

======================================================================
🚀 Epoch 49/200
======================================================================
📚 开始训练阶段...
训练进度: 500/3164 损失=0.0122
训练进度: 1000/3164 损失=0.0093
训练进度: 1500/3164 损失=0.0109
训练进度: 2000/3164 损失=0.0188
训练进度: 2500/3164 损失=0.0165
训练进度: 3000/3164 损失=0.0277
训练进度: 3164/3164 损失=0.0194
✅ 训练完成，耗时: 675.4秒 (11.3分钟)

============================================================
📊 验证决策: Epoch 49/200
   验证间隔: 1
   是否验证: ✅ 是
   原因: 达到验证间隔 (0 == 0)
============================================================

🔍 开始验证...
验证进度: 500/686 损失=0.0607
验证进度: 686/686 损失=0.4398

📊 预测分布分析:
  - 预测的前5个类别: {np.int64(0): 282200, np.int64(1): 36984, np.int64(2): 14715, np.int64(3): 10877, np.int64(4): 9081}
  - 标签的前5个类别: {np.int64(0): 281232, np.int64(1): 36731, np.int64(2): 14789, np.int64(3): 10866, np.int64(4): 8585}
✅ 验证完成，耗时: 78.5秒 (1.3分钟)
训练损失: 0.0238
验证损失: 0.3762
验证准确率: 0.9647 (10576/10964) - 与Levenshtein高度相关
验证F1(加权): 0.9639 - 类别平衡更好
学习率: 0.000086
显存使用: 0.48GB (预留: 0.69GB)

生成的训练样本:
--------------------------------------------------------------------------------
输入:       WKRWZ> QR> BMCRJT> KD <RBT CMC> W>MR
目标:     0 1 0 0 0 4 0 0 0 10 3 0 1 0 0 0 2 9 0 0 0 0 0 0 0 3 26 0 0 0 4 0 0 1 0 0 3
预测:     0 1 0 0 0 4 0 0 0 10 3 0 1 0 0 0 2 9 0 0 0 0 0 0 0 3 26 0 0 0 4 0 0 1 0 0 3
准确率:    1.0000 (37/37)
----------------------------------------
输入:       DQJM> D>QJM MRJ> <MKWN WJTBT BVWR> >RB<JN
目标:     0 1 0 0 4 0 0 1 17 20 0 3 0 0 0 0 2 0 0 1 0 0 0 0 1 0 0 3 0 0 1 0 0 4 0 0 0 0 0 2 0 0
预测:     0 1 0 0 4 0 0 1 17 20 0 3 0 0 0 0 2 0 0 1 0 0 0 0 1 0 0 3 0 0 1 0 0 4 0 0 0 0 0 2 0 0
准确率:    1.0000 (42/42)
----------------------------------------
输入:       MLK> D>JSR>JL >MLK >XZJ> BR JWRM MLK>
目标:     0 0 0 4 0 0 1 0 0 0 8 0 0 2 0 17 0 0 33 0 0 0 0 0 2 0 0 2 0 0 0 0 2 0 0 0 4 0
预测:     0 0 0 4 0 0 1 0 0 0 8 0 0 2 0 17 0 0 33 0 0 0 0 0 2 0 0 2 0 0 0 0 2 0 0 0 4 0
准确率:    1.0000 (38/38)
----------------------------------------

生成的验证样本:
--------------------------------------------------------------------------------
输入:       >TPNJ RWGZH DMRJ> RB> DRGZ <L JHWD>
目标:     0 0 14 0 0 3 0 0 0 0 5 0 0 1 0 0 0 2 0 0 4 0 0 1 0 0 3 0 0 0 0 0 0 0 0 2
预测:     6 0 14 0 0 3 0 0 0 0 5 0 0 1 0 0 0 2 0 0 4 0 0 1 0 0 3 0 0 0 0 0 0 0 0 2
准确率:    0.9722 (35/36)
----------------------------------------
输入:       RWGZH DMRJ> RB> DRGZ <L JHWD> <L
目标:     0 0 0 0 5 0 0 1 0 0 0 2 0 0 4 0 0 1 0 0 3 0 0 0 0 0 0 0 0 2 0 0 0
预测:     0 0 0 0 5 0 0 1 0 0 0 2 0 0 4 0 0 1 0 0 3 0 0 0 0 0 0 0 0 2 0 0 0
准确率:    1.0000 (33/33)
----------------------------------------
⏳ 验证无提升 (验证准确率: 0.9647 ≤ 0.9650)，patience: 3/50

======================================================================
🚀 Epoch 50/200
======================================================================
📚 开始训练阶段...
训练进度: 500/3164 损失=0.0326
训练进度: 1000/3164 损失=0.0295
训练进度: 1500/3164 损失=0.0222
训练进度: 2000/3164 损失=0.0391
训练进度: 2500/3164 损失=0.0034
训练进度: 3000/3164 损失=0.0337
训练进度: 3164/3164 损失=0.0310
✅ 训练完成，耗时: 673.3秒 (11.2分钟)

============================================================
📊 验证决策: Epoch 50/200
   验证间隔: 1
   是否验证: ✅ 是
   原因: 达到验证间隔 (0 == 0)
============================================================

🔍 开始验证...
验证进度: 500/686 损失=0.0235
验证进度: 686/686 损失=0.5025

📊 预测分布分析:
  - 预测的前5个类别: {np.int64(0): 282284, np.int64(1): 36934, np.int64(2): 14716, np.int64(3): 10658, np.int64(4): 8707}
  - 标签的前5个类别: {np.int64(0): 281232, np.int64(1): 36731, np.int64(2): 14789, np.int64(3): 10866, np.int64(4): 8585}
✅ 验证完成，耗时: 79.0秒 (1.3分钟)
训练损失: 0.0235
验证损失: 0.3778
验证准确率: 0.9647 (10577/10964) - 与Levenshtein高度相关
验证F1(加权): 0.9641 - 类别平衡更好
学习率: 0.000086
显存使用: 0.47GB (预留: 0.69GB)

生成的训练样本:
--------------------------------------------------------------------------------
输入:       MN PX> MVL DLYWLPT> >JT <YB> WLMYWT>
目标:     0 0 0 0 0 4 0 0 0 0 0 0 1 1 0 0 0 13 9 0 0 0 0 24 0 0 0 4 0 0 1 1 0 0 2 9 0
预测:     0 0 0 0 0 4 0 0 0 0 0 0 1 1 0 0 0 13 9 0 0 0 0 24 0 0 0 4 0 0 1 1 0 0 2 9 0
准确率:    1.0000 (37/37)
----------------------------------------
输入:       MNW NTBJN >N >XV> L> TXZJNJ <JN>
目标:     0 0 71 0 0 21 14 20 0 16 0 0 0 0 6 0 10 3 0 0 0 0 44 0 0 29 0 0 0 0 0 4 0
预测:     0 0 71 0 0 21 14 20 0 16 0 0 0 0 6 0 10 3 0 0 0 0 44 0 0 29 0 0 0 0 0 4 0
准确率:    1.0000 (33/33)
----------------------------------------
输入:       DCWQR> HPK> LXSD> BQWCT> KD HLJN HKJL
目标:     0 1 0 0 0 4 0 0 0 0 7 0 0 1 0 0 4 0 0 1 0 0 0 4 0 0 0 0 0 0 0 0 0 0 0 0 0 0
预测:     0 1 0 0 0 4 0 0 0 0 7 0 0 1 0 0 4 0 0 1 0 0 0 4 0 0 0 0 0 0 0 0 0 0 0 0 0 0
准确率:    1.0000 (38/38)
----------------------------------------

生成的验证样本:
--------------------------------------------------------------------------------
输入:       >TPNJ RWGZH DMRJ> RB> DRGZ <L JHWD>
目标:     0 0 14 0 0 3 0 0 0 0 5 0 0 1 0 0 0 2 0 0 4 0 0 1 0 0 3 0 0 0 0 0 0 0 0 2
预测:     0 0 14 0 0 3 0 0 0 0 5 0 0 1 0 0 0 2 0 0 4 0 0 1 0 0 3 0 0 0 0 0 0 0 0 2
准确率:    1.0000 (36/36)
----------------------------------------
输入:       RWGZH DMRJ> RB> DRGZ <L JHWD> <L
目标:     0 0 0 0 5 0 0 1 0 0 0 2 0 0 4 0 0 1 0 0 3 0 0 0 0 0 0 0 0 2 0 0 0
预测:     0 0 0 0 5 0 0 1 0 0 0 2 0 0 4 0 0 1 0 0 3 0 0 0 0 0 0 0 0 2 0 0 0
准确率:    1.0000 (33/33)
----------------------------------------
⏳ 验证无提升 (验证准确率: 0.9647 ≤ 0.9650)，patience: 4/50

======================================================================
🚀 Epoch 51/200
======================================================================
📚 开始训练阶段...
训练进度: 500/3164 损失=0.0319
训练进度: 1000/3164 损失=0.0066
训练进度: 1500/3164 损失=0.0108
训练进度: 2000/3164 损失=0.0180
训练进度: 2500/3164 损失=0.0345
训练进度: 3000/3164 损失=0.0147
训练进度: 3164/3164 损失=0.0453
✅ 训练完成，耗时: 674.3秒 (11.2分钟)

============================================================
📊 验证决策: Epoch 51/200
   验证间隔: 1
   是否验证: ✅ 是
   原因: 达到验证间隔 (0 == 0)
============================================================

🔍 开始验证...
验证进度: 500/686 损失=0.0287
验证进度: 686/686 损失=0.4115

📊 预测分布分析:
  - 预测的前5个类别: {np.int64(0): 281793, np.int64(1): 37127, np.int64(2): 14818, np.int64(3): 10756, np.int64(4): 8935}
  - 标签的前5个类别: {np.int64(0): 281232, np.int64(1): 36731, np.int64(2): 14789, np.int64(3): 10866, np.int64(4): 8585}
✅ 验证完成，耗时: 78.6秒 (1.3分钟)
训练损失: 0.0228
验证损失: 0.3808
验证准确率: 0.9644 (10573/10964) - 与Levenshtein高度相关
验证F1(加权): 0.9638 - 类别平衡更好
学习率: 0.000085
显存使用: 0.48GB (预留: 0.69GB)

生成的训练样本:
--------------------------------------------------------------------------------
输入:       D>JSRJL W>MR >JT HRK> >LJC< BR CPV
目标:     0 1 0 0 0 0 0 2 0 1 0 0 3 0 0 0 24 0 0 0 0 0 0 0 0 0 0 2 0 0 2 0 0 0 2
预测:     0 1 0 0 0 0 0 2 0 1 0 0 3 0 0 0 24 0 0 0 0 0 0 0 0 0 0 2 0 0 2 0 0 0 2
准确率:    1.0000 (35/35)
----------------------------------------
输入:       LCLJMWN LHDD >DWMJ> MN ZR<> HW> GJR
目标:     0 1 0 0 0 0 0 2 0 1 0 0 2 0 0 0 0 0 4 0 0 0 0 0 0 0 4 0 0 0 10 3 0 0 0 0
预测:     0 1 0 0 0 0 0 2 0 1 0 0 2 0 0 0 0 0 4 0 0 0 0 0 0 0 4 0 0 0 10 3 0 0 0 0
准确率:    1.0000 (36/36)
----------------------------------------
输入:       DBNJMJN W>NCWHJ D>TR> BNJ BNJMJN BJCJN HWW
目标:     0 1 0 0 0 0 0 2 0 1 0 0 25 1 0 0 0 1 0 0 4 0 0 0 2 0 0 0 0 0 0 0 2 0 0 0 2 0 0 0 0 18 0
预测:     0 1 0 0 0 0 0 2 0 1 0 0 25 1 0 0 0 1 0 0 4 0 0 0 2 0 0 0 0 0 0 0 2 0 0 0 2 0 0 0 0 18 0
准确率:    1.0000 (43/43)
----------------------------------------

生成的验证样本:
--------------------------------------------------------------------------------
输入:       >TPNJ RWGZH DMRJ> RB> DRGZ <L JHWD>
目标:     0 0 14 0 0 3 0 0 0 0 5 0 0 1 0 0 0 2 0 0 4 0 0 1 0 0 3 0 0 0 0 0 0 0 0 2
预测:     0 0 14 0 0 3 0 0 0 0 5 0 0 1 0 0 0 2 0 0 4 0 0 1 0 0 3 0 0 0 0 0 0 0 0 2
准确率:    1.0000 (36/36)
----------------------------------------
输入:       RWGZH DMRJ> RB> DRGZ <L JHWD> <L
目标:     0 0 0 0 5 0 0 1 0 0 0 2 0 0 4 0 0 1 0 0 3 0 0 0 0 0 0 0 0 2 0 0 0
预测:     0 0 0 0 5 0 0 1 0 0 0 2 0 0 4 0 0 1 0 0 3 0 0 0 0 0 0 0 0 2 0 0 0
准确率:    1.0000 (33/33)
----------------------------------------
⏳ 验证无提升 (验证准确率: 0.9644 ≤ 0.9650)，patience: 5/50

======================================================================
🚀 Epoch 52/200
======================================================================
📚 开始训练阶段...
训练进度: 500/3164 损失=0.0133
训练进度: 1000/3164 损失=0.0239
训练进度: 1500/3164 损失=0.0112
训练进度: 2000/3164 损失=0.0385
训练进度: 2500/3164 损失=0.0184
训练进度: 3000/3164 损失=0.0199
训练进度: 3164/3164 损失=0.0099
✅ 训练完成，耗时: 673.6秒 (11.2分钟)

============================================================
📊 验证决策: Epoch 52/200
   验证间隔: 1
   是否验证: ✅ 是
   原因: 达到验证间隔 (0 == 0)
============================================================

🔍 开始验证...
验证进度: 500/686 损失=0.0161
验证进度: 686/686 损失=0.3879

📊 预测分布分析:
  - 预测的前5个类别: {np.int64(0): 282137, np.int64(1): 37180, np.int64(2): 14675, np.int64(3): 10841, np.int64(4): 8756}
  - 标签的前5个类别: {np.int64(0): 281232, np.int64(1): 36731, np.int64(2): 14789, np.int64(3): 10866, np.int64(4): 8585}
✅ 验证完成，耗时: 78.7秒 (1.3分钟)
训练损失: 0.0225
验证损失: 0.3833
验证准确率: 0.9648 (10578/10964) - 与Levenshtein高度相关
验证F1(加权): 0.9642 - 类别平衡更好
学习率: 0.000085
显存使用: 0.47GB (预留: 0.69GB)

生成的训练样本:
--------------------------------------------------------------------------------
输入:       YB> MRJ> LMXBLW LJHWD> MVL DWJD <BDH
目标:     0 0 10 3 0 0 0 0 2 0 1 6 0 0 7 19 0 1 0 0 0 0 2 0 0 0 0 0 0 0 0 2 0 0 0 37 0
预测:     0 0 10 3 0 0 0 0 2 0 1 6 0 0 7 19 0 1 0 0 0 0 2 0 0 0 0 0 0 0 0 2 0 0 0 37 0
准确率:    1.0000 (37/37)
----------------------------------------
输入:       >TRWT> MPRQJN LHWN MN NMWS> DMCJXHWN WL>
目标:     0 0 0 8 2 23 0 0 28 0 0 7 0 0 0 1 0 0 0 0 0 0 0 0 0 0 4 0 0 1 0 8 0 172 0 0 0 0 1 0 0
预测:     0 0 0 8 2 23 0 0 28 0 0 7 0 0 0 1 0 0 0 0 0 0 0 0 0 0 4 0 0 1 0 8 0 172 0 0 0 0 1 0 0
准确率:    1.0000 (41/41)
----------------------------------------
输入:       LKWN WCQWLW LMDBR> L>WRX> DJM> DSWP W<NJTWN
目标:     0 1 0 0 0 0 1 0 8 0 3 0 0 1 0 0 0 4 0 0 1 0 0 0 4 0 0 1 0 4 0 0 1 0 0 22 0 1 0 0 3 0 0 0
预测:     0 1 0 0 0 0 1 0 8 0 3 0 0 1 0 0 0 4 0 0 1 0 0 0 4 0 0 1 0 4 0 0 1 0 0 22 0 1 0 0 3 0 0 0
准确率:    1.0000 (44/44)
----------------------------------------

生成的验证样本:
--------------------------------------------------------------------------------
输入:       >TPNJ RWGZH DMRJ> RB> DRGZ <L JHWD>
目标:     0 0 14 0 0 3 0 0 0 0 5 0 0 1 0 0 0 2 0 0 4 0 0 1 0 0 3 0 0 0 0 0 0 0 0 2
预测:     0 0 14 0 0 3 0 0 0 0 5 0 0 1 0 0 0 2 0 0 4 0 0 1 0 0 3 0 0 0 0 0 0 0 0 2
准确率:    1.0000 (36/36)
----------------------------------------
输入:       RWGZH DMRJ> RB> DRGZ <L JHWD> <L
目标:     0 0 0 0 5 0 0 1 0 0 0 2 0 0 4 0 0 1 0 0 3 0 0 0 0 0 0 0 0 2 0 0 0
预测:     0 0 0 0 5 0 0 1 0 0 0 2 0 0 4 0 0 1 0 0 3 0 0 0 0 0 0 0 0 2 0 0 0
准确率:    1.0000 (33/33)
----------------------------------------
⏳ 验证无提升 (验证准确率: 0.9648 ≤ 0.9650)，patience: 6/50

======================================================================
🚀 Epoch 53/200
======================================================================
📚 开始训练阶段...
训练进度: 500/3164 损失=0.0271
训练进度: 1000/3164 损失=0.0161
训练进度: 1500/3164 损失=0.0265
训练进度: 2000/3164 损失=0.0639
训练进度: 2500/3164 损失=0.0241
训练进度: 3000/3164 损失=0.0257
训练进度: 3164/3164 损失=0.0159
✅ 训练完成，耗时: 673.6秒 (11.2分钟)

============================================================
📊 验证决策: Epoch 53/200
   验证间隔: 1
   是否验证: ✅ 是
   原因: 达到验证间隔 (0 == 0)
============================================================

🔍 开始验证...
验证进度: 500/686 损失=0.0906
验证进度: 686/686 损失=0.5261

📊 预测分布分析:
  - 预测的前5个类别: {np.int64(0): 281991, np.int64(1): 37169, np.int64(2): 14754, np.int64(3): 10700, np.int64(4): 8817}
  - 标签的前5个类别: {np.int64(0): 281232, np.int64(1): 36731, np.int64(2): 14789, np.int64(3): 10866, np.int64(4): 8585}
✅ 验证完成，耗时: 79.0秒 (1.3分钟)
训练损失: 0.0222
验证损失: 0.3820
验证准确率: 0.9650 (10579/10964) - 与Levenshtein高度相关
验证F1(加权): 0.9643 - 类别平衡更好
学习率: 0.000084
显存使用: 0.48GB (预留: 0.69GB)

生成的训练样本:
--------------------------------------------------------------------------------
输入:       WLMSTKLW BM>NJ MTQL> CLHBJT> DNWR> MPQ<N BSRH
目标:     0 1 1 45 79 0 0 49 19 0 1 0 0 2 0 0 0 0 0 4 0 0 0 0 0 0 2 23 0 0 1 0 0 4 0 0 6 0 0 7 19 0 0 0 5 0
预测:     0 1 1 45 79 0 0 49 19 0 1 0 0 2 0 0 0 0 0 4 0 0 0 0 0 0 2 23 0 0 1 0 0 4 0 0 6 0 0 7 19 0 0 0 5 0
准确率:    1.0000 (46/46)
----------------------------------------
输入:       MLK> Q>M <L <MWD> >JK NMWS> DMLK>
目标:     0 0 0 4 0 0 20 0 7 0 0 0 0 0 0 0 4 0 0 0 0 0 0 0 0 0 4 0 0 1 0 0 11 0
预测:     0 0 0 11 0 0 20 0 7 0 0 0 0 0 0 0 4 0 0 0 0 0 0 0 0 0 4 0 0 1 0 0 11 0
准确率:    0.9706 (33/34)
----------------------------------------
输入:       DND<N KLHJN MLKWT> D>R<> D>NT HW MRJ>
目标:     0 1 52 0 3 12 0 0 5 0 0 0 0 0 0 0 2 23 0 0 1 0 0 4 0 0 1 0 0 0 0 0 0 0 0 0 0 2
预测:     0 1 52 0 3 12 0 0 5 0 0 0 0 0 0 0 2 23 0 0 1 0 0 4 0 0 1 0 0 0 0 0 0 0 0 0 0 2
准确率:    1.0000 (38/38)
----------------------------------------

生成的验证样本:
--------------------------------------------------------------------------------
输入:       >TPNJ RWGZH DMRJ> RB> DRGZ <L JHWD>
目标:     0 0 14 0 0 3 0 0 0 0 5 0 0 1 0 0 0 2 0 0 4 0 0 1 0 0 3 0 0 0 0 0 0 0 0 2
预测:     0 0 14 0 0 3 0 0 0 0 5 0 0 1 0 0 0 2 0 0 4 0 0 1 0 0 3 0 0 0 0 0 0 0 0 2
准确率:    1.0000 (36/36)
----------------------------------------
输入:       RWGZH DMRJ> RB> DRGZ <L JHWD> <L
目标:     0 0 0 0 5 0 0 1 0 0 0 2 0 0 4 0 0 1 0 0 3 0 0 0 0 0 0 0 0 2 0 0 0
预测:     0 0 0 0 5 0 0 1 0 0 0 2 0 0 4 0 0 1 0 0 3 0 0 0 0 0 0 0 0 2 0 0 0
准确率:    1.0000 (33/33)
----------------------------------------
⏳ 验证无提升 (验证准确率: 0.9650 ≤ 0.9650)，patience: 7/50

======================================================================
🚀 Epoch 54/200
======================================================================
📚 开始训练阶段...
训练进度: 500/3164 损失=0.0304
训练进度: 1000/3164 损失=0.0196
训练进度: 1500/3164 损失=0.0404
训练进度: 2000/3164 损失=0.0200
训练进度: 2500/3164 损失=0.0408
训练进度: 3000/3164 损失=0.0224
训练进度: 3164/3164 损失=0.0466
✅ 训练完成，耗时: 674.6秒 (11.2分钟)

============================================================
📊 验证决策: Epoch 54/200
   验证间隔: 1
   是否验证: ✅ 是
   原因: 达到验证间隔 (0 == 0)
============================================================

🔍 开始验证...
验证进度: 500/686 损失=0.0199
验证进度: 686/686 损失=0.5271

📊 预测分布分析:
  - 预测的前5个类别: {np.int64(0): 281935, np.int64(1): 37061, np.int64(2): 14637, np.int64(3): 10643, np.int64(4): 8893}
  - 标签的前5个类别: {np.int64(0): 281232, np.int64(1): 36731, np.int64(2): 14789, np.int64(3): 10866, np.int64(4): 8585}
✅ 验证完成，耗时: 79.2秒 (1.3分钟)
训练损失: 0.0218
验证损失: 0.3889
验证准确率: 0.9647 (10577/10964) - 与Levenshtein高度相关
验证F1(加权): 0.9641 - 类别平衡更好
学习率: 0.000083
显存使用: 0.47GB (预留: 0.69GB)

生成的训练样本:
--------------------------------------------------------------------------------
输入:       DHJ H> NWHR> WH> RWX> WH> XCWK>
目标:     0 1 0 12 0 0 0 0 0 0 0 4 0 0 1 0 0 0 0 0 4 0 0 1 0 0 0 0 0 0 4 0
预测:     0 1 0 12 0 0 0 0 0 0 0 4 0 0 1 0 0 0 0 0 4 0 0 1 0 0 0 0 0 0 4 0
准确率:    1.0000 (32/32)
----------------------------------------
输入:       MGRJN> HW D<WL> >JK MJ> XJ> XMR>
目标:     0 0 0 0 0 4 0 0 0 0 0 1 0 0 15 0 0 0 0 0 0 24 9 0 0 0 30 0 0 0 0 4 0
预测:     0 0 0 0 0 4 0 0 0 0 0 1 0 0 15 0 0 0 0 0 0 24 9 0 0 0 30 0 0 0 0 4 0
准确率:    1.0000 (33/33)
----------------------------------------
输入:       PRWQJNJ WMN KL RDWPJ PYNJ DLM> >JK
目标:     6 0 8 0 48 1 0 0 0 1 0 0 0 0 2 0 0 0 0 2 46 6 0 114 0 0 0 0 0 0 0 0 0 0 0
预测:     6 0 8 0 48 1 0 0 0 1 0 0 0 0 2 0 0 0 0 2 46 6 0 114 0 0 0 0 0 0 0 0 0 0 0
准确率:    1.0000 (35/35)
----------------------------------------

生成的验证样本:
--------------------------------------------------------------------------------
输入:       >TPNJ RWGZH DMRJ> RB> DRGZ <L JHWD>
目标:     0 0 14 0 0 3 0 0 0 0 5 0 0 1 0 0 0 2 0 0 4 0 0 1 0 0 3 0 0 0 0 0 0 0 0 2
预测:     0 0 14 0 0 3 0 0 0 0 5 0 0 1 0 0 0 2 0 0 4 0 0 1 0 0 3 0 0 0 0 0 0 0 0 2
准确率:    1.0000 (36/36)
----------------------------------------
输入:       RWGZH DMRJ> RB> DRGZ <L JHWD> <L
目标:     0 0 0 0 5 0 0 1 0 0 0 2 0 0 4 0 0 1 0 0 3 0 0 0 0 0 0 0 0 2 0 0 0
预测:     0 0 0 0 5 0 0 1 0 0 0 2 0 0 4 0 0 1 0 0 3 0 0 0 0 0 0 0 0 2 0 0 0
准确率:    1.0000 (33/33)
----------------------------------------
⏳ 验证无提升 (验证准确率: 0.9647 ≤ 0.9650)，patience: 8/50

======================================================================
🚀 Epoch 55/200
======================================================================
📚 开始训练阶段...
训练进度: 500/3164 损失=0.0391
训练进度: 1000/3164 损失=0.0260
训练进度: 1500/3164 损失=0.0194
训练进度: 2000/3164 损失=0.0346
训练进度: 2500/3164 损失=0.0270
训练进度: 3000/3164 损失=0.0204
训练进度: 3164/3164 损失=0.0163
✅ 训练完成，耗时: 672.0秒 (11.2分钟)

============================================================
📊 验证决策: Epoch 55/200
   验证间隔: 1
   是否验证: ✅ 是
   原因: 达到验证间隔 (0 == 0)
============================================================

🔍 开始验证...
验证进度: 500/686 损失=0.0063
验证进度: 686/686 损失=0.5578

📊 预测分布分析:
  - 预测的前5个类别: {np.int64(0): 282272, np.int64(1): 37054, np.int64(2): 14701, np.int64(3): 10763, np.int64(4): 8831}
  - 标签的前5个类别: {np.int64(0): 281232, np.int64(1): 36731, np.int64(2): 14789, np.int64(3): 10866, np.int64(4): 8585}
✅ 验证完成，耗时: 78.9秒 (1.3分钟)
训练损失: 0.0212
验证损失: 0.3899
验证准确率: 0.9649 (10579/10964) - 与Levenshtein高度相关
验证F1(加权): 0.9642 - 类别平衡更好
学习率: 0.000083
显存使用: 0.48GB (预留: 0.69GB)

生成的训练样本:
--------------------------------------------------------------------------------
输入:       W>JQRH DGBR> DNQWM MN LBR WNMLL SKLWT>
目标:     0 1 0 0 0 5 0 0 1 0 0 4 0 0 1 6 0 0 3 0 0 0 0 1 0 22 0 1 6 0 0 16 0 0 0 0 2 9 0
预测:     0 1 0 0 0 5 0 0 1 0 0 4 0 0 1 6 0 0 3 0 0 0 0 1 0 22 0 1 6 0 0 16 0 0 0 0 2 9 0
准确率:    1.0000 (39/39)
----------------------------------------
输入:       MNKWN DN<LKWN WNTL LKWN >R<HWN JWRTN> >JK
目标:     0 0 1 0 0 0 0 1 6 0 143 0 0 0 0 1 0 0 3 0 1 0 0 0 0 0 0 5 0 0 0 0 0 0 0 0 4 0 0 0 0 0
预测:     0 0 1 0 0 0 0 1 6 0 143 0 0 0 0 1 0 0 3 0 1 0 0 0 0 0 0 5 0 0 0 0 0 0 0 0 4 0 0 0 0 0
准确率:    1.0000 (42/42)
----------------------------------------
输入:       RB XJL> LMQBRW QVJL> WQVL KL DKR>
目标:     0 0 2 0 0 0 4 0 0 1 6 0 0 7 19 0 0 8 0 65 27 0 1 0 0 16 0 0 2 0 0 0 15 0
预测:     0 0 2 0 0 0 4 0 0 1 6 0 0 7 19 0 0 8 0 65 27 0 1 0 0 16 0 0 2 0 0 0 15 0
准确率:    1.0000 (34/34)
----------------------------------------

生成的验证样本:
--------------------------------------------------------------------------------
输入:       >TPNJ RWGZH DMRJ> RB> DRGZ <L JHWD>
目标:     0 0 14 0 0 3 0 0 0 0 5 0 0 1 0 0 0 2 0 0 4 0 0 1 0 0 3 0 0 0 0 0 0 0 0 2
预测:     0 0 14 0 0 3 0 0 0 0 5 0 0 1 0 0 0 2 0 0 4 0 0 1 0 0 3 0 0 0 0 0 0 0 0 2
准确率:    1.0000 (36/36)
----------------------------------------
输入:       RWGZH DMRJ> RB> DRGZ <L JHWD> <L
目标:     0 0 0 0 5 0 0 1 0 0 0 2 0 0 4 0 0 1 0 0 3 0 0 0 0 0 0 0 0 2 0 0 0
预测:     0 0 0 0 5 0 0 1 0 0 0 2 0 0 4 0 0 1 0 0 3 0 0 0 0 0 0 0 0 2 0 0 0
准确率:    1.0000 (33/33)
----------------------------------------
⏳ 验证无提升 (验证准确率: 0.9649 ≤ 0.9650)，patience: 9/50

======================================================================
🚀 Epoch 56/200
======================================================================
📚 开始训练阶段...
训练进度: 500/3164 损失=0.0089
训练进度: 1000/3164 损失=0.0131
训练进度: 1500/3164 损失=0.0327
训练进度: 2000/3164 损失=0.0136
训练进度: 2500/3164 损失=0.0072
训练进度: 3000/3164 损失=0.0237
训练进度: 3164/3164 损失=0.0425
✅ 训练完成，耗时: 672.6秒 (11.2分钟)

============================================================
📊 验证决策: Epoch 56/200
   验证间隔: 1
   是否验证: ✅ 是
   原因: 达到验证间隔 (0 == 0)
============================================================

🔍 开始验证...
验证进度: 500/686 损失=0.0517
验证进度: 686/686 损失=0.5656

📊 预测分布分析:
  - 预测的前5个类别: {np.int64(0): 282455, np.int64(1): 37173, np.int64(2): 14684, np.int64(3): 10728, np.int64(4): 9139}
  - 标签的前5个类别: {np.int64(0): 281232, np.int64(1): 36731, np.int64(2): 14789, np.int64(3): 10866, np.int64(4): 8585}
✅ 验证完成，耗时: 79.0秒 (1.3分钟)
训练损失: 0.0207
验证损失: 0.4009
验证准确率: 0.9646 (10575/10964) - 与Levenshtein高度相关
验证F1(加权): 0.9637 - 类别平衡更好
学习率: 0.000082
显存使用: 0.48GB (预留: 0.69GB)

生成的训练样本:
--------------------------------------------------------------------------------
输入:       L<BDK BRM BJWMJK L> ><BDJH MVL DWJD
目标:     0 1 0 0 37 0 0 0 0 0 0 1 0 0 2 1 0 0 0 0 0 6 0 0 48 1 12 0 0 0 0 0 0 0 0 2
预测:     0 1 0 0 37 0 0 0 0 0 0 1 0 0 2 1 0 0 0 0 0 6 0 0 48 1 12 0 0 0 0 0 0 0 0 2
准确率:    1.0000 (36/36)
----------------------------------------
输入:       SHDWT> DGLT> B<> HW> DNSHD <L >XWHJ
目标:     0 0 0 0 2 9 0 0 0 0 22 9 0 0 0 10 7 0 0 10 3 0 1 28 0 0 3 0 0 0 0 0 8 5 0 0
预测:     0 0 0 0 2 9 0 0 0 0 22 9 0 0 0 10 7 0 0 10 3 0 1 28 0 0 3 0 0 0 0 0 8 5 0 0
准确率:    1.0000 (36/36)
----------------------------------------
输入:       D>QRBW <MHWN <SRJN WTRJN >LPJN GBRJN <L
目标:     0 1 17 0 0 3 0 0 0 1 0 0 0 0 0 0 2 0 0 0 1 0 2 0 12 0 0 0 2 0 0 0 0 0 2 0 0 0 0 0
预测:     0 1 17 0 0 3 0 0 0 1 0 0 0 0 0 0 2 0 0 0 1 0 2 0 12 0 0 0 2 0 0 0 0 0 2 0 0 0 0 0
准确率:    1.0000 (40/40)
----------------------------------------

生成的验证样本:
--------------------------------------------------------------------------------
输入:       >TPNJ RWGZH DMRJ> RB> DRGZ <L JHWD>
目标:     0 0 14 0 0 3 0 0 0 0 5 0 0 1 0 0 0 2 0 0 4 0 0 1 0 0 3 0 0 0 0 0 0 0 0 2
预测:     0 0 14 0 0 3 0 0 0 0 5 0 0 1 0 0 0 2 0 0 4 0 0 1 0 0 3 0 0 0 0 0 0 0 0 2
准确率:    1.0000 (36/36)
----------------------------------------
输入:       RWGZH DMRJ> RB> DRGZ <L JHWD> <L
目标:     0 0 0 0 5 0 0 1 0 0 0 2 0 0 4 0 0 1 0 0 3 0 0 0 0 0 0 0 0 2 0 0 0
预测:     0 0 0 0 5 0 0 1 0 0 0 2 0 0 4 0 0 1 0 0 3 0 0 0 0 0 0 0 0 2 0 0 0
准确率:    1.0000 (33/33)
----------------------------------------
⏳ 验证无提升 (验证准确率: 0.9646 ≤ 0.9650)，patience: 10/50

======================================================================
🚀 Epoch 57/200
======================================================================
📚 开始训练阶段...
训练进度: 500/3164 损失=0.0201
训练进度: 1000/3164 损失=0.0077
训练进度: 1500/3164 损失=0.0351
训练进度: 2000/3164 损失=0.0381
训练进度: 2500/3164 损失=0.0044
训练进度: 3000/3164 损失=0.0036
训练进度: 3164/3164 损失=0.0237
✅ 训练完成，耗时: 672.5秒 (11.2分钟)

============================================================
📊 验证决策: Epoch 57/200
   验证间隔: 1
   是否验证: ✅ 是
   原因: 达到验证间隔 (0 == 0)
============================================================

🔍 开始验证...
验证进度: 500/686 损失=0.0618
验证进度: 686/686 损失=0.4833

📊 预测分布分析:
  - 预测的前5个类别: {np.int64(0): 281953, np.int64(1): 37078, np.int64(2): 14711, np.int64(3): 10659, np.int64(4): 8865}
  - 标签的前5个类别: {np.int64(0): 281232, np.int64(1): 36731, np.int64(2): 14789, np.int64(3): 10866, np.int64(4): 8585}
✅ 验证完成，耗时: 78.8秒 (1.3分钟)
训练损失: 0.0203
验证损失: 0.3960
验证准确率: 0.9649 (10578/10964) - 与Levenshtein高度相关
验证F1(加权): 0.9643 - 类别平衡更好
学习率: 0.000082
显存使用: 0.47GB (预留: 0.69GB)

生成的训练样本:
--------------------------------------------------------------------------------
输入:       DMNHWN >KL >NT WLHWN PSQ >NT MVL
目标:     0 1 0 1 0 0 0 0 0 0 7 0 0 0 0 0 1 1 0 0 0 0 0 0 7 0 0 0 0 0 0 0 0
预测:     0 1 0 1 0 0 0 0 0 0 7 0 0 0 0 0 1 1 0 0 0 0 0 0 7 0 0 0 0 0 0 0 0
准确率:    1.0000 (33/33)
----------------------------------------
输入:       NDBRWN XMC> MN RKB> D>CTXRW >N >TTXDW
目标:     0 6 0 0 3 0 0 0 0 0 2 0 0 0 0 0 0 0 30 0 0 1 47 39 101 0 3 0 0 0 0 0 0 76 101 0 3 0
预测:     0 6 0 0 3 0 0 0 0 0 2 0 0 0 0 0 0 0 30 0 0 1 47 39 101 0 3 0 0 0 0 0 0 76 101 0 3 0
准确率:    1.0000 (38/38)
----------------------------------------
输入:       <DM> LCJWL TXTJT> T>KWL >R<> W<LLTH WTWQD
目标:     0 0 0 0 0 0 1 0 0 0 2 0 0 0 0 2 9 0 0 44 0 8 0 3 0 0 0 4 0 0 1 0 0 13 32 12 0 1 140 0 0 3
预测:     0 0 0 0 0 0 1 0 0 0 2 0 0 0 0 2 9 0 0 44 0 8 0 3 0 0 0 4 0 0 1 0 0 13 32 12 0 1 140 0 0 3
准确率:    1.0000 (42/42)
----------------------------------------

生成的验证样本:
--------------------------------------------------------------------------------
输入:       >TPNJ RWGZH DMRJ> RB> DRGZ <L JHWD>
目标:     0 0 14 0 0 3 0 0 0 0 5 0 0 1 0 0 0 2 0 0 4 0 0 1 0 0 3 0 0 0 0 0 0 0 0 2
预测:     0 0 14 0 0 3 0 0 0 0 5 0 0 1 0 0 0 2 0 0 4 0 0 1 0 0 3 0 0 0 0 0 0 0 0 2
准确率:    1.0000 (36/36)
----------------------------------------
输入:       RWGZH DMRJ> RB> DRGZ <L JHWD> <L
目标:     0 0 0 0 5 0 0 1 0 0 0 2 0 0 4 0 0 1 0 0 3 0 0 0 0 0 0 0 0 2 0 0 0
预测:     0 0 0 0 5 0 0 1 0 0 0 2 0 0 4 0 0 1 0 0 3 0 0 0 0 0 0 0 0 2 0 0 0
准确率:    1.0000 (33/33)
----------------------------------------
⏳ 验证无提升 (验证准确率: 0.9649 ≤ 0.9650)，patience: 11/50

======================================================================
🚀 Epoch 58/200
======================================================================
📚 开始训练阶段...
训练进度: 500/3164 损失=0.0163
训练进度: 1000/3164 损失=0.0179
训练进度: 1500/3164 损失=0.0142
训练进度: 2000/3164 损失=0.0291
训练进度: 2500/3164 损失=0.0123
训练进度: 3000/3164 损失=0.0059
训练进度: 3164/3164 损失=0.0332
✅ 训练完成，耗时: 677.0秒 (11.3分钟)

============================================================
📊 验证决策: Epoch 58/200
   验证间隔: 1
   是否验证: ✅ 是
   原因: 达到验证间隔 (0 == 0)
============================================================

🔍 开始验证...
验证进度: 500/686 损失=0.0398
验证进度: 686/686 损失=0.6188

📊 预测分布分析:
  - 预测的前5个类别: {np.int64(0): 281881, np.int64(1): 37095, np.int64(2): 14726, np.int64(3): 10777, np.int64(4): 9107}
  - 标签的前5个类别: {np.int64(0): 281232, np.int64(1): 36731, np.int64(2): 14789, np.int64(3): 10866, np.int64(4): 8585}
✅ 验证完成，耗时: 79.0秒 (1.3分钟)
训练损失: 0.0200
验证损失: 0.3968
验证准确率: 0.9646 (10575/10964) - 与Levenshtein高度相关
验证F1(加权): 0.9639 - 类别平衡更好
学习率: 0.000081
显存使用: 0.47GB (预留: 0.69GB)

生成的训练样本:
--------------------------------------------------------------------------------
输入:       MN KJN> >LHJ> >LH> GJR DL> <BJD
目标:     0 0 0 0 0 0 4 0 0 0 0 0 4 0 0 0 0 4 0 0 0 0 0 0 1 0 0 0 0 8 0 40
预测:     0 0 0 0 0 0 4 0 0 0 0 0 4 0 0 0 0 4 0 0 0 0 0 0 1 0 0 0 0 8 0 40
准确率:    1.0000 (32/32)
----------------------------------------
输入:       XZJ KL D<BD MRJ> >LHKWN LHLJN TRJN
目标:     0 0 0 3 0 0 2 0 1 0 0 3 0 0 0 0 2 0 0 0 5 0 0 0 0 1 0 0 0 0 0 0 2 0 12
预测:     0 0 0 80 0 0 2 0 1 0 0 3 0 0 0 0 2 0 0 0 5 0 0 0 0 1 0 0 0 0 0 0 2 0 12
准确率:    0.9714 (34/35)
----------------------------------------
输入:       DBSRH TRJN ZNJN SNT NPCJ WDTLT> MSQ
目标:     0 1 0 0 5 0 0 0 2 0 12 0 0 2 0 0 0 0 18 26 0 0 0 5 0 0 1 1 0 0 2 0 0 28 64 7
预测:     0 1 0 0 5 0 0 0 2 0 12 0 0 2 0 0 0 0 18 26 0 0 0 5 0 0 1 1 0 0 2 0 0 28 64 7
准确率:    1.0000 (36/36)
----------------------------------------

生成的验证样本:
--------------------------------------------------------------------------------
输入:       >TPNJ RWGZH DMRJ> RB> DRGZ <L JHWD>
目标:     0 0 14 0 0 3 0 0 0 0 5 0 0 1 0 0 0 2 0 0 4 0 0 1 0 0 3 0 0 0 0 0 0 0 0 2
预测:     0 0 14 0 0 3 0 0 0 0 5 0 0 1 0 0 0 2 0 0 4 0 0 1 0 0 3 0 0 0 0 0 0 0 0 2
准确率:    1.0000 (36/36)
----------------------------------------
输入:       RWGZH DMRJ> RB> DRGZ <L JHWD> <L
目标:     0 0 0 0 5 0 0 1 0 0 0 2 0 0 4 0 0 1 0 0 3 0 0 0 0 0 0 0 0 2 0 0 0
预测:     0 0 0 0 5 0 0 1 0 0 0 2 0 0 4 0 0 1 0 0 3 0 0 0 0 0 0 0 0 2 0 0 0
准确率:    1.0000 (33/33)
----------------------------------------
⏳ 验证无提升 (验证准确率: 0.9646 ≤ 0.9650)，patience: 12/50

======================================================================
🚀 Epoch 59/200
======================================================================
📚 开始训练阶段...
训练进度: 500/3164 损失=0.0198
训练进度: 1000/3164 损失=0.0190
训练进度: 1500/3164 损失=0.0077
训练进度: 2000/3164 损失=0.0318
训练进度: 2500/3164 损失=0.0486
训练进度: 3000/3164 损失=0.0188
训练进度: 3164/3164 损失=0.0298
✅ 训练完成，耗时: 676.3秒 (11.3分钟)

============================================================
📊 验证决策: Epoch 59/200
   验证间隔: 1
   是否验证: ✅ 是
   原因: 达到验证间隔 (0 == 0)
============================================================

🔍 开始验证...
验证进度: 500/686 损失=0.0928
验证进度: 686/686 损失=0.7651

📊 预测分布分析:
  - 预测的前5个类别: {np.int64(0): 282487, np.int64(1): 37021, np.int64(2): 14784, np.int64(3): 10891, np.int64(4): 9055}
  - 标签的前5个类别: {np.int64(0): 281232, np.int64(1): 36731, np.int64(2): 14789, np.int64(3): 10866, np.int64(4): 8585}
✅ 验证完成，耗时: 79.1秒 (1.3分钟)
训练损失: 0.0194
验证损失: 0.4018
验证准确率: 0.9649 (10579/10964) - 与Levenshtein高度相关
验证F1(加权): 0.9641 - 类别平衡更好
学习率: 0.000080
显存使用: 0.48GB (预留: 0.69GB)

生成的训练样本:
--------------------------------------------------------------------------------
输入:       PWMH D<LJ> NPQT W>JK <RPL> KSJT >R<>
目标:     0 0 0 5 0 0 1 0 0 15 0 0 0 0 3 0 0 1 0 0 0 0 0 0 0 4 0 0 0 0 3 0 0 0 0 4 0
预测:     0 0 0 5 0 0 1 0 0 15 0 0 0 0 3 0 0 1 0 0 0 0 0 0 0 4 0 0 0 0 3 0 0 0 0 4 0
准确率:    1.0000 (37/37)
----------------------------------------
输入:       B<GL XSJR R<JN> HW DMXV> NPCH MNW
目标:     0 1 0 0 0 0 0 8 0 40 0 0 0 0 4 0 0 0 0 0 1 6 0 10 41 0 0 0 5 0 0 0 71 0
预测:     0 1 0 0 0 0 0 8 0 40 0 0 0 0 4 0 0 0 0 0 1 6 0 10 41 0 0 0 5 0 0 0 71 0
准确率:    1.0000 (34/34)
----------------------------------------
输入:       WL> TKL> MWHBT> MN YRJK> B<WTH DMSKN>
目标:     0 1 0 0 0 6 0 10 3 0 0 0 0 13 9 0 0 0 0 0 0 8 0 43 27 0 0 0 2 1 0 0 1 0 0 0 4 0
预测:     0 1 0 0 0 6 0 10 3 0 0 0 0 13 9 0 0 0 0 0 0 8 0 43 27 0 0 0 2 1 0 0 1 0 0 0 4 0
准确率:    1.0000 (38/38)
----------------------------------------

生成的验证样本:
--------------------------------------------------------------------------------
输入:       >TPNJ RWGZH DMRJ> RB> DRGZ <L JHWD>
目标:     0 0 14 0 0 3 0 0 0 0 5 0 0 1 0 0 0 2 0 0 4 0 0 1 0 0 3 0 0 0 0 0 0 0 0 2
预测:     6 0 14 0 0 3 0 0 0 0 5 0 0 1 0 0 0 2 0 0 4 0 0 1 0 0 3 0 0 0 0 0 0 0 0 2
准确率:    0.9722 (35/36)
----------------------------------------
输入:       RWGZH DMRJ> RB> DRGZ <L JHWD> <L
目标:     0 0 0 0 5 0 0 1 0 0 0 2 0 0 4 0 0 1 0 0 3 0 0 0 0 0 0 0 0 2 0 0 0
预测:     0 0 0 0 5 0 0 1 0 0 0 2 0 0 4 0 0 1 0 0 3 0 0 0 0 0 0 0 0 2 0 0 0
准确率:    1.0000 (33/33)
----------------------------------------
⏳ 验证无提升 (验证准确率: 0.9649 ≤ 0.9650)，patience: 13/50

======================================================================
🚀 Epoch 60/200
======================================================================
📚 开始训练阶段...
训练进度: 500/3164 损失=0.0218
训练进度: 1000/3164 损失=0.0153
训练进度: 1500/3164 损失=0.0028
训练进度: 2000/3164 损失=0.0139
训练进度: 2500/3164 损失=0.0146
训练进度: 3000/3164 损失=0.0065
训练进度: 3164/3164 损失=0.0156
✅ 训练完成，耗时: 673.2秒 (11.2分钟)

============================================================
📊 验证决策: Epoch 60/200
   验证间隔: 1
   是否验证: ✅ 是
   原因: 达到验证间隔 (0 == 0)
============================================================

🔍 开始验证...
验证进度: 500/686 损失=0.0554
验证进度: 686/686 损失=0.5194

📊 预测分布分析:
  - 预测的前5个类别: {np.int64(0): 282302, np.int64(1): 37207, np.int64(2): 14642, np.int64(3): 10796, np.int64(4): 8622}
  - 标签的前5个类别: {np.int64(0): 281232, np.int64(1): 36731, np.int64(2): 14789, np.int64(3): 10866, np.int64(4): 8585}
✅ 验证完成，耗时: 79.2秒 (1.3分钟)
训练损失: 0.0192
验证损失: 0.4107
验证准确率: 0.9644 (10574/10964) - 与Levenshtein高度相关
验证F1(加权): 0.9637 - 类别平衡更好
学习率: 0.000080
显存使用: 0.47GB (预留: 0.69GB)

生成的训练样本:
--------------------------------------------------------------------------------
输入:       QJM> WCDRH WGBR> XD MN BNJ NBJ>
目标:     0 0 0 4 0 0 1 0 0 51 0 0 1 0 0 4 0 0 0 2 0 0 0 0 0 2 0 0 0 0 11 0
预测:     0 0 0 4 0 0 1 0 0 51 0 0 1 0 0 4 0 0 0 2 0 0 0 0 0 2 0 0 0 0 11 0
准确率:    1.0000 (32/32)
----------------------------------------
输入:       LK JWMN> N<BDK MRJ> >LHK L<L MN
目标:     0 1 0 0 0 0 0 4 0 0 6 0 0 29 0 0 0 0 0 2 0 0 0 5 0 0 1 0 0 0 0 0
预测:     0 1 0 0 0 0 0 4 0 0 6 0 0 29 0 0 0 0 0 2 0 0 0 5 0 0 1 0 0 0 0 0
准确率:    1.0000 (32/32)
----------------------------------------
输入:       JD<JN >NTWN D<MRN B>R<> DMYRJN W<BRN BJT
目标:     0 0 0 7 0 0 0 0 0 0 0 0 0 1 0 0 3 0 0 1 0 0 4 0 0 1 0 0 0 0 2 0 1 0 0 3 0 0 0 66 0
预测:     0 0 0 7 0 0 0 0 0 0 0 0 0 1 0 0 3 0 0 1 0 0 4 0 0 1 0 0 0 0 2 0 1 0 0 3 0 0 0 66 0
准确率:    1.0000 (41/41)
----------------------------------------

生成的验证样本:
--------------------------------------------------------------------------------
输入:       >TPNJ RWGZH DMRJ> RB> DRGZ <L JHWD>
目标:     0 0 14 0 0 3 0 0 0 0 5 0 0 1 0 0 0 2 0 0 4 0 0 1 0 0 3 0 0 0 0 0 0 0 0 2
预测:     0 0 14 0 0 3 0 0 0 0 5 0 0 1 0 0 0 2 0 0 4 0 0 1 0 0 3 0 0 0 0 0 0 0 0 2
准确率:    1.0000 (36/36)
----------------------------------------
输入:       RWGZH DMRJ> RB> DRGZ <L JHWD> <L
目标:     0 0 0 0 5 0 0 1 0 0 0 2 0 0 4 0 0 1 0 0 3 0 0 0 0 0 0 0 0 2 0 0 0
预测:     0 0 0 0 5 0 0 1 0 0 0 2 0 0 4 0 0 1 0 0 3 0 0 0 0 0 0 0 0 2 0 0 0
准确率:    1.0000 (33/33)
----------------------------------------
⏳ 验证无提升 (验证准确率: 0.9644 ≤ 0.9650)，patience: 14/50

======================================================================
🚀 Epoch 61/200
======================================================================
📚 开始训练阶段...
训练进度: 500/3164 损失=0.0116
训练进度: 1000/3164 损失=0.0144
训练进度: 1500/3164 损失=0.0211
训练进度: 2000/3164 损失=0.0112
训练进度: 2500/3164 损失=0.0220
训练进度: 3000/3164 损失=0.0204
训练进度: 3164/3164 损失=0.0375
✅ 训练完成，耗时: 672.0秒 (11.2分钟)

============================================================
📊 验证决策: Epoch 61/200
   验证间隔: 1
   是否验证: ✅ 是
   原因: 达到验证间隔 (0 == 0)
============================================================

🔍 开始验证...
验证进度: 500/686 损失=0.1442
验证进度: 686/686 损失=0.5838

📊 预测分布分析:
  - 预测的前5个类别: {np.int64(0): 282318, np.int64(1): 37217, np.int64(2): 14627, np.int64(3): 10747, np.int64(4): 9045}
  - 标签的前5个类别: {np.int64(0): 281232, np.int64(1): 36731, np.int64(2): 14789, np.int64(3): 10866, np.int64(4): 8585}
✅ 验证完成，耗时: 78.9秒 (1.3分钟)
训练损失: 0.0187
验证损失: 0.3993
验证准确率: 0.9652 (10582/10964) - 与Levenshtein高度相关
验证F1(加权): 0.9644 - 类别平衡更好
学习率: 0.000079
显存使用: 0.47GB (预留: 0.69GB)

生成的训练样本:
--------------------------------------------------------------------------------
输入:       WT<BD KL <BDK WJWM> DCB<> CBT> LMRJ>
目标:     0 1 6 0 0 3 0 0 2 0 0 0 98 0 0 1 0 0 4 0 0 1 0 0 2 0 0 0 13 9 0 0 1 0 0 0 2
预测:     0 1 6 0 0 3 0 0 2 0 0 0 98 0 0 1 0 0 4 0 0 1 0 0 2 0 0 0 13 9 0 0 1 0 0 0 2
准确率:    1.0000 (37/37)
----------------------------------------
输入:       HJ DBRNC> WMVL HN> XD> >MTJ D<BD
目标:     0 0 12 0 1 0 84 0 4 0 0 1 0 0 0 0 0 0 0 0 0 10 7 0 0 0 0 0 0 1 0 0 7
预测:     0 0 12 0 1 0 84 0 4 0 0 1 0 0 0 0 0 0 0 0 0 10 7 0 0 0 0 0 0 1 0 0 7
准确率:    1.0000 (33/33)
----------------------------------------
输入:       MN QRJT> WRGMWHJ BK>P> WMJT WCLXW L>JZBL
目标:     0 0 0 0 0 0 22 9 0 0 1 0 0 3 1 0 0 0 1 0 0 11 0 0 1 20 0 3 0 1 0 0 3 0 0 1 0 0 0 0 2
预测:     0 0 0 0 0 0 22 9 0 0 1 0 0 3 1 0 0 0 1 0 0 11 0 0 1 20 0 3 0 1 0 0 3 0 0 1 0 0 0 0 2
准确率:    1.0000 (41/41)
----------------------------------------

生成的验证样本:
--------------------------------------------------------------------------------
输入:       >TPNJ RWGZH DMRJ> RB> DRGZ <L JHWD>
目标:     0 0 14 0 0 3 0 0 0 0 5 0 0 1 0 0 0 2 0 0 4 0 0 1 0 0 3 0 0 0 0 0 0 0 0 2
预测:     0 0 14 0 0 3 0 0 0 0 5 0 0 1 0 0 0 2 0 0 4 0 0 1 0 0 3 0 0 0 0 0 0 0 0 2
准确率:    1.0000 (36/36)
----------------------------------------
输入:       RWGZH DMRJ> RB> DRGZ <L JHWD> <L
目标:     0 0 0 0 5 0 0 1 0 0 0 2 0 0 4 0 0 1 0 0 3 0 0 0 0 0 0 0 0 2 0 0 0
预测:     0 0 0 0 5 0 0 1 0 0 0 2 0 0 4 0 0 1 0 0 3 0 0 0 0 0 0 0 0 2 0 0 0
准确率:    1.0000 (33/33)
----------------------------------------
💾 保存新的最佳模型！验证准确率: 0.9652 (F1: 0.9644) (Epoch 61)

======================================================================
🚀 Epoch 62/200
======================================================================
📚 开始训练阶段...
训练进度: 500/3164 损失=0.0038
训练进度: 1000/3164 损失=0.0142
训练进度: 1500/3164 损失=0.0356
训练进度: 2000/3164 损失=0.0219
训练进度: 2500/3164 损失=0.0392
训练进度: 3000/3164 损失=0.0375
训练进度: 3164/3164 损失=0.0355
✅ 训练完成，耗时: 673.7秒 (11.2分钟)

============================================================
📊 验证决策: Epoch 62/200
   验证间隔: 1
   是否验证: ✅ 是
   原因: 达到验证间隔 (0 == 0)
============================================================

🔍 开始验证...
验证进度: 500/686 损失=0.1297
验证进度: 686/686 损失=0.5703

📊 预测分布分析:
  - 预测的前5个类别: {np.int64(0): 282618, np.int64(1): 37067, np.int64(2): 14677, np.int64(3): 10809, np.int64(4): 8835}
  - 标签的前5个类别: {np.int64(0): 281232, np.int64(1): 36731, np.int64(2): 14789, np.int64(3): 10866, np.int64(4): 8585}
✅ 验证完成，耗时: 79.5秒 (1.3分钟)
训练损失: 0.0186
验证损失: 0.4071
验证准确率: 0.9652 (10582/10964) - 与Levenshtein高度相关
验证F1(加权): 0.9643 - 类别平衡更好
学习率: 0.000079
显存使用: 0.48GB (预留: 0.69GB)

生成的训练样本:
--------------------------------------------------------------------------------
输入:       <L GB HJKL> D>XB MLK> DCMRJN W>MR
目标:     0 0 0 0 54 2 0 0 0 0 4 0 0 1 0 0 2 0 0 0 4 0 0 1 0 0 0 0 2 0 1 0 0 3
预测:     0 0 0 0 54 2 0 0 0 0 4 0 0 1 0 0 2 0 0 0 4 0 0 1 0 0 0 0 2 0 1 0 0 3
准确率:    1.0000 (34/34)
----------------------------------------
输入:       MRJ> >LHK <MM> DMRJ> >LHK JHB LK
目标:     0 0 0 0 2 0 0 0 5 0 0 0 8 30 0 0 1 0 0 0 2 0 0 0 5 0 0 0 0 7 0 1 0
预测:     0 0 0 0 2 0 0 0 5 0 0 0 8 30 0 0 1 0 0 0 2 0 0 0 5 0 0 0 0 7 0 1 0
准确率:    1.0000 (33/33)
----------------------------------------
输入:       >R<> WSGD W>MR NTN MRJ MLK> >NT
目标:     0 0 0 4 0 0 1 0 0 3 0 1 0 0 3 0 0 0 2 0 0 56 0 0 0 0 4 0 0 0 0 0
预测:     0 0 0 4 0 0 1 0 0 3 0 1 0 0 3 0 0 0 2 0 0 56 0 0 0 0 4 0 0 0 0 0
准确率:    1.0000 (32/32)
----------------------------------------

生成的验证样本:
--------------------------------------------------------------------------------
输入:       >TPNJ RWGZH DMRJ> RB> DRGZ <L JHWD>
目标:     0 0 14 0 0 3 0 0 0 0 5 0 0 1 0 0 0 2 0 0 4 0 0 1 0 0 3 0 0 0 0 0 0 0 0 2
预测:     0 0 14 0 0 3 0 0 0 0 5 0 0 1 0 0 0 2 0 0 4 0 0 1 0 0 3 0 0 0 0 0 0 0 0 2
准确率:    1.0000 (36/36)
----------------------------------------
输入:       RWGZH DMRJ> RB> DRGZ <L JHWD> <L
目标:     0 0 0 0 5 0 0 1 0 0 0 2 0 0 4 0 0 1 0 0 3 0 0 0 0 0 0 0 0 2 0 0 0
预测:     0 0 0 0 5 0 0 1 0 0 0 2 0 0 4 0 0 1 0 0 3 0 0 0 0 0 0 0 0 2 0 0 0
准确率:    1.0000 (33/33)
----------------------------------------
💾 保存新的最佳模型！验证准确率: 0.9652 (F1: 0.9643) (Epoch 62)

======================================================================
🚀 Epoch 63/200
======================================================================
📚 开始训练阶段...
训练进度: 500/3164 损失=0.0183
训练进度: 1000/3164 损失=0.0294
训练进度: 1500/3164 损失=0.0192
训练进度: 2000/3164 损失=0.0074
训练进度: 2500/3164 损失=0.0030
训练进度: 3000/3164 损失=0.0159
训练进度: 3164/3164 损失=0.0281
✅ 训练完成，耗时: 675.0秒 (11.3分钟)

============================================================
📊 验证决策: Epoch 63/200
   验证间隔: 1
   是否验证: ✅ 是
   原因: 达到验证间隔 (0 == 0)
============================================================

🔍 开始验证...
验证进度: 500/686 损失=0.1281
验证进度: 686/686 损失=0.5845

📊 预测分布分析:
  - 预测的前5个类别: {np.int64(0): 282556, np.int64(1): 37037, np.int64(2): 14650, np.int64(3): 10615, np.int64(4): 8712}
  - 标签的前5个类别: {np.int64(0): 281232, np.int64(1): 36731, np.int64(2): 14789, np.int64(3): 10866, np.int64(4): 8585}
✅ 验证完成，耗时: 79.1秒 (1.3分钟)
训练损失: 0.0182
验证损失: 0.4105
验证准确率: 0.9650 (10579/10964) - 与Levenshtein高度相关
验证F1(加权): 0.9642 - 类别平衡更好
学习率: 0.000078
显存使用: 0.47GB (预留: 0.69GB)

生成的训练样本:
--------------------------------------------------------------------------------
输入:       DJN MN HNWN >JTJ> D>MR <LJHWN HW
目标:     0 0 0 0 0 0 0 0 0 0 0 12 0 0 0 24 9 0 0 1 0 0 7 0 0 8 1 0 0 0 0 0 0
预测:     0 0 0 0 0 0 0 0 0 0 0 12 0 0 0 24 9 0 0 1 0 0 7 0 0 8 1 0 0 0 0 0 0
准确率:    1.0000 (33/33)
----------------------------------------
输入:       <LWHJ MRJ> W>MR LH ZL BXJLK HN>
目标:     0 0 8 1 0 0 0 0 0 0 2 0 1 0 0 3 0 1 0 21 0 3 0 1 0 0 5 0 0 0 0 0
预测:     0 0 8 1 0 0 0 0 0 0 2 0 1 0 0 3 0 1 0 21 0 3 0 1 0 0 5 0 0 0 0 0
准确率:    1.0000 (32/32)
----------------------------------------
输入:       WMSKJN LCM<K PCR MTL> DXKMT> BKTB> WBNBJWT>
目标:     0 1 6 0 0 7 19 0 1 0 0 74 0 0 0 0 7 0 0 0 11 0 0 1 0 0 13 9 0 0 1 0 0 15 0 0 1 1 0 0 0 2 9 0
预测:     0 1 6 0 0 7 19 0 1 0 0 74 0 0 0 0 7 0 0 0 11 0 0 1 0 0 13 9 0 0 1 0 0 15 0 0 1 1 0 0 0 2 9 0
准确率:    1.0000 (44/44)
----------------------------------------

生成的验证样本:
--------------------------------------------------------------------------------
输入:       >TPNJ RWGZH DMRJ> RB> DRGZ <L JHWD>
目标:     0 0 14 0 0 3 0 0 0 0 5 0 0 1 0 0 0 2 0 0 4 0 0 1 0 0 3 0 0 0 0 0 0 0 0 2
预测:     0 0 14 0 0 3 0 0 0 0 5 0 0 1 0 0 0 2 0 0 4 0 0 1 0 0 3 0 0 0 0 0 0 0 0 2
准确率:    1.0000 (36/36)
----------------------------------------
输入:       RWGZH DMRJ> RB> DRGZ <L JHWD> <L
目标:     0 0 0 0 5 0 0 1 0 0 0 2 0 0 4 0 0 1 0 0 3 0 0 0 0 0 0 0 0 2 0 0 0
预测:     0 0 0 0 5 0 0 1 0 0 0 2 0 0 4 0 0 1 0 0 3 0 0 0 0 0 0 0 0 2 0 0 0
准确率:    1.0000 (33/33)
----------------------------------------
⏳ 验证无提升 (验证准确率: 0.9650 ≤ 0.9652)，patience: 1/50

======================================================================
🚀 Epoch 64/200
======================================================================
📚 开始训练阶段...
训练进度: 500/3164 损失=0.0310
训练进度: 1000/3164 损失=0.0119
训练进度: 1500/3164 损失=0.0188
训练进度: 2000/3164 损失=0.0117
训练进度: 2500/3164 损失=0.0071
训练进度: 3000/3164 损失=0.0150
训练进度: 3164/3164 损失=0.0128
✅ 训练完成，耗时: 674.0秒 (11.2分钟)

============================================================
📊 验证决策: Epoch 64/200
   验证间隔: 1
   是否验证: ✅ 是
   原因: 达到验证间隔 (0 == 0)
============================================================

🔍 开始验证...
验证进度: 500/686 损失=0.0783
验证进度: 686/686 损失=0.5190

📊 预测分布分析:
  - 预测的前5个类别: {np.int64(0): 282568, np.int64(1): 37034, np.int64(2): 14605, np.int64(3): 10798, np.int64(4): 8752}
  - 标签的前5个类别: {np.int64(0): 281232, np.int64(1): 36731, np.int64(2): 14789, np.int64(3): 10866, np.int64(4): 8585}
✅ 验证完成，耗时: 79.3秒 (1.3分钟)
训练损失: 0.0174
验证损失: 0.4189
验证准确率: 0.9649 (10579/10964) - 与Levenshtein高度相关
验证F1(加权): 0.9640 - 类别平衡更好
学习率: 0.000077
显存使用: 0.48GB (预留: 0.69GB)

生成的训练样本:
--------------------------------------------------------------------------------
输入:       LXWX> MXRB XRBT L>DWM W>RJMK LBK >TJQR
目标:     0 1 0 0 4 0 0 6 0 0 7 0 0 0 3 12 0 1 0 0 0 2 0 1 17 20 0 29 0 0 0 5 0 6 0 14 0 0 16
预测:     0 1 0 0 4 0 0 6 0 0 7 0 0 0 3 12 0 1 0 0 0 2 0 1 17 20 0 29 0 0 0 5 0 6 0 14 0 0 16
准确率:    1.0000 (39/39)
----------------------------------------
输入:       LMYPJ> LBJTH WH> BRTH NPQT L>WR<H BPLG>
目标:     0 1 0 0 0 0 2 0 1 0 0 5 0 0 1 0 0 0 0 13 1 0 0 0 0 3 26 0 1 0 0 0 5 0 0 1 0 0 82 0
预测:     0 1 0 0 0 0 2 0 1 0 0 5 0 0 1 0 0 0 0 13 1 0 0 0 0 3 26 0 1 0 0 0 5 0 0 1 0 0 82 0
准确率:    1.0000 (40/40)
----------------------------------------
输入:       MVL DXTN> HW> DBJT >XB W>ZL JWRM
目标:     0 0 0 0 0 1 0 0 4 0 0 0 10 3 0 1 0 0 2 0 0 0 2 0 1 0 0 3 0 0 0 0 2
预测:     0 0 0 0 0 1 0 0 4 0 0 0 10 3 0 1 0 0 2 0 0 0 2 0 1 0 0 3 0 0 0 0 2
准确率:    1.0000 (33/33)
----------------------------------------

生成的验证样本:
--------------------------------------------------------------------------------
输入:       >TPNJ RWGZH DMRJ> RB> DRGZ <L JHWD>
目标:     0 0 14 0 0 3 0 0 0 0 5 0 0 1 0 0 0 2 0 0 4 0 0 1 0 0 3 0 0 0 0 0 0 0 0 2
预测:     0 0 14 0 0 3 0 0 0 0 5 0 0 1 0 0 0 2 0 0 4 0 0 1 0 0 3 0 0 0 0 0 0 0 0 2
准确率:    1.0000 (36/36)
----------------------------------------
输入:       RWGZH DMRJ> RB> DRGZ <L JHWD> <L
目标:     0 0 0 0 5 0 0 1 0 0 0 2 0 0 4 0 0 1 0 0 3 0 0 0 0 0 0 0 0 2 0 0 0
预测:     0 0 0 0 5 0 0 1 0 0 0 2 0 0 4 0 0 1 0 0 3 0 0 0 0 0 0 0 0 2 0 0 0
准确率:    1.0000 (33/33)
----------------------------------------
⏳ 验证无提升 (验证准确率: 0.9649 ≤ 0.9652)，patience: 2/50

======================================================================
🚀 Epoch 65/200
======================================================================
📚 开始训练阶段...
训练进度: 500/3164 损失=0.0166
训练进度: 1000/3164 损失=0.0286
训练进度: 1500/3164 损失=0.0099
训练进度: 2000/3164 损失=0.0459
训练进度: 2500/3164 损失=0.0341
训练进度: 3000/3164 损失=0.0144
训练进度: 3164/3164 损失=0.0085
✅ 训练完成，耗时: 673.4秒 (11.2分钟)

============================================================
📊 验证决策: Epoch 65/200
   验证间隔: 1
   是否验证: ✅ 是
   原因: 达到验证间隔 (0 == 0)
============================================================

🔍 开始验证...
验证进度: 500/686 损失=0.1130
验证进度: 686/686 损失=0.6150

📊 预测分布分析:
  - 预测的前5个类别: {np.int64(0): 282466, np.int64(1): 37015, np.int64(2): 14643, np.int64(3): 10947, np.int64(4): 8577}
  - 标签的前5个类别: {np.int64(0): 281232, np.int64(1): 36731, np.int64(2): 14789, np.int64(3): 10866, np.int64(4): 8585}
✅ 验证完成，耗时: 79.2秒 (1.3分钟)
训练损失: 0.0173
验证损失: 0.4146
验证准确率: 0.9646 (10575/10964) - 与Levenshtein高度相关
验证F1(加权): 0.9638 - 类别平衡更好
学习率: 0.000077
显存使用: 0.47GB (预留: 0.69GB)

生成的训练样本:
--------------------------------------------------------------------------------
输入:       WHW> TMN L<M> RB> W<CJN> W>B>CW LN
目标:     0 1 0 10 3 0 0 0 0 0 1 0 15 0 0 0 4 0 0 1 0 8 0 43 27 0 1 17 0 0 3 0 0 1 0
预测:     0 1 0 10 3 0 0 0 0 0 1 0 15 0 0 0 4 0 0 1 0 8 0 43 27 0 1 17 0 0 3 0 0 1 0
准确率:    1.0000 (35/35)
----------------------------------------
输入:       BJT YD<> WBJT >CTW>JL BQBRH DMNWX >BWHJ
目标:     0 0 66 0 0 0 0 0 2 0 1 0 66 0 0 0 0 0 0 0 0 2 0 1 0 0 37 0 0 1 0 0 0 2 0 0 8 5 0 0
预测:     0 0 66 0 0 0 0 0 2 0 1 0 66 0 0 0 0 0 0 0 0 2 0 1 0 0 37 0 0 1 0 0 0 2 0 0 8 5 0 0
准确率:    1.0000 (40/40)
----------------------------------------
输入:       WPSG> DBRMT> MN MDNX> WPQDTKWN BH BZBN>
目标:     0 1 0 0 0 2 0 1 1 0 13 9 0 0 0 0 0 0 0 0 4 0 0 1 0 0 3 67 0 0 0 0 1 0 0 1 0 0 4 0
预测:     0 1 0 0 0 2 0 1 1 0 13 9 0 0 0 0 0 0 0 0 4 0 0 1 0 0 3 67 0 0 0 0 1 0 0 1 0 0 4 0
准确率:    1.0000 (40/40)
----------------------------------------

生成的验证样本:
--------------------------------------------------------------------------------
输入:       >TPNJ RWGZH DMRJ> RB> DRGZ <L JHWD>
目标:     0 0 14 0 0 3 0 0 0 0 5 0 0 1 0 0 0 2 0 0 4 0 0 1 0 0 3 0 0 0 0 0 0 0 0 2
预测:     0 0 14 0 0 3 0 0 0 0 5 0 0 1 0 0 0 2 0 0 4 0 0 1 0 0 3 0 0 0 0 0 0 0 0 2
准确率:    1.0000 (36/36)
----------------------------------------
输入:       RWGZH DMRJ> RB> DRGZ <L JHWD> <L
目标:     0 0 0 0 5 0 0 1 0 0 0 2 0 0 4 0 0 1 0 0 3 0 0 0 0 0 0 0 0 2 0 0 0
预测:     0 0 0 0 5 0 0 1 0 0 0 2 0 0 4 0 0 1 0 0 3 0 0 0 0 0 0 0 0 2 0 0 0
准确率:    1.0000 (33/33)
----------------------------------------
⏳ 验证无提升 (验证准确率: 0.9646 ≤ 0.9652)，patience: 3/50

======================================================================
🚀 Epoch 66/200
======================================================================
📚 开始训练阶段...
00/3164 损失=0.0123
训练进度: 3164/3164 损失=0.0061
✅ 训练完成，耗时: 57.5秒 (1.0分钟)

============================================================
📊 验证决策: Epoch 66/200
   验证间隔: 1
   是否验证: ✅ 是
   原因: 达到验证间隔 (0 == 0)
============================================================

🔍 开始验证...
验证进度: 500/686 损失=0.1236
验证进度: 686/686 损失=0.6247

📊 预测分布分析:
  - 预测的前5个类别: {np.int64(0): 282180, np.int64(1): 37066, np.int64(2): 14794, np.int64(3): 10731, np.int64(4): 8793}
  - 标签的前5个类别: {np.int64(0): 281232, np.int64(1): 36731, np.int64(2): 14789, np.int64(3): 10866, np.int64(4): 8585}
✅ 验证完成，耗时: 4.7秒 (0.1分钟)
训练损失: 0.0163
验证损失: 0.4147
验证准确率: 0.9653 (10583/10964) - 与Levenshtein高度相关
验证F1(加权): 0.9647 - 类别平衡更好
学习率: 0.000076
显存使用: 0.48GB (预留: 0.69GB)

生成的训练样本:
--------------------------------------------------------------------------------
输入:       ZBN> MVL DLJT DN>MR LK MN> <BD
目标:     0 0 0 4 0 0 0 0 0 0 1 58 0 24 0 1 6 0 0 3 0 1 0 0 0 0 0 0 0 0 7
预测:     0 0 0 4 0 0 0 0 0 0 1 58 0 24 0 1 6 0 0 3 0 1 0 0 0 0 0 0 0 0 7
准确率:    1.0000 (31/31)
----------------------------------------
输入:       PWMH MN JWMWHJ L> Z< MN BRNC>
目标:     0 0 0 5 0 0 0 0 0 0 0 25 1 0 0 0 0 0 0 31 3 0 0 0 0 0 84 0 4 0
预测:     0 0 0 5 0 0 0 0 0 0 0 25 1 0 0 0 0 0 0 31 3 0 0 0 0 0 84 0 4 0
准确率:    1.0000 (30/30)
----------------------------------------
输入:       >LHK TWR> >W >MR> D>JT BH MWM>
目标:     0 0 0 5 0 0 0 0 4 0 0 0 0 0 0 0 15 0 0 1 0 0 24 0 1 0 0 0 0 4 0
预测:     0 0 0 5 0 0 0 0 4 0 0 0 0 0 0 0 15 0 0 1 0 0 24 0 1 0 0 0 0 4 0
准确率:    1.0000 (31/31)
----------------------------------------

生成的验证样本:
--------------------------------------------------------------------------------
输入:       YBJNH D>LH> LMSV> MN KL DBJC WKLJ
目标:     0 0 0 0 5 0 0 1 0 0 4 0 0 1 6 0 10 7 0 0 0 0 0 2 0 1 0 0 2 0 36 0 0 3
预测:     0 0 0 0 5 0 0 1 0 0 4 0 0 1 6 0 10 7 0 0 0 0 0 2 0 1 0 0 2 0 36 0 0 3
准确率:    1.0000 (34/34)
----------------------------------------
输入:       D>LH> LMSV> MN KL DBJC WKLJ XJLK
目标:     0 1 0 0 4 0 0 1 6 0 10 7 0 0 0 0 0 2 0 1 0 0 2 0 36 0 0 3 0 0 0 5 0
预测:     0 1 0 0 4 0 0 1 6 0 10 7 0 0 0 0 0 2 0 1 0 0 2 0 36 0 0 3 0 0 0 5 0
准确率:    1.0000 (33/33)
----------------------------------------
⏳ 验证无提升 (验证准确率: 0.9653 ≤ 0.9657)，patience: 2/50

======================================================================
🚀 Epoch 67/200
======================================================================
📚 开始训练阶段...
训练进度: 500/3164 损失=0.0090
训练进度: 1000/3164 损失=0.0210
训练进度: 1500/3164 损失=0.0230
训练进度: 2000/3164 损失=0.0351
训练进度: 2500/3164 损失=0.0034
训练进度: 3000/3164 损失=0.0339
训练进度: 3164/3164 损失=0.0111
✅ 训练完成，耗时: 57.4秒 (1.0分钟)

============================================================
📊 验证决策: Epoch 67/200
   验证间隔: 1
   是否验证: ✅ 是
   原因: 达到验证间隔 (0 == 0)
============================================================

🔍 开始验证...
验证进度: 500/686 损失=0.0858
验证进度: 686/686 损失=0.7977

📊 预测分布分析:
  - 预测的前5个类别: {np.int64(0): 282537, np.int64(1): 37122, np.int64(2): 14772, np.int64(3): 10913, np.int64(4): 8884}
  - 标签的前5个类别: {np.int64(0): 281232, np.int64(1): 36731, np.int64(2): 14789, np.int64(3): 10866, np.int64(4): 8585}
✅ 验证完成，耗时: 4.7秒 (0.1分钟)
训练损失: 0.0162
验证损失: 0.4316
验证准确率: 0.9658 (10588/10964) - 与Levenshtein高度相关
验证F1(加权): 0.9650 - 类别平衡更好
学习率: 0.000075
显存使用: 0.48GB (预留: 0.69GB)

生成的训练样本:
--------------------------------------------------------------------------------
输入:       DKTJBJN BKTB> HN> WTTPN> LWT MRJ> >LHK
目标:     0 1 0 8 0 7 0 27 0 1 0 0 15 0 0 0 0 0 0 1 21 14 0 10 3 0 0 0 0 0 0 0 0 2 0 0 0 5 0
预测:     0 1 0 8 0 7 0 27 0 1 0 0 15 0 0 0 0 0 0 1 21 14 0 10 3 0 0 0 0 0 0 0 0 2 0 0 0 5 0
准确率:    1.0000 (39/39)
----------------------------------------
输入:       W><BD PWRQN> GLJ>JT M>MRH DMRJ> M>MR> HW
目标:     0 1 6 0 0 3 0 0 0 0 0 4 0 0 0 0 0 0 0 0 0 0 0 0 5 0 0 1 0 0 0 2 0 0 0 0 4 0 0 0 12
预测:     0 1 6 0 0 3 0 0 0 0 0 4 0 0 0 0 0 0 0 0 0 0 0 0 5 0 0 1 0 0 0 2 0 0 0 0 4 0 0 0 12
准确率:    1.0000 (41/41)
----------------------------------------
输入:       CMJ< LHWN WJWNJ> W<BRJ> WBRBRJ> WVJJ> DHNWN
目标:     0 0 8 0 40 0 1 0 0 0 0 1 0 0 2 9 0 0 1 0 0 0 11 0 0 1 0 0 0 0 11 0 0 1 0 0 11 0 0 1 0 0 0 0
预测:     0 0 8 0 40 0 1 0 0 0 0 1 0 0 2 9 0 0 1 0 0 0 11 0 0 1 0 0 0 0 11 0 0 1 0 0 11 0 0 1 0 0 0 0
准确率:    1.0000 (44/44)
----------------------------------------

生成的验证样本:
--------------------------------------------------------------------------------
输入:       YBJNH D>LH> LMSV> MN KL DBJC WKLJ
目标:     0 0 0 0 5 0 0 1 0 0 4 0 0 1 6 0 10 7 0 0 0 0 0 2 0 1 0 0 2 0 36 0 0 3
预测:     0 0 0 0 5 0 0 1 0 0 4 0 0 1 6 0 10 7 0 0 0 0 0 2 0 1 0 0 2 0 36 0 0 3
准确率:    1.0000 (34/34)
----------------------------------------
输入:       D>LH> LMSV> MN KL DBJC WKLJ XJLK
目标:     0 1 0 0 4 0 0 1 6 0 10 7 0 0 0 0 0 2 0 1 0 0 2 0 36 0 0 3 0 0 0 5 0
预测:     0 1 0 0 4 0 0 1 6 0 10 7 0 0 0 0 0 2 0 1 0 0 2 0 36 0 0 3 0 0 0 5 0
准确率:    1.0000 (33/33)
----------------------------------------
💾 保存新的最佳模型！验证准确率: 0.9658 (F1: 0.9650) (Epoch 67)

======================================================================
🚀 Epoch 68/200
======================================================================
📚 开始训练阶段...
训练进度: 500/3164 损失=0.0219
训练进度: 1000/3164 损失=0.0122
训练进度: 1500/3164 损失=0.0027
训练进度: 2000/3164 损失=0.0131
训练进度: 2500/3164 损失=0.0031
训练进度: 3000/3164 损失=0.0112
训练进度: 3164/3164 损失=0.0028
✅ 训练完成，耗时: 57.3秒 (1.0分钟)

============================================================
📊 验证决策: Epoch 68/200
   验证间隔: 1
   是否验证: ✅ 是
   原因: 达到验证间隔 (0 == 0)
============================================================

🔍 开始验证...
验证进度: 500/686 损失=0.2119
验证进度: 686/686 损失=0.5657

📊 预测分布分析:
  - 预测的前5个类别: {np.int64(0): 282398, np.int64(1): 37104, np.int64(2): 14788, np.int64(3): 11006, np.int64(4): 9122}
  - 标签的前5个类别: {np.int64(0): 281232, np.int64(1): 36731, np.int64(2): 14789, np.int64(3): 10866, np.int64(4): 8585}
✅ 验证完成，耗时: 4.7秒 (0.1分钟)
训练损失: 0.0157
验证损失: 0.4307
验证准确率: 0.9656 (10586/10964) - 与Levenshtein高度相关
验证F1(加权): 0.9647 - 类别平衡更好
学习率: 0.000075
显存使用: 0.48GB (预留: 0.69GB)

生成的训练样本:
--------------------------------------------------------------------------------
输入:       >LHHWN W<BDW LHWN NSJK> TRJN <GL> W<BDW
目标:     0 0 0 5 0 0 0 0 1 0 0 3 0 0 1 0 0 0 0 0 8 0 65 27 0 0 2 0 12 0 0 0 30 0 0 1 0 0 3 0
预测:     0 0 0 5 0 0 0 0 1 0 0 3 0 0 1 0 0 0 0 0 8 0 65 27 0 0 2 0 12 0 0 0 30 0 0 1 0 0 3 0
准确率:    1.0000 (40/40)
----------------------------------------
输入:       HW DMXV> NPCH MNW NZKJWHJ WDXD> <L
目标:     0 0 0 0 1 6 0 10 41 0 0 0 5 0 0 0 71 0 0 6 0 0 133 0 0 0 0 1 1 0 10 7 0 0 0
预测:     0 0 0 0 1 6 0 10 41 0 0 0 5 0 0 0 71 0 0 6 0 0 133 0 0 0 0 1 1 0 10 7 0 0 0
准确率:    1.0000 (35/35)
----------------------------------------
输入:       DSDWM GPTHWN WMN CTLT> D<MWR> <NBJHWN <NBJN
目标:     0 1 0 0 0 2 0 0 13 1 0 0 0 0 1 0 0 0 0 0 13 9 0 0 1 0 0 0 4 0 0 0 0 13 1 0 0 0 0 0 0 13 0 0
预测:     0 1 0 0 0 2 0 0 13 1 0 0 0 0 1 0 0 0 0 0 13 9 0 0 1 0 0 0 4 0 0 0 0 13 1 0 0 0 0 0 0 13 0 0
准确率:    1.0000 (44/44)
----------------------------------------

生成的验证样本:
--------------------------------------------------------------------------------
输入:       YBJNH D>LH> LMSV> MN KL DBJC WKLJ
目标:     0 0 0 0 5 0 0 1 0 0 4 0 0 1 6 0 10 7 0 0 0 0 0 2 0 1 0 0 2 0 36 0 0 3
预测:     0 0 0 0 5 0 0 1 0 0 4 0 0 1 6 0 10 7 0 0 0 0 0 2 0 1 0 0 2 0 1 0 0 3
准确率:    0.9706 (33/34)
----------------------------------------
输入:       D>LH> LMSV> MN KL DBJC WKLJ XJLK
目标:     0 1 0 0 4 0 0 1 6 0 10 7 0 0 0 0 0 2 0 1 0 0 2 0 36 0 0 3 0 0 0 5 0
预测:     0 1 0 0 4 0 0 1 6 0 10 7 0 0 0 0 0 2 0 1 0 0 2 0 1 0 0 3 0 0 0 5 0
准确率:    0.9697 (32/33)
----------------------------------------
⏳ 验证无提升 (验证准确率: 0.9656 ≤ 0.9658)，patience: 1/50

======================================================================
🚀 Epoch 69/200
======================================================================
📚 开始训练阶段...
训练进度: 500/3164 损失=0.0082
训练进度: 1000/3164 损失=0.0030
训练进度: 1500/3164 损失=0.0117
训练进度: 2000/3164 损失=0.0103
训练进度: 2500/3164 损失=0.0122
训练进度: 3000/3164 损失=0.0193
训练进度: 3164/3164 损失=0.0218
✅ 训练完成，耗时: 57.3秒 (1.0分钟)

============================================================
📊 验证决策: Epoch 69/200
   验证间隔: 1
   是否验证: ✅ 是
   原因: 达到验证间隔 (0 == 0)
============================================================

🔍 开始验证...
验证进度: 500/686 损失=0.2498
验证进度: 686/686 损失=0.5808

📊 预测分布分析:
  - 预测的前5个类别: {np.int64(0): 282592, np.int64(1): 37097, np.int64(2): 14631, np.int64(3): 10789, np.int64(4): 9125}
  - 标签的前5个类别: {np.int64(0): 281232, np.int64(1): 36731, np.int64(2): 14789, np.int64(3): 10866, np.int64(4): 8585}
✅ 验证完成，耗时: 4.7秒 (0.1分钟)
训练损失: 0.0154
验证损失: 0.4238
验证准确率: 0.9660 (10591/10964) - 与Levenshtein高度相关
验证F1(加权): 0.9650 - 类别平衡更好
学习率: 0.000074
显存使用: 0.47GB (预留: 0.69GB)

生成的训练样本:
--------------------------------------------------------------------------------
输入:       W>MR LHWN ZLW C>LW MN B<LZBWB >LH>
目标:     0 1 0 0 3 0 1 0 0 0 21 0 3 0 6 0 0 3 0 0 0 0 0 0 0 0 0 0 0 2 0 0 0 4 0
预测:     0 1 0 0 3 0 1 0 0 0 21 0 3 0 6 0 0 3 0 0 0 0 0 0 0 0 0 0 0 2 0 0 0 4 0
准确率:    1.0000 (35/35)
----------------------------------------
输入:       B>NC> DGLWT> WBPWMH DSKL> HJ SGJ>> MTRGRG
目标:     0 1 0 0 11 0 0 0 0 0 2 9 0 0 1 1 0 0 5 0 0 1 0 0 4 0 0 0 12 0 0 0 0 2 0 0 21 14 0 0 0 41
预测:     0 1 0 0 11 0 0 0 0 0 2 9 0 0 1 1 0 0 5 0 0 1 0 0 4 0 0 0 12 0 0 0 0 2 0 0 21 14 0 0 0 41
准确率:    1.0000 (42/42)
----------------------------------------
输入:       TQJPHWN >CLM >NWN WMRJ> XBC >NWN MVL
目标:     0 0 8 0 147 0 0 0 0 17 0 0 3 0 0 0 0 0 0 1 0 0 0 2 0 0 0 3 0 0 0 0 0 0 0 0 0
预测:     0 0 8 0 147 0 0 0 0 17 0 0 3 0 0 0 0 0 0 1 0 0 0 2 0 0 0 3 0 0 0 0 0 0 0 0 0
准确率:    1.0000 (37/37)
----------------------------------------

生成的验证样本:
--------------------------------------------------------------------------------
输入:       YBJNH D>LH> LMSV> MN KL DBJC WKLJ
目标:     0 0 0 0 5 0 0 1 0 0 4 0 0 1 6 0 10 7 0 0 0 0 0 2 0 1 0 0 2 0 36 0 0 3
预测:     0 0 0 0 5 0 0 1 0 0 4 0 0 1 6 0 10 7 0 0 0 0 0 2 0 1 0 0 2 0 36 0 0 3
准确率:    1.0000 (34/34)
----------------------------------------
输入:       D>LH> LMSV> MN KL DBJC WKLJ XJLK
目标:     0 1 0 0 4 0 0 1 6 0 10 7 0 0 0 0 0 2 0 1 0 0 2 0 36 0 0 3 0 0 0 5 0
预测:     0 1 0 0 4 0 0 1 6 0 10 7 0 0 0 0 0 2 0 1 0 0 2 0 36 0 0 3 0 0 0 5 0
准确率:    1.0000 (33/33)
----------------------------------------
💾 保存新的最佳模型！验证准确率: 0.9660 (F1: 0.9650) (Epoch 69)

======================================================================
🚀 Epoch 70/200
======================================================================
📚 开始训练阶段...
训练进度: 500/3164 损失=0.0119
训练进度: 1000/3164 损失=0.0354
训练进度: 1500/3164 损失=0.0102
训练进度: 2000/3164 损失=0.0237
训练进度: 2500/3164 损失=0.0243
训练进度: 3000/3164 损失=0.0019
训练进度: 3164/3164 损失=0.0117
✅ 训练完成，耗时: 57.5秒 (1.0分钟)

============================================================
📊 验证决策: Epoch 70/200
   验证间隔: 1
   是否验证: ✅ 是
   原因: 达到验证间隔 (0 == 0)
============================================================

🔍 开始验证...
验证进度: 500/686 损失=0.1570
验证进度: 686/686 损失=0.5238

📊 预测分布分析:
  - 预测的前5个类别: {np.int64(0): 282183, np.int64(1): 37077, np.int64(2): 14804, np.int64(3): 10778, np.int64(4): 8795}
  - 标签的前5个类别: {np.int64(0): 281232, np.int64(1): 36731, np.int64(2): 14789, np.int64(3): 10866, np.int64(4): 8585}
✅ 验证完成，耗时: 4.7秒 (0.1分钟)
训练损失: 0.0152
验证损失: 0.4293
验证准确率: 0.9655 (10585/10964) - 与Levenshtein高度相关
验证F1(加权): 0.9648 - 类别平衡更好
学习率: 0.000073
显存使用: 0.47GB (预留: 0.69GB)

生成的训练样本:
--------------------------------------------------------------------------------
输入:       JWSP WHW> BZBN> HW WJWRB<M NPQ MN
目标:     0 0 0 0 2 0 1 0 10 3 0 1 0 0 4 0 0 0 12 0 1 0 0 0 0 0 2 0 0 0 3 0 0 0
预测:     0 0 0 0 2 0 1 0 10 3 0 1 0 0 4 0 0 0 12 0 1 0 0 0 0 0 2 0 0 0 3 0 0 0
准确率:    1.0000 (34/34)
----------------------------------------
输入:       L> TQVWR R>Z> W<M <BD> DB<> LMVLM
目标:     0 0 0 0 6 0 8 0 3 0 0 0 4 0 0 1 0 0 0 0 0 15 0 0 1 0 10 7 0 1 6 0 0 7
预测:     0 0 0 0 6 0 8 0 3 0 0 0 4 0 0 1 0 0 0 0 0 15 0 0 1 0 10 7 0 1 6 0 0 7
准确率:    1.0000 (34/34)
----------------------------------------
输入:       >PJHWN W>BRK >NWN WPY> LNPCJ MN RCJ<>
目标:     0 54 2 1 0 0 0 0 36 17 0 0 3 0 0 0 0 0 0 36 0 10 16 0 1 0 0 5 0 0 0 0 0 0 0 0 11 0
预测:     0 54 2 1 0 0 0 0 36 17 0 0 3 0 0 0 0 0 0 36 0 10 16 0 1 0 0 5 0 0 0 0 0 0 0 0 11 0
准确率:    1.0000 (38/38)
----------------------------------------

生成的验证样本:
--------------------------------------------------------------------------------
输入:       YBJNH D>LH> LMSV> MN KL DBJC WKLJ
目标:     0 0 0 0 5 0 0 1 0 0 4 0 0 1 6 0 10 7 0 0 0 0 0 2 0 1 0 0 2 0 36 0 0 3
预测:     0 0 0 0 5 0 0 1 0 0 4 0 0 1 6 0 10 7 0 0 0 0 0 2 0 1 0 0 2 0 36 0 0 3
准确率:    1.0000 (34/34)
----------------------------------------
输入:       D>LH> LMSV> MN KL DBJC WKLJ XJLK
目标:     0 1 0 0 4 0 0 1 6 0 10 7 0 0 0 0 0 2 0 1 0 0 2 0 36 0 0 3 0 0 0 5 0
预测:     0 1 0 0 4 0 0 1 6 0 10 7 0 0 0 0 0 2 0 1 0 0 2 0 36 0 0 3 0 0 0 5 0
准确率:    1.0000 (33/33)
----------------------------------------
⏳ 验证无提升 (验证准确率: 0.9655 ≤ 0.9660)，patience: 1/50

======================================================================
🚀 Epoch 71/200
======================================================================
📚 开始训练阶段...
训练进度: 500/3164 损失=0.0140
训练进度: 1000/3164 损失=0.0093
训练进度: 1500/3164 损失=0.0517
训练进度: 2000/3164 损失=0.0143
训练进度: 2500/3164 损失=0.0028
训练进度: 3000/3164 损失=0.0037
训练进度: 3164/3164 损失=0.0052
✅ 训练完成，耗时: 57.3秒 (1.0分钟)

============================================================
📊 验证决策: Epoch 71/200
   验证间隔: 1
   是否验证: ✅ 是
   原因: 达到验证间隔 (0 == 0)
============================================================

🔍 开始验证...
验证进度: 500/686 损失=0.2175
验证进度: 686/686 损失=0.5426

📊 预测分布分析:
  - 预测的前5个类别: {np.int64(0): 282737, np.int64(1): 37166, np.int64(2): 14738, np.int64(3): 10587, np.int64(4): 8752}
  - 标签的前5个类别: {np.int64(0): 281232, np.int64(1): 36731, np.int64(2): 14789, np.int64(3): 10866, np.int64(4): 8585}
✅ 验证完成，耗时: 4.7秒 (0.1分钟)
训练损失: 0.0147
验证损失: 0.4377
验证准确率: 0.9658 (10589/10964) - 与Levenshtein高度相关
验证F1(加权): 0.9650 - 类别平衡更好
学习率: 0.000072
显存使用: 0.48GB (预留: 0.69GB)

生成的训练样本:
--------------------------------------------------------------------------------
输入:       XMT WMN SPRWJM W>WTB >NWN BQWRJ> DCMRJN
目标:     0 0 0 22 0 1 0 0 0 0 0 0 0 0 2 0 1 50 0 0 3 0 0 0 0 0 0 1 0 0 0 13 0 0 1 0 0 0 0 2
预测:     0 0 0 22 0 1 0 0 0 0 0 0 0 0 2 0 1 50 0 0 3 0 0 0 0 0 0 1 0 0 0 13 0 0 1 0 0 0 0 2
准确率:    1.0000 (40/40)
----------------------------------------
输入:       H> NWHR> WH> RWX> WH> XCWK> WH>
目标:     0 0 0 0 0 0 0 4 0 0 1 0 0 0 0 0 4 0 0 1 0 0 0 0 0 0 4 0 0 1 0 0
预测:     0 0 0 0 0 0 0 4 0 0 1 0 0 0 0 0 4 0 0 1 0 0 0 0 0 0 4 0 0 1 0 0
准确率:    1.0000 (32/32)
----------------------------------------
输入:       DMNC> WKL MDM D<BD WXVH> DXV> H>
目标:     0 1 0 0 0 2 0 1 0 2 0 0 0 2 0 1 0 0 3 0 1 0 0 11 0 0 1 0 10 3 0 0 0
预测:     0 1 0 0 0 2 0 1 0 2 0 0 0 2 0 1 0 0 3 0 1 0 0 11 0 0 1 0 10 3 0 0 0
准确率:    1.0000 (33/33)
----------------------------------------

生成的验证样本:
--------------------------------------------------------------------------------
输入:       YBJNH D>LH> LMSV> MN KL DBJC WKLJ
目标:     0 0 0 0 5 0 0 1 0 0 4 0 0 1 6 0 10 7 0 0 0 0 0 2 0 1 0 0 2 0 36 0 0 3
预测:     0 0 0 0 5 0 0 1 0 0 4 0 0 1 6 0 10 7 0 0 0 0 0 2 0 1 0 0 2 0 36 0 0 3
准确率:    1.0000 (34/34)
----------------------------------------
输入:       D>LH> LMSV> MN KL DBJC WKLJ XJLK
目标:     0 1 0 0 4 0 0 1 6 0 10 7 0 0 0 0 0 2 0 1 0 0 2 0 36 0 0 3 0 0 0 5 0
预测:     0 1 0 0 4 0 0 1 6 0 10 7 0 0 0 0 0 2 0 1 0 0 2 0 36 0 0 3 0 0 0 5 0
准确率:    1.0000 (33/33)
----------------------------------------
⏳ 验证无提升 (验证准确率: 0.9658 ≤ 0.9660)，patience: 2/50

======================================================================
🚀 Epoch 72/200
======================================================================
📚 开始训练阶段...
训练进度: 500/3164 损失=0.0086
训练进度: 1000/3164 损失=0.0156
训练进度: 1500/3164 损失=0.0058
训练进度: 2000/3164 损失=0.0251
训练进度: 2500/3164 损失=0.0268
训练进度: 3000/3164 损失=0.0223
训练进度: 3164/3164 损失=0.0044
✅ 训练完成，耗时: 57.3秒 (1.0分钟)

============================================================
📊 验证决策: Epoch 72/200
   验证间隔: 1
   是否验证: ✅ 是
   原因: 达到验证间隔 (0 == 0)
============================================================

🔍 开始验证...
验证进度: 500/686 损失=0.1480
验证进度: 686/686 损失=0.5781

📊 预测分布分析:
  - 预测的前5个类别: {np.int64(0): 282381, np.int64(1): 37095, np.int64(2): 14760, np.int64(3): 10771, np.int64(4): 8984}
  - 标签的前5个类别: {np.int64(0): 281232, np.int64(1): 36731, np.int64(2): 14789, np.int64(3): 10866, np.int64(4): 8585}
✅ 验证完成，耗时: 4.7秒 (0.1分钟)
训练损失: 0.0145
验证损失: 0.4315
验证准确率: 0.9662 (10593/10964) - 与Levenshtein高度相关
验证F1(加权): 0.9655 - 类别平衡更好
学习率: 0.000072
显存使用: 0.48GB (预留: 0.69GB)

生成的训练样本:
--------------------------------------------------------------------------------
输入:       >WQDW BNWR> L>LHJHWN KL PTGM> DMPQD >N>
目标:     0 50 0 0 3 0 0 1 0 0 4 0 0 1 0 0 2 1 0 0 0 0 0 2 0 0 0 0 4 0 0 1 6 0 0 41 0 0 0 0
预测:     0 50 0 0 3 0 0 1 0 0 4 0 0 1 0 0 2 1 0 0 0 0 0 2 0 0 0 0 4 0 0 1 6 0 0 41 0 0 0 0
准确率:    1.0000 (40/40)
----------------------------------------
输入:       W>T> LWT MLK> CLJMWN W<BD KLH <BD>
目标:     0 1 0 10 3 0 0 0 0 0 0 0 4 0 0 0 0 0 0 0 2 0 1 0 0 3 0 0 5 0 0 0 0 55 0
预测:     0 1 0 10 3 0 0 0 0 0 0 0 4 0 0 0 0 0 0 0 2 0 1 0 0 3 0 0 5 0 0 0 0 55 0
准确率:    1.0000 (35/35)
----------------------------------------
输入:       >R<> DJHBT L>BHJHWN W>P <L NWKRJ> DL>
目标:     0 0 0 4 0 0 1 0 0 3 12 0 1 0 8 2 1 0 0 0 0 1 0 0 0 0 0 0 0 0 0 0 4 0 0 1 0 0
预测:     0 0 0 4 0 0 1 0 0 3 12 0 1 0 8 2 1 0 0 0 0 1 0 0 0 0 0 0 0 0 0 0 4 0 0 1 0 0
准确率:    1.0000 (38/38)
----------------------------------------

生成的验证样本:
--------------------------------------------------------------------------------
输入:       YBJNH D>LH> LMSV> MN KL DBJC WKLJ
目标:     0 0 0 0 5 0 0 1 0 0 4 0 0 1 6 0 10 7 0 0 0 0 0 2 0 1 0 0 2 0 36 0 0 3
预测:     0 0 0 0 5 0 0 1 0 0 4 0 0 1 6 0 10 7 0 0 0 0 0 2 0 1 0 0 2 0 36 0 0 3
准确率:    1.0000 (34/34)
----------------------------------------
输入:       D>LH> LMSV> MN KL DBJC WKLJ XJLK
目标:     0 1 0 0 4 0 0 1 6 0 10 7 0 0 0 0 0 2 0 1 0 0 2 0 36 0 0 3 0 0 0 5 0
预测:     0 1 0 0 4 0 0 1 6 0 10 7 0 0 0 0 0 2 0 1 0 0 2 0 36 0 0 3 0 0 0 5 0
准确率:    1.0000 (33/33)
----------------------------------------
💾 保存新的最佳模型！验证准确率: 0.9662 (F1: 0.9655) (Epoch 72)

======================================================================
🚀 Epoch 73/200
======================================================================
📚 开始训练阶段...
训练进度: 500/3164 损失=0.0121
训练进度: 1000/3164 损失=0.0024
训练进度: 1500/3164 损失=0.0038
训练进度: 2000/3164 损失=0.0086
训练进度: 2500/3164 损失=0.0283
训练进度: 3000/3164 损失=0.0217
训练进度: 3164/3164 损失=0.0133
✅ 训练完成，耗时: 57.2秒 (1.0分钟)

============================================================
📊 验证决策: Epoch 73/200
   验证间隔: 1
   是否验证: ✅ 是
   原因: 达到验证间隔 (0 == 0)
============================================================

🔍 开始验证...
验证进度: 500/686 损失=0.1916
验证进度: 686/686 损失=0.7124

📊 预测分布分析:
  - 预测的前5个类别: {np.int64(0): 282871, np.int64(1): 37190, np.int64(2): 14696, np.int64(3): 10844, np.int64(4): 8728}
  - 标签的前5个类别: {np.int64(0): 281232, np.int64(1): 36731, np.int64(2): 14789, np.int64(3): 10866, np.int64(4): 8585}
✅ 验证完成，耗时: 4.7秒 (0.1分钟)
训练损失: 0.0140
验证损失: 0.4400
验证准确率: 0.9657 (10588/10964) - 与Levenshtein高度相关
验证F1(加权): 0.9648 - 类别平衡更好
学习率: 0.000071
显存使用: 0.48GB (预留: 0.69GB)

生成的训练样本:
--------------------------------------------------------------------------------
输入:       PLXK CT CNJN WNBRKK MRJ> >LHK BKL
目标:     0 0 0 29 0 0 0 2 0 0 13 0 0 0 1 6 0 0 51 0 0 0 0 0 2 0 0 0 5 0 0 1 0 2
预测:     0 0 0 29 0 0 0 2 0 0 13 0 0 0 1 6 0 0 51 0 0 0 0 0 2 0 0 0 5 0 0 1 0 2
准确率:    1.0000 (34/34)
----------------------------------------
输入:       DXC> <MWD> TRJN WJM> XD WLQN> D<BD
目标:     0 0 0 11 0 0 0 0 0 11 0 0 0 2 0 12 0 1 0 4 0 0 0 2 0 1 0 0 61 0 0 1 0 0 3
预测:     0 0 0 11 0 0 0 0 0 11 0 0 0 2 0 12 0 1 0 4 0 0 0 2 0 1 0 0 61 0 0 1 0 0 3
准确率:    1.0000 (35/35)
----------------------------------------
输入:       QDMJKWN JWMN> BLXWD >ZDHRW VB WVRW NPCTKWN
目标:     0 0 0 2 1 0 0 0 0 0 0 0 4 0 0 1 0 0 0 2 0 47 85 0 0 3 0 0 0 2 0 93 0 3 0 0 0 0 2 32 0 0 0
预测:     0 0 0 2 1 0 0 0 0 0 0 0 4 0 0 1 0 0 0 2 0 47 85 0 0 3 0 0 0 2 0 93 0 3 0 0 0 0 2 32 0 0 0
准确率:    1.0000 (43/43)
----------------------------------------

生成的验证样本:
--------------------------------------------------------------------------------
输入:       YBJNH D>LH> LMSV> MN KL DBJC WKLJ
目标:     0 0 0 0 5 0 0 1 0 0 4 0 0 1 6 0 10 7 0 0 0 0 0 2 0 1 0 0 2 0 36 0 0 3
预测:     0 0 0 0 5 0 0 1 0 0 4 0 0 1 6 0 10 7 0 0 0 0 0 2 0 1 0 0 2 0 36 0 0 3
准确率:    1.0000 (34/34)
----------------------------------------
输入:       D>LH> LMSV> MN KL DBJC WKLJ XJLK
目标:     0 1 0 0 4 0 0 1 6 0 10 7 0 0 0 0 0 2 0 1 0 0 2 0 36 0 0 3 0 0 0 5 0
预测:     0 1 0 0 4 0 0 1 6 0 10 7 0 0 0 0 0 2 0 1 0 0 2 0 36 0 0 3 0 0 0 5 0
准确率:    1.0000 (33/33)
----------------------------------------
⏳ 验证无提升 (验证准确率: 0.9657 ≤ 0.9662)，patience: 1/50

======================================================================
🚀 Epoch 74/200
======================================================================
📚 开始训练阶段...
训练进度: 500/3164 损失=0.0174
训练进度: 1000/3164 损失=0.0163
训练进度: 1500/3164 损失=0.0061
训练进度: 2000/3164 损失=0.0122
训练进度: 2500/3164 损失=0.0080
训练进度: 3000/3164 损失=0.0255
训练进度: 3164/3164 损失=0.0051
✅ 训练完成，耗时: 57.4秒 (1.0分钟)

============================================================
📊 验证决策: Epoch 74/200
   验证间隔: 1
   是否验证: ✅ 是
   原因: 达到验证间隔 (0 == 0)
============================================================

🔍 开始验证...
验证进度: 500/686 损失=0.1811
验证进度: 686/686 损失=0.6100

📊 预测分布分析:
  - 预测的前5个类别: {np.int64(0): 282186, np.int64(1): 37095, np.int64(2): 14765, np.int64(3): 10770, np.int64(4): 8792}
  - 标签的前5个类别: {np.int64(0): 281232, np.int64(1): 36731, np.int64(2): 14789, np.int64(3): 10866, np.int64(4): 8585}
✅ 验证完成，耗时: 4.7秒 (0.1分钟)
训练损失: 0.0138
验证损失: 0.4288
验证准确率: 0.9662 (10592/10964) - 与Levenshtein高度相关
验证F1(加权): 0.9655 - 类别平衡更好
学习率: 0.000070
显存使用: 0.48GB (预留: 0.69GB)

生成的训练样本:
--------------------------------------------------------------------------------
输入:       <M> DBJT MLW W>ZLW W>QJMW L>BJMLK DNHW>
目标:     0 0 15 0 0 1 0 0 2 0 0 0 2 0 1 0 0 3 0 0 1 17 20 0 3 0 0 1 0 0 0 0 0 2 0 1 6 0 10 3
预测:     0 0 15 0 0 1 0 0 2 0 0 0 2 0 1 0 0 3 0 0 1 17 20 0 3 0 0 1 0 0 0 0 0 2 0 1 6 0 10 3
准确率:    1.0000 (40/40)
----------------------------------------
输入:       ZDJQWHJ L> NGMR WNTL LJ<QWB MCWZBWT> WLDWJD
目标:     0 0 0 0 25 1 0 0 0 0 0 0 6 0 0 16 0 1 34 0 3 0 1 0 0 0 0 2 0 0 0 0 0 0 2 9 0 0 1 1 0 0 0 2
预测:     0 0 0 0 25 1 0 0 0 0 0 0 6 0 0 16 0 1 34 0 3 0 1 0 0 0 0 2 0 0 0 0 0 0 2 9 0 0 1 1 0 0 0 2
准确率:    1.0000 (44/44)
----------------------------------------
输入:       WXTMTH B<ZQTH WCDRT >JGRT> LSB> WLX>R> DJTBJN
目标:     0 1 0 0 33 90 12 0 1 0 0 13 1 0 0 1 0 0 3 92 0 8 0 0 13 9 0 0 1 0 11 0 0 1 1 0 0 129 0 0 1 0 0 7 0 0
预测:     0 1 0 0 33 90 12 0 1 0 0 13 1 0 0 1 0 0 3 92 0 8 0 0 13 9 0 0 1 0 11 0 0 1 1 0 0 129 0 0 1 0 0 7 0 0
准确率:    1.0000 (46/46)
----------------------------------------

生成的验证样本:
--------------------------------------------------------------------------------
输入:       YBJNH D>LH> LMSV> MN KL DBJC WKLJ
目标:     0 0 0 0 5 0 0 1 0 0 4 0 0 1 6 0 10 7 0 0 0 0 0 2 0 1 0 0 2 0 36 0 0 3
预测:     0 0 0 0 5 0 0 1 0 0 4 0 0 1 6 0 10 7 0 0 0 0 0 2 0 1 0 0 2 0 36 0 0 3
准确率:    1.0000 (34/34)
----------------------------------------
输入:       D>LH> LMSV> MN KL DBJC WKLJ XJLK
目标:     0 1 0 0 4 0 0 1 6 0 10 7 0 0 0 0 0 2 0 1 0 0 2 0 36 0 0 3 0 0 0 5 0
预测:     0 1 0 0 4 0 0 1 6 0 10 7 0 0 0 0 0 2 0 1 0 0 2 0 36 0 0 3 0 0 0 5 0
准确率:    1.0000 (33/33)
----------------------------------------
⏳ 验证无提升 (验证准确率: 0.9662 ≤ 0.9662)，patience: 2/50

======================================================================
🚀 Epoch 75/200
======================================================================
📚 开始训练阶段...
训练进度: 500/3164 损失=0.0046
训练进度: 1000/3164 损失=0.0047
训练进度: 1500/3164 损失=0.0110
训练进度: 2000/3164 损失=0.0223
训练进度: 2500/3164 损失=0.0224
训练进度: 3000/3164 损失=0.0188
训练进度: 3164/3164 损失=0.0280
✅ 训练完成，耗时: 57.2秒 (1.0分钟)

============================================================
📊 验证决策: Epoch 75/200
   验证间隔: 1
   是否验证: ✅ 是
   原因: 达到验证间隔 (0 == 0)
============================================================

🔍 开始验证...
验证进度: 500/686 损失=0.2453
验证进度: 686/686 损失=0.7057

📊 预测分布分析:
  - 预测的前5个类别: {np.int64(0): 282445, np.int64(1): 37141, np.int64(2): 14640, np.int64(3): 10674, np.int64(4): 9036}
  - 标签的前5个类别: {np.int64(0): 281232, np.int64(1): 36731, np.int64(2): 14789, np.int64(3): 10866, np.int64(4): 8585}
✅ 验证完成，耗时: 4.7秒 (0.1分钟)
训练损失: 0.0139
验证损失: 0.4351
验证准确率: 0.9658 (10589/10964) - 与Levenshtein高度相关
验证F1(加权): 0.9650 - 类别平衡更好
学习率: 0.000070
显存使用: 0.48GB (预留: 0.69GB)

生成的训练样本:
--------------------------------------------------------------------------------
输入:       WND<WN GNBRWTK BM> DL<NJHWN >TQDCT BN HKN>
目标:     0 1 52 0 3 0 0 0 0 0 0 0 2 1 0 0 1 0 0 0 1 1 38 2 1 0 0 0 0 0 14 0 0 3 89 0 1 0 0 0 0 0 0
预测:     0 1 52 0 3 0 0 0 0 0 0 0 2 1 0 0 1 0 0 0 1 1 38 2 1 0 0 0 0 0 14 0 0 3 89 0 1 0 0 0 0 0 0
准确率:    1.0000 (43/43)
----------------------------------------
输入:       WNNSJK WNV>B LK BXRTK WT>MR BLBK DBXJLJ
目标:     0 1 6 0 0 51 0 0 1 6 0 0 3 0 1 0 0 1 0 13 1 0 0 1 6 0 0 3 0 1 0 5 0 0 1 1 0 0 5 0
预测:     0 1 6 0 0 51 0 0 1 6 0 0 3 0 1 0 0 1 0 13 1 0 0 1 6 0 0 3 0 1 0 5 0 0 1 1 0 0 5 0
准确率:    1.0000 (40/40)
----------------------------------------
输入:       HNWN <L NBWT W>MRW DYXJ NBWT L>LH>
目标:     0 0 0 0 12 0 0 0 0 0 0 0 2 0 1 0 0 3 0 0 1 0 0 16 0 0 0 0 2 0 1 0 0 4 0
预测:     0 0 0 0 12 0 0 0 0 0 0 0 2 0 1 0 0 3 0 0 1 0 0 16 0 0 0 0 2 0 1 0 0 4 0
准确率:    1.0000 (35/35)
----------------------------------------

生成的验证样本:
--------------------------------------------------------------------------------
输入:       YBJNH D>LH> LMSV> MN KL DBJC WKLJ
目标:     0 0 0 0 5 0 0 1 0 0 4 0 0 1 6 0 10 7 0 0 0 0 0 2 0 1 0 0 2 0 36 0 0 3
预测:     0 0 0 0 5 0 0 1 0 0 4 0 0 1 6 0 10 7 0 0 0 0 0 2 0 1 0 0 2 0 36 0 0 3
准确率:    1.0000 (34/34)
----------------------------------------
输入:       D>LH> LMSV> MN KL DBJC WKLJ XJLK
目标:     0 1 0 0 4 0 0 1 6 0 10 7 0 0 0 0 0 2 0 1 0 0 2 0 36 0 0 3 0 0 0 5 0
预测:     0 1 0 0 4 0 0 1 6 0 10 7 0 0 0 0 0 2 0 1 0 0 2 0 36 0 0 3 0 0 0 5 0
准确率:    1.0000 (33/33)
----------------------------------------
⏳ 验证无提升 (验证准确率: 0.9658 ≤ 0.9662)，patience: 3/50

======================================================================
🚀 Epoch 76/200
======================================================================
📚 开始训练阶段...
训练进度: 500/3164 损失=0.0089
训练进度: 1000/3164 损失=0.0150
训练进度: 1500/3164 损失=0.0631
训练进度: 2000/3164 损失=0.0155
训练进度: 2500/3164 损失=0.0277
训练进度: 3000/3164 损失=0.0042
训练进度: 3164/3164 损失=0.0092
✅ 训练完成，耗时: 57.4秒 (1.0分钟)

============================================================
📊 验证决策: Epoch 76/200
   验证间隔: 1
   是否验证: ✅ 是
   原因: 达到验证间隔 (0 == 0)
============================================================

🔍 开始验证...
验证进度: 500/686 损失=0.1460
验证进度: 686/686 损失=0.8869

📊 预测分布分析:
  - 预测的前5个类别: {np.int64(0): 282475, np.int64(1): 37173, np.int64(2): 14786, np.int64(3): 10871, np.int64(4): 8915}
  - 标签的前5个类别: {np.int64(0): 281232, np.int64(1): 36731, np.int64(2): 14789, np.int64(3): 10866, np.int64(4): 8585}
✅ 验证完成，耗时: 4.7秒 (0.1分钟)
训练损失: 0.0136
验证损失: 0.4346
验证准确率: 0.9662 (10592/10964) - 与Levenshtein高度相关
验证F1(加权): 0.9653 - 类别平衡更好
学习率: 0.000069
显存使用: 0.48GB (预留: 0.69GB)

生成的训练样本:
--------------------------------------------------------------------------------
输入:       MCTKX> BJCT> BGW <BDWHJ DVB> HW GJR
目标:     0 45 39 0 0 7 0 0 0 0 2 9 0 0 1 0 2 0 0 0 104 1 0 0 0 1 0 4 0 0 0 0 0 0 0 0
预测:     0 45 39 0 0 7 0 0 0 0 2 9 0 0 1 0 2 0 0 0 104 1 0 0 0 1 0 4 0 0 0 0 0 0 0 0
准确率:    1.0000 (36/36)
----------------------------------------
输入:       >TW LCKJM WH> XDJRJN LQRJT> <LJK HC>
目标:     0 0 18 0 0 1 0 0 0 2 0 1 0 0 0 0 8 0 49 0 27 0 1 0 0 22 9 0 0 0 8 1 0 0 0 4 0
预测:     0 0 18 0 0 1 0 0 0 2 0 1 0 0 0 0 8 0 49 0 27 0 1 0 0 22 9 0 0 0 8 1 0 0 0 4 0
准确率:    1.0000 (37/37)
----------------------------------------
输入:       BQLJL QLJL L> MCKX >NT DTWBD >NWN
目标:     0 1 0 0 0 2 0 0 0 0 2 0 0 0 0 6 0 0 7 0 0 0 0 0 1 68 0 0 3 0 0 0 0 0
预测:     0 1 0 0 0 2 0 0 0 0 2 0 0 0 0 6 0 0 7 0 0 0 0 0 1 68 0 0 3 0 0 0 0 0
准确率:    1.0000 (34/34)
----------------------------------------

生成的验证样本:
--------------------------------------------------------------------------------
输入:       YBJNH D>LH> LMSV> MN KL DBJC WKLJ
目标:     0 0 0 0 5 0 0 1 0 0 4 0 0 1 6 0 10 7 0 0 0 0 0 2 0 1 0 0 2 0 36 0 0 3
预测:     0 0 0 0 5 0 0 1 0 0 4 0 0 1 6 0 10 7 0 0 0 0 0 2 0 1 0 0 2 0 36 0 0 3
准确率:    1.0000 (34/34)
----------------------------------------
输入:       D>LH> LMSV> MN KL DBJC WKLJ XJLK
目标:     0 1 0 0 4 0 0 1 6 0 10 7 0 0 0 0 0 2 0 1 0 0 2 0 36 0 0 3 0 0 0 5 0
预测:     0 1 0 0 4 0 0 1 6 0 10 7 0 0 0 0 0 2 0 1 0 0 2 0 36 0 0 3 0 0 0 5 0
准确率:    1.0000 (33/33)
----------------------------------------
⏳ 验证无提升 (验证准确率: 0.9662 ≤ 0.9662)，patience: 4/50

======================================================================
🚀 Epoch 77/200
======================================================================
📚 开始训练阶段...
训练进度: 500/3164 损失=0.0059
训练进度: 1000/3164 损失=0.0017
训练进度: 1500/3164 损失=0.0184
训练进度: 2000/3164 损失=0.0032
训练进度: 2500/3164 损失=0.0109
训练进度: 3000/3164 损失=0.0096
训练进度: 3164/3164 损失=0.0160
✅ 训练完成，耗时: 57.4秒 (1.0分钟)

============================================================
📊 验证决策: Epoch 77/200
   验证间隔: 1
   是否验证: ✅ 是
   原因: 达到验证间隔 (0 == 0)
============================================================

🔍 开始验证...
验证进度: 500/686 损失=0.1467
验证进度: 686/686 损失=0.5889

📊 预测分布分析:
  - 预测的前5个类别: {np.int64(0): 282312, np.int64(1): 37090, np.int64(2): 14704, np.int64(3): 10958, np.int64(4): 8899}
  - 标签的前5个类别: {np.int64(0): 281232, np.int64(1): 36731, np.int64(2): 14789, np.int64(3): 10866, np.int64(4): 8585}
✅ 验证完成，耗时: 4.7秒 (0.1分钟)
训练损失: 0.0129
验证损失: 0.4363
验证准确率: 0.9658 (10588/10964) - 与Levenshtein高度相关
验证F1(加权): 0.9650 - 类别平衡更好
学习率: 0.000068
显存使用: 0.48GB (预留: 0.69GB)

生成的训练样本:
--------------------------------------------------------------------------------
输入:       >JT LK VR BSRHJN WL> TNHR LHJN
目标:     0 0 0 24 0 1 0 34 0 3 0 0 0 5 0 0 0 0 1 0 0 0 6 0 0 77 0 1 0 0 0
预测:     0 0 0 24 0 1 0 34 0 3 0 0 0 5 0 0 0 0 1 0 0 0 6 0 0 77 0 1 0 0 0
准确率:    1.0000 (31/31)
----------------------------------------
输入:       CLM W>MR JHW M> LK WLCLM> HPWK
目标:     0 0 0 22 0 1 0 0 3 0 0 0 2 0 0 0 0 1 0 0 1 1 0 0 15 0 6 0 8 0 3
预测:     0 0 0 22 0 1 0 0 3 0 0 0 2 0 0 0 0 1 0 0 1 1 0 0 15 0 6 0 8 0 3
准确率:    1.0000 (31/31)
----------------------------------------
输入:       W>MR MRJ> LMWC> H> >NT CKB >NT
目标:     0 1 0 0 3 0 0 0 0 2 0 1 0 0 0 2 0 0 0 0 0 0 0 0 0 0 7 0 0 0 0
预测:     0 1 0 0 3 0 0 0 0 2 0 1 0 0 0 2 0 0 0 0 0 0 0 0 0 0 7 0 0 0 0
准确率:    1.0000 (31/31)
----------------------------------------

生成的验证样本:
--------------------------------------------------------------------------------
输入:       YBJNH D>LH> LMSV> MN KL DBJC WKLJ
目标:     0 0 0 0 5 0 0 1 0 0 4 0 0 1 6 0 10 7 0 0 0 0 0 2 0 1 0 0 2 0 36 0 0 3
预测:     0 0 0 0 5 0 0 1 0 0 4 0 0 1 6 0 10 7 0 0 0 0 0 2 0 1 0 0 2 0 36 0 0 3
准确率:    1.0000 (34/34)
----------------------------------------
输入:       D>LH> LMSV> MN KL DBJC WKLJ XJLK
目标:     0 1 0 0 4 0 0 1 6 0 10 7 0 0 0 0 0 2 0 1 0 0 2 0 36 0 0 3 0 0 0 5 0
预测:     0 1 0 0 4 0 0 1 6 0 10 7 0 0 0 0 0 2 0 1 0 0 2 0 36 0 0 3 0 0 0 5 0
准确率:    1.0000 (33/33)
----------------------------------------
⏳ 验证无提升 (验证准确率: 0.9658 ≤ 0.9662)，patience: 5/50

======================================================================
🚀 Epoch 78/200
======================================================================
📚 开始训练阶段...
训练进度: 500/3164 损失=0.0220
训练进度: 1000/3164 损失=0.0013
训练进度: 1500/3164 损失=0.0077
训练进度: 2000/3164 损失=0.0056
训练进度: 2500/3164 损失=0.0072
训练进度: 3000/3164 损失=0.0027
训练进度: 3164/3164 损失=0.0130
✅ 训练完成，耗时: 57.3秒 (1.0分钟)

============================================================
📊 验证决策: Epoch 78/200
   验证间隔: 1
   是否验证: ✅ 是
   原因: 达到验证间隔 (0 == 0)
============================================================

🔍 开始验证...
验证进度: 500/686 损失=0.1639
验证进度: 686/686 损失=0.5579

📊 预测分布分析:
  - 预测的前5个类别: {np.int64(0): 282388, np.int64(1): 37092, np.int64(2): 14648, np.int64(3): 10852, np.int64(4): 8838}
  - 标签的前5个类别: {np.int64(0): 281232, np.int64(1): 36731, np.int64(2): 14789, np.int64(3): 10866, np.int64(4): 8585}
✅ 验证完成，耗时: 4.7秒 (0.1分钟)
训练损失: 0.0131
验证损失: 0.4403
验证准确率: 0.9658 (10589/10964) - 与Levenshtein高度相关
验证F1(加权): 0.9650 - 类别平衡更好
学习率: 0.000067
显存使用: 0.48GB (预留: 0.69GB)

生成的训练样本:
--------------------------------------------------------------------------------
输入:       KL MDM DMPQD >N> LK BLXWD BKL
目标:     0 0 2 0 0 0 2 0 1 6 0 0 41 0 0 0 0 0 1 0 0 1 0 0 0 2 0 1 0 2
预测:     0 0 2 0 0 0 2 0 1 6 0 0 41 0 0 0 0 0 1 0 0 1 0 0 0 2 0 1 0 2
准确率:    1.0000 (30/30)
----------------------------------------
输入:       DJHB LK MRJ> >LHK L> TQVWL L>
目标:     0 1 0 0 7 0 1 0 0 0 0 0 2 0 0 0 5 0 0 0 0 0 6 0 8 0 3 0 0 0
预测:     0 1 0 0 7 0 1 0 0 0 0 0 2 0 0 0 5 0 0 0 0 0 6 0 8 0 3 0 0 0
准确率:    1.0000 (30/30)
----------------------------------------
输入:       HW MJT> WBRJ XJ> WNYJN HWJ QDM
目标:     0 0 0 0 20 0 43 27 0 1 0 5 0 0 0 15 0 0 1 0 0 7 0 0 0 0 80 0 0 0 2
预测:     0 0 0 0 20 0 43 27 0 1 0 5 0 0 0 15 0 0 1 0 0 7 0 0 0 0 80 0 0 0 2
准确率:    1.0000 (31/31)
----------------------------------------

生成的验证样本:
--------------------------------------------------------------------------------
输入:       YBJNH D>LH> LMSV> MN KL DBJC WKLJ
目标:     0 0 0 0 5 0 0 1 0 0 4 0 0 1 6 0 10 7 0 0 0 0 0 2 0 1 0 0 2 0 36 0 0 3
预测:     0 0 0 0 5 0 0 1 0 0 4 0 0 1 6 0 10 7 0 0 0 0 0 2 0 1 0 0 2 0 36 0 0 3
准确率:    1.0000 (34/34)
----------------------------------------
输入:       D>LH> LMSV> MN KL DBJC WKLJ XJLK
目标:     0 1 0 0 4 0 0 1 6 0 10 7 0 0 0 0 0 2 0 1 0 0 2 0 36 0 0 3 0 0 0 5 0
预测:     0 1 0 0 4 0 0 1 6 0 10 7 0 0 0 0 0 2 0 1 0 0 2 0 36 0 0 3 0 0 0 5 0
准确率:    1.0000 (33/33)
----------------------------------------
⏳ 验证无提升 (验证准确率: 0.9658 ≤ 0.9662)，patience: 6/50

======================================================================
🚀 Epoch 79/200
======================================================================
📚 开始训练阶段...
训练进度: 500/3164 损失=0.0033
训练进度: 1000/3164 损失=0.0177
训练进度: 1500/3164 损失=0.0159
训练进度: 2000/3164 损失=0.0119
训练进度: 2500/3164 损失=0.0129
训练进度: 3000/3164 损失=0.0206
训练进度: 3164/3164 损失=0.0064
✅ 训练完成，耗时: 57.3秒 (1.0分钟)

============================================================
📊 验证决策: Epoch 79/200
   验证间隔: 1
   是否验证: ✅ 是
   原因: 达到验证间隔 (0 == 0)
============================================================

🔍 开始验证...
验证进度: 500/686 损失=0.1830
验证进度: 686/686 损失=0.8396

📊 预测分布分析:
  - 预测的前5个类别: {np.int64(0): 282547, np.int64(1): 37108, np.int64(2): 14735, np.int64(3): 10749, np.int64(4): 9027}
  - 标签的前5个类别: {np.int64(0): 281232, np.int64(1): 36731, np.int64(2): 14789, np.int64(3): 10866, np.int64(4): 8585}
✅ 验证完成，耗时: 4.7秒 (0.1分钟)
训练损失: 0.0125
验证损失: 0.4525
验证准确率: 0.9656 (10586/10964) - 与Levenshtein高度相关
验证F1(加权): 0.9648 - 类别平衡更好
学习率: 0.000067
显存使用: 0.48GB (预留: 0.69GB)

生成的训练样本:
--------------------------------------------------------------------------------
输入:       DSPQ> B>JDJK WQM >BJMLK WKLH <M> D<MH
目标:     0 1 0 0 7 0 0 35 0 0 2 1 0 0 1 31 3 0 0 0 0 0 0 2 0 1 0 5 0 0 0 15 0 0 1 0 1 0
预测:     0 1 0 0 7 0 0 35 0 0 2 1 0 0 1 31 3 0 0 0 0 0 0 2 0 1 0 5 0 0 0 15 0 0 1 0 1 0
准确率:    1.0000 (38/38)
----------------------------------------
输入:       C>LT LK <WTR> WL> C>LT LK NPCT>
目标:     0 0 0 3 12 0 1 0 0 0 0 0 4 0 0 1 0 0 0 0 0 3 12 0 1 0 0 0 0 2 23 0
预测:     0 0 0 3 12 0 1 0 0 0 0 0 4 0 0 1 0 0 0 0 0 3 12 0 1 0 0 0 0 2 23 0
准确率:    1.0000 (32/32)
----------------------------------------
输入:       TWQNHWN KLHWN HLJN BDRJHWN HW> LHWN >JQR>
目标:     0 0 0 0 5 0 0 0 0 0 5 0 0 0 0 0 0 0 0 0 1 0 2 1 0 0 0 0 0 10 3 0 1 0 0 0 0 0 0 0 4 0
预测:     0 0 0 0 5 0 0 0 0 0 5 0 0 0 0 0 0 0 0 0 1 0 2 1 0 0 0 0 0 10 3 0 1 0 0 0 0 0 0 0 4 0
准确率:    1.0000 (42/42)
----------------------------------------

生成的验证样本:
--------------------------------------------------------------------------------
输入:       YBJNH D>LH> LMSV> MN KL DBJC WKLJ
目标:     0 0 0 0 5 0 0 1 0 0 4 0 0 1 6 0 10 7 0 0 0 0 0 2 0 1 0 0 2 0 36 0 0 3
预测:     0 0 0 0 5 0 0 1 0 0 4 0 0 1 6 0 10 7 0 0 0 0 0 2 0 1 0 0 2 0 36 0 0 3
准确率:    1.0000 (34/34)
----------------------------------------
输入:       D>LH> LMSV> MN KL DBJC WKLJ XJLK
目标:     0 1 0 0 4 0 0 1 6 0 10 7 0 0 0 0 0 2 0 1 0 0 2 0 36 0 0 3 0 0 0 5 0
预测:     0 1 0 0 4 0 0 1 6 0 10 7 0 0 0 0 0 2 0 1 0 0 2 0 36 0 0 3 0 0 0 5 0
准确率:    1.0000 (33/33)
----------------------------------------
⏳ 验证无提升 (验证准确率: 0.9656 ≤ 0.9662)，patience: 7/50

======================================================================
🚀 Epoch 80/200
======================================================================
📚 开始训练阶段...
训练进度: 500/3164 损失=0.0089
训练进度: 1000/3164 损失=0.0073
训练进度: 1500/3164 损失=0.0043
训练进度: 2000/3164 损失=0.0198
训练进度: 2500/3164 损失=0.0276
训练进度: 3000/3164 损失=0.0047
训练进度: 3164/3164 损失=0.0126
✅ 训练完成，耗时: 57.4秒 (1.0分钟)

============================================================
📊 验证决策: Epoch 80/200
   验证间隔: 1
   是否验证: ✅ 是
   原因: 达到验证间隔 (0 == 0)
============================================================

🔍 开始验证...
验证进度: 500/686 损失=0.3084
验证进度: 686/686 损失=0.8073

📊 预测分布分析:
  - 预测的前5个类别: {np.int64(0): 282521, np.int64(1): 37196, np.int64(2): 14642, np.int64(3): 10858, np.int64(4): 8972}
  - 标签的前5个类别: {np.int64(0): 281232, np.int64(1): 36731, np.int64(2): 14789, np.int64(3): 10866, np.int64(4): 8585}
✅ 验证完成，耗时: 4.7秒 (0.1分钟)
训练损失: 0.0120
验证损失: 0.4480
验证准确率: 0.9657 (10587/10964) - 与Levenshtein高度相关
验证F1(加权): 0.9649 - 类别平衡更好
学习率: 0.000066
显存使用: 0.48GB (预留: 0.69GB)

生成的训练样本:
--------------------------------------------------------------------------------
输入:       >N HW GJR D>KRZW HLJN DMNJNJ> >JK
目标:     0 0 0 0 0 0 0 0 0 0 0 1 17 0 0 3 0 0 0 0 0 0 0 1 0 0 0 0 11 0 0 0 0 0
预测:     0 0 0 0 0 0 0 0 0 0 0 1 17 0 0 3 0 0 0 0 0 0 0 1 0 0 0 0 11 0 0 0 0 0
准确率:    1.0000 (34/34)
----------------------------------------
输入:       QCJ> WBHTT> BJCT> >NTT> DSRX> <L B<LH
目标:     0 0 0 43 27 0 1 0 0 13 9 0 0 0 0 2 9 0 0 0 0 13 9 0 0 1 0 0 7 0 0 0 0 0 0 0 5 12
预测:     0 0 0 43 27 0 1 0 0 13 9 0 0 0 0 2 9 0 0 0 0 13 9 0 0 1 0 0 7 0 0 0 0 0 0 0 5 12
准确率:    1.0000 (38/38)
----------------------------------------
输入:       VWR> LHGH >JK <VR> DNWR> WMNHR ZLJQWHJ
目标:     0 0 0 11 0 0 0 0 5 0 0 0 0 0 0 0 0 15 0 0 1 0 0 4 0 0 1 6 0 0 103 0 0 0 0 25 1 0 0
预测:     0 0 0 11 0 0 0 0 5 0 0 0 0 0 0 0 0 15 0 0 1 0 0 4 0 0 1 6 0 0 103 0 0 0 0 25 1 0 0
准确率:    1.0000 (39/39)
----------------------------------------

生成的验证样本:
--------------------------------------------------------------------------------
输入:       YBJNH D>LH> LMSV> MN KL DBJC WKLJ
目标:     0 0 0 0 5 0 0 1 0 0 4 0 0 1 6 0 10 7 0 0 0 0 0 2 0 1 0 0 2 0 36 0 0 3
预测:     0 0 0 0 5 0 0 1 0 0 4 0 0 1 6 0 10 7 0 0 0 0 0 2 0 1 0 0 2 0 36 0 0 3
准确率:    1.0000 (34/34)
----------------------------------------
输入:       D>LH> LMSV> MN KL DBJC WKLJ XJLK
目标:     0 1 0 0 4 0 0 1 6 0 10 7 0 0 0 0 0 2 0 1 0 0 2 0 36 0 0 3 0 0 0 5 0
预测:     0 1 0 0 4 0 0 1 6 0 10 7 0 0 0 0 0 2 0 1 0 0 2 0 36 0 0 3 0 0 0 5 0
准确率:    1.0000 (33/33)
----------------------------------------
⏳ 验证无提升 (验证准确率: 0.9657 ≤ 0.9662)，patience: 8/50

======================================================================
🚀 Epoch 81/200
======================================================================
📚 开始训练阶段...
训练进度: 500/3164 损失=0.0096
训练进度: 1000/3164 损失=0.0033
训练进度: 1500/3164 损失=0.0062
训练进度: 2000/3164 损失=0.0135
训练进度: 2500/3164 损失=0.0041
训练进度: 3000/3164 损失=0.0024
训练进度: 3164/3164 损失=0.0044
✅ 训练完成，耗时: 57.2秒 (1.0分钟)

============================================================
📊 验证决策: Epoch 81/200
   验证间隔: 1
   是否验证: ✅ 是
   原因: 达到验证间隔 (0 == 0)
============================================================

🔍 开始验证...
验证进度: 500/686 损失=0.2120
验证进度: 686/686 损失=0.5400

📊 预测分布分析:
  - 预测的前5个类别: {np.int64(0): 282333, np.int64(1): 37128, np.int64(2): 14669, np.int64(3): 10817, np.int64(4): 8898}
  - 标签的前5个类别: {np.int64(0): 281232, np.int64(1): 36731, np.int64(2): 14789, np.int64(3): 10866, np.int64(4): 8585}
✅ 验证完成，耗时: 4.7秒 (0.1分钟)
训练损失: 0.0119
验证损失: 0.4434
验证准确率: 0.9656 (10586/10964) - 与Levenshtein高度相关
验证F1(加权): 0.9649 - 类别平衡更好
学习率: 0.000065
显存使用: 0.48GB (预留: 0.69GB)

生成的训练样本:
--------------------------------------------------------------------------------
输入:       DJRTWTJ W>CLM >NWN B>JD> DB<LDBBJHWN WNHWWN LBZT>
目标:     0 1 0 0 0 2 1 0 0 1 17 0 0 3 0 0 0 0 0 0 35 0 0 4 0 0 1 0 0 0 0 0 2 1 0 0 0 0 1 6 0 18 0 0 0 1 0 13 9 0
预测:     0 1 0 0 0 2 1 0 0 1 17 0 0 3 0 0 0 0 0 0 35 0 0 4 0 0 1 0 0 0 0 0 2 1 0 0 0 0 1 6 0 18 0 0 0 1 0 13 9 0
准确率:    1.0000 (50/50)
----------------------------------------
输入:       W>N> >QR> BCMH DMRJ> >LHJ W>JN> >LH>
目标:     0 1 0 0 0 0 6 0 10 3 0 1 0 5 0 0 1 0 0 0 2 0 0 0 5 0 0 1 0 0 0 0 0 0 0 4 0
预测:     0 1 0 0 0 0 6 0 10 3 0 1 0 5 0 0 1 0 0 0 2 0 0 0 5 0 0 1 0 0 0 0 0 0 0 4 0
准确率:    1.0000 (37/37)
----------------------------------------
输入:       >QJM CLJVN> WMNTH DMRJ> >JSRJL KLHWN <BDJHWN
目标:     0 17 20 0 3 0 0 0 0 0 4 0 0 1 0 164 1 0 0 1 0 0 0 2 0 0 0 0 0 0 2 0 0 5 0 0 0 0 0 0 62 1 0 0 0
预测:     0 17 20 0 3 0 0 0 0 0 4 0 0 1 0 164 1 0 0 1 0 0 0 2 0 0 0 0 0 0 2 0 0 5 0 0 0 0 0 0 62 1 0 0 0
准确率:    1.0000 (45/45)
----------------------------------------

生成的验证样本:
--------------------------------------------------------------------------------
输入:       YBJNH D>LH> LMSV> MN KL DBJC WKLJ
目标:     0 0 0 0 5 0 0 1 0 0 4 0 0 1 6 0 10 7 0 0 0 0 0 2 0 1 0 0 2 0 36 0 0 3
预测:     0 0 0 0 5 0 0 1 0 0 4 0 0 1 6 0 10 7 0 0 0 0 0 2 0 1 0 0 2 0 36 0 0 3
准确率:    1.0000 (34/34)
----------------------------------------
输入:       D>LH> LMSV> MN KL DBJC WKLJ XJLK
目标:     0 1 0 0 4 0 0 1 6 0 10 7 0 0 0 0 0 2 0 1 0 0 2 0 36 0 0 3 0 0 0 5 0
预测:     0 1 0 0 4 0 0 1 6 0 10 7 0 0 0 0 0 2 0 1 0 0 2 0 36 0 0 3 0 0 0 5 0
准确率:    1.0000 (33/33)
----------------------------------------
⏳ 验证无提升 (验证准确率: 0.9656 ≤ 0.9662)，patience: 9/50

======================================================================
🚀 Epoch 82/200
======================================================================
📚 开始训练阶段...
训练进度: 500/3164 损失=0.0079
训练进度: 1000/3164 损失=0.0196
训练进度: 1500/3164 损失=0.0229
训练进度: 2000/3164 损失=0.0201
训练进度: 2500/3164 损失=0.0012
训练进度: 3000/3164 损失=0.0052
训练进度: 3164/3164 损失=0.0100
✅ 训练完成，耗时: 57.2秒 (1.0分钟)

============================================================
📊 验证决策: Epoch 82/200
   验证间隔: 1
   是否验证: ✅ 是
   原因: 达到验证间隔 (0 == 0)
============================================================

🔍 开始验证...
验证进度: 500/686 损失=0.1072
验证进度: 686/686 损失=0.4921

📊 预测分布分析:
  - 预测的前5个类别: {np.int64(0): 282537, np.int64(1): 37170, np.int64(2): 14780, np.int64(3): 10767, np.int64(4): 8926}
  - 标签的前5个类别: {np.int64(0): 281232, np.int64(1): 36731, np.int64(2): 14789, np.int64(3): 10866, np.int64(4): 8585}
✅ 验证完成，耗时: 4.7秒 (0.1分钟)
训练损失: 0.0119
验证损失: 0.4499
验证准确率: 0.9659 (10590/10964) - 与Levenshtein高度相关
验证F1(加权): 0.9651 - 类别平衡更好
学习率: 0.000065
显存使用: 0.48GB (预留: 0.69GB)

生成的训练样本:
--------------------------------------------------------------------------------
输入:       BK>P> VBT> W>JK ZJT> HDJR> DRWRBN SWKWHJ
目标:     0 1 0 0 11 0 0 0 2 23 0 0 1 0 0 0 0 0 0 4 0 0 0 8 0 110 27 0 1 0 0 0 2 0 0 0 0 96 1 0 0
预测:     0 1 0 0 11 0 0 0 2 23 0 0 1 0 0 0 0 0 0 4 0 0 0 8 0 110 27 0 1 0 0 0 2 0 0 0 0 96 1 0 0
准确率:    1.0000 (41/41)
----------------------------------------
输入:       NHW> DMZN> MN BNJ >JSRJL L> T<L
目标:     0 6 0 10 3 0 1 6 0 10 41 0 0 0 0 0 2 0 0 0 0 0 0 0 2 0 0 0 0 28 0 53
预测:     0 6 0 10 3 0 1 6 0 10 41 0 0 0 0 0 2 0 0 0 0 0 0 0 2 0 0 0 0 28 0 53
准确率:    1.0000 (32/32)
----------------------------------------
输入:       NSB<WN BNJ> WNCBQWN CRK> LBNJHWN >N> DJN
目标:     0 6 0 0 3 0 0 0 0 2 9 0 0 1 6 0 0 3 0 0 0 0 0 4 0 0 1 0 2 1 0 0 0 0 0 0 0 0 0 0 0
预测:     0 6 0 0 3 0 0 0 0 2 9 0 0 1 6 0 0 3 0 0 0 0 0 4 0 0 1 0 2 1 0 0 0 0 0 0 0 0 0 0 0
准确率:    1.0000 (41/41)
----------------------------------------

生成的验证样本:
--------------------------------------------------------------------------------
输入:       YBJNH D>LH> LMSV> MN KL DBJC WKLJ
目标:     0 0 0 0 5 0 0 1 0 0 4 0 0 1 6 0 10 7 0 0 0 0 0 2 0 1 0 0 2 0 36 0 0 3
预测:     0 0 0 0 5 0 0 1 0 0 4 0 0 1 6 0 10 7 0 0 0 0 0 2 0 1 0 0 2 0 36 0 0 3
准确率:    1.0000 (34/34)
----------------------------------------
输入:       D>LH> LMSV> MN KL DBJC WKLJ XJLK
目标:     0 1 0 0 4 0 0 1 6 0 10 7 0 0 0 0 0 2 0 1 0 0 2 0 36 0 0 3 0 0 0 5 0
预测:     0 1 0 0 4 0 0 1 6 0 10 7 0 0 0 0 0 2 0 1 0 0 2 0 36 0 0 3 0 0 0 5 0
准确率:    1.0000 (33/33)
----------------------------------------
⏳ 验证无提升 (验证准确率: 0.9659 ≤ 0.9662)，patience: 10/50

======================================================================
🚀 Epoch 83/200
======================================================================
📚 开始训练阶段...
训练进度: 500/3164 损失=0.0110
训练进度: 1000/3164 损失=0.0236
训练进度: 1500/3164 损失=0.0067
训练进度: 2000/3164 损失=0.0320
训练进度: 2500/3164 损失=0.0036
训练进度: 3000/3164 损失=0.0025
训练进度: 3164/3164 损失=0.0105
✅ 训练完成，耗时: 57.3秒 (1.0分钟)

============================================================
📊 验证决策: Epoch 83/200
   验证间隔: 1
   是否验证: ✅ 是
   原因: 达到验证间隔 (0 == 0)
============================================================

🔍 开始验证...
验证进度: 500/686 损失=0.2095
验证进度: 686/686 损失=0.6303

📊 预测分布分析:
  - 预测的前5个类别: {np.int64(0): 282231, np.int64(1): 37073, np.int64(2): 14781, np.int64(3): 10906, np.int64(4): 8822}
  - 标签的前5个类别: {np.int64(0): 281232, np.int64(1): 36731, np.int64(2): 14789, np.int64(3): 10866, np.int64(4): 8585}
✅ 验证完成，耗时: 4.7秒 (0.1分钟)
训练损失: 0.0114
验证损失: 0.4523
验证准确率: 0.9661 (10591/10964) - 与Levenshtein高度相关
验证F1(加权): 0.9654 - 类别平衡更好
学习率: 0.000064
显存使用: 0.48GB (预留: 0.69GB)

生成的训练样本:
--------------------------------------------------------------------------------
输入:       MRJ> L<MH WB<BDWHJ MTBJ> MVWL DXZ> DCLVT
目标:     0 0 0 0 2 0 1 0 37 0 0 1 1 0 0 69 1 0 0 0 21 14 0 0 41 0 0 8 0 0 0 1 0 10 7 0 1 0 0 3 26
预测:     0 0 0 0 2 0 1 0 37 0 0 1 1 0 0 69 1 0 0 0 21 14 0 0 41 0 0 8 0 0 0 1 0 10 7 0 1 0 0 3 26
准确率:    1.0000 (41/41)
----------------------------------------
输入:       HW DT>MR MNW NSQ LN LCMJ> WNSBJWHJ
目标:     0 0 0 0 1 6 0 0 3 0 0 81 0 0 6 64 3 0 1 0 0 1 0 24 9 0 0 1 34 0 48 35 0 0 0
预测:     0 0 0 0 1 6 0 0 3 0 0 81 0 0 6 64 3 0 1 0 0 1 0 24 9 0 0 1 34 0 48 35 0 0 0
准确率:    1.0000 (35/35)
----------------------------------------
输入:       SPR> WLSB> DKHN> KD MKSJN SQ> LWT
目标:     0 0 0 15 0 0 1 1 0 11 0 0 1 0 0 11 0 0 0 0 0 6 0 42 0 78 0 0 11 0 0 0 0 0
预测:     0 0 0 15 0 0 1 1 0 11 0 0 1 0 0 11 0 0 0 0 0 6 0 42 0 78 0 0 11 0 0 0 0 0
准确率:    1.0000 (34/34)
----------------------------------------

生成的验证样本:
--------------------------------------------------------------------------------
输入:       YBJNH D>LH> LMSV> MN KL DBJC WKLJ
目标:     0 0 0 0 5 0 0 1 0 0 4 0 0 1 6 0 10 7 0 0 0 0 0 2 0 1 0 0 2 0 36 0 0 3
预测:     0 0 0 0 5 0 0 1 0 0 4 0 0 1 6 0 10 7 0 0 0 0 0 2 0 1 0 0 2 0 36 0 0 3
准确率:    1.0000 (34/34)
----------------------------------------
输入:       D>LH> LMSV> MN KL DBJC WKLJ XJLK
目标:     0 1 0 0 4 0 0 1 6 0 10 7 0 0 0 0 0 2 0 1 0 0 2 0 36 0 0 3 0 0 0 5 0
预测:     0 1 0 0 4 0 0 1 6 0 10 7 0 0 0 0 0 2 0 1 0 0 2 0 36 0 0 3 0 0 0 5 0
准确率:    1.0000 (33/33)
----------------------------------------
⏳ 验证无提升 (验证准确率: 0.9661 ≤ 0.9662)，patience: 11/50

======================================================================
🚀 Epoch 84/200
======================================================================
📚 开始训练阶段...
训练进度: 500/3164 损失=0.0044
训练进度: 1000/3164 损失=0.0181
训练进度: 1500/3164 损失=0.0187
训练进度: 2000/3164 损失=0.0060
训练进度: 2500/3164 损失=0.0084
训练进度: 3000/3164 损失=0.0109
训练进度: 3164/3164 损失=0.0095
✅ 训练完成，耗时: 57.4秒 (1.0分钟)

============================================================
📊 验证决策: Epoch 84/200
   验证间隔: 1
   是否验证: ✅ 是
   原因: 达到验证间隔 (0 == 0)
============================================================

🔍 开始验证...
验证进度: 500/686 损失=0.1748
验证进度: 686/686 损失=0.6820

📊 预测分布分析:
  - 预测的前5个类别: {np.int64(0): 282620, np.int64(1): 37099, np.int64(2): 14661, np.int64(3): 10786, np.int64(4): 9010}
  - 标签的前5个类别: {np.int64(0): 281232, np.int64(1): 36731, np.int64(2): 14789, np.int64(3): 10866, np.int64(4): 8585}
✅ 验证完成，耗时: 4.7秒 (0.1分钟)
训练损失: 0.0110
验证损失: 0.4580
验证准确率: 0.9658 (10588/10964) - 与Levenshtein高度相关
验证F1(加权): 0.9649 - 类别平衡更好
学习率: 0.000063
显存使用: 0.48GB (预留: 0.69GB)

生成的训练样本:
--------------------------------------------------------------------------------
输入:       DSJMT> D<T> MVL DMBVL MWHBT> WQJM> KL
目标:     0 1 0 0 13 23 0 0 1 54 15 0 0 0 0 0 0 1 6 0 0 41 0 0 0 0 13 23 0 0 1 0 0 11 0 0 0 2
预测:     0 1 0 0 13 23 0 0 1 54 15 0 0 0 0 0 0 1 6 0 0 41 0 0 0 0 13 23 0 0 1 0 0 11 0 0 0 2
准确率:    1.0000 (38/38)
----------------------------------------
输入:       BTR B<L P<WR >WBDH MRJ> >LHKWN MN
目标:     0 0 0 0 0 0 0 2 0 0 0 0 2 0 59 0 0 29 0 0 0 0 0 2 0 0 0 5 0 0 0 0 0 0
预测:     0 0 0 0 0 0 0 2 0 0 0 0 2 0 59 0 0 29 0 0 0 0 0 2 0 0 0 5 0 0 0 0 0 0
准确率:    1.0000 (34/34)
----------------------------------------
输入:       WNNSJK WNV>B LK BXRTK WT>MR BLBK DBXJLJ
目标:     0 1 6 0 0 51 0 0 1 6 0 0 3 0 1 0 0 1 0 13 1 0 0 1 6 0 0 3 0 1 0 5 0 0 1 1 0 0 5 0
预测:     0 1 6 0 0 51 0 0 1 6 0 0 3 0 1 0 0 1 0 13 1 0 0 1 6 0 0 3 0 1 0 5 0 0 1 1 0 0 5 0
准确率:    1.0000 (40/40)
----------------------------------------

生成的验证样本:
--------------------------------------------------------------------------------
输入:       YBJNH D>LH> LMSV> MN KL DBJC WKLJ
目标:     0 0 0 0 5 0 0 1 0 0 4 0 0 1 6 0 10 7 0 0 0 0 0 2 0 1 0 0 2 0 36 0 0 3
预测:     0 0 0 0 5 0 0 1 0 0 4 0 0 1 6 0 10 7 0 0 0 0 0 2 0 1 0 0 2 0 36 0 0 3
准确率:    1.0000 (34/34)
----------------------------------------
输入:       D>LH> LMSV> MN KL DBJC WKLJ XJLK
目标:     0 1 0 0 4 0 0 1 6 0 10 7 0 0 0 0 0 2 0 1 0 0 2 0 36 0 0 3 0 0 0 5 0
预测:     0 1 0 0 4 0 0 1 6 0 10 7 0 0 0 0 0 2 0 1 0 0 2 0 36 0 0 3 0 0 0 5 0
准确率:    1.0000 (33/33)
----------------------------------------
⏳ 验证无提升 (验证准确率: 0.9658 ≤ 0.9662)，patience: 12/50

======================================================================
🚀 Epoch 85/200
======================================================================
📚 开始训练阶段...
训练进度: 500/3164 损失=0.0100
训练进度: 1000/3164 损失=0.0060
训练进度: 1500/3164 损失=0.0014
训练进度: 2000/3164 损失=0.0014
训练进度: 2500/3164 损失=0.0023
训练进度: 3000/3164 损失=0.0047
训练进度: 3164/3164 损失=0.0223
✅ 训练完成，耗时: 57.6秒 (1.0分钟)

============================================================
📊 验证决策: Epoch 85/200
   验证间隔: 1
   是否验证: ✅ 是
   原因: 达到验证间隔 (0 == 0)
============================================================

🔍 开始验证...
验证进度: 500/686 损失=0.2208
验证进度: 686/686 损失=0.8442

📊 预测分布分析:
  - 预测的前5个类别: {np.int64(0): 282527, np.int64(1): 37160, np.int64(2): 14766, np.int64(3): 10692, np.int64(4): 9075}
  - 标签的前5个类别: {np.int64(0): 281232, np.int64(1): 36731, np.int64(2): 14789, np.int64(3): 10866, np.int64(4): 8585}
✅ 验证完成，耗时: 4.7秒 (0.1分钟)
训练损失: 0.0111
验证损失: 0.4647
验证准确率: 0.9659 (10589/10964) - 与Levenshtein高度相关
验证F1(加权): 0.9650 - 类别平衡更好
学习率: 0.000062
显存使用: 0.48GB (预留: 0.69GB)

生成的训练样本:
--------------------------------------------------------------------------------
输入:       DNWR> LZBN> DRWGZ> MRJ> BRWGZH NWQD >NWN
目标:     0 1 0 0 4 0 0 1 0 0 4 0 0 1 0 0 0 4 0 0 0 0 0 2 0 1 0 0 0 5 0 0 63 0 0 3 0 0 0 0 0
预测:     0 1 0 0 4 0 0 1 0 0 4 0 0 1 0 0 0 4 0 0 0 0 0 2 0 1 0 0 0 5 0 0 63 0 0 3 0 0 0 0 0
准确率:    1.0000 (41/41)
----------------------------------------
输入:       QDM MLK> <L BJTH W<L XQLH WMLK>
目标:     0 0 0 2 0 0 0 4 0 0 0 0 0 0 0 5 12 0 1 0 0 0 0 0 5 12 0 1 0 0 4 0
预测:     0 0 0 2 0 0 0 4 0 0 0 0 0 0 0 5 12 0 1 0 0 0 0 0 5 12 0 1 0 0 4 0
准确率:    1.0000 (32/32)
----------------------------------------
输入:       DBLT> DT>N> WNSJMWN <L CWXN> WMTXLM W>MR
目标:     0 0 0 13 9 0 0 1 0 0 61 0 0 1 6 20 0 3 0 0 0 0 0 0 0 0 0 4 0 0 1 21 14 0 0 7 0 1 0 0 3
预测:     0 0 0 13 9 0 0 1 0 0 61 0 0 1 6 20 0 3 0 0 0 0 0 0 0 0 0 4 0 0 1 21 14 0 0 7 0 1 0 0 3
准确率:    1.0000 (41/41)
----------------------------------------

生成的验证样本:
--------------------------------------------------------------------------------
输入:       YBJNH D>LH> LMSV> MN KL DBJC WKLJ
目标:     0 0 0 0 5 0 0 1 0 0 4 0 0 1 6 0 10 7 0 0 0 0 0 2 0 1 0 0 2 0 36 0 0 3
预测:     0 0 0 0 5 0 0 1 0 0 4 0 0 1 6 0 10 7 0 0 0 0 0 2 0 1 0 0 2 0 36 0 0 3
准确率:    1.0000 (34/34)
----------------------------------------
输入:       D>LH> LMSV> MN KL DBJC WKLJ XJLK
目标:     0 1 0 0 4 0 0 1 6 0 10 7 0 0 0 0 0 2 0 1 0 0 2 0 36 0 0 3 0 0 0 5 0
预测:     0 1 0 0 4 0 0 1 6 0 10 7 0 0 0 0 0 2 0 1 0 0 2 0 36 0 0 3 0 0 0 5 0
准确率:    1.0000 (33/33)
----------------------------------------
⏳ 验证无提升 (验证准确率: 0.9659 ≤ 0.9662)，patience: 13/50

======================================================================
🚀 Epoch 86/200
======================================================================
📚 开始训练阶段...
训练进度: 500/3164 损失=0.0092
训练进度: 1000/3164 损失=0.0066
训练进度: 1500/3164 损失=0.0042
训练进度: 2000/3164 损失=0.0061
训练进度: 2500/3164 损失=0.0070
训练进度: 3000/3164 损失=0.0023
训练进度: 3164/3164 损失=0.0090
✅ 训练完成，耗时: 57.6秒 (1.0分钟)

============================================================
📊 验证决策: Epoch 86/200
   验证间隔: 1
   是否验证: ✅ 是
   原因: 达到验证间隔 (0 == 0)
============================================================

🔍 开始验证...
验证进度: 500/686 损失=0.2022
验证进度: 686/686 损失=0.8545

📊 预测分布分析:
  - 预测的前5个类别: {np.int64(0): 282305, np.int64(1): 37098, np.int64(2): 14735, np.int64(3): 11076, np.int64(4): 8973}
  - 标签的前5个类别: {np.int64(0): 281232, np.int64(1): 36731, np.int64(2): 14789, np.int64(3): 10866, np.int64(4): 8585}
✅ 验证完成，耗时: 4.7秒 (0.1分钟)
训练损失: 0.0108
验证损失: 0.4637
验证准确率: 0.9659 (10590/10964) - 与Levenshtein高度相关
验证F1(加权): 0.9651 - 类别平衡更好
学习率: 0.000062
显存使用: 0.48GB (预留: 0.69GB)

生成的训练样本:
--------------------------------------------------------------------------------
输入:       D>MRW >DWMJ> D>LH> HW DVWR> MRJ> WL>
目标:     0 1 0 0 3 0 0 0 0 0 0 11 0 0 1 0 0 4 0 0 0 0 0 1 0 0 11 0 0 0 0 0 2 0 1 0 0
预测:     0 1 0 0 3 0 0 0 0 0 0 11 0 0 1 0 0 4 0 0 0 0 0 1 0 0 11 0 0 0 0 0 2 0 1 0 0
准确率:    1.0000 (37/37)
----------------------------------------
输入:       TRJN <BDWHJ DCM<J LWT >KJC BR M<K>
目标:     0 0 2 0 12 0 0 0 69 1 0 0 0 1 0 0 0 2 0 0 0 0 0 0 0 0 2 0 0 2 0 0 0 0 62
预测:     0 0 2 0 12 0 0 0 69 1 0 0 0 1 0 0 0 2 0 0 0 0 0 0 0 0 2 0 0 2 0 0 0 0 62
准确率:    1.0000 (35/35)
----------------------------------------
输入:       >JK GNBR> WMW>BJ> QRJN LHWN >MN> WBS<JR
目标:     0 0 0 0 0 0 0 0 11 0 0 1 0 0 0 0 11 0 0 0 42 0 0 0 1 0 0 0 0 0 0 11 0 0 1 1 0 0 0 2
预测:     0 0 0 0 0 0 0 0 11 0 0 1 0 0 0 0 11 0 0 0 42 0 0 0 1 0 0 0 0 0 0 11 0 0 1 1 0 0 0 2
准确率:    1.0000 (40/40)
----------------------------------------

生成的验证样本:
--------------------------------------------------------------------------------
输入:       YBJNH D>LH> LMSV> MN KL DBJC WKLJ
目标:     0 0 0 0 5 0 0 1 0 0 4 0 0 1 6 0 10 7 0 0 0 0 0 2 0 1 0 0 2 0 36 0 0 3
预测:     0 0 0 0 5 0 0 1 0 0 4 0 0 1 6 0 10 7 0 0 0 0 0 2 0 1 0 0 2 0 36 0 0 3
准确率:    1.0000 (34/34)
----------------------------------------
输入:       D>LH> LMSV> MN KL DBJC WKLJ XJLK
目标:     0 1 0 0 4 0 0 1 6 0 10 7 0 0 0 0 0 2 0 1 0 0 2 0 36 0 0 3 0 0 0 5 0
预测:     0 1 0 0 4 0 0 1 6 0 10 7 0 0 0 0 0 2 0 1 0 0 2 0 36 0 0 3 0 0 0 5 0
准确率:    1.0000 (33/33)
----------------------------------------
⏳ 验证无提升 (验证准确率: 0.9659 ≤ 0.9662)，patience: 14/50

======================================================================
🚀 Epoch 87/200
======================================================================
📚 开始训练阶段...
训练进度: 500/3164 损失=0.0033
训练进度: 1000/3164 损失=0.0115
训练进度: 1500/3164 损失=0.0027
训练进度: 2000/3164 损失=0.0186
训练进度: 2500/3164 损失=0.0016
训练进度: 3000/3164 损失=0.0014
训练进度: 3164/3164 损失=0.0028
✅ 训练完成，耗时: 57.6秒 (1.0分钟)

============================================================
📊 验证决策: Epoch 87/200
   验证间隔: 1
   是否验证: ✅ 是
   原因: 达到验证间隔 (0 == 0)
============================================================

🔍 开始验证...
验证进度: 500/686 损失=0.1378
验证进度: 686/686 损失=0.7278

📊 预测分布分析:
  - 预测的前5个类别: {np.int64(0): 282456, np.int64(1): 37120, np.int64(2): 14692, np.int64(3): 10788, np.int64(4): 8898}
  - 标签的前5个类别: {np.int64(0): 281232, np.int64(1): 36731, np.int64(2): 14789, np.int64(3): 10866, np.int64(4): 8585}
✅ 验证完成，耗时: 4.7秒 (0.1分钟)
训练损失: 0.0104
验证损失: 0.4637
验证准确率: 0.9655 (10585/10964) - 与Levenshtein高度相关
验证F1(加权): 0.9647 - 类别平衡更好
学习率: 0.000061
显存使用: 0.48GB (预留: 0.69GB)

生成的训练样本:
--------------------------------------------------------------------------------
输入:       BH HLJN HKN> >MR BRWK BR NRJ>
目标:     0 1 12 0 0 0 0 0 0 0 0 0 0 0 0 0 7 0 0 0 0 22 0 0 2 0 0 0 0 2
预测:     0 1 12 0 0 0 0 0 0 0 0 0 0 0 0 0 7 0 0 0 0 22 0 0 2 0 0 0 0 2
准确率:    1.0000 (30/30)
----------------------------------------
输入:       NCBWQ KL GBR> MR> XWB> DXJB LH
目标:     0 6 0 8 0 3 0 0 2 0 0 0 4 0 0 0 0 2 0 0 0 15 0 0 1 0 0 2 0 1 0
预测:     0 6 0 8 0 3 0 0 2 0 0 0 4 0 0 0 0 2 0 0 0 15 0 0 1 0 0 2 0 1 0
准确率:    1.0000 (31/31)
----------------------------------------
输入:       QDM <M> HW WJCW< BRNWN WKD CLM
目标:     0 0 0 2 0 0 15 0 0 0 0 0 1 0 0 0 2 0 0 5 0 0 2 0 1 0 0 0 0 0 16
预测:     0 0 0 2 0 0 15 0 0 0 0 0 1 0 0 0 2 0 0 5 0 0 2 0 1 0 0 0 0 0 16
准确率:    1.0000 (31/31)
----------------------------------------

生成的验证样本:
--------------------------------------------------------------------------------
输入:       YBJNH D>LH> LMSV> MN KL DBJC WKLJ
目标:     0 0 0 0 5 0 0 1 0 0 4 0 0 1 6 0 10 7 0 0 0 0 0 2 0 1 0 0 2 0 36 0 0 3
预测:     0 0 0 0 5 0 0 1 0 0 4 0 0 1 6 0 10 7 0 0 0 0 0 2 0 1 0 0 2 0 36 0 0 3
准确率:    1.0000 (34/34)
----------------------------------------
输入:       D>LH> LMSV> MN KL DBJC WKLJ XJLK
目标:     0 1 0 0 4 0 0 1 6 0 10 7 0 0 0 0 0 2 0 1 0 0 2 0 36 0 0 3 0 0 0 5 0
预测:     0 1 0 0 4 0 0 1 6 0 10 7 0 0 0 0 0 2 0 1 0 0 2 0 36 0 0 3 0 0 0 5 0
准确率:    1.0000 (33/33)
----------------------------------------
⏳ 验证无提升 (验证准确率: 0.9655 ≤ 0.9662)，patience: 15/50

======================================================================
🚀 Epoch 88/200
======================================================================
📚 开始训练阶段...
训练进度: 500/3164 损失=0.0199
训练进度: 1000/3164 损失=0.0035
训练进度: 1500/3164 损失=0.0025
训练进度: 2000/3164 损失=0.0006
训练进度: 2500/3164 损失=0.0246
训练进度: 3000/3164 损失=0.0081
训练进度: 3164/3164 损失=0.0067
✅ 训练完成，耗时: 57.3秒 (1.0分钟)

============================================================
📊 验证决策: Epoch 88/200
   验证间隔: 1
   是否验证: ✅ 是
   原因: 达到验证间隔 (0 == 0)
============================================================

🔍 开始验证...
验证进度: 500/686 损失=0.1149
验证进度: 686/686 损失=0.8799

📊 预测分布分析:
  - 预测的前5个类别: {np.int64(0): 282448, np.int64(1): 37144, np.int64(2): 14716, np.int64(3): 10766, np.int64(4): 9050}
  - 标签的前5个类别: {np.int64(0): 281232, np.int64(1): 36731, np.int64(2): 14789, np.int64(3): 10866, np.int64(4): 8585}
✅ 验证完成，耗时: 4.7秒 (0.1分钟)
训练损失: 0.0102
验证损失: 0.4587
验证准确率: 0.9662 (10593/10964) - 与Levenshtein高度相关
验证F1(加权): 0.9654 - 类别平衡更好
学习率: 0.000060
显存使用: 0.48GB (预留: 0.69GB)

生成的训练样本:
--------------------------------------------------------------------------------
输入:       >ZDHR DL> TSQ JQDK CLM> BKL >TR
目标:     6 47 85 0 0 16 0 1 0 0 0 28 64 3 0 0 0 37 0 0 0 0 15 0 0 1 0 2 0 0 0 2
预测:     6 47 85 0 0 16 0 1 0 0 0 28 64 3 0 0 0 37 0 0 0 0 15 0 0 1 0 2 0 0 0 2
准确率:    1.0000 (32/32)
----------------------------------------
输入:       <M MRJ> >LHN LMHLKW B>WRXTH WLMVR PWQDNWHJ
目标:     0 0 0 0 0 0 0 2 0 0 0 5 0 0 1 6 0 0 7 19 0 1 0 0 0 2 32 0 0 1 1 34 0 7 0 0 0 0 0 25 1 0 0
预测:     0 0 0 0 0 0 0 2 0 0 0 5 0 0 1 6 0 0 7 19 0 1 0 0 0 2 32 0 0 1 1 34 0 7 0 0 0 0 0 25 1 0 0
准确率:    1.0000 (43/43)
----------------------------------------
输入:       JRX JWMJN BCMRJN WSLQ MXNJM BR GDJ
目标:     0 0 0 2 0 0 0 2 0 0 0 1 0 0 0 0 2 0 1 0 0 3 0 0 0 0 0 2 0 0 2 0 0 0 22
预测:     0 0 0 2 0 0 0 2 0 0 0 1 0 0 0 0 2 0 1 0 0 3 0 0 0 0 0 2 0 0 2 0 0 0 22
准确率:    1.0000 (35/35)
----------------------------------------

生成的验证样本:
--------------------------------------------------------------------------------
输入:       YBJNH D>LH> LMSV> MN KL DBJC WKLJ
目标:     0 0 0 0 5 0 0 1 0 0 4 0 0 1 6 0 10 7 0 0 0 0 0 2 0 1 0 0 2 0 36 0 0 3
预测:     0 0 0 0 5 0 0 1 0 0 4 0 0 1 6 0 10 7 0 0 0 0 0 2 0 1 0 0 2 0 36 0 0 3
准确率:    1.0000 (34/34)
----------------------------------------
输入:       D>LH> LMSV> MN KL DBJC WKLJ XJLK
目标:     0 1 0 0 4 0 0 1 6 0 10 7 0 0 0 0 0 2 0 1 0 0 2 0 36 0 0 3 0 0 0 5 0
预测:     0 1 0 0 4 0 0 1 6 0 10 7 0 0 0 0 0 2 0 1 0 0 2 0 36 0 0 3 0 0 0 5 0
准确率:    1.0000 (33/33)
----------------------------------------
💾 保存新的最佳模型！验证准确率: 0.9662 (F1: 0.9654) (Epoch 88)

======================================================================
🚀 Epoch 89/200
======================================================================
📚 开始训练阶段...
训练进度: 500/3164 损失=0.0008
训练进度: 1000/3164 损失=0.0027
训练进度: 1500/3164 损失=0.0073
训练进度: 2000/3164 损失=0.0073
训练进度: 2500/3164 损失=0.0100
训练进度: 3000/3164 损失=0.0102
训练进度: 3164/3164 损失=0.0037
✅ 训练完成，耗时: 57.5秒 (1.0分钟)

============================================================
📊 验证决策: Epoch 89/200
   验证间隔: 1
   是否验证: ✅ 是
   原因: 达到验证间隔 (0 == 0)
============================================================

🔍 开始验证...
验证进度: 500/686 损失=0.2722
验证进度: 686/686 损失=0.6997

📊 预测分布分析:
  - 预测的前5个类别: {np.int64(0): 282353, np.int64(1): 37191, np.int64(2): 14866, np.int64(3): 10753, np.int64(4): 8814}
  - 标签的前5个类别: {np.int64(0): 281232, np.int64(1): 36731, np.int64(2): 14789, np.int64(3): 10866, np.int64(4): 8585}
✅ 验证完成，耗时: 4.7秒 (0.1分钟)
训练损失: 0.0099
验证损失: 0.4684
验证准确率: 0.9657 (10587/10964) - 与Levenshtein高度相关
验证F1(加权): 0.9649 - 类别平衡更好
学习率: 0.000059
显存使用: 0.48GB (预留: 0.69GB)

生成的训练样本:
--------------------------------------------------------------------------------
输入:       DTHW> LH <M> XBJB> VB MN KLHWN
目标:     0 1 6 0 10 3 0 1 0 0 0 15 0 0 0 8 0 43 27 0 0 2 0 0 0 0 0 5 0 0 0
预测:     0 1 6 0 10 3 0 1 0 0 0 15 0 0 0 8 0 43 27 0 0 2 0 0 0 0 0 5 0 0 0
准确率:    1.0000 (31/31)
----------------------------------------
输入:       HW> WL> >JTWHJ MDM PRJC MN MDM
目标:     0 0 10 3 0 1 0 0 0 0 0 10 5 0 0 0 0 0 2 0 0 8 0 40 0 0 0 0 0 0 2
预测:     0 0 10 3 0 1 0 0 0 0 0 10 5 0 0 0 0 0 2 0 0 8 0 40 0 0 0 0 0 0 2
准确率:    1.0000 (31/31)
----------------------------------------
输入:       >N HW HKJL BRJ D>JT LK MDM
目标:     0 0 0 0 0 0 0 0 0 0 0 0 0 5 0 0 1 0 0 24 0 1 0 0 0 0 2
预测:     0 0 0 0 0 0 0 0 0 0 0 0 0 5 0 0 1 0 0 24 0 1 0 0 0 0 2
准确率:    1.0000 (27/27)
----------------------------------------

生成的验证样本:
--------------------------------------------------------------------------------
输入:       YBJNH D>LH> LMSV> MN KL DBJC WKLJ
目标:     0 0 0 0 5 0 0 1 0 0 4 0 0 1 6 0 10 7 0 0 0 0 0 2 0 1 0 0 2 0 36 0 0 3
预测:     0 0 0 0 5 0 0 1 0 0 4 0 0 1 6 0 10 7 0 0 0 0 0 2 0 1 0 0 2 0 36 0 0 3
准确率:    1.0000 (34/34)
----------------------------------------
输入:       D>LH> LMSV> MN KL DBJC WKLJ XJLK
目标:     0 1 0 0 4 0 0 1 6 0 10 7 0 0 0 0 0 2 0 1 0 0 2 0 36 0 0 3 0 0 0 5 0
预测:     0 1 0 0 4 0 0 1 6 0 10 7 0 0 0 0 0 2 0 1 0 0 2 0 1 0 0 3 0 0 0 5 0
准确率:    0.9697 (32/33)
----------------------------------------
⏳ 验证无提升 (验证准确率: 0.9657 ≤ 0.9662)，patience: 1/50

======================================================================
🚀 Epoch 90/200
======================================================================
📚 开始训练阶段...
训练进度: 500/3164 损失=0.0183
训练进度: 1000/3164 损失=0.0162
训练进度: 1500/3164 损失=0.0146
训练进度: 2000/3164 损失=0.0080
训练进度: 2500/3164 损失=0.0101
训练进度: 3000/3164 损失=0.0203
训练进度: 3164/3164 损失=0.0151
✅ 训练完成，耗时: 57.3秒 (1.0分钟)

============================================================
📊 验证决策: Epoch 90/200
   验证间隔: 1
   是否验证: ✅ 是
   原因: 达到验证间隔 (0 == 0)
============================================================

🔍 开始验证...
验证进度: 500/686 损失=0.1773
验证进度: 686/686 损失=0.8169

📊 预测分布分析:
  - 预测的前5个类别: {np.int64(0): 282900, np.int64(1): 37136, np.int64(2): 14721, np.int64(3): 10818, np.int64(4): 8906}
  - 标签的前5个类别: {np.int64(0): 281232, np.int64(1): 36731, np.int64(2): 14789, np.int64(3): 10866, np.int64(4): 8585}
✅ 验证完成，耗时: 4.7秒 (0.1分钟)
训练损失: 0.0098
验证损失: 0.4702
验证准确率: 0.9662 (10592/10964) - 与Levenshtein高度相关
验证F1(加权): 0.9653 - 类别平衡更好
学习率: 0.000058
显存使用: 0.48GB (预留: 0.69GB)

生成的训练样本:
--------------------------------------------------------------------------------
输入:       L> HPK JWRB<M MN >WRXH BJCT> WHPK
目标:     0 0 0 0 0 0 3 0 0 0 0 0 0 2 0 0 0 0 0 0 0 5 0 0 0 0 2 9 0 0 1 0 0 3
预测:     0 0 0 0 0 0 3 0 0 0 0 0 0 2 0 0 0 0 0 0 0 5 0 0 0 0 2 9 0 0 1 0 0 3
准确率:    1.0000 (34/34)
----------------------------------------
输入:       <DM> LJWMN> HJDJN MRDT LBN> BZBN> HW
目标:     0 0 0 0 0 0 1 0 0 0 4 0 0 0 0 0 0 0 0 0 0 3 26 0 0 0 0 2 0 1 0 0 4 0 0 0 12
预测:     0 0 0 0 0 0 1 0 0 0 4 0 0 0 0 0 0 0 0 0 0 3 26 0 0 0 0 2 0 1 0 0 4 0 0 0 12
准确率:    1.0000 (37/37)
----------------------------------------
输入:       <LM> >TBJNW WXZW MNW HJMN BH WCBQH
目标:     0 0 0 4 0 6 0 14 20 0 3 19 0 36 0 18 0 0 0 71 0 0 0 0 0 151 0 1 0 0 1 0 0 29 0
预测:     0 0 0 4 0 6 0 14 20 0 3 19 0 36 0 18 0 0 0 71 0 0 0 0 0 151 0 1 0 0 1 0 0 29 0
准确率:    1.0000 (35/35)
----------------------------------------

生成的验证样本:
--------------------------------------------------------------------------------
输入:       YBJNH D>LH> LMSV> MN KL DBJC WKLJ
目标:     0 0 0 0 5 0 0 1 0 0 4 0 0 1 6 0 10 7 0 0 0 0 0 2 0 1 0 0 2 0 36 0 0 3
预测:     0 0 0 0 5 0 0 1 0 0 4 0 0 1 6 0 10 7 0 0 0 0 0 2 0 1 0 0 2 0 36 0 0 3
准确率:    1.0000 (34/34)
----------------------------------------
输入:       D>LH> LMSV> MN KL DBJC WKLJ XJLK
目标:     0 1 0 0 4 0 0 1 6 0 10 7 0 0 0 0 0 2 0 1 0 0 2 0 36 0 0 3 0 0 0 5 0
预测:     0 1 0 0 4 0 0 1 6 0 10 7 0 0 0 0 0 2 0 1 0 0 2 0 36 0 0 3 0 0 0 5 0
准确率:    1.0000 (33/33)
----------------------------------------
⏳ 验证无提升 (验证准确率: 0.9662 ≤ 0.9662)，patience: 2/50

======================================================================
🚀 Epoch 91/200
======================================================================
📚 开始训练阶段...
训练进度: 500/3164 损失=0.0006
训练进度: 1000/3164 损失=0.0029
训练进度: 1500/3164 损失=0.0594
训练进度: 2000/3164 损失=0.0166
训练进度: 2500/3164 损失=0.0169
训练进度: 3000/3164 损失=0.0218
训练进度: 3164/3164 损失=0.0097
✅ 训练完成，耗时: 57.5秒 (1.0分钟)

============================================================
📊 验证决策: Epoch 91/200
   验证间隔: 1
   是否验证: ✅ 是
   原因: 达到验证间隔 (0 == 0)
============================================================

🔍 开始验证...
验证进度: 500/686 损失=0.2784
验证进度: 686/686 损失=0.8637

📊 预测分布分析:
  - 预测的前5个类别: {np.int64(0): 282538, np.int64(1): 37139, np.int64(2): 14772, np.int64(3): 10741, np.int64(4): 8809}
  - 标签的前5个类别: {np.int64(0): 281232, np.int64(1): 36731, np.int64(2): 14789, np.int64(3): 10866, np.int64(4): 8585}
✅ 验证完成，耗时: 4.7秒 (0.1分钟)
训练损失: 0.0097
验证损失: 0.4787
验证准确率: 0.9656 (10586/10964) - 与Levenshtein高度相关
验证F1(加权): 0.9648 - 类别平衡更好
学习率: 0.000058
显存使用: 0.48GB (预留: 0.69GB)

生成的训练样本:
--------------------------------------------------------------------------------
输入:       NBJ> WBNJ> BR JWJD< WQCT> WDCDJN BQL<>
目标:     0 0 0 4 0 0 1 0 0 0 2 0 0 2 0 0 0 0 0 2 0 1 0 0 30 0 0 1 1 0 42 0 0 0 1 0 0 11 0
预测:     0 0 0 4 0 0 1 0 0 0 2 0 0 2 0 0 0 0 0 2 0 1 0 0 30 0 0 1 1 0 42 0 0 0 1 0 0 11 0
准确率:    1.0000 (39/39)
----------------------------------------
输入:       >JDWHJ DMLK> D>RM WMN >JDWHJ DMLK> D>JSRJL
目标:     8 0 0 25 1 0 0 0 1 0 0 4 0 0 1 0 0 2 0 1 0 0 8 0 0 25 1 0 0 0 1 0 0 4 0 0 1 0 0 0 0 0 2
预测:     8 0 0 25 1 0 0 0 1 0 0 4 0 0 1 0 0 2 0 1 0 0 8 0 0 25 1 0 0 0 1 0 0 4 0 0 1 0 0 0 0 0 2
准确率:    1.0000 (43/43)
----------------------------------------
输入:       >LPJN W<N> M>> W<SRJN >LPJN WXDTW LBJTH
目标:     0 0 0 2 0 0 0 1 0 4 0 0 0 0 2 0 1 0 0 0 0 2 0 0 0 2 0 0 0 1 0 0 33 19 0 1 0 0 5 0
预测:     0 0 0 2 0 0 0 1 0 4 0 0 0 0 2 0 1 0 0 0 0 2 0 0 0 2 0 0 0 1 0 0 33 19 0 1 0 0 5 0
准确率:    1.0000 (40/40)
----------------------------------------

生成的验证样本:
--------------------------------------------------------------------------------
输入:       YBJNH D>LH> LMSV> MN KL DBJC WKLJ
目标:     0 0 0 0 5 0 0 1 0 0 4 0 0 1 6 0 10 7 0 0 0 0 0 2 0 1 0 0 2 0 36 0 0 3
预测:     0 0 0 0 5 0 0 1 0 0 4 0 0 1 6 0 10 7 0 0 0 0 0 2 0 1 0 0 2 0 36 0 0 3
准确率:    1.0000 (34/34)
----------------------------------------
输入:       D>LH> LMSV> MN KL DBJC WKLJ XJLK
目标:     0 1 0 0 4 0 0 1 6 0 10 7 0 0 0 0 0 2 0 1 0 0 2 0 36 0 0 3 0 0 0 5 0
预测:     0 1 0 0 4 0 0 1 6 0 10 7 0 0 0 0 0 2 0 1 0 0 2 0 36 0 0 3 0 0 0 5 0
准确率:    1.0000 (33/33)
----------------------------------------
⏳ 验证无提升 (验证准确率: 0.9656 ≤ 0.9662)，patience: 3/50

======================================================================
🚀 Epoch 92/200
======================================================================
📚 开始训练阶段...
训练进度: 500/3164 损失=0.0123
训练进度: 1000/3164 损失=0.0013
训练进度: 1500/3164 损失=0.0025
训练进度: 2000/3164 损失=0.0022
训练进度: 2500/3164 损失=0.0040
训练进度: 3000/3164 损失=0.0030
训练进度: 3164/3164 损失=0.0039
✅ 训练完成，耗时: 57.4秒 (1.0分钟)

============================================================
📊 验证决策: Epoch 92/200
   验证间隔: 1
   是否验证: ✅ 是
   原因: 达到验证间隔 (0 == 0)
============================================================

🔍 开始验证...
验证进度: 500/686 损失=0.2255
验证进度: 686/686 损失=1.0939

📊 预测分布分析:
  - 预测的前5个类别: {np.int64(0): 282637, np.int64(1): 37207, np.int64(2): 14723, np.int64(3): 10777, np.int64(4): 8965}
  - 标签的前5个类别: {np.int64(0): 281232, np.int64(1): 36731, np.int64(2): 14789, np.int64(3): 10866, np.int64(4): 8585}
✅ 验证完成，耗时: 4.7秒 (0.1分钟)
训练损失: 0.0096
验证损失: 0.4801
验证准确率: 0.9662 (10593/10964) - 与Levenshtein高度相关
验证F1(加权): 0.9654 - 类别平衡更好
学习率: 0.000057
显存使用: 0.47GB (预留: 0.69GB)

生成的训练样本:
--------------------------------------------------------------------------------
输入:       M>N> SWG>> DVB L> HW> SK> LMTQL>
目标:     0 0 0 11 0 0 0 0 0 4 0 0 1 0 2 0 0 0 0 0 10 3 0 0 4 0 0 1 0 0 0 4 0
预测:     0 0 0 11 0 0 0 0 0 4 0 0 1 0 2 0 0 0 0 0 10 3 0 0 4 0 0 1 0 0 0 4 0
准确率:    1.0000 (33/33)
----------------------------------------
输入:       D>LH> WTQJP GBRWT> HW WKL MDM <JNWHJ
目标:     0 1 0 0 4 0 0 1 0 8 0 40 0 0 0 0 2 23 0 0 0 0 0 1 0 2 0 0 0 2 0 0 0 25 1 0 0
预测:     0 1 0 0 4 0 0 1 0 8 0 40 0 0 0 0 2 23 0 0 0 0 0 1 0 2 0 0 0 2 0 0 0 25 1 0 0
准确率:    1.0000 (37/37)
----------------------------------------
输入:       DRXM LKWN MRJ> WDNQJM MWMT> DJM> L>BHJKWN
目标:     0 1 0 0 7 0 1 0 0 0 0 0 0 0 2 0 1 1 28 20 0 3 0 0 0 13 23 0 0 1 0 10 3 0 1 0 8 2 1 0 0 0
预测:     0 1 0 0 7 0 1 0 0 0 0 0 0 0 2 0 1 1 28 20 0 3 0 0 0 13 23 0 0 1 0 10 3 0 1 0 8 2 1 0 0 0
准确率:    1.0000 (42/42)
----------------------------------------

生成的验证样本:
--------------------------------------------------------------------------------
输入:       YBJNH D>LH> LMSV> MN KL DBJC WKLJ
目标:     0 0 0 0 5 0 0 1 0 0 4 0 0 1 6 0 10 7 0 0 0 0 0 2 0 1 0 0 2 0 36 0 0 3
预测:     0 0 0 0 5 0 0 1 0 0 4 0 0 1 6 0 10 7 0 0 0 0 0 2 0 1 0 0 2 0 36 0 0 3
准确率:    1.0000 (34/34)
----------------------------------------
输入:       D>LH> LMSV> MN KL DBJC WKLJ XJLK
目标:     0 1 0 0 4 0 0 1 6 0 10 7 0 0 0 0 0 2 0 1 0 0 2 0 36 0 0 3 0 0 0 5 0
预测:     0 1 0 0 4 0 0 1 6 0 10 7 0 0 0 0 0 2 0 1 0 0 2 0 36 0 0 3 0 0 0 5 0
准确率:    1.0000 (33/33)
----------------------------------------
💾 保存新的最佳模型！验证准确率: 0.9662 (F1: 0.9654) (Epoch 92)

======================================================================
🚀 Epoch 93/200
======================================================================
📚 开始训练阶段...
训练进度: 500/3164 损失=0.0071
训练进度: 1000/3164 损失=0.0145
训练进度: 1500/3164 损失=0.0021
训练进度: 2000/3164 损失=0.0004
训练进度: 2500/3164 损失=0.0014
训练进度: 3000/3164 损失=0.0028
训练进度: 3164/3164 损失=0.0230
✅ 训练完成，耗时: 57.5秒 (1.0分钟)

============================================================
📊 验证决策: Epoch 93/200
   验证间隔: 1
   是否验证: ✅ 是
   原因: 达到验证间隔 (0 == 0)
============================================================

🔍 开始验证...
验证进度: 500/686 损失=0.2603
验证进度: 686/686 损失=1.0021

📊 预测分布分析:
  - 预测的前5个类别: {np.int64(0): 282569, np.int64(1): 37232, np.int64(2): 14711, np.int64(3): 10724, np.int64(4): 8771}
  - 标签的前5个类别: {np.int64(0): 281232, np.int64(1): 36731, np.int64(2): 14789, np.int64(3): 10866, np.int64(4): 8585}
✅ 验证完成，耗时: 4.7秒 (0.1分钟)
训练损失: 0.0092
验证损失: 0.4935
验证准确率: 0.9657 (10587/10964) - 与Levenshtein高度相关
验证F1(加权): 0.9650 - 类别平衡更好
学习率: 0.000056
显存使用: 0.48GB (预留: 0.69GB)

生成的训练样本:
--------------------------------------------------------------------------------
输入:       MVL DKL BRNC> DMSG> LM>M> MN MXWT>
目标:     0 0 0 0 0 1 0 2 0 0 84 0 4 0 0 1 28 0 10 7 0 1 73 0 10 7 0 0 0 0 0 0 13 9 0
预测:     0 0 0 0 0 1 0 2 0 0 84 0 4 0 0 1 28 0 10 7 0 1 73 0 10 7 0 0 0 0 0 0 13 9 0
准确率:    1.0000 (35/35)
----------------------------------------
输入:       DJWRB<M WD>TKTC WD>MLK H> KTJBJN BSPR DBRJMJN
目标:     0 1 0 0 0 0 0 2 0 1 1 0 14 0 0 16 0 1 1 17 0 0 33 0 0 0 0 0 8 0 7 0 27 0 1 0 0 2 0 0 0 0 0 0 0 2
预测:     0 1 0 0 0 0 0 2 0 1 1 0 14 0 0 16 0 1 1 17 0 0 33 0 0 0 0 0 8 0 7 0 27 0 1 0 0 2 0 0 0 0 0 0 0 2
准确率:    1.0000 (46/46)
----------------------------------------
输入:       >N MSRWXJT> DMCX> W>MR LH ZLJ C>LJ
目标:     0 0 0 0 0 0 0 0 0 2 9 0 0 1 0 0 4 0 0 1 0 0 3 0 1 12 21 0 3 0 6 0 0 3 0
预测:     0 0 0 0 0 0 0 0 0 2 9 0 0 1 0 0 4 0 0 1 0 0 3 0 1 12 21 0 3 0 6 0 0 3 0
准确率:    1.0000 (35/35)
----------------------------------------

生成的验证样本:
--------------------------------------------------------------------------------
输入:       YBJNH D>LH> LMSV> MN KL DBJC WKLJ
目标:     0 0 0 0 5 0 0 1 0 0 4 0 0 1 6 0 10 7 0 0 0 0 0 2 0 1 0 0 2 0 36 0 0 3
预测:     0 0 0 0 5 0 0 1 0 0 4 0 0 1 6 0 10 7 0 0 0 0 0 2 0 1 0 0 2 0 36 0 0 3
准确率:    1.0000 (34/34)
----------------------------------------
输入:       D>LH> LMSV> MN KL DBJC WKLJ XJLK
目标:     0 1 0 0 4 0 0 1 6 0 10 7 0 0 0 0 0 2 0 1 0 0 2 0 36 0 0 3 0 0 0 5 0
预测:     0 1 0 0 4 0 0 1 6 0 10 7 0 0 0 0 0 2 0 1 0 0 2 0 36 0 0 3 0 0 0 5 0
准确率:    1.0000 (33/33)
----------------------------------------
⏳ 验证无提升 (验证准确率: 0.9657 ≤ 0.9662)，patience: 1/50

======================================================================
🚀 Epoch 94/200
======================================================================
📚 开始训练阶段...
训练进度: 500/3164 损失=0.0218
训练进度: 1000/3164 损失=0.0082
训练进度: 1500/3164 损失=0.0007
训练进度: 2000/3164 损失=0.0108
训练进度: 2500/3164 损失=0.0063
训练进度: 3000/3164 损失=0.0037
训练进度: 3164/3164 损失=0.0036
✅ 训练完成，耗时: 57.7秒 (1.0分钟)

============================================================
📊 验证决策: Epoch 94/200
   验证间隔: 1
   是否验证: ✅ 是
   原因: 达到验证间隔 (0 == 0)
============================================================

🔍 开始验证...
验证进度: 500/686 损失=0.2705
验证进度: 686/686 损失=0.9884

📊 预测分布分析:
  - 预测的前5个类别: {np.int64(0): 282637, np.int64(1): 37157, np.int64(2): 14777, np.int64(3): 10610, np.int64(4): 8886}
  - 标签的前5个类别: {np.int64(0): 281232, np.int64(1): 36731, np.int64(2): 14789, np.int64(3): 10866, np.int64(4): 8585}
✅ 验证完成，耗时: 4.7秒 (0.1分钟)
训练损失: 0.0088
验证损失: 0.4874
验证准确率: 0.9662 (10593/10964) - 与Levenshtein高度相关
验证F1(加权): 0.9654 - 类别平衡更好
学习率: 0.000055
显存使用: 0.47GB (预留: 0.69GB)

生成的训练样本:
--------------------------------------------------------------------------------
输入:       <BDJN YBWT> VNPT> >L> L> KD <BDJN
目标:     0 0 0 7 0 0 0 0 0 2 23 0 0 0 0 22 23 0 0 0 0 0 0 0 0 0 0 0 0 0 0 7 0 0
预测:     0 0 0 7 0 0 0 0 0 2 23 0 0 0 0 22 23 0 0 0 0 0 0 0 0 0 0 0 0 0 0 7 0 0
准确率:    1.0000 (34/34)
----------------------------------------
输入:       XD TLTJN KWRJN SMJD> WCTJN KWRJN QMX>
目标:     0 0 2 0 0 0 0 0 2 0 0 0 22 0 0 0 0 0 0 4 0 0 1 0 0 0 2 0 0 0 22 0 0 0 0 0 4 0
预测:     0 0 2 0 0 0 0 0 2 0 0 0 22 0 0 0 0 0 0 4 0 0 1 0 0 0 2 0 0 0 22 0 0 0 0 0 4 0
准确率:    1.0000 (38/38)
----------------------------------------
输入:       MLK> WRWRBN> NCMC BMDJNT> D<LM> NHLK VB
目标:     0 0 0 11 0 0 1 0 0 0 0 11 0 0 6 0 0 77 0 1 0 0 0 13 23 0 0 1 0 0 4 0 0 6 0 0 16 0 0 2
预测:     0 0 0 11 0 0 1 0 0 0 0 11 0 0 6 0 0 77 0 1 0 0 0 13 23 0 0 1 0 0 4 0 0 6 0 0 16 0 0 2
准确率:    1.0000 (40/40)
----------------------------------------

生成的验证样本:
--------------------------------------------------------------------------------
输入:       YBJNH D>LH> LMSV> MN KL DBJC WKLJ
目标:     0 0 0 0 5 0 0 1 0 0 4 0 0 1 6 0 10 7 0 0 0 0 0 2 0 1 0 0 2 0 36 0 0 3
预测:     0 0 0 0 5 0 0 1 0 0 4 0 0 1 6 0 10 7 0 0 0 0 0 2 0 1 0 0 2 0 36 0 0 3
准确率:    1.0000 (34/34)
----------------------------------------
输入:       D>LH> LMSV> MN KL DBJC WKLJ XJLK
目标:     0 1 0 0 4 0 0 1 6 0 10 7 0 0 0 0 0 2 0 1 0 0 2 0 36 0 0 3 0 0 0 5 0
预测:     0 1 0 0 4 0 0 1 6 0 10 7 0 0 0 0 0 2 0 1 0 0 2 0 36 0 0 3 0 0 0 5 0
准确率:    1.0000 (33/33)
----------------------------------------
⏳ 验证无提升 (验证准确率: 0.9662 ≤ 0.9662)，patience: 2/50

======================================================================
🚀 Epoch 95/200
======================================================================
📚 开始训练阶段...
训练进度: 500/3164 损失=0.0028
训练进度: 1000/3164 损失=0.0517
训练进度: 1500/3164 损失=0.0043
训练进度: 2000/3164 损失=0.0076
训练进度: 2500/3164 损失=0.0142
训练进度: 3000/3164 损失=0.0093
训练进度: 3164/3164 损失=0.0018
✅ 训练完成，耗时: 57.8秒 (1.0分钟)

============================================================
📊 验证决策: Epoch 95/200
   验证间隔: 1
   是否验证: ✅ 是
   原因: 达到验证间隔 (0 == 0)
============================================================

🔍 开始验证...
验证进度: 500/686 损失=0.3226
验证进度: 686/686 损失=1.0143

📊 预测分布分析:
  - 预测的前5个类别: {np.int64(0): 282416, np.int64(1): 37148, np.int64(2): 14760, np.int64(3): 10724, np.int64(4): 9027}
  - 标签的前5个类别: {np.int64(0): 281232, np.int64(1): 36731, np.int64(2): 14789, np.int64(3): 10866, np.int64(4): 8585}
✅ 验证完成，耗时: 4.7秒 (0.1分钟)
训练损失: 0.0088
验证损失: 0.4877
验证准确率: 0.9662 (10592/10964) - 与Levenshtein高度相关
验证F1(加权): 0.9652 - 类别平衡更好
学习率: 0.000055
显存使用: 0.48GB (预留: 0.69GB)

生成的训练样本:
--------------------------------------------------------------------------------
输入:       MBZX BSGJ>> GJR WBXJLTN> >W HW> HW
目标:     0 6 0 0 41 0 1 0 0 0 11 0 0 0 0 0 0 1 1 0 0 0 0 11 0 0 0 0 0 0 10 7 0 0 0
预测:     0 6 0 0 41 0 1 0 0 0 11 0 0 0 0 0 0 1 1 0 0 0 0 11 0 0 0 0 0 0 10 7 0 0 0
准确率:    1.0000 (35/35)
----------------------------------------
输入:       WNSB YDWQ KHN> WNTN NBJ> QRN> DMCX>
目标:     0 1 0 0 3 0 0 0 0 2 0 0 0 4 0 0 1 0 0 2 0 0 0 4 0 0 0 0 4 0 0 1 0 0 4 0
预测:     0 1 0 0 3 0 0 0 0 2 0 0 0 4 0 0 1 0 0 2 0 0 0 4 0 0 0 0 4 0 0 1 0 0 4 0
准确率:    1.0000 (36/36)
----------------------------------------
输入:       MRJ> WL> N<N> >NWN >CXWQ >NWN >JK
目标:     0 0 0 0 2 0 1 0 0 0 6 0 10 3 0 0 0 0 0 0 6 0 8 0 3 0 0 0 0 0 0 0 0 0
预测:     0 0 0 0 2 0 1 0 0 0 6 0 10 3 0 0 0 0 0 0 6 0 8 0 3 0 0 0 0 0 0 0 0 0
准确率:    1.0000 (34/34)
----------------------------------------

生成的验证样本:
--------------------------------------------------------------------------------
输入:       YBJNH D>LH> LMSV> MN KL DBJC WKLJ
目标:     0 0 0 0 5 0 0 1 0 0 4 0 0 1 6 0 10 7 0 0 0 0 0 2 0 1 0 0 2 0 36 0 0 3
预测:     0 0 0 0 5 0 0 1 0 0 4 0 0 1 6 0 10 7 0 0 0 0 0 2 0 1 0 0 2 0 36 0 0 3
准确率:    1.0000 (34/34)
----------------------------------------
输入:       D>LH> LMSV> MN KL DBJC WKLJ XJLK
目标:     0 1 0 0 4 0 0 1 6 0 10 7 0 0 0 0 0 2 0 1 0 0 2 0 36 0 0 3 0 0 0 5 0
预测:     0 1 0 0 4 0 0 1 6 0 10 7 0 0 0 0 0 2 0 1 0 0 2 0 36 0 0 3 0 0 0 5 0
准确率:    1.0000 (33/33)
----------------------------------------
⏳ 验证无提升 (验证准确率: 0.9662 ≤ 0.9662)，patience: 3/50

======================================================================
🚀 Epoch 96/200
======================================================================
📚 开始训练阶段...
训练进度: 500/3164 损失=0.0036
训练进度: 1000/3164 损失=0.0123
训练进度: 1500/3164 损失=0.0304
训练进度: 2000/3164 损失=0.0039
训练进度: 2500/3164 损失=0.0242
训练进度: 3000/3164 损失=0.0023
训练进度: 3164/3164 损失=0.0138
✅ 训练完成，耗时: 57.8秒 (1.0分钟)

============================================================
📊 验证决策: Epoch 96/200
   验证间隔: 1
   是否验证: ✅ 是
   原因: 达到验证间隔 (0 == 0)
============================================================

🔍 开始验证...
验证进度: 500/686 损失=0.2706
验证进度: 686/686 损失=1.0068

📊 预测分布分析:
  - 预测的前5个类别: {np.int64(0): 282718, np.int64(1): 37190, np.int64(2): 14694, np.int64(3): 10776, np.int64(4): 9108}
  - 标签的前5个类别: {np.int64(0): 281232, np.int64(1): 36731, np.int64(2): 14789, np.int64(3): 10866, np.int64(4): 8585}
✅ 验证完成，耗时: 4.7秒 (0.1分钟)
训练损失: 0.0085
验证损失: 0.4893
验证准确率: 0.9663 (10594/10964) - 与Levenshtein高度相关
验证F1(加权): 0.9654 - 类别平衡更好
学习率: 0.000054
显存使用: 0.48GB (预留: 0.69GB)

生成的训练样本:
--------------------------------------------------------------------------------
输入:       DL> T>MR LJ >L> >N CRJRT> BCMH
目标:     0 1 0 0 0 6 0 0 3 0 1 0 0 0 0 0 0 0 0 0 0 8 0 49 9 27 0 1 0 5 0
预测:     0 1 0 0 0 6 0 0 3 0 1 0 0 0 0 0 0 0 0 0 0 8 0 49 9 27 0 1 0 5 0
准确率:    1.0000 (31/31)
----------------------------------------
输入:       XYH MVL DNC> SGJ>T> >JT HWJ LH
目标:     0 0 5 0 0 0 0 0 0 1 0 11 0 0 0 0 0 2 23 0 0 0 0 24 0 0 0 80 0 1 0
预测:     0 0 5 0 0 0 0 0 0 1 0 11 0 0 0 0 0 2 23 0 0 0 0 24 0 0 0 80 0 1 0
准确率:    1.0000 (31/31)
----------------------------------------
输入:       MKJL >KWL MN VBTJ WL> JD< MN>
目标:     0 0 0 0 0 0 21 8 0 3 0 0 0 0 0 2 32 0 0 1 0 0 0 0 0 7 0 0 0 0
预测:     0 0 0 0 0 0 21 8 0 3 0 0 0 0 0 2 32 0 0 1 0 0 0 0 0 7 0 0 0 0
准确率:    1.0000 (30/30)
----------------------------------------

生成的验证样本:
--------------------------------------------------------------------------------
输入:       YBJNH D>LH> LMSV> MN KL DBJC WKLJ
目标:     0 0 0 0 5 0 0 1 0 0 4 0 0 1 6 0 10 7 0 0 0 0 0 2 0 1 0 0 2 0 36 0 0 3
预测:     0 0 0 0 5 0 0 1 0 0 4 0 0 1 6 0 10 7 0 0 0 0 0 2 0 1 0 0 2 0 36 0 0 3
准确率:    1.0000 (34/34)
----------------------------------------
输入:       D>LH> LMSV> MN KL DBJC WKLJ XJLK
目标:     0 1 0 0 4 0 0 1 6 0 10 7 0 0 0 0 0 2 0 1 0 0 2 0 36 0 0 3 0 0 0 5 0
预测:     0 1 0 0 4 0 0 1 6 0 10 7 0 0 0 0 0 2 0 1 0 0 2 0 36 0 0 3 0 0 0 5 0
准确率:    1.0000 (33/33)
----------------------------------------
💾 保存新的最佳模型！验证准确率: 0.9663 (F1: 0.9654) (Epoch 96)

======================================================================
🚀 Epoch 97/200
======================================================================
📚 开始训练阶段...
训练进度: 500/3164 损失=0.0135
训练进度: 1000/3164 损失=0.0698
训练进度: 1500/3164 损失=0.0020
训练进度: 2000/3164 损失=0.0110
训练进度: 2500/3164 损失=0.0092
训练进度: 3000/3164 损失=0.0137
训练进度: 3164/3164 损失=0.0022
✅ 训练完成，耗时: 57.4秒 (1.0分钟)

============================================================
📊 验证决策: Epoch 97/200
   验证间隔: 1
   是否验证: ✅ 是
   原因: 达到验证间隔 (0 == 0)
============================================================

🔍 开始验证...
验证进度: 500/686 损失=0.1491
验证进度: 686/686 损失=1.0438

📊 预测分布分析:
  - 预测的前5个类别: {np.int64(0): 282383, np.int64(1): 37198, np.int64(2): 14702, np.int64(3): 10889, np.int64(4): 8836}
  - 标签的前5个类别: {np.int64(0): 281232, np.int64(1): 36731, np.int64(2): 14789, np.int64(3): 10866, np.int64(4): 8585}
✅ 验证完成，耗时: 4.7秒 (0.1分钟)
训练损失: 0.0083
验证损失: 0.4922
验证准确率: 0.9663 (10594/10964) - 与Levenshtein高度相关
验证F1(加权): 0.9656 - 类别平衡更好
学习率: 0.000053
显存使用: 0.48GB (预留: 0.69GB)

生成的训练样本:
--------------------------------------------------------------------------------
输入:       LK XVH> B<J <LJHWN WL<LM QRY> D>NC
目标:     0 1 0 0 0 0 11 0 6 0 0 3 0 0 8 1 0 0 0 0 1 1 0 0 2 0 0 0 11 0 0 1 0 0 2
预测:     0 1 0 0 0 0 11 0 6 0 0 3 0 0 8 1 0 0 0 0 1 1 0 0 2 0 0 0 11 0 0 1 0 0 2
准确率:    1.0000 (35/35)
----------------------------------------
输入:       >BJ WMRHWN DXJJ L> TRMJNJ BV<JWTHWN <JN>
目标:     0 0 5 0 0 1 0 56 0 0 0 0 1 0 2 46 0 0 0 0 28 0 0 29 0 0 0 1 0 0 0 2 1 0 0 0 0 0 0 4 0
预测:     0 0 5 0 0 1 0 56 0 0 0 0 1 0 2 46 0 0 0 0 28 0 0 29 0 0 0 1 0 0 0 2 1 0 0 0 0 0 0 4 0
准确率:    1.0000 (41/41)
----------------------------------------
输入:       MN >R<> BMRJ> SBRT >JKN >MRJN >NTWN
目标:     0 0 0 0 0 0 4 0 0 1 0 0 0 2 0 0 0 3 19 0 0 0 0 0 0 0 0 7 0 0 0 0 0 0 0 0
预测:     0 0 0 0 0 0 4 0 0 1 0 0 0 2 0 0 0 3 19 0 0 0 0 0 0 0 0 7 0 0 0 0 0 0 0 0
准确率:    1.0000 (36/36)
----------------------------------------

生成的验证样本:
--------------------------------------------------------------------------------
输入:       YBJNH D>LH> LMSV> MN KL DBJC WKLJ
目标:     0 0 0 0 5 0 0 1 0 0 4 0 0 1 6 0 10 7 0 0 0 0 0 2 0 1 0 0 2 0 36 0 0 3
预测:     0 0 0 0 5 0 0 1 0 0 4 0 0 1 6 0 10 7 0 0 0 0 0 2 0 1 0 0 2 0 36 0 0 3
准确率:    1.0000 (34/34)
----------------------------------------
输入:       D>LH> LMSV> MN KL DBJC WKLJ XJLK
目标:     0 1 0 0 4 0 0 1 6 0 10 7 0 0 0 0 0 2 0 1 0 0 2 0 36 0 0 3 0 0 0 5 0
预测:     0 1 0 0 4 0 0 1 6 0 10 7 0 0 0 0 0 2 0 1 0 0 2 0 36 0 0 3 0 0 0 5 0
准确率:    1.0000 (33/33)
----------------------------------------
💾 保存新的最佳模型！验证准确率: 0.9663 (F1: 0.9656) (Epoch 97)

======================================================================
🚀 Epoch 98/200
======================================================================
📚 开始训练阶段...
训练进度: 500/3164 损失=0.0150
训练进度: 1000/3164 损失=0.0016
训练进度: 1500/3164 损失=0.0040
训练进度: 2000/3164 损失=0.0043
训练进度: 2500/3164 损失=0.0005
训练进度: 3000/3164 损失=0.0049
训练进度: 3164/3164 损失=0.0047
✅ 训练完成，耗时: 57.4秒 (1.0分钟)

============================================================
📊 验证决策: Epoch 98/200
   验证间隔: 1
   是否验证: ✅ 是
   原因: 达到验证间隔 (0 == 0)
============================================================

🔍 开始验证...
验证进度: 500/686 损失=0.1367
验证进度: 686/686 损失=0.9991

📊 预测分布分析:
  - 预测的前5个类别: {np.int64(0): 282469, np.int64(1): 37151, np.int64(2): 14786, np.int64(3): 10610, np.int64(4): 8746}
  - 标签的前5个类别: {np.int64(0): 281232, np.int64(1): 36731, np.int64(2): 14789, np.int64(3): 10866, np.int64(4): 8585}
✅ 验证完成，耗时: 4.7秒 (0.1分钟)
训练损失: 0.0083
验证损失: 0.4959
验证准确率: 0.9659 (10590/10964) - 与Levenshtein高度相关
验证F1(加权): 0.9652 - 类别平衡更好
学习率: 0.000052
显存使用: 0.48GB (预留: 0.69GB)

生成的训练样本:
--------------------------------------------------------------------------------
输入:       WNWBD MRJ> >LHK LHLJN <MM> MN QDMJK
目标:     0 1 68 0 0 3 0 0 0 0 2 0 0 0 5 0 0 1 0 0 0 0 0 0 8 30 0 0 0 0 0 0 0 2 1 0
预测:     0 1 68 0 0 3 0 0 0 0 2 0 0 0 5 0 0 1 0 0 0 0 0 0 8 30 0 0 0 0 0 0 0 2 1 0
准确率:    1.0000 (36/36)
----------------------------------------
输入:       >TDKRW MKJL <BDWHJ D>LH> WMN M> DXZJT
目标:     6 0 14 0 0 3 0 0 0 0 0 0 0 0 0 104 1 0 0 0 1 0 0 4 0 0 1 0 0 0 0 0 0 1 0 0 3 0
预测:     6 0 14 0 0 3 0 0 0 0 0 0 0 0 0 104 1 0 0 0 1 0 0 4 0 0 1 0 0 0 0 0 0 1 0 0 3 0
准确率:    1.0000 (38/38)
----------------------------------------
输入:       DG>WTN> SXP MRJ> W>WTB MKJK> XLPJHWN <QR>
目标:     0 1 0 0 0 0 11 0 0 0 0 3 0 0 0 0 2 0 1 50 0 0 3 0 0 8 0 65 27 0 0 0 2 1 0 0 0 0 0 0 15 0
预测:     0 1 0 0 0 0 11 0 0 0 0 3 0 0 0 0 2 0 1 50 0 0 3 0 0 8 0 65 27 0 0 0 2 1 0 0 0 0 0 0 15 0
准确率:    1.0000 (42/42)
----------------------------------------

生成的验证样本:
--------------------------------------------------------------------------------
输入:       YBJNH D>LH> LMSV> MN KL DBJC WKLJ
目标:     0 0 0 0 5 0 0 1 0 0 4 0 0 1 6 0 10 7 0 0 0 0 0 2 0 1 0 0 2 0 36 0 0 3
预测:     0 0 0 0 5 0 0 1 0 0 4 0 0 1 6 0 10 7 0 0 0 0 0 2 0 1 0 0 2 0 36 0 0 3
准确率:    1.0000 (34/34)
----------------------------------------
输入:       D>LH> LMSV> MN KL DBJC WKLJ XJLK
目标:     0 1 0 0 4 0 0 1 6 0 10 7 0 0 0 0 0 2 0 1 0 0 2 0 36 0 0 3 0 0 0 5 0
预测:     0 1 0 0 4 0 0 1 6 0 10 7 0 0 0 0 0 2 0 1 0 0 2 0 36 0 0 3 0 0 0 5 0
准确率:    1.0000 (33/33)
----------------------------------------
⏳ 验证无提升 (验证准确率: 0.9659 ≤ 0.9663)，patience: 1/50

======================================================================
🚀 Epoch 99/200
======================================================================
📚 开始训练阶段...
训练进度: 500/3164 损失=0.0153
训练进度: 1000/3164 损失=0.0065
训练进度: 1500/3164 损失=0.0162
训练进度: 2000/3164 损失=0.0304
训练进度: 2500/3164 损失=0.0108
训练进度: 3000/3164 损失=0.0091
训练进度: 3164/3164 损失=0.0081
✅ 训练完成，耗时: 57.3秒 (1.0分钟)

============================================================
📊 验证决策: Epoch 99/200
   验证间隔: 1
   是否验证: ✅ 是
   原因: 达到验证间隔 (0 == 0)
============================================================

🔍 开始验证...
验证进度: 500/686 损失=0.1775
验证进度: 686/686 损失=0.7654

📊 预测分布分析:
  - 预测的前5个类别: {np.int64(0): 282498, np.int64(1): 37123, np.int64(2): 14686, np.int64(3): 10798, np.int64(4): 8656}
  - 标签的前5个类别: {np.int64(0): 281232, np.int64(1): 36731, np.int64(2): 14789, np.int64(3): 10866, np.int64(4): 8585}
✅ 验证完成，耗时: 4.7秒 (0.1分钟)
训练损失: 0.0080
验证损失: 0.4998
验证准确率: 0.9657 (10588/10964) - 与Levenshtein高度相关
验证F1(加权): 0.9650 - 类别平衡更好
学习率: 0.000052
显存使用: 0.48GB (预留: 0.69GB)

生成的训练样本:
--------------------------------------------------------------------------------
输入:       LH >W DLM> YBW S<R >W DLM>
目标:     0 1 0 0 0 0 0 0 0 0 0 0 0 0 2 0 0 0 7 0 0 0 0 0 0 0 0
预测:     0 1 0 0 0 0 0 0 0 0 0 0 0 0 2 0 0 0 7 0 0 0 0 0 0 0 0
准确率:    1.0000 (27/27)
----------------------------------------
输入:       VL> MN GZT> ML> LQN> MJ> W>MR
目标:     0 0 4 0 0 0 0 0 0 2 9 0 0 0 10 40 0 0 0 111 0 0 24 9 0 0 1 0 0 3
预测:     0 0 4 0 0 0 0 0 0 2 9 0 0 0 10 40 0 0 0 111 0 0 24 9 0 0 1 0 0 3
准确率:    1.0000 (30/30)
----------------------------------------
输入:       MLK> PWQ W>MR L> NPQ >N> >L>
目标:     0 0 0 4 0 34 8 0 3 0 1 0 0 3 0 0 0 0 0 0 7 0 0 0 0 0 0 0 0
预测:     0 0 0 4 0 34 8 0 3 0 1 0 0 3 0 0 0 0 0 0 7 0 0 0 0 0 0 0 0
准确率:    1.0000 (29/29)
----------------------------------------

生成的验证样本:
--------------------------------------------------------------------------------
输入:       YBJNH D>LH> LMSV> MN KL DBJC WKLJ
目标:     0 0 0 0 5 0 0 1 0 0 4 0 0 1 6 0 10 7 0 0 0 0 0 2 0 1 0 0 2 0 36 0 0 3
预测:     0 0 0 0 5 0 0 1 0 0 4 0 0 1 6 0 10 7 0 0 0 0 0 2 0 1 0 0 2 0 36 0 0 3
准确率:    1.0000 (34/34)
----------------------------------------
输入:       D>LH> LMSV> MN KL DBJC WKLJ XJLK
目标:     0 1 0 0 4 0 0 1 6 0 10 7 0 0 0 0 0 2 0 1 0 0 2 0 36 0 0 3 0 0 0 5 0
预测:     0 1 0 0 4 0 0 1 6 0 10 7 0 0 0 0 0 2 0 1 0 0 2 0 36 0 0 3 0 0 0 5 0
准确率:    1.0000 (33/33)
----------------------------------------
⏳ 验证无提升 (验证准确率: 0.9657 ≤ 0.9663)，patience: 2/50

======================================================================
🚀 Epoch 100/200
======================================================================
📚 开始训练阶段...
训练进度: 500/3164 损失=0.0006
训练进度: 1000/3164 损失=0.0189
训练进度: 1500/3164 损失=0.0072
训练进度: 2000/3164 损失=0.0023
训练进度: 2500/3164 损失=0.0113
训练进度: 3000/3164 损失=0.0197
训练进度: 3164/3164 损失=0.0008
✅ 训练完成，耗时: 57.6秒 (1.0分钟)

============================================================
📊 验证决策: Epoch 100/200
   验证间隔: 1
   是否验证: ✅ 是
   原因: 达到验证间隔 (0 == 0)
============================================================

🔍 开始验证...
验证进度: 500/686 损失=0.1510
验证进度: 686/686 损失=0.9437

📊 预测分布分析:
  - 预测的前5个类别: {np.int64(0): 282897, np.int64(1): 37176, np.int64(2): 14693, np.int64(3): 10782, np.int64(4): 8806}
  - 标签的前5个类别: {np.int64(0): 281232, np.int64(1): 36731, np.int64(2): 14789, np.int64(3): 10866, np.int64(4): 8585}
✅ 验证完成，耗时: 4.8秒 (0.1分钟)
训练损失: 0.0076
验证损失: 0.5020
验证准确率: 0.9663 (10594/10964) - 与Levenshtein高度相关
验证F1(加权): 0.9654 - 类别平衡更好
学习率: 0.000051
显存使用: 0.48GB (预留: 0.69GB)

生成的训练样本:
--------------------------------------------------------------------------------
输入:       KHN> MN QWRJ> DJHWD> WVM> <LWT> DSMW
目标:     0 0 0 11 0 0 0 0 0 0 0 0 13 0 0 1 0 0 0 0 2 0 1 0 0 77 0 0 57 2 23 0 0 1 31 3 0
预测:     0 0 0 11 0 0 0 0 0 0 0 0 13 0 0 1 0 0 0 0 2 0 1 0 0 77 0 0 57 2 23 0 0 1 31 3 0
准确率:    1.0000 (37/37)
----------------------------------------
输入:       MNJN> DCBV> DBNJ J<QWB HW DHW> <LWHJ
目标:     0 0 0 0 4 0 0 1 0 0 11 0 0 1 0 2 0 0 0 0 0 0 2 0 0 12 0 1 0 10 3 0 0 8 1 0 0
预测:     0 0 0 0 4 0 0 1 0 0 11 0 0 1 0 2 0 0 0 0 0 0 2 0 0 12 0 1 0 10 3 0 0 8 1 0 0
准确率:    1.0000 (37/37)
----------------------------------------
输入:       >LH> D<WMQ> >CLMJWHJ LHN> KLH XJL> RB>
目标:     0 0 0 4 0 0 1 0 0 0 4 0 0 28 0 0 48 35 0 0 0 0 1 0 0 0 0 0 5 0 0 0 0 4 0 0 0 4 0
预测:     0 0 0 4 0 0 1 0 0 0 4 0 0 28 0 0 48 35 0 0 0 0 1 0 0 0 0 0 5 0 0 0 0 4 0 0 0 4 0
准确率:    1.0000 (39/39)
----------------------------------------

生成的验证样本:
--------------------------------------------------------------------------------
输入:       YBJNH D>LH> LMSV> MN KL DBJC WKLJ
目标:     0 0 0 0 5 0 0 1 0 0 4 0 0 1 6 0 10 7 0 0 0 0 0 2 0 1 0 0 2 0 36 0 0 3
预测:     0 0 0 0 5 0 0 1 0 0 4 0 0 1 6 0 10 7 0 0 0 0 0 2 0 1 0 0 2 0 36 0 0 3
准确率:    1.0000 (34/34)
----------------------------------------
输入:       D>LH> LMSV> MN KL DBJC WKLJ XJLK
目标:     0 1 0 0 4 0 0 1 6 0 10 7 0 0 0 0 0 2 0 1 0 0 2 0 36 0 0 3 0 0 0 5 0
预测:     0 1 0 0 4 0 0 1 6 0 10 7 0 0 0 0 0 2 0 1 0 0 2 0 36 0 0 3 0 0 0 5 0
准确率:    1.0000 (33/33)
----------------------------------------
⏳ 验证无提升 (验证准确率: 0.9663 ≤ 0.9663)，patience: 3/50

======================================================================
🚀 Epoch 101/200
======================================================================
📚 开始训练阶段...
训练进度: 500/3164 损失=0.0020
训练进度: 1000/3164 损失=0.0227
训练进度: 1500/3164 损失=0.0014
训练进度: 2000/3164 损失=0.0073
训练进度: 2500/3164 损失=0.0049
训练进度: 3000/3164 损失=0.0043
训练进度: 3164/3164 损失=0.0127
✅ 训练完成，耗时: 57.2秒 (1.0分钟)

============================================================
📊 验证决策: Epoch 101/200
   验证间隔: 1
   是否验证: ✅ 是
   原因: 达到验证间隔 (0 == 0)
============================================================

🔍 开始验证...
验证进度: 500/686 损失=0.1049
验证进度: 686/686 损失=0.9117

📊 预测分布分析:
  - 预测的前5个类别: {np.int64(0): 282529, np.int64(1): 37204, np.int64(2): 14692, np.int64(3): 10905, np.int64(4): 8778}
  - 标签的前5个类别: {np.int64(0): 281232, np.int64(1): 36731, np.int64(2): 14789, np.int64(3): 10866, np.int64(4): 8585}
✅ 验证完成，耗时: 4.7秒 (0.1分钟)
训练损失: 0.0074
验证损失: 0.5065
验证准确率: 0.9662 (10593/10964) - 与Levenshtein高度相关
验证F1(加权): 0.9654 - 类别平衡更好
学习率: 0.000050
显存使用: 0.48GB (预留: 0.69GB)

生成的训练样本:
--------------------------------------------------------------------------------
输入:       LMTL LHWN W>NT TWRTJH LHWN WMRJ> HW
目标:     0 1 34 0 7 0 1 0 0 0 0 1 0 0 0 0 63 0 0 48 1 12 0 1 0 0 0 0 1 0 0 0 2 0 0 0
预测:     0 1 34 0 7 0 1 0 0 0 0 1 0 0 0 0 63 0 0 48 1 12 0 1 0 0 0 0 1 0 0 0 2 0 0 0
准确率:    1.0000 (36/36)
----------------------------------------
输入:       BNJMJN >XWHWN W>MRJN JWMN> <ND CBV> XD
目标:     0 0 0 0 0 0 2 0 0 8 5 0 0 0 0 1 0 0 7 0 0 0 0 0 0 4 0 0 0 0 3 0 0 0 4 0 0 0 2
预测:     0 0 0 0 0 0 2 0 0 8 5 0 0 0 0 1 0 0 7 0 0 0 0 0 0 4 0 0 0 0 3 0 0 0 4 0 0 0 2
准确率:    1.0000 (39/39)
----------------------------------------
输入:       QLN WXZ> MWKKN W<MLN W>WLYNJN W>PQN MRJ>
目标:     0 0 5 0 0 1 0 10 3 0 0 0 0 5 0 0 1 0 0 37 0 0 1 0 0 0 0 2 1 0 0 1 72 0 29 0 0 0 0 0 2
预测:     0 0 5 0 0 1 0 10 3 0 0 0 0 5 0 0 1 0 0 37 0 0 1 0 0 0 0 2 1 0 0 1 72 0 29 0 0 0 0 0 2
准确率:    1.0000 (41/41)
----------------------------------------

生成的验证样本:
--------------------------------------------------------------------------------
输入:       YBJNH D>LH> LMSV> MN KL DBJC WKLJ
目标:     0 0 0 0 5 0 0 1 0 0 4 0 0 1 6 0 10 7 0 0 0 0 0 2 0 1 0 0 2 0 36 0 0 3
预测:     0 0 0 0 5 0 0 1 0 0 4 0 0 1 6 0 10 7 0 0 0 0 0 2 0 1 0 0 2 0 36 0 0 3
准确率:    1.0000 (34/34)
----------------------------------------
输入:       D>LH> LMSV> MN KL DBJC WKLJ XJLK
目标:     0 1 0 0 4 0 0 1 6 0 10 7 0 0 0 0 0 2 0 1 0 0 2 0 36 0 0 3 0 0 0 5 0
预测:     0 1 0 0 4 0 0 1 6 0 10 7 0 0 0 0 0 2 0 1 0 0 2 0 36 0 0 3 0 0 0 5 0
准确率:    1.0000 (33/33)
----------------------------------------
⏳ 验证无提升 (验证准确率: 0.9662 ≤ 0.9663)，patience: 4/50

======================================================================
🚀 Epoch 102/200
======================================================================
📚 开始训练阶段...
训练进度: 500/3164 损失=0.0061
训练进度: 1000/3164 损失=0.0018
训练进度: 1500/3164 损失=0.0047
训练进度: 2000/3164 损失=0.0024
训练进度: 2500/3164 损失=0.0020
训练进度: 3000/3164 损失=0.0021
训练进度: 3164/3164 损失=0.0017
✅ 训练完成，耗时: 57.5秒 (1.0分钟)

============================================================
📊 验证决策: Epoch 102/200
   验证间隔: 1
   是否验证: ✅ 是
   原因: 达到验证间隔 (0 == 0)
============================================================

🔍 开始验证...
验证进度: 500/686 损失=0.1490
验证进度: 686/686 损失=0.9816

📊 预测分布分析:
  - 预测的前5个类别: {np.int64(0): 282669, np.int64(1): 37121, np.int64(2): 14735, np.int64(3): 10703, np.int64(4): 9005}
  - 标签的前5个类别: {np.int64(0): 281232, np.int64(1): 36731, np.int64(2): 14789, np.int64(3): 10866, np.int64(4): 8585}
✅ 验证完成，耗时: 4.7秒 (0.1分钟)
训练损失: 0.0076
验证损失: 0.5053
验证准确率: 0.9660 (10591/10964) - 与Levenshtein高度相关
验证F1(加权): 0.9652 - 类别平衡更好
学习率: 0.000049
显存使用: 0.48GB (预留: 0.69GB)

生成的训练样本:
--------------------------------------------------------------------------------
输入:       <L B<JR> W<L PRXT> W<L RXC> W<L
目标:     0 0 0 0 0 0 0 4 0 0 1 0 0 0 0 0 13 9 0 0 1 0 0 0 0 0 30 0 0 1 0 0
预测:     0 0 0 0 0 0 0 4 0 0 1 0 0 0 0 0 13 9 0 0 1 0 0 0 0 0 30 0 0 1 0 0
准确率:    1.0000 (32/32)
----------------------------------------
输入:       CR> BCLJ> CLJMWN W>LH> >NJX LH MN
目标:     0 0 10 40 0 1 0 0 4 0 0 0 0 0 0 0 2 0 1 0 0 4 0 0 17 20 0 3 0 1 0 0 0 0
预测:     0 0 10 40 0 1 0 0 4 0 0 0 0 0 0 0 2 0 1 0 0 4 0 0 17 20 0 3 0 1 0 0 0 0
准确率:    1.0000 (34/34)
----------------------------------------
输入:       B<L QJM> W>GR BHWN >BJMLK >NC> SRJQ>
目标:     0 0 0 2 0 0 0 4 0 0 1 0 0 33 0 1 0 0 0 0 0 0 0 0 0 2 0 0 0 11 0 0 0 8 0 65 27
预测:     0 0 0 2 0 0 0 4 0 0 1 0 0 33 0 1 0 0 0 0 0 0 0 0 0 2 0 0 0 11 0 0 0 8 0 65 27
准确率:    1.0000 (37/37)
----------------------------------------

生成的验证样本:
--------------------------------------------------------------------------------
输入:       YBJNH D>LH> LMSV> MN KL DBJC WKLJ
目标:     0 0 0 0 5 0 0 1 0 0 4 0 0 1 6 0 10 7 0 0 0 0 0 2 0 1 0 0 2 0 36 0 0 3
预测:     0 0 0 0 5 0 0 1 0 0 4 0 0 1 6 0 10 7 0 0 0 0 0 2 0 1 0 0 2 0 36 0 0 3
准确率:    1.0000 (34/34)
----------------------------------------
输入:       D>LH> LMSV> MN KL DBJC WKLJ XJLK
目标:     0 1 0 0 4 0 0 1 6 0 10 7 0 0 0 0 0 2 0 1 0 0 2 0 36 0 0 3 0 0 0 5 0
预测:     0 1 0 0 4 0 0 1 6 0 10 7 0 0 0 0 0 2 0 1 0 0 2 0 36 0 0 3 0 0 0 5 0
准确率:    1.0000 (33/33)
----------------------------------------
⏳ 验证无提升 (验证准确率: 0.9660 ≤ 0.9663)，patience: 5/50

======================================================================
🚀 Epoch 103/200
======================================================================
📚 开始训练阶段...
训练进度: 500/3164 损失=0.0177
训练进度: 1000/3164 损失=0.0160
训练进度: 1500/3164 损失=0.0006
训练进度: 2000/3164 损失=0.0302
训练进度: 2500/3164 损失=0.0017
训练进度: 3000/3164 损失=0.0025
训练进度: 3164/3164 损失=0.0092
✅ 训练完成，耗时: 57.7秒 (1.0分钟)

============================================================
📊 验证决策: Epoch 103/200
   验证间隔: 1
   是否验证: ✅ 是
   原因: 达到验证间隔 (0 == 0)
============================================================

🔍 开始验证...
验证进度: 500/686 损失=0.2937
验证进度: 686/686 损失=0.8967

📊 预测分布分析:
  - 预测的前5个类别: {np.int64(0): 282646, np.int64(1): 37137, np.int64(2): 14674, np.int64(3): 10842, np.int64(4): 8821}
  - 标签的前5个类别: {np.int64(0): 281232, np.int64(1): 36731, np.int64(2): 14789, np.int64(3): 10866, np.int64(4): 8585}
✅ 验证完成，耗时: 4.7秒 (0.1分钟)
训练损失: 0.0071
验证损失: 0.5091
验证准确率: 0.9659 (10590/10964) - 与Levenshtein高度相关
验证F1(加权): 0.9650 - 类别平衡更好
学习率: 0.000048
显存使用: 0.48GB (预留: 0.69GB)

生成的训练样本:
--------------------------------------------------------------------------------
输入:       DRB HW RWGZH DMRJ> DRGZ <LJN <L
目标:     0 1 0 2 0 0 0 0 0 0 0 5 0 0 1 0 0 0 2 0 1 0 0 3 0 0 8 1 0 0 0 0
预测:     0 1 0 2 0 0 0 0 0 0 0 5 0 0 1 0 0 0 2 0 1 0 0 3 0 0 8 1 0 0 0 0
准确率:    1.0000 (32/32)
----------------------------------------
输入:       CMCWN TMWT NPCJ <M PLCTJ> WNGD BXJLH
目标:     0 0 0 0 0 2 0 44 0 0 3 0 0 0 5 0 0 0 0 0 0 0 0 0 11 0 0 1 0 0 3 0 1 0 0 5 0
预测:     0 0 0 0 0 2 0 44 0 0 3 0 0 0 5 0 0 0 0 0 0 0 0 0 11 0 0 1 0 0 3 0 1 0 0 5 0
准确率:    1.0000 (37/37)
----------------------------------------
输入:       >XB >ZL B>WRX> XD> BLXWDWHJ W<WBDJ> >ZL
目标:     0 0 0 2 0 0 0 3 0 1 0 0 0 4 0 0 0 2 0 0 1 0 0 0 25 1 0 0 0 1 0 0 0 0 0 2 0 0 0 3
预测:     0 0 0 2 0 0 0 3 0 1 0 0 0 4 0 0 0 2 0 0 1 0 0 0 25 1 0 0 0 1 0 0 0 0 0 2 0 0 0 3
准确率:    1.0000 (40/40)
----------------------------------------

生成的验证样本:
--------------------------------------------------------------------------------
输入:       YBJNH D>LH> LMSV> MN KL DBJC WKLJ
目标:     0 0 0 0 5 0 0 1 0 0 4 0 0 1 6 0 10 7 0 0 0 0 0 2 0 1 0 0 2 0 36 0 0 3
预测:     0 0 0 0 5 0 0 1 0 0 4 0 0 1 6 0 10 7 0 0 0 0 0 2 0 1 0 0 2 0 36 0 0 3
准确率:    1.0000 (34/34)
----------------------------------------
输入:       D>LH> LMSV> MN KL DBJC WKLJ XJLK
目标:     0 1 0 0 4 0 0 1 6 0 10 7 0 0 0 0 0 2 0 1 0 0 2 0 36 0 0 3 0 0 0 5 0
预测:     0 1 0 0 4 0 0 1 6 0 10 7 0 0 0 0 0 2 0 1 0 0 2 0 36 0 0 3 0 0 0 5 0
准确率:    1.0000 (33/33)
----------------------------------------
⏳ 验证无提升 (验证准确率: 0.9659 ≤ 0.9663)，patience: 6/50

======================================================================
🚀 Epoch 104/200
======================================================================
📚 开始训练阶段...
训练进度: 500/3164 损失=0.0108
训练进度: 1000/3164 损失=0.0004
训练进度: 1500/3164 损失=0.0036
训练进度: 2000/3164 损失=0.0221
训练进度: 2500/3164 损失=0.0118
训练进度: 3000/3164 损失=0.0059
训练进度: 3164/3164 损失=0.0109
✅ 训练完成，耗时: 57.4秒 (1.0分钟)

============================================================
📊 验证决策: Epoch 104/200
   验证间隔: 1
   是否验证: ✅ 是
   原因: 达到验证间隔 (0 == 0)
============================================================

🔍 开始验证...
验证进度: 500/686 损失=0.2722
验证进度: 686/686 损失=0.9263

📊 预测分布分析:
  - 预测的前5个类别: {np.int64(0): 282543, np.int64(1): 37102, np.int64(2): 14686, np.int64(3): 10853, np.int64(4): 8781}
  - 标签的前5个类别: {np.int64(0): 281232, np.int64(1): 36731, np.int64(2): 14789, np.int64(3): 10866, np.int64(4): 8585}
✅ 验证完成，耗时: 4.7秒 (0.1分钟)
训练损失: 0.0069
验证损失: 0.5085
验证准确率: 0.9660 (10591/10964) - 与Levenshtein高度相关
验证F1(加权): 0.9652 - 类别平衡更好
学习率: 0.000048
显存使用: 0.48GB (预留: 0.69GB)

生成的训练样本:
--------------------------------------------------------------------------------
输入:       WBJRQN> WBXRB> WBRWX> DCWB> WNRDPWNK <DM> DNWBDWNK
目标:     0 1 1 0 0 0 4 0 0 1 1 0 0 15 0 0 1 1 0 0 4 0 0 1 0 0 4 0 0 1 6 0 0 3 0 1 0 0 0 0 0 0 0 1 68 0 0 3 0 1 0
预测:     0 1 1 0 0 0 4 0 0 1 1 0 0 15 0 0 1 1 0 0 4 0 0 1 0 0 4 0 0 1 6 0 0 3 0 1 0 0 0 0 0 0 0 1 68 0 0 3 0 1 0
准确率:    1.0000 (51/51)
----------------------------------------
输入:       GBR LXBRH L> K>N>JT <BDJN XNN JWMN>
目标:     0 0 0 2 0 1 0 0 5 0 0 0 0 0 0 0 0 0 0 0 0 0 0 7 0 0 0 0 0 0 0 0 0 0 4 0
预测:     0 0 0 2 0 1 0 0 5 0 0 0 0 0 0 0 0 0 0 0 0 0 0 7 0 0 0 0 0 0 0 0 0 0 4 0
准确率:    1.0000 (36/36)
----------------------------------------
输入:       DHW MMLK BTRH W>SQH <LT> <L CWR>
目标:     0 1 0 0 0 28 0 0 49 0 0 0 1 0 0 1 17 64 29 0 0 0 70 9 0 0 0 0 0 0 0 4 0
预测:     0 1 0 0 0 28 0 0 49 0 0 0 1 0 0 1 17 64 29 0 0 0 70 9 0 0 0 0 0 0 0 4 0
准确率:    1.0000 (33/33)
----------------------------------------

生成的验证样本:
--------------------------------------------------------------------------------
输入:       YBJNH D>LH> LMSV> MN KL DBJC WKLJ
目标:     0 0 0 0 5 0 0 1 0 0 4 0 0 1 6 0 10 7 0 0 0 0 0 2 0 1 0 0 2 0 36 0 0 3
预测:     0 0 0 0 5 0 0 1 0 0 4 0 0 1 6 0 10 7 0 0 0 0 0 2 0 1 0 0 2 0 36 0 0 3
准确率:    1.0000 (34/34)
----------------------------------------
输入:       D>LH> LMSV> MN KL DBJC WKLJ XJLK
目标:     0 1 0 0 4 0 0 1 6 0 10 7 0 0 0 0 0 2 0 1 0 0 2 0 36 0 0 3 0 0 0 5 0
预测:     0 1 0 0 4 0 0 1 6 0 10 7 0 0 0 0 0 2 0 1 0 0 2 0 36 0 0 3 0 0 0 5 0
准确率:    1.0000 (33/33)
----------------------------------------
⏳ 验证无提升 (验证准确率: 0.9660 ≤ 0.9663)，patience: 7/50

======================================================================
🚀 Epoch 105/200
======================================================================
📚 开始训练阶段...
训练进度: 500/3164 损失=0.0128
训练进度: 1000/3164 损失=0.0227
训练进度: 1500/3164 损失=0.0043
训练进度: 2000/3164 损失=0.0049
训练进度: 2500/3164 损失=0.0187
训练进度: 3000/3164 损失=0.0062
训练进度: 3164/3164 损失=0.0013
✅ 训练完成，耗时: 57.6秒 (1.0分钟)

============================================================
📊 验证决策: Epoch 105/200
   验证间隔: 1
   是否验证: ✅ 是
   原因: 达到验证间隔 (0 == 0)
============================================================

🔍 开始验证...
验证进度: 500/686 损失=0.2761
验证进度: 686/686 损失=1.0151

📊 预测分布分析:
  - 预测的前5个类别: {np.int64(0): 282800, np.int64(1): 37177, np.int64(2): 14792, np.int64(3): 10977, np.int64(4): 8970}
  - 标签的前5个类别: {np.int64(0): 281232, np.int64(1): 36731, np.int64(2): 14789, np.int64(3): 10866, np.int64(4): 8585}
✅ 验证完成，耗时: 4.7秒 (0.1分钟)
训练损失: 0.0068
验证损失: 0.5136
验证准确率: 0.9662 (10593/10964) - 与Levenshtein高度相关
验证F1(加权): 0.9652 - 类别平衡更好
学习率: 0.000047
显存使用: 0.48GB (预留: 0.69GB)

生成的训练样本:
--------------------------------------------------------------------------------
输入:       JMJN> WXMC MN SVRH DBJT> MN SML>
目标:     0 0 0 0 4 0 0 1 0 0 2 0 0 0 0 0 0 5 0 0 1 0 0 4 0 0 0 0 0 0 0 4 0
预测:     0 0 0 0 4 0 0 1 0 0 2 0 0 0 0 0 0 5 0 0 1 0 0 4 0 0 0 0 0 0 0 4 0
准确率:    1.0000 (33/33)
----------------------------------------
输入:       GBRJN <L >R<> KLHWN HLJN CMVJ SJP>
目标:     0 0 0 2 0 0 0 0 0 0 0 0 4 0 0 0 5 0 0 0 0 0 0 0 0 0 0 0 7 0 0 0 0 4 0
预测:     0 0 0 2 0 0 0 0 0 0 0 0 4 0 0 0 5 0 0 0 0 0 0 0 0 0 0 0 7 0 0 0 0 4 0
准确率:    1.0000 (35/35)
----------------------------------------
输入:       BPWMHWN K>NWT> >L> <WL> BGWHWN >JK QBR>
目标:     0 1 0 0 5 0 0 0 0 0 0 0 2 9 0 0 0 0 0 0 0 0 15 0 0 1 0 5 0 0 0 0 0 0 0 0 0 0 30 0
预测:     0 1 0 0 5 0 0 0 0 0 0 0 2 9 0 0 0 0 0 0 0 0 15 0 0 1 0 5 0 0 0 0 0 0 0 0 0 0 30 0
准确率:    1.0000 (40/40)
----------------------------------------

生成的验证样本:
--------------------------------------------------------------------------------
输入:       YBJNH D>LH> LMSV> MN KL DBJC WKLJ
目标:     0 0 0 0 5 0 0 1 0 0 4 0 0 1 6 0 10 7 0 0 0 0 0 2 0 1 0 0 2 0 36 0 0 3
预测:     0 0 0 0 5 0 0 1 0 0 4 0 0 1 6 0 10 7 0 0 0 0 0 2 0 1 0 0 2 0 36 0 0 3
准确率:    1.0000 (34/34)
----------------------------------------
输入:       D>LH> LMSV> MN KL DBJC WKLJ XJLK
目标:     0 1 0 0 4 0 0 1 6 0 10 7 0 0 0 0 0 2 0 1 0 0 2 0 36 0 0 3 0 0 0 5 0
预测:     0 1 0 0 4 0 0 1 6 0 10 7 0 0 0 0 0 2 0 1 0 0 2 0 36 0 0 3 0 0 0 5 0
准确率:    1.0000 (33/33)
----------------------------------------
⏳ 验证无提升 (验证准确率: 0.9662 ≤ 0.9663)，patience: 8/50

======================================================================
🚀 Epoch 106/200
======================================================================
📚 开始训练阶段...
训练进度: 500/3164 损失=0.0007
训练进度: 1000/3164 损失=0.0136
训练进度: 1500/3164 损失=0.0041
训练进度: 2000/3164 损失=0.0011
训练进度: 2500/3164 损失=0.0030
训练进度: 3000/3164 损失=0.0045
训练进度: 3164/3164 损失=0.0090
✅ 训练完成，耗时: 57.4秒 (1.0分钟)

============================================================
📊 验证决策: Epoch 106/200
   验证间隔: 1
   是否验证: ✅ 是
   原因: 达到验证间隔 (0 == 0)
============================================================

🔍 开始验证...
验证进度: 500/686 损失=0.1371
验证进度: 686/686 损失=1.0510

📊 预测分布分析:
  - 预测的前5个类别: {np.int64(0): 282503, np.int64(1): 37147, np.int64(2): 14661, np.int64(3): 10997, np.int64(4): 8897}
  - 标签的前5个类别: {np.int64(0): 281232, np.int64(1): 36731, np.int64(2): 14789, np.int64(3): 10866, np.int64(4): 8585}
✅ 验证完成，耗时: 4.7秒 (0.1分钟)
训练损失: 0.0067
验证损失: 0.5158
验证准确率: 0.9656 (10586/10964) - 与Levenshtein高度相关
验证F1(加权): 0.9647 - 类别平衡更好
学习率: 0.000046
显存使用: 0.48GB (预留: 0.69GB)

生成的训练样本:
--------------------------------------------------------------------------------
输入:       LBJTH DMRJ> DNXC> QWRNTJN> BKKR DBPQ<T> D>JRJXW
目标:     0 1 0 0 5 0 0 1 0 0 0 2 0 1 0 0 4 0 0 0 0 0 0 0 0 4 0 0 1 0 0 22 0 1 1 0 0 13 9 0 0 1 0 0 0 0 0 2
预测:     0 1 0 0 5 0 0 1 0 0 0 2 0 1 0 0 4 0 0 0 0 0 0 0 0 4 0 0 1 0 0 22 0 1 1 0 0 13 9 0 0 1 0 0 0 0 0 2
准确率:    1.0000 (48/48)
----------------------------------------
输入:       >JQR> MN QDM >LH> NCKXWN W>TR> DBRK
目标:     0 0 0 0 4 0 0 0 0 0 0 0 2 0 0 0 4 0 0 6 0 0 3 0 0 0 1 0 0 4 0 0 1 0 0 7
预测:     0 0 0 0 4 0 0 0 0 0 0 0 2 0 0 0 4 0 0 6 0 0 3 0 0 0 1 0 0 4 0 0 1 0 0 7
准确率:    1.0000 (36/36)
----------------------------------------
输入:       VB MN >BHJK WNGZWR MRJ> >LHK LBK
目标:     0 0 2 0 0 0 0 0 8 2 1 0 0 1 6 0 8 0 3 0 0 0 0 2 0 0 0 5 0 0 0 5 0
预测:     0 0 2 0 0 0 0 0 8 2 1 0 0 1 6 0 8 0 3 0 0 0 0 2 0 0 0 5 0 0 0 5 0
准确率:    1.0000 (33/33)
----------------------------------------

生成的验证样本:
--------------------------------------------------------------------------------
输入:       YBJNH D>LH> LMSV> MN KL DBJC WKLJ
目标:     0 0 0 0 5 0 0 1 0 0 4 0 0 1 6 0 10 7 0 0 0 0 0 2 0 1 0 0 2 0 36 0 0 3
预测:     0 0 0 0 5 0 0 1 0 0 4 0 0 1 6 0 10 7 0 0 0 0 0 2 0 1 0 0 2 0 36 0 0 3
准确率:    1.0000 (34/34)
----------------------------------------
输入:       D>LH> LMSV> MN KL DBJC WKLJ XJLK
目标:     0 1 0 0 4 0 0 1 6 0 10 7 0 0 0 0 0 2 0 1 0 0 2 0 36 0 0 3 0 0 0 5 0
预测:     0 1 0 0 4 0 0 1 6 0 10 7 0 0 0 0 0 2 0 1 0 0 2 0 36 0 0 3 0 0 0 5 0
准确率:    1.0000 (33/33)
----------------------------------------
⏳ 验证无提升 (验证准确率: 0.9656 ≤ 0.9663)，patience: 9/50

======================================================================
🚀 Epoch 107/200
======================================================================
📚 开始训练阶段...
训练进度: 500/3164 损失=0.0004
训练进度: 1000/3164 损失=0.0007
训练进度: 1500/3164 损失=0.0106
训练进度: 2000/3164 损失=0.0144
训练进度: 2500/3164 损失=0.0047
训练进度: 3000/3164 损失=0.0040
训练进度: 3164/3164 损失=0.0014
✅ 训练完成，耗时: 57.6秒 (1.0分钟)

============================================================
📊 验证决策: Epoch 107/200
   验证间隔: 1
   是否验证: ✅ 是
   原因: 达到验证间隔 (0 == 0)
============================================================

🔍 开始验证...
验证进度: 500/686 损失=0.2028
验证进度: 686/686 损失=0.9145

📊 预测分布分析:
  - 预测的前5个类别: {np.int64(0): 282684, np.int64(1): 37147, np.int64(2): 14785, np.int64(3): 10751, np.int64(4): 8934}
  - 标签的前5个类别: {np.int64(0): 281232, np.int64(1): 36731, np.int64(2): 14789, np.int64(3): 10866, np.int64(4): 8585}
✅ 验证完成，耗时: 4.7秒 (0.1分钟)
训练损失: 0.0067
验证损失: 0.5122
验证准确率: 0.9667 (10598/10964) - 与Levenshtein高度相关
验证F1(加权): 0.9658 - 类别平衡更好
学习率: 0.000045
显存使用: 0.48GB (预留: 0.69GB)

生成的训练样本:
--------------------------------------------------------------------------------
输入:       PR<T LMN D<BD LJ BJCT> W>N >LYT
目标:     0 0 0 3 0 0 1 0 12 0 1 0 0 3 0 1 0 0 0 0 13 9 0 0 1 0 0 0 0 0 3 0
预测:     0 0 0 3 0 0 1 0 12 0 1 0 0 3 0 1 0 0 0 0 13 9 0 0 1 0 0 0 0 0 3 0
准确率:    1.0000 (32/32)
----------------------------------------
输入:       XJLH W>MRT DLJL> LCMCWN H> DGLT BJ
目标:     0 0 0 5 0 0 1 0 0 3 26 0 0 0 0 0 2 0 1 0 0 0 0 2 0 0 0 0 0 0 3 89 0 1 0
预测:     0 0 0 5 0 0 1 0 0 3 26 0 0 0 0 0 2 0 1 0 0 0 0 2 0 0 0 0 0 0 3 89 0 1 0
准确率:    1.0000 (35/35)
----------------------------------------
输入:       WSHDWT> VBT> MHJMN> >P <L XMR> L>
目标:     0 1 0 0 0 2 9 0 0 0 2 9 0 0 6 0 0 0 7 78 0 0 0 0 0 0 0 0 0 4 0 0 0 0
预测:     0 1 0 0 0 2 9 0 0 0 2 9 0 0 6 0 0 0 7 78 0 0 0 0 0 0 0 0 0 4 0 0 0 0
准确率:    1.0000 (34/34)
----------------------------------------

生成的验证样本:
--------------------------------------------------------------------------------
输入:       YBJNH D>LH> LMSV> MN KL DBJC WKLJ
目标:     0 0 0 0 5 0 0 1 0 0 4 0 0 1 6 0 10 7 0 0 0 0 0 2 0 1 0 0 2 0 36 0 0 3
预测:     0 0 0 0 5 0 0 1 0 0 4 0 0 1 6 0 10 7 0 0 0 0 0 2 0 1 0 0 2 0 36 0 0 3
准确率:    1.0000 (34/34)
----------------------------------------
输入:       D>LH> LMSV> MN KL DBJC WKLJ XJLK
目标:     0 1 0 0 4 0 0 1 6 0 10 7 0 0 0 0 0 2 0 1 0 0 2 0 36 0 0 3 0 0 0 5 0
预测:     0 1 0 0 4 0 0 1 6 0 10 7 0 0 0 0 0 2 0 1 0 0 2 0 36 0 0 3 0 0 0 5 0
准确率:    1.0000 (33/33)
----------------------------------------
💾 保存新的最佳模型！验证准确率: 0.9667 (F1: 0.9658) (Epoch 107)

======================================================================
🚀 Epoch 108/200
======================================================================
📚 开始训练阶段...
训练进度: 500/3164 损失=0.0006
训练进度: 1000/3164 损失=0.0023
训练进度: 1500/3164 损失=0.0031
训练进度: 2000/3164 损失=0.0013
训练进度: 2500/3164 损失=0.0112
训练进度: 3000/3164 损失=0.0143
训练进度: 3164/3164 损失=0.0099
✅ 训练完成，耗时: 57.3秒 (1.0分钟)

============================================================
📊 验证决策: Epoch 108/200
   验证间隔: 1
   是否验证: ✅ 是
   原因: 达到验证间隔 (0 == 0)
============================================================

🔍 开始验证...
验证进度: 500/686 损失=0.1220
验证进度: 686/686 损失=0.9991

📊 预测分布分析:
  - 预测的前5个类别: {np.int64(0): 282503, np.int64(1): 37125, np.int64(2): 14782, np.int64(3): 10894, np.int64(4): 8812}
  - 标签的前5个类别: {np.int64(0): 281232, np.int64(1): 36731, np.int64(2): 14789, np.int64(3): 10866, np.int64(4): 8585}
✅ 验证完成，耗时: 4.7秒 (0.1分钟)
训练损失: 0.0063
验证损失: 0.5153
验证准确率: 0.9663 (10594/10964) - 与Levenshtein高度相关
验证F1(加权): 0.9654 - 类别平衡更好
学习率: 0.000045
显存使用: 0.48GB (预留: 0.69GB)

生成的训练样本:
--------------------------------------------------------------------------------
输入:       HWJW >LH >LHJN WMR> MRWT> >LH> RB>
目标:     0 0 99 0 0 0 0 0 2 0 0 0 2 0 0 0 1 0 0 2 0 0 57 2 23 0 0 0 0 4 0 0 0 4 0
预测:     0 0 99 0 0 0 0 0 2 0 0 0 2 0 0 0 1 0 0 2 0 0 57 2 23 0 0 0 0 4 0 0 0 4 0
准确率:    1.0000 (35/35)
----------------------------------------
输入:       WL> NBHT WTRJMJWHJ MN KLHWN XBRWHJ WBGW
目标:     0 1 0 0 0 6 0 0 3 0 1 112 20 0 48 35 0 0 0 0 0 0 0 0 5 0 0 0 0 0 0 25 1 0 0 0 1 1 0 2
预测:     0 1 0 0 0 6 0 0 3 0 1 112 20 0 48 35 0 0 0 0 0 0 0 0 5 0 0 0 0 0 0 25 1 0 0 0 1 1 0 2
准确率:    1.0000 (40/40)
----------------------------------------
输入:       >TDKR DMNN S>BJN L> TXD> <L >NC>
目标:     6 0 14 0 0 3 0 1 0 1 0 0 0 0 7 0 0 0 0 0 0 6 0 10 3 0 0 0 0 0 0 4 0
预测:     6 0 14 0 0 3 0 1 0 1 0 0 0 0 7 0 0 0 0 0 0 6 0 10 3 0 0 0 0 0 0 4 0
准确率:    1.0000 (33/33)
----------------------------------------

生成的验证样本:
--------------------------------------------------------------------------------
输入:       YBJNH D>LH> LMSV> MN KL DBJC WKLJ
目标:     0 0 0 0 5 0 0 1 0 0 4 0 0 1 6 0 10 7 0 0 0 0 0 2 0 1 0 0 2 0 36 0 0 3
预测:     0 0 0 0 5 0 0 1 0 0 4 0 0 1 6 0 10 7 0 0 0 0 0 2 0 1 0 0 2 0 36 0 0 3
准确率:    1.0000 (34/34)
----------------------------------------
输入:       D>LH> LMSV> MN KL DBJC WKLJ XJLK
目标:     0 1 0 0 4 0 0 1 6 0 10 7 0 0 0 0 0 2 0 1 0 0 2 0 36 0 0 3 0 0 0 5 0
预测:     0 1 0 0 4 0 0 1 6 0 10 7 0 0 0 0 0 2 0 1 0 0 2 0 36 0 0 3 0 0 0 5 0
准确率:    1.0000 (33/33)
----------------------------------------
⏳ 验证无提升 (验证准确率: 0.9663 ≤ 0.9667)，patience: 1/50

======================================================================
🚀 Epoch 109/200
======================================================================
📚 开始训练阶段...
训练进度: 500/3164 损失=0.0051
训练进度: 1000/3164 损失=0.0100
训练进度: 1500/3164 损失=0.0062
训练进度: 2000/3164 损失=0.0038
训练进度: 2500/3164 损失=0.0224
训练进度: 3000/3164 损失=0.0009
训练进度: 3164/3164 损失=0.0070
✅ 训练完成，耗时: 57.1秒 (1.0分钟)

============================================================
📊 验证决策: Epoch 109/200
   验证间隔: 1
   是否验证: ✅ 是
   原因: 达到验证间隔 (0 == 0)
============================================================

🔍 开始验证...
验证进度: 500/686 损失=0.1670
验证进度: 686/686 损失=0.8722

📊 预测分布分析:
  - 预测的前5个类别: {np.int64(0): 282748, np.int64(1): 37080, np.int64(2): 14715, np.int64(3): 10699, np.int64(4): 8776}
  - 标签的前5个类别: {np.int64(0): 281232, np.int64(1): 36731, np.int64(2): 14789, np.int64(3): 10866, np.int64(4): 8585}
✅ 验证完成，耗时: 4.7秒 (0.1分钟)
训练损失: 0.0064
验证损失: 0.5195
验证准确率: 0.9662 (10592/10964) - 与Levenshtein高度相关
验证F1(加权): 0.9653 - 类别平衡更好
学习率: 0.000044
显存使用: 0.47GB (预留: 0.69GB)

生成的训练样本:
--------------------------------------------------------------------------------
输入:       XD> WTLTM>> MGNJN DDHB> SNJN> WTLTM>> MNJN
目标:     0 0 2 0 0 1 0 0 0 0 0 2 0 0 0 22 0 0 0 1 0 0 4 0 0 0 8 0 43 27 0 1 0 0 0 0 0 2 0 0 231 0 0
预测:     0 0 2 0 0 1 0 0 0 0 0 2 0 0 0 22 0 0 0 1 0 0 4 0 0 0 8 0 43 27 0 1 0 0 0 0 0 2 0 0 231 0 0
准确率:    1.0000 (43/43)
----------------------------------------
输入:       BSMN LK XNN DJLN DL> XSM >MRJNN
目标:     0 0 0 49 0 0 1 0 0 0 0 0 0 0 0 1 0 0 1 0 0 0 0 0 2 0 0 0 7 87 0 0
预测:     0 0 0 49 0 0 1 0 0 0 0 0 0 0 0 1 0 0 1 0 0 0 0 0 2 0 0 0 7 87 0 0
准确率:    1.0000 (32/32)
----------------------------------------
输入:       WQWCT> L>JLJN DNVRJN QJMH WSHDWTH MVL CMK
目标:     0 1 0 0 0 4 0 0 1 0 0 0 0 0 0 1 0 0 7 0 0 0 0 0 5 0 0 1 0 0 0 2 32 0 0 0 0 0 0 0 5 0
预测:     0 1 0 0 0 4 0 0 1 0 0 0 0 0 0 1 0 0 7 0 0 0 0 0 5 0 0 1 0 0 0 2 32 0 0 0 0 0 0 0 5 0
准确率:    1.0000 (42/42)
----------------------------------------

生成的验证样本:
--------------------------------------------------------------------------------
输入:       YBJNH D>LH> LMSV> MN KL DBJC WKLJ
目标:     0 0 0 0 5 0 0 1 0 0 4 0 0 1 6 0 10 7 0 0 0 0 0 2 0 1 0 0 2 0 36 0 0 3
预测:     0 0 0 0 5 0 0 1 0 0 4 0 0 1 6 0 10 7 0 0 0 0 0 2 0 1 0 0 2 0 36 0 0 3
准确率:    1.0000 (34/34)
----------------------------------------
输入:       D>LH> LMSV> MN KL DBJC WKLJ XJLK
目标:     0 1 0 0 4 0 0 1 6 0 10 7 0 0 0 0 0 2 0 1 0 0 2 0 36 0 0 3 0 0 0 5 0
预测:     0 1 0 0 4 0 0 1 6 0 10 7 0 0 0 0 0 2 0 1 0 0 2 0 36 0 0 3 0 0 0 5 0
准确率:    1.0000 (33/33)
----------------------------------------
⏳ 验证无提升 (验证准确率: 0.9662 ≤ 0.9667)，patience: 2/50

======================================================================
🚀 Epoch 110/200
======================================================================
📚 开始训练阶段...
训练进度: 500/3164 损失=0.0009
训练进度: 1000/3164 损失=0.0117
训练进度: 1500/3164 损失=0.0196
训练进度: 2000/3164 损失=0.0102
训练进度: 2500/3164 损失=0.0004
训练进度: 3000/3164 损失=0.0105
训练进度: 3164/3164 损失=0.0059
✅ 训练完成，耗时: 57.1秒 (1.0分钟)

============================================================
📊 验证决策: Epoch 110/200
   验证间隔: 1
   是否验证: ✅ 是
   原因: 达到验证间隔 (0 == 0)
============================================================

🔍 开始验证...
验证进度: 500/686 损失=0.2064
验证进度: 686/686 损失=0.9147

📊 预测分布分析:
  - 预测的前5个类别: {np.int64(0): 282666, np.int64(1): 37174, np.int64(2): 14728, np.int64(3): 10744, np.int64(4): 8823}
  - 标签的前5个类别: {np.int64(0): 281232, np.int64(1): 36731, np.int64(2): 14789, np.int64(3): 10866, np.int64(4): 8585}
✅ 验证完成，耗时: 4.7秒 (0.1分钟)
训练损失: 0.0060
验证损失: 0.5265
验证准确率: 0.9664 (10595/10964) - 与Levenshtein高度相关
验证F1(加权): 0.9655 - 类别平衡更好
学习率: 0.000043
显存使用: 0.48GB (预留: 0.69GB)

生成的训练样本:
--------------------------------------------------------------------------------
输入:       TRJHWN WXMCJN GBRJN MN BNJ NBJ> >ZLW
目标:     0 0 2 32 0 0 0 0 1 0 0 0 0 2 0 0 0 2 0 0 0 0 0 0 0 2 0 0 0 0 11 0 0 0 0 3 0
预测:     0 0 2 32 0 0 0 0 1 0 0 0 0 2 0 0 0 2 0 0 0 0 0 0 0 2 0 0 0 0 11 0 0 0 0 3 0
准确率:    1.0000 (37/37)
----------------------------------------
输入:       PTGMWHJ DMLK> RB> MLK> D>TWR HKN> >MR
目标:     0 0 0 0 25 1 0 0 0 1 0 0 4 0 0 0 4 0 0 0 0 4 0 0 1 0 0 0 2 0 0 0 0 0 0 0 0 7
预测:     0 0 0 0 25 1 0 0 0 1 0 0 4 0 0 0 4 0 0 0 0 4 0 0 1 0 0 0 2 0 0 0 0 0 0 0 0 7
准确率:    1.0000 (38/38)
----------------------------------------
输入:       DMRJ> WXZT MLK> Q>M <L <MWD> >JK
目标:     0 1 0 0 0 2 0 1 0 18 26 0 0 0 4 0 0 20 0 7 0 0 0 0 0 0 0 4 0 0 0 0 0
预测:     0 1 0 0 0 2 0 1 0 18 26 0 0 0 4 0 0 20 0 7 0 0 0 0 0 0 0 4 0 0 0 0 0
准确率:    1.0000 (33/33)
----------------------------------------

生成的验证样本:
--------------------------------------------------------------------------------
输入:       YBJNH D>LH> LMSV> MN KL DBJC WKLJ
目标:     0 0 0 0 5 0 0 1 0 0 4 0 0 1 6 0 10 7 0 0 0 0 0 2 0 1 0 0 2 0 36 0 0 3
预测:     0 0 0 0 5 0 0 1 0 0 4 0 0 1 6 0 10 7 0 0 0 0 0 2 0 1 0 0 2 0 36 0 0 3
准确率:    1.0000 (34/34)
----------------------------------------
输入:       D>LH> LMSV> MN KL DBJC WKLJ XJLK
目标:     0 1 0 0 4 0 0 1 6 0 10 7 0 0 0 0 0 2 0 1 0 0 2 0 36 0 0 3 0 0 0 5 0
预测:     0 1 0 0 4 0 0 1 6 0 10 7 0 0 0 0 0 2 0 1 0 0 2 0 36 0 0 3 0 0 0 5 0
准确率:    1.0000 (33/33)
----------------------------------------
⏳ 验证无提升 (验证准确率: 0.9664 ≤ 0.9667)，patience: 3/50

======================================================================
🚀 Epoch 111/200
======================================================================
📚 开始训练阶段...
训练进度: 500/3164 损失=0.0061
训练进度: 1000/3164 损失=0.0002
训练进度: 1500/3164 损失=0.0014
训练进度: 2000/3164 损失=0.0029
训练进度: 2500/3164 损失=0.0056
训练进度: 3000/3164 损失=0.0021
训练进度: 3164/3164 损失=0.0027
✅ 训练完成，耗时: 57.1秒 (1.0分钟)

============================================================
📊 验证决策: Epoch 111/200
   验证间隔: 1
   是否验证: ✅ 是
   原因: 达到验证间隔 (0 == 0)
============================================================

🔍 开始验证...
验证进度: 500/686 损失=0.2417
验证进度: 686/686 损失=0.8817

📊 预测分布分析:
  - 预测的前5个类别: {np.int64(0): 282369, np.int64(1): 37122, np.int64(2): 14835, np.int64(3): 10652, np.int64(4): 8762}
  - 标签的前5个类别: {np.int64(0): 281232, np.int64(1): 36731, np.int64(2): 14789, np.int64(3): 10866, np.int64(4): 8585}
✅ 验证完成，耗时: 4.7秒 (0.1分钟)
训练损失: 0.0058
验证损失: 0.5285
验证准确率: 0.9658 (10589/10964) - 与Levenshtein高度相关
验证F1(加权): 0.9651 - 类别平衡更好
学习率: 0.000042
显存使用: 0.48GB (预留: 0.69GB)

生成的训练样本:
--------------------------------------------------------------------------------
输入:       XRM> WGZR <LJHWN LM>BD MVL XVHJHWN BHW
目标:     0 0 0 4 0 0 1 0 0 3 0 0 8 1 0 0 0 0 1 6 0 0 7 0 0 0 0 0 0 0 2 1 0 0 0 0 1 0 12
预测:     0 0 0 4 0 0 1 0 0 3 0 0 8 1 0 0 0 0 1 6 0 0 7 0 0 0 0 0 0 0 2 1 0 0 0 0 1 0 12
准确率:    1.0000 (39/39)
----------------------------------------
输入:       BXZW> DLLJ> W>MR LH >LH> C>L MN>
目标:     0 1 0 0 4 0 0 1 38 0 4 0 0 1 0 0 3 0 1 0 0 0 0 4 0 6 0 0 3 0 0 0 0
预测:     0 1 0 0 4 0 0 1 38 0 4 0 0 1 0 0 3 0 1 0 0 0 0 4 0 6 0 0 3 0 0 0 0
准确率:    1.0000 (33/33)
----------------------------------------
输入:       W<L MCKBH L> NTTZJ< K>B> WCHR> WCXQ>
目标:     0 1 0 0 0 0 0 0 56 0 0 0 0 0 21 76 17 20 0 3 0 0 0 4 0 0 1 0 0 4 0 0 1 0 0 15 0
预测:     0 1 0 0 0 0 0 0 56 0 0 0 0 0 21 76 17 20 0 3 0 0 0 4 0 0 1 0 0 4 0 0 1 0 0 15 0
准确率:    1.0000 (37/37)
----------------------------------------

生成的验证样本:
--------------------------------------------------------------------------------
输入:       YBJNH D>LH> LMSV> MN KL DBJC WKLJ
目标:     0 0 0 0 5 0 0 1 0 0 4 0 0 1 6 0 10 7 0 0 0 0 0 2 0 1 0 0 2 0 36 0 0 3
预测:     0 0 0 0 5 0 0 1 0 0 4 0 0 1 6 0 10 7 0 0 0 0 0 2 0 1 0 0 2 0 36 0 0 3
准确率:    1.0000 (34/34)
----------------------------------------
输入:       D>LH> LMSV> MN KL DBJC WKLJ XJLK
目标:     0 1 0 0 4 0 0 1 6 0 10 7 0 0 0 0 0 2 0 1 0 0 2 0 36 0 0 3 0 0 0 5 0
预测:     0 1 0 0 4 0 0 1 6 0 10 7 0 0 0 0 0 2 0 1 0 0 2 0 36 0 0 3 0 0 0 5 0
准确率:    1.0000 (33/33)
----------------------------------------
⏳ 验证无提升 (验证准确率: 0.9658 ≤ 0.9667)，patience: 4/50

======================================================================
🚀 Epoch 112/200
======================================================================
📚 开始训练阶段...
训练进度: 500/3164 损失=0.0065
训练进度: 1000/3164 损失=0.0042
训练进度: 1500/3164 损失=0.0041
训练进度: 2000/3164 损失=0.0004
训练进度: 2500/3164 损失=0.0006
训练进度: 3000/3164 损失=0.0032
训练进度: 3164/3164 损失=0.0024
✅ 训练完成，耗时: 57.1秒 (1.0分钟)

============================================================
📊 验证决策: Epoch 112/200
   验证间隔: 1
   是否验证: ✅ 是
   原因: 达到验证间隔 (0 == 0)
============================================================

🔍 开始验证...
验证进度: 500/686 损失=0.2696
验证进度: 686/686 损失=0.6724

📊 预测分布分析:
  - 预测的前5个类别: {np.int64(0): 282700, np.int64(1): 37154, np.int64(2): 14695, np.int64(3): 10754, np.int64(4): 8723}
  - 标签的前5个类别: {np.int64(0): 281232, np.int64(1): 36731, np.int64(2): 14789, np.int64(3): 10866, np.int64(4): 8585}
✅ 验证完成，耗时: 4.7秒 (0.1分钟)
训练损失: 0.0057
验证损失: 0.5272
验证准确率: 0.9663 (10594/10964) - 与Levenshtein高度相关
验证F1(加权): 0.9655 - 类别平衡更好
学习率: 0.000041
显存使用: 0.48GB (预留: 0.69GB)

生成的训练样本:
--------------------------------------------------------------------------------
输入:       L> >DXL MN BJCT> MVL D>NT <MJ
目标:     0 0 0 0 6 0 0 3 0 0 0 0 0 0 13 9 0 0 0 0 0 0 1 0 0 0 0 0 1 0
预测:     0 0 0 0 6 0 0 3 0 0 0 0 0 0 13 9 0 0 0 0 0 0 1 0 0 0 0 0 1 0
准确率:    1.0000 (30/30)
----------------------------------------
输入:       L> >KWL MN LXMK W>N TSQ <LT>
目标:     0 0 0 0 21 8 0 3 0 0 0 0 0 0 5 0 0 1 0 0 0 28 64 3 0 0 70 9 0
预测:     0 0 0 0 21 8 0 3 0 0 0 0 0 0 5 0 0 1 0 0 0 28 64 3 0 0 70 9 0
准确率:    1.0000 (29/29)
----------------------------------------
输入:       WKL PWM> DL> NCQH W>ZL MN TMN
目标:     0 1 0 2 0 0 0 4 0 0 1 0 0 0 0 0 29 0 0 1 0 0 3 0 0 0 0 0 0 0
预测:     0 1 0 2 0 0 0 4 0 0 1 0 0 0 0 0 29 0 0 1 0 0 3 0 0 0 0 0 0 0
准确率:    1.0000 (30/30)
----------------------------------------

生成的验证样本:
--------------------------------------------------------------------------------
输入:       YBJNH D>LH> LMSV> MN KL DBJC WKLJ
目标:     0 0 0 0 5 0 0 1 0 0 4 0 0 1 6 0 10 7 0 0 0 0 0 2 0 1 0 0 2 0 36 0 0 3
预测:     0 0 0 0 5 0 0 1 0 0 4 0 0 1 6 0 10 7 0 0 0 0 0 2 0 1 0 0 2 0 36 0 0 3
准确率:    1.0000 (34/34)
----------------------------------------
输入:       D>LH> LMSV> MN KL DBJC WKLJ XJLK
目标:     0 1 0 0 4 0 0 1 6 0 10 7 0 0 0 0 0 2 0 1 0 0 2 0 36 0 0 3 0 0 0 5 0
预测:     0 1 0 0 4 0 0 1 6 0 10 7 0 0 0 0 0 2 0 1 0 0 2 0 36 0 0 3 0 0 0 5 0
准确率:    1.0000 (33/33)
----------------------------------------
⏳ 验证无提升 (验证准确率: 0.9663 ≤ 0.9667)，patience: 5/50

======================================================================
🚀 Epoch 113/200
======================================================================
📚 开始训练阶段...
训练进度: 500/3164 损失=0.0080
训练进度: 1000/3164 损失=0.0004
训练进度: 1500/3164 损失=0.0095
训练进度: 2000/3164 损失=0.0023
训练进度: 2500/3164 损失=0.0065
训练进度: 3000/3164 损失=0.0073
训练进度: 3164/3164 损失=0.0016
✅ 训练完成，耗时: 57.0秒 (0.9分钟)

============================================================
📊 验证决策: Epoch 113/200
   验证间隔: 1
   是否验证: ✅ 是
   原因: 达到验证间隔 (0 == 0)
============================================================

🔍 开始验证...
验证进度: 500/686 损失=0.1954
验证进度: 686/686 损失=0.8045

📊 预测分布分析:
  - 预测的前5个类别: {np.int64(0): 282959, np.int64(1): 37142, np.int64(2): 14674, np.int64(3): 10957, np.int64(4): 8830}
  - 标签的前5个类别: {np.int64(0): 281232, np.int64(1): 36731, np.int64(2): 14789, np.int64(3): 10866, np.int64(4): 8585}
✅ 验证完成，耗时: 4.7秒 (0.1分钟)
训练损失: 0.0056
验证损失: 0.5258
验证准确率: 0.9667 (10599/10964) - 与Levenshtein高度相关
验证F1(加权): 0.9658 - 类别平衡更好
学习率: 0.000041
显存使用: 0.48GB (预留: 0.69GB)

生成的训练样本:
--------------------------------------------------------------------------------
输入:       YPR> W<DM> LVHR> B<L> <NJN WLJT QL
目标:     0 0 0 4 0 0 1 0 0 0 0 0 1 0 0 4 0 0 0 0 4 0 6 0 0 29 0 0 1 58 0 24 0 0 2
预测:     0 0 0 4 0 0 1 0 0 0 0 0 1 0 0 4 0 0 0 0 4 0 6 0 0 29 0 0 1 58 0 24 0 0 2
准确率:    1.0000 (35/35)
----------------------------------------
输入:       WHPKH L<L WNPL MCKN> <N> XBRH W>MR
目标:     0 1 0 0 51 0 0 0 0 0 0 1 0 0 3 0 0 0 0 4 0 0 0 10 3 0 0 0 5 0 0 1 0 0 3
预测:     0 1 0 0 51 0 0 0 0 0 0 1 0 0 3 0 0 0 0 4 0 0 0 10 3 0 0 0 5 0 0 1 0 0 3
准确率:    1.0000 (35/35)
----------------------------------------
输入:       DNCLMN B>JD> D>MWRJ> DNWBDWNN L>JK> SLQJNN >XJN
目标:     0 1 6 0 0 29 0 0 35 0 0 4 0 0 1 0 0 0 0 11 0 0 1 191 0 0 3 0 1 0 0 1 0 0 0 0 0 0 0 7 87 0 0 0 0 2 0 0
预测:     0 1 6 0 0 29 0 0 35 0 0 4 0 0 1 0 0 0 0 11 0 0 1 191 0 0 3 0 1 0 0 1 0 0 0 0 0 0 0 7 87 0 0 0 0 2 0 0
准确率:    1.0000 (48/48)
----------------------------------------

生成的验证样本:
--------------------------------------------------------------------------------
输入:       YBJNH D>LH> LMSV> MN KL DBJC WKLJ
目标:     0 0 0 0 5 0 0 1 0 0 4 0 0 1 6 0 10 7 0 0 0 0 0 2 0 1 0 0 2 0 36 0 0 3
预测:     0 0 0 0 5 0 0 1 0 0 4 0 0 1 6 0 10 7 0 0 0 0 0 2 0 1 0 0 2 0 36 0 0 3
准确率:    1.0000 (34/34)
----------------------------------------
输入:       D>LH> LMSV> MN KL DBJC WKLJ XJLK
目标:     0 1 0 0 4 0 0 1 6 0 10 7 0 0 0 0 0 2 0 1 0 0 2 0 36 0 0 3 0 0 0 5 0
预测:     0 1 0 0 4 0 0 1 6 0 10 7 0 0 0 0 0 2 0 1 0 0 2 0 36 0 0 3 0 0 0 5 0
准确率:    1.0000 (33/33)
----------------------------------------
💾 保存新的最佳模型！验证准确率: 0.9667 (F1: 0.9658) (Epoch 113)

======================================================================
🚀 Epoch 114/200
======================================================================
📚 开始训练阶段...
训练进度: 500/3164 损失=0.0009
训练进度: 1000/3164 损失=0.0031
训练进度: 1500/3164 损失=0.0042
训练进度: 2000/3164 损失=0.0034
训练进度: 2500/3164 损失=0.0052
训练进度: 3000/3164 损失=0.0018
训练进度: 3164/3164 损失=0.0022
✅ 训练完成，耗时: 57.0秒 (0.9分钟)

============================================================
📊 验证决策: Epoch 114/200
   验证间隔: 1
   是否验证: ✅ 是
   原因: 达到验证间隔 (0 == 0)
============================================================

🔍 开始验证...
验证进度: 500/686 损失=0.1959
验证进度: 686/686 损失=0.5946

📊 预测分布分析:
  - 预测的前5个类别: {np.int64(0): 282883, np.int64(1): 37128, np.int64(2): 14736, np.int64(3): 10691, np.int64(4): 8734}
  - 标签的前5个类别: {np.int64(0): 281232, np.int64(1): 36731, np.int64(2): 14789, np.int64(3): 10866, np.int64(4): 8585}
✅ 验证完成，耗时: 4.7秒 (0.1分钟)
训练损失: 0.0053
验证损失: 0.5383
验证准确率: 0.9663 (10594/10964) - 与Levenshtein高度相关
验证F1(加权): 0.9655 - 类别平衡更好
学习率: 0.000040
显存使用: 0.48GB (预留: 0.69GB)

生成的训练样本:
--------------------------------------------------------------------------------
输入:       D>TQVLT W>MR LHWN LGB< DBNJMJN <LT >N>
目标:     0 1 0 14 0 0 3 92 0 1 0 0 3 0 1 0 0 0 0 1 0 0 2 0 1 0 0 0 0 0 2 0 0 53 0 0 0 0 0
预测:     0 1 0 14 0 0 3 92 0 1 0 0 3 0 1 0 0 0 0 1 0 0 2 0 1 0 0 0 0 0 2 0 0 53 0 0 0 0 0
准确率:    1.0000 (39/39)
----------------------------------------
输入:       JWM> DXD BCB> MTKNCJN XNN WBJWMT> DQRJNJJN
目标:     0 0 0 4 0 0 1 0 2 0 1 0 164 0 0 21 14 0 0 7 0 0 0 0 0 0 0 1 1 0 0 2 23 0 0 1 0 0 0 0 2 0 0
预测:     0 0 0 4 0 0 1 0 2 0 1 0 164 0 0 21 14 0 0 7 0 0 0 0 0 0 0 1 1 0 0 2 23 0 0 1 0 0 0 0 2 0 0
准确率:    1.0000 (43/43)
----------------------------------------
输入:       DNRJMWN RJCHWN WCLJT >R<> >RB<JN CNJN BJWMWHJ
目标:     0 1 28 20 0 3 0 0 0 0 0 5 0 0 0 0 1 0 0 33 26 0 0 0 4 0 0 0 0 0 2 0 0 0 0 13 0 0 0 1 0 0 25 1 0 0
预测:     0 1 28 20 0 3 0 0 0 0 0 5 0 0 0 0 1 0 0 33 26 0 0 0 4 0 0 0 0 0 2 0 0 0 0 13 0 0 0 1 0 0 25 1 0 0
准确率:    1.0000 (46/46)
----------------------------------------

生成的验证样本:
--------------------------------------------------------------------------------
输入:       YBJNH D>LH> LMSV> MN KL DBJC WKLJ
目标:     0 0 0 0 5 0 0 1 0 0 4 0 0 1 6 0 10 7 0 0 0 0 0 2 0 1 0 0 2 0 36 0 0 3
预测:     0 0 0 0 5 0 0 1 0 0 4 0 0 1 6 0 10 7 0 0 0 0 0 2 0 1 0 0 2 0 36 0 0 3
准确率:    1.0000 (34/34)
----------------------------------------
输入:       D>LH> LMSV> MN KL DBJC WKLJ XJLK
目标:     0 1 0 0 4 0 0 1 6 0 10 7 0 0 0 0 0 2 0 1 0 0 2 0 36 0 0 3 0 0 0 5 0
预测:     0 1 0 0 4 0 0 1 6 0 10 7 0 0 0 0 0 2 0 1 0 0 2 0 36 0 0 3 0 0 0 5 0
准确率:    1.0000 (33/33)
----------------------------------------
⏳ 验证无提升 (验证准确率: 0.9663 ≤ 0.9667)，patience: 1/50

======================================================================
🚀 Epoch 115/200
======================================================================
📚 开始训练阶段...
训练进度: 500/3164 损失=0.0003
训练进度: 1000/3164 损失=0.0011
训练进度: 1500/3164 损失=0.0073
训练进度: 2000/3164 损失=0.0018
训练进度: 2500/3164 损失=0.0145
训练进度: 3000/3164 损失=0.0094
训练进度: 3164/3164 损失=0.0012
✅ 训练完成，耗时: 57.2秒 (1.0分钟)

============================================================
📊 验证决策: Epoch 115/200
   验证间隔: 1
   是否验证: ✅ 是
   原因: 达到验证间隔 (0 == 0)
============================================================

🔍 开始验证...
验证进度: 500/686 损失=0.3285
验证进度: 686/686 损失=1.0211

📊 预测分布分析:
  - 预测的前5个类别: {np.int64(0): 283116, np.int64(1): 37152, np.int64(2): 14688, np.int64(3): 10757, np.int64(4): 9033}
  - 标签的前5个类别: {np.int64(0): 281232, np.int64(1): 36731, np.int64(2): 14789, np.int64(3): 10866, np.int64(4): 8585}
✅ 验证完成，耗时: 4.7秒 (0.1分钟)
训练损失: 0.0053
验证损失: 0.5492
验证准确率: 0.9664 (10595/10964) - 与Levenshtein高度相关
验证F1(加权): 0.9654 - 类别平衡更好
学习率: 0.000039
显存使用: 0.48GB (预留: 0.69GB)

生成的训练样本:
--------------------------------------------------------------------------------
输入:       XQL> CN> BCN> W>KWL QDM MRJ> >LHK
目标:     0 0 0 4 0 0 0 13 0 0 1 0 13 0 0 36 0 8 0 3 0 0 0 2 0 0 0 0 2 0 0 0 5 0
预测:     0 0 0 4 0 0 0 13 0 0 1 0 13 0 0 36 0 8 0 3 0 0 0 2 0 0 0 0 2 0 0 0 5 0
准确率:    1.0000 (34/34)
----------------------------------------
输入:       L> THJMN BSN>> L<LM MVL D>JK NXC>
目标:     0 0 0 0 6 0 0 0 151 0 1 0 0 4 0 0 1 0 0 2 0 0 0 0 0 1 0 0 0 0 0 0 4 0
预测:     0 0 0 0 6 0 0 0 151 0 1 0 0 4 0 0 1 0 0 2 0 0 0 0 0 1 0 0 0 0 0 0 4 0
准确率:    1.0000 (34/34)
----------------------------------------
输入:       BJT >BJ JWMN> WQVLTWN LBNWHJ CB<JN GBRJN
目标:     0 0 0 2 0 0 5 0 0 0 0 0 4 0 0 1 0 0 3 0 0 19 0 1 0 25 1 0 0 0 0 0 2 0 0 0 0 0 2 0 0
预测:     0 0 0 2 0 0 5 0 0 0 0 0 4 0 0 1 0 0 3 0 0 19 0 1 0 25 1 0 0 0 0 0 2 0 0 0 0 0 2 0 0
准确率:    1.0000 (41/41)
----------------------------------------

生成的验证样本:
--------------------------------------------------------------------------------
输入:       YBJNH D>LH> LMSV> MN KL DBJC WKLJ
目标:     0 0 0 0 5 0 0 1 0 0 4 0 0 1 6 0 10 7 0 0 0 0 0 2 0 1 0 0 2 0 36 0 0 3
预测:     0 0 0 0 5 0 0 1 0 0 4 0 0 1 6 0 10 7 0 0 0 0 0 2 0 1 0 0 2 0 36 0 0 3
准确率:    1.0000 (34/34)
----------------------------------------
输入:       D>LH> LMSV> MN KL DBJC WKLJ XJLK
目标:     0 1 0 0 4 0 0 1 6 0 10 7 0 0 0 0 0 2 0 1 0 0 2 0 36 0 0 3 0 0 0 5 0
预测:     0 1 0 0 4 0 0 1 6 0 10 7 0 0 0 0 0 2 0 1 0 0 2 0 36 0 0 3 0 0 0 5 0
准确率:    1.0000 (33/33)
----------------------------------------
⏳ 验证无提升 (验证准确率: 0.9664 ≤ 0.9667)，patience: 2/50

======================================================================
🚀 Epoch 116/200
======================================================================
📚 开始训练阶段...
训练进度: 500/3164 损失=0.0005
训练进度: 1000/3164 损失=0.0032
训练进度: 1500/3164 损失=0.0010
训练进度: 2000/3164 损失=0.0033
训练进度: 2500/3164 损失=0.0011
训练进度: 3000/3164 损失=0.0026
训练进度: 3164/3164 损失=0.0211
✅ 训练完成，耗时: 57.2秒 (1.0分钟)

============================================================
📊 验证决策: Epoch 116/200
   验证间隔: 1
   是否验证: ✅ 是
   原因: 达到验证间隔 (0 == 0)
============================================================

🔍 开始验证...
验证进度: 500/686 损失=0.2889
验证进度: 686/686 损失=0.9359

📊 预测分布分析:
  - 预测的前5个类别: {np.int64(0): 282846, np.int64(1): 37156, np.int64(2): 14649, np.int64(3): 10717, np.int64(4): 8986}
  - 标签的前5个类别: {np.int64(0): 281232, np.int64(1): 36731, np.int64(2): 14789, np.int64(3): 10866, np.int64(4): 8585}
✅ 验证完成，耗时: 4.7秒 (0.1分钟)
训练损失: 0.0052
验证损失: 0.5335
验证准确率: 0.9666 (10597/10964) - 与Levenshtein高度相关
验证F1(加权): 0.9657 - 类别平衡更好
学习率: 0.000038
显存使用: 0.48GB (预留: 0.69GB)

生成的训练样本:
--------------------------------------------------------------------------------
输入:       XZJT KD NSJT YBWT> SGJ>T> <LJ <BR
目标:     0 0 0 3 0 0 0 0 0 0 0 3 0 0 0 0 2 23 0 0 0 0 0 2 23 0 0 0 1 0 0 0 0 3
预测:     0 0 0 3 0 0 0 0 0 0 0 3 0 0 0 0 2 23 0 0 0 0 0 2 23 0 0 0 1 0 0 0 0 3
准确率:    1.0000 (34/34)
----------------------------------------
输入:       JWRM BR >XB LQRB> <L XZ>JL MLK>
目标:     0 0 0 0 2 0 0 2 0 0 0 2 0 1 0 0 15 0 0 0 0 0 0 0 0 0 2 0 0 0 4 0
预测:     0 0 0 0 2 0 0 2 0 0 0 2 0 1 0 0 15 0 0 0 0 0 0 0 0 0 2 0 0 0 4 0
准确率:    1.0000 (32/32)
----------------------------------------
输入:       HNWN BKL C<JN WBKL JWMJN MTJLDJN WL>
目标:     0 0 0 0 0 0 1 0 2 0 0 2 0 0 0 1 1 0 2 0 0 0 2 0 0 0 21 14 0 0 7 0 0 0 1 0 0
预测:     0 0 0 0 0 0 1 0 2 0 0 2 0 0 0 1 1 0 2 0 0 0 2 0 0 0 21 14 0 0 7 0 0 0 1 0 0
准确率:    1.0000 (37/37)
----------------------------------------

生成的验证样本:
--------------------------------------------------------------------------------
输入:       YBJNH D>LH> LMSV> MN KL DBJC WKLJ
目标:     0 0 0 0 5 0 0 1 0 0 4 0 0 1 6 0 10 7 0 0 0 0 0 2 0 1 0 0 2 0 36 0 0 3
预测:     0 0 0 0 5 0 0 1 0 0 4 0 0 1 6 0 10 7 0 0 0 0 0 2 0 1 0 0 2 0 36 0 0 3
准确率:    1.0000 (34/34)
----------------------------------------
输入:       D>LH> LMSV> MN KL DBJC WKLJ XJLK
目标:     0 1 0 0 4 0 0 1 6 0 10 7 0 0 0 0 0 2 0 1 0 0 2 0 36 0 0 3 0 0 0 5 0
预测:     0 1 0 0 4 0 0 1 6 0 10 7 0 0 0 0 0 2 0 1 0 0 2 0 36 0 0 3 0 0 0 5 0
准确率:    1.0000 (33/33)
----------------------------------------
⏳ 验证无提升 (验证准确率: 0.9666 ≤ 0.9667)，patience: 3/50

======================================================================
🚀 Epoch 117/200
======================================================================
📚 开始训练阶段...
训练进度: 500/3164 损失=0.0006
训练进度: 1000/3164 损失=0.0062
训练进度: 1500/3164 损失=0.0050
训练进度: 2000/3164 损失=0.0029
训练进度: 2500/3164 损失=0.0091
训练进度: 3000/3164 损失=0.0126
训练进度: 3164/3164 损失=0.0132
✅ 训练完成，耗时: 57.2秒 (1.0分钟)

============================================================
📊 验证决策: Epoch 117/200
   验证间隔: 1
   是否验证: ✅ 是
   原因: 达到验证间隔 (0 == 0)
============================================================

🔍 开始验证...
验证进度: 500/686 损失=0.2486
验证进度: 686/686 损失=0.9076

📊 预测分布分析:
  - 预测的前5个类别: {np.int64(0): 282874, np.int64(1): 37138, np.int64(2): 14707, np.int64(3): 10724, np.int64(4): 8815}
  - 标签的前5个类别: {np.int64(0): 281232, np.int64(1): 36731, np.int64(2): 14789, np.int64(3): 10866, np.int64(4): 8585}
✅ 验证完成，耗时: 4.7秒 (0.1分钟)
训练损失: 0.0050
验证损失: 0.5459
验证准确率: 0.9663 (10594/10964) - 与Levenshtein高度相关
验证F1(加权): 0.9654 - 类别平衡更好
学习率: 0.000038
显存使用: 0.48GB (预留: 0.69GB)

生成的训练样本:
--------------------------------------------------------------------------------
输入:       LK HW NPQJWHJ LK MCKN> LCWQ> W>N
目标:     0 1 0 0 0 0 0 102 0 48 35 0 0 0 0 1 0 0 0 0 0 15 0 0 1 0 0 4 0 0 1 0 0
预测:     0 1 0 0 0 0 0 102 0 48 35 0 0 0 0 1 0 0 0 0 0 15 0 0 1 0 0 4 0 0 1 0 0
准确率:    1.0000 (33/33)
----------------------------------------
输入:       LM<BRW GBR BRH WBRTH BNWR> L>MLK WQVLW
目标:     0 1 28 0 0 7 0 0 0 0 2 0 0 5 0 0 1 0 13 1 0 0 1 0 0 4 0 0 1 0 0 0 2 0 1 0 0 3 19
预测:     0 1 28 0 0 7 0 0 0 0 2 0 0 5 0 0 1 0 13 1 0 0 1 0 0 4 0 0 1 0 0 0 2 0 1 0 0 3 19
准确率:    1.0000 (39/39)
----------------------------------------
输入:       L>GN> WHD> DMJ> QLJL >PN DTRJHWN DGLJN
目标:     0 1 0 0 4 0 0 1 0 0 0 0 0 0 43 0 0 0 0 0 2 0 0 75 0 0 1 0 2 32 0 0 0 0 0 0 7 0 0
预测:     0 1 0 0 4 0 0 1 0 0 0 0 0 0 43 0 0 0 0 0 2 0 0 75 0 0 1 0 2 32 0 0 0 0 0 0 7 0 0
准确率:    1.0000 (39/39)
----------------------------------------

生成的验证样本:
--------------------------------------------------------------------------------
输入:       YBJNH D>LH> LMSV> MN KL DBJC WKLJ
目标:     0 0 0 0 5 0 0 1 0 0 4 0 0 1 6 0 10 7 0 0 0 0 0 2 0 1 0 0 2 0 36 0 0 3
预测:     0 0 0 0 5 0 0 1 0 0 4 0 0 1 6 0 10 7 0 0 0 0 0 2 0 1 0 0 2 0 36 0 0 3
准确率:    1.0000 (34/34)
----------------------------------------
输入:       D>LH> LMSV> MN KL DBJC WKLJ XJLK
目标:     0 1 0 0 4 0 0 1 6 0 10 7 0 0 0 0 0 2 0 1 0 0 2 0 36 0 0 3 0 0 0 5 0
预测:     0 1 0 0 4 0 0 1 6 0 10 7 0 0 0 0 0 2 0 1 0 0 2 0 36 0 0 3 0 0 0 5 0
准确率:    1.0000 (33/33)
----------------------------------------
⏳ 验证无提升 (验证准确率: 0.9663 ≤ 0.9667)，patience: 4/50

======================================================================
🚀 Epoch 118/200
======================================================================
📚 开始训练阶段...
训练进度: 500/3164 损失=0.0045
训练进度: 1000/3164 损失=0.0019
训练进度: 1500/3164 损失=0.0124
训练进度: 2000/3164 损失=0.0029
训练进度: 2500/3164 损失=0.0001
训练进度: 3000/3164 损失=0.0039
训练进度: 3164/3164 损失=0.0019
✅ 训练完成，耗时: 57.3秒 (1.0分钟)

============================================================
📊 验证决策: Epoch 118/200
   验证间隔: 1
   是否验证: ✅ 是
   原因: 达到验证间隔 (0 == 0)
============================================================

🔍 开始验证...
验证进度: 500/686 损失=0.1787
验证进度: 686/686 损失=0.9005

📊 预测分布分析:
  - 预测的前5个类别: {np.int64(0): 282665, np.int64(1): 37117, np.int64(2): 14787, np.int64(3): 10942, np.int64(4): 8818}
  - 标签的前5个类别: {np.int64(0): 281232, np.int64(1): 36731, np.int64(2): 14789, np.int64(3): 10866, np.int64(4): 8585}
✅ 验证完成，耗时: 4.7秒 (0.1分钟)
训练损失: 0.0049
验证损失: 0.5403
验证准确率: 0.9667 (10598/10964) - 与Levenshtein高度相关
验证F1(加权): 0.9658 - 类别平衡更好
学习率: 0.000037
显存使用: 0.48GB (预留: 0.69GB)

生成的训练样本:
--------------------------------------------------------------------------------
输入:       MDM D>JT HW> BLBH WXWJH CLJMWN KWLHJN
目标:     0 0 0 2 0 1 0 0 24 0 0 10 3 0 1 0 5 12 0 1 0 0 51 12 0 0 0 0 0 0 2 0 8 0 5 0 0 0
预测:     0 0 0 2 0 1 0 0 24 0 0 10 3 0 1 0 5 12 0 1 0 0 51 12 0 0 0 0 0 0 2 0 8 0 5 0 0 0
准确率:    1.0000 (38/38)
----------------------------------------
输入:       XWT LMCRJT> MVL D>CLMTH B>JDJK W>N DXL
目标:     34 8 0 3 0 1 0 0 0 2 9 0 0 0 0 0 0 1 17 0 0 3 1 12 0 35 0 0 2 1 0 0 1 0 0 0 0 0 7
预测:     34 8 0 3 0 1 0 0 0 2 9 0 0 0 0 0 0 1 17 0 0 3 1 12 0 35 0 0 2 1 0 0 1 0 0 0 0 0 7
准确率:    1.0000 (39/39)
----------------------------------------
输入:       MVL DBK SBRT TMJM> WTRY> NQPW LJ
目标:     0 0 0 0 0 1 1 0 0 0 0 3 19 0 0 0 0 11 0 0 1 0 0 65 0 0 0 0 3 0 0 1 0
预测:     0 0 0 0 0 1 1 0 0 0 0 3 19 0 0 0 0 11 0 0 1 0 0 65 0 0 0 0 3 0 0 1 0
准确率:    1.0000 (33/33)
----------------------------------------

生成的验证样本:
--------------------------------------------------------------------------------
输入:       YBJNH D>LH> LMSV> MN KL DBJC WKLJ
目标:     0 0 0 0 5 0 0 1 0 0 4 0 0 1 6 0 10 7 0 0 0 0 0 2 0 1 0 0 2 0 36 0 0 3
预测:     0 0 0 0 5 0 0 1 0 0 4 0 0 1 6 0 10 7 0 0 0 0 0 2 0 1 0 0 2 0 36 0 0 3
准确率:    1.0000 (34/34)
----------------------------------------
输入:       D>LH> LMSV> MN KL DBJC WKLJ XJLK
目标:     0 1 0 0 4 0 0 1 6 0 10 7 0 0 0 0 0 2 0 1 0 0 2 0 36 0 0 3 0 0 0 5 0
预测:     0 1 0 0 4 0 0 1 6 0 10 7 0 0 0 0 0 2 0 1 0 0 2 0 36 0 0 3 0 0 0 5 0
准确率:    1.0000 (33/33)
----------------------------------------
⏳ 验证无提升 (验证准确率: 0.9667 ≤ 0.9667)，patience: 5/50

======================================================================
🚀 Epoch 119/200
======================================================================
📚 开始训练阶段...
训练进度: 500/3164 损失=0.0014
训练进度: 1000/3164 损失=0.0051
训练进度: 1500/3164 损失=0.0283
训练进度: 2000/3164 损失=0.0013
训练进度: 2500/3164 损失=0.0004
训练进度: 3000/3164 损失=0.0002
训练进度: 3164/3164 损失=0.0274
✅ 训练完成，耗时: 57.5秒 (1.0分钟)

============================================================
📊 验证决策: Epoch 119/200
   验证间隔: 1
   是否验证: ✅ 是
   原因: 达到验证间隔 (0 == 0)
============================================================

🔍 开始验证...
验证进度: 500/686 损失=0.2419
验证进度: 686/686 损失=0.9481

📊 预测分布分析:
  - 预测的前5个类别: {np.int64(0): 282754, np.int64(1): 37142, np.int64(2): 14718, np.int64(3): 10827, np.int64(4): 8924}
  - 标签的前5个类别: {np.int64(0): 281232, np.int64(1): 36731, np.int64(2): 14789, np.int64(3): 10866, np.int64(4): 8585}
✅ 验证完成，耗时: 4.7秒 (0.1分钟)
训练损失: 0.0050
验证损失: 0.5480
验证准确率: 0.9663 (10594/10964) - 与Levenshtein高度相关
验证F1(加权): 0.9655 - 类别平衡更好
学习率: 0.000036
显存使用: 0.48GB (预留: 0.69GB)

生成的训练样本:
--------------------------------------------------------------------------------
输入:       D<NN> WQM <MWD> D<NN> BTR<> DMCKN> W>MR
目标:     0 1 0 0 4 0 0 1 31 3 0 0 0 0 4 0 0 1 0 0 4 0 0 1 0 0 4 0 0 1 0 0 0 4 0 0 1 0 0 3
预测:     0 1 0 0 4 0 0 1 31 3 0 0 0 0 4 0 0 1 0 0 4 0 0 1 0 0 4 0 0 1 0 0 0 4 0 0 1 0 0 3
准确率:    1.0000 (40/40)
----------------------------------------
输入:       XRW WXZW BJ WPLGW NXTJ BJNTHWN W<L
目标:     0 31 3 0 0 1 0 18 0 0 1 0 0 1 0 0 3 19 0 0 0 22 46 0 0 0 2 32 0 0 0 0 1 0 0
预测:     0 31 3 0 0 1 0 18 0 0 1 0 0 1 0 0 3 19 0 0 0 22 46 0 0 0 2 32 0 0 0 0 1 0 0
准确率:    1.0000 (35/35)
----------------------------------------
输入:       D>N MY> NPL TXJT HLJN XC> >NNQ>
目标:     0 1 0 0 0 0 10 7 0 0 0 7 0 0 8 0 0 0 0 0 0 0 0 0 11 0 0 0 0 0 0 2
预测:     0 1 0 0 0 0 10 7 0 0 0 7 0 0 8 0 0 0 0 0 0 0 0 0 11 0 0 0 0 0 0 2
准确率:    1.0000 (32/32)
----------------------------------------

生成的验证样本:
--------------------------------------------------------------------------------
输入:       YBJNH D>LH> LMSV> MN KL DBJC WKLJ
目标:     0 0 0 0 5 0 0 1 0 0 4 0 0 1 6 0 10 7 0 0 0 0 0 2 0 1 0 0 2 0 36 0 0 3
预测:     0 0 0 0 5 0 0 1 0 0 4 0 0 1 6 0 10 7 0 0 0 0 0 2 0 1 0 0 2 0 36 0 0 3
准确率:    1.0000 (34/34)
----------------------------------------
输入:       D>LH> LMSV> MN KL DBJC WKLJ XJLK
目标:     0 1 0 0 4 0 0 1 6 0 10 7 0 0 0 0 0 2 0 1 0 0 2 0 36 0 0 3 0 0 0 5 0
预测:     0 1 0 0 4 0 0 1 6 0 10 7 0 0 0 0 0 2 0 1 0 0 2 0 36 0 0 3 0 0 0 5 0
准确率:    1.0000 (33/33)
----------------------------------------
⏳ 验证无提升 (验证准确率: 0.9663 ≤ 0.9667)，patience: 6/50

======================================================================
🚀 Epoch 120/200
======================================================================
📚 开始训练阶段...
训练进度: 500/3164 损失=0.0222
训练进度: 1000/3164 损失=0.0010
训练进度: 1500/3164 损失=0.0071
训练进度: 2000/3164 损失=0.0013
训练进度: 2500/3164 损失=0.0005
训练进度: 3000/3164 损失=0.0031
训练进度: 3164/3164 损失=0.0002
✅ 训练完成，耗时: 57.2秒 (1.0分钟)

============================================================
📊 验证决策: Epoch 120/200
   验证间隔: 1
   是否验证: ✅ 是
   原因: 达到验证间隔 (0 == 0)
============================================================

🔍 开始验证...
验证进度: 500/686 损失=0.2438
验证进度: 686/686 损失=0.8839

📊 预测分布分析:
  - 预测的前5个类别: {np.int64(0): 282991, np.int64(1): 37125, np.int64(2): 14666, np.int64(3): 10907, np.int64(4): 8926}
  - 标签的前5个类别: {np.int64(0): 281232, np.int64(1): 36731, np.int64(2): 14789, np.int64(3): 10866, np.int64(4): 8585}
✅ 验证完成，耗时: 4.7秒 (0.1分钟)
训练损失: 0.0047
验证损失: 0.5529
验证准确率: 0.9664 (10595/10964) - 与Levenshtein高度相关
验证F1(加权): 0.9655 - 类别平衡更好
学习率: 0.000035
显存使用: 0.48GB (预留: 0.69GB)

生成的训练样本:
--------------------------------------------------------------------------------
输入:       WTXJT KL >JLN D<BJV W>P ZNJWT> HWT
目标:     0 1 0 8 0 0 0 0 2 0 0 0 0 2 0 1 0 8 0 40 0 1 0 0 0 0 0 0 2 9 0 0 0 18 26
预测:     0 1 0 8 0 0 0 0 2 0 0 0 0 2 0 1 0 8 0 40 0 1 0 0 0 0 0 0 2 9 0 0 0 18 26
准确率:    1.0000 (35/35)
----------------------------------------
输入:       RWGZ> WVNN> WKRJWT> WDXLT> WDXLT MWT> WXRJN>
目标:     0 0 0 0 4 0 0 1 0 0 15 0 0 1 0 0 0 2 9 0 0 1 0 0 13 9 0 0 1 0 0 13 0 0 0 0 15 0 0 1 0 0 0 4 0
预测:     0 0 0 0 4 0 0 1 0 0 15 0 0 1 0 0 0 2 9 0 0 1 0 0 13 9 0 0 1 0 0 13 0 0 0 0 15 0 0 1 0 0 0 4 0
准确率:    1.0000 (45/45)
----------------------------------------
输入:       >JK NC> W>P MCTWT> HWJN LHWN WL>
目标:     0 0 0 0 0 0 11 0 0 1 0 0 0 0 0 0 2 23 0 0 0 0 7 0 0 1 0 0 0 0 1 0 0
预测:     0 0 0 0 0 0 11 0 0 1 0 0 0 0 0 0 2 23 0 0 0 0 7 0 0 1 0 0 0 0 1 0 0
准确率:    1.0000 (33/33)
----------------------------------------

生成的验证样本:
--------------------------------------------------------------------------------
输入:       YBJNH D>LH> LMSV> MN KL DBJC WKLJ
目标:     0 0 0 0 5 0 0 1 0 0 4 0 0 1 6 0 10 7 0 0 0 0 0 2 0 1 0 0 2 0 36 0 0 3
预测:     0 0 0 0 5 0 0 1 0 0 4 0 0 1 6 0 10 7 0 0 0 0 0 2 0 1 0 0 2 0 36 0 0 3
准确率:    1.0000 (34/34)
----------------------------------------
输入:       D>LH> LMSV> MN KL DBJC WKLJ XJLK
目标:     0 1 0 0 4 0 0 1 6 0 10 7 0 0 0 0 0 2 0 1 0 0 2 0 36 0 0 3 0 0 0 5 0
预测:     0 1 0 0 4 0 0 1 6 0 10 7 0 0 0 0 0 2 0 1 0 0 2 0 36 0 0 3 0 0 0 5 0
准确率:    1.0000 (33/33)
----------------------------------------
⏳ 验证无提升 (验证准确率: 0.9664 ≤ 0.9667)，patience: 7/50

======================================================================
🚀 Epoch 121/200
======================================================================
📚 开始训练阶段...
训练进度: 500/3164 损失=0.0002
训练进度: 1000/3164 损失=0.0004
训练进度: 1500/3164 损失=0.0009
训练进度: 2000/3164 损失=0.0038
训练进度: 2500/3164 损失=0.0016
训练进度: 3000/3164 损失=0.0019
训练进度: 3164/3164 损失=0.0078
✅ 训练完成，耗时: 57.2秒 (1.0分钟)

============================================================
📊 验证决策: Epoch 121/200
   验证间隔: 1
   是否验证: ✅ 是
   原因: 达到验证间隔 (0 == 0)
============================================================

🔍 开始验证...
验证进度: 500/686 损失=0.1796
验证进度: 686/686 损失=0.9044

📊 预测分布分析:
  - 预测的前5个类别: {np.int64(0): 282703, np.int64(1): 37152, np.int64(2): 14734, np.int64(3): 10788, np.int64(4): 8768}
  - 标签的前5个类别: {np.int64(0): 281232, np.int64(1): 36731, np.int64(2): 14789, np.int64(3): 10866, np.int64(4): 8585}
✅ 验证完成，耗时: 4.7秒 (0.1分钟)
训练损失: 0.0045
验证损失: 0.5597
验证准确率: 0.9661 (10591/10964) - 与Levenshtein高度相关
验证F1(加权): 0.9652 - 类别平衡更好
学习率: 0.000035
显存使用: 0.48GB (预留: 0.69GB)

生成的训练样本:
--------------------------------------------------------------------------------
输入:       D<NK LJV >NT BM<LK LJV >NT BMPQK
目标:     0 1 0 5 0 0 20 0 40 0 0 0 0 0 1 0 0 5 0 0 20 0 40 0 0 0 0 0 1 0 0 5 0
预测:     0 1 0 5 0 0 20 0 40 0 0 0 0 0 1 0 0 5 0 0 20 0 40 0 0 0 0 0 1 0 0 5 0
准确率:    1.0000 (33/33)
----------------------------------------
输入:       W>MRW BNJ BNJMJN MTTBRJN >NWN MN QDMJN
目标:     0 1 0 0 3 0 0 0 2 0 0 0 0 0 0 0 2 0 21 14 0 0 7 0 19 0 0 0 0 0 0 0 0 0 0 0 2 1 0
预测:     0 1 0 0 3 0 0 0 2 0 0 0 0 0 0 0 2 0 21 14 0 0 7 0 19 0 0 0 0 0 0 0 0 0 0 0 2 1 0
准确率:    1.0000 (39/39)
----------------------------------------
输入:       WL> DNDBR >LP> >JD> DMLX> HW BLXWD
目标:     0 1 0 0 0 1 44 0 0 16 0 0 0 15 0 0 0 0 0 0 0 1 0 0 30 0 0 0 0 0 1 0 0 0 2
预测:     0 1 0 0 0 1 44 0 0 16 0 0 0 15 0 0 0 0 0 0 0 1 0 0 30 0 0 0 0 0 1 0 0 0 2
准确率:    1.0000 (35/35)
----------------------------------------

生成的验证样本:
--------------------------------------------------------------------------------
输入:       YBJNH D>LH> LMSV> MN KL DBJC WKLJ
目标:     0 0 0 0 5 0 0 1 0 0 4 0 0 1 6 0 10 7 0 0 0 0 0 2 0 1 0 0 2 0 36 0 0 3
预测:     0 0 0 0 5 0 0 1 0 0 4 0 0 1 6 0 10 7 0 0 0 0 0 2 0 1 0 0 2 0 36 0 0 3
准确率:    1.0000 (34/34)
----------------------------------------
输入:       D>LH> LMSV> MN KL DBJC WKLJ XJLK
目标:     0 1 0 0 4 0 0 1 6 0 10 7 0 0 0 0 0 2 0 1 0 0 2 0 36 0 0 3 0 0 0 5 0
预测:     0 1 0 0 4 0 0 1 6 0 10 7 0 0 0 0 0 2 0 1 0 0 2 0 36 0 0 3 0 0 0 5 0
准确率:    1.0000 (33/33)
----------------------------------------
⏳ 验证无提升 (验证准确率: 0.9661 ≤ 0.9667)，patience: 8/50

======================================================================
🚀 Epoch 122/200
======================================================================
📚 开始训练阶段...
训练进度: 500/3164 损失=0.0067
训练进度: 1000/3164 损失=0.0063
训练进度: 1500/3164 损失=0.0009
训练进度: 2000/3164 损失=0.0181
训练进度: 2500/3164 损失=0.0007
训练进度: 3000/3164 损失=0.0008
训练进度: 3164/3164 损失=0.0027
✅ 训练完成，耗时: 57.2秒 (1.0分钟)

============================================================
📊 验证决策: Epoch 122/200
   验证间隔: 1
   是否验证: ✅ 是
   原因: 达到验证间隔 (0 == 0)
============================================================

🔍 开始验证...
验证进度: 500/686 损失=0.1714
验证进度: 686/686 损失=0.9926

📊 预测分布分析:
  - 预测的前5个类别: {np.int64(0): 282836, np.int64(1): 37105, np.int64(2): 14812, np.int64(3): 10807, np.int64(4): 8821}
  - 标签的前5个类别: {np.int64(0): 281232, np.int64(1): 36731, np.int64(2): 14789, np.int64(3): 10866, np.int64(4): 8585}
✅ 验证完成，耗时: 4.7秒 (0.1分钟)
训练损失: 0.0045
验证损失: 0.5580
验证准确率: 0.9663 (10594/10964) - 与Levenshtein高度相关
验证F1(加权): 0.9655 - 类别平衡更好
学习率: 0.000034
显存使用: 0.48GB (预留: 0.69GB)

生成的训练样本:
--------------------------------------------------------------------------------
输入:       XZJT WH> <NN> Z<WRT> >JK PST> D>JD>
目标:     0 0 0 3 0 0 1 0 0 0 0 0 4 0 0 0 0 0 2 9 0 0 0 0 0 0 0 13 9 0 0 35 0 0 4 0
预测:     0 0 0 3 0 0 1 0 0 0 0 0 4 0 0 0 0 0 2 9 0 0 0 0 0 0 0 13 9 0 0 35 0 0 4 0
准确率:    1.0000 (36/36)
----------------------------------------
输入:       >LY >NT LJ D>HJMNK D>JT >JTJ> >T>LY
目标:     0 0 0 7 0 0 0 0 0 1 0 0 1 6 0 0 0 51 0 0 1 0 0 24 0 0 0 24 9 0 6 0 14 0 0 16
预测:     0 0 0 7 0 0 0 0 0 1 0 0 1 6 0 0 0 51 0 0 1 0 0 24 0 0 0 24 9 0 6 0 14 0 0 16
准确率:    1.0000 (36/36)
----------------------------------------
输入:       >NWN MRJ> LKN<NJ> WLPRZJ> B>JDJHWN WXRBW MNHWN
目标:     0 0 0 0 0 0 0 0 0 2 0 1 0 0 0 0 11 0 0 1 1 0 0 0 11 0 0 35 0 0 2 1 0 0 0 0 1 0 0 3 0 0 0 1 0 0 0
预测:     0 0 0 0 0 0 0 0 0 2 0 1 0 0 0 0 11 0 0 1 1 0 0 0 11 0 0 35 0 0 2 1 0 0 0 0 1 0 0 3 0 0 0 1 0 0 0
准确率:    1.0000 (47/47)
----------------------------------------

生成的验证样本:
--------------------------------------------------------------------------------
输入:       YBJNH D>LH> LMSV> MN KL DBJC WKLJ
目标:     0 0 0 0 5 0 0 1 0 0 4 0 0 1 6 0 10 7 0 0 0 0 0 2 0 1 0 0 2 0 36 0 0 3
预测:     0 0 0 0 5 0 0 1 0 0 4 0 0 1 6 0 10 7 0 0 0 0 0 2 0 1 0 0 2 0 36 0 0 3
准确率:    1.0000 (34/34)
----------------------------------------
输入:       D>LH> LMSV> MN KL DBJC WKLJ XJLK
目标:     0 1 0 0 4 0 0 1 6 0 10 7 0 0 0 0 0 2 0 1 0 0 2 0 36 0 0 3 0 0 0 5 0
预测:     0 1 0 0 4 0 0 1 6 0 10 7 0 0 0 0 0 2 0 1 0 0 2 0 36 0 0 3 0 0 0 5 0
准确率:    1.0000 (33/33)
----------------------------------------
⏳ 验证无提升 (验证准确率: 0.9663 ≤ 0.9667)，patience: 9/50

======================================================================
🚀 Epoch 123/200
======================================================================
📚 开始训练阶段...
训练进度: 500/3164 损失=0.0084
训练进度: 1000/3164 损失=0.0012
训练进度: 1500/3164 损失=0.0034
训练进度: 2000/3164 损失=0.0024
训练进度: 2500/3164 损失=0.0053
训练进度: 3000/3164 损失=0.0156
训练进度: 3164/3164 损失=0.0021
✅ 训练完成，耗时: 57.5秒 (1.0分钟)

============================================================
📊 验证决策: Epoch 123/200
   验证间隔: 1
   是否验证: ✅ 是
   原因: 达到验证间隔 (0 == 0)
============================================================

🔍 开始验证...
验证进度: 500/686 损失=0.1362
验证进度: 686/686 损失=0.8369

📊 预测分布分析:
  - 预测的前5个类别: {np.int64(0): 283040, np.int64(1): 37084, np.int64(2): 14726, np.int64(3): 10750, np.int64(4): 8948}
  - 标签的前5个类别: {np.int64(0): 281232, np.int64(1): 36731, np.int64(2): 14789, np.int64(3): 10866, np.int64(4): 8585}
✅ 验证完成，耗时: 4.7秒 (0.1分钟)
训练损失: 0.0043
验证损失: 0.5609
验证准确率: 0.9666 (10598/10964) - 与Levenshtein高度相关
验证F1(加权): 0.9657 - 类别平衡更好
学习率: 0.000033
显存使用: 0.48GB (预留: 0.69GB)

生成的训练样本:
--------------------------------------------------------------------------------
输入:       RXMT> DCRR> HJ DNJXH L<LM L> MTXBL
目标:     0 0 0 13 9 0 0 1 0 0 4 0 0 0 26 0 1 0 0 5 12 0 1 0 0 2 0 0 0 0 21 14 0 0 7
预测:     0 0 0 13 9 0 0 1 0 0 4 0 0 0 26 0 1 0 0 5 12 0 1 0 0 2 0 0 0 0 21 14 0 0 7
准确率:    1.0000 (35/35)
----------------------------------------
输入:       MNWT> XD XD MN HLJN CBJ<J> WBXD
目标:     0 0 57 22 23 0 0 0 2 0 0 2 0 0 0 0 0 0 0 0 0 0 0 0 0 11 0 0 1 1 0 2
预测:     0 0 57 22 23 0 0 0 2 0 0 2 0 0 0 0 0 0 0 0 0 0 0 0 0 11 0 0 1 1 0 2
准确率:    1.0000 (32/32)
----------------------------------------
输入:       SPR> WNXRBJH >TL LH L<KS> BRTJ >NTT>
目标:     0 0 0 0 2 0 1 6 0 0 48 1 12 0 34 0 3 0 1 0 0 1 0 0 0 2 0 0 13 1 0 0 0 0 13 9 0
预测:     0 0 0 0 2 0 1 6 0 0 48 1 12 0 34 0 3 0 1 0 0 1 0 0 0 2 0 0 13 1 0 0 0 0 13 9 0
准确率:    1.0000 (37/37)
----------------------------------------

生成的验证样本:
--------------------------------------------------------------------------------
输入:       YBJNH D>LH> LMSV> MN KL DBJC WKLJ
目标:     0 0 0 0 5 0 0 1 0 0 4 0 0 1 6 0 10 7 0 0 0 0 0 2 0 1 0 0 2 0 36 0 0 3
预测:     0 0 0 0 5 0 0 1 0 0 4 0 0 1 6 0 10 7 0 0 0 0 0 2 0 1 0 0 2 0 36 0 0 3
准确率:    1.0000 (34/34)
----------------------------------------
输入:       D>LH> LMSV> MN KL DBJC WKLJ XJLK
目标:     0 1 0 0 4 0 0 1 6 0 10 7 0 0 0 0 0 2 0 1 0 0 2 0 36 0 0 3 0 0 0 5 0
预测:     0 1 0 0 4 0 0 1 6 0 10 7 0 0 0 0 0 2 0 1 0 0 2 0 36 0 0 3 0 0 0 5 0
准确率:    1.0000 (33/33)
----------------------------------------
⏳ 验证无提升 (验证准确率: 0.9666 ≤ 0.9667)，patience: 10/50

======================================================================
🚀 Epoch 124/200
======================================================================
📚 开始训练阶段...
训练进度: 500/3164 损失=0.0001
训练进度: 1000/3164 损失=0.0004
训练进度: 1500/3164 损失=0.0002
训练进度: 2000/3164 损失=0.0060
训练进度: 2500/3164 损失=0.0020
训练进度: 3000/3164 损失=0.0002
训练进度: 3164/3164 损失=0.0091
✅ 训练完成，耗时: 57.6秒 (1.0分钟)

============================================================
📊 验证决策: Epoch 124/200
   验证间隔: 1
   是否验证: ✅ 是
   原因: 达到验证间隔 (0 == 0)
============================================================

🔍 开始验证...
验证进度: 500/686 损失=0.1948
验证进度: 686/686 损失=0.8039

📊 预测分布分析:
  - 预测的前5个类别: {np.int64(0): 282739, np.int64(1): 37137, np.int64(2): 14750, np.int64(3): 10823, np.int64(4): 8881}
  - 标签的前5个类别: {np.int64(0): 281232, np.int64(1): 36731, np.int64(2): 14789, np.int64(3): 10866, np.int64(4): 8585}
✅ 验证完成，耗时: 4.7秒 (0.1分钟)
训练损失: 0.0042
验证损失: 0.5619
验证准确率: 0.9667 (10599/10964) - 与Levenshtein高度相关
验证F1(加权): 0.9660 - 类别平衡更好
学习率: 0.000033
显存使用: 0.47GB (预留: 0.69GB)

生成的训练样本:
--------------------------------------------------------------------------------
输入:       >MJN >WRKH LWQBL PTJH DBJT> W<SR >MJN
目标:     0 0 13 0 0 0 0 0 0 5 0 0 0 0 0 0 0 0 0 0 5 0 0 1 0 0 4 0 0 1 0 0 2 0 0 13 0 0
预测:     0 0 13 0 0 0 0 0 0 5 0 0 0 0 0 0 0 0 0 0 5 0 0 1 0 0 4 0 0 1 0 0 2 0 0 13 0 0
准确率:    1.0000 (38/38)
----------------------------------------
输入:       GB NBL<M W<RQ LMGDW WMJT TMN WCQLWHJ
目标:     0 54 2 0 0 0 0 0 2 0 1 0 0 3 0 1 0 0 0 2 0 1 20 0 3 0 0 0 0 0 1 0 0 3 1 0 0
预测:     0 54 2 0 0 0 0 0 2 0 1 0 0 3 0 1 0 0 0 2 0 1 20 0 3 0 0 0 0 0 1 0 0 3 1 0 0
准确率:    1.0000 (37/37)
----------------------------------------
输入:       LM >XRNJT> >JT DHWN> WDXJL> WDTR<JT> HNW
目标:     0 0 0 0 0 0 0 0 2 23 0 0 0 0 24 0 1 0 0 15 0 0 1 1 0 0 4 0 0 1 1 0 0 0 2 9 0 0 0 81 0
预测:     0 0 0 0 0 0 0 0 2 23 0 0 0 0 24 0 1 0 0 15 0 0 1 1 0 0 4 0 0 1 1 0 0 0 2 9 0 0 0 81 0
准确率:    1.0000 (41/41)
----------------------------------------

生成的验证样本:
--------------------------------------------------------------------------------
输入:       YBJNH D>LH> LMSV> MN KL DBJC WKLJ
目标:     0 0 0 0 5 0 0 1 0 0 4 0 0 1 6 0 10 7 0 0 0 0 0 2 0 1 0 0 2 0 36 0 0 3
预测:     0 0 0 0 5 0 0 1 0 0 4 0 0 1 6 0 10 7 0 0 0 0 0 2 0 1 0 0 2 0 36 0 0 3
准确率:    1.0000 (34/34)
----------------------------------------
输入:       D>LH> LMSV> MN KL DBJC WKLJ XJLK
目标:     0 1 0 0 4 0 0 1 6 0 10 7 0 0 0 0 0 2 0 1 0 0 2 0 36 0 0 3 0 0 0 5 0
预测:     0 1 0 0 4 0 0 1 6 0 10 7 0 0 0 0 0 2 0 1 0 0 2 0 36 0 0 3 0 0 0 5 0
准确率:    1.0000 (33/33)
----------------------------------------
💾 保存新的最佳模型！验证准确率: 0.9667 (F1: 0.9660) (Epoch 124)

======================================================================
🚀 Epoch 125/200
======================================================================
📚 开始训练阶段...
训练进度: 500/3164 损失=0.0002
训练进度: 1000/3164 损失=0.0008
训练进度: 1500/3164 损失=0.0033
训练进度: 2000/3164 损失=0.0017
训练进度: 2500/3164 损失=0.0008
训练进度: 3000/3164 损失=0.0011
训练进度: 3164/3164 损失=0.0003
✅ 训练完成，耗时: 57.5秒 (1.0分钟)

============================================================
📊 验证决策: Epoch 125/200
   验证间隔: 1
   是否验证: ✅ 是
   原因: 达到验证间隔 (0 == 0)
============================================================

🔍 开始验证...
验证进度: 500/686 损失=0.2969
验证进度: 686/686 损失=0.8223

📊 预测分布分析:
  - 预测的前5个类别: {np.int64(0): 282929, np.int64(1): 37131, np.int64(2): 14743, np.int64(3): 10810, np.int64(4): 8929}
  - 标签的前5个类别: {np.int64(0): 281232, np.int64(1): 36731, np.int64(2): 14789, np.int64(3): 10866, np.int64(4): 8585}
✅ 验证完成，耗时: 4.7秒 (0.1分钟)
训练损失: 0.0040
验证损失: 0.5691
验证准确率: 0.9665 (10596/10964) - 与Levenshtein高度相关
验证F1(加权): 0.9656 - 类别平衡更好
学习率: 0.000032
显存使用: 0.47GB (预留: 0.69GB)

生成的训练样本:
--------------------------------------------------------------------------------
输入:       RWP> DC<T> MC<KX> MT MDW >JD> GJR
目标:     0 0 0 4 0 0 1 0 2 9 0 8 8 8 8 8 8 12 8 8 12 8 8 8 12 8 8 8 8 12 0 0 0 0
预测:     0 0 0 4 0 0 1 0 2 9 0 8 8 8 8 8 8 12 8 8 12 8 8 8 12 8 8 8 8 12 0 0 0 0
准确率:    1.0000 (34/34)
----------------------------------------
输入:       MN >BWH XQL> W>TRKNT MN XMR> >MR
目标:     0 0 0 0 0 8 5 12 0 0 0 4 0 0 1 0 14 0 0 3 26 0 0 0 0 0 0 4 0 0 0 0 3
预测:     0 0 0 0 0 8 5 12 0 0 0 4 0 0 1 0 14 0 0 3 26 0 0 0 0 0 0 4 0 0 0 0 3
准确率:    1.0000 (33/33)
----------------------------------------
输入:       KJN> >LHJ> >LH> GJR DL> <BJD DNSB
目标:     0 0 0 4 0 0 0 0 0 4 0 0 0 0 4 0 0 0 0 0 0 1 0 0 0 0 8 0 40 0 1 0 0 7
预测:     0 0 0 4 0 0 0 0 0 4 0 0 0 0 4 0 0 0 0 0 0 1 0 0 0 0 8 0 40 0 1 0 0 7
准确率:    1.0000 (34/34)
----------------------------------------

生成的验证样本:
--------------------------------------------------------------------------------
输入:       YBJNH D>LH> LMSV> MN KL DBJC WKLJ
目标:     0 0 0 0 5 0 0 1 0 0 4 0 0 1 6 0 10 7 0 0 0 0 0 2 0 1 0 0 2 0 36 0 0 3
预测:     0 0 0 0 5 0 0 1 0 0 4 0 0 1 6 0 10 7 0 0 0 0 0 2 0 1 0 0 2 0 36 0 0 3
准确率:    1.0000 (34/34)
----------------------------------------
输入:       D>LH> LMSV> MN KL DBJC WKLJ XJLK
目标:     0 1 0 0 4 0 0 1 6 0 10 7 0 0 0 0 0 2 0 1 0 0 2 0 36 0 0 3 0 0 0 5 0
预测:     0 1 0 0 4 0 0 1 6 0 10 7 0 0 0 0 0 2 0 1 0 0 2 0 36 0 0 3 0 0 0 5 0
准确率:    1.0000 (33/33)
----------------------------------------
⏳ 验证无提升 (验证准确率: 0.9665 ≤ 0.9667)，patience: 1/50

======================================================================
🚀 Epoch 126/200
======================================================================
📚 开始训练阶段...
训练进度: 500/3164 损失=0.0096
训练进度: 1000/3164 损失=0.0001
训练进度: 1500/3164 损失=0.0215
训练进度: 2000/3164 损失=0.0033
训练进度: 2500/3164 损失=0.0252
训练进度: 3000/3164 损失=0.0020
训练进度: 3164/3164 损失=0.0033
✅ 训练完成，耗时: 57.5秒 (1.0分钟)

============================================================
📊 验证决策: Epoch 126/200
   验证间隔: 1
   是否验证: ✅ 是
   原因: 达到验证间隔 (0 == 0)
============================================================

🔍 开始验证...
验证进度: 500/686 损失=0.2482
验证进度: 686/686 损失=0.9309

📊 预测分布分析:
  - 预测的前5个类别: {np.int64(0): 282674, np.int64(1): 37049, np.int64(2): 14727, np.int64(3): 10763, np.int64(4): 8957}
  - 标签的前5个类别: {np.int64(0): 281232, np.int64(1): 36731, np.int64(2): 14789, np.int64(3): 10866, np.int64(4): 8585}
✅ 验证完成，耗时: 4.7秒 (0.1分钟)
训练损失: 0.0039
验证损失: 0.5641
验证准确率: 0.9663 (10594/10964) - 与Levenshtein高度相关
验证F1(加权): 0.9655 - 类别平衡更好
学习率: 0.000031
显存使用: 0.48GB (预留: 0.69GB)

生成的训练样本:
--------------------------------------------------------------------------------
输入:       W>MRT HKN> N<BDWN LJ >LH> WHKN> NWSPWN
目标:     0 1 0 0 3 26 0 0 0 0 0 0 6 0 0 3 0 0 0 1 0 0 0 0 11 0 0 1 0 0 0 0 0 63 0 0 3 0 0
预测:     0 1 0 0 3 26 0 0 0 0 0 0 6 0 0 3 0 0 0 1 0 0 0 0 11 0 0 1 0 0 0 0 0 63 0 0 3 0 0
准确率:    1.0000 (39/39)
----------------------------------------
输入:       BZQT W<BD DCPJR QDM MRJ> WHLK BKLH
目标:     0 0 0 0 2 0 1 0 0 3 0 1 0 0 0 2 0 0 0 2 0 0 0 0 2 0 1 0 0 16 0 1 0 5 12
预测:     0 0 0 0 2 0 1 0 0 3 0 1 0 0 0 2 0 0 0 2 0 0 0 0 2 0 1 0 0 16 0 1 0 5 12
准确率:    1.0000 (35/35)
----------------------------------------
输入:       >R< >N> D>CM< W>TVPJS MVL DHD> MLT>
目标:     8 0 0 207 0 0 0 0 0 1 6 0 0 3 0 1 21 76 17 0 0 3 0 0 0 0 0 1 0 0 0 0 0 13 9 0
预测:     8 0 0 207 0 0 0 0 0 1 6 0 0 3 0 1 21 76 17 0 0 3 0 0 0 0 0 1 0 0 0 0 0 13 9 0
准确率:    1.0000 (36/36)
----------------------------------------

生成的验证样本:
--------------------------------------------------------------------------------
输入:       YBJNH D>LH> LMSV> MN KL DBJC WKLJ
目标:     0 0 0 0 5 0 0 1 0 0 4 0 0 1 6 0 10 7 0 0 0 0 0 2 0 1 0 0 2 0 36 0 0 3
预测:     0 0 0 0 5 0 0 1 0 0 4 0 0 1 6 0 10 7 0 0 0 0 0 2 0 1 0 0 2 0 36 0 0 3
准确率:    1.0000 (34/34)
----------------------------------------
输入:       D>LH> LMSV> MN KL DBJC WKLJ XJLK
目标:     0 1 0 0 4 0 0 1 6 0 10 7 0 0 0 0 0 2 0 1 0 0 2 0 36 0 0 3 0 0 0 5 0
预测:     0 1 0 0 4 0 0 1 6 0 10 7 0 0 0 0 0 2 0 1 0 0 2 0 36 0 0 3 0 0 0 5 0
准确率:    1.0000 (33/33)
----------------------------------------
⏳ 验证无提升 (验证准确率: 0.9663 ≤ 0.9667)，patience: 2/50

======================================================================
🚀 Epoch 127/200
======================================================================
📚 开始训练阶段...
训练进度: 500/3164 损失=0.0004
训练进度: 1000/3164 损失=0.0148
训练进度: 1500/3164 损失=0.0046
训练进度: 2000/3164 损失=0.0003
训练进度: 2500/3164 损失=0.0039
训练进度: 3000/3164 损失=0.0013
训练进度: 3164/3164 损失=0.0000
✅ 训练完成，耗时: 57.5秒 (1.0分钟)

============================================================
📊 验证决策: Epoch 127/200
   验证间隔: 1
   是否验证: ✅ 是
   原因: 达到验证间隔 (0 == 0)
============================================================

🔍 开始验证...
验证进度: 500/686 损失=0.2136
验证进度: 686/686 损失=1.0479

📊 预测分布分析:
  - 预测的前5个类别: {np.int64(0): 282731, np.int64(1): 37075, np.int64(2): 14776, np.int64(3): 10793, np.int64(4): 8987}
  - 标签的前5个类别: {np.int64(0): 281232, np.int64(1): 36731, np.int64(2): 14789, np.int64(3): 10866, np.int64(4): 8585}
✅ 验证完成，耗时: 4.7秒 (0.1分钟)
训练损失: 0.0037
验证损失: 0.5670
验证准确率: 0.9670 (10601/10964) - 与Levenshtein高度相关
验证F1(加权): 0.9661 - 类别平衡更好
学习率: 0.000030
显存使用: 0.48GB (预留: 0.69GB)

生成的训练样本:
--------------------------------------------------------------------------------
输入:       WPRQ >NWN MN >JD> DB<LDBBJHWN KL JWMJ
目标:     0 1 0 0 3 0 0 0 0 0 0 0 0 8 0 0 4 0 0 1 0 0 0 0 0 2 1 0 0 0 0 0 2 0 0 0 2 0
预测:     0 1 0 0 3 0 0 0 0 0 0 0 0 8 0 0 4 0 0 1 0 0 0 0 0 2 1 0 0 0 0 0 2 0 0 0 2 0
准确率:    1.0000 (38/38)
----------------------------------------
输入:       >JZGD> LWT S>W MLK> DMYRJN WL> >SQ
目标:     0 0 0 0 0 11 0 0 0 0 0 0 0 0 2 0 0 0 4 0 0 1 0 0 0 0 2 0 1 0 0 0 17 64 3
预测:     0 0 0 0 0 11 0 0 0 0 0 0 0 0 2 0 0 0 4 0 0 1 0 0 0 0 2 0 1 0 0 0 17 64 3
准确率:    1.0000 (35/35)
----------------------------------------
输入:       VB> D>MR >NT <LWHJ L> H> MCTKX>
目标:     0 0 4 0 0 1 0 0 7 0 0 0 0 0 0 8 1 0 0 0 0 0 0 0 0 0 45 39 0 0 43 0
预测:     0 0 4 0 0 1 0 0 7 0 0 0 0 0 0 8 1 0 0 0 0 0 0 0 0 0 45 39 0 0 43 0
准确率:    1.0000 (32/32)
----------------------------------------

生成的验证样本:
--------------------------------------------------------------------------------
输入:       YBJNH D>LH> LMSV> MN KL DBJC WKLJ
目标:     0 0 0 0 5 0 0 1 0 0 4 0 0 1 6 0 10 7 0 0 0 0 0 2 0 1 0 0 2 0 36 0 0 3
预测:     0 0 0 0 5 0 0 1 0 0 4 0 0 1 6 0 10 7 0 0 0 0 0 2 0 1 0 0 2 0 36 0 0 3
准确率:    1.0000 (34/34)
----------------------------------------
输入:       D>LH> LMSV> MN KL DBJC WKLJ XJLK
目标:     0 1 0 0 4 0 0 1 6 0 10 7 0 0 0 0 0 2 0 1 0 0 2 0 36 0 0 3 0 0 0 5 0
预测:     0 1 0 0 4 0 0 1 6 0 10 7 0 0 0 0 0 2 0 1 0 0 2 0 36 0 0 3 0 0 0 5 0
准确率:    1.0000 (33/33)
----------------------------------------
💾 保存新的最佳模型！验证准确率: 0.9670 (F1: 0.9661) (Epoch 127)

======================================================================
🚀 Epoch 128/200
======================================================================
📚 开始训练阶段...
训练进度: 500/3164 损失=0.0135
训练进度: 1000/3164 损失=0.0039
训练进度: 1500/3164 损失=0.0263
训练进度: 2000/3164 损失=0.0004
训练进度: 2500/3164 损失=0.0042
训练进度: 3000/3164 损失=0.0001
训练进度: 3164/3164 损失=0.0021
✅ 训练完成，耗时: 57.7秒 (1.0分钟)

============================================================
📊 验证决策: Epoch 128/200
   验证间隔: 1
   是否验证: ✅ 是
   原因: 达到验证间隔 (0 == 0)
============================================================

🔍 开始验证...
验证进度: 500/686 损失=0.2031
验证进度: 686/686 损失=0.8465

📊 预测分布分析:
  - 预测的前5个类别: {np.int64(0): 283089, np.int64(1): 37125, np.int64(2): 14711, np.int64(3): 10749, np.int64(4): 8912}
  - 标签的前5个类别: {np.int64(0): 281232, np.int64(1): 36731, np.int64(2): 14789, np.int64(3): 10866, np.int64(4): 8585}
✅ 验证完成，耗时: 4.7秒 (0.1分钟)
训练损失: 0.0037
验证损失: 0.5699
验证准确率: 0.9669 (10600/10964) - 与Levenshtein高度相关
验证F1(加权): 0.9659 - 类别平衡更好
学习率: 0.000030
显存使用: 0.48GB (预留: 0.69GB)

生成的训练样本:
--------------------------------------------------------------------------------
输入:       WMN K>P> VBT> WXLJN MN DBC> WMN
目标:     0 1 0 0 0 0 0 11 0 0 0 2 23 0 0 1 0 0 7 27 0 0 0 0 0 0 4 0 0 1 0 0
预测:     0 1 0 0 0 0 0 11 0 0 0 2 23 0 0 1 0 0 7 27 0 0 0 0 0 0 4 0 0 1 0 0
准确率:    1.0000 (32/32)
----------------------------------------
输入:       W>N NCTKX GBR> MN BNJ >JSRJL DNGNWB
目标:     0 1 0 0 0 45 39 0 0 3 0 0 0 4 0 0 0 0 0 0 2 0 0 0 0 0 0 0 2 0 1 6 0 8 0 33
预测:     0 1 0 0 0 45 39 0 0 3 0 0 0 4 0 0 0 0 0 0 2 0 0 0 0 0 0 0 2 0 1 6 0 8 0 33
准确率:    1.0000 (36/36)
----------------------------------------
输入:       LMJK> W>CLMWHJ L>MWN CLJV> DQRJT> WLJW>C BR
目标:     0 1 0 0 0 2 0 36 17 0 0 3 1 0 0 0 1 0 0 0 2 0 0 0 0 4 0 0 1 0 0 22 9 0 0 1 1 0 0 0 2 0 0 2
预测:     0 1 0 0 0 2 0 36 17 0 0 3 1 0 0 0 1 0 0 0 2 0 0 0 0 4 0 0 1 0 0 22 9 0 0 1 1 0 0 0 2 0 0 2
准确率:    1.0000 (44/44)
----------------------------------------

生成的验证样本:
--------------------------------------------------------------------------------
输入:       YBJNH D>LH> LMSV> MN KL DBJC WKLJ
目标:     0 0 0 0 5 0 0 1 0 0 4 0 0 1 6 0 10 7 0 0 0 0 0 2 0 1 0 0 2 0 36 0 0 3
预测:     0 0 0 0 5 0 0 1 0 0 4 0 0 1 6 0 10 7 0 0 0 0 0 2 0 1 0 0 2 0 36 0 0 3
准确率:    1.0000 (34/34)
----------------------------------------
输入:       D>LH> LMSV> MN KL DBJC WKLJ XJLK
目标:     0 1 0 0 4 0 0 1 6 0 10 7 0 0 0 0 0 2 0 1 0 0 2 0 36 0 0 3 0 0 0 5 0
预测:     0 1 0 0 4 0 0 1 6 0 10 7 0 0 0 0 0 2 0 1 0 0 2 0 36 0 0 3 0 0 0 5 0
准确率:    1.0000 (33/33)
----------------------------------------
⏳ 验证无提升 (验证准确率: 0.9669 ≤ 0.9670)，patience: 1/50

======================================================================
🚀 Epoch 129/200
======================================================================
📚 开始训练阶段...
训练进度: 500/3164 损失=0.0009
训练进度: 1000/3164 损失=0.0118
训练进度: 1500/3164 损失=0.0005
训练进度: 2000/3164 损失=0.0311
训练进度: 2500/3164 损失=0.0005
训练进度: 3000/3164 损失=0.0009
训练进度: 3164/3164 损失=0.0002
✅ 训练完成，耗时: 57.7秒 (1.0分钟)

============================================================
📊 验证决策: Epoch 129/200
   验证间隔: 1
   是否验证: ✅ 是
   原因: 达到验证间隔 (0 == 0)
============================================================

🔍 开始验证...
验证进度: 500/686 损失=0.2382
验证进度: 686/686 损失=1.0103

📊 预测分布分析:
  - 预测的前5个类别: {np.int64(0): 282987, np.int64(1): 37116, np.int64(2): 14740, np.int64(3): 10626, np.int64(4): 8863}
  - 标签的前5个类别: {np.int64(0): 281232, np.int64(1): 36731, np.int64(2): 14789, np.int64(3): 10866, np.int64(4): 8585}
✅ 验证完成，耗时: 4.7秒 (0.1分钟)
训练损失: 0.0035
验证损失: 0.5790
验证准确率: 0.9668 (10599/10964) - 与Levenshtein高度相关
验证F1(加权): 0.9659 - 类别平衡更好
学习率: 0.000029
显存使用: 0.47GB (预留: 0.69GB)

生成的训练样本:
--------------------------------------------------------------------------------
输入:       >N B>JSRJL WHC> SB BWRKT> HD> MN
目标:     0 0 0 0 1 0 0 0 0 0 2 0 1 0 4 0 34 0 3 0 0 0 0 13 9 0 0 0 0 0 0 0 0
预测:     0 0 0 0 1 0 0 0 0 0 2 0 1 0 4 0 34 0 3 0 0 0 0 13 9 0 0 0 0 0 0 0 0
准确率:    1.0000 (33/33)
----------------------------------------
输入:       RKB> WNTKTC <MHWN BPQ<T> >L> N<CN MNHWN
目标:     0 0 0 30 0 0 1 91 14 0 0 16 0 0 1 0 0 0 0 1 0 0 13 9 0 0 0 0 0 0 44 0 0 3 0 0 1 0 0 0
预测:     0 0 0 30 0 0 1 91 14 0 0 16 0 0 1 0 0 0 0 1 0 0 13 9 0 0 0 0 0 0 44 0 0 3 0 0 1 0 0 0
准确率:    1.0000 (40/40)
----------------------------------------
输入:       LMDBR> DJHWD> DBTJMN> D<DR W>ZLW W>WTBW L<M>
目标:     0 1 0 0 0 4 0 0 1 0 0 0 0 2 0 1 1 0 0 0 4 0 0 1 0 0 62 0 1 0 0 3 0 0 1 50 0 0 3 0 0 1 0 15 0
预测:     0 1 0 0 0 4 0 0 1 0 0 0 0 2 0 1 1 0 0 0 4 0 0 1 0 0 62 0 1 0 0 3 0 0 1 50 0 0 3 0 0 1 0 15 0
准确率:    1.0000 (45/45)
----------------------------------------

生成的验证样本:
--------------------------------------------------------------------------------
输入:       YBJNH D>LH> LMSV> MN KL DBJC WKLJ
目标:     0 0 0 0 5 0 0 1 0 0 4 0 0 1 6 0 10 7 0 0 0 0 0 2 0 1 0 0 2 0 36 0 0 3
预测:     0 0 0 0 5 0 0 1 0 0 4 0 0 1 6 0 10 7 0 0 0 0 0 2 0 1 0 0 2 0 36 0 0 3
准确率:    1.0000 (34/34)
----------------------------------------
输入:       D>LH> LMSV> MN KL DBJC WKLJ XJLK
目标:     0 1 0 0 4 0 0 1 6 0 10 7 0 0 0 0 0 2 0 1 0 0 2 0 36 0 0 3 0 0 0 5 0
预测:     0 1 0 0 4 0 0 1 6 0 10 7 0 0 0 0 0 2 0 1 0 0 2 0 36 0 0 3 0 0 0 5 0
准确率:    1.0000 (33/33)
----------------------------------------
⏳ 验证无提升 (验证准确率: 0.9668 ≤ 0.9670)，patience: 2/50

======================================================================
🚀 Epoch 130/200
======================================================================
📚 开始训练阶段...
训练进度: 500/3164 损失=0.0001
训练进度: 1000/3164 损失=0.0009
训练进度: 1500/3164 损失=0.0001
训练进度: 2000/3164 损失=0.0004
训练进度: 2500/3164 损失=0.0139
训练进度: 3000/3164 损失=0.0014
训练进度: 3164/3164 损失=0.0093
✅ 训练完成，耗时: 57.7秒 (1.0分钟)

============================================================
📊 验证决策: Epoch 130/200
   验证间隔: 1
   是否验证: ✅ 是
   原因: 达到验证间隔 (0 == 0)
============================================================

🔍 开始验证...
验证进度: 500/686 损失=0.2586
验证进度: 686/686 损失=0.9372

📊 预测分布分析:
  - 预测的前5个类别: {np.int64(0): 283025, np.int64(1): 37160, np.int64(2): 14639, np.int64(3): 10797, np.int64(4): 8951}
  - 标签的前5个类别: {np.int64(0): 281232, np.int64(1): 36731, np.int64(2): 14789, np.int64(3): 10866, np.int64(4): 8585}
✅ 验证完成，耗时: 4.7秒 (0.1分钟)
训练损失: 0.0036
验证损失: 0.5832
验证准确率: 0.9668 (10599/10964) - 与Levenshtein高度相关
验证F1(加权): 0.9658 - 类别平衡更好
学习率: 0.000028
显存使用: 0.48GB (预留: 0.69GB)

生成的训练样本:
--------------------------------------------------------------------------------
输入:       D>TQVL >DWNJ> MVL DJW>B YL> HW> BTR
目标:     0 1 0 14 0 0 3 0 0 0 0 0 0 2 0 0 0 0 0 1 0 0 0 2 0 0 10 40 0 0 10 3 0 0 0 0
预测:     0 1 0 14 0 0 3 0 0 0 0 0 0 2 0 0 0 0 0 1 0 0 0 2 0 0 10 40 0 0 10 3 0 0 0 0
准确率:    1.0000 (36/36)
----------------------------------------
输入:       >R<> BNJ >NC> SRJQWT> MMLLJN GBR> <M
目标:     0 0 0 4 0 0 0 2 0 0 0 0 4 0 0 0 0 0 0 2 9 0 0 6 0 0 7 0 19 0 0 0 4 0 0 0 0
预测:     0 0 0 4 0 0 0 2 0 0 0 0 4 0 0 0 0 0 0 2 9 0 0 6 0 0 7 0 19 0 0 0 4 0 0 0 0
准确率:    1.0000 (37/37)
----------------------------------------
输入:       >N> D>HPWK <MK W>T> LBJTK WL> >KWL
目标:     0 0 0 0 0 1 6 0 8 0 3 0 0 1 0 0 1 21 10 3 0 1 0 0 5 0 0 1 0 0 0 21 8 0 3
预测:     0 0 0 0 0 1 6 0 8 0 3 0 0 1 0 0 1 21 10 3 0 1 0 0 5 0 0 1 0 0 0 21 8 0 3
准确率:    1.0000 (35/35)
----------------------------------------

生成的验证样本:
--------------------------------------------------------------------------------
输入:       YBJNH D>LH> LMSV> MN KL DBJC WKLJ
目标:     0 0 0 0 5 0 0 1 0 0 4 0 0 1 6 0 10 7 0 0 0 0 0 2 0 1 0 0 2 0 36 0 0 3
预测:     0 0 0 0 5 0 0 1 0 0 4 0 0 1 6 0 10 7 0 0 0 0 0 2 0 1 0 0 2 0 36 0 0 3
准确率:    1.0000 (34/34)
----------------------------------------
输入:       D>LH> LMSV> MN KL DBJC WKLJ XJLK
目标:     0 1 0 0 4 0 0 1 6 0 10 7 0 0 0 0 0 2 0 1 0 0 2 0 36 0 0 3 0 0 0 5 0
预测:     0 1 0 0 4 0 0 1 6 0 10 7 0 0 0 0 0 2 0 1 0 0 2 0 36 0 0 3 0 0 0 5 0
准确率:    1.0000 (33/33)
----------------------------------------
⏳ 验证无提升 (验证准确率: 0.9668 ≤ 0.9670)，patience: 3/50

======================================================================
🚀 Epoch 131/200
======================================================================
📚 开始训练阶段...
训练进度: 500/3164 损失=0.0001
训练进度: 1000/3164 损失=0.0002
训练进度: 1500/3164 损失=0.0001
训练进度: 2000/3164 损失=0.0035
训练进度: 2500/3164 损失=0.0096
训练进度: 3000/3164 损失=0.0020
训练进度: 3164/3164 损失=0.0032
✅ 训练完成，耗时: 57.4秒 (1.0分钟)

============================================================
📊 验证决策: Epoch 131/200
   验证间隔: 1
   是否验证: ✅ 是
   原因: 达到验证间隔 (0 == 0)
============================================================

🔍 开始验证...
验证进度: 500/686 损失=0.1908
验证进度: 686/686 损失=0.9028

📊 预测分布分析:
  - 预测的前5个类别: {np.int64(0): 282860, np.int64(1): 37127, np.int64(2): 14716, np.int64(3): 10737, np.int64(4): 8959}
  - 标签的前5个类别: {np.int64(0): 281232, np.int64(1): 36731, np.int64(2): 14789, np.int64(3): 10866, np.int64(4): 8585}
✅ 验证完成，耗时: 4.7秒 (0.1分钟)
训练损失: 0.0033
验证损失: 0.5780
验证准确率: 0.9666 (10597/10964) - 与Levenshtein高度相关
验证F1(加权): 0.9657 - 类别平衡更好
学习率: 0.000028
显存使用: 0.48GB (预留: 0.69GB)

生成的训练样本:
--------------------------------------------------------------------------------
输入:       W>XJ> L> MCKX HW> DNXZ> MDM MVL
目标:     0 1 0 0 0 2 0 0 0 8 0 0 0 7 0 0 10 3 0 1 6 0 10 3 0 0 0 2 0 0 0 0
预测:     0 1 0 0 0 2 0 0 0 8 0 0 0 7 0 0 10 3 0 1 6 0 10 3 0 0 0 2 0 0 0 0
准确率:    1.0000 (32/32)
----------------------------------------
输入:       TRMJNJ BV<JWTHWN <JN> RMT> L> TTL LJ
目标:     0 28 0 0 29 0 0 0 1 0 0 0 2 1 0 0 0 0 0 0 4 0 0 0 2 9 0 0 0 0 0 34 0 3 0 1 0
预测:     0 28 0 0 29 0 0 0 1 0 0 0 2 1 0 0 0 0 0 0 4 0 0 0 2 9 0 0 0 0 0 34 0 3 0 1 0
准确率:    1.0000 (37/37)
----------------------------------------
输入:       LHRK> WMN> <BD >NT HRK> >MR LHWN
目标:     0 1 0 0 0 0 0 1 0 0 0 0 0 0 7 0 0 0 0 0 0 0 0 0 0 0 0 7 0 1 0 0 0
预测:     0 1 0 0 0 0 0 1 0 0 0 0 0 0 7 0 0 0 0 0 0 0 0 0 0 0 0 7 0 1 0 0 0
准确率:    1.0000 (33/33)
----------------------------------------

生成的验证样本:
--------------------------------------------------------------------------------
输入:       YBJNH D>LH> LMSV> MN KL DBJC WKLJ
目标:     0 0 0 0 5 0 0 1 0 0 4 0 0 1 6 0 10 7 0 0 0 0 0 2 0 1 0 0 2 0 36 0 0 3
预测:     0 0 0 0 5 0 0 1 0 0 4 0 0 1 6 0 10 7 0 0 0 0 0 2 0 1 0 0 2 0 36 0 0 3
准确率:    1.0000 (34/34)
----------------------------------------
输入:       D>LH> LMSV> MN KL DBJC WKLJ XJLK
目标:     0 1 0 0 4 0 0 1 6 0 10 7 0 0 0 0 0 2 0 1 0 0 2 0 36 0 0 3 0 0 0 5 0
预测:     0 1 0 0 4 0 0 1 6 0 10 7 0 0 0 0 0 2 0 1 0 0 2 0 36 0 0 3 0 0 0 5 0
准确率:    1.0000 (33/33)
----------------------------------------
⏳ 验证无提升 (验证准确率: 0.9666 ≤ 0.9670)，patience: 4/50

======================================================================
🚀 Epoch 132/200
======================================================================
📚 开始训练阶段...
训练进度: 500/3164 损失=0.0015
训练进度: 1000/3164 损失=0.0001
训练进度: 1500/3164 损失=0.0065
训练进度: 2000/3164 损失=0.0199
训练进度: 2500/3164 损失=0.0422
训练进度: 3000/3164 损失=0.0050
训练进度: 3164/3164 损失=0.0006
✅ 训练完成，耗时: 57.4秒 (1.0分钟)

============================================================
📊 验证决策: Epoch 132/200
   验证间隔: 1
   是否验证: ✅ 是
   原因: 达到验证间隔 (0 == 0)
============================================================

🔍 开始验证...
验证进度: 500/686 损失=0.2449
验证进度: 686/686 损失=0.9366

📊 预测分布分析:
  - 预测的前5个类别: {np.int64(0): 282750, np.int64(1): 37144, np.int64(2): 14724, np.int64(3): 10658, np.int64(4): 8903}
  - 标签的前5个类别: {np.int64(0): 281232, np.int64(1): 36731, np.int64(2): 14789, np.int64(3): 10866, np.int64(4): 8585}
✅ 验证完成，耗时: 4.7秒 (0.1分钟)
训练损失: 0.0034
验证损失: 0.5808
验证准确率: 0.9667 (10599/10964) - 与Levenshtein高度相关
验证F1(加权): 0.9659 - 类别平衡更好
学习率: 0.000027
显存使用: 0.48GB (预留: 0.69GB)

生成的训练样本:
--------------------------------------------------------------------------------
输入:       BR M>> >N> W<SRJN CNJN JWMN> WL>
目标:     0 0 2 0 0 0 2 0 0 0 0 0 1 0 0 2 0 0 0 0 13 0 0 0 0 0 0 4 0 0 1 0 0
预测:     0 0 2 0 0 0 2 0 0 0 0 0 1 0 0 2 0 0 0 0 13 0 0 0 0 0 0 4 0 0 1 0 0
准确率:    1.0000 (33/33)
----------------------------------------
输入:       BKTB> HN> DNMWS> NJT> >NJN MRJ> <LJK
目标:     0 1 0 0 15 0 0 0 0 0 0 1 0 0 0 4 0 0 68 0 10 3 0 0 0 0 0 0 0 0 0 2 0 0 8 1 0
预测:     0 1 0 0 15 0 0 0 0 0 0 1 0 0 0 4 0 0 68 0 10 3 0 0 0 0 0 0 0 0 0 2 0 0 8 1 0
准确率:    1.0000 (37/37)
----------------------------------------
输入:       NCB> >NT MHLK >JK XJLK <NJ XBRK
目标:     0 0 0 30 0 0 0 0 0 0 6 0 0 41 0 0 0 0 0 0 0 5 0 6 0 0 3 0 0 0 5 0
预测:     0 0 0 30 0 0 0 0 0 0 6 0 0 41 0 0 0 0 0 0 0 5 0 6 0 0 3 0 0 0 5 0
准确率:    1.0000 (32/32)
----------------------------------------

生成的验证样本:
--------------------------------------------------------------------------------
输入:       YBJNH D>LH> LMSV> MN KL DBJC WKLJ
目标:     0 0 0 0 5 0 0 1 0 0 4 0 0 1 6 0 10 7 0 0 0 0 0 2 0 1 0 0 2 0 36 0 0 3
预测:     0 0 0 0 5 0 0 1 0 0 4 0 0 1 6 0 10 7 0 0 0 0 0 2 0 1 0 0 2 0 36 0 0 3
准确率:    1.0000 (34/34)
----------------------------------------
输入:       D>LH> LMSV> MN KL DBJC WKLJ XJLK
目标:     0 1 0 0 4 0 0 1 6 0 10 7 0 0 0 0 0 2 0 1 0 0 2 0 36 0 0 3 0 0 0 5 0
预测:     0 1 0 0 4 0 0 1 6 0 10 7 0 0 0 0 0 2 0 1 0 0 2 0 36 0 0 3 0 0 0 5 0
准确率:    1.0000 (33/33)
----------------------------------------
⏳ 验证无提升 (验证准确率: 0.9667 ≤ 0.9670)，patience: 5/50

======================================================================
🚀 Epoch 133/200
======================================================================
📚 开始训练阶段...
训练进度: 500/3164 损失=0.0007
训练进度: 1000/3164 损失=0.0013
训练进度: 1500/3164 损失=0.0044
训练进度: 2000/3164 损失=0.0002
训练进度: 2500/3164 损失=0.0121
训练进度: 3000/3164 损失=0.0032
训练进度: 3164/3164 损失=0.0002
✅ 训练完成，耗时: 57.4秒 (1.0分钟)

============================================================
📊 验证决策: Epoch 133/200
   验证间隔: 1
   是否验证: ✅ 是
   原因: 达到验证间隔 (0 == 0)
============================================================

🔍 开始验证...
验证进度: 500/686 损失=0.2663
验证进度: 686/686 损失=1.0279

📊 预测分布分析:
  - 预测的前5个类别: {np.int64(0): 282894, np.int64(1): 37121, np.int64(2): 14748, np.int64(3): 10830, np.int64(4): 9041}
  - 标签的前5个类别: {np.int64(0): 281232, np.int64(1): 36731, np.int64(2): 14789, np.int64(3): 10866, np.int64(4): 8585}
✅ 验证完成，耗时: 4.7秒 (0.1分钟)
训练损失: 0.0032
验证损失: 0.5834
验证准确率: 0.9666 (10598/10964) - 与Levenshtein高度相关
验证F1(加权): 0.9657 - 类别平衡更好
学习率: 0.000026
显存使用: 0.48GB (预留: 0.69GB)

生成的训练样本:
--------------------------------------------------------------------------------
输入:       TTJD< >NTT> DJN VBT> VWBWHJ LB<LH MNJN>
目标:     0 91 14 0 0 3 0 0 0 13 9 0 0 0 0 0 0 0 2 9 0 0 0 0 25 1 0 0 0 1 0 0 5 12 0 0 0 0 4 0
预测:     0 91 14 0 0 3 0 0 0 13 9 0 0 0 0 0 0 0 2 9 0 0 0 0 25 1 0 0 0 1 0 0 5 12 0 0 0 0 4 0
准确率:    1.0000 (40/40)
----------------------------------------
输入:       >JK TLTJN GBRJN MN >JSRJL W>MRW BNJ
目标:     0 0 0 0 0 0 0 2 0 0 0 0 0 2 0 0 0 0 0 0 0 0 0 0 0 2 0 1 0 0 3 0 0 0 2 0
预测:     0 0 0 0 0 0 0 2 0 0 0 0 0 2 0 0 0 0 0 0 0 0 0 0 0 2 0 1 0 0 3 0 0 0 2 0
准确率:    1.0000 (36/36)
----------------------------------------
输入:       LTXT WLJT TWB LBR MNH VRW NMWSWHJ
目标:     0 1 0 0 0 0 1 58 0 24 0 0 0 0 0 1 0 22 0 0 1 0 34 0 3 0 0 0 0 0 25 1 0 0
预测:     0 1 0 0 0 0 1 58 0 24 0 0 0 0 0 1 0 22 0 0 1 0 34 0 3 0 0 0 0 0 25 1 0 0
准确率:    1.0000 (34/34)
----------------------------------------

生成的验证样本:
--------------------------------------------------------------------------------
输入:       YBJNH D>LH> LMSV> MN KL DBJC WKLJ
目标:     0 0 0 0 5 0 0 1 0 0 4 0 0 1 6 0 10 7 0 0 0 0 0 2 0 1 0 0 2 0 36 0 0 3
预测:     0 0 0 0 5 0 0 1 0 0 4 0 0 1 6 0 10 7 0 0 0 0 0 2 0 1 0 0 2 0 36 0 0 3
准确率:    1.0000 (34/34)
----------------------------------------
输入:       D>LH> LMSV> MN KL DBJC WKLJ XJLK
目标:     0 1 0 0 4 0 0 1 6 0 10 7 0 0 0 0 0 2 0 1 0 0 2 0 36 0 0 3 0 0 0 5 0
预测:     0 1 0 0 4 0 0 1 6 0 10 7 0 0 0 0 0 2 0 1 0 0 2 0 36 0 0 3 0 0 0 5 0
准确率:    1.0000 (33/33)
----------------------------------------
⏳ 验证无提升 (验证准确率: 0.9666 ≤ 0.9670)，patience: 6/50

======================================================================
🚀 Epoch 134/200
======================================================================
📚 开始训练阶段...
训练进度: 500/3164 损失=0.0002
训练进度: 1000/3164 损失=0.0003
训练进度: 1500/3164 损失=0.0048
训练进度: 2000/3164 损失=0.0001
训练进度: 2500/3164 损失=0.0074
训练进度: 3000/3164 损失=0.0002
训练进度: 3164/3164 损失=0.0004
✅ 训练完成，耗时: 57.5秒 (1.0分钟)

============================================================
📊 验证决策: Epoch 134/200
   验证间隔: 1
   是否验证: ✅ 是
   原因: 达到验证间隔 (0 == 0)
============================================================

🔍 开始验证...
验证进度: 500/686 损失=0.2733
验证进度: 686/686 损失=1.0073

📊 预测分布分析:
  - 预测的前5个类别: {np.int64(0): 282724, np.int64(1): 37145, np.int64(2): 14691, np.int64(3): 10832, np.int64(4): 9069}
  - 标签的前5个类别: {np.int64(0): 281232, np.int64(1): 36731, np.int64(2): 14789, np.int64(3): 10866, np.int64(4): 8585}
✅ 验证完成，耗时: 4.7秒 (0.1分钟)
训练损失: 0.0030
验证损失: 0.5886
验证准确率: 0.9665 (10597/10964) - 与Levenshtein高度相关
验证F1(加权): 0.9656 - 类别平衡更好
学习率: 0.000026
显存使用: 0.48GB (预留: 0.69GB)

生成的训练样本:
--------------------------------------------------------------------------------
输入:       HWT YWRT> HD> MWT> DBNJ XCWK> WHW
目标:     0 0 18 26 0 0 0 13 9 0 0 0 0 0 0 0 0 15 0 0 1 0 2 0 0 0 0 0 4 0 0 1 0 0
预测:     0 0 18 26 0 0 0 13 9 0 0 0 0 0 0 0 0 15 0 0 1 0 2 0 0 0 0 0 4 0 0 1 0 0
准确率:    1.0000 (34/34)
----------------------------------------
输入:       >N> LMND <L >JLN> >MRJN >JLN> LGPT>
目标:     0 0 0 0 0 1 6 31 7 0 0 0 0 0 0 0 11 0 0 0 0 7 0 0 0 0 0 0 11 0 0 1 0 13 9 0
预测:     0 0 0 0 0 1 6 31 7 0 0 0 0 0 0 0 11 0 0 0 0 7 0 0 0 0 0 0 11 0 0 1 0 13 9 0
准确率:    1.0000 (36/36)
----------------------------------------
输入:       >WRX> DHLK DWJD >BWHJ WL> SV> LJMJN>
目标:     0 0 0 0 4 0 0 1 0 0 16 0 0 0 0 2 0 0 8 5 0 0 0 1 0 0 0 0 10 3 0 1 0 0 0 4 0
预测:     0 0 0 0 4 0 0 1 0 0 16 0 0 0 0 2 0 0 8 5 0 0 0 1 0 0 0 0 10 3 0 1 0 0 0 4 0
准确率:    1.0000 (37/37)
----------------------------------------

生成的验证样本:
--------------------------------------------------------------------------------
输入:       YBJNH D>LH> LMSV> MN KL DBJC WKLJ
目标:     0 0 0 0 5 0 0 1 0 0 4 0 0 1 6 0 10 7 0 0 0 0 0 2 0 1 0 0 2 0 36 0 0 3
预测:     0 0 0 0 5 0 0 1 0 0 4 0 0 1 6 0 10 7 0 0 0 0 0 2 0 1 0 0 2 0 36 0 0 3
准确率:    1.0000 (34/34)
----------------------------------------
输入:       D>LH> LMSV> MN KL DBJC WKLJ XJLK
目标:     0 1 0 0 4 0 0 1 6 0 10 7 0 0 0 0 0 2 0 1 0 0 2 0 36 0 0 3 0 0 0 5 0
预测:     0 1 0 0 4 0 0 1 6 0 10 7 0 0 0 0 0 2 0 1 0 0 2 0 36 0 0 3 0 0 0 5 0
准确率:    1.0000 (33/33)
----------------------------------------
⏳ 验证无提升 (验证准确率: 0.9665 ≤ 0.9670)，patience: 7/50

======================================================================
🚀 Epoch 135/200
======================================================================
📚 开始训练阶段...
训练进度: 500/3164 损失=0.0020
训练进度: 1000/3164 损失=0.0024
训练进度: 1500/3164 损失=0.0043
训练进度: 2000/3164 损失=0.0001
训练进度: 2500/3164 损失=0.0001
训练进度: 3000/3164 损失=0.0034
训练进度: 3164/3164 损失=0.0002
✅ 训练完成，耗时: 57.3秒 (1.0分钟)

============================================================
📊 验证决策: Epoch 135/200
   验证间隔: 1
   是否验证: ✅ 是
   原因: 达到验证间隔 (0 == 0)
============================================================

🔍 开始验证...
验证进度: 500/686 损失=0.1948
验证进度: 686/686 损失=0.8682

📊 预测分布分析:
  - 预测的前5个类别: {np.int64(0): 282748, np.int64(1): 37132, np.int64(2): 14716, np.int64(3): 10831, np.int64(4): 8783}
  - 标签的前5个类别: {np.int64(0): 281232, np.int64(1): 36731, np.int64(2): 14789, np.int64(3): 10866, np.int64(4): 8585}
✅ 验证完成，耗时: 4.7秒 (0.1分钟)
训练损失: 0.0030
验证损失: 0.5890
验证准确率: 0.9663 (10594/10964) - 与Levenshtein高度相关
验证F1(加权): 0.9654 - 类别平衡更好
学习率: 0.000025
显存使用: 0.48GB (预留: 0.69GB)

生成的训练样本:
--------------------------------------------------------------------------------
输入:       L>LH> D<MM> >L> LMRJ> >LHKWN DXLW WHW
目标:     0 1 0 0 11 0 0 1 0 8 30 0 0 0 0 0 0 1 0 0 0 2 0 0 0 5 0 0 0 6 0 0 3 0 0 1 0 0
预测:     0 1 0 0 11 0 0 1 0 8 30 0 0 0 0 0 0 1 0 0 0 2 0 0 0 5 0 0 0 6 0 0 3 0 0 1 0 0
准确率:    1.0000 (38/38)
----------------------------------------
输入:       W>TJN <DM> LRQM DGJ> W>MRT LKWN >TJTWN
目标:     0 1 0 0 3 0 0 0 0 0 0 0 1 0 0 2 0 1 0 0 2 0 1 0 0 3 0 0 1 0 0 0 0 0 0 3 0 0 0
预测:     0 1 0 0 3 0 0 0 0 0 0 0 1 0 0 2 0 1 0 0 2 0 1 0 0 3 0 0 1 0 0 0 0 0 0 3 0 0 0
准确率:    1.0000 (39/39)
----------------------------------------
输入:       L>NC> MJQR> DMDJNT> MN BTJHWN VRD WBT>
目标:     0 1 0 0 11 0 0 6 0 0 65 78 0 1 0 0 0 13 23 0 0 0 0 0 38 2 1 0 0 0 0 0 0 3 0 1 38 11 0
预测:     0 1 0 0 11 0 0 6 0 0 65 78 0 1 0 0 0 13 23 0 0 0 0 0 38 2 1 0 0 0 0 0 0 3 0 1 38 11 0
准确率:    1.0000 (39/39)
----------------------------------------

生成的验证样本:
--------------------------------------------------------------------------------
输入:       YBJNH D>LH> LMSV> MN KL DBJC WKLJ
目标:     0 0 0 0 5 0 0 1 0 0 4 0 0 1 6 0 10 7 0 0 0 0 0 2 0 1 0 0 2 0 36 0 0 3
预测:     0 0 0 0 5 0 0 1 0 0 4 0 0 1 6 0 10 7 0 0 0 0 0 2 0 1 0 0 2 0 36 0 0 3
准确率:    1.0000 (34/34)
----------------------------------------
输入:       D>LH> LMSV> MN KL DBJC WKLJ XJLK
目标:     0 1 0 0 4 0 0 1 6 0 10 7 0 0 0 0 0 2 0 1 0 0 2 0 36 0 0 3 0 0 0 5 0
预测:     0 1 0 0 4 0 0 1 6 0 10 7 0 0 0 0 0 2 0 1 0 0 2 0 36 0 0 3 0 0 0 5 0
准确率:    1.0000 (33/33)
----------------------------------------
⏳ 验证无提升 (验证准确率: 0.9663 ≤ 0.9670)，patience: 8/50

======================================================================
🚀 Epoch 136/200
======================================================================
📚 开始训练阶段...
训练进度: 500/3164 损失=0.0001
训练进度: 1000/3164 损失=0.0002
训练进度: 1500/3164 损失=0.0079
训练进度: 2000/3164 损失=0.0001
训练进度: 2500/3164 损失=0.0054
训练进度: 3000/3164 损失=0.0002
训练进度: 3164/3164 损失=0.0012
✅ 训练完成，耗时: 57.2秒 (1.0分钟)

============================================================
📊 验证决策: Epoch 136/200
   验证间隔: 1
   是否验证: ✅ 是
   原因: 达到验证间隔 (0 == 0)
============================================================

🔍 开始验证...
验证进度: 500/686 损失=0.2240
验证进度: 686/686 损失=0.7733

📊 预测分布分析:
  - 预测的前5个类别: {np.int64(0): 282939, np.int64(1): 37129, np.int64(2): 14709, np.int64(3): 10864, np.int64(4): 9032}
  - 标签的前5个类别: {np.int64(0): 281232, np.int64(1): 36731, np.int64(2): 14789, np.int64(3): 10866, np.int64(4): 8585}
✅ 验证完成，耗时: 4.7秒 (0.1分钟)
训练损失: 0.0030
验证损失: 0.5927
验证准确率: 0.9667 (10599/10964) - 与Levenshtein高度相关
验证F1(加权): 0.9657 - 类别平衡更好
学习率: 0.000024
显存使用: 0.48GB (预留: 0.69GB)

生成的训练样本:
--------------------------------------------------------------------------------
输入:       DSB> DMLKWHJ W>TMLK BVLJ> DRBW <MH DQJMJN
目标:     0 1 0 11 0 0 1 0 0 33 67 0 0 0 1 0 14 0 0 77 0 1 0 13 9 0 0 1 0 170 0 0 0 1 0 0 1 20 0 7 0 0
预测:     0 1 0 11 0 0 1 0 0 33 67 0 0 0 1 0 14 0 0 77 0 1 0 13 9 0 0 1 0 170 0 0 0 1 0 0 1 20 0 7 0 0
准确率:    1.0000 (42/42)
----------------------------------------
输入:       MVL DJWRTN> L<SW JHBT VWR> DS<JR <BWR>
目标:     0 0 0 0 0 1 0 0 0 0 4 0 0 1 0 0 2 0 0 0 3 0 0 0 0 4 0 0 1 0 0 0 2 0 0 0 0 4 0
预测:     0 0 0 0 0 1 0 0 0 0 4 0 0 1 0 0 2 0 0 0 3 0 0 0 0 4 0 0 1 0 0 0 2 0 0 0 0 4 0
准确率:    1.0000 (39/39)
----------------------------------------
输入:       WL>LH> D>DWM WL>LH> DYJDN WL>LH> DMW>B WL>LH>
目标:     0 1 1 0 0 11 0 0 1 0 0 0 2 0 1 1 0 0 11 0 0 1 0 0 0 2 0 1 1 0 0 11 0 0 1 0 0 0 2 0 1 1 0 0 11 0
预测:     0 1 1 0 0 11 0 0 1 0 0 0 2 0 1 1 0 0 11 0 0 1 0 0 0 2 0 1 1 0 0 11 0 0 1 0 0 0 2 0 1 1 0 0 11 0
准确率:    1.0000 (46/46)
----------------------------------------

生成的验证样本:
--------------------------------------------------------------------------------
输入:       YBJNH D>LH> LMSV> MN KL DBJC WKLJ
目标:     0 0 0 0 5 0 0 1 0 0 4 0 0 1 6 0 10 7 0 0 0 0 0 2 0 1 0 0 2 0 36 0 0 3
预测:     0 0 0 0 5 0 0 1 0 0 4 0 0 1 6 0 10 7 0 0 0 0 0 2 0 1 0 0 2 0 36 0 0 3
准确率:    1.0000 (34/34)
----------------------------------------
输入:       D>LH> LMSV> MN KL DBJC WKLJ XJLK
目标:     0 1 0 0 4 0 0 1 6 0 10 7 0 0 0 0 0 2 0 1 0 0 2 0 36 0 0 3 0 0 0 5 0
预测:     0 1 0 0 4 0 0 1 6 0 10 7 0 0 0 0 0 2 0 1 0 0 2 0 36 0 0 3 0 0 0 5 0
准确率:    1.0000 (33/33)
----------------------------------------
⏳ 验证无提升 (验证准确率: 0.9667 ≤ 0.9670)，patience: 9/50

======================================================================
🚀 Epoch 137/200
======================================================================
📚 开始训练阶段...
训练进度: 500/3164 损失=0.0153
训练进度: 1000/3164 损失=0.0006
训练进度: 1500/3164 损失=0.0002
训练进度: 2000/3164 损失=0.0015
训练进度: 2500/3164 损失=0.0001
训练进度: 3000/3164 损失=0.0005
训练进度: 3164/3164 损失=0.0010
✅ 训练完成，耗时: 57.5秒 (1.0分钟)

============================================================
📊 验证决策: Epoch 137/200
   验证间隔: 1
   是否验证: ✅ 是
   原因: 达到验证间隔 (0 == 0)
============================================================

🔍 开始验证...
验证进度: 500/686 损失=0.2393
验证进度: 686/686 损失=1.0750

📊 预测分布分析:
  - 预测的前5个类别: {np.int64(0): 282862, np.int64(1): 37162, np.int64(2): 14666, np.int64(3): 10884, np.int64(4): 9053}
  - 标签的前5个类别: {np.int64(0): 281232, np.int64(1): 36731, np.int64(2): 14789, np.int64(3): 10866, np.int64(4): 8585}
✅ 验证完成，耗时: 4.7秒 (0.1分钟)
训练损失: 0.0028
验证损失: 0.6012
验证准确率: 0.9664 (10595/10964) - 与Levenshtein高度相关
验证F1(加权): 0.9654 - 类别平衡更好
学习率: 0.000024
显存使用: 0.48GB (预留: 0.69GB)

生成的训练样本:
--------------------------------------------------------------------------------
输入:       MN QDM >JQR> >RX> GJR <RY <LJ
目标:     0 0 0 0 0 0 2 0 0 0 0 4 0 0 0 0 4 0 0 0 0 0 0 0 0 3 0 0 1 0
预测:     0 0 0 0 0 0 2 0 0 0 0 4 0 0 0 0 4 0 0 0 0 0 0 0 0 3 0 0 1 0
准确率:    1.0000 (30/30)
----------------------------------------
输入:       L> T<BD BH KL <BD >NT WBRK
目标:     0 0 0 0 6 0 0 3 0 1 12 0 0 2 0 0 0 62 0 0 0 0 0 1 0 5 0
预测:     0 0 0 0 6 0 0 3 0 1 12 0 0 2 0 0 0 62 0 0 0 0 0 1 0 5 0
准确率:    1.0000 (27/27)
----------------------------------------
输入:       LJ RXM <LJ WCM< YLWTJ BNJ >NC>
目标:     0 1 0 6 0 0 16 0 0 1 0 0 36 0 0 3 0 0 0 2 1 0 0 0 2 0 0 0 0 4 0
预测:     0 1 0 6 0 0 16 0 0 1 0 0 36 0 0 3 0 0 0 2 1 0 0 0 2 0 0 0 0 4 0
准确率:    1.0000 (31/31)
----------------------------------------

生成的验证样本:
--------------------------------------------------------------------------------
输入:       YBJNH D>LH> LMSV> MN KL DBJC WKLJ
目标:     0 0 0 0 5 0 0 1 0 0 4 0 0 1 6 0 10 7 0 0 0 0 0 2 0 1 0 0 2 0 36 0 0 3
预测:     0 0 0 0 5 0 0 1 0 0 4 0 0 1 6 0 10 7 0 0 0 0 0 2 0 1 0 0 2 0 36 0 0 3
准确率:    1.0000 (34/34)
----------------------------------------
输入:       D>LH> LMSV> MN KL DBJC WKLJ XJLK
目标:     0 1 0 0 4 0 0 1 6 0 10 7 0 0 0 0 0 2 0 1 0 0 2 0 36 0 0 3 0 0 0 5 0
预测:     0 1 0 0 4 0 0 1 6 0 10 7 0 0 0 0 0 2 0 1 0 0 2 0 36 0 0 3 0 0 0 5 0
准确率:    1.0000 (33/33)
----------------------------------------
⏳ 验证无提升 (验证准确率: 0.9664 ≤ 0.9670)，patience: 10/50

======================================================================
🚀 Epoch 138/200
======================================================================
📚 开始训练阶段...
训练进度: 500/3164 损失=0.0013
训练进度: 1000/3164 损失=0.0086
训练进度: 1500/3164 损失=0.0014
训练进度: 2000/3164 损失=0.0001
训练进度: 2500/3164 损失=0.0005
训练进度: 3000/3164 损失=0.0003
训练进度: 3164/3164 损失=0.0058
✅ 训练完成，耗时: 57.4秒 (1.0分钟)

============================================================
📊 验证决策: Epoch 138/200
   验证间隔: 1
   是否验证: ✅ 是
   原因: 达到验证间隔 (0 == 0)
============================================================

🔍 开始验证...
验证进度: 500/686 损失=0.1918
验证进度: 686/686 损失=1.1126

📊 预测分布分析:
  - 预测的前5个类别: {np.int64(0): 282925, np.int64(1): 37096, np.int64(2): 14745, np.int64(3): 10769, np.int64(4): 8922}
  - 标签的前5个类别: {np.int64(0): 281232, np.int64(1): 36731, np.int64(2): 14789, np.int64(3): 10866, np.int64(4): 8585}
✅ 验证完成，耗时: 4.7秒 (0.1分钟)
训练损失: 0.0028
验证损失: 0.6038
验证准确率: 0.9666 (10598/10964) - 与Levenshtein高度相关
验证F1(加权): 0.9657 - 类别平衡更好
学习率: 0.000023
显存使用: 0.48GB (预留: 0.69GB)

生成的训练样本:
--------------------------------------------------------------------------------
输入:       MRJ> L<GLWN MLK> DMW>B <L >JSRJL <L
目标:     0 0 0 0 2 0 1 0 0 0 0 2 0 0 0 4 0 0 1 0 0 0 2 0 0 0 0 0 0 0 0 0 2 0 0 0
预测:     0 0 0 0 2 0 1 0 0 0 0 2 0 0 0 4 0 0 1 0 0 0 2 0 0 0 0 0 0 0 0 0 2 0 0 0
准确率:    1.0000 (36/36)
----------------------------------------
输入:       <BDH DMRJ> C>LW BNJ >JSRJL BMRJ> W>MRJN
目标:     0 0 0 37 0 0 1 0 0 0 2 0 0 0 3 0 0 0 2 0 0 0 0 0 0 0 2 0 1 0 0 0 2 0 1 0 0 7 0 0
预测:     0 0 0 37 0 0 1 0 0 0 2 0 0 0 3 0 0 0 2 0 0 0 0 0 0 0 2 0 1 0 0 0 2 0 1 0 0 7 0 0
准确率:    1.0000 (40/40)
----------------------------------------
输入:       TW >STTRW BVLLJ W>L> TPWQ NWR> MN
目标:     21 18 0 0 47 79 0 0 3 19 0 1 0 0 5 0 0 1 88 0 0 0 119 8 0 3 0 0 0 4 0 0 0 0
预测:     21 18 0 0 47 79 0 0 3 19 0 1 0 0 5 0 0 1 88 0 0 0 119 8 0 3 0 0 0 4 0 0 0 0
准确率:    1.0000 (34/34)
----------------------------------------

生成的验证样本:
--------------------------------------------------------------------------------
输入:       YBJNH D>LH> LMSV> MN KL DBJC WKLJ
目标:     0 0 0 0 5 0 0 1 0 0 4 0 0 1 6 0 10 7 0 0 0 0 0 2 0 1 0 0 2 0 36 0 0 3
预测:     0 0 0 0 5 0 0 1 0 0 4 0 0 1 6 0 10 7 0 0 0 0 0 2 0 1 0 0 2 0 36 0 0 3
准确率:    1.0000 (34/34)
----------------------------------------
输入:       D>LH> LMSV> MN KL DBJC WKLJ XJLK
目标:     0 1 0 0 4 0 0 1 6 0 10 7 0 0 0 0 0 2 0 1 0 0 2 0 36 0 0 3 0 0 0 5 0
预测:     0 1 0 0 4 0 0 1 6 0 10 7 0 0 0 0 0 2 0 1 0 0 2 0 36 0 0 3 0 0 0 5 0
准确率:    1.0000 (33/33)
----------------------------------------
⏳ 验证无提升 (验证准确率: 0.9666 ≤ 0.9670)，patience: 11/50

======================================================================
🚀 Epoch 139/200
======================================================================
📚 开始训练阶段...
训练进度: 500/3164 损失=0.0030
训练进度: 1000/3164 损失=0.0000
训练进度: 1500/3164 损失=0.0005
训练进度: 2000/3164 损失=0.0001
训练进度: 2500/3164 损失=0.0019
训练进度: 3000/3164 损失=0.0033
训练进度: 3164/3164 损失=0.0036
✅ 训练完成，耗时: 57.5秒 (1.0分钟)

============================================================
📊 验证决策: Epoch 139/200
   验证间隔: 1
   是否验证: ✅ 是
   原因: 达到验证间隔 (0 == 0)
============================================================

🔍 开始验证...
验证进度: 500/686 损失=0.2211
验证进度: 686/686 损失=1.0835

📊 预测分布分析:
  - 预测的前5个类别: {np.int64(0): 282911, np.int64(1): 37136, np.int64(2): 14683, np.int64(3): 10865, np.int64(4): 9006}
  - 标签的前5个类别: {np.int64(0): 281232, np.int64(1): 36731, np.int64(2): 14789, np.int64(3): 10866, np.int64(4): 8585}
✅ 验证完成，耗时: 4.8秒 (0.1分钟)
训练损失: 0.0027
验证损失: 0.5994
验证准确率: 0.9664 (10595/10964) - 与Levenshtein高度相关
验证F1(加权): 0.9655 - 类别平衡更好
学习率: 0.000022
显存使用: 0.48GB (预留: 0.69GB)

生成的训练样本:
--------------------------------------------------------------------------------
输入:       DMRJ> <L KWLHWN <BDWHJ L> NWPWN QDJCWHJ
目标:     0 1 0 0 0 2 0 0 0 0 8 0 5 0 0 0 0 0 0 104 1 0 0 0 0 0 0 63 0 18 0 0 0 0 0 0 25 1 0 0
预测:     0 1 0 0 0 2 0 0 0 0 8 0 5 0 0 0 0 0 0 104 1 0 0 0 0 0 0 63 0 18 0 0 0 0 0 0 25 1 0 0
准确率:    1.0000 (40/40)
----------------------------------------
输入:       WXZ> WH> VLJ> MJT WRM> B<RSH W<L
目标:     0 1 0 10 3 0 1 0 0 0 0 57 4 0 0 20 0 3 0 1 0 10 40 0 1 0 0 5 0 0 1 0 53
预测:     0 1 0 10 3 0 1 0 0 0 0 57 4 0 0 20 0 3 0 1 0 10 40 0 1 0 0 5 0 0 1 0 53
准确率:    1.0000 (33/33)
----------------------------------------
输入:       JYRHWN WKL D<BDJN HRK> JWMN> <D L>
目标:     0 0 0 5 0 0 0 0 1 0 2 0 1 0 0 7 0 0 0 0 0 0 0 0 0 0 0 4 0 0 0 0 0 0 0
预测:     0 0 0 5 0 0 0 0 1 0 2 0 1 0 0 7 0 0 0 0 0 0 0 0 0 0 0 4 0 0 0 0 0 0 0
准确率:    1.0000 (35/35)
----------------------------------------

生成的验证样本:
--------------------------------------------------------------------------------
输入:       YBJNH D>LH> LMSV> MN KL DBJC WKLJ
目标:     0 0 0 0 5 0 0 1 0 0 4 0 0 1 6 0 10 7 0 0 0 0 0 2 0 1 0 0 2 0 36 0 0 3
预测:     0 0 0 0 5 0 0 1 0 0 4 0 0 1 6 0 10 7 0 0 0 0 0 2 0 1 0 0 2 0 36 0 0 3
准确率:    1.0000 (34/34)
----------------------------------------
输入:       D>LH> LMSV> MN KL DBJC WKLJ XJLK
目标:     0 1 0 0 4 0 0 1 6 0 10 7 0 0 0 0 0 2 0 1 0 0 2 0 36 0 0 3 0 0 0 5 0
预测:     0 1 0 0 4 0 0 1 6 0 10 7 0 0 0 0 0 2 0 1 0 0 2 0 36 0 0 3 0 0 0 5 0
准确率:    1.0000 (33/33)
----------------------------------------
⏳ 验证无提升 (验证准确率: 0.9664 ≤ 0.9670)，patience: 12/50

======================================================================
🚀 Epoch 140/200
======================================================================
📚 开始训练阶段...
训练进度: 500/3164 损失=0.0001
训练进度: 1000/3164 损失=0.0257
训练进度: 1500/3164 损失=0.0004
训练进度: 2000/3164 损失=0.0054
训练进度: 2500/3164 损失=0.0009
训练进度: 3000/3164 损失=0.0016
训练进度: 3164/3164 损失=0.0000
✅ 训练完成，耗时: 57.6秒 (1.0分钟)

============================================================
📊 验证决策: Epoch 140/200
   验证间隔: 1
   是否验证: ✅ 是
   原因: 达到验证间隔 (0 == 0)
============================================================

🔍 开始验证...
验证进度: 500/686 损失=0.2607
验证进度: 686/686 损失=1.0791

📊 预测分布分析:
  - 预测的前5个类别: {np.int64(0): 282793, np.int64(1): 37113, np.int64(2): 14753, np.int64(3): 10770, np.int64(4): 9015}
  - 标签的前5个类别: {np.int64(0): 281232, np.int64(1): 36731, np.int64(2): 14789, np.int64(3): 10866, np.int64(4): 8585}
✅ 验证完成，耗时: 4.8秒 (0.1分钟)
训练损失: 0.0025
验证损失: 0.6107
验证准确率: 0.9667 (10598/10964) - 与Levenshtein高度相关
验证F1(加权): 0.9658 - 类别平衡更好
学习率: 0.000022
显存使用: 0.48GB (预留: 0.69GB)

生成的训练样本:
--------------------------------------------------------------------------------
输入:       L> TBWT W><LH LBJTH W>RMJ LXMRH W>CJGW
目标:     0 0 0 0 6 0 0 3 0 1 17 0 143 0 0 1 0 0 5 0 0 1 17 0 0 3 0 1 0 0 5 0 0 1 17 20 0 3 0
预测:     0 0 0 0 6 0 0 3 0 1 17 0 143 0 0 1 0 0 5 0 0 1 17 0 0 3 0 1 0 0 5 0 0 1 17 20 0 3 0
准确率:    1.0000 (39/39)
----------------------------------------
输入:       GBR> PKN> WDNSB <L PWMH MSTN> DJN>
目标:     0 0 0 4 0 0 0 0 4 0 0 1 1 0 0 7 0 0 0 0 0 0 5 0 0 45 79 0 10 7 0 0 0 55 0
预测:     0 0 0 4 0 0 0 0 4 0 0 1 1 0 0 7 0 0 0 0 0 0 5 0 0 45 79 0 10 7 0 0 0 55 0
准确率:    1.0000 (35/35)
----------------------------------------
输入:       MN BJNTHWN WPLXW LMRJ> MVL D>TT<JQT NPCH
目标:     0 0 0 0 0 0 2 32 0 0 0 0 1 0 0 3 0 0 1 0 0 0 2 0 0 0 0 0 1 0 76 17 20 0 3 26 0 0 0 5 0
预测:     0 0 0 0 0 0 2 32 0 0 0 0 1 0 0 3 0 0 1 0 0 0 2 0 0 0 0 0 1 0 76 17 20 0 3 26 0 0 0 5 0
准确率:    1.0000 (41/41)
----------------------------------------

生成的验证样本:
--------------------------------------------------------------------------------
输入:       YBJNH D>LH> LMSV> MN KL DBJC WKLJ
目标:     0 0 0 0 5 0 0 1 0 0 4 0 0 1 6 0 10 7 0 0 0 0 0 2 0 1 0 0 2 0 36 0 0 3
预测:     0 0 0 0 5 0 0 1 0 0 4 0 0 1 6 0 10 7 0 0 0 0 0 2 0 1 0 0 2 0 36 0 0 3
准确率:    1.0000 (34/34)
----------------------------------------
输入:       D>LH> LMSV> MN KL DBJC WKLJ XJLK
目标:     0 1 0 0 4 0 0 1 6 0 10 7 0 0 0 0 0 2 0 1 0 0 2 0 36 0 0 3 0 0 0 5 0
预测:     0 1 0 0 4 0 0 1 6 0 10 7 0 0 0 0 0 2 0 1 0 0 2 0 36 0 0 3 0 0 0 5 0
准确率:    1.0000 (33/33)
----------------------------------------
⏳ 验证无提升 (验证准确率: 0.9667 ≤ 0.9670)，patience: 13/50

======================================================================
🚀 Epoch 141/200
======================================================================
📚 开始训练阶段...
训练进度: 500/3164 损失=0.0000
训练进度: 1000/3164 损失=0.0180
训练进度: 1500/3164 损失=0.0014
训练进度: 2000/3164 损失=0.0001
训练进度: 2500/3164 损失=0.0009
训练进度: 3000/3164 损失=0.0093
训练进度: 3164/3164 损失=0.0037
✅ 训练完成，耗时: 57.3秒 (1.0分钟)

============================================================
📊 验证决策: Epoch 141/200
   验证间隔: 1
   是否验证: ✅ 是
   原因: 达到验证间隔 (0 == 0)
============================================================

🔍 开始验证...
验证进度: 500/686 损失=0.2319
验证进度: 686/686 损失=1.0715

📊 预测分布分析:
  - 预测的前5个类别: {np.int64(0): 282933, np.int64(1): 37112, np.int64(2): 14703, np.int64(3): 10699, np.int64(4): 9064}
  - 标签的前5个类别: {np.int64(0): 281232, np.int64(1): 36731, np.int64(2): 14789, np.int64(3): 10866, np.int64(4): 8585}
✅ 验证完成，耗时: 4.7秒 (0.1分钟)
训练损失: 0.0024
验证损失: 0.6083
验证准确率: 0.9668 (10599/10964) - 与Levenshtein高度相关
验证F1(加权): 0.9659 - 类别平衡更好
学习率: 0.000021
显存使用: 0.48GB (预留: 0.69GB)

生成的训练样本:
--------------------------------------------------------------------------------
输入:       >JSRJL L> MYRJ> WMW>BJ> WBNJ <MWN WPLCTJ>
目标:     0 0 0 0 0 0 2 0 0 0 0 0 0 0 11 0 0 1 0 0 0 0 11 0 0 1 0 2 0 0 0 0 0 2 0 1 0 0 0 0 11 0
预测:     0 0 0 0 0 0 2 0 0 0 0 0 0 0 11 0 0 1 0 0 0 0 11 0 0 1 0 2 0 0 0 0 0 2 0 1 0 0 0 0 11 0
准确率:    1.0000 (42/42)
----------------------------------------
输入:       <JNWHJ BM>NJ KL <BDH WDR<WHJ MPQ<JN VJN>
目标:     0 0 0 25 1 0 0 0 1 0 0 2 0 0 0 2 0 0 0 98 0 0 1 0 0 25 1 0 0 0 6 0 0 7 0 19 0 0 0 4 0
预测:     0 0 0 25 1 0 0 0 1 0 0 2 0 0 0 2 0 0 0 98 0 0 1 0 0 25 1 0 0 0 6 0 0 7 0 19 0 0 0 4 0
准确率:    1.0000 (41/41)
----------------------------------------
输入:       XD> >STXPW WNPLW >N TCR> <LJ MCRJT>
目标:     0 0 2 0 0 47 79 0 0 3 19 0 1 0 0 3 0 0 0 0 0 44 0 10 3 0 0 1 0 0 0 0 0 2 9 0
预测:     0 0 2 0 0 47 79 0 0 3 19 0 1 0 0 3 0 0 0 0 0 44 0 10 3 0 0 1 0 0 0 0 0 2 9 0
准确率:    1.0000 (36/36)
----------------------------------------

生成的验证样本:
--------------------------------------------------------------------------------
输入:       YBJNH D>LH> LMSV> MN KL DBJC WKLJ
目标:     0 0 0 0 5 0 0 1 0 0 4 0 0 1 6 0 10 7 0 0 0 0 0 2 0 1 0 0 2 0 36 0 0 3
预测:     0 0 0 0 5 0 0 1 0 0 4 0 0 1 6 0 10 7 0 0 0 0 0 2 0 1 0 0 2 0 36 0 0 3
准确率:    1.0000 (34/34)
----------------------------------------
输入:       D>LH> LMSV> MN KL DBJC WKLJ XJLK
目标:     0 1 0 0 4 0 0 1 6 0 10 7 0 0 0 0 0 2 0 1 0 0 2 0 36 0 0 3 0 0 0 5 0
预测:     0 1 0 0 4 0 0 1 6 0 10 7 0 0 0 0 0 2 0 1 0 0 2 0 36 0 0 3 0 0 0 5 0
准确率:    1.0000 (33/33)
----------------------------------------
⏳ 验证无提升 (验证准确率: 0.9668 ≤ 0.9670)，patience: 14/50

======================================================================
🚀 Epoch 142/200
======================================================================
📚 开始训练阶段...
训练进度: 500/3164 损失=0.0003
训练进度: 1000/3164 损失=0.0012
训练进度: 1500/3164 损失=0.0001
训练进度: 2000/3164 损失=0.0005
训练进度: 2500/3164 损失=0.0020
训练进度: 3000/3164 损失=0.0227
训练进度: 3164/3164 损失=0.0001
✅ 训练完成，耗时: 57.6秒 (1.0分钟)

============================================================
📊 验证决策: Epoch 142/200
   验证间隔: 1
   是否验证: ✅ 是
   原因: 达到验证间隔 (0 == 0)
============================================================

🔍 开始验证...
验证进度: 500/686 损失=0.2923
验证进度: 686/686 损失=1.1077

📊 预测分布分析:
  - 预测的前5个类别: {np.int64(0): 282936, np.int64(1): 37142, np.int64(2): 14747, np.int64(3): 10768, np.int64(4): 9053}
  - 标签的前5个类别: {np.int64(0): 281232, np.int64(1): 36731, np.int64(2): 14789, np.int64(3): 10866, np.int64(4): 8585}
✅ 验证完成，耗时: 4.8秒 (0.1分钟)
训练损失: 0.0024
验证损失: 0.6113
验证准确率: 0.9666 (10597/10964) - 与Levenshtein高度相关
验证F1(加权): 0.9656 - 类别平衡更好
学习率: 0.000020
显存使用: 0.48GB (预留: 0.69GB)

生成的训练样本:
--------------------------------------------------------------------------------
输入:       KJ QR> MRJ> LTLT> MLKJN HLJN DNCLM
目标:     0 0 12 0 0 10 3 0 0 0 0 2 0 1 0 0 2 0 0 0 0 2 0 0 0 0 0 0 0 0 1 28 0 0 3
预测:     0 0 12 0 0 10 3 0 0 0 0 2 0 1 0 0 2 0 0 0 0 2 0 0 0 0 0 0 0 0 1 28 0 0 3
准确率:    1.0000 (35/35)
----------------------------------------
输入:       WMRJM> >JK RBWT> DXNNH WGL> LJ MLT>
目标:     0 1 6 20 0 43 78 0 0 0 0 0 0 0 2 9 0 0 1 0 0 37 0 0 1 0 10 3 0 1 0 0 0 13 9 0
预测:     0 1 6 20 0 43 78 0 0 0 0 0 0 0 2 9 0 0 1 0 0 37 0 0 1 0 10 3 0 1 0 0 0 13 9 0
准确率:    1.0000 (36/36)
----------------------------------------
输入:       >N <BDT MDM DKTJB BNMWS> >SGJT PWLXN>
目标:     0 0 0 0 0 0 3 12 0 0 0 2 0 1 0 8 0 40 0 1 0 0 0 4 0 0 17 0 0 3 12 0 0 0 0 0 4 0
预测:     0 0 0 0 0 0 3 12 0 0 0 2 0 1 0 8 0 40 0 1 0 0 0 4 0 0 17 0 0 3 12 0 0 0 0 0 4 0
准确率:    1.0000 (38/38)
----------------------------------------

生成的验证样本:
--------------------------------------------------------------------------------
输入:       YBJNH D>LH> LMSV> MN KL DBJC WKLJ
目标:     0 0 0 0 5 0 0 1 0 0 4 0 0 1 6 0 10 7 0 0 0 0 0 2 0 1 0 0 2 0 36 0 0 3
预测:     0 0 0 0 5 0 0 1 0 0 4 0 0 1 6 0 10 7 0 0 0 0 0 2 0 1 0 0 2 0 36 0 0 3
准确率:    1.0000 (34/34)
----------------------------------------
输入:       D>LH> LMSV> MN KL DBJC WKLJ XJLK
目标:     0 1 0 0 4 0 0 1 6 0 10 7 0 0 0 0 0 2 0 1 0 0 2 0 36 0 0 3 0 0 0 5 0
预测:     0 1 0 0 4 0 0 1 6 0 10 7 0 0 0 0 0 2 0 1 0 0 2 0 36 0 0 3 0 0 0 5 0
准确率:    1.0000 (33/33)
----------------------------------------
⏳ 验证无提升 (验证准确率: 0.9666 ≤ 0.9670)，patience: 15/50

======================================================================
🚀 Epoch 143/200
======================================================================
📚 开始训练阶段...
训练进度: 500/3164 损失=0.0001
训练进度: 1000/3164 损失=0.0002
训练进度: 1500/3164 损失=0.0037
训练进度: 2000/3164 损失=0.0007
训练进度: 2500/3164 损失=0.0002
训练进度: 3000/3164 损失=0.0008
训练进度: 3164/3164 损失=0.0001
✅ 训练完成，耗时: 57.7秒 (1.0分钟)

============================================================
📊 验证决策: Epoch 143/200
   验证间隔: 1
   是否验证: ✅ 是
   原因: 达到验证间隔 (0 == 0)
============================================================

🔍 开始验证...
验证进度: 500/686 损失=0.2801
验证进度: 686/686 损失=1.0302

📊 预测分布分析:
  - 预测的前5个类别: {np.int64(0): 282821, np.int64(1): 37098, np.int64(2): 14682, np.int64(3): 10827, np.int64(4): 9002}
  - 标签的前5个类别: {np.int64(0): 281232, np.int64(1): 36731, np.int64(2): 14789, np.int64(3): 10866, np.int64(4): 8585}
✅ 验证完成，耗时: 4.8秒 (0.1分钟)
训练损失: 0.0024
验证损失: 0.6139
验证准确率: 0.9665 (10596/10964) - 与Levenshtein高度相关
验证F1(加权): 0.9656 - 类别平衡更好
学习率: 0.000020
显存使用: 0.47GB (预留: 0.69GB)

生成的训练样本:
--------------------------------------------------------------------------------
输入:       DQJMN >L> JTJR>JT NSK> MVL D>T> HW
目标:     0 1 20 0 7 0 0 0 0 0 0 0 0 0 0 0 0 0 0 44 0 10 3 0 0 0 0 0 1 0 10 7 0 0 12
预测:     0 1 20 0 7 0 0 0 0 0 0 0 0 0 0 0 0 0 0 44 0 10 3 0 0 0 0 0 1 0 10 7 0 0 12
准确率:    1.0000 (35/35)
----------------------------------------
输入:       DBBJT >JL WDBDN W>MR MRJ> LJHW XLP
目标:     0 1 1 0 0 2 0 0 0 2 0 1 1 1 0 2 0 1 0 0 3 0 0 0 0 2 0 1 0 0 2 0 0 0 2
预测:     0 1 1 0 0 2 0 0 0 2 0 1 1 1 0 2 0 1 0 0 3 0 0 0 0 2 0 1 0 0 2 0 0 0 2
准确率:    1.0000 (35/35)
----------------------------------------
输入:       DPG< BTRJN GBRJN DZDJQJN WVBJN MNH WQVL
目标:     0 1 0 0 3 0 1 0 2 0 12 0 0 0 2 0 0 0 1 0 0 0 2 0 0 0 1 0 2 0 0 0 0 1 0 0 1 0 0 16
预测:     0 1 0 0 3 0 1 0 2 0 12 0 0 0 2 0 0 0 1 0 0 0 2 0 0 0 1 0 2 0 0 0 0 1 0 0 1 0 0 16
准确率:    1.0000 (40/40)
----------------------------------------

生成的验证样本:
--------------------------------------------------------------------------------
输入:       YBJNH D>LH> LMSV> MN KL DBJC WKLJ
目标:     0 0 0 0 5 0 0 1 0 0 4 0 0 1 6 0 10 7 0 0 0 0 0 2 0 1 0 0 2 0 36 0 0 3
预测:     0 0 0 0 5 0 0 1 0 0 4 0 0 1 6 0 10 7 0 0 0 0 0 2 0 1 0 0 2 0 36 0 0 3
准确率:    1.0000 (34/34)
----------------------------------------
输入:       D>LH> LMSV> MN KL DBJC WKLJ XJLK
目标:     0 1 0 0 4 0 0 1 6 0 10 7 0 0 0 0 0 2 0 1 0 0 2 0 36 0 0 3 0 0 0 5 0
预测:     0 1 0 0 4 0 0 1 6 0 10 7 0 0 0 0 0 2 0 1 0 0 2 0 36 0 0 3 0 0 0 5 0
准确率:    1.0000 (33/33)
----------------------------------------
⏳ 验证无提升 (验证准确率: 0.9665 ≤ 0.9670)，patience: 16/50

======================================================================
🚀 Epoch 144/200
======================================================================
📚 开始训练阶段...
训练进度: 500/3164 损失=0.0002
训练进度: 1000/3164 损失=0.0017
训练进度: 1500/3164 损失=0.0168
训练进度: 2000/3164 损失=0.0211
训练进度: 2500/3164 损失=0.0000
训练进度: 3000/3164 损失=0.0001
训练进度: 3164/3164 损失=0.0018
✅ 训练完成，耗时: 57.4秒 (1.0分钟)

============================================================
📊 验证决策: Epoch 144/200
   验证间隔: 1
   是否验证: ✅ 是
   原因: 达到验证间隔 (0 == 0)
============================================================

🔍 开始验证...
验证进度: 500/686 损失=0.2571
验证进度: 686/686 损失=1.0407

📊 预测分布分析:
  - 预测的前5个类别: {np.int64(0): 282996, np.int64(1): 37145, np.int64(2): 14683, np.int64(3): 10804, np.int64(4): 9006}
  - 标签的前5个类别: {np.int64(0): 281232, np.int64(1): 36731, np.int64(2): 14789, np.int64(3): 10866, np.int64(4): 8585}
✅ 验证完成，耗时: 4.8秒 (0.1分钟)
训练损失: 0.0024
验证损失: 0.6114
验证准确率: 0.9668 (10600/10964) - 与Levenshtein高度相关
验证F1(加权): 0.9659 - 类别平衡更好
学习率: 0.000019
显存使用: 0.47GB (预留: 0.69GB)

生成的训练样本:
--------------------------------------------------------------------------------
输入:       VB> L<LM> >N HW GJR D>KRZW HLJN
目标:     0 0 4 0 0 1 0 0 4 0 0 0 0 0 0 0 0 0 0 0 0 1 17 0 0 3 0 0 0 0 0 0
预测:     0 0 4 0 0 1 0 0 4 0 0 0 0 0 0 0 0 0 0 0 0 1 17 0 0 3 0 0 0 0 0 0
准确率:    1.0000 (32/32)
----------------------------------------
输入:       WNTQN LBWTN NSBJNN KLMDM D>WBDN XNN B<P>
目标:     0 1 112 0 0 3 0 0 8 2 32 0 0 0 0 7 87 0 0 0 0 5 0 0 2 0 1 59 0 0 3 0 0 0 0 0 0 75 0 11 0
预测:     0 1 112 0 0 3 0 0 8 2 32 0 0 0 0 7 87 0 0 0 0 5 0 0 2 0 1 59 0 0 3 0 0 0 0 0 0 75 0 11 0
准确率:    1.0000 (41/41)
----------------------------------------
输入:       >NWN LH >P HLJN H> MKRZJN YWLL>
目标:     0 0 0 0 0 0 1 0 0 0 0 0 0 0 0 0 0 0 0 0 28 0 0 7 0 0 0 0 0 0 4 0
预测:     0 0 0 0 0 0 1 0 0 0 0 0 0 0 0 0 0 0 0 0 28 0 0 7 0 0 0 0 0 0 4 0
准确率:    1.0000 (32/32)
----------------------------------------

生成的验证样本:
--------------------------------------------------------------------------------
输入:       YBJNH D>LH> LMSV> MN KL DBJC WKLJ
目标:     0 0 0 0 5 0 0 1 0 0 4 0 0 1 6 0 10 7 0 0 0 0 0 2 0 1 0 0 2 0 36 0 0 3
预测:     0 0 0 0 5 0 0 1 0 0 4 0 0 1 6 0 10 7 0 0 0 0 0 2 0 1 0 0 2 0 36 0 0 3
准确率:    1.0000 (34/34)
----------------------------------------
输入:       D>LH> LMSV> MN KL DBJC WKLJ XJLK
目标:     0 1 0 0 4 0 0 1 6 0 10 7 0 0 0 0 0 2 0 1 0 0 2 0 36 0 0 3 0 0 0 5 0
预测:     0 1 0 0 4 0 0 1 6 0 10 7 0 0 0 0 0 2 0 1 0 0 2 0 36 0 0 3 0 0 0 5 0
准确率:    1.0000 (33/33)
----------------------------------------
⏳ 验证无提升 (验证准确率: 0.9668 ≤ 0.9670)，patience: 17/50

======================================================================
🚀 Epoch 145/200
======================================================================
📚 开始训练阶段...
训练进度: 500/3164 损失=0.0003
训练进度: 1000/3164 损失=0.0001
训练进度: 1500/3164 损失=0.0020
训练进度: 2000/3164 损失=0.0016
训练进度: 2500/3164 损失=0.0000
训练进度: 3000/3164 损失=0.0005
训练进度: 3164/3164 损失=0.0005
✅ 训练完成，耗时: 57.4秒 (1.0分钟)

============================================================
📊 验证决策: Epoch 145/200
   验证间隔: 1
   是否验证: ✅ 是
   原因: 达到验证间隔 (0 == 0)
============================================================

🔍 开始验证...
验证进度: 500/686 损失=0.2728
验证进度: 686/686 损失=0.9736

📊 预测分布分析:
  - 预测的前5个类别: {np.int64(0): 282907, np.int64(1): 37116, np.int64(2): 14703, np.int64(3): 10933, np.int64(4): 9043}
  - 标签的前5个类别: {np.int64(0): 281232, np.int64(1): 36731, np.int64(2): 14789, np.int64(3): 10866, np.int64(4): 8585}
✅ 验证完成，耗时: 4.8秒 (0.1分钟)
训练损失: 0.0022
验证损失: 0.6205
验证准确率: 0.9666 (10597/10964) - 与Levenshtein高度相关
验证F1(加权): 0.9657 - 类别平衡更好
学习率: 0.000019
显存使用: 0.48GB (预留: 0.69GB)

生成的训练样本:
--------------------------------------------------------------------------------
输入:       BZBN> HW W>MRT BB<W MRJ> >LH> >NT
目标:     0 1 0 0 4 0 0 0 12 0 1 0 0 3 0 0 1 0 0 2 0 0 0 0 2 0 0 0 4 0 0 0 0 0
预测:     0 1 0 0 4 0 0 0 12 0 1 0 0 3 0 0 1 0 0 2 0 0 0 0 2 0 0 0 4 0 0 0 0 0
准确率:    1.0000 (34/34)
----------------------------------------
输入:       TCM< MN CMJ> WTCBWQ LXVH> D<BDJK WD<MK
目标:     0 6 0 0 3 0 0 0 0 0 24 9 0 0 1 6 0 8 0 3 0 1 0 0 11 0 0 1 0 0 22 1 0 0 1 1 0 37 0
预测:     0 6 0 0 3 0 0 0 0 0 24 9 0 0 1 6 0 8 0 3 0 1 0 0 11 0 0 1 0 0 22 1 0 0 1 1 0 37 0
准确率:    1.0000 (39/39)
----------------------------------------
输入:       VWHMHWN DBRKMN> WL> MN JWLPNHWN DNHWWN PLXJN
目标:     0 0 0 0 5 0 0 0 0 1 0 0 0 0 11 0 0 1 0 0 0 0 0 0 0 0 0 0 5 0 0 0 0 1 6 0 18 0 0 0 0 0 7 0 0
预测:     0 0 0 0 5 0 0 0 0 1 0 0 0 0 11 0 0 1 0 0 0 0 0 0 0 0 0 0 5 0 0 0 0 1 6 0 18 0 0 0 0 0 7 0 0
准确率:    1.0000 (45/45)
----------------------------------------

生成的验证样本:
--------------------------------------------------------------------------------
输入:       YBJNH D>LH> LMSV> MN KL DBJC WKLJ
目标:     0 0 0 0 5 0 0 1 0 0 4 0 0 1 6 0 10 7 0 0 0 0 0 2 0 1 0 0 2 0 36 0 0 3
预测:     0 0 0 0 5 0 0 1 0 0 4 0 0 1 6 0 10 7 0 0 0 0 0 2 0 1 0 0 2 0 36 0 0 3
准确率:    1.0000 (34/34)
----------------------------------------
输入:       D>LH> LMSV> MN KL DBJC WKLJ XJLK
目标:     0 1 0 0 4 0 0 1 6 0 10 7 0 0 0 0 0 2 0 1 0 0 2 0 36 0 0 3 0 0 0 5 0
预测:     0 1 0 0 4 0 0 1 6 0 10 7 0 0 0 0 0 2 0 1 0 0 2 0 36 0 0 3 0 0 0 5 0
准确率:    1.0000 (33/33)
----------------------------------------
⏳ 验证无提升 (验证准确率: 0.9666 ≤ 0.9670)，patience: 18/50

======================================================================
🚀 Epoch 146/200
======================================================================
📚 开始训练阶段...
训练进度: 500/3164 损失=0.0008
训练进度: 1000/3164 损失=0.0008
训练进度: 1500/3164 损失=0.0001
训练进度: 2000/3164 损失=0.0011
训练进度: 2500/3164 损失=0.0000
训练进度: 3000/3164 损失=0.0002
训练进度: 3164/3164 损失=0.0005
✅ 训练完成，耗时: 57.5秒 (1.0分钟)

============================================================
📊 验证决策: Epoch 146/200
   验证间隔: 1
   是否验证: ✅ 是
   原因: 达到验证间隔 (0 == 0)
============================================================

🔍 开始验证...
验证进度: 500/686 损失=0.2507
验证进度: 686/686 损失=1.2065

📊 预测分布分析:
  - 预测的前5个类别: {np.int64(0): 282832, np.int64(1): 37151, np.int64(2): 14741, np.int64(3): 10793, np.int64(4): 8973}
  - 标签的前5个类别: {np.int64(0): 281232, np.int64(1): 36731, np.int64(2): 14789, np.int64(3): 10866, np.int64(4): 8585}
✅ 验证完成，耗时: 4.7秒 (0.1分钟)
训练损失: 0.0020
验证损失: 0.6285
验证准确率: 0.9666 (10598/10964) - 与Levenshtein高度相关
验证F1(加权): 0.9657 - 类别平衡更好
学习率: 0.000018
显存使用: 0.48GB (预留: 0.69GB)

生成的训练样本:
--------------------------------------------------------------------------------
输入:       BCPR> LM>ZL LMCRJT> D>DWM WMVJW <DM> LSWP>
目标:     0 1 0 0 15 0 0 1 6 0 0 7 0 1 0 0 0 2 9 0 0 1 0 0 0 2 0 1 0 0 3 19 0 0 0 0 0 0 1 0 0 4 0
预测:     0 1 0 0 15 0 0 1 6 0 0 7 0 1 0 0 0 2 9 0 0 1 0 0 0 2 0 1 0 0 3 19 0 0 0 0 0 0 1 0 0 4 0
准确率:    1.0000 (43/43)
----------------------------------------
输入:       MVL DNCM<WN WN>LPWN WNDXLWN LMRJ> >LHHWN WNVRWN
目标:     0 0 0 0 0 1 6 0 0 3 0 0 0 1 73 0 0 3 0 0 0 1 6 0 0 3 0 0 0 1 0 0 0 2 0 0 0 5 0 0 0 0 1 34 0 3 0 0
预测:     0 0 0 0 0 1 6 0 0 3 0 0 0 1 73 0 0 3 0 0 0 1 6 0 0 3 0 0 0 1 0 0 0 2 0 0 0 5 0 0 0 0 1 34 0 3 0 0
准确率:    1.0000 (48/48)
----------------------------------------
输入:       DMRJ> WQM MLK> <L <MWD> W>QJM QJM>
目标:     0 1 0 0 0 2 0 1 31 3 0 0 0 4 0 0 0 0 0 0 0 0 4 0 0 1 17 20 0 3 0 0 0 4 0
预测:     0 1 0 0 0 2 0 1 31 3 0 0 0 4 0 0 0 0 0 0 0 0 4 0 0 1 17 20 0 3 0 0 0 4 0
准确率:    1.0000 (35/35)
----------------------------------------

生成的验证样本:
--------------------------------------------------------------------------------
输入:       YBJNH D>LH> LMSV> MN KL DBJC WKLJ
目标:     0 0 0 0 5 0 0 1 0 0 4 0 0 1 6 0 10 7 0 0 0 0 0 2 0 1 0 0 2 0 36 0 0 3
预测:     0 0 0 0 5 0 0 1 0 0 4 0 0 1 6 0 10 7 0 0 0 0 0 2 0 1 0 0 2 0 36 0 0 3
准确率:    1.0000 (34/34)
----------------------------------------
输入:       D>LH> LMSV> MN KL DBJC WKLJ XJLK
目标:     0 1 0 0 4 0 0 1 6 0 10 7 0 0 0 0 0 2 0 1 0 0 2 0 36 0 0 3 0 0 0 5 0
预测:     0 1 0 0 4 0 0 1 6 0 10 7 0 0 0 0 0 2 0 1 0 0 2 0 36 0 0 3 0 0 0 5 0
准确率:    1.0000 (33/33)
----------------------------------------
⏳ 验证无提升 (验证准确率: 0.9666 ≤ 0.9670)，patience: 19/50

======================================================================
🚀 Epoch 147/200
======================================================================
📚 开始训练阶段...
训练进度: 500/3164 损失=0.0031
训练进度: 1000/3164 损失=0.0017
训练进度: 1500/3164 损失=0.0011
训练进度: 2000/3164 损失=0.0001
训练进度: 2500/3164 损失=0.0007
训练进度: 3000/3164 损失=0.0004
训练进度: 3164/3164 损失=0.0001
✅ 训练完成，耗时: 57.4秒 (1.0分钟)

============================================================
📊 验证决策: Epoch 147/200
   验证间隔: 1
   是否验证: ✅ 是
   原因: 达到验证间隔 (0 == 0)
============================================================

🔍 开始验证...
验证进度: 500/686 损失=0.2995
验证进度: 686/686 损失=1.0493

📊 预测分布分析:
  - 预测的前5个类别: {np.int64(0): 282847, np.int64(1): 37099, np.int64(2): 14725, np.int64(3): 10845, np.int64(4): 8940}
  - 标签的前5个类别: {np.int64(0): 281232, np.int64(1): 36731, np.int64(2): 14789, np.int64(3): 10866, np.int64(4): 8585}
✅ 验证完成，耗时: 4.8秒 (0.1分钟)
训练损失: 0.0021
验证损失: 0.6275
验证准确率: 0.9667 (10598/10964) - 与Levenshtein高度相关
验证F1(加权): 0.9658 - 类别平衡更好
学习率: 0.000017
显存使用: 0.48GB (预留: 0.69GB)

生成的训练样本:
--------------------------------------------------------------------------------
输入:       >NT DJWMN> NSB MRJ> LMRK MN RJCK
目标:     0 0 0 0 0 1 0 0 0 4 0 0 0 0 7 0 0 0 0 2 0 1 0 56 0 0 0 0 0 0 0 5 0
预测:     0 0 0 0 0 1 0 0 0 4 0 0 0 0 7 0 0 0 0 2 0 1 0 56 0 0 0 0 0 0 0 5 0
准确率:    1.0000 (33/33)
----------------------------------------
输入:       WBLLJ> B>TR> D>MRT DNHW> CMJ TMN LMCM<
目标:     0 1 1 38 0 4 0 0 1 0 0 4 0 0 1 0 0 3 12 0 1 6 0 10 3 0 0 5 0 0 0 0 0 0 1 6 0 0 7
预测:     0 1 1 38 0 4 0 0 1 0 0 4 0 0 1 0 0 3 12 0 1 6 0 10 3 0 0 5 0 0 0 0 0 0 1 6 0 0 7
准确率:    1.0000 (39/39)
----------------------------------------
输入:       D>XVJ L>JSRJL WCRK> DPTGMWHJ DZMRJ WMRD> DMRD
目标:     0 1 17 0 0 3 0 1 0 0 0 0 0 2 0 1 0 0 4 0 0 1 0 0 0 25 1 0 0 0 1 0 0 0 2 0 1 0 0 15 0 0 1 0 0 3
预测:     0 1 17 0 0 3 0 1 0 0 0 0 0 2 0 1 0 0 4 0 0 1 0 0 0 25 1 0 0 0 1 0 0 0 2 0 1 0 0 15 0 0 1 0 0 3
准确率:    1.0000 (46/46)
----------------------------------------

生成的验证样本:
--------------------------------------------------------------------------------
输入:       YBJNH D>LH> LMSV> MN KL DBJC WKLJ
目标:     0 0 0 0 5 0 0 1 0 0 4 0 0 1 6 0 10 7 0 0 0 0 0 2 0 1 0 0 2 0 36 0 0 3
预测:     0 0 0 0 5 0 0 1 0 0 4 0 0 1 6 0 10 7 0 0 0 0 0 2 0 1 0 0 2 0 36 0 0 3
准确率:    1.0000 (34/34)
----------------------------------------
输入:       D>LH> LMSV> MN KL DBJC WKLJ XJLK
目标:     0 1 0 0 4 0 0 1 6 0 10 7 0 0 0 0 0 2 0 1 0 0 2 0 36 0 0 3 0 0 0 5 0
预测:     0 1 0 0 4 0 0 1 6 0 10 7 0 0 0 0 0 2 0 1 0 0 2 0 36 0 0 3 0 0 0 5 0
准确率:    1.0000 (33/33)
----------------------------------------
⏳ 验证无提升 (验证准确率: 0.9667 ≤ 0.9670)，patience: 20/50

======================================================================
🚀 Epoch 148/200
======================================================================
📚 开始训练阶段...
训练进度: 500/3164 损失=0.0001
训练进度: 1000/3164 损失=0.0077
训练进度: 1500/3164 损失=0.0062
训练进度: 2000/3164 损失=0.0002
训练进度: 2500/3164 损失=0.0001
训练进度: 3000/3164 损失=0.0020
训练进度: 3164/3164 损失=0.0001
✅ 训练完成，耗时: 57.5秒 (1.0分钟)

============================================================
📊 验证决策: Epoch 148/200
   验证间隔: 1
   是否验证: ✅ 是
   原因: 达到验证间隔 (0 == 0)
============================================================

🔍 开始验证...
验证进度: 500/686 损失=0.2411
验证进度: 686/686 损失=1.1605

📊 预测分布分析:
  - 预测的前5个类别: {np.int64(0): 282928, np.int64(1): 37102, np.int64(2): 14735, np.int64(3): 10807, np.int64(4): 8947}
  - 标签的前5个类别: {np.int64(0): 281232, np.int64(1): 36731, np.int64(2): 14789, np.int64(3): 10866, np.int64(4): 8585}
✅ 验证完成，耗时: 4.8秒 (0.1分钟)
训练损失: 0.0020
验证损失: 0.6318
验证准确率: 0.9668 (10599/10964) - 与Levenshtein高度相关
验证F1(加权): 0.9658 - 类别平衡更好
学习率: 0.000017
显存使用: 0.47GB (预留: 0.69GB)

生成的训练样本:
--------------------------------------------------------------------------------
输入:       KLHWN JWMJ XJWHJ WQMW KWLH <M> D>R<>
目标:     0 0 5 0 0 0 0 0 0 2 0 0 0 25 1 0 0 0 1 31 3 0 0 8 0 5 0 0 0 15 0 0 1 0 0 4 0
预测:     0 0 5 0 0 0 0 0 0 2 0 0 0 25 1 0 0 0 1 31 3 0 0 8 0 5 0 0 0 15 0 0 1 0 0 4 0
准确率:    1.0000 (37/37)
----------------------------------------
输入:       SGJ XZJT KD NSJT YBWT> SGJ>T> <LJ
目标:     0 0 0 13 0 0 0 3 0 0 0 0 0 0 0 3 0 0 0 0 2 23 0 0 0 0 0 2 23 0 0 0 1 0
预测:     0 0 0 13 0 0 0 3 0 0 0 0 0 0 0 3 0 0 0 0 2 23 0 0 0 0 0 2 23 0 0 0 1 0
准确率:    1.0000 (34/34)
----------------------------------------
输入:       XLPJKWN KL D<BD <MKWN BMYRJN L<NJKWN WBMDBR>
目标:     0 0 0 2 1 0 0 0 0 0 2 0 1 0 0 3 0 0 1 0 0 0 0 1 0 0 0 0 2 0 1 38 2 1 0 0 0 0 1 1 0 0 0 4 0
预测:     0 0 0 2 1 0 0 0 0 0 2 0 1 0 0 3 0 0 1 0 0 0 0 1 0 0 0 0 2 0 1 38 2 1 0 0 0 0 1 1 0 0 0 4 0
准确率:    1.0000 (45/45)
----------------------------------------

生成的验证样本:
--------------------------------------------------------------------------------
输入:       YBJNH D>LH> LMSV> MN KL DBJC WKLJ
目标:     0 0 0 0 5 0 0 1 0 0 4 0 0 1 6 0 10 7 0 0 0 0 0 2 0 1 0 0 2 0 36 0 0 3
预测:     0 0 0 0 5 0 0 1 0 0 4 0 0 1 6 0 10 7 0 0 0 0 0 2 0 1 0 0 2 0 36 0 0 3
准确率:    1.0000 (34/34)
----------------------------------------
输入:       D>LH> LMSV> MN KL DBJC WKLJ XJLK
目标:     0 1 0 0 4 0 0 1 6 0 10 7 0 0 0 0 0 2 0 1 0 0 2 0 36 0 0 3 0 0 0 5 0
预测:     0 1 0 0 4 0 0 1 6 0 10 7 0 0 0 0 0 2 0 1 0 0 2 0 36 0 0 3 0 0 0 5 0
准确率:    1.0000 (33/33)
----------------------------------------
⏳ 验证无提升 (验证准确率: 0.9668 ≤ 0.9670)，patience: 21/50

======================================================================
🚀 Epoch 149/200
======================================================================
📚 开始训练阶段...
训练进度: 500/3164 损失=0.0000
训练进度: 1000/3164 损失=0.0001
训练进度: 1500/3164 损失=0.0002
训练进度: 2000/3164 损失=0.0003
训练进度: 2500/3164 损失=0.0000
训练进度: 3000/3164 损失=0.0006
训练进度: 3164/3164 损失=0.0001
✅ 训练完成，耗时: 57.5秒 (1.0分钟)

============================================================
📊 验证决策: Epoch 149/200
   验证间隔: 1
   是否验证: ✅ 是
   原因: 达到验证间隔 (0 == 0)
============================================================

🔍 开始验证...
验证进度: 500/686 损失=0.2649
验证进度: 686/686 损失=1.1391

📊 预测分布分析:
  - 预测的前5个类别: {np.int64(0): 282911, np.int64(1): 37162, np.int64(2): 14745, np.int64(3): 10825, np.int64(4): 9009}
  - 标签的前5个类别: {np.int64(0): 281232, np.int64(1): 36731, np.int64(2): 14789, np.int64(3): 10866, np.int64(4): 8585}
✅ 验证完成，耗时: 4.8秒 (0.1分钟)
训练损失: 0.0020
验证损失: 0.6339
验证准确率: 0.9667 (10599/10964) - 与Levenshtein高度相关
验证F1(加权): 0.9658 - 类别平衡更好
学习率: 0.000016
显存使用: 0.48GB (预留: 0.69GB)

生成的训练样本:
--------------------------------------------------------------------------------
输入:       TNWR> LMDQW BH MVL HN> QNJTH QNJN>
目标:     0 0 0 0 4 0 0 1 28 31 7 0 0 1 0 0 0 0 0 0 0 0 0 0 0 0 3 1 0 0 0 0 0 4 0
预测:     0 0 0 0 4 0 0 1 28 31 7 0 0 1 0 0 0 0 0 0 0 0 0 0 0 0 3 1 0 0 0 0 0 4 0
准确率:    1.0000 (35/35)
----------------------------------------
输入:       KLH VNPWTHWN D<BDJN HWW L>LHJHWN WTXVWN QDM
目标:     0 0 5 12 0 0 0 0 2 1 0 0 0 0 1 0 0 7 0 0 0 0 18 0 0 1 0 0 2 1 0 0 0 0 1 6 0 18 0 0 0 0 0 2
预测:     0 0 5 12 0 0 0 0 2 1 0 0 0 0 1 0 0 7 0 0 0 0 18 0 0 1 0 0 2 1 0 0 0 0 1 6 0 18 0 0 0 0 0 2
准确率:    1.0000 (44/44)
----------------------------------------
输入:       <BDH WCHRH LMBN> >TWNH KLHWN HLJN MVL
目标:     0 0 0 98 0 0 1 0 0 5 0 0 1 6 0 10 7 0 0 0 0 5 0 0 0 5 0 0 0 0 0 0 0 0 0 0 0 0
预测:     0 0 0 98 0 0 1 0 0 5 0 0 1 6 0 10 7 0 0 0 0 5 0 0 0 5 0 0 0 0 0 0 0 0 0 0 0 0
准确率:    1.0000 (38/38)
----------------------------------------

生成的验证样本:
--------------------------------------------------------------------------------
输入:       YBJNH D>LH> LMSV> MN KL DBJC WKLJ
目标:     0 0 0 0 5 0 0 1 0 0 4 0 0 1 6 0 10 7 0 0 0 0 0 2 0 1 0 0 2 0 36 0 0 3
预测:     0 0 0 0 5 0 0 1 0 0 4 0 0 1 6 0 10 7 0 0 0 0 0 2 0 1 0 0 2 0 36 0 0 3
准确率:    1.0000 (34/34)
----------------------------------------
输入:       D>LH> LMSV> MN KL DBJC WKLJ XJLK
目标:     0 1 0 0 4 0 0 1 6 0 10 7 0 0 0 0 0 2 0 1 0 0 2 0 36 0 0 3 0 0 0 5 0
预测:     0 1 0 0 4 0 0 1 6 0 10 7 0 0 0 0 0 2 0 1 0 0 2 0 36 0 0 3 0 0 0 5 0
准确率:    1.0000 (33/33)
----------------------------------------
⏳ 验证无提升 (验证准确率: 0.9667 ≤ 0.9670)，patience: 22/50

======================================================================
🚀 Epoch 150/200
======================================================================
📚 开始训练阶段...
训练进度: 500/3164 损失=0.0007
训练进度: 1000/3164 损失=0.0015
训练进度: 1500/3164 损失=0.0004
训练进度: 2000/3164 损失=0.0000
训练进度: 2500/3164 损失=0.0007
训练进度: 3000/3164 损失=0.0001
训练进度: 3164/3164 损失=0.0009
✅ 训练完成，耗时: 57.4秒 (1.0分钟)

============================================================
📊 验证决策: Epoch 150/200
   验证间隔: 1
   是否验证: ✅ 是
   原因: 达到验证间隔 (0 == 0)
============================================================

🔍 开始验证...
验证进度: 500/686 损失=0.2047
验证进度: 686/686 损失=1.1751

📊 预测分布分析:
  - 预测的前5个类别: {np.int64(0): 282937, np.int64(1): 37141, np.int64(2): 14777, np.int64(3): 10685, np.int64(4): 9047}
  - 标签的前5个类别: {np.int64(0): 281232, np.int64(1): 36731, np.int64(2): 14789, np.int64(3): 10866, np.int64(4): 8585}
✅ 验证完成，耗时: 4.7秒 (0.1分钟)
训练损失: 0.0019
验证损失: 0.6349
验证准确率: 0.9666 (10598/10964) - 与Levenshtein高度相关
验证F1(加权): 0.9657 - 类别平衡更好
学习率: 0.000016
显存使用: 0.47GB (预留: 0.69GB)

生成的训练样本:
--------------------------------------------------------------------------------
输入:       DMN TCBJ LM>MR XZJT DBHT >XB MN
目标:     0 1 0 0 0 0 0 0 2 0 1 6 0 0 7 0 0 0 3 12 0 1 0 0 3 0 0 0 2 0 0 0
预测:     0 1 0 0 0 0 0 0 2 0 1 6 0 0 7 0 0 0 3 12 0 1 0 0 3 0 0 0 2 0 0 0
准确率:    1.0000 (32/32)
----------------------------------------
输入:       L>XJKWN WTWB DJN DTZDQWN DJNH DHW DGZR
目标:     0 1 0 2 1 0 0 0 0 1 0 0 0 0 0 0 0 0 1 6 0 0 3 0 19 0 0 0 37 0 0 1 0 12 0 1 0 0 3
预测:     0 1 0 2 1 0 0 0 0 1 0 0 0 0 0 0 0 0 1 6 0 0 3 0 19 0 0 0 37 0 0 1 0 12 0 1 0 0 3
准确率:    1.0000 (39/39)
----------------------------------------
输入:       >XB >MLK <L >JSRJL BCMRJN BCNT CB<SR>
目标:     0 0 0 2 0 17 0 0 33 0 0 0 0 0 0 0 0 0 2 0 1 0 0 0 0 2 0 1 0 13 0 0 0 0 0 0 2 0
预测:     0 0 0 2 0 17 0 0 33 0 0 0 0 0 0 0 0 0 2 0 1 0 0 0 0 2 0 1 0 13 0 0 0 0 0 0 2 0
准确率:    1.0000 (38/38)
----------------------------------------

生成的验证样本:
--------------------------------------------------------------------------------
输入:       YBJNH D>LH> LMSV> MN KL DBJC WKLJ
目标:     0 0 0 0 5 0 0 1 0 0 4 0 0 1 6 0 10 7 0 0 0 0 0 2 0 1 0 0 2 0 36 0 0 3
预测:     0 0 0 0 5 0 0 1 0 0 4 0 0 1 6 0 10 7 0 0 0 0 0 2 0 1 0 0 2 0 36 0 0 3
准确率:    1.0000 (34/34)
----------------------------------------
输入:       D>LH> LMSV> MN KL DBJC WKLJ XJLK
目标:     0 1 0 0 4 0 0 1 6 0 10 7 0 0 0 0 0 2 0 1 0 0 2 0 36 0 0 3 0 0 0 5 0
预测:     0 1 0 0 4 0 0 1 6 0 10 7 0 0 0 0 0 2 0 1 0 0 2 0 36 0 0 3 0 0 0 5 0
准确率:    1.0000 (33/33)
----------------------------------------
⏳ 验证无提升 (验证准确率: 0.9666 ≤ 0.9670)，patience: 23/50

======================================================================
🚀 Epoch 151/200
======================================================================
📚 开始训练阶段...
训练进度: 500/3164 损失=0.0002
训练进度: 1000/3164 损失=0.0008
训练进度: 1500/3164 损失=0.0002
训练进度: 2000/3164 损失=0.0004
训练进度: 2500/3164 损失=0.0001
训练进度: 3000/3164 损失=0.0009
训练进度: 3164/3164 损失=0.0004
✅ 训练完成，耗时: 57.5秒 (1.0分钟)

============================================================
📊 验证决策: Epoch 151/200
   验证间隔: 1
   是否验证: ✅ 是
   原因: 达到验证间隔 (0 == 0)
============================================================

🔍 开始验证...
验证进度: 500/686 损失=0.2279
验证进度: 686/686 损失=1.0809

📊 预测分布分析:
  - 预测的前5个类别: {np.int64(0): 282882, np.int64(1): 37134, np.int64(2): 14744, np.int64(3): 10735, np.int64(4): 8933}
  - 标签的前5个类别: {np.int64(0): 281232, np.int64(1): 36731, np.int64(2): 14789, np.int64(3): 10866, np.int64(4): 8585}
✅ 验证完成，耗时: 4.8秒 (0.1分钟)
训练损失: 0.0019
验证损失: 0.6404
验证准确率: 0.9667 (10598/10964) - 与Levenshtein高度相关
验证F1(加权): 0.9658 - 类别平衡更好
学习率: 0.000015
显存使用: 0.48GB (预留: 0.69GB)

生成的训练样本:
--------------------------------------------------------------------------------
输入:       TWSP LK TWB TLT QWRJ> <L HLJN
目标:     0 63 0 0 3 0 1 0 0 0 0 0 0 0 0 2 0 0 0 0 13 0 0 0 0 0 0 0 0 0
预测:     0 63 0 0 3 0 1 0 0 0 0 0 0 0 0 2 0 0 0 0 13 0 0 0 0 0 0 0 0 0
准确率:    1.0000 (30/30)
----------------------------------------
输入:       HW DXJB LK HW NPQJWHJ LK MCKN>
目标:     0 0 12 0 1 0 0 2 0 1 0 0 0 0 0 102 0 48 35 0 0 0 0 1 0 0 0 0 0 15 0
预测:     0 0 12 0 1 0 0 2 0 1 0 0 0 0 0 102 0 48 35 0 0 0 0 1 0 0 0 0 0 15 0
准确率:    1.0000 (31/31)
----------------------------------------
输入:       >W >JK GNB> >W >JK QVWL> L>
目标:     0 0 0 0 0 0 0 0 0 0 55 0 0 0 0 0 0 0 0 0 0 0 0 4 0 0 0 0
预测:     0 0 0 0 0 0 0 0 0 0 55 0 0 0 0 0 0 0 0 0 0 0 0 4 0 0 0 0
准确率:    1.0000 (28/28)
----------------------------------------

生成的验证样本:
--------------------------------------------------------------------------------
输入:       YBJNH D>LH> LMSV> MN KL DBJC WKLJ
目标:     0 0 0 0 5 0 0 1 0 0 4 0 0 1 6 0 10 7 0 0 0 0 0 2 0 1 0 0 2 0 36 0 0 3
预测:     0 0 0 0 5 0 0 1 0 0 4 0 0 1 6 0 10 7 0 0 0 0 0 2 0 1 0 0 2 0 36 0 0 3
准确率:    1.0000 (34/34)
----------------------------------------
输入:       D>LH> LMSV> MN KL DBJC WKLJ XJLK
目标:     0 1 0 0 4 0 0 1 6 0 10 7 0 0 0 0 0 2 0 1 0 0 2 0 36 0 0 3 0 0 0 5 0
预测:     0 1 0 0 4 0 0 1 6 0 10 7 0 0 0 0 0 2 0 1 0 0 2 0 36 0 0 3 0 0 0 5 0
准确率:    1.0000 (33/33)
----------------------------------------
⏳ 验证无提升 (验证准确率: 0.9667 ≤ 0.9670)，patience: 24/50

======================================================================
🚀 Epoch 152/200
======================================================================
📚 开始训练阶段...
训练进度: 500/3164 损失=0.0001
训练进度: 1000/3164 损失=0.0001
训练进度: 1500/3164 损失=0.0001
训练进度: 2000/3164 损失=0.0046
训练进度: 2500/3164 损失=0.0066
训练进度: 3000/3164 损失=0.0000
训练进度: 3164/3164 损失=0.0056
✅ 训练完成，耗时: 57.3秒 (1.0分钟)

============================================================
📊 验证决策: Epoch 152/200
   验证间隔: 1
   是否验证: ✅ 是
   原因: 达到验证间隔 (0 == 0)
============================================================

🔍 开始验证...
验证进度: 500/686 损失=0.2106
验证进度: 686/686 损失=1.0992

📊 预测分布分析:
  - 预测的前5个类别: {np.int64(0): 282974, np.int64(1): 37127, np.int64(2): 14696, np.int64(3): 10861, np.int64(4): 9004}
  - 标签的前5个类别: {np.int64(0): 281232, np.int64(1): 36731, np.int64(2): 14789, np.int64(3): 10866, np.int64(4): 8585}
✅ 验证完成，耗时: 4.7秒 (0.1分钟)
训练损失: 0.0018
验证损失: 0.6377
验证准确率: 0.9669 (10601/10964) - 与Levenshtein高度相关
验证F1(加权): 0.9660 - 类别平衡更好
学习率: 0.000015
显存使用: 0.48GB (预留: 0.69GB)

生成的训练样本:
--------------------------------------------------------------------------------
输入:       RXJQ CWLM> DDJNH H> GJR XZJNN HC>
目标:     0 0 8 0 40 0 0 0 0 4 0 0 1 0 0 37 0 0 0 0 0 0 0 0 0 0 42 87 0 0 0 0 4 0
预测:     0 0 8 0 40 0 0 0 0 4 0 0 1 0 0 37 0 0 0 0 0 0 0 0 0 0 42 87 0 0 0 0 4 0
准确率:    1.0000 (34/34)
----------------------------------------
输入:       MRJ> WXJ> HJ NPCK DL> >CBQK W>ZLW
目标:     0 0 0 0 2 0 1 0 22 0 0 0 12 0 0 0 5 0 0 1 0 0 0 6 0 0 29 0 0 1 0 0 3 0
预测:     0 0 0 0 2 0 1 0 22 0 0 0 12 0 0 0 5 0 0 1 0 0 0 6 0 0 29 0 0 1 0 0 3 0
准确率:    1.0000 (34/34)
----------------------------------------
输入:       LJWCJ> BRH BTRH WCRK> DPTGMWHJ D>MWN WKLMDM
目标:     0 1 0 0 0 0 2 0 0 5 0 0 0 0 1 0 0 1 0 0 4 0 0 1 0 0 0 25 1 0 0 0 1 0 0 0 2 0 1 0 5 0 0 2
预测:     0 1 0 0 0 0 2 0 0 5 0 0 0 0 1 0 0 1 0 0 4 0 0 1 0 0 0 25 1 0 0 0 1 0 0 0 2 0 1 0 5 0 0 2
准确率:    1.0000 (44/44)
----------------------------------------

生成的验证样本:
--------------------------------------------------------------------------------
输入:       YBJNH D>LH> LMSV> MN KL DBJC WKLJ
目标:     0 0 0 0 5 0 0 1 0 0 4 0 0 1 6 0 10 7 0 0 0 0 0 2 0 1 0 0 2 0 36 0 0 3
预测:     0 0 0 0 5 0 0 1 0 0 4 0 0 1 6 0 10 7 0 0 0 0 0 2 0 1 0 0 2 0 36 0 0 3
准确率:    1.0000 (34/34)
----------------------------------------
输入:       D>LH> LMSV> MN KL DBJC WKLJ XJLK
目标:     0 1 0 0 4 0 0 1 6 0 10 7 0 0 0 0 0 2 0 1 0 0 2 0 36 0 0 3 0 0 0 5 0
预测:     0 1 0 0 4 0 0 1 6 0 10 7 0 0 0 0 0 2 0 1 0 0 2 0 36 0 0 3 0 0 0 5 0
准确率:    1.0000 (33/33)
----------------------------------------
⏳ 验证无提升 (验证准确率: 0.9669 ≤ 0.9670)，patience: 25/50

======================================================================
🚀 Epoch 153/200
======================================================================
📚 开始训练阶段...
训练进度: 500/3164 损失=0.0000
训练进度: 1000/3164 损失=0.0053
训练进度: 1500/3164 损失=0.0002
训练进度: 2000/3164 损失=0.0004
训练进度: 2500/3164 损失=0.0000
训练进度: 3000/3164 损失=0.0001
训练进度: 3164/3164 损失=0.0006
✅ 训练完成，耗时: 57.3秒 (1.0分钟)

============================================================
📊 验证决策: Epoch 153/200
   验证间隔: 1
   是否验证: ✅ 是
   原因: 达到验证间隔 (0 == 0)
============================================================

🔍 开始验证...
验证进度: 500/686 损失=0.2276
验证进度: 686/686 损失=1.0169

📊 预测分布分析:
  - 预测的前5个类别: {np.int64(0): 283097, np.int64(1): 37129, np.int64(2): 14792, np.int64(3): 10733, np.int64(4): 8983}
  - 标签的前5个类别: {np.int64(0): 281232, np.int64(1): 36731, np.int64(2): 14789, np.int64(3): 10866, np.int64(4): 8585}
✅ 验证完成，耗时: 4.8秒 (0.1分钟)
训练损失: 0.0017
验证损失: 0.6409
验证准确率: 0.9670 (10601/10964) - 与Levenshtein高度相关
验证F1(加权): 0.9660 - 类别平衡更好
学习率: 0.000014
显存使用: 0.48GB (预留: 0.69GB)

生成的训练样本:
--------------------------------------------------------------------------------
输入:       >LH> DSPRWJM WHWW DXLJN LMRJ> W<BDW LHWN
目标:     0 0 0 11 0 0 1 0 0 0 0 0 2 0 1 0 18 0 0 0 0 7 0 0 0 1 0 0 0 2 0 1 0 0 3 0 0 1 0 0 0
预测:     0 0 0 11 0 0 1 0 0 0 0 0 2 0 1 0 18 0 0 0 0 7 0 0 0 1 0 0 0 2 0 1 0 0 3 0 0 1 0 0 0
准确率:    1.0000 (41/41)
----------------------------------------
输入:       WBXRTH BMJ> DMYWT> D>MR <L >BWHJ W<L
目标:     0 1 0 0 3 1 0 0 1 24 9 0 0 1 0 0 2 9 0 0 1 0 0 3 0 0 0 0 0 8 5 0 0 0 1 0 0
预测:     0 1 0 0 3 1 0 0 1 24 9 0 0 1 0 0 2 9 0 0 1 0 0 3 0 0 0 0 0 8 5 0 0 0 1 0 0
准确率:    1.0000 (37/37)
----------------------------------------
输入:       MLK> DBBL WBCNT> TCJ<JT> LMLKWTH B<SRT> BJRX>
目标:     0 0 0 4 0 0 1 0 0 2 0 1 1 0 13 9 0 0 0 0 0 0 2 9 0 0 1 0 0 0 2 1 0 0 1 0 0 2 9 0 0 1 0 0 4 0
预测:     0 0 0 4 0 0 1 0 0 2 0 1 1 0 13 9 0 0 0 0 0 0 2 9 0 0 1 0 0 0 2 1 0 0 1 0 0 2 9 0 0 1 0 0 4 0
准确率:    1.0000 (46/46)
----------------------------------------

生成的验证样本:
--------------------------------------------------------------------------------
输入:       YBJNH D>LH> LMSV> MN KL DBJC WKLJ
目标:     0 0 0 0 5 0 0 1 0 0 4 0 0 1 6 0 10 7 0 0 0 0 0 2 0 1 0 0 2 0 36 0 0 3
预测:     0 0 0 0 5 0 0 1 0 0 4 0 0 1 6 0 10 7 0 0 0 0 0 2 0 1 0 0 2 0 36 0 0 3
准确率:    1.0000 (34/34)
----------------------------------------
输入:       D>LH> LMSV> MN KL DBJC WKLJ XJLK
目标:     0 1 0 0 4 0 0 1 6 0 10 7 0 0 0 0 0 2 0 1 0 0 2 0 36 0 0 3 0 0 0 5 0
预测:     0 1 0 0 4 0 0 1 6 0 10 7 0 0 0 0 0 2 0 1 0 0 2 0 36 0 0 3 0 0 0 5 0
准确率:    1.0000 (33/33)
----------------------------------------
⏳ 验证无提升 (验证准确率: 0.9670 ≤ 0.9670)，patience: 26/50

======================================================================
🚀 Epoch 154/200
======================================================================
📚 开始训练阶段...
训练进度: 500/3164 损失=0.0000
训练进度: 1000/3164 损失=0.0000
训练进度: 1500/3164 损失=0.0003
训练进度: 2000/3164 损失=0.0033
训练进度: 2500/3164 损失=0.0025
训练进度: 3000/3164 损失=0.0007
训练进度: 3164/3164 损失=0.0077
✅ 训练完成，耗时: 57.4秒 (1.0分钟)

============================================================
📊 验证决策: Epoch 154/200
   验证间隔: 1
   是否验证: ✅ 是
   原因: 达到验证间隔 (0 == 0)
============================================================

🔍 开始验证...
验证进度: 500/686 损失=0.2290
验证进度: 686/686 损失=1.0218

📊 预测分布分析:
  - 预测的前5个类别: {np.int64(0): 282876, np.int64(1): 37071, np.int64(2): 14703, np.int64(3): 10779, np.int64(4): 9000}
  - 标签的前5个类别: {np.int64(0): 281232, np.int64(1): 36731, np.int64(2): 14789, np.int64(3): 10866, np.int64(4): 8585}
✅ 验证完成，耗时: 4.8秒 (0.1分钟)
训练损失: 0.0017
验证损失: 0.6403
验证准确率: 0.9669 (10601/10964) - 与Levenshtein高度相关
验证F1(加权): 0.9661 - 类别平衡更好
学习率: 0.000014
显存使用: 0.48GB (预留: 0.69GB)

生成的训练样本:
--------------------------------------------------------------------------------
输入:       LH >W DLM> DMK HW WNTT<JR WQRW
目标:     0 1 0 0 0 0 0 0 0 0 0 0 0 0 3 0 0 0 0 1 21 76 17 20 0 3 0 1 0 18 0
预测:     0 1 0 0 0 0 0 0 0 0 0 0 0 0 3 0 0 0 0 1 21 76 17 20 0 3 0 1 0 18 0
准确率:    1.0000 (31/31)
----------------------------------------
输入:       W>MR LH PN> LH KLMDM D>JT LH
目标:     0 1 0 0 3 0 1 0 6 0 10 3 0 1 12 0 0 5 0 0 2 0 1 0 0 24 0 1 12
预测:     0 1 0 0 3 0 1 0 6 0 10 3 0 1 12 0 0 5 0 0 2 0 1 0 0 24 0 1 12
准确率:    1.0000 (29/29)
----------------------------------------
输入:       LK WL> TQJM LK QJMT> MDM DSN>
目标:     0 1 0 0 1 0 0 0 28 20 0 3 0 1 0 0 0 0 13 9 0 0 0 0 2 0 1 0 10 7
预测:     0 1 0 0 1 0 0 0 28 20 0 3 0 1 0 0 0 0 13 9 0 0 0 0 2 0 1 0 10 7
准确率:    1.0000 (30/30)
----------------------------------------

生成的验证样本:
--------------------------------------------------------------------------------
输入:       YBJNH D>LH> LMSV> MN KL DBJC WKLJ
目标:     0 0 0 0 5 0 0 1 0 0 4 0 0 1 6 0 10 7 0 0 0 0 0 2 0 1 0 0 2 0 36 0 0 3
预测:     0 0 0 0 5 0 0 1 0 0 4 0 0 1 6 0 10 7 0 0 0 0 0 2 0 1 0 0 2 0 36 0 0 3
准确率:    1.0000 (34/34)
----------------------------------------
输入:       D>LH> LMSV> MN KL DBJC WKLJ XJLK
目标:     0 1 0 0 4 0 0 1 6 0 10 7 0 0 0 0 0 2 0 1 0 0 2 0 36 0 0 3 0 0 0 5 0
预测:     0 1 0 0 4 0 0 1 6 0 10 7 0 0 0 0 0 2 0 1 0 0 2 0 36 0 0 3 0 0 0 5 0
准确率:    1.0000 (33/33)
----------------------------------------
⏳ 验证无提升 (验证准确率: 0.9669 ≤ 0.9670)，patience: 27/50

======================================================================
🚀 Epoch 155/200
======================================================================
📚 开始训练阶段...
训练进度: 500/3164 损失=0.0003
训练进度: 1000/3164 损失=0.0013
训练进度: 1500/3164 损失=0.0009
训练进度: 2000/3164 损失=0.0004
训练进度: 2500/3164 损失=0.0001
训练进度: 3000/3164 损失=0.0001
训练进度: 3164/3164 损失=0.0096
✅ 训练完成，耗时: 57.2秒 (1.0分钟)

============================================================
📊 验证决策: Epoch 155/200
   验证间隔: 1
   是否验证: ✅ 是
   原因: 达到验证间隔 (0 == 0)
============================================================

🔍 开始验证...
验证进度: 500/686 损失=0.2085
验证进度: 686/686 损失=1.0022

📊 预测分布分析:
  - 预测的前5个类别: {np.int64(0): 282957, np.int64(1): 37133, np.int64(2): 14716, np.int64(3): 10808, np.int64(4): 8920}
  - 标签的前5个类别: {np.int64(0): 281232, np.int64(1): 36731, np.int64(2): 14789, np.int64(3): 10866, np.int64(4): 8585}
✅ 验证完成，耗时: 4.8秒 (0.1分钟)
训练损失: 0.0017
验证损失: 0.6512
验证准确率: 0.9671 (10603/10964) - 与Levenshtein高度相关
验证F1(加权): 0.9662 - 类别平衡更好
学习率: 0.000013
显存使用: 0.48GB (预留: 0.69GB)

生成的训练样本:
--------------------------------------------------------------------------------
输入:       BJNTKWN NBJ> >W XLM XLM> WNTL LK
目标:     0 0 0 2 32 0 0 0 0 0 0 4 0 0 0 0 0 0 0 7 0 0 0 30 0 0 1 0 0 3 0 1 0
预测:     0 0 0 2 32 0 0 0 0 0 0 4 0 0 0 0 0 0 0 7 0 0 0 30 0 0 1 0 0 3 0 1 0
准确率:    1.0000 (33/33)
----------------------------------------
输入:       DMV>B LJ MRJ> DHW> LJ LWJ> KWMR>
目标:     0 1 28 0 0 7 0 1 0 0 0 0 0 2 0 1 0 10 3 0 1 0 0 0 0 15 0 0 0 0 0 4 0
预测:     0 1 28 0 0 7 0 1 0 0 0 0 0 2 0 1 0 10 3 0 1 0 0 0 0 15 0 0 0 0 0 4 0
准确率:    1.0000 (33/33)
----------------------------------------
输入:       <L >GN> XD> HKN> L<SR >GNJN W<BD
目标:     0 0 0 0 0 0 4 0 0 0 2 0 0 0 0 0 0 0 1 0 0 2 0 0 0 2 0 0 0 1 0 0 3
预测:     0 0 0 0 0 0 4 0 0 0 2 0 0 0 0 0 0 0 1 0 0 2 0 0 0 2 0 0 0 1 0 0 3
准确率:    1.0000 (33/33)
----------------------------------------

生成的验证样本:
--------------------------------------------------------------------------------
输入:       YBJNH D>LH> LMSV> MN KL DBJC WKLJ
目标:     0 0 0 0 5 0 0 1 0 0 4 0 0 1 6 0 10 7 0 0 0 0 0 2 0 1 0 0 2 0 36 0 0 3
预测:     0 0 0 0 5 0 0 1 0 0 4 0 0 1 6 0 10 7 0 0 0 0 0 2 0 1 0 0 2 0 36 0 0 3
准确率:    1.0000 (34/34)
----------------------------------------
输入:       D>LH> LMSV> MN KL DBJC WKLJ XJLK
目标:     0 1 0 0 4 0 0 1 6 0 10 7 0 0 0 0 0 2 0 1 0 0 2 0 36 0 0 3 0 0 0 5 0
预测:     0 1 0 0 4 0 0 1 6 0 10 7 0 0 0 0 0 2 0 1 0 0 2 0 36 0 0 3 0 0 0 5 0
准确率:    1.0000 (33/33)
----------------------------------------
💾 保存新的最佳模型！验证准确率: 0.9671 (F1: 0.9662) (Epoch 155)

======================================================================
🚀 Epoch 156/200
======================================================================
📚 开始训练阶段...
训练进度: 500/3164 损失=0.0004
训练进度: 1000/3164 损失=0.0000
训练进度: 1500/3164 损失=0.0033
训练进度: 2000/3164 损失=0.0000
训练进度: 2500/3164 损失=0.0015
训练进度: 3000/3164 损失=0.0002
训练进度: 3164/3164 损失=0.0005
✅ 训练完成，耗时: 57.4秒 (1.0分钟)

============================================================
📊 验证决策: Epoch 156/200
   验证间隔: 1
   是否验证: ✅ 是
   原因: 达到验证间隔 (0 == 0)
============================================================

🔍 开始验证...
验证进度: 500/686 损失=0.2347
验证进度: 686/686 损失=1.1906

📊 预测分布分析:
  - 预测的前5个类别: {np.int64(0): 282822, np.int64(1): 37100, np.int64(2): 14685, np.int64(3): 10780, np.int64(4): 8934}
  - 标签的前5个类别: {np.int64(0): 281232, np.int64(1): 36731, np.int64(2): 14789, np.int64(3): 10866, np.int64(4): 8585}
✅ 验证完成，耗时: 4.8秒 (0.1分钟)
训练损失: 0.0016
验证损失: 0.6502
验证准确率: 0.9668 (10599/10964) - 与Levenshtein高度相关
验证F1(加权): 0.9659 - 类别平衡更好
学习率: 0.000013
显存使用: 0.48GB (预留: 0.69GB)

生成的训练样本:
--------------------------------------------------------------------------------
输入:       DL> LXRT> TTDJNWN WTCTNQWN HJDJN TQBLWN SBR>
目标:     0 1 0 0 0 1 0 13 9 0 0 21 14 20 0 3 0 0 0 1 45 39 0 0 3 0 19 0 0 0 0 0 0 0 6 0 0 3 0 19 0 0 0 15 0
预测:     0 1 0 0 0 1 0 13 9 0 0 21 14 20 0 3 0 0 0 1 45 39 0 0 3 0 19 0 0 0 0 0 0 0 6 0 0 3 0 19 0 0 0 15 0
准确率:    1.0000 (45/45)
----------------------------------------
输入:       TQBL JWLPN> BZBN> DMTB<> LMPNJW PTGM> L>
目标:     0 6 0 0 16 0 0 0 0 0 4 0 0 1 0 0 4 0 0 1 21 14 0 10 7 0 1 28 0 0 7 0 0 0 0 0 4 0 0 0 0
预测:     0 6 0 0 16 0 0 0 0 0 4 0 0 1 0 0 4 0 0 1 21 14 0 10 7 0 1 28 0 0 7 0 0 0 0 0 4 0 0 0 0
准确率:    1.0000 (41/41)
----------------------------------------
输入:       HKJL MHJMN >NT LHD> JLP BNSJN> >JK
目标:     0 0 0 0 0 0 6 0 0 0 41 0 0 0 0 0 1 0 0 0 6 0 0 3 0 1 0 0 0 4 0 0 0 0 0
预测:     0 0 0 0 0 0 6 0 0 0 41 0 0 0 0 0 1 0 0 0 6 0 0 3 0 1 0 0 0 4 0 0 0 0 0
准确率:    1.0000 (35/35)
----------------------------------------

生成的验证样本:
--------------------------------------------------------------------------------
输入:       YBJNH D>LH> LMSV> MN KL DBJC WKLJ
目标:     0 0 0 0 5 0 0 1 0 0 4 0 0 1 6 0 10 7 0 0 0 0 0 2 0 1 0 0 2 0 36 0 0 3
预测:     0 0 0 0 5 0 0 1 0 0 4 0 0 1 6 0 10 7 0 0 0 0 0 2 0 1 0 0 2 0 36 0 0 3
准确率:    1.0000 (34/34)
----------------------------------------
输入:       D>LH> LMSV> MN KL DBJC WKLJ XJLK
目标:     0 1 0 0 4 0 0 1 6 0 10 7 0 0 0 0 0 2 0 1 0 0 2 0 36 0 0 3 0 0 0 5 0
预测:     0 1 0 0 4 0 0 1 6 0 10 7 0 0 0 0 0 2 0 1 0 0 2 0 36 0 0 3 0 0 0 5 0
准确率:    1.0000 (33/33)
----------------------------------------
⏳ 验证无提升 (验证准确率: 0.9668 ≤ 0.9671)，patience: 1/50

======================================================================
🚀 Epoch 157/200
======================================================================
📚 开始训练阶段...
训练进度: 500/3164 损失=0.0000
训练进度: 1000/3164 损失=0.0014
训练进度: 1500/3164 损失=0.0003
训练进度: 2000/3164 损失=0.0034
训练进度: 2500/3164 损失=0.0001
训练进度: 3000/3164 损失=0.0001
训练进度: 3164/3164 损失=0.0007
✅ 训练完成，耗时: 57.3秒 (1.0分钟)

============================================================
📊 验证决策: Epoch 157/200
   验证间隔: 1
   是否验证: ✅ 是
   原因: 达到验证间隔 (0 == 0)
============================================================

🔍 开始验证...
验证进度: 500/686 损失=0.2250
验证进度: 686/686 损失=1.1365

📊 预测分布分析:
  - 预测的前5个类别: {np.int64(0): 282926, np.int64(1): 37139, np.int64(2): 14711, np.int64(3): 10783, np.int64(4): 9004}
  - 标签的前5个类别: {np.int64(0): 281232, np.int64(1): 36731, np.int64(2): 14789, np.int64(3): 10866, np.int64(4): 8585}
✅ 验证完成，耗时: 4.8秒 (0.1分钟)
训练损失: 0.0016
验证损失: 0.6520
验证准确率: 0.9669 (10601/10964) - 与Levenshtein高度相关
验证F1(加权): 0.9660 - 类别平衡更好
学习率: 0.000012
显存使用: 0.48GB (预留: 0.69GB)

生成的训练样本:
--------------------------------------------------------------------------------
输入:       DL> TTQL QDMJHWN WBJWLPNK TYV<R WT>MR D>LW
目标:     0 1 0 0 0 6 0 0 3 0 0 0 2 1 0 0 0 0 1 1 0 0 0 0 5 0 0 45 97 0 0 16 0 1 6 0 0 3 0 1 0 0 0
预测:     0 1 0 0 0 6 0 0 3 0 0 0 2 1 0 0 0 0 1 1 0 0 0 0 5 0 0 45 97 0 0 16 0 1 6 0 0 3 0 1 0 0 0
准确率:    1.0000 (43/43)
----------------------------------------
输入:       DTKJLJN HWW <LJHWN DTRB> DDBXJHWN >KLJN HWW
目标:     0 1 0 8 0 7 0 27 0 0 18 0 0 0 8 1 0 0 0 0 1 0 0 4 0 0 1 0 0 22 1 0 0 0 0 0 0 7 0 0 0 0 18 0
预测:     0 1 0 8 0 7 0 27 0 0 18 0 0 0 8 1 0 0 0 0 1 0 0 4 0 0 1 0 0 22 1 0 0 0 0 0 0 7 0 0 0 0 18 0
准确率:    1.0000 (44/44)
----------------------------------------
输入:       DHC> HPK LBHTT> DCTQ> WKL G>JWT> WXTJRWT>
目标:     0 1 0 4 0 0 0 0 7 0 1 0 0 13 9 0 0 1 0 0 15 0 0 1 0 2 0 0 0 0 2 9 0 0 1 0 0 0 0 2 9 0
预测:     0 1 0 4 0 0 0 0 7 0 1 0 0 13 9 0 0 1 0 0 15 0 0 1 0 2 0 0 0 0 2 9 0 0 1 0 0 0 0 2 9 0
准确率:    1.0000 (42/42)
----------------------------------------

生成的验证样本:
--------------------------------------------------------------------------------
输入:       YBJNH D>LH> LMSV> MN KL DBJC WKLJ
目标:     0 0 0 0 5 0 0 1 0 0 4 0 0 1 6 0 10 7 0 0 0 0 0 2 0 1 0 0 2 0 36 0 0 3
预测:     0 0 0 0 5 0 0 1 0 0 4 0 0 1 6 0 10 7 0 0 0 0 0 2 0 1 0 0 2 0 36 0 0 3
准确率:    1.0000 (34/34)
----------------------------------------
输入:       D>LH> LMSV> MN KL DBJC WKLJ XJLK
目标:     0 1 0 0 4 0 0 1 6 0 10 7 0 0 0 0 0 2 0 1 0 0 2 0 36 0 0 3 0 0 0 5 0
预测:     0 1 0 0 4 0 0 1 6 0 10 7 0 0 0 0 0 2 0 1 0 0 2 0 36 0 0 3 0 0 0 5 0
准确率:    1.0000 (33/33)
----------------------------------------
⏳ 验证无提升 (验证准确率: 0.9669 ≤ 0.9671)，patience: 2/50

======================================================================
🚀 Epoch 158/200
======================================================================
📚 开始训练阶段...
训练进度: 500/3164 损失=0.0004
训练进度: 1000/3164 损失=0.0000
训练进度: 1500/3164 损失=0.0000
训练进度: 2000/3164 损失=0.0001
训练进度: 2500/3164 损失=0.0053
训练进度: 3000/3164 损失=0.0002
训练进度: 3164/3164 损失=0.0000
✅ 训练完成，耗时: 57.3秒 (1.0分钟)

============================================================
📊 验证决策: Epoch 158/200
   验证间隔: 1
   是否验证: ✅ 是
   原因: 达到验证间隔 (0 == 0)
============================================================

🔍 开始验证...
验证进度: 500/686 损失=0.2003
验证进度: 686/686 损失=1.0720

📊 预测分布分析:
  - 预测的前5个类别: {np.int64(0): 282891, np.int64(1): 37098, np.int64(2): 14672, np.int64(3): 10818, np.int64(4): 8974}
  - 标签的前5个类别: {np.int64(0): 281232, np.int64(1): 36731, np.int64(2): 14789, np.int64(3): 10866, np.int64(4): 8585}
✅ 验证完成，耗时: 4.7秒 (0.1分钟)
训练损失: 0.0016
验证损失: 0.6531
验证准确率: 0.9670 (10602/10964) - 与Levenshtein高度相关
验证F1(加权): 0.9662 - 类别平衡更好
学习率: 0.000012
显存使用: 0.47GB (预留: 0.69GB)

生成的训练样本:
--------------------------------------------------------------------------------
输入:       WBJCT> XJ> WMWT> <TJR> WMSKN> QDM >LH>
目标:     0 1 0 0 2 9 0 0 0 11 0 0 1 0 0 15 0 0 0 8 0 43 27 0 1 0 0 0 4 0 0 0 0 2 0 0 0 4 0
预测:     0 1 0 0 2 9 0 0 0 11 0 0 1 0 0 15 0 0 0 8 0 43 27 0 1 0 0 0 4 0 0 0 0 2 0 0 0 4 0
准确率:    1.0000 (39/39)
----------------------------------------
输入:       LN TXWJT> D<LJHWN >L> MNHWN W<LJHWN NSB
目标:     0 1 0 0 0 0 0 2 9 0 0 1 0 8 1 0 0 0 0 0 0 0 0 0 1 0 0 0 0 1 0 8 1 0 0 0 0 119 0 3
预测:     0 1 0 0 0 0 0 2 9 0 0 1 0 8 1 0 0 0 0 0 0 0 0 0 1 0 0 0 0 1 0 8 1 0 0 0 0 119 0 3
准确率:    1.0000 (40/40)
----------------------------------------
输入:       D<MM> KLHWN MYLLJN >NWN WMDKJN NWHR> MN
目标:     0 1 0 8 30 0 0 0 5 0 0 0 0 28 0 0 7 0 0 0 0 0 0 0 0 1 6 0 42 0 0 0 0 0 0 4 0 0 0 0
预测:     0 1 0 8 30 0 0 0 5 0 0 0 0 28 0 0 7 0 0 0 0 0 0 0 0 1 6 0 42 0 0 0 0 0 0 4 0 0 0 0
准确率:    1.0000 (40/40)
----------------------------------------

生成的验证样本:
--------------------------------------------------------------------------------
输入:       YBJNH D>LH> LMSV> MN KL DBJC WKLJ
目标:     0 0 0 0 5 0 0 1 0 0 4 0 0 1 6 0 10 7 0 0 0 0 0 2 0 1 0 0 2 0 36 0 0 3
预测:     0 0 0 0 5 0 0 1 0 0 4 0 0 1 6 0 10 7 0 0 0 0 0 2 0 1 0 0 2 0 36 0 0 3
准确率:    1.0000 (34/34)
----------------------------------------
输入:       D>LH> LMSV> MN KL DBJC WKLJ XJLK
目标:     0 1 0 0 4 0 0 1 6 0 10 7 0 0 0 0 0 2 0 1 0 0 2 0 36 0 0 3 0 0 0 5 0
预测:     0 1 0 0 4 0 0 1 6 0 10 7 0 0 0 0 0 2 0 1 0 0 2 0 36 0 0 3 0 0 0 5 0
准确率:    1.0000 (33/33)
----------------------------------------
⏳ 验证无提升 (验证准确率: 0.9670 ≤ 0.9671)，patience: 3/50

======================================================================
🚀 Epoch 159/200
======================================================================
📚 开始训练阶段...
训练进度: 500/3164 损失=0.0005
训练进度: 1000/3164 损失=0.0046
训练进度: 1500/3164 损失=0.0005
训练进度: 2000/3164 损失=0.0000
训练进度: 2500/3164 损失=0.0196
训练进度: 3000/3164 损失=0.0001
训练进度: 3164/3164 损失=0.0003
✅ 训练完成，耗时: 57.4秒 (1.0分钟)

============================================================
📊 验证决策: Epoch 159/200
   验证间隔: 1
   是否验证: ✅ 是
   原因: 达到验证间隔 (0 == 0)
============================================================

🔍 开始验证...
验证进度: 500/686 损失=0.2407
验证进度: 686/686 损失=0.8702

📊 预测分布分析:
  - 预测的前5个类别: {np.int64(0): 282994, np.int64(1): 37135, np.int64(2): 14715, np.int64(3): 10753, np.int64(4): 8953}
  - 标签的前5个类别: {np.int64(0): 281232, np.int64(1): 36731, np.int64(2): 14789, np.int64(3): 10866, np.int64(4): 8585}
✅ 验证完成，耗时: 4.8秒 (0.1分钟)
训练损失: 0.0015
验证损失: 0.6596
验证准确率: 0.9668 (10599/10964) - 与Levenshtein高度相关
验证F1(加权): 0.9658 - 类别平衡更好
学习率: 0.000011
显存使用: 0.48GB (预留: 0.69GB)

生成的训练样本:
--------------------------------------------------------------------------------
输入:       LK LBR MN MCRJT> WPWQ TMN LMJ
目标:     0 1 0 0 1 0 22 0 0 0 0 0 0 0 2 9 0 0 233 8 0 3 0 0 0 0 0 1 24 0
预测:     0 1 0 0 1 0 22 0 0 0 0 0 0 0 2 9 0 0 233 8 0 3 0 0 0 0 0 1 24 0
准确率:    1.0000 (30/30)
----------------------------------------
输入:       DJLH HWT WLMZK> BH L> MCKX HW>
目标:     0 0 0 1 0 0 0 18 26 0 1 1 6 0 10 7 0 1 12 0 0 0 0 28 0 0 7 0 0 10 3
预测:     0 0 0 1 0 0 0 18 26 0 1 1 6 0 10 7 0 1 12 0 0 0 0 28 0 0 7 0 0 10 3
准确率:    1.0000 (31/31)
----------------------------------------
输入:       LH >MR LH MRJ> BMN> W>MR >N>
目标:     0 1 0 0 0 0 7 0 1 0 0 0 0 0 2 0 1 0 0 0 0 1 0 0 3 0 0 0 0
预测:     0 1 0 0 0 0 7 0 1 0 0 0 0 0 2 0 1 0 0 0 0 1 0 0 3 0 0 0 0
准确率:    1.0000 (29/29)
----------------------------------------

生成的验证样本:
--------------------------------------------------------------------------------
输入:       YBJNH D>LH> LMSV> MN KL DBJC WKLJ
目标:     0 0 0 0 5 0 0 1 0 0 4 0 0 1 6 0 10 7 0 0 0 0 0 2 0 1 0 0 2 0 36 0 0 3
预测:     0 0 0 0 5 0 0 1 0 0 4 0 0 1 6 0 10 7 0 0 0 0 0 2 0 1 0 0 2 0 36 0 0 3
准确率:    1.0000 (34/34)
----------------------------------------
输入:       D>LH> LMSV> MN KL DBJC WKLJ XJLK
目标:     0 1 0 0 4 0 0 1 6 0 10 7 0 0 0 0 0 2 0 1 0 0 2 0 36 0 0 3 0 0 0 5 0
预测:     0 1 0 0 4 0 0 1 6 0 10 7 0 0 0 0 0 2 0 1 0 0 2 0 36 0 0 3 0 0 0 5 0
准确率:    1.0000 (33/33)
----------------------------------------
⏳ 验证无提升 (验证准确率: 0.9668 ≤ 0.9671)，patience: 4/50

======================================================================
🚀 Epoch 160/200
======================================================================
📚 开始训练阶段...
训练进度: 500/3164 损失=0.0050
训练进度: 1000/3164 损失=0.0065
训练进度: 1500/3164 损失=0.0001
训练进度: 2000/3164 损失=0.0031
训练进度: 2500/3164 损失=0.0003
训练进度: 3000/3164 损失=0.0000
训练进度: 3164/3164 损失=0.0002
✅ 训练完成，耗时: 57.6秒 (1.0分钟)

============================================================
📊 验证决策: Epoch 160/200
   验证间隔: 1
   是否验证: ✅ 是
   原因: 达到验证间隔 (0 == 0)
============================================================

🔍 开始验证...
验证进度: 500/686 损失=0.2401
验证进度: 686/686 损失=0.9071

📊 预测分布分析:
  - 预测的前5个类别: {np.int64(0): 283075, np.int64(1): 37136, np.int64(2): 14718, np.int64(3): 10763, np.int64(4): 9031}
  - 标签的前5个类别: {np.int64(0): 281232, np.int64(1): 36731, np.int64(2): 14789, np.int64(3): 10866, np.int64(4): 8585}
✅ 验证完成，耗时: 4.8秒 (0.1分钟)
训练损失: 0.0015
验证损失: 0.6593
验证准确率: 0.9669 (10600/10964) - 与Levenshtein高度相关
验证F1(加权): 0.9659 - 类别平衡更好
学习率: 0.000011
显存使用: 0.48GB (预留: 0.69GB)

生成的训练样本:
--------------------------------------------------------------------------------
输入:       MN NTB <L KWRSJH DMRJ MLK> MN
目标:     0 0 12 0 52 0 3 0 0 0 0 0 0 0 0 5 0 0 1 0 56 0 0 0 0 4 0 0 0 0
预测:     0 0 12 0 52 0 3 0 0 0 0 0 0 0 0 5 0 0 1 0 56 0 0 0 0 4 0 0 0 0
准确率:    1.0000 (30/30)
----------------------------------------
输入:       <WCN> DXJJ MN MN HW Z>< >N>
目标:     0 0 0 0 4 0 0 1 0 2 46 0 0 0 0 0 12 0 0 0 0 20 0 7 0 0 0 0
预测:     0 0 0 0 4 0 0 1 0 2 46 0 0 0 0 0 12 0 0 0 0 20 0 7 0 0 0 0
准确率:    1.0000 (28/28)
----------------------------------------
输入:       MWM> KL MDM DSN> MVL DVM> HW
目标:     0 0 0 4 0 0 0 2 0 0 0 2 0 1 0 10 3 0 0 0 0 0 1 0 0 2 0 0 0
预测:     0 0 0 4 0 0 0 2 0 0 0 2 0 1 0 10 3 0 0 0 0 0 1 0 0 2 0 0 0
准确率:    1.0000 (29/29)
----------------------------------------

生成的验证样本:
--------------------------------------------------------------------------------
输入:       YBJNH D>LH> LMSV> MN KL DBJC WKLJ
目标:     0 0 0 0 5 0 0 1 0 0 4 0 0 1 6 0 10 7 0 0 0 0 0 2 0 1 0 0 2 0 36 0 0 3
预测:     0 0 0 0 5 0 0 1 0 0 4 0 0 1 6 0 10 7 0 0 0 0 0 2 0 1 0 0 2 0 36 0 0 3
准确率:    1.0000 (34/34)
----------------------------------------
输入:       D>LH> LMSV> MN KL DBJC WKLJ XJLK
目标:     0 1 0 0 4 0 0 1 6 0 10 7 0 0 0 0 0 2 0 1 0 0 2 0 36 0 0 3 0 0 0 5 0
预测:     0 1 0 0 4 0 0 1 6 0 10 7 0 0 0 0 0 2 0 1 0 0 2 0 36 0 0 3 0 0 0 5 0
准确率:    1.0000 (33/33)
----------------------------------------
⏳ 验证无提升 (验证准确率: 0.9669 ≤ 0.9671)，patience: 5/50

======================================================================
🚀 Epoch 161/200
======================================================================
📚 开始训练阶段...
训练进度: 500/3164 损失=0.0001
训练进度: 1000/3164 损失=0.0000
训练进度: 1500/3164 损失=0.0005
训练进度: 2000/3164 损失=0.0020
训练进度: 2500/3164 损失=0.0004
训练进度: 3000/3164 损失=0.0003
训练进度: 3164/3164 损失=0.0001
✅ 训练完成，耗时: 57.4秒 (1.0分钟)

============================================================
📊 验证决策: Epoch 161/200
   验证间隔: 1
   是否验证: ✅ 是
   原因: 达到验证间隔 (0 == 0)
============================================================

🔍 开始验证...
验证进度: 500/686 损失=0.2170
验证进度: 686/686 损失=1.0238

📊 预测分布分析:
  - 预测的前5个类别: {np.int64(0): 282884, np.int64(1): 37123, np.int64(2): 14731, np.int64(3): 10849, np.int64(4): 9093}
  - 标签的前5个类别: {np.int64(0): 281232, np.int64(1): 36731, np.int64(2): 14789, np.int64(3): 10866, np.int64(4): 8585}
✅ 验证完成，耗时: 4.8秒 (0.1分钟)
训练损失: 0.0014
验证损失: 0.6595
验证准确率: 0.9670 (10601/10964) - 与Levenshtein高度相关
验证F1(加权): 0.9660 - 类别平衡更好
学习率: 0.000010
显存使用: 0.48GB (预留: 0.69GB)

生成的训练样本:
--------------------------------------------------------------------------------
输入:       KHN> PQWD> <L BJTH DMRJ> WDBR LRBJ
目标:     0 0 0 4 0 0 0 0 0 11 0 0 0 0 0 0 0 5 0 0 1 0 0 0 2 0 1 0 0 3 0 1 0 2 0
预测:     0 0 0 4 0 0 0 0 0 11 0 0 0 0 0 0 0 5 0 0 1 0 0 0 2 0 1 0 0 3 0 1 0 2 0
准确率:    1.0000 (35/35)
----------------------------------------
输入:       W>LHJHWN NHWWN LKWN LTWQLT> WKD >MR ML>KH
目标:     0 1 0 0 2 1 0 0 0 0 6 0 18 0 0 0 1 0 0 0 0 1 0 0 0 13 9 0 0 1 0 0 0 0 0 3 0 0 0 0 5 0
预测:     0 1 0 0 2 1 0 0 0 0 6 0 18 0 0 0 1 0 0 0 0 1 0 0 0 13 9 0 0 1 0 0 0 0 0 3 0 0 0 0 5 0
准确率:    1.0000 (42/42)
----------------------------------------
输入:       BLXWD <M> MDBXJN HWW <L <LWT> MVL
目标:     0 1 0 0 0 2 0 0 15 0 0 6 0 0 7 0 19 0 0 18 0 0 0 0 0 0 57 2 23 0 0 0 0 0
预测:     0 1 0 0 0 2 0 0 15 0 0 6 0 0 7 0 19 0 0 18 0 0 0 0 0 0 57 2 23 0 0 0 0 0
准确率:    1.0000 (34/34)
----------------------------------------

生成的验证样本:
--------------------------------------------------------------------------------
输入:       YBJNH D>LH> LMSV> MN KL DBJC WKLJ
目标:     0 0 0 0 5 0 0 1 0 0 4 0 0 1 6 0 10 7 0 0 0 0 0 2 0 1 0 0 2 0 36 0 0 3
预测:     0 0 0 0 5 0 0 1 0 0 4 0 0 1 6 0 10 7 0 0 0 0 0 2 0 1 0 0 2 0 36 0 0 3
准确率:    1.0000 (34/34)
----------------------------------------
输入:       D>LH> LMSV> MN KL DBJC WKLJ XJLK
目标:     0 1 0 0 4 0 0 1 6 0 10 7 0 0 0 0 0 2 0 1 0 0 2 0 36 0 0 3 0 0 0 5 0
预测:     0 1 0 0 4 0 0 1 6 0 10 7 0 0 0 0 0 2 0 1 0 0 2 0 36 0 0 3 0 0 0 5 0
准确率:    1.0000 (33/33)
----------------------------------------
⏳ 验证无提升 (验证准确率: 0.9670 ≤ 0.9671)，patience: 6/50

======================================================================
🚀 Epoch 162/200
======================================================================
📚 开始训练阶段...
训练进度: 500/3164 损失=0.0021
训练进度: 1000/3164 损失=0.0001
训练进度: 1500/3164 损失=0.0005
训练进度: 2000/3164 损失=0.0001
训练进度: 2500/3164 损失=0.0038
训练进度: 3000/3164 损失=0.0025
训练进度: 3164/3164 损失=0.0000
✅ 训练完成，耗时: 57.5秒 (1.0分钟)

============================================================
📊 验证决策: Epoch 162/200
   验证间隔: 1
   是否验证: ✅ 是
   原因: 达到验证间隔 (0 == 0)
============================================================

🔍 开始验证...
验证进度: 500/686 损失=0.2480
验证进度: 686/686 损失=0.9552

📊 预测分布分析:
  - 预测的前5个类别: {np.int64(0): 283025, np.int64(1): 37111, np.int64(2): 14718, np.int64(3): 10736, np.int64(4): 9057}
  - 标签的前5个类别: {np.int64(0): 281232, np.int64(1): 36731, np.int64(2): 14789, np.int64(3): 10866, np.int64(4): 8585}
✅ 验证完成，耗时: 4.8秒 (0.1分钟)
训练损失: 0.0015
验证损失: 0.6677
验证准确率: 0.9668 (10599/10964) - 与Levenshtein高度相关
验证F1(加权): 0.9658 - 类别平衡更好
学习率: 0.000010
显存使用: 0.47GB (预留: 0.69GB)

生成的训练样本:
--------------------------------------------------------------------------------
输入:       L>BWHWN W>MR LHWN >BWHWN B>JD> >WRX> >ZL
目标:     0 1 0 8 5 0 0 0 0 1 0 0 3 0 1 0 0 0 0 0 8 5 0 0 0 0 1 0 0 0 0 0 0 0 0 4 0 0 0 0 3
预测:     0 1 0 8 5 0 0 0 0 1 0 0 3 0 1 0 0 0 0 0 8 5 0 0 0 0 1 0 0 0 0 0 0 0 0 4 0 0 0 0 3
准确率:    1.0000 (41/41)
----------------------------------------
输入:       WV<N> DPRZL> NJX LMCQL MN DLM<MR <M
目标:     0 1 0 0 4 0 0 1 0 0 0 4 0 0 20 0 40 0 1 6 0 0 7 0 0 0 0 1 1 6 0 0 7 0 0 0
预测:     0 1 0 0 4 0 0 1 0 0 0 4 0 0 20 0 40 0 1 6 0 0 7 0 0 0 0 1 1 6 0 0 7 0 0 0
准确率:    1.0000 (36/36)
----------------------------------------
输入:       >LH> WHKN> NWSPWN LJ >N NSPQ <PRH
目标:     0 0 0 11 0 0 1 0 0 0 0 0 63 0 0 3 0 0 0 1 0 0 0 0 0 6 0 0 3 0 0 0 5 12
预测:     0 0 0 11 0 0 1 0 0 0 0 0 63 0 0 3 0 0 0 1 0 0 0 0 0 6 0 0 3 0 0 0 5 12
准确率:    1.0000 (34/34)
----------------------------------------

生成的验证样本:
--------------------------------------------------------------------------------
输入:       YBJNH D>LH> LMSV> MN KL DBJC WKLJ
目标:     0 0 0 0 5 0 0 1 0 0 4 0 0 1 6 0 10 7 0 0 0 0 0 2 0 1 0 0 2 0 36 0 0 3
预测:     0 0 0 0 5 0 0 1 0 0 4 0 0 1 6 0 10 7 0 0 0 0 0 2 0 1 0 0 2 0 36 0 0 3
准确率:    1.0000 (34/34)
----------------------------------------
输入:       D>LH> LMSV> MN KL DBJC WKLJ XJLK
目标:     0 1 0 0 4 0 0 1 6 0 10 7 0 0 0 0 0 2 0 1 0 0 2 0 36 0 0 3 0 0 0 5 0
预测:     0 1 0 0 4 0 0 1 6 0 10 7 0 0 0 0 0 2 0 1 0 0 2 0 36 0 0 3 0 0 0 5 0
准确率:    1.0000 (33/33)
----------------------------------------
⏳ 验证无提升 (验证准确率: 0.9668 ≤ 0.9671)，patience: 7/50

======================================================================
🚀 Epoch 163/200
======================================================================
📚 开始训练阶段...
训练进度: 500/3164 损失=0.0001
训练进度: 1000/3164 损失=0.0000
训练进度: 1500/3164 损失=0.0008
训练进度: 2000/3164 损失=0.0000
训练进度: 2500/3164 损失=0.0000
训练进度: 3000/3164 损失=0.0057
训练进度: 3164/3164 损失=0.0003
✅ 训练完成，耗时: 57.6秒 (1.0分钟)

============================================================
📊 验证决策: Epoch 163/200
   验证间隔: 1
   是否验证: ✅ 是
   原因: 达到验证间隔 (0 == 0)
============================================================

🔍 开始验证...
验证进度: 500/686 损失=0.2427
验证进度: 686/686 损失=1.0165

📊 预测分布分析:
  - 预测的前5个类别: {np.int64(0): 282911, np.int64(1): 37108, np.int64(2): 14725, np.int64(3): 10795, np.int64(4): 8974}
  - 标签的前5个类别: {np.int64(0): 281232, np.int64(1): 36731, np.int64(2): 14789, np.int64(3): 10866, np.int64(4): 8585}
✅ 验证完成，耗时: 4.8秒 (0.1分钟)
训练损失: 0.0013
验证损失: 0.6642
验证准确率: 0.9670 (10601/10964) - 与Levenshtein高度相关
验证F1(加权): 0.9660 - 类别平衡更好
学习率: 0.000009
显存使用: 0.47GB (预留: 0.69GB)

生成的训练样本:
--------------------------------------------------------------------------------
输入:       >BQJWHJ DXLT> WZW<T> >RM> <LWHJ W>BDQJWHJ BNSJWNJ
目标:     0 6 0 0 86 0 0 0 0 0 0 13 9 0 0 1 0 0 13 9 0 0 28 0 10 3 0 0 8 1 0 0 0 1 6 0 0 48 35 0 0 0 0 1 0 0 0 0 2 46
预测:     0 6 0 0 86 0 0 0 0 0 0 13 9 0 0 1 0 0 13 9 0 0 28 0 10 3 0 0 8 1 0 0 0 1 6 0 0 48 35 0 0 0 0 1 0 0 0 0 2 46
准确率:    1.0000 (50/50)
----------------------------------------
输入:       WMRJ> KSJ MNJ WL> XWJNJ W>MRT C>LT
目标:     0 1 0 0 0 2 0 0 0 16 0 0 1 0 0 1 0 0 0 0 0 51 0 0 0 1 0 0 3 26 0 0 0 3 0
预测:     0 1 0 0 0 2 0 0 0 16 0 0 1 0 0 1 0 0 0 0 0 51 0 0 0 1 0 0 3 26 0 0 0 3 0
准确率:    1.0000 (35/35)
----------------------------------------
输入:       <RVLJ HW >LBCJHJ MVL DBSRK >NT MKS>
目标:     0 0 0 0 0 2 0 0 0 6 17 0 0 86 0 0 0 0 0 0 0 0 1 0 0 5 0 0 0 0 0 0 6 0 10 41
预测:     0 0 0 0 0 2 0 0 0 6 17 0 0 86 0 0 0 0 0 0 0 0 1 0 0 5 0 0 0 0 0 0 6 0 10 41
准确率:    1.0000 (36/36)
----------------------------------------

生成的验证样本:
--------------------------------------------------------------------------------
输入:       YBJNH D>LH> LMSV> MN KL DBJC WKLJ
目标:     0 0 0 0 5 0 0 1 0 0 4 0 0 1 6 0 10 7 0 0 0 0 0 2 0 1 0 0 2 0 36 0 0 3
预测:     0 0 0 0 5 0 0 1 0 0 4 0 0 1 6 0 10 7 0 0 0 0 0 2 0 1 0 0 2 0 36 0 0 3
准确率:    1.0000 (34/34)
----------------------------------------
输入:       D>LH> LMSV> MN KL DBJC WKLJ XJLK
目标:     0 1 0 0 4 0 0 1 6 0 10 7 0 0 0 0 0 2 0 1 0 0 2 0 36 0 0 3 0 0 0 5 0
预测:     0 1 0 0 4 0 0 1 6 0 10 7 0 0 0 0 0 2 0 1 0 0 2 0 36 0 0 3 0 0 0 5 0
准确率:    1.0000 (33/33)
----------------------------------------
⏳ 验证无提升 (验证准确率: 0.9670 ≤ 0.9671)，patience: 8/50

======================================================================
🚀 Epoch 164/200
======================================================================
📚 开始训练阶段...
训练进度: 500/3164 损失=0.0002
训练进度: 1000/3164 损失=0.0002
训练进度: 1500/3164 损失=0.0000
训练进度: 2000/3164 损失=0.0001
训练进度: 2500/3164 损失=0.0021
训练进度: 3000/3164 损失=0.0001
训练进度: 3164/3164 损失=0.0001
✅ 训练完成，耗时: 57.5秒 (1.0分钟)

============================================================
📊 验证决策: Epoch 164/200
   验证间隔: 1
   是否验证: ✅ 是
   原因: 达到验证间隔 (0 == 0)
============================================================

🔍 开始验证...
验证进度: 500/686 损失=0.2409
验证进度: 686/686 损失=1.0106

📊 预测分布分析:
  - 预测的前5个类别: {np.int64(0): 282919, np.int64(1): 37133, np.int64(2): 14715, np.int64(3): 10866, np.int64(4): 8944}
  - 标签的前5个类别: {np.int64(0): 281232, np.int64(1): 36731, np.int64(2): 14789, np.int64(3): 10866, np.int64(4): 8585}
✅ 验证完成，耗时: 4.8秒 (0.1分钟)
训练损失: 0.0012
验证损失: 0.6670
验证准确率: 0.9668 (10600/10964) - 与Levenshtein高度相关
验证F1(加权): 0.9660 - 类别平衡更好
学习率: 0.000009
显存使用: 0.48GB (预留: 0.69GB)

生成的训练样本:
--------------------------------------------------------------------------------
输入:       LB> MHWN> BMLK> DR<JNH WKL DXL> L>
目标:     0 0 4 0 0 6 0 0 279 78 0 1 0 0 55 0 0 1 0 0 0 5 0 0 1 0 2 0 0 0 13 0 0 0 0
预测:     0 0 4 0 0 6 0 0 279 78 0 1 0 0 55 0 0 1 0 0 0 5 0 0 1 0 2 0 0 0 13 0 0 0 0
准确率:    1.0000 (35/35)
----------------------------------------
输入:       DGLP> WDVB<> WDMRGNJT> W>P XWCBNJHWN L<BD> D>WMNWTHWN
目标:     0 1 0 0 15 0 0 1 1 0 0 30 0 0 1 1 0 0 0 0 2 23 0 0 1 0 0 0 0 0 0 0 2 1 0 0 0 0 1 0 0 55 0 0 1 0 0 0 0 2 1 0 0 0
预测:     0 1 0 0 15 0 0 1 1 0 0 30 0 0 1 1 0 0 0 0 2 23 0 0 1 0 0 0 0 0 0 0 2 1 0 0 0 0 1 0 0 55 0 0 1 0 0 0 0 2 1 0 0 0
准确率:    1.0000 (54/54)
----------------------------------------
输入:       QWM <L >WRXK W<LJH >STMK WB<BDJH ZL
目标:     6 0 0 3 0 0 0 0 0 0 0 5 0 0 1 0 8 1 12 6 47 79 0 0 3 0 1 1 0 0 62 1 12 21 0 3
预测:     6 0 0 3 0 0 0 0 0 0 0 5 0 0 1 0 8 1 12 6 47 79 0 0 3 0 1 1 0 0 62 1 12 21 0 3
准确率:    1.0000 (36/36)
----------------------------------------

生成的验证样本:
--------------------------------------------------------------------------------
输入:       YBJNH D>LH> LMSV> MN KL DBJC WKLJ
目标:     0 0 0 0 5 0 0 1 0 0 4 0 0 1 6 0 10 7 0 0 0 0 0 2 0 1 0 0 2 0 36 0 0 3
预测:     0 0 0 0 5 0 0 1 0 0 4 0 0 1 6 0 10 7 0 0 0 0 0 2 0 1 0 0 2 0 36 0 0 3
准确率:    1.0000 (34/34)
----------------------------------------
输入:       D>LH> LMSV> MN KL DBJC WKLJ XJLK
目标:     0 1 0 0 4 0 0 1 6 0 10 7 0 0 0 0 0 2 0 1 0 0 2 0 36 0 0 3 0 0 0 5 0
预测:     0 1 0 0 4 0 0 1 6 0 10 7 0 0 0 0 0 2 0 1 0 0 2 0 36 0 0 3 0 0 0 5 0
准确率:    1.0000 (33/33)
----------------------------------------
⏳ 验证无提升 (验证准确率: 0.9668 ≤ 0.9671)，patience: 9/50

======================================================================
🚀 Epoch 165/200
======================================================================
📚 开始训练阶段...
训练进度: 500/3164 损失=0.0001
训练进度: 1000/3164 损失=0.0001
训练进度: 1500/3164 损失=0.0002
训练进度: 2000/3164 损失=0.0001
训练进度: 2500/3164 损失=0.0040
训练进度: 3000/3164 损失=0.0001
训练进度: 3164/3164 损失=0.0001
✅ 训练完成，耗时: 57.5秒 (1.0分钟)

============================================================
📊 验证决策: Epoch 165/200
   验证间隔: 1
   是否验证: ✅ 是
   原因: 达到验证间隔 (0 == 0)
============================================================

🔍 开始验证...
验证进度: 500/686 损失=0.2226
验证进度: 686/686 损失=1.0021

📊 预测分布分析:
  - 预测的前5个类别: {np.int64(0): 282934, np.int64(1): 37126, np.int64(2): 14705, np.int64(3): 10800, np.int64(4): 8941}
  - 标签的前5个类别: {np.int64(0): 281232, np.int64(1): 36731, np.int64(2): 14789, np.int64(3): 10866, np.int64(4): 8585}
✅ 验证完成，耗时: 4.8秒 (0.1分钟)
训练损失: 0.0012
验证损失: 0.6697
验证准确率: 0.9668 (10600/10964) - 与Levenshtein高度相关
验证F1(加权): 0.9659 - 类别平衡更好
学习率: 0.000008
显存使用: 0.47GB (预留: 0.69GB)

生成的训练样本:
--------------------------------------------------------------------------------
输入:       DBXVH> MPLPLJN KD TSBWN HKJL HD> >GRTJ
目标:     0 1 1 0 0 11 0 0 6 0 0 0 7 0 19 0 0 0 0 34 0 3 0 0 0 0 0 0 0 0 0 0 0 0 0 0 13 1 0
预测:     0 1 1 0 0 11 0 0 6 0 0 0 7 0 19 0 0 0 0 34 0 3 0 0 0 0 0 0 0 0 0 0 0 0 0 0 13 1 0
准确率:    1.0000 (39/39)
----------------------------------------
输入:       >TPNJ <L YLWTH D<BDK W<L B<WTH MRJ>
目标:     6 0 14 0 0 3 0 0 0 0 0 0 2 1 0 0 1 0 0 37 0 0 1 0 0 0 0 0 2 1 0 0 0 0 0 2
预测:     6 0 14 0 0 3 0 0 0 0 0 0 2 1 0 0 1 0 0 37 0 0 1 0 0 0 0 0 2 1 0 0 0 0 0 2
准确率:    1.0000 (36/36)
----------------------------------------
输入:       L> ><L >NWN L>R<> DJMJT L>BHJHWN WKTB
目标:     0 0 0 0 28 0 53 0 0 0 0 0 0 1 0 0 4 0 0 1 0 0 3 0 0 1 0 8 2 1 0 0 0 0 1 0 0 3
预测:     0 0 0 0 28 0 53 0 0 0 0 0 0 1 0 0 4 0 0 1 0 0 3 0 0 1 0 8 2 1 0 0 0 0 1 0 0 3
准确率:    1.0000 (38/38)
----------------------------------------

生成的验证样本:
--------------------------------------------------------------------------------
输入:       YBJNH D>LH> LMSV> MN KL DBJC WKLJ
目标:     0 0 0 0 5 0 0 1 0 0 4 0 0 1 6 0 10 7 0 0 0 0 0 2 0 1 0 0 2 0 36 0 0 3
预测:     0 0 0 0 5 0 0 1 0 0 4 0 0 1 6 0 10 7 0 0 0 0 0 2 0 1 0 0 2 0 36 0 0 3
准确率:    1.0000 (34/34)
----------------------------------------
输入:       D>LH> LMSV> MN KL DBJC WKLJ XJLK
目标:     0 1 0 0 4 0 0 1 6 0 10 7 0 0 0 0 0 2 0 1 0 0 2 0 36 0 0 3 0 0 0 5 0
预测:     0 1 0 0 4 0 0 1 6 0 10 7 0 0 0 0 0 2 0 1 0 0 2 0 36 0 0 3 0 0 0 5 0
准确率:    1.0000 (33/33)
----------------------------------------
⏳ 验证无提升 (验证准确率: 0.9668 ≤ 0.9671)，patience: 10/50

======================================================================
🚀 Epoch 166/200
======================================================================
📚 开始训练阶段...
训练进度: 500/3164 损失=0.0000
训练进度: 1000/3164 损失=0.0001
训练进度: 1500/3164 损失=0.0014
训练进度: 2000/3164 损失=0.0001
训练进度: 2500/3164 损失=0.0030
训练进度: 3000/3164 损失=0.0000
训练进度: 3164/3164 损失=0.0003
✅ 训练完成，耗时: 57.4秒 (1.0分钟)

============================================================
📊 验证决策: Epoch 166/200
   验证间隔: 1
   是否验证: ✅ 是
   原因: 达到验证间隔 (0 == 0)
============================================================

🔍 开始验证...
验证进度: 500/686 损失=0.2691
验证进度: 686/686 损失=1.1291

📊 预测分布分析:
  - 预测的前5个类别: {np.int64(0): 282968, np.int64(1): 37128, np.int64(2): 14725, np.int64(3): 10824, np.int64(4): 8926}
  - 标签的前5个类别: {np.int64(0): 281232, np.int64(1): 36731, np.int64(2): 14789, np.int64(3): 10866, np.int64(4): 8585}
✅ 验证完成，耗时: 4.8秒 (0.1分钟)
训练损失: 0.0012
验证损失: 0.6741
验证准确率: 0.9669 (10600/10964) - 与Levenshtein高度相关
验证F1(加权): 0.9660 - 类别平衡更好
学习率: 0.000008
显存使用: 0.48GB (预留: 0.69GB)

生成的训练样本:
--------------------------------------------------------------------------------
输入:       DMRJ> MNH W>MR LH >N MTXLM >N>
目标:     0 1 0 0 0 2 0 0 1 0 0 1 0 0 3 0 1 0 0 0 0 0 21 14 0 0 7 0 0 0 0
预测:     0 1 0 0 0 2 0 0 1 0 0 1 0 0 3 0 1 0 0 0 0 0 21 14 0 0 7 0 0 0 0
准确率:    1.0000 (31/31)
----------------------------------------
输入:       >MR LJ MRJ> PSWL LK TRTJN LWX>
目标:     0 0 0 3 0 1 0 0 0 0 0 2 6 0 8 0 3 0 1 0 0 0 2 0 0 0 0 0 0 11 0
预测:     0 0 0 3 0 1 0 0 0 0 0 2 6 0 8 0 3 0 1 0 0 0 2 0 0 0 0 0 0 11 0
准确率:    1.0000 (31/31)
----------------------------------------
输入:       BR <SRJN HW> CNJN >XZ KD >MLK
目标:     0 0 2 0 0 0 0 0 2 0 0 10 3 0 0 13 0 0 0 0 0 2 0 0 0 0 17 0 0 33
预测:     0 0 2 0 0 0 0 0 2 0 0 10 3 0 0 13 0 0 0 0 0 2 0 0 0 0 17 0 0 33
准确率:    1.0000 (30/30)
----------------------------------------

生成的验证样本:
--------------------------------------------------------------------------------
输入:       YBJNH D>LH> LMSV> MN KL DBJC WKLJ
目标:     0 0 0 0 5 0 0 1 0 0 4 0 0 1 6 0 10 7 0 0 0 0 0 2 0 1 0 0 2 0 36 0 0 3
预测:     0 0 0 0 5 0 0 1 0 0 4 0 0 1 6 0 10 7 0 0 0 0 0 2 0 1 0 0 2 0 36 0 0 3
准确率:    1.0000 (34/34)
----------------------------------------
输入:       D>LH> LMSV> MN KL DBJC WKLJ XJLK
目标:     0 1 0 0 4 0 0 1 6 0 10 7 0 0 0 0 0 2 0 1 0 0 2 0 36 0 0 3 0 0 0 5 0
预测:     0 1 0 0 4 0 0 1 6 0 10 7 0 0 0 0 0 2 0 1 0 0 2 0 36 0 0 3 0 0 0 5 0
准确率:    1.0000 (33/33)
----------------------------------------
⏳ 验证无提升 (验证准确率: 0.9669 ≤ 0.9671)，patience: 11/50

======================================================================
🚀 Epoch 167/200
======================================================================
📚 开始训练阶段...
训练进度: 500/3164 损失=0.0001
训练进度: 1000/3164 损失=0.0001
训练进度: 1500/3164 损失=0.0038
训练进度: 2000/3164 损失=0.0037
训练进度: 2500/3164 损失=0.0013
训练进度: 3000/3164 损失=0.0001
训练进度: 3164/3164 损失=0.0000
✅ 训练完成，耗时: 57.6秒 (1.0分钟)

============================================================
📊 验证决策: Epoch 167/200
   验证间隔: 1
   是否验证: ✅ 是
   原因: 达到验证间隔 (0 == 0)
============================================================

🔍 开始验证...
验证进度: 500/686 损失=0.2384
验证进度: 686/686 损失=0.9941

📊 预测分布分析:
  - 预测的前5个类别: {np.int64(0): 282956, np.int64(1): 37119, np.int64(2): 14706, np.int64(3): 10821, np.int64(4): 8871}
  - 标签的前5个类别: {np.int64(0): 281232, np.int64(1): 36731, np.int64(2): 14789, np.int64(3): 10866, np.int64(4): 8585}
✅ 验证完成，耗时: 4.8秒 (0.1分钟)
训练损失: 0.0012
验证损失: 0.6745
验证准确率: 0.9670 (10601/10964) - 与Levenshtein高度相关
验证F1(加权): 0.9661 - 类别平衡更好
学习率: 0.000008
显存使用: 0.48GB (预留: 0.69GB)

生成的训练样本:
--------------------------------------------------------------------------------
输入:       QRJTH DDWJD LBJT> DBN> LH CLJMWN HJDJN
目标:     0 0 0 22 1 0 0 1 0 0 0 2 0 1 0 0 4 0 0 1 0 10 3 0 1 12 0 0 0 0 0 0 2 0 0 0 0 0 0
预测:     0 0 0 22 1 0 0 1 0 0 0 2 0 1 0 0 4 0 0 1 0 10 3 0 1 12 0 0 0 0 0 0 2 0 0 0 0 0 0
准确率:    1.0000 (39/39)
----------------------------------------
输入:       BNJNC> WQDM KLMDM MRJ> BR> KL VB
目标:     0 0 2 75 0 4 0 0 1 0 0 2 0 0 5 0 0 2 0 0 0 0 2 0 0 10 3 0 0 2 0 0 2
预测:     0 0 2 75 0 4 0 0 1 0 0 2 0 0 5 0 0 2 0 0 0 0 2 0 0 10 3 0 0 2 0 0 2
准确率:    1.0000 (33/33)
----------------------------------------
输入:       <MWRJH D>R<> WNSTKLWN KL DMCTXRJN BTBJL DLJT
目标:     0 0 0 0 2 1 12 0 1 0 0 4 0 0 1 45 79 0 0 33 0 0 0 0 2 0 1 45 39 101 0 7 0 0 0 1 0 0 0 2 0 1 58 0 24
预测:     0 0 0 0 2 1 12 0 1 0 0 4 0 0 1 45 79 0 0 33 0 0 0 0 2 0 1 45 39 101 0 7 0 0 0 1 0 0 0 2 0 1 58 0 24
准确率:    1.0000 (45/45)
----------------------------------------

生成的验证样本:
--------------------------------------------------------------------------------
输入:       YBJNH D>LH> LMSV> MN KL DBJC WKLJ
目标:     0 0 0 0 5 0 0 1 0 0 4 0 0 1 6 0 10 7 0 0 0 0 0 2 0 1 0 0 2 0 36 0 0 3
预测:     0 0 0 0 5 0 0 1 0 0 4 0 0 1 6 0 10 7 0 0 0 0 0 2 0 1 0 0 2 0 36 0 0 3
准确率:    1.0000 (34/34)
----------------------------------------
输入:       D>LH> LMSV> MN KL DBJC WKLJ XJLK
目标:     0 1 0 0 4 0 0 1 6 0 10 7 0 0 0 0 0 2 0 1 0 0 2 0 36 0 0 3 0 0 0 5 0
预测:     0 1 0 0 4 0 0 1 6 0 10 7 0 0 0 0 0 2 0 1 0 0 2 0 36 0 0 3 0 0 0 5 0
准确率:    1.0000 (33/33)
----------------------------------------
⏳ 验证无提升 (验证准确率: 0.9670 ≤ 0.9671)，patience: 12/50

======================================================================
🚀 Epoch 168/200
======================================================================
📚 开始训练阶段...
训练进度: 500/3164 损失=0.0002
训练进度: 1000/3164 损失=0.0000
训练进度: 1500/3164 损失=0.0016
训练进度: 2000/3164 损失=0.0000
训练进度: 2500/3164 损失=0.0002
训练进度: 3000/3164 损失=0.0013
训练进度: 3164/3164 损失=0.0002
✅ 训练完成，耗时: 57.6秒 (1.0分钟)

============================================================
📊 验证决策: Epoch 168/200
   验证间隔: 1
   是否验证: ✅ 是
   原因: 达到验证间隔 (0 == 0)
============================================================

🔍 开始验证...
验证进度: 500/686 损失=0.2340
验证进度: 686/686 损失=1.0436

📊 预测分布分析:
  - 预测的前5个类别: {np.int64(0): 282912, np.int64(1): 37138, np.int64(2): 14680, np.int64(3): 10799, np.int64(4): 8903}
  - 标签的前5个类别: {np.int64(0): 281232, np.int64(1): 36731, np.int64(2): 14789, np.int64(3): 10866, np.int64(4): 8585}
✅ 验证完成，耗时: 4.8秒 (0.1分钟)
训练损失: 0.0011
验证损失: 0.6762
验证准确率: 0.9667 (10598/10964) - 与Levenshtein高度相关
验证F1(加权): 0.9658 - 类别平衡更好
学习率: 0.000007
显存使用: 0.48GB (预留: 0.69GB)

生成的训练样本:
--------------------------------------------------------------------------------
输入:       WL> >CBWQ L<MJ >JSRJL WBNJHJ CLJMWN LBJT>
目标:     0 1 0 0 0 6 0 8 0 3 0 1 0 37 0 0 0 0 0 0 0 2 0 1 0 94 0 0 0 0 0 0 0 0 0 2 0 1 0 0 4 0
预测:     0 1 0 0 0 6 0 8 0 3 0 1 0 37 0 0 0 0 0 0 0 2 0 1 0 94 0 0 0 0 0 0 0 0 0 2 0 1 0 0 4 0
准确率:    1.0000 (42/42)
----------------------------------------
输入:       DNPLXJWHJ L> HW> HN> <M> D>SLJT PWQ
目标:     0 1 6 0 0 48 35 0 0 0 0 0 0 0 0 10 3 0 0 0 0 0 0 15 0 0 1 17 0 0 3 12 34 8 0 3
预测:     0 1 6 0 0 48 35 0 0 0 0 0 0 0 0 10 3 0 0 0 0 0 0 15 0 0 1 17 0 0 3 12 34 8 0 3
准确率:    1.0000 (36/36)
----------------------------------------
输入:       XLPWHJ <L XJL> WLYDWQ KHN> >QJM MLK>
目标:     0 0 0 25 1 0 0 0 0 0 0 0 0 4 0 0 1 1 0 0 0 2 0 0 0 4 0 0 17 20 0 3 0 0 0 4 0
预测:     0 0 0 25 1 0 0 0 0 0 0 0 0 4 0 0 1 1 0 0 0 2 0 0 0 4 0 0 17 20 0 3 0 0 0 4 0
准确率:    1.0000 (37/37)
----------------------------------------

生成的验证样本:
--------------------------------------------------------------------------------
输入:       YBJNH D>LH> LMSV> MN KL DBJC WKLJ
目标:     0 0 0 0 5 0 0 1 0 0 4 0 0 1 6 0 10 7 0 0 0 0 0 2 0 1 0 0 2 0 36 0 0 3
预测:     0 0 0 0 5 0 0 1 0 0 4 0 0 1 6 0 10 7 0 0 0 0 0 2 0 1 0 0 2 0 36 0 0 3
准确率:    1.0000 (34/34)
----------------------------------------
输入:       D>LH> LMSV> MN KL DBJC WKLJ XJLK
目标:     0 1 0 0 4 0 0 1 6 0 10 7 0 0 0 0 0 2 0 1 0 0 2 0 36 0 0 3 0 0 0 5 0
预测:     0 1 0 0 4 0 0 1 6 0 10 7 0 0 0 0 0 2 0 1 0 0 2 0 36 0 0 3 0 0 0 5 0
准确率:    1.0000 (33/33)
----------------------------------------
⏳ 验证无提升 (验证准确率: 0.9667 ≤ 0.9671)，patience: 13/50

======================================================================
🚀 Epoch 169/200
======================================================================
📚 开始训练阶段...
训练进度: 500/3164 损失=0.0000
训练进度: 1000/3164 损失=0.0266
训练进度: 1500/3164 损失=0.0039
训练进度: 2000/3164 损失=0.0002
训练进度: 2500/3164 损失=0.0000
训练进度: 3000/3164 损失=0.0000
训练进度: 3164/3164 损失=0.0001
✅ 训练完成，耗时: 57.6秒 (1.0分钟)

============================================================
📊 验证决策: Epoch 169/200
   验证间隔: 1
   是否验证: ✅ 是
   原因: 达到验证间隔 (0 == 0)
============================================================

🔍 开始验证...
验证进度: 500/686 损失=0.2215
验证进度: 686/686 损失=1.0030

📊 预测分布分析:
  - 预测的前5个类别: {np.int64(0): 283006, np.int64(1): 37121, np.int64(2): 14676, np.int64(3): 10845, np.int64(4): 8939}
  - 标签的前5个类别: {np.int64(0): 281232, np.int64(1): 36731, np.int64(2): 14789, np.int64(3): 10866, np.int64(4): 8585}
✅ 验证完成，耗时: 4.8秒 (0.1分钟)
训练损失: 0.0012
验证损失: 0.6800
验证准确率: 0.9669 (10600/10964) - 与Levenshtein高度相关
验证F1(加权): 0.9660 - 类别平衡更好
学习率: 0.000007
显存使用: 0.48GB (预留: 0.69GB)

生成的训练样本:
--------------------------------------------------------------------------------
输入:       BZBNH WVRPWHJ L> NTRJN WKL D<BD MCLM
目标:     0 1 0 0 5 0 0 1 0 0 69 1 0 0 0 0 0 0 0 0 7 0 0 0 1 0 2 0 1 0 0 7 0 6 0 0 41
预测:     0 1 0 0 5 0 0 1 0 0 69 1 0 0 0 0 0 0 0 0 7 0 0 0 1 0 2 0 1 0 0 7 0 6 0 0 41
准确率:    1.0000 (37/37)
----------------------------------------
输入:       KLHWN NMWS> WN>MRWN DXKJM HW WSKWLTN <M>
目标:     0 0 5 0 0 0 0 0 0 0 11 0 0 1 6 0 0 3 0 0 0 1 0 0 0 2 0 0 0 0 1 0 0 0 0 0 2 0 0 15 0
预测:     0 0 5 0 0 0 0 0 0 0 11 0 0 1 6 0 0 3 0 0 0 1 0 0 0 2 0 0 0 0 1 0 0 0 0 0 2 0 0 15 0
准确率:    1.0000 (41/41)
----------------------------------------
输入:       <MH WCLJV> XKJM> NWTB QRJTH >JK DJN>
目标:     0 0 37 0 0 1 0 0 0 4 0 0 0 0 0 4 0 0 63 0 0 3 0 0 0 22 1 0 0 0 0 0 0 0 0 55 0
预测:     0 0 37 0 0 1 0 0 0 4 0 0 0 0 0 4 0 0 63 0 0 3 0 0 0 22 1 0 0 0 0 0 0 0 0 55 0
准确率:    1.0000 (37/37)
----------------------------------------

生成的验证样本:
--------------------------------------------------------------------------------
输入:       YBJNH D>LH> LMSV> MN KL DBJC WKLJ
目标:     0 0 0 0 5 0 0 1 0 0 4 0 0 1 6 0 10 7 0 0 0 0 0 2 0 1 0 0 2 0 36 0 0 3
预测:     0 0 0 0 5 0 0 1 0 0 4 0 0 1 6 0 10 7 0 0 0 0 0 2 0 1 0 0 2 0 36 0 0 3
准确率:    1.0000 (34/34)
----------------------------------------
输入:       D>LH> LMSV> MN KL DBJC WKLJ XJLK
目标:     0 1 0 0 4 0 0 1 6 0 10 7 0 0 0 0 0 2 0 1 0 0 2 0 36 0 0 3 0 0 0 5 0
预测:     0 1 0 0 4 0 0 1 6 0 10 7 0 0 0 0 0 2 0 1 0 0 2 0 36 0 0 3 0 0 0 5 0
准确率:    1.0000 (33/33)
----------------------------------------
⏳ 验证无提升 (验证准确率: 0.9669 ≤ 0.9671)，patience: 14/50

======================================================================
🚀 Epoch 170/200
======================================================================
📚 开始训练阶段...
训练进度: 500/3164 损失=0.0037
训练进度: 1000/3164 损失=0.0000
训练进度: 1500/3164 损失=0.0000
训练进度: 2000/3164 损失=0.0000
训练进度: 2500/3164 损失=0.0000
训练进度: 3000/3164 损失=0.0047
训练进度: 3164/3164 损失=0.0001
✅ 训练完成，耗时: 57.8秒 (1.0分钟)

============================================================
📊 验证决策: Epoch 170/200
   验证间隔: 1
   是否验证: ✅ 是
   原因: 达到验证间隔 (0 == 0)
============================================================

🔍 开始验证...
验证进度: 500/686 损失=0.2425
验证进度: 686/686 损失=1.0372

📊 预测分布分析:
  - 预测的前5个类别: {np.int64(0): 283061, np.int64(1): 37127, np.int64(2): 14696, np.int64(3): 10780, np.int64(4): 8947}
  - 标签的前5个类别: {np.int64(0): 281232, np.int64(1): 36731, np.int64(2): 14789, np.int64(3): 10866, np.int64(4): 8585}
✅ 验证完成，耗时: 4.8秒 (0.1分钟)
训练损失: 0.0011
验证损失: 0.6779
验证准确率: 0.9669 (10601/10964) - 与Levenshtein高度相关
验证F1(加权): 0.9660 - 类别平衡更好
学习率: 0.000007
显存使用: 0.48GB (预留: 0.69GB)

生成的训练样本:
--------------------------------------------------------------------------------
输入:       MSKLJN >JLJN DMSKLJN HJDJN HW WL> LMHJMNW
目标:     0 28 0 0 49 0 0 0 0 0 0 0 0 0 1 28 0 0 49 0 0 0 0 0 0 0 0 0 0 0 0 0 10 7 0 1 6 0 0 0 7 19
预测:     0 28 0 0 49 0 0 0 0 0 0 0 0 0 1 28 0 0 49 0 0 0 0 0 0 0 0 0 0 0 0 0 10 7 0 1 6 0 0 0 7 19
准确率:    1.0000 (42/42)
----------------------------------------
输入:       BM>NJ QRB> WSLQW WCRW BQWRJT N<RJN DJHWD>
目标:     0 1 0 0 2 0 0 0 0 15 0 0 1 0 0 3 0 0 1 0 18 0 0 1 0 0 0 0 2 0 0 0 0 0 2 0 1 0 0 0 0 2
预测:     0 1 0 0 2 0 0 0 0 15 0 0 1 0 0 3 0 0 1 0 18 0 0 1 0 0 0 0 2 0 0 0 0 0 2 0 1 0 0 0 0 2
准确率:    1.0000 (42/42)
----------------------------------------
输入:       PSQ >NT MVL D>JLN> DXQL> L> HW>
目标:     0 0 0 7 0 0 0 0 0 0 0 0 0 1 0 0 0 4 0 0 1 0 0 4 0 0 0 0 0 0 10 3
预测:     0 0 0 7 0 0 0 0 0 0 0 0 0 1 0 0 0 4 0 0 1 0 0 4 0 0 0 0 0 0 10 3
准确率:    1.0000 (32/32)
----------------------------------------

生成的验证样本:
--------------------------------------------------------------------------------
输入:       YBJNH D>LH> LMSV> MN KL DBJC WKLJ
目标:     0 0 0 0 5 0 0 1 0 0 4 0 0 1 6 0 10 7 0 0 0 0 0 2 0 1 0 0 2 0 36 0 0 3
预测:     0 0 0 0 5 0 0 1 0 0 4 0 0 1 6 0 10 7 0 0 0 0 0 2 0 1 0 0 2 0 36 0 0 3
准确率:    1.0000 (34/34)
----------------------------------------
输入:       D>LH> LMSV> MN KL DBJC WKLJ XJLK
目标:     0 1 0 0 4 0 0 1 6 0 10 7 0 0 0 0 0 2 0 1 0 0 2 0 36 0 0 3 0 0 0 5 0
预测:     0 1 0 0 4 0 0 1 6 0 10 7 0 0 0 0 0 2 0 1 0 0 2 0 36 0 0 3 0 0 0 5 0
准确率:    1.0000 (33/33)
----------------------------------------
⏳ 验证无提升 (验证准确率: 0.9669 ≤ 0.9671)，patience: 15/50

======================================================================
🚀 Epoch 171/200
======================================================================
📚 开始训练阶段...
训练进度: 500/3164 损失=0.0001
训练进度: 1000/3164 损失=0.0000
训练进度: 1500/3164 损失=0.0002
训练进度: 2000/3164 损失=0.0036
训练进度: 2500/3164 损失=0.0002
训练进度: 3000/3164 损失=0.0001
训练进度: 3164/3164 损失=0.0003
✅ 训练完成，耗时: 57.7秒 (1.0分钟)

============================================================
📊 验证决策: Epoch 171/200
   验证间隔: 1
   是否验证: ✅ 是
   原因: 达到验证间隔 (0 == 0)
============================================================

🔍 开始验证...
验证进度: 500/686 损失=0.2230
验证进度: 686/686 损失=1.0580

📊 预测分布分析:
  - 预测的前5个类别: {np.int64(0): 282988, np.int64(1): 37131, np.int64(2): 14679, np.int64(3): 10783, np.int64(4): 8912}
  - 标签的前5个类别: {np.int64(0): 281232, np.int64(1): 36731, np.int64(2): 14789, np.int64(3): 10866, np.int64(4): 8585}
✅ 验证完成，耗时: 4.8秒 (0.1分钟)
训练损失: 0.0010
验证损失: 0.6783
验证准确率: 0.9671 (10603/10964) - 与Levenshtein高度相关
验证F1(加权): 0.9662 - 类别平衡更好
学习率: 0.000006
显存使用: 0.48GB (预留: 0.69GB)

生成的训练样本:
--------------------------------------------------------------------------------
输入:       MRJ> >LHN LM>ZL LMPLX L>LH> D<MM> HNWN
目标:     0 0 0 0 2 0 0 0 5 0 0 1 6 0 0 7 0 1 6 0 0 7 0 1 0 0 11 0 0 1 0 8 30 0 0 0 0 0 12
预测:     0 0 0 0 2 0 0 0 5 0 0 1 6 0 0 7 0 1 6 0 0 7 0 1 0 0 11 0 0 1 0 8 30 0 0 0 0 0 12
准确率:    1.0000 (39/39)
----------------------------------------
输入:       GLJ> WBJT QCNJ> MCTWTPN <M NWKRJ> WL>
目标:     0 0 0 30 0 0 1 0 66 0 0 0 0 0 11 0 0 45 39 0 0 0 7 19 0 0 0 0 0 0 0 0 11 0 0 1 0 0
预测:     0 0 0 30 0 0 1 0 66 0 0 0 0 0 11 0 0 45 39 0 0 0 7 19 0 0 0 0 0 0 0 0 11 0 0 1 0 0
准确率:    1.0000 (38/38)
----------------------------------------
输入:       MDBX> MN GRBJ> WPQD MLK> >XZ L>WRJ>
目标:     0 0 0 0 4 0 0 0 0 0 0 0 0 4 0 0 1 0 0 16 0 0 0 4 0 0 0 0 2 0 1 0 0 0 0 2
预测:     0 0 0 0 4 0 0 0 0 0 0 0 0 4 0 0 1 0 0 16 0 0 0 4 0 0 0 0 2 0 1 0 0 0 0 2
准确率:    1.0000 (36/36)
----------------------------------------

生成的验证样本:
--------------------------------------------------------------------------------
输入:       YBJNH D>LH> LMSV> MN KL DBJC WKLJ
目标:     0 0 0 0 5 0 0 1 0 0 4 0 0 1 6 0 10 7 0 0 0 0 0 2 0 1 0 0 2 0 36 0 0 3
预测:     0 0 0 0 5 0 0 1 0 0 4 0 0 1 6 0 10 7 0 0 0 0 0 2 0 1 0 0 2 0 36 0 0 3
准确率:    1.0000 (34/34)
----------------------------------------
输入:       D>LH> LMSV> MN KL DBJC WKLJ XJLK
目标:     0 1 0 0 4 0 0 1 6 0 10 7 0 0 0 0 0 2 0 1 0 0 2 0 36 0 0 3 0 0 0 5 0
预测:     0 1 0 0 4 0 0 1 6 0 10 7 0 0 0 0 0 2 0 1 0 0 2 0 36 0 0 3 0 0 0 5 0
准确率:    1.0000 (33/33)
----------------------------------------
⏳ 验证无提升 (验证准确率: 0.9671 ≤ 0.9671)，patience: 16/50

======================================================================
🚀 Epoch 172/200
======================================================================
📚 开始训练阶段...
训练进度: 500/3164 损失=0.0001
训练进度: 1000/3164 损失=0.0001
训练进度: 1500/3164 损失=0.0000
训练进度: 2000/3164 损失=0.0000
训练进度: 2500/3164 损失=0.0001
训练进度: 3000/3164 损失=0.0001
训练进度: 3164/3164 损失=0.0003
✅ 训练完成，耗时: 57.7秒 (1.0分钟)

============================================================
📊 验证决策: Epoch 172/200
   验证间隔: 1
   是否验证: ✅ 是
   原因: 达到验证间隔 (0 == 0)
============================================================

🔍 开始验证...
验证进度: 500/686 损失=0.2188
验证进度: 686/686 损失=1.0203

📊 预测分布分析:
  - 预测的前5个类别: {np.int64(0): 283080, np.int64(1): 37144, np.int64(2): 14679, np.int64(3): 10801, np.int64(4): 8916}
  - 标签的前5个类别: {np.int64(0): 281232, np.int64(1): 36731, np.int64(2): 14789, np.int64(3): 10866, np.int64(4): 8585}
✅ 验证完成，耗时: 4.8秒 (0.1分钟)
训练损失: 0.0011
验证损失: 0.6813
验证准确率: 0.9670 (10602/10964) - 与Levenshtein高度相关
验证F1(加权): 0.9661 - 类别平衡更好
学习率: 0.000006
显存使用: 0.47GB (预留: 0.69GB)

生成的训练样本:
--------------------------------------------------------------------------------
输入:       >P LJ NHW> LJ MPQ BRWX> QDM
目标:     0 0 0 0 1 0 0 6 0 10 3 0 1 0 0 0 0 2 0 1 0 0 4 0 0 0 0 2
预测:     0 0 0 0 1 0 0 6 0 10 3 0 1 0 0 0 0 2 0 1 0 0 4 0 0 0 0 2
准确率:    1.0000 (28/28)
----------------------------------------
输入:       DL> N>MR W>N >MR DL> NTN> >KS
目标:     0 1 0 0 0 6 0 0 3 0 1 0 0 0 0 0 3 0 1 0 0 0 6 0 10 3 6 17 0 115
预测:     0 1 0 0 0 6 0 0 3 0 1 0 0 0 0 0 3 0 1 0 0 0 6 0 10 3 6 17 0 115
准确率:    1.0000 (30/30)
----------------------------------------
输入:       HWW QDM >BWHJ KD XJ HW> W>MR
目标:     0 0 18 0 0 0 0 2 0 0 8 5 0 0 0 0 0 0 0 22 0 0 10 3 0 1 0 0 3
预测:     0 0 18 0 0 0 0 2 0 0 8 5 0 0 0 0 0 0 0 22 0 0 10 3 0 1 0 0 3
准确率:    1.0000 (29/29)
----------------------------------------

生成的验证样本:
--------------------------------------------------------------------------------
输入:       YBJNH D>LH> LMSV> MN KL DBJC WKLJ
目标:     0 0 0 0 5 0 0 1 0 0 4 0 0 1 6 0 10 7 0 0 0 0 0 2 0 1 0 0 2 0 36 0 0 3
预测:     0 0 0 0 5 0 0 1 0 0 4 0 0 1 6 0 10 7 0 0 0 0 0 2 0 1 0 0 2 0 36 0 0 3
准确率:    1.0000 (34/34)
----------------------------------------
输入:       D>LH> LMSV> MN KL DBJC WKLJ XJLK
目标:     0 1 0 0 4 0 0 1 6 0 10 7 0 0 0 0 0 2 0 1 0 0 2 0 36 0 0 3 0 0 0 5 0
预测:     0 1 0 0 4 0 0 1 6 0 10 7 0 0 0 0 0 2 0 1 0 0 2 0 36 0 0 3 0 0 0 5 0
准确率:    1.0000 (33/33)
----------------------------------------
⏳ 验证无提升 (验证准确率: 0.9670 ≤ 0.9671)，patience: 17/50

======================================================================
🚀 Epoch 173/200
======================================================================
📚 开始训练阶段...
训练进度: 500/3164 损失=0.0000
训练进度: 1000/3164 损失=0.0004
训练进度: 1500/3164 损失=0.0028
训练进度: 2000/3164 损失=0.0031
训练进度: 2500/3164 损失=0.0003
训练进度: 3000/3164 损失=0.0003
训练进度: 3164/3164 损失=0.0000
✅ 训练完成，耗时: 57.7秒 (1.0分钟)

============================================================
📊 验证决策: Epoch 173/200
   验证间隔: 1
   是否验证: ✅ 是
   原因: 达到验证间隔 (0 == 0)
============================================================

🔍 开始验证...
验证进度: 500/686 损失=0.1907
验证进度: 686/686 损失=1.0568

📊 预测分布分析:
  - 预测的前5个类别: {np.int64(0): 282892, np.int64(1): 37138, np.int64(2): 14715, np.int64(3): 10807, np.int64(4): 8907}
  - 标签的前5个类别: {np.int64(0): 281232, np.int64(1): 36731, np.int64(2): 14789, np.int64(3): 10866, np.int64(4): 8585}
✅ 验证完成，耗时: 4.8秒 (0.1分钟)
训练损失: 0.0010
验证损失: 0.6801
验证准确率: 0.9672 (10604/10964) - 与Levenshtein高度相关
验证F1(加权): 0.9663 - 类别平衡更好
学习率: 0.000005
显存使用: 0.48GB (预留: 0.69GB)

生成的训练样本:
--------------------------------------------------------------------------------
输入:       >JD> GJR >JTJH L> MYJ> DTHW> HLJN
目标:     8 8 8 8 12 0 0 0 0 0 0 0 0 5 0 0 0 0 0 0 0 7 0 0 1 44 0 10 3 0 0 0 0 0
预测:     8 8 8 8 12 0 0 0 0 0 0 0 0 5 0 0 0 0 0 0 0 7 0 0 1 44 0 10 3 0 0 0 0 0
准确率:    1.0000 (34/34)
----------------------------------------
输入:       >NTT <LJMWT> TQRBJWHJ WTWKLJWHJ LXM> DXKMT> WMJ>
目标:     0 0 0 13 0 0 0 0 0 0 2 9 0 0 44 0 0 48 35 0 0 0 0 1 219 0 0 48 35 0 0 0 0 0 0 4 0 0 1 0 0 13 9 0 0 1 24 9 0
预测:     0 0 0 13 0 0 0 0 0 0 2 9 0 0 44 0 0 48 35 0 0 0 0 1 219 0 0 48 35 0 0 0 0 0 0 4 0 0 1 0 0 13 9 0 0 1 24 9 0
准确率:    1.0000 (49/49)
----------------------------------------
输入:       WMNHR <JN> DXLTH DMRJ> DKJ> WQJM> L<LM
目标:     0 1 28 0 0 49 0 0 0 11 0 0 0 0 13 1 0 0 1 0 0 0 2 0 0 0 7 27 0 1 20 0 43 27 0 1 0 0 2
预测:     0 1 28 0 0 49 0 0 0 11 0 0 0 0 13 1 0 0 1 0 0 0 2 0 0 0 7 27 0 1 20 0 43 27 0 1 0 0 2
准确率:    1.0000 (39/39)
----------------------------------------

生成的验证样本:
--------------------------------------------------------------------------------
输入:       YBJNH D>LH> LMSV> MN KL DBJC WKLJ
目标:     0 0 0 0 5 0 0 1 0 0 4 0 0 1 6 0 10 7 0 0 0 0 0 2 0 1 0 0 2 0 36 0 0 3
预测:     0 0 0 0 5 0 0 1 0 0 4 0 0 1 6 0 10 7 0 0 0 0 0 2 0 1 0 0 2 0 36 0 0 3
准确率:    1.0000 (34/34)
----------------------------------------
输入:       D>LH> LMSV> MN KL DBJC WKLJ XJLK
目标:     0 1 0 0 4 0 0 1 6 0 10 7 0 0 0 0 0 2 0 1 0 0 2 0 36 0 0 3 0 0 0 5 0
预测:     0 1 0 0 4 0 0 1 6 0 10 7 0 0 0 0 0 2 0 1 0 0 2 0 36 0 0 3 0 0 0 5 0
准确率:    1.0000 (33/33)
----------------------------------------
💾 保存新的最佳模型！验证准确率: 0.9672 (F1: 0.9663) (Epoch 173)

======================================================================
🚀 Epoch 174/200
======================================================================
📚 开始训练阶段...
训练进度: 500/3164 损失=0.0008
训练进度: 1000/3164 损失=0.0011
训练进度: 1500/3164 损失=0.0002
训练进度: 2000/3164 损失=0.0000
训练进度: 2500/3164 损失=0.0021
训练进度: 3000/3164 损失=0.0000
训练进度: 3164/3164 损失=0.0001
✅ 训练完成，耗时: 57.8秒 (1.0分钟)

============================================================
📊 验证决策: Epoch 174/200
   验证间隔: 1
   是否验证: ✅ 是
   原因: 达到验证间隔 (0 == 0)
============================================================

🔍 开始验证...
验证进度: 500/686 损失=0.2169
验证进度: 686/686 损失=0.9976

📊 预测分布分析:
  - 预测的前5个类别: {np.int64(0): 283032, np.int64(1): 37146, np.int64(2): 14709, np.int64(3): 10799, np.int64(4): 8957}
  - 标签的前5个类别: {np.int64(0): 281232, np.int64(1): 36731, np.int64(2): 14789, np.int64(3): 10866, np.int64(4): 8585}
✅ 验证完成，耗时: 4.8秒 (0.1分钟)
训练损失: 0.0011
验证损失: 0.6819
验证准确率: 0.9671 (10603/10964) - 与Levenshtein高度相关
验证F1(加权): 0.9662 - 类别平衡更好
学习率: 0.000005
显存使用: 0.48GB (预留: 0.69GB)

生成的训练样本:
--------------------------------------------------------------------------------
输入:       D<DR W>ZLW W>WTBW L<M> W>ZLW CM<WN <M
目标:     0 1 0 0 62 0 1 0 0 3 0 0 1 50 0 0 3 0 0 1 0 15 0 0 1 0 0 3 0 0 0 0 0 0 2 0 0 0
预测:     0 1 0 0 62 0 1 0 0 3 0 0 1 50 0 0 3 0 0 1 0 15 0 0 1 0 0 3 0 0 0 0 0 0 2 0 0 0
准确率:    1.0000 (38/38)
----------------------------------------
输入:       W>N T>MR BLBK >JKN> >D<JWHJ LPTGM> DL>
目标:     0 1 0 0 0 6 0 0 3 0 1 0 5 0 0 0 0 0 8 0 0 52 0 48 35 0 0 0 0 1 0 0 0 4 0 0 1 0 0
预测:     0 1 0 0 0 6 0 0 3 0 1 0 5 0 0 0 0 0 8 0 0 52 0 48 35 0 0 0 0 1 0 0 0 4 0 0 1 0 0
准确率:    1.0000 (39/39)
----------------------------------------
输入:       BKNWCT> DSB> HWJT Q>M WXZJ MNW XKJM
目标:     0 1 0 0 0 13 9 0 0 1 0 11 0 0 0 0 3 12 0 20 0 7 0 36 0 0 3 0 0 71 0 0 0 0 0 2
预测:     0 1 0 0 0 13 9 0 0 1 0 11 0 0 0 0 3 12 0 20 0 7 0 36 0 0 3 0 0 71 0 0 0 0 0 2
准确率:    1.0000 (36/36)
----------------------------------------

生成的验证样本:
--------------------------------------------------------------------------------
输入:       YBJNH D>LH> LMSV> MN KL DBJC WKLJ
目标:     0 0 0 0 5 0 0 1 0 0 4 0 0 1 6 0 10 7 0 0 0 0 0 2 0 1 0 0 2 0 36 0 0 3
预测:     0 0 0 0 5 0 0 1 0 0 4 0 0 1 6 0 10 7 0 0 0 0 0 2 0 1 0 0 2 0 36 0 0 3
准确率:    1.0000 (34/34)
----------------------------------------
输入:       D>LH> LMSV> MN KL DBJC WKLJ XJLK
目标:     0 1 0 0 4 0 0 1 6 0 10 7 0 0 0 0 0 2 0 1 0 0 2 0 36 0 0 3 0 0 0 5 0
预测:     0 1 0 0 4 0 0 1 6 0 10 7 0 0 0 0 0 2 0 1 0 0 2 0 36 0 0 3 0 0 0 5 0
准确率:    1.0000 (33/33)
----------------------------------------
⏳ 验证无提升 (验证准确率: 0.9671 ≤ 0.9672)，patience: 1/50

======================================================================
🚀 Epoch 175/200
======================================================================
📚 开始训练阶段...
训练进度: 500/3164 损失=0.0000
训练进度: 1000/3164 损失=0.0012
训练进度: 1500/3164 损失=0.0000
训练进度: 2000/3164 损失=0.0000
训练进度: 2500/3164 损失=0.0000
训练进度: 3000/3164 损失=0.0002
训练进度: 3164/3164 损失=0.0003
✅ 训练完成，耗时: 57.3秒 (1.0分钟)

============================================================
📊 验证决策: Epoch 175/200
   验证间隔: 1
   是否验证: ✅ 是
   原因: 达到验证间隔 (0 == 0)
============================================================

🔍 开始验证...
验证进度: 500/686 损失=0.2322
验证进度: 686/686 损失=1.0949

📊 预测分布分析:
  - 预测的前5个类别: {np.int64(0): 282970, np.int64(1): 37149, np.int64(2): 14736, np.int64(3): 10774, np.int64(4): 8970}
  - 标签的前5个类别: {np.int64(0): 281232, np.int64(1): 36731, np.int64(2): 14789, np.int64(3): 10866, np.int64(4): 8585}
✅ 验证完成，耗时: 4.8秒 (0.1分钟)
训练损失: 0.0010
验证损失: 0.6868
验证准确率: 0.9671 (10602/10964) - 与Levenshtein高度相关
验证F1(加权): 0.9662 - 类别平衡更好
学习率: 0.000005
显存使用: 0.48GB (预留: 0.69GB)

生成的训练样本:
--------------------------------------------------------------------------------
输入:       WJHW >QJM LH MN LBR <L TR<>
目标:     0 1 0 0 2 0 17 20 0 3 0 1 0 0 0 0 0 1 0 22 0 0 0 0 0 0 4 0
预测:     0 1 0 0 2 0 17 20 0 3 0 1 0 0 0 0 0 1 0 22 0 0 0 0 0 0 4 0
准确率:    1.0000 (28/28)
----------------------------------------
输入:       TDWN <MH <M GBR> QCJ> L> T>ZL
目标:     0 6 0 0 3 0 0 1 0 0 0 0 0 0 0 4 0 0 0 0 43 27 0 0 0 0 6 0 0 3
预测:     0 6 0 0 3 0 0 1 0 0 0 0 0 0 0 4 0 0 0 0 43 27 0 0 0 0 6 0 0 3
准确率:    1.0000 (30/30)
----------------------------------------
输入:       HW HW> LH XCWK> HKN> HW BRNC>
目标:     0 0 0 0 0 10 7 0 1 0 0 0 0 0 4 0 0 0 0 0 0 0 0 0 0 0 84 0 4 0
预测:     0 0 0 0 0 10 7 0 1 0 0 0 0 0 4 0 0 0 0 0 0 0 0 0 0 0 84 0 4 0
准确率:    1.0000 (30/30)
----------------------------------------

生成的验证样本:
--------------------------------------------------------------------------------
输入:       YBJNH D>LH> LMSV> MN KL DBJC WKLJ
目标:     0 0 0 0 5 0 0 1 0 0 4 0 0 1 6 0 10 7 0 0 0 0 0 2 0 1 0 0 2 0 36 0 0 3
预测:     0 0 0 0 5 0 0 1 0 0 4 0 0 1 6 0 10 7 0 0 0 0 0 2 0 1 0 0 2 0 36 0 0 3
准确率:    1.0000 (34/34)
----------------------------------------
输入:       D>LH> LMSV> MN KL DBJC WKLJ XJLK
目标:     0 1 0 0 4 0 0 1 6 0 10 7 0 0 0 0 0 2 0 1 0 0 2 0 36 0 0 3 0 0 0 5 0
预测:     0 1 0 0 4 0 0 1 6 0 10 7 0 0 0 0 0 2 0 1 0 0 2 0 36 0 0 3 0 0 0 5 0
准确率:    1.0000 (33/33)
----------------------------------------
⏳ 验证无提升 (验证准确率: 0.9671 ≤ 0.9672)，patience: 2/50

======================================================================
🚀 Epoch 176/200
======================================================================
📚 开始训练阶段...
训练进度: 500/3164 损失=0.0000
训练进度: 1000/3164 损失=0.0000
训练进度: 1500/3164 损失=0.0017
训练进度: 2000/3164 损失=0.0000
训练进度: 2500/3164 损失=0.0000
训练进度: 3000/3164 损失=0.0061
训练进度: 3164/3164 损失=0.0033
✅ 训练完成，耗时: 57.3秒 (1.0分钟)

============================================================
📊 验证决策: Epoch 176/200
   验证间隔: 1
   是否验证: ✅ 是
   原因: 达到验证间隔 (0 == 0)
============================================================

🔍 开始验证...
验证进度: 500/686 损失=0.2383
验证进度: 686/686 损失=1.1029

📊 预测分布分析:
  - 预测的前5个类别: {np.int64(0): 282978, np.int64(1): 37133, np.int64(2): 14719, np.int64(3): 10826, np.int64(4): 8960}
  - 标签的前5个类别: {np.int64(0): 281232, np.int64(1): 36731, np.int64(2): 14789, np.int64(3): 10866, np.int64(4): 8585}
✅ 验证完成，耗时: 4.8秒 (0.1分钟)
训练损失: 0.0009
验证损失: 0.6874
验证准确率: 0.9671 (10603/10964) - 与Levenshtein高度相关
验证F1(加权): 0.9662 - 类别平衡更好
学习率: 0.000005
显存使用: 0.48GB (预留: 0.69GB)

生成的训练样本:
--------------------------------------------------------------------------------
输入:       KLHWN XWLMN> MTJLDJN MNH MKJL <L KWRHN>
目标:     0 0 5 0 0 0 0 0 0 0 0 11 0 0 21 14 0 0 7 0 0 0 0 1 12 0 0 0 0 0 0 0 0 0 0 0 0 0 11 0
预测:     0 0 5 0 0 0 0 0 0 0 0 11 0 0 21 14 0 0 7 0 0 0 0 1 12 0 0 0 0 0 0 0 0 0 0 0 0 0 11 0
准确率:    1.0000 (40/40)
----------------------------------------
输入:       KJNJHWN D>JTJ> >JK CMHJHWN >N NWR> NWR>
目标:     0 0 0 2 1 0 0 0 0 1 0 0 24 9 0 0 0 0 0 0 0 8 2 1 0 0 0 0 0 0 0 0 0 4 0 0 0 0 4 0
预测:     0 0 0 2 1 0 0 0 0 1 0 0 24 9 0 0 0 0 0 0 0 8 2 1 0 0 0 0 0 0 0 0 0 4 0 0 0 0 4 0
准确率:    1.0000 (40/40)
----------------------------------------
输入:       XJ> XMR> LBRNC> KD NCTJWHJ BWLJTH MN>
目标:     0 0 30 0 0 0 0 4 0 0 1 0 84 0 4 0 0 0 0 0 6 0 0 86 0 0 0 0 1 0 0 7 124 0 0 0 0 0
预测:     0 0 30 0 0 0 0 4 0 0 1 0 84 0 4 0 0 0 0 0 6 0 0 86 0 0 0 0 1 0 0 7 124 0 0 0 0 0
准确率:    1.0000 (38/38)
----------------------------------------

生成的验证样本:
--------------------------------------------------------------------------------
输入:       YBJNH D>LH> LMSV> MN KL DBJC WKLJ
目标:     0 0 0 0 5 0 0 1 0 0 4 0 0 1 6 0 10 7 0 0 0 0 0 2 0 1 0 0 2 0 36 0 0 3
预测:     0 0 0 0 5 0 0 1 0 0 4 0 0 1 6 0 10 7 0 0 0 0 0 2 0 1 0 0 2 0 36 0 0 3
准确率:    1.0000 (34/34)
----------------------------------------
输入:       D>LH> LMSV> MN KL DBJC WKLJ XJLK
目标:     0 1 0 0 4 0 0 1 6 0 10 7 0 0 0 0 0 2 0 1 0 0 2 0 36 0 0 3 0 0 0 5 0
预测:     0 1 0 0 4 0 0 1 6 0 10 7 0 0 0 0 0 2 0 1 0 0 2 0 36 0 0 3 0 0 0 5 0
准确率:    1.0000 (33/33)
----------------------------------------
⏳ 验证无提升 (验证准确率: 0.9671 ≤ 0.9672)，patience: 3/50

======================================================================
🚀 Epoch 177/200
======================================================================
📚 开始训练阶段...
训练进度: 500/3164 损失=0.0000
训练进度: 1000/3164 损失=0.0001
训练进度: 1500/3164 损失=0.0000
训练进度: 2000/3164 损失=0.0000
训练进度: 2500/3164 损失=0.0000
训练进度: 3000/3164 损失=0.0010
训练进度: 3164/3164 损失=0.0135
✅ 训练完成，耗时: 57.3秒 (1.0分钟)

============================================================
📊 验证决策: Epoch 177/200
   验证间隔: 1
   是否验证: ✅ 是
   原因: 达到验证间隔 (0 == 0)
============================================================

🔍 开始验证...
验证进度: 500/686 损失=0.2303
验证进度: 686/686 损失=1.1079

📊 预测分布分析:
  - 预测的前5个类别: {np.int64(0): 283108, np.int64(1): 37140, np.int64(2): 14724, np.int64(3): 10816, np.int64(4): 9002}
  - 标签的前5个类别: {np.int64(0): 281232, np.int64(1): 36731, np.int64(2): 14789, np.int64(3): 10866, np.int64(4): 8585}
✅ 验证完成，耗时: 4.8秒 (0.1分钟)
训练损失: 0.0010
验证损失: 0.6898
验证准确率: 0.9671 (10603/10964) - 与Levenshtein高度相关
验证F1(加权): 0.9661 - 类别平衡更好
学习率: 0.000004
显存使用: 0.48GB (预留: 0.69GB)

生成的训练样本:
--------------------------------------------------------------------------------
输入:       M>N> >MR LH BRH LJT TWB M>N>
目标:     0 0 0 11 0 0 0 0 7 0 1 12 0 0 5 12 0 58 0 24 0 0 0 0 0 0 0 11 0
预测:     0 0 0 11 0 0 0 0 7 0 1 12 0 0 5 12 0 58 0 24 0 0 0 0 0 0 0 11 0
准确率:    1.0000 (29/29)
----------------------------------------
输入:       >MR LH PR<WN MN> GJR XSRT LWTJ
目标:     0 0 0 3 0 1 0 0 0 0 0 0 2 0 0 0 0 0 0 0 0 0 0 0 3 12 0 0 0 1 0
预测:     0 0 0 3 0 1 0 0 0 0 0 0 2 0 0 0 0 0 0 0 0 0 0 0 3 12 0 0 0 1 0
准确率:    1.0000 (31/31)
----------------------------------------
输入:       KRMK BKSP> W>N YB> >NT >TL LK
目标:     0 0 0 5 0 0 1 0 0 4 0 0 1 0 0 0 0 10 7 0 0 0 0 0 34 0 3 0 1 0
预测:     0 0 0 5 0 0 1 0 0 4 0 0 1 0 0 0 0 10 7 0 0 0 0 0 34 0 3 0 1 0
准确率:    1.0000 (30/30)
----------------------------------------

生成的验证样本:
--------------------------------------------------------------------------------
输入:       YBJNH D>LH> LMSV> MN KL DBJC WKLJ
目标:     0 0 0 0 5 0 0 1 0 0 4 0 0 1 6 0 10 7 0 0 0 0 0 2 0 1 0 0 2 0 36 0 0 3
预测:     0 0 0 0 5 0 0 1 0 0 4 0 0 1 6 0 10 7 0 0 0 0 0 2 0 1 0 0 2 0 36 0 0 3
准确率:    1.0000 (34/34)
----------------------------------------
输入:       D>LH> LMSV> MN KL DBJC WKLJ XJLK
目标:     0 1 0 0 4 0 0 1 6 0 10 7 0 0 0 0 0 2 0 1 0 0 2 0 36 0 0 3 0 0 0 5 0
预测:     0 1 0 0 4 0 0 1 6 0 10 7 0 0 0 0 0 2 0 1 0 0 2 0 36 0 0 3 0 0 0 5 0
准确率:    1.0000 (33/33)
----------------------------------------
⏳ 验证无提升 (验证准确率: 0.9671 ≤ 0.9672)，patience: 4/50

======================================================================
🚀 Epoch 178/200
======================================================================
📚 开始训练阶段...
训练进度: 500/3164 损失=0.0000
训练进度: 1000/3164 损失=0.0162
训练进度: 1500/3164 损失=0.0002
训练进度: 2000/3164 损失=0.0005
训练进度: 2500/3164 损失=0.0003
训练进度: 3000/3164 损失=0.0000
训练进度: 3164/3164 损失=0.0007
✅ 训练完成，耗时: 57.4秒 (1.0分钟)

============================================================
📊 验证决策: Epoch 178/200
   验证间隔: 1
   是否验证: ✅ 是
   原因: 达到验证间隔 (0 == 0)
============================================================

🔍 开始验证...
验证进度: 500/686 损失=0.2226
验证进度: 686/686 损失=1.0733

📊 预测分布分析:
  - 预测的前5个类别: {np.int64(0): 282971, np.int64(1): 37141, np.int64(2): 14714, np.int64(3): 10780, np.int64(4): 9003}
  - 标签的前5个类别: {np.int64(0): 281232, np.int64(1): 36731, np.int64(2): 14789, np.int64(3): 10866, np.int64(4): 8585}
✅ 验证完成，耗时: 4.8秒 (0.1分钟)
训练损失: 0.0010
验证损失: 0.6897
验证准确率: 0.9670 (10602/10964) - 与Levenshtein高度相关
验证F1(加权): 0.9661 - 类别平衡更好
学习率: 0.000004
显存使用: 0.48GB (预留: 0.69GB)

生成的训练样本:
--------------------------------------------------------------------------------
输入:       WNBJJ B<L> >RB<M>> WXMCJN GBRJN NTLWN LN
目标:     0 1 0 0 2 0 0 0 0 4 0 0 0 0 0 5 0 0 2 0 1 0 0 0 0 2 0 0 0 2 0 0 0 34 0 3 0 0 0 1 0
预测:     0 1 0 0 2 0 0 0 0 4 0 0 0 0 0 5 0 0 2 0 1 0 0 0 0 2 0 0 0 2 0 0 0 34 0 3 0 0 0 1 0
准确率:    1.0000 (41/41)
----------------------------------------
输入:       DHC> >CTBJTWN WTWB TCTNQWN MDM GJR DQJM
目标:     0 1 0 4 0 0 47 39 0 0 3 0 0 0 0 1 0 0 0 0 45 39 0 0 3 0 19 0 0 0 2 0 0 0 0 0 1 0 0 22
预测:     0 1 0 4 0 0 47 39 0 0 3 0 0 0 0 1 0 0 0 0 45 39 0 0 3 0 19 0 0 0 2 0 0 0 0 0 1 0 0 22
准确率:    1.0000 (40/40)
----------------------------------------
输入:       DJHWD> <DM> LCPWLJ VWR> WMN TMN >N>
目标:     0 1 0 0 0 0 2 0 0 0 0 0 0 1 0 0 0 2 0 0 0 0 4 0 0 1 0 0 0 0 0 0 0 0 0 0
预测:     0 1 0 0 0 0 2 0 0 0 0 0 0 1 0 0 0 2 0 0 0 0 4 0 0 1 0 0 0 0 0 0 0 0 0 0
准确率:    1.0000 (36/36)
----------------------------------------

生成的验证样本:
--------------------------------------------------------------------------------
输入:       YBJNH D>LH> LMSV> MN KL DBJC WKLJ
目标:     0 0 0 0 5 0 0 1 0 0 4 0 0 1 6 0 10 7 0 0 0 0 0 2 0 1 0 0 2 0 36 0 0 3
预测:     0 0 0 0 5 0 0 1 0 0 4 0 0 1 6 0 10 7 0 0 0 0 0 2 0 1 0 0 2 0 36 0 0 3
准确率:    1.0000 (34/34)
----------------------------------------
输入:       D>LH> LMSV> MN KL DBJC WKLJ XJLK
目标:     0 1 0 0 4 0 0 1 6 0 10 7 0 0 0 0 0 2 0 1 0 0 2 0 36 0 0 3 0 0 0 5 0
预测:     0 1 0 0 4 0 0 1 6 0 10 7 0 0 0 0 0 2 0 1 0 0 2 0 36 0 0 3 0 0 0 5 0
准确率:    1.0000 (33/33)
----------------------------------------
⏳ 验证无提升 (验证准确率: 0.9670 ≤ 0.9672)，patience: 5/50

======================================================================
🚀 Epoch 179/200
======================================================================
📚 开始训练阶段...
训练进度: 500/3164 损失=0.0013
训练进度: 1000/3164 损失=0.0000
训练进度: 1500/3164 损失=0.0000
训练进度: 2000/3164 损失=0.0001
训练进度: 2500/3164 损失=0.0000
训练进度: 3000/3164 损失=0.0000
训练进度: 3164/3164 损失=0.0000
✅ 训练完成，耗时: 57.1秒 (1.0分钟)

============================================================
📊 验证决策: Epoch 179/200
   验证间隔: 1
   是否验证: ✅ 是
   原因: 达到验证间隔 (0 == 0)
============================================================

🔍 开始验证...
验证进度: 500/686 损失=0.2065
验证进度: 686/686 损失=1.1128

📊 预测分布分析:
  - 预测的前5个类别: {np.int64(0): 283010, np.int64(1): 37122, np.int64(2): 14733, np.int64(3): 10803, np.int64(4): 9005}
  - 标签的前5个类别: {np.int64(0): 281232, np.int64(1): 36731, np.int64(2): 14789, np.int64(3): 10866, np.int64(4): 8585}
✅ 验证完成，耗时: 4.8秒 (0.1分钟)
训练损失: 0.0010
验证损失: 0.6904
验证准确率: 0.9671 (10603/10964) - 与Levenshtein高度相关
验证F1(加权): 0.9662 - 类别平衡更好
学习率: 0.000004
显存使用: 0.48GB (预留: 0.69GB)

生成的训练样本:
--------------------------------------------------------------------------------
输入:       WL> JDJ< MNW QVLH NPQWN SBJK WDJNJK
目标:     0 1 0 0 0 0 8 0 7 0 0 71 0 0 0 0 29 0 0 34 0 3 0 0 0 0 2 1 0 0 1 0 0 62 1 0
预测:     0 1 0 0 0 0 8 0 7 0 0 71 0 0 0 0 29 0 0 34 0 3 0 0 0 0 2 1 0 0 1 0 0 62 1 0
准确率:    1.0000 (36/36)
----------------------------------------
输入:       MN MRJ> WL> N<N> >NWN >CXWQ >NWN
目标:     0 0 0 0 0 0 0 2 0 1 0 0 0 6 0 10 3 0 0 0 0 0 0 6 0 8 0 3 0 0 0 0 0
预测:     0 0 0 0 0 0 0 2 0 1 0 0 0 6 0 10 3 0 0 0 0 0 0 6 0 8 0 3 0 0 0 0 0
准确率:    1.0000 (33/33)
----------------------------------------
输入:       RGLJK WSKT> THW> LK <L ZJNK WM>
目标:     0 0 0 2 1 0 0 1 0 13 9 0 0 44 0 10 3 0 1 0 0 0 0 0 0 0 5 0 0 1 0 0
预测:     0 0 0 2 1 0 0 1 0 13 9 0 0 44 0 10 3 0 1 0 0 0 0 0 0 0 5 0 0 1 0 0
准确率:    1.0000 (32/32)
----------------------------------------

生成的验证样本:
--------------------------------------------------------------------------------
输入:       YBJNH D>LH> LMSV> MN KL DBJC WKLJ
目标:     0 0 0 0 5 0 0 1 0 0 4 0 0 1 6 0 10 7 0 0 0 0 0 2 0 1 0 0 2 0 36 0 0 3
预测:     0 0 0 0 5 0 0 1 0 0 4 0 0 1 6 0 10 7 0 0 0 0 0 2 0 1 0 0 2 0 36 0 0 3
准确率:    1.0000 (34/34)
----------------------------------------
输入:       D>LH> LMSV> MN KL DBJC WKLJ XJLK
目标:     0 1 0 0 4 0 0 1 6 0 10 7 0 0 0 0 0 2 0 1 0 0 2 0 36 0 0 3 0 0 0 5 0
预测:     0 1 0 0 4 0 0 1 6 0 10 7 0 0 0 0 0 2 0 1 0 0 2 0 36 0 0 3 0 0 0 5 0
准确率:    1.0000 (33/33)
----------------------------------------
⏳ 验证无提升 (验证准确率: 0.9671 ≤ 0.9672)，patience: 6/50

======================================================================
🚀 Epoch 180/200
======================================================================
📚 开始训练阶段...
训练进度: 500/3164 损失=0.0073
训练进度: 1000/3164 损失=0.0000
训练进度: 1500/3164 损失=0.0003
训练进度: 2000/3164 损失=0.0002
训练进度: 2500/3164 损失=0.0000
训练进度: 3000/3164 损失=0.0255
训练进度: 3164/3164 损失=0.0009
✅ 训练完成，耗时: 57.3秒 (1.0分钟)

============================================================
📊 验证决策: Epoch 180/200
   验证间隔: 1
   是否验证: ✅ 是
   原因: 达到验证间隔 (0 == 0)
============================================================

🔍 开始验证...
验证进度: 500/686 损失=0.2339
验证进度: 686/686 损失=1.0803

📊 预测分布分析:
  - 预测的前5个类别: {np.int64(0): 283099, np.int64(1): 37140, np.int64(2): 14687, np.int64(3): 10775, np.int64(4): 8944}
  - 标签的前5个类别: {np.int64(0): 281232, np.int64(1): 36731, np.int64(2): 14789, np.int64(3): 10866, np.int64(4): 8585}
✅ 验证完成，耗时: 4.8秒 (0.1分钟)
训练损失: 0.0009
验证损失: 0.6904
验证准确率: 0.9671 (10602/10964) - 与Levenshtein高度相关
验证F1(加权): 0.9662 - 类别平衡更好
学习率: 0.000003
显存使用: 0.48GB (预留: 0.69GB)

生成的训练样本:
--------------------------------------------------------------------------------
输入:       WHWT >P MDM XWR BHJ D<BD >LH>
目标:     0 1 0 18 26 0 0 0 0 0 0 2 6 0 0 3 0 1 0 26 0 1 0 0 3 0 0 0 4 0
预测:     0 1 0 18 26 0 0 0 0 0 0 2 6 0 0 3 0 1 0 26 0 1 0 0 3 0 0 0 4 0
准确率:    1.0000 (30/30)
----------------------------------------
输入:       TCTWXR MN BJT BK> W<M KL >BJL>
目标:     0 45 39 59 0 0 3 0 0 0 0 0 0 2 0 0 10 7 0 1 0 0 0 0 2 0 0 8 0 132 27
预测:     0 45 39 59 0 0 3 0 0 0 0 0 0 2 0 0 10 7 0 1 0 0 0 0 2 0 0 8 0 132 27
准确率:    1.0000 (31/31)
----------------------------------------
输入:       LJ >T> W>D< D>NT MMLL <MJ L>
目标:     0 1 0 0 0 4 0 0 1 52 0 3 0 1 0 0 0 0 6 0 0 41 0 0 1 0 0 0 0
预测:     0 1 0 0 0 4 0 0 1 52 0 3 0 1 0 0 0 0 6 0 0 41 0 0 1 0 0 0 0
准确率:    1.0000 (29/29)
----------------------------------------

生成的验证样本:
--------------------------------------------------------------------------------
输入:       YBJNH D>LH> LMSV> MN KL DBJC WKLJ
目标:     0 0 0 0 5 0 0 1 0 0 4 0 0 1 6 0 10 7 0 0 0 0 0 2 0 1 0 0 2 0 36 0 0 3
预测:     0 0 0 0 5 0 0 1 0 0 4 0 0 1 6 0 10 7 0 0 0 0 0 2 0 1 0 0 2 0 36 0 0 3
准确率:    1.0000 (34/34)
----------------------------------------
输入:       D>LH> LMSV> MN KL DBJC WKLJ XJLK
目标:     0 1 0 0 4 0 0 1 6 0 10 7 0 0 0 0 0 2 0 1 0 0 2 0 36 0 0 3 0 0 0 5 0
预测:     0 1 0 0 4 0 0 1 6 0 10 7 0 0 0 0 0 2 0 1 0 0 2 0 36 0 0 3 0 0 0 5 0
准确率:    1.0000 (33/33)
----------------------------------------
⏳ 验证无提升 (验证准确率: 0.9671 ≤ 0.9672)，patience: 7/50

======================================================================
🚀 Epoch 181/200
======================================================================
📚 开始训练阶段...
训练进度: 500/3164 损失=0.0002
训练进度: 1000/3164 损失=0.0000
训练进度: 1500/3164 损失=0.0003
训练进度: 2000/3164 损失=0.0000
训练进度: 2500/3164 损失=0.0000
训练进度: 3000/3164 损失=0.0000
训练进度: 3164/3164 损失=0.0000
✅ 训练完成，耗时: 57.4秒 (1.0分钟)

============================================================
📊 验证决策: Epoch 181/200
   验证间隔: 1
   是否验证: ✅ 是
   原因: 达到验证间隔 (0 == 0)
============================================================

🔍 开始验证...
验证进度: 500/686 损失=0.2228
验证进度: 686/686 损失=1.1490

📊 预测分布分析:
  - 预测的前5个类别: {np.int64(0): 283029, np.int64(1): 37149, np.int64(2): 14694, np.int64(3): 10762, np.int64(4): 9043}
  - 标签的前5个类别: {np.int64(0): 281232, np.int64(1): 36731, np.int64(2): 14789, np.int64(3): 10866, np.int64(4): 8585}
✅ 验证完成，耗时: 4.8秒 (0.1分钟)
训练损失: 0.0009
验证损失: 0.6924
验证准确率: 0.9670 (10602/10964) - 与Levenshtein高度相关
验证F1(加权): 0.9661 - 类别平衡更好
学习率: 0.000003
显存使用: 0.48GB (预留: 0.69GB)

生成的训练样本:
--------------------------------------------------------------------------------
输入:       WHNWN L> >JD<W DMVT <LJHWN BJCT> WTBRH
目标:     0 1 0 0 0 0 0 0 0 8 0 0 0 3 0 0 1 0 18 26 0 0 8 1 0 0 0 0 0 0 2 9 0 0 1 0 0 51 0
预测:     0 1 0 0 0 0 0 0 0 8 0 0 0 3 0 0 1 0 18 26 0 0 8 1 0 0 0 0 0 0 2 9 0 0 1 0 0 51 0
准确率:    1.0000 (39/39)
----------------------------------------
输入:       QDMWHJ WMRD YDQJ> <L MLK> DBBL WBCNT>
目标:     0 0 0 25 1 0 0 0 1 0 0 3 0 0 0 0 0 2 0 0 0 0 0 0 4 0 0 1 0 0 2 0 1 1 0 13 9 0
预测:     0 0 0 25 1 0 0 0 1 0 0 3 0 0 0 0 0 2 0 0 0 0 0 0 4 0 0 1 0 0 2 0 1 1 0 13 9 0
准确率:    1.0000 (38/38)
----------------------------------------
输入:       W>N NMWT >B> <WL> BNWHJ K>N> L>
目标:     0 1 0 0 0 6 0 0 3 0 0 4 0 0 0 0 4 0 0 0 25 1 0 0 0 0 0 11 0 0 0 0
预测:     0 1 0 0 0 6 0 0 3 0 0 4 0 0 0 0 4 0 0 0 25 1 0 0 0 0 0 11 0 0 0 0
准确率:    1.0000 (32/32)
----------------------------------------

生成的验证样本:
--------------------------------------------------------------------------------
输入:       YBJNH D>LH> LMSV> MN KL DBJC WKLJ
目标:     0 0 0 0 5 0 0 1 0 0 4 0 0 1 6 0 10 7 0 0 0 0 0 2 0 1 0 0 2 0 36 0 0 3
预测:     0 0 0 0 5 0 0 1 0 0 4 0 0 1 6 0 10 7 0 0 0 0 0 2 0 1 0 0 2 0 36 0 0 3
准确率:    1.0000 (34/34)
----------------------------------------
输入:       D>LH> LMSV> MN KL DBJC WKLJ XJLK
目标:     0 1 0 0 4 0 0 1 6 0 10 7 0 0 0 0 0 2 0 1 0 0 2 0 36 0 0 3 0 0 0 5 0
预测:     0 1 0 0 4 0 0 1 6 0 10 7 0 0 0 0 0 2 0 1 0 0 2 0 36 0 0 3 0 0 0 5 0
准确率:    1.0000 (33/33)
----------------------------------------
⏳ 验证无提升 (验证准确率: 0.9670 ≤ 0.9672)，patience: 8/50

======================================================================
🚀 Epoch 182/200
======================================================================
📚 开始训练阶段...
训练进度: 500/3164 损失=0.0000
训练进度: 1000/3164 损失=0.0045
训练进度: 1500/3164 损失=0.0000
训练进度: 2000/3164 损失=0.0001
训练进度: 2500/3164 损失=0.0001
训练进度: 3000/3164 损失=0.0000
训练进度: 3164/3164 损失=0.0034
✅ 训练完成，耗时: 57.3秒 (1.0分钟)

============================================================
📊 验证决策: Epoch 182/200
   验证间隔: 1
   是否验证: ✅ 是
   原因: 达到验证间隔 (0 == 0)
============================================================

🔍 开始验证...
验证进度: 500/686 损失=0.2235
验证进度: 686/686 损失=1.1024

📊 预测分布分析:
  - 预测的前5个类别: {np.int64(0): 283003, np.int64(1): 37139, np.int64(2): 14696, np.int64(3): 10752, np.int64(4): 8981}
  - 标签的前5个类别: {np.int64(0): 281232, np.int64(1): 36731, np.int64(2): 14789, np.int64(3): 10866, np.int64(4): 8585}
✅ 验证完成，耗时: 4.9秒 (0.1分钟)
训练损失: 0.0008
验证损失: 0.6911
验证准确率: 0.9669 (10601/10964) - 与Levenshtein高度相关
验证F1(加权): 0.9660 - 类别平衡更好
学习率: 0.000003
显存使用: 0.48GB (预留: 0.69GB)

生成的训练样本:
--------------------------------------------------------------------------------
输入:       KL JLLT> NSRQ LBH >JK SWSJ> <JL>
目标:     0 0 2 0 0 0 13 9 0 0 6 0 0 16 0 0 5 0 0 0 0 0 0 0 0 0 4 0 0 0 0 4 0
预测:     0 0 2 0 0 0 13 9 0 0 6 0 0 16 0 0 5 0 0 0 0 0 0 0 0 0 4 0 0 0 0 4 0
准确率:    1.0000 (33/33)
----------------------------------------
输入:       TDXL MVWL DSGJ>JN >NWN D<MN MN D<MHWN
目标:     0 6 0 0 3 0 0 8 0 0 0 1 0 0 0 2 0 0 0 0 0 0 0 0 1 0 1 0 0 0 0 0 1 0 1 0 0 0
预测:     0 6 0 0 3 0 0 8 0 0 0 1 0 0 0 2 0 0 0 0 0 0 0 0 1 0 1 0 0 0 0 0 1 0 1 0 0 0
准确率:    1.0000 (38/38)
----------------------------------------
输入:       JHWD>JT W>MR CM<W PTGMWHJ DMLK> RB> MLK>
目标:     0 0 0 0 0 0 0 0 0 1 0 0 3 6 0 0 3 0 0 0 0 0 25 1 0 0 0 1 0 0 4 0 0 0 4 0 0 0 0 4 0
预测:     0 0 0 0 0 0 0 0 0 1 0 0 3 6 0 0 3 0 0 0 0 0 25 1 0 0 0 1 0 0 4 0 0 0 4 0 0 0 0 4 0
准确率:    1.0000 (41/41)
----------------------------------------

生成的验证样本:
--------------------------------------------------------------------------------
输入:       YBJNH D>LH> LMSV> MN KL DBJC WKLJ
目标:     0 0 0 0 5 0 0 1 0 0 4 0 0 1 6 0 10 7 0 0 0 0 0 2 0 1 0 0 2 0 36 0 0 3
预测:     0 0 0 0 5 0 0 1 0 0 4 0 0 1 6 0 10 7 0 0 0 0 0 2 0 1 0 0 2 0 36 0 0 3
准确率:    1.0000 (34/34)
----------------------------------------
输入:       D>LH> LMSV> MN KL DBJC WKLJ XJLK
目标:     0 1 0 0 4 0 0 1 6 0 10 7 0 0 0 0 0 2 0 1 0 0 2 0 36 0 0 3 0 0 0 5 0
预测:     0 1 0 0 4 0 0 1 6 0 10 7 0 0 0 0 0 2 0 1 0 0 2 0 36 0 0 3 0 0 0 5 0
准确率:    1.0000 (33/33)
----------------------------------------
⏳ 验证无提升 (验证准确率: 0.9669 ≤ 0.9672)，patience: 9/50

======================================================================
🚀 Epoch 183/200
======================================================================
📚 开始训练阶段...
训练进度: 500/3164 损失=0.0000
训练进度: 1000/3164 损失=0.0003
训练进度: 1500/3164 损失=0.0000
训练进度: 2000/3164 损失=0.0205
训练进度: 2500/3164 损失=0.0001
训练进度: 3000/3164 损失=0.0002
训练进度: 3164/3164 损失=0.0009
✅ 训练完成，耗时: 57.3秒 (1.0分钟)

============================================================
📊 验证决策: Epoch 183/200
   验证间隔: 1
   是否验证: ✅ 是
   原因: 达到验证间隔 (0 == 0)
============================================================

🔍 开始验证...
验证进度: 500/686 损失=0.2383
验证进度: 686/686 损失=1.1396

📊 预测分布分析:
  - 预测的前5个类别: {np.int64(0): 283041, np.int64(1): 37144, np.int64(2): 14681, np.int64(3): 10756, np.int64(4): 9030}
  - 标签的前5个类别: {np.int64(0): 281232, np.int64(1): 36731, np.int64(2): 14789, np.int64(3): 10866, np.int64(4): 8585}
✅ 验证完成，耗时: 4.9秒 (0.1分钟)
训练损失: 0.0009
验证损失: 0.6947
验证准确率: 0.9669 (10601/10964) - 与Levenshtein高度相关
验证F1(加权): 0.9660 - 类别平衡更好
学习率: 0.000003
显存使用: 0.47GB (预留: 0.69GB)

生成的训练样本:
--------------------------------------------------------------------------------
输入:       LK <NK TCTLM LB<LDBBJK WLJT DMPY> BNJK
目标:     0 1 0 0 0 5 0 0 45 39 0 0 3 0 1 0 0 0 0 0 2 1 0 0 1 58 0 24 0 1 6 0 10 41 0 0 2 1 0
预测:     0 1 0 0 0 5 0 0 45 39 0 0 3 0 1 0 0 0 0 0 2 1 0 0 1 58 0 24 0 1 6 0 10 41 0 0 2 1 0
准确率:    1.0000 (39/39)
----------------------------------------
输入:       WLJT QL W>P L> DY>T WHPK L>WR<H
目标:     0 1 58 0 24 0 0 2 0 1 0 0 0 0 0 0 1 20 0 7 0 1 0 0 3 0 1 0 0 0 5 0
预测:     0 1 58 0 24 0 0 2 0 1 0 0 0 0 0 0 1 20 0 7 0 1 0 0 3 0 1 0 0 0 5 0
准确率:    1.0000 (32/32)
----------------------------------------
输入:       W<BR >LJ> <LWHJ WCD> M<PRH <LWHJ WCBQH
目标:     0 1 0 0 3 0 0 0 0 2 0 0 8 1 0 0 0 1 0 10 3 0 0 0 0 5 0 0 0 8 1 0 0 0 1 0 0 29 12
预测:     0 1 0 0 3 0 0 0 0 2 0 0 8 1 0 0 0 1 0 10 3 0 0 0 0 5 0 0 0 8 1 0 0 0 1 0 0 29 12
准确率:    1.0000 (39/39)
----------------------------------------

生成的验证样本:
--------------------------------------------------------------------------------
输入:       YBJNH D>LH> LMSV> MN KL DBJC WKLJ
目标:     0 0 0 0 5 0 0 1 0 0 4 0 0 1 6 0 10 7 0 0 0 0 0 2 0 1 0 0 2 0 36 0 0 3
预测:     0 0 0 0 5 0 0 1 0 0 4 0 0 1 6 0 10 7 0 0 0 0 0 2 0 1 0 0 2 0 36 0 0 3
准确率:    1.0000 (34/34)
----------------------------------------
输入:       D>LH> LMSV> MN KL DBJC WKLJ XJLK
目标:     0 1 0 0 4 0 0 1 6 0 10 7 0 0 0 0 0 2 0 1 0 0 2 0 36 0 0 3 0 0 0 5 0
预测:     0 1 0 0 4 0 0 1 6 0 10 7 0 0 0 0 0 2 0 1 0 0 2 0 36 0 0 3 0 0 0 5 0
准确率:    1.0000 (33/33)
----------------------------------------
⏳ 验证无提升 (验证准确率: 0.9669 ≤ 0.9672)，patience: 10/50

======================================================================
🚀 Epoch 184/200
======================================================================
📚 开始训练阶段...
训练进度: 500/3164 损失=0.0000
训练进度: 1000/3164 损失=0.0022
训练进度: 1500/3164 损失=0.0006
训练进度: 2000/3164 损失=0.0001
训练进度: 2500/3164 损失=0.0002
训练进度: 3000/3164 损失=0.0001
训练进度: 3164/3164 损失=0.0019
✅ 训练完成，耗时: 57.2秒 (1.0分钟)

============================================================
📊 验证决策: Epoch 184/200
   验证间隔: 1
   是否验证: ✅ 是
   原因: 达到验证间隔 (0 == 0)
============================================================

🔍 开始验证...
验证进度: 500/686 损失=0.2256
验证进度: 686/686 损失=1.0989

📊 预测分布分析:
  - 预测的前5个类别: {np.int64(0): 283078, np.int64(1): 37145, np.int64(2): 14692, np.int64(3): 10808, np.int64(4): 8998}
  - 标签的前5个类别: {np.int64(0): 281232, np.int64(1): 36731, np.int64(2): 14789, np.int64(3): 10866, np.int64(4): 8585}
✅ 验证完成，耗时: 4.9秒 (0.1分钟)
训练损失: 0.0008
验证损失: 0.6938
验证准确率: 0.9671 (10603/10964) - 与Levenshtein高度相关
验证F1(加权): 0.9661 - 类别平衡更好
学习率: 0.000003
显存使用: 0.48GB (预留: 0.69GB)

生成的训练样本:
--------------------------------------------------------------------------------
输入:       LMRJ> W>P MN BTR DM>T >N> >TKNCW
目标:     0 1 0 0 0 2 0 1 0 0 0 0 0 0 0 0 0 0 1 20 0 7 0 0 0 0 6 0 14 0 0 3 19
预测:     0 1 0 0 0 2 0 1 0 0 0 0 0 0 0 0 0 0 1 20 0 7 0 0 0 0 6 0 14 0 0 3 19
准确率:    1.0000 (33/33)
----------------------------------------
输入:       DGDCKWN DJTJR>JT TWB NXC >P LN GJR
目标:     0 1 0 0 29 0 0 0 0 1 0 0 0 0 0 0 0 0 0 0 0 0 44 0 130 0 0 0 0 1 0 0 0 0 0
预测:     0 1 0 0 29 0 0 0 0 1 0 0 0 0 0 0 0 0 0 0 0 0 44 0 130 0 0 0 0 1 0 0 0 0 0
准确率:    1.0000 (35/35)
----------------------------------------
输入:       W<M> DZK> MVL D>CTLM DL> NHWWN MCTBHRJN
目标:     0 1 0 15 0 0 1 0 10 3 0 0 0 0 0 1 47 39 0 0 3 0 1 0 0 0 6 0 18 0 0 0 45 39 17 0 0 7 0 0
预测:     0 1 0 15 0 0 1 0 10 3 0 0 0 0 0 1 47 39 0 0 3 0 1 0 0 0 6 0 18 0 0 0 45 39 17 0 0 7 0 0
准确率:    1.0000 (40/40)
----------------------------------------

生成的验证样本:
--------------------------------------------------------------------------------
输入:       YBJNH D>LH> LMSV> MN KL DBJC WKLJ
目标:     0 0 0 0 5 0 0 1 0 0 4 0 0 1 6 0 10 7 0 0 0 0 0 2 0 1 0 0 2 0 36 0 0 3
预测:     0 0 0 0 5 0 0 1 0 0 4 0 0 1 6 0 10 7 0 0 0 0 0 2 0 1 0 0 2 0 36 0 0 3
准确率:    1.0000 (34/34)
----------------------------------------
输入:       D>LH> LMSV> MN KL DBJC WKLJ XJLK
目标:     0 1 0 0 4 0 0 1 6 0 10 7 0 0 0 0 0 2 0 1 0 0 2 0 36 0 0 3 0 0 0 5 0
预测:     0 1 0 0 4 0 0 1 6 0 10 7 0 0 0 0 0 2 0 1 0 0 2 0 36 0 0 3 0 0 0 5 0
准确率:    1.0000 (33/33)
----------------------------------------
⏳ 验证无提升 (验证准确率: 0.9671 ≤ 0.9672)，patience: 11/50

======================================================================
🚀 Epoch 185/200
======================================================================
📚 开始训练阶段...
训练进度: 500/3164 损失=0.0000
训练进度: 1000/3164 损失=0.0004
训练进度: 1500/3164 损失=0.0000
训练进度: 2000/3164 损失=0.0002
训练进度: 2500/3164 损失=0.0003
训练进度: 3000/3164 损失=0.0000
训练进度: 3164/3164 损失=0.0000
✅ 训练完成，耗时: 57.1秒 (1.0分钟)

============================================================
📊 验证决策: Epoch 185/200
   验证间隔: 1
   是否验证: ✅ 是
   原因: 达到验证间隔 (0 == 0)
============================================================

🔍 开始验证...
验证进度: 500/686 损失=0.2346
验证进度: 686/686 损失=1.0881

📊 预测分布分析:
  - 预测的前5个类别: {np.int64(0): 283043, np.int64(1): 37142, np.int64(2): 14702, np.int64(3): 10826, np.int64(4): 9003}
  - 标签的前5个类别: {np.int64(0): 281232, np.int64(1): 36731, np.int64(2): 14789, np.int64(3): 10866, np.int64(4): 8585}
✅ 验证完成，耗时: 4.9秒 (0.1分钟)
训练损失: 0.0008
验证损失: 0.6938
验证准确率: 0.9671 (10603/10964) - 与Levenshtein高度相关
验证F1(加权): 0.9661 - 类别平衡更好
学习率: 0.000002
显存使用: 0.48GB (预留: 0.69GB)

生成的训练样本:
--------------------------------------------------------------------------------
输入:       N<BR LN L<BR> DJM> WNSBJWHJ LN WNCM<
目标:     0 6 0 0 3 0 1 0 0 1 0 0 15 0 0 1 0 4 0 0 1 34 0 48 35 0 0 0 0 1 0 0 1 44 0 0 3
预测:     0 6 0 0 3 0 1 0 0 1 0 0 15 0 0 1 0 4 0 0 1 34 0 48 35 0 0 0 0 1 0 0 1 44 0 0 3
准确率:    1.0000 (37/37)
----------------------------------------
输入:       CMH TMN M<SR> D<BWRK WDXMRK WDMCXK WBWKR>
目标:     0 0 5 0 0 0 0 0 0 0 0 0 11 0 0 1 0 0 0 5 0 0 1 1 0 0 37 0 0 1 1 0 0 5 0 0 1 0 0 0 11 0
预测:     0 0 5 0 0 0 0 0 0 0 0 0 11 0 0 1 0 0 0 5 0 0 1 1 0 0 37 0 0 1 1 0 0 5 0 0 1 0 0 0 11 0
准确率:    1.0000 (42/42)
----------------------------------------
输入:       WJD< LMDBRWTKWN BMDBR> HN> H> >RB<JN CNJN
目标:     0 1 0 0 3 0 1 6 0 0 7 0 67 0 0 0 0 1 0 0 0 4 0 0 0 0 0 0 0 0 0 0 0 0 2 0 0 0 0 13 0 0
预测:     0 1 0 0 3 0 1 6 0 0 7 0 67 0 0 0 0 1 0 0 0 4 0 0 0 0 0 0 0 0 0 0 0 0 2 0 0 0 0 13 0 0
准确率:    1.0000 (42/42)
----------------------------------------

生成的验证样本:
--------------------------------------------------------------------------------
输入:       YBJNH D>LH> LMSV> MN KL DBJC WKLJ
目标:     0 0 0 0 5 0 0 1 0 0 4 0 0 1 6 0 10 7 0 0 0 0 0 2 0 1 0 0 2 0 36 0 0 3
预测:     0 0 0 0 5 0 0 1 0 0 4 0 0 1 6 0 10 7 0 0 0 0 0 2 0 1 0 0 2 0 36 0 0 3
准确率:    1.0000 (34/34)
----------------------------------------
输入:       D>LH> LMSV> MN KL DBJC WKLJ XJLK
目标:     0 1 0 0 4 0 0 1 6 0 10 7 0 0 0 0 0 2 0 1 0 0 2 0 36 0 0 3 0 0 0 5 0
预测:     0 1 0 0 4 0 0 1 6 0 10 7 0 0 0 0 0 2 0 1 0 0 2 0 36 0 0 3 0 0 0 5 0
准确率:    1.0000 (33/33)
----------------------------------------
⏳ 验证无提升 (验证准确率: 0.9671 ≤ 0.9672)，patience: 12/50

======================================================================
🚀 Epoch 186/200
======================================================================
📚 开始训练阶段...
训练进度: 500/3164 损失=0.0001
训练进度: 1000/3164 损失=0.0001
训练进度: 1500/3164 损失=0.0011
训练进度: 2000/3164 损失=0.0000
训练进度: 2500/3164 损失=0.0000
训练进度: 3000/3164 损失=0.0000
训练进度: 3164/3164 损失=0.0001
✅ 训练完成，耗时: 57.2秒 (1.0分钟)

============================================================
📊 验证决策: Epoch 186/200
   验证间隔: 1
   是否验证: ✅ 是
   原因: 达到验证间隔 (0 == 0)
============================================================

🔍 开始验证...
验证进度: 500/686 损失=0.2285
验证进度: 686/686 损失=1.0728

📊 预测分布分析:
  - 预测的前5个类别: {np.int64(0): 283055, np.int64(1): 37155, np.int64(2): 14704, np.int64(3): 10803, np.int64(4): 8976}
  - 标签的前5个类别: {np.int64(0): 281232, np.int64(1): 36731, np.int64(2): 14789, np.int64(3): 10866, np.int64(4): 8585}
✅ 验证完成，耗时: 4.8秒 (0.1分钟)
训练损失: 0.0008
验证损失: 0.6947
验证准确率: 0.9671 (10603/10964) - 与Levenshtein高度相关
验证F1(加权): 0.9662 - 类别平衡更好
学习率: 0.000002
显存使用: 0.48GB (预留: 0.69GB)

生成的训练样本:
--------------------------------------------------------------------------------
输入:       WBYHJ> WB<RVLJWT> WBXWSRN> DKL MDM WNTL NJR>
目标:     0 1 1 0 0 15 0 0 1 1 0 0 0 0 0 2 9 0 0 1 1 0 0 0 0 4 0 0 1 0 2 0 0 0 2 0 1 0 0 3 0 0 0 4 0
预测:     0 1 1 0 0 15 0 0 1 1 0 0 0 0 0 2 9 0 0 1 1 0 0 0 0 4 0 0 1 0 2 0 0 0 2 0 1 0 0 3 0 0 0 4 0
准确率:    1.0000 (45/45)
----------------------------------------
输入:       <MWNJ> WMW>BJ> LKNWCTH DMRJ> >P L> LDR>
目标:     0 0 0 0 0 4 0 0 1 0 0 0 0 4 0 0 1 0 0 0 13 1 0 0 1 0 0 0 2 0 0 0 0 0 0 0 1 0 4 0
预测:     0 0 0 0 0 4 0 0 1 0 0 0 0 4 0 0 1 0 0 0 13 1 0 0 1 0 0 0 2 0 0 0 0 0 0 0 1 0 4 0
准确率:    1.0000 (40/40)
----------------------------------------
输入:       XLQ> DJN <BD DNHWWN VLJ> RJC> LQCJC>
目标:     0 0 0 4 0 0 0 0 0 0 0 0 7 0 1 6 0 18 0 0 0 0 24 9 0 0 0 0 11 0 0 1 0 0 0 11 0
预测:     0 0 0 4 0 0 0 0 0 0 0 0 7 0 1 6 0 18 0 0 0 0 24 9 0 0 0 0 11 0 0 1 0 0 0 11 0
准确率:    1.0000 (37/37)
----------------------------------------

生成的验证样本:
--------------------------------------------------------------------------------
输入:       YBJNH D>LH> LMSV> MN KL DBJC WKLJ
目标:     0 0 0 0 5 0 0 1 0 0 4 0 0 1 6 0 10 7 0 0 0 0 0 2 0 1 0 0 2 0 36 0 0 3
预测:     0 0 0 0 5 0 0 1 0 0 4 0 0 1 6 0 10 7 0 0 0 0 0 2 0 1 0 0 2 0 36 0 0 3
准确率:    1.0000 (34/34)
----------------------------------------
输入:       D>LH> LMSV> MN KL DBJC WKLJ XJLK
目标:     0 1 0 0 4 0 0 1 6 0 10 7 0 0 0 0 0 2 0 1 0 0 2 0 36 0 0 3 0 0 0 5 0
预测:     0 1 0 0 4 0 0 1 6 0 10 7 0 0 0 0 0 2 0 1 0 0 2 0 36 0 0 3 0 0 0 5 0
准确率:    1.0000 (33/33)
----------------------------------------
⏳ 验证无提升 (验证准确率: 0.9671 ≤ 0.9672)，patience: 13/50

======================================================================
🚀 Epoch 187/200
======================================================================
📚 开始训练阶段...
训练进度: 500/3164 损失=0.0000
训练进度: 1000/3164 损失=0.0000
训练进度: 1500/3164 损失=0.0003
训练进度: 2000/3164 损失=0.0008
训练进度: 2500/3164 损失=0.0000
训练进度: 3000/3164 损失=0.0002
训练进度: 3164/3164 损失=0.0001
✅ 训练完成，耗时: 57.1秒 (1.0分钟)

============================================================
📊 验证决策: Epoch 187/200
   验证间隔: 1
   是否验证: ✅ 是
   原因: 达到验证间隔 (0 == 0)
============================================================

🔍 开始验证...
验证进度: 500/686 损失=0.2314
验证进度: 686/686 损失=1.0674

📊 预测分布分析:
  - 预测的前5个类别: {np.int64(0): 283051, np.int64(1): 37151, np.int64(2): 14701, np.int64(3): 10809, np.int64(4): 8986}
  - 标签的前5个类别: {np.int64(0): 281232, np.int64(1): 36731, np.int64(2): 14789, np.int64(3): 10866, np.int64(4): 8585}
✅ 验证完成，耗时: 4.8秒 (0.1分钟)
训练损失: 0.0008
验证损失: 0.6968
验证准确率: 0.9670 (10602/10964) - 与Levenshtein高度相关
验证F1(加权): 0.9661 - 类别平衡更好
学习率: 0.000002
显存使用: 0.47GB (预留: 0.69GB)

生成的训练样本:
--------------------------------------------------------------------------------
输入:       LKLHJN NCWHJ NWKRJT> DSJMN HWJ BSM> WMDBXN
目标:     0 1 0 5 0 0 0 60 47 96 1 0 0 0 0 0 0 0 2 23 0 0 1 20 0 7 0 0 0 0 80 0 0 0 11 0 0 1 6 0 0 7 19
预测:     0 1 0 5 0 0 0 60 47 96 1 0 0 0 0 0 0 0 2 23 0 0 1 20 0 7 0 0 0 0 80 0 0 0 11 0 0 1 6 0 0 7 19
准确率:    1.0000 (43/43)
----------------------------------------
输入:       L<WZJ> MLK> DJHWD> >MLK PQXJ> BR MXNJM
目标:     0 1 0 0 0 0 2 0 0 0 4 0 0 1 0 0 0 0 2 0 17 0 0 33 0 0 0 0 0 2 0 0 2 0 0 0 0 0 2
预测:     0 1 0 0 0 0 2 0 0 0 4 0 0 1 0 0 0 0 2 0 17 0 0 33 0 0 0 0 0 2 0 0 2 0 0 0 0 0 2
准确率:    1.0000 (39/39)
----------------------------------------
输入:       LNBWT >JZR<LJ> B>JZR<JL <L GB HJKL> D>XB
目标:     0 1 0 0 0 2 0 0 0 0 0 0 0 4 0 0 1 0 0 0 0 0 0 2 0 0 0 0 54 2 0 0 0 0 4 0 0 1 0 0 2
预测:     0 1 0 0 0 2 0 0 0 0 0 0 0 4 0 0 1 0 0 0 0 0 0 2 0 0 0 0 54 2 0 0 0 0 4 0 0 1 0 0 2
准确率:    1.0000 (41/41)
----------------------------------------

生成的验证样本:
--------------------------------------------------------------------------------
输入:       YBJNH D>LH> LMSV> MN KL DBJC WKLJ
目标:     0 0 0 0 5 0 0 1 0 0 4 0 0 1 6 0 10 7 0 0 0 0 0 2 0 1 0 0 2 0 36 0 0 3
预测:     0 0 0 0 5 0 0 1 0 0 4 0 0 1 6 0 10 7 0 0 0 0 0 2 0 1 0 0 2 0 36 0 0 3
准确率:    1.0000 (34/34)
----------------------------------------
输入:       D>LH> LMSV> MN KL DBJC WKLJ XJLK
目标:     0 1 0 0 4 0 0 1 6 0 10 7 0 0 0 0 0 2 0 1 0 0 2 0 36 0 0 3 0 0 0 5 0
预测:     0 1 0 0 4 0 0 1 6 0 10 7 0 0 0 0 0 2 0 1 0 0 2 0 36 0 0 3 0 0 0 5 0
准确率:    1.0000 (33/33)
----------------------------------------
⏳ 验证无提升 (验证准确率: 0.9670 ≤ 0.9672)，patience: 14/50

======================================================================
🚀 Epoch 188/200
======================================================================
📚 开始训练阶段...
训练进度: 500/3164 损失=0.0000
训练进度: 1000/3164 损失=0.0000
训练进度: 1500/3164 损失=0.0001
训练进度: 2000/3164 损失=0.0004
训练进度: 2500/3164 损失=0.0000
训练进度: 3000/3164 损失=0.0000
训练进度: 3164/3164 损失=0.0001
✅ 训练完成，耗时: 57.2秒 (1.0分钟)

============================================================
📊 验证决策: Epoch 188/200
   验证间隔: 1
   是否验证: ✅ 是
   原因: 达到验证间隔 (0 == 0)
============================================================

🔍 开始验证...
验证进度: 500/686 损失=0.2399
验证进度: 686/686 损失=1.0325

📊 预测分布分析:
  - 预测的前5个类别: {np.int64(0): 283061, np.int64(1): 37167, np.int64(2): 14714, np.int64(3): 10834, np.int64(4): 8944}
  - 标签的前5个类别: {np.int64(0): 281232, np.int64(1): 36731, np.int64(2): 14789, np.int64(3): 10866, np.int64(4): 8585}
✅ 验证完成，耗时: 4.8秒 (0.1分钟)
训练损失: 0.0008
验证损失: 0.6981
验证准确率: 0.9671 (10603/10964) - 与Levenshtein高度相关
验证F1(加权): 0.9661 - 类别平衡更好
学习率: 0.000002
显存使用: 0.47GB (预留: 0.69GB)

生成的训练样本:
--------------------------------------------------------------------------------
输入:       BXCBWN WL<WG MLK> DMTNJN DJTB HW> B<STRWT
目标:     0 1 0 0 0 0 2 0 1 1 0 0 2 0 0 0 4 0 0 1 0 0 0 0 2 0 1 0 0 7 0 0 10 3 0 1 0 0 0 0 0 2
预测:     0 1 0 0 0 0 2 0 1 1 0 0 2 0 0 0 4 0 0 1 0 0 0 0 2 0 1 0 0 7 0 0 10 3 0 1 0 0 0 0 0 2
准确率:    1.0000 (42/42)
----------------------------------------
输入:       SVN> LHDRWN BR >LJD< D<RQ MN LWT
目标:     0 0 0 4 0 0 1 0 0 0 0 2 0 0 2 0 0 0 0 0 2 0 1 0 0 3 0 0 0 0 0 0 0
预测:     0 0 0 4 0 0 1 0 0 0 0 2 0 0 2 0 0 0 0 0 2 0 1 0 0 3 0 0 0 0 0 0 0
准确率:    1.0000 (33/33)
----------------------------------------
输入:       DNXZ> MDM MVL DJQR <JNWHJ MN SJBWTH
目标:     0 1 6 0 10 3 0 0 0 2 0 0 0 0 0 1 0 0 3 0 0 0 25 1 0 0 0 0 0 0 0 0 0 2 1 0
预测:     0 1 6 0 10 3 0 0 0 2 0 0 0 0 0 1 0 0 3 0 0 0 25 1 0 0 0 0 0 0 0 0 0 2 1 0
准确率:    1.0000 (36/36)
----------------------------------------

生成的验证样本:
--------------------------------------------------------------------------------
输入:       YBJNH D>LH> LMSV> MN KL DBJC WKLJ
目标:     0 0 0 0 5 0 0 1 0 0 4 0 0 1 6 0 10 7 0 0 0 0 0 2 0 1 0 0 2 0 36 0 0 3
预测:     0 0 0 0 5 0 0 1 0 0 4 0 0 1 6 0 10 7 0 0 0 0 0 2 0 1 0 0 2 0 36 0 0 3
准确率:    1.0000 (34/34)
----------------------------------------
输入:       D>LH> LMSV> MN KL DBJC WKLJ XJLK
目标:     0 1 0 0 4 0 0 1 6 0 10 7 0 0 0 0 0 2 0 1 0 0 2 0 36 0 0 3 0 0 0 5 0
预测:     0 1 0 0 4 0 0 1 6 0 10 7 0 0 0 0 0 2 0 1 0 0 2 0 36 0 0 3 0 0 0 5 0
准确率:    1.0000 (33/33)
----------------------------------------
⏳ 验证无提升 (验证准确率: 0.9671 ≤ 0.9672)，patience: 15/50

======================================================================
🚀 Epoch 189/200
======================================================================
📚 开始训练阶段...
训练进度: 500/3164 损失=0.0000
训练进度: 1000/3164 损失=0.0014
训练进度: 1500/3164 损失=0.0000
训练进度: 2000/3164 损失=0.0001
训练进度: 2500/3164 损失=0.0000
训练进度: 3000/3164 损失=0.0000
训练进度: 3164/3164 损失=0.0000
✅ 训练完成，耗时: 57.2秒 (1.0分钟)

============================================================
📊 验证决策: Epoch 189/200
   验证间隔: 1
   是否验证: ✅ 是
   原因: 达到验证间隔 (0 == 0)
============================================================

🔍 开始验证...
验证进度: 500/686 损失=0.2390
验证进度: 686/686 损失=1.0635

📊 预测分布分析:
  - 预测的前5个类别: {np.int64(0): 283086, np.int64(1): 37155, np.int64(2): 14707, np.int64(3): 10824, np.int64(4): 8954}
  - 标签的前5个类别: {np.int64(0): 281232, np.int64(1): 36731, np.int64(2): 14789, np.int64(3): 10866, np.int64(4): 8585}
✅ 验证完成，耗时: 4.8秒 (0.1分钟)
训练损失: 0.0008
验证损失: 0.6983
验证准确率: 0.9671 (10603/10964) - 与Levenshtein高度相关
验证F1(加权): 0.9661 - 类别平衡更好
学习率: 0.000002
显存使用: 0.48GB (预留: 0.69GB)

生成的训练样本:
--------------------------------------------------------------------------------
输入:       DBK >RHV <L GJS> WB>LHJ >CWR CWR>
目标:     0 1 1 0 0 6 0 0 3 0 0 0 0 0 0 4 0 0 1 1 0 0 5 0 0 6 0 0 33 0 0 0 4 0
预测:     0 1 1 0 0 6 0 0 3 0 0 0 0 0 0 4 0 0 1 1 0 0 5 0 0 6 0 0 33 0 0 0 4 0
准确率:    1.0000 (34/34)
----------------------------------------
输入:       WKD CM< JWRB<M BR NBV WHW <DKJL
目标:     0 1 0 0 0 0 0 3 0 0 0 0 0 0 2 0 0 2 0 0 0 2 0 1 0 0 0 0 0 0 0 0
预测:     0 1 0 0 0 0 0 3 0 0 0 0 0 0 2 0 0 2 0 0 0 2 0 1 0 0 0 0 0 0 0 0
准确率:    1.0000 (32/32)
----------------------------------------
输入:       DCPJR> L> NXWRN WL> TTBQ> BCWPR> DL>
目标:     0 1 0 8 0 7 27 0 0 0 0 6 0 0 3 12 0 1 0 0 0 21 14 0 10 16 0 1 0 0 0 4 0 0 1 0 0
预测:     0 1 0 8 0 7 27 0 0 0 0 6 0 0 3 12 0 1 0 0 0 21 14 0 10 16 0 1 0 0 0 4 0 0 1 0 0
准确率:    1.0000 (37/37)
----------------------------------------

生成的验证样本:
--------------------------------------------------------------------------------
输入:       YBJNH D>LH> LMSV> MN KL DBJC WKLJ
目标:     0 0 0 0 5 0 0 1 0 0 4 0 0 1 6 0 10 7 0 0 0 0 0 2 0 1 0 0 2 0 36 0 0 3
预测:     0 0 0 0 5 0 0 1 0 0 4 0 0 1 6 0 10 7 0 0 0 0 0 2 0 1 0 0 2 0 36 0 0 3
准确率:    1.0000 (34/34)
----------------------------------------
输入:       D>LH> LMSV> MN KL DBJC WKLJ XJLK
目标:     0 1 0 0 4 0 0 1 6 0 10 7 0 0 0 0 0 2 0 1 0 0 2 0 36 0 0 3 0 0 0 5 0
预测:     0 1 0 0 4 0 0 1 6 0 10 7 0 0 0 0 0 2 0 1 0 0 2 0 36 0 0 3 0 0 0 5 0
准确率:    1.0000 (33/33)
----------------------------------------
⏳ 验证无提升 (验证准确率: 0.9671 ≤ 0.9672)，patience: 16/50

======================================================================
🚀 Epoch 190/200
======================================================================
📚 开始训练阶段...
训练进度: 500/3164 损失=0.0000
训练进度: 1000/3164 损失=0.0000
训练进度: 1500/3164 损失=0.0001
训练进度: 2000/3164 损失=0.0000
训练进度: 2500/3164 损失=0.0001
训练进度: 3000/3164 损失=0.0011
训练进度: 3164/3164 损失=0.0000
✅ 训练完成，耗时: 57.2秒 (1.0分钟)

============================================================
📊 验证决策: Epoch 190/200
   验证间隔: 1
   是否验证: ✅ 是
   原因: 达到验证间隔 (0 == 0)
============================================================

🔍 开始验证...
验证进度: 500/686 损失=0.2389
验证进度: 686/686 损失=1.0741

📊 预测分布分析:
  - 预测的前5个类别: {np.int64(0): 283041, np.int64(1): 37152, np.int64(2): 14719, np.int64(3): 10808, np.int64(4): 8969}
  - 标签的前5个类别: {np.int64(0): 281232, np.int64(1): 36731, np.int64(2): 14789, np.int64(3): 10866, np.int64(4): 8585}
✅ 验证完成，耗时: 4.8秒 (0.1分钟)
训练损失: 0.0008
验证损失: 0.6995
验证准确率: 0.9671 (10603/10964) - 与Levenshtein高度相关
验证F1(加权): 0.9661 - 类别平衡更好
学习率: 0.000002
显存使用: 0.48GB (预留: 0.69GB)

生成的训练样本:
--------------------------------------------------------------------------------
输入:       DBQNJ> W>N HD> SNJQWT> D>JT LH JWM>
目标:     0 1 1 0 108 9 0 0 1 0 0 0 0 0 0 0 0 0 0 0 2 9 0 0 1 0 0 24 0 1 0 0 0 0 260 0
预测:     0 1 1 0 108 9 0 0 1 0 0 0 0 0 0 0 0 0 0 0 2 9 0 0 1 0 0 24 0 1 0 0 0 0 260 0
准确率:    1.0000 (36/36)
----------------------------------------
输入:       VWBJK >JSRJL MNW >KWTK <M> DPWRQNH BMRJ>
目标:     0 0 0 2 1 0 0 0 0 0 0 0 2 0 0 81 0 0 0 0 0 1 0 0 0 15 0 0 1 0 0 0 0 5 0 0 1 0 0 0 2
预测:     0 0 0 2 1 0 0 0 0 0 0 0 2 0 0 81 0 0 0 0 0 1 0 0 0 15 0 0 1 0 0 0 0 5 0 0 1 0 0 0 2
准确率:    1.0000 (41/41)
----------------------------------------
输入:       KLHWN DBJT >JSRJL BJRX> D<LLT> BXG> HWJW
目标:     0 0 5 0 0 0 0 1 0 0 2 0 0 0 0 0 0 2 0 1 0 0 4 0 0 1 0 0 13 9 0 0 1 0 4 0 0 0 99 0 0
预测:     0 0 5 0 0 0 0 1 0 0 2 0 0 0 0 0 0 2 0 1 0 0 4 0 0 1 0 0 13 9 0 0 1 0 4 0 0 0 99 0 0
准确率:    1.0000 (41/41)
----------------------------------------

生成的验证样本:
--------------------------------------------------------------------------------
输入:       YBJNH D>LH> LMSV> MN KL DBJC WKLJ
目标:     0 0 0 0 5 0 0 1 0 0 4 0 0 1 6 0 10 7 0 0 0 0 0 2 0 1 0 0 2 0 36 0 0 3
预测:     0 0 0 0 5 0 0 1 0 0 4 0 0 1 6 0 10 7 0 0 0 0 0 2 0 1 0 0 2 0 36 0 0 3
准确率:    1.0000 (34/34)
----------------------------------------
输入:       D>LH> LMSV> MN KL DBJC WKLJ XJLK
目标:     0 1 0 0 4 0 0 1 6 0 10 7 0 0 0 0 0 2 0 1 0 0 2 0 36 0 0 3 0 0 0 5 0
预测:     0 1 0 0 4 0 0 1 6 0 10 7 0 0 0 0 0 2 0 1 0 0 2 0 36 0 0 3 0 0 0 5 0
准确率:    1.0000 (33/33)
----------------------------------------
⏳ 验证无提升 (验证准确率: 0.9671 ≤ 0.9672)，patience: 17/50

======================================================================
🚀 Epoch 191/200
======================================================================
📚 开始训练阶段...
训练进度: 500/3164 损失=0.0013
训练进度: 1000/3164 损失=0.0019
训练进度: 1500/3164 损失=0.0000
训练进度: 2000/3164 损失=0.0000
训练进度: 2500/3164 损失=0.0000
训练进度: 3000/3164 损失=0.0000
训练进度: 3164/3164 损失=0.0001
✅ 训练完成，耗时: 57.2秒 (1.0分钟)

============================================================
📊 验证决策: Epoch 191/200
   验证间隔: 1
   是否验证: ✅ 是
   原因: 达到验证间隔 (0 == 0)
============================================================

🔍 开始验证...
验证进度: 500/686 损失=0.2474
验证进度: 686/686 损失=1.0757

📊 预测分布分析:
  - 预测的前5个类别: {np.int64(0): 283114, np.int64(1): 37153, np.int64(2): 14712, np.int64(3): 10819, np.int64(4): 8930}
  - 标签的前5个类别: {np.int64(0): 281232, np.int64(1): 36731, np.int64(2): 14789, np.int64(3): 10866, np.int64(4): 8585}
✅ 验证完成，耗时: 4.8秒 (0.1分钟)
训练损失: 0.0008
验证损失: 0.7021
验证准确率: 0.9671 (10602/10964) - 与Levenshtein高度相关
验证F1(加权): 0.9661 - 类别平衡更好
学习率: 0.000002
显存使用: 0.48GB (预留: 0.69GB)

生成的训练样本:
--------------------------------------------------------------------------------
输入:       L> TDXL MVWL DSGJ>JN >NWN D<MN MN
目标:     0 0 0 0 6 0 0 3 0 0 8 0 0 0 1 0 0 0 2 0 0 0 0 0 0 0 0 1 0 1 0 0 0 0
预测:     0 0 0 0 6 0 0 3 0 0 8 0 0 0 1 0 0 0 2 0 0 0 0 0 0 0 0 1 0 1 0 0 0 0
准确率:    1.0000 (34/34)
----------------------------------------
输入:       DJHWD> >MLK <MRJ <L >JSRJL TRT<SR> CNJN
目标:     0 1 0 0 0 0 2 0 17 0 0 33 0 0 0 0 2 0 0 0 0 0 0 0 0 0 2 0 0 2 134 0 0 2 0 0 0 13 0 0
预测:     0 1 0 0 0 0 2 0 17 0 0 33 0 0 0 0 2 0 0 0 0 0 0 0 0 0 2 0 0 2 134 0 0 2 0 0 0 13 0 0
准确率:    1.0000 (40/40)
----------------------------------------
输入:       MLK> D>DWM WL> >CKX WNSB LBRH BWKRH
目标:     0 0 0 4 0 0 1 0 0 0 2 0 1 0 0 8 0 0 0 3 0 1 0 0 3 0 1 0 5 0 0 0 0 0 5 0
预测:     0 0 0 4 0 0 1 0 0 0 2 0 1 0 0 8 0 0 0 3 0 1 0 0 3 0 1 0 5 0 0 0 0 0 5 0
准确率:    1.0000 (36/36)
----------------------------------------

生成的验证样本:
--------------------------------------------------------------------------------
输入:       YBJNH D>LH> LMSV> MN KL DBJC WKLJ
目标:     0 0 0 0 5 0 0 1 0 0 4 0 0 1 6 0 10 7 0 0 0 0 0 2 0 1 0 0 2 0 36 0 0 3
预测:     0 0 0 0 5 0 0 1 0 0 4 0 0 1 6 0 10 7 0 0 0 0 0 2 0 1 0 0 2 0 36 0 0 3
准确率:    1.0000 (34/34)
----------------------------------------
输入:       D>LH> LMSV> MN KL DBJC WKLJ XJLK
目标:     0 1 0 0 4 0 0 1 6 0 10 7 0 0 0 0 0 2 0 1 0 0 2 0 36 0 0 3 0 0 0 5 0
预测:     0 1 0 0 4 0 0 1 6 0 10 7 0 0 0 0 0 2 0 1 0 0 2 0 36 0 0 3 0 0 0 5 0
准确率:    1.0000 (33/33)
----------------------------------------
⏳ 验证无提升 (验证准确率: 0.9671 ≤ 0.9672)，patience: 18/50

======================================================================
🚀 Epoch 192/200
======================================================================
📚 开始训练阶段...
训练进度: 500/3164 损失=0.0000
训练进度: 1000/3164 损失=0.0000
训练进度: 1500/3164 损失=0.0000
训练进度: 2000/3164 损失=0.0000
训练进度: 2500/3164 损失=0.0010
训练进度: 3000/3164 损失=0.0001
训练进度: 3164/3164 损失=0.0001
✅ 训练完成，耗时: 57.5秒 (1.0分钟)

============================================================
📊 验证决策: Epoch 192/200
   验证间隔: 1
   是否验证: ✅ 是
   原因: 达到验证间隔 (0 == 0)
============================================================

🔍 开始验证...
验证进度: 500/686 损失=0.2493
验证进度: 686/686 损失=1.0777

📊 预测分布分析:
  - 预测的前5个类别: {np.int64(0): 283055, np.int64(1): 37150, np.int64(2): 14698, np.int64(3): 10824, np.int64(4): 8925}
  - 标签的前5个类别: {np.int64(0): 281232, np.int64(1): 36731, np.int64(2): 14789, np.int64(3): 10866, np.int64(4): 8585}
✅ 验证完成，耗时: 4.8秒 (0.1分钟)
训练损失: 0.0008
验证损失: 0.7005
验证准确率: 0.9671 (10603/10964) - 与Levenshtein高度相关
验证F1(加权): 0.9662 - 类别平衡更好
学习率: 0.000001
显存使用: 0.48GB (预留: 0.69GB)

生成的训练样本:
--------------------------------------------------------------------------------
输入:       >N> LK BLXWD BKL RGT> DNPCK KWS
目标:     0 0 0 0 0 1 0 0 1 0 0 0 2 0 1 0 2 0 0 13 9 0 0 1 0 0 5 0 34 8 0 33
预测:     0 0 0 0 0 1 0 0 1 0 0 0 2 0 1 0 2 0 0 13 9 0 0 1 0 0 5 0 34 8 0 33
准确率:    1.0000 (32/32)
----------------------------------------
输入:       QDMJ> TCRJ WDBTRH MRXCWN DBH LM RXCN
目标:     0 0 0 0 4 0 0 0 0 0 2 0 1 1 0 0 1 0 0 0 0 0 0 0 2 0 1 1 0 0 0 0 0 0 0 7 0
预测:     0 0 0 0 4 0 0 0 0 0 2 0 1 1 0 0 1 0 0 0 0 0 0 0 2 0 1 1 0 0 0 0 0 0 0 7 0
准确率:    1.0000 (37/37)
----------------------------------------
输入:       NMWS> DND<WN <MM> DBNJ >NC> >NWN LMN>
目标:     0 0 0 0 4 0 0 1 52 0 3 0 0 0 0 8 30 0 0 1 0 2 0 0 0 0 11 0 0 0 0 0 0 0 1 0 0 0
预测:     0 0 0 0 4 0 0 1 52 0 3 0 0 0 0 8 30 0 0 1 0 2 0 0 0 0 11 0 0 0 0 0 0 0 1 0 0 0
准确率:    1.0000 (38/38)
----------------------------------------

生成的验证样本:
--------------------------------------------------------------------------------
输入:       YBJNH D>LH> LMSV> MN KL DBJC WKLJ
目标:     0 0 0 0 5 0 0 1 0 0 4 0 0 1 6 0 10 7 0 0 0 0 0 2 0 1 0 0 2 0 36 0 0 3
预测:     0 0 0 0 5 0 0 1 0 0 4 0 0 1 6 0 10 7 0 0 0 0 0 2 0 1 0 0 2 0 36 0 0 3
准确率:    1.0000 (34/34)
----------------------------------------
输入:       D>LH> LMSV> MN KL DBJC WKLJ XJLK
目标:     0 1 0 0 4 0 0 1 6 0 10 7 0 0 0 0 0 2 0 1 0 0 2 0 36 0 0 3 0 0 0 5 0
预测:     0 1 0 0 4 0 0 1 6 0 10 7 0 0 0 0 0 2 0 1 0 0 2 0 36 0 0 3 0 0 0 5 0
准确率:    1.0000 (33/33)
----------------------------------------
⏳ 验证无提升 (验证准确率: 0.9671 ≤ 0.9672)，patience: 19/50

======================================================================
🚀 Epoch 193/200
======================================================================
📚 开始训练阶段...
训练进度: 500/3164 损失=0.0004
训练进度: 1000/3164 损失=0.0000
训练进度: 1500/3164 损失=0.0000
训练进度: 2000/3164 损失=0.0000
训练进度: 2500/3164 损失=0.0001
训练进度: 3000/3164 损失=0.0000
训练进度: 3164/3164 损失=0.0000
✅ 训练完成，耗时: 57.2秒 (1.0分钟)

============================================================
📊 验证决策: Epoch 193/200
   验证间隔: 1
   是否验证: ✅ 是
   原因: 达到验证间隔 (0 == 0)
============================================================

🔍 开始验证...
验证进度: 500/686 损失=0.2462
验证进度: 686/686 损失=1.0968

📊 预测分布分析:
  - 预测的前5个类别: {np.int64(0): 283085, np.int64(1): 37160, np.int64(2): 14693, np.int64(3): 10789, np.int64(4): 8955}
  - 标签的前5个类别: {np.int64(0): 281232, np.int64(1): 36731, np.int64(2): 14789, np.int64(3): 10866, np.int64(4): 8585}
✅ 验证完成，耗时: 4.8秒 (0.1分钟)
训练损失: 0.0008
验证损失: 0.7018
验证准确率: 0.9671 (10603/10964) - 与Levenshtein高度相关
验证F1(加权): 0.9662 - 类别平衡更好
学习率: 0.000001
显存使用: 0.47GB (预留: 0.69GB)

生成的训练样本:
--------------------------------------------------------------------------------
输入:       D<M> >NT QC> QDL> >TDKR WL> TV<>
目标:     0 1 0 15 0 0 0 0 0 0 0 138 0 0 0 0 4 0 6 0 14 0 0 3 0 1 0 0 0 6 0 10 3
预测:     0 1 0 15 0 0 0 0 0 0 0 138 0 0 0 0 4 0 6 0 14 0 0 3 0 1 0 0 0 6 0 10 3
准确率:    1.0000 (33/33)
----------------------------------------
输入:       >MH WJHB LHWN W>KLW WL> XWJ >NWN
目标:     0 0 5 0 0 1 0 0 3 0 1 0 0 0 0 1 0 0 3 0 0 1 0 0 0 0 0 16 0 0 0 0 0
预测:     0 0 5 0 0 1 0 0 3 0 1 0 0 0 0 1 0 0 3 0 0 1 0 0 0 0 0 16 0 0 0 0 0
准确率:    1.0000 (33/33)
----------------------------------------
输入:       GJR >JK SWG>> DRXMWHJ L> NDWNN WJ
目标:     0 0 0 0 0 0 0 0 0 0 0 0 4 0 0 1 0 0 69 1 0 0 0 0 0 0 6 0 0 29 0 0 0 0
预测:     0 0 0 0 0 0 0 0 0 0 0 0 4 0 0 1 0 0 69 1 0 0 0 0 0 0 6 0 0 29 0 0 0 0
准确率:    1.0000 (34/34)
----------------------------------------

生成的验证样本:
--------------------------------------------------------------------------------
输入:       YBJNH D>LH> LMSV> MN KL DBJC WKLJ
目标:     0 0 0 0 5 0 0 1 0 0 4 0 0 1 6 0 10 7 0 0 0 0 0 2 0 1 0 0 2 0 36 0 0 3
预测:     0 0 0 0 5 0 0 1 0 0 4 0 0 1 6 0 10 7 0 0 0 0 0 2 0 1 0 0 2 0 36 0 0 3
准确率:    1.0000 (34/34)
----------------------------------------
输入:       D>LH> LMSV> MN KL DBJC WKLJ XJLK
目标:     0 1 0 0 4 0 0 1 6 0 10 7 0 0 0 0 0 2 0 1 0 0 2 0 36 0 0 3 0 0 0 5 0
预测:     0 1 0 0 4 0 0 1 6 0 10 7 0 0 0 0 0 2 0 1 0 0 2 0 36 0 0 3 0 0 0 5 0
准确率:    1.0000 (33/33)
----------------------------------------
⏳ 验证无提升 (验证准确率: 0.9671 ≤ 0.9672)，patience: 20/50

======================================================================
🚀 Epoch 194/200
======================================================================
📚 开始训练阶段...
训练进度: 500/3164 损失=0.0002
训练进度: 1000/3164 损失=0.0091
训练进度: 1500/3164 损失=0.0000
训练进度: 2000/3164 损失=0.0020
训练进度: 2500/3164 损失=0.0010
训练进度: 3000/3164 损失=0.0000
训练进度: 3164/3164 损失=0.0003
✅ 训练完成，耗时: 57.3秒 (1.0分钟)

============================================================
📊 验证决策: Epoch 194/200
   验证间隔: 1
   是否验证: ✅ 是
   原因: 达到验证间隔 (0 == 0)
============================================================

🔍 开始验证...
验证进度: 500/686 损失=0.2347
验证进度: 686/686 损失=1.0951

📊 预测分布分析:
  - 预测的前5个类别: {np.int64(0): 283043, np.int64(1): 37150, np.int64(2): 14700, np.int64(3): 10802, np.int64(4): 8965}
  - 标签的前5个类别: {np.int64(0): 281232, np.int64(1): 36731, np.int64(2): 14789, np.int64(3): 10866, np.int64(4): 8585}
✅ 验证完成，耗时: 4.8秒 (0.1分钟)
训练损失: 0.0007
验证损失: 0.7022
验证准确率: 0.9671 (10603/10964) - 与Levenshtein高度相关
验证F1(加权): 0.9662 - 类别平衡更好
学习率: 0.000001
显存使用: 0.47GB (预留: 0.69GB)

生成的训练样本:
--------------------------------------------------------------------------------
输入:       MN QDM >LH> >TPQD LMV<> BXWCBNJ LLJ>
目标:     0 0 0 0 0 0 2 0 0 0 4 0 0 0 14 0 0 3 0 1 6 0 10 7 0 1 0 0 0 0 2 0 0 38 0 4 0
预测:     0 0 0 0 0 0 2 0 0 0 4 0 0 0 14 0 0 3 0 1 6 0 10 7 0 1 0 0 0 0 2 0 0 38 0 4 0
准确率:    1.0000 (37/37)
----------------------------------------
输入:       LXKJM> WNDBRWN BZBN> DQ>RS> MXJL> LXJLTN> WRHJB>
目标:     0 1 0 0 0 11 0 0 1 6 0 0 3 0 19 0 1 0 0 4 0 0 1 0 0 0 4 0 0 0 0 0 11 0 0 1 0 0 0 0 11 0 0 1 0 8 0 65 27
预测:     0 1 0 0 0 11 0 0 1 6 0 0 3 0 19 0 1 0 0 4 0 0 1 0 0 0 4 0 0 0 0 0 11 0 0 1 0 0 0 0 11 0 0 1 0 8 0 65 27
准确率:    1.0000 (49/49)
----------------------------------------
输入:       BXJ> WSJMTK MLJ KRSHWN NSB<WN BNJ> WNCBQWN
目标:     0 1 0 11 0 0 1 0 0 13 32 0 0 0 0 80 0 0 0 5 0 0 0 0 6 0 0 3 0 0 0 0 2 9 0 0 1 6 0 0 3 0 0
预测:     0 1 0 11 0 0 1 0 0 13 32 0 0 0 0 80 0 0 0 5 0 0 0 0 6 0 0 3 0 0 0 0 2 9 0 0 1 6 0 0 3 0 0
准确率:    1.0000 (43/43)
----------------------------------------

生成的验证样本:
--------------------------------------------------------------------------------
输入:       YBJNH D>LH> LMSV> MN KL DBJC WKLJ
目标:     0 0 0 0 5 0 0 1 0 0 4 0 0 1 6 0 10 7 0 0 0 0 0 2 0 1 0 0 2 0 36 0 0 3
预测:     0 0 0 0 5 0 0 1 0 0 4 0 0 1 6 0 10 7 0 0 0 0 0 2 0 1 0 0 2 0 36 0 0 3
准确率:    1.0000 (34/34)
----------------------------------------
输入:       D>LH> LMSV> MN KL DBJC WKLJ XJLK
目标:     0 1 0 0 4 0 0 1 6 0 10 7 0 0 0 0 0 2 0 1 0 0 2 0 36 0 0 3 0 0 0 5 0
预测:     0 1 0 0 4 0 0 1 6 0 10 7 0 0 0 0 0 2 0 1 0 0 2 0 36 0 0 3 0 0 0 5 0
准确率:    1.0000 (33/33)
----------------------------------------
⏳ 验证无提升 (验证准确率: 0.9671 ≤ 0.9672)，patience: 21/50

======================================================================
🚀 Epoch 195/200
======================================================================
📚 开始训练阶段...
训练进度: 500/3164 损失=0.0000
训练进度: 1000/3164 损失=0.0005
训练进度: 1500/3164 损失=0.0001
训练进度: 2000/3164 损失=0.0000
训练进度: 2500/3164 损失=0.0137
训练进度: 3000/3164 损失=0.0001
训练进度: 3164/3164 损失=0.0118
✅ 训练完成，耗时: 57.3秒 (1.0分钟)

============================================================
📊 验证决策: Epoch 195/200
   验证间隔: 1
   是否验证: ✅ 是
   原因: 达到验证间隔 (0 == 0)
============================================================

🔍 开始验证...
验证进度: 500/686 损失=0.2320
验证进度: 686/686 损失=1.0962

📊 预测分布分析:
  - 预测的前5个类别: {np.int64(0): 283059, np.int64(1): 37159, np.int64(2): 14709, np.int64(3): 10807, np.int64(4): 8958}
  - 标签的前5个类别: {np.int64(0): 281232, np.int64(1): 36731, np.int64(2): 14789, np.int64(3): 10866, np.int64(4): 8585}
✅ 验证完成，耗时: 4.8秒 (0.1分钟)
训练损失: 0.0008
验证损失: 0.7033
验证准确率: 0.9671 (10603/10964) - 与Levenshtein高度相关
验证F1(加权): 0.9662 - 类别平衡更好
学习率: 0.000001
显存使用: 0.48GB (预留: 0.69GB)

生成的训练样本:
--------------------------------------------------------------------------------
输入:       NLWVWNH DMVLTH HWW BSJR> B<LM> WJ LHWN
目标:     0 6 0 0 3 0 1 0 0 1 0 0 8 1 0 0 0 18 0 0 0 8 0 132 27 0 1 0 0 4 0 0 0 0 0 1 0 0 0
预测:     0 6 0 0 3 0 1 0 0 1 0 0 8 1 0 0 0 18 0 0 0 8 0 132 27 0 1 0 0 4 0 0 0 0 0 1 0 0 0
准确率:    1.0000 (39/39)
----------------------------------------
输入:       NLWJK MN >LP> DSJMT> D<T> MVL DMBVL
目标:     0 6 0 0 197 0 0 0 0 0 0 0 11 0 0 1 0 0 13 23 0 0 1 54 15 0 0 0 0 0 0 1 6 0 0 41
预测:     0 6 0 0 197 0 0 0 0 0 0 0 11 0 0 1 0 0 13 23 0 0 1 54 15 0 0 0 0 0 0 1 6 0 0 41
准确率:    1.0000 (36/36)
----------------------------------------
输入:       >LHK TRJHWN L> TRB> <L >XWK RBJT>
目标:     0 0 0 5 0 0 0 2 32 0 0 0 0 0 0 0 6 0 10 16 0 0 0 0 0 8 5 0 0 0 0 62 9 0
预测:     0 0 0 5 0 0 0 2 32 0 0 0 0 0 0 0 6 0 10 16 0 0 0 0 0 8 5 0 0 0 0 62 9 0
准确率:    1.0000 (34/34)
----------------------------------------

生成的验证样本:
--------------------------------------------------------------------------------
输入:       YBJNH D>LH> LMSV> MN KL DBJC WKLJ
目标:     0 0 0 0 5 0 0 1 0 0 4 0 0 1 6 0 10 7 0 0 0 0 0 2 0 1 0 0 2 0 36 0 0 3
预测:     0 0 0 0 5 0 0 1 0 0 4 0 0 1 6 0 10 7 0 0 0 0 0 2 0 1 0 0 2 0 36 0 0 3
准确率:    1.0000 (34/34)
----------------------------------------
输入:       D>LH> LMSV> MN KL DBJC WKLJ XJLK
目标:     0 1 0 0 4 0 0 1 6 0 10 7 0 0 0 0 0 2 0 1 0 0 2 0 36 0 0 3 0 0 0 5 0
预测:     0 1 0 0 4 0 0 1 6 0 10 7 0 0 0 0 0 2 0 1 0 0 2 0 36 0 0 3 0 0 0 5 0
准确率:    1.0000 (33/33)
----------------------------------------
⏳ 验证无提升 (验证准确率: 0.9671 ≤ 0.9672)，patience: 22/50

======================================================================
🚀 Epoch 196/200
======================================================================
📚 开始训练阶段...
训练进度: 500/3164 损失=0.0000
训练进度: 1000/3164 损失=0.0000
训练进度: 1500/3164 损失=0.0006
训练进度: 2000/3164 损失=0.0001
训练进度: 2500/3164 损失=0.0000
训练进度: 3000/3164 损失=0.0001
训练进度: 3164/3164 损失=0.0000
✅ 训练完成，耗时: 57.3秒 (1.0分钟)

============================================================
📊 验证决策: Epoch 196/200
   验证间隔: 1
   是否验证: ✅ 是
   原因: 达到验证间隔 (0 == 0)
============================================================

🔍 开始验证...
验证进度: 500/686 损失=0.2348
验证进度: 686/686 损失=1.1129

📊 预测分布分析:
  - 预测的前5个类别: {np.int64(0): 283070, np.int64(1): 37152, np.int64(2): 14712, np.int64(3): 10810, np.int64(4): 8962}
  - 标签的前5个类别: {np.int64(0): 281232, np.int64(1): 36731, np.int64(2): 14789, np.int64(3): 10866, np.int64(4): 8585}
✅ 验证完成，耗时: 4.8秒 (0.1分钟)
训练损失: 0.0007
验证损失: 0.7045
验证准确率: 0.9671 (10603/10964) - 与Levenshtein高度相关
验证F1(加权): 0.9662 - 类别平衡更好
学习率: 0.000001
显存使用: 0.48GB (预留: 0.69GB)

生成的训练样本:
--------------------------------------------------------------------------------
输入:       >JD> DB<LDBBJHWN KL JWMJ DJN> CM< HW>
目标:     8 0 0 4 0 0 1 0 0 0 0 0 2 1 0 0 0 0 0 2 0 0 0 2 0 0 0 0 82 0 0 0 0 7 0 0 10 3
预测:     8 0 0 4 0 0 1 0 0 0 0 0 2 1 0 0 0 0 0 2 0 0 0 2 0 0 0 0 82 0 0 0 0 7 0 0 10 3
准确率:    1.0000 (38/38)
----------------------------------------
输入:       L>JZBL KLMDM D<BD >LJ> WDQVL >NWN LKLHWN
目标:     0 1 0 0 0 0 2 0 0 5 0 0 2 0 1 0 0 3 0 0 0 0 2 0 1 1 0 0 16 0 0 0 0 0 0 1 0 5 0 0 0
预测:     0 1 0 0 0 0 2 0 0 5 0 0 2 0 1 0 0 3 0 0 0 0 2 0 1 1 0 0 16 0 0 0 0 0 0 1 0 5 0 0 0
准确率:    1.0000 (41/41)
----------------------------------------
输入:       WQMW KWLH <M> BQJM> WPQD MLK> LXLQJ>
目标:     0 1 31 3 0 0 8 0 5 0 0 0 15 0 0 1 0 0 4 0 0 1 0 0 3 0 0 0 4 0 0 1 0 0 0 0 2
预测:     0 1 31 3 0 0 8 0 5 0 0 0 15 0 0 1 0 0 4 0 0 1 0 0 3 0 0 0 4 0 0 1 0 0 0 0 2
准确率:    1.0000 (37/37)
----------------------------------------

生成的验证样本:
--------------------------------------------------------------------------------
输入:       YBJNH D>LH> LMSV> MN KL DBJC WKLJ
目标:     0 0 0 0 5 0 0 1 0 0 4 0 0 1 6 0 10 7 0 0 0 0 0 2 0 1 0 0 2 0 36 0 0 3
预测:     0 0 0 0 5 0 0 1 0 0 4 0 0 1 6 0 10 7 0 0 0 0 0 2 0 1 0 0 2 0 36 0 0 3
准确率:    1.0000 (34/34)
----------------------------------------
输入:       D>LH> LMSV> MN KL DBJC WKLJ XJLK
目标:     0 1 0 0 4 0 0 1 6 0 10 7 0 0 0 0 0 2 0 1 0 0 2 0 36 0 0 3 0 0 0 5 0
预测:     0 1 0 0 4 0 0 1 6 0 10 7 0 0 0 0 0 2 0 1 0 0 2 0 36 0 0 3 0 0 0 5 0
准确率:    1.0000 (33/33)
----------------------------------------
⏳ 验证无提升 (验证准确率: 0.9671 ≤ 0.9672)，patience: 23/50

======================================================================
🚀 Epoch 197/200
======================================================================
📚 开始训练阶段...
训练进度: 500/3164 损失=0.0011
训练进度: 1000/3164 损失=0.0000
训练进度: 1500/3164 损失=0.0000
训练进度: 2000/3164 损失=0.0000
训练进度: 2500/3164 损失=0.0001
训练进度: 3000/3164 损失=0.0000
训练进度: 3164/3164 损失=0.0040
✅ 训练完成，耗时: 57.3秒 (1.0分钟)

============================================================
📊 验证决策: Epoch 197/200
   验证间隔: 1
   是否验证: ✅ 是
   原因: 达到验证间隔 (0 == 0)
============================================================

🔍 开始验证...
验证进度: 500/686 损失=0.2482
验证进度: 686/686 损失=1.0912

📊 预测分布分析:
  - 预测的前5个类别: {np.int64(0): 283032, np.int64(1): 37144, np.int64(2): 14710, np.int64(3): 10811, np.int64(4): 8952}
  - 标签的前5个类别: {np.int64(0): 281232, np.int64(1): 36731, np.int64(2): 14789, np.int64(3): 10866, np.int64(4): 8585}
✅ 验证完成，耗时: 4.8秒 (0.1分钟)
训练损失: 0.0008
验证损失: 0.7043
验证准确率: 0.9670 (10602/10964) - 与Levenshtein高度相关
验证F1(加权): 0.9661 - 类别平衡更好
学习率: 0.000001
显存使用: 0.48GB (预留: 0.69GB)

生成的训练样本:
--------------------------------------------------------------------------------
输入:       WHW> LBJ >JK C<WT> W>TMSJW BGW M<J
目标:     0 1 0 10 3 0 0 5 0 0 0 0 0 0 0 0 2 9 0 0 1 0 14 0 0 3 0 0 1 0 2 0 0 2 46
预测:     0 1 0 10 3 0 0 5 0 0 0 0 0 0 0 0 2 9 0 0 1 0 14 0 0 3 0 0 1 0 2 0 0 2 46
准确率:    1.0000 (35/35)
----------------------------------------
输入:       D>TR> BNJ BNJMJN BJCJN HWW <BDJHWN VB
目标:     0 1 0 0 4 0 0 0 2 0 0 0 0 0 0 0 2 0 0 0 2 0 0 0 0 18 0 0 0 0 62 1 0 0 0 0 0 2
预测:     0 1 0 0 4 0 0 0 2 0 0 0 0 0 0 0 2 0 0 0 2 0 0 0 0 18 0 0 0 0 62 1 0 0 0 0 0 2
准确率:    1.0000 (38/38)
----------------------------------------
输入:       LPWRQN> DNPCH KL KSP> DMTR<> GBR> BLBH
目标:     0 1 0 0 0 0 4 0 0 1 0 0 5 0 0 0 2 0 0 0 4 0 0 1 21 14 0 10 41 0 0 0 4 0 0 1 0 5 0
预测:     0 1 0 0 0 0 4 0 0 1 0 0 5 0 0 0 2 0 0 0 4 0 0 1 21 14 0 10 41 0 0 0 4 0 0 1 0 5 0
准确率:    1.0000 (39/39)
----------------------------------------

生成的验证样本:
--------------------------------------------------------------------------------
输入:       YBJNH D>LH> LMSV> MN KL DBJC WKLJ
目标:     0 0 0 0 5 0 0 1 0 0 4 0 0 1 6 0 10 7 0 0 0 0 0 2 0 1 0 0 2 0 36 0 0 3
预测:     0 0 0 0 5 0 0 1 0 0 4 0 0 1 6 0 10 7 0 0 0 0 0 2 0 1 0 0 2 0 36 0 0 3
准确率:    1.0000 (34/34)
----------------------------------------
输入:       D>LH> LMSV> MN KL DBJC WKLJ XJLK
目标:     0 1 0 0 4 0 0 1 6 0 10 7 0 0 0 0 0 2 0 1 0 0 2 0 36 0 0 3 0 0 0 5 0
预测:     0 1 0 0 4 0 0 1 6 0 10 7 0 0 0 0 0 2 0 1 0 0 2 0 36 0 0 3 0 0 0 5 0
准确率:    1.0000 (33/33)
----------------------------------------
⏳ 验证无提升 (验证准确率: 0.9670 ≤ 0.9672)，patience: 24/50

======================================================================
🚀 Epoch 198/200
======================================================================
📚 开始训练阶段...
训练进度: 500/3164 损失=0.0000
训练进度: 1000/3164 损失=0.0000
训练进度: 1500/3164 损失=0.0011
训练进度: 2000/3164 损失=0.0001
训练进度: 2500/3164 损失=0.0000
训练进度: 3000/3164 损失=0.0000
训练进度: 3164/3164 损失=0.0006
✅ 训练完成，耗时: 57.3秒 (1.0分钟)

============================================================
📊 验证决策: Epoch 198/200
   验证间隔: 1
   是否验证: ✅ 是
   原因: 达到验证间隔 (0 == 0)
============================================================

🔍 开始验证...
验证进度: 500/686 损失=0.2495
验证进度: 686/686 损失=1.0941

📊 预测分布分析:
  - 预测的前5个类别: {np.int64(0): 283033, np.int64(1): 37150, np.int64(2): 14700, np.int64(3): 10823, np.int64(4): 8957}
  - 标签的前5个类别: {np.int64(0): 281232, np.int64(1): 36731, np.int64(2): 14789, np.int64(3): 10866, np.int64(4): 8585}
✅ 验证完成，耗时: 4.8秒 (0.1分钟)
训练损失: 0.0008
验证损失: 0.7044
验证准确率: 0.9671 (10602/10964) - 与Levenshtein高度相关
验证F1(加权): 0.9661 - 类别平衡更好
学习率: 0.000001
显存使用: 0.48GB (预留: 0.69GB)

生成的训练样本:
--------------------------------------------------------------------------------
输入:       DWJD <M >BHWHJ WDMJT JW>B RB XJL>
目标:     0 0 0 0 2 0 0 0 0 0 8 25 1 0 0 0 1 1 20 0 3 0 0 0 0 2 0 0 2 0 0 0 4 0
预测:     0 0 0 0 2 0 0 0 0 0 8 25 1 0 0 0 1 1 20 0 3 0 0 0 0 2 0 0 2 0 0 0 4 0
准确率:    1.0000 (34/34)
----------------------------------------
输入:       XNN D>XZJ> WNXTN LCLM> DBNJ MLK> WDBNJ
目标:     0 0 0 0 0 1 0 0 0 0 2 0 1 0 0 3 0 0 1 0 0 15 0 0 1 0 2 0 0 0 0 4 0 0 1 1 0 2 0
预测:     0 0 0 0 0 1 0 0 0 0 2 0 1 0 0 3 0 0 1 0 0 15 0 0 1 0 2 0 0 0 0 4 0 0 1 1 0 2 0
准确率:    1.0000 (39/39)
----------------------------------------
输入:       DDKJN> >NJN LWT KLHWN BNJ >NC> >JTJHJN
目标:     0 1 1 0 0 4 0 0 0 0 0 0 0 0 0 0 0 0 5 0 0 0 0 0 2 0 0 0 0 4 0 0 0 0 0 5 0 0 0
预测:     0 1 1 0 0 4 0 0 0 0 0 0 0 0 0 0 0 0 5 0 0 0 0 0 2 0 0 0 0 4 0 0 0 0 0 5 0 0 0
准确率:    1.0000 (39/39)
----------------------------------------

生成的验证样本:
--------------------------------------------------------------------------------
输入:       YBJNH D>LH> LMSV> MN KL DBJC WKLJ
目标:     0 0 0 0 5 0 0 1 0 0 4 0 0 1 6 0 10 7 0 0 0 0 0 2 0 1 0 0 2 0 36 0 0 3
预测:     0 0 0 0 5 0 0 1 0 0 4 0 0 1 6 0 10 7 0 0 0 0 0 2 0 1 0 0 2 0 36 0 0 3
准确率:    1.0000 (34/34)
----------------------------------------
输入:       D>LH> LMSV> MN KL DBJC WKLJ XJLK
目标:     0 1 0 0 4 0 0 1 6 0 10 7 0 0 0 0 0 2 0 1 0 0 2 0 36 0 0 3 0 0 0 5 0
预测:     0 1 0 0 4 0 0 1 6 0 10 7 0 0 0 0 0 2 0 1 0 0 2 0 36 0 0 3 0 0 0 5 0
准确率:    1.0000 (33/33)
----------------------------------------
⏳ 验证无提升 (验证准确率: 0.9671 ≤ 0.9672)，patience: 25/50

======================================================================
🚀 Epoch 199/200
======================================================================
📚 开始训练阶段...
训练进度: 500/3164 损失=0.0060
训练进度: 1000/3164 损失=0.0004
训练进度: 1500/3164 损失=0.0000
训练进度: 2000/3164 损失=0.0001
训练进度: 2500/3164 损失=0.0000
训练进度: 3000/3164 损失=0.0027
训练进度: 3164/3164 损失=0.0000
✅ 训练完成，耗时: 57.2秒 (1.0分钟)

============================================================
📊 验证决策: Epoch 199/200
   验证间隔: 1
   是否验证: ✅ 是
   原因: 达到验证间隔 (0 == 0)
============================================================

🔍 开始验证...
验证进度: 500/686 损失=0.2530
验证进度: 686/686 损失=1.0977

📊 预测分布分析:
  - 预测的前5个类别: {np.int64(0): 283043, np.int64(1): 37146, np.int64(2): 14696, np.int64(3): 10798, np.int64(4): 8960}
  - 标签的前5个类别: {np.int64(0): 281232, np.int64(1): 36731, np.int64(2): 14789, np.int64(3): 10866, np.int64(4): 8585}
✅ 验证完成，耗时: 4.8秒 (0.1分钟)
训练损失: 0.0007
验证损失: 0.7051
验证准确率: 0.9671 (10603/10964) - 与Levenshtein高度相关
验证F1(加权): 0.9662 - 类别平衡更好
学习率: 0.000001
显存使用: 0.48GB (预留: 0.69GB)

生成的训练样本:
--------------------------------------------------------------------------------
输入:       XWR NWR> SWMQ> RWX> QWN>> MJ> JWRQJN
目标:     0 0 0 22 0 0 0 4 0 0 0 0 0 4 0 0 0 0 4 0 0 0 0 0 4 0 0 24 9 0 0 0 0 0 2 0 0
预测:     0 0 0 22 0 0 0 4 0 0 0 0 0 4 0 0 0 0 4 0 0 0 0 0 4 0 0 24 9 0 0 0 0 0 2 0 0
准确率:    1.0000 (37/37)
----------------------------------------
输入:       BPTGMH DMRJ> MXJNJ WL> YB> GBR> DNMXJWHJ
目标:     0 1 0 0 0 5 0 0 1 0 0 0 2 6 0 0 29 0 0 0 1 0 0 0 0 10 3 0 0 0 4 0 0 1 6 0 0 86 0 0 0
预测:     0 1 0 0 0 5 0 0 1 0 0 0 2 6 0 0 29 0 0 0 1 0 0 0 0 10 3 0 0 0 4 0 0 1 6 0 0 86 0 0 0
准确率:    1.0000 (41/41)
----------------------------------------
输入:       W<LJHJN >JT HWW KLHWN PTGM> DMLL MRJ>
目标:     0 1 0 8 1 0 0 0 0 0 0 24 0 0 18 0 0 0 5 0 0 0 0 0 0 0 11 0 0 1 0 0 16 0 0 0 0 2
预测:     0 1 0 8 1 0 0 0 0 0 0 24 0 0 18 0 0 0 5 0 0 0 0 0 0 0 11 0 0 1 0 0 16 0 0 0 0 2
准确率:    1.0000 (38/38)
----------------------------------------

生成的验证样本:
--------------------------------------------------------------------------------
输入:       YBJNH D>LH> LMSV> MN KL DBJC WKLJ
目标:     0 0 0 0 5 0 0 1 0 0 4 0 0 1 6 0 10 7 0 0 0 0 0 2 0 1 0 0 2 0 36 0 0 3
预测:     0 0 0 0 5 0 0 1 0 0 4 0 0 1 6 0 10 7 0 0 0 0 0 2 0 1 0 0 2 0 36 0 0 3
准确率:    1.0000 (34/34)
----------------------------------------
输入:       D>LH> LMSV> MN KL DBJC WKLJ XJLK
目标:     0 1 0 0 4 0 0 1 6 0 10 7 0 0 0 0 0 2 0 1 0 0 2 0 36 0 0 3 0 0 0 5 0
预测:     0 1 0 0 4 0 0 1 6 0 10 7 0 0 0 0 0 2 0 1 0 0 2 0 36 0 0 3 0 0 0 5 0
准确率:    1.0000 (33/33)
----------------------------------------
⏳ 验证无提升 (验证准确率: 0.9671 ≤ 0.9672)，patience: 26/50

======================================================================
🚀 Epoch 200/200
======================================================================
📚 开始训练阶段...
训练进度: 500/3164 损失=0.0000
训练进度: 1000/3164 损失=0.0017
训练进度: 1500/3164 损失=0.0000
训练进度: 2000/3164 损失=0.0000
训练进度: 2500/3164 损失=0.0000
训练进度: 3000/3164 损失=0.0008
训练进度: 3164/3164 损失=0.0000
✅ 训练完成，耗时: 57.1秒 (1.0分钟)

============================================================
📊 验证决策: Epoch 200/200
   验证间隔: 1
   是否验证: ✅ 是
   原因: 最后一个epoch
============================================================

🔍 开始验证...
验证进度: 500/686 损失=0.2484
验证进度: 686/686 损失=1.0992

📊 预测分布分析:
  - 预测的前5个类别: {np.int64(0): 283042, np.int64(1): 37144, np.int64(2): 14689, np.int64(3): 10797, np.int64(4): 8955}
  - 标签的前5个类别: {np.int64(0): 281232, np.int64(1): 36731, np.int64(2): 14789, np.int64(3): 10866, np.int64(4): 8585}
✅ 验证完成，耗时: 4.8秒 (0.1分钟)
训练损失: 0.0007
验证损失: 0.7057
验证准确率: 0.9671 (10603/10964) - 与Levenshtein高度相关
验证F1(加权): 0.9662 - 类别平衡更好
学习率: 0.000001
显存使用: 0.48GB (预留: 0.69GB)

生成的训练样本:
--------------------------------------------------------------------------------
输入:       XMC<SR> L>MWYJ> BR JW>C MLK> DJHWD> >MLK
目标:     0 0 0 5 0 0 2 0 0 1 0 0 0 0 0 2 0 0 2 0 0 0 0 2 0 0 0 4 0 0 1 0 0 0 0 2 0 17 0 0 33
预测:     0 0 0 5 0 0 2 0 0 1 0 0 0 0 0 2 0 0 2 0 0 0 0 2 0 0 0 4 0 0 1 0 0 0 0 2 0 17 0 0 33
准确率:    1.0000 (41/41)
----------------------------------------
输入:       <WLH NXWT >WD> LMRJ> >JK ZDJQWTJ W>ZMR
目标:     0 0 0 37 0 0 34 8 0 3 0 63 0 10 3 0 1 0 0 0 2 0 0 0 0 0 0 0 0 0 2 1 0 0 1 6 0 0 3
预测:     0 0 0 37 0 0 34 8 0 3 0 63 0 10 3 0 1 0 0 0 2 0 0 0 0 0 0 0 0 0 2 1 0 0 1 6 0 0 3
准确率:    1.0000 (39/39)
----------------------------------------
输入:       TXJT BVMT> WQRB LH W>MR LH ML>KH
目标:     0 0 8 0 0 0 0 0 13 9 0 0 1 0 0 3 0 1 0 0 1 0 0 3 0 1 0 0 0 0 0 5 0
预测:     0 0 8 0 0 0 0 0 13 9 0 0 1 0 0 3 0 1 0 0 1 0 0 3 0 1 0 0 0 0 0 5 0
准确率:    1.0000 (33/33)
----------------------------------------

生成的验证样本:
--------------------------------------------------------------------------------
输入:       YBJNH D>LH> LMSV> MN KL DBJC WKLJ
目标:     0 0 0 0 5 0 0 1 0 0 4 0 0 1 6 0 10 7 0 0 0 0 0 2 0 1 0 0 2 0 36 0 0 3
预测:     0 0 0 0 5 0 0 1 0 0 4 0 0 1 6 0 10 7 0 0 0 0 0 2 0 1 0 0 2 0 36 0 0 3
准确率:    1.0000 (34/34)
----------------------------------------
输入:       D>LH> LMSV> MN KL DBJC WKLJ XJLK
目标:     0 1 0 0 4 0 0 1 6 0 10 7 0 0 0 0 0 2 0 1 0 0 2 0 36 0 0 3 0 0 0 5 0
预测:     0 1 0 0 4 0 0 1 6 0 10 7 0 0 0 0 0 2 0 1 0 0 2 0 36 0 0 3 0 0 0 5 0
准确率:    1.0000 (33/33)
----------------------------------------
⏳ 验证无提升 (验证准确率: 0.9671 ≤ 0.9672)，patience: 27/50

📄 训练状态已保存到: outputs/mdlm_train_20260129_120018_seed456/training_status.json

==================================================
训练结束摘要
==================================================
状态: completed
完成轮数: 200/200
最佳验证准确率: 0.9672
最佳模型轮数: 173
最终显存使用: 0.48GB
==================================================
⏱️  训练耗时: 207.3 分钟

📥 加载最佳模型进行最终评估...
评估中:   0%|          | 0/680 [00:00<?, ?it/s]评估中:   3%|▎         | 19/680 [00:00<00:03, 185.02it/s]评估中:   7%|▋         | 47/680 [00:00<00:02, 239.69it/s]评估中:  11%|█         | 75/680 [00:00<00:02, 257.29it/s]评估中:  15%|█▌        | 104/680 [00:00<00:02, 266.72it/s]评估中:  20%|█▉        | 133/680 [00:00<00:02, 273.07it/s]评估中:  24%|██▍       | 162/680 [00:00<00:01, 276.43it/s]评估中:  28%|██▊       | 191/680 [00:00<00:01, 278.31it/s]评估中:  32%|███▏      | 220/680 [00:00<00:01, 279.71it/s]评估中:  37%|███▋      | 249/680 [00:00<00:01, 281.89it/s]评估中:  41%|████      | 278/680 [00:01<00:01, 279.56it/s]评估中:  45%|████▌     | 307/680 [00:01<00:01, 280.17it/s]评估中:  49%|████▉     | 336/680 [00:01<00:01, 281.45it/s]评估中:  54%|█████▎    | 365/680 [00:01<00:01, 282.99it/s]评估中:  58%|█████▊    | 394/680 [00:01<00:01, 283.99it/s]评估中:  62%|██████▏   | 423/680 [00:01<00:00, 284.33it/s]评估中:  66%|██████▋   | 452/680 [00:01<00:00, 285.46it/s]评估中:  71%|███████   | 481/680 [00:01<00:00, 286.42it/s]评估中:  75%|███████▌  | 510/680 [00:01<00:00, 286.02it/s]评估中:  79%|███████▉  | 539/680 [00:01<00:00, 285.65it/s]评估中:  84%|████████▎ | 568/680 [00:02<00:00, 285.14it/s]评估中:  88%|████████▊ | 597/680 [00:02<00:00, 284.12it/s]评估中:  92%|█████████▏| 626/680 [00:02<00:00, 282.74it/s]评估中:  96%|█████████▋| 655/680 [00:02<00:00, 282.78it/s]评估中: 100%|██████████| 680/680 [00:02<00:00, 279.12it/s]

生成的测试样本:
--------------------------------------------------------------------------------
输入:      WBHLJN KLHJN NJX> B<JT LJ DB>JN> JWTRN>
目标:     0 1 1 0 0 0 0 0 0 5 0 0 0 0 0 0 4 0 0 0 0 3 0 0 1 0 0 1 1 0 0 0 0 0 0 0 0 0 4 0
预测:     0 1 1 0 0 0 0 0 0 5 0 0 0 0 0 0 4 0 0 0 0 3 0 0 1 0 0 1 1 0 0 0 0 0 0 0 0 0 4 0
----------------------------------------
输入:      KLHJN NJX> B<JT LJ DB>JN> JWTRN> >CR>
目标:     0 0 5 0 0 0 0 0 0 4 0 0 0 0 3 0 0 1 0 0 1 1 0 0 0 0 0 0 0 0 0 4 0 0 6 0 10 3
预测:     0 0 5 0 0 0 0 0 0 4 0 0 0 0 3 0 0 1 0 0 1 1 0 0 0 0 0 0 0 0 0 4 0 0 6 0 10 3
----------------------------------------
输入:      NJX> B<JT LJ DB>JN> JWTRN> >CR> HJDJN
目标:     0 0 0 4 0 0 0 0 3 0 0 1 0 0 1 1 0 0 0 0 0 0 0 0 0 4 0 0 6 0 10 3 0 0 0 0 0 0
预测:     0 0 0 4 0 0 0 0 3 0 0 1 0 0 1 1 0 0 0 0 0 0 0 0 0 4 0 0 6 0 10 3 0 0 0 0 0 0
----------------------------------------
输入:      B<JT LJ DB>JN> JWTRN> >CR> HJDJN PQDNJ
目标:     0 0 0 3 0 0 1 0 0 1 1 0 0 0 0 0 0 0 0 0 4 0 0 6 0 10 3 0 0 0 0 0 0 0 0 0 29 0 0
预测:     0 0 0 3 0 0 1 0 0 1 1 0 0 0 0 0 0 0 0 0 4 0 0 6 0 10 3 0 0 0 0 0 0 0 0 0 29 0 0
----------------------------------------
输入:      LJ DB>JN> JWTRN> >CR> HJDJN PQDNJ MR>
目标:     0 1 0 0 1 1 0 0 0 0 0 0 0 0 0 4 0 0 6 0 10 3 0 0 0 0 0 0 0 0 0 29 0 0 0 0 0 2
预测:     0 1 0 0 1 1 0 0 0 0 0 0 0 0 0 4 0 0 6 0 10 3 0 0 0 0 0 0 0 0 0 29 0 0 0 0 0 2
----------------------------------------
   - 🎯 最终测试结果:
   - ✅ 测试准确率: 0.9698 (392,713/404,962)
📁 测试结果将保存到: outputs/mdlm_train_20260129_120018_seed456/results

📝 保存mdlm模型预测结果（最长序列: 56字符，使用批量评估结果）...
✅ 预测结果已保存到: outputs/mdlm_train_20260129_120018_seed456/results/mdlm_predictions_20260129_120018.out
   预测行数: 10869
   原始行数: 10869

📊 运行还原管道和Levenshtein评估...
   ⚠️  还原和Levenshtein评估失败: No module named 'restore_pipeline'
Traceback (most recent call last):
  File "/home/mail/zhanchen/etcbc_models/train.py", line 2476, in main
ModuleNotFoundError: No module named 'restore_pipeline'

💾 文件保存路径:
   输出目录: outputs/mdlm_train_20260129_120018_seed456
   ├── mdlm_model.pt
   ├── data/
   │   ├── patterns.csv
   │   ├── test.in
   │   ├── test.out
   │   └── dataset_info.json
   ├── tensorboard/
   ├── plots/
   │   └── mdlm_training_history.png
   └── results/
       ├── mdlm_results_20260129_120018.json
       ├── vocab_20260129_120018.json
       ├── mdlm_predictions_20260129_120018.out
       └── mdlm_test_report_20260129_120018.json

🎉 mdlm模型训练完成！
🧹 内存清理完成
