🎲 随机种子: 789
📁 使用数据子目录: ./data/s2_on_s2
🚀 开始训练 mdlm 模型...
📁 输出目录: outputs/mdlm_train_20260129_120023_seed789
  ✓ 复制patterns.csv
  ✓ 复制test.in
  ✓ 复制test.out
  ✓ 复制train.in
  ✓ 复制train.out
  ✓ 复制val.in
  ✓ 复制val.out
  ✓ 创建数据集信息文件
🚀 使用CUDA GPU: NVIDIA GeForce RTX 4090 D
🔧 强制使用设备: cuda
📂 正在加载数据...
ℹ️ 数据加载: 创建优化的数据加载器...
ℹ️ 数据加载: 使用 mdlm 模型的词汇表，大小: 40
ℹ️ 文件读取: 内存映射读取成功，共50649行
ℹ️ 文件读取: 内存映射读取成功，共50649行
ℹ️ 数据处理: 开始处理数据...
ℹ️ 数据处理: 使用4个线程并行处理50649行数据
ℹ️ 数据统计: 数据处理完成: 50649/50649 行成功处理 (100.0%)
ℹ️ 数据处理: 开始处理数据...
ℹ️ 数据处理: 使用4个线程并行处理10964行数据
ℹ️ 数据统计: 数据处理完成: 10964/10964 行成功处理 (100.0%)
ℹ️ 数据处理: 开始处理数据...
ℹ️ 数据处理: 使用4个线程并行处理10869行数据
ℹ️ 数据统计: 数据处理完成: 10869/10869 行成功处理 (100.0%)
ℹ️ 数据加载: 使用智能批处理采样器
ℹ️ 数据加载: 数据加载器优化设置:
ℹ️ 数据加载:   缓存: 禁用
ℹ️ 数据加载:   智能批处理: 启用
ℹ️ 数据加载:   工作线程数: 1
ℹ️ 数据加载:   内存锁定: 启用
📊 分析数据集...
ℹ️ 数据统计: ✅ 从训练数据统计到 329 个类别（标签范围: 0 ~ 328）
ℹ️ 数据统计: 📝 注意：使用训练集类别数，验证时可能遇到训练集独有类别
[DEBUG] 实际num_classes = 329
⚖️  计算类别权重...
📦 从缓存读取类别权重: data/s4_on_s2/class_weights_cache_329.pkl
   权重范围: 1.000 - 2.000
✅ 类别权重加载成功（从缓存）
✅ 类别权重计算完成，num_classes=329
📊 数据统计:
   词汇表大小: 40
   分类类别数: 329
   训练批次: 3164
   验证批次: 686
   测试批次: 680
   批次大小: 16
   最大序列长度: 64
🏗️  创建mdlm模型...
ℹ️ 创建 mdlm 模型...
MDLM模型构建完成:
  统一词汇表大小: 373
  输入字符: 40, 标签: 329
  模型维度: 768
  层数: 5
ℹ️ 初始化 MDLMModel - vocab_size: 373, num_classes: 329
ℹ️ 模型创建成功:
ℹ️   - 类型: mdlm
ℹ️   - 总参数: 28,201,589
ℹ️   - 可训练参数: 28,201,589
ℹ️   - 设备: cuda:0
🔢 模型参数:
   总参数量: 28,201,589
   可训练参数: 28,201,589
   模型大小: 107.6 MB
🎯 创建训练器...
✅ 使用FocalLoss + 类别权重处理数据不平衡问题
   权重张量形状: torch.Size([329])
   权重范围: 1.000 - 2.000
🚀 开始训练...
开始训练，共200个epoch...
模型参数量: 28,201,589 (可训练: 28,201,589)
早停指标: 验证准确率 (与Levenshtein相关性高)
GPU: NVIDIA GeForce RTX 4090 D, 显存: 25.3GB
估算训练内存需求: 451MB (0.4GB)
📊 参数统计: 平均范数=12.38, 大范数参数=33个

======================================================================
🚀 Epoch 1/200
======================================================================
📚 开始训练阶段...
训练进度: 500/3164 损失=1.7297
训练进度: 1000/3164 损失=0.8737
训练进度: 1500/3164 损失=0.6018
训练进度: 2000/3164 损失=0.5548
训练进度: 2500/3164 损失=0.3617
训练进度: 3000/3164 损失=0.4560
训练进度: 3164/3164 损失=0.3672
✅ 训练完成，耗时: 58.8秒 (1.0分钟)

============================================================
📊 验证决策: Epoch 1/200
   验证间隔: 1
   是否验证: ✅ 是
   原因: 第一个epoch
============================================================

🔍 开始验证...
验证进度: 500/686 损失=0.7839
验证进度: 686/686 损失=0.6914

📊 预测分布分析:
  - 预测的前5个类别: {np.int64(0): 274829, np.int64(1): 38778, np.int64(2): 14311, np.int64(4): 12872, np.int64(3): 10630}
  - 标签的前5个类别: {np.int64(0): 281232, np.int64(1): 36731, np.int64(2): 14789, np.int64(3): 10866, np.int64(4): 8585}
✅ 验证完成，耗时: 4.7秒 (0.1分钟)
训练损失: 0.9140
验证损失: 0.3640
验证准确率: 0.9134 (10014/10964) - 与Levenshtein高度相关
验证F1(加权): 0.9111 - 类别平衡更好
学习率: 0.000100
显存使用: 0.48GB (预留: 0.69GB)

生成的训练样本:
--------------------------------------------------------------------------------
输入:       <MWN WHKN> <BD LKLHJN NCWHJ NWKRJT> DSJMN
目标:     0 0 0 0 2 0 1 0 0 0 0 0 0 0 3 0 1 0 5 0 0 0 60 47 96 1 0 0 0 0 0 0 0 2 23 0 0 1 20 0 7 0
预测:     0 0 0 0 0 0 1 0 0 0 0 0 0 0 3 0 1 0 5 0 0 0 0 0 25 1 0 0 0 0 0 0 0 2 9 0 0 1 20 0 7 27
准确率:    0.8571 (36/42)
----------------------------------------
输入:       MN QDM <WLH >JK G>R> DMX> BXRWTH
目标:     0 0 0 0 0 0 2 0 0 0 174 12 0 0 0 0 0 0 0 4 0 0 1 0 10 3 0 1 0 0 2 1 0
预测:     0 0 0 0 0 0 2 0 0 0 5 12 0 0 0 0 0 0 0 4 0 0 1 6 10 7 0 1 0 0 2 1 0
准确率:    0.9091 (30/33)
----------------------------------------
输入:       DMDBR> WLKLHJN QWRJ> DBJT GZ> DHWJ LCLJMWN
目标:     0 1 0 0 0 4 0 0 1 1 0 5 0 0 0 0 0 0 0 13 0 0 1 0 0 2 0 0 4 0 0 1 0 0 80 0 1 0 0 0 0 0 2
预测:     0 1 6 0 0 4 0 0 1 1 0 5 0 0 0 0 0 0 0 4 0 0 1 0 66 2 0 0 4 3 0 1 0 0 3 0 1 0 0 0 0 0 2
准确率:    0.8837 (38/43)
----------------------------------------

生成的验证样本:
--------------------------------------------------------------------------------
输入:       YBJNH D>LH> LMSV> MN KL DBJC WKLJ
目标:     0 0 0 0 5 0 0 1 0 0 4 0 0 1 6 0 10 7 0 0 0 0 0 2 0 1 0 0 2 0 36 0 0 3
预测:     0 0 0 0 5 0 0 1 0 0 4 0 0 1 6 0 10 7 0 0 0 0 0 2 0 1 0 0 2 0 1 0 5 0
准确率:    0.9118 (31/34)
----------------------------------------
输入:       D>LH> LMSV> MN KL DBJC WKLJ XJLK
目标:     0 1 0 0 4 0 0 1 6 0 10 7 0 0 0 0 0 2 0 1 0 0 2 0 36 0 0 3 0 0 0 5 0
预测:     0 1 0 0 4 0 0 1 6 0 10 7 0 0 0 0 0 2 0 1 0 0 2 0 1 0 2 0 0 0 0 5 0
准确率:    0.9091 (30/33)
----------------------------------------
💾 保存新的最佳模型！验证准确率: 0.9134 (F1: 0.9111) (Epoch 1)

======================================================================
🚀 Epoch 2/200
======================================================================
📚 开始训练阶段...
训练进度: 500/3164 损失=0.3182
训练进度: 1000/3164 损失=0.2694
训练进度: 1500/3164 损失=0.2765
训练进度: 2000/3164 损失=0.3031
训练进度: 2500/3164 损失=0.3025
训练进度: 3000/3164 损失=0.2148
训练进度: 3164/3164 损失=0.2992
✅ 训练完成，耗时: 58.2秒 (1.0分钟)

============================================================
📊 验证决策: Epoch 2/200
   验证间隔: 1
   是否验证: ✅ 是
   原因: 达到验证间隔 (0 == 0)
============================================================

🔍 开始验证...
验证进度: 500/686 损失=0.6556
验证进度: 686/686 损失=0.7725

📊 预测分布分析:
  - 预测的前5个类别: {np.int64(0): 279001, np.int64(1): 37930, np.int64(2): 15031, np.int64(3): 11304, np.int64(4): 9654}
  - 标签的前5个类别: {np.int64(0): 281232, np.int64(1): 36731, np.int64(2): 14789, np.int64(3): 10866, np.int64(4): 8585}
✅ 验证完成，耗时: 4.7秒 (0.1分钟)
训练损失: 0.3222
验证损失: 0.2572
验证准确率: 0.9435 (10344/10964) - 与Levenshtein高度相关
验证F1(加权): 0.9416 - 类别平衡更好
学习率: 0.000100
显存使用: 0.47GB (预留: 0.69GB)

生成的训练样本:
--------------------------------------------------------------------------------
输入:       WPYJKWN MN >JD> DMDJN W>NTWN QMTWN <L
目标:     0 1 0 0 51 0 0 0 0 0 0 8 0 0 4 0 0 1 0 0 0 2 0 1 0 0 0 0 0 0 31 3 0 0 0 0 0 0
预测:     0 1 0 0 51 0 0 0 0 0 0 8 0 0 4 0 0 1 0 0 0 2 0 1 0 0 0 0 0 0 31 3 0 0 0 0 0 0
准确率:    1.0000 (38/38)
----------------------------------------
输入:       WLCVJWTH >MRJN LH MDGL >NT XWN >MR
目标:     0 1 1 0 0 0 2 1 0 0 0 0 7 0 0 0 1 0 0 6 0 0 41 0 0 0 0 6 0 114 0 0 0 0 7
预测:     0 1 1 0 0 0 2 1 0 0 0 0 7 0 0 0 1 0 0 6 0 0 41 0 0 0 0 0 0 0 0 0 0 0 7
准确率:    0.9429 (33/35)
----------------------------------------
输入:       MCKX >N> D>HPWK <MK W>T> LBJTK WL>
目标:     8 0 0 0 7 0 0 0 0 0 1 6 0 8 0 3 0 0 1 0 0 1 21 10 3 0 1 0 0 5 0 0 1 0 0
预测:     8 28 0 0 7 0 0 0 0 0 1 6 0 8 0 3 0 0 1 0 0 1 0 10 3 0 1 0 0 5 0 0 1 0 0
准确率:    0.9429 (33/35)
----------------------------------------

生成的验证样本:
--------------------------------------------------------------------------------
输入:       YBJNH D>LH> LMSV> MN KL DBJC WKLJ
目标:     0 0 0 0 5 0 0 1 0 0 4 0 0 1 6 0 10 7 0 0 0 0 0 2 0 1 0 0 2 0 36 0 0 3
预测:     0 0 0 0 5 0 0 1 0 0 4 0 0 1 6 0 10 7 0 0 0 0 0 2 0 1 0 0 2 0 1 0 0 3
准确率:    0.9706 (33/34)
----------------------------------------
输入:       D>LH> LMSV> MN KL DBJC WKLJ XJLK
目标:     0 1 0 0 4 0 0 1 6 0 10 7 0 0 0 0 0 2 0 1 0 0 2 0 36 0 0 3 0 0 0 5 0
预测:     0 1 0 0 4 0 0 1 6 0 10 7 0 0 0 0 0 2 0 1 0 0 2 0 1 0 0 3 0 0 0 5 0
准确率:    0.9697 (32/33)
----------------------------------------
💾 保存新的最佳模型！验证准确率: 0.9435 (F1: 0.9416) (Epoch 2)

======================================================================
🚀 Epoch 3/200
======================================================================
📚 开始训练阶段...
训练进度: 500/3164 损失=0.2578
训练进度: 1000/3164 损失=0.1998
训练进度: 1500/3164 损失=0.2792
训练进度: 2000/3164 损失=0.2081
训练进度: 2500/3164 损失=0.2298
训练进度: 3000/3164 损失=0.1632
训练进度: 3164/3164 损失=0.1431
✅ 训练完成，耗时: 57.9秒 (1.0分钟)

============================================================
📊 验证决策: Epoch 3/200
   验证间隔: 1
   是否验证: ✅ 是
   原因: 达到验证间隔 (0 == 0)
============================================================

🔍 开始验证...
验证进度: 500/686 损失=0.5098
验证进度: 686/686 损失=0.4497

📊 预测分布分析:
  - 预测的前5个类别: {np.int64(0): 278540, np.int64(1): 37545, np.int64(2): 14677, np.int64(3): 10984, np.int64(4): 9029}
  - 标签的前5个类别: {np.int64(0): 281232, np.int64(1): 36731, np.int64(2): 14789, np.int64(3): 10866, np.int64(4): 8585}
✅ 验证完成，耗时: 4.7秒 (0.1分钟)
训练损失: 0.2299
验证损失: 0.2358
验证准确率: 0.9500 (10416/10964) - 与Levenshtein高度相关
验证F1(加权): 0.9495 - 类别平衡更好
学习率: 0.000100
显存使用: 0.47GB (预留: 0.69GB)

生成的训练样本:
--------------------------------------------------------------------------------
输入:       LH MNKWN L> TCLM <BD> LMRH D<RQ
目标:     0 1 0 0 0 1 0 0 0 0 0 0 0 28 0 0 3 0 0 0 15 0 0 1 0 56 0 0 1 0 0 7
预测:     0 1 0 0 0 1 0 0 0 0 0 0 0 28 0 0 3 0 0 0 15 0 0 1 0 56 0 0 1 0 0 3
准确率:    0.9688 (31/32)
----------------------------------------
输入:       BJCWTH D>NTT> KL >WLYNJN WL> >JK >WLYN>
目标:     0 0 0 0 2 1 12 0 1 0 0 13 9 0 0 0 2 0 0 0 0 0 2 0 0 0 1 0 0 0 0 0 0 0 0 0 0 0 4 0
预测:     0 0 0 0 2 1 12 0 1 0 0 13 9 0 0 0 2 0 0 0 0 0 2 0 0 0 1 0 0 0 0 0 0 0 0 0 0 0 4 0
准确率:    1.0000 (40/40)
----------------------------------------
输入:       DLM> NQC> BJCTK MVL DHW LWQBL >PWHJ
目标:     0 0 0 0 0 0 6 0 10 16 0 0 0 2 1 0 0 0 0 0 0 1 0 0 0 0 0 0 0 0 0 54 25 1 0 0
预测:     0 0 0 0 0 0 6 0 10 16 0 0 0 2 1 0 0 0 0 0 0 1 0 12 0 0 0 0 0 0 0 54 25 1 0 0
准确率:    0.9722 (35/36)
----------------------------------------

生成的验证样本:
--------------------------------------------------------------------------------
输入:       YBJNH D>LH> LMSV> MN KL DBJC WKLJ
目标:     0 0 0 0 5 0 0 1 0 0 4 0 0 1 6 0 10 7 0 0 0 0 0 2 0 1 0 0 2 0 36 0 0 3
预测:     0 0 0 0 5 0 0 1 0 0 4 0 0 1 6 0 10 7 0 0 0 0 0 2 0 1 0 0 2 0 1 0 0 0
准确率:    0.9412 (32/34)
----------------------------------------
输入:       D>LH> LMSV> MN KL DBJC WKLJ XJLK
目标:     0 1 0 0 4 0 0 1 6 0 10 7 0 0 0 0 0 2 0 1 0 0 2 0 36 0 0 3 0 0 0 5 0
预测:     0 1 0 0 4 0 0 1 6 0 10 7 0 0 0 0 0 2 0 1 0 0 2 0 1 0 0 3 0 0 0 5 0
准确率:    0.9697 (32/33)
----------------------------------------
💾 保存新的最佳模型！验证准确率: 0.9500 (F1: 0.9495) (Epoch 3)

======================================================================
🚀 Epoch 4/200
======================================================================
📚 开始训练阶段...
训练进度: 500/3164 损失=0.1857
训练进度: 1000/3164 损失=0.1076
训练进度: 1500/3164 损失=0.1686
训练进度: 2000/3164 损失=0.1008
训练进度: 2500/3164 损失=0.1654
训练进度: 3000/3164 损失=0.2373
训练进度: 3164/3164 损失=0.1447
✅ 训练完成，耗时: 58.0秒 (1.0分钟)

============================================================
📊 验证决策: Epoch 4/200
   验证间隔: 1
   是否验证: ✅ 是
   原因: 达到验证间隔 (0 == 0)
============================================================

🔍 开始验证...
验证进度: 500/686 损失=0.4913
验证进度: 686/686 损失=0.5118

📊 预测分布分析:
  - 预测的前5个类别: {np.int64(0): 280654, np.int64(1): 37375, np.int64(2): 14250, np.int64(3): 11029, np.int64(4): 9117}
  - 标签的前5个类别: {np.int64(0): 281232, np.int64(1): 36731, np.int64(2): 14789, np.int64(3): 10866, np.int64(4): 8585}
✅ 验证完成，耗时: 4.7秒 (0.1分钟)
训练损失: 0.1833
验证损失: 0.2358
验证准确率: 0.9536 (10455/10964) - 与Levenshtein高度相关
验证F1(加权): 0.9526 - 类别平衡更好
学习率: 0.000100
显存使用: 0.47GB (预留: 0.69GB)

生成的训练样本:
--------------------------------------------------------------------------------
输入:       QRW LJ LBTCB< W<LT QDMWHJ WQMT QDM
目标:     6 0 18 0 0 1 0 0 1 0 0 0 0 2 0 1 0 53 26 0 0 0 25 1 0 0 0 1 31 3 26 0 0 0 2
预测:     6 0 18 0 0 1 0 0 1 0 0 0 0 2 0 1 0 53 26 0 0 0 25 1 0 0 0 1 31 3 26 0 0 0 2
准确率:    1.0000 (35/35)
----------------------------------------
输入:       BNJ XV> MN GWK W>V<JW L>NC> DQRJTHWN
目标:     0 0 2 0 0 0 4 0 0 0 0 0 0 5 0 0 1 17 0 0 3 0 0 1 0 0 4 0 0 1 0 0 22 1 0 0 0
预测:     0 0 2 0 0 0 10 0 0 0 0 0 0 5 0 0 1 17 0 0 3 0 0 1 0 0 4 0 0 1 0 0 22 1 0 0 0
准确率:    0.9730 (36/37)
----------------------------------------
输入:       BNJN> WNYBT> MXDTJN CM> WMN TRJHWN >NTT>
目标:     0 0 0 0 4 0 0 1 0 0 13 9 0 0 6 0 0 49 0 19 0 0 4 0 0 1 0 0 0 0 2 32 0 0 0 0 0 0 13 9 0
预测:     0 0 2 0 4 0 0 1 0 0 13 9 0 0 6 0 0 49 0 19 0 0 4 0 0 1 0 0 0 0 2 32 0 0 0 0 0 0 13 9 0
准确率:    0.9756 (40/41)
----------------------------------------

生成的验证样本:
--------------------------------------------------------------------------------
输入:       YBJNH D>LH> LMSV> MN KL DBJC WKLJ
目标:     0 0 0 0 5 0 0 1 0 0 4 0 0 1 6 0 10 7 0 0 0 0 0 2 0 1 0 0 2 0 36 0 0 3
预测:     0 0 0 0 5 0 0 1 0 0 4 0 0 1 6 0 10 7 0 0 0 0 0 2 0 1 0 0 2 0 1 0 0 3
准确率:    0.9706 (33/34)
----------------------------------------
输入:       D>LH> LMSV> MN KL DBJC WKLJ XJLK
目标:     0 1 0 0 4 0 0 1 6 0 10 7 0 0 0 0 0 2 0 1 0 0 2 0 36 0 0 3 0 0 0 5 0
预测:     0 1 0 0 4 0 0 1 6 0 10 7 0 0 0 0 0 2 0 1 0 0 2 0 1 0 0 3 0 0 0 5 0
准确率:    0.9697 (32/33)
----------------------------------------
💾 保存新的最佳模型！验证准确率: 0.9536 (F1: 0.9526) (Epoch 4)

======================================================================
🚀 Epoch 5/200
======================================================================
📚 开始训练阶段...
训练进度: 500/3164 损失=0.1117
训练进度: 1000/3164 损失=0.1583
训练进度: 1500/3164 损失=0.1585
训练进度: 2000/3164 损失=0.1436
训练进度: 2500/3164 损失=0.1230
训练进度: 3000/3164 损失=0.1256
训练进度: 3164/3164 损失=0.1669
✅ 训练完成，耗时: 58.1秒 (1.0分钟)

============================================================
📊 验证决策: Epoch 5/200
   验证间隔: 1
   是否验证: ✅ 是
   原因: 达到验证间隔 (0 == 0)
============================================================

🔍 开始验证...
验证进度: 500/686 损失=0.4452
验证进度: 686/686 损失=0.4242

📊 预测分布分析:
  - 预测的前5个类别: {np.int64(0): 280612, np.int64(1): 37284, np.int64(2): 14521, np.int64(3): 11130, np.int64(4): 7974}
  - 标签的前5个类别: {np.int64(0): 281232, np.int64(1): 36731, np.int64(2): 14789, np.int64(3): 10866, np.int64(4): 8585}
✅ 验证完成，耗时: 4.7秒 (0.1分钟)
训练损失: 0.1531
验证损失: 0.2324
验证准确率: 0.9551 (10471/10964) - 与Levenshtein高度相关
验证F1(加权): 0.9548 - 类别平衡更好
学习率: 0.000100
显存使用: 0.47GB (预留: 0.69GB)

生成的训练样本:
--------------------------------------------------------------------------------
输入:       WL> HJMNTWNJHJ WL> CM<TWN BQLH MMRMRN> HWJTWN
目标:     0 1 0 0 0 0 0 0 3 0 0 113 0 0 0 0 1 0 0 0 0 0 3 0 0 0 0 1 0 5 0 0 0 0 0 0 0 11 0 0 0 0 3 0 0 0
预测:     0 1 0 0 0 0 0 0 3 0 0 113 0 0 0 0 1 0 0 0 0 0 3 0 0 0 0 1 0 5 0 0 0 0 0 0 0 11 0 0 0 0 3 0 0 0
准确率:    1.0000 (46/46)
----------------------------------------
输入:       M> D<BDTWN MVL DLZBN> >XRJ> TCTKXWN CWJN
目标:     0 0 0 0 1 0 0 3 0 0 0 0 0 0 0 0 1 1 0 0 11 0 0 0 0 0 11 0 0 45 39 0 0 3 0 0 0 0 42 0 0
预测:     0 0 0 0 1 0 0 3 0 0 0 0 0 0 0 0 1 1 0 0 4 0 0 0 0 0 11 0 0 45 39 0 0 3 0 0 0 0 42 0 0
准确率:    0.9756 (40/41)
----------------------------------------
输入:       BH CBWQJH LNPCH WBKSP> L> TZBNJH WL>
目标:     0 1 12 6 0 8 0 48 1 12 0 1 0 0 5 12 0 1 1 0 0 4 0 0 0 0 0 6 0 0 125 67 12 0 1 0 0
预测:     0 1 12 6 0 8 0 48 1 12 0 1 0 0 5 12 0 1 1 0 0 4 0 0 0 0 0 6 0 0 125 1 12 0 1 0 0
准确率:    0.9730 (36/37)
----------------------------------------

生成的验证样本:
--------------------------------------------------------------------------------
输入:       YBJNH D>LH> LMSV> MN KL DBJC WKLJ
目标:     0 0 0 0 5 0 0 1 0 0 4 0 0 1 6 0 10 7 0 0 0 0 0 2 0 1 0 0 2 0 36 0 0 3
预测:     0 0 0 0 5 0 0 1 0 0 4 0 0 1 6 0 10 7 0 0 0 0 0 2 0 1 0 0 2 0 36 0 0 3
准确率:    1.0000 (34/34)
----------------------------------------
输入:       D>LH> LMSV> MN KL DBJC WKLJ XJLK
目标:     0 1 0 0 4 0 0 1 6 0 10 7 0 0 0 0 0 2 0 1 0 0 2 0 36 0 0 3 0 0 0 5 0
预测:     0 1 0 0 4 0 0 1 6 0 10 7 0 0 0 0 0 2 0 1 0 0 2 0 36 0 0 3 0 0 0 5 0
准确率:    1.0000 (33/33)
----------------------------------------
💾 保存新的最佳模型！验证准确率: 0.9551 (F1: 0.9548) (Epoch 5)

======================================================================
🚀 Epoch 6/200
======================================================================
📚 开始训练阶段...
训练进度: 500/3164 损失=0.1526
训练进度: 1000/3164 损失=0.1685
训练进度: 1500/3164 损失=0.0877
训练进度: 2000/3164 损失=0.1818
训练进度: 2500/3164 损失=0.1580
训练进度: 3000/3164 损失=0.0997
训练进度: 3164/3164 损失=0.1202
✅ 训练完成，耗时: 58.2秒 (1.0分钟)

============================================================
📊 验证决策: Epoch 6/200
   验证间隔: 1
   是否验证: ✅ 是
   原因: 达到验证间隔 (0 == 0)
============================================================

🔍 开始验证...
验证进度: 500/686 损失=0.4783
验证进度: 686/686 损失=0.3330

📊 预测分布分析:
  - 预测的前5个类别: {np.int64(0): 280844, np.int64(1): 37097, np.int64(2): 15042, np.int64(3): 10581, np.int64(4): 8842}
  - 标签的前5个类别: {np.int64(0): 281232, np.int64(1): 36731, np.int64(2): 14789, np.int64(3): 10866, np.int64(4): 8585}
✅ 验证完成，耗时: 4.7秒 (0.1分钟)
训练损失: 0.1319
验证损失: 0.2362
验证准确率: 0.9582 (10505/10964) - 与Levenshtein高度相关
验证F1(加权): 0.9574 - 类别平衡更好
学习率: 0.000100
显存使用: 0.47GB (预留: 0.69GB)

生成的训练样本:
--------------------------------------------------------------------------------
输入:       WL> MCKX XD MN KWKB> LM<DRW LHNWN
目标:     0 1 0 0 0 28 0 0 7 0 0 2 0 0 0 0 0 0 0 11 0 0 1 6 0 0 7 19 0 1 0 0 0 12
预测:     0 1 0 0 8 28 0 0 7 0 0 2 0 0 0 0 0 0 0 11 0 0 1 6 0 0 7 19 0 1 0 0 0 12
准确率:    0.9706 (33/34)
----------------------------------------
输入:       JM> SWG>> >KLJN WCTJN WXDJN WCLJMWN CLJV
目标:     0 0 4 0 0 0 0 0 4 0 0 0 0 7 0 0 0 1 0 42 0 0 0 1 0 42 0 0 0 1 0 0 0 0 0 2 0 0 8 0 40
预测:     0 0 4 0 0 0 0 0 4 0 0 0 0 7 0 0 0 1 0 42 0 0 0 1 0 42 0 0 0 1 0 0 0 0 0 2 0 0 0 0 2
准确率:    0.9512 (39/41)
----------------------------------------
输入:       >W XLQ> QNWMH L> >JTWHJ >L> CM>
目标:     0 0 0 0 0 0 4 0 0 0 0 0 5 0 0 0 0 0 0 0 10 5 0 0 0 0 0 0 0 0 4 0
预测:     0 0 0 0 0 0 4 0 0 0 0 0 5 0 0 0 0 0 0 0 10 5 0 0 0 0 0 0 0 0 4 0
准确率:    1.0000 (32/32)
----------------------------------------

生成的验证样本:
--------------------------------------------------------------------------------
输入:       YBJNH D>LH> LMSV> MN KL DBJC WKLJ
目标:     0 0 0 0 5 0 0 1 0 0 4 0 0 1 6 0 10 7 0 0 0 0 0 2 0 1 0 0 2 0 36 0 0 3
预测:     0 0 0 0 5 0 0 1 0 0 4 0 0 1 6 0 10 7 0 0 0 0 0 2 0 1 0 0 2 0 36 0 0 3
准确率:    1.0000 (34/34)
----------------------------------------
输入:       D>LH> LMSV> MN KL DBJC WKLJ XJLK
目标:     0 1 0 0 4 0 0 1 6 0 10 7 0 0 0 0 0 2 0 1 0 0 2 0 36 0 0 3 0 0 0 5 0
预测:     0 1 0 0 4 0 0 1 6 0 10 7 0 0 0 0 0 2 0 1 0 0 2 0 36 0 0 3 0 0 0 5 0
准确率:    1.0000 (33/33)
----------------------------------------
💾 保存新的最佳模型！验证准确率: 0.9582 (F1: 0.9574) (Epoch 6)

======================================================================
🚀 Epoch 7/200
======================================================================
📚 开始训练阶段...
训练进度: 500/3164 损失=0.0716
训练进度: 1000/3164 损失=0.0994
训练进度: 1500/3164 损失=0.1750
训练进度: 2000/3164 损失=0.1199
训练进度: 2500/3164 损失=0.2009
训练进度: 3000/3164 损失=0.1002
训练进度: 3164/3164 损失=0.1477
✅ 训练完成，耗时: 58.3秒 (1.0分钟)

============================================================
📊 验证决策: Epoch 7/200
   验证间隔: 1
   是否验证: ✅ 是
   原因: 达到验证间隔 (0 == 0)
============================================================

🔍 开始验证...
验证进度: 500/686 损失=0.4945
验证进度: 686/686 损失=0.3730

📊 预测分布分析:
  - 预测的前5个类别: {np.int64(0): 280755, np.int64(1): 37147, np.int64(2): 14619, np.int64(3): 10641, np.int64(4): 8826}
  - 标签的前5个类别: {np.int64(0): 281232, np.int64(1): 36731, np.int64(2): 14789, np.int64(3): 10866, np.int64(4): 8585}
✅ 验证完成，耗时: 4.7秒 (0.1分钟)
训练损失: 0.1170
验证损失: 0.2332
验证准确率: 0.9583 (10506/10964) - 与Levenshtein高度相关
验证F1(加权): 0.9578 - 类别平衡更好
学习率: 0.000100
显存使用: 0.48GB (预留: 0.69GB)

生成的训练样本:
--------------------------------------------------------------------------------
输入:       WMXJHJ >DWMJ> LJWRM WHPK JWRM BR >XB
目标:     0 1 0 94 0 0 0 0 0 0 0 0 4 0 0 1 0 0 0 2 0 1 0 0 3 0 0 0 0 2 0 0 2 0 0 0 2
预测:     0 1 0 94 0 0 0 0 0 0 0 0 11 0 0 1 0 0 0 2 0 1 0 0 3 0 0 0 0 2 0 0 2 0 0 0 2
准确率:    0.9730 (36/37)
----------------------------------------
输入:       D>JDN HW >TTRJMT WL> HW> MRJ> <BD
目标:     0 35 0 0 5 0 0 0 0 0 0 76 17 20 0 3 0 0 1 0 0 0 0 10 3 0 0 0 0 2 0 0 0 3
预测:     0 35 0 0 5 0 0 0 0 0 0 76 17 20 0 3 0 0 1 0 0 0 0 10 3 0 0 0 0 2 0 0 0 7
准确率:    0.9706 (33/34)
----------------------------------------
输入:       <DM> LBVMT> DBY<JNJN D<L GNB RQM WXWJW
目标:     0 0 0 0 0 0 1 0 0 13 9 0 0 1 1 0 0 0 0 0 2 0 1 0 0 0 0 0 2 0 0 0 2 0 1 0 0 3 19
预测:     0 0 0 0 0 0 1 0 0 13 9 0 0 1 1 0 0 0 2 0 2 0 1 0 0 0 0 0 2 0 0 0 2 0 1 0 0 3 19
准确率:    0.9744 (38/39)
----------------------------------------

生成的验证样本:
--------------------------------------------------------------------------------
输入:       YBJNH D>LH> LMSV> MN KL DBJC WKLJ
目标:     0 0 0 0 5 0 0 1 0 0 4 0 0 1 6 0 10 7 0 0 0 0 0 2 0 1 0 0 2 0 36 0 0 3
预测:     0 0 0 0 5 0 0 1 0 0 4 0 0 1 6 0 10 7 0 0 0 0 0 2 0 1 0 0 2 0 36 0 0 3
准确率:    1.0000 (34/34)
----------------------------------------
输入:       D>LH> LMSV> MN KL DBJC WKLJ XJLK
目标:     0 1 0 0 4 0 0 1 6 0 10 7 0 0 0 0 0 2 0 1 0 0 2 0 36 0 0 3 0 0 0 5 0
预测:     0 1 0 0 4 0 0 1 6 0 10 7 0 0 0 0 0 2 0 1 0 0 2 0 36 0 0 3 0 0 0 5 0
准确率:    1.0000 (33/33)
----------------------------------------
💾 保存新的最佳模型！验证准确率: 0.9583 (F1: 0.9578) (Epoch 7)

======================================================================
🚀 Epoch 8/200
======================================================================
📚 开始训练阶段...
训练进度: 500/3164 损失=0.0914
训练进度: 1000/3164 损失=0.0874
训练进度: 1500/3164 损失=0.0830
训练进度: 2000/3164 损失=0.0429
训练进度: 2500/3164 损失=0.1064
训练进度: 3000/3164 损失=0.1192
训练进度: 3164/3164 损失=0.0931
✅ 训练完成，耗时: 58.4秒 (1.0分钟)

============================================================
📊 验证决策: Epoch 8/200
   验证间隔: 1
   是否验证: ✅ 是
   原因: 达到验证间隔 (0 == 0)
============================================================

🔍 开始验证...
验证进度: 500/686 损失=0.3638
验证进度: 686/686 损失=0.3169

📊 预测分布分析:
  - 预测的前5个类别: {np.int64(0): 281390, np.int64(1): 37466, np.int64(2): 14773, np.int64(3): 10796, np.int64(4): 8146}
  - 标签的前5个类别: {np.int64(0): 281232, np.int64(1): 36731, np.int64(2): 14789, np.int64(3): 10866, np.int64(4): 8585}
✅ 验证完成，耗时: 4.7秒 (0.1分钟)
训练损失: 0.1049
验证损失: 0.2416
验证准确率: 0.9601 (10526/10964) - 与Levenshtein高度相关
验证F1(加权): 0.9594 - 类别平衡更好
学习率: 0.000100
显存使用: 0.47GB (预留: 0.69GB)

生成的训练样本:
--------------------------------------------------------------------------------
输入:       WBMLJ QDJC> SRHB HLKTH WSHR> Q>M LZBNH
目标:     0 1 1 0 13 0 0 0 0 0 4 0 0 17 0 0 3 0 0 0 13 32 0 0 1 0 0 4 0 0 20 0 7 0 1 0 0 5 0
预测:     0 1 1 0 13 0 0 0 0 0 4 0 0 17 0 0 3 0 0 0 13 32 0 0 1 0 0 4 0 0 20 0 7 0 1 0 0 5 0
准确率:    1.0000 (39/39)
----------------------------------------
输入:       NCM< LPTGMJ DNMLL BCMJ >N> >TB< MNH
目标:     0 6 0 0 3 0 1 0 0 0 2 0 0 1 6 0 0 16 0 1 0 5 0 0 0 0 0 0 6 0 0 3 0 0 1 0
预测:     0 6 0 0 3 0 1 0 0 0 2 0 0 1 6 0 0 16 0 1 0 5 0 0 0 0 0 0 6 0 0 3 0 0 1 0
准确率:    1.0000 (36/36)
----------------------------------------
输入:       B>JDJK W>N DXL >NT LMXT XWT >NT
目标:     0 35 0 0 2 1 0 0 1 0 0 0 0 0 7 0 0 0 0 0 1 34 0 7 34 8 0 3 0 0 0 0
预测:     0 35 0 0 2 1 0 0 1 0 0 6 0 0 7 0 0 0 0 0 1 34 0 7 34 8 0 3 0 0 0 0
准确率:    0.9688 (31/32)
----------------------------------------

生成的验证样本:
--------------------------------------------------------------------------------
输入:       YBJNH D>LH> LMSV> MN KL DBJC WKLJ
目标:     0 0 0 0 5 0 0 1 0 0 4 0 0 1 6 0 10 7 0 0 0 0 0 2 0 1 0 0 2 0 36 0 0 3
预测:     0 0 0 0 5 0 0 1 0 0 4 0 0 1 6 0 10 7 0 0 0 0 0 2 0 1 0 0 2 0 1 0 0 3
准确率:    0.9706 (33/34)
----------------------------------------
输入:       D>LH> LMSV> MN KL DBJC WKLJ XJLK
目标:     0 1 0 0 4 0 0 1 6 0 10 7 0 0 0 0 0 2 0 1 0 0 2 0 36 0 0 3 0 0 0 5 0
预测:     0 1 0 0 4 0 0 1 6 0 10 7 0 0 0 0 0 2 0 1 0 0 2 0 1 0 0 3 0 0 0 5 0
准确率:    0.9697 (32/33)
----------------------------------------
💾 保存新的最佳模型！验证准确率: 0.9601 (F1: 0.9594) (Epoch 8)

======================================================================
🚀 Epoch 9/200
======================================================================
📚 开始训练阶段...
训练进度: 500/3164 损失=0.0822
训练进度: 1000/3164 损失=0.0665
训练进度: 1500/3164 损失=0.0949
训练进度: 2000/3164 损失=0.0785
训练进度: 2500/3164 损失=0.1242
训练进度: 3000/3164 损失=0.0647
训练进度: 3164/3164 损失=0.0556
✅ 训练完成，耗时: 58.0秒 (1.0分钟)

============================================================
📊 验证决策: Epoch 9/200
   验证间隔: 1
   是否验证: ✅ 是
   原因: 达到验证间隔 (0 == 0)
============================================================

🔍 开始验证...
验证进度: 500/686 损失=0.2693
验证进度: 686/686 损失=0.3240

📊 预测分布分析:
  - 预测的前5个类别: {np.int64(0): 279848, np.int64(1): 37172, np.int64(2): 14910, np.int64(3): 10810, np.int64(4): 8452}
  - 标签的前5个类别: {np.int64(0): 281232, np.int64(1): 36731, np.int64(2): 14789, np.int64(3): 10866, np.int64(4): 8585}
✅ 验证完成，耗时: 4.7秒 (0.1分钟)
训练损失: 0.0955
验证损失: 0.2468
验证准确率: 0.9591 (10515/10964) - 与Levenshtein高度相关
验证F1(加权): 0.9588 - 类别平衡更好
学习率: 0.000100
显存使用: 0.47GB (预留: 0.69GB)

生成的训练样本:
--------------------------------------------------------------------------------
输入:       <MM> YB> BKWN MRJ> WGBKWN MVL D>NTWN
目标:     0 0 8 30 0 0 0 10 3 0 1 0 0 0 0 0 0 0 2 0 1 0 105 0 0 0 0 0 0 0 0 1 0 0 0 0 0
预测:     0 0 8 30 0 0 0 10 7 0 1 0 0 0 0 0 0 0 2 0 1 0 105 0 0 0 0 0 0 0 0 1 0 0 0 0 0
准确率:    0.9730 (36/37)
----------------------------------------
输入:       WPYJNJ MN B<LDBBJ WMN >JLJN DQJMJN <LJ
目标:     0 1 0 0 51 0 0 0 0 0 0 0 0 0 0 0 2 46 0 1 0 0 0 0 0 0 0 0 0 1 20 0 7 0 0 0 0 1 0
预测:     0 1 0 0 51 0 0 0 0 0 0 0 0 0 0 0 2 46 0 1 0 0 0 0 0 0 0 0 0 1 20 0 7 0 0 0 0 1 0
准确率:    1.0000 (39/39)
----------------------------------------
输入:       WNPQ L>TR> SPJQ> WMVL DPRD> >NJN >JK
目标:     0 1 0 0 3 0 1 0 0 4 0 0 0 8 0 43 27 0 1 0 0 0 0 1 0 0 61 0 0 0 0 0 0 0 0 0 0
预测:     0 1 0 0 3 0 1 0 0 4 0 0 0 8 0 65 27 0 1 0 0 0 0 1 0 0 61 0 0 0 0 0 0 0 0 0 0
准确率:    0.9730 (36/37)
----------------------------------------

生成的验证样本:
--------------------------------------------------------------------------------
输入:       YBJNH D>LH> LMSV> MN KL DBJC WKLJ
目标:     0 0 0 0 5 0 0 1 0 0 4 0 0 1 6 0 10 7 0 0 0 0 0 2 0 1 0 0 2 0 36 0 0 3
预测:     0 0 0 0 5 0 0 1 0 0 4 0 0 1 6 0 10 7 0 0 0 0 0 2 0 1 0 0 2 0 36 0 0 3
准确率:    1.0000 (34/34)
----------------------------------------
输入:       D>LH> LMSV> MN KL DBJC WKLJ XJLK
目标:     0 1 0 0 4 0 0 1 6 0 10 7 0 0 0 0 0 2 0 1 0 0 2 0 36 0 0 3 0 0 0 5 0
预测:     0 1 0 0 4 0 0 1 6 0 10 7 0 0 0 0 0 2 0 1 0 0 2 0 36 0 0 3 0 0 0 5 0
准确率:    1.0000 (33/33)
----------------------------------------
⏳ 验证无提升 (验证准确率: 0.9591 ≤ 0.9601)，patience: 1/50

======================================================================
🚀 Epoch 10/200
======================================================================
📚 开始训练阶段...
训练进度: 500/3164 损失=0.1411
训练进度: 1000/3164 损失=0.1475
训练进度: 1500/3164 损失=0.0619
训练进度: 2000/3164 损失=0.0777
训练进度: 2500/3164 损失=0.0704
训练进度: 3000/3164 损失=0.0876
训练进度: 3164/3164 损失=0.0671
✅ 训练完成，耗时: 58.0秒 (1.0分钟)

============================================================
📊 验证决策: Epoch 10/200
   验证间隔: 1
   是否验证: ✅ 是
   原因: 达到验证间隔 (0 == 0)
============================================================

🔍 开始验证...
验证进度: 500/686 损失=0.3805
验证进度: 686/686 损失=0.1422

📊 预测分布分析:
  - 预测的前5个类别: {np.int64(0): 280725, np.int64(1): 37192, np.int64(2): 14728, np.int64(3): 10667, np.int64(4): 8741}
  - 标签的前5个类别: {np.int64(0): 281232, np.int64(1): 36731, np.int64(2): 14789, np.int64(3): 10866, np.int64(4): 8585}
✅ 验证完成，耗时: 4.7秒 (0.1分钟)
训练损失: 0.0882
验证损失: 0.2521
验证准确率: 0.9607 (10533/10964) - 与Levenshtein高度相关
验证F1(加权): 0.9602 - 类别平衡更好
学习率: 0.000099
显存使用: 0.47GB (预留: 0.69GB)

生成的训练样本:
--------------------------------------------------------------------------------
输入:       LKWN JWMN> DNV>B LKWN WLBNJKWN BTRKWN WTSGWN
目标:     0 1 0 0 0 0 0 0 0 4 0 0 1 6 0 0 3 0 1 0 0 0 0 1 1 0 2 1 0 0 0 0 0 0 1 0 0 0 0 1 28 0 18 0 0
预测:     0 1 0 0 0 0 0 0 0 4 0 0 1 6 0 0 3 0 1 0 0 0 0 1 1 0 2 1 0 0 0 0 0 0 1 0 0 0 0 1 6 0 18 0 0
准确率:    0.9778 (44/45)
----------------------------------------
输入:       MLK> LXLQJ> KHN> RB> WLKHN> DBTRH WLNVRJ
目标:     0 0 0 4 0 0 1 0 0 0 0 2 0 0 0 4 0 0 0 4 0 0 1 1 0 0 11 0 0 1 0 0 1 0 0 1 1 0 0 7 0
预测:     0 0 0 4 0 0 1 0 0 0 0 2 0 0 0 4 0 0 0 4 0 0 1 1 0 0 11 0 0 1 0 0 1 0 0 1 1 0 0 7 0
准确率:    1.0000 (41/41)
----------------------------------------
输入:       RPJWT> D>JDJ> WTBR> DBWRK> >NTT> DL> MJQR>
目标:     0 0 0 0 2 9 0 0 35 0 0 2 9 0 0 1 0 0 15 0 0 1 8 0 31 11 0 0 0 0 13 9 0 0 1 0 0 0 6 0 0 7 19
预测:     0 0 0 0 2 9 0 0 35 0 0 2 9 0 0 1 0 0 15 0 0 1 8 0 31 11 0 0 0 0 13 9 0 0 1 0 0 0 6 0 0 7 19
准确率:    1.0000 (43/43)
----------------------------------------

生成的验证样本:
--------------------------------------------------------------------------------
输入:       YBJNH D>LH> LMSV> MN KL DBJC WKLJ
目标:     0 0 0 0 5 0 0 1 0 0 4 0 0 1 6 0 10 7 0 0 0 0 0 2 0 1 0 0 2 0 36 0 0 3
预测:     0 0 0 0 5 0 0 1 0 0 4 0 0 1 6 0 10 7 0 0 0 0 0 2 0 1 0 0 2 0 1 0 0 3
准确率:    0.9706 (33/34)
----------------------------------------
输入:       D>LH> LMSV> MN KL DBJC WKLJ XJLK
目标:     0 1 0 0 4 0 0 1 6 0 10 7 0 0 0 0 0 2 0 1 0 0 2 0 36 0 0 3 0 0 0 5 0
预测:     0 1 0 0 4 0 0 1 6 0 10 7 0 0 0 0 0 2 0 1 0 0 2 0 1 0 0 3 0 0 0 5 0
准确率:    0.9697 (32/33)
----------------------------------------
💾 保存新的最佳模型！验证准确率: 0.9607 (F1: 0.9602) (Epoch 10)

======================================================================
🚀 Epoch 11/200
======================================================================
📚 开始训练阶段...
训练进度: 500/3164 损失=0.0487
训练进度: 1000/3164 损失=0.0884
训练进度: 1500/3164 损失=0.0772
训练进度: 2000/3164 损失=0.0636
训练进度: 2500/3164 损失=0.1223
训练进度: 3000/3164 损失=0.0525
训练进度: 3164/3164 损失=0.0728
✅ 训练完成，耗时: 58.1秒 (1.0分钟)

============================================================
📊 验证决策: Epoch 11/200
   验证间隔: 1
   是否验证: ✅ 是
   原因: 达到验证间隔 (0 == 0)
============================================================

🔍 开始验证...
验证进度: 500/686 损失=0.3425
验证进度: 686/686 损失=0.2614

📊 预测分布分析:
  - 预测的前5个类别: {np.int64(0): 281891, np.int64(1): 37184, np.int64(2): 14586, np.int64(3): 10490, np.int64(4): 8597}
  - 标签的前5个类别: {np.int64(0): 281232, np.int64(1): 36731, np.int64(2): 14789, np.int64(3): 10866, np.int64(4): 8585}
✅ 验证完成，耗时: 4.7秒 (0.1分钟)
训练损失: 0.0820
验证损失: 0.2576
验证准确率: 0.9611 (10537/10964) - 与Levenshtein高度相关
验证F1(加权): 0.9605 - 类别平衡更好
学习率: 0.000099
显存使用: 0.47GB (预留: 0.69GB)

生成的训练样本:
--------------------------------------------------------------------------------
输入:       MLX> W>MR HKN> >MR MRJ> >SJT LMJ>
目标:     0 0 0 4 0 0 1 0 0 3 0 0 0 0 0 0 0 0 7 0 0 0 0 2 0 0 0 3 19 0 1 24 9 0
预测:     0 0 0 4 0 0 1 0 0 3 0 0 0 0 0 0 0 0 7 0 0 0 0 2 0 0 0 3 0 0 1 24 9 0
准确率:    0.9706 (33/34)
----------------------------------------
输入:       W>N L> YB> L> N<BDJWHJ WHW NZK>
目标:     0 1 0 0 0 0 0 0 0 10 7 0 0 0 0 6 0 0 48 35 0 0 0 0 1 0 0 0 6 0 10 16
预测:     0 1 0 0 0 0 0 0 0 10 7 0 0 0 0 6 0 0 48 35 0 0 0 0 1 0 0 0 6 0 10 3
准确率:    0.9688 (31/32)
----------------------------------------
输入:       LH MN LBR <L TR<> TLTM>> WTMN>JN
目标:     0 1 0 0 0 0 0 1 0 22 0 0 0 0 0 0 4 0 0 0 0 0 0 0 2 0 1 0 0 0 0 0 2
预测:     0 1 0 0 0 0 0 1 0 22 0 0 0 0 0 0 4 0 0 0 0 0 0 0 2 0 1 0 0 0 0 0 2
准确率:    1.0000 (33/33)
----------------------------------------

生成的验证样本:
--------------------------------------------------------------------------------
输入:       YBJNH D>LH> LMSV> MN KL DBJC WKLJ
目标:     0 0 0 0 5 0 0 1 0 0 4 0 0 1 6 0 10 7 0 0 0 0 0 2 0 1 0 0 2 0 36 0 0 3
预测:     0 0 0 0 5 0 0 1 0 0 4 0 0 1 6 0 10 7 0 0 0 0 0 2 0 1 0 0 2 0 1 0 0 3
准确率:    0.9706 (33/34)
----------------------------------------
输入:       D>LH> LMSV> MN KL DBJC WKLJ XJLK
目标:     0 1 0 0 4 0 0 1 6 0 10 7 0 0 0 0 0 2 0 1 0 0 2 0 36 0 0 3 0 0 0 5 0
预测:     0 1 0 0 4 0 0 1 6 0 10 7 0 0 0 0 0 2 0 1 0 0 2 0 36 0 0 3 0 0 0 5 0
准确率:    1.0000 (33/33)
----------------------------------------
💾 保存新的最佳模型！验证准确率: 0.9611 (F1: 0.9605) (Epoch 11)

======================================================================
🚀 Epoch 12/200
======================================================================
📚 开始训练阶段...
训练进度: 500/3164 损失=0.0386
训练进度: 1000/3164 损失=0.1093
训练进度: 1500/3164 损失=0.0750
训练进度: 2000/3164 损失=0.1037
训练进度: 2500/3164 损失=0.0796
训练进度: 3000/3164 损失=0.1086
训练进度: 3164/3164 损失=0.0822
✅ 训练完成，耗时: 58.2秒 (1.0分钟)

============================================================
📊 验证决策: Epoch 12/200
   验证间隔: 1
   是否验证: ✅ 是
   原因: 达到验证间隔 (0 == 0)
============================================================

🔍 开始验证...
验证进度: 500/686 损失=0.2836
验证进度: 686/686 损失=0.1330

📊 预测分布分析:
  - 预测的前5个类别: {np.int64(0): 280717, np.int64(1): 37251, np.int64(2): 14844, np.int64(3): 10773, np.int64(4): 8607}
  - 标签的前5个类别: {np.int64(0): 281232, np.int64(1): 36731, np.int64(2): 14789, np.int64(3): 10866, np.int64(4): 8585}
✅ 验证完成，耗时: 4.7秒 (0.1分钟)
训练损失: 0.0768
验证损失: 0.2561
验证准确率: 0.9615 (10542/10964) - 与Levenshtein高度相关
验证F1(加权): 0.9612 - 类别平衡更好
学习率: 0.000099
显存使用: 0.48GB (预留: 0.69GB)

生成的训练样本:
--------------------------------------------------------------------------------
输入:       MQBL> NPC> BRM >JT M>KWLT> DMN M>KWLT>
目标:     0 6 0 0 7 19 0 0 0 4 0 0 0 0 0 0 0 0 24 0 0 0 0 0 13 9 0 0 1 0 0 0 0 0 0 0 13 9 0
预测:     0 6 0 0 7 19 0 0 0 4 0 0 0 0 0 0 0 0 24 0 0 0 0 0 13 9 0 0 1 0 0 0 0 0 0 0 13 9 0
准确率:    1.0000 (39/39)
----------------------------------------
输入:       W>WD<W >NWN LBNJKWN WLBNJ BNJKWN JWM> DQMTWN
目标:     0 36 50 0 0 3 0 0 0 0 0 0 0 1 0 2 1 0 0 0 0 1 1 0 2 0 0 0 2 1 0 0 0 0 0 0 4 0 0 1 31 3 0 0 0
预测:     0 36 50 0 0 3 0 0 0 0 0 0 0 1 0 2 1 0 0 0 0 1 1 0 2 0 0 0 2 1 0 0 0 0 0 0 4 0 0 1 31 3 0 0 0
准确率:    1.0000 (45/45)
----------------------------------------
输入:       MN QDMJ L> >JT> BJCT> BJWMWHJ BJWMJ
目标:     0 0 0 0 0 0 2 46 0 0 0 0 68 0 10 3 0 0 0 2 9 0 0 1 0 0 25 1 0 0 0 1 0 0 2 0
预测:     0 0 0 0 0 0 2 46 0 0 0 0 68 0 10 3 0 0 0 2 9 0 0 1 0 0 25 1 0 0 0 1 0 0 2 0
准确率:    1.0000 (36/36)
----------------------------------------

生成的验证样本:
--------------------------------------------------------------------------------
输入:       YBJNH D>LH> LMSV> MN KL DBJC WKLJ
目标:     0 0 0 0 5 0 0 1 0 0 4 0 0 1 6 0 10 7 0 0 0 0 0 2 0 1 0 0 2 0 36 0 0 3
预测:     0 0 0 0 5 0 0 1 0 0 4 0 0 1 6 0 10 7 0 0 0 0 0 2 0 1 0 0 2 0 1 0 0 3
准确率:    0.9706 (33/34)
----------------------------------------
输入:       D>LH> LMSV> MN KL DBJC WKLJ XJLK
目标:     0 1 0 0 4 0 0 1 6 0 10 7 0 0 0 0 0 2 0 1 0 0 2 0 36 0 0 3 0 0 0 5 0
预测:     0 1 0 0 4 0 0 1 6 0 10 7 0 0 0 0 0 2 0 1 0 0 2 0 36 0 0 3 0 0 0 5 0
准确率:    1.0000 (33/33)
----------------------------------------
💾 保存新的最佳模型！验证准确率: 0.9615 (F1: 0.9612) (Epoch 12)

======================================================================
🚀 Epoch 13/200
======================================================================
📚 开始训练阶段...
训练进度: 500/3164 损失=0.0727
训练进度: 1000/3164 损失=0.0715
训练进度: 1500/3164 损失=0.0786
训练进度: 2000/3164 损失=0.0489
训练进度: 2500/3164 损失=0.0776
训练进度: 3000/3164 损失=0.0485
训练进度: 3164/3164 损失=0.0621
✅ 训练完成，耗时: 58.1秒 (1.0分钟)

============================================================
📊 验证决策: Epoch 13/200
   验证间隔: 1
   是否验证: ✅ 是
   原因: 达到验证间隔 (0 == 0)
============================================================

🔍 开始验证...
验证进度: 500/686 损失=0.3203
验证进度: 686/686 损失=0.1477

📊 预测分布分析:
  - 预测的前5个类别: {np.int64(0): 281547, np.int64(1): 37104, np.int64(2): 14935, np.int64(3): 10631, np.int64(4): 8665}
  - 标签的前5个类别: {np.int64(0): 281232, np.int64(1): 36731, np.int64(2): 14789, np.int64(3): 10866, np.int64(4): 8585}
✅ 验证完成，耗时: 4.7秒 (0.1分钟)
训练损失: 0.0720
验证损失: 0.2668
验证准确率: 0.9617 (10544/10964) - 与Levenshtein高度相关
验证F1(加权): 0.9610 - 类别平衡更好
学习率: 0.000099
显存使用: 0.47GB (预留: 0.69GB)

生成的训练样本:
--------------------------------------------------------------------------------
输入:       WD<TJDJN WGLJN QDMWHJ KLHJN KSJT> WL> <ND>
目标:     0 1 1 0 8 0 7 0 27 0 1 0 0 7 27 0 0 0 25 1 0 0 0 0 5 0 0 0 0 0 0 7 23 0 0 1 0 0 0 0 0 7 0
预测:     0 1 1 0 8 0 7 0 27 0 1 0 42 7 27 0 0 0 25 1 0 0 0 0 5 0 0 0 0 0 0 7 23 27 0 1 0 0 0 0 0 7 0
准确率:    0.9535 (41/43)
----------------------------------------
输入:       <BDWHJ MCKX QDMWHJ MRJ> QCJ LBH DPR<WN
目标:     0 0 0 104 1 0 0 8 0 0 0 7 0 0 0 25 1 0 0 0 0 0 0 2 0 0 0 16 0 0 5 0 0 1 0 0 0 0 2
预测:     0 0 0 104 1 0 0 8 0 0 0 7 0 0 0 25 1 0 0 0 0 0 0 2 0 0 0 16 0 0 5 0 0 1 0 0 0 0 2
准确率:    1.0000 (39/39)
----------------------------------------
输入:       WL>JSXQ WLJ<QWB WDTD< DL> HW> BZDJQWTK JHB
目标:     0 1 1 0 0 0 0 2 0 1 1 0 0 0 0 2 0 1 1 52 0 3 0 1 0 0 0 0 10 3 0 1 0 0 0 0 2 1 0 0 0 0 7
预测:     0 1 1 0 0 0 0 2 0 1 1 0 0 0 0 2 0 1 1 52 0 3 0 1 0 0 0 0 10 3 0 1 0 0 0 0 2 1 0 0 0 0 7
准确率:    1.0000 (43/43)
----------------------------------------

生成的验证样本:
--------------------------------------------------------------------------------
输入:       YBJNH D>LH> LMSV> MN KL DBJC WKLJ
目标:     0 0 0 0 5 0 0 1 0 0 4 0 0 1 6 0 10 7 0 0 0 0 0 2 0 1 0 0 2 0 36 0 0 3
预测:     0 0 0 0 5 0 0 1 0 0 4 0 0 1 6 0 10 7 0 0 0 0 0 2 0 1 0 0 2 0 1 0 0 3
准确率:    0.9706 (33/34)
----------------------------------------
输入:       D>LH> LMSV> MN KL DBJC WKLJ XJLK
目标:     0 1 0 0 4 0 0 1 6 0 10 7 0 0 0 0 0 2 0 1 0 0 2 0 36 0 0 3 0 0 0 5 0
预测:     0 1 0 0 4 0 0 1 6 0 10 7 0 0 0 0 0 2 0 1 0 0 2 0 1 0 0 3 0 0 0 5 0
准确率:    0.9697 (32/33)
----------------------------------------
💾 保存新的最佳模型！验证准确率: 0.9617 (F1: 0.9610) (Epoch 13)

======================================================================
🚀 Epoch 14/200
======================================================================
📚 开始训练阶段...
训练进度: 500/3164 损失=0.0778
训练进度: 1000/3164 损失=0.0879
训练进度: 1500/3164 损失=0.0694
训练进度: 2000/3164 损失=0.0504
训练进度: 2500/3164 损失=0.0855
训练进度: 3000/3164 损失=0.0467
训练进度: 3164/3164 损失=0.0370
✅ 训练完成，耗时: 58.3秒 (1.0分钟)

============================================================
📊 验证决策: Epoch 14/200
   验证间隔: 1
   是否验证: ✅ 是
   原因: 达到验证间隔 (0 == 0)
============================================================

🔍 开始验证...
验证进度: 500/686 损失=0.2852
验证进度: 686/686 损失=0.2702

📊 预测分布分析:
  - 预测的前5个类别: {np.int64(0): 281419, np.int64(1): 37233, np.int64(2): 14498, np.int64(3): 11263, np.int64(4): 8635}
  - 标签的前5个类别: {np.int64(0): 281232, np.int64(1): 36731, np.int64(2): 14789, np.int64(3): 10866, np.int64(4): 8585}
✅ 验证完成，耗时: 4.7秒 (0.1分钟)
训练损失: 0.0681
验证损失: 0.2739
验证准确率: 0.9621 (10548/10964) - 与Levenshtein高度相关
验证F1(加权): 0.9614 - 类别平衡更好
学习率: 0.000099
显存使用: 0.47GB (预留: 0.69GB)

生成的训练样本:
--------------------------------------------------------------------------------
输入:       LK >KL >NT CNT> HD> K>T> WCNT>
目标:     0 1 0 0 0 0 7 0 0 0 0 0 0 13 9 0 0 0 0 0 0 0 13 9 0 0 1 0 13 9 0
预测:     0 1 0 0 0 0 7 0 0 0 0 0 0 13 9 0 0 0 0 0 0 0 13 9 0 0 1 0 13 9 0
准确率:    1.0000 (31/31)
----------------------------------------
输入:       BLXWD DJN L> NSG> LH RKC> DL>
目标:     0 1 0 0 0 2 0 0 0 0 0 0 0 0 6 0 10 3 0 1 0 0 0 0 11 0 0 1 0 0
预测:     0 1 0 0 0 2 0 0 0 0 0 0 0 0 28 0 10 3 0 1 0 0 0 0 11 0 0 1 0 0
准确率:    0.9667 (29/30)
----------------------------------------
输入:       LW >JK >NC DHD> CPRT LH >L>
目标:     0 81 0 0 0 0 0 0 0 0 2 0 1 0 0 0 0 0 0 3 26 0 1 0 0 0 0 0
预测:     0 81 0 0 0 0 0 0 0 0 2 0 1 0 0 0 0 0 0 3 26 0 1 0 0 0 0 0
准确率:    1.0000 (28/28)
----------------------------------------

生成的验证样本:
--------------------------------------------------------------------------------
输入:       YBJNH D>LH> LMSV> MN KL DBJC WKLJ
目标:     0 0 0 0 5 0 0 1 0 0 4 0 0 1 6 0 10 7 0 0 0 0 0 2 0 1 0 0 2 0 36 0 0 3
预测:     0 0 0 0 5 0 0 1 0 0 4 0 0 1 6 0 10 7 0 0 0 0 0 2 0 1 0 0 2 0 36 0 0 3
准确率:    1.0000 (34/34)
----------------------------------------
输入:       D>LH> LMSV> MN KL DBJC WKLJ XJLK
目标:     0 1 0 0 4 0 0 1 6 0 10 7 0 0 0 0 0 2 0 1 0 0 2 0 36 0 0 3 0 0 0 5 0
预测:     0 1 0 0 4 0 0 1 6 0 10 7 0 0 0 0 0 2 0 1 0 0 2 0 36 0 0 3 0 0 0 5 0
准确率:    1.0000 (33/33)
----------------------------------------
💾 保存新的最佳模型！验证准确率: 0.9621 (F1: 0.9614) (Epoch 14)

======================================================================
🚀 Epoch 15/200
======================================================================
📚 开始训练阶段...
训练进度: 500/3164 损失=0.0694
训练进度: 1000/3164 损失=0.0650
训练进度: 1500/3164 损失=0.0438
训练进度: 2000/3164 损失=0.0223
训练进度: 2500/3164 损失=0.0801
训练进度: 3000/3164 损失=0.0555
训练进度: 3164/3164 损失=0.0778
✅ 训练完成，耗时: 58.3秒 (1.0分钟)

============================================================
📊 验证决策: Epoch 15/200
   验证间隔: 1
   是否验证: ✅ 是
   原因: 达到验证间隔 (0 == 0)
============================================================

🔍 开始验证...
验证进度: 500/686 损失=0.3797
验证进度: 686/686 损失=0.2501

📊 预测分布分析:
  - 预测的前5个类别: {np.int64(0): 281179, np.int64(1): 37314, np.int64(2): 14789, np.int64(3): 10880, np.int64(4): 8536}
  - 标签的前5个类别: {np.int64(0): 281232, np.int64(1): 36731, np.int64(2): 14789, np.int64(3): 10866, np.int64(4): 8585}
✅ 验证完成，耗时: 4.7秒 (0.1分钟)
训练损失: 0.0643
验证损失: 0.2766
验证准确率: 0.9621 (10548/10964) - 与Levenshtein高度相关
验证F1(加权): 0.9616 - 类别平衡更好
学习率: 0.000099
显存使用: 0.48GB (预留: 0.69GB)

生成的训练样本:
--------------------------------------------------------------------------------
输入:       <L BWRKJH <DM> LVHR> WMJT W>SQT >RMJTH
目标:     0 0 0 0 8 0 31 2 1 12 0 0 0 0 0 0 1 0 0 4 0 0 1 20 0 3 0 1 17 64 3 26 0 17 0 0 3 90 0
预测:     0 0 0 0 8 0 31 2 1 12 0 0 0 0 0 0 1 0 0 4 0 0 1 20 0 3 0 1 17 64 3 26 0 17 0 0 3 90 0
准确率:    1.0000 (39/39)
----------------------------------------
输入:       BJWM> >XRJ> BRDJYN >MR MN HD> DL>
目标:     0 1 0 0 4 0 0 0 0 0 4 0 0 0 0 0 0 0 2 0 0 0 7 0 0 0 0 0 0 0 0 1 0 0
预测:     0 1 0 0 4 0 0 0 0 0 4 0 0 0 0 0 0 0 2 0 0 0 7 0 0 0 0 0 0 0 0 1 0 0
准确率:    1.0000 (34/34)
----------------------------------------
输入:       TNW WTNW W>MR TLTW WTLTW WHLKW MJ>
目标:     6 0 18 0 0 1 0 18 0 0 1 0 0 3 6 0 0 33 19 0 1 0 0 33 19 0 1 0 0 3 19 0 24 9 0
预测:     6 0 18 0 0 1 0 18 0 0 1 0 0 3 6 0 0 33 19 0 1 0 0 33 19 0 1 0 0 3 19 0 24 9 0
准确率:    1.0000 (35/35)
----------------------------------------

生成的验证样本:
--------------------------------------------------------------------------------
输入:       YBJNH D>LH> LMSV> MN KL DBJC WKLJ
目标:     0 0 0 0 5 0 0 1 0 0 4 0 0 1 6 0 10 7 0 0 0 0 0 2 0 1 0 0 2 0 36 0 0 3
预测:     0 0 0 0 5 0 0 1 0 0 4 0 0 1 6 0 10 7 0 0 0 0 0 2 0 1 0 0 2 0 36 0 0 3
准确率:    1.0000 (34/34)
----------------------------------------
输入:       D>LH> LMSV> MN KL DBJC WKLJ XJLK
目标:     0 1 0 0 4 0 0 1 6 0 10 7 0 0 0 0 0 2 0 1 0 0 2 0 36 0 0 3 0 0 0 5 0
预测:     0 1 0 0 4 0 0 1 6 0 10 7 0 0 0 0 0 2 0 1 0 0 2 0 36 0 0 3 0 0 0 5 0
准确率:    1.0000 (33/33)
----------------------------------------
⏳ 验证无提升 (验证准确率: 0.9621 ≤ 0.9621)，patience: 1/50

======================================================================
🚀 Epoch 16/200
======================================================================
📚 开始训练阶段...
训练进度: 500/3164 损失=0.0378
训练进度: 1000/3164 损失=0.0665
训练进度: 1500/3164 损失=0.0486
训练进度: 2000/3164 损失=0.0649
训练进度: 2500/3164 损失=0.0745
训练进度: 3000/3164 损失=0.0713
训练进度: 3164/3164 损失=0.0717
✅ 训练完成，耗时: 58.2秒 (1.0分钟)

============================================================
📊 验证决策: Epoch 16/200
   验证间隔: 1
   是否验证: ✅ 是
   原因: 达到验证间隔 (0 == 0)
============================================================

🔍 开始验证...
验证进度: 500/686 损失=0.4025
验证进度: 686/686 损失=0.1779

📊 预测分布分析:
  - 预测的前5个类别: {np.int64(0): 281005, np.int64(1): 37249, np.int64(2): 14692, np.int64(3): 10555, np.int64(4): 9001}
  - 标签的前5个类别: {np.int64(0): 281232, np.int64(1): 36731, np.int64(2): 14789, np.int64(3): 10866, np.int64(4): 8585}
✅ 验证完成，耗时: 4.7秒 (0.1分钟)
训练损失: 0.0612
验证损失: 0.2821
验证准确率: 0.9621 (10548/10964) - 与Levenshtein高度相关
验证F1(加权): 0.9616 - 类别平衡更好
学习率: 0.000099
显存使用: 0.48GB (预留: 0.69GB)

生成的训练样本:
--------------------------------------------------------------------------------
输入:       WJRTW >R<> DJHBT LKWN MRMRTWN MLT PWMH
目标:     0 36 0 0 3 0 0 0 0 4 0 0 1 0 0 3 0 0 1 0 0 0 0 0 0 0 3 0 0 19 0 0 13 0 0 0 0 5 0
预测:     0 36 0 0 3 0 0 0 0 4 0 0 1 0 0 3 0 0 1 0 0 0 0 0 0 0 3 0 0 19 0 0 13 0 0 0 0 5 12
准确率:    0.9744 (38/39)
----------------------------------------
输入:       W>TKRH WCDR >JZGD> W>MR LHWN ZLW C>LW
目标:     0 1 0 14 0 0 3 0 1 0 0 16 0 0 0 0 0 11 0 0 1 0 0 3 0 1 0 0 0 21 0 3 0 6 0 0 3 0
预测:     0 1 0 14 0 0 3 0 1 0 0 16 0 0 0 0 0 11 0 0 1 0 0 3 0 1 0 0 0 21 0 3 0 6 0 0 3 0
准确率:    1.0000 (38/38)
----------------------------------------
输入:       WTLMJDWHJ DPLVWN JWLPNH >JLPW WMLPJN >P <DM>
目标:     0 1 0 0 0 0 25 1 0 0 0 1 0 0 0 0 2 0 0 0 0 0 5 0 8 0 0 0 3 0 0 1 52 0 7 0 19 0 0 0 0 0 0 0 0
预测:     0 1 0 0 0 0 25 1 0 0 0 1 0 0 0 0 2 0 0 0 0 0 5 12 8 0 0 0 3 0 0 1 52 0 7 0 19 0 0 0 0 0 0 0 0
准确率:    0.9778 (44/45)
----------------------------------------

生成的验证样本:
--------------------------------------------------------------------------------
输入:       YBJNH D>LH> LMSV> MN KL DBJC WKLJ
目标:     0 0 0 0 5 0 0 1 0 0 4 0 0 1 6 0 10 7 0 0 0 0 0 2 0 1 0 0 2 0 36 0 0 3
预测:     0 0 0 0 5 0 0 1 0 0 4 0 0 1 6 0 10 7 0 0 0 0 0 2 0 1 0 0 2 0 36 0 0 3
准确率:    1.0000 (34/34)
----------------------------------------
输入:       D>LH> LMSV> MN KL DBJC WKLJ XJLK
目标:     0 1 0 0 4 0 0 1 6 0 10 7 0 0 0 0 0 2 0 1 0 0 2 0 36 0 0 3 0 0 0 5 0
预测:     0 1 0 0 4 0 0 1 6 0 10 7 0 0 0 0 0 2 0 1 0 0 2 0 36 0 0 3 0 0 0 5 0
准确率:    1.0000 (33/33)
----------------------------------------
⏳ 验证无提升 (验证准确率: 0.9621 ≤ 0.9621)，patience: 2/50

======================================================================
🚀 Epoch 17/200
======================================================================
📚 开始训练阶段...
训练进度: 500/3164 损失=0.0316
训练进度: 1000/3164 损失=0.0576
训练进度: 1500/3164 损失=0.0616
训练进度: 2000/3164 损失=0.0837
训练进度: 2500/3164 损失=0.0560
训练进度: 3000/3164 损失=0.0548
训练进度: 3164/3164 损失=0.0522
✅ 训练完成，耗时: 58.2秒 (1.0分钟)

============================================================
📊 验证决策: Epoch 17/200
   验证间隔: 1
   是否验证: ✅ 是
   原因: 达到验证间隔 (0 == 0)
============================================================

🔍 开始验证...
验证进度: 500/686 损失=0.3160
验证进度: 686/686 损失=0.2271

📊 预测分布分析:
  - 预测的前5个类别: {np.int64(0): 280731, np.int64(1): 37066, np.int64(2): 14802, np.int64(3): 10712, np.int64(4): 8550}
  - 标签的前5个类别: {np.int64(0): 281232, np.int64(1): 36731, np.int64(2): 14789, np.int64(3): 10866, np.int64(4): 8585}
✅ 验证完成，耗时: 4.7秒 (0.1分钟)
训练损失: 0.0585
验证损失: 0.2824
验证准确率: 0.9618 (10545/10964) - 与Levenshtein高度相关
验证F1(加权): 0.9615 - 类别平衡更好
学习率: 0.000098
显存使用: 0.48GB (预留: 0.69GB)

生成的训练样本:
--------------------------------------------------------------------------------
输入:       MN YWR WHW BR >NTT> HW> >RMLT>
目标:     0 0 0 0 0 0 22 0 1 0 0 0 0 2 0 0 0 13 9 0 0 0 10 3 0 0 0 0 13 9 0
预测:     0 0 0 0 0 0 22 0 1 0 0 0 0 2 0 0 0 13 9 0 0 0 10 3 0 0 0 0 13 9 0
准确率:    1.0000 (31/31)
----------------------------------------
输入:       TRJN TRJN XD LWQBL XD WL> BR>
目标:     0 0 2 0 12 0 0 2 0 12 0 0 2 0 0 0 0 0 0 0 0 2 0 1 0 0 0 0 10 3
预测:     0 0 2 0 12 0 0 2 0 12 0 0 2 0 0 0 0 0 0 0 0 2 0 1 0 0 0 0 10 3
准确率:    1.0000 (30/30)
----------------------------------------
输入:       HW> HW MDM D>ZL <LWHJ >W L>
目标:     0 0 10 7 0 0 0 0 0 0 2 0 1 0 0 7 0 0 8 1 0 0 0 0 0 0 0 0
预测:     0 0 10 3 0 0 12 0 0 0 2 0 1 0 0 7 0 0 8 1 0 0 0 0 0 0 0 0
准确率:    0.9286 (26/28)
----------------------------------------

生成的验证样本:
--------------------------------------------------------------------------------
输入:       YBJNH D>LH> LMSV> MN KL DBJC WKLJ
目标:     0 0 0 0 5 0 0 1 0 0 4 0 0 1 6 0 10 7 0 0 0 0 0 2 0 1 0 0 2 0 36 0 0 3
预测:     0 0 0 0 5 0 0 1 0 0 4 0 0 1 6 0 10 7 0 0 0 0 0 2 0 1 0 0 2 0 36 0 0 3
准确率:    1.0000 (34/34)
----------------------------------------
输入:       D>LH> LMSV> MN KL DBJC WKLJ XJLK
目标:     0 1 0 0 4 0 0 1 6 0 10 7 0 0 0 0 0 2 0 1 0 0 2 0 36 0 0 3 0 0 0 5 0
预测:     0 1 0 0 4 0 0 1 6 0 10 7 0 0 0 0 0 2 0 1 0 0 2 0 36 0 0 3 0 0 0 5 0
准确率:    1.0000 (33/33)
----------------------------------------
⏳ 验证无提升 (验证准确率: 0.9618 ≤ 0.9621)，patience: 3/50

======================================================================
🚀 Epoch 18/200
======================================================================
📚 开始训练阶段...
训练进度: 500/3164 损失=0.0406
训练进度: 1000/3164 损失=0.0824
训练进度: 1500/3164 损失=0.0566
训练进度: 2000/3164 损失=0.0270
训练进度: 2500/3164 损失=0.0655
训练进度: 3000/3164 损失=0.0555
训练进度: 3164/3164 损失=0.0710
✅ 训练完成，耗时: 58.3秒 (1.0分钟)

============================================================
📊 验证决策: Epoch 18/200
   验证间隔: 1
   是否验证: ✅ 是
   原因: 达到验证间隔 (0 == 0)
============================================================

🔍 开始验证...
验证进度: 500/686 损失=0.4275
验证进度: 686/686 损失=0.2202

📊 预测分布分析:
  - 预测的前5个类别: {np.int64(0): 281975, np.int64(1): 37114, np.int64(2): 14768, np.int64(3): 10852, np.int64(4): 8433}
  - 标签的前5个类别: {np.int64(0): 281232, np.int64(1): 36731, np.int64(2): 14789, np.int64(3): 10866, np.int64(4): 8585}
✅ 验证完成，耗时: 4.7秒 (0.1分钟)
训练损失: 0.0563
验证损失: 0.2923
验证准确率: 0.9625 (10553/10964) - 与Levenshtein高度相关
验证F1(加权): 0.9619 - 类别平衡更好
学习率: 0.000098
显存使用: 0.47GB (预留: 0.69GB)

生成的训练样本:
--------------------------------------------------------------------------------
输入:       LGBR> HN> W>N MV<> NV<> THW> NPCK
目标:     0 1 0 0 4 0 0 0 0 0 0 1 0 0 0 6 0 10 7 0 6 0 10 3 0 44 0 10 3 0 0 0 5 0
预测:     0 1 0 0 4 0 0 0 0 0 0 1 0 0 0 6 0 10 7 0 6 0 10 3 0 44 0 10 3 0 0 0 5 0
准确率:    1.0000 (34/34)
----------------------------------------
输入:       WKL XJLTNWT> DHC> HPK> LMXJLWT> WKL <WCN>
目标:     0 1 0 2 0 0 0 0 0 0 2 9 0 0 1 0 4 0 0 0 0 7 0 0 1 0 0 0 0 2 9 0 0 1 0 2 0 0 0 0 4 0
预测:     0 1 0 2 0 0 0 0 0 0 2 9 0 0 1 0 4 0 0 0 0 7 0 0 1 0 0 0 0 2 9 0 0 1 0 2 0 0 0 0 4 0
准确率:    1.0000 (42/42)
----------------------------------------
输入:       CRGJ MRJ> >LHJ NNHR XCWKJ MVL DBK
目标:     0 0 0 5 0 0 0 0 0 2 0 0 0 5 0 0 28 0 0 33 0 0 0 0 5 0 0 0 0 0 0 1 1 0
预测:     0 0 0 5 0 0 0 0 0 2 0 0 0 5 0 0 28 0 0 33 0 0 0 0 5 0 0 0 0 0 0 1 1 0
准确率:    1.0000 (34/34)
----------------------------------------

生成的验证样本:
--------------------------------------------------------------------------------
输入:       YBJNH D>LH> LMSV> MN KL DBJC WKLJ
目标:     0 0 0 0 5 0 0 1 0 0 4 0 0 1 6 0 10 7 0 0 0 0 0 2 0 1 0 0 2 0 36 0 0 3
预测:     0 0 0 0 5 0 0 1 0 0 4 0 0 1 6 0 10 7 0 0 0 0 0 2 0 1 0 0 2 0 36 0 0 3
准确率:    1.0000 (34/34)
----------------------------------------
输入:       D>LH> LMSV> MN KL DBJC WKLJ XJLK
目标:     0 1 0 0 4 0 0 1 6 0 10 7 0 0 0 0 0 2 0 1 0 0 2 0 36 0 0 3 0 0 0 5 0
预测:     0 1 0 0 4 0 0 1 6 0 10 7 0 0 0 0 0 2 0 1 0 0 2 0 36 0 0 3 0 0 0 5 0
准确率:    1.0000 (33/33)
----------------------------------------
💾 保存新的最佳模型！验证准确率: 0.9625 (F1: 0.9619) (Epoch 18)

======================================================================
🚀 Epoch 19/200
======================================================================
📚 开始训练阶段...
训练进度: 500/3164 损失=0.0741
训练进度: 1000/3164 损失=0.0408
训练进度: 1500/3164 损失=0.0514
训练进度: 2000/3164 损失=0.0720
训练进度: 2500/3164 损失=0.0390
训练进度: 3000/3164 损失=0.0470
训练进度: 3164/3164 损失=0.0463
✅ 训练完成，耗时: 58.1秒 (1.0分钟)

============================================================
📊 验证决策: Epoch 19/200
   验证间隔: 1
   是否验证: ✅ 是
   原因: 达到验证间隔 (0 == 0)
============================================================

🔍 开始验证...
验证进度: 500/686 损失=0.4143
验证进度: 686/686 损失=0.1308

📊 预测分布分析:
  - 预测的前5个类别: {np.int64(0): 281335, np.int64(1): 37163, np.int64(2): 14904, np.int64(3): 10583, np.int64(4): 8658}
  - 标签的前5个类别: {np.int64(0): 281232, np.int64(1): 36731, np.int64(2): 14789, np.int64(3): 10866, np.int64(4): 8585}
✅ 验证完成，耗时: 4.7秒 (0.1分钟)
训练损失: 0.0537
验证损失: 0.2900
验证准确率: 0.9626 (10554/10964) - 与Levenshtein高度相关
验证F1(加权): 0.9623 - 类别平衡更好
学习率: 0.000098
显存使用: 0.47GB (预留: 0.69GB)

生成的训练样本:
--------------------------------------------------------------------------------
输入:       L>RM >TDBR >BJ WNXT LMYRJN W<MR TMN
目标:     0 1 0 0 2 0 0 14 0 0 3 0 0 5 0 0 1 0 0 3 0 1 0 0 0 0 2 0 1 0 0 3 0 0 0 0
预测:     0 1 0 0 2 0 0 14 0 0 3 0 0 5 0 0 1 0 0 3 0 1 0 0 0 0 2 0 1 0 0 3 0 0 0 0
准确率:    1.0000 (36/36)
----------------------------------------
输入:       KWLHJN ML> WMDM L> >TKSJ MN MLK>
目标:     0 8 0 5 0 0 0 0 0 61 0 0 1 0 0 2 0 0 0 0 0 14 0 0 16 0 0 0 0 0 0 4 0
预测:     0 8 0 5 0 0 0 0 0 61 0 0 1 0 0 2 0 0 0 0 0 14 0 0 16 0 0 0 0 0 0 4 0
准确率:    1.0000 (33/33)
----------------------------------------
输入:       MVL DNZJRH D>LH> NHW> VLJ> MN MRB<>
目标:     0 0 0 0 0 1 0 0 0 5 0 0 1 0 0 4 0 0 6 0 10 3 0 0 0 4 0 0 0 0 0 0 0 0 4 0
预测:     0 0 0 0 0 1 0 0 0 5 0 0 1 0 0 4 0 0 6 0 10 3 0 0 0 4 0 0 0 0 0 0 0 0 4 0
准确率:    1.0000 (36/36)
----------------------------------------

生成的验证样本:
--------------------------------------------------------------------------------
输入:       YBJNH D>LH> LMSV> MN KL DBJC WKLJ
目标:     0 0 0 0 5 0 0 1 0 0 4 0 0 1 6 0 10 7 0 0 0 0 0 2 0 1 0 0 2 0 36 0 0 3
预测:     0 0 0 0 5 0 0 1 0 0 4 0 0 1 6 0 10 7 0 0 0 0 0 2 0 1 0 0 2 0 36 0 0 3
准确率:    1.0000 (34/34)
----------------------------------------
输入:       D>LH> LMSV> MN KL DBJC WKLJ XJLK
目标:     0 1 0 0 4 0 0 1 6 0 10 7 0 0 0 0 0 2 0 1 0 0 2 0 36 0 0 3 0 0 0 5 0
预测:     0 1 0 0 4 0 0 1 6 0 10 7 0 0 0 0 0 2 0 1 0 0 2 0 1 0 0 3 0 0 0 5 0
准确率:    0.9697 (32/33)
----------------------------------------
💾 保存新的最佳模型！验证准确率: 0.9626 (F1: 0.9623) (Epoch 19)

======================================================================
🚀 Epoch 20/200
======================================================================
📚 开始训练阶段...
训练进度: 500/3164 损失=0.0662
训练进度: 1000/3164 损失=0.0615
训练进度: 1500/3164 损失=0.0482
训练进度: 2000/3164 损失=0.0559
训练进度: 2500/3164 损失=0.0547
训练进度: 3000/3164 损失=0.0427
训练进度: 3164/3164 损失=0.0639
✅ 训练完成，耗时: 58.1秒 (1.0分钟)

============================================================
📊 验证决策: Epoch 20/200
   验证间隔: 1
   是否验证: ✅ 是
   原因: 达到验证间隔 (0 == 0)
============================================================

🔍 开始验证...
验证进度: 500/686 损失=0.4768
验证进度: 686/686 损失=0.3217

📊 预测分布分析:
  - 预测的前5个类别: {np.int64(0): 281739, np.int64(1): 37219, np.int64(2): 14702, np.int64(3): 11015, np.int64(4): 9001}
  - 标签的前5个类别: {np.int64(0): 281232, np.int64(1): 36731, np.int64(2): 14789, np.int64(3): 10866, np.int64(4): 8585}
✅ 验证完成，耗时: 4.7秒 (0.1分钟)
训练损失: 0.0523
验证损失: 0.3042
验证准确率: 0.9626 (10553/10964) - 与Levenshtein高度相关
验证F1(加权): 0.9618 - 类别平衡更好
学习率: 0.000098
显存使用: 0.47GB (预留: 0.69GB)

生成的训练样本:
--------------------------------------------------------------------------------
输入:       MRJ> XZJTH L<M> HN> WH> <M> QC>
目标:     0 0 0 0 2 0 0 0 3 1 0 0 1 0 15 0 0 0 0 0 0 1 0 0 0 0 15 0 0 0 138 0
预测:     0 0 0 0 2 0 0 0 3 1 0 0 1 0 15 0 0 0 0 0 0 1 0 0 0 0 15 0 0 0 138 0
准确率:    1.0000 (32/32)
----------------------------------------
输入:       W>TPLG LTR<SR CBVJN WNPQW MNH GBR> ZDJQ>
目标:     0 1 0 14 0 0 16 0 1 0 118 0 0 2 0 0 0 2 0 0 0 1 0 0 3 0 0 0 1 0 0 0 0 11 0 0 0 0 0 11 0
预测:     0 1 0 14 0 0 16 0 1 0 118 0 0 2 0 0 0 2 0 0 0 1 0 0 3 0 0 0 1 0 0 0 0 11 0 0 0 0 0 11 0
准确率:    1.0000 (41/41)
----------------------------------------
输入:       WLJT >NC NWKRJ> <MN >L> >N TRTJN
目标:     0 1 58 0 24 0 0 0 2 0 0 0 0 0 4 0 0 0 1 0 0 0 0 0 0 0 0 0 0 2 0 0 0
预测:     0 1 58 0 24 0 0 0 2 0 0 0 0 0 4 0 0 0 1 0 0 0 0 0 0 0 0 0 0 2 0 0 0
准确率:    1.0000 (33/33)
----------------------------------------

生成的验证样本:
--------------------------------------------------------------------------------
输入:       YBJNH D>LH> LMSV> MN KL DBJC WKLJ
目标:     0 0 0 0 5 0 0 1 0 0 4 0 0 1 6 0 10 7 0 0 0 0 0 2 0 1 0 0 2 0 36 0 0 3
预测:     0 0 0 0 5 0 0 1 0 0 4 0 0 1 6 0 10 7 0 0 0 0 0 2 0 1 0 0 2 0 36 0 0 3
准确率:    1.0000 (34/34)
----------------------------------------
输入:       D>LH> LMSV> MN KL DBJC WKLJ XJLK
目标:     0 1 0 0 4 0 0 1 6 0 10 7 0 0 0 0 0 2 0 1 0 0 2 0 36 0 0 3 0 0 0 5 0
预测:     0 1 0 0 4 0 0 1 6 0 10 7 0 0 0 0 0 2 0 1 0 0 2 0 36 0 0 3 0 0 0 5 0
准确率:    1.0000 (33/33)
----------------------------------------
⏳ 验证无提升 (验证准确率: 0.9626 ≤ 0.9626)，patience: 1/50

======================================================================
🚀 Epoch 21/200
======================================================================
📚 开始训练阶段...
训练进度: 500/3164 损失=0.0888
训练进度: 1000/3164 损失=0.0493
训练进度: 1500/3164 损失=0.0263
训练进度: 2000/3164 损失=0.0395
训练进度: 2500/3164 损失=0.0649
训练进度: 3000/3164 损失=0.0644
训练进度: 3164/3164 损失=0.0410
✅ 训练完成，耗时: 58.1秒 (1.0分钟)

============================================================
📊 验证决策: Epoch 21/200
   验证间隔: 1
   是否验证: ✅ 是
   原因: 达到验证间隔 (0 == 0)
============================================================

🔍 开始验证...
验证进度: 500/686 损失=0.4646
验证进度: 686/686 损失=0.2794

📊 预测分布分析:
  - 预测的前5个类别: {np.int64(0): 281490, np.int64(1): 37144, np.int64(2): 14738, np.int64(3): 10745, np.int64(4): 9028}
  - 标签的前5个类别: {np.int64(0): 281232, np.int64(1): 36731, np.int64(2): 14789, np.int64(3): 10866, np.int64(4): 8585}
✅ 验证完成，耗时: 4.7秒 (0.1分钟)
训练损失: 0.0505
验证损失: 0.2932
验证准确率: 0.9636 (10565/10964) - 与Levenshtein高度相关
验证F1(加权): 0.9631 - 类别平衡更好
学习率: 0.000097
显存使用: 0.47GB (预留: 0.69GB)

生成的训练样本:
--------------------------------------------------------------------------------
输入:       DBXMC> >ZL DN<BD MDM DXMCM>> Z<WRJN >NWN
目标:     0 1 1 0 0 4 0 0 0 0 7 0 1 6 0 0 3 0 0 0 2 0 1 0 0 0 0 0 2 0 0 0 0 2 0 0 0 0 0 0 0
预测:     0 1 1 0 0 4 0 0 0 0 7 0 1 6 0 0 3 0 0 0 2 0 1 0 0 0 0 0 2 0 0 0 0 2 0 0 0 0 0 0 0
准确率:    1.0000 (41/41)
----------------------------------------
输入:       >PQN MRJ> WHC> CBQN MRJ> W>CLMN B>JD>
目标:     0 72 0 29 0 0 0 0 0 2 0 1 0 4 0 0 0 0 29 0 0 0 0 0 2 0 1 17 0 0 29 0 0 35 0 0 4 0
预测:     0 72 0 29 0 0 0 0 0 2 0 1 0 4 0 0 0 0 29 0 0 0 0 0 2 0 1 17 0 0 29 0 0 35 0 0 4 0
准确率:    1.0000 (38/38)
----------------------------------------
输入:       M<QMT> PSQW CVX> D>JSRJL PSQW <DM> DQMT
目标:     0 6 0 0 7 23 78 0 0 0 3 0 0 0 0 11 0 0 1 0 0 0 0 0 2 0 0 0 3 0 0 0 0 0 0 0 1 31 3 0
预测:     0 6 0 0 7 23 78 0 0 0 3 0 0 0 0 11 0 0 1 0 0 0 0 0 2 0 0 0 3 0 0 0 0 0 0 0 1 31 3 0
准确率:    1.0000 (40/40)
----------------------------------------

生成的验证样本:
--------------------------------------------------------------------------------
输入:       YBJNH D>LH> LMSV> MN KL DBJC WKLJ
目标:     0 0 0 0 5 0 0 1 0 0 4 0 0 1 6 0 10 7 0 0 0 0 0 2 0 1 0 0 2 0 36 0 0 3
预测:     0 0 0 0 5 0 0 1 0 0 4 0 0 1 6 0 10 7 0 0 0 0 0 2 0 1 0 0 2 0 36 0 0 3
准确率:    1.0000 (34/34)
----------------------------------------
输入:       D>LH> LMSV> MN KL DBJC WKLJ XJLK
目标:     0 1 0 0 4 0 0 1 6 0 10 7 0 0 0 0 0 2 0 1 0 0 2 0 36 0 0 3 0 0 0 5 0
预测:     0 1 0 0 4 0 0 1 6 0 10 7 0 0 0 0 0 2 0 1 0 0 2 0 36 0 0 3 0 0 0 5 0
准确率:    1.0000 (33/33)
----------------------------------------
💾 保存新的最佳模型！验证准确率: 0.9636 (F1: 0.9631) (Epoch 21)

======================================================================
🚀 Epoch 22/200
======================================================================
📚 开始训练阶段...
训练进度: 500/3164 损失=0.0384
训练进度: 1000/3164 损失=0.0296
训练进度: 1500/3164 损失=0.0520
训练进度: 2000/3164 损失=0.0600
训练进度: 2500/3164 损失=0.0429
训练进度: 3000/3164 损失=0.0511
训练进度: 3164/3164 损失=0.0662
✅ 训练完成，耗时: 58.2秒 (1.0分钟)

============================================================
📊 验证决策: Epoch 22/200
   验证间隔: 1
   是否验证: ✅ 是
   原因: 达到验证间隔 (0 == 0)
============================================================

🔍 开始验证...
验证进度: 500/686 损失=0.5937
验证进度: 686/686 损失=0.1442

📊 预测分布分析:
  - 预测的前5个类别: {np.int64(0): 280945, np.int64(1): 37217, np.int64(2): 14841, np.int64(3): 10584, np.int64(4): 8762}
  - 标签的前5个类别: {np.int64(0): 281232, np.int64(1): 36731, np.int64(2): 14789, np.int64(3): 10866, np.int64(4): 8585}
✅ 验证完成，耗时: 4.7秒 (0.1分钟)
训练损失: 0.0481
验证损失: 0.3010
验证准确率: 0.9633 (10561/10964) - 与Levenshtein高度相关
验证F1(加权): 0.9629 - 类别平衡更好
学习率: 0.000097
显存使用: 0.48GB (预留: 0.69GB)

生成的训练样本:
--------------------------------------------------------------------------------
输入:       LN DMN MYRJN >PQN MRJ> WHC> CBQN
目标:     0 1 0 0 1 0 0 0 0 0 0 0 2 0 72 0 29 0 0 0 0 0 2 0 1 0 4 0 0 0 0 29 0
预测:     0 1 0 0 1 0 0 0 0 0 0 0 2 0 72 0 29 0 0 0 0 0 2 0 1 0 4 0 0 0 0 29 0
准确率:    1.0000 (33/33)
----------------------------------------
输入:       KM>N> <L RJC VWR> WXVPW KL D<BR
目标:     0 0 0 0 4 0 0 0 0 0 0 0 2 0 0 0 4 0 0 1 0 0 3 0 0 0 2 0 1 0 0 7
预测:     0 0 0 0 4 0 0 0 0 0 0 0 2 0 0 0 4 0 0 1 0 0 3 0 0 0 2 0 1 0 0 7
准确率:    1.0000 (32/32)
----------------------------------------
输入:       >NC> D<LM> N>LP WBD<MJQN NTXCB XKMT> DMTL>
目标:     0 0 0 11 0 0 1 0 0 4 0 0 73 0 0 3 0 1 1 1 0 8 0 7 27 0 21 14 0 0 16 0 0 0 13 9 0 0 1 0 0 11 0
预测:     0 0 0 11 0 0 1 0 0 4 0 0 73 0 0 3 0 1 1 1 0 8 0 7 27 0 21 14 0 0 16 0 0 0 13 9 0 0 1 0 0 11 0
准确率:    1.0000 (43/43)
----------------------------------------

生成的验证样本:
--------------------------------------------------------------------------------
输入:       YBJNH D>LH> LMSV> MN KL DBJC WKLJ
目标:     0 0 0 0 5 0 0 1 0 0 4 0 0 1 6 0 10 7 0 0 0 0 0 2 0 1 0 0 2 0 36 0 0 3
预测:     0 0 0 0 5 0 0 1 0 0 4 0 0 1 6 0 10 7 0 0 0 0 0 2 0 1 0 0 2 0 1 0 0 3
准确率:    0.9706 (33/34)
----------------------------------------
输入:       D>LH> LMSV> MN KL DBJC WKLJ XJLK
目标:     0 1 0 0 4 0 0 1 6 0 10 7 0 0 0 0 0 2 0 1 0 0 2 0 36 0 0 3 0 0 0 5 0
预测:     0 1 0 0 4 0 0 1 6 0 10 7 0 0 0 0 0 2 0 1 0 0 2 0 1 0 0 3 0 0 0 5 0
准确率:    0.9697 (32/33)
----------------------------------------
⏳ 验证无提升 (验证准确率: 0.9633 ≤ 0.9636)，patience: 1/50

======================================================================
🚀 Epoch 23/200
======================================================================
📚 开始训练阶段...
训练进度: 500/3164 损失=0.0293
训练进度: 1000/3164 损失=0.0742
训练进度: 1500/3164 损失=0.0383
训练进度: 2000/3164 损失=0.0527
训练进度: 2500/3164 损失=0.0661
训练进度: 3000/3164 损失=0.0658
训练进度: 3164/3164 损失=0.0494
✅ 训练完成，耗时: 58.2秒 (1.0分钟)

============================================================
📊 验证决策: Epoch 23/200
   验证间隔: 1
   是否验证: ✅ 是
   原因: 达到验证间隔 (0 == 0)
============================================================

🔍 开始验证...
验证进度: 500/686 损失=0.5669
验证进度: 686/686 损失=0.3156

📊 预测分布分析:
  - 预测的前5个类别: {np.int64(0): 281498, np.int64(1): 37091, np.int64(2): 14713, np.int64(3): 10955, np.int64(4): 8572}
  - 标签的前5个类别: {np.int64(0): 281232, np.int64(1): 36731, np.int64(2): 14789, np.int64(3): 10866, np.int64(4): 8585}
✅ 验证完成，耗时: 4.7秒 (0.1分钟)
训练损失: 0.0467
验证损失: 0.3079
验证准确率: 0.9628 (10556/10964) - 与Levenshtein高度相关
验证F1(加权): 0.9623 - 类别平衡更好
学习率: 0.000097
显存使用: 0.48GB (预留: 0.69GB)

生成的训练样本:
--------------------------------------------------------------------------------
输入:       WDR<H RM> W>TWTH W<BDWHJ D<BD BMYRJN LPR<WN
目标:     0 1 0 0 5 0 0 0 4 0 0 1 0 8 2 32 0 0 1 0 0 104 1 0 0 0 1 0 0 3 0 1 0 0 0 0 2 0 1 0 0 0 0 2
预测:     0 1 0 0 5 0 0 0 4 0 0 1 0 8 2 32 0 0 1 0 0 104 1 0 0 0 1 0 0 3 0 1 0 0 0 0 2 0 1 0 0 0 0 2
准确率:    1.0000 (44/44)
----------------------------------------
输入:       MNK WBRJCH NNJD <LJK >ZDHR L> TTJHB
目标:     0 0 1 0 0 1 1 0 0 5 0 0 28 20 0 3 0 0 8 1 0 6 47 85 0 0 16 0 0 0 0 21 14 0 0 3
预测:     0 0 1 0 0 1 1 0 0 5 0 0 28 20 0 3 0 0 8 1 0 6 47 85 0 0 16 0 0 0 0 21 14 0 0 3
准确率:    1.0000 (36/36)
----------------------------------------
输入:       YBWT> WL> >MR TCRJ WTCRJ BRH DJN
目标:     0 0 0 2 23 0 0 1 0 0 0 0 0 3 0 0 0 0 2 0 1 0 0 0 2 0 0 5 0 0 0 0 0
预测:     0 0 0 2 23 0 0 1 0 0 0 0 0 3 0 0 0 0 2 0 1 0 0 0 2 0 0 5 0 0 0 0 0
准确率:    1.0000 (33/33)
----------------------------------------

生成的验证样本:
--------------------------------------------------------------------------------
输入:       YBJNH D>LH> LMSV> MN KL DBJC WKLJ
目标:     0 0 0 0 5 0 0 1 0 0 4 0 0 1 6 0 10 7 0 0 0 0 0 2 0 1 0 0 2 0 36 0 0 3
预测:     0 0 0 0 5 0 0 1 0 0 4 0 0 1 6 0 10 7 0 0 0 0 0 2 0 1 0 0 2 0 1 0 0 3
准确率:    0.9706 (33/34)
----------------------------------------
输入:       D>LH> LMSV> MN KL DBJC WKLJ XJLK
目标:     0 1 0 0 4 0 0 1 6 0 10 7 0 0 0 0 0 2 0 1 0 0 2 0 36 0 0 3 0 0 0 5 0
预测:     0 1 0 0 4 0 0 1 6 0 10 7 0 0 0 0 0 2 0 1 0 0 2 0 1 0 0 3 0 0 0 5 0
准确率:    0.9697 (32/33)
----------------------------------------
⏳ 验证无提升 (验证准确率: 0.9628 ≤ 0.9636)，patience: 2/50

======================================================================
🚀 Epoch 24/200
======================================================================
📚 开始训练阶段...
训练进度: 500/3164 损失=0.0460
训练进度: 1000/3164 损失=0.0948
训练进度: 1500/3164 损失=0.0572
训练进度: 2000/3164 损失=0.0711
训练进度: 2500/3164 损失=0.0475
训练进度: 3000/3164 损失=0.0367
训练进度: 3164/3164 损失=0.0331
✅ 训练完成，耗时: 58.2秒 (1.0分钟)

============================================================
📊 验证决策: Epoch 24/200
   验证间隔: 1
   是否验证: ✅ 是
   原因: 达到验证间隔 (0 == 0)
============================================================

🔍 开始验证...
验证进度: 500/686 损失=0.3615
验证进度: 686/686 损失=0.1568

📊 预测分布分析:
  - 预测的前5个类别: {np.int64(0): 281762, np.int64(1): 37143, np.int64(2): 14606, np.int64(3): 10607, np.int64(4): 8763}
  - 标签的前5个类别: {np.int64(0): 281232, np.int64(1): 36731, np.int64(2): 14789, np.int64(3): 10866, np.int64(4): 8585}
✅ 验证完成，耗时: 4.7秒 (0.1分钟)
训练损失: 0.0456
验证损失: 0.3076
验证准确率: 0.9635 (10563/10964) - 与Levenshtein高度相关
验证F1(加权): 0.9630 - 类别平衡更好
学习率: 0.000097
显存使用: 0.48GB (预留: 0.69GB)

生成的训练样本:
--------------------------------------------------------------------------------
输入:       R>ZK <M >NTT> DL> TGWRJH W<M SN>>
目标:     0 0 0 5 0 0 0 0 0 0 0 13 9 0 0 1 0 0 0 6 0 0 48 1 12 0 1 0 0 0 0 0 4 0
预测:     0 0 0 5 0 0 0 0 0 0 0 13 9 0 0 1 0 0 0 6 0 0 48 1 12 0 1 0 0 0 0 0 4 0
准确率:    1.0000 (34/34)
----------------------------------------
输入:       N>TWN WNXWWN ZDJQWTH L<M> DMTJLD D<BD MRJ>
目标:     0 6 0 18 0 0 0 1 6 0 18 0 19 0 0 0 0 0 2 1 0 0 1 0 15 0 0 1 21 14 0 0 7 0 1 0 0 7 0 0 0 0 2
预测:     0 6 0 18 0 0 0 1 6 0 18 0 0 0 0 0 0 0 2 1 0 0 1 0 15 0 0 1 21 14 0 0 7 0 1 0 0 7 0 0 0 0 2
准确率:    0.9767 (42/43)
----------------------------------------
输入:       TWB ZBNT> HD> BGZT> NHW> JBC> <L
目标:     0 0 0 0 0 0 0 13 9 0 0 0 0 0 0 1 0 2 9 0 0 6 0 10 3 0 0 0 15 0 0 0 0
预测:     0 0 0 0 0 0 0 13 9 0 0 0 0 0 0 1 0 2 9 0 0 6 0 10 3 0 0 0 15 0 0 0 0
准确率:    1.0000 (33/33)
----------------------------------------

生成的验证样本:
--------------------------------------------------------------------------------
输入:       YBJNH D>LH> LMSV> MN KL DBJC WKLJ
目标:     0 0 0 0 5 0 0 1 0 0 4 0 0 1 6 0 10 7 0 0 0 0 0 2 0 1 0 0 2 0 36 0 0 3
预测:     0 0 0 0 5 0 0 1 0 0 4 0 0 1 6 0 10 7 0 0 0 0 0 2 0 1 0 0 2 0 36 0 0 3
准确率:    1.0000 (34/34)
----------------------------------------
输入:       D>LH> LMSV> MN KL DBJC WKLJ XJLK
目标:     0 1 0 0 4 0 0 1 6 0 10 7 0 0 0 0 0 2 0 1 0 0 2 0 36 0 0 3 0 0 0 5 0
预测:     0 1 0 0 4 0 0 1 6 0 10 7 0 0 0 0 0 2 0 1 0 0 2 0 36 0 0 3 0 0 0 5 0
准确率:    1.0000 (33/33)
----------------------------------------
⏳ 验证无提升 (验证准确率: 0.9635 ≤ 0.9636)，patience: 3/50

======================================================================
🚀 Epoch 25/200
======================================================================
📚 开始训练阶段...
训练进度: 500/3164 损失=0.0205
训练进度: 1000/3164 损失=0.0288
训练进度: 1500/3164 损失=0.0696
训练进度: 2000/3164 损失=0.0482
训练进度: 2500/3164 损失=0.0380
训练进度: 3000/3164 损失=0.0368
训练进度: 3164/3164 损失=0.0377
✅ 训练完成，耗时: 58.0秒 (1.0分钟)

============================================================
📊 验证决策: Epoch 25/200
   验证间隔: 1
   是否验证: ✅ 是
   原因: 达到验证间隔 (0 == 0)
============================================================

🔍 开始验证...
验证进度: 500/686 损失=0.3583
验证进度: 686/686 损失=0.0687

📊 预测分布分析:
  - 预测的前5个类别: {np.int64(0): 281340, np.int64(1): 37113, np.int64(2): 14641, np.int64(3): 10698, np.int64(4): 8663}
  - 标签的前5个类别: {np.int64(0): 281232, np.int64(1): 36731, np.int64(2): 14789, np.int64(3): 10866, np.int64(4): 8585}
✅ 验证完成，耗时: 4.7秒 (0.1分钟)
训练损失: 0.0444
验证损失: 0.3095
验证准确率: 0.9631 (10559/10964) - 与Levenshtein高度相关
验证F1(加权): 0.9627 - 类别平衡更好
学习率: 0.000096
显存使用: 0.47GB (预留: 0.69GB)

生成的训练样本:
--------------------------------------------------------------------------------
输入:       WTCTQLWN MN >R<> D<>L >NT LTMN LM>RTH
目标:     0 1 45 39 0 0 3 0 0 0 0 0 0 0 0 4 0 0 1 8 0 83 0 0 0 0 0 1 0 0 0 0 1 73 0 0 74 12
预测:     0 1 45 39 0 0 3 0 0 0 0 0 0 0 0 4 0 0 1 8 0 83 0 0 0 0 0 1 0 0 0 0 1 73 0 0 74 12
准确率:    1.0000 (38/38)
----------------------------------------
输入:       >L> MVL DRXM LKWN MRJ> WDNQJM MWMT>
目标:     0 0 0 0 0 0 0 0 0 1 0 0 7 0 1 0 0 0 0 0 0 0 2 0 1 1 28 20 0 3 0 0 0 13 23 0
预测:     0 88 0 0 0 0 0 0 0 1 0 0 7 0 1 0 0 0 0 0 0 0 2 0 1 1 28 20 0 3 0 0 0 13 23 0
准确率:    0.9722 (35/36)
----------------------------------------
输入:       MN >NC> DMCLM >N> LKWN NPCH XLP
目标:     0 0 0 0 0 0 4 0 0 1 28 0 0 7 0 0 0 0 0 1 0 0 0 0 0 0 5 0 0 0 0 2
预测:     0 0 0 0 0 0 4 0 0 1 28 0 0 7 0 0 0 0 0 1 0 0 0 0 0 0 5 0 0 0 0 2
准确率:    1.0000 (32/32)
----------------------------------------

生成的验证样本:
--------------------------------------------------------------------------------
输入:       YBJNH D>LH> LMSV> MN KL DBJC WKLJ
目标:     0 0 0 0 5 0 0 1 0 0 4 0 0 1 6 0 10 7 0 0 0 0 0 2 0 1 0 0 2 0 36 0 0 3
预测:     0 0 0 0 5 0 0 1 0 0 4 0 0 1 6 0 10 7 0 0 0 0 0 2 0 1 0 0 2 0 1 0 0 3
准确率:    0.9706 (33/34)
----------------------------------------
输入:       D>LH> LMSV> MN KL DBJC WKLJ XJLK
目标:     0 1 0 0 4 0 0 1 6 0 10 7 0 0 0 0 0 2 0 1 0 0 2 0 36 0 0 3 0 0 0 5 0
预测:     0 1 0 0 4 0 0 1 6 0 10 7 0 0 0 0 0 2 0 1 0 0 2 0 1 0 0 3 0 0 0 5 0
准确率:    0.9697 (32/33)
----------------------------------------
⏳ 验证无提升 (验证准确率: 0.9631 ≤ 0.9636)，patience: 4/50

======================================================================
🚀 Epoch 26/200
======================================================================
📚 开始训练阶段...
训练进度: 500/3164 损失=0.0324
训练进度: 1000/3164 损失=0.0384
训练进度: 1500/3164 损失=0.0640
训练进度: 2000/3164 损失=0.0306
训练进度: 2500/3164 损失=0.0451
训练进度: 3000/3164 损失=0.0446
训练进度: 3164/3164 损失=0.0384
✅ 训练完成，耗时: 58.2秒 (1.0分钟)

============================================================
📊 验证决策: Epoch 26/200
   验证间隔: 1
   是否验证: ✅ 是
   原因: 达到验证间隔 (0 == 0)
============================================================

🔍 开始验证...
验证进度: 500/686 损失=0.4246
验证进度: 686/686 损失=0.1615

📊 预测分布分析:
  - 预测的前5个类别: {np.int64(0): 281446, np.int64(1): 37138, np.int64(2): 14855, np.int64(3): 10811, np.int64(4): 8519}
  - 标签的前5个类别: {np.int64(0): 281232, np.int64(1): 36731, np.int64(2): 14789, np.int64(3): 10866, np.int64(4): 8585}
✅ 验证完成，耗时: 4.7秒 (0.1分钟)
训练损失: 0.0428
验证损失: 0.3139
验证准确率: 0.9635 (10563/10964) - 与Levenshtein高度相关
验证F1(加权): 0.9630 - 类别平衡更好
学习率: 0.000096
显存使用: 0.48GB (预留: 0.69GB)

生成的训练样本:
--------------------------------------------------------------------------------
输入:       W<BD CLJMWN KLHWN M>N> SWG>> DVB L>
目标:     0 1 0 0 3 0 0 0 0 0 0 2 0 0 5 0 0 0 0 0 0 11 0 0 0 0 0 4 0 0 1 0 2 0 0 0
预测:     0 1 0 0 3 0 0 0 0 0 0 2 0 0 5 0 0 0 0 0 0 11 0 0 0 0 0 4 0 0 1 0 2 0 0 0
准确率:    1.0000 (36/36)
----------------------------------------
输入:       MLK> WBZBN> D<>L MLK> LBJTH DMRJ> CQLJN
目标:     0 0 0 4 0 0 1 1 0 0 4 0 0 1 8 0 83 0 0 0 4 0 0 1 0 0 5 0 0 1 0 0 0 2 0 0 0 7 0 0
预测:     0 0 0 4 0 0 1 1 0 0 4 0 0 1 8 0 83 0 0 0 4 0 0 1 0 0 5 0 0 1 0 0 0 2 0 0 0 7 0 0
准确率:    1.0000 (40/40)
----------------------------------------
输入:       WBVXWR> WBGRB> WBNXB> DL> TCKX LMT>SJW NMXJK
目标:     0 1 1 0 8 0 4 0 0 1 1 0 0 4 0 0 1 1 0 0 4 0 0 1 0 0 0 28 0 0 3 0 1 21 14 0 0 7 0 0 6 0 0 29 0
预测:     0 1 1 0 8 0 4 0 0 1 1 0 0 4 0 0 1 1 0 0 4 0 0 1 0 0 0 28 0 0 3 0 1 21 14 0 0 7 0 0 6 0 0 29 0
准确率:    1.0000 (45/45)
----------------------------------------

生成的验证样本:
--------------------------------------------------------------------------------
输入:       YBJNH D>LH> LMSV> MN KL DBJC WKLJ
目标:     0 0 0 0 5 0 0 1 0 0 4 0 0 1 6 0 10 7 0 0 0 0 0 2 0 1 0 0 2 0 36 0 0 3
预测:     0 0 0 0 5 0 0 1 0 0 4 0 0 1 6 0 10 7 0 0 0 0 0 2 0 1 0 0 2 0 36 0 0 3
准确率:    1.0000 (34/34)
----------------------------------------
输入:       D>LH> LMSV> MN KL DBJC WKLJ XJLK
目标:     0 1 0 0 4 0 0 1 6 0 10 7 0 0 0 0 0 2 0 1 0 0 2 0 36 0 0 3 0 0 0 5 0
预测:     0 1 0 0 4 0 0 1 6 0 10 7 0 0 0 0 0 2 0 1 0 0 2 0 36 0 0 3 0 0 0 5 0
准确率:    1.0000 (33/33)
----------------------------------------
⏳ 验证无提升 (验证准确率: 0.9635 ≤ 0.9636)，patience: 5/50

======================================================================
🚀 Epoch 27/200
======================================================================
📚 开始训练阶段...
训练进度: 500/3164 损失=0.0337
训练进度: 1000/3164 损失=0.0274
训练进度: 1500/3164 损失=0.0347
训练进度: 2000/3164 损失=0.0414
训练进度: 2500/3164 损失=0.0374
训练进度: 3000/3164 损失=0.0439
训练进度: 3164/3164 损失=0.0618
✅ 训练完成，耗时: 58.2秒 (1.0分钟)

============================================================
📊 验证决策: Epoch 27/200
   验证间隔: 1
   是否验证: ✅ 是
   原因: 达到验证间隔 (0 == 0)
============================================================

🔍 开始验证...
验证进度: 500/686 损失=0.4973
验证进度: 686/686 损失=0.1437

📊 预测分布分析:
  - 预测的前5个类别: {np.int64(0): 282010, np.int64(1): 37094, np.int64(2): 14667, np.int64(3): 10705, np.int64(4): 8780}
  - 标签的前5个类别: {np.int64(0): 281232, np.int64(1): 36731, np.int64(2): 14789, np.int64(3): 10866, np.int64(4): 8585}
✅ 验证完成，耗时: 4.7秒 (0.1分钟)
训练损失: 0.0413
验证损失: 0.3173
验证准确率: 0.9640 (10569/10964) - 与Levenshtein高度相关
验证F1(加权): 0.9632 - 类别平衡更好
学习率: 0.000096
显存使用: 0.48GB (预留: 0.69GB)

生成的训练样本:
--------------------------------------------------------------------------------
输入:       HKJL MCKX >N> D>SJBR BLXWDJ >JQRTKWN WV<NJKWN
目标:     0 0 0 0 0 0 6 0 0 7 0 0 0 0 0 1 6 8 0 0 16 0 1 0 0 0 2 46 0 0 0 0 2 1 0 0 0 0 1 0 0 2 1 0 0 0
预测:     0 0 0 0 0 0 6 0 0 7 0 0 0 0 0 1 6 8 0 0 16 0 1 0 0 0 2 46 0 0 0 0 2 1 0 0 0 0 1 0 0 2 1 0 0 0
准确率:    1.0000 (46/46)
----------------------------------------
输入:       LK MPYJN> NQVLK <M SKL> L> TQVWR
目标:     0 1 0 0 0 0 0 0 4 0 0 6 0 0 29 0 0 0 0 0 0 0 4 0 0 0 0 0 6 0 8 0 3
预测:     0 1 0 0 0 0 0 0 4 0 0 6 0 0 29 0 0 0 0 0 0 0 4 0 0 0 0 0 6 0 8 0 3
准确率:    1.0000 (33/33)
----------------------------------------
输入:       MXWT> RBT> <DM> DTWBD >NWN WNCLM MLKJHWN
目标:     0 0 0 13 9 0 0 0 2 9 0 0 0 0 0 0 0 1 68 0 0 3 0 0 0 0 0 0 1 28 0 0 3 0 0 0 2 1 0 0 0
预测:     0 0 0 13 9 0 0 0 2 9 0 0 0 0 0 0 0 1 68 0 0 3 0 0 0 0 0 0 1 28 0 0 3 0 0 0 2 1 0 0 0
准确率:    1.0000 (41/41)
----------------------------------------

生成的验证样本:
--------------------------------------------------------------------------------
输入:       YBJNH D>LH> LMSV> MN KL DBJC WKLJ
目标:     0 0 0 0 5 0 0 1 0 0 4 0 0 1 6 0 10 7 0 0 0 0 0 2 0 1 0 0 2 0 36 0 0 3
预测:     0 0 0 0 5 0 0 1 0 0 4 0 0 1 6 0 10 7 0 0 0 0 0 2 0 1 0 0 2 0 1 0 0 3
准确率:    0.9706 (33/34)
----------------------------------------
输入:       D>LH> LMSV> MN KL DBJC WKLJ XJLK
目标:     0 1 0 0 4 0 0 1 6 0 10 7 0 0 0 0 0 2 0 1 0 0 2 0 36 0 0 3 0 0 0 5 0
预测:     0 1 0 0 4 0 0 1 6 0 10 7 0 0 0 0 0 2 0 1 0 0 2 0 1 0 0 3 0 0 0 5 0
准确率:    0.9697 (32/33)
----------------------------------------
💾 保存新的最佳模型！验证准确率: 0.9640 (F1: 0.9632) (Epoch 27)

======================================================================
🚀 Epoch 28/200
======================================================================
📚 开始训练阶段...
训练进度: 500/3164 损失=0.0256
训练进度: 1000/3164 损失=0.0173
训练进度: 1500/3164 损失=0.0228
训练进度: 2000/3164 损失=0.0460
训练进度: 2500/3164 损失=0.0479
训练进度: 3000/3164 损失=0.0341
训练进度: 3164/3164 损失=0.0560
✅ 训练完成，耗时: 58.3秒 (1.0分钟)

============================================================
📊 验证决策: Epoch 28/200
   验证间隔: 1
   是否验证: ✅ 是
   原因: 达到验证间隔 (0 == 0)
============================================================

🔍 开始验证...
验证进度: 500/686 损失=0.4409
验证进度: 686/686 损失=0.1383

📊 预测分布分析:
  - 预测的前5个类别: {np.int64(0): 281645, np.int64(1): 37172, np.int64(2): 14666, np.int64(3): 10872, np.int64(4): 8803}
  - 标签的前5个类别: {np.int64(0): 281232, np.int64(1): 36731, np.int64(2): 14789, np.int64(3): 10866, np.int64(4): 8585}
✅ 验证完成，耗时: 4.7秒 (0.1分钟)
训练损失: 0.0407
验证损失: 0.3248
验证准确率: 0.9632 (10560/10964) - 与Levenshtein高度相关
验证F1(加权): 0.9625 - 类别平衡更好
学习率: 0.000095
显存使用: 0.48GB (预留: 0.69GB)

生成的训练样本:
--------------------------------------------------------------------------------
输入:       MLTH DMRJ> D>MR LJHW DBNJ> >RBJ<J> NTBWN
目标:     0 0 13 1 0 0 1 0 0 0 2 0 1 0 0 3 0 1 0 0 2 0 1 0 2 9 0 8 0 0 0 0 24 9 0 0 52 0 3 0 0
预测:     0 0 13 1 0 0 1 0 0 0 2 0 1 0 0 3 0 1 0 0 2 0 1 0 2 9 0 8 0 0 0 0 24 9 0 0 52 0 3 0 0
准确率:    1.0000 (41/41)
----------------------------------------
输入:       WXMCJN GBRJN MN BNJ NBJ> >ZLW WQMW
目标:     0 1 0 0 0 0 2 0 0 0 2 0 0 0 0 0 0 0 2 0 0 0 0 11 0 0 0 0 3 0 0 1 31 3 0
预测:     0 1 0 0 0 0 2 0 0 0 2 0 0 0 0 0 0 0 2 0 0 0 0 11 0 0 0 0 3 0 0 1 31 3 0
准确率:    1.0000 (35/35)
----------------------------------------
输入:       LBN> BZBN> HW WCRK> DPTGMWHJ DJWRM WKL
目标:     0 0 0 0 2 0 1 0 0 4 0 0 0 12 0 1 0 0 4 0 0 1 0 0 0 25 1 0 0 0 1 0 0 0 2 0 1 0 2
预测:     0 0 0 0 2 0 1 0 0 4 0 0 0 12 0 1 0 0 4 0 0 1 0 0 0 25 1 0 0 0 1 0 0 0 2 0 1 0 2
准确率:    1.0000 (39/39)
----------------------------------------

生成的验证样本:
--------------------------------------------------------------------------------
输入:       YBJNH D>LH> LMSV> MN KL DBJC WKLJ
目标:     0 0 0 0 5 0 0 1 0 0 4 0 0 1 6 0 10 7 0 0 0 0 0 2 0 1 0 0 2 0 36 0 0 3
预测:     0 0 0 0 5 0 0 1 0 0 4 0 0 1 6 0 10 7 0 0 0 0 0 2 0 1 0 0 2 0 36 0 0 3
准确率:    1.0000 (34/34)
----------------------------------------
输入:       D>LH> LMSV> MN KL DBJC WKLJ XJLK
目标:     0 1 0 0 4 0 0 1 6 0 10 7 0 0 0 0 0 2 0 1 0 0 2 0 36 0 0 3 0 0 0 5 0
预测:     0 1 0 0 4 0 0 1 6 0 10 7 0 0 0 0 0 2 0 1 0 0 2 0 1 0 0 3 0 0 0 5 0
准确率:    0.9697 (32/33)
----------------------------------------
⏳ 验证无提升 (验证准确率: 0.9632 ≤ 0.9640)，patience: 1/50

======================================================================
🚀 Epoch 29/200
======================================================================
📚 开始训练阶段...
训练进度: 500/3164 损失=0.0445
训练进度: 1000/3164 损失=0.0426
训练进度: 1500/3164 损失=0.0431
训练进度: 2000/3164 损失=0.0550
训练进度: 2500/3164 损失=0.0302
训练进度: 3000/3164 损失=0.0744
训练进度: 3164/3164 损失=0.0503
✅ 训练完成，耗时: 58.2秒 (1.0分钟)

============================================================
📊 验证决策: Epoch 29/200
   验证间隔: 1
   是否验证: ✅ 是
   原因: 达到验证间隔 (0 == 0)
============================================================

🔍 开始验证...
验证进度: 500/686 损失=0.4112
验证进度: 686/686 损失=0.0835

📊 预测分布分析:
  - 预测的前5个类别: {np.int64(0): 281539, np.int64(1): 37061, np.int64(2): 14606, np.int64(3): 10682, np.int64(4): 8700}
  - 标签的前5个类别: {np.int64(0): 281232, np.int64(1): 36731, np.int64(2): 14789, np.int64(3): 10866, np.int64(4): 8585}
✅ 验证完成，耗时: 4.7秒 (0.1分钟)
训练损失: 0.0393
验证损失: 0.3265
验证准确率: 0.9634 (10562/10964) - 与Levenshtein高度相关
验证F1(加权): 0.9629 - 类别平衡更好
学习率: 0.000095
显存使用: 0.48GB (预留: 0.69GB)

生成的训练样本:
--------------------------------------------------------------------------------
输入:       D>P MTDKR >N> LKWN BH WBKL ZBN
目标:     0 1 0 0 0 21 14 0 0 41 0 0 0 0 0 1 0 0 0 0 1 12 0 1 1 0 2 0 0 0 2
预测:     0 1 0 0 0 21 14 0 0 41 0 0 0 0 0 1 0 0 0 0 1 12 0 1 1 0 2 0 0 0 2
准确率:    1.0000 (31/31)
----------------------------------------
输入:       >W MNJ XCWK> >W NHJR> >N XCWK>
目标:     0 0 12 0 0 0 62 0 0 0 0 4 0 0 0 0 0 0 0 0 4 0 0 0 0 0 0 0 0 4 0
预测:     0 0 12 0 0 0 62 0 0 0 0 4 0 0 0 0 0 0 0 0 4 0 0 0 0 0 0 0 0 4 0
准确率:    1.0000 (31/31)
----------------------------------------
输入:       LH CLM M>TJK W>MR CLM W>MR LH
目标:     0 1 0 0 0 0 22 0 6 0 0 74 0 0 1 0 0 3 0 0 0 22 0 1 0 0 3 0 1 12
预测:     0 1 0 0 0 0 22 0 6 0 0 74 0 0 1 0 0 3 0 0 0 22 0 1 0 0 3 0 1 0
准确率:    0.9667 (29/30)
----------------------------------------

生成的验证样本:
--------------------------------------------------------------------------------
输入:       YBJNH D>LH> LMSV> MN KL DBJC WKLJ
目标:     0 0 0 0 5 0 0 1 0 0 4 0 0 1 6 0 10 7 0 0 0 0 0 2 0 1 0 0 2 0 36 0 0 3
预测:     0 0 0 0 5 0 0 1 0 0 4 0 0 1 6 0 10 7 0 0 0 0 0 2 0 1 0 0 2 0 36 0 0 3
准确率:    1.0000 (34/34)
----------------------------------------
输入:       D>LH> LMSV> MN KL DBJC WKLJ XJLK
目标:     0 1 0 0 4 0 0 1 6 0 10 7 0 0 0 0 0 2 0 1 0 0 2 0 36 0 0 3 0 0 0 5 0
预测:     0 1 0 0 4 0 0 1 6 0 10 7 0 0 0 0 0 2 0 1 0 0 2 0 36 0 0 3 0 0 0 5 0
准确率:    1.0000 (33/33)
----------------------------------------
⏳ 验证无提升 (验证准确率: 0.9634 ≤ 0.9640)，patience: 2/50

======================================================================
🚀 Epoch 30/200
======================================================================
📚 开始训练阶段...
训练进度: 500/3164 损失=0.0499
训练进度: 1000/3164 损失=0.0356
训练进度: 1500/3164 损失=0.0481
训练进度: 2000/3164 损失=0.0550
训练进度: 2500/3164 损失=0.0323
训练进度: 3000/3164 损失=0.0549
训练进度: 3164/3164 损失=0.0215
✅ 训练完成，耗时: 58.1秒 (1.0分钟)

============================================================
📊 验证决策: Epoch 30/200
   验证间隔: 1
   是否验证: ✅ 是
   原因: 达到验证间隔 (0 == 0)
============================================================

🔍 开始验证...
验证进度: 500/686 损失=0.4466
验证进度: 686/686 损失=0.2119

📊 预测分布分析:
  - 预测的前5个类别: {np.int64(0): 281233, np.int64(1): 37021, np.int64(2): 14744, np.int64(3): 10655, np.int64(4): 8655}
  - 标签的前5个类别: {np.int64(0): 281232, np.int64(1): 36731, np.int64(2): 14789, np.int64(3): 10866, np.int64(4): 8585}
✅ 验证完成，耗时: 4.7秒 (0.1分钟)
训练损失: 0.0383
验证损失: 0.3284
验证准确率: 0.9625 (10552/10964) - 与Levenshtein高度相关
验证F1(加权): 0.9623 - 类别平衡更好
学习率: 0.000095
显存使用: 0.47GB (预留: 0.69GB)

生成的训练样本:
--------------------------------------------------------------------------------
输入:       XWCBN> >JK DPWLXN> D>JLN> <BD P>R> HKN>
目标:     0 0 0 0 0 4 0 0 0 0 0 0 1 0 0 0 0 4 0 0 1 0 0 0 4 0 0 0 0 7 0 0 0 11 0 0 0 0 0 0
预测:     0 0 0 0 0 4 0 0 0 0 0 0 1 0 0 0 0 4 0 0 1 0 0 0 4 0 0 0 0 7 0 0 0 11 0 0 0 0 0 0
准确率:    1.0000 (40/40)
----------------------------------------
输入:       MQWJNN B>TRWT> D>TSJMN BHWN WL> RWX> >MRN
目标:     0 6 0 42 166 0 0 0 1 0 0 8 2 23 0 0 1 0 14 20 0 3 0 0 1 0 0 0 0 1 0 0 0 0 0 11 0 0 0 0 7 0
预测:     0 6 0 42 166 0 0 0 1 0 0 8 2 23 0 0 1 0 14 20 0 3 0 0 1 0 0 0 0 1 0 0 0 0 0 11 0 0 0 0 7 0
准确率:    1.0000 (42/42)
----------------------------------------
输入:       W<MJ >JK <MK WRKCJ >JK RKCK W>MR
目标:     0 1 0 37 0 0 0 0 0 0 0 37 0 0 1 0 0 5 0 0 0 0 0 0 0 0 5 0 0 1 0 0 3
预测:     0 1 0 37 0 0 0 0 0 0 0 37 0 0 1 0 0 5 0 0 0 0 0 0 0 0 5 0 0 1 0 0 3
准确率:    1.0000 (33/33)
----------------------------------------

生成的验证样本:
--------------------------------------------------------------------------------
输入:       YBJNH D>LH> LMSV> MN KL DBJC WKLJ
目标:     0 0 0 0 5 0 0 1 0 0 4 0 0 1 6 0 10 7 0 0 0 0 0 2 0 1 0 0 2 0 36 0 0 3
预测:     0 0 0 0 5 0 0 1 0 0 4 0 0 1 6 0 10 7 0 0 0 0 0 2 0 1 0 0 2 0 36 0 0 3
准确率:    1.0000 (34/34)
----------------------------------------
输入:       D>LH> LMSV> MN KL DBJC WKLJ XJLK
目标:     0 1 0 0 4 0 0 1 6 0 10 7 0 0 0 0 0 2 0 1 0 0 2 0 36 0 0 3 0 0 0 5 0
预测:     0 1 0 0 4 0 0 1 6 0 10 7 0 0 0 0 0 2 0 1 0 0 2 0 36 0 0 3 0 0 0 5 0
准确率:    1.0000 (33/33)
----------------------------------------
⏳ 验证无提升 (验证准确率: 0.9625 ≤ 0.9640)，patience: 3/50

======================================================================
🚀 Epoch 31/200
======================================================================
📚 开始训练阶段...
训练进度: 500/3164 损失=0.0411
训练进度: 1000/3164 损失=0.0525
训练进度: 1500/3164 损失=0.0560
训练进度: 2000/3164 损失=0.0246
训练进度: 2500/3164 损失=0.0477
训练进度: 3000/3164 损失=0.0347
训练进度: 3164/3164 损失=0.0300
✅ 训练完成，耗时: 58.0秒 (1.0分钟)

============================================================
📊 验证决策: Epoch 31/200
   验证间隔: 1
   是否验证: ✅ 是
   原因: 达到验证间隔 (0 == 0)
============================================================

🔍 开始验证...
验证进度: 500/686 损失=0.4577
验证进度: 686/686 损失=0.3574

📊 预测分布分析:
  - 预测的前5个类别: {np.int64(0): 281858, np.int64(1): 37041, np.int64(2): 14767, np.int64(3): 10882, np.int64(4): 8892}
  - 标签的前5个类别: {np.int64(0): 281232, np.int64(1): 36731, np.int64(2): 14789, np.int64(3): 10866, np.int64(4): 8585}
✅ 验证完成，耗时: 4.7秒 (0.1分钟)
训练损失: 0.0374
验证损失: 0.3269
验证准确率: 0.9640 (10568/10964) - 与Levenshtein高度相关
验证F1(加权): 0.9634 - 类别平衡更好
学习率: 0.000094
显存使用: 0.48GB (预留: 0.69GB)

生成的训练样本:
--------------------------------------------------------------------------------
输入:       L> NVR LSN>WHJ >L> BXJJHWN PR< LHWN
目标:     0 0 0 0 0 0 7 0 1 0 0 25 1 0 0 0 0 0 0 0 1 0 2 1 0 0 0 0 0 0 7 0 1 0 0 0
预测:     0 0 0 0 0 0 7 0 1 0 0 25 1 0 0 0 0 0 0 0 1 0 2 1 0 0 0 0 0 0 7 0 1 0 0 0
准确率:    1.0000 (36/36)
----------------------------------------
输入:       D>CTXRW MN BTRHWN WL> >CKXW BNJ >JSRJL
目标:     0 1 47 39 101 0 3 0 0 0 0 0 0 0 1 0 0 0 0 1 0 0 8 0 0 0 3 0 0 0 2 0 0 0 0 0 0 0 2
预测:     0 1 47 39 101 0 3 0 0 0 0 0 0 0 1 0 0 0 0 1 0 0 8 0 0 0 3 0 0 0 2 0 0 0 0 0 0 0 2
准确率:    1.0000 (39/39)
----------------------------------------
输入:       MRJ> >LHK WT>RTJH WTTB BH WT>MR >QJM
目标:     0 0 0 0 2 0 0 0 5 0 0 1 73 0 0 48 1 12 0 1 52 0 3 0 1 12 0 1 6 0 0 3 6 17 20 0 3
预测:     0 0 0 0 2 0 0 0 5 0 0 1 73 0 0 48 1 12 0 1 52 0 3 0 1 12 0 1 6 0 0 3 6 17 20 0 3
准确率:    1.0000 (37/37)
----------------------------------------

生成的验证样本:
--------------------------------------------------------------------------------
输入:       YBJNH D>LH> LMSV> MN KL DBJC WKLJ
目标:     0 0 0 0 5 0 0 1 0 0 4 0 0 1 6 0 10 7 0 0 0 0 0 2 0 1 0 0 2 0 36 0 0 3
预测:     0 0 0 0 5 0 0 1 0 0 4 0 0 1 6 0 10 7 0 0 0 0 0 2 0 1 0 0 2 0 1 0 0 3
准确率:    0.9706 (33/34)
----------------------------------------
输入:       D>LH> LMSV> MN KL DBJC WKLJ XJLK
目标:     0 1 0 0 4 0 0 1 6 0 10 7 0 0 0 0 0 2 0 1 0 0 2 0 36 0 0 3 0 0 0 5 0
预测:     0 1 0 0 4 0 0 1 6 0 10 7 0 0 0 0 0 2 0 1 0 0 2 0 1 0 0 3 0 0 0 5 0
准确率:    0.9697 (32/33)
----------------------------------------
⏳ 验证无提升 (验证准确率: 0.9640 ≤ 0.9640)，patience: 4/50

======================================================================
🚀 Epoch 32/200
======================================================================
📚 开始训练阶段...
训练进度: 500/3164 损失=0.0521
训练进度: 1000/3164 损失=0.0395
训练进度: 1500/3164 损失=0.0481
训练进度: 2000/3164 损失=0.0456
训练进度: 2500/3164 损失=0.0741
训练进度: 3000/3164 损失=0.0344
训练进度: 3164/3164 损失=0.0284
✅ 训练完成，耗时: 58.2秒 (1.0分钟)

============================================================
📊 验证决策: Epoch 32/200
   验证间隔: 1
   是否验证: ✅ 是
   原因: 达到验证间隔 (0 == 0)
============================================================

🔍 开始验证...
验证进度: 500/686 损失=0.5126
验证进度: 686/686 损失=0.2202

📊 预测分布分析:
  - 预测的前5个类别: {np.int64(0): 281773, np.int64(1): 37226, np.int64(2): 14747, np.int64(3): 10709, np.int64(4): 8206}
  - 标签的前5个类别: {np.int64(0): 281232, np.int64(1): 36731, np.int64(2): 14789, np.int64(3): 10866, np.int64(4): 8585}
✅ 验证完成，耗时: 4.7秒 (0.1分钟)
训练损失: 0.0368
验证损失: 0.3348
验证准确率: 0.9633 (10561/10964) - 与Levenshtein高度相关
验证F1(加权): 0.9629 - 类别平衡更好
学习率: 0.000094
显存使用: 0.47GB (预留: 0.69GB)

生成的训练样本:
--------------------------------------------------------------------------------
输入:       TMN QDM MRJ> >LHK >W LDJN> NTQVL
目标:     0 0 0 0 0 0 0 2 0 0 0 0 2 0 0 0 5 0 0 0 0 0 1 0 0 55 0 0 21 14 0 0 3
预测:     0 0 0 0 0 0 0 2 0 0 0 0 2 0 0 0 5 0 0 0 0 0 1 0 0 55 0 0 21 14 0 0 3
准确率:    1.0000 (33/33)
----------------------------------------
输入:       BJT <BDWT> WPYJTKWN MN >JD> DMYRJ> WMN
目标:     0 0 0 2 0 0 0 0 2 9 0 0 1 0 0 3 67 0 0 0 0 0 0 8 0 0 4 0 0 1 0 0 0 11 0 0 1 0 0
预测:     0 0 0 2 0 0 0 0 2 9 0 0 1 0 0 3 67 0 0 0 0 0 0 8 0 0 4 0 0 1 0 0 0 11 0 0 1 0 0
准确率:    1.0000 (39/39)
----------------------------------------
输入:       DJN WXWLMN> W<WTR> WMSKNWT> HN> DL> HW>
目标:     0 0 0 0 0 1 0 0 0 0 4 0 0 1 0 0 0 4 0 0 1 0 0 0 0 2 9 0 0 0 0 0 0 1 0 0 0 0 10 3
预测:     0 0 0 0 0 1 0 0 0 0 4 0 0 1 0 0 0 4 0 0 1 0 0 0 0 2 9 0 0 0 0 0 0 1 0 0 0 0 10 3
准确率:    1.0000 (40/40)
----------------------------------------

生成的验证样本:
--------------------------------------------------------------------------------
输入:       YBJNH D>LH> LMSV> MN KL DBJC WKLJ
目标:     0 0 0 0 5 0 0 1 0 0 4 0 0 1 6 0 10 7 0 0 0 0 0 2 0 1 0 0 2 0 36 0 0 3
预测:     0 0 0 0 5 0 0 1 0 0 4 0 0 1 6 0 10 7 0 0 0 0 0 2 0 1 0 0 2 0 1 0 0 3
准确率:    0.9706 (33/34)
----------------------------------------
输入:       D>LH> LMSV> MN KL DBJC WKLJ XJLK
目标:     0 1 0 0 4 0 0 1 6 0 10 7 0 0 0 0 0 2 0 1 0 0 2 0 36 0 0 3 0 0 0 5 0
预测:     0 1 0 0 4 0 0 1 6 0 10 7 0 0 0 0 0 2 0 1 0 0 2 0 1 0 0 3 0 0 0 5 0
准确率:    0.9697 (32/33)
----------------------------------------
⏳ 验证无提升 (验证准确率: 0.9633 ≤ 0.9640)，patience: 5/50

======================================================================
🚀 Epoch 33/200
======================================================================
📚 开始训练阶段...
训练进度: 500/3164 损失=0.0270
训练进度: 1000/3164 损失=0.0549
训练进度: 1500/3164 损失=0.0780
训练进度: 2000/3164 损失=0.0212
训练进度: 2500/3164 损失=0.0372
训练进度: 3000/3164 损失=0.0226
训练进度: 3164/3164 损失=0.0404
✅ 训练完成，耗时: 58.1秒 (1.0分钟)

============================================================
📊 验证决策: Epoch 33/200
   验证间隔: 1
   是否验证: ✅ 是
   原因: 达到验证间隔 (0 == 0)
============================================================

🔍 开始验证...
验证进度: 500/686 损失=0.5706
验证进度: 686/686 损失=0.1359

📊 预测分布分析:
  - 预测的前5个类别: {np.int64(0): 281473, np.int64(1): 37087, np.int64(2): 14877, np.int64(3): 10719, np.int64(4): 8614}
  - 标签的前5个类别: {np.int64(0): 281232, np.int64(1): 36731, np.int64(2): 14789, np.int64(3): 10866, np.int64(4): 8585}
✅ 验证完成，耗时: 4.7秒 (0.1分钟)
训练损失: 0.0354
验证损失: 0.3344
验证准确率: 0.9637 (10566/10964) - 与Levenshtein高度相关
验证F1(加权): 0.9633 - 类别平衡更好
学习率: 0.000094
显存使用: 0.47GB (预留: 0.69GB)

生成的训练样本:
--------------------------------------------------------------------------------
输入:       >JKN> DJMJT LKJ BMRJ> >LH> D>JSRJL W>MRT
目标:     0 0 0 0 8 0 0 1 0 0 3 0 0 1 0 0 0 1 0 0 0 2 0 0 0 4 0 0 1 0 0 0 0 0 2 0 1 0 0 3 0
预测:     0 0 0 0 8 0 0 1 0 0 3 0 0 1 0 0 0 1 0 0 0 2 0 0 0 4 0 0 1 0 0 0 0 0 2 0 1 0 0 3 0
准确率:    1.0000 (41/41)
----------------------------------------
输入:       TLJTJ> N<LWN LKNWCTH DMRJ> WKD TPWQ BMCRJT>
目标:     0 0 0 0 0 4 0 0 6 0 53 0 0 0 1 0 0 0 13 1 0 0 1 0 0 0 2 0 1 0 0 0 34 8 0 3 0 1 0 0 0 2 9 0
预测:     0 0 0 0 0 4 0 0 6 0 53 0 0 0 1 0 0 0 13 1 0 0 1 0 0 0 2 0 1 0 0 0 34 8 0 3 0 1 0 0 0 2 9 0
准确率:    1.0000 (44/44)
----------------------------------------
输入:       TRJHWN MN D>CKX XKMT> BNJN> WNYBT> MXDTJN
目标:     0 0 2 32 0 0 0 0 0 12 0 35 0 0 0 3 0 0 0 13 9 0 0 0 0 0 4 0 0 1 0 0 13 9 0 0 6 0 0 49 0 19
预测:     0 0 2 32 0 0 0 0 0 12 0 35 0 0 0 3 0 0 0 13 9 0 0 0 0 0 4 0 0 1 0 0 13 9 0 0 6 0 0 49 0 19
准确率:    1.0000 (42/42)
----------------------------------------

生成的验证样本:
--------------------------------------------------------------------------------
输入:       YBJNH D>LH> LMSV> MN KL DBJC WKLJ
目标:     0 0 0 0 5 0 0 1 0 0 4 0 0 1 6 0 10 7 0 0 0 0 0 2 0 1 0 0 2 0 36 0 0 3
预测:     0 0 0 0 5 0 0 1 0 0 4 0 0 1 6 0 10 7 0 0 0 0 0 2 0 1 0 0 2 0 36 0 0 3
准确率:    1.0000 (34/34)
----------------------------------------
输入:       D>LH> LMSV> MN KL DBJC WKLJ XJLK
目标:     0 1 0 0 4 0 0 1 6 0 10 7 0 0 0 0 0 2 0 1 0 0 2 0 36 0 0 3 0 0 0 5 0
预测:     0 1 0 0 4 0 0 1 6 0 10 7 0 0 0 0 0 2 0 1 0 0 2 0 36 0 0 3 0 0 0 5 0
准确率:    1.0000 (33/33)
----------------------------------------
⏳ 验证无提升 (验证准确率: 0.9637 ≤ 0.9640)，patience: 6/50

======================================================================
🚀 Epoch 34/200
======================================================================
📚 开始训练阶段...
训练进度: 500/3164 损失=0.0408
训练进度: 1000/3164 损失=0.0197
训练进度: 1500/3164 损失=0.0328
训练进度: 2000/3164 损失=0.0690
训练进度: 2500/3164 损失=0.0426
训练进度: 3000/3164 损失=0.0259
训练进度: 3164/3164 损失=0.0493
✅ 训练完成，耗时: 58.0秒 (1.0分钟)

============================================================
📊 验证决策: Epoch 34/200
   验证间隔: 1
   是否验证: ✅ 是
   原因: 达到验证间隔 (0 == 0)
============================================================

🔍 开始验证...
验证进度: 500/686 损失=0.4655
验证进度: 686/686 损失=0.4748

📊 预测分布分析:
  - 预测的前5个类别: {np.int64(0): 281633, np.int64(1): 37001, np.int64(2): 14725, np.int64(3): 10653, np.int64(4): 8427}
  - 标签的前5个类别: {np.int64(0): 281232, np.int64(1): 36731, np.int64(2): 14789, np.int64(3): 10866, np.int64(4): 8585}
✅ 验证完成，耗时: 4.7秒 (0.1分钟)
训练损失: 0.0348
验证损失: 0.3381
验证准确率: 0.9640 (10568/10964) - 与Levenshtein高度相关
验证F1(加权): 0.9635 - 类别平衡更好
学习率: 0.000093
显存使用: 0.47GB (预留: 0.69GB)

生成的训练样本:
--------------------------------------------------------------------------------
输入:       HW >LH> MRJ> HW >LH> W>MR LHWN
目标:     0 0 0 0 0 0 4 0 0 0 0 0 2 0 0 0 0 0 0 4 0 0 1 0 0 3 0 1 0 0 0
预测:     0 0 0 0 0 0 4 0 0 0 0 0 2 0 0 0 0 0 0 4 0 0 1 0 0 3 0 1 0 0 0
准确率:    1.0000 (31/31)
----------------------------------------
输入:       >L> MN KJN> HWJN LN L> MXB
目标:     0 0 0 0 0 0 0 0 0 0 4 0 0 0 0 7 0 0 1 0 0 0 0 0 6 31 7
预测:     0 0 0 0 0 0 0 0 0 0 4 0 0 0 0 7 0 0 1 0 0 0 0 0 6 31 7
准确率:    1.0000 (27/27)
----------------------------------------
输入:       BR GBR BRMT GL<D DJLH XBL J>JR
目标:     0 0 2 0 0 0 62 0 1 0 13 0 0 0 0 0 2 0 0 0 1 0 0 0 0 22 0 0 0 0 2
预测:     0 0 2 0 0 0 62 0 1 0 13 0 0 0 0 0 2 0 0 0 1 0 0 0 0 22 0 0 0 0 2
准确率:    1.0000 (31/31)
----------------------------------------

生成的验证样本:
--------------------------------------------------------------------------------
输入:       YBJNH D>LH> LMSV> MN KL DBJC WKLJ
目标:     0 0 0 0 5 0 0 1 0 0 4 0 0 1 6 0 10 7 0 0 0 0 0 2 0 1 0 0 2 0 36 0 0 3
预测:     0 0 0 0 5 0 0 1 0 0 4 0 0 1 6 0 10 7 0 0 0 0 0 2 0 1 0 0 2 0 1 0 0 3
准确率:    0.9706 (33/34)
----------------------------------------
输入:       D>LH> LMSV> MN KL DBJC WKLJ XJLK
目标:     0 1 0 0 4 0 0 1 6 0 10 7 0 0 0 0 0 2 0 1 0 0 2 0 36 0 0 3 0 0 0 5 0
预测:     0 1 0 0 4 0 0 1 6 0 10 7 0 0 0 0 0 2 0 1 0 0 2 0 36 0 0 3 0 0 0 5 0
准确率:    1.0000 (33/33)
----------------------------------------
⏳ 验证无提升 (验证准确率: 0.9640 ≤ 0.9640)，patience: 7/50

======================================================================
🚀 Epoch 35/200
======================================================================
📚 开始训练阶段...
训练进度: 500/3164 损失=0.0296
训练进度: 1000/3164 损失=0.0147
训练进度: 1500/3164 损失=0.0414
训练进度: 2000/3164 损失=0.0485
训练进度: 2500/3164 损失=0.0413
训练进度: 3000/3164 损失=0.0225
训练进度: 3164/3164 损失=0.0363
✅ 训练完成，耗时: 58.1秒 (1.0分钟)

============================================================
📊 验证决策: Epoch 35/200
   验证间隔: 1
   是否验证: ✅ 是
   原因: 达到验证间隔 (0 == 0)
============================================================

🔍 开始验证...
验证进度: 500/686 损失=0.5392
验证进度: 686/686 损失=0.1632

📊 预测分布分析:
  - 预测的前5个类别: {np.int64(0): 282050, np.int64(1): 37159, np.int64(2): 14797, np.int64(3): 10828, np.int64(4): 8474}
  - 标签的前5个类别: {np.int64(0): 281232, np.int64(1): 36731, np.int64(2): 14789, np.int64(3): 10866, np.int64(4): 8585}
✅ 验证完成，耗时: 4.7秒 (0.1分钟)
训练损失: 0.0338
验证损失: 0.3483
验证准确率: 0.9643 (10572/10964) - 与Levenshtein高度相关
验证F1(加权): 0.9636 - 类别平衡更好
学习率: 0.000093
显存使用: 0.47GB (预留: 0.69GB)

生成的训练样本:
--------------------------------------------------------------------------------
输入:       XJLTN> DQMT QDMWHJ >L> JWMN> >TXZ> LH
目标:     0 0 0 0 0 4 0 0 1 31 3 0 0 0 0 25 1 0 0 0 0 0 0 0 0 0 0 4 0 0 21 14 0 10 3 0 1 0
预测:     0 0 0 0 0 4 0 0 1 31 3 0 0 0 0 25 1 0 0 0 0 0 0 0 0 0 0 4 0 0 21 14 0 10 3 0 1 0
准确率:    1.0000 (38/38)
----------------------------------------
输入:       WPLX LPTKR> DPLX >BWHJ WSGD LHWN WCBQ
目标:     0 1 0 0 3 0 1 0 0 0 11 0 0 1 0 0 3 0 0 8 5 0 0 0 1 0 0 3 0 1 0 0 0 0 1 0 0 3
预测:     0 1 0 0 3 0 1 0 0 0 11 0 0 1 0 0 3 0 0 8 5 0 0 0 1 0 0 3 0 1 0 0 0 0 1 0 0 3
准确率:    1.0000 (38/38)
----------------------------------------
输入:       TNN> MN QRJT> WHPKW GBR> D>JSRJL MN
目标:     0 0 0 4 0 0 0 0 0 0 0 22 9 0 0 1 0 0 3 0 0 0 0 11 0 0 1 0 0 0 0 0 2 0 0 0
预测:     0 0 0 4 0 0 0 0 0 0 0 22 9 0 0 1 0 0 3 0 0 0 0 11 0 0 1 0 0 0 0 0 2 0 0 0
准确率:    1.0000 (36/36)
----------------------------------------

生成的验证样本:
--------------------------------------------------------------------------------
输入:       YBJNH D>LH> LMSV> MN KL DBJC WKLJ
目标:     0 0 0 0 5 0 0 1 0 0 4 0 0 1 6 0 10 7 0 0 0 0 0 2 0 1 0 0 2 0 36 0 0 3
预测:     0 0 0 0 5 0 0 1 0 0 4 0 0 1 6 0 10 7 0 0 0 0 0 2 0 1 0 0 2 0 36 0 0 3
准确率:    1.0000 (34/34)
----------------------------------------
输入:       D>LH> LMSV> MN KL DBJC WKLJ XJLK
目标:     0 1 0 0 4 0 0 1 6 0 10 7 0 0 0 0 0 2 0 1 0 0 2 0 36 0 0 3 0 0 0 5 0
预测:     0 1 0 0 4 0 0 1 6 0 10 7 0 0 0 0 0 2 0 1 0 0 2 0 36 0 0 3 0 0 0 5 0
准确率:    1.0000 (33/33)
----------------------------------------
💾 保存新的最佳模型！验证准确率: 0.9643 (F1: 0.9636) (Epoch 35)

======================================================================
🚀 Epoch 36/200
======================================================================
📚 开始训练阶段...
训练进度: 500/3164 损失=0.0329
训练进度: 1000/3164 损失=0.0126
训练进度: 1500/3164 损失=0.0209
训练进度: 2000/3164 损失=0.0196
训练进度: 2500/3164 损失=0.0122
训练进度: 3000/3164 损失=0.0289
训练进度: 3164/3164 损失=0.0189
✅ 训练完成，耗时: 58.5秒 (1.0分钟)

============================================================
📊 验证决策: Epoch 36/200
   验证间隔: 1
   是否验证: ✅ 是
   原因: 达到验证间隔 (0 == 0)
============================================================

🔍 开始验证...
验证进度: 500/686 损失=0.4117
验证进度: 686/686 损失=0.3263

📊 预测分布分析:
  - 预测的前5个类别: {np.int64(0): 281941, np.int64(1): 37146, np.int64(2): 14577, np.int64(3): 10665, np.int64(4): 8786}
  - 标签的前5个类别: {np.int64(0): 281232, np.int64(1): 36731, np.int64(2): 14789, np.int64(3): 10866, np.int64(4): 8585}
✅ 验证完成，耗时: 4.7秒 (0.1分钟)
训练损失: 0.0330
验证损失: 0.3466
验证准确率: 0.9641 (10570/10964) - 与Levenshtein高度相关
验证F1(加权): 0.9634 - 类别平衡更好
学习率: 0.000092
显存使用: 0.47GB (预留: 0.69GB)

生成的训练样本:
--------------------------------------------------------------------------------
输入:       LBNJ >JSRJL >R<> DMWLKN> M> J>> LH
目标:     0 1 0 2 0 0 0 0 0 0 0 2 0 0 0 4 0 0 1 0 0 0 0 4 0 0 0 0 0 0 0 2 0 1 0
预测:     0 1 0 2 0 0 0 0 0 0 0 2 0 0 0 4 0 0 1 0 0 0 0 4 0 0 0 0 0 0 0 2 0 1 0
准确率:    1.0000 (35/35)
----------------------------------------
输入:       >JSRJL KLKWN GNBRJ XJL> BLXWD NCJKWN WJQRTKWN
目标:     0 0 0 0 0 0 2 0 0 5 0 0 0 0 0 0 0 2 0 0 0 0 4 0 0 1 0 0 0 2 60 47 13 1 0 0 0 0 75 0 0 2 1 0 0 0
预测:     0 0 0 0 0 0 2 0 0 5 0 0 0 0 0 0 0 2 0 0 0 0 4 0 0 1 0 0 0 2 60 47 13 1 0 0 0 0 75 0 0 2 1 0 0 0
准确率:    1.0000 (46/46)
----------------------------------------
输入:       <SRJN HW> WXMC CNJN KD >MLK WCTT<SR>
目标:     0 0 0 0 0 2 0 0 10 3 0 1 0 0 2 0 0 13 0 0 0 0 0 0 17 0 0 33 0 1 0 0 0 0 0 2 0
预测:     0 0 0 0 0 2 0 0 10 3 0 1 0 0 2 0 0 13 0 0 0 0 0 0 17 0 0 33 0 1 0 0 0 0 0 2 0
准确率:    1.0000 (37/37)
----------------------------------------

生成的验证样本:
--------------------------------------------------------------------------------
输入:       YBJNH D>LH> LMSV> MN KL DBJC WKLJ
目标:     0 0 0 0 5 0 0 1 0 0 4 0 0 1 6 0 10 7 0 0 0 0 0 2 0 1 0 0 2 0 36 0 0 3
预测:     0 0 0 0 5 0 0 1 0 0 4 0 0 1 6 0 10 7 0 0 0 0 0 2 0 1 0 0 2 0 36 0 0 3
准确率:    1.0000 (34/34)
----------------------------------------
输入:       D>LH> LMSV> MN KL DBJC WKLJ XJLK
目标:     0 1 0 0 4 0 0 1 6 0 10 7 0 0 0 0 0 2 0 1 0 0 2 0 36 0 0 3 0 0 0 5 0
预测:     0 1 0 0 4 0 0 1 6 0 10 7 0 0 0 0 0 2 0 1 0 0 2 0 1 0 0 3 0 0 0 5 0
准确率:    0.9697 (32/33)
----------------------------------------
⏳ 验证无提升 (验证准确率: 0.9641 ≤ 0.9643)，patience: 1/50

======================================================================
🚀 Epoch 37/200
======================================================================
📚 开始训练阶段...
训练进度: 500/3164 损失=0.0545
训练进度: 1000/3164 损失=0.0267
训练进度: 1500/3164 损失=0.0239
训练进度: 2000/3164 损失=0.0326
训练进度: 2500/3164 损失=0.0168
训练进度: 3000/3164 损失=0.0111
训练进度: 3164/3164 损失=0.0184
✅ 训练完成，耗时: 58.0秒 (1.0分钟)

============================================================
📊 验证决策: Epoch 37/200
   验证间隔: 1
   是否验证: ✅ 是
   原因: 达到验证间隔 (0 == 0)
============================================================

🔍 开始验证...
验证进度: 500/686 损失=0.4977
验证进度: 686/686 损失=0.2054

📊 预测分布分析:
  - 预测的前5个类别: {np.int64(0): 281688, np.int64(1): 37128, np.int64(2): 14789, np.int64(3): 10857, np.int64(4): 8813}
  - 标签的前5个类别: {np.int64(0): 281232, np.int64(1): 36731, np.int64(2): 14789, np.int64(3): 10866, np.int64(4): 8585}
✅ 验证完成，耗时: 4.7秒 (0.1分钟)
训练损失: 0.0322
验证损失: 0.3501
验证准确率: 0.9640 (10568/10964) - 与Levenshtein高度相关
验证F1(加权): 0.9634 - 类别平衡更好
学习率: 0.000092
显存使用: 0.47GB (预留: 0.69GB)

生成的训练样本:
--------------------------------------------------------------------------------
输入:       PRD> >JKN> HWT >W HWJ> >JT DJN
目标:     0 0 0 61 0 0 0 0 0 8 0 0 0 18 26 0 0 0 0 0 0 7 0 0 0 0 24 0 0 0 0
预测:     0 0 0 61 0 0 0 0 0 8 0 0 0 18 26 0 0 0 0 0 0 7 0 0 0 0 24 0 0 0 0
准确率:    1.0000 (31/31)
----------------------------------------
输入:       WNTB <L KWRSJ WHW NMLK BTRJ LH
目标:     0 1 52 0 3 0 0 0 0 0 0 0 149 0 0 1 0 0 0 28 0 0 33 0 0 0 1 0 0 1 0
预测:     0 1 52 0 3 0 0 0 0 0 0 0 149 0 0 1 0 0 0 28 0 0 33 0 0 0 1 0 0 1 0
准确率:    1.0000 (31/31)
----------------------------------------
输入:       MRJ> HWT LH WHC> C>LT> XD> C>L
目标:     0 0 0 0 2 0 0 18 26 0 1 0 0 1 0 4 0 0 0 0 13 9 0 0 0 2 0 0 0 0 7
预测:     0 0 0 0 2 0 0 18 26 0 1 0 0 1 0 4 0 0 0 0 13 9 0 0 0 2 0 0 0 0 7
准确率:    1.0000 (31/31)
----------------------------------------

生成的验证样本:
--------------------------------------------------------------------------------
输入:       YBJNH D>LH> LMSV> MN KL DBJC WKLJ
目标:     0 0 0 0 5 0 0 1 0 0 4 0 0 1 6 0 10 7 0 0 0 0 0 2 0 1 0 0 2 0 36 0 0 3
预测:     0 0 0 0 5 0 0 1 0 0 4 0 0 1 6 0 10 7 0 0 0 0 0 2 0 1 0 0 2 0 36 0 0 3
准确率:    1.0000 (34/34)
----------------------------------------
输入:       D>LH> LMSV> MN KL DBJC WKLJ XJLK
目标:     0 1 0 0 4 0 0 1 6 0 10 7 0 0 0 0 0 2 0 1 0 0 2 0 36 0 0 3 0 0 0 5 0
预测:     0 1 0 0 4 0 0 1 6 0 10 7 0 0 0 0 0 2 0 1 0 0 2 0 1 0 0 3 0 0 0 5 0
准确率:    0.9697 (32/33)
----------------------------------------
⏳ 验证无提升 (验证准确率: 0.9640 ≤ 0.9643)，patience: 2/50

======================================================================
🚀 Epoch 38/200
======================================================================
📚 开始训练阶段...
训练进度: 500/3164 损失=0.0267
训练进度: 1000/3164 损失=0.0417
训练进度: 1500/3164 损失=0.0603
训练进度: 2000/3164 损失=0.0327
训练进度: 2500/3164 损失=0.0303
训练进度: 3000/3164 损失=0.0363
训练进度: 3164/3164 损失=0.0458
✅ 训练完成，耗时: 58.2秒 (1.0分钟)

============================================================
📊 验证决策: Epoch 38/200
   验证间隔: 1
   是否验证: ✅ 是
   原因: 达到验证间隔 (0 == 0)
============================================================

🔍 开始验证...
验证进度: 500/686 损失=0.3681
验证进度: 686/686 损失=0.2166

📊 预测分布分析:
  - 预测的前5个类别: {np.int64(0): 281951, np.int64(1): 37130, np.int64(2): 14675, np.int64(3): 10984, np.int64(4): 8819}
  - 标签的前5个类别: {np.int64(0): 281232, np.int64(1): 36731, np.int64(2): 14789, np.int64(3): 10866, np.int64(4): 8585}
✅ 验证完成，耗时: 4.7秒 (0.1分钟)
训练损失: 0.0316
验证损失: 0.3403
验证准确率: 0.9644 (10574/10964) - 与Levenshtein高度相关
验证F1(加权): 0.9637 - 类别平衡更好
学习率: 0.000092
显存使用: 0.48GB (预留: 0.69GB)

生成的训练样本:
--------------------------------------------------------------------------------
输入:       JD<JN LGBR> WLCVJWTH >MRJN LH MDGL >NT
目标:     0 0 0 7 0 0 0 1 0 0 4 0 0 1 1 0 0 0 2 1 0 0 0 0 7 0 0 0 1 0 0 6 0 0 41 0 0 0 0
预测:     0 0 0 7 0 0 0 1 0 0 4 0 0 1 1 0 0 0 2 1 0 0 0 0 7 0 0 0 1 0 0 6 0 0 41 0 0 0 0
准确率:    1.0000 (39/39)
----------------------------------------
输入:       LWT BTCB< >MH DCLJMWN W>MR> LH CLM
目标:     0 0 0 0 0 0 0 0 0 2 0 0 5 0 0 1 0 0 0 0 0 2 0 1 0 0 7 0 0 1 0 0 0 0 22
预测:     0 0 0 0 0 0 0 0 0 2 0 0 5 0 0 1 0 0 0 0 0 2 0 1 0 0 7 0 0 1 0 0 0 0 22
准确率:    1.0000 (35/35)
----------------------------------------
输入:       HW >TTRJMT WL> HW> MRJ> <BD HLJN
目标:     0 0 0 0 0 76 17 20 0 3 0 0 1 0 0 0 0 10 3 0 0 0 0 2 0 0 0 3 0 0 0 0 0
预测:     0 0 0 0 0 76 17 20 0 3 0 0 1 0 0 0 0 10 3 0 0 0 0 2 0 0 0 3 0 0 0 0 0
准确率:    1.0000 (33/33)
----------------------------------------

生成的验证样本:
--------------------------------------------------------------------------------
输入:       YBJNH D>LH> LMSV> MN KL DBJC WKLJ
目标:     0 0 0 0 5 0 0 1 0 0 4 0 0 1 6 0 10 7 0 0 0 0 0 2 0 1 0 0 2 0 36 0 0 3
预测:     0 0 0 0 5 0 0 1 0 0 4 0 0 1 6 0 10 7 0 0 0 0 0 2 0 1 0 0 2 0 36 0 0 3
准确率:    1.0000 (34/34)
----------------------------------------
输入:       D>LH> LMSV> MN KL DBJC WKLJ XJLK
目标:     0 1 0 0 4 0 0 1 6 0 10 7 0 0 0 0 0 2 0 1 0 0 2 0 36 0 0 3 0 0 0 5 0
预测:     0 1 0 0 4 0 0 1 6 0 10 7 0 0 0 0 0 2 0 1 0 0 2 0 1 0 0 3 0 0 0 5 0
准确率:    0.9697 (32/33)
----------------------------------------
💾 保存新的最佳模型！验证准确率: 0.9644 (F1: 0.9637) (Epoch 38)

======================================================================
🚀 Epoch 39/200
======================================================================
📚 开始训练阶段...
训练进度: 500/3164 损失=0.0199
训练进度: 1000/3164 损失=0.0343
训练进度: 1500/3164 损失=0.0216
训练进度: 2000/3164 损失=0.0262
训练进度: 2500/3164 损失=0.0440
训练进度: 3000/3164 损失=0.0379
训练进度: 3164/3164 损失=0.0631
✅ 训练完成，耗时: 58.4秒 (1.0分钟)

============================================================
📊 验证决策: Epoch 39/200
   验证间隔: 1
   是否验证: ✅ 是
   原因: 达到验证间隔 (0 == 0)
============================================================

🔍 开始验证...
验证进度: 500/686 损失=0.4133
验证进度: 686/686 损失=0.2700

📊 预测分布分析:
  - 预测的前5个类别: {np.int64(0): 281695, np.int64(1): 37116, np.int64(2): 14751, np.int64(3): 10802, np.int64(4): 8636}
  - 标签的前5个类别: {np.int64(0): 281232, np.int64(1): 36731, np.int64(2): 14789, np.int64(3): 10866, np.int64(4): 8585}
✅ 验证完成，耗时: 4.7秒 (0.1分钟)
训练损失: 0.0309
验证损失: 0.3493
验证准确率: 0.9640 (10569/10964) - 与Levenshtein高度相关
验证F1(加权): 0.9635 - 类别平衡更好
学习率: 0.000091
显存使用: 0.48GB (预留: 0.69GB)

生成的训练样本:
--------------------------------------------------------------------------------
输入:       LK XD BCB<> DRXM BRH NXDT ZQTWHJ
目标:     0 1 0 0 0 2 0 1 0 0 2 0 0 1 0 0 7 0 0 5 0 0 6 0 0 77 0 0 0 25 1 0 0
预测:     0 1 0 0 0 2 0 1 0 0 2 0 0 1 0 0 7 0 0 5 0 0 6 0 0 77 0 0 0 25 1 0 0
准确率:    1.0000 (33/33)
----------------------------------------
输入:       HW <BR QDMJK >JK D>MR MRJ> WN<BD
目标:     0 0 0 0 0 0 7 0 0 0 2 1 0 0 0 0 0 0 1 0 0 3 0 0 0 0 2 0 1 6 0 0 3
预测:     0 0 0 0 0 0 7 0 0 0 2 1 0 0 0 0 0 0 1 0 0 3 0 0 0 0 2 0 1 6 0 0 3
准确率:    1.0000 (33/33)
----------------------------------------
输入:       WQVWR >NWN >T> <L >JDK WNHWWN RWCM>
目标:     0 36 0 8 0 3 0 0 0 0 0 0 0 4 0 0 0 0 8 0 0 5 0 0 1 6 0 18 0 0 0 0 0 0 4 0
预测:     0 36 0 8 0 3 0 0 0 0 0 0 0 4 0 0 0 0 8 0 0 5 0 0 1 6 0 18 0 0 0 0 0 0 4 0
准确率:    1.0000 (36/36)
----------------------------------------

生成的验证样本:
--------------------------------------------------------------------------------
输入:       YBJNH D>LH> LMSV> MN KL DBJC WKLJ
目标:     0 0 0 0 5 0 0 1 0 0 4 0 0 1 6 0 10 7 0 0 0 0 0 2 0 1 0 0 2 0 36 0 0 3
预测:     0 0 0 0 5 0 0 1 0 0 4 0 0 1 6 0 10 7 0 0 0 0 0 2 0 1 0 0 2 0 36 0 0 3
准确率:    1.0000 (34/34)
----------------------------------------
输入:       D>LH> LMSV> MN KL DBJC WKLJ XJLK
目标:     0 1 0 0 4 0 0 1 6 0 10 7 0 0 0 0 0 2 0 1 0 0 2 0 36 0 0 3 0 0 0 5 0
预测:     0 1 0 0 4 0 0 1 6 0 10 7 0 0 0 0 0 2 0 1 0 0 2 0 1 0 0 3 0 0 0 5 0
准确率:    0.9697 (32/33)
----------------------------------------
⏳ 验证无提升 (验证准确率: 0.9640 ≤ 0.9644)，patience: 1/50

======================================================================
🚀 Epoch 40/200
======================================================================
📚 开始训练阶段...
训练进度: 500/3164 损失=0.0421
训练进度: 1000/3164 损失=0.0156
训练进度: 1500/3164 损失=0.0620
训练进度: 2000/3164 损失=0.0326
训练进度: 2500/3164 损失=0.0230
训练进度: 3000/3164 损失=0.0799
训练进度: 3164/3164 损失=0.0269
✅ 训练完成，耗时: 58.2秒 (1.0分钟)

============================================================
📊 验证决策: Epoch 40/200
   验证间隔: 1
   是否验证: ✅ 是
   原因: 达到验证间隔 (0 == 0)
============================================================

🔍 开始验证...
验证进度: 500/686 损失=0.6003
验证进度: 686/686 损失=0.1995

📊 预测分布分析:
  - 预测的前5个类别: {np.int64(0): 281870, np.int64(1): 37127, np.int64(2): 14741, np.int64(3): 10594, np.int64(4): 8650}
  - 标签的前5个类别: {np.int64(0): 281232, np.int64(1): 36731, np.int64(2): 14789, np.int64(3): 10866, np.int64(4): 8585}
✅ 验证完成，耗时: 4.7秒 (0.1分钟)
训练损失: 0.0300
验证损失: 0.3550
验证准确率: 0.9641 (10570/10964) - 与Levenshtein高度相关
验证F1(加权): 0.9636 - 类别平衡更好
学习率: 0.000091
显存使用: 0.48GB (预留: 0.69GB)

生成的训练样本:
--------------------------------------------------------------------------------
输入:       HWJTWN B<JN WMYLJN XPJV>JT MN KLH NPCKWN
目标:     0 0 0 3 0 0 0 0 0 42 0 0 0 1 6 0 42 0 19 0 0 0 0 0 0 0 0 0 0 0 0 0 5 12 0 0 0 5 0 0 0
预测:     0 0 0 3 0 0 0 0 0 42 0 0 0 1 6 0 42 0 19 0 0 0 0 0 0 0 0 0 0 0 0 0 5 12 0 0 0 5 0 0 0
准确率:    1.0000 (41/41)
----------------------------------------
输入:       WNLPN MN> N<BD LH LVLJ> DMTJLD WCM<
目标:     0 1 52 0 51 0 0 0 0 0 0 44 0 0 3 0 1 0 0 1 0 0 4 0 0 1 21 14 0 0 7 0 1 0 0 3
预测:     0 1 52 0 51 0 0 0 0 0 0 44 0 0 3 0 1 0 0 1 0 0 4 0 0 1 21 14 0 0 7 0 1 0 0 7
准确率:    0.9722 (35/36)
----------------------------------------
输入:       WCM<W KLH >JSRJL DJN> DDN MLK> WDXLW
目标:     0 1 0 0 3 0 0 0 5 0 0 0 0 0 0 0 2 0 0 0 15 0 0 1 31 3 0 0 0 4 0 0 1 0 0 3 0
预测:     0 1 0 0 3 0 0 0 5 0 0 0 0 0 0 0 2 0 0 0 15 0 0 1 31 3 0 0 0 4 0 0 1 0 0 3 0
准确率:    1.0000 (37/37)
----------------------------------------

生成的验证样本:
--------------------------------------------------------------------------------
输入:       YBJNH D>LH> LMSV> MN KL DBJC WKLJ
目标:     0 0 0 0 5 0 0 1 0 0 4 0 0 1 6 0 10 7 0 0 0 0 0 2 0 1 0 0 2 0 36 0 0 3
预测:     0 0 0 0 5 0 0 1 0 0 4 0 0 1 6 0 10 7 0 0 0 0 0 2 0 1 0 0 2 0 1 0 0 3
准确率:    0.9706 (33/34)
----------------------------------------
输入:       D>LH> LMSV> MN KL DBJC WKLJ XJLK
目标:     0 1 0 0 4 0 0 1 6 0 10 7 0 0 0 0 0 2 0 1 0 0 2 0 36 0 0 3 0 0 0 5 0
预测:     0 1 0 0 4 0 0 1 6 0 10 7 0 0 0 0 0 2 0 1 0 0 2 0 1 0 0 3 0 0 0 5 0
准确率:    0.9697 (32/33)
----------------------------------------
⏳ 验证无提升 (验证准确率: 0.9641 ≤ 0.9644)，patience: 2/50

======================================================================
🚀 Epoch 41/200
======================================================================
📚 开始训练阶段...
训练进度: 500/3164 损失=0.0797
训练进度: 1000/3164 损失=0.0423
训练进度: 1500/3164 损失=0.0244
训练进度: 2000/3164 损失=0.0356
训练进度: 2500/3164 损失=0.0347
训练进度: 3000/3164 损失=0.0392
训练进度: 3164/3164 损失=0.0186
✅ 训练完成，耗时: 58.1秒 (1.0分钟)

============================================================
📊 验证决策: Epoch 41/200
   验证间隔: 1
   是否验证: ✅ 是
   原因: 达到验证间隔 (0 == 0)
============================================================

🔍 开始验证...
验证进度: 500/686 损失=0.5813
验证进度: 686/686 损失=0.1848

📊 预测分布分析:
  - 预测的前5个类别: {np.int64(0): 281646, np.int64(1): 37173, np.int64(2): 14755, np.int64(3): 10900, np.int64(4): 8857}
  - 标签的前5个类别: {np.int64(0): 281232, np.int64(1): 36731, np.int64(2): 14789, np.int64(3): 10866, np.int64(4): 8585}
✅ 验证完成，耗时: 4.7秒 (0.1分钟)
训练损失: 0.0296
验证损失: 0.3570
验证准确率: 0.9641 (10570/10964) - 与Levenshtein高度相关
验证F1(加权): 0.9635 - 类别平衡更好
学习率: 0.000090
显存使用: 0.48GB (预留: 0.69GB)

生成的训练样本:
--------------------------------------------------------------------------------
输入:       L<TJR> <WL> RB> WCLJV> WDJN> JQR WLJT
目标:     0 1 0 8 0 43 27 0 0 0 4 0 0 0 4 0 0 1 0 0 0 4 0 0 1 0 0 55 0 6 0 0 16 0 1 58 0 24
预测:     0 1 0 8 0 43 27 0 0 0 4 0 0 0 4 0 0 1 0 0 0 4 0 0 1 0 0 55 0 6 0 0 16 0 1 58 0 24
准确率:    1.0000 (38/38)
----------------------------------------
输入:       L> LKL >NC >R<> LMTXZJW WHNJN DXD>
目标:     0 0 0 0 1 0 2 0 0 0 2 8 0 0 10 40 0 1 21 14 0 0 7 0 0 1 0 0 0 12 0 1 0 10 7
预测:     0 0 0 0 1 0 2 0 0 0 2 8 0 0 10 40 0 1 21 14 0 0 7 0 0 1 0 0 0 12 0 1 0 10 7
准确率:    1.0000 (35/35)
----------------------------------------
输入:       BLXWD QWDCJK DNHWWN LK WNDRJK CQWL WT>
目标:     0 1 0 0 0 2 0 0 0 0 2 1 0 0 1 6 0 18 0 0 0 1 0 0 1 0 0 2 1 0 6 0 8 0 3 0 121 10 3
预测:     0 1 0 0 0 2 0 0 0 0 2 1 0 0 1 6 0 18 0 0 0 1 0 0 1 0 0 2 1 0 6 0 8 0 3 0 121 10 3
准确率:    1.0000 (39/39)
----------------------------------------

生成的验证样本:
--------------------------------------------------------------------------------
输入:       YBJNH D>LH> LMSV> MN KL DBJC WKLJ
目标:     0 0 0 0 5 0 0 1 0 0 4 0 0 1 6 0 10 7 0 0 0 0 0 2 0 1 0 0 2 0 36 0 0 3
预测:     0 0 0 0 5 0 0 1 0 0 4 0 0 1 6 0 10 7 0 0 0 0 0 2 0 1 0 0 2 0 36 0 0 3
准确率:    1.0000 (34/34)
----------------------------------------
输入:       D>LH> LMSV> MN KL DBJC WKLJ XJLK
目标:     0 1 0 0 4 0 0 1 6 0 10 7 0 0 0 0 0 2 0 1 0 0 2 0 36 0 0 3 0 0 0 5 0
预测:     0 1 0 0 4 0 0 1 6 0 10 7 0 0 0 0 0 2 0 1 0 0 2 0 1 0 0 3 0 0 0 5 0
准确率:    0.9697 (32/33)
----------------------------------------
⏳ 验证无提升 (验证准确率: 0.9641 ≤ 0.9644)，patience: 3/50

======================================================================
🚀 Epoch 42/200
======================================================================
📚 开始训练阶段...
训练进度: 500/3164 损失=0.0180
训练进度: 1000/3164 损失=0.0110
训练进度: 1500/3164 损失=0.0593
训练进度: 2000/3164 损失=0.0357
训练进度: 2500/3164 损失=0.0496
训练进度: 3000/3164 损失=0.0166
训练进度: 3164/3164 损失=0.0122
✅ 训练完成，耗时: 58.5秒 (1.0分钟)

============================================================
📊 验证决策: Epoch 42/200
   验证间隔: 1
   是否验证: ✅ 是
   原因: 达到验证间隔 (0 == 0)
============================================================

🔍 开始验证...
验证进度: 500/686 损失=0.5804
验证进度: 686/686 损失=0.2853

📊 预测分布分析:
  - 预测的前5个类别: {np.int64(0): 281918, np.int64(1): 37150, np.int64(2): 14778, np.int64(3): 10831, np.int64(4): 8347}
  - 标签的前5个类别: {np.int64(0): 281232, np.int64(1): 36731, np.int64(2): 14789, np.int64(3): 10866, np.int64(4): 8585}
✅ 验证完成，耗时: 4.7秒 (0.1分钟)
训练损失: 0.0287
验证损失: 0.3649
验证准确率: 0.9639 (10568/10964) - 与Levenshtein高度相关
验证F1(加权): 0.9634 - 类别平衡更好
学习率: 0.000090
显存使用: 0.48GB (预留: 0.69GB)

生成的训练样本:
--------------------------------------------------------------------------------
输入:       ZBNJN L> TTKL <L >WRX> D<WL> WB>WRXTK
目标:     0 0 0 2 0 0 0 0 0 0 6 0 0 3 0 0 0 0 0 0 0 4 0 0 1 0 0 11 0 0 1 1 0 0 0 2 32 0
预测:     0 0 0 2 0 0 0 0 0 0 6 0 0 3 0 0 0 0 0 0 0 4 0 0 1 0 0 11 0 0 1 1 0 0 0 2 32 0
准确率:    1.0000 (38/38)
----------------------------------------
输入:       WCRQRQ> WXWRB> W>NP> BGNSJHWN WTRNGWL BR> WVWS>
目标:     0 1 0 0 0 0 4 0 0 1 0 0 0 15 0 0 1 0 0 4 0 0 1 0 0 2 1 0 0 0 0 1 0 0 0 0 0 2 0 0 4 0 0 1 0 0 15 0
预测:     0 1 0 0 0 0 4 0 0 1 0 0 0 15 0 0 1 0 0 4 0 0 1 0 0 2 1 0 0 0 0 1 0 0 0 0 0 2 0 0 4 0 0 1 0 0 15 0
准确率:    1.0000 (48/48)
----------------------------------------
输入:       KLDJ> >PN GJR PLJG> HJ >R<> LCB<
目标:     0 0 0 0 11 0 0 0 75 0 0 0 0 0 0 0 8 0 7 27 0 0 12 0 0 0 4 0 0 1 0 0 2
预测:     0 0 0 0 11 0 0 0 75 0 0 0 0 0 0 0 8 0 7 27 0 0 12 0 0 0 4 0 0 1 0 0 2
准确率:    1.0000 (33/33)
----------------------------------------

生成的验证样本:
--------------------------------------------------------------------------------
输入:       YBJNH D>LH> LMSV> MN KL DBJC WKLJ
目标:     0 0 0 0 5 0 0 1 0 0 4 0 0 1 6 0 10 7 0 0 0 0 0 2 0 1 0 0 2 0 36 0 0 3
预测:     0 0 0 0 5 0 0 1 0 0 4 0 0 1 6 0 10 7 0 0 0 0 0 2 0 1 0 0 2 0 1 0 0 3
准确率:    0.9706 (33/34)
----------------------------------------
输入:       D>LH> LMSV> MN KL DBJC WKLJ XJLK
目标:     0 1 0 0 4 0 0 1 6 0 10 7 0 0 0 0 0 2 0 1 0 0 2 0 36 0 0 3 0 0 0 5 0
预测:     0 1 0 0 4 0 0 1 6 0 10 7 0 0 0 0 0 2 0 1 0 0 2 0 1 0 0 3 0 0 0 5 0
准确率:    0.9697 (32/33)
----------------------------------------
⏳ 验证无提升 (验证准确率: 0.9639 ≤ 0.9644)，patience: 4/50

======================================================================
🚀 Epoch 43/200
======================================================================
📚 开始训练阶段...
训练进度: 500/3164 损失=0.0335
训练进度: 1000/3164 损失=0.0161
训练进度: 1500/3164 损失=0.0325
训练进度: 2000/3164 损失=0.0389
训练进度: 2500/3164 损失=0.0318
训练进度: 3000/3164 损失=0.0417
训练进度: 3164/3164 损失=0.0152
✅ 训练完成，耗时: 58.5秒 (1.0分钟)

============================================================
📊 验证决策: Epoch 43/200
   验证间隔: 1
   是否验证: ✅ 是
   原因: 达到验证间隔 (0 == 0)
============================================================

🔍 开始验证...
验证进度: 500/686 损失=0.4214
验证进度: 686/686 损失=0.4347

📊 预测分布分析:
  - 预测的前5个类别: {np.int64(0): 281563, np.int64(1): 37159, np.int64(2): 14782, np.int64(3): 10796, np.int64(4): 8574}
  - 标签的前5个类别: {np.int64(0): 281232, np.int64(1): 36731, np.int64(2): 14789, np.int64(3): 10866, np.int64(4): 8585}
✅ 验证完成，耗时: 4.7秒 (0.1分钟)
训练损失: 0.0285
验证损失: 0.3584
验证准确率: 0.9638 (10566/10964) - 与Levenshtein高度相关
验证F1(加权): 0.9633 - 类别平衡更好
学习率: 0.000089
显存使用: 0.48GB (预留: 0.69GB)

生成的训练样本:
--------------------------------------------------------------------------------
输入:       DRWGZH WSM <L >HRWN >JQR> WJHB LH
目标:     0 1 0 0 0 5 0 0 1 31 3 0 0 0 0 0 0 0 0 2 0 0 0 0 4 0 0 1 0 0 3 0 1 0
预测:     0 1 0 0 0 5 0 0 1 31 3 0 0 0 0 0 0 0 0 2 0 0 0 0 4 0 0 1 0 0 3 0 1 0
准确率:    1.0000 (34/34)
----------------------------------------
输入:       LBJTH DMRJ> KSP> DJHB GBR> LPWRQN> DNPCH
目标:     0 1 0 0 5 0 0 1 0 0 0 2 0 0 0 4 0 0 1 0 0 7 0 0 0 4 0 0 1 0 0 0 0 4 0 0 1 0 0 5 0
预测:     0 1 0 0 5 0 0 1 0 0 0 2 0 0 0 4 0 0 1 0 0 7 0 0 0 4 0 0 1 0 0 0 0 4 0 0 1 0 0 5 0
准确率:    1.0000 (41/41)
----------------------------------------
输入:       PRWQJNJ WMN KL RDWPJ PYNJ DLM> >JK
目标:     6 0 8 0 48 1 0 0 0 1 0 0 0 0 2 0 0 0 0 2 46 6 0 114 0 0 0 0 0 0 0 0 0 0 0
预测:     6 0 8 0 48 1 0 0 0 1 0 0 0 0 2 0 0 0 0 2 46 6 0 114 0 0 0 0 0 0 0 0 0 0 0
准确率:    1.0000 (35/35)
----------------------------------------

生成的验证样本:
--------------------------------------------------------------------------------
输入:       YBJNH D>LH> LMSV> MN KL DBJC WKLJ
目标:     0 0 0 0 5 0 0 1 0 0 4 0 0 1 6 0 10 7 0 0 0 0 0 2 0 1 0 0 2 0 36 0 0 3
预测:     0 0 0 0 5 0 0 1 0 0 4 0 0 1 6 0 10 7 0 0 0 0 0 2 0 1 0 0 2 0 36 0 0 3
准确率:    1.0000 (34/34)
----------------------------------------
输入:       D>LH> LMSV> MN KL DBJC WKLJ XJLK
目标:     0 1 0 0 4 0 0 1 6 0 10 7 0 0 0 0 0 2 0 1 0 0 2 0 36 0 0 3 0 0 0 5 0
预测:     0 1 0 0 4 0 0 1 6 0 10 7 0 0 0 0 0 2 0 1 0 0 2 0 1 0 0 3 0 0 0 5 0
准确率:    0.9697 (32/33)
----------------------------------------
⏳ 验证无提升 (验证准确率: 0.9638 ≤ 0.9644)，patience: 5/50

======================================================================
🚀 Epoch 44/200
======================================================================
📚 开始训练阶段...
训练进度: 500/3164 损失=0.0243
训练进度: 1000/3164 损失=0.0457
训练进度: 1500/3164 损失=0.0422
训练进度: 2000/3164 损失=0.0248
训练进度: 2500/3164 损失=0.0218
训练进度: 3000/3164 损失=0.0348
训练进度: 3164/3164 损失=0.0376
✅ 训练完成，耗时: 58.6秒 (1.0分钟)

============================================================
📊 验证决策: Epoch 44/200
   验证间隔: 1
   是否验证: ✅ 是
   原因: 达到验证间隔 (0 == 0)
============================================================

🔍 开始验证...
验证进度: 500/686 损失=0.6093
验证进度: 686/686 损失=0.1883

📊 预测分布分析:
  - 预测的前5个类别: {np.int64(0): 282329, np.int64(1): 37056, np.int64(2): 14662, np.int64(3): 10923, np.int64(4): 8512}
  - 标签的前5个类别: {np.int64(0): 281232, np.int64(1): 36731, np.int64(2): 14789, np.int64(3): 10866, np.int64(4): 8585}
✅ 验证完成，耗时: 4.7秒 (0.1分钟)
训练损失: 0.0276
验证损失: 0.3673
验证准确率: 0.9643 (10572/10964) - 与Levenshtein高度相关
验证F1(加权): 0.9636 - 类别平衡更好
学习率: 0.000089
显存使用: 0.47GB (预留: 0.69GB)

生成的训练样本:
--------------------------------------------------------------------------------
输入:       WNSBW MN TMN DHB> >RB<M>> W<SRJN KKRJN
目标:     0 1 0 0 3 0 0 0 0 0 0 0 0 0 0 0 4 0 0 0 0 0 5 0 0 2 0 1 0 0 0 0 2 0 0 0 2 0 0
预测:     0 1 0 0 3 0 0 0 0 0 0 0 0 0 0 0 4 0 0 0 0 0 5 0 0 2 0 1 0 0 0 0 2 0 0 0 2 0 0
准确率:    1.0000 (39/39)
----------------------------------------
输入:       DLM> NHW> KM>N> QDMJK L> TWZP LMN
目标:     0 0 0 0 0 0 6 0 10 3 0 0 0 0 4 0 0 0 0 2 1 0 0 0 0 0 63 0 0 3 0 1 0 12
预测:     0 0 0 0 0 0 6 0 10 3 0 0 0 0 4 0 0 0 0 2 1 0 0 0 0 0 63 0 0 3 0 1 0 12
准确率:    1.0000 (34/34)
----------------------------------------
输入:       CJLWMJT> W>RMJW LH <L >TN> W>MRT LVLJ>
目标:     0 0 0 0 0 0 2 9 0 0 1 17 0 0 3 0 0 1 12 0 0 0 0 0 0 4 0 0 1 0 0 3 26 0 1 0 57 4 0
预测:     0 0 0 0 0 0 2 9 0 0 1 17 0 0 3 0 0 1 12 0 0 0 0 0 0 4 0 0 1 0 0 3 26 0 1 0 57 4 0
准确率:    1.0000 (39/39)
----------------------------------------

生成的验证样本:
--------------------------------------------------------------------------------
输入:       YBJNH D>LH> LMSV> MN KL DBJC WKLJ
目标:     0 0 0 0 5 0 0 1 0 0 4 0 0 1 6 0 10 7 0 0 0 0 0 2 0 1 0 0 2 0 36 0 0 3
预测:     0 0 0 0 5 0 0 1 0 0 4 0 0 1 6 0 10 7 0 0 0 0 0 2 0 1 0 0 2 0 36 0 0 3
准确率:    1.0000 (34/34)
----------------------------------------
输入:       D>LH> LMSV> MN KL DBJC WKLJ XJLK
目标:     0 1 0 0 4 0 0 1 6 0 10 7 0 0 0 0 0 2 0 1 0 0 2 0 36 0 0 3 0 0 0 5 0
预测:     0 1 0 0 4 0 0 1 6 0 10 7 0 0 0 0 0 2 0 1 0 0 2 0 1 0 0 3 0 0 0 5 0
准确率:    0.9697 (32/33)
----------------------------------------
⏳ 验证无提升 (验证准确率: 0.9643 ≤ 0.9644)，patience: 6/50

======================================================================
🚀 Epoch 45/200
======================================================================
📚 开始训练阶段...
训练进度: 500/3164 损失=0.0205
训练进度: 1000/3164 损失=0.0502
训练进度: 1500/3164 损失=0.0845
训练进度: 2000/3164 损失=0.0140
训练进度: 2500/3164 损失=0.0161
训练进度: 3000/3164 损失=0.0071
训练进度: 3164/3164 损失=0.0278
✅ 训练完成，耗时: 58.4秒 (1.0分钟)

============================================================
📊 验证决策: Epoch 45/200
   验证间隔: 1
   是否验证: ✅ 是
   原因: 达到验证间隔 (0 == 0)
============================================================

🔍 开始验证...
验证进度: 500/686 损失=0.3749
验证进度: 686/686 损失=0.3090

📊 预测分布分析:
  - 预测的前5个类别: {np.int64(0): 281812, np.int64(1): 37241, np.int64(2): 14677, np.int64(3): 10987, np.int64(4): 8868}
  - 标签的前5个类别: {np.int64(0): 281232, np.int64(1): 36731, np.int64(2): 14789, np.int64(3): 10866, np.int64(4): 8585}
✅ 验证完成，耗时: 4.7秒 (0.1分钟)
训练损失: 0.0266
验证损失: 0.3678
验证准确率: 0.9642 (10571/10964) - 与Levenshtein高度相关
验证F1(加权): 0.9635 - 类别平衡更好
学习率: 0.000088
显存使用: 0.47GB (预留: 0.69GB)

生成的训练样本:
--------------------------------------------------------------------------------
输入:       BKWLH LBK JQR BRJK WMCMCNWHJ L> TCBWQ
目标:     0 1 8 0 5 0 0 0 5 0 6 0 0 16 0 0 0 74 0 0 1 0 0 0 0 25 1 0 0 0 0 0 0 6 0 8 0 3
预测:     0 1 8 0 5 0 0 0 5 0 6 0 0 16 0 0 0 74 0 0 1 0 0 0 0 25 1 0 0 0 0 0 0 6 0 8 0 3
准确率:    1.0000 (38/38)
----------------------------------------
输入:       L> YB> L> N<BDJWHJ WHW NZK> NPCH
目标:     0 0 0 0 0 10 7 0 0 0 0 6 0 0 48 35 0 0 0 0 1 0 0 0 6 0 10 16 0 0 0 5 0
预测:     0 0 0 0 0 10 7 0 0 0 0 6 0 0 48 35 0 0 0 0 1 0 0 0 6 0 10 16 0 0 0 5 0
准确率:    1.0000 (33/33)
----------------------------------------
输入:       TXJT BVMT> D>JT B<WPR> QRJTH DJW>C >BWHJ
目标:     0 0 8 0 0 0 0 0 13 9 0 0 1 0 0 24 0 1 0 0 0 0 2 0 0 0 22 1 0 0 1 0 0 0 2 0 0 8 5 0 0
预测:     0 0 8 0 0 0 0 0 13 9 0 0 1 0 0 24 0 1 0 0 0 0 2 0 0 0 22 1 0 0 1 0 0 0 2 0 0 8 5 0 0
准确率:    1.0000 (41/41)
----------------------------------------

生成的验证样本:
--------------------------------------------------------------------------------
输入:       YBJNH D>LH> LMSV> MN KL DBJC WKLJ
目标:     0 0 0 0 5 0 0 1 0 0 4 0 0 1 6 0 10 7 0 0 0 0 0 2 0 1 0 0 2 0 36 0 0 3
预测:     0 0 0 0 5 0 0 1 0 0 4 0 0 1 6 0 10 7 0 0 0 0 0 2 0 1 0 0 2 0 1 0 0 3
准确率:    0.9706 (33/34)
----------------------------------------
输入:       D>LH> LMSV> MN KL DBJC WKLJ XJLK
目标:     0 1 0 0 4 0 0 1 6 0 10 7 0 0 0 0 0 2 0 1 0 0 2 0 36 0 0 3 0 0 0 5 0
预测:     0 1 0 0 4 0 0 1 6 0 10 7 0 0 0 0 0 2 0 1 0 0 2 0 1 0 0 3 0 0 0 5 0
准确率:    0.9697 (32/33)
----------------------------------------
⏳ 验证无提升 (验证准确率: 0.9642 ≤ 0.9644)，patience: 7/50

======================================================================
🚀 Epoch 46/200
======================================================================
📚 开始训练阶段...
训练进度: 500/3164 损失=0.0048
训练进度: 1000/3164 损失=0.0200
训练进度: 1500/3164 损失=0.0383
训练进度: 2000/3164 损失=0.0176
训练进度: 2500/3164 损失=0.0461
训�训练进度: 3000/3164 损失=0.0252
训练进度: 3164/3164 损失=0.0306
✅ 训练完成，耗时: 681.8秒 (11.4分钟)

============================================================
📊 验证决策: Epoch 44/200
   验证间隔: 1
   是否验证: ✅ 是
   原因: 达到验证间隔 (0 == 0)
============================================================

🔍 开始验证...
验证进度: 500/686 损失=0.1608
验证进度: 686/686 损失=1.5184

📊 预测分布分析:
  - 预测的前5个类别: {np.int64(0): 282060, np.int64(1): 37045, np.int64(2): 14736, np.int64(3): 11116, np.int64(4): 8652}
  - 标签的前5个类别: {np.int64(0): 281232, np.int64(1): 36731, np.int64(2): 14789, np.int64(3): 10866, np.int64(4): 8585}
✅ 验证完成，耗时: 78.6秒 (1.3分钟)
训练损失: 0.0282
验证损失: 0.3646
验证准确率: 0.9647 (10576/10964) - 与Levenshtein高度相关
验证F1(加权): 0.9638 - 类别平衡更好
学习率: 0.000089
显存使用: 0.47GB (预留: 0.69GB)

生成的训练样本:
--------------------------------------------------------------------------------
输入:       HNWN LJT HW> MLK> BJT >JSRJL WKL
目标:     0 0 0 0 12 0 58 0 24 0 0 10 3 0 0 0 4 0 0 0 0 2 0 0 0 0 0 0 2 0 1 0 2
预测:     0 0 0 0 12 0 58 0 24 0 0 10 3 0 0 0 4 0 0 0 0 2 0 0 0 0 0 0 2 0 1 0 2
准确率:    1.0000 (33/33)
----------------------------------------
输入:       LCJWL WCKB DWJD <M >BHWHJ W>TQBR BQRJT>
目标:     0 1 0 0 0 2 0 1 0 0 3 0 0 0 0 2 0 0 0 0 0 8 25 1 0 0 0 1 0 14 0 0 3 0 1 0 0 22 9 0
预测:     0 1 0 0 0 2 0 1 0 0 3 0 0 0 0 2 0 0 0 0 0 8 25 1 0 0 0 1 0 14 0 0 3 0 1 0 0 22 9 0
准确率:    1.0000 (40/40)
----------------------------------------
输入:       <JNJK LMRWM> <L QDJC> D>JSRJL WB>JD> D>JZGDJK
目标:     0 0 0 2 1 0 0 1 0 0 0 4 0 0 0 0 0 0 0 0 4 0 0 1 0 0 0 0 0 2 0 1 35 0 0 4 0 0 1 0 0 0 0 2 1 0
预测:     0 0 0 2 1 0 0 1 0 0 0 4 0 0 0 0 0 0 0 0 4 0 0 1 0 0 0 0 0 2 0 1 35 0 0 4 0 0 1 0 0 0 0 2 1 0
准确率:    1.0000 (46/46)
----------------------------------------

生成的验证样本:
--------------------------------------------------------------------------------
输入:       KLH NPCHWN B>R<> DB<LDBBJHWN DCBW >NWN WNYLWN
目标:     0 0 5 12 0 0 0 5 0 0 0 0 1 0 0 4 0 0 1 0 0 0 0 0 2 1 0 0 0 0 1 0 18 0 0 0 0 0 0 0 1 6 0 18 0 19
预测:     0 0 5 12 0 0 0 5 0 0 0 0 1 0 0 4 0 0 1 0 0 0 0 0 2 1 0 0 0 0 1 0 18 0 0 0 0 0 0 0 1 6 0 18 0 19
准确率:    1.0000 (46/46)
----------------------------------------
输入:       NPCHWN B>R<> DB<LDBBJHWN DCBW >NWN WNYLWN QDMJK
目标:     0 0 0 5 0 0 0 0 1 0 0 4 0 0 1 0 0 0 0 0 2 1 0 0 0 0 1 0 18 0 0 0 0 0 0 0 1 6 0 18 0 19 0 0 0 2 1 0
预测:     0 0 0 5 0 0 0 0 1 0 0 4 0 0 1 0 0 0 0 0 2 1 0 0 0 0 1 0 18 0 0 0 0 0 0 0 1 6 0 18 0 19 0 0 0 2 1 0
准确率:    1.0000 (48/48)
----------------------------------------
⏳ 验证无提升 (验证准确率: 0.9647 ≤ 0.9647)，patience: 2/50

======================================================================
🚀 Epoch 45/200
======================================================================
📚 开始训练阶段...
训练进度: 500/3164 损失=0.0331
训练进度: 1000/3164 损失=0.0196
训练进度: 1500/3164 损失=0.0178
训练进度: 2000/3164 损失=0.0023
训练进度: 2500/3164 损失=0.0280
训练进度: 3000/3164 损失=0.0073
训练进度: 3164/3164 损失=0.0228
✅ 训练完成，耗时: 675.9秒 (11.3分钟)

============================================================
📊 验证决策: Epoch 45/200
   验证间隔: 1
   是否验证: ✅ 是
   原因: 达到验证间隔 (0 == 0)
============================================================

🔍 开始验证...
验证进度: 500/686 损失=0.1658
验证进度: 686/686 损失=1.6041

📊 预测分布分析:
  - 预测的前5个类别: {np.int64(0): 282268, np.int64(1): 37088, np.int64(2): 14750, np.int64(3): 10648, np.int64(4): 8792}
  - 标签的前5个类别: {np.int64(0): 281232, np.int64(1): 36731, np.int64(2): 14789, np.int64(3): 10866, np.int64(4): 8585}
✅ 验证完成，耗时: 78.6秒 (1.3分钟)
训练损失: 0.0270
验证损失: 0.3659
验证准确率: 0.9642 (10571/10964) - 与Levenshtein高度相关
验证F1(加权): 0.9635 - 类别平衡更好
学习率: 0.000088
显存使用: 0.47GB (预留: 0.69GB)

生成的训练样本:
--------------------------------------------------------------------------------
输入:       NC> HW ZR<N WXYDN WBNJN W<BDN KLHJN
目标:     0 0 11 0 0 0 0 0 0 0 49 0 0 1 0 0 7 0 0 1 0 0 7 0 0 1 0 0 7 0 0 0 5 0 0 0
预测:     0 0 11 0 0 0 0 0 0 0 49 0 0 1 0 0 7 0 0 1 0 0 7 0 0 1 0 0 7 0 0 0 5 0 0 0
准确率:    1.0000 (36/36)
----------------------------------------
输入:       L> YB> L> N<BDJWHJ WHW NZK> NPCH
目标:     0 0 0 0 0 10 7 0 0 0 0 6 0 0 48 35 0 0 0 0 1 0 0 0 6 0 10 16 0 0 0 5 0
预测:     0 0 0 0 0 10 7 0 0 0 0 6 0 0 48 35 0 0 0 0 1 0 0 0 6 0 10 16 0 0 0 5 0
准确率:    1.0000 (33/33)
----------------------------------------
输入:       <YB> WLMYWT> >JT TR<WT> LMGL> DJN R>Z>
目标:     0 0 0 4 0 0 1 1 0 0 2 9 0 0 0 0 24 0 0 0 0 2 9 0 0 1 6 0 10 7 0 0 0 0 0 0 0 4 0
预测:     0 0 0 4 0 0 1 1 0 0 2 9 0 0 0 0 24 0 0 0 0 2 9 0 0 1 6 0 10 7 0 0 0 0 0 0 0 4 0
准确率:    1.0000 (39/39)
----------------------------------------

生成的验证样本:
--------------------------------------------------------------------------------
输入:       KLH NPCHWN B>R<> DB<LDBBJHWN DCBW >NWN WNYLWN
目标:     0 0 5 12 0 0 0 5 0 0 0 0 1 0 0 4 0 0 1 0 0 0 0 0 2 1 0 0 0 0 1 0 18 0 0 0 0 0 0 0 1 6 0 18 0 19
预测:     0 0 5 12 0 0 0 5 0 0 0 0 1 0 0 4 0 0 1 0 0 0 0 0 2 1 0 0 0 0 1 0 18 0 0 0 0 0 0 0 1 6 0 18 0 19
准确率:    1.0000 (46/46)
----------------------------------------
输入:       NPCHWN B>R<> DB<LDBBJHWN DCBW >NWN WNYLWN QDMJK
目标:     0 0 0 5 0 0 0 0 1 0 0 4 0 0 1 0 0 0 0 0 2 1 0 0 0 0 1 0 18 0 0 0 0 0 0 0 1 6 0 18 0 19 0 0 0 2 1 0
预测:     0 0 0 5 0 0 0 0 1 0 0 4 0 0 1 0 0 0 0 0 2 1 0 0 0 0 1 0 18 0 0 0 0 0 0 0 1 6 0 18 0 19 0 0 0 2 1 0
准确率:    1.0000 (48/48)
----------------------------------------
⏳ 验证无提升 (验证准确率: 0.9642 ≤ 0.9647)，patience: 3/50

======================================================================
🚀 Epoch 46/200
======================================================================
📚 开始训练阶段...
训练进度: 500/3164 损失=0.0349
训练进度: 1000/3164 损失=0.0265
训练进度: 1500/3164 损失=0.0206
训练进度: 2000/3164 损失=0.0436
训练进度: 2500/3164 损失=0.0152
训练进度: 3000/3164 损失=0.0173
训练进度: 3164/3164 损失=0.0215
✅ 训练完成，耗时: 676.7秒 (11.3分钟)

============================================================
📊 验证决策: Epoch 46/200
   验证间隔: 1
   是否验证: ✅ 是
   原因: 达到验证间隔 (0 == 0)
============================================================

🔍 开始验证...
验证进度: 500/686 损失=0.2926
验证进度: 686/686 损失=1.5329

📊 预测分布分析:
  - 预测的前5个类别: {np.int64(0): 282611, np.int64(1): 37139, np.int64(2): 14630, np.int64(3): 10697, np.int64(4): 8577}
  - 标签的前5个类别: {np.int64(0): 281232, np.int64(1): 36731, np.int64(2): 14789, np.int64(3): 10866, np.int64(4): 8585}
✅ 验证完成，耗时: 79.0秒 (1.3分钟)
训练损失: 0.0264
验证损失: 0.3738
验证准确率: 0.9642 (10571/10964) - 与Levenshtein高度相关
验证F1(加权): 0.9636 - 类别平衡更好
学习率: 0.000088
显存使用: 0.48GB (预留: 0.69GB)

生成的训练样本:
--------------------------------------------------------------------------------
输入:       MRJ> >LHN B>JDN >P L<WG MLK> DMTNJN
目标:     0 0 0 0 2 0 0 0 5 0 0 35 0 0 5 0 0 0 0 0 1 0 0 2 0 0 0 4 0 0 1 0 0 0 0 2
预测:     0 0 0 0 2 0 0 0 5 0 0 35 0 0 5 0 0 0 0 0 1 0 0 2 0 0 0 4 0 0 1 0 0 0 0 2
准确率:    1.0000 (36/36)
----------------------------------------
输入:       XD TLTJN KWRJN SMJD> WCTJN KWRJN QMX>
目标:     0 0 2 0 0 0 0 0 2 0 0 0 22 0 0 0 0 0 0 4 0 0 1 0 0 0 2 0 0 0 22 0 0 0 0 0 4 0
预测:     0 0 2 0 0 0 0 0 2 0 0 0 22 0 0 0 0 0 0 4 0 0 1 0 0 0 2 0 0 0 22 0 0 0 0 0 4 0
准确率:    1.0000 (38/38)
----------------------------------------
输入:       >JK NMWS> D<MM> D>WBD MRJ> MN QDM
目标:     0 0 0 0 0 0 0 0 4 0 0 1 0 8 30 0 0 1 59 0 0 3 0 0 0 0 2 0 0 0 0 0 0 2
预测:     0 0 0 0 0 0 0 0 4 0 0 1 0 8 30 0 0 1 59 0 0 3 0 0 0 0 2 0 0 0 0 0 0 2
准确率:    1.0000 (34/34)
----------------------------------------

生成的验证样本:
--------------------------------------------------------------------------------
输入:       KLH NPCHWN B>R<> DB<LDBBJHWN DCBW >NWN WNYLWN
目标:     0 0 5 12 0 0 0 5 0 0 0 0 1 0 0 4 0 0 1 0 0 0 0 0 2 1 0 0 0 0 1 0 18 0 0 0 0 0 0 0 1 6 0 18 0 19
预测:     0 0 5 12 0 0 0 5 0 0 0 0 1 0 0 4 0 0 1 0 0 0 0 0 2 1 0 0 0 0 1 0 18 0 0 0 0 0 0 0 1 6 0 18 0 19
准确率:    1.0000 (46/46)
----------------------------------------
输入:       NPCHWN B>R<> DB<LDBBJHWN DCBW >NWN WNYLWN QDMJK
目标:     0 0 0 5 0 0 0 0 1 0 0 4 0 0 1 0 0 0 0 0 2 1 0 0 0 0 1 0 18 0 0 0 0 0 0 0 1 6 0 18 0 19 0 0 0 2 1 0
预测:     0 0 0 5 0 0 0 0 1 0 0 4 0 0 1 0 0 0 0 0 2 1 0 0 0 0 1 0 3 0 0 0 0 0 0 0 1 6 0 18 0 19 0 0 0 2 1 0
准确率:    0.9792 (47/48)
----------------------------------------
⏳ 验证无提升 (验证准确率: 0.9642 ≤ 0.9647)，patience: 4/50

======================================================================
🚀 Epoch 47/200
======================================================================
📚 开始训练阶段...
训练进度: 500/3164 损失=0.0286
训练进度: 1000/3164 损失=0.0380
训练进度: 1500/3164 损失=0.0447
训练进度: 2000/3164 损失=0.0229
训练进度: 2500/3164 损失=0.0142
训练进度: 3000/3164 损失=0.0377
训练进度: 3164/3164 损失=0.0143
✅ 训练完成，耗时: 678.1秒 (11.3分钟)

============================================================
📊 验证决策: Epoch 47/200
   验证间隔: 1
   是否验证: ✅ 是
   原因: 达到验证间隔 (0 == 0)
============================================================

🔍 开始验证...
验证进度: 500/686 损失=0.2419
验证进度: 686/686 损失=1.5902

📊 预测分布分析:
  - 预测的前5个类别: {np.int64(0): 281829, np.int64(1): 37137, np.int64(2): 14754, np.int64(3): 10950, np.int64(4): 8521}
  - 标签的前5个类别: {np.int64(0): 281232, np.int64(1): 36731, np.int64(2): 14789, np.int64(3): 10866, np.int64(4): 8585}
✅ 验证完成，耗时: 78.8秒 (1.3分钟)
训练损失: 0.0265
验证损失: 0.3725
验证准确率: 0.9638 (10567/10964) - 与Levenshtein高度相关
验证F1(加权): 0.9632 - 类别平衡更好
学习率: 0.000087
显存使用: 0.48GB (预留: 0.69GB)

生成的训练样本:
--------------------------------------------------------------------------------
输入:       DCLJMWN L> CM<TJ D>MLK >DWNJ> WMRN DWJD
目标:     0 1 0 0 0 0 0 2 0 0 0 0 0 0 3 0 0 0 1 17 0 0 33 0 0 0 0 0 0 2 0 1 0 56 0 0 0 0 0 2
预测:     0 1 0 0 0 0 0 2 0 0 0 0 0 0 3 0 0 0 1 17 0 0 33 0 0 0 0 0 0 2 0 1 0 56 0 0 0 0 0 2
准确率:    1.0000 (40/40)
----------------------------------------
输入:       MKTR> LWTHWN >XRJN HW GJR NJX> DHW>
目标:     0 6 0 0 7 19 0 0 0 1 0 0 0 0 0 0 0 0 2 0 0 0 0 0 0 0 0 0 0 4 0 0 1 0 10 7
预测:     0 6 0 0 7 19 0 0 0 1 0 0 0 0 0 0 0 0 2 0 0 0 0 0 0 0 0 0 0 4 0 0 1 0 10 7
准确率:    1.0000 (36/36)
----------------------------------------
输入:       WGBR> RXCW W>STRHBW WPLVWHJ MNH W>MRW >XWK
目标:     0 1 0 0 11 0 0 0 0 3 0 0 1 47 79 17 0 0 3 0 0 1 0 0 3 1 0 0 0 0 1 0 0 1 0 0 3 0 0 0 8 5 0
预测:     0 1 0 0 11 0 0 0 0 3 0 0 1 47 79 17 0 0 3 0 0 1 0 0 3 1 0 0 0 0 1 0 0 1 0 0 3 0 0 0 8 5 0
准确率:    1.0000 (43/43)
----------------------------------------

生成的验证样本:
--------------------------------------------------------------------------------
输入:       KLH NPCHWN B>R<> DB<LDBBJHWN DCBW >NWN WNYLWN
目标:     0 0 5 12 0 0 0 5 0 0 0 0 1 0 0 4 0 0 1 0 0 0 0 0 2 1 0 0 0 0 1 0 18 0 0 0 0 0 0 0 1 6 0 18 0 19
预测:     0 0 5 12 0 0 0 5 0 0 0 0 1 0 0 4 0 0 1 0 0 0 0 0 2 1 0 0 0 0 1 0 3 0 0 0 0 0 0 0 1 6 0 18 0 19
准确率:    0.9783 (45/46)
----------------------------------------
输入:       NPCHWN B>R<> DB<LDBBJHWN DCBW >NWN WNYLWN QDMJK
目标:     0 0 0 5 0 0 0 0 1 0 0 4 0 0 1 0 0 0 0 0 2 1 0 0 0 0 1 0 18 0 0 0 0 0 0 0 1 6 0 18 0 19 0 0 0 2 1 0
预测:     0 0 0 5 0 0 0 0 1 0 0 4 0 0 1 0 0 0 0 0 2 1 0 0 0 0 1 0 18 0 0 0 0 0 0 0 1 6 0 18 0 19 0 0 0 2 1 0
准确率:    1.0000 (48/48)
----------------------------------------
⏳ 验证无提升 (验证准确率: 0.9638 ≤ 0.9647)，patience: 5/50

======================================================================
🚀 Epoch 48/200
======================================================================
📚 开始训练阶段...
训练进度: 500/3164 损失=0.0265
训练进度: 1000/3164 损失=0.0266
训练进度: 1500/3164 损失=0.0287
训练进度: 2000/3164 损失=0.0413
训练进度: 2500/3164 损失=0.0102
训练进度: 3000/3164 损失=0.0140
训练进度: 3164/3164 损失=0.0539
✅ 训练完成，耗时: 676.4秒 (11.3分钟)

============================================================
📊 验证决策: Epoch 48/200
   验证间隔: 1
   是否验证: ✅ 是
   原因: 达到验证间隔 (0 == 0)
============================================================

🔍 开始验证...
验证进度: 500/686 损失=0.1717
验证进度: 686/686 损失=1.5204

📊 预测分布分析:
  - 预测的前5个类别: {np.int64(0): 282190, np.int64(1): 37153, np.int64(2): 14629, np.int64(3): 10856, np.int64(4): 8521}
  - 标签的前5个类别: {np.int64(0): 281232, np.int64(1): 36731, np.int64(2): 14789, np.int64(3): 10866, np.int64(4): 8585}
✅ 验证完成，耗时: 79.1秒 (1.3分钟)
训练损失: 0.0255
验证损失: 0.3722
验证准确率: 0.9642 (10571/10964) - 与Levenshtein高度相关
验证F1(加权): 0.9635 - 类别平衡更好
学习率: 0.000087
显存使用: 0.48GB (预留: 0.69GB)

生成的训练样本:
--------------------------------------------------------------------------------
输入:       WNQVLJWHJ KD L> XJB DJN> DMWT> L>
目标:     0 1 6 0 0 48 35 0 0 0 0 0 0 0 0 0 0 20 0 3 0 0 0 15 0 0 1 0 0 15 0 0 0 0
预测:     0 1 6 0 0 48 35 0 0 0 0 0 0 0 0 0 0 20 0 3 0 0 0 15 0 0 1 0 0 15 0 0 0 0
准确率:    1.0000 (34/34)
----------------------------------------
输入:       >DXL MN BJCT> MVL D>NT <MJ CBVK
目标:     0 6 0 0 3 0 0 0 0 0 0 13 9 0 0 0 0 0 0 1 0 0 0 0 0 1 0 0 0 0 5 0
预测:     0 6 0 0 3 0 0 0 0 0 0 13 9 0 0 0 0 0 0 1 0 0 0 0 0 1 0 0 0 0 5 0
准确率:    1.0000 (32/32)
----------------------------------------
输入:       DL> NCBJNN WL> >R<> DL> CQL> >N>
目标:     0 1 0 0 0 0 0 7 87 0 0 0 1 0 0 0 0 0 4 0 0 1 0 0 0 0 0 7 0 0 0 0 0
预测:     0 1 0 0 0 0 0 7 87 0 0 0 1 0 0 0 0 0 4 0 0 1 0 0 0 0 0 7 0 0 0 0 0
准确率:    1.0000 (33/33)
----------------------------------------

生成的验证样本:
--------------------------------------------------------------------------------
输入:       KLH NPCHWN B>R<> DB<LDBBJHWN DCBW >NWN WNYLWN
目标:     0 0 5 12 0 0 0 5 0 0 0 0 1 0 0 4 0 0 1 0 0 0 0 0 2 1 0 0 0 0 1 0 18 0 0 0 0 0 0 0 1 6 0 18 0 19
预测:     0 0 5 12 0 0 0 5 0 0 0 0 1 0 0 4 0 0 1 0 0 0 0 0 2 1 0 0 0 0 1 0 18 0 0 0 0 0 0 0 1 6 0 18 0 19
准确率:    1.0000 (46/46)
----------------------------------------
输入:       NPCHWN B>R<> DB<LDBBJHWN DCBW >NWN WNYLWN QDMJK
目标:     0 0 0 5 0 0 0 0 1 0 0 4 0 0 1 0 0 0 0 0 2 1 0 0 0 0 1 0 18 0 0 0 0 0 0 0 1 6 0 18 0 19 0 0 0 2 1 0
预测:     0 0 0 5 0 0 0 0 1 0 0 4 0 0 1 0 0 0 0 0 2 1 0 0 0 0 1 0 18 0 0 0 0 0 0 0 1 6 0 18 0 19 0 0 0 2 1 0
准确率:    1.0000 (48/48)
----------------------------------------
⏳ 验证无提升 (验证准确率: 0.9642 ≤ 0.9647)，patience: 6/50

======================================================================
🚀 Epoch 49/200
======================================================================
📚 开始训练阶段...
训练进度: 500/3164 损失=0.0179
训练进度: 1000/3164 损失=0.0082
训练进度: 1500/3164 损失=0.0151
训练进度: 2000/3164 损失=0.0248
训练进度: 2500/3164 损失=0.0130
训练进度: 3000/3164 损失=0.0185
训练进度: 3164/3164 损失=0.0207
✅ 训练完成，耗时: 677.1秒 (11.3分钟)

============================================================
📊 验证决策: Epoch 49/200
   验证间隔: 1
   是否验证: ✅ 是
   原因: 达到验证间隔 (0 == 0)
============================================================

🔍 开始验证...
验证进度: 500/686 损失=0.3451
验证进度: 686/686 损失=1.6088

📊 预测分布分析:
  - 预测的前5个类别: {np.int64(0): 282201, np.int64(1): 37097, np.int64(2): 14681, np.int64(3): 10617, np.int64(4): 8939}
  - 标签的前5个类别: {np.int64(0): 281232, np.int64(1): 36731, np.int64(2): 14789, np.int64(3): 10866, np.int64(4): 8585}
✅ 验证完成，耗时: 78.7秒 (1.3分钟)
训练损失: 0.0254
验证损失: 0.3807
验证准确率: 0.9640 (10569/10964) - 与Levenshtein高度相关
验证F1(加权): 0.9633 - 类别平衡更好
学习率: 0.000086
显存使用: 0.48GB (预留: 0.69GB)

生成的训练样本:
--------------------------------------------------------------------------------
输入:       >JT LK WMN >JD> DXLT> TTPLV DL>
目标:     0 0 0 24 0 1 0 0 1 0 0 0 0 0 0 0 0 0 0 13 9 0 0 21 14 0 0 3 0 1 0 0
预测:     0 0 0 24 0 1 0 0 1 0 0 0 0 0 0 0 0 0 0 13 9 0 0 21 14 0 0 3 0 1 0 0
准确率:    1.0000 (32/32)
----------------------------------------
输入:       DMPQD >N> LKWN JWMN> DNV>B LKWN WLBNJKWN
目标:     0 1 6 0 0 41 0 0 0 0 0 1 0 0 0 0 0 0 0 4 0 0 1 6 0 0 3 0 1 0 0 0 0 1 1 0 2 1 0 0 0
预测:     0 1 6 0 0 41 0 0 0 0 0 1 0 0 0 0 0 0 0 4 0 0 1 6 0 0 3 0 1 0 0 0 0 1 1 0 2 1 0 0 0
准确率:    1.0000 (41/41)
----------------------------------------
输入:       VJBWTH WL> NRM> MLWHJ <L >R<> WL>
目标:     0 0 0 0 2 1 0 0 1 0 0 0 6 0 10 3 0 0 96 1 0 0 0 0 0 0 0 0 4 0 0 1 0 0
预测:     0 0 0 0 2 1 0 0 1 0 0 0 6 0 10 3 0 0 96 1 0 0 0 0 0 0 0 0 4 0 0 1 0 0
准确率:    1.0000 (34/34)
----------------------------------------

生成的验证样本:
--------------------------------------------------------------------------------
输入:       KLH NPCHWN B>R<> DB<LDBBJHWN DCBW >NWN WNYLWN
目标:     0 0 5 12 0 0 0 5 0 0 0 0 1 0 0 4 0 0 1 0 0 0 0 0 2 1 0 0 0 0 1 0 18 0 0 0 0 0 0 0 1 6 0 18 0 19
预测:     0 0 5 12 0 0 0 5 0 0 0 0 1 0 0 4 0 0 1 0 0 0 0 0 2 1 0 0 0 0 1 0 18 0 0 0 0 0 0 0 1 6 0 18 0 19
准确率:    1.0000 (46/46)
----------------------------------------
输入:       NPCHWN B>R<> DB<LDBBJHWN DCBW >NWN WNYLWN QDMJK
目标:     0 0 0 5 0 0 0 0 1 0 0 4 0 0 1 0 0 0 0 0 2 1 0 0 0 0 1 0 18 0 0 0 0 0 0 0 1 6 0 18 0 19 0 0 0 2 1 0
预测:     0 0 0 5 0 0 0 0 1 0 0 4 0 0 1 0 0 0 0 0 2 1 0 0 0 0 1 0 18 0 0 0 0 0 0 0 1 6 0 18 0 19 0 0 0 2 1 0
准确率:    1.0000 (48/48)
----------------------------------------
⏳ 验证无提升 (验证准确率: 0.9640 ≤ 0.9647)，patience: 7/50

======================================================================
🚀 Epoch 50/200
======================================================================
📚 开始训练阶段...
训练进度: 500/3164 损失=0.0160
训练进度: 1000/3164 损失=0.0316
训练进度: 1500/3164 损失=0.0546
训练进度: 2000/3164 损失=0.0169
训练进度: 2500/3164 损失=0.0240
训练进度: 3000/3164 损失=0.0480
训练进度: 3164/3164 损失=0.0233
✅ 训练完成，耗时: 678.6秒 (11.3分钟)

============================================================
📊 验证决策: Epoch 50/200
   验证间隔: 1
   是否验证: ✅ 是
   原因: 达到验证间隔 (0 == 0)
============================================================

🔍 开始验证...
验证进度: 500/686 损失=0.2598
验证进度: 686/686 损失=1.6252

📊 预测分布分析:
  - 预测的前5个类别: {np.int64(0): 282079, np.int64(1): 36959, np.int64(2): 14667, np.int64(3): 10791, np.int64(4): 8809}
  - 标签的前5个类别: {np.int64(0): 281232, np.int64(1): 36731, np.int64(2): 14789, np.int64(3): 10866, np.int64(4): 8585}
✅ 验证完成，耗时: 78.9秒 (1.3分钟)
训练损失: 0.0247
验证损失: 0.3806
验证准确率: 0.9644 (10573/10964) - 与Levenshtein高度相关
验证F1(加权): 0.9638 - 类别平衡更好
学习率: 0.000086
显存使用: 0.48GB (预留: 0.69GB)

生成的训练样本:
--------------------------------------------------------------------------------
输入:       LH >LJ> L> DLXT L>JSRJL >L> >NT
目标:     0 1 0 0 0 0 0 2 0 0 0 0 0 0 3 0 0 1 0 0 0 0 0 2 0 0 0 0 0 0 0 0
预测:     0 1 0 0 0 0 0 2 0 0 0 0 0 0 3 0 0 1 0 0 0 0 0 2 0 0 0 0 0 0 0 0
准确率:    1.0000 (32/32)
----------------------------------------
输入:       TMR WKM>N> D>JSR>JL MDJQ HW> MN DWKTH
目标:     0 0 0 2 0 1 0 0 0 4 0 0 1 0 0 0 8 0 0 2 0 28 20 0 7 0 0 10 3 0 0 0 0 0 0 2 1 0
预测:     0 0 0 2 0 1 0 0 0 4 0 0 1 0 0 0 8 0 0 2 0 28 20 0 7 0 0 10 3 0 0 0 0 0 0 2 1 0
准确率:    1.0000 (38/38)
----------------------------------------
输入:       LQRJT> DBJT B<L> W>PQW QJMT> DBJT B<L>
目标:     0 1 0 0 22 9 0 0 1 0 0 2 0 0 0 4 0 0 1 72 0 3 0 0 0 0 13 9 0 0 1 0 0 2 0 0 0 4 0
预测:     0 1 0 0 22 9 0 0 1 0 0 2 0 0 0 4 0 0 1 72 0 3 0 0 0 0 13 9 0 0 1 0 0 2 0 0 0 4 0
准确率:    1.0000 (39/39)
----------------------------------------

生成的验证样本:
--------------------------------------------------------------------------------
输入:       KLH NPCHWN B>R<> DB<LDBBJHWN DCBW >NWN WNYLWN
目标:     0 0 5 12 0 0 0 5 0 0 0 0 1 0 0 4 0 0 1 0 0 0 0 0 2 1 0 0 0 0 1 0 18 0 0 0 0 0 0 0 1 6 0 18 0 19
预测:     0 0 5 12 0 0 0 5 0 0 0 0 1 0 0 4 0 0 1 0 0 0 0 0 2 1 0 0 0 0 1 0 18 0 0 0 0 0 0 0 1 6 0 18 0 19
准确率:    1.0000 (46/46)
----------------------------------------
输入:       NPCHWN B>R<> DB<LDBBJHWN DCBW >NWN WNYLWN QDMJK
目标:     0 0 0 5 0 0 0 0 1 0 0 4 0 0 1 0 0 0 0 0 2 1 0 0 0 0 1 0 18 0 0 0 0 0 0 0 1 6 0 18 0 19 0 0 0 2 1 0
预测:     0 0 0 5 0 0 0 0 1 0 0 4 0 0 1 0 0 0 0 0 2 1 0 0 0 0 1 0 18 0 0 0 0 0 0 0 1 6 0 18 0 19 0 0 0 2 1 0
准确率:    1.0000 (48/48)
----------------------------------------
⏳ 验证无提升 (验证准确率: 0.9644 ≤ 0.9647)，patience: 8/50

======================================================================
🚀 Epoch 51/200
======================================================================
📚 开始训练阶段...
训练进度: 500/3164 损失=0.0094
训练进度: 1000/3164 损失=0.0128
训练进度: 1500/3164 损失=0.0261
训练进度: 2000/3164 损失=0.0390
训练进度: 2500/3164 损失=0.0218
训练进度: 3000/3164 损失=0.0274
训练进度: 3164/3164 损失=0.0109
✅ 训练完成，耗时: 678.4秒 (11.3分钟)

============================================================
📊 验证决策: Epoch 51/200
   验证间隔: 1
   是否验证: ✅ 是
   原因: 达到验证间隔 (0 == 0)
============================================================

🔍 开始验证...
验证进度: 500/686 损失=0.3363
验证进度: 686/686 损失=1.5712

📊 预测分布分析:
  - 预测的前5个类别: {np.int64(0): 282195, np.int64(1): 37101, np.int64(2): 14779, np.int64(3): 10682, np.int64(4): 8967}
  - 标签的前5个类别: {np.int64(0): 281232, np.int64(1): 36731, np.int64(2): 14789, np.int64(3): 10866, np.int64(4): 8585}
✅ 验证完成，耗时: 79.0秒 (1.3分钟)
训练损失: 0.0242
验证损失: 0.3824
验证准确率: 0.9644 (10573/10964) - 与Levenshtein高度相关
验证F1(加权): 0.9636 - 类别平衡更好
学习率: 0.000085
显存使用: 0.48GB (预留: 0.69GB)

生成的训练样本:
--------------------------------------------------------------------------------
输入:       LK ZDJQWT> QDM MRJ> >LHK L> TVLWM
目标:     0 1 0 0 0 0 0 0 2 9 0 0 0 0 2 0 0 0 0 2 0 0 0 5 0 0 0 0 0 6 0 8 0 3
预测:     0 1 0 0 0 0 0 0 2 9 0 0 0 0 2 0 0 0 0 2 0 0 0 5 0 0 0 0 0 6 0 8 0 3
准确率:    1.0000 (34/34)
----------------------------------------
输入:       >CTJTWN MVL DTD<WN D>N> >N> MRJ> >LHKWN
目标:     8 0 0 0 3 0 0 0 0 0 0 0 0 1 52 0 3 0 0 0 1 0 0 0 0 0 0 0 0 0 0 0 2 0 0 0 5 0 0 0
预测:     8 0 0 0 3 0 0 0 0 0 0 0 0 1 52 0 3 0 0 0 1 0 0 0 0 0 0 0 0 0 0 0 2 0 0 0 5 0 0 0
准确率:    1.0000 (40/40)
----------------------------------------
输入:       LMQBRH WL> >CKXW BH >L> >N RJCH
目标:     0 1 6 0 0 74 12 0 1 0 0 8 0 0 0 3 0 0 1 12 0 0 0 0 0 0 0 0 0 0 5 12
预测:     0 1 6 0 0 74 12 0 1 0 0 8 0 0 0 3 0 0 1 12 0 0 0 0 0 0 0 0 0 0 5 12
准确率:    1.0000 (32/32)
----------------------------------------

生成的验证样本:
--------------------------------------------------------------------------------
输入:       KLH NPCHWN B>R<> DB<LDBBJHWN DCBW >NWN WNYLWN
目标:     0 0 5 12 0 0 0 5 0 0 0 0 1 0 0 4 0 0 1 0 0 0 0 0 2 1 0 0 0 0 1 0 18 0 0 0 0 0 0 0 1 6 0 18 0 19
预测:     0 0 5 12 0 0 0 5 0 0 0 0 1 0 0 4 0 0 1 0 0 0 0 0 2 1 0 0 0 0 1 0 18 0 0 0 0 0 0 0 1 6 0 18 0 19
准确率:    1.0000 (46/46)
----------------------------------------
输入:       NPCHWN B>R<> DB<LDBBJHWN DCBW >NWN WNYLWN QDMJK
目标:     0 0 0 5 0 0 0 0 1 0 0 4 0 0 1 0 0 0 0 0 2 1 0 0 0 0 1 0 18 0 0 0 0 0 0 0 1 6 0 18 0 19 0 0 0 2 1 0
预测:     0 0 0 5 0 0 0 0 1 0 0 4 0 0 1 0 0 0 0 0 2 1 0 0 0 0 1 0 18 0 0 0 0 0 0 0 1 6 0 18 0 19 0 0 0 2 1 0
准确率:    1.0000 (48/48)
----------------------------------------
⏳ 验证无提升 (验证准确率: 0.9644 ≤ 0.9647)，patience: 9/50

======================================================================
🚀 Epoch 52/200
======================================================================
📚 开始训练阶段...
训练进度: 500/3164 损失=0.0106
训练进度: 1000/3164 损失=0.0091
训练进度: 1500/3164 损失=0.0304
训练进度: 2000/3164 损失=0.0127
训练进度: 2500/3164 损失=0.0353
训练进度: 3000/3164 损失=0.0342
训练进度: 3164/3164 损失=0.0226
✅ 训练完成，耗时: 678.3秒 (11.3分钟)

============================================================
📊 验证决策: Epoch 52/200
   验证间隔: 1
   是否验证: ✅ 是
   原因: 达到验证间隔 (0 == 0)
============================================================

🔍 开始验证...
验证进度: 500/686 损失=0.2145
验证进度: 686/686 损失=1.4950

📊 预测分布分析:
  - 预测的前5个类别: {np.int64(0): 282239, np.int64(1): 37148, np.int64(2): 14791, np.int64(3): 10697, np.int64(4): 8634}
  - 标签的前5个类别: {np.int64(0): 281232, np.int64(1): 36731, np.int64(2): 14789, np.int64(3): 10866, np.int64(4): 8585}
✅ 验证完成，耗时: 78.9秒 (1.3分钟)
训练损失: 0.0238
验证损失: 0.3747
验证准确率: 0.9646 (10576/10964) - 与Levenshtein高度相关
验证F1(加权): 0.9640 - 类别平衡更好
学习率: 0.000085
显存使用: 0.48GB (预留: 0.69GB)

生成的训练样本:
--------------------------------------------------------------------------------
输入:       WSLQ MLK> D>JSRJL WJWCPV MLK> DJHWD> LRMTGL<D
目标:     0 1 0 0 3 0 0 0 4 0 0 1 0 0 0 0 0 2 0 1 0 0 0 0 2 0 0 0 4 0 0 1 0 0 0 0 2 0 1 0 0 0 0 0 0 2
预测:     0 1 0 0 3 0 0 0 4 0 0 1 0 0 0 0 0 2 0 1 0 0 0 0 2 0 0 0 4 0 0 1 0 0 0 0 2 0 1 0 0 0 0 0 0 2
准确率:    1.0000 (46/46)
----------------------------------------
输入:       >JSRJL LMHPKW MLKWT> LRXB<M BR CLJMWN WHW>
目标:     0 0 0 0 0 0 2 0 1 28 0 0 7 0 0 0 0 0 2 9 0 0 1 0 0 0 0 2 0 0 2 0 0 0 0 0 0 2 0 1 0 10 3
预测:     0 0 0 0 0 0 2 0 1 28 0 0 7 0 0 0 0 0 2 9 0 0 1 0 0 0 0 2 0 0 2 0 0 0 0 0 0 2 0 1 0 10 3
准确率:    1.0000 (43/43)
----------------------------------------
输入:       W>TKTCW BNJ JHWD> B>WRCLM WKBCWH WMX>WH BPWM>
目标:     0 1 0 14 0 0 3 19 0 0 2 0 0 0 0 0 0 2 0 1 0 0 0 0 0 2 0 1 0 0 3 1 12 0 1 0 10 3 1 12 0 1 0 0 4 0
预测:     0 1 0 14 0 0 3 19 0 0 2 0 0 0 0 0 0 2 0 1 0 0 0 0 0 2 0 1 0 0 3 1 12 0 1 0 10 3 1 12 0 1 0 0 4 0
准确率:    1.0000 (46/46)
----------------------------------------

生成的验证样本:
--------------------------------------------------------------------------------
输入:       KLH NPCHWN B>R<> DB<LDBBJHWN DCBW >NWN WNYLWN
目标:     0 0 5 12 0 0 0 5 0 0 0 0 1 0 0 4 0 0 1 0 0 0 0 0 2 1 0 0 0 0 1 0 18 0 0 0 0 0 0 0 1 6 0 18 0 19
预测:     0 0 5 12 0 0 0 5 0 0 0 0 1 0 0 4 0 0 1 0 0 0 0 0 2 1 0 0 0 0 1 0 18 0 0 0 0 0 0 0 1 6 0 18 0 19
准确率:    1.0000 (46/46)
----------------------------------------
输入:       NPCHWN B>R<> DB<LDBBJHWN DCBW >NWN WNYLWN QDMJK
目标:     0 0 0 5 0 0 0 0 1 0 0 4 0 0 1 0 0 0 0 0 2 1 0 0 0 0 1 0 18 0 0 0 0 0 0 0 1 6 0 18 0 19 0 0 0 2 1 0
预测:     0 0 0 5 0 0 0 0 1 0 0 4 0 0 1 0 0 0 0 0 2 1 0 0 0 0 1 0 18 0 0 0 0 0 0 0 1 6 0 18 0 19 0 0 0 2 1 0
准确率:    1.0000 (48/48)
----------------------------------------
⏳ 验证无提升 (验证准确率: 0.9646 ≤ 0.9647)，patience: 10/50

======================================================================
🚀 Epoch 53/200
======================================================================
📚 开始训练阶段...
训练进度: 500/3164 损失=0.0107
训练进度: 1000/3164 损失=0.0252
训练进度: 1500/3164 损失=0.0382
训练进度: 2000/3164 损失=0.0372
训练进度: 2500/3164 损失=0.0138
训练进度: 3000/3164 损失=0.0263
训练进度: 3164/3164 损失=0.0381
✅ 训练完成，耗时: 677.6秒 (11.3分钟)

============================================================
📊 验证决策: Epoch 53/200
   验证间隔: 1
   是否验证: ✅ 是
   原因: 达到验证间隔 (0 == 0)
============================================================

🔍 开始验证...
验证进度: 500/686 损失=0.2186
验证进度: 686/686 损失=1.7368

📊 预测分布分析:
  - 预测的前5个类别: {np.int64(0): 282509, np.int64(1): 37199, np.int64(2): 14697, np.int64(3): 10774, np.int64(4): 8852}
  - 标签的前5个类别: {np.int64(0): 281232, np.int64(1): 36731, np.int64(2): 14789, np.int64(3): 10866, np.int64(4): 8585}
✅ 验证完成，耗时: 79.1秒 (1.3分钟)
训练损失: 0.0232
验证损失: 0.3901
验证准确率: 0.9641 (10570/10964) - 与Levenshtein高度相关
验证F1(加权): 0.9632 - 类别平衡更好
学习率: 0.000084
显存使用: 0.47GB (预留: 0.69GB)

生成的训练样本:
--------------------------------------------------------------------------------
输入:       XLPJKWN KL D<BD <MKWN BMYRJN L<NJKWN WBMDBR>
目标:     0 0 0 2 1 0 0 0 0 0 2 0 1 0 0 3 0 0 1 0 0 0 0 1 0 0 0 0 2 0 1 38 2 1 0 0 0 0 1 1 0 0 0 4 0
预测:     0 0 0 2 1 0 0 0 0 0 2 0 1 0 0 3 0 0 1 0 0 0 0 1 0 0 0 0 2 0 1 38 2 1 0 0 0 0 1 1 0 0 0 4 0
准确率:    1.0000 (45/45)
----------------------------------------
输入:       LH L> TDXL MVWL DSGJ>JN >NWN D<MN
目标:     0 1 0 0 0 0 0 6 0 0 3 0 0 8 0 0 0 1 0 0 0 2 0 0 0 0 0 0 0 0 1 0 1 0
预测:     0 1 0 0 0 0 0 6 0 0 3 0 0 8 0 0 0 1 0 0 0 2 0 0 0 0 0 0 0 0 1 0 1 0
准确率:    1.0000 (34/34)
----------------------------------------
输入:       CMC WLJTBJ BJT <NT WJTBW BJT KN<NJ>
目标:     0 0 0 62 0 1 1 0 0 7 0 0 0 0 2 0 0 0 2 0 1 0 0 3 0 0 0 66 0 0 0 0 0 0 11 0
预测:     0 0 0 62 0 1 1 0 0 7 0 0 0 0 2 0 0 0 2 0 1 0 0 3 0 0 0 0 0 0 0 0 0 0 11 0
准确率:    0.9722 (35/36)
----------------------------------------

生成的验证样本:
--------------------------------------------------------------------------------
输入:       KLH NPCHWN B>R<> DB<LDBBJHWN DCBW >NWN WNYLWN
目标:     0 0 5 12 0 0 0 5 0 0 0 0 1 0 0 4 0 0 1 0 0 0 0 0 2 1 0 0 0 0 1 0 18 0 0 0 0 0 0 0 1 6 0 18 0 19
预测:     0 0 5 12 0 0 0 5 0 0 0 0 1 0 0 4 0 0 1 0 0 0 0 0 2 1 0 0 0 0 1 0 18 0 0 0 0 0 0 0 1 6 0 18 0 19
准确率:    1.0000 (46/46)
----------------------------------------
输入:       NPCHWN B>R<> DB<LDBBJHWN DCBW >NWN WNYLWN QDMJK
目标:     0 0 0 5 0 0 0 0 1 0 0 4 0 0 1 0 0 0 0 0 2 1 0 0 0 0 1 0 18 0 0 0 0 0 0 0 1 6 0 18 0 19 0 0 0 2 1 0
预测:     0 0 0 5 0 0 0 0 1 0 0 4 0 0 1 0 0 0 0 0 2 1 0 0 0 0 1 0 18 0 0 0 0 0 0 0 1 6 0 18 0 19 0 0 0 2 1 0
准确率:    1.0000 (48/48)
----------------------------------------
⏳ 验证无提升 (验证准确率: 0.9641 ≤ 0.9647)，patience: 11/50

======================================================================
🚀 Epoch 54/200
======================================================================
📚 开始训练阶段...
训练进度: 500/3164 损失=0.0333
训练进度: 1000/3164 损失=0.0139
训练进度: 1500/3164 损失=0.0047
训练进度: 2000/3164 损失=0.0299
训练进度: 2500/3164 损失=0.0581
训练进度: 3000/3164 损失=0.0130
训练进度: 3164/3164 损失=0.0184
✅ 训练完成，耗时: 675.6秒 (11.3分钟)

============================================================
📊 验证决策: Epoch 54/200
   验证间隔: 1
   是否验证: ✅ 是
   原因: 达到验证间隔 (0 == 0)
============================================================

🔍 开始验证...
验证进度: 500/686 损失=0.3154
验证进度: 686/686 损失=1.5103

📊 预测分布分析:
  - 预测的前5个类别: {np.int64(0): 282264, np.int64(1): 37074, np.int64(2): 14711, np.int64(3): 10961, np.int64(4): 8870}
  - 标签的前5个类别: {np.int64(0): 281232, np.int64(1): 36731, np.int64(2): 14789, np.int64(3): 10866, np.int64(4): 8585}
✅ 验证完成，耗时: 79.5秒 (1.3分钟)
训练损失: 0.0230
验证损失: 0.3929
验证准确率: 0.9645 (10575/10964) - 与Levenshtein高度相关
验证F1(加权): 0.9637 - 类别平衡更好
学习率: 0.000083
显存使用: 0.48GB (预留: 0.69GB)

生成的训练样本:
--------------------------------------------------------------------------------
输入:       MRJ> >LHK MN BJNT >XJK >QJM <LJK
目标:     0 0 0 0 2 0 0 0 5 0 0 0 0 0 0 0 2 12 0 0 2 1 0 6 17 20 0 3 0 0 8 1 0
预测:     0 0 0 0 2 0 0 0 5 0 0 0 0 0 0 0 2 12 0 0 2 1 0 6 17 20 0 3 0 0 8 1 0
准确率:    1.0000 (33/33)
----------------------------------------
输入:       NMWS> LCJRJ> DL> NQVLWN WL> NZNWN WL>
目标:     0 0 0 0 11 0 0 1 0 0 0 11 0 0 1 0 0 0 6 0 0 3 0 0 0 1 0 0 0 6 0 18 0 0 0 1 0 0
预测:     0 0 0 0 11 0 0 1 0 0 0 11 0 0 1 0 0 0 6 0 0 3 0 0 0 1 0 0 0 6 0 18 0 0 0 1 0 0
准确率:    1.0000 (38/38)
----------------------------------------
输入:       D<MR >N> <MH >B>CT LMQVL BRH W>TMCX
目标:     0 1 0 0 7 0 0 0 0 0 0 1 12 0 17 0 0 3 12 0 1 6 0 0 7 0 0 5 12 0 1 0 14 0 0 33
预测:     0 1 0 0 7 0 0 0 0 0 0 1 12 0 17 0 0 3 12 0 1 6 0 0 7 0 0 5 12 0 1 0 14 0 0 33
准确率:    1.0000 (36/36)
----------------------------------------

生成的验证样本:
--------------------------------------------------------------------------------
输入:       KLH NPCHWN B>R<> DB<LDBBJHWN DCBW >NWN WNYLWN
目标:     0 0 5 12 0 0 0 5 0 0 0 0 1 0 0 4 0 0 1 0 0 0 0 0 2 1 0 0 0 0 1 0 18 0 0 0 0 0 0 0 1 6 0 18 0 19
预测:     0 0 5 12 0 0 0 5 0 0 0 0 1 0 0 4 0 0 1 0 0 0 0 0 2 1 0 0 0 0 1 0 18 0 0 0 0 0 0 0 1 6 0 18 0 19
准确率:    1.0000 (46/46)
----------------------------------------
输入:       NPCHWN B>R<> DB<LDBBJHWN DCBW >NWN WNYLWN QDMJK
目标:     0 0 0 5 0 0 0 0 1 0 0 4 0 0 1 0 0 0 0 0 2 1 0 0 0 0 1 0 18 0 0 0 0 0 0 0 1 6 0 18 0 19 0 0 0 2 1 0
预测:     0 0 0 5 0 0 0 0 1 0 0 4 0 0 1 0 0 0 0 0 2 1 0 0 0 0 1 0 18 0 0 0 0 0 0 0 1 6 0 18 0 19 0 0 0 2 1 0
准确率:    1.0000 (48/48)
----------------------------------------
⏳ 验证无提升 (验证准确率: 0.9645 ≤ 0.9647)，patience: 12/50

======================================================================
🚀 Epoch 55/200
======================================================================
📚 开始训练阶段...
训练进度: 500/3164 损失=0.0172
训练进度: 1000/3164 损失=0.0114
训练进度: 1500/3164 损失=0.0081
训练进度: 2000/3164 损失=0.0197
训练进度: 2500/3164 损失=0.0249
训练进度: 3000/3164 损失=0.0297
训练进度: 3164/3164 损失=0.0512
✅ 训练完成，耗时: 676.2秒 (11.3分钟)

============================================================
📊 验证决策: Epoch 55/200
   验证间隔: 1
   是否验证: ✅ 是
   原因: 达到验证间隔 (0 == 0)
============================================================

🔍 开始验证...
验证进度: 500/686 损失=0.3249
验证进度: 686/686 损失=1.6599

📊 预测分布分析:
  - 预测的前5个类别: {np.int64(0): 282334, np.int64(1): 37106, np.int64(2): 14695, np.int64(3): 10820, np.int64(4): 8905}
  - 标签的前5个类别: {np.int64(0): 281232, np.int64(1): 36731, np.int64(2): 14789, np.int64(3): 10866, np.int64(4): 8585}
✅ 验证完成，耗时: 78.9秒 (1.3分钟)
训练损失: 0.0222
验证损失: 0.3955
验证准确率: 0.9647 (10577/10964) - 与Levenshtein高度相关
验证F1(加权): 0.9638 - 类别平衡更好
学习率: 0.000083
显存使用: 0.47GB (预留: 0.69GB)

生成的训练样本:
--------------------------------------------------------------------------------
输入:       L>DM WMHPKW NHPKJWHJ LGWH MNJN> DJWMT> PLG
目标:     0 1 0 0 2 0 1 28 0 0 7 0 0 28 0 0 48 35 0 0 0 0 1 0 5 12 0 0 0 0 4 0 0 1 0 0 2 23 0 0 0 0 7
预测:     0 1 0 0 2 0 1 28 0 0 7 0 0 28 0 0 48 35 0 0 0 0 1 0 5 12 0 0 0 0 4 0 0 1 0 0 2 23 0 0 0 0 7
准确率:    1.0000 (43/43)
----------------------------------------
输入:       L> TDXLWN WL> TZW<WN MN QDMJHWN MVL
目标:     0 0 0 0 6 0 0 3 0 0 0 1 0 0 0 6 0 0 3 0 0 0 0 0 0 0 0 2 1 0 0 0 0 0 0 0
预测:     0 0 0 0 6 0 0 3 0 0 0 1 0 0 0 6 0 0 3 0 0 0 0 0 0 0 0 2 1 0 0 0 0 0 0 0
准确率:    1.0000 (36/36)
----------------------------------------
输入:       DB<L> QVLW QDM MDBX> W>QJM KHN> PQWD>
目标:     0 1 0 0 4 0 0 0 0 3 0 0 0 0 2 0 0 0 0 4 0 0 1 17 20 0 3 0 0 0 4 0 0 0 0 0 11 0
预测:     0 1 0 0 4 0 0 0 0 3 0 0 0 0 2 0 0 0 0 4 0 0 1 17 20 0 3 0 0 0 4 0 0 0 0 0 11 0
准确率:    1.0000 (38/38)
----------------------------------------

生成的验证样本:
--------------------------------------------------------------------------------
输入:       KLH NPCHWN B>R<> DB<LDBBJHWN DCBW >NWN WNYLWN
目标:     0 0 5 12 0 0 0 5 0 0 0 0 1 0 0 4 0 0 1 0 0 0 0 0 2 1 0 0 0 0 1 0 18 0 0 0 0 0 0 0 1 6 0 18 0 19
预测:     0 0 5 12 0 0 0 5 0 0 0 0 1 0 0 4 0 0 1 0 0 0 0 0 2 1 0 0 0 0 1 0 0 19 0 0 0 0 0 0 1 6 0 18 0 19
准确率:    0.9565 (44/46)
----------------------------------------
输入:       NPCHWN B>R<> DB<LDBBJHWN DCBW >NWN WNYLWN QDMJK
目标:     0 0 0 5 0 0 0 0 1 0 0 4 0 0 1 0 0 0 0 0 2 1 0 0 0 0 1 0 18 0 0 0 0 0 0 0 1 6 0 18 0 19 0 0 0 2 1 0
预测:     0 0 0 5 0 0 0 0 1 0 0 4 0 0 1 0 0 0 0 0 2 1 0 0 0 0 1 0 18 0 0 0 0 0 0 0 1 6 0 18 0 19 0 0 0 2 1 0
准确率:    1.0000 (48/48)
----------------------------------------
💾 保存新的最佳模型！验证准确率: 0.9647 (F1: 0.9638) (Epoch 55)

======================================================================
🚀 Epoch 56/200
======================================================================
📚 开始训练阶段...
训练进度: 500/3164 损失=0.0409
训练进度: 1000/3164 损失=0.0150
训练进度: 1500/3164 损失=0.0155
训练进度: 2000/3164 损失=0.0126
训练进度: 2500/3164 损失=0.0294
训练进度: 3000/3164 损失=0.0102
训练进度: 3164/3164 损失=0.0334
✅ 训练完成，耗时: 677.1秒 (11.3分钟)

============================================================
📊 验证决策: Epoch 56/200
   验证间隔: 1
   是否验证: ✅ 是
   原因: 达到验证间隔 (0 == 0)
============================================================

🔍 开始验证...
验证进度: 500/686 损失=0.2585
验证进度: 686/686 损失=1.4670

📊 预测分布分析:
  - 预测的前5个类别: {np.int64(0): 281652, np.int64(1): 37144, np.int64(2): 14683, np.int64(3): 10925, np.int64(4): 8649}
  - 标签的前5个类别: {np.int64(0): 281232, np.int64(1): 36731, np.int64(2): 14789, np.int64(3): 10866, np.int64(4): 8585}
✅ 验证完成，耗时: 79.2秒 (1.3分钟)
训练损失: 0.0215
验证损失: 0.3907
验证准确率: 0.9644 (10573/10964) - 与Levenshtein高度相关
验证F1(加权): 0.9639 - 类别平衡更好
学习率: 0.000082
显存使用: 0.48GB (预留: 0.69GB)

生成的训练样本:
--------------------------------------------------------------------------------
输入:       >N> B>R<> HD> WL> <BR >N> JWRDNN
目标:     0 0 0 0 0 1 0 0 4 0 0 0 0 0 0 1 0 0 0 0 0 7 0 0 0 0 0 0 0 0 0 0 2
预测:     0 0 0 0 0 1 0 0 4 0 0 0 0 0 0 1 0 0 0 0 0 7 0 0 0 0 0 0 0 0 0 0 2
准确率:    1.0000 (33/33)
----------------------------------------
输入:       >LPJN GBRJN WCDR >NWN LLBNN <SR> >LPJN
目标:     0 0 0 2 0 0 0 0 0 2 0 0 0 1 0 0 16 0 0 0 0 0 0 1 0 0 0 2 0 0 0 2 0 0 0 0 2 0 0
预测:     0 0 0 2 0 0 0 0 0 2 0 0 0 1 0 0 16 0 0 0 0 0 0 1 0 0 0 2 0 0 0 2 0 0 0 0 2 0 0
准确率:    1.0000 (39/39)
----------------------------------------
输入:       PQD LRWRBNJ MRKBT> DJLH TLTJN WTRJN W>MR
目标:     0 0 0 16 0 1 0 0 0 8 2 0 0 0 0 0 13 23 0 0 0 0 1 0 0 0 0 0 0 2 0 1 0 2 0 12 0 1 0 0 3
预测:     6 0 0 16 0 1 0 0 0 8 2 0 0 0 0 0 13 23 0 0 0 0 1 0 0 0 0 0 0 2 0 1 0 2 0 12 0 1 0 0 3
准确率:    0.9756 (40/41)
----------------------------------------

生成的验证样本:
--------------------------------------------------------------------------------
输入:       KLH NPCHWN B>R<> DB<LDBBJHWN DCBW >NWN WNYLWN
目标:     0 0 5 12 0 0 0 5 0 0 0 0 1 0 0 4 0 0 1 0 0 0 0 0 2 1 0 0 0 0 1 0 18 0 0 0 0 0 0 0 1 6 0 18 0 19
预测:     0 0 5 12 0 0 0 5 0 0 0 0 1 0 0 4 0 0 1 0 0 0 0 0 2 1 0 0 0 0 1 0 18 0 0 0 0 0 0 0 1 6 0 18 0 19
准确率:    1.0000 (46/46)
----------------------------------------
输入:       NPCHWN B>R<> DB<LDBBJHWN DCBW >NWN WNYLWN QDMJK
目标:     0 0 0 5 0 0 0 0 1 0 0 4 0 0 1 0 0 0 0 0 2 1 0 0 0 0 1 0 18 0 0 0 0 0 0 0 1 6 0 18 0 19 0 0 0 2 1 0
预测:     0 0 0 5 0 0 0 0 1 0 0 4 0 0 1 0 0 0 0 0 2 1 0 0 0 0 1 0 18 0 0 0 0 0 0 0 1 6 0 18 0 19 0 0 0 2 1 0
准确率:    1.0000 (48/48)
----------------------------------------
⏳ 验证无提升 (验证准确率: 0.9644 ≤ 0.9647)，patience: 1/50

======================================================================
🚀 Epoch 57/200
======================================================================
📚 开始训练阶段...
训练进度: 500/3164 损失=0.0240
训练进度: 1000/3164 损失=0.0243
训练进度: 1500/3164 损失=0.0337
训练进度: 2000/3164 损失=0.0213
训练进度: 2500/3164 损失=0.0393
训练进度: 3000/3164 损失=0.0246
训练进度: 3164/3164 损失=0.0175
✅ 训练完成，耗时: 676.0秒 (11.3分钟)

============================================================
📊 验证决策: Epoch 57/200
   验证间隔: 1
   是否验证: ✅ 是
   原因: 达到验证间隔 (0 == 0)
============================================================

🔍 开始验证...
验证进度: 500/686 损失=0.3735
验证进度: 686/686 损失=1.6747

📊 预测分布分析:
  - 预测的前5个类别: {np.int64(0): 282030, np.int64(1): 37093, np.int64(2): 14771, np.int64(3): 10702, np.int64(4): 8508}
  - 标签的前5个类别: {np.int64(0): 281232, np.int64(1): 36731, np.int64(2): 14789, np.int64(3): 10866, np.int64(4): 8585}
✅ 验证完成，耗时: 79.3秒 (1.3分钟)
训练损失: 0.0219
验证损失: 0.3954
验证准确率: 0.9644 (10573/10964) - 与Levenshtein高度相关
验证F1(加权): 0.9638 - 类别平衡更好
学习率: 0.000082
显存使用: 0.48GB (预留: 0.69GB)

生成的训练样本:
--------------------------------------------------------------------------------
输入:       BTRH BR <SRJN WTRTJN CNJN >MWN KD
目标:     0 0 0 1 0 0 0 2 0 0 0 0 0 2 0 1 0 2 0 0 0 0 0 13 0 0 0 0 0 0 2 0 0 0
预测:     0 0 0 1 0 0 0 2 0 0 0 0 0 2 0 1 0 2 0 0 0 0 0 13 0 0 0 0 0 0 2 0 0 0
准确率:    1.0000 (34/34)
----------------------------------------
输入:       W>XDTH DN>KWL LXM> WM> D<BR SV> LTMN
目标:     0 1 0 0 3 90 0 0 1 6 0 8 0 3 0 0 0 4 0 0 1 0 0 0 1 0 0 7 0 0 10 7 0 1 0 0 0
预测:     0 1 0 0 3 90 0 0 1 6 0 8 0 3 0 0 0 4 0 0 1 0 0 0 1 0 0 7 0 0 10 7 0 1 0 0 0
准确率:    1.0000 (37/37)
----------------------------------------
输入:       WL> LBRJVWNJ> DL> NSBWN GBR> SGJ>> LXD>
目标:     0 1 0 0 0 1 0 0 0 0 0 0 11 0 0 1 0 0 0 34 0 3 0 0 0 0 0 11 0 0 0 0 0 11 0 0 1 0 2 0
预测:     0 1 0 0 0 1 0 0 0 0 0 0 11 0 0 1 0 0 0 34 0 3 0 0 0 0 0 11 0 0 0 0 0 11 0 0 1 0 2 0
准确率:    1.0000 (40/40)
----------------------------------------

生成的验证样本:
--------------------------------------------------------------------------------
输入:       KLH NPCHWN B>R<> DB<LDBBJHWN DCBW >NWN WNYLWN
目标:     0 0 5 12 0 0 0 5 0 0 0 0 1 0 0 4 0 0 1 0 0 0 0 0 2 1 0 0 0 0 1 0 18 0 0 0 0 0 0 0 1 6 0 18 0 19
预测:     0 0 5 12 0 0 0 5 0 0 0 0 1 0 0 4 0 0 1 0 0 0 0 0 2 1 0 0 0 0 1 0 18 19 0 0 0 0 0 0 1 6 0 18 0 19
准确率:    0.9783 (45/46)
----------------------------------------
输入:       NPCHWN B>R<> DB<LDBBJHWN DCBW >NWN WNYLWN QDMJK
目标:     0 0 0 5 0 0 0 0 1 0 0 4 0 0 1 0 0 0 0 0 2 1 0 0 0 0 1 0 18 0 0 0 0 0 0 0 1 6 0 18 0 19 0 0 0 2 1 0
预测:     0 0 0 5 0 0 0 0 1 0 0 4 0 0 1 0 0 0 0 0 2 1 0 0 0 0 1 0 18 19 0 0 0 0 0 0 1 6 0 18 0 19 0 0 0 2 1 0
准确率:    0.9792 (47/48)
----------------------------------------
⏳ 验证无提升 (验证准确率: 0.9644 ≤ 0.9647)，patience: 2/50

======================================================================
🚀 Epoch 58/200
======================================================================
📚 开始训练阶段...
训练进度: 500/3164 损失=0.0209
训练进度: 1000/3164 损失=0.0346
训练进度: 1500/3164 损失=0.0105
训练进度: 2000/3164 损失=0.0233
训练进度: 2500/3164 损失=0.0302
训练进度: 3000/3164 损失=0.0296
训练进度: 3164/3164 损失=0.0163
✅ 训练完成，耗时: 674.7秒 (11.2分钟)

============================================================
📊 验证决策: Epoch 58/200
   验证间隔: 1
   是否验证: ✅ 是
   原因: 达到验证间隔 (0 == 0)
============================================================

🔍 开始验证...
验证进度: 500/686 损失=0.2476
验证进度: 686/686 损失=1.7535

📊 预测分布分析:
  - 预测的前5个类别: {np.int64(0): 282370, np.int64(1): 37087, np.int64(2): 14808, np.int64(3): 10685, np.int64(4): 8656}
  - 标签的前5个类别: {np.int64(0): 281232, np.int64(1): 36731, np.int64(2): 14789, np.int64(3): 10866, np.int64(4): 8585}
✅ 验证完成，耗时: 79.4秒 (1.3分钟)
训练损失: 0.0208
验证损失: 0.3937
验证准确率: 0.9648 (10577/10964) - 与Levenshtein高度相关
验证F1(加权): 0.9640 - 类别平衡更好
学习率: 0.000081
显存使用: 0.48GB (预留: 0.69GB)

生成的训练样本:
--------------------------------------------------------------------------------
输入:       BR >L> MLK> D>JSRJL >MLK XZQJ> BR
目标:     0 0 2 0 0 0 22 0 0 0 4 0 0 1 0 0 0 0 0 2 0 17 0 0 33 0 0 0 0 0 2 0 0 2
预测:     0 0 2 0 0 0 22 0 0 0 4 0 0 1 0 0 0 0 0 2 0 17 0 0 33 0 0 0 0 0 2 0 0 2
准确率:    1.0000 (34/34)
----------------------------------------
输入:       >NWN MN <M> L<M> W>P L>NC> MJQR>
目标:     0 0 0 0 0 0 0 0 0 0 15 0 0 1 0 15 0 0 1 0 0 0 1 0 0 11 0 0 6 0 0 65 78
预测:     0 0 0 0 0 0 0 0 0 0 15 0 0 1 0 15 0 0 1 0 0 0 1 0 0 11 0 0 6 0 0 65 78
准确率:    1.0000 (33/33)
----------------------------------------
输入:       D>MR DLJT >KWTJ KNC KLHWN CBVWHJ DJ<QWB
目标:     0 1 0 0 7 0 1 58 0 24 0 0 0 0 1 0 6 0 0 16 0 0 5 0 0 0 0 0 0 25 1 0 0 0 1 0 0 0 0 2
预测:     0 1 0 0 7 0 1 58 0 24 0 0 0 0 1 0 6 0 0 16 0 0 5 0 0 0 0 0 0 25 1 0 0 0 1 0 0 0 0 2
准确率:    1.0000 (40/40)
----------------------------------------

生成的验证样本:
--------------------------------------------------------------------------------
输入:       KLH NPCHWN B>R<> DB<LDBBJHWN DCBW >NWN WNYLWN
目标:     0 0 5 12 0 0 0 5 0 0 0 0 1 0 0 4 0 0 1 0 0 0 0 0 2 1 0 0 0 0 1 0 18 0 0 0 0 0 0 0 1 6 0 18 0 19
预测:     0 0 5 12 0 0 0 5 0 0 0 0 1 0 0 4 0 0 1 0 0 0 0 0 2 1 0 0 0 0 1 0 18 0 0 0 0 0 0 0 1 6 0 18 0 19
准确率:    1.0000 (46/46)
----------------------------------------
输入:       NPCHWN B>R<> DB<LDBBJHWN DCBW >NWN WNYLWN QDMJK
目标:     0 0 0 5 0 0 0 0 1 0 0 4 0 0 1 0 0 0 0 0 2 1 0 0 0 0 1 0 18 0 0 0 0 0 0 0 1 6 0 18 0 19 0 0 0 2 1 0
预测:     0 0 0 5 0 0 0 0 1 0 0 4 0 0 1 0 0 0 0 0 2 1 0 0 0 0 1 0 18 0 0 0 0 0 0 0 1 6 0 18 0 19 0 0 0 2 1 0
准确率:    1.0000 (48/48)
----------------------------------------
💾 保存新的最佳模型！验证准确率: 0.9648 (F1: 0.9640) (Epoch 58)

======================================================================
🚀 Epoch 59/200
======================================================================
📚 开始训练阶段...
训练进度: 500/3164 损失=0.0174
训练进度: 1000/3164 损失=0.0130
训练进度: 1500/3164 损失=0.0125
训练进度: 2000/3164 损失=0.0137
训练进度: 2500/3164 损失=0.0066
训练进度: 3000/3164 损失=0.0199
训练进度: 3164/3164 损失=0.0189
✅ 训练完成，耗时: 676.9秒 (11.3分钟)

============================================================
📊 验证决策: Epoch 59/200
   验证间隔: 1
   是否验证: ✅ 是
   原因: 达到验证间隔 (0 == 0)
============================================================

🔍 开始验证...
验证进度: 500/686 损失=0.3446
验证进度: 686/686 损失=1.9113

📊 预测分布分析:
  - 预测的前5个类别: {np.int64(0): 282360, np.int64(1): 37139, np.int64(2): 14701, np.int64(3): 10786, np.int64(4): 9117}
  - 标签的前5个类别: {np.int64(0): 281232, np.int64(1): 36731, np.int64(2): 14789, np.int64(3): 10866, np.int64(4): 8585}
✅ 验证完成，耗时: 79.1秒 (1.3分钟)
训练损失: 0.0202
验证损失: 0.4078
验证准确率: 0.9646 (10576/10964) - 与Levenshtein高度相关
验证F1(加权): 0.9636 - 类别平衡更好
学习率: 0.000080
显存使用: 0.47GB (预留: 0.69GB)

生成的训练样本:
--------------------------------------------------------------------------------
输入:       BNWHJ L>BWHWN W>MR LHWN >BWHWN B>JD> >WRX>
目标:     0 0 25 1 0 0 0 1 0 8 5 0 0 0 0 1 0 0 3 0 1 0 0 0 0 0 8 5 0 0 0 0 1 0 0 0 0 0 0 0 0 4 0
预测:     0 0 25 1 0 0 0 1 0 8 5 0 0 0 0 1 0 0 3 0 1 0 0 0 0 0 8 5 0 0 0 0 1 0 0 0 0 0 0 0 0 4 0
准确率:    1.0000 (43/43)
----------------------------------------
输入:       WN>TJN NBJWT> DNBJJK >JLJN DMMLLJN BCMK WTTL
目标:     0 1 6 0 0 3 12 0 0 0 0 2 23 0 0 1 0 0 2 1 0 0 0 0 0 0 0 0 1 6 0 0 7 0 19 0 1 0 5 0 0 1 34 0 3
预测:     0 1 6 0 0 3 12 0 0 0 0 2 23 0 0 1 0 0 2 1 0 0 0 0 0 0 0 0 1 6 0 0 7 0 19 0 1 0 5 0 0 1 34 0 3
准确率:    1.0000 (45/45)
----------------------------------------
输入:       BM>NJ QRBH W>TGRGTWN LMSQ LVWR> W>MR LJ
目标:     0 1 0 0 2 0 0 0 0 37 0 0 1 0 14 0 0 3 0 0 0 0 1 28 64 7 0 1 0 0 4 0 0 1 0 0 3 0 1 0
预测:     0 1 0 0 2 0 0 0 0 37 0 0 1 0 14 0 0 3 0 0 0 0 1 28 64 7 0 1 0 0 4 0 0 1 0 0 3 0 1 0
准确率:    1.0000 (40/40)
----------------------------------------

生成的验证样本:
--------------------------------------------------------------------------------
输入:       KLH NPCHWN B>R<> DB<LDBBJHWN DCBW >NWN WNYLWN
目标:     0 0 5 12 0 0 0 5 0 0 0 0 1 0 0 4 0 0 1 0 0 0 0 0 2 1 0 0 0 0 1 0 18 0 0 0 0 0 0 0 1 6 0 18 0 19
预测:     0 0 5 12 0 0 0 5 0 0 0 0 1 0 0 4 0 0 1 0 0 0 0 0 2 1 0 0 0 0 1 0 18 0 0 0 0 0 0 0 1 6 0 18 0 19
准确率:    1.0000 (46/46)
----------------------------------------
输入:       NPCHWN B>R<> DB<LDBBJHWN DCBW >NWN WNYLWN QDMJK
目标:     0 0 0 5 0 0 0 0 1 0 0 4 0 0 1 0 0 0 0 0 2 1 0 0 0 0 1 0 18 0 0 0 0 0 0 0 1 6 0 18 0 19 0 0 0 2 1 0
预测:     0 0 0 5 0 0 0 0 1 0 0 4 0 0 1 0 0 0 0 0 2 1 0 0 0 0 1 0 18 0 0 0 0 0 0 0 1 6 0 18 0 19 0 0 0 2 1 0
准确率:    1.0000 (48/48)
----------------------------------------
⏳ 验证无提升 (验证准确率: 0.9646 ≤ 0.9648)，patience: 1/50

======================================================================
🚀 Epoch 60/200
======================================================================
📚 开始训练阶段...
训练进度: 500/3164 损失=0.0189
训练进度: 1000/3164 损失=0.0109
训练进度: 1500/3164 损失=0.0213
训练进度: 2000/3164 损失=0.0051
训练进度: 2500/3164 损失=0.0222
训练进度: 3000/3164 损失=0.0218
训练进度: 3164/3164 损失=0.0433
✅ 训练完成，耗时: 676.4秒 (11.3分钟)

============================================================
📊 验证决策: Epoch 60/200
   验证间隔: 1
   是否验证: ✅ 是
   原因: 达到验证间隔 (0 == 0)
============================================================

🔍 开始验证...
验证进度: 500/686 损失=0.4122
验证进度: 686/686 损失=1.7174

📊 预测分布分析:
  - 预测的前5个类别: {np.int64(0): 281855, np.int64(1): 37047, np.int64(2): 14753, np.int64(3): 10888, np.int64(4): 8563}
  - 标签的前5个类别: {np.int64(0): 281232, np.int64(1): 36731, np.int64(2): 14789, np.int64(3): 10866, np.int64(4): 8585}
✅ 验证完成，耗时: 79.0秒 (1.3分钟)
训练损失: 0.0206
验证损失: 0.4017
验证准确率: 0.9640 (10568/10964) - 与Levenshtein高度相关
验证F1(加权): 0.9635 - 类别平衡更好
学习率: 0.000080
显存使用: 0.47GB (预留: 0.69GB)

生成的训练样本:
--------------------------------------------------------------------------------
输入:       VJBWT> L>LPJ DR> LRXMJ WLNVRJ PWQDNJ L>
目标:     0 0 0 0 2 9 0 0 1 0 0 2 0 0 0 11 0 0 1 0 0 7 46 0 1 1 0 0 7 0 0 0 0 0 0 2 46 0 0 0
预测:     0 0 0 0 2 9 0 0 1 0 0 2 0 0 0 11 0 0 1 0 0 7 46 0 1 1 0 0 7 0 0 0 0 0 0 2 46 0 0 0
准确率:    1.0000 (40/40)
----------------------------------------
输入:       T>M> BCMH DMRJ> >LHK BDGLWT> MVL DL>
目标:     0 73 0 10 3 0 1 0 5 0 0 1 0 0 0 2 0 0 0 5 0 0 1 0 0 0 2 9 0 0 0 0 0 0 1 0 0
预测:     0 73 0 10 3 0 1 0 5 0 0 1 0 0 0 2 0 0 0 5 0 0 1 0 0 0 2 9 0 0 0 0 0 0 1 0 0
准确率:    1.0000 (37/37)
----------------------------------------
输入:       RKC> WMRKBT> <M> DSGJ MNK L> TDXL
目标:     0 0 0 11 0 0 1 0 0 0 13 23 0 0 0 15 0 0 1 0 0 13 0 0 1 0 0 0 0 0 6 0 0 3
预测:     0 0 0 11 0 0 1 0 0 0 13 23 0 0 0 15 0 0 1 0 0 13 0 0 1 0 0 0 0 0 6 0 0 3
准确率:    1.0000 (34/34)
----------------------------------------

生成的验证样本:
--------------------------------------------------------------------------------
输入:       KLH NPCHWN B>R<> DB<LDBBJHWN DCBW >NWN WNYLWN
目标:     0 0 5 12 0 0 0 5 0 0 0 0 1 0 0 4 0 0 1 0 0 0 0 0 2 1 0 0 0 0 1 0 18 0 0 0 0 0 0 0 1 6 0 18 0 19
预测:     0 0 5 12 0 0 0 5 0 0 0 0 1 0 0 4 0 0 1 0 0 0 0 0 2 1 0 0 0 0 1 0 3 0 0 0 0 0 0 0 1 6 0 18 0 19
准确率:    0.9783 (45/46)
----------------------------------------
输入:       NPCHWN B>R<> DB<LDBBJHWN DCBW >NWN WNYLWN QDMJK
目标:     0 0 0 5 0 0 0 0 1 0 0 4 0 0 1 0 0 0 0 0 2 1 0 0 0 0 1 0 18 0 0 0 0 0 0 0 1 6 0 18 0 19 0 0 0 2 1 0
预测:     0 0 0 5 0 0 0 0 1 0 0 4 0 0 1 0 0 0 0 0 2 1 0 0 0 0 1 0 18 0 0 0 0 0 0 0 1 6 0 18 0 19 0 0 0 2 1 0
准确率:    1.0000 (48/48)
----------------------------------------
⏳ 验证无提升 (验证准确率: 0.9640 ≤ 0.9648)，patience: 2/50

======================================================================
🚀 Epoch 61/200
======================================================================
📚 开始训练阶段...
训练进度: 500/3164 损失=0.0213
训练进度: 1000/3164 损失=0.0142
训练进度: 1500/3164 损失=0.0119
训练进度: 2000/3164 损失=0.0260
训练进度: 2500/3164 损失=0.0262
训练进度: 3000/3164 损失=0.0065
训练进度: 3164/3164 损失=0.0088
✅ 训练完成，耗时: 679.2秒 (11.3分钟)

============================================================
📊 验证决策: Epoch 61/200
   验证间隔: 1
   是否验证: ✅ 是
   原因: 达到验证间隔 (0 == 0)
============================================================

🔍 开始验证...
验证进度: 500/686 损失=0.2154
验证进度: 686/686 损失=2.0481

📊 预测分布分析:
  - 预测的前5个类别: {np.int64(0): 282713, np.int64(1): 37124, np.int64(2): 14874, np.int64(3): 10793, np.int64(4): 8760}
  - 标签的前5个类别: {np.int64(0): 281232, np.int64(1): 36731, np.int64(2): 14789, np.int64(3): 10866, np.int64(4): 8585}
✅ 验证完成，耗时: 79.1秒 (1.3分钟)
训练损失: 0.0198
验证损失: 0.4170
验证准确率: 0.9642 (10571/10964) - 与Levenshtein高度相关
验证F1(加权): 0.9634 - 类别平衡更好
学习率: 0.000079
显存使用: 0.48GB (预留: 0.69GB)

生成的训练样本:
--------------------------------------------------------------------------------
输入:       WQM MLK> BLLJ> W>MR L<BDWHJ >XWJKWN MDM
目标:     0 1 31 3 0 0 0 4 0 0 1 38 0 4 0 0 1 0 0 3 0 1 0 0 69 1 0 0 0 6 0 0 51 0 0 0 0 0 0 2
预测:     0 1 31 3 0 0 0 4 0 0 1 38 0 4 0 0 1 0 0 3 0 1 0 0 69 1 0 0 0 6 0 0 51 0 0 0 0 0 0 2
准确率:    1.0000 (40/40)
----------------------------------------
输入:       >BJMLK W>MRJN >XWN HW WJHBW LH CB<JN
目标:     0 0 0 0 0 0 2 0 1 0 0 7 0 0 0 0 8 5 0 0 0 0 0 1 0 0 3 0 0 1 0 0 0 0 2 0 0
预测:     0 0 0 0 0 0 2 0 1 0 0 7 0 0 0 0 8 5 0 0 0 0 0 1 0 0 3 0 0 1 0 0 0 0 2 0 0
准确率:    1.0000 (37/37)
----------------------------------------
输入:       K>P> W>ST> SJM LK SJMT> BZDJQWT> WBXWB>
目标:     0 0 0 4 0 0 1 0 70 9 0 6 20 0 3 0 1 0 0 0 0 13 9 0 0 1 0 0 0 0 2 9 0 0 1 1 0 0 55 0
预测:     0 0 0 4 0 0 1 0 70 9 0 6 20 0 3 0 1 0 0 0 0 13 9 0 0 1 0 0 0 0 2 9 0 0 1 1 0 0 55 0
准确率:    1.0000 (40/40)
----------------------------------------

生成的验证样本:
--------------------------------------------------------------------------------
输入:       KLH NPCHWN B>R<> DB<LDBBJHWN DCBW >NWN WNYLWN
目标:     0 0 5 12 0 0 0 5 0 0 0 0 1 0 0 4 0 0 1 0 0 0 0 0 2 1 0 0 0 0 1 0 18 0 0 0 0 0 0 0 1 6 0 18 0 19
预测:     0 0 5 12 0 0 0 5 0 0 0 0 1 0 0 4 0 0 1 0 0 0 0 0 2 1 0 0 0 0 1 0 3 19 0 0 0 0 0 0 1 6 0 18 0 19
准确率:    0.9565 (44/46)
----------------------------------------
输入:       NPCHWN B>R<> DB<LDBBJHWN DCBW >NWN WNYLWN QDMJK
目标:     0 0 0 5 0 0 0 0 1 0 0 4 0 0 1 0 0 0 0 0 2 1 0 0 0 0 1 0 18 0 0 0 0 0 0 0 1 6 0 18 0 19 0 0 0 2 1 0
预测:     0 0 0 5 0 0 0 0 1 0 0 4 0 0 1 0 0 0 0 0 2 1 0 0 0 0 1 0 18 19 0 0 0 0 0 0 1 6 0 18 0 19 0 0 0 2 1 0
准确率:    0.9792 (47/48)
----------------------------------------
⏳ 验证无提升 (验证准确率: 0.9642 ≤ 0.9648)，patience: 3/50

======================================================================
🚀 Epoch 62/200
======================================================================
📚 开始训练阶段...
训练进度: 500/3164 损失=0.0238
训练进度: 1000/3164 损失=0.0202
训练进度: 1500/3164 损失=0.0074
训练进度: 2000/3164 损失=0.0108
训练进度: 2500/3164 损失=0.0440
训练进度: 3000/3164 损失=0.0083
训练进度: 3164/3164 损失=0.0146
✅ 训练完成，耗时: 677.0秒 (11.3分钟)

============================================================
📊 验证决策: Epoch 62/200
   验证间隔: 1
   是否验证: ✅ 是
   原因: 达到验证间隔 (0 == 0)
============================================================

🔍 开始验证...
验证进度: 500/686 损失=0.2242
验证进度: 686/686 损失=1.8392

📊 预测分布分析:
  - 预测的前5个类别: {np.int64(0): 282247, np.int64(1): 37108, np.int64(2): 14849, np.int64(3): 10900, np.int64(4): 8819}
  - 标签的前5个类别: {np.int64(0): 281232, np.int64(1): 36731, np.int64(2): 14789, np.int64(3): 10866, np.int64(4): 8585}
✅ 验证完成，耗时: 78.9秒 (1.3分钟)
训练损失: 0.0194
验证损失: 0.4143
验证准确率: 0.9650 (10580/10964) - 与Levenshtein高度相关
验证F1(加权): 0.9642 - 类别平衡更好
学习率: 0.000079
显存使用: 0.48GB (预留: 0.69GB)

生成的训练样本:
--------------------------------------------------------------------------------
输入:       BR NTNJ> KHN> RB> DBJWMWHJ >TBNJ BJT>
目标:     0 0 2 0 0 0 0 0 2 0 0 0 4 0 0 0 4 0 0 1 1 0 0 25 1 0 0 0 0 14 0 0 3 0 0 0 4 0
预测:     0 0 2 0 0 0 0 0 2 0 0 0 4 0 0 0 4 0 0 1 1 0 0 25 1 0 0 0 0 14 0 0 3 0 0 0 4 0
准确率:    1.0000 (38/38)
----------------------------------------
输入:       LK B<JN> VBT> WB>JD> RBT> MN DJHB
目标:     0 1 0 0 1 0 0 4 0 0 0 2 9 0 0 1 35 0 0 4 0 0 0 2 9 0 0 0 12 0 1 0 0 7
预测:     0 1 0 0 1 0 0 4 0 0 0 2 9 0 0 1 35 0 0 4 0 0 0 2 9 0 0 0 12 0 1 0 0 7
准确率:    1.0000 (34/34)
----------------------------------------
输入:       LHWN NSJK> TRJN <GL> W<BDW DBX> LDXLT>
目标:     0 1 0 0 0 0 0 8 0 65 27 0 0 2 0 12 0 0 0 30 0 0 1 0 0 3 0 0 0 0 30 0 0 1 0 0 13 23 0
预测:     0 1 0 0 0 0 0 8 0 65 27 0 0 2 0 12 0 0 0 30 0 0 1 0 0 3 0 0 0 0 30 0 0 1 0 0 13 23 0
准确率:    1.0000 (39/39)
----------------------------------------

生成的验证样本:
--------------------------------------------------------------------------------
输入:       KLH NPCHWN B>R<> DB<LDBBJHWN DCBW >NWN WNYLWN
目标:     0 0 5 12 0 0 0 5 0 0 0 0 1 0 0 4 0 0 1 0 0 0 0 0 2 1 0 0 0 0 1 0 18 0 0 0 0 0 0 0 1 6 0 18 0 19
预测:     0 0 5 12 0 0 0 5 0 0 0 0 1 0 0 4 0 0 1 0 0 0 0 0 2 1 0 0 0 0 1 0 18 19 0 0 0 0 0 0 1 6 0 18 0 19
准确率:    0.9783 (45/46)
----------------------------------------
输入:       NPCHWN B>R<> DB<LDBBJHWN DCBW >NWN WNYLWN QDMJK
目标:     0 0 0 5 0 0 0 0 1 0 0 4 0 0 1 0 0 0 0 0 2 1 0 0 0 0 1 0 18 0 0 0 0 0 0 0 1 6 0 18 0 19 0 0 0 2 1 0
预测:     0 0 0 5 0 0 0 0 1 0 0 4 0 0 1 0 0 0 0 0 2 1 0 0 0 0 1 0 18 0 0 0 0 0 0 0 1 6 0 18 0 19 0 0 0 2 1 0
准确率:    1.0000 (48/48)
----------------------------------------
💾 保存新的最佳模型！验证准确率: 0.9650 (F1: 0.9642) (Epoch 62)

======================================================================
🚀 Epoch 63/200
======================================================================
📚 开始训练阶段...
训练进度: 500/3164 损失=0.0245
训练进度: 1000/3164 损失=0.0452
训练进度: 1500/3164 损失=0.0176
训练进度: 2000/3164 损失=0.0246
训练进度: 2500/3164 损失=0.0337
训练进度: 3000/3164 损失=0.0067
训练进度: 3164/3164 损失=0.0263
✅ 训练完成，耗时: 675.8秒 (11.3分钟)

============================================================
📊 验证决策: Epoch 63/200
   验证间隔: 1
   是否验证: ✅ 是
   原因: 达到验证间隔 (0 == 0)
============================================================

🔍 开始验证...
验证进度: 500/686 损失=0.2734
验证进度: 686/686 损失=1.8664

📊 预测分布分析:
  - 预测的前5个类别: {np.int64(0): 282724, np.int64(1): 37077, np.int64(2): 14800, np.int64(3): 10853, np.int64(4): 8691}
  - 标签的前5个类别: {np.int64(0): 281232, np.int64(1): 36731, np.int64(2): 14789, np.int64(3): 10866, np.int64(4): 8585}
✅ 验证完成，耗时: 78.4秒 (1.3分钟)
训练损失: 0.0187
验证损失: 0.4276
验证准确率: 0.9641 (10570/10964) - 与Levenshtein高度相关
验证F1(加权): 0.9632 - 类别平衡更好
学习率: 0.000078
显存使用: 0.47GB (预留: 0.69GB)

生成的训练样本:
--------------------------------------------------------------------------------
输入:       >R<> DTXZ> WJTBN BNXL> LWQBL BJT P<WR
目标:     0 0 0 4 0 0 1 6 0 10 3 0 1 0 0 3 0 0 1 0 0 4 0 0 0 0 0 0 0 0 0 0 2 0 0 0 0 2
预测:     0 0 0 4 0 0 1 6 0 10 3 0 1 0 0 3 0 0 1 0 0 4 0 0 0 0 0 0 0 0 0 0 2 0 0 0 0 2
准确率:    1.0000 (38/38)
----------------------------------------
输入:       B>WYR> WL<DN ZBNHWN MTGBRJN MKJL BKWLH LBKWN
目标:     0 1 0 0 0 4 0 0 1 1 0 0 2 0 0 0 5 0 0 0 0 21 14 0 0 49 0 19 0 0 0 0 0 0 1 8 0 5 0 0 0 5 0 0 0
预测:     0 1 0 0 0 4 0 0 1 1 0 0 2 0 0 0 5 0 0 0 0 21 14 0 0 49 0 19 0 0 0 0 0 0 1 8 0 5 0 0 0 5 0 0 0
准确率:    1.0000 (45/45)
----------------------------------------
输入:       LJT DQLJL WSGJ QDMWHJ WLJT D<CJN WQC>
目标:     0 58 0 24 0 1 0 0 0 2 0 1 0 0 13 0 0 0 25 1 0 0 0 1 58 0 24 0 1 0 8 0 40 0 1 0 10 40
预测:     0 58 0 24 0 1 0 0 0 2 0 1 0 0 13 0 0 0 25 1 0 0 0 1 58 0 24 0 1 0 8 0 40 0 1 0 10 40
准确率:    1.0000 (38/38)
----------------------------------------

生成的验证样本:
--------------------------------------------------------------------------------
输入:       KLH NPCHWN B>R<> DB<LDBBJHWN DCBW >NWN WNYLWN
目标:     0 0 5 12 0 0 0 5 0 0 0 0 1 0 0 4 0 0 1 0 0 0 0 0 2 1 0 0 0 0 1 0 18 0 0 0 0 0 0 0 1 6 0 18 0 19
预测:     0 0 5 12 0 0 0 5 0 0 0 0 1 0 0 4 0 0 1 0 0 0 0 0 2 1 0 0 0 0 1 0 18 0 0 0 0 0 0 0 1 6 0 18 0 19
准确率:    1.0000 (46/46)
----------------------------------------
输入:       NPCHWN B>R<> DB<LDBBJHWN DCBW >NWN WNYLWN QDMJK
目标:     0 0 0 5 0 0 0 0 1 0 0 4 0 0 1 0 0 0 0 0 2 1 0 0 0 0 1 0 18 0 0 0 0 0 0 0 1 6 0 18 0 19 0 0 0 2 1 0
预测:     0 0 0 5 0 0 0 0 1 0 0 4 0 0 1 0 0 0 0 0 2 1 0 0 0 0 1 0 18 0 0 0 0 0 0 0 1 6 0 18 0 19 0 0 0 2 1 0
准确率:    1.0000 (48/48)
----------------------------------------
⏳ 验证无提升 (验证准确率: 0.9641 ≤ 0.9650)，patience: 1/50

======================================================================
🚀 Epoch 64/200
======================================================================
📚 开始训练阶段...
训练进度: 500/3164 损失=0.0138
训练进度: 1000/3164 损失=0.0250
训练进度: 1500/3164 损失=0.0143
训练进度: 2000/3164 损失=0.0166
训练进度: 2500/3164 损失=0.0087
训练进度: 3000/3164 损失=0.0114
训练进度: 3164/3164 损失=0.0335
✅ 训练完成，耗时: 678.9秒 (11.3分钟)

============================================================
📊 验证决策: Epoch 64/200
   验证间隔: 1
   是否验证: ✅ 是
   原因: 达到验证间隔 (0 == 0)
============================================================

🔍 开始验证...
验证进度: 500/686 损失=0.2625
验证进度: 686/686 损失=1.8880

📊 预测分布分析:
  - 预测的前5个类别: {np.int64(0): 282484, np.int64(1): 37069, np.int64(2): 14892, np.int64(3): 10788, np.int64(4): 8894}
  - 标签的前5个类别: {np.int64(0): 281232, np.int64(1): 36731, np.int64(2): 14789, np.int64(3): 10866, np.int64(4): 8585}
✅ 验证完成，耗时: 78.8秒 (1.3分钟)
训练损失: 0.0188
验证损失: 0.4272
验证准确率: 0.9645 (10575/10964) - 与Levenshtein高度相关
验证F1(加权): 0.9637 - 类别平衡更好
学习率: 0.000077
显存使用: 0.48GB (预留: 0.69GB)

生成的训练样本:
--------------------------------------------------------------------------------
输入:       W>MRTWN LJ ZBX WYLMN< PKJRJN B>JDJK DNTL
目标:     0 1 0 0 3 0 0 0 0 1 0 0 0 0 2 0 1 0 0 0 0 2 0 0 8 0 7 0 27 0 35 0 0 2 1 0 0 1 119 0 3
预测:     0 1 0 0 3 0 0 0 0 1 0 0 0 0 2 0 1 0 0 0 0 2 0 0 8 0 7 0 27 0 35 0 0 2 1 0 0 1 119 0 3
准确率:    1.0000 (41/41)
----------------------------------------
输入:       L> T>KLWN MNHWN NCR> WDJT> WN<B> BGNSJHWN
目标:     0 0 0 0 6 0 0 3 0 0 0 0 1 0 0 0 0 0 0 4 0 0 1 0 323 9 0 0 1 0 0 4 0 0 1 0 0 2 1 0 0 0
预测:     0 0 0 0 6 0 0 3 0 0 0 0 1 0 0 0 0 0 0 4 0 0 1 0 323 9 0 0 1 0 0 4 0 0 1 0 0 2 1 0 0 0
准确率:    1.0000 (42/42)
----------------------------------------
输入:       HWW WL>LHJHWN PLXJN HWW >JK NMWS> D<MM>
目标:     0 0 18 0 0 1 1 0 0 2 1 0 0 0 0 0 0 7 0 0 0 0 18 0 0 0 0 0 0 0 0 0 4 0 0 1 0 8 30 0
预测:     0 0 18 0 0 1 1 0 0 2 1 0 0 0 0 0 0 7 0 0 0 0 18 0 0 0 0 0 0 0 0 0 4 0 0 1 0 8 30 0
准确率:    1.0000 (40/40)
----------------------------------------

生成的验证样本:
--------------------------------------------------------------------------------
输入:       KLH NPCHWN B>R<> DB<LDBBJHWN DCBW >NWN WNYLWN
目标:     0 0 5 12 0 0 0 5 0 0 0 0 1 0 0 4 0 0 1 0 0 0 0 0 2 1 0 0 0 0 1 0 18 0 0 0 0 0 0 0 1 6 0 18 0 19
预测:     0 0 5 12 0 0 0 5 0 0 0 0 1 0 0 4 0 0 1 0 0 0 0 0 2 1 0 0 0 0 1 0 18 19 0 0 0 0 0 0 1 6 0 18 0 19
准确率:    0.9783 (45/46)
----------------------------------------
输入:       NPCHWN B>R<> DB<LDBBJHWN DCBW >NWN WNYLWN QDMJK
目标:     0 0 0 5 0 0 0 0 1 0 0 4 0 0 1 0 0 0 0 0 2 1 0 0 0 0 1 0 18 0 0 0 0 0 0 0 1 6 0 18 0 19 0 0 0 2 1 0
预测:     0 0 0 5 0 0 0 0 1 0 0 4 0 0 1 0 0 0 0 0 2 1 0 0 0 0 1 0 18 0 0 0 0 0 0 0 1 6 0 18 0 19 0 0 0 2 1 0
准确率:    1.0000 (48/48)
----------------------------------------
⏳ 验证无提升 (验证准确率: 0.9645 ≤ 0.9650)，patience: 2/50

======================================================================
🚀 Epoch 65/200
======================================================================
📚 开始训练阶段...
训练进度: 500/3164 损失=0.0098
训练进度: 1000/3164 损失=0.0207
训练进度: 1500/3164 损失=0.0232
5 0
准确率:    1.0000 (33/33)
----------------------------------------
⏳ 验证无提升 (验证准确率: 0.9647 ≤ 0.9655)，patience: 1/50

======================================================================
🚀 Epoch 68/200
======================================================================
📚 开始训练阶段...
训练进度: 500/3164 损失=0.0287
训练进度: 1000/3164 损失=0.0165
训练进度: 1500/3164 损失=0.0246
训练进度: 2000/3164 损失=0.0128
训练进度: 2500/3164 损失=0.0148
训练进度: 3000/3164 损失=0.0168
训练进度: 3164/3164 损失=0.0461
✅ 训练完成，耗时: 58.1秒 (1.0分钟)

============================================================
📊 验证决策: Epoch 68/200
   验证间隔: 1
   是否验证: ✅ 是
   原因: 达到验证间隔 (0 == 0)
============================================================

🔍 开始验证...
验证进度: 500/686 损失=0.6497
验证进度: 686/686 损失=0.3004

📊 预测分布分析:
  - 预测的前5个类别: {np.int64(0): 282105, np.int64(1): 37177, np.int64(2): 14637, np.int64(3): 10697, np.int64(4): 8505}
  - 标签的前5个类别: {np.int64(0): 281232, np.int64(1): 36731, np.int64(2): 14789, np.int64(3): 10866, np.int64(4): 8585}
✅ 验证完成，耗时: 4.7秒 (0.1分钟)
训练损失: 0.0173
验证损失: 0.4176
验证准确率: 0.9650 (10580/10964) - 与Levenshtein高度相关
验证F1(加权): 0.9645 - 类别平衡更好
学习率: 0.000075
显存使用: 0.47GB (预留: 0.69GB)

生成的训练样本:
--------------------------------------------------------------------------------
输入:       RKJBJN HWJN >N> W>NT WDBRJN BTR >XB
目标:     0 0 8 0 7 0 27 0 0 0 3 0 0 0 0 0 0 1 0 0 0 0 1 0 0 7 0 0 0 0 0 0 0 0 0 2
预测:     0 0 8 0 7 0 27 0 0 0 3 0 0 0 0 0 0 1 0 0 0 0 1 0 0 7 0 0 0 0 0 0 0 0 0 2
准确率:    1.0000 (36/36)
----------------------------------------
输入:       CMK >PN >HLK BNXLJ VLLJ MWT> L>
目标:     0 0 5 0 0 0 75 0 0 6 0 0 16 0 1 0 0 2 0 0 0 0 2 0 0 0 0 15 0 0 0 0
预测:     0 0 5 0 0 0 75 0 0 6 0 0 16 0 1 0 0 2 0 0 0 0 2 0 0 0 0 15 0 0 0 0
准确率:    1.0000 (32/32)
----------------------------------------
输入:       DGRGTH >JZBL >NTTH W>TVNP VB W>ZL BTR
目标:     0 1 0 0 3 160 0 0 0 0 0 0 2 0 0 0 13 1 0 0 1 0 14 0 0 16 0 0 2 0 1 0 0 3 0 0 0 0
预测:     0 1 0 0 3 160 0 0 0 0 0 0 2 0 0 0 13 1 0 0 1 0 14 0 0 16 0 0 2 0 1 0 0 3 0 0 0 0
准确率:    1.0000 (38/38)
----------------------------------------

生成的验证样本:
--------------------------------------------------------------------------------
输入:       YBJNH D>LH> LMSV> MN KL DBJC WKLJ
目标:     0 0 0 0 5 0 0 1 0 0 4 0 0 1 6 0 10 7 0 0 0 0 0 2 0 1 0 0 2 0 36 0 0 3
预测:     0 0 0 0 5 0 0 1 0 0 4 0 0 1 6 0 10 7 0 0 0 0 0 2 0 1 0 0 2 0 36 0 0 3
准确率:    1.0000 (34/34)
----------------------------------------
输入:       D>LH> LMSV> MN KL DBJC WKLJ XJLK
目标:     0 1 0 0 4 0 0 1 6 0 10 7 0 0 0 0 0 2 0 1 0 0 2 0 36 0 0 3 0 0 0 5 0
预测:     0 1 0 0 4 0 0 1 6 0 10 7 0 0 0 0 0 2 0 1 0 0 2 0 36 0 0 3 0 0 0 5 0
准确率:    1.0000 (33/33)
----------------------------------------
⏳ 验证无提升 (验证准确率: 0.9650 ≤ 0.9655)，patience: 2/50

======================================================================
🚀 Epoch 69/200
======================================================================
📚 开始训练阶段...
训练进度: 500/3164 损失=0.0046
训练进度: 1000/3164 损失=0.0221
训练进度: 1500/3164 损失=0.0057
训练进度: 2000/3164 损失=0.0408
训练进度: 2500/3164 损失=0.0384
训练进度: 3000/3164 损失=0.0158
训练进度: 3164/3164 损失=0.0146
✅ 训练完成，耗时: 58.0秒 (1.0分钟)

============================================================
📊 验证决策: Epoch 69/200
   验证间隔: 1
   是否验证: ✅ 是
   原因: 达到验证间隔 (0 == 0)
============================================================

🔍 开始验证...
验证进度: 500/686 损失=0.7020
验证进度: 686/686 损失=0.4985

📊 预测分布分析:
  - 预测的前5个类别: {np.int64(0): 282548, np.int64(1): 37200, np.int64(2): 14675, np.int64(3): 10684, np.int64(4): 8842}
  - 标签的前5个类别: {np.int64(0): 281232, np.int64(1): 36731, np.int64(2): 14789, np.int64(3): 10866, np.int64(4): 8585}
✅ 验证完成，耗时: 4.7秒 (0.1分钟)
训练损失: 0.0170
验证损失: 0.4252
验证准确率: 0.9645 (10574/10964) - 与Levenshtein高度相关
验证F1(加权): 0.9637 - 类别平衡更好
学习率: 0.000074
显存使用: 0.48GB (预留: 0.69GB)

生成的训练样本:
--------------------------------------------------------------------------------
输入:       L>BJMLK >SG> XJLK WPWQ WCM< ZKL CLJV>
目标:     0 1 0 0 0 0 0 2 6 17 0 10 3 0 0 0 5 0 0 233 8 0 3 0 1 0 0 3 0 0 0 2 0 0 0 0 4 0
预测:     0 1 0 0 0 0 0 2 6 17 0 10 3 0 0 0 5 0 0 233 8 0 3 0 1 0 0 3 0 0 0 2 0 0 0 0 4 0
准确率:    1.0000 (38/38)
----------------------------------------
输入:       DKLHWN NBJWHJ >MR LH MCDL >NT WMCKX
目标:     0 1 0 5 0 0 0 0 0 0 25 1 0 0 0 0 0 7 0 1 0 0 6 0 0 41 0 0 0 0 0 35 0 0 0 7
预测:     0 1 0 5 0 0 0 0 0 0 25 1 0 0 0 0 0 7 0 1 0 0 6 0 0 41 0 0 0 0 0 35 0 0 0 7
准确率:    1.0000 (36/36)
----------------------------------------
输入:       MVL DMWHBT> HJ HWJ> SQWBL> LXLQ> HW
目标:     0 0 0 0 0 1 0 0 0 13 9 0 0 0 12 0 0 0 7 0 0 0 0 0 0 4 0 0 1 0 0 4 0 0 0 12
预测:     0 0 0 0 0 1 0 0 0 13 9 0 0 0 12 0 0 0 7 0 0 0 0 0 0 4 0 0 1 0 0 4 0 0 0 12
准确率:    1.0000 (36/36)
----------------------------------------

生成的验证样本:
--------------------------------------------------------------------------------
输入:       YBJNH D>LH> LMSV> MN KL DBJC WKLJ
目标:     0 0 0 0 5 0 0 1 0 0 4 0 0 1 6 0 10 7 0 0 0 0 0 2 0 1 0 0 2 0 36 0 0 3
预测:     0 0 0 0 5 0 0 1 0 0 4 0 0 1 6 0 10 7 0 0 0 0 0 2 0 1 0 0 2 0 1 0 0 3
准确率:    0.9706 (33/34)
----------------------------------------
输入:       D>LH> LMSV> MN KL DBJC WKLJ XJLK
目标:     0 1 0 0 4 0 0 1 6 0 10 7 0 0 0 0 0 2 0 1 0 0 2 0 36 0 0 3 0 0 0 5 0
预测:     0 1 0 0 4 0 0 1 6 0 10 7 0 0 0 0 0 2 0 1 0 0 2 0 1 0 0 3 0 0 0 5 0
准确率:    0.9697 (32/33)
----------------------------------------
⏳ 验证无提升 (验证准确率: 0.9645 ≤ 0.9655)，patience: 3/50

======================================================================
🚀 Epoch 70/200
======================================================================
📚 开始训练阶段...
训练进度: 500/3164 损失=0.0492
训练进度: 1000/3164 损失=0.0250
训练进度: 1500/3164 损失=0.0044
训练进度: 2000/3164 损失=0.0157
训练进度: 2500/3164 损失=0.0042
训练进度: 3000/3164 损失=0.0252
训练进度: 3164/3164 损失=0.0095
✅ 训练完成，耗时: 58.0秒 (1.0分钟)

============================================================
📊 验证决策: Epoch 70/200
   验证间隔: 1
   是否验证: ✅ 是
   原因: 达到验证间隔 (0 == 0)
============================================================

🔍 开始验证...
验证进度: 500/686 损失=0.8279
验证进度: 686/686 损失=0.4042

📊 预测分布分析:
  - 预测的前5个类别: {np.int64(0): 282413, np.int64(1): 37108, np.int64(2): 14697, np.int64(3): 10613, np.int64(4): 9005}
  - 标签的前5个类别: {np.int64(0): 281232, np.int64(1): 36731, np.int64(2): 14789, np.int64(3): 10866, np.int64(4): 8585}
✅ 验证完成，耗时: 4.7秒 (0.1分钟)
训练损失: 0.0163
验证损失: 0.4218
验证准确率: 0.9650 (10579/10964) - 与Levenshtein高度相关
验证F1(加权): 0.9642 - 类别平衡更好
学习率: 0.000073
显存使用: 0.47GB (预留: 0.69GB)

生成的训练样本:
--------------------------------------------------------------------------------
输入:       LMDJNJ> B>JDJKWN WKLH <M> N>ZLWN >NC L>TRH
目标:     0 1 0 0 0 0 11 0 0 35 0 0 2 1 0 0 0 0 1 0 5 0 0 0 15 0 0 6 0 0 3 0 0 0 0 0 2 0 1 0 0 5 0
预测:     0 1 0 0 0 0 11 0 0 35 0 0 2 1 0 0 0 0 1 0 5 0 0 0 15 0 0 6 0 0 3 0 0 0 0 0 2 0 1 0 0 5 0
准确率:    1.0000 (43/43)
----------------------------------------
输入:       WQJM MCMCNWHJ WLBWCJHWN WCQWTH WLBWCJHWN W<LWTH DMSQ
目标:     0 1 0 0 2 0 0 0 0 0 25 1 0 0 0 1 0 0 0 2 1 0 0 0 0 1 0 0 2 32 0 0 1 0 0 0 2 1 0 0 0 0 1 0 57 2 32 0 0 1 28 64 7
预测:     0 1 0 0 2 0 0 0 0 0 25 1 0 0 0 1 0 0 0 2 1 0 0 0 0 1 0 0 2 32 0 0 1 0 0 0 2 1 0 0 0 0 1 0 57 2 32 0 0 1 28 64 7
准确率:    1.0000 (53/53)
----------------------------------------
输入:       KJN> HWJN LN L> MXB XJBJNN BHJN
目标:     0 0 0 4 0 0 0 0 7 0 0 1 0 0 0 0 0 6 31 7 0 20 0 7 87 0 0 0 1 0 0 0
预测:     0 0 0 4 0 0 0 0 7 0 0 1 0 0 0 0 0 6 31 7 0 20 0 7 87 0 0 0 1 0 0 0
准确率:    1.0000 (32/32)
----------------------------------------

生成的验证样本:
--------------------------------------------------------------------------------
输入:       YBJNH D>LH> LMSV> MN KL DBJC WKLJ
目标:     0 0 0 0 5 0 0 1 0 0 4 0 0 1 6 0 10 7 0 0 0 0 0 2 0 1 0 0 2 0 36 0 0 3
预测:     0 0 0 0 5 0 0 1 0 0 4 0 0 1 6 0 10 7 0 0 0 0 0 2 0 1 0 0 2 0 36 0 0 3
准确率:    1.0000 (34/34)
----------------------------------------
输入:       D>LH> LMSV> MN KL DBJC WKLJ XJLK
目标:     0 1 0 0 4 0 0 1 6 0 10 7 0 0 0 0 0 2 0 1 0 0 2 0 36 0 0 3 0 0 0 5 0
预测:     0 1 0 0 4 0 0 1 6 0 10 7 0 0 0 0 0 2 0 1 0 0 2 0 36 0 0 3 0 0 0 5 0
准确率:    1.0000 (33/33)
----------------------------------------
⏳ 验证无提升 (验证准确率: 0.9650 ≤ 0.9655)，patience: 4/50

======================================================================
🚀 Epoch 71/200
======================================================================
📚 开始训练阶段...
训练进度: 500/3164 损失=0.0087
训练进度: 1000/3164 损失=0.0128
训练进度: 1500/3164 损失=0.0114
训练进度: 2000/3164 损失=0.0142
训练进度: 2500/3164 损失=0.0225
训练进度: 3000/3164 损失=0.0114
训练进度: 3164/3164 损失=0.0055
✅ 训练完成，耗时: 58.1秒 (1.0分钟)

============================================================
📊 验证决策: Epoch 71/200
   验证间隔: 1
   是否验证: ✅ 是
   原因: 达到验证间隔 (0 == 0)
============================================================

🔍 开始验证...
验证进度: 500/686 损失=0.8363
验证进度: 686/686 损失=0.3545

📊 预测分布分析:
  - 预测的前5个类别: {np.int64(0): 282219, np.int64(1): 37111, np.int64(2): 14704, np.int64(3): 11009, np.int64(4): 8936}
  - 标签的前5个类别: {np.int64(0): 281232, np.int64(1): 36731, np.int64(2): 14789, np.int64(3): 10866, np.int64(4): 8585}
✅ 验证完成，耗时: 4.7秒 (0.1分钟)
训练损失: 0.0157
验证损失: 0.4271
验证准确率: 0.9653 (10583/10964) - 与Levenshtein高度相关
验证F1(加权): 0.9646 - 类别平衡更好
学习率: 0.000072
显存使用: 0.47GB (预留: 0.69GB)

生成的训练样本:
--------------------------------------------------------------------------------
输入:       DJN DNTYJD HW BHWN XCWK> >TMZGW HC>
目标:     0 0 0 0 0 1 21 14 8 0 184 0 0 0 0 1 0 0 0 0 0 0 0 4 0 0 0 14 0 0 3 0 0 0 4 0
预测:     0 0 0 0 0 1 21 14 8 0 184 0 0 0 0 1 0 0 0 0 0 0 0 4 0 0 0 14 0 0 3 0 0 0 4 0
准确率:    1.0000 (36/36)
----------------------------------------
输入:       XJRJN DLKJN> NMWS> LJT LH L> GJR
目标:     0 20 0 7 0 0 0 1 1 0 0 4 0 0 0 0 0 4 0 0 58 0 24 0 1 0 0 0 0 0 0 0 0
预测:     0 20 0 7 0 0 0 1 1 0 0 4 0 0 0 0 0 4 0 0 58 0 24 0 1 0 0 0 0 0 0 0 0
准确率:    1.0000 (33/33)
----------------------------------------
输入:       SNJT> MCKX DN<BD DJN VBT> >JN> MN
目标:     0 0 0 7 23 27 0 28 0 0 7 0 1 6 0 0 3 0 0 0 0 0 0 2 23 0 0 0 0 0 0 0 0 0
预测:     0 0 0 7 23 27 0 28 0 0 7 0 1 6 0 0 3 0 0 0 0 0 0 2 23 0 0 0 0 0 0 0 0 0
准确率:    1.0000 (34/34)
----------------------------------------

生成的验证样本:
--------------------------------------------------------------------------------
输入:       YBJNH D>LH> LMSV> MN KL DBJC WKLJ
目标:     0 0 0 0 5 0 0 1 0 0 4 0 0 1 6 0 10 7 0 0 0 0 0 2 0 1 0 0 2 0 36 0 0 3
预测:     0 0 0 0 5 0 0 1 0 0 4 0 0 1 6 0 10 7 0 0 0 0 0 2 0 1 0 0 2 0 1 0 0 3
准确率:    0.9706 (33/34)
----------------------------------------
输入:       D>LH> LMSV> MN KL DBJC WKLJ XJLK
目标:     0 1 0 0 4 0 0 1 6 0 10 7 0 0 0 0 0 2 0 1 0 0 2 0 36 0 0 3 0 0 0 5 0
预测:     0 1 0 0 4 0 0 1 6 0 10 7 0 0 0 0 0 2 0 1 0 0 2 0 36 0 0 3 0 0 0 5 0
准确率:    1.0000 (33/33)
----------------------------------------
⏳ 验证无提升 (验证准确率: 0.9653 ≤ 0.9655)，patience: 5/50

======================================================================
🚀 Epoch 72/200
======================================================================
📚 开始训练阶段...
训练进度: 500/3164 损失=0.0090
训练进度: 1000/3164 损失=0.0199
训练进度: 1500/3164 损失=0.0030
训练进度: 2000/3164 损失=0.0075
训练进度: 2500/3164 损失=0.0265
训练进度: 3000/3164 损失=0.0152
训练进度: 3164/3164 损失=0.0198
✅ 训练完成，耗时: 58.0秒 (1.0分钟)

============================================================
📊 验证决策: Epoch 72/200
   验证间隔: 1
   是否验证: ✅ 是
   原因: 达到验证间隔 (0 == 0)
============================================================

🔍 开始验证...
验证进度: 500/686 损失=0.8099
验证进度: 686/686 损失=0.4052

📊 预测分布分析:
  - 预测的前5个类别: {np.int64(0): 282518, np.int64(1): 37121, np.int64(2): 14693, np.int64(3): 10616, np.int64(4): 8514}
  - 标签的前5个类别: {np.int64(0): 281232, np.int64(1): 36731, np.int64(2): 14789, np.int64(3): 10866, np.int64(4): 8585}
✅ 验证完成，耗时: 4.7秒 (0.1分钟)
训练损失: 0.0154
验证损失: 0.4373
验证准确率: 0.9651 (10581/10964) - 与Levenshtein高度相关
验证F1(加权): 0.9644 - 类别平衡更好
学习率: 0.000072
显存使用: 0.47GB (预留: 0.69GB)

生成的训练样本:
--------------------------------------------------------------------------------
输入:       M>MRH DMRJ> BQ> WM<DR LKL DTKJLJN <LWHJ
目标:     0 0 0 0 5 0 0 1 0 0 0 2 0 0 10 7 0 1 6 0 0 41 0 1 0 2 0 1 0 8 0 7 0 27 0 0 8 1 0 0
预测:     0 0 0 0 5 0 0 1 0 0 0 2 0 0 10 7 0 1 6 0 0 41 0 1 0 2 0 1 0 8 0 7 0 27 0 0 8 1 0 0
准确率:    1.0000 (40/40)
----------------------------------------
输入:       W<LJH <L HD> MRDJT> WVKS> XLPJN MR<>
目标:     0 1 0 8 1 12 0 0 0 0 0 0 0 0 0 0 0 2 9 0 0 1 0 0 4 0 0 0 0 49 0 0 0 0 0 11 0
预测:     0 1 0 8 1 12 0 0 0 0 0 0 0 0 0 0 0 2 9 0 0 1 0 0 4 0 0 0 0 49 0 0 0 0 0 11 0
准确率:    1.0000 (37/37)
----------------------------------------
输入:       MLK> LCM<J >NT JD< >NT KLH BJCT>
目标:     0 0 0 4 0 0 1 0 0 0 2 0 0 0 0 0 0 0 7 0 0 0 0 0 0 5 12 0 0 0 2 9 0
预测:     0 0 0 4 0 0 1 0 0 0 2 0 0 0 0 0 0 0 7 0 0 0 0 0 0 5 12 0 0 0 2 9 0
准确率:    1.0000 (33/33)
----------------------------------------

生成的验证样本:
--------------------------------------------------------------------------------
输入:       YBJNH D>LH> LMSV> MN KL DBJC WKLJ
目标:     0 0 0 0 5 0 0 1 0 0 4 0 0 1 6 0 10 7 0 0 0 0 0 2 0 1 0 0 2 0 36 0 0 3
预测:     0 0 0 0 5 0 0 1 0 0 4 0 0 1 6 0 10 7 0 0 0 0 0 2 0 1 0 0 2 0 36 0 0 3
准确率:    1.0000 (34/34)
----------------------------------------
输入:       D>LH> LMSV> MN KL DBJC WKLJ XJLK
目标:     0 1 0 0 4 0 0 1 6 0 10 7 0 0 0 0 0 2 0 1 0 0 2 0 36 0 0 3 0 0 0 5 0
预测:     0 1 0 0 4 0 0 1 6 0 10 7 0 0 0 0 0 2 0 1 0 0 2 0 1 0 0 3 0 0 0 5 0
准确率:    0.9697 (32/33)
----------------------------------------
⏳ 验证无提升 (验证准确率: 0.9651 ≤ 0.9655)，patience: 6/50

======================================================================
🚀 Epoch 73/200
======================================================================
📚 开始训练阶段...
训练进度: 500/3164 损失=0.0074
训练进度: 1000/3164 损失=0.0073
训练进度: 1500/3164 损失=0.0041
训练进度: 2000/3164 损失=0.0266
训练进度: 2500/3164 损失=0.0071
训练进度: 3000/3164 损失=0.0127
训练进度: 3164/3164 损失=0.0085
✅ 训练完成，耗时: 58.0秒 (1.0分钟)

============================================================
📊 验证决策: Epoch 73/200
   验证间隔: 1
   是否验证: ✅ 是
   原因: 达到验证间隔 (0 == 0)
============================================================

🔍 开始验证...
验证进度: 500/686 损失=0.9203
验证进度: 686/686 损失=0.6964

📊 预测分布分析:
  - 预测的前5个类别: {np.int64(0): 282409, np.int64(1): 37119, np.int64(2): 14712, np.int64(3): 10771, np.int64(4): 8659}
  - 标签的前5个类别: {np.int64(0): 281232, np.int64(1): 36731, np.int64(2): 14789, np.int64(3): 10866, np.int64(4): 8585}
✅ 验证完成，耗时: 4.7秒 (0.1分钟)
训练损失: 0.0154
验证损失: 0.4424
验证准确率: 0.9651 (10581/10964) - 与Levenshtein高度相关
验证F1(加权): 0.9644 - 类别平衡更好
学习率: 0.000071
显存使用: 0.47GB (预留: 0.69GB)

生成的训练样本:
--------------------------------------------------------------------------------
输入:       WPQD MLK> D>TWR W>MR >WBLW LTMN XD
目标:     0 1 0 0 3 0 0 0 4 0 0 1 0 0 0 2 0 1 0 0 3 6 50 0 0 3 0 0 1 0 0 0 0 0 2
预测:     0 1 0 0 3 0 0 0 4 0 0 1 0 0 0 2 0 1 0 0 3 6 50 0 0 3 0 0 1 0 0 0 0 0 2
准确率:    1.0000 (35/35)
----------------------------------------
输入:       MRJ MLK> >TWRJ> W>TL LK TRJN >LPJN
目标:     0 0 56 0 0 0 0 4 0 0 0 0 0 0 11 0 0 1 34 0 3 0 1 0 0 0 2 0 12 0 0 0 2 0 0
预测:     0 0 56 0 0 0 0 4 0 0 0 0 0 0 11 0 0 1 34 0 3 0 1 0 0 0 2 0 12 0 0 0 2 0 0
准确率:    1.0000 (35/35)
----------------------------------------
输入:       WN>MR >JDJ HW ZKJTNJ HC> QRJ B>DNJ
目标:     0 1 6 0 0 3 8 0 0 5 0 0 0 0 0 0 0 3 160 0 0 0 0 4 0 6 0 0 3 0 1 0 0 2 0
预测:     0 1 6 0 0 3 8 0 0 5 0 0 0 0 0 0 0 3 160 0 0 0 0 4 0 6 0 0 3 0 1 0 0 2 0
准确率:    1.0000 (35/35)
----------------------------------------

生成的验证样本:
--------------------------------------------------------------------------------
输入:       YBJNH D>LH> LMSV> MN KL DBJC WKLJ
目标:     0 0 0 0 5 0 0 1 0 0 4 0 0 1 6 0 10 7 0 0 0 0 0 2 0 1 0 0 2 0 36 0 0 3
预测:     0 0 0 0 5 0 0 1 0 0 4 0 0 1 6 0 10 7 0 0 0 0 0 2 0 1 0 0 2 0 36 0 0 3
准确率:    1.0000 (34/34)
----------------------------------------
输入:       D>LH> LMSV> MN KL DBJC WKLJ XJLK
目标:     0 1 0 0 4 0 0 1 6 0 10 7 0 0 0 0 0 2 0 1 0 0 2 0 36 0 0 3 0 0 0 5 0
预测:     0 1 0 0 4 0 0 1 6 0 10 7 0 0 0 0 0 2 0 1 0 0 2 0 36 0 0 3 0 0 0 5 0
准确率:    1.0000 (33/33)
----------------------------------------
⏳ 验证无提升 (验证准确率: 0.9651 ≤ 0.9655)，patience: 7/50

======================================================================
🚀 Epoch 74/200
======================================================================
📚 开始训练阶段...
训练进度: 500/3164 损失=0.0129
训练进度: 1000/3164 损失=0.0246
训练进度: 1500/3164 损失=0.0054
训练进度: 2000/3164 损失=0.0279
训练进度: 2500/3164 损失=0.0045
训练进度: 3000/3164 损失=0.0108
训练进度: 3164/3164 损失=0.0082
✅ 训练完成，耗时: 57.9秒 (1.0分钟)

============================================================
📊 验证决策: Epoch 74/200
   验证间隔: 1
   是否验证: ✅ 是
   原因: 达到验证间隔 (0 == 0)
============================================================

🔍 开始验证...
验证进度: 500/686 损失=0.6729
验证进度: 686/686 损失=0.2143

📊 预测分布分析:
  - 预测的前5个类别: {np.int64(0): 282270, np.int64(1): 37115, np.int64(2): 14691, np.int64(3): 10549, np.int64(4): 8852}
  - 标签的前5个类别: {np.int64(0): 281232, np.int64(1): 36731, np.int64(2): 14789, np.int64(3): 10866, np.int64(4): 8585}
✅ 验证完成，耗时: 4.8秒 (0.1分钟)
训练损失: 0.0153
验证损失: 0.4323
验证准确率: 0.9650 (10580/10964) - 与Levenshtein高度相关
验证F1(加权): 0.9644 - 类别平衡更好
学习率: 0.000070
显存使用: 0.47GB (预留: 0.69GB)

生成的训练样本:
--------------------------------------------------------------------------------
输入:       CLM <M MRJ> >LHH >JK LB> DDWJD
目标:     0 0 0 62 0 0 0 0 0 0 0 2 0 0 0 5 0 0 0 0 0 0 0 4 0 0 1 0 0 0 2
预测:     0 0 0 62 0 0 0 0 0 0 0 2 0 0 0 5 0 0 0 0 0 0 0 4 0 0 1 0 0 0 2
准确率:    1.0000 (31/31)
----------------------------------------
输入:       XD W>MR LH PN> LH KLMDM D>JT
目标:     0 0 2 0 1 0 0 3 0 1 0 6 0 10 3 0 1 12 0 0 5 0 0 2 0 1 0 0 24
预测:     0 0 2 0 1 0 0 3 0 1 0 6 0 10 3 0 1 12 0 0 5 0 0 2 0 1 0 0 24
准确率:    1.0000 (29/29)
----------------------------------------
输入:       W>MR LH >NT HW GBR> DMLLT <M
目标:     0 1 0 0 3 0 1 0 0 0 0 0 0 0 0 0 0 0 4 0 0 1 0 0 3 89 0 0 0
预测:     0 1 0 0 3 0 1 0 0 0 0 0 0 0 0 0 0 0 4 0 0 1 0 0 3 89 0 0 0
准确率:    1.0000 (29/29)
----------------------------------------

生成的验证样本:
--------------------------------------------------------------------------------
输入:       YBJNH D>LH> LMSV> MN KL DBJC WKLJ
目标:     0 0 0 0 5 0 0 1 0 0 4 0 0 1 6 0 10 7 0 0 0 0 0 2 0 1 0 0 2 0 36 0 0 3
预测:     0 0 0 0 5 0 0 1 0 0 4 0 0 1 6 0 10 7 0 0 0 0 0 2 0 1 0 0 2 0 36 0 0 3
准确率:    1.0000 (34/34)
----------------------------------------
输入:       D>LH> LMSV> MN KL DBJC WKLJ XJLK
目标:     0 1 0 0 4 0 0 1 6 0 10 7 0 0 0 0 0 2 0 1 0 0 2 0 36 0 0 3 0 0 0 5 0
预测:     0 1 0 0 4 0 0 1 6 0 10 7 0 0 0 0 0 2 0 1 0 0 2 0 36 0 0 3 0 0 0 5 0
准确率:    1.0000 (33/33)
----------------------------------------
⏳ 验证无提升 (验证准确率: 0.9650 ≤ 0.9655)，patience: 8/50

======================================================================
🚀 Epoch 75/200
======================================================================
📚 开始训练阶段...
训练进度: 500/3164 损失=0.0099
训练进度: 1000/3164 损失=0.0082
训练进度: 1500/3164 损失=0.0233
训练进度: 2000/3164 损失=0.0125
训练进度: 2500/3164 损失=0.0060
训练进度: 3000/3164 损失=0.0087
训练进度: 3164/3164 损失=0.0111
✅ 训练完成，耗时: 58.4秒 (1.0分钟)

============================================================
📊 验证决策: Epoch 75/200
   验证间隔: 1
   是否验证: ✅ 是
   原因: 达到验证间隔 (0 == 0)
============================================================

🔍 开始验证...
验证进度: 500/686 损失=0.5294
验证进度: 686/686 损失=0.1002

📊 预测分布分析:
  - 预测的前5个类别: {np.int64(0): 282300, np.int64(1): 37121, np.int64(2): 14741, np.int64(3): 10788, np.int64(4): 8509}
  - 标签的前5个类别: {np.int64(0): 281232, np.int64(1): 36731, np.int64(2): 14789, np.int64(3): 10866, np.int64(4): 8585}
✅ 验证完成，耗时: 4.7秒 (0.1分钟)
训练损失: 0.0146
验证损失: 0.4308
验证准确率: 0.9651 (10580/10964) - 与Levenshtein高度相关
验证F1(加权): 0.9643 - 类别平衡更好
学习率: 0.000070
显存使用: 0.47GB (预留: 0.69GB)

生成的训练样本:
--------------------------------------------------------------------------------
输入:       SGD MNJ HW HW D>MRJN DHW PRQLV>
目标:     0 0 0 7 0 0 0 22 0 0 12 0 0 0 0 1 0 0 7 0 0 0 1 0 0 0 0 0 0 0 0 2
预测:     0 0 0 7 0 0 0 22 0 0 12 0 0 0 0 1 0 0 7 0 0 0 1 0 0 0 0 0 0 0 0 2
准确率:    1.0000 (32/32)
----------------------------------------
输入:       HD> <MK WL> NVRT QJMJ WDJNJ WPWQDNJ
目标:     0 0 0 0 0 0 1 0 0 1 0 0 0 0 0 3 12 0 0 0 2 46 0 1 0 0 22 46 0 1 0 0 0 0 2 46
预测:     0 0 0 0 0 0 1 0 0 1 0 0 0 0 0 3 12 0 0 0 2 46 0 1 0 0 22 46 0 1 0 0 0 0 2 46
准确率:    1.0000 (36/36)
----------------------------------------
输入:       HW >HPK RYN MLK> D>RM L>JLT L>RM
目标:     0 0 12 0 17 0 0 3 0 0 0 2 0 0 0 4 0 0 1 0 0 2 0 1 0 0 0 2 0 1 0 0 2
预测:     0 0 12 0 17 0 0 3 0 0 0 2 0 0 0 4 0 0 1 0 0 2 0 1 0 0 0 2 0 1 0 0 2
准确率:    1.0000 (33/33)
----------------------------------------

生成的验证样本:
--------------------------------------------------------------------------------
输入:       YBJNH D>LH> LMSV> MN KL DBJC WKLJ
目标:     0 0 0 0 5 0 0 1 0 0 4 0 0 1 6 0 10 7 0 0 0 0 0 2 0 1 0 0 2 0 36 0 0 3
预测:     0 0 0 0 5 0 0 1 0 0 4 0 0 1 6 0 10 7 0 0 0 0 0 2 0 1 0 0 2 0 36 0 0 3
准确率:    1.0000 (34/34)
----------------------------------------
输入:       D>LH> LMSV> MN KL DBJC WKLJ XJLK
目标:     0 1 0 0 4 0 0 1 6 0 10 7 0 0 0 0 0 2 0 1 0 0 2 0 36 0 0 3 0 0 0 5 0
预测:     0 1 0 0 4 0 0 1 6 0 10 7 0 0 0 0 0 2 0 1 0 0 2 0 36 0 0 3 0 0 0 5 0
准确率:    1.0000 (33/33)
----------------------------------------
⏳ 验证无提升 (验证准确率: 0.9651 ≤ 0.9655)，patience: 9/50

======================================================================
🚀 Epoch 76/200
======================================================================
📚 开始训练阶段...
训练进度: 500/3164 损失=0.0128
训练进度: 1000/3164 损失=0.0058
训练进度: 1500/3164 损失=0.0154
训练进度: 2000/3164 损失=0.0174
训练进度: 2500/3164 损失=0.0168
训练进度: 3000/3164 损失=0.0201
训练进度: 3164/3164 损失=0.0055
✅ 训练完成，耗时: 58.1秒 (1.0分钟)

============================================================
📊 验证决策: Epoch 76/200
   验证间隔: 1
   是否验证: ✅ 是
   原因: 达到验证间隔 (0 == 0)
============================================================

🔍 开始验证...
验证进度: 500/686 损失=0.5975
验证进度: 686/686 损失=0.3076

📊 预测分布分析:
  - 预测的前5个类别: {np.int64(0): 282340, np.int64(1): 37085, np.int64(2): 14667, np.int64(3): 10736, np.int64(4): 8618}
  - 标签的前5个类别: {np.int64(0): 281232, np.int64(1): 36731, np.int64(2): 14789, np.int64(3): 10866, np.int64(4): 8585}
✅ 验证完成，耗时: 4.8秒 (0.1分钟)
训练损失: 0.0143
验证损失: 0.4357
验证准确率: 0.9653 (10583/10964) - 与Levenshtein高度相关
验证F1(加权): 0.9646 - 类别平衡更好
学习率: 0.000069
显存使用: 0.47GB (预留: 0.69GB)

生成的训练样本:
--------------------------------------------------------------------------------
输入:       L> TDXL MNHWN MVL DMRJ> >LHK BGWK
目标:     0 0 0 0 6 0 0 3 0 0 1 0 0 0 0 0 0 0 0 1 0 0 0 2 0 0 0 5 0 0 1 0 5 0
预测:     0 0 0 0 6 0 0 3 0 0 1 0 0 0 0 0 0 0 0 1 0 0 0 2 0 0 0 5 0 0 1 0 5 0
准确率:    1.0000 (34/34)
----------------------------------------
输入:       DBJWMWHJ >TBNJ BJT> W>TTQP HJKL> W>TTSJM CWR>
目标:     0 1 1 0 0 25 1 0 0 0 0 14 0 0 3 0 0 0 4 0 0 1 0 14 0 0 16 0 0 0 0 4 0 0 1 0 76 17 20 0 3 0 0 0 4 0
预测:     0 1 1 0 0 25 1 0 0 0 0 14 0 0 3 0 0 0 4 0 0 1 0 14 0 0 16 0 0 0 0 4 0 0 1 0 76 17 20 0 3 0 0 0 4 0
准确率:    1.0000 (46/46)
----------------------------------------
输入:       CRJ LMBN> BJTH DMRJ> WBJT> DBN> CLJMWN
目标:     0 0 0 16 0 1 6 0 10 7 0 0 0 5 0 0 1 0 0 0 2 0 1 0 0 4 0 0 1 0 10 3 0 0 0 0 0 0 2
预测:     0 0 0 16 0 1 6 0 10 7 0 0 0 5 0 0 1 0 0 0 2 0 1 0 0 4 0 0 1 0 10 3 0 0 0 0 0 0 2
准确率:    1.0000 (39/39)
----------------------------------------

生成的验证样本:
--------------------------------------------------------------------------------
输入:       YBJNH D>LH> LMSV> MN KL DBJC WKLJ
目标:     0 0 0 0 5 0 0 1 0 0 4 0 0 1 6 0 10 7 0 0 0 0 0 2 0 1 0 0 2 0 36 0 0 3
预测:     0 0 0 0 5 0 0 1 0 0 4 0 0 1 6 0 10 7 0 0 0 0 0 2 0 1 0 0 2 0 36 0 0 3
准确率:    1.0000 (34/34)
----------------------------------------
输入:       D>LH> LMSV> MN KL DBJC WKLJ XJLK
目标:     0 1 0 0 4 0 0 1 6 0 10 7 0 0 0 0 0 2 0 1 0 0 2 0 36 0 0 3 0 0 0 5 0
预测:     0 1 0 0 4 0 0 1 6 0 10 7 0 0 0 0 0 2 0 1 0 0 2 0 36 0 0 3 0 0 0 5 0
准确率:    1.0000 (33/33)
----------------------------------------
⏳ 验证无提升 (验证准确率: 0.9653 ≤ 0.9655)，patience: 10/50

======================================================================
🚀 Epoch 77/200
======================================================================
📚 开始训练阶段...
训练进度: 500/3164 损失=0.0092
训练进度: 1000/3164 损失=0.0007
训练进度: 1500/3164 损失=0.0422
训练进度: 2000/3164 损失=0.0060
训练进度: 2500/3164 损失=0.0092
训练进度: 3000/3164 损失=0.0160
训练进度: 3164/3164 损失=0.0055
✅ 训练完成，耗时: 58.1秒 (1.0分钟)

============================================================
📊 验证决策: Epoch 77/200
   验证间隔: 1
   是否验证: ✅ 是
   原因: 达到验证间隔 (0 == 0)
============================================================

🔍 开始验证...
验证进度: 500/686 损失=0.6625
验证进度: 686/686 损失=0.2328

📊 预测分布分析:
  - 预测的前5个类别: {np.int64(0): 282073, np.int64(1): 37178, np.int64(2): 14643, np.int64(3): 10940, np.int64(4): 8768}
  - 标签的前5个类别: {np.int64(0): 281232, np.int64(1): 36731, np.int64(2): 14789, np.int64(3): 10866, np.int64(4): 8585}
✅ 验证完成，耗时: 4.7秒 (0.1分钟)
训练损失: 0.0142
验证损失: 0.4421
验证准确率: 0.9650 (10580/10964) - 与Levenshtein高度相关
验证F1(加权): 0.9643 - 类别平衡更好
学习率: 0.000068
显存使用: 0.48GB (预留: 0.69GB)

生成的训练样本:
--------------------------------------------------------------------------------
输入:       MCTKXJN L> HW> GJR CB<> NMWSJN MCTKXJN
目标:     0 45 39 0 0 7 0 0 0 0 0 0 0 10 3 0 0 0 0 0 0 0 2 0 0 0 0 0 2 0 0 0 45 39 0 0 7 0 0
预测:     0 45 39 0 0 7 0 0 0 0 0 0 0 10 3 0 0 0 0 0 0 0 2 0 0 0 0 0 2 0 0 0 45 39 0 0 7 0 0
准确率:    1.0000 (39/39)
----------------------------------------
输入:       KD NXT >JZGD> <LWHJ WHW> PTGMH DNBJH
目标:     0 0 0 0 0 0 3 0 0 0 0 0 4 0 0 0 8 1 0 0 0 1 0 10 3 0 0 0 0 5 0 0 1 0 0 5 0
预测:     0 0 0 0 0 0 3 0 0 0 0 0 4 0 0 0 8 1 0 0 0 1 0 10 3 0 0 0 0 5 0 0 1 0 0 5 0
准确率:    1.0000 (37/37)
----------------------------------------
输入:       W<BDK W>MTK WTWRK WXMRK WKWLH B<JRK W<MWR>
目标:     0 1 0 0 37 0 0 1 0 70 1 0 0 1 0 0 5 0 0 1 0 0 5 0 0 1 8 0 5 12 0 0 0 0 5 0 0 1 0 0 0 4 0
预测:     0 1 0 0 37 0 0 1 0 70 1 0 0 1 0 0 5 0 0 1 0 0 5 0 0 1 8 0 5 12 0 0 0 0 5 0 0 1 0 0 0 4 0
准确率:    1.0000 (43/43)
----------------------------------------

生成的验证样本:
--------------------------------------------------------------------------------
输入:       YBJNH D>LH> LMSV> MN KL DBJC WKLJ
目标:     0 0 0 0 5 0 0 1 0 0 4 0 0 1 6 0 10 7 0 0 0 0 0 2 0 1 0 0 2 0 36 0 0 3
预测:     0 0 0 0 5 0 0 1 0 0 4 0 0 1 6 0 10 7 0 0 0 0 0 2 0 1 0 0 2 0 1 0 0 3
准确率:    0.9706 (33/34)
----------------------------------------
输入:       D>LH> LMSV> MN KL DBJC WKLJ XJLK
目标:     0 1 0 0 4 0 0 1 6 0 10 7 0 0 0 0 0 2 0 1 0 0 2 0 36 0 0 3 0 0 0 5 0
预测:     0 1 0 0 4 0 0 1 6 0 10 7 0 0 0 0 0 2 0 1 0 0 2 0 36 0 0 3 0 0 0 5 0
准确率:    1.0000 (33/33)
----------------------------------------
⏳ 验证无提升 (验证准确率: 0.9650 ≤ 0.9655)，patience: 11/50

======================================================================
🚀 Epoch 78/200
======================================================================
📚 开始训练阶段...
训练进度: 500/3164 损失=0.0203
训练进度: 1000/3164 损失=0.0108
训练进度: 1500/3164 损失=0.0213
训练进度: 2000/3164 损失=0.0146
训练进度: 2500/3164 损失=0.0160
训练进度: 3000/3164 损失=0.0062
训练进度: 3164/3164 损失=0.0049
✅ 训练完成，耗时: 58.0秒 (1.0分钟)

============================================================
📊 验证决策: Epoch 78/200
   验证间隔: 1
   是否验证: ✅ 是
   原因: 达到验证间隔 (0 == 0)
============================================================

🔍 开始验证...
验证进度: 500/686 损失=0.7454
验证进度: 686/686 损失=0.3980

📊 预测分布分析:
  - 预测的前5个类别: {np.int64(0): 282392, np.int64(1): 37092, np.int64(2): 14785, np.int64(3): 10711, np.int64(4): 8783}
  - 标签的前5个类别: {np.int64(0): 281232, np.int64(1): 36731, np.int64(2): 14789, np.int64(3): 10866, np.int64(4): 8585}
✅ 验证完成，耗时: 4.8秒 (0.1分钟)
训练损失: 0.0138
验证损失: 0.4467
验证准确率: 0.9653 (10583/10964) - 与Levenshtein高度相关
验证F1(加权): 0.9646 - 类别平衡更好
学习率: 0.000067
显存使用: 0.48GB (预留: 0.69GB)

生成的训练样本:
--------------------------------------------------------------------------------
输入:       GBR> HW WYLPH W>ZL NBJ> WQM QDM
目标:     0 0 0 4 0 0 0 12 0 1 0 0 29 0 0 1 0 0 3 0 0 0 4 0 0 1 31 3 0 0 0 2
预测:     0 0 0 4 0 0 0 12 0 1 0 0 29 0 0 1 0 0 3 0 0 0 4 0 0 1 31 3 0 0 0 2
准确率:    1.0000 (32/32)
----------------------------------------
输入:       MDM DMLL B>JD> D<BDH >LJ> WXRB JHW
目标:     0 0 0 2 0 1 0 0 16 0 35 0 0 4 0 0 1 0 0 37 0 0 0 0 0 2 0 1 0 0 3 0 0 0 2
预测:     0 0 0 2 0 1 0 0 16 0 35 0 0 4 0 0 1 0 0 37 0 0 0 0 0 2 0 1 0 0 3 0 0 0 2
准确率:    1.0000 (35/35)
----------------------------------------
输入:       D>CTKX LBJT >XB B>JZR<JL WKWL RWRBNWHJ WQRJBWHJ
目标:     0 1 47 39 0 0 3 0 1 0 0 2 0 0 0 2 0 1 0 0 0 0 0 0 2 0 1 8 0 2 0 0 0 0 8 25 1 0 0 0 1 0 8 0 117 124 0 0
预测:     0 1 47 39 0 0 3 0 1 0 0 2 0 0 0 2 0 1 0 0 0 0 0 0 2 0 1 8 0 2 0 0 0 0 8 25 1 0 0 0 1 0 8 0 117 124 0 0
准确率:    1.0000 (48/48)
----------------------------------------

生成的验证样本:
--------------------------------------------------------------------------------
输入:       YBJNH D>LH> LMSV> MN KL DBJC WKLJ
目标:     0 0 0 0 5 0 0 1 0 0 4 0 0 1 6 0 10 7 0 0 0 0 0 2 0 1 0 0 2 0 36 0 0 3
预测:     0 0 0 0 5 0 0 1 0 0 4 0 0 1 6 0 10 7 0 0 0 0 0 2 0 1 0 0 2 0 36 0 0 3
准确率:    1.0000 (34/34)
----------------------------------------
输入:       D>LH> LMSV> MN KL DBJC WKLJ XJLK
目标:     0 1 0 0 4 0 0 1 6 0 10 7 0 0 0 0 0 2 0 1 0 0 2 0 36 0 0 3 0 0 0 5 0
预测:     0 1 0 0 4 0 0 1 6 0 10 7 0 0 0 0 0 2 0 1 0 0 2 0 36 0 0 3 0 0 0 5 0
准确率:    1.0000 (33/33)
----------------------------------------
⏳ 验证无提升 (验证准确率: 0.9653 ≤ 0.9655)，patience: 12/50

======================================================================
🚀 Epoch 79/200
======================================================================
📚 开始训练阶段...
训练进度: 500/3164 损失=0.0101
训练进度: 1000/3164 损失=0.0079
训练进度: 1500/3164 损失=0.0035
训练进度: 2000/3164 损失=0.0045
训练进度: 2500/3164 损失=0.0188
训练进度: 3000/3164 损失=0.0167
训练进度: 3164/3164 损失=0.0027
✅ 训练完成，耗时: 58.0秒 (1.0分钟)

============================================================
📊 验证决策: Epoch 79/200
   验证间隔: 1
   是否验证: ✅ 是
   原因: 达到验证间隔 (0 == 0)
============================================================

🔍 开始验证...
验证进度: 500/686 损失=0.6676
验证进度: 686/686 损失=0.1825

📊 预测分布分析:
  - 预测的前5个类别: {np.int64(0): 282360, np.int64(1): 37176, np.int64(2): 14650, np.int64(3): 10670, np.int64(4): 8950}
  - 标签的前5个类别: {np.int64(0): 281232, np.int64(1): 36731, np.int64(2): 14789, np.int64(3): 10866, np.int64(4): 8585}
✅ 验证完成，耗时: 4.7秒 (0.1分钟)
训练损失: 0.0135
验证损失: 0.4539
验证准确率: 0.9654 (10585/10964) - 与Levenshtein高度相关
验证F1(加权): 0.9646 - 类别平衡更好
学习率: 0.000067
显存使用: 0.47GB (预留: 0.69GB)

生成的训练样本:
--------------------------------------------------------------------------------
输入:       LK TWB TLT QWRJ> <L HLJN TLT
目标:     0 1 0 0 0 0 0 0 0 0 2 0 0 0 0 13 0 0 0 0 0 0 0 0 0 0 0 0 2
预测:     0 1 0 0 0 0 0 0 0 0 2 0 0 0 0 13 0 0 0 0 0 0 0 0 0 0 0 0 2
准确率:    1.0000 (29/29)
----------------------------------------
输入:       M> DL> >N DJN HWT YWRT> HD>
目标:     8 8 12 8 8 8 12 0 0 0 0 0 0 0 0 0 18 26 0 0 0 13 9 0 0 0 0 0
预测:     8 8 12 8 8 8 12 0 0 0 0 0 0 0 0 0 18 26 0 0 0 13 9 0 0 0 0 0
准确率:    1.0000 (28/28)
----------------------------------------
输入:       CQLH LH LBJCT> MN MY<T> >N GJR
目标:     0 0 0 29 12 0 1 12 0 1 0 0 2 9 0 0 0 0 0 0 0 13 9 0 0 0 0 0 0 0 0
预测:     0 0 0 29 12 0 1 12 0 1 0 0 2 9 0 0 0 0 0 0 0 13 9 0 0 0 0 0 0 0 0
准确率:    1.0000 (31/31)
----------------------------------------

生成的验证样本:
--------------------------------------------------------------------------------
输入:       YBJNH D>LH> LMSV> MN KL DBJC WKLJ
目标:     0 0 0 0 5 0 0 1 0 0 4 0 0 1 6 0 10 7 0 0 0 0 0 2 0 1 0 0 2 0 36 0 0 3
预测:     0 0 0 0 5 0 0 1 0 0 4 0 0 1 6 0 10 7 0 0 0 0 0 2 0 1 0 0 2 0 36 0 0 3
准确率:    1.0000 (34/34)
----------------------------------------
输入:       D>LH> LMSV> MN KL DBJC WKLJ XJLK
目标:     0 1 0 0 4 0 0 1 6 0 10 7 0 0 0 0 0 2 0 1 0 0 2 0 36 0 0 3 0 0 0 5 0
预测:     0 1 0 0 4 0 0 1 6 0 10 7 0 0 0 0 0 2 0 1 0 0 2 0 36 0 0 3 0 0 0 5 0
准确率:    1.0000 (33/33)
----------------------------------------
⏳ 验证无提升 (验证准确率: 0.9654 ≤ 0.9655)，patience: 13/50

======================================================================
🚀 Epoch 80/200
======================================================================
📚 开始训练阶段...
训练进度: 500/3164 损失=0.0141
训练进度: 1000/3164 损失=0.0086
训练进度: 1500/3164 损失=0.0064
训练进度: 2000/3164 损失=0.0231
训练进度: 2500/3164 损失=0.0105
训练进度: 3000/3164 损失=0.0109
训练进度: 3164/3164 损失=0.0303
✅ 训练完成，耗时: 58.1秒 (1.0分钟)

============================================================
📊 验证决策: Epoch 80/200
   验证间隔: 1
   是否验证: ✅ 是
   原因: 达到验证间隔 (0 == 0)
============================================================

🔍 开始验证...
验证进度: 500/686 损失=0.8070
验证进度: 686/686 损失=0.4695

📊 预测分布分析:
  - 预测的前5个类别: {np.int64(0): 282561, np.int64(1): 37261, np.int64(2): 14728, np.int64(3): 10537, np.int64(4): 8579}
  - 标签的前5个类别: {np.int64(0): 281232, np.int64(1): 36731, np.int64(2): 14789, np.int64(3): 10866, np.int64(4): 8585}
✅ 验证完成，耗时: 4.8秒 (0.1分钟)
训练损失: 0.0129
验证损失: 0.4564
验证准确率: 0.9654 (10584/10964) - 与Levenshtein高度相关
验证F1(加权): 0.9646 - 类别平衡更好
学习率: 0.000066
显存使用: 0.47GB (预留: 0.69GB)

生成的训练样本:
--------------------------------------------------------------------------------
输入:       >RMLT> MN CBV> DNPTLJ W>BWHJ GBR YJR
目标:     0 0 0 0 13 9 0 0 0 0 0 0 0 4 0 0 1 0 0 0 0 2 0 1 0 8 5 0 0 0 0 0 2 0 0 0 2
预测:     0 0 0 0 13 9 0 0 0 0 0 0 0 4 0 0 1 0 0 0 0 2 0 1 0 8 5 0 0 0 0 0 2 0 0 0 2
准确率:    1.0000 (37/37)
----------------------------------------
输入:       MRMRTWN MLT PWMH DMRJ> >LHN WRVNTWN MN
目标:     0 0 0 0 3 0 0 19 0 0 13 0 0 0 0 5 0 0 1 0 0 0 2 0 0 0 5 0 0 1 0 0 3 0 0 0 0 0 0
预测:     0 0 0 0 3 0 0 19 0 0 13 0 0 0 0 5 0 0 1 0 0 0 2 0 0 0 5 0 0 1 0 0 3 0 0 0 0 0 0
准确率:    1.0000 (39/39)
----------------------------------------
输入:       QLH W>MR CWM<WNJ MRJH DCKJM DNCM<KWN >LH>
目标:     0 0 5 0 0 1 0 0 3 6 8 0 0 3 1 0 0 0 0 13 1 12 0 1 0 0 0 2 0 1 6 0 0 29 0 0 0 0 0 0 4 0
预测:     0 0 5 0 0 1 0 0 3 6 8 0 0 3 1 0 0 0 0 13 1 12 0 1 0 0 0 2 0 1 6 0 0 29 0 0 0 0 0 0 4 0
准确率:    1.0000 (42/42)
----------------------------------------

生成的验证样本:
--------------------------------------------------------------------------------
输入:       YBJNH D>LH> LMSV> MN KL DBJC WKLJ
目标:     0 0 0 0 5 0 0 1 0 0 4 0 0 1 6 0 10 7 0 0 0 0 0 2 0 1 0 0 2 0 36 0 0 3
预测:     0 0 0 0 5 0 0 1 0 0 4 0 0 1 6 0 10 7 0 0 0 0 0 2 0 1 0 0 2 0 1 0 0 3
准确率:    0.9706 (33/34)
----------------------------------------
输入:       D>LH> LMSV> MN KL DBJC WKLJ XJLK
目标:     0 1 0 0 4 0 0 1 6 0 10 7 0 0 0 0 0 2 0 1 0 0 2 0 36 0 0 3 0 0 0 5 0
预测:     0 1 0 0 4 0 0 1 6 0 10 7 0 0 0 0 0 2 0 1 0 0 2 0 1 0 0 3 0 0 0 5 0
准确率:    0.9697 (32/33)
----------------------------------------
⏳ 验证无提升 (验证准确率: 0.9654 ≤ 0.9655)，patience: 14/50

======================================================================
🚀 Epoch 81/200
======================================================================
📚 开始训练阶段...
训练进度: 500/3164 损失=0.0228
训练进度: 1000/3164 损失=0.0075
训练进度: 1500/3164 损失=0.0372
训练进度: 2000/3164 损失=0.0237
训练进度: 2500/3164 损失=0.0259
训练进度: 3000/3164 损失=0.0266
训练进度: 3164/3164 损失=0.0021
✅ 训练完成，耗时: 58.1秒 (1.0分钟)

============================================================
📊 验证决策: Epoch 81/200
   验证间隔: 1
   是否验证: ✅ 是
   原因: 达到验证间隔 (0 == 0)
============================================================

🔍 开始验证...
验证进度: 500/686 损失=0.7347
验证进度: 686/686 损失=0.7255

📊 预测分布分析:
  - 预测的前5个类别: {np.int64(0): 282785, np.int64(1): 37088, np.int64(2): 14847, np.int64(3): 10730, np.int64(4): 8555}
  - 标签的前5个类别: {np.int64(0): 281232, np.int64(1): 36731, np.int64(2): 14789, np.int64(3): 10866, np.int64(4): 8585}
✅ 验证完成，耗时: 4.7秒 (0.1分钟)
训练损失: 0.0129
验证损失: 0.4558
验证准确率: 0.9655 (10585/10964) - 与Levenshtein高度相关
验证F1(加权): 0.9647 - 类别平衡更好
学习率: 0.000065
显存使用: 0.48GB (预留: 0.69GB)

生成的训练样本:
--------------------------------------------------------------------------------
输入:       WDXLW GBR> DBNJMJN MVL DXZW DQRBT <LJHWN
目标:     0 1 0 0 3 0 0 0 0 11 0 0 1 0 0 0 0 0 2 0 0 0 0 0 1 0 18 0 0 1 0 0 3 26 0 0 8 1 0 0 0
预测:     0 1 0 0 3 0 0 0 0 11 0 0 1 0 0 0 0 0 2 0 0 0 0 0 1 0 18 0 0 1 0 0 3 26 0 0 8 1 0 0 0
准确率:    1.0000 (41/41)
----------------------------------------
输入:       WL> MVR> WNXL> HN> NTML> MJ> W>CTW
目标:     0 1 0 0 0 0 0 4 0 0 1 0 0 4 0 0 0 0 0 0 21 14 0 10 3 0 24 9 0 0 168 0 0 18 0
预测:     0 1 0 0 0 0 0 4 0 0 1 0 0 4 0 0 0 0 0 0 21 14 0 10 3 0 24 9 0 0 168 0 0 18 0
准确率:    1.0000 (35/35)
----------------------------------------
输入:       DMRJ> DRGZ <LJN <L DL> CM<W >BHJN
目标:     0 1 0 0 0 2 0 1 0 0 3 0 0 8 1 0 0 0 0 0 1 0 0 0 0 0 3 0 0 0 8 2 1 0
预测:     0 1 0 0 0 2 0 1 0 0 3 0 0 8 1 0 0 0 0 0 1 0 0 0 0 0 3 0 0 0 8 2 1 0
准确率:    1.0000 (34/34)
----------------------------------------

生成的验证样本:
--------------------------------------------------------------------------------
输入:       YBJNH D>LH> LMSV> MN KL DBJC WKLJ
目标:     0 0 0 0 5 0 0 1 0 0 4 0 0 1 6 0 10 7 0 0 0 0 0 2 0 1 0 0 2 0 36 0 0 3
预测:     0 0 0 0 5 0 0 1 0 0 4 0 0 1 6 0 10 7 0 0 0 0 0 2 0 1 0 0 2 0 36 0 0 3
准确率:    1.0000 (34/34)
----------------------------------------
输入:       D>LH> LMSV> MN KL DBJC WKLJ XJLK
目标:     0 1 0 0 4 0 0 1 6 0 10 7 0 0 0 0 0 2 0 1 0 0 2 0 36 0 0 3 0 0 0 5 0
预测:     0 1 0 0 4 0 0 1 6 0 10 7 0 0 0 0 0 2 0 1 0 0 2 0 1 0 0 3 0 0 0 5 0
准确率:    0.9697 (32/33)
----------------------------------------
💾 保存新的最佳模型！验证准确率: 0.9655 (F1: 0.9647) (Epoch 81)

======================================================================
🚀 Epoch 82/200
======================================================================
📚 开始训练阶段...
训练进度: 500/3164 损失=0.0047
训练进度: 1000/3164 损失=0.0038
训练进度: 1500/3164 损失=0.0036
训练进度: 2000/3164 损失=0.0240
训练进度: 2500/3164 损失=0.0111
训练进度: 3000/3164 损失=0.0217
训练进度: 3164/3164 损失=0.0120
✅ 训练完成，耗时: 58.1秒 (1.0分钟)

============================================================
📊 验证决策: Epoch 82/200
   验证间隔: 1
   是否验证: ✅ 是
   原因: 达到验证间隔 (0 == 0)
============================================================

🔍 开始验证...
验证进度: 500/686 损失=0.6840
验证进度: 686/686 损失=0.2155

📊 预测分布分析:
  - 预测的前5个类别: {np.int64(0): 282591, np.int64(1): 37148, np.int64(2): 14720, np.int64(3): 10691, np.int64(4): 8594}
  - 标签的前5个类别: {np.int64(0): 281232, np.int64(1): 36731, np.int64(2): 14789, np.int64(3): 10866, np.int64(4): 8585}
✅ 验证完成，耗时: 4.8秒 (0.1分钟)
训练损失: 0.0128
验证损失: 0.4583
验证准确率: 0.9652 (10582/10964) - 与Levenshtein高度相关
验证F1(加权): 0.9645 - 类别平衡更好
学习率: 0.000065
显存使用: 0.47GB (预留: 0.69GB)

生成的训练样本:
--------------------------------------------------------------------------------
输入:       DNXC> WHKN> >P <L <MWD> >XRN> WKLH
目标:     0 1 0 0 4 0 0 1 0 0 0 0 0 0 0 0 0 0 0 0 0 0 4 0 0 0 0 38 4 0 0 1 0 5 12
预测:     0 1 0 0 4 0 0 1 0 0 0 0 0 0 0 0 0 0 0 0 0 0 4 0 0 0 0 38 4 0 0 1 0 5 12
准确率:    1.0000 (35/35)
----------------------------------------
输入:       CB< <DQWHJ DRJCJ BMCTJT> W>CTJT BNWL> W>MRT
目标:     0 0 0 2 0 0 0 96 1 0 0 0 1 0 0 5 0 0 1 0 0 0 22 9 0 0 1 17 0 0 3 26 0 1 0 0 4 0 0 1 0 0 3 26
预测:     0 0 0 2 0 0 0 96 1 0 0 0 1 0 0 5 0 0 1 0 0 0 22 9 0 0 1 17 0 0 3 26 0 1 0 0 4 0 0 1 0 0 3 26
准确率:    1.0000 (44/44)
----------------------------------------
输入:       MDM DMLJ> WNPCT> KD MTRGRGN WNXTN LW<DH
目标:     0 0 0 2 0 1 0 0 7 27 0 1 0 0 2 23 0 0 0 0 0 21 14 0 0 0 7 19 0 1 0 0 7 0 0 1 0 0 5 0
预测:     0 0 0 2 0 1 0 0 7 27 0 1 0 0 2 23 0 0 0 0 0 21 14 0 0 0 7 19 0 1 0 0 7 0 0 1 0 0 5 0
准确率:    1.0000 (40/40)
----------------------------------------

生成的验证样本:
--------------------------------------------------------------------------------
输入:       YBJNH D>LH> LMSV> MN KL DBJC WKLJ
目标:     0 0 0 0 5 0 0 1 0 0 4 0 0 1 6 0 10 7 0 0 0 0 0 2 0 1 0 0 2 0 36 0 0 3
预测:     0 0 0 0 5 0 0 1 0 0 4 0 0 1 6 0 10 7 0 0 0 0 0 2 0 1 0 0 2 0 36 0 0 3
准确率:    1.0000 (34/34)
----------------------------------------
输入:       D>LH> LMSV> MN KL DBJC WKLJ XJLK
目标:     0 1 0 0 4 0 0 1 6 0 10 7 0 0 0 0 0 2 0 1 0 0 2 0 36 0 0 3 0 0 0 5 0
预测:     0 1 0 0 4 0 0 1 6 0 10 7 0 0 0 0 0 2 0 1 0 0 2 0 36 0 0 3 0 0 0 5 0
准确率:    1.0000 (33/33)
----------------------------------------
⏳ 验证无提升 (验证准确率: 0.9652 ≤ 0.9655)，patience: 1/50

======================================================================
🚀 Epoch 83/200
======================================================================
📚 开始训练阶段...
训练进度: 500/3164 损失=0.0053
训练进度: 1000/3164 损失=0.0319
训练进度: 1500/3164 损失=0.0105
训练进度: 2000/3164 损失=0.0036
训练进度: 2500/3164 损失=0.0090
训练进度: 3000/3164 损失=0.0042
训练进度: 3164/3164 损失=0.0109
✅ 训练完成，耗时: 58.0秒 (1.0分钟)

============================================================
📊 验证决策: Epoch 83/200
   验证间隔: 1
   是否验证: ✅ 是
   原因: 达到验证间隔 (0 == 0)
============================================================

🔍 开始验证...
验证进度: 500/686 损失=0.6370
验证进度: 686/686 损失=0.6322

📊 预测分布分析:
  - 预测的前5个类别: {np.int64(0): 282427, np.int64(1): 37051, np.int64(2): 14729, np.int64(3): 10899, np.int64(4): 8900}
  - 标签的前5个类别: {np.int64(0): 281232, np.int64(1): 36731, np.int64(2): 14789, np.int64(3): 10866, np.int64(4): 8585}
✅ 验证完成，耗时: 4.8秒 (0.1分钟)
训练损失: 0.0126
验证损失: 0.4567
验证准确率: 0.9653 (10583/10964) - 与Levenshtein高度相关
验证F1(加权): 0.9645 - 类别平衡更好
学习率: 0.000064
显存使用: 0.48GB (预留: 0.69GB)

生成的训练样本:
--------------------------------------------------------------------------------
输入:       LN HLJN KWLHJN W>JK> >NJN KLHJN TDMRTH
目标:     0 1 0 0 0 0 0 0 0 8 0 5 0 0 0 0 1 0 0 0 0 0 0 0 0 0 0 0 5 0 0 0 0 0 0 31 13 32 0
预测:     0 1 0 0 0 0 0 0 0 8 0 5 0 0 0 0 1 0 0 0 0 0 0 0 0 0 0 0 5 0 0 0 0 0 0 31 13 32 0
准确率:    1.0000 (39/39)
----------------------------------------
输入:       MN MRJ> WLJT DTQJP >JK >LHN >LH>
目标:     0 0 0 0 0 0 0 2 0 1 58 0 24 0 1 0 8 0 40 0 0 0 0 0 0 0 5 0 0 0 0 4 0
预测:     0 0 0 0 0 0 0 2 0 1 58 0 24 0 1 0 8 0 40 0 0 0 0 0 0 0 5 0 0 0 0 4 0
准确率:    1.0000 (33/33)
----------------------------------------
输入:       MRJ> LDWJD >BJ XLP DHWT BLBK LMBN>
目标:     0 0 0 0 2 0 1 0 0 0 2 0 0 5 0 0 0 0 2 0 1 0 18 26 0 1 0 5 0 0 1 6 0 10 7
预测:     0 0 0 0 2 0 1 0 0 0 2 0 0 5 0 0 0 0 2 0 1 0 18 26 0 1 0 5 0 0 1 6 0 10 7
准确率:    1.0000 (35/35)
----------------------------------------

生成的验证样本:
--------------------------------------------------------------------------------
输入:       YBJNH D>LH> LMSV> MN KL DBJC WKLJ
目标:     0 0 0 0 5 0 0 1 0 0 4 0 0 1 6 0 10 7 0 0 0 0 0 2 0 1 0 0 2 0 36 0 0 3
预测:     0 0 0 0 5 0 0 1 0 0 4 0 0 1 6 0 10 7 0 0 0 0 0 2 0 1 0 0 2 0 36 0 0 3
准确率:    1.0000 (34/34)
----------------------------------------
输入:       D>LH> LMSV> MN KL DBJC WKLJ XJLK
目标:     0 1 0 0 4 0 0 1 6 0 10 7 0 0 0 0 0 2 0 1 0 0 2 0 36 0 0 3 0 0 0 5 0
预测:     0 1 0 0 4 0 0 1 6 0 10 7 0 0 0 0 0 2 0 1 0 0 2 0 36 0 0 3 0 0 0 5 0
准确率:    1.0000 (33/33)
----------------------------------------
⏳ 验证无提升 (验证准确率: 0.9653 ≤ 0.9655)，patience: 2/50

======================================================================
🚀 Epoch 84/200
======================================================================
📚 开始训练阶段...
训练进度: 500/3164 损失=0.0282
训练进度: 1000/3164 损失=0.0080
训练进度: 1500/3164 损失=0.0107
训练进度: 2000/3164 损失=0.0023
训练进度: 2500/3164 损失=0.0090
训练进度: 3000/3164 损失=0.0163
训练进度: 3164/3164 损失=0.0007
✅ 训练完成，耗时: 58.0秒 (1.0分钟)

============================================================
📊 验证决策: Epoch 84/200
   验证间隔: 1
   是否验证: ✅ 是
   原因: 达到验证间隔 (0 == 0)
============================================================

🔍 开始验证...
验证进度: 500/686 损失=0.6221
验证进度: 686/686 损失=0.5722

📊 预测分布分析:
  - 预测的前5个类别: {np.int64(0): 282855, np.int64(1): 37087, np.int64(2): 14658, np.int64(3): 10781, np.int64(4): 8713}
  - 标签的前5个类别: {np.int64(0): 281232, np.int64(1): 36731, np.int64(2): 14789, np.int64(3): 10866, np.int64(4): 8585}
✅ 验证完成，耗时: 4.8秒 (0.1分钟)
训练损失: 0.0124
验证损失: 0.4579
验证准确率: 0.9655 (10585/10964) - 与Levenshtein高度相关
验证F1(加权): 0.9647 - 类别平衡更好
学习率: 0.000063
显存使用: 0.47GB (预留: 0.69GB)

生成的训练样本:
--------------------------------------------------------------------------------
输入:       WKLH KNWCT> D>JSR>JL D>TW<DW LWTH QJMJN <MH
目标:     0 1 0 5 12 0 0 0 0 13 9 0 0 1 0 0 0 8 0 0 2 0 1 0 14 0 0 33 19 0 0 0 1 0 0 20 0 7 0 0 0 0 1 0
预测:     0 1 0 5 12 0 0 0 0 13 9 0 0 1 0 0 0 8 0 0 2 0 1 0 14 0 0 33 19 0 0 0 1 0 0 20 0 7 0 0 0 0 1 0
准确率:    1.0000 (44/44)
----------------------------------------
输入:       >JSRJL L>DWNJRM D<L MD>T> WRGMWHJ KLHWN DBJT
目标:     0 0 0 0 0 0 2 0 1 0 0 0 0 0 0 2 0 1 0 0 0 0 0 13 9 0 0 1 0 0 3 1 0 0 0 0 5 0 0 0 0 1 0 0 2
预测:     0 0 0 0 0 0 2 0 1 0 0 0 0 0 0 2 0 1 0 0 0 0 0 13 9 0 0 1 0 0 3 1 0 0 0 0 5 0 0 0 0 1 0 0 2
准确率:    1.0000 (45/45)
----------------------------------------
输入:       W>T> G<L BR <PR W>XWHJ W<BR BCKJM
目标:     0 1 0 10 3 0 0 0 2 0 0 2 0 0 0 22 0 1 0 25 1 0 0 0 1 0 0 3 0 1 0 0 0 2
预测:     0 1 0 10 3 0 0 0 2 0 0 2 0 0 0 22 0 1 0 25 1 0 0 0 1 0 0 3 0 1 0 0 0 2
准确率:    1.0000 (34/34)
----------------------------------------

生成的验证样本:
--------------------------------------------------------------------------------
输入:       YBJNH D>LH> LMSV> MN KL DBJC WKLJ
目标:     0 0 0 0 5 0 0 1 0 0 4 0 0 1 6 0 10 7 0 0 0 0 0 2 0 1 0 0 2 0 36 0 0 3
预测:     0 0 0 0 5 0 0 1 0 0 4 0 0 1 6 0 10 7 0 0 0 0 0 2 0 1 0 0 2 0 36 0 0 3
准确率:    1.0000 (34/34)
----------------------------------------
输入:       D>LH> LMSV> MN KL DBJC WKLJ XJLK
目标:     0 1 0 0 4 0 0 1 6 0 10 7 0 0 0 0 0 2 0 1 0 0 2 0 36 0 0 3 0 0 0 5 0
预测:     0 1 0 0 4 0 0 1 6 0 10 7 0 0 0 0 0 2 0 1 0 0 2 0 36 0 0 3 0 0 0 5 0
准确率:    1.0000 (33/33)
----------------------------------------
💾 保存新的最佳模型！验证准确率: 0.9655 (F1: 0.9647) (Epoch 84)

======================================================================
🚀 Epoch 85/200
======================================================================
📚 开始训练阶段...
训练进度: 500/3164 损失=0.0282
训练进度: 1000/3164 损失=0.0170
训练进度: 1500/3164 损失=0.0031
训练进度: 2000/3164 损失=0.0167
训练进度: 2500/3164 损失=0.0124
训练进度: 3000/3164 损失=0.0123
训练进度: 3164/3164 损失=0.0074
✅ 训练完成，耗时: 58.1秒 (1.0分钟)

============================================================
📊 验证决策: Epoch 85/200
   验证间隔: 1
   是否验证: ✅ 是
   原因: 达到验证间隔 (0 == 0)
============================================================

🔍 开始验证...
验证进度: 500/686 损失=0.7916
验证进度: 686/686 损失=0.4005

📊 预测分布分析:
  - 预测的前5个类别: {np.int64(0): 282496, np.int64(1): 37150, np.int64(2): 14696, np.int64(3): 10860, np.int64(4): 8776}
  - 标签的前5个类别: {np.int64(0): 281232, np.int64(1): 36731, np.int64(2): 14789, np.int64(3): 10866, np.int64(4): 8585}
✅ 验证完成，耗时: 4.8秒 (0.1分钟)
训练损失: 0.0121
验证损失: 0.4620
验证准确率: 0.9651 (10581/10964) - 与Levenshtein高度相关
验证F1(加权): 0.9644 - 类别平衡更好
学习率: 0.000062
显存使用: 0.48GB (预留: 0.69GB)

生成的训练样本:
--------------------------------------------------------------------------------
输入:       >DWM MN TXJT >JD> DJHWD> <DM> LJWMN>
目标:     0 0 0 0 2 0 0 0 0 0 8 0 0 8 0 0 4 0 0 1 0 0 0 0 2 0 0 0 0 0 0 1 0 0 0 4 0
预测:     0 0 0 0 2 0 0 0 0 0 8 0 0 8 0 0 4 0 0 1 0 0 0 0 2 0 0 0 0 0 0 1 0 0 0 4 0
准确率:    1.0000 (37/37)
----------------------------------------
输入:       TQJPT> W<BD MRJ> >TWT> WTDMRT> RWRBT> WBJCT>
目标:     0 0 8 0 7 9 27 0 1 0 0 3 0 0 0 0 2 0 0 8 2 23 0 0 1 0 0 31 13 23 0 0 0 0 0 2 23 0 0 1 0 0 2 23 0
预测:     0 0 8 0 7 9 27 0 1 0 0 3 0 0 0 0 2 0 0 8 2 23 0 0 1 0 0 31 13 23 0 0 0 0 0 2 23 0 0 1 0 0 2 23 0
准确率:    1.0000 (45/45)
----------------------------------------
输入:       W>TKRH WCDR >JZGD> W>MR LHWN ZLW C>LW
目标:     0 1 0 14 0 0 3 0 1 0 0 16 0 0 0 0 0 11 0 0 1 0 0 3 0 1 0 0 0 21 0 3 0 6 0 0 3 0
预测:     0 1 0 14 0 0 3 0 1 0 0 16 0 0 0 0 0 11 0 0 1 0 0 3 0 1 0 0 0 21 0 3 0 6 0 0 3 0
准确率:    1.0000 (38/38)
----------------------------------------

生成的验证样本:
--------------------------------------------------------------------------------
输入:       YBJNH D>LH> LMSV> MN KL DBJC WKLJ
目标:     0 0 0 0 5 0 0 1 0 0 4 0 0 1 6 0 10 7 0 0 0 0 0 2 0 1 0 0 2 0 36 0 0 3
预测:     0 0 0 0 5 0 0 1 0 0 4 0 0 1 6 0 10 7 0 0 0 0 0 2 0 1 0 0 2 0 36 0 0 3
准确率:    1.0000 (34/34)
----------------------------------------
输入:       D>LH> LMSV> MN KL DBJC WKLJ XJLK
目标:     0 1 0 0 4 0 0 1 6 0 10 7 0 0 0 0 0 2 0 1 0 0 2 0 36 0 0 3 0 0 0 5 0
预测:     0 1 0 0 4 0 0 1 6 0 10 7 0 0 0 0 0 2 0 1 0 0 2 0 36 0 0 3 0 0 0 5 0
准确率:    1.0000 (33/33)
----------------------------------------
⏳ 验证无提升 (验证准确率: 0.9651 ≤ 0.9655)，patience: 1/50

======================================================================
🚀 Epoch 86/200
======================================================================
📚 开始训练阶段...
训练进度: 500/3164 损失=0.0036
训练进度: 1000/3164 损失=0.0447
训练进度: 1500/3164 损失=0.0037
训练进度: 2000/3164 损失=0.0056
训练进度: 2500/3164 损失=0.0150
训练进度: 3000/3164 损失=0.0128
训练进度: 3164/3164 损失=0.0074
✅ 训练完成，耗时: 58.2秒 (1.0分钟)

============================================================
📊 验证决策: Epoch 86/200
   验证间隔: 1
   是否验证: ✅ 是
   原因: 达到验证间隔 (0 == 0)
============================================================

🔍 开始验证...
验证进度: 500/686 损失=0.8852
验证进度: 686/686 损失=0.2984

📊 预测分布分析:
  - 预测的前5个类别: {np.int64(0): 282289, np.int64(1): 37129, np.int64(2): 14784, np.int64(3): 10616, np.int64(4): 8879}
  - 标签的前5个类别: {np.int64(0): 281232, np.int64(1): 36731, np.int64(2): 14789, np.int64(3): 10866, np.int64(4): 8585}
✅ 验证完成，耗时: 4.8秒 (0.1分钟)
训练损失: 0.0117
验证损失: 0.4590
验证准确率: 0.9654 (10584/10964) - 与Levenshtein高度相关
验证F1(加权): 0.9647 - 类别平衡更好
学习率: 0.000062
显存使用: 0.47GB (预留: 0.69GB)

生成的训练样本:
--------------------------------------------------------------------------------
输入:       DQRJT> LGBR> HW WNRDWNH WNXSRWNH M>> DKSP>
目标:     0 1 0 0 22 9 0 0 1 0 0 4 0 0 0 12 0 1 6 0 18 0 1 0 0 1 6 0 0 3 0 67 0 0 0 0 2 0 1 0 0 4 0
预测:     0 1 0 0 22 9 0 0 1 0 0 4 0 0 0 12 0 1 6 0 18 0 1 0 0 1 6 0 0 3 0 67 0 0 0 0 2 0 1 0 0 4 0
准确率:    1.0000 (43/43)
----------------------------------------
输入:       LK WQDMW MXR WZLW LMCKNKWN WL> YB>
目标:     0 1 0 0 36 0 0 33 19 0 0 0 0 0 121 0 3 0 0 1 0 0 0 5 0 0 0 0 1 0 0 0 0 10 3
预测:     0 1 0 0 36 0 0 33 19 0 0 0 0 0 121 0 3 0 0 1 0 0 0 5 0 0 0 0 1 0 0 0 0 10 3
准确率:    1.0000 (35/35)
----------------------------------------
输入:       NMWT D<QR MDBXH DB<L> WPSQ >STR> D<LWHJ
目标:     0 44 0 0 3 0 1 0 0 3 0 0 0 0 5 0 0 1 0 0 4 0 0 1 0 0 16 0 0 0 0 111 0 0 1 0 8 1 0 0
预测:     0 44 0 0 3 0 1 0 0 3 0 0 0 0 5 0 0 1 0 0 4 0 0 1 0 0 16 0 0 0 0 111 0 0 1 0 8 1 0 0
准确率:    1.0000 (40/40)
----------------------------------------

生成的验证样本:
--------------------------------------------------------------------------------
输入:       YBJNH D>LH> LMSV> MN KL DBJC WKLJ
目标:     0 0 0 0 5 0 0 1 0 0 4 0 0 1 6 0 10 7 0 0 0 0 0 2 0 1 0 0 2 0 36 0 0 3
预测:     0 0 0 0 5 0 0 1 0 0 4 0 0 1 6 0 10 7 0 0 0 0 0 2 0 1 0 0 2 0 36 0 0 3
准确率:    1.0000 (34/34)
----------------------------------------
输入:       D>LH> LMSV> MN KL DBJC WKLJ XJLK
目标:     0 1 0 0 4 0 0 1 6 0 10 7 0 0 0 0 0 2 0 1 0 0 2 0 36 0 0 3 0 0 0 5 0
预测:     0 1 0 0 4 0 0 1 6 0 10 7 0 0 0 0 0 2 0 1 0 0 2 0 36 0 0 3 0 0 0 5 0
准确率:    1.0000 (33/33)
----------------------------------------
⏳ 验证无提升 (验证准确率: 0.9654 ≤ 0.9655)，patience: 2/50

======================================================================
🚀 Epoch 87/200
======================================================================
📚 开始训练阶段...
训练进度: 500/3164 损失=0.0305
训练进度: 1000/3164 损失=0.0642
训练进度: 1500/3164 损失=0.0184
训练进度: 2000/3164 损失=0.0126
训练进度: 2500/3164 损失=0.0078
训练进度: 3000/3164 损失=0.0085
训练进度: 3164/3164 损失=0.0029
✅ 训练完成，耗时: 58.1秒 (1.0分钟)

============================================================
📊 验证决策: Epoch 87/200
   验证间隔: 1
   是否验证: ✅ 是
   原因: 达到验证间隔 (0 == 0)
============================================================

🔍 开始验证...
验证进度: 500/686 损失=0.6321
验证进度: 686/686 损失=0.6130

📊 预测分布分析:
  - 预测的前5个类别: {np.int64(0): 282148, np.int64(1): 37071, np.int64(2): 14807, np.int64(3): 10859, np.int64(4): 8775}
  - 标签的前5个类别: {np.int64(0): 281232, np.int64(1): 36731, np.int64(2): 14789, np.int64(3): 10866, np.int64(4): 8585}
✅ 验证完成，耗时: 4.7秒 (0.1分钟)
训练损失: 0.0110
验证损失: 0.4689
验证准确率: 0.9656 (10586/10964) - 与Levenshtein高度相关
验证F1(加权): 0.9649 - 类别平衡更好
学习率: 0.000061
显存使用: 0.48GB (预留: 0.69GB)

生成的训练样本:
--------------------------------------------------------------------------------
输入:       MN >R<> TWBD WZR<HWN MN BNJ >NC>
目标:     0 0 0 0 0 0 4 0 0 68 0 0 3 0 1 0 0 5 0 0 0 0 0 0 0 0 2 0 0 0 0 4 0
预测:     0 0 0 0 0 0 4 0 0 68 0 0 3 0 1 0 0 5 0 0 0 0 0 0 0 0 2 0 0 0 0 4 0
准确率:    1.0000 (33/33)
----------------------------------------
输入:       LDJN> NTQVL GBR> HW W>WBDW <BDJ BJCT>
目标:     0 1 0 0 55 0 0 21 14 0 0 3 0 0 0 4 0 0 0 12 0 36 59 0 0 3 0 0 0 0 7 0 0 0 0 2 23 0
预测:     0 1 0 0 55 0 0 21 14 0 0 3 0 0 0 4 0 0 0 12 0 36 59 0 0 3 0 0 0 0 7 0 0 0 0 2 23 0
准确率:    1.0000 (38/38)
----------------------------------------
输入:       RWRBJN BDQJ LB> GD B<BR> DJWRDNN CR>
目标:     0 0 0 0 2 0 0 0 0 0 22 0 0 0 4 0 0 0 2 0 1 0 0 15 0 0 1 0 0 0 0 0 2 0 0 10 3
预测:     0 0 0 0 2 0 0 0 0 0 22 0 0 0 4 0 0 0 2 0 1 0 0 15 0 0 1 0 0 0 0 0 2 0 0 10 3
准确率:    1.0000 (37/37)
----------------------------------------

生成的验证样本:
--------------------------------------------------------------------------------
输入:       YBJNH D>LH> LMSV> MN KL DBJC WKLJ
目标:     0 0 0 0 5 0 0 1 0 0 4 0 0 1 6 0 10 7 0 0 0 0 0 2 0 1 0 0 2 0 36 0 0 3
预测:     0 0 0 0 5 0 0 1 0 0 4 0 0 1 6 0 10 7 0 0 0 0 0 2 0 1 0 0 2 0 36 0 0 3
准确率:    1.0000 (34/34)
----------------------------------------
输入:       D>LH> LMSV> MN KL DBJC WKLJ XJLK
目标:     0 1 0 0 4 0 0 1 6 0 10 7 0 0 0 0 0 2 0 1 0 0 2 0 36 0 0 3 0 0 0 5 0
预测:     0 1 0 0 4 0 0 1 6 0 10 7 0 0 0 0 0 2 0 1 0 0 2 0 36 0 0 3 0 0 0 5 0
准确率:    1.0000 (33/33)
----------------------------------------
💾 保存新的最佳模型！验证准确率: 0.9656 (F1: 0.9649) (Epoch 87)

======================================================================
🚀 Epoch 88/200
======================================================================
📚 开始训练阶段...
训练进度: 500/3164 损失=0.0103
训练进度: 1000/3164 损失=0.0012
训练进度: 1500/3164 损失=0.0066
训练进度: 2000/3164 损失=0.0118
训练进度: 2500/3164 损失=0.0063
训练进度: 3000/3164 损失=0.0202
训练进度: 3164/3164 损失=0.0087
✅ 训练完成，耗时: 58.2秒 (1.0分钟)

============================================================
📊 验证决策: Epoch 88/200
   验证间隔: 1
   是否验证: ✅ 是
   原因: 达到验证间隔 (0 == 0)
============================================================

🔍 开始验证...
验证进度: 500/686 损失=0.7142
验证进度: 686/686 损失=0.6077

📊 预测分布分析:
  - 预测的前5个类别: {np.int64(0): 282523, np.int64(1): 37228, np.int64(2): 14689, np.int64(3): 10888, np.int64(4): 8487}
  - 标签的前5个类别: {np.int64(0): 281232, np.int64(1): 36731, np.int64(2): 14789, np.int64(3): 10866, np.int64(4): 8585}
✅ 验证完成，耗时: 4.7秒 (0.1分钟)
训练损失: 0.0112
验证损失: 0.4680
验证准确率: 0.9653 (10583/10964) - 与Levenshtein高度相关
验证F1(加权): 0.9646 - 类别平衡更好
学习率: 0.000060
显存使用: 0.48GB (预留: 0.69GB)

生成的训练样本:
--------------------------------------------------------------------------------
输入:       NMWS> HN> QDM KWLH >JSRJL B>DNJHWN KNCJHJ
目标:     0 0 0 0 4 0 0 0 0 0 0 0 0 2 0 8 0 5 0 0 0 0 0 0 0 2 0 1 0 0 2 1 0 0 0 6 0 0 86 0 0 0
预测:     0 0 0 0 4 0 0 0 0 0 0 0 0 2 0 8 0 5 0 0 0 0 0 0 0 2 0 1 0 0 2 1 0 0 0 6 0 0 86 0 0 0
准确率:    1.0000 (42/42)
----------------------------------------
输入:       >BJTR KHN> >T> W>MR LH >DWNJ> <WL
目标:     0 0 0 0 0 2 0 0 0 4 0 0 0 10 3 0 1 0 0 3 0 1 0 0 0 0 0 0 0 2 6 8 0 53
预测:     0 0 0 0 0 2 0 0 0 4 0 0 0 10 3 0 1 0 0 3 0 1 0 0 0 0 0 0 0 2 6 8 0 53
准确率:    1.0000 (34/34)
----------------------------------------
输入:       CB<JN GBRJN <L K>P> XD> W>CTXR JWTM
目标:     0 0 0 2 0 0 0 0 0 2 0 0 0 0 0 0 0 0 4 0 0 0 2 0 0 1 47 39 101 0 3 0 0 0 0 2
预测:     0 0 0 2 0 0 0 0 0 2 0 0 0 0 0 0 0 0 4 0 0 0 2 0 0 1 47 39 101 0 3 0 0 0 0 2
准确率:    1.0000 (36/36)
----------------------------------------

生成的验证样本:
--------------------------------------------------------------------------------
输入:       YBJNH D>LH> LMSV> MN KL DBJC WKLJ
目标:     0 0 0 0 5 0 0 1 0 0 4 0 0 1 6 0 10 7 0 0 0 0 0 2 0 1 0 0 2 0 36 0 0 3
预测:     0 0 0 0 5 0 0 1 0 0 4 0 0 1 6 0 10 7 0 0 0 0 0 2 0 1 0 0 2 0 36 0 0 3
准确率:    1.0000 (34/34)
----------------------------------------
输入:       D>LH> LMSV> MN KL DBJC WKLJ XJLK
目标:     0 1 0 0 4 0 0 1 6 0 10 7 0 0 0 0 0 2 0 1 0 0 2 0 36 0 0 3 0 0 0 5 0
预测:     0 1 0 0 4 0 0 1 6 0 10 7 0 0 0 0 0 2 0 1 0 0 2 0 1 0 0 3 0 0 0 5 0
准确率:    0.9697 (32/33)
----------------------------------------
⏳ 验证无提升 (验证准确率: 0.9653 ≤ 0.9656)，patience: 1/50

======================================================================
🚀 Epoch 89/200
======================================================================
📚 开始训练阶段...
训练进度: 500/3164 损失=0.0209
训练进度: 1000/3164 损失=0.0041
训练进度: 1500/3164 损失=0.0011
训练进度: 2000/3164 损失=0.0030
训练进度: 2500/3164 损失=0.0081
训练进度: 3000/3164 损失=0.0107
训练进度: 3164/3164 损失=0.0026
✅ 训练完成，耗时: 58.2秒 (1.0分钟)

============================================================
📊 验证决策: Epoch 89/200
   验证间隔: 1
   是否验证: ✅ 是
   原因: 达到验证间隔 (0 == 0)
============================================================

🔍 开始验证...
验证进度: 500/686 损失=0.6727
验证进度: 686/686 损失=0.3022

📊 预测分布分析:
  - 预测的前5个类别: {np.int64(0): 282474, np.int64(1): 37149, np.int64(2): 14703, np.int64(3): 10890, np.int64(4): 8762}
  - 标签的前5个类别: {np.int64(0): 281232, np.int64(1): 36731, np.int64(2): 14789, np.int64(3): 10866, np.int64(4): 8585}
✅ 验证完成，耗时: 4.7秒 (0.1分钟)
训练损失: 0.0106
验证损失: 0.4745
验证准确率: 0.9655 (10586/10964) - 与Levenshtein高度相关
验证F1(加权): 0.9648 - 类别平衡更好
学习率: 0.000059
显存使用: 0.48GB (预留: 0.69GB)

生成的训练样本:
--------------------------------------------------------------------------------
输入:       BSR> BKWLHJN >RGJGT> DNPCK T>KWL BSR> W>N
目标:     0 0 0 4 0 0 1 8 0 5 0 0 0 8 0 0 8 0 7 23 0 0 1 0 0 5 0 0 6 0 8 0 3 0 0 0 4 0 0 1 0 0
预测:     0 0 0 4 0 0 1 8 0 5 0 0 0 8 0 0 8 0 7 23 0 0 1 0 0 5 0 0 6 0 8 0 3 0 0 0 4 0 0 1 0 0
准确率:    1.0000 (42/42)
----------------------------------------
输入:       MLK> RXB<M BSB> DQJMJN HWW QDM >BWHJ
目标:     0 0 0 4 0 0 0 0 0 0 2 0 1 0 11 0 0 1 20 0 7 0 0 0 0 18 0 0 0 0 2 0 0 8 5 0 0
预测:     0 0 0 4 0 0 0 0 0 0 2 0 1 0 11 0 0 1 20 0 7 0 0 0 0 18 0 0 0 0 2 0 0 8 5 0 0
准确率:    1.0000 (37/37)
----------------------------------------
输入:       QDMJHWN W>QJMWHJ BJNT <MWD> W>MR CMCWN LVLJ>
目标:     0 0 0 2 1 0 0 0 0 1 17 20 0 3 1 0 0 0 0 0 2 12 0 0 0 0 11 0 0 1 0 0 3 0 0 0 0 0 2 0 1 0 0 4 0
预测:     0 0 0 2 1 0 0 0 0 1 17 20 0 3 1 0 0 0 0 0 2 12 0 0 0 0 11 0 0 1 0 0 3 0 0 0 0 0 2 0 1 0 0 4 0
准确率:    1.0000 (45/45)
----------------------------------------

生成的验证样本:
--------------------------------------------------------------------------------
输入:       YBJNH D>LH> LMSV> MN KL DBJC WKLJ
目标:     0 0 0 0 5 0 0 1 0 0 4 0 0 1 6 0 10 7 0 0 0 0 0 2 0 1 0 0 2 0 36 0 0 3
预测:     0 0 0 0 5 0 0 1 0 0 4 0 0 1 6 0 10 7 0 0 0 0 0 2 0 1 0 0 2 0 36 0 0 3
准确率:    1.0000 (34/34)
----------------------------------------
输入:       D>LH> LMSV> MN KL DBJC WKLJ XJLK
目标:     0 1 0 0 4 0 0 1 6 0 10 7 0 0 0 0 0 2 0 1 0 0 2 0 36 0 0 3 0 0 0 5 0
预测:     0 1 0 0 4 0 0 1 6 0 10 7 0 0 0 0 0 2 0 1 0 0 2 0 1 0 0 3 0 0 0 5 0
准确率:    0.9697 (32/33)
----------------------------------------
⏳ 验证无提升 (验证准确率: 0.9655 ≤ 0.9656)，patience: 2/50

======================================================================
🚀 Epoch 90/200
======================================================================
📚 开始训练阶段...
训练进度: 500/3164 损失=0.0070
训练进度: 1000/3164 损失=0.0003
训练进度: 1500/3164 损失=0.0088
训练进度: 2000/3164 损失=0.0093
训练进度: 2500/3164 损失=0.0098
训练进度: 3000/3164 损失=0.0636
训练进度: 3164/3164 损失=0.0140
✅ 训练完成，耗时: 58.2秒 (1.0分钟)

============================================================
📊 验证决策: Epoch 90/200
   验证间隔: 1
   是否验证: ✅ 是
   原因: 达到验证间隔 (0 == 0)
============================================================

🔍 开始验证...
验证进度: 500/686 损失=0.7930
验证进度: 686/686 损失=0.3542

📊 预测分布分析:
  - 预测的前5个类别: {np.int64(0): 282674, np.int64(1): 37064, np.int64(2): 14660, np.int64(3): 10708, np.int64(4): 8854}
  - 标签的前5个类别: {np.int64(0): 281232, np.int64(1): 36731, np.int64(2): 14789, np.int64(3): 10866, np.int64(4): 8585}
✅ 验证完成，耗时: 4.7秒 (0.1分钟)
训练损失: 0.0105
验证损失: 0.4717
验证准确率: 0.9656 (10586/10964) - 与Levenshtein高度相关
验证F1(加权): 0.9648 - 类别平衡更好
学习率: 0.000058
显存使用: 0.48GB (预留: 0.69GB)

生成的训练样本:
--------------------------------------------------------------------------------
输入:       WMN DN<WL <M XBRH L<B> DQJS> LMPSQ
目标:     0 1 0 12 0 1 6 8 0 53 0 0 0 0 0 0 5 0 0 1 0 4 0 0 1 0 0 11 0 0 1 6 0 0 7
预测:     0 1 0 12 0 1 6 8 0 53 0 0 0 0 0 0 5 0 0 1 0 4 0 0 1 0 0 11 0 0 1 6 0 0 7
准确率:    1.0000 (35/35)
----------------------------------------
输入:       DTWR> BCL BSR> WJHB L<M> W>KLW WQM
目标:     0 1 0 0 11 0 0 0 0 16 0 0 0 4 0 0 1 0 0 3 0 1 0 15 0 0 1 0 0 3 0 0 1 31 3
预测:     0 1 0 0 11 0 0 0 0 16 0 0 0 4 0 0 1 0 0 3 0 1 0 15 0 0 1 0 0 3 0 0 1 31 3
准确率:    1.0000 (35/35)
----------------------------------------
输入:       QRJTK MVL D<NJTNJ >LH> YLJ >DNK LWTJ
目标:     0 0 0 3 1 0 0 0 0 0 0 1 0 0 3 32 0 0 0 0 0 4 0 6 0 0 139 0 0 0 5 0 0 0 0 1 0
预测:     0 0 0 3 1 0 0 0 0 0 0 1 0 0 3 32 0 0 0 0 0 4 0 6 0 0 139 0 0 0 5 0 0 0 0 1 0
准确率:    1.0000 (37/37)
----------------------------------------

生成的验证样本:
--------------------------------------------------------------------------------
输入:       YBJNH D>LH> LMSV> MN KL DBJC WKLJ
目标:     0 0 0 0 5 0 0 1 0 0 4 0 0 1 6 0 10 7 0 0 0 0 0 2 0 1 0 0 2 0 36 0 0 3
预测:     0 0 0 0 5 0 0 1 0 0 4 0 0 1 6 0 10 7 0 0 0 0 0 2 0 1 0 0 2 0 36 0 0 3
准确率:    1.0000 (34/34)
----------------------------------------
输入:       D>LH> LMSV> MN KL DBJC WKLJ XJLK
目标:     0 1 0 0 4 0 0 1 6 0 10 7 0 0 0 0 0 2 0 1 0 0 2 0 36 0 0 3 0 0 0 5 0
预测:     0 1 0 0 4 0 0 1 6 0 10 7 0 0 0 0 0 2 0 1 0 0 2 0 36 0 0 3 0 0 0 5 0
准确率:    1.0000 (33/33)
----------------------------------------
💾 保存新的最佳模型！验证准确率: 0.9656 (F1: 0.9648) (Epoch 90)

======================================================================
🚀 Epoch 91/200
======================================================================
📚 开始训练阶段...
训练进度: 500/3164 损失=0.0081
训练进度: 1000/3164 损失=0.0154
训练进度: 1500/3164 损失=0.0147
训练进度: 2000/3164 损失=0.0099
训练进度: 2500/3164 损失=0.0116
训练进度: 3000/3164 损失=0.0461
训练进度: 3164/3164 损失=0.0069
✅ 训练完成，耗时: 58.0秒 (1.0分钟)

============================================================
📊 验证决策: Epoch 91/200
   验证间隔: 1
   是否验证: ✅ 是
   原因: 达到验证间隔 (0 == 0)
============================================================

🔍 开始验证...
验证进度: 500/686 损失=0.8241
验证进度: 686/686 损失=0.2478

📊 预测分布分析:
  - 预测的前5个类别: {np.int64(0): 282301, np.int64(1): 37046, np.int64(2): 14773, np.int64(3): 10918, np.int64(4): 8896}
  - 标签的前5个类别: {np.int64(0): 281232, np.int64(1): 36731, np.int64(2): 14789, np.int64(3): 10866, np.int64(4): 8585}
✅ 验证完成，耗时: 4.7秒 (0.1分钟)
训练损失: 0.0104
验证损失: 0.4743
验证准确率: 0.9658 (10588/10964) - 与Levenshtein高度相关
验证F1(加权): 0.9651 - 类别平衡更好
学习率: 0.000058
显存使用: 0.48GB (预留: 0.69GB)

生成的训练样本:
--------------------------------------------------------------------------------
输入:       SNJN> XMC MN JMJN> WXMC MN SML>
目标:     0 0 8 0 43 27 0 0 0 2 0 0 0 0 0 0 0 4 0 0 1 0 0 2 0 0 0 0 0 0 4 0
预测:     0 0 8 0 43 27 0 0 0 2 0 0 0 0 0 0 0 4 0 0 1 0 0 2 0 0 0 0 0 0 4 0
准确率:    1.0000 (32/32)
----------------------------------------
输入:       WYT LTXNNTJ WCWZBNJ MN KL BJC> WPRQNJ
目标:     0 1 31 3 0 1 0 0 0 13 1 0 0 1 50 0 0 29 0 0 0 0 0 0 0 2 0 0 0 4 0 0 1 0 0 29 0 0
预测:     0 1 31 3 0 1 0 0 0 13 1 0 0 1 50 0 0 29 0 0 0 0 0 0 0 2 0 0 0 4 0 0 1 0 0 29 0 0
准确率:    1.0000 (38/38)
----------------------------------------
输入:       JWMN> N<BDK MRJ> >LHK L<L MN KLHWN
目标:     0 0 0 0 4 0 0 6 0 0 29 0 0 0 0 0 2 0 0 0 5 0 0 1 0 0 0 0 0 0 0 5 0 0 0
预测:     0 0 0 0 4 0 0 6 0 0 29 0 0 0 0 0 2 0 0 0 5 0 0 1 0 0 0 0 0 0 0 5 0 0 0
准确率:    1.0000 (35/35)
----------------------------------------

生成的验证样本:
--------------------------------------------------------------------------------
输入:       YBJNH D>LH> LMSV> MN KL DBJC WKLJ
目标:     0 0 0 0 5 0 0 1 0 0 4 0 0 1 6 0 10 7 0 0 0 0 0 2 0 1 0 0 2 0 36 0 0 3
预测:     0 0 0 0 5 0 0 1 0 0 4 0 0 1 6 0 10 7 0 0 0 0 0 2 0 1 0 0 2 0 36 0 0 3
准确率:    1.0000 (34/34)
----------------------------------------
输入:       D>LH> LMSV> MN KL DBJC WKLJ XJLK
目标:     0 1 0 0 4 0 0 1 6 0 10 7 0 0 0 0 0 2 0 1 0 0 2 0 36 0 0 3 0 0 0 5 0
预测:     0 1 0 0 4 0 0 1 6 0 10 7 0 0 0 0 0 2 0 1 0 0 2 0 36 0 0 3 0 0 0 5 0
准确率:    1.0000 (33/33)
----------------------------------------
💾 保存新的最佳模型！验证准确率: 0.9658 (F1: 0.9651) (Epoch 91)

======================================================================
🚀 Epoch 92/200
======================================================================
📚 开始训练阶段...
训练进度: 500/3164 损失=0.0045
训练进度: 1000/3164 损失=0.0025
训练进度: 1500/3164 损失=0.0033
训练进度: 2000/3164 损失=0.0122
训练进度: 2500/3164 损失=0.0162
训练进度: 3000/3164 损失=0.0350
训练进度: 3164/3164 损失=0.0013
✅ 训练完成，耗时: 58.1秒 (1.0分钟)

============================================================
📊 验证决策: Epoch 92/200
   验证间隔: 1
   是否验证: ✅ 是
   原因: 达到验证间隔 (0 == 0)
============================================================

🔍 开始验证...
验证进度: 500/686 损失=0.7790
验证进度: 686/686 损失=0.4606

📊 预测分布分析:
  - 预测的前5个类别: {np.int64(0): 282625, np.int64(1): 37146, np.int64(2): 14770, np.int64(3): 10852, np.int64(4): 9098}
  - 标签的前5个类别: {np.int64(0): 281232, np.int64(1): 36731, np.int64(2): 14789, np.int64(3): 10866, np.int64(4): 8585}
✅ 验证完成，耗时: 4.7秒 (0.1分钟)
训练损失: 0.0099
验证损失: 0.4869
验证准确率: 0.9653 (10583/10964) - 与Levenshtein高度相关
验证F1(加权): 0.9644 - 类别平衡更好
学习率: 0.000057
显存使用: 0.48GB (预留: 0.69GB)

生成的训练样本:
--------------------------------------------------------------------------------
输入:       WPLG TLTM>> GBRJN LTLT> RCJN W>WXD QRNT>
目标:     0 1 0 0 3 0 0 0 5 0 0 2 0 0 0 2 0 0 0 1 0 0 2 0 0 38 2 0 0 0 1 59 0 0 3 0 0 0 2 23 0
预测:     0 1 0 0 3 0 0 0 5 0 0 2 0 0 0 2 0 0 0 1 0 0 2 0 0 38 2 0 0 0 1 59 0 0 3 0 0 0 2 23 0
准确率:    1.0000 (41/41)
----------------------------------------
输入:       HNWN NHJRJN WRNJHWN B<BD> D>WMNWTHWN BRM HW
目标:     0 0 0 0 0 0 0 8 0 49 0 27 0 1 0 0 37 0 0 0 0 1 0 0 55 0 0 1 0 0 0 0 2 1 0 0 0 0 0 0 0 0 0 12
预测:     0 0 0 0 0 0 0 8 0 49 0 27 0 1 0 0 37 0 0 0 0 1 0 0 55 0 0 1 0 0 0 0 2 1 0 0 0 0 0 0 0 0 0 12
准确率:    1.0000 (44/44)
----------------------------------------
输入:       DL> CM<W BQLH DMRJ> >LHHWN W<BRW <L
目标:     0 1 0 0 0 0 0 3 0 0 1 0 5 0 0 1 0 0 0 2 0 0 0 5 0 0 0 0 1 0 0 3 0 0 0 0
预测:     0 1 0 0 0 0 0 3 0 0 1 0 5 0 0 1 0 0 0 2 0 0 0 5 0 0 0 0 1 0 0 3 0 0 0 0
准确率:    1.0000 (36/36)
----------------------------------------

生成的验证样本:
--------------------------------------------------------------------------------
输入:       YBJNH D>LH> LMSV> MN KL DBJC WKLJ
目标:     0 0 0 0 5 0 0 1 0 0 4 0 0 1 6 0 10 7 0 0 0 0 0 2 0 1 0 0 2 0 36 0 0 3
预测:     0 0 0 0 5 0 0 1 0 0 4 0 0 1 6 0 10 7 0 0 0 0 0 2 0 1 0 0 2 0 36 0 0 3
准确率:    1.0000 (34/34)
----------------------------------------
输入:       D>LH> LMSV> MN KL DBJC WKLJ XJLK
目标:     0 1 0 0 4 0 0 1 6 0 10 7 0 0 0 0 0 2 0 1 0 0 2 0 36 0 0 3 0 0 0 5 0
预测:     0 1 0 0 4 0 0 1 6 0 10 7 0 0 0 0 0 2 0 1 0 0 2 0 36 0 0 3 0 0 0 5 0
准确率:    1.0000 (33/33)
----------------------------------------
⏳ 验证无提升 (验证准确率: 0.9653 ≤ 0.9658)，patience: 1/50

======================================================================
🚀 Epoch 93/200
======================================================================
📚 开始训练阶段...
训练进度: 500/3164 损失=0.0061
训练进度: 1000/3164 损失=0.0237
训练进度: 1500/3164 损失=0.0022
训练进度: 2000/3164 损失=0.0127
训练进度: 2500/3164 损失=0.0139
训练进度: 3000/3164 损失=0.0076
训练进度: 3164/3164 损失=0.0043
✅ 训练完成，耗时: 58.2秒 (1.0分钟)

============================================================
📊 验证决策: Epoch 93/200
   验证间隔: 1
   是否验证: ✅ 是
   原因: 达到验证间隔 (0 == 0)
============================================================

🔍 开始验证...
验证进度: 500/686 损失=0.8380
验证进度: 686/686 损失=0.4236

📊 预测分布分析:
  - 预测的前5个类别: {np.int64(0): 282939, np.int64(1): 37127, np.int64(2): 14767, np.int64(3): 10835, np.int64(4): 8767}
  - 标签的前5个类别: {np.int64(0): 281232, np.int64(1): 36731, np.int64(2): 14789, np.int64(3): 10866, np.int64(4): 8585}
✅ 验证完成，耗时: 4.7秒 (0.1分钟)
训练损失: 0.0101
验证损失: 0.4827
验证准确率: 0.9656 (10586/10964) - 与Levenshtein高度相关
验证F1(加权): 0.9647 - 类别平衡更好
学习率: 0.000056
显存使用: 0.47GB (预留: 0.69GB)

生成的训练样本:
--------------------------------------------------------------------------------
输入:       WCHR> WCXQ> WCWNQ> WHPK GW> <M GBR>
目标:     0 1 0 0 4 0 0 1 0 0 15 0 0 1 0 0 0 4 0 0 1 0 0 22 0 0 4 0 0 0 0 0 0 0 4 0
预测:     0 1 0 0 4 0 0 1 0 0 15 0 0 1 0 0 0 4 0 0 1 0 0 22 0 0 4 0 0 0 0 0 0 0 4 0
准确率:    1.0000 (36/36)
----------------------------------------
输入:       BJCWTH D>NTT> KL >WLYNJN WL> >JK >WLYN>
目标:     0 0 0 0 2 1 12 0 1 0 0 13 9 0 0 0 2 0 0 0 0 0 2 0 0 0 1 0 0 0 0 0 0 0 0 0 0 0 4 0
预测:     0 0 0 0 2 1 12 0 1 0 0 13 9 0 0 0 2 0 0 0 0 0 2 0 0 0 1 0 0 0 0 0 0 0 0 0 0 0 4 0
准确率:    1.0000 (40/40)
----------------------------------------
输入:       W>MRW <M> RWRBNJ GL<D >NC LXBRH >JN>
目标:     0 1 0 0 3 0 0 0 15 0 0 0 0 0 8 2 0 0 0 0 0 2 0 0 0 2 0 1 0 0 5 0 0 0 0 0 0
预测:     0 1 0 0 3 0 0 0 15 0 0 0 0 0 8 2 0 0 0 0 0 2 0 0 0 2 0 1 0 0 5 0 0 0 0 0 0
准确率:    1.0000 (37/37)
----------------------------------------

生成的验证样本:
--------------------------------------------------------------------------------
输入:       YBJNH D>LH> LMSV> MN KL DBJC WKLJ
目标:     0 0 0 0 5 0 0 1 0 0 4 0 0 1 6 0 10 7 0 0 0 0 0 2 0 1 0 0 2 0 36 0 0 3
预测:     0 0 0 0 5 0 0 1 0 0 4 0 0 1 6 0 10 7 0 0 0 0 0 2 0 1 0 0 2 0 36 0 0 3
准确率:    1.0000 (34/34)
----------------------------------------
输入:       D>LH> LMSV> MN KL DBJC WKLJ XJLK
目标:     0 1 0 0 4 0 0 1 6 0 10 7 0 0 0 0 0 2 0 1 0 0 2 0 36 0 0 3 0 0 0 5 0
预测:     0 1 0 0 4 0 0 1 6 0 10 7 0 0 0 0 0 2 0 1 0 0 2 0 36 0 0 3 0 0 0 5 0
准确率:    1.0000 (33/33)
----------------------------------------
⏳ 验证无提升 (验证准确率: 0.9656 ≤ 0.9658)，patience: 2/50

======================================================================
🚀 Epoch 94/200
======================================================================
📚 开始训练阶段...
训练进度: 500/3164 损失=0.0254
训练进度: 1000/3164 损失=0.0008
训练进度: 1500/3164 损失=0.0037
训练进度: 2000/3164 损失=0.0081
训练进度: 2500/3164 损失=0.0247
训练进度: 3000/3164 损失=0.0093
训练进度: 3164/3164 损失=0.0149
✅ 训练完成，耗时: 58.2秒 (1.0分钟)

============================================================
📊 验证决策: Epoch 94/200
   验证间隔: 1
   是否验证: ✅ 是
   原因: 达到验证间隔 (0 == 0)
============================================================

🔍 开始验证...
验证进度: 500/686 损失=0.7075
验证进度: 686/686 损失=0.4051

📊 预测分布分析:
  - 预测的前5个类别: {np.int64(0): 282621, np.int64(1): 37136, np.int64(2): 14754, np.int64(3): 10729, np.int64(4): 8766}
  - 标签的前5个类别: {np.int64(0): 281232, np.int64(1): 36731, np.int64(2): 14789, np.int64(3): 10866, np.int64(4): 8585}
✅ 验证完成，耗时: 4.7秒 (0.1分钟)
训练损失: 0.0097
验证损失: 0.4892
验证准确率: 0.9657 (10587/10964) - 与Levenshtein高度相关
验证F1(加权): 0.9649 - 类别平衡更好
学习率: 0.000055
显存使用: 0.47GB (预留: 0.69GB)

生成的训练样本:
--------------------------------------------------------------------------------
输入:       >PJH W<L KL RGT <JN> HJ T<CN
目标:     0 54 2 1 12 0 1 0 0 0 0 2 0 0 13 0 0 0 0 11 0 0 0 12 0 6 0 0 3
预测:     0 54 2 1 12 0 1 0 0 0 0 2 0 0 13 0 0 0 0 11 0 0 0 12 0 6 0 0 3
准确率:    1.0000 (29/29)
----------------------------------------
输入:       >N GJR MNH HJ DHJ H> NWHR>
目标:     0 0 0 0 0 0 0 0 0 1 12 0 0 12 0 1 0 12 0 0 0 0 0 0 0 4 0
预测:     0 0 0 0 0 0 0 0 0 1 12 0 0 12 0 1 0 12 0 0 0 0 0 0 0 4 0
准确率:    1.0000 (27/27)
----------------------------------------
输入:       >W CKR> WL> T>KLJN KL MDM DVM>
目标:     0 0 0 0 0 0 4 0 0 1 0 0 0 6 0 0 3 0 0 0 0 2 0 0 0 2 0 1 0 0 2
预测:     0 0 0 0 0 0 4 0 0 1 0 0 0 6 0 0 3 0 0 0 0 2 0 0 0 2 0 1 0 0 2
准确率:    1.0000 (31/31)
----------------------------------------

生成的验证样本:
--------------------------------------------------------------------------------
输入:       YBJNH D>LH> LMSV> MN KL DBJC WKLJ
目标:     0 0 0 0 5 0 0 1 0 0 4 0 0 1 6 0 10 7 0 0 0 0 0 2 0 1 0 0 2 0 36 0 0 3
预测:     0 0 0 0 5 0 0 1 0 0 4 0 0 1 6 0 10 7 0 0 0 0 0 2 0 1 0 0 2 0 36 0 0 3
准确率:    1.0000 (34/34)
----------------------------------------
输入:       D>LH> LMSV> MN KL DBJC WKLJ XJLK
目标:     0 1 0 0 4 0 0 1 6 0 10 7 0 0 0 0 0 2 0 1 0 0 2 0 36 0 0 3 0 0 0 5 0
预测:     0 1 0 0 4 0 0 1 6 0 10 7 0 0 0 0 0 2 0 1 0 0 2 0 36 0 0 3 0 0 0 5 0
准确率:    1.0000 (33/33)
----------------------------------------
⏳ 验证无提升 (验证准确率: 0.9657 ≤ 0.9658)，patience: 3/50

======================================================================
🚀 Epoch 95/200
======================================================================
📚 开始训练阶段...
训练进度: 500/3164 损失=0.0067
训练进度: 1000/3164 损失=0.0039
训练进度: 1500/3164 损失=0.0108
训练进度: 2000/3164 损失=0.0017
训练进度: 2500/3164 损失=0.0138
训练进度: 3000/3164 损失=0.0083
训练进度: 3164/3164 损失=0.0320
✅ 训练完成，耗时: 58.3秒 (1.0分钟)

============================================================
📊 验证决策: Epoch 95/200
   验证间隔: 1
   是否验证: ✅ 是
   原因: 达到验证间隔 (0 == 0)
============================================================

🔍 开始验证...
验证进度: 500/686 损失=0.7761
验证进度: 686/686 损失=0.4136

📊 预测分布分析:
  - 预测的前5个类别: {np.int64(0): 282593, np.int64(1): 37048, np.int64(2): 14712, np.int64(3): 10967, np.int64(4): 8583}
  - 标签的前5个类别: {np.int64(0): 281232, np.int64(1): 36731, np.int64(2): 14789, np.int64(3): 10866, np.int64(4): 8585}
✅ 验证完成，耗时: 4.7秒 (0.1分钟)
训练损失: 0.0096
验证损失: 0.4858
验证准确率: 0.9656 (10586/10964) - 与Levenshtein高度相关
验证F1(加权): 0.9649 - 类别平衡更好
学习率: 0.000055
显存使用: 0.47GB (预留: 0.69GB)

生成的训练样本:
--------------------------------------------------------------------------------
输入:       SN>> DL> TTKTC W<M TGR> <L T>GWRTH
目标:     0 0 0 4 0 0 1 0 0 0 21 14 0 0 16 0 1 0 0 0 0 0 4 0 0 0 0 0 0 0 0 0 13 1 0
预测:     0 0 0 4 0 0 1 0 0 0 21 14 0 0 16 0 1 0 0 0 0 0 4 0 0 0 0 0 0 0 0 0 13 1 0
准确率:    1.0000 (35/35)
----------------------------------------
输入:       CNJN WM> D>CKXN DCLMJN JWLPNJHWN DHLJN >W
目标:     0 0 13 0 0 0 1 0 0 0 1 17 0 0 3 0 0 1 0 0 7 0 0 0 0 0 0 0 2 1 0 0 0 0 1 0 0 0 0 0 0 0
预测:     0 0 13 0 0 0 1 0 0 0 1 17 0 0 3 0 0 1 0 0 7 0 0 0 0 0 0 0 2 1 0 0 0 0 1 0 0 0 0 0 0 0
准确率:    1.0000 (42/42)
----------------------------------------
输入:       XJRM L<BDWHJ BSPJNT> GBR> SPN> DJD<JN JM>
目标:     0 0 0 0 2 0 1 0 0 69 1 0 0 0 1 0 0 0 13 9 0 0 0 0 11 0 0 0 0 11 0 0 1 0 0 7 0 0 0 0 4 0
预测:     0 0 0 0 2 0 1 0 0 69 1 0 0 0 1 0 0 0 13 9 0 0 0 0 11 0 0 0 0 11 0 0 1 0 0 7 0 0 0 0 4 0
准确率:    1.0000 (42/42)
----------------------------------------

生成的验证样本:
--------------------------------------------------------------------------------
输入:       YBJNH D>LH> LMSV> MN KL DBJC WKLJ
目标:     0 0 0 0 5 0 0 1 0 0 4 0 0 1 6 0 10 7 0 0 0 0 0 2 0 1 0 0 2 0 36 0 0 3
预测:     0 0 0 0 5 0 0 1 0 0 4 0 0 1 6 0 10 7 0 0 0 0 0 2 0 1 0 0 2 0 36 0 0 3
准确率:    1.0000 (34/34)
----------------------------------------
输入:       D>LH> LMSV> MN KL DBJC WKLJ XJLK
目标:     0 1 0 0 4 0 0 1 6 0 10 7 0 0 0 0 0 2 0 1 0 0 2 0 36 0 0 3 0 0 0 5 0
预测:     0 1 0 0 4 0 0 1 6 0 10 7 0 0 0 0 0 2 0 1 0 0 2 0 36 0 0 3 0 0 0 5 0
准确率:    1.0000 (33/33)
----------------------------------------
⏳ 验证无提升 (验证准确率: 0.9656 ≤ 0.9658)，patience: 4/50

======================================================================
🚀 Epoch 96/200
======================================================================
📚 开始训练阶段...
训练进度: 500/3164 损失=0.0137
训练进度: 1000/3164 损失=0.0114
训练进度: 1500/3164 损失=0.0006
训练进度: 2000/3164 损失=0.0113
训练进度: 2500/3164 损失=0.0116
训练进度: 3000/3164 损失=0.0205
训练进度: 3164/3164 损失=0.0135
✅ 训练完成，耗时: 58.1秒 (1.0分钟)

============================================================
📊 验证决策: Epoch 96/200
   验证间隔: 1
   是否验证: ✅ 是
   原因: 达到验证间隔 (0 == 0)
============================================================

🔍 开始验证...
验证进度: 500/686 损失=0.8422
验证进度: 686/686 损失=0.3138

📊 预测分布分析:
  - 预测的前5个类别: {np.int64(0): 282763, np.int64(1): 37115, np.int64(2): 14739, np.int64(3): 10758, np.int64(4): 8703}
  - 标签的前5个类别: {np.int64(0): 281232, np.int64(1): 36731, np.int64(2): 14789, np.int64(3): 10866, np.int64(4): 8585}
✅ 验证完成，耗时: 4.7秒 (0.1分钟)
训练损失: 0.0092
验证损失: 0.4923
验证准确率: 0.9656 (10587/10964) - 与Levenshtein高度相关
验证F1(加权): 0.9648 - 类别平衡更好
学习率: 0.000054
显存使用: 0.48GB (预留: 0.69GB)

生成的训练样本:
--------------------------------------------------------------------------------
输入:       MRJ> L> TXZWN RWX> WL> MVR> WNXL>
目标:     0 0 0 0 2 0 0 0 0 6 0 18 0 0 0 0 0 4 0 0 1 0 0 0 0 0 4 0 0 1 0 0 4 0
预测:     0 0 0 0 2 0 0 0 0 6 0 18 0 0 0 0 0 4 0 0 1 0 0 0 0 0 4 0 0 1 0 0 4 0
准确率:    1.0000 (34/34)
----------------------------------------
输入:       L> RWGZ> DB<LDBB> D<CN DL> NTTRJMWN B<LDBBJHWN
目标:     0 0 0 0 0 0 0 4 0 0 1 0 0 0 0 0 4 0 0 1 0 0 3 0 1 0 0 0 21 76 17 20 0 3 0 0 0 0 0 0 0 0 2 1 0 0 0
预测:     0 0 0 0 0 0 0 4 0 0 1 0 0 0 0 0 4 0 0 1 0 0 3 0 1 0 0 0 21 76 17 20 0 3 0 0 0 0 0 0 0 0 2 1 0 0 0
准确率:    1.0000 (47/47)
----------------------------------------
输入:       LMTBR LNPCJ WLJT DPRQ WMPY> MRJ> >LHJ
目标:     0 1 6 0 0 7 0 1 0 0 5 0 0 1 58 0 24 0 1 0 0 7 0 1 6 0 10 41 0 0 0 0 2 0 0 0 5 0
预测:     0 1 6 0 0 7 0 1 0 0 5 0 0 1 58 0 24 0 1 0 0 7 0 1 6 0 10 41 0 0 0 0 2 0 0 0 5 0
准确率:    1.0000 (38/38)
----------------------------------------

生成的验证样本:
--------------------------------------------------------------------------------
输入:       YBJNH D>LH> LMSV> MN KL DBJC WKLJ
目标:     0 0 0 0 5 0 0 1 0 0 4 0 0 1 6 0 10 7 0 0 0 0 0 2 0 1 0 0 2 0 36 0 0 3
预测:     0 0 0 0 5 0 0 1 0 0 4 0 0 1 6 0 10 7 0 0 0 0 0 2 0 1 0 0 2 0 36 0 0 3
准确率:    1.0000 (34/34)
----------------------------------------
输入:       D>LH> LMSV> MN KL DBJC WKLJ XJLK
目标:     0 1 0 0 4 0 0 1 6 0 10 7 0 0 0 0 0 2 0 1 0 0 2 0 36 0 0 3 0 0 0 5 0
预测:     0 1 0 0 4 0 0 1 6 0 10 7 0 0 0 0 0 2 0 1 0 0 2 0 36 0 0 3 0 0 0 5 0
准确率:    1.0000 (33/33)
----------------------------------------
⏳ 验证无提升 (验证准确率: 0.9656 ≤ 0.9658)，patience: 5/50

======================================================================
🚀 Epoch 97/200
======================================================================
📚 开始训练阶段...
训练进度: 500/3164 损失=0.0033
训练进度: 1000/3164 损失=0.0074
训练进度: 1500/3164 损失=0.0028
训练进度: 2000/3164 损失=0.0035
训练进度: 2500/3164 损失=0.0146
训练进度: 3000/3164 损失=0.0009
训练进度: 3164/3164 损失=0.0023
✅ 训练完成，耗时: 58.0秒 (1.0分钟)

============================================================
📊 验证决策: Epoch 97/200
   验证间隔: 1
   是否验证: ✅ 是
   原因: 达到验证间隔 (0 == 0)
============================================================

🔍 开始验证...
验证进度: 500/686 损失=0.8604
验证进度: 686/686 损失=0.5264

📊 预测分布分析:
  - 预测的前5个类别: {np.int64(0): 282611, np.int64(1): 37145, np.int64(2): 14759, np.int64(3): 10838, np.int64(4): 8585}
  - 标签的前5个类别: {np.int64(0): 281232, np.int64(1): 36731, np.int64(2): 14789, np.int64(3): 10866, np.int64(4): 8585}
✅ 验证完成，耗时: 4.7秒 (0.1分钟)
训练损失: 0.0092
验证损失: 0.4868
验证准确率: 0.9658 (10588/10964) - 与Levenshtein高度相关
验证F1(加权): 0.9650 - 类别平衡更好
学习率: 0.000053
显存使用: 0.48GB (预留: 0.69GB)

生成的训练样本:
--------------------------------------------------------------------------------
输入:       LGZ> DBJTH DMRJ> HJDJN KNC CLJMWN LKLHWN
目标:     0 1 0 4 0 0 1 0 0 5 0 0 1 0 0 0 2 0 0 0 0 0 0 0 0 0 16 0 0 0 0 0 0 2 0 1 0 5 0 0 0
预测:     0 1 0 4 0 0 1 0 0 5 0 0 1 0 0 0 2 0 0 0 0 0 0 0 0 0 16 0 0 0 0 0 0 2 0 1 0 5 0 0 0
准确率:    1.0000 (41/41)
----------------------------------------
输入:       CMJ> WT<BD WTDWN L<BDJK LMXJBW LXJB> WLMTL
目标:     0 0 24 9 0 0 1 6 0 0 3 0 1 6 0 0 3 0 1 0 0 22 1 0 0 1 6 20 0 7 19 0 1 0 0 4 0 0 1 1 34 0 7
预测:     0 0 24 9 0 0 1 6 0 0 3 0 1 6 0 0 3 0 1 0 0 22 1 0 0 1 6 20 0 7 19 0 1 0 0 4 0 0 1 1 34 0 7
准确率:    1.0000 (43/43)
----------------------------------------
输入:       WKL XLJWT> DMCXN> DHC> HPK> LDJN> WLXJBWT>
目标:     0 1 0 2 0 0 0 0 2 9 0 0 1 0 0 0 11 0 0 1 0 4 0 0 0 0 7 0 0 1 0 0 15 0 0 1 1 0 0 0 2 9 0
预测:     0 1 0 2 0 0 0 0 2 9 0 0 1 0 0 0 11 0 0 1 0 4 0 0 0 0 7 0 0 1 0 0 15 0 0 1 1 0 0 0 2 9 0
准确率:    1.0000 (43/43)
----------------------------------------

生成的验证样本:
--------------------------------------------------------------------------------
输入:       YBJNH D>LH> LMSV> MN KL DBJC WKLJ
目标:     0 0 0 0 5 0 0 1 0 0 4 0 0 1 6 0 10 7 0 0 0 0 0 2 0 1 0 0 2 0 36 0 0 3
预测:     0 0 0 0 5 0 0 1 0 0 4 0 0 1 6 0 10 7 0 0 0 0 0 2 0 1 0 0 2 0 1 0 0 3
准确率:    0.9706 (33/34)
----------------------------------------
输入:       D>LH> LMSV> MN KL DBJC WKLJ XJLK
目标:     0 1 0 0 4 0 0 1 6 0 10 7 0 0 0 0 0 2 0 1 0 0 2 0 36 0 0 3 0 0 0 5 0
预测:     0 1 0 0 4 0 0 1 6 0 10 7 0 0 0 0 0 2 0 1 0 0 2 0 1 0 0 3 0 0 0 5 0
准确率:    0.9697 (32/33)
----------------------------------------
⏳ 验证无提升 (验证准确率: 0.9658 ≤ 0.9658)，patience: 6/50

======================================================================
🚀 Epoch 98/200
======================================================================
📚 开始训练阶段...
训练进度: 500/3164 损失=0.0039
训练进度: 1000/3164 损失=0.0020
训练进度: 1500/3164 损失=0.0008
训练进度: 2000/3164 损失=0.0424
训练进度: 2500/3164 损失=0.0135
训练进度: 3000/3164 损失=0.0167
训练进度: 3164/3164 损失=0.0043
✅ 训练完成，耗时: 57.9秒 (1.0分钟)

============================================================
📊 验证决策: Epoch 98/200
   验证间隔: 1
   是否验证: ✅ 是
   原因: 达到验证间隔 (0 == 0)
============================================================

🔍 开始验证...
验证进度: 500/686 损失=0.7446
验证进度: 686/686 损失=0.2979

📊 预测分布分析:
  - 预测的前5个类别: {np.int64(0): 282685, np.int64(1): 37052, np.int64(2): 14656, np.int64(3): 10768, np.int64(4): 8875}
  - 标签的前5个类别: {np.int64(0): 281232, np.int64(1): 36731, np.int64(2): 14789, np.int64(3): 10866, np.int64(4): 8585}
✅ 验证完成，耗时: 4.7秒 (0.1分钟)
训练损失: 0.0087
验证损失: 0.4986
验证准确率: 0.9657 (10587/10964) - 与Levenshtein高度相关
验证F1(加权): 0.9649 - 类别平衡更好
学习率: 0.000052
显存使用: 0.48GB (预留: 0.69GB)

生成的训练样本:
--------------------------------------------------------------------------------
输入:       BPWM> D<WL> MVL DL> HW> MN QDM
目标:     0 1 0 0 4 0 0 1 0 0 11 0 0 0 0 0 0 1 0 0 0 0 10 3 0 0 0 0 0 0 2
预测:     0 1 0 0 4 0 0 1 0 0 11 0 0 0 0 0 0 1 0 0 0 0 10 3 0 0 0 0 0 0 2
准确率:    1.0000 (31/31)
----------------------------------------
输入:       <L TR<> WNHW> LK <BD> L<LM W>P
目标:     0 0 0 0 0 0 4 0 0 1 6 0 10 3 0 1 0 0 0 0 15 0 0 1 0 0 2 0 1 0 0
预测:     0 0 0 0 0 0 4 0 0 1 6 0 10 3 0 1 0 0 0 0 15 0 0 1 0 0 2 0 1 0 0
准确率:    1.0000 (31/31)
----------------------------------------
输入:       HW W>MR LH SQ LVWR> HN> D<BRJ>
目标:     0 0 12 0 1 0 0 3 0 1 0 6 64 3 0 1 0 0 4 0 0 0 0 0 0 1 0 0 0 11 0
预测:     0 0 12 0 1 0 0 3 0 1 0 6 64 3 0 1 0 0 4 0 0 0 0 0 0 1 0 0 0 11 0
准确率:    1.0000 (31/31)
----------------------------------------

生成的验证样本:
--------------------------------------------------------------------------------
输入:       YBJNH D>LH> LMSV> MN KL DBJC WKLJ
目标:     0 0 0 0 5 0 0 1 0 0 4 0 0 1 6 0 10 7 0 0 0 0 0 2 0 1 0 0 2 0 36 0 0 3
预测:     0 0 0 0 5 0 0 1 0 0 4 0 0 1 6 0 10 7 0 0 0 0 0 2 0 1 0 0 2 0 36 0 0 3
准确率:    1.0000 (34/34)
----------------------------------------
输入:       D>LH> LMSV> MN KL DBJC WKLJ XJLK
目标:     0 1 0 0 4 0 0 1 6 0 10 7 0 0 0 0 0 2 0 1 0 0 2 0 36 0 0 3 0 0 0 5 0
预测:     0 1 0 0 4 0 0 1 6 0 10 7 0 0 0 0 0 2 0 1 0 0 2 0 36 0 0 3 0 0 0 5 0
准确率:    1.0000 (33/33)
----------------------------------------
⏳ 验证无提升 (验证准确率: 0.9657 ≤ 0.9658)，patience: 7/50

======================================================================
🚀 Epoch 99/200
======================================================================
📚 开始训练阶段...
训练进度: 500/3164 损失=0.0234
训练进度: 1000/3164 损失=0.0176
训练进度: 1500/3164 损失=0.0113
训练进度: 2000/3164 损失=0.0443
训练进度: 2500/3164 损失=0.0101
训练进度: 3000/3164 损失=0.0043
训练进度: 3164/3164 损失=0.0213
✅ 训练完成，耗时: 58.0秒 (1.0分钟)

============================================================
📊 验证决策: Epoch 99/200
   验证间隔: 1
   是否验证: ✅ 是
   原因: 达到验证间隔 (0 == 0)
============================================================

🔍 开始验证...
验证进度: 500/686 损失=0.8893
验证进度: 686/686 损失=0.1637

📊 预测分布分析:
  - 预测的前5个类别: {np.int64(0): 282600, np.int64(1): 37113, np.int64(2): 14662, np.int64(3): 10725, np.int64(4): 8881}
  - 标签的前5个类别: {np.int64(0): 281232, np.int64(1): 36731, np.int64(2): 14789, np.int64(3): 10866, np.int64(4): 8585}
✅ 验证完成，耗时: 4.7秒 (0.1分钟)
训练损失: 0.0086
验证损失: 0.4964
验证准确率: 0.9657 (10587/10964) - 与Levenshtein高度相关
验证F1(加权): 0.9649 - 类别平衡更好
学习率: 0.000052
显存使用: 0.47GB (预留: 0.69GB)

生成的训练样本:
--------------------------------------------------------------------------------
输入:       PTGM> HLJN <NJNJ MRJ> <NJNJ WND<WN KLH
目标:     0 0 0 0 11 0 0 0 0 0 0 6 0 0 29 0 0 0 0 0 0 2 6 0 0 29 0 0 0 1 52 0 3 0 0 0 0 5 0
预测:     0 0 0 0 11 0 0 0 0 0 0 6 0 0 29 0 0 0 0 0 0 2 6 0 0 29 0 0 0 1 52 0 3 0 0 0 0 5 0
准确率:    1.0000 (39/39)
----------------------------------------
输入:       PLGWT> >JKN> D>P PGR> WNPC> SHDJN >JN>
目标:     0 0 0 0 2 9 0 0 0 0 0 8 0 0 1 0 0 0 0 0 4 0 0 1 0 0 4 0 0 0 0 7 0 0 0 0 0 0 0
预测:     0 0 0 0 2 9 0 0 0 0 0 8 0 0 1 0 0 0 0 0 4 0 0 1 0 0 4 0 0 0 0 7 0 0 0 0 0 0 0
准确率:    1.0000 (39/39)
----------------------------------------
输入:       LK GW<LN> DJHB >NT LH >JKN> MPN>
目标:     0 1 0 0 0 0 0 0 4 0 0 1 0 0 7 0 0 0 0 0 1 0 0 0 0 107 0 0 0 28 0 10 7
预测:     0 1 0 0 0 0 0 0 4 0 0 1 0 0 7 0 0 0 0 0 1 0 0 0 0 107 0 0 0 28 0 10 7
准确率:    1.0000 (33/33)
----------------------------------------

生成的验证样本:
--------------------------------------------------------------------------------
输入:       YBJNH D>LH> LMSV> MN KL DBJC WKLJ
目标:     0 0 0 0 5 0 0 1 0 0 4 0 0 1 6 0 10 7 0 0 0 0 0 2 0 1 0 0 2 0 36 0 0 3
预测:     0 0 0 0 5 0 0 1 0 0 4 0 0 1 6 0 10 7 0 0 0 0 0 2 0 1 0 0 2 0 36 0 0 3
准确率:    1.0000 (34/34)
----------------------------------------
输入:       D>LH> LMSV> MN KL DBJC WKLJ XJLK
目标:     0 1 0 0 4 0 0 1 6 0 10 7 0 0 0 0 0 2 0 1 0 0 2 0 36 0 0 3 0 0 0 5 0
预测:     0 1 0 0 4 0 0 1 6 0 10 7 0 0 0 0 0 2 0 1 0 0 2 0 36 0 0 3 0 0 0 5 0
准确率:    1.0000 (33/33)
----------------------------------------
⏳ 验证无提升 (验证准确率: 0.9657 ≤ 0.9658)，patience: 8/50

======================================================================
🚀 Epoch 100/200
======================================================================
📚 开始训练阶段...
训练进度: 500/3164 损失=0.0021
训练进度: 1000/3164 损失=0.0020
训练进度: 1500/3164 损失=0.0119
训练进度: 2000/3164 损失=0.0107
训练进度: 2500/3164 损失=0.0022
训练进度: 3000/3164 损失=0.0010
训练进度: 3164/3164 损失=0.0146
✅ 训练完成，耗时: 57.9秒 (1.0分钟)

============================================================
📊 验证决策: Epoch 100/200
   验证间隔: 1
   是否验证: ✅ 是
   原因: 达到验证间隔 (0 == 0)
============================================================

🔍 开始验证...
验证进度: 500/686 损失=0.6946
验证进度: 686/686 损失=0.5816

📊 预测分布分析:
  - 预测的前5个类别: {np.int64(0): 282574, np.int64(1): 37093, np.int64(2): 14772, np.int64(3): 10802, np.int64(4): 9008}
  - 标签的前5个类别: {np.int64(0): 281232, np.int64(1): 36731, np.int64(2): 14789, np.int64(3): 10866, np.int64(4): 8585}
✅ 验证完成，耗时: 4.7秒 (0.1分钟)
训练损失: 0.0084
验证损失: 0.5047
验证准确率: 0.9658 (10588/10964) - 与Levenshtein高度相关
验证F1(加权): 0.9649 - 类别平衡更好
学习率: 0.000051
显存使用: 0.48GB (预留: 0.69GB)

生成的训练样本:
--------------------------------------------------------------------------------
输入:       RWX> MVL HN> L> NQWMWN RCJ<> BDJN>
目标:     0 0 0 4 0 0 0 0 0 0 0 0 0 0 0 0 0 6 0 0 3 0 0 0 0 0 0 11 0 0 1 0 0 15 0
预测:     0 0 0 4 0 0 0 0 0 0 0 0 0 0 0 0 0 6 0 0 3 0 0 0 0 0 0 11 0 0 1 0 0 15 0
准确率:    1.0000 (35/35)
----------------------------------------
输入:       WTWBD LMMLLJ DGLWT> LGBR> >CD DM> WNKWLTN>
目标:     0 1 68 0 0 3 0 1 6 0 0 7 19 0 0 0 0 2 9 0 0 1 0 0 4 0 0 0 0 7 0 0 4 0 0 1 0 0 0 0 0 4 0
预测:     0 1 68 0 0 3 0 1 6 0 0 7 19 0 0 0 0 2 9 0 0 1 0 0 4 0 0 0 0 7 0 0 4 0 0 1 0 0 0 0 0 4 0
准确率:    1.0000 (43/43)
----------------------------------------
输入:       NTDKRNJ WB<M> SGJ>> L> >TJD< >W MN>
目标:     0 21 14 0 0 29 0 0 0 1 1 0 15 0 0 0 0 0 4 0 0 0 0 0 21 14 0 0 3 0 0 0 0 0 0 0
预测:     0 21 14 0 0 29 0 0 0 1 1 0 15 0 0 0 0 0 4 0 0 0 0 0 21 14 0 0 3 0 0 0 0 0 0 0
准确率:    1.0000 (36/36)
----------------------------------------

生成的验证样本:
--------------------------------------------------------------------------------
输入:       YBJNH D>LH> LMSV> MN KL DBJC WKLJ
目标:     0 0 0 0 5 0 0 1 0 0 4 0 0 1 6 0 10 7 0 0 0 0 0 2 0 1 0 0 2 0 36 0 0 3
预测:     0 0 0 0 5 0 0 1 0 0 4 0 0 1 6 0 10 7 0 0 0 0 0 2 0 1 0 0 2 0 36 0 0 3
准确率:    1.0000 (34/34)
----------------------------------------
输入:       D>LH> LMSV> MN KL DBJC WKLJ XJLK
目标:     0 1 0 0 4 0 0 1 6 0 10 7 0 0 0 0 0 2 0 1 0 0 2 0 36 0 0 3 0 0 0 5 0
预测:     0 1 0 0 4 0 0 1 6 0 10 7 0 0 0 0 0 2 0 1 0 0 2 0 36 0 0 3 0 0 0 5 0
准确率:    1.0000 (33/33)
----------------------------------------
⏳ 验证无提升 (验证准确率: 0.9658 ≤ 0.9658)，patience: 9/50

======================================================================
🚀 Epoch 101/200
======================================================================
📚 开始训练阶段...
训练进度: 500/3164 损失=0.0021
训练进度: 1000/3164 损失=0.0077
训练进度: 1500/3164 损失=0.0026
训练进度: 2000/3164 损失=0.0173
训练进度: 2500/3164 损失=0.0016
训练进度: 3000/3164 损失=0.0350
训练进度: 3164/3164 损失=0.0042
✅ 训练完成，耗时: 58.0秒 (1.0分钟)

============================================================
📊 验证决策: Epoch 101/200
   验证间隔: 1
   是否验证: ✅ 是
   原因: 达到验证间隔 (0 == 0)
============================================================

🔍 开始验证...
验证进度: 500/686 损失=0.6378
验证进度: 686/686 损失=0.1168

📊 预测分布分析:
  - 预测的前5个类别: {np.int64(0): 282768, np.int64(1): 37163, np.int64(2): 14680, np.int64(3): 10671, np.int64(4): 8725}
  - 标签的前5个类别: {np.int64(0): 281232, np.int64(1): 36731, np.int64(2): 14789, np.int64(3): 10866, np.int64(4): 8585}
✅ 验证完成，耗时: 4.7秒 (0.1分钟)
训练损失: 0.0081
验证损失: 0.5035
验证准确率: 0.9656 (10586/10964) - 与Levenshtein高度相关
验证F1(加权): 0.9648 - 类别平衡更好
学习率: 0.000050
显存使用: 0.47GB (预留: 0.69GB)

生成的训练样本:
--------------------------------------------------------------------------------
输入:       NJRN >NT HC> >QL MN CW<BDH D>BWK
目标:     0 0 0 5 0 0 0 0 0 0 0 4 0 6 17 0 53 0 0 0 0 0 0 0 0 5 0 0 1 0 8 5 0
预测:     0 0 0 5 0 0 0 0 0 0 0 4 0 6 17 0 53 0 0 0 0 0 0 0 0 5 0 0 1 0 8 5 0
准确率:    1.0000 (33/33)
----------------------------------------
输入:       BKLH TXWM> D>JSRJL W>CKXW L>BJCG CJLWMJT> W>JTJWH
目标:     0 1 0 5 0 0 0 0 0 4 0 0 1 0 0 0 0 0 2 0 35 0 0 0 3 0 0 1 0 0 0 0 2 0 0 0 0 0 0 2 9 0 0 1 59 0 0 3 1 12
预测:     0 1 0 5 0 0 0 0 0 4 0 0 1 0 0 0 0 0 2 0 35 0 0 0 3 0 0 1 0 0 0 0 2 0 0 0 0 0 0 2 9 0 0 1 59 0 0 3 1 12
准确率:    1.0000 (50/50)
----------------------------------------
输入:       DL> NGDCKWN WH> GDCKWN CBQTWN GJR NMWS>
目标:     0 1 0 0 0 6 0 0 29 0 0 0 0 1 0 0 0 0 0 29 0 0 0 0 0 0 3 0 0 0 0 0 0 0 0 0 0 0 4 0
预测:     0 1 0 0 0 6 0 0 29 0 0 0 0 1 0 0 0 0 0 29 0 0 0 0 0 0 3 0 0 0 0 0 0 0 0 0 0 0 4 0
准确率:    1.0000 (40/40)
----------------------------------------

生成的验证样本:
--------------------------------------------------------------------------------
输入:       YBJNH D>LH> LMSV> MN KL DBJC WKLJ
目标:     0 0 0 0 5 0 0 1 0 0 4 0 0 1 6 0 10 7 0 0 0 0 0 2 0 1 0 0 2 0 36 0 0 3
预测:     0 0 0 0 5 0 0 1 0 0 4 0 0 1 6 0 10 7 0 0 0 0 0 2 0 1 0 0 2 0 36 0 0 3
准确率:    1.0000 (34/34)
----------------------------------------
输入:       D>LH> LMSV> MN KL DBJC WKLJ XJLK
目标:     0 1 0 0 4 0 0 1 6 0 10 7 0 0 0 0 0 2 0 1 0 0 2 0 36 0 0 3 0 0 0 5 0
预测:     0 1 0 0 4 0 0 1 6 0 10 7 0 0 0 0 0 2 0 1 0 0 2 0 1 0 0 3 0 0 0 5 0
准确率:    0.9697 (32/33)
----------------------------------------
⏳ 验证无提升 (验证准确率: 0.9656 ≤ 0.9658)，patience: 10/50

======================================================================
🚀 Epoch 102/200
======================================================================
📚 开始训练阶段...
训练进度: 500/3164 损失=0.0023
训练进度: 1000/3164 损失=0.0018
训练进度: 1500/3164 损失=0.0033
训练进度: 2000/3164 损失=0.0143
训练进度: 2500/3164 损失=0.0045
训练进度: 3000/3164 损失=0.0247
训练进度: 3164/3164 损失=0.0035
✅ 训练完成，耗时: 58.0秒 (1.0分钟)

============================================================
📊 验证决策: Epoch 102/200
   验证间隔: 1
   是否验证: ✅ 是
   原因: 达到验证间隔 (0 == 0)
============================================================

🔍 开始验证...
验证进度: 500/686 损失=0.8335
验证进度: 686/686 损失=0.1755

📊 预测分布分析:
  - 预测的前5个类别: {np.int64(0): 282624, np.int64(1): 37060, np.int64(2): 14704, np.int64(3): 10771, np.int64(4): 8644}
  - 标签的前5个类别: {np.int64(0): 281232, np.int64(1): 36731, np.int64(2): 14789, np.int64(3): 10866, np.int64(4): 8585}
✅ 验证完成，耗时: 4.7秒 (0.1分钟)
训练损失: 0.0080
验证损失: 0.5054
验证准确率: 0.9656 (10586/10964) - 与Levenshtein高度相关
验证F1(加权): 0.9649 - 类别平衡更好
学习率: 0.000049
显存使用: 0.48GB (预留: 0.69GB)

生成的训练样本:
--------------------------------------------------------------------------------
输入:       MN DWBR> HW DHLJN KWKB> DMTQRJN CBJ<J>
目标:     0 0 0 0 0 0 0 4 0 0 0 0 0 1 0 0 0 0 0 0 0 0 11 0 0 1 21 14 0 42 0 0 0 0 0 0 0 11 0
预测:     0 0 0 0 0 0 0 4 0 0 0 0 0 1 0 0 0 0 0 0 0 0 11 0 0 1 21 14 0 42 0 0 0 0 0 0 0 11 0
准确率:    1.0000 (39/39)
----------------------------------------
输入:       KLH BJT> XMC >MJN RWMHJN W>WXDH LBJT>
目标:     0 0 5 0 0 0 0 4 0 0 0 0 2 0 0 13 0 0 0 0 0 37 0 0 0 0 1 59 0 0 29 0 0 1 0 0 4 0
预测:     0 0 5 0 0 0 0 4 0 0 0 0 2 0 0 13 0 0 0 0 0 37 0 0 0 0 1 59 0 0 29 0 0 1 0 0 4 0
准确率:    1.0000 (38/38)
----------------------------------------
输入:       LH LM>RTH WTVRWN WT<BDWN >NWN DHJ HJ
目标:     0 1 12 0 1 73 0 0 74 12 0 1 34 0 3 0 0 0 1 6 0 0 3 0 0 0 0 0 0 0 0 1 0 12 0 0 12
预测:     0 1 12 0 1 73 0 0 74 12 0 1 34 0 3 0 0 0 1 6 0 0 3 0 0 0 0 0 0 0 0 1 0 12 0 0 12
准确率:    1.0000 (37/37)
----------------------------------------

生成的验证样本:
--------------------------------------------------------------------------------
输入:       YBJNH D>LH> LMSV> MN KL DBJC WKLJ
目标:     0 0 0 0 5 0 0 1 0 0 4 0 0 1 6 0 10 7 0 0 0 0 0 2 0 1 0 0 2 0 36 0 0 3
预测:     0 0 0 0 5 0 0 1 0 0 4 0 0 1 6 0 10 7 0 0 0 0 0 2 0 1 0 0 2 0 36 0 0 3
准确率:    1.0000 (34/34)
----------------------------------------
输入:       D>LH> LMSV> MN KL DBJC WKLJ XJLK
目标:     0 1 0 0 4 0 0 1 6 0 10 7 0 0 0 0 0 2 0 1 0 0 2 0 36 0 0 3 0 0 0 5 0
预测:     0 1 0 0 4 0 0 1 6 0 10 7 0 0 0 0 0 2 0 1 0 0 2 0 36 0 0 3 0 0 0 5 0
准确率:    1.0000 (33/33)
----------------------------------------
⏳ 验证无提升 (验证准确率: 0.9656 ≤ 0.9658)，patience: 11/50

======================================================================
🚀 Epoch 103/200
======================================================================
📚 开始训练阶段...
训练进度: 500/3164 损失=0.0108
训练进度: 1000/3164 损失=0.0019
训练进度: 1500/3164 损失=0.0030
训练进度: 2000/3164 损失=0.0042
训练进度: 2500/3164 损失=0.0079
训练进度: 3000/3164 损失=0.0035
训练进度: 3164/3164 损失=0.0050
✅ 训练完成，耗时: 57.8秒 (1.0分钟)

============================================================
📊 验证决策: Epoch 103/200
   验证间隔: 1
   是否验证: ✅ 是
   原因: 达到验证间隔 (0 == 0)
============================================================

🔍 开始验证...
验证进度: 500/686 损失=0.8765
验证进度: 686/686 损失=0.0814

📊 预测分布分析:
  - 预测的前5个类别: {np.int64(0): 282906, np.int64(1): 37054, np.int64(2): 14697, np.int64(3): 10712, np.int64(4): 8978}
  - 标签的前5个类别: {np.int64(0): 281232, np.int64(1): 36731, np.int64(2): 14789, np.int64(3): 10866, np.int64(4): 8585}
✅ 验证完成，耗时: 4.7秒 (0.1分钟)
训练损失: 0.0078
验证损失: 0.5072
验证准确率: 0.9659 (10590/10964) - 与Levenshtein高度相关
验证F1(加权): 0.9651 - 类别平衡更好
学习率: 0.000048
显存使用: 0.48GB (预留: 0.69GB)

生成的训练样本:
--------------------------------------------------------------------------------
输入:       >WRCLM XWV> DCMRJN WMTQWLT> DBJT >XB W>MXJH
目标:     0 0 0 0 0 0 2 0 0 0 4 0 0 1 0 0 0 0 2 0 1 0 0 0 0 13 9 0 0 1 0 0 2 0 0 0 2 0 1 6 0 0 29 12
预测:     0 0 0 0 0 0 2 0 0 0 4 0 0 1 0 0 0 0 2 0 1 0 0 0 0 13 9 0 0 1 0 0 2 0 0 0 2 0 1 6 0 0 29 12
准确率:    1.0000 (44/44)
----------------------------------------
输入:       D>WLYN> BCWBHRH DRCJ<> JQD MSKN> NTTXDWN BTR<JT>
目标:     0 1 0 0 0 0 4 0 0 1 0 0 0 0 5 0 0 1 0 0 0 4 0 0 0 0 7 0 0 0 0 4 0 0 21 76 101 0 3 0 0 0 1 0 0 0 2 9 0
预测:     0 1 0 0 0 0 4 0 0 1 0 0 0 0 5 0 0 1 0 0 0 4 0 0 0 0 7 0 0 0 0 4 0 0 21 76 101 0 3 0 0 0 1 0 0 0 2 9 0
准确率:    1.0000 (49/49)
----------------------------------------
输入:       THW> DJN HD> >GRT> BJT LJ WLKWN
目标:     0 44 0 10 3 0 0 0 0 0 0 0 0 0 0 0 13 9 0 0 0 66 0 0 1 0 0 1 1 0 0 0
预测:     0 44 0 10 3 0 0 0 0 0 0 0 0 0 0 0 13 9 0 0 0 66 0 0 1 0 0 1 1 0 0 0
准确率:    1.0000 (32/32)
----------------------------------------

生成的验证样本:
--------------------------------------------------------------------------------
输入:       YBJNH D>LH> LMSV> MN KL DBJC WKLJ
目标:     0 0 0 0 5 0 0 1 0 0 4 0 0 1 6 0 10 7 0 0 0 0 0 2 0 1 0 0 2 0 36 0 0 3
预测:     0 0 0 0 5 0 0 1 0 0 4 0 0 1 6 0 10 7 0 0 0 0 0 2 0 1 0 0 2 0 36 0 0 3
准确率:    1.0000 (34/34)
----------------------------------------
输入:       D>LH> LMSV> MN KL DBJC WKLJ XJLK
目标:     0 1 0 0 4 0 0 1 6 0 10 7 0 0 0 0 0 2 0 1 0 0 2 0 36 0 0 3 0 0 0 5 0
预测:     0 1 0 0 4 0 0 1 6 0 10 7 0 0 0 0 0 2 0 1 0 0 2 0 36 0 0 3 0 0 0 5 0
准确率:    1.0000 (33/33)
----------------------------------------
💾 保存新的最佳模型！验证准确率: 0.9659 (F1: 0.9651) (Epoch 103)

======================================================================
🚀 Epoch 104/200
======================================================================
📚 开始训练阶段...
训练进度: 500/3164 损失=0.0036
训练进度: 1000/3164 损失=0.0124
训练进度: 1500/3164 损失=0.0128
训练进度: 2000/3164 损失=0.0081
训练进度: 2500/3164 损失=0.0033
训练进度: 3000/3164 损失=0.0295
训练进度: 3164/3164 损失=0.0153
✅ 训练完成，耗时: 58.0秒 (1.0分钟)

============================================================
📊 验证决策: Epoch 104/200
   验证间隔: 1
   是否验证: ✅ 是
   原因: 达到验证间隔 (0 == 0)
============================================================

🔍 开始验证...
验证进度: 500/686 损失=0.6358
验证进度: 686/686 损失=0.3052

📊 预测分布分析:
  - 预测的前5个类别: {np.int64(0): 282702, np.int64(1): 37082, np.int64(2): 14667, np.int64(3): 10607, np.int64(4): 8778}
  - 标签的前5个类别: {np.int64(0): 281232, np.int64(1): 36731, np.int64(2): 14789, np.int64(3): 10866, np.int64(4): 8585}
✅ 验证完成，耗时: 4.7秒 (0.1分钟)
训练损失: 0.0077
验证损失: 0.5022
验证准确率: 0.9657 (10587/10964) - 与Levenshtein高度相关
验证F1(加权): 0.9650 - 类别平衡更好
学习率: 0.000048
显存使用: 0.48GB (预留: 0.69GB)

生成的训练样本:
--------------------------------------------------------------------------------
输入:       N>ZL BTR >LH> >XRN> DL> JD< >NT
目标:     0 44 0 0 3 0 0 0 0 0 0 0 11 0 0 0 0 38 11 0 0 1 0 0 0 0 0 7 0 0 0 0
预测:     0 44 0 0 3 0 0 0 0 0 0 0 11 0 0 0 0 38 11 0 0 1 0 0 0 0 0 7 0 0 0 0
准确率:    1.0000 (32/32)
----------------------------------------
输入:       W>JK RJX> DLBWNT> <L PJRM> W>JK <Q>
目标:     0 1 0 0 0 0 0 0 4 0 0 1 0 0 0 13 9 0 0 0 0 0 0 0 0 4 0 0 1 0 0 0 0 0 111 0
预测:     0 1 0 0 0 0 0 0 4 0 0 1 0 0 0 13 9 0 0 0 0 0 0 0 0 4 0 0 1 0 0 0 0 0 111 0
准确率:    1.0000 (36/36)
----------------------------------------
输入:       D>JSRJL >JLJN DPRJCJN B<M> BRKW LMRJ> WRKBJ
目标:     0 1 0 0 0 0 0 2 0 0 0 0 0 0 0 1 0 8 0 7 0 27 0 1 0 15 0 6 0 0 3 0 0 1 0 0 0 2 0 1 0 0 7 0
预测:     0 1 0 0 0 0 0 2 0 0 0 0 0 0 0 1 0 8 0 7 0 27 0 1 0 15 0 6 0 0 3 0 0 1 0 0 0 2 0 1 0 0 7 0
准确率:    1.0000 (44/44)
----------------------------------------

生成的验证样本:
--------------------------------------------------------------------------------
输入:       YBJNH D>LH> LMSV> MN KL DBJC WKLJ
目标:     0 0 0 0 5 0 0 1 0 0 4 0 0 1 6 0 10 7 0 0 0 0 0 2 0 1 0 0 2 0 36 0 0 3
预测:     0 0 0 0 5 0 0 1 0 0 4 0 0 1 6 0 10 7 0 0 0 0 0 2 0 1 0 0 2 0 36 0 0 3
准确率:    1.0000 (34/34)
----------------------------------------
输入:       D>LH> LMSV> MN KL DBJC WKLJ XJLK
目标:     0 1 0 0 4 0 0 1 6 0 10 7 0 0 0 0 0 2 0 1 0 0 2 0 36 0 0 3 0 0 0 5 0
预测:     0 1 0 0 4 0 0 1 6 0 10 7 0 0 0 0 0 2 0 1 0 0 2 0 36 0 0 3 0 0 0 5 0
准确率:    1.0000 (33/33)
----------------------------------------
⏳ 验证无提升 (验证准确率: 0.9657 ≤ 0.9659)，patience: 1/50

======================================================================
🚀 Epoch 105/200
======================================================================
📚 开始训练阶段...
训练进度: 500/3164 损失=0.0012
训练进度: 1000/3164 损失=0.0261
训练进度: 1500/3164 损失=0.0037
训练进度: 2000/3164 损失=0.0095
训练进度: 2500/3164 损失=0.0149
训练进度: 3000/3164 损失=0.0049
训练进度: 3164/3164 损失=0.0037
✅ 训练完成，耗时: 57.9秒 (1.0分钟)

============================================================
📊 验证决策: Epoch 105/200
   验证间隔: 1
   是否验证: ✅ 是
   原因: 达到验证间隔 (0 == 0)
============================================================

🔍 开始验证...
验证进度: 500/686 损失=0.7922
验证进度: 686/686 损失=0.3937

📊 预测分布分析:
  - 预测的前5个类别: {np.int64(0): 282488, np.int64(1): 37150, np.int64(2): 14784, np.int64(3): 10863, np.int64(4): 8726}
  - 标签的前5个类别: {np.int64(0): 281232, np.int64(1): 36731, np.int64(2): 14789, np.int64(3): 10866, np.int64(4): 8585}
✅ 验证完成，耗时: 4.7秒 (0.1分钟)
训练损失: 0.0074
验证损失: 0.5129
验证准确率: 0.9658 (10588/10964) - 与Levenshtein高度相关
验证F1(加权): 0.9650 - 类别平衡更好
学习率: 0.000047
显存使用: 0.48GB (预留: 0.69GB)

生成的训练样本:
--------------------------------------------------------------------------------
输入:       WLRB SJSQ MN LKJC LWT XZQJ> MLK>
目标:     0 1 1 0 2 0 0 0 0 2 0 0 0 0 0 0 0 2 0 0 0 0 0 0 0 0 0 2 0 0 0 4 0
预测:     0 1 1 0 2 0 0 0 0 2 0 0 0 0 0 0 0 2 0 0 0 0 0 0 0 0 0 2 0 0 0 4 0
准确率:    1.0000 (33/33)
----------------------------------------
输入:       LCJLW DB>R<> DKN<N WCDRW KLH <M> W>MRW
目标:     0 1 0 0 0 2 0 1 1 0 0 4 0 0 1 0 0 0 2 0 1 0 0 3 19 0 0 5 0 0 0 15 0 0 1 0 0 3 0
预测:     0 1 0 0 0 2 0 1 1 0 0 4 0 0 1 0 0 0 2 0 1 0 0 3 19 0 0 5 0 0 0 15 0 0 1 0 0 3 0
准确率:    1.0000 (39/39)
----------------------------------------
输入:       PWR<N> BJC> XD BN> W>XRN> STR MN>
目标:     0 0 0 0 0 4 0 0 0 0 4 0 0 0 2 0 0 10 7 0 1 0 0 38 4 0 0 0 0 7 0 0 0 0
预测:     0 0 0 0 0 4 0 0 0 0 4 0 0 0 2 0 0 10 7 0 1 0 0 38 4 0 0 0 0 7 0 0 0 0
准确率:    1.0000 (34/34)
----------------------------------------

生成的验证样本:
--------------------------------------------------------------------------------
输入:       YBJNH D>LH> LMSV> MN KL DBJC WKLJ
目标:     0 0 0 0 5 0 0 1 0 0 4 0 0 1 6 0 10 7 0 0 0 0 0 2 0 1 0 0 2 0 36 0 0 3
预测:     0 0 0 0 5 0 0 1 0 0 4 0 0 1 6 0 10 7 0 0 0 0 0 2 0 1 0 0 2 0 36 0 0 3
准确率:    1.0000 (34/34)
----------------------------------------
输入:       D>LH> LMSV> MN KL DBJC WKLJ XJLK
目标:     0 1 0 0 4 0 0 1 6 0 10 7 0 0 0 0 0 2 0 1 0 0 2 0 36 0 0 3 0 0 0 5 0
预测:     0 1 0 0 4 0 0 1 6 0 10 7 0 0 0 0 0 2 0 1 0 0 2 0 36 0 0 3 0 0 0 5 0
准确率:    1.0000 (33/33)
----------------------------------------
⏳ 验证无提升 (验证准确率: 0.9658 ≤ 0.9659)，patience: 2/50

======================================================================
🚀 Epoch 106/200
======================================================================
📚 开始训练阶段...
训练进度: 500/3164 损失=0.0015
训练进度: 1000/3164 损失=0.0052
训练进度: 1500/3164 损失=0.0407
训练进度: 2000/3164 损失=0.0015
训练进度: 2500/3164 损失=0.0010
训练进度: 3000/3164 损失=0.0029
训练进度: 3164/3164 损失=0.0045
✅ 训练完成，耗时: 57.8秒 (1.0分钟)

============================================================
📊 验证决策: Epoch 106/200
   验证间隔: 1
   是否验证: ✅ 是
   原因: 达到验证间隔 (0 == 0)
============================================================

🔍 开始验证...
验证进度: 500/686 损失=0.7673
验证进度: 686/686 损失=0.3801

📊 预测分布分析:
  - 预测的前5个类别: {np.int64(0): 282667, np.int64(1): 37114, np.int64(2): 14594, np.int64(3): 10812, np.int64(4): 9041}
  - 标签的前5个类别: {np.int64(0): 281232, np.int64(1): 36731, np.int64(2): 14789, np.int64(3): 10866, np.int64(4): 8585}
✅ 验证完成，耗时: 4.8秒 (0.1分钟)
训练损失: 0.0072
验证损失: 0.5136
验证准确率: 0.9660 (10591/10964) - 与Levenshtein高度相关
验证F1(加权): 0.9653 - 类别平衡更好
学习率: 0.000046
显存使用: 0.48GB (预留: 0.69GB)

生成的训练样本:
--------------------------------------------------------------------------------
输入:       KLB BR JWPN> HW NXZJH WLH >TL
目标:     0 0 0 22 0 0 2 0 0 0 0 0 2 0 0 0 0 6 0 0 29 12 0 1 1 0 0 34 0 3
预测:     0 0 0 22 0 0 2 0 0 0 0 0 2 0 0 0 0 6 0 0 29 12 0 1 1 0 0 34 0 3
准确率:    1.0000 (30/30)
----------------------------------------
输入:       XVJN LK >NT <BD LN MDM DCPJR
目标:     0 0 0 3 0 0 1 0 0 0 0 0 6 0 0 3 0 1 0 0 0 0 2 0 1 0 0 0 2
预测:     0 0 0 3 0 0 1 0 0 0 0 0 6 0 0 3 0 1 0 0 0 0 2 0 1 0 0 0 2
准确率:    1.0000 (29/29)
----------------------------------------
输入:       <L NKSJK WT>MR DSGJ >JT LJ L>
目标:     0 0 0 0 0 0 2 1 0 0 1 6 0 0 3 0 1 0 0 13 0 0 0 24 0 1 0 0 0 0
预测:     0 0 0 0 0 0 2 1 0 0 1 6 0 0 3 0 1 0 0 13 0 0 0 24 0 1 0 0 0 0
准确率:    1.0000 (30/30)
----------------------------------------

生成的验证样本:
--------------------------------------------------------------------------------
输入:       YBJNH D>LH> LMSV> MN KL DBJC WKLJ
目标:     0 0 0 0 5 0 0 1 0 0 4 0 0 1 6 0 10 7 0 0 0 0 0 2 0 1 0 0 2 0 36 0 0 3
预测:     0 0 0 0 5 0 0 1 0 0 4 0 0 1 6 0 10 7 0 0 0 0 0 2 0 1 0 0 2 0 36 0 0 3
准确率:    1.0000 (34/34)
----------------------------------------
输入:       D>LH> LMSV> MN KL DBJC WKLJ XJLK
目标:     0 1 0 0 4 0 0 1 6 0 10 7 0 0 0 0 0 2 0 1 0 0 2 0 36 0 0 3 0 0 0 5 0
预测:     0 1 0 0 4 0 0 1 6 0 10 7 0 0 0 0 0 2 0 1 0 0 2 0 36 0 0 3 0 0 0 5 0
准确率:    1.0000 (33/33)
----------------------------------------
💾 保存新的最佳模型！验证准确率: 0.9660 (F1: 0.9653) (Epoch 106)

======================================================================
🚀 Epoch 107/200
======================================================================
📚 开始训练阶段...
训练进度: 500/3164 损失=0.0035
训练进度: 1000/3164 损失=0.0015
训练进度: 1500/3164 损失=0.0010
训练进度: 2000/3164 损失=0.0480
训练进度: 2500/3164 损失=0.0113
训练进度: 3000/3164 损失=0.0049
训练进度: 3164/3164 损失=0.0013
✅ 训练完成，耗时: 57.9秒 (1.0分钟)

============================================================
📊 验证决策: Epoch 107/200
   验证间隔: 1
   是否验证: ✅ 是
   原因: 达到验证间隔 (0 == 0)
============================================================

🔍 开始验证...
验证进度: 500/686 损失=0.9452
验证进度: 686/686 损失=0.2431

📊 预测分布分析:
  - 预测的前5个类别: {np.int64(0): 282840, np.int64(1): 37171, np.int64(2): 14705, np.int64(3): 10820, np.int64(4): 8888}
  - 标签的前5个类别: {np.int64(0): 281232, np.int64(1): 36731, np.int64(2): 14789, np.int64(3): 10866, np.int64(4): 8585}
✅ 验证完成，耗时: 4.8秒 (0.1分钟)
训练损失: 0.0070
验证损失: 0.5277
验证准确率: 0.9657 (10588/10964) - 与Levenshtein高度相关
验证F1(加权): 0.9648 - 类别平衡更好
学习率: 0.000045
显存使用: 0.48GB (预留: 0.69GB)

生成的训练样本:
--------------------------------------------------------------------------------
输入:       NWKRJ> W<QRW QWRJT QWDC> W>YDJW KLHJN XRBTH
目标:     0 0 0 0 0 4 0 0 1 0 0 3 0 0 0 0 0 13 0 0 0 0 0 4 0 0 1 17 0 0 33 0 0 0 5 0 0 0 0 0 0 62 32 12
预测:     0 0 0 0 0 4 0 0 1 0 0 3 0 0 0 0 0 13 0 0 0 0 0 4 0 0 1 17 0 0 33 0 0 0 5 0 0 0 0 0 0 62 32 12
准确率:    1.0000 (44/44)
----------------------------------------
输入:       W>ZLW BTRHWN <DM> LJWRDNN WXZJN KLH >WRX>
目标:     0 1 0 0 3 0 0 0 0 1 0 0 0 0 0 0 0 0 0 1 0 0 0 0 0 2 0 1 0 42 0 0 0 0 5 12 0 0 0 0 4 0
预测:     0 1 0 0 3 0 0 0 0 1 0 0 0 0 0 0 0 0 0 1 0 0 0 0 0 2 0 1 0 42 0 0 0 0 5 12 0 0 0 0 4 0
准确率:    1.0000 (42/42)
----------------------------------------
输入:       TLJTJT> LM>MR ZL >TXZJJ L>XB W>TL MVR>
目标:     0 0 0 0 0 2 9 0 0 1 6 0 0 7 21 0 3 6 0 14 0 0 8 3 0 1 0 0 2 0 1 34 0 3 0 0 0 4 0
预测:     0 0 0 0 0 2 9 0 0 1 6 0 0 7 21 0 3 6 0 14 0 0 8 3 0 1 0 0 2 0 1 34 0 3 0 0 0 4 0
准确率:    1.0000 (39/39)
----------------------------------------

生成的验证样本:
--------------------------------------------------------------------------------
输入:       YBJNH D>LH> LMSV> MN KL DBJC WKLJ
目标:     0 0 0 0 5 0 0 1 0 0 4 0 0 1 6 0 10 7 0 0 0 0 0 2 0 1 0 0 2 0 36 0 0 3
预测:     0 0 0 0 5 0 0 1 0 0 4 0 0 1 6 0 10 7 0 0 0 0 0 2 0 1 0 0 2 0 36 0 0 3
准确率:    1.0000 (34/34)
----------------------------------------
输入:       D>LH> LMSV> MN KL DBJC WKLJ XJLK
目标:     0 1 0 0 4 0 0 1 6 0 10 7 0 0 0 0 0 2 0 1 0 0 2 0 36 0 0 3 0 0 0 5 0
预测:     0 1 0 0 4 0 0 1 6 0 10 7 0 0 0 0 0 2 0 1 0 0 2 0 1 0 0 3 0 0 0 5 0
准确率:    0.9697 (32/33)
----------------------------------------
⏳ 验证无提升 (验证准确率: 0.9657 ≤ 0.9660)，patience: 1/50

======================================================================
🚀 Epoch 108/200
======================================================================
📚 开始训练阶段...
训练进度: 500/3164 损失=0.0009
训练进度: 1000/3164 损失=0.0133
训练进度: 1500/3164 损失=0.0008
训练进度: 2000/3164 损失=0.0036
训练进度: 2500/3164 损失=0.0019
训练进度: 3000/3164 损失=0.0154
训练进度: 3164/3164 损失=0.0151
✅ 训练完成，耗时: 58.0秒 (1.0分钟)

============================================================
📊 验证决策: Epoch 108/200
   验证间隔: 1
   是否验证: ✅ 是
   原因: 达到验证间隔 (0 == 0)
============================================================

🔍 开始验证...
验证进度: 500/686 损失=0.8980
验证进度: 686/686 损失=0.4097

📊 预测分布分析:
  - 预测的前5个类别: {np.int64(0): 282640, np.int64(1): 37180, np.int64(2): 14746, np.int64(3): 10883, np.int64(4): 8862}
  - 标签的前5个类别: {np.int64(0): 281232, np.int64(1): 36731, np.int64(2): 14789, np.int64(3): 10866, np.int64(4): 8585}
✅ 验证完成，耗时: 4.8秒 (0.1分钟)
训练损失: 0.0070
验证损失: 0.5163
验证准确率: 0.9660 (10591/10964) - 与Levenshtein高度相关
验证F1(加权): 0.9651 - 类别平衡更好
学习率: 0.000045
显存使用: 0.48GB (预留: 0.69GB)

生成的训练样本:
--------------------------------------------------------------------------------
输入:       BTR DMJT JCW< BRNWN <BDH DMRJ> C>LW
目标:     0 0 0 0 0 1 20 0 3 0 0 0 0 2 0 0 5 0 0 2 0 0 0 37 0 0 1 0 0 0 2 0 0 0 3 0
预测:     0 0 0 0 0 1 20 0 3 0 0 0 0 2 0 0 5 0 0 2 0 0 0 37 0 0 1 0 0 0 2 0 0 0 3 0
准确率:    1.0000 (36/36)
----------------------------------------
输入:       <LWHJ W>ZL BTR NBJH D>LH> W>CKXH KD
目标:     0 0 8 1 0 0 0 1 0 0 3 0 0 0 0 0 0 0 5 0 0 1 0 0 4 0 0 35 0 0 0 29 0 0 0 0
预测:     0 0 8 1 0 0 0 1 0 0 3 0 0 0 0 0 0 0 5 0 0 1 0 0 4 0 0 35 0 0 0 29 0 0 0 0
准确率:    1.0000 (36/36)
----------------------------------------
输入:       D>NTT> SGJ>> >BDW WRXMTH >JK NWR> JQD>
目标:     0 1 0 0 13 9 0 0 0 0 0 11 0 0 0 0 3 0 0 1 0 0 13 1 12 0 0 0 0 0 0 0 4 0 0 0 0 7 0
预测:     0 1 0 0 13 9 0 0 0 0 0 11 0 0 0 0 3 0 0 1 0 0 13 1 12 0 0 0 0 0 0 0 4 0 0 0 0 7 0
准确率:    1.0000 (39/39)
----------------------------------------

生成的验证样本:
--------------------------------------------------------------------------------
输入:       YBJNH D>LH> LMSV> MN KL DBJC WKLJ
目标:     0 0 0 0 5 0 0 1 0 0 4 0 0 1 6 0 10 7 0 0 0 0 0 2 0 1 0 0 2 0 36 0 0 3
预测:     0 0 0 0 5 0 0 1 0 0 4 0 0 1 6 0 10 7 0 0 0 0 0 2 0 1 0 0 2 0 1 0 0 3
准确率:    0.9706 (33/34)
----------------------------------------
输入:       D>LH> LMSV> MN KL DBJC WKLJ XJLK
目标:     0 1 0 0 4 0 0 1 6 0 10 7 0 0 0 0 0 2 0 1 0 0 2 0 36 0 0 3 0 0 0 5 0
预测:     0 1 0 0 4 0 0 1 6 0 10 7 0 0 0 0 0 2 0 1 0 0 2 0 1 0 0 3 0 0 0 5 0
准确率:    0.9697 (32/33)
----------------------------------------
⏳ 验证无提升 (验证准确率: 0.9660 ≤ 0.9660)，patience: 2/50

======================================================================
🚀 Epoch 109/200
======================================================================
📚 开始训练阶段...
训练进度: 500/3164 损失=0.0127
训练进度: 1000/3164 损失=0.0048
训练进度: 1500/3164 损失=0.0017
训练进度: 2000/3164 损失=0.0006
训练进度: 2500/3164 损失=0.0005
训练进度: 3000/3164 损失=0.0048
训练进度: 3164/3164 损失=0.0008
✅ 训练完成，耗时: 57.9秒 (1.0分钟)

============================================================
📊 验证决策: Epoch 109/200
   验证间隔: 1
   是否验证: ✅ 是
   原因: 达到验证间隔 (0 == 0)
============================================================

🔍 开始验证...
验证进度: 500/686 损失=0.8330
验证进度: 686/686 损失=0.2359

📊 预测分布分析:
  - 预测的前5个类别: {np.int64(0): 282713, np.int64(1): 37189, np.int64(2): 14662, np.int64(3): 10690, np.int64(4): 8983}
  - 标签的前5个类别: {np.int64(0): 281232, np.int64(1): 36731, np.int64(2): 14789, np.int64(3): 10866, np.int64(4): 8585}
✅ 验证完成，耗时: 4.7秒 (0.1分钟)
训练损失: 0.0065
验证损失: 0.5314
验证准确率: 0.9658 (10588/10964) - 与Levenshtein高度相关
验证F1(加权): 0.9649 - 类别平衡更好
学习率: 0.000044
显存使用: 0.48GB (预留: 0.69GB)

生成的训练样本:
--------------------------------------------------------------------------------
输入:       L<BDWHJ SJMW MSM <L QRJT> WH> NBJ>
目标:     0 1 0 0 69 1 0 0 6 20 0 3 0 0 6 31 7 0 0 0 0 0 0 22 9 0 0 1 0 0 0 0 0 4 0
预测:     0 1 0 0 69 1 0 0 6 20 0 3 0 0 6 31 7 0 0 0 0 0 0 22 9 0 0 1 0 0 0 0 0 4 0
准确率:    1.0000 (35/35)
----------------------------------------
输入:       NPCHWN LM>MR L> N<ND LK GBR> DJTB
目标:     0 0 0 5 0 0 0 0 1 6 0 0 7 0 0 0 0 6 0 0 3 0 1 0 0 0 0 4 0 0 1 0 0 7
预测:     0 0 0 5 0 0 0 0 1 6 0 0 7 0 0 0 0 6 0 0 3 0 1 0 0 0 0 4 0 0 1 0 0 7
准确率:    1.0000 (34/34)
----------------------------------------
输入:       LNC> TWQPK W>CLVT >NJN BPGRK WJHBT MWM>
目标:     0 75 47 61 0 0 0 0 0 5 0 0 1 17 0 0 3 12 0 0 0 0 0 0 1 0 0 5 0 0 1 0 0 3 12 0 0 0 4 0
预测:     0 75 47 61 0 0 0 0 0 5 0 0 1 17 0 0 3 12 0 0 0 0 0 0 1 0 0 5 0 0 1 0 0 3 12 0 0 0 4 0
准确率:    1.0000 (40/40)
----------------------------------------

生成的验证样本:
--------------------------------------------------------------------------------
输入:       YBJNH D>LH> LMSV> MN KL DBJC WKLJ
目标:     0 0 0 0 5 0 0 1 0 0 4 0 0 1 6 0 10 7 0 0 0 0 0 2 0 1 0 0 2 0 36 0 0 3
预测:     0 0 0 0 5 0 0 1 0 0 4 0 0 1 6 0 10 7 0 0 0 0 0 2 0 1 0 0 2 0 36 0 0 3
准确率:    1.0000 (34/34)
----------------------------------------
输入:       D>LH> LMSV> MN KL DBJC WKLJ XJLK
目标:     0 1 0 0 4 0 0 1 6 0 10 7 0 0 0 0 0 2 0 1 0 0 2 0 36 0 0 3 0 0 0 5 0
预测:     0 1 0 0 4 0 0 1 6 0 10 7 0 0 0 0 0 2 0 1 0 0 2 0 1 0 0 3 0 0 0 5 0
准确率:    0.9697 (32/33)
----------------------------------------
⏳ 验证无提升 (验证准确率: 0.9658 ≤ 0.9660)，patience: 3/50

======================================================================
🚀 Epoch 110/200
======================================================================
📚 开始训练阶段...
训练进度: 500/3164 损失=0.0061
训练进度: 1000/3164 损失=0.0119
训练进度: 1500/3164 损失=0.0064
训练进度: 2000/3164 损失=0.0010
训练进度: 2500/3164 损失=0.0225
训练进度: 3000/3164 损失=0.0110
训练进度: 3164/3164 损失=0.0005
✅ 训练完成，耗时: 57.8秒 (1.0分钟)

============================================================
📊 验证决策: Epoch 110/200
   验证间隔: 1
   是否验证: ✅ 是
   原因: 达到验证间隔 (0 == 0)
============================================================

🔍 开始验证...
验证进度: 500/686 损失=0.7809
验证进度: 686/686 损失=0.2139

📊 预测分布分析:
  - 预测的前5个类别: {np.int64(0): 282835, np.int64(1): 37173, np.int64(2): 14720, np.int64(3): 10693, np.int64(4): 8903}
  - 标签的前5个类别: {np.int64(0): 281232, np.int64(1): 36731, np.int64(2): 14789, np.int64(3): 10866, np.int64(4): 8585}
✅ 验证完成，耗时: 4.8秒 (0.1分钟)
训练损失: 0.0065
验证损失: 0.5210
验证准确率: 0.9663 (10594/10964) - 与Levenshtein高度相关
验证F1(加权): 0.9655 - 类别平衡更好
学习率: 0.000043
显存使用: 0.47GB (预留: 0.69GB)

生成的训练样本:
--------------------------------------------------------------------------------
输入:       WKLH BZTH KNC LGW CVXH W>WQDJH LQRJT>
目标:     0 1 0 5 12 0 0 13 1 12 6 0 0 16 0 1 0 2 0 0 0 5 12 0 1 50 0 0 48 1 12 0 1 0 0 22 9 0
预测:     0 1 0 5 12 0 0 13 1 12 6 0 0 16 0 1 0 2 0 0 0 5 12 0 1 50 0 0 48 1 12 0 1 0 0 22 9 0
准确率:    1.0000 (38/38)
----------------------------------------
输入:       MN LBR <L TR<> TLTM>> WTMN>JN GBRJN
目标:     0 0 0 0 1 0 22 0 0 0 0 0 0 4 0 0 0 0 0 0 0 2 0 1 0 0 0 0 0 2 0 0 0 2 0 0
预测:     0 0 0 0 1 0 22 0 0 0 0 0 0 4 0 0 0 0 0 0 0 2 0 1 0 0 0 0 0 2 0 0 0 2 0 0
准确率:    1.0000 (36/36)
----------------------------------------
输入:       WMNJ MTDKJ> WMYVLL> BRJT> WDL> HKN LJT
目标:     0 1 0 0 22 0 21 14 0 0 7 19 0 1 45 97 0 0 7 19 0 0 0 13 9 0 0 1 1 0 0 0 0 0 60 0 58 0 24
预测:     0 1 0 0 22 0 21 14 0 0 7 19 0 1 45 97 0 0 7 19 0 0 0 13 9 0 0 1 1 0 0 0 0 0 60 0 58 0 24
准确率:    1.0000 (39/39)
----------------------------------------

生成的验证样本:
--------------------------------------------------------------------------------
输入:       YBJNH D>LH> LMSV> MN KL DBJC WKLJ
目标:     0 0 0 0 5 0 0 1 0 0 4 0 0 1 6 0 10 7 0 0 0 0 0 2 0 1 0 0 2 0 36 0 0 3
预测:     0 0 0 0 5 0 0 1 0 0 4 0 0 1 6 0 10 7 0 0 0 0 0 2 0 1 0 0 2 0 1 0 0 3
准确率:    0.9706 (33/34)
----------------------------------------
输入:       D>LH> LMSV> MN KL DBJC WKLJ XJLK
目标:     0 1 0 0 4 0 0 1 6 0 10 7 0 0 0 0 0 2 0 1 0 0 2 0 36 0 0 3 0 0 0 5 0
预测:     0 1 0 0 4 0 0 1 6 0 10 7 0 0 0 0 0 2 0 1 0 0 2 0 1 0 0 3 0 0 0 5 0
准确率:    0.9697 (32/33)
----------------------------------------
💾 保存新的最佳模型！验证准确率: 0.9663 (F1: 0.9655) (Epoch 110)

======================================================================
🚀 Epoch 111/200
======================================================================
📚 开始训练阶段...
训练进度: 500/3164 损失=0.0013
训练进度: 1000/3164 损失=0.0003
训练进度: 1500/3164 损失=0.0010
训练进度: 2000/3164 损失=0.0015
训练进度: 2500/3164 损失=0.0071
训练进度: 3000/3164 损失=0.0025
训练进度: 3164/3164 损失=0.0029
✅ 训练完成，耗时: 58.2秒 (1.0分钟)

============================================================
📊 验证决策: Epoch 111/200
   验证间隔: 1
   是否验证: ✅ 是
   原因: 达到验证间隔 (0 == 0)
============================================================

🔍 开始验证...
验证进度: 500/686 损失=0.6973
验证进度: 686/686 损失=0.2523

📊 预测分布分析:
  - 预测的前5个类别: {np.int64(0): 282743, np.int64(1): 37103, np.int64(2): 14733, np.int64(3): 10745, np.int64(4): 8981}
  - 标签的前5个类别: {np.int64(0): 281232, np.int64(1): 36731, np.int64(2): 14789, np.int64(3): 10866, np.int64(4): 8585}
✅ 验证完成，耗时: 4.7秒 (0.1分钟)
训练损失: 0.0064
验证损失: 0.5308
验证准确率: 0.9659 (10590/10964) - 与Levenshtein高度相关
验证F1(加权): 0.9650 - 类别平衡更好
学习率: 0.000042
显存使用: 0.47GB (预留: 0.69GB)

生成的训练样本:
--------------------------------------------------------------------------------
输入:       VBT> D>JM> MRJ> L>BHJK WNTBR LKLHWN B<LDBBJK
目标:     0 0 2 9 0 0 35 0 0 10 3 0 0 0 0 2 0 1 0 8 2 1 0 0 1 6 0 0 3 0 1 0 5 0 0 0 0 0 0 0 0 0 2 1 0
预测:     0 0 2 9 0 0 35 0 0 10 3 0 0 0 0 2 0 1 0 8 2 1 0 0 1 6 0 0 3 0 1 0 5 0 0 0 0 0 0 0 0 0 2 1 0
准确率:    1.0000 (45/45)
----------------------------------------
输入:       BRJ DDNCBX >NC WNBRK LRXMH DLJL> YBWT>
目标:     0 0 5 0 0 1 1 6 0 0 16 0 0 0 2 0 1 6 0 0 16 0 1 0 0 74 0 0 0 0 0 2 0 0 0 0 2 9 0
预测:     0 0 5 0 0 1 1 6 0 0 16 0 0 0 2 0 1 6 0 0 16 0 1 0 0 74 0 0 0 0 0 2 0 0 0 0 2 9 0
准确率:    1.0000 (39/39)
----------------------------------------
输入:       DCLJMWN BJWM> XD TLTJN KWRJN SMJD> WCTJN
目标:     0 1 0 0 0 0 0 2 0 1 0 0 4 0 0 0 2 0 0 0 0 0 2 0 0 0 22 0 0 0 0 0 0 4 0 0 1 0 0 0 2
预测:     0 1 0 0 0 0 0 2 0 1 0 0 4 0 0 0 2 0 0 0 0 0 2 0 0 0 22 0 0 0 0 0 0 4 0 0 1 0 0 0 2
准确率:    1.0000 (41/41)
----------------------------------------

生成的验证样本:
--------------------------------------------------------------------------------
输入:       YBJNH D>LH> LMSV> MN KL DBJC WKLJ
目标:     0 0 0 0 5 0 0 1 0 0 4 0 0 1 6 0 10 7 0 0 0 0 0 2 0 1 0 0 2 0 36 0 0 3
预测:     0 0 0 0 5 0 0 1 0 0 4 0 0 1 6 0 10 7 0 0 0 0 0 2 0 1 0 0 2 0 1 0 0 3
准确率:    0.9706 (33/34)
----------------------------------------
输入:       D>LH> LMSV> MN KL DBJC WKLJ XJLK
目标:     0 1 0 0 4 0 0 1 6 0 10 7 0 0 0 0 0 2 0 1 0 0 2 0 36 0 0 3 0 0 0 5 0
预测:     0 1 0 0 4 0 0 1 6 0 10 7 0 0 0 0 0 2 0 1 0 0 2 0 1 0 0 3 0 0 0 5 0
准确率:    0.9697 (32/33)
----------------------------------------
⏳ 验证无提升 (验证准确率: 0.9659 ≤ 0.9663)，patience: 1/50

======================================================================
🚀 Epoch 112/200
======================================================================
📚 开始训练阶段...
训练进度: 500/3164 损失=0.0026
训练进度: 1000/3164 损失=0.0019
训练进度: 1500/3164 损失=0.0002
训练进度: 2000/3164 损失=0.0103
训练进度: 2500/3164 损失=0.0016
训练进度: 3000/3164 损失=0.0168
训练进度: 3164/3164 损失=0.0032
✅ 训练完成，耗时: 58.0秒 (1.0分钟)

============================================================
📊 验证决策: Epoch 112/200
   验证间隔: 1
   是否验证: ✅ 是
   原因: 达到验证间隔 (0 == 0)
============================================================

🔍 开始验证...
验证进度: 500/686 损失=0.6462
验证进度: 686/686 损失=0.2945

📊 预测分布分析:
  - 预测的前5个类别: {np.int64(0): 282720, np.int64(1): 37171, np.int64(2): 14732, np.int64(3): 10813, np.int64(4): 8782}
  - 标签的前5个类别: {np.int64(0): 281232, np.int64(1): 36731, np.int64(2): 14789, np.int64(3): 10866, np.int64(4): 8585}
✅ 验证完成，耗时: 4.8秒 (0.1分钟)
训练损失: 0.0061
验证损失: 0.5382
验证准确率: 0.9659 (10590/10964) - 与Levenshtein高度相关
验证F1(加权): 0.9651 - 类别平衡更好
学习率: 0.000041
显存使用: 0.48GB (预留: 0.69GB)

生成的训练样本:
--------------------------------------------------------------------------------
输入:       WLMSTKLW BM>NJ MTQL> CLHBJT> DNWR> MPQ<N BSRH
目标:     0 1 1 45 79 0 0 49 19 0 1 0 0 2 0 0 0 0 0 4 0 0 0 0 0 0 2 23 0 0 1 0 0 4 0 0 6 0 0 7 19 0 0 0 5 0
预测:     0 1 1 45 79 0 0 49 19 0 1 0 0 2 0 0 0 0 0 4 0 0 0 0 0 0 2 23 0 0 1 0 0 4 0 0 6 0 0 7 19 0 0 0 5 0
准确率:    1.0000 (46/46)
----------------------------------------
输入:       T<NJWHJ WSJM XWVRJ <L >PWHJ DVLJ> W>MRT
目标:     0 6 0 0 86 0 0 0 0 36 20 0 3 0 0 0 0 5 0 0 0 0 0 54 25 1 0 0 0 1 0 57 4 0 0 1 0 0 3 26
预测:     0 6 0 0 86 0 0 0 0 36 20 0 3 0 0 0 0 5 0 0 0 0 0 54 25 1 0 0 0 1 0 57 4 0 0 1 0 0 3 26
准确率:    1.0000 (40/40)
----------------------------------------
输入:       WBMJ> W>MR >XB L<WBDJ> ZL HLK B>R<>
目标:     0 1 1 24 9 0 0 1 0 0 3 0 0 0 2 0 1 0 0 0 0 0 2 21 0 3 6 0 0 16 0 1 0 0 4 0
预测:     0 1 1 24 9 0 0 1 0 0 3 0 0 0 2 0 1 0 0 0 0 0 2 21 0 3 6 0 0 16 0 1 0 0 4 0
准确率:    1.0000 (36/36)
----------------------------------------

生成的验证样本:
--------------------------------------------------------------------------------
输入:       YBJNH D>LH> LMSV> MN KL DBJC WKLJ
目标:     0 0 0 0 5 0 0 1 0 0 4 0 0 1 6 0 10 7 0 0 0 0 0 2 0 1 0 0 2 0 36 0 0 3
预测:     0 0 0 0 5 0 0 1 0 0 4 0 0 1 6 0 10 7 0 0 0 0 0 2 0 1 0 0 2 0 36 0 0 3
准确率:    1.0000 (34/34)
----------------------------------------
输入:       D>LH> LMSV> MN KL DBJC WKLJ XJLK
目标:     0 1 0 0 4 0 0 1 6 0 10 7 0 0 0 0 0 2 0 1 0 0 2 0 36 0 0 3 0 0 0 5 0
预测:     0 1 0 0 4 0 0 1 6 0 10 7 0 0 0 0 0 2 0 1 0 0 2 0 36 0 0 3 0 0 0 5 0
准确率:    1.0000 (33/33)
----------------------------------------
⏳ 验证无提升 (验证准确率: 0.9659 ≤ 0.9663)，patience: 2/50

======================================================================
🚀 Epoch 113/200
======================================================================
📚 开始训练阶段...
训练进度: 500/3164 损失=0.0049
训练进度: 1000/3164 损失=0.0030
训练进度: 1500/3164 损失=0.0005
训练进度: 2000/3164 损失=0.0101
训练进度: 2500/3164 损失=0.0050
训练进度: 3000/3164 损失=0.0007
训练进度: 3164/3164 损失=0.0029
✅ 训练完成，耗时: 58.2秒 (1.0分钟)

============================================================
📊 验证决策: Epoch 113/200
   验证间隔: 1
   是否验证: ✅ 是
   原因: 达到验证间隔 (0 == 0)
============================================================

🔍 开始验证...
验证进度: 500/686 损失=0.7292
验证进度: 686/686 损失=0.3657

📊 预测分布分析:
  - 预测的前5个类别: {np.int64(0): 282739, np.int64(1): 37128, np.int64(2): 14623, np.int64(3): 10832, np.int64(4): 9041}
  - 标签的前5个类别: {np.int64(0): 281232, np.int64(1): 36731, np.int64(2): 14789, np.int64(3): 10866, np.int64(4): 8585}
✅ 验证完成，耗时: 4.7秒 (0.1分钟)
训练损失: 0.0063
验证损失: 0.5347
验证准确率: 0.9661 (10592/10964) - 与Levenshtein高度相关
验证F1(加权): 0.9652 - 类别平衡更好
学习率: 0.000041
显存使用: 0.47GB (预留: 0.69GB)

生成的训练样本:
--------------------------------------------------------------------------------
输入:       WMTQN LH M>N> DRWGZ> G>RWHJ <BD LDJQDJN
目标:     0 1 28 0 0 7 0 1 0 0 0 0 11 0 0 1 0 0 0 4 0 0 0 0 25 1 0 0 0 0 0 3 0 1 1 0 0 7 0 0
预测:     0 1 28 0 0 7 0 1 0 0 0 0 11 0 0 1 0 0 0 4 0 0 0 0 25 1 0 0 0 0 0 3 0 1 1 0 0 7 0 0
准确率:    1.0000 (40/40)
----------------------------------------
输入:       >CDRK W>QJM LH QJM> WCDRH WGBR> XD
目标:     0 6 0 0 51 0 0 1 17 20 0 3 0 1 0 0 0 0 4 0 0 1 0 0 51 0 0 1 0 0 4 0 0 0 2
预测:     0 6 0 0 51 0 0 1 17 20 0 3 0 1 0 0 0 0 4 0 0 1 0 0 51 0 0 1 0 0 4 0 0 0 2
准确率:    1.0000 (35/35)
----------------------------------------
输入:       BR XZQJ> MLK> DJHWD> <BD> HLJN W>B>C
目标:     0 0 2 0 0 0 0 0 2 0 0 0 4 0 0 1 0 0 0 0 2 0 0 0 82 0 0 0 0 0 0 0 1 17 0 0 3
预测:     0 0 2 0 0 0 0 0 2 0 0 0 4 0 0 1 0 0 0 0 2 0 0 0 82 0 0 0 0 0 0 0 1 17 0 0 3
准确率:    1.0000 (37/37)
----------------------------------------

生成的验证样本:
--------------------------------------------------------------------------------
输入:       YBJNH D>LH> LMSV> MN KL DBJC WKLJ
目标:     0 0 0 0 5 0 0 1 0 0 4 0 0 1 6 0 10 7 0 0 0 0 0 2 0 1 0 0 2 0 36 0 0 3
预测:     0 0 0 0 5 0 0 1 0 0 4 0 0 1 6 0 10 7 0 0 0 0 0 2 0 1 0 0 2 0 1 0 0 3
准确率:    0.9706 (33/34)
----------------------------------------
输入:       D>LH> LMSV> MN KL DBJC WKLJ XJLK
目标:     0 1 0 0 4 0 0 1 6 0 10 7 0 0 0 0 0 2 0 1 0 0 2 0 36 0 0 3 0 0 0 5 0
预测:     0 1 0 0 4 0 0 1 6 0 10 7 0 0 0 0 0 2 0 1 0 0 2 0 1 0 0 3 0 0 0 5 0
准确率:    0.9697 (32/33)
----------------------------------------
⏳ 验证无提升 (验证准确率: 0.9661 ≤ 0.9663)，patience: 3/50

======================================================================
🚀 Epoch 114/200
======================================================================
📚 开始训练阶段...
训练进度: 500/3164 损失=0.0025
训练进度: 1000/3164 损失=0.0040
训练进度: 1500/3164 损失=0.0019
训练进度: 2000/3164 损失=0.0051
训练进度: 2500/3164 损失=0.0117
训练进度: 3000/3164 损失=0.0110
训练进度: 3164/3164 损失=0.0054
✅ 训练完成，耗时: 58.1秒 (1.0分钟)

============================================================
📊 验证决策: Epoch 114/200
   验证间隔: 1
   是否验证: ✅ 是
   原因: 达到验证间隔 (0 == 0)
============================================================

🔍 开始验证...
验证进度: 500/686 损失=0.7523
验证进度: 686/686 损失=0.1433

📊 预测分布分析:
  - 预测的前5个类别: {np.int64(0): 282812, np.int64(1): 37135, np.int64(2): 14714, np.int64(3): 10753, np.int64(4): 8740}
  - 标签的前5个类别: {np.int64(0): 281232, np.int64(1): 36731, np.int64(2): 14789, np.int64(3): 10866, np.int64(4): 8585}
✅ 验证完成，耗时: 4.8秒 (0.1分钟)
训练损失: 0.0059
验证损失: 0.5368
验证准确率: 0.9659 (10590/10964) - 与Levenshtein高度相关
验证F1(加权): 0.9651 - 类别平衡更好
学习率: 0.000040
显存使用: 0.47GB (预留: 0.69GB)

生成的训练样本:
--------------------------------------------------------------------------------
输入:       RWGZH L> TCTWXR DTTWB QDMWHJ WL> TT<KR
目标:     0 0 0 0 5 0 0 0 0 0 45 39 59 0 0 3 0 1 6 0 0 33 0 0 0 25 1 0 0 0 1 0 0 0 21 14 0 0 16
预测:     0 0 0 0 5 0 0 0 0 0 45 39 59 0 0 3 0 1 6 0 0 33 0 0 0 25 1 0 0 0 1 0 0 0 21 14 0 0 16
准确率:    1.0000 (39/39)
----------------------------------------
输入:       MRJ> >LHK W<NJ W>MR QDM MRJ> >LHK
目标:     0 0 0 0 2 0 0 0 5 0 0 36 0 0 3 0 36 0 0 3 0 0 0 2 0 0 0 0 2 0 0 0 5 0
预测:     0 0 0 0 2 0 0 0 5 0 0 36 0 0 3 0 36 0 0 3 0 0 0 2 0 0 0 0 2 0 0 0 5 0
准确率:    1.0000 (34/34)
----------------------------------------
输入:       >KWL MN LXMK W>N TSQ <LT> LMRJ>
目标:     0 21 8 0 3 0 0 0 0 0 0 5 0 0 1 0 0 0 28 64 3 0 0 70 9 0 0 1 0 0 0 2
预测:     0 21 8 0 3 0 0 0 0 0 0 5 0 0 1 0 0 0 28 64 3 0 0 70 9 0 0 1 0 0 0 2
准确率:    1.0000 (32/32)
----------------------------------------

生成的验证样本:
--------------------------------------------------------------------------------
输入:       YBJNH D>LH> LMSV> MN KL DBJC WKLJ
目标:     0 0 0 0 5 0 0 1 0 0 4 0 0 1 6 0 10 7 0 0 0 0 0 2 0 1 0 0 2 0 36 0 0 3
预测:     0 0 0 0 5 0 0 1 0 0 4 0 0 1 6 0 10 7 0 0 0 0 0 2 0 1 0 0 2 0 1 0 0 3
准确率:    0.9706 (33/34)
----------------------------------------
输入:       D>LH> LMSV> MN KL DBJC WKLJ XJLK
目标:     0 1 0 0 4 0 0 1 6 0 10 7 0 0 0 0 0 2 0 1 0 0 2 0 36 0 0 3 0 0 0 5 0
预测:     0 1 0 0 4 0 0 1 6 0 10 7 0 0 0 0 0 2 0 1 0 0 2 0 1 0 0 3 0 0 0 5 0
准确率:    0.9697 (32/33)
----------------------------------------
⏳ 验证无提升 (验证准确率: 0.9659 ≤ 0.9663)，patience: 4/50

======================================================================
🚀 Epoch 115/200
======================================================================
📚 开始训练阶段...
训练进度: 500/3164 损失=0.0006
训练进度: 1000/3164 损失=0.0012
训练进度: 1500/3164 损失=0.0020
训练进度: 2000/3164 损失=0.0007
训练进度: 2500/3164 损失=0.0075
训练进度: 3000/3164 损失=0.0156
训练进度: 3164/3164 损失=0.0030
✅ 训练完成，耗时: 58.4秒 (1.0分钟)

============================================================
📊 验证决策: Epoch 115/200
   验证间隔: 1
   是否验证: ✅ 是
   原因: 达到验证间隔 (0 == 0)
============================================================

🔍 开始验证...
验证进度: 500/686 损失=0.7164
验证进度: 686/686 损失=0.3400

📊 预测分布分析:
  - 预测的前5个类别: {np.int64(0): 282775, np.int64(1): 37191, np.int64(2): 14735, np.int64(3): 10697, np.int64(4): 9018}
  - 标签的前5个类别: {np.int64(0): 281232, np.int64(1): 36731, np.int64(2): 14789, np.int64(3): 10866, np.int64(4): 8585}
✅ 验证完成，耗时: 4.8秒 (0.1分钟)
训练损失: 0.0059
验证损失: 0.5444
验证准确率: 0.9659 (10589/10964) - 与Levenshtein高度相关
验证F1(加权): 0.9650 - 类别平衡更好
学习率: 0.000039
显存使用: 0.47GB (预留: 0.69GB)

生成的训练样本:
--------------------------------------------------------------------------------
输入:       >R<> DMYRJN W>JTJTKWN L>R<> D>JMJT L>BHJKWN W>MRT
目标:     0 0 0 4 0 0 1 0 0 0 0 2 0 1 59 0 0 3 1 0 0 0 0 1 0 0 4 0 0 35 0 0 0 3 0 0 1 0 8 2 1 0 0 0 0 1 0 0 3 0
预测:     0 0 0 4 0 0 1 0 0 0 0 2 0 1 59 0 0 3 1 0 0 0 0 1 0 0 4 0 0 35 0 0 0 3 0 0 1 0 8 2 1 0 0 0 0 1 0 0 3 0
准确率:    1.0000 (50/50)
----------------------------------------
输入:       RXB<M KD >MLK WCB<SR> CNJN >MLK B>WRCLM
目标:     0 0 0 0 0 2 0 0 0 0 17 0 0 33 0 1 0 0 0 0 2 0 0 0 13 0 0 0 17 0 0 33 0 1 0 0 0 0 0 2
预测:     0 0 0 0 0 2 0 0 0 0 17 0 0 33 0 1 0 0 0 0 2 0 0 0 13 0 0 0 17 0 0 33 0 1 0 0 0 0 0 2
准确率:    1.0000 (40/40)
----------------------------------------
输入:       L> GJR >NC MTRC> LMN> >RJK BQWMTH
目标:     0 0 0 0 0 0 0 0 0 0 2 0 21 14 0 10 7 0 1 0 0 0 0 0 8 0 40 0 1 0 0 13 1 0
预测:     0 0 0 0 0 0 0 0 0 0 2 0 21 14 0 10 7 0 1 0 0 0 0 0 8 0 40 0 1 0 0 13 1 0
准确率:    1.0000 (34/34)
----------------------------------------

生成的验证样本:
--------------------------------------------------------------------------------
输入:       YBJNH D>LH> LMSV> MN KL DBJC WKLJ
目标:     0 0 0 0 5 0 0 1 0 0 4 0 0 1 6 0 10 7 0 0 0 0 0 2 0 1 0 0 2 0 36 0 0 3
预测:     0 0 0 0 5 0 0 1 0 0 4 0 0 1 6 0 10 7 0 0 0 0 0 2 0 1 0 0 2 0 1 0 0 3
准确率:    0.9706 (33/34)
----------------------------------------
输入:       D>LH> LMSV> MN KL DBJC WKLJ XJLK
目标:     0 1 0 0 4 0 0 1 6 0 10 7 0 0 0 0 0 2 0 1 0 0 2 0 36 0 0 3 0 0 0 5 0
预测:     0 1 0 0 4 0 0 1 6 0 10 7 0 0 0 0 0 2 0 1 0 0 2 0 1 0 0 3 0 0 0 5 0
准确率:    0.9697 (32/33)
----------------------------------------
⏳ 验证无提升 (验证准确率: 0.9659 ≤ 0.9663)，patience: 5/50

======================================================================
🚀 Epoch 116/200
======================================================================
📚 开始训练阶段...
训练进度: 500/3164 损失=0.0002
训练进度: 1000/3164 损失=0.0159
训练进度: 1500/3164 损失=0.0013
训练进度: 2000/3164 损失=0.0049
训练进度: 2500/3164 损失=0.0114
训练进度: 3000/3164 损失=0.0004
训练进度: 3164/3164 损失=0.0092
✅ 训练完成，耗时: 58.1秒 (1.0分钟)

============================================================
📊 验证决策: Epoch 116/200
   验证间隔: 1
   是否验证: ✅ 是
   原因: 达到验证间隔 (0 == 0)
============================================================

🔍 开始验证...
验证进度: 500/686 损失=0.7640
验证进度: 686/686 损失=0.2081

📊 预测分布分析:
  - 预测的前5个类别: {np.int64(0): 282732, np.int64(1): 37043, np.int64(2): 14675, np.int64(3): 10795, np.int64(4): 8996}
  - 标签的前5个类别: {np.int64(0): 281232, np.int64(1): 36731, np.int64(2): 14789, np.int64(3): 10866, np.int64(4): 8585}
✅ 验证完成，耗时: 4.7秒 (0.1分钟)
训练损失: 0.0056
验证损失: 0.5459
验证准确率: 0.9661 (10591/10964) - 与Levenshtein高度相关
验证F1(加权): 0.9652 - 类别平衡更好
学习率: 0.000038
显存使用: 0.48GB (预留: 0.69GB)

生成的训练样本:
--------------------------------------------------------------------------------
输入:       >JLJN DBMDJ <RQJN MN MJTJHWN >W QBRJN
目标:     0 0 0 0 0 0 0 1 1 0 0 2 0 0 0 7 0 0 0 0 0 0 20 0 7 124 0 0 0 0 0 0 0 0 0 7 0 0
预测:     0 0 0 0 0 0 0 1 1 0 0 2 0 0 0 7 0 0 0 0 0 0 20 0 7 124 0 0 0 0 0 0 0 0 0 7 0 0
准确率:    1.0000 (38/38)
----------------------------------------
输入:       D>MRT LNBWT >JZR<LJ> HB LJ KRMK BKSP>
目标:     0 1 0 0 3 0 0 1 0 0 0 2 0 0 0 0 0 0 0 4 0 52 0 3 0 1 0 0 0 0 5 0 0 1 0 0 4 0
预测:     0 1 0 0 3 0 0 1 0 0 0 2 0 0 0 0 0 0 0 4 0 52 0 3 0 1 0 0 0 0 5 0 0 1 0 0 4 0
准确率:    1.0000 (38/38)
----------------------------------------
输入:       TPLWX L>LHJHWN MVL DPX> >NWN LK W>N
目标:     0 6 0 8 0 3 0 1 0 0 2 1 0 0 0 0 0 0 0 0 1 0 11 0 0 0 0 0 0 0 1 0 0 1 0 0
预测:     0 6 0 8 0 3 0 1 0 0 2 1 0 0 0 0 0 0 0 0 1 0 11 0 0 0 0 0 0 0 1 0 0 1 0 0
准确率:    1.0000 (36/36)
----------------------------------------

生成的验证样本:
--------------------------------------------------------------------------------
输入:       YBJNH D>LH> LMSV> MN KL DBJC WKLJ
目标:     0 0 0 0 5 0 0 1 0 0 4 0 0 1 6 0 10 7 0 0 0 0 0 2 0 1 0 0 2 0 36 0 0 3
预测:     0 0 0 0 5 0 0 1 0 0 4 0 0 1 6 0 10 7 0 0 0 0 0 2 0 1 0 0 2 0 36 0 0 3
准确率:    1.0000 (34/34)
----------------------------------------
输入:       D>LH> LMSV> MN KL DBJC WKLJ XJLK
目标:     0 1 0 0 4 0 0 1 6 0 10 7 0 0 0 0 0 2 0 1 0 0 2 0 36 0 0 3 0 0 0 5 0
预测:     0 1 0 0 4 0 0 1 6 0 10 7 0 0 0 0 0 2 0 1 0 0 2 0 1 0 0 3 0 0 0 5 0
准确率:    0.9697 (32/33)
----------------------------------------
⏳ 验证无提升 (验证准确率: 0.9661 ≤ 0.9663)，patience: 6/50

======================================================================
🚀 Epoch 117/200
======================================================================
📚 开始训练阶段...
训练进度: 500/3164 损失=0.0051
训练进度: 1000/3164 损失=0.0007
训练进度: 1500/3164 损失=0.0015
训练进度: 2000/3164 损失=0.0018
训练进度: 2500/3164 损失=0.0070
训练进度: 3000/3164 损失=0.0014
训练进度: 3164/3164 损失=0.0021
✅ 训练完成，耗时: 58.0秒 (1.0分钟)

============================================================
📊 验证决策: Epoch 117/200
   验证间隔: 1
   是否验证: ✅ 是
   原因: 达到验证间隔 (0 == 0)
============================================================

🔍 开始验证...
验证进度: 500/686 损失=0.8868
验证进度: 686/686 损失=0.1750

📊 预测分布分析:
  - 预测的前5个类别: {np.int64(0): 282763, np.int64(1): 37099, np.int64(2): 14780, np.int64(3): 10710, np.int64(4): 8891}
  - 标签的前5个类别: {np.int64(0): 281232, np.int64(1): 36731, np.int64(2): 14789, np.int64(3): 10866, np.int64(4): 8585}
✅ 验证完成，耗时: 4.8秒 (0.1分钟)
训练损失: 0.0053
验证损失: 0.5518
验证准确率: 0.9659 (10590/10964) - 与Levenshtein高度相关
验证F1(加权): 0.9651 - 类别平衡更好
学习率: 0.000038
显存使用: 0.47GB (预留: 0.69GB)

生成的训练样本:
--------------------------------------------------------------------------------
输入:       HLQ> WBVL> WCWCN> WKWLH D>RZ> HW> WK>P>
目标:     0 0 0 11 0 0 1 0 0 30 0 0 1 0 0 0 11 0 0 1 8 0 5 0 0 1 0 0 4 0 0 0 10 3 0 1 0 0 4 0
预测:     0 0 0 11 0 0 1 0 0 30 0 0 1 0 0 0 11 0 0 1 8 0 5 0 0 1 0 0 4 0 0 0 10 3 0 1 0 0 4 0
准确率:    1.0000 (40/40)
----------------------------------------
输入:       >JK D<BDW DBJT >XB MVL DXTN> HW>
目标:     0 0 0 0 0 1 0 0 3 0 0 1 0 0 2 0 0 0 2 0 0 0 0 0 1 0 0 4 0 0 0 10 3
预测:     0 0 0 0 0 1 0 0 3 0 0 1 0 0 2 0 0 0 2 0 0 0 0 0 1 0 0 4 0 0 0 10 3
准确率:    1.0000 (33/33)
----------------------------------------
输入:       L> TCPR CW<JT> MVL D>JKN> DBLBWC> NPL
目标:     0 0 0 0 28 0 0 3 0 0 0 0 2 23 0 0 0 0 0 0 1 0 0 107 0 0 0 1 1 0 0 0 4 0 0 0 0 7
预测:     0 0 0 0 28 0 0 3 0 0 0 0 2 23 0 0 0 0 0 0 1 0 0 107 0 0 0 1 1 0 0 0 4 0 0 0 0 7
准确率:    1.0000 (38/38)
----------------------------------------

生成的验证样本:
--------------------------------------------------------------------------------
输入:       YBJNH D>LH> LMSV> MN KL DBJC WKLJ
目标:     0 0 0 0 5 0 0 1 0 0 4 0 0 1 6 0 10 7 0 0 0 0 0 2 0 1 0 0 2 0 36 0 0 3
预测:     0 0 0 0 5 0 0 1 0 0 4 0 0 1 6 0 10 7 0 0 0 0 0 2 0 1 0 0 2 0 1 0 0 3
准确率:    0.9706 (33/34)
----------------------------------------
输入:       D>LH> LMSV> MN KL DBJC WKLJ XJLK
目标:     0 1 0 0 4 0 0 1 6 0 10 7 0 0 0 0 0 2 0 1 0 0 2 0 36 0 0 3 0 0 0 5 0
预测:     0 1 0 0 4 0 0 1 6 0 10 7 0 0 0 0 0 2 0 1 0 0 2 0 1 0 0 3 0 0 0 5 0
准确率:    0.9697 (32/33)
----------------------------------------
⏳ 验证无提升 (验证准确率: 0.9659 ≤ 0.9663)，patience: 7/50

======================================================================
🚀 Epoch 118/200
======================================================================
📚 开始训练阶段...
训练进度: 500/3164 损失=0.0248
训练进度: 1000/3164 损失=0.0035
训练进度: 1500/3164 损失=0.0018
训练进度: 2000/3164 损失=0.0005
训练进度: 2500/3164 损失=0.0045
训练进度: 3000/3164 损失=0.0140
训练进度: 3164/3164 损失=0.0027
✅ 训练完成，耗时: 58.1秒 (1.0分钟)

============================================================
📊 验证决策: Epoch 118/200
   验证间隔: 1
   是否验证: ✅ 是
   原因: 达到验证间隔 (0 == 0)
============================================================

🔍 开始验证...
验证进度: 500/686 损失=0.8329
验证进度: 686/686 损失=0.2329

📊 预测分布分析:
  - 预测的前5个类别: {np.int64(0): 282949, np.int64(1): 37059, np.int64(2): 14738, np.int64(3): 10866, np.int64(4): 8721}
  - 标签的前5个类别: {np.int64(0): 281232, np.int64(1): 36731, np.int64(2): 14789, np.int64(3): 10866, np.int64(4): 8585}
✅ 验证完成，耗时: 4.7秒 (0.1分钟)
训练损失: 0.0055
验证损失: 0.5473
验证准确率: 0.9660 (10590/10964) - 与Levenshtein高度相关
验证F1(加权): 0.9651 - 类别平衡更好
学习率: 0.000037
显存使用: 0.47GB (预留: 0.69GB)

生成的训练样本:
--------------------------------------------------------------------------------
输入:       MN >TMLJ WMN MNTMLJ WN<RWQ LXD> MN
目标:     0 0 0 0 0 0 0 8 0 0 1 0 0 0 0 0 0 0 8 0 0 1 6 0 8 0 3 0 1 0 2 0 0 0 0
预测:     0 0 0 0 0 0 0 8 0 0 1 0 0 0 0 0 0 0 8 0 0 1 6 0 8 0 3 0 1 0 2 0 0 0 0
准确率:    1.0000 (35/35)
----------------------------------------
输入:       GBRJN MN YD<> WMN >CTW>JL LMGC >R<>
目标:     0 0 0 2 0 0 0 0 0 0 0 0 0 2 0 1 0 0 0 0 0 0 0 0 0 2 0 1 6 0 154 0 0 0 4 0
预测:     0 0 0 2 0 0 0 0 0 0 0 0 0 2 0 1 0 0 0 0 0 0 0 0 0 2 0 1 6 0 154 0 0 0 4 0
准确率:    1.0000 (36/36)
----------------------------------------
输入:       DPQDN MRJ> >LHN W>ZDJNTWN GBR BM>NJ QRBH
目标:     0 1 0 0 51 0 0 0 0 0 2 0 0 0 5 0 0 1 47 85 0 0 33 0 0 19 0 0 0 2 0 1 0 0 2 0 0 0 0 37 0
预测:     0 1 0 0 51 0 0 0 0 0 2 0 0 0 5 0 0 1 47 85 0 0 33 0 0 19 0 0 0 2 0 1 0 0 2 0 0 0 0 37 0
准确率:    1.0000 (41/41)
----------------------------------------

生成的验证样本:
--------------------------------------------------------------------------------
输入:       YBJNH D>LH> LMSV> MN KL DBJC WKLJ
目标:     0 0 0 0 5 0 0 1 0 0 4 0 0 1 6 0 10 7 0 0 0 0 0 2 0 1 0 0 2 0 36 0 0 3
预测:     0 0 0 0 5 0 0 1 0 0 4 0 0 1 6 0 10 7 0 0 0 0 0 2 0 1 0 0 2 0 1 0 0 3
准确率:    0.9706 (33/34)
----------------------------------------
输入:       D>LH> LMSV> MN KL DBJC WKLJ XJLK
目标:     0 1 0 0 4 0 0 1 6 0 10 7 0 0 0 0 0 2 0 1 0 0 2 0 36 0 0 3 0 0 0 5 0
预测:     0 1 0 0 4 0 0 1 6 0 10 7 0 0 0 0 0 2 0 1 0 0 2 0 1 0 0 3 0 0 0 5 0
准确率:    0.9697 (32/33)
----------------------------------------
⏳ 验证无提升 (验证准确率: 0.9660 ≤ 0.9663)，patience: 8/50

======================================================================
🚀 Epoch 119/200
======================================================================
📚 开始训练阶段...
训练进度: 500/3164 损失=0.0064
训练进度: 1000/3164 损失=0.0032
训练进度: 1500/3164 损失=0.0027
训练进度: 2000/3164 损失=0.0127
训练进度: 2500/3164 损失=0.0020
训练进度: 3000/3164 损失=0.0256
训练进度: 3164/3164 损失=0.0196
✅ 训练完成，耗时: 58.1秒 (1.0分钟)

============================================================
📊 验证决策: Epoch 119/200
   验证间隔: 1
   是否验证: ✅ 是
   原因: 达到验证间隔 (0 == 0)
============================================================

🔍 开始验证...
验证进度: 500/686 损失=0.8811
验证进度: 686/686 损失=0.1205

📊 预测分布分析:
  - 预测的前5个类别: {np.int64(0): 282708, np.int64(1): 37144, np.int64(2): 14722, np.int64(3): 10809, np.int64(4): 8623}
  - 标签的前5个类别: {np.int64(0): 281232, np.int64(1): 36731, np.int64(2): 14789, np.int64(3): 10866, np.int64(4): 8585}
✅ 验证完成，耗时: 4.8秒 (0.1分钟)
训练损失: 0.0053
验证损失: 0.5397
验证准确率: 0.9660 (10591/10964) - 与Levenshtein高度相关
验证F1(加权): 0.9652 - 类别平衡更好
学习率: 0.000036
显存使用: 0.48GB (预留: 0.69GB)

生成的训练样本:
--------------------------------------------------------------------------------
输入:       MVL DN>T> <WL> DCB<JN BNWHJ DNDWB<L WDMHWN
目标:     0 0 0 0 0 1 6 0 10 3 0 0 0 15 0 0 1 0 0 2 0 0 0 0 25 1 0 0 0 1 0 0 0 0 38 2 0 1 0 5 0 0 0
预测:     0 0 0 0 0 1 6 0 10 3 0 0 0 15 0 0 1 0 0 2 0 0 0 0 25 1 0 0 0 1 0 0 0 0 38 2 0 1 0 5 0 0 0
准确率:    1.0000 (43/43)
----------------------------------------
输入:       NPCK BKNWCT> DCLJVN> WL> TCXLP MLJ YLWTK
目标:     0 0 0 5 0 0 1 0 0 0 13 9 0 0 1 0 0 0 0 4 0 0 1 0 0 0 6 17 0 0 33 0 0 13 0 0 0 0 2 1 0
预测:     0 0 0 5 0 0 1 0 0 0 13 9 0 0 1 0 0 0 0 4 0 0 1 0 0 0 6 17 0 0 33 0 0 13 0 0 0 0 2 1 0
准确率:    1.0000 (41/41)
----------------------------------------
输入:       L>JSRJL <SRJN CNJN WHW> GBR> XD MN
目标:     0 1 0 0 0 0 0 2 0 0 0 2 0 0 0 0 13 0 0 0 1 0 10 3 0 0 0 4 0 0 0 2 0 0 0
预测:     0 1 0 0 0 0 0 2 0 0 0 2 0 0 0 0 13 0 0 0 1 0 10 3 0 0 0 4 0 0 0 2 0 0 0
准确率:    1.0000 (35/35)
----------------------------------------

生成的验证样本:
--------------------------------------------------------------------------------
输入:       YBJNH D>LH> LMSV> MN KL DBJC WKLJ
目标:     0 0 0 0 5 0 0 1 0 0 4 0 0 1 6 0 10 7 0 0 0 0 0 2 0 1 0 0 2 0 36 0 0 3
预测:     0 0 0 0 5 0 0 1 0 0 4 0 0 1 6 0 10 7 0 0 0 0 0 2 0 1 0 0 2 0 1 0 0 3
准确率:    0.9706 (33/34)
----------------------------------------
输入:       D>LH> LMSV> MN KL DBJC WKLJ XJLK
目标:     0 1 0 0 4 0 0 1 6 0 10 7 0 0 0 0 0 2 0 1 0 0 2 0 36 0 0 3 0 0 0 5 0
预测:     0 1 0 0 4 0 0 1 6 0 10 7 0 0 0 0 0 2 0 1 0 0 2 0 1 0 0 3 0 0 0 5 0
准确率:    0.9697 (32/33)
----------------------------------------
⏳ 验证无提升 (验证准确率: 0.9660 ≤ 0.9663)，patience: 9/50

======================================================================
🚀 Epoch 120/200
======================================================================
📚 开始训练阶段...
训练进度: 500/3164 损失=0.0004
训练进度: 1000/3164 损失=0.0023
训练进度: 1500/3164 损失=0.0083
训练进度: 2000/3164 损失=0.0082
训练进度: 2500/3164 损失=0.0005
训练进度: 3000/3164 损失=0.0128
训练进度: 3164/3164 损失=0.0006
✅ 训练完成，耗时: 58.1秒 (1.0分钟)

============================================================
📊 验证决策: Epoch 120/200
   验证间隔: 1
   是否验证: ✅ 是
   原因: 达到验证间隔 (0 == 0)
============================================================

🔍 开始验证...
验证进度: 500/686 损失=0.9639
验证进度: 686/686 损失=0.1661

📊 预测分布分析:
  - 预测的前5个类别: {np.int64(0): 282859, np.int64(1): 37169, np.int64(2): 14717, np.int64(3): 10725, np.int64(4): 8922}
  - 标签的前5个类别: {np.int64(0): 281232, np.int64(1): 36731, np.int64(2): 14789, np.int64(3): 10866, np.int64(4): 8585}
✅ 验证完成，耗时: 4.8秒 (0.1分钟)
训练损失: 0.0051
验证损失: 0.5538
验证准确率: 0.9659 (10590/10964) - 与Levenshtein高度相关
验证F1(加权): 0.9650 - 类别平衡更好
学习率: 0.000035
显存使用: 0.48GB (预留: 0.69GB)

生成的训练样本:
--------------------------------------------------------------------------------
输入:       >MR >N> LKWN MN BTR DXCTWN D>N
目标:     0 0 0 7 0 0 0 0 0 1 0 0 0 0 0 0 0 0 0 0 0 1 0 130 0 0 0 0 1 0 0
预测:     0 0 0 7 0 0 0 0 0 1 0 0 0 0 0 0 0 0 0 0 0 1 0 130 0 0 0 0 1 0 0
准确率:    1.0000 (31/31)
----------------------------------------
输入:       WMJT BRM L> M>T >L> MX> XJ>
目标:     0 1 20 0 3 0 0 0 0 0 0 0 0 20 0 7 0 0 0 0 0 6 95 7 0 0 10 7
预测:     0 1 20 0 3 0 0 0 0 0 0 0 0 20 0 7 0 0 0 0 0 6 95 7 0 0 10 7
准确率:    1.0000 (28/28)
----------------------------------------
输入:       >N> MNK MRJ >N >JT MRJ> <MN
目标:     0 0 0 0 0 0 1 0 0 0 56 0 0 0 0 0 0 0 24 0 0 0 0 2 0 0 1 0
预测:     0 0 0 0 0 0 1 0 0 0 56 0 0 0 0 0 0 0 24 0 0 0 0 2 0 0 1 0
准确率:    1.0000 (28/28)
----------------------------------------

生成的验证样本:
--------------------------------------------------------------------------------
输入:       YBJNH D>LH> LMSV> MN KL DBJC WKLJ
目标:     0 0 0 0 5 0 0 1 0 0 4 0 0 1 6 0 10 7 0 0 0 0 0 2 0 1 0 0 2 0 36 0 0 3
预测:     0 0 0 0 5 0 0 1 0 0 4 0 0 1 6 0 10 7 0 0 0 0 0 2 0 1 0 0 2 0 1 0 0 3
准确率:    0.9706 (33/34)
----------------------------------------
输入:       D>LH> LMSV> MN KL DBJC WKLJ XJLK
目标:     0 1 0 0 4 0 0 1 6 0 10 7 0 0 0 0 0 2 0 1 0 0 2 0 36 0 0 3 0 0 0 5 0
预测:     0 1 0 0 4 0 0 1 6 0 10 7 0 0 0 0 0 2 0 1 0 0 2 0 1 0 0 3 0 0 0 5 0
准确率:    0.9697 (32/33)
----------------------------------------
⏳ 验证无提升 (验证准确率: 0.9659 ≤ 0.9663)，patience: 10/50

======================================================================
🚀 Epoch 121/200
======================================================================
📚 开始训练阶段...
训练进度: 500/3164 损失=0.0012
训练进度: 1000/3164 损失=0.0017
训练进度: 1500/3164 损失=0.0026
训练进度: 2000/3164 损失=0.0057
训练进度: 2500/3164 损失=0.0113
训练进度: 3000/3164 损失=0.0006
训练进度: 3164/3164 损失=0.0037
✅ 训练完成，耗时: 58.2秒 (1.0分钟)

============================================================
📊 验证决策: Epoch 121/200
   验证间隔: 1
   是否验证: ✅ 是
   原因: 达到验证间隔 (0 == 0)
============================================================

🔍 开始验证...
验证进度: 500/686 损失=0.8800
验证进度: 686/686 损失=0.1188

📊 预测分布分析:
  - 预测的前5个类别: {np.int64(0): 282712, np.int64(1): 37087, np.int64(2): 14770, np.int64(3): 10792, np.int64(4): 8720}
  - 标签的前5个类别: {np.int64(0): 281232, np.int64(1): 36731, np.int64(2): 14789, np.int64(3): 10866, np.int64(4): 8585}
✅ 验证完成，耗时: 4.8秒 (0.1分钟)
训练损失: 0.0050
验证损失: 0.5560
验证准确率: 0.9661 (10592/10964) - 与Levenshtein高度相关
验证F1(加权): 0.9652 - 类别平衡更好
学习率: 0.000035
显存使用: 0.48GB (预留: 0.69GB)

生成的训练样本:
--------------------------------------------------------------------------------
输入:       W>NC> <WL> L> NXZWNH RXJQ> HJ MN
目标:     0 1 0 0 11 0 0 0 0 11 0 0 0 0 0 6 0 18 0 1 12 0 0 8 0 7 27 0 0 12 0 0 0
预测:     0 1 0 0 11 0 0 0 0 11 0 0 0 0 0 6 0 18 0 1 12 0 0 8 0 7 27 0 0 12 0 0 0
准确率:    1.0000 (33/33)
----------------------------------------
输入:       WLKLH CRBT> DBJT >BWH D>MH >MR QDM
目标:     0 1 1 0 5 12 0 0 0 13 9 0 0 1 0 0 2 0 0 8 5 12 0 1 0 5 0 0 0 0 3 0 0 0 2
预测:     0 1 1 0 5 12 0 0 0 13 9 0 0 1 0 0 2 0 0 8 5 12 0 1 0 5 0 0 0 0 3 0 0 0 2
准确率:    1.0000 (35/35)
----------------------------------------
输入:       JQJR> MN DNVR PWQDN> ZR<> ZLJL> M>
目标:     0 0 8 0 43 27 0 0 12 0 1 0 0 7 0 0 0 0 0 11 0 0 0 0 4 0 0 0 8 0 43 27 0 0 0
预测:     0 0 8 0 43 27 0 0 12 0 1 0 0 7 0 0 0 0 0 11 0 0 0 0 4 0 0 0 8 0 43 27 0 0 0
准确率:    1.0000 (35/35)
----------------------------------------

生成的验证样本:
--------------------------------------------------------------------------------
输入:       YBJNH D>LH> LMSV> MN KL DBJC WKLJ
目标:     0 0 0 0 5 0 0 1 0 0 4 0 0 1 6 0 10 7 0 0 0 0 0 2 0 1 0 0 2 0 36 0 0 3
预测:     0 0 0 0 5 0 0 1 0 0 4 0 0 1 6 0 10 7 0 0 0 0 0 2 0 1 0 0 2 0 1 0 0 3
准确率:    0.9706 (33/34)
----------------------------------------
输入:       D>LH> LMSV> MN KL DBJC WKLJ XJLK
目标:     0 1 0 0 4 0 0 1 6 0 10 7 0 0 0 0 0 2 0 1 0 0 2 0 36 0 0 3 0 0 0 5 0
预测:     0 1 0 0 4 0 0 1 6 0 10 7 0 0 0 0 0 2 0 1 0 0 2 0 1 0 0 3 0 0 0 5 0
准确率:    0.9697 (32/33)
----------------------------------------
⏳ 验证无提升 (验证准确率: 0.9661 ≤ 0.9663)，patience: 11/50

======================================================================
🚀 Epoch 122/200
======================================================================
📚 开始训练阶段...
训练进度: 500/3164 损失=0.0028
训练进度: 1000/3164 损失=0.0013
训练进度: 1500/3164 损失=0.0003
训练进度: 2000/3164 损失=0.0036
训练进度: 2500/3164 损失=0.0002
训练进度: 3000/3164 损失=0.0116
训练进度: 3164/3164 损失=0.0138
✅ 训练完成，耗时: 58.2秒 (1.0分钟)

============================================================
📊 验证决策: Epoch 122/200
   验证间隔: 1
   是否验证: ✅ 是
   原因: 达到验证间隔 (0 == 0)
============================================================

🔍 开始验证...
验证进度: 500/686 损失=0.7896
验证进度: 686/686 损失=0.2900

📊 预测分布分析:
  - 预测的前5个类别: {np.int64(0): 282497, np.int64(1): 37091, np.int64(2): 14710, np.int64(3): 10832, np.int64(4): 8927}
  - 标签的前5个类别: {np.int64(0): 281232, np.int64(1): 36731, np.int64(2): 14789, np.int64(3): 10866, np.int64(4): 8585}
✅ 验证完成，耗时: 4.8秒 (0.1分钟)
训练损失: 0.0049
验证损失: 0.5495
验证准确率: 0.9660 (10591/10964) - 与Levenshtein高度相关
验证F1(加权): 0.9653 - 类别平衡更好
学习率: 0.000034
显存使用: 0.47GB (预留: 0.69GB)

生成的训练样本:
--------------------------------------------------------------------------------
输入:       PGR> WNPC> SHDJN >JN> DJN MN KJN>
目标:     0 0 0 4 0 0 1 0 0 4 0 0 0 0 7 0 0 0 0 0 0 0 0 0 0 0 0 0 0 0 0 0 11 0
预测:     0 0 0 4 0 0 1 0 0 4 0 0 0 0 7 0 0 0 0 0 0 0 0 0 0 0 0 0 0 0 0 0 11 0
准确率:    1.0000 (34/34)
----------------------------------------
输入:       TXVWN >MRW BLBJKWN W<L MCKBJKWN RNW DBXW
目标:     0 6 0 18 0 0 6 0 0 3 0 0 1 0 2 1 0 0 0 0 1 0 0 0 0 0 0 13 1 0 0 0 6 0 18 0 6 0 0 3 19
预测:     0 6 0 18 0 0 6 0 0 3 0 0 1 0 2 1 0 0 0 0 1 0 0 0 0 0 0 13 1 0 0 0 6 0 18 0 6 0 0 3 19
准确率:    1.0000 (41/41)
----------------------------------------
输入:       DHWJW GD<WN >JK KLH VJBWT> D<BD <M
目标:     0 1 0 99 0 0 0 0 0 0 0 2 0 0 0 0 0 0 5 12 0 0 0 0 2 9 0 0 1 0 0 3 0 0 0
预测:     0 1 0 99 0 0 0 0 0 0 0 2 0 0 0 0 0 0 5 12 0 0 0 0 2 9 0 0 1 0 0 3 0 0 0
准确率:    1.0000 (35/35)
----------------------------------------

生成的验证样本:
--------------------------------------------------------------------------------
输入:       YBJNH D>LH> LMSV> MN KL DBJC WKLJ
目标:     0 0 0 0 5 0 0 1 0 0 4 0 0 1 6 0 10 7 0 0 0 0 0 2 0 1 0 0 2 0 36 0 0 3
预测:     0 0 0 0 5 0 0 1 0 0 4 0 0 1 6 0 10 7 0 0 0 0 0 2 0 1 0 0 2 0 36 0 0 3
准确率:    1.0000 (34/34)
----------------------------------------
输入:       D>LH> LMSV> MN KL DBJC WKLJ XJLK
目标:     0 1 0 0 4 0 0 1 6 0 10 7 0 0 0 0 0 2 0 1 0 0 2 0 36 0 0 3 0 0 0 5 0
预测:     0 1 0 0 4 0 0 1 6 0 10 7 0 0 0 0 0 2 0 1 0 0 2 0 1 0 0 3 0 0 0 5 0
准确率:    0.9697 (32/33)
----------------------------------------
⏳ 验证无提升 (验证准确率: 0.9660 ≤ 0.9663)，patience: 12/50

======================================================================
🚀 Epoch 123/200
======================================================================
📚 开始训练阶段...
训练进度: 500/3164 损失=0.0014
训练进度: 1000/3164 损失=0.0137
训练进度: 1500/3164 损失=0.0004
训练进度: 2000/3164 损失=0.0025
训练进度: 2500/3164 损失=0.0009
训练进度: 3000/3164 损失=0.0021
训练进度: 3164/3164 损失=0.0019
✅ 训练完成，耗时: 58.2秒 (1.0分钟)

============================================================
📊 验证决策: Epoch 123/200
   验证间隔: 1
   是否验证: ✅ 是
   原因: 达到验证间隔 (0 == 0)
============================================================

🔍 开始验证...
验证进度: 500/686 损失=0.9254
验证进度: 686/686 损失=0.1588

📊 预测分布分析:
  - 预测的前5个类别: {np.int64(0): 282676, np.int64(1): 37053, np.int64(2): 14671, np.int64(3): 10812, np.int64(4): 8662}
  - 标签的前5个类别: {np.int64(0): 281232, np.int64(1): 36731, np.int64(2): 14789, np.int64(3): 10866, np.int64(4): 8585}
✅ 验证完成，耗时: 4.7秒 (0.1分钟)
训练损失: 0.0048
验证损失: 0.5527
验证准确率: 0.9660 (10590/10964) - 与Levenshtein高度相关
验证F1(加权): 0.9652 - 类别平衡更好
学习率: 0.000033
显存使用: 0.48GB (预留: 0.69GB)

生成的训练样本:
--------------------------------------------------------------------------------
输入:       CRT LH LW DL> BWJN >L> BDRC>
目标:     0 0 180 26 0 1 0 0 81 0 0 1 0 0 0 0 0 13 0 0 0 0 0 0 1 0 0 15 0
预测:     0 0 180 26 0 1 0 0 81 0 0 1 0 0 0 0 0 13 0 0 0 0 0 0 1 0 0 15 0
准确率:    1.0000 (29/29)
----------------------------------------
输入:       D>T> HW MDM DMLJK LN WL> NXWR
目标:     0 1 0 10 7 0 0 12 0 0 0 2 0 1 0 8 0 122 0 1 0 0 1 0 0 0 44 0 0 3
预测:     0 1 0 10 7 0 0 12 0 0 0 2 0 1 0 8 0 122 0 1 0 0 1 0 0 0 44 0 0 3
准确率:    1.0000 (30/30)
----------------------------------------
输入:       WKD XZJT DLJT MN DPRQ LJ SMT
目标:     0 1 0 0 0 0 0 3 0 0 1 58 0 24 0 0 12 0 1 0 0 7 0 1 0 0 31 3 0
预测:     0 1 0 0 0 0 0 3 0 0 1 58 0 24 0 0 12 0 1 0 0 7 0 1 0 0 31 3 0
准确率:    1.0000 (29/29)
----------------------------------------

生成的验证样本:
--------------------------------------------------------------------------------
输入:       YBJNH D>LH> LMSV> MN KL DBJC WKLJ
目标:     0 0 0 0 5 0 0 1 0 0 4 0 0 1 6 0 10 7 0 0 0 0 0 2 0 1 0 0 2 0 36 0 0 3
预测:     0 0 0 0 5 0 0 1 0 0 4 0 0 1 6 0 10 7 0 0 0 0 0 2 0 1 0 0 2 0 36 0 0 3
准确率:    1.0000 (34/34)
----------------------------------------
输入:       D>LH> LMSV> MN KL DBJC WKLJ XJLK
目标:     0 1 0 0 4 0 0 1 6 0 10 7 0 0 0 0 0 2 0 1 0 0 2 0 36 0 0 3 0 0 0 5 0
预测:     0 1 0 0 4 0 0 1 6 0 10 7 0 0 0 0 0 2 0 1 0 0 2 0 36 0 0 3 0 0 0 5 0
准确率:    1.0000 (33/33)
----------------------------------------
⏳ 验证无提升 (验证准确率: 0.9660 ≤ 0.9663)，patience: 13/50

======================================================================
🚀 Epoch 124/200
======================================================================
📚 开始训练阶段...
训练进度: 500/3164 损失=0.0036
训练进度: 1000/3164 损失=0.0026
训练进度: 1500/3164 损失=0.0005
训练进度: 2000/3164 损失=0.0035
训练进度: 2500/3164 损失=0.0047
训练进度: 3000/3164 损失=0.0004
训练进度: 3164/3164 损失=0.0003
✅ 训练完成，耗时: 58.0秒 (1.0分钟)

============================================================
📊 验证决策: Epoch 124/200
   验证间隔: 1
   是否验证: ✅ 是
   原因: 达到验证间隔 (0 == 0)
============================================================

🔍 开始验证...
验证进度: 500/686 损失=0.7748
验证进度: 686/686 损失=0.2805

📊 预测分布分析:
  - 预测的前5个类别: {np.int64(0): 282761, np.int64(1): 37030, np.int64(2): 14687, np.int64(3): 10727, np.int64(4): 8921}
  - 标签的前5个类别: {np.int64(0): 281232, np.int64(1): 36731, np.int64(2): 14789, np.int64(3): 10866, np.int64(4): 8585}
✅ 验证完成，耗时: 4.8秒 (0.1分钟)
训练损失: 0.0047
验证损失: 0.5582
验证准确率: 0.9659 (10590/10964) - 与Levenshtein高度相关
验证F1(加权): 0.9650 - 类别平衡更好
学习率: 0.000033
显存使用: 0.48GB (预留: 0.69GB)

生成的训练样本:
--------------------------------------------------------------------------------
输入:       HNWN DBJD XC> WSMMN> MTGMRJN HKN> M>
目标:     0 0 0 0 0 0 1 1 0 2 0 0 11 0 0 1 0 0 0 11 0 0 21 14 0 0 7 0 0 0 0 0 0 0 0 0 0
预测:     0 0 0 0 0 0 1 1 0 2 0 0 11 0 0 1 0 0 0 11 0 0 21 14 0 0 7 0 0 0 0 0 0 0 0 0 0
准确率:    1.0000 (37/37)
----------------------------------------
输入:       DPQDT >NWN WKL NMWS> DPQD >NWN <BDJ
目标:     0 1 0 0 3 19 0 0 0 0 0 0 1 0 2 0 0 0 0 11 0 0 1 0 0 16 0 0 0 0 0 0 0 0 37 0
预测:     0 1 0 0 3 19 0 0 0 0 0 0 1 0 2 0 0 0 0 11 0 0 1 0 0 16 0 0 0 0 0 0 0 0 37 0
准确率:    1.0000 (36/36)
----------------------------------------
输入:       NXL> HN> GWBJN GWBJN MVWL DHKN> >MR
目标:     0 0 0 4 0 0 0 0 0 0 0 0 2 0 0 0 0 0 2 0 0 0 0 8 0 0 0 1 0 0 0 0 0 0 0 7
预测:     0 0 0 4 0 0 0 0 0 0 0 0 2 0 0 0 0 0 2 0 0 0 0 8 0 0 0 1 0 0 0 0 0 0 0 7
准确率:    1.0000 (36/36)
----------------------------------------

生成的验证样本:
--------------------------------------------------------------------------------
输入:       YBJNH D>LH> LMSV> MN KL DBJC WKLJ
目标:     0 0 0 0 5 0 0 1 0 0 4 0 0 1 6 0 10 7 0 0 0 0 0 2 0 1 0 0 2 0 36 0 0 3
预测:     0 0 0 0 5 0 0 1 0 0 4 0 0 1 6 0 10 7 0 0 0 0 0 2 0 1 0 0 2 0 36 0 0 3
准确率:    1.0000 (34/34)
----------------------------------------
输入:       D>LH> LMSV> MN KL DBJC WKLJ XJLK
目标:     0 1 0 0 4 0 0 1 6 0 10 7 0 0 0 0 0 2 0 1 0 0 2 0 36 0 0 3 0 0 0 5 0
预测:     0 1 0 0 4 0 0 1 6 0 10 7 0 0 0 0 0 2 0 1 0 0 2 0 1 0 0 3 0 0 0 5 0
准确率:    0.9697 (32/33)
----------------------------------------
⏳ 验证无提升 (验证准确率: 0.9659 ≤ 0.9663)，patience: 14/50

======================================================================
🚀 Epoch 125/200
======================================================================
📚 开始训练阶段...
训练进度: 500/3164 损失=0.0041
训练进度: 1000/3164 损失=0.0025
训练进度: 1500/3164 损失=0.0013
训练进度: 2000/3164 损失=0.0121
训练进度: 2500/3164 损失=0.0010
训练进度: 3000/3164 损失=0.0003
训练进度: 3164/3164 损失=0.0006
✅ 训练完成，耗时: 58.3秒 (1.0分钟)

============================================================
📊 验证决策: Epoch 125/200
   验证间隔: 1
   是否验证: ✅ 是
   原因: 达到验证间隔 (0 == 0)
============================================================

🔍 开始验证...
验证进度: 500/686 损失=0.7985
验证进度: 686/686 损失=0.3330

📊 预测分布分析:
  - 预测的前5个类别: {np.int64(0): 282974, np.int64(1): 37112, np.int64(2): 14682, np.int64(3): 10781, np.int64(4): 8816}
  - 标签的前5个类别: {np.int64(0): 281232, np.int64(1): 36731, np.int64(2): 14789, np.int64(3): 10866, np.int64(4): 8585}
✅ 验证完成，耗时: 4.7秒 (0.1分钟)
训练损失: 0.0044
验证损失: 0.5686
验证准确率: 0.9660 (10591/10964) - 与Levenshtein高度相关
验证F1(加权): 0.9651 - 类别平衡更好
学习率: 0.000032
显存使用: 0.48GB (预留: 0.69GB)

生成的训练样本:
--------------------------------------------------------------------------------
输入:       WMHLK QDMJK KPJP HB LBK LMDXL MNH
目标:     0 1 6 0 0 41 0 0 0 2 1 0 0 0 8 0 40 52 0 3 0 0 5 0 0 1 6 0 0 7 0 0 1 0
预测:     0 1 6 0 0 41 0 0 0 2 1 0 0 0 8 0 40 52 0 3 0 0 5 0 0 1 6 0 0 7 0 0 1 0
准确率:    1.0000 (34/34)
----------------------------------------
输入:       LH WL> T<LBJWHJ L> THW> ZNJT> MN
目标:     0 1 0 0 1 0 0 0 6 0 0 48 35 0 0 0 0 0 0 0 6 0 10 3 0 0 0 13 9 0 0 0 0
预测:     0 1 0 0 1 0 0 0 6 0 0 48 35 0 0 0 0 0 0 0 6 0 10 3 0 0 0 13 9 0 0 0 0
准确率:    1.0000 (33/33)
----------------------------------------
输入:       D>WBD >NWN WNCLM >NWN MRJ> QDMJKWN W<BDW
目标:     0 1 59 0 0 3 0 0 0 0 0 0 1 28 0 0 3 0 0 0 0 0 0 0 0 0 2 0 0 0 2 1 0 0 0 0 36 0 0 3 0
预测:     0 1 59 0 0 3 0 0 0 0 0 0 1 28 0 0 3 0 0 0 0 0 0 0 0 0 2 0 0 0 2 1 0 0 0 0 36 0 0 3 0
准确率:    1.0000 (41/41)
----------------------------------------

生成的验证样本:
--------------------------------------------------------------------------------
输入:       YBJNH D>LH> LMSV> MN KL DBJC WKLJ
目标:     0 0 0 0 5 0 0 1 0 0 4 0 0 1 6 0 10 7 0 0 0 0 0 2 0 1 0 0 2 0 36 0 0 3
预测:     0 0 0 0 5 0 0 1 0 0 4 0 0 1 6 0 10 7 0 0 0 0 0 2 0 1 0 0 2 0 1 0 0 3
准确率:    0.9706 (33/34)
----------------------------------------
输入:       D>LH> LMSV> MN KL DBJC WKLJ XJLK
目标:     0 1 0 0 4 0 0 1 6 0 10 7 0 0 0 0 0 2 0 1 0 0 2 0 36 0 0 3 0 0 0 5 0
预测:     0 1 0 0 4 0 0 1 6 0 10 7 0 0 0 0 0 2 0 1 0 0 2 0 1 0 0 3 0 0 0 5 0
准确率:    0.9697 (32/33)
----------------------------------------
⏳ 验证无提升 (验证准确率: 0.9660 ≤ 0.9663)，patience: 15/50

======================================================================
🚀 Epoch 126/200
======================================================================
📚 开始训练阶段...
训练进度: 500/3164 损失=0.0129
训练进度: 1000/3164 损失=0.0244
训练进度: 1500/3164 损失=0.0002
训练进度: 2000/3164 损失=0.0062
训练进度: 2500/3164 损失=0.0017
训练进度: 3000/3164 损失=0.0015
训练进度: 3164/3164 损失=0.0043
✅ 训练完成，耗时: 58.0秒 (1.0分钟)

============================================================
📊 验证决策: Epoch 126/200
   验证间隔: 1
   是否验证: ✅ 是
   原因: 达到验证间隔 (0 == 0)
============================================================

🔍 开始验证...
验证进度: 500/686 损失=0.7921
验证进度: 686/686 损失=0.4417

📊 预测分布分析:
  - 预测的前5个类别: {np.int64(0): 283125, np.int64(1): 37175, np.int64(2): 14693, np.int64(3): 10886, np.int64(4): 8925}
  - 标签的前5个类别: {np.int64(0): 281232, np.int64(1): 36731, np.int64(2): 14789, np.int64(3): 10866, np.int64(4): 8585}
✅ 验证完成，耗时: 4.7秒 (0.1分钟)
训练损失: 0.0044
验证损失: 0.5723
验证准确率: 0.9660 (10591/10964) - 与Levenshtein高度相关
验证F1(加权): 0.9650 - 类别平衡更好
学习率: 0.000031
显存使用: 0.47GB (预留: 0.69GB)

生成的训练样本:
--------------------------------------------------------------------------------
输入:       WQVLH W>TQBR BQBRH BMDBR> W>QJM MLK> CLJMWN
目标:     0 1 0 0 29 0 0 1 0 14 0 0 3 0 1 0 0 37 0 0 1 0 0 0 4 0 0 1 17 20 0 3 0 0 0 4 0 0 0 0 0 0 0 2
预测:     0 1 0 0 29 0 0 1 0 14 0 0 3 0 1 0 0 37 0 0 1 0 0 0 4 0 0 1 17 20 0 3 0 0 0 4 0 0 0 0 0 0 0 2
准确率:    1.0000 (44/44)
----------------------------------------
输入:       >TTRJM MRJ> B<WCNK NZMR WNCBX GNBRWTK >LHJ
目标:     0 0 76 17 20 0 3 0 0 0 0 2 0 1 0 0 0 5 0 0 44 0 0 3 0 1 44 0 0 16 0 0 0 0 0 2 1 0 0 0 0 5 0
预测:     0 0 76 17 20 0 3 0 0 0 0 2 0 1 0 0 0 5 0 0 44 0 0 3 0 1 44 0 0 16 0 0 0 0 0 2 1 0 0 0 0 5 0
准确率:    1.0000 (43/43)
----------------------------------------
输入:       MLW> LHWN <DM> LJWM> DMWTHWN >NTT> JLDT>
目标:     0 28 0 10 128 0 1 0 0 0 0 0 0 0 0 0 1 0 0 4 0 0 1 0 0 37 0 0 0 0 0 0 13 9 0 0 0 0 7 9 0
预测:     0 28 0 10 128 0 1 0 0 0 0 0 0 0 0 0 1 0 0 4 0 0 1 0 0 37 0 0 0 0 0 0 13 9 0 0 0 0 7 9 0
准确率:    1.0000 (41/41)
----------------------------------------

生成的验证样本:
--------------------------------------------------------------------------------
输入:       YBJNH D>LH> LMSV> MN KL DBJC WKLJ
目标:     0 0 0 0 5 0 0 1 0 0 4 0 0 1 6 0 10 7 0 0 0 0 0 2 0 1 0 0 2 0 36 0 0 3
预测:     0 0 0 0 5 0 0 1 0 0 4 0 0 1 6 0 10 7 0 0 0 0 0 2 0 1 0 0 2 0 36 0 0 3
准确率:    1.0000 (34/34)
----------------------------------------
输入:       D>LH> LMSV> MN KL DBJC WKLJ XJLK
目标:     0 1 0 0 4 0 0 1 6 0 10 7 0 0 0 0 0 2 0 1 0 0 2 0 36 0 0 3 0 0 0 5 0
预测:     0 1 0 0 4 0 0 1 6 0 10 7 0 0 0 0 0 2 0 1 0 0 2 0 36 0 0 3 0 0 0 5 0
准确率:    1.0000 (33/33)
----------------------------------------
⏳ 验证无提升 (验证准确率: 0.9660 ≤ 0.9663)，patience: 16/50

======================================================================
🚀 Epoch 127/200
======================================================================
📚 开始训练阶段...
训练进度: 500/3164 损失=0.0089
训练进度: 1000/3164 损失=0.0026
训练进度: 1500/3164 损失=0.0020
训练进度: 2000/3164 损失=0.0001
训练进度: 2500/3164 损失=0.0100
训练进度: 3000/3164 损失=0.0011
训练进度: 3164/3164 损失=0.0004
✅ 训练完成，耗时: 57.8秒 (1.0分钟)

============================================================
📊 验证决策: Epoch 127/200
   验证间隔: 1
   是否验证: ✅ 是
   原因: 达到验证间隔 (0 == 0)
============================================================

🔍 开始验证...
验证进度: 500/686 损失=0.8377
验证进度: 686/686 损失=0.2341

📊 预测分布分析:
  - 预测的前5个类别: {np.int64(0): 282583, np.int64(1): 37040, np.int64(2): 14710, np.int64(3): 10740, np.int64(4): 8786}
  - 标签的前5个类别: {np.int64(0): 281232, np.int64(1): 36731, np.int64(2): 14789, np.int64(3): 10866, np.int64(4): 8585}
✅ 验证完成，耗时: 4.7秒 (0.1分钟)
训练损失: 0.0040
验证损失: 0.5706
验证准确率: 0.9660 (10591/10964) - 与Levenshtein高度相关
验证F1(加权): 0.9653 - 类别平衡更好
学习率: 0.000030
显存使用: 0.47GB (预留: 0.69GB)

生成的训练样本:
--------------------------------------------------------------------------------
输入:       GJRR MSTGP >NT >W MN MSM BR<JN>
目标:     0 0 0 8 0 0 45 79 0 0 7 0 0 0 0 0 0 0 0 0 0 0 6 31 7 0 1 0 0 0 4 0
预测:     0 0 0 8 0 0 45 79 0 0 7 0 0 0 0 0 0 0 0 0 0 0 6 31 7 0 1 0 0 0 4 0
准确率:    1.0000 (32/32)
----------------------------------------
输入:       HW WL> TDXQJWHJ LMYRJ> MVL D<MWR> HWJT
目标:     0 0 0 0 1 0 0 0 6 0 0 48 35 0 0 0 0 1 0 0 0 4 0 0 0 0 0 0 1 0 0 0 4 0 0 0 0 3 12
预测:     0 0 0 0 1 0 0 0 6 0 0 48 35 0 0 0 0 1 0 0 0 4 0 0 0 0 0 0 1 0 0 0 4 0 0 0 0 3 12
准确率:    1.0000 (39/39)
----------------------------------------
输入:       DLJT LH >NTT> B>TR DNCTKX NMWT WLRXMH
目标:     0 1 58 0 24 0 1 0 0 0 0 13 9 0 0 1 0 0 2 0 1 45 39 0 0 3 0 6 0 0 3 0 1 1 0 0 74 0
预测:     0 1 58 0 24 0 1 0 0 0 0 13 9 0 0 1 0 0 2 0 1 45 39 0 0 3 0 6 0 0 3 0 1 1 0 0 74 0
准确率:    1.0000 (38/38)
----------------------------------------

生成的验证样本:
--------------------------------------------------------------------------------
输入:       YBJNH D>LH> LMSV> MN KL DBJC WKLJ
目标:     0 0 0 0 5 0 0 1 0 0 4 0 0 1 6 0 10 7 0 0 0 0 0 2 0 1 0 0 2 0 36 0 0 3
预测:     0 0 0 0 5 0 0 1 0 0 4 0 0 1 6 0 10 7 0 0 0 0 0 2 0 1 0 0 2 0 36 0 0 3
准确率:    1.0000 (34/34)
----------------------------------------
输入:       D>LH> LMSV> MN KL DBJC WKLJ XJLK
目标:     0 1 0 0 4 0 0 1 6 0 10 7 0 0 0 0 0 2 0 1 0 0 2 0 36 0 0 3 0 0 0 5 0
预测:     0 1 0 0 4 0 0 1 6 0 10 7 0 0 0 0 0 2 0 1 0 0 2 0 36 0 0 3 0 0 0 5 0
准确率:    1.0000 (33/33)
----------------------------------------
⏳ 验证无提升 (验证准确率: 0.9660 ≤ 0.9663)，patience: 17/50

======================================================================
🚀 Epoch 128/200
======================================================================
📚 开始训练阶段...
训练进度: 500/3164 损失=0.0046
训练进度: 1000/3164 损失=0.0008
训练进度: 1500/3164 损失=0.0018
训练进度: 2000/3164 损失=0.0001
训练进度: 2500/3164 损失=0.0036
训练进度: 3000/3164 损失=0.0005
训练进度: 3164/3164 损失=0.0007
✅ 训练完成，耗时: 57.9秒 (1.0分钟)

============================================================
📊 验证决策: Epoch 128/200
   验证间隔: 1
   是否验证: ✅ 是
   原因: 达到验证间隔 (0 == 0)
============================================================

🔍 开始验证...
验证进度: 500/686 损失=0.9415
验证进度: 686/686 损失=0.1488

📊 预测分布分析:
  - 预测的前5个类别: {np.int64(0): 282918, np.int64(1): 37111, np.int64(2): 14712, np.int64(3): 10697, np.int64(4): 8682}
  - 标签的前5个类别: {np.int64(0): 281232, np.int64(1): 36731, np.int64(2): 14789, np.int64(3): 10866, np.int64(4): 8585}
✅ 验证完成，耗时: 4.7秒 (0.1分钟)
训练损失: 0.0041
验证损失: 0.5807
验证准确率: 0.9660 (10590/10964) - 与Levenshtein高度相关
验证F1(加权): 0.9651 - 类别平衡更好
学习率: 0.000030
显存使用: 0.48GB (预留: 0.69GB)

生成的训练样本:
--------------------------------------------------------------------------------
输入:       L> MQBL HW> MNN <LT> WSMJD> WL>
目标:     0 0 0 0 6 0 0 41 0 0 10 3 0 0 1 0 0 0 70 9 0 0 1 0 0 0 4 0 0 1 0 0
预测:     0 0 0 0 6 0 0 41 0 0 10 3 0 0 1 0 0 0 70 9 0 0 1 0 0 0 4 0 0 1 0 0
准确率:    1.0000 (32/32)
----------------------------------------
输入:       LHWC< MLK> D>JSRJL >TKBCT CMRJN WGLJ MLK>
目标:     0 1 0 0 0 2 0 0 0 4 0 0 1 0 0 0 0 0 2 0 0 14 0 0 3 92 0 0 0 0 0 2 0 1 0 0 16 0 0 0 4 0
预测:     0 1 0 0 0 2 0 0 0 4 0 0 1 0 0 0 0 0 2 0 0 14 0 0 3 92 0 0 0 0 0 2 0 1 0 0 16 0 0 0 4 0
准确率:    1.0000 (42/42)
----------------------------------------
输入:       KL VB WBJC XJ> WMWT> WDCLJV BLCNH
目标:     0 0 2 0 0 2 0 1 0 0 2 0 0 11 0 0 1 0 0 15 0 0 1 1 0 8 0 40 0 1 0 0 5 0
预测:     0 0 2 0 0 2 0 1 0 0 2 0 0 11 0 0 1 0 0 15 0 0 1 1 0 8 0 40 0 1 0 0 5 0
准确率:    1.0000 (34/34)
----------------------------------------

生成的验证样本:
--------------------------------------------------------------------------------
输入:       YBJNH D>LH> LMSV> MN KL DBJC WKLJ
目标:     0 0 0 0 5 0 0 1 0 0 4 0 0 1 6 0 10 7 0 0 0 0 0 2 0 1 0 0 2 0 36 0 0 3
预测:     0 0 0 0 5 0 0 1 0 0 4 0 0 1 6 0 10 7 0 0 0 0 0 2 0 1 0 0 2 0 36 0 0 3
准确率:    1.0000 (34/34)
----------------------------------------
输入:       D>LH> LMSV> MN KL DBJC WKLJ XJLK
目标:     0 1 0 0 4 0 0 1 6 0 10 7 0 0 0 0 0 2 0 1 0 0 2 0 36 0 0 3 0 0 0 5 0
预测:     0 1 0 0 4 0 0 1 6 0 10 7 0 0 0 0 0 2 0 1 0 0 2 0 36 0 0 3 0 0 0 5 0
准确率:    1.0000 (33/33)
----------------------------------------
⏳ 验证无提升 (验证准确率: 0.9660 ≤ 0.9663)，patience: 18/50

======================================================================
🚀 Epoch 129/200
======================================================================
📚 开始训练阶段...
训练进度: 500/3164 损失=0.0021
训练进度: 1000/3164 损失=0.0018
训练进度: 1500/3164 损失=0.0005
训练进度: 2000/3164 损失=0.0005
训练进度: 2500/3164 损失=0.0024
训练进度: 3000/3164 损失=0.0056
训练进度: 3164/3164 损失=0.0009
✅ 训练完成，耗时: 57.9秒 (1.0分钟)

============================================================
📊 验证决策: Epoch 129/200
   验证间隔: 1
   是否验证: ✅ 是
   原因: 达到验证间隔 (0 == 0)
============================================================

🔍 开始验证...
验证进度: 500/686 损失=1.0096
验证进度: 686/686 损失=0.4899

📊 预测分布分析:
  - 预测的前5个类别: {np.int64(0): 282716, np.int64(1): 37078, np.int64(2): 14744, np.int64(3): 10748, np.int64(4): 8756}
  - 标签的前5个类别: {np.int64(0): 281232, np.int64(1): 36731, np.int64(2): 14789, np.int64(3): 10866, np.int64(4): 8585}
✅ 验证完成，耗时: 4.7秒 (0.1分钟)
训练损失: 0.0038
验证损失: 0.5819
验证准确率: 0.9658 (10588/10964) - 与Levenshtein高度相关
验证F1(加权): 0.9649 - 类别平衡更好
学习率: 0.000029
显存使用: 0.48GB (预留: 0.69GB)

生成的训练样本:
--------------------------------------------------------------------------------
输入:       DMNC> WKL MDM D<BD WXVH> DXV> H>
目标:     0 1 0 0 0 2 0 1 0 2 0 0 0 2 0 1 0 0 3 0 1 0 0 11 0 0 1 0 10 3 0 0 0
预测:     0 1 0 0 0 2 0 1 0 2 0 0 0 2 0 1 0 0 3 0 1 0 0 11 0 0 1 0 10 3 0 0 0
准确率:    1.0000 (33/33)
----------------------------------------
输入:       >TJ> BTRHJN VLJMN MN LWTH BTR HLJN
目标:     0 0 0 7 0 0 0 0 1 0 0 0 0 0 8 0 7 27 0 0 0 0 0 0 1 0 0 0 0 0 0 0 0 0 0
预测:     0 0 0 7 0 0 0 0 1 0 0 0 0 0 8 0 7 27 0 0 0 0 0 0 1 0 0 0 0 0 0 0 0 0 0
准确率:    1.0000 (35/35)
----------------------------------------
输入:       DHLKN MN RQM DGJ> <DM> D<BRN NXL>
目标:     0 1 0 0 3 0 0 0 0 0 0 0 2 0 1 0 0 2 0 0 0 0 0 0 1 0 0 3 0 0 0 0 4 0
预测:     0 1 0 0 3 0 0 0 0 0 0 0 2 0 1 0 0 2 0 0 0 0 0 0 1 0 0 3 0 0 0 0 4 0
准确率:    1.0000 (34/34)
----------------------------------------

生成的验证样本:
--------------------------------------------------------------------------------
输入:       YBJNH D>LH> LMSV> MN KL DBJC WKLJ
目标:     0 0 0 0 5 0 0 1 0 0 4 0 0 1 6 0 10 7 0 0 0 0 0 2 0 1 0 0 2 0 36 0 0 3
预测:     0 0 0 0 5 0 0 1 0 0 4 0 0 1 6 0 10 7 0 0 0 0 0 2 0 1 0 0 2 0 36 0 0 3
准确率:    1.0000 (34/34)
----------------------------------------
输入:       D>LH> LMSV> MN KL DBJC WKLJ XJLK
目标:     0 1 0 0 4 0 0 1 6 0 10 7 0 0 0 0 0 2 0 1 0 0 2 0 36 0 0 3 0 0 0 5 0
预测:     0 1 0 0 4 0 0 1 6 0 10 7 0 0 0 0 0 2 0 1 0 0 2 0 36 0 0 3 0 0 0 5 0
准确率:    1.0000 (33/33)
----------------------------------------
⏳ 验证无提升 (验证准确率: 0.9658 ≤ 0.9663)，patience: 19/50

======================================================================
🚀 Epoch 130/200
======================================================================
📚 开始训练阶段...
训练进度: 500/3164 损失=0.0007
训练进度: 1000/3164 损失=0.0003
训练进度: 1500/3164 损失=0.0012
训练进度: 2000/3164 损失=0.0002
训练进度: 2500/3164 损失=0.0059
训练进度: 3000/3164 损失=0.0002
训练进度: 3164/3164 损失=0.0021
✅ 训练完成，耗时: 58.0秒 (1.0分钟)

============================================================
📊 验证决策: Epoch 130/200
   验证间隔: 1
   是否验证: ✅ 是
   原因: 达到验证间隔 (0 == 0)
============================================================

🔍 开始验证...
验证进度: 500/686 损失=0.8387
验证进度: 686/686 损失=0.0253

📊 预测分布分析:
  - 预测的前5个类别: {np.int64(0): 282715, np.int64(1): 37142, np.int64(2): 14754, np.int64(3): 10769, np.int64(4): 8841}
  - 标签的前5个类别: {np.int64(0): 281232, np.int64(1): 36731, np.int64(2): 14789, np.int64(3): 10866, np.int64(4): 8585}
✅ 验证完成，耗时: 4.8秒 (0.1分钟)
训练损失: 0.0038
验证损失: 0.5788
验证准确率: 0.9662 (10593/10964) - 与Levenshtein高度相关
验证F1(加权): 0.9654 - 类别平衡更好
学习率: 0.000028
显存使用: 0.48GB (预留: 0.69GB)

生成的训练样本:
--------------------------------------------------------------------------------
输入:       W>MR >LJC< NHW> XD TRJN BRWXK <LJ
目标:     0 1 0 0 3 0 0 0 0 0 2 0 6 0 10 3 0 0 2 0 0 2 0 12 0 1 0 0 5 0 0 0 1 0
预测:     0 1 0 0 3 0 0 0 0 0 2 0 6 0 10 3 0 0 2 0 0 2 0 12 0 1 0 0 5 0 0 0 1 0
准确率:    1.0000 (34/34)
----------------------------------------
输入:       L>LH> D<MM> >L> LMRJ> >LHKWN DXLW WHW
目标:     0 1 0 0 11 0 0 1 0 8 30 0 0 0 0 0 0 1 0 0 0 2 0 0 0 5 0 0 0 6 0 0 3 0 0 1 0 0
预测:     0 1 0 0 11 0 0 1 0 8 30 0 0 0 0 0 0 1 0 0 0 2 0 0 0 5 0 0 0 6 0 0 3 0 0 1 0 0
准确率:    1.0000 (38/38)
----------------------------------------
输入:       D>MHWN >TBRJT <M >NC> HJ DQWCT> WHJ
目标:     0 1 0 5 0 0 0 0 0 14 0 0 3 26 0 0 0 0 0 0 4 0 0 0 12 0 1 0 0 0 4 0 0 1 0 12
预测:     0 1 0 5 0 0 0 0 0 14 0 0 3 26 0 0 0 0 0 0 4 0 0 0 12 0 1 0 0 0 4 0 0 1 0 12
准确率:    1.0000 (36/36)
----------------------------------------

生成的验证样本:
--------------------------------------------------------------------------------
输入:       YBJNH D>LH> LMSV> MN KL DBJC WKLJ
目标:     0 0 0 0 5 0 0 1 0 0 4 0 0 1 6 0 10 7 0 0 0 0 0 2 0 1 0 0 2 0 36 0 0 3
预测:     0 0 0 0 5 0 0 1 0 0 4 0 0 1 6 0 10 7 0 0 0 0 0 2 0 1 0 0 2 0 36 0 0 3
准确率:    1.0000 (34/34)
----------------------------------------
输入:       D>LH> LMSV> MN KL DBJC WKLJ XJLK
目标:     0 1 0 0 4 0 0 1 6 0 10 7 0 0 0 0 0 2 0 1 0 0 2 0 36 0 0 3 0 0 0 5 0
预测:     0 1 0 0 4 0 0 1 6 0 10 7 0 0 0 0 0 2 0 1 0 0 2 0 36 0 0 3 0 0 0 5 0
准确率:    1.0000 (33/33)
----------------------------------------
⏳ 验证无提升 (验证准确率: 0.9662 ≤ 0.9663)，patience: 20/50

======================================================================
🚀 Epoch 131/200
======================================================================
📚 开始训练阶段...
训练进度: 500/3164 损失=0.0005
训练进度: 1000/3164 损失=0.0125
训练进度: 1500/3164 损失=0.0113
训练进度: 2000/3164 损失=0.0014
训练进度: 2500/3164 损失=0.0005
训练进度: 3000/3164 损失=0.0001
训练进度: 3164/3164 损失=0.0019
✅ 训练完成，耗时: 57.9秒 (1.0分钟)

============================================================
📊 验证决策: Epoch 131/200
   验证间隔: 1
   是否验证: ✅ 是
   原因: 达到验证间隔 (0 == 0)
============================================================

🔍 开始验证...
验证进度: 500/686 损失=0.9524
验证进度: 686/686 损失=0.2363

📊 预测分布分析:
  - 预测的前5个类别: {np.int64(0): 282888, np.int64(1): 37121, np.int64(2): 14685, np.int64(3): 10786, np.int64(4): 8947}
  - 标签的前5个类别: {np.int64(0): 281232, np.int64(1): 36731, np.int64(2): 14789, np.int64(3): 10866, np.int64(4): 8585}
✅ 验证完成，耗时: 4.7秒 (0.1分钟)
训练损失: 0.0037
验证损失: 0.5854
验证准确率: 0.9661 (10592/10964) - 与Levenshtein高度相关
验证F1(加权): 0.9652 - 类别平衡更好
学习率: 0.000028
显存使用: 0.47GB (预留: 0.69GB)

生成的训练样本:
--------------------------------------------------------------------------------
输入:       <MHWN BQRB> W>MR MRJ> JHWD> NSQ H>
目标:     0 0 1 0 0 0 0 1 0 0 15 0 0 1 0 0 3 0 0 0 0 2 0 0 0 0 0 2 0 6 64 3 0 0 0
预测:     0 0 1 0 0 0 0 1 0 0 15 0 0 1 0 0 3 0 0 0 0 2 0 0 0 0 0 2 0 6 64 3 0 0 0
准确率:    1.0000 (35/35)
----------------------------------------
输入:       DJTB BGWH DJTBJN BCLJ> >JK NMWS> DYJDNJ>
目标:     0 1 0 0 7 0 1 0 5 12 0 1 0 0 7 0 0 0 1 0 0 4 0 0 0 0 0 0 0 0 0 4 0 0 1 0 0 0 0 11 0
预测:     0 1 0 0 7 0 1 0 5 12 0 1 0 0 7 0 0 0 1 0 0 4 0 0 0 0 0 0 0 0 0 4 0 0 1 0 0 0 0 11 0
准确率:    1.0000 (41/41)
----------------------------------------
输入:       LHWN MVL D<RBJ> HWW >MRJN LH JHBJNN
目标:     0 1 0 0 0 0 0 0 0 0 1 0 0 0 11 0 0 0 18 0 0 0 0 7 0 0 0 1 0 0 0 0 7 87 0 0
预测:     0 1 0 0 0 0 0 0 0 0 1 0 0 0 11 0 0 0 18 0 0 0 0 7 0 0 0 1 0 0 0 0 7 87 0 0
准确率:    1.0000 (36/36)
----------------------------------------

生成的验证样本:
--------------------------------------------------------------------------------
输入:       YBJNH D>LH> LMSV> MN KL DBJC WKLJ
目标:     0 0 0 0 5 0 0 1 0 0 4 0 0 1 6 0 10 7 0 0 0 0 0 2 0 1 0 0 2 0 36 0 0 3
预测:     0 0 0 0 5 0 0 1 0 0 4 0 0 1 6 0 10 7 0 0 0 0 0 2 0 1 0 0 2 0 36 0 0 3
准确率:    1.0000 (34/34)
----------------------------------------
输入:       D>LH> LMSV> MN KL DBJC WKLJ XJLK
目标:     0 1 0 0 4 0 0 1 6 0 10 7 0 0 0 0 0 2 0 1 0 0 2 0 36 0 0 3 0 0 0 5 0
预测:     0 1 0 0 4 0 0 1 6 0 10 7 0 0 0 0 0 2 0 1 0 0 2 0 36 0 0 3 0 0 0 5 0
准确率:    1.0000 (33/33)
----------------------------------------
⏳ 验证无提升 (验证准确率: 0.9661 ≤ 0.9663)，patience: 21/50

======================================================================
🚀 Epoch 132/200
======================================================================
📚 开始训练阶段...
训练进度: 500/3164 损失=0.0004
训练进度: 1000/3164 损失=0.0001
训练进度: 1500/3164 损失=0.0025
训练进度: 2000/3164 损失=0.0061
训练进度: 2500/3164 损失=0.0032
训练进度: 3000/3164 损失=0.0018
训练进度: 3164/3164 损失=0.0054
✅ 训练完成，耗时: 58.1秒 (1.0分钟)

============================================================
📊 验证决策: Epoch 132/200
   验证间隔: 1
   是否验证: ✅ 是
   原因: 达到验证间隔 (0 == 0)
============================================================

🔍 开始验证...
验证进度: 500/686 损失=0.8873
验证进度: 686/686 损失=0.1521

📊 预测分布分析:
  - 预测的前5个类别: {np.int64(0): 282812, np.int64(1): 37072, np.int64(2): 14740, np.int64(3): 10804, np.int64(4): 8801}
  - 标签的前5个类别: {np.int64(0): 281232, np.int64(1): 36731, np.int64(2): 14789, np.int64(3): 10866, np.int64(4): 8585}
✅ 验证完成，耗时: 4.8秒 (0.1分钟)
训练损失: 0.0036
验证损失: 0.5879
验证准确率: 0.9662 (10593/10964) - 与Levenshtein高度相关
验证F1(加权): 0.9653 - 类别平衡更好
学习率: 0.000027
显存使用: 0.48GB (预留: 0.69GB)

生成的训练样本:
--------------------------------------------------------------------------------
输入:       MTXBL >P L>XJN DJN HKN> KTBT LBBL
目标:     0 21 14 0 0 41 0 0 0 0 1 0 2 1 0 0 0 0 0 0 0 0 0 0 0 0 0 3 0 0 1 0 0 2
预测:     0 21 14 0 0 41 0 0 0 0 1 0 2 1 0 0 0 0 0 0 0 0 0 0 0 0 0 3 0 0 1 0 0 2
准确率:    1.0000 (34/34)
----------------------------------------
输入:       WNXZ> WPTX MRJ> <JNWHJ DVLJ> WXZ> WH>
目标:     0 1 6 0 10 3 0 1 0 0 3 0 0 0 0 2 0 0 0 25 1 0 0 0 1 0 57 4 0 0 1 0 10 3 0 1 0 0
预测:     0 1 6 0 10 3 0 1 0 0 3 0 0 0 0 2 0 0 0 25 1 0 0 0 1 0 57 4 0 0 1 0 10 3 0 1 0 0
准确率:    1.0000 (38/38)
----------------------------------------
输入:       LNPCJ WMN >JD> DKLB> JXJDWTJ PRWQJNJ MN
目标:     0 1 0 0 5 0 0 1 0 0 8 0 0 4 0 0 1 0 0 11 0 0 0 0 0 0 2 1 0 6 0 8 0 48 1 0 0 0 0 0
预测:     0 1 0 0 5 0 0 1 0 0 8 0 0 4 0 0 1 0 0 11 0 0 0 0 0 0 2 1 0 6 0 8 0 48 1 0 0 0 0 0
准确率:    1.0000 (40/40)
----------------------------------------

生成的验证样本:
--------------------------------------------------------------------------------
输入:       YBJNH D>LH> LMSV> MN KL DBJC WKLJ
目标:     0 0 0 0 5 0 0 1 0 0 4 0 0 1 6 0 10 7 0 0 0 0 0 2 0 1 0 0 2 0 36 0 0 3
预测:     0 0 0 0 5 0 0 1 0 0 4 0 0 1 6 0 10 7 0 0 0 0 0 2 0 1 0 0 2 0 36 0 0 3
准确率:    1.0000 (34/34)
----------------------------------------
输入:       D>LH> LMSV> MN KL DBJC WKLJ XJLK
目标:     0 1 0 0 4 0 0 1 6 0 10 7 0 0 0 0 0 2 0 1 0 0 2 0 36 0 0 3 0 0 0 5 0
预测:     0 1 0 0 4 0 0 1 6 0 10 7 0 0 0 0 0 2 0 1 0 0 2 0 36 0 0 3 0 0 0 5 0
准确率:    1.0000 (33/33)
----------------------------------------
⏳ 验证无提升 (验证准确率: 0.9662 ≤ 0.9663)，patience: 22/50

======================================================================
🚀 Epoch 133/200
======================================================================
📚 开始训练阶段...
训练进度: 500/3164 损失=0.0126
训练进度: 1000/3164 损失=0.0054
训练进度: 1500/3164 损失=0.0002
训练进度: 2000/3164 损失=0.0004
训练进度: 2500/3164 损失=0.0002
训练进度: 3000/3164 损失=0.0015
训练进度: 3164/3164 损失=0.0053
✅ 训练完成，耗时: 58.1秒 (1.0分钟)

============================================================
📊 验证决策: Epoch 133/200
   验证间隔: 1
   是否验证: ✅ 是
   原因: 达到验证间隔 (0 == 0)
============================================================

🔍 开始验证...
验证进度: 500/686 损失=0.9914
验证进度: 686/686 损失=0.3110

📊 预测分布分析:
  - 预测的前5个类别: {np.int64(0): 282799, np.int64(1): 37068, np.int64(2): 14772, np.int64(3): 10691, np.int64(4): 8978}
  - 标签的前5个类别: {np.int64(0): 281232, np.int64(1): 36731, np.int64(2): 14789, np.int64(3): 10866, np.int64(4): 8585}
✅ 验证完成，耗时: 4.7秒 (0.1分钟)
训练损失: 0.0036
验证损失: 0.5902
验证准确率: 0.9662 (10593/10964) - 与Levenshtein高度相关
验证F1(加权): 0.9653 - 类别平衡更好
学习率: 0.000026
显存使用: 0.47GB (预留: 0.69GB)

生成的训练样本:
--------------------------------------------------------------------------------
输入:       BM<LK LJV >NT BMPQK NCDR <LJK MRJ>
目标:     0 1 0 0 5 0 0 20 0 40 0 0 0 0 0 1 0 0 5 0 0 6 0 0 3 0 0 8 1 0 0 0 0 0 2
预测:     0 1 0 0 5 0 0 20 0 40 0 0 0 0 0 1 0 0 5 0 0 6 0 0 3 0 0 8 1 0 0 0 0 0 2
准确率:    1.0000 (35/35)
----------------------------------------
输入:       W<RQW MN QDM BNJ >JSRJL L>WRX> DMDBR>
目标:     0 1 0 0 3 0 0 0 0 0 0 0 2 0 0 2 0 0 0 0 0 0 0 2 0 1 0 0 0 4 0 0 1 0 0 0 4 0
预测:     0 1 0 0 3 0 0 0 0 0 0 0 2 0 0 2 0 0 0 0 0 0 0 2 0 1 0 0 0 4 0 0 1 0 0 0 4 0
准确率:    1.0000 (38/38)
----------------------------------------
输入:       L> MTDKRJN >L> >JK GL> D<BR NCTXQWN
目标:     0 0 0 0 21 14 0 0 7 0 19 0 0 0 0 0 0 0 0 0 0 4 0 0 1 0 0 7 0 45 39 0 0 3 0 19
预测:     0 0 0 0 21 14 0 0 7 0 19 0 0 0 0 0 0 0 0 0 0 4 0 0 1 0 0 7 0 45 39 0 0 3 0 19
准确率:    1.0000 (36/36)
----------------------------------------

生成的验证样本:
--------------------------------------------------------------------------------
输入:       YBJNH D>LH> LMSV> MN KL DBJC WKLJ
目标:     0 0 0 0 5 0 0 1 0 0 4 0 0 1 6 0 10 7 0 0 0 0 0 2 0 1 0 0 2 0 36 0 0 3
预测:     0 0 0 0 5 0 0 1 0 0 4 0 0 1 6 0 10 7 0 0 0 0 0 2 0 1 0 0 2 0 36 0 0 3
准确率:    1.0000 (34/34)
----------------------------------------
输入:       D>LH> LMSV> MN KL DBJC WKLJ XJLK
目标:     0 1 0 0 4 0 0 1 6 0 10 7 0 0 0 0 0 2 0 1 0 0 2 0 36 0 0 3 0 0 0 5 0
预测:     0 1 0 0 4 0 0 1 6 0 10 7 0 0 0 0 0 2 0 1 0 0 2 0 36 0 0 3 0 0 0 5 0
准确率:    1.0000 (33/33)
----------------------------------------
⏳ 验证无提升 (验证准确率: 0.9662 ≤ 0.9663)，patience: 23/50

======================================================================
🚀 Epoch 134/200
======================================================================
📚 开始训练阶段...
训练进度: 500/3164 损失=0.0082
训练进度: 1000/3164 损失=0.0390
训练进度: 1500/3164 损失=0.0066
训练进度: 2000/3164 损失=0.0003
训练进度: 2500/3164 损失=0.0004
训练进度: 3000/3164 损失=0.0019
训练进度: 3164/3164 损失=0.0007
✅ 训练完成，耗时: 57.8秒 (1.0分钟)

============================================================
📊 验证决策: Epoch 134/200
   验证间隔: 1
   是否验证: ✅ 是
   原因: 达到验证间隔 (0 == 0)
============================================================

🔍 开始验证...
验证进度: 500/686 损失=1.0358
验证进度: 686/686 损失=0.2224

📊 预测分布分析:
  - 预测的前5个类别: {np.int64(0): 282760, np.int64(1): 37118, np.int64(2): 14787, np.int64(3): 10849, np.int64(4): 8909}
  - 标签的前5个类别: {np.int64(0): 281232, np.int64(1): 36731, np.int64(2): 14789, np.int64(3): 10866, np.int64(4): 8585}
✅ 验证完成，耗时: 4.8秒 (0.1分钟)
训练损失: 0.0033
验证损失: 0.5907
验证准确率: 0.9664 (10595/10964) - 与Levenshtein高度相关
验证F1(加权): 0.9655 - 类别平衡更好
学习率: 0.000026
显存使用: 0.47GB (预留: 0.69GB)

生成的训练样本:
--------------------------------------------------------------------------------
输入:       TVR WT<BD KWLHWN PTGM> DNMWS> HN> DKTJBJN
目标:     0 34 0 3 0 1 6 0 0 3 0 8 0 5 0 0 0 0 0 0 0 11 0 0 1 0 0 0 4 0 0 0 0 0 0 1 0 8 0 7 0 27
预测:     0 34 0 3 0 1 6 0 0 3 0 8 0 5 0 0 0 0 0 0 0 11 0 0 1 0 0 0 4 0 0 0 0 0 0 1 0 8 0 7 0 27
准确率:    1.0000 (42/42)
----------------------------------------
输入:       WL>XWHJ L> >CTWD< WLBNWHJ L> JD< DNVRW
目标:     0 1 1 0 8 5 0 0 0 0 0 0 47 39 50 0 0 3 0 1 1 0 25 1 0 0 0 0 0 0 0 0 3 0 1 0 0 3 0
预测:     0 1 1 0 8 5 0 0 0 0 0 0 47 39 50 0 0 3 0 1 1 0 25 1 0 0 0 0 0 0 0 0 3 0 1 0 0 3 0
准确率:    1.0000 (39/39)
----------------------------------------
输入:       LJ MPQ BRWX> QDM HW DCDRNJ WHWJTWN
目标:     0 1 0 0 0 0 2 0 1 0 0 4 0 0 0 0 2 0 0 12 0 1 0 0 51 0 0 0 1 0 0 3 0 0 0
预测:     0 1 0 0 0 0 2 0 1 0 0 4 0 0 0 0 2 0 0 12 0 1 0 0 51 0 0 0 1 0 0 3 0 0 0
准确率:    1.0000 (35/35)
----------------------------------------

生成的验证样本:
--------------------------------------------------------------------------------
输入:       YBJNH D>LH> LMSV> MN KL DBJC WKLJ
目标:     0 0 0 0 5 0 0 1 0 0 4 0 0 1 6 0 10 7 0 0 0 0 0 2 0 1 0 0 2 0 36 0 0 3
预测:     0 0 0 0 5 0 0 1 0 0 4 0 0 1 6 0 10 7 0 0 0 0 0 2 0 1 0 0 2 0 36 0 0 3
准确率:    1.0000 (34/34)
----------------------------------------
输入:       D>LH> LMSV> MN KL DBJC WKLJ XJLK
目标:     0 1 0 0 4 0 0 1 6 0 10 7 0 0 0 0 0 2 0 1 0 0 2 0 36 0 0 3 0 0 0 5 0
预测:     0 1 0 0 4 0 0 1 6 0 10 7 0 0 0 0 0 2 0 1 0 0 2 0 36 0 0 3 0 0 0 5 0
准确率:    1.0000 (33/33)
----------------------------------------
💾 保存新的最佳模型！验证准确率: 0.9664 (F1: 0.9655) (Epoch 134)

======================================================================
🚀 Epoch 135/200
======================================================================
📚 开始训练阶段...
训练进度: 500/3164 损失=0.0180
训练进度: 1000/3164 损失=0.0001
训练进度: 1500/3164 损失=0.0009
训练进度: 2000/3164 损失=0.0002
训练进度: 2500/3164 损失=0.0005
训练进度: 3000/3164 损失=0.0001
训练进度: 3164/3164 损失=0.0001
✅ 训练完成，耗时: 58.2秒 (1.0分钟)

============================================================
📊 验证决策: Epoch 135/200
   验证间隔: 1
   是否验证: ✅ 是
   原因: 达到验证间隔 (0 == 0)
============================================================

🔍 开始验证...
验证进度: 500/686 损失=1.1466
验证进度: 686/686 损失=0.4290

📊 预测分布分析:
  - 预测的前5个类别: {np.int64(0): 283047, np.int64(1): 37067, np.int64(2): 14748, np.int64(3): 10898, np.int64(4): 8820}
  - 标签的前5个类别: {np.int64(0): 281232, np.int64(1): 36731, np.int64(2): 14789, np.int64(3): 10866, np.int64(4): 8585}
✅ 验证完成，耗时: 4.7秒 (0.1分钟)
训练损失: 0.0032
验证损失: 0.6001
验证准确率: 0.9661 (10591/10964) - 与Levenshtein高度相关
验证F1(加权): 0.9652 - 类别平衡更好
学习率: 0.000025
显存使用: 0.47GB (预留: 0.69GB)

生成的训练样本:
--------------------------------------------------------------------------------
输入:       WTTB BH WT>MR >QJM <LJ MLK> >JK
目标:     0 1 52 0 3 0 1 12 0 1 6 0 0 3 6 17 20 0 3 0 0 1 0 0 0 0 4 0 0 0 0 0
预测:     0 1 52 0 3 0 1 12 0 1 6 0 0 3 6 17 20 0 3 0 0 1 0 0 0 0 4 0 0 0 0 0
准确率:    1.0000 (32/32)
----------------------------------------
输入:       LNPCJ WNDRKJH WNDWC XJJ B>R<> WCWBXJ B<PR>
目标:     0 1 0 0 5 0 0 1 6 0 0 48 1 12 0 1 6 0 0 3 0 0 2 46 0 1 0 0 4 0 0 1 0 0 0 5 0 0 1 0 0 4 0
预测:     0 1 0 0 5 0 0 1 6 0 0 48 1 12 0 1 6 0 0 3 0 0 2 46 0 1 0 0 4 0 0 1 0 0 0 5 0 0 1 0 0 4 0
准确率:    1.0000 (43/43)
----------------------------------------
输入:       LH PLCTJ> >TW <LJK CMCWN WKM>N> JTB
目标:     0 1 0 0 0 0 0 0 11 0 0 0 18 0 0 0 8 1 0 0 0 0 0 0 2 0 1 0 0 0 4 0 0 0 0 7
预测:     0 1 0 0 0 0 0 0 11 0 0 0 18 0 0 0 8 1 0 0 0 0 0 0 2 0 1 0 0 0 4 0 0 0 0 7
准确率:    1.0000 (36/36)
----------------------------------------

生成的验证样本:
--------------------------------------------------------------------------------
输入:       YBJNH D>LH> LMSV> MN KL DBJC WKLJ
目标:     0 0 0 0 5 0 0 1 0 0 4 0 0 1 6 0 10 7 0 0 0 0 0 2 0 1 0 0 2 0 36 0 0 3
预测:     0 0 0 0 5 0 0 1 0 0 4 0 0 1 6 0 10 7 0 0 0 0 0 2 0 1 0 0 2 0 36 0 0 3
准确率:    1.0000 (34/34)
----------------------------------------
输入:       D>LH> LMSV> MN KL DBJC WKLJ XJLK
目标:     0 1 0 0 4 0 0 1 6 0 10 7 0 0 0 0 0 2 0 1 0 0 2 0 36 0 0 3 0 0 0 5 0
预测:     0 1 0 0 4 0 0 1 6 0 10 7 0 0 0 0 0 2 0 1 0 0 2 0 36 0 0 3 0 0 0 5 0
准确率:    1.0000 (33/33)
----------------------------------------
⏳ 验证无提升 (验证准确率: 0.9661 ≤ 0.9664)，patience: 1/50

======================================================================
🚀 Epoch 136/200
======================================================================
📚 开始训练阶段...
训练进度: 500/3164 损失=0.0054
训练进度: 1000/3164 损失=0.0057
训练进度: 1500/3164 损失=0.0017
训练进度: 2000/3164 损失=0.0106
训练进度: 2500/3164 损失=0.0006
训练进度: 3000/3164 损失=0.0002
训练进度: 3164/3164 损失=0.0029
✅ 训练完成，耗时: 58.1秒 (1.0分钟)

============================================================
📊 验证决策: Epoch 136/200
   验证间隔: 1
   是否验证: ✅ 是
   原因: 达到验证间隔 (0 == 0)
============================================================

🔍 开始验证...
验证进度: 500/686 损失=1.1149
验证进度: 686/686 损失=0.0910

📊 预测分布分析:
  - 预测的前5个类别: {np.int64(0): 282911, np.int64(1): 37077, np.int64(2): 14711, np.int64(3): 10807, np.int64(4): 8842}
  - 标签的前5个类别: {np.int64(0): 281232, np.int64(1): 36731, np.int64(2): 14789, np.int64(3): 10866, np.int64(4): 8585}
✅ 验证完成，耗时: 4.8秒 (0.1分钟)
训练损失: 0.0031
验证损失: 0.5971
验证准确率: 0.9662 (10593/10964) - 与Levenshtein高度相关
验证F1(加权): 0.9653 - 类别平衡更好
学习率: 0.000024
显存使用: 0.47GB (预留: 0.69GB)

生成的训练样本:
--------------------------------------------------------------------------------
输入:       WQMT BYPR> D>JNQ BRJ WXZJ> >N> MJT>
目标:     0 1 31 3 0 0 1 0 0 4 0 0 1 28 0 0 3 0 0 5 0 0 1 0 0 7 0 0 0 0 0 0 20 0 43 27
预测:     0 1 31 3 0 0 1 0 0 4 0 0 1 28 0 0 3 0 0 5 0 0 1 0 0 7 0 0 0 0 0 0 20 0 43 27
准确率:    1.0000 (36/36)
----------------------------------------
输入:       >DRK MDM DGDCKWN DJTJR>JT TWB NXC >P
目标:     0 17 0 0 3 0 0 0 2 0 1 0 0 29 0 0 0 0 1 0 0 0 0 0 0 0 0 0 0 0 0 44 0 130 0 0 0
预测:     0 17 0 0 3 0 0 0 2 0 1 0 0 29 0 0 0 0 1 0 0 0 0 0 0 0 0 0 0 0 0 44 0 130 0 0 0
准确率:    1.0000 (37/37)
----------------------------------------
输入:       >JLN> >MRJN >JLN> LTT> TJ >NTJ >MLK
目标:     0 0 0 0 11 0 0 0 0 7 0 0 0 0 0 0 11 0 0 1 210 9 0 21 0 139 0 0 0 0 0 6 17 0 0 264
预测:     0 0 0 0 11 0 0 0 0 7 0 0 0 0 0 0 11 0 0 1 210 9 0 21 0 139 0 0 0 0 0 6 17 0 0 264
准确率:    1.0000 (36/36)
----------------------------------------

生成的验证样本:
--------------------------------------------------------------------------------
输入:       YBJNH D>LH> LMSV> MN KL DBJC WKLJ
目标:     0 0 0 0 5 0 0 1 0 0 4 0 0 1 6 0 10 7 0 0 0 0 0 2 0 1 0 0 2 0 36 0 0 3
预测:     0 0 0 0 5 0 0 1 0 0 4 0 0 1 6 0 10 7 0 0 0 0 0 2 0 1 0 0 2 0 36 0 0 3
准确率:    1.0000 (34/34)
----------------------------------------
输入:       D>LH> LMSV> MN KL DBJC WKLJ XJLK
目标:     0 1 0 0 4 0 0 1 6 0 10 7 0 0 0 0 0 2 0 1 0 0 2 0 36 0 0 3 0 0 0 5 0
预测:     0 1 0 0 4 0 0 1 6 0 10 7 0 0 0 0 0 2 0 1 0 0 2 0 36 0 0 3 0 0 0 5 0
准确率:    1.0000 (33/33)
----------------------------------------
⏳ 验证无提升 (验证准确率: 0.9662 ≤ 0.9664)，patience: 2/50

======================================================================
🚀 Epoch 137/200
======================================================================
📚 开始训练阶段...
训练进度: 500/3164 损失=0.0021
训练进度: 1000/3164 损失=0.0076
训练进度: 1500/3164 损失=0.0003
训练进度: 2000/3164 损失=0.0030
训练进度: 2500/3164 损失=0.0005
训练进度: 3000/3164 损失=0.0010
训练进度: 3164/3164 损失=0.0029
✅ 训练完成，耗时: 58.0秒 (1.0分钟)

============================================================
📊 验证决策: Epoch 137/200
   验证间隔: 1
   是否验证: ✅ 是
   原因: 达到验证间隔 (0 == 0)
============================================================

🔍 开始验证...
验证进度: 500/686 损失=1.0049
验证进度: 686/686 损失=0.0327

📊 预测分布分析:
  - 预测的前5个类别: {np.int64(0): 282839, np.int64(1): 37123, np.int64(2): 14690, np.int64(3): 10731, np.int64(4): 8968}
  - 标签的前5个类别: {np.int64(0): 281232, np.int64(1): 36731, np.int64(2): 14789, np.int64(3): 10866, np.int64(4): 8585}
✅ 验证完成，耗时: 4.7秒 (0.1分钟)
训练损失: 0.0030
验证损失: 0.6004
验证准确率: 0.9663 (10594/10964) - 与Levenshtein高度相关
验证F1(加权): 0.9653 - 类别平衡更好
学习率: 0.000024
显存使用: 0.47GB (预留: 0.69GB)

生成的训练样本:
--------------------------------------------------------------------------------
输入:       N>RTWN WL> NRXMWN LMXBLW MVL DL> NSGWN
目标:     0 73 0 0 3 0 0 0 1 0 0 0 6 0 0 3 0 19 0 1 6 0 0 7 19 0 0 0 0 0 1 0 0 0 6 0 18 0 0
预测:     0 73 0 0 3 0 0 0 1 0 0 0 6 0 0 3 0 19 0 1 6 0 0 7 19 0 0 0 0 0 1 0 0 0 6 0 18 0 0
准确率:    1.0000 (39/39)
----------------------------------------
输入:       NGRD> MN B<JR> WPLGW LHWN >WRX> LM<BR
目标:     0 44 0 0 10 16 0 0 0 0 0 0 0 4 0 0 1 0 0 3 0 0 1 0 0 0 0 0 0 0 4 0 0 1 6 0 0 7
预测:     0 44 0 0 10 16 0 0 0 0 0 0 0 4 0 0 1 0 0 3 0 0 1 0 0 0 0 0 0 0 4 0 0 1 6 0 0 7
准确率:    1.0000 (38/38)
----------------------------------------
输入:       DMRDW <L MLK> >MWN W>MLKW <M> D>R<>
目标:     0 1 0 0 3 0 0 0 0 0 0 0 4 0 0 0 0 0 2 0 1 17 0 0 33 0 0 0 15 0 0 1 0 0 4 0
预测:     0 1 0 0 3 0 0 0 0 0 0 0 4 0 0 0 0 0 2 0 1 17 0 0 33 0 0 0 15 0 0 1 0 0 4 0
准确率:    1.0000 (36/36)
----------------------------------------

生成的验证样本:
--------------------------------------------------------------------------------
输入:       YBJNH D>LH> LMSV> MN KL DBJC WKLJ
目标:     0 0 0 0 5 0 0 1 0 0 4 0 0 1 6 0 10 7 0 0 0 0 0 2 0 1 0 0 2 0 36 0 0 3
预测:     0 0 0 0 5 0 0 1 0 0 4 0 0 1 6 0 10 7 0 0 0 0 0 2 0 1 0 0 2 0 36 0 0 3
准确率:    1.0000 (34/34)
----------------------------------------
输入:       D>LH> LMSV> MN KL DBJC WKLJ XJLK
目标:     0 1 0 0 4 0 0 1 6 0 10 7 0 0 0 0 0 2 0 1 0 0 2 0 36 0 0 3 0 0 0 5 0
预测:     0 1 0 0 4 0 0 1 6 0 10 7 0 0 0 0 0 2 0 1 0 0 2 0 36 0 0 3 0 0 0 5 0
准确率:    1.0000 (33/33)
----------------------------------------
⏳ 验证无提升 (验证准确率: 0.9663 ≤ 0.9664)，patience: 3/50

======================================================================
🚀 Epoch 138/200
======================================================================
📚 开始训练阶段...
训练进度: 500/3164 损失=0.0150
训练进度: 1000/3164 损失=0.0013
训练进度: 1500/3164 损失=0.0005
训练进度: 2000/3164 损失=0.0376
训练进度: 2500/3164 损失=0.0007
训练进度: 3000/3164 损失=0.0035
训练进度: 3164/3164 损失=0.0041
✅ 训练完成，耗时: 58.0秒 (1.0分钟)

============================================================
📊 验证决策: Epoch 138/200
   验证间隔: 1
   是否验证: ✅ 是
   原因: 达到验证间隔 (0 == 0)
============================================================

🔍 开始验证...
验证进度: 500/686 损失=0.9308
验证进度: 686/686 损失=0.1793

📊 预测分布分析:
  - 预测的前5个类别: {np.int64(0): 282981, np.int64(1): 37063, np.int64(2): 14721, np.int64(3): 10872, np.int64(4): 8949}
  - 标签的前5个类别: {np.int64(0): 281232, np.int64(1): 36731, np.int64(2): 14789, np.int64(3): 10866, np.int64(4): 8585}
✅ 验证完成，耗时: 4.8秒 (0.1分钟)
训练损失: 0.0031
验证损失: 0.5991
验证准确率: 0.9664 (10595/10964) - 与Levenshtein高度相关
验证F1(加权): 0.9654 - 类别平衡更好
学习率: 0.000023
显存使用: 0.47GB (预留: 0.69GB)

生成的训练样本:
--------------------------------------------------------------------------------
输入:       WCQLWHJ <BDWHJ W>WBLWHJ L>WRCLM WQBRWHJ BQBR> <M
目标:     0 1 0 0 3 1 0 0 0 0 0 69 1 0 0 0 1 50 0 0 3 1 0 0 0 1 0 0 0 0 0 2 0 1 0 0 3 1 0 0 0 1 0 0 15 0 0 0 0
预测:     0 1 0 0 3 1 0 0 0 0 0 69 1 0 0 0 1 50 0 0 3 1 0 0 0 1 0 0 0 0 0 2 0 1 0 0 3 1 0 0 0 1 0 0 15 0 0 0 0
准确率:    1.0000 (49/49)
----------------------------------------
输入:       HD> W>PRQJH MVLTJ WMVL DWJD <BDJ W>MR
目标:     0 0 0 0 0 1 6 0 0 48 1 12 0 0 0 8 1 0 0 1 0 0 0 0 0 0 0 2 0 0 0 37 0 0 1 0 0 3
预测:     0 0 0 0 0 1 6 0 0 48 1 12 0 0 0 8 1 0 0 1 0 0 0 0 0 0 0 2 0 0 0 37 0 0 1 0 0 3
准确率:    1.0000 (38/38)
----------------------------------------
输入:       DDHB> >JT HWW LHWN MVL D<RBJ> HWW
目标:     0 1 0 0 4 0 0 0 0 24 0 0 18 0 0 1 0 0 0 0 0 0 0 0 1 0 0 0 11 0 0 0 18 0
预测:     0 1 0 0 4 0 0 0 0 24 0 0 18 0 0 1 0 0 0 0 0 0 0 0 1 0 0 0 11 0 0 0 18 0
准确率:    1.0000 (34/34)
----------------------------------------

生成的验证样本:
--------------------------------------------------------------------------------
输入:       YBJNH D>LH> LMSV> MN KL DBJC WKLJ
目标:     0 0 0 0 5 0 0 1 0 0 4 0 0 1 6 0 10 7 0 0 0 0 0 2 0 1 0 0 2 0 36 0 0 3
预测:     0 0 0 0 5 0 0 1 0 0 4 0 0 1 6 0 10 7 0 0 0 0 0 2 0 1 0 0 2 0 36 0 0 3
准确率:    1.0000 (34/34)
----------------------------------------
输入:       D>LH> LMSV> MN KL DBJC WKLJ XJLK
目标:     0 1 0 0 4 0 0 1 6 0 10 7 0 0 0 0 0 2 0 1 0 0 2 0 36 0 0 3 0 0 0 5 0
预测:     0 1 0 0 4 0 0 1 6 0 10 7 0 0 0 0 0 2 0 1 0 0 2 0 36 0 0 3 0 0 0 5 0
准确率:    1.0000 (33/33)
----------------------------------------
⏳ 验证无提升 (验证准确率: 0.9664 ≤ 0.9664)，patience: 4/50

======================================================================
🚀 Epoch 139/200
======================================================================
📚 开始训练阶段...
训练进度: 500/3164 损失=0.0000
训练进度: 1000/3164 损失=0.0073
训练进度: 1500/3164 损失=0.0019
训练进度: 2000/3164 损失=0.0023
训练进度: 2500/3164 损失=0.0002
训练进度: 3000/3164 损失=0.0077
训练进度: 3164/3164 损失=0.0001
✅ 训练完成，耗时: 58.0秒 (1.0分钟)

============================================================
📊 验证决策: Epoch 139/200
   验证间隔: 1
   是否验证: ✅ 是
   原因: 达到验证间隔 (0 == 0)
============================================================

🔍 开始验证...
验证进度: 500/686 损失=1.0939
验证进度: 686/686 损失=0.1019

📊 预测分布分析:
  - 预测的前5个类别: {np.int64(0): 282825, np.int64(1): 37104, np.int64(2): 14669, np.int64(3): 10829, np.int64(4): 8941}
  - 标签的前5个类别: {np.int64(0): 281232, np.int64(1): 36731, np.int64(2): 14789, np.int64(3): 10866, np.int64(4): 8585}
✅ 验证完成，耗时: 4.7秒 (0.1分钟)
训练损失: 0.0028
验证损失: 0.6042
验证准确率: 0.9662 (10593/10964) - 与Levenshtein高度相关
验证F1(加权): 0.9654 - 类别平衡更好
学习率: 0.000022
显存使用: 0.47GB (预留: 0.69GB)

生成的训练样本:
--------------------------------------------------------------------------------
输入:       HWW HKJL HLJN KLHWN MN YWLL> WZWG>
目标:     0 0 18 0 0 0 0 0 0 0 0 0 0 0 0 0 5 0 0 0 0 0 0 0 0 0 0 4 0 0 1 0 0 4 0
预测:     0 0 18 0 0 0 0 0 0 0 0 0 0 0 0 0 5 0 0 0 0 0 0 0 0 0 0 4 0 0 1 0 0 4 0
准确率:    1.0000 (35/35)
----------------------------------------
输入:       W>DJQT MN KWT> WJHW <>L BTR<> W>MRT
目标:     0 1 17 20 0 3 26 0 0 0 0 0 13 9 0 0 1 0 0 2 0 8 0 83 0 1 0 0 4 0 0 1 0 0 3 26
预测:     0 1 17 20 0 3 26 0 0 0 0 0 13 9 0 0 1 0 0 2 0 8 0 83 0 1 0 0 4 0 0 1 0 0 3 26
准确率:    1.0000 (36/36)
----------------------------------------
输入:       RXM> XDT> >JK XMR> XDT> DKD N<TQ
目标:     0 0 0 43 0 0 0 0 4 0 0 0 0 0 0 0 0 4 0 0 0 0 4 0 0 1 0 0 0 6 0 0 3
预测:     0 0 0 43 0 0 0 0 4 0 0 0 0 0 0 0 0 4 0 0 0 0 4 0 0 1 0 0 0 6 0 0 3
准确率:    1.0000 (33/33)
----------------------------------------

生成的验证样本:
--------------------------------------------------------------------------------
输入:       YBJNH D>LH> LMSV> MN KL DBJC WKLJ
目标:     0 0 0 0 5 0 0 1 0 0 4 0 0 1 6 0 10 7 0 0 0 0 0 2 0 1 0 0 2 0 36 0 0 3
预测:     0 0 0 0 5 0 0 1 0 0 4 0 0 1 6 0 10 7 0 0 0 0 0 2 0 1 0 0 2 0 36 0 0 3
准确率:    1.0000 (34/34)
----------------------------------------
输入:       D>LH> LMSV> MN KL DBJC WKLJ XJLK
目标:     0 1 0 0 4 0 0 1 6 0 10 7 0 0 0 0 0 2 0 1 0 0 2 0 36 0 0 3 0 0 0 5 0
预测:     0 1 0 0 4 0 0 1 6 0 10 7 0 0 0 0 0 2 0 1 0 0 2 0 36 0 0 3 0 0 0 5 0
准确率:    1.0000 (33/33)
----------------------------------------
⏳ 验证无提升 (验证准确率: 0.9662 ≤ 0.9664)，patience: 5/50

======================================================================
🚀 Epoch 140/200
======================================================================
📚 开始训练阶段...
训练进度: 500/3164 损失=0.0005
训练进度: 1000/3164 损失=0.0133
训练进度: 1500/3164 损失=0.0029
训练进度: 2000/3164 损失=0.0001
训练进度: 2500/3164 损失=0.0039
训练进度: 3000/3164 损失=0.0001
训练进度: 3164/3164 损失=0.0024
✅ 训练完成，耗时: 58.1秒 (1.0分钟)

============================================================
📊 验证决策: Epoch 140/200
   验证间隔: 1
   是否验证: ✅ 是
   原因: 达到验证间隔 (0 == 0)
============================================================

🔍 开始验证...
验证进度: 500/686 损失=0.9757
验证进度: 686/686 损失=0.3733

📊 预测分布分析:
  - 预测的前5个类别: {np.int64(0): 282978, np.int64(1): 37104, np.int64(2): 14762, np.int64(3): 10828, np.int64(4): 8781}
  - 标签的前5个类别: {np.int64(0): 281232, np.int64(1): 36731, np.int64(2): 14789, np.int64(3): 10866, np.int64(4): 8585}
✅ 验证完成，耗时: 4.8秒 (0.1分钟)
训练损失: 0.0029
验证损失: 0.6076
验证准确率: 0.9662 (10593/10964) - 与Levenshtein高度相关
验证F1(加权): 0.9654 - 类别平衡更好
学习率: 0.000022
显存使用: 0.47GB (预留: 0.69GB)

生成的训练样本:
--------------------------------------------------------------------------------
输入:       HNWN TXJT HLJN XC> L> NPLJN MKJL
目标:     0 0 0 0 0 0 0 8 0 0 0 0 0 0 0 0 0 11 0 0 0 0 0 0 0 7 0 0 0 0 0 0 0
预测:     0 0 0 0 0 0 0 8 0 0 0 0 0 0 0 0 0 11 0 0 0 0 0 0 0 7 0 0 0 0 0 0 0
准确率:    1.0000 (33/33)
----------------------------------------
输入:       NYBTH LB> XKJM> NSTKL BMTLL> DXKJM> W>DN>
目标:     0 0 0 13 1 0 0 0 4 0 0 0 0 0 4 0 0 45 79 0 0 77 0 1 0 8 0 11 0 0 1 0 0 0 11 0 0 1 0 0 4 0
预测:     0 0 0 13 1 0 0 0 4 0 0 0 0 0 4 0 0 45 79 0 0 77 0 1 0 8 0 11 0 0 1 0 0 0 11 0 0 1 0 0 4 0
准确率:    1.0000 (42/42)
----------------------------------------
输入:       MPJC WGBR> D>JSR>JL >TMNJW SVR MN BNJ
目标:     0 28 20 0 7 0 1 0 0 11 0 0 1 0 0 0 8 0 0 2 0 0 14 0 0 3 0 0 0 0 2 0 0 0 0 0 2 0
预测:     0 28 20 0 7 0 1 0 0 11 0 0 1 0 0 0 8 0 0 2 0 0 14 0 0 3 0 0 0 0 2 0 0 0 0 0 2 0
准确率:    1.0000 (38/38)
----------------------------------------

生成的验证样本:
--------------------------------------------------------------------------------
输入:       YBJNH D>LH> LMSV> MN KL DBJC WKLJ
目标:     0 0 0 0 5 0 0 1 0 0 4 0 0 1 6 0 10 7 0 0 0 0 0 2 0 1 0 0 2 0 36 0 0 3
预测:     0 0 0 0 5 0 0 1 0 0 4 0 0 1 6 0 10 7 0 0 0 0 0 2 0 1 0 0 2 0 36 0 0 3
准确率:    1.0000 (34/34)
----------------------------------------
输入:       D>LH> LMSV> MN KL DBJC WKLJ XJLK
目标:     0 1 0 0 4 0 0 1 6 0 10 7 0 0 0 0 0 2 0 1 0 0 2 0 36 0 0 3 0 0 0 5 0
预测:     0 1 0 0 4 0 0 1 6 0 10 7 0 0 0 0 0 2 0 1 0 0 2 0 36 0 0 3 0 0 0 5 0
准确率:    1.0000 (33/33)
----------------------------------------
⏳ 验证无提升 (验证准确率: 0.9662 ≤ 0.9664)，patience: 6/50

======================================================================
🚀 Epoch 141/200
======================================================================
📚 开始训练阶段...
训练进度: 500/3164 损失=0.0001
训练进度: 1000/3164 损失=0.0069
训练进度: 1500/3164 损失=0.0004
训练进度: 2000/3164 损失=0.0007
训练进度: 2500/3164 损失=0.0008
训练进度: 3000/3164 损失=0.0006
训练进度: 3164/3164 损失=0.0003
✅ 训练完成，耗时: 58.0秒 (1.0分钟)

============================================================
📊 验证决策: Epoch 141/200
   验证间隔: 1
   是否验证: ✅ 是
   原因: 达到验证间隔 (0 == 0)
============================================================

🔍 开始验证...
验证进度: 500/686 损失=0.9296
验证进度: 686/686 损失=0.5441

📊 预测分布分析:
  - 预测的前5个类别: {np.int64(0): 283026, np.int64(1): 37063, np.int64(2): 14799, np.int64(3): 10897, np.int64(4): 8840}
  - 标签的前5个类别: {np.int64(0): 281232, np.int64(1): 36731, np.int64(2): 14789, np.int64(3): 10866, np.int64(4): 8585}
✅ 验证完成，耗时: 4.7秒 (0.1分钟)
训练损失: 0.0027
验证损失: 0.6142
验证准确率: 0.9664 (10595/10964) - 与Levenshtein高度相关
验证F1(加权): 0.9654 - 类别平衡更好
学习率: 0.000021
显存使用: 0.48GB (预留: 0.69GB)

生成的训练样本:
--------------------------------------------------------------------------------
输入:       DNBWT WDM> DBNWHJ XZJT BRMC> >MR MRJ>
目标:     0 1 0 0 0 2 0 1 0 4 0 0 1 0 25 1 0 0 0 0 0 3 0 0 1 0 0 4 0 0 0 0 7 0 0 0 0 2
预测:     0 1 0 0 0 2 0 1 0 4 0 0 1 0 25 1 0 0 0 0 0 3 0 0 1 0 0 4 0 0 0 0 7 0 0 0 0 2
准确率:    1.0000 (38/38)
----------------------------------------
输入:       MRJ> QDM >PJHWN W>BRK >NWN WPY> LNPCJ
目标:     0 0 0 0 2 0 0 0 2 0 54 2 1 0 0 0 0 36 17 0 0 3 0 0 0 0 0 0 36 0 10 16 0 1 0 0 5 0
预测:     0 0 0 0 2 0 0 0 2 0 54 2 1 0 0 0 0 36 17 0 0 3 0 0 0 0 0 0 36 0 10 16 0 1 0 0 5 0
准确率:    1.0000 (38/38)
----------------------------------------
输入:       JWRB<M <L >JSRJL <SRJN WTRTJN CNJN WCKB
目标:     0 0 0 0 0 0 2 0 0 0 0 0 0 0 0 0 2 0 0 0 0 0 2 0 1 0 2 0 0 0 0 0 13 0 0 0 1 0 0 3
预测:     0 0 0 0 0 0 2 0 0 0 0 0 0 0 0 0 2 0 0 0 0 0 2 0 1 0 2 0 0 0 0 0 13 0 0 0 1 0 0 3
准确率:    1.0000 (40/40)
----------------------------------------

生成的验证样本:
--------------------------------------------------------------------------------
输入:       YBJNH D>LH> LMSV> MN KL DBJC WKLJ
目标:     0 0 0 0 5 0 0 1 0 0 4 0 0 1 6 0 10 7 0 0 0 0 0 2 0 1 0 0 2 0 36 0 0 3
预测:     0 0 0 0 5 0 0 1 0 0 4 0 0 1 6 0 10 7 0 0 0 0 0 2 0 1 0 0 2 0 36 0 0 3
准确率:    1.0000 (34/34)
----------------------------------------
输入:       D>LH> LMSV> MN KL DBJC WKLJ XJLK
目标:     0 1 0 0 4 0 0 1 6 0 10 7 0 0 0 0 0 2 0 1 0 0 2 0 36 0 0 3 0 0 0 5 0
预测:     0 1 0 0 4 0 0 1 6 0 10 7 0 0 0 0 0 2 0 1 0 0 2 0 36 0 0 3 0 0 0 5 0
准确率:    1.0000 (33/33)
----------------------------------------
⏳ 验证无提升 (验证准确率: 0.9664 ≤ 0.9664)，patience: 7/50

======================================================================
🚀 Epoch 142/200
======================================================================
📚 开始训练阶段...
训练进度: 500/3164 损失=0.0000
训练进度: 1000/3164 损失=0.0002
训练进度: 1500/3164 损失=0.0001
训练进度: 2000/3164 损失=0.0047
训练进度: 2500/3164 损失=0.0022
训练进度: 3000/3164 损失=0.0013
训练进度: 3164/3164 损失=0.0013
✅ 训练完成，耗时: 58.0秒 (1.0分钟)

============================================================
📊 验证决策: Epoch 142/200
   验证间隔: 1
   是否验证: ✅ 是
   原因: 达到验证间隔 (0 == 0)
============================================================

🔍 开始验证...
验证进度: 500/686 损失=1.0405
验证进度: 686/686 损失=0.7739

📊 预测分布分析:
  - 预测的前5个类别: {np.int64(0): 283109, np.int64(1): 37086, np.int64(2): 14718, np.int64(3): 10756, np.int64(4): 8881}
  - 标签的前5个类别: {np.int64(0): 281232, np.int64(1): 36731, np.int64(2): 14789, np.int64(3): 10866, np.int64(4): 8585}
✅ 验证完成，耗时: 4.8秒 (0.1分钟)
训练损失: 0.0026
验证损失: 0.6192
验证准确率: 0.9659 (10590/10964) - 与Levenshtein高度相关
验证F1(加权): 0.9650 - 类别平衡更好
学习率: 0.000020
显存使用: 0.47GB (预留: 0.69GB)

生成的训练样本:
--------------------------------------------------------------------------------
输入:       QWRJH BZBN> HW WL> CBQN QRJT> DL>
目标:     0 0 0 100 1 0 0 1 0 0 4 0 0 0 12 0 1 0 0 0 0 0 29 0 0 0 0 22 9 0 0 1 0 0
预测:     0 0 0 100 1 0 0 1 0 0 4 0 0 0 12 0 1 0 0 0 0 0 29 0 0 0 0 22 9 0 0 1 0 0
准确率:    1.0000 (34/34)
----------------------------------------
输入:       >PJ RWX> W>JK SJN> DCWQ> >DWC >NWN
目标:     0 54 2 0 0 0 0 4 0 0 1 0 0 0 0 0 0 4 0 0 1 0 0 11 0 0 6 0 0 3 0 0 0 0 0
预测:     0 54 2 0 0 0 0 4 0 0 1 0 0 0 0 0 0 4 0 0 1 0 0 11 0 0 6 0 0 3 0 0 0 0 0
准确率:    1.0000 (35/35)
----------------------------------------
输入:       CRK> DJRTWTJ W>CLM >NWN B>JD> DB<LDBBJHWN WNHWWN
目标:     0 0 0 4 0 0 1 0 0 0 2 1 0 0 1 17 0 0 3 0 0 0 0 0 0 35 0 0 4 0 0 1 0 0 0 0 0 2 1 0 0 0 0 1 6 0 18 0 0
预测:     0 0 0 4 0 0 1 0 0 0 2 1 0 0 1 17 0 0 3 0 0 0 0 0 0 35 0 0 4 0 0 1 0 0 0 0 0 2 1 0 0 0 0 1 6 0 18 0 0
准确率:    1.0000 (49/49)
----------------------------------------

生成的验证样本:
--------------------------------------------------------------------------------
输入:       YBJNH D>LH> LMSV> MN KL DBJC WKLJ
目标:     0 0 0 0 5 0 0 1 0 0 4 0 0 1 6 0 10 7 0 0 0 0 0 2 0 1 0 0 2 0 36 0 0 3
预测:     0 0 0 0 5 0 0 1 0 0 4 0 0 1 6 0 10 7 0 0 0 0 0 2 0 1 0 0 2 0 36 0 0 3
准确率:    1.0000 (34/34)
----------------------------------------
输入:       D>LH> LMSV> MN KL DBJC WKLJ XJLK
目标:     0 1 0 0 4 0 0 1 6 0 10 7 0 0 0 0 0 2 0 1 0 0 2 0 36 0 0 3 0 0 0 5 0
预测:     0 1 0 0 4 0 0 1 6 0 10 7 0 0 0 0 0 2 0 1 0 0 2 0 36 0 0 3 0 0 0 5 0
准确率:    1.0000 (33/33)
----------------------------------------
⏳ 验证无提升 (验证准确率: 0.9659 ≤ 0.9664)，patience: 8/50

======================================================================
🚀 Epoch 143/200
======================================================================
📚 开始训练阶段...
训练进度: 500/3164 损失=0.0014
训练进度: 1000/3164 损失=0.0046
训练进度: 1500/3164 损失=0.0002
训练进度: 2000/3164 损失=0.0022
训练进度: 2500/3164 损失=0.0003
训练进度: 3000/3164 损失=0.0032
训练进度: 3164/3164 损失=0.0009
✅ 训练完成，耗时: 58.4秒 (1.0分钟)

============================================================
📊 验证决策: Epoch 143/200
   验证间隔: 1
   是否验证: ✅ 是
   原因: 达到验证间隔 (0 == 0)
============================================================

🔍 开始验证...
验证进度: 500/686 损失=0.8822
验证进度: 686/686 损失=0.2034

📊 预测分布分析:
  - 预测的前5个类别: {np.int64(0): 282793, np.int64(1): 37110, np.int64(2): 14803, np.int64(3): 10759, np.int64(4): 8922}
  - 标签的前5个类别: {np.int64(0): 281232, np.int64(1): 36731, np.int64(2): 14789, np.int64(3): 10866, np.int64(4): 8585}
✅ 验证完成，耗时: 4.8秒 (0.1分钟)
训练损失: 0.0025
验证损失: 0.6166
验证准确率: 0.9662 (10593/10964) - 与Levenshtein高度相关
验证F1(加权): 0.9654 - 类别平衡更好
学习率: 0.000020
显存使用: 0.47GB (预留: 0.69GB)

生成的训练样本:
--------------------------------------------------------------------------------
输入:       CMCWN MCTWT> CB<> JWMJN MVL DHKN> <BDJN
目标:     0 0 0 0 0 2 0 0 0 0 2 9 0 0 0 0 2 0 0 0 0 2 0 0 0 0 0 0 0 1 0 0 0 0 0 0 0 7 0 0
预测:     0 0 0 0 0 2 0 0 0 0 2 9 0 0 0 0 2 0 0 0 0 2 0 0 0 0 0 0 0 1 0 0 0 0 0 0 0 7 0 0
准确率:    1.0000 (40/40)
----------------------------------------
输入:       D>P <L >LH> MTPLGW MTPLGJN >P L>
目标:     0 1 0 0 0 0 0 0 0 0 4 0 0 21 14 0 0 7 19 0 21 14 0 0 7 0 19 0 0 0 0 0 0
预测:     0 1 0 0 0 0 0 0 0 0 4 0 0 21 14 0 0 7 19 0 21 14 0 0 7 0 19 0 0 0 0 0 0
准确率:    1.0000 (33/33)
----------------------------------------
输入:       DPXZ BY<R> DBSRH L> NTTNJX <DM> DT>QD
目标:     0 1 0 0 16 0 1 0 0 15 0 0 1 0 0 5 0 0 0 0 0 21 76 17 20 0 3 0 0 0 0 0 0 1 140 0 0 3
预测:     0 1 0 0 16 0 1 0 0 15 0 0 1 0 0 5 0 0 0 0 0 21 76 17 20 0 3 0 0 0 0 0 0 1 140 0 0 3
准确率:    1.0000 (38/38)
----------------------------------------

生成的验证样本:
--------------------------------------------------------------------------------
输入:       YBJNH D>LH> LMSV> MN KL DBJC WKLJ
目标:     0 0 0 0 5 0 0 1 0 0 4 0 0 1 6 0 10 7 0 0 0 0 0 2 0 1 0 0 2 0 36 0 0 3
预测:     0 0 0 0 5 0 0 1 0 0 4 0 0 1 6 0 10 7 0 0 0 0 0 2 0 1 0 0 2 0 36 0 0 3
准确率:    1.0000 (34/34)
----------------------------------------
输入:       D>LH> LMSV> MN KL DBJC WKLJ XJLK
目标:     0 1 0 0 4 0 0 1 6 0 10 7 0 0 0 0 0 2 0 1 0 0 2 0 36 0 0 3 0 0 0 5 0
预测:     0 1 0 0 4 0 0 1 6 0 10 7 0 0 0 0 0 2 0 1 0 0 2 0 36 0 0 3 0 0 0 5 0
准确率:    1.0000 (33/33)
----------------------------------------
⏳ 验证无提升 (验证准确率: 0.9662 ≤ 0.9664)，patience: 9/50

======================================================================
🚀 Epoch 144/200
======================================================================
📚 开始训练阶段...
训练进度: 500/3164 损失=0.0012
训练进度: 1000/3164 损失=0.0367
训练进度: 1500/3164 损失=0.0005
训练进度: 2000/3164 损失=0.0026
训练进度: 2500/3164 损失=0.0020
训练进度: 3000/3164 损失=0.0001
训练进度: 3164/3164 损失=0.0016
✅ 训练完成，耗时: 58.3秒 (1.0分钟)

============================================================
📊 验证决策: Epoch 144/200
   验证间隔: 1
   是否验证: ✅ 是
   原因: 达到验证间隔 (0 == 0)
============================================================

🔍 开始验证...
验证进度: 500/686 损失=1.0222
验证进度: 686/686 损失=0.3162

📊 预测分布分析:
  - 预测的前5个类别: {np.int64(0): 282917, np.int64(1): 37126, np.int64(2): 14759, np.int64(3): 10790, np.int64(4): 8895}
  - 标签的前5个类别: {np.int64(0): 281232, np.int64(1): 36731, np.int64(2): 14789, np.int64(3): 10866, np.int64(4): 8585}
✅ 验证完成，耗时: 4.8秒 (0.1分钟)
训练损失: 0.0025
验证损失: 0.6292
验证准确率: 0.9663 (10594/10964) - 与Levenshtein高度相关
验证F1(加权): 0.9654 - 类别平衡更好
学习率: 0.000019
显存使用: 0.48GB (预留: 0.69GB)

生成的训练样本:
--------------------------------------------------------------------------------
输入:       KWLHWN B<LDBBJHWN DBXDRJHWN WL> <BDW VJBWT> <M
目标:     0 8 0 5 0 0 0 0 0 0 0 0 0 2 1 0 0 0 0 1 1 0 0 2 1 0 0 0 0 1 0 0 0 0 0 3 0 0 0 0 0 2 9 0 0 0 0
预测:     0 8 0 5 0 0 0 0 0 0 0 0 0 2 1 0 0 0 0 1 1 0 0 2 1 0 0 0 0 1 0 0 0 0 0 3 0 0 0 0 0 2 9 0 0 0 0
准确率:    1.0000 (47/47)
----------------------------------------
输入:       JRX> DHBB> W<BD PYX> LMRJ> >LHK MVL
目标:     0 0 0 4 0 0 1 0 0 11 0 0 36 0 0 3 0 0 0 4 0 0 1 0 0 0 2 0 0 0 5 0 0 0 0 0
预测:     0 0 0 4 0 0 1 0 0 11 0 0 36 0 0 3 0 0 0 4 0 0 1 0 0 0 2 0 0 0 5 0 0 0 0 0
准确率:    1.0000 (36/36)
----------------------------------------
输入:       LHN> <DN> L>JZR<JL WBNJ MLK> HWJN HWW
目标:     0 1 0 0 0 0 0 0 4 0 0 1 0 0 0 0 0 0 2 0 1 0 2 0 0 0 0 4 0 0 0 42 0 0 0 0 18 0
预测:     0 1 0 0 0 0 0 0 4 0 0 1 0 0 0 0 0 0 2 0 1 0 2 0 0 0 0 4 0 0 0 42 0 0 0 0 18 0
准确率:    1.0000 (38/38)
----------------------------------------

生成的验证样本:
--------------------------------------------------------------------------------
输入:       YBJNH D>LH> LMSV> MN KL DBJC WKLJ
目标:     0 0 0 0 5 0 0 1 0 0 4 0 0 1 6 0 10 7 0 0 0 0 0 2 0 1 0 0 2 0 36 0 0 3
预测:     0 0 0 0 5 0 0 1 0 0 4 0 0 1 6 0 10 7 0 0 0 0 0 2 0 1 0 0 2 0 36 0 0 3
准确率:    1.0000 (34/34)
----------------------------------------
输入:       D>LH> LMSV> MN KL DBJC WKLJ XJLK
目标:     0 1 0 0 4 0 0 1 6 0 10 7 0 0 0 0 0 2 0 1 0 0 2 0 36 0 0 3 0 0 0 5 0
预测:     0 1 0 0 4 0 0 1 6 0 10 7 0 0 0 0 0 2 0 1 0 0 2 0 36 0 0 3 0 0 0 5 0
准确率:    1.0000 (33/33)
----------------------------------------
⏳ 验证无提升 (验证准确率: 0.9663 ≤ 0.9664)，patience: 10/50

======================================================================
🚀 Epoch 145/200
======================================================================
📚 开始训练阶段...
训练进度: 500/3164 损失=0.0025
训练进度: 1000/3164 损失=0.0022
训练进度: 1500/3164 损失=0.0002
训练进度: 2000/3164 损失=0.0117
训练进度: 2500/3164 损失=0.0003
训练进度: 3000/3164 损失=0.0003
训练进度: 3164/3164 损失=0.0001
✅ 训练完成，耗时: 58.2秒 (1.0分钟)

============================================================
📊 验证决策: Epoch 145/200
   验证间隔: 1
   是否验证: ✅ 是
   原因: 达到验证间隔 (0 == 0)
============================================================

🔍 开始验证...
验证进度: 500/686 损失=0.9006
验证进度: 686/686 损失=0.0817

📊 预测分布分析:
  - 预测的前5个类别: {np.int64(0): 282950, np.int64(1): 37086, np.int64(2): 14684, np.int64(3): 10747, np.int64(4): 8867}
  - 标签的前5个类别: {np.int64(0): 281232, np.int64(1): 36731, np.int64(2): 14789, np.int64(3): 10866, np.int64(4): 8585}
✅ 验证完成，耗时: 4.7秒 (0.1分钟)
训练损失: 0.0025
验证损失: 0.6209
验证准确率: 0.9662 (10593/10964) - 与Levenshtein高度相关
验证F1(加权): 0.9654 - 类别平衡更好
学习率: 0.000019
显存使用: 0.47GB (预留: 0.69GB)

生成的训练样本:
--------------------------------------------------------------------------------
输入:       MLK> D>JSRJL >TKBCT CMRJN WGLJ MLK> D>TWR
目标:     0 0 0 4 0 0 1 0 0 0 0 0 2 0 0 14 0 0 3 92 0 0 0 0 0 2 0 1 0 0 16 0 0 0 4 0 0 1 0 0 0 2
预测:     0 0 0 4 0 0 1 0 0 0 0 0 2 0 0 14 0 0 3 92 0 0 0 0 0 2 0 1 0 0 16 0 0 0 4 0 0 1 0 0 0 2
准确率:    1.0000 (42/42)
----------------------------------------
输入:       WTLT> PNJN LMDNX> WJM> <LJHWN L<L MNHWN
目标:     0 1 0 0 2 0 0 0 42 0 0 0 1 0 0 0 4 0 0 1 0 4 0 0 0 8 1 0 0 0 0 0 0 0 0 0 1 0 0 0
预测:     0 1 0 0 2 0 0 0 42 0 0 0 1 0 0 0 4 0 0 1 0 4 0 0 0 8 1 0 0 0 0 0 0 0 0 0 1 0 0 0
准确率:    1.0000 (40/40)
----------------------------------------
输入:       QDMJT> D>MLK BRJCH DJWJKJN MLK> DJHWD> W>PQH
目标:     0 0 0 0 2 9 0 0 1 17 0 0 33 0 1 0 0 5 0 0 1 0 0 0 0 0 2 0 0 0 4 0 0 1 0 0 0 0 2 0 1 72 0 29 0
预测:     0 0 0 0 2 9 0 0 1 17 0 0 33 0 1 0 0 5 0 0 1 0 0 0 0 0 2 0 0 0 4 0 0 1 0 0 0 0 2 0 1 72 0 29 0
准确率:    1.0000 (45/45)
----------------------------------------

生成的验证样本:
--------------------------------------------------------------------------------
输入:       YBJNH D>LH> LMSV> MN KL DBJC WKLJ
目标:     0 0 0 0 5 0 0 1 0 0 4 0 0 1 6 0 10 7 0 0 0 0 0 2 0 1 0 0 2 0 36 0 0 3
预测:     0 0 0 0 5 0 0 1 0 0 4 0 0 1 6 0 10 7 0 0 0 0 0 2 0 1 0 0 2 0 36 0 0 3
准确率:    1.0000 (34/34)
----------------------------------------
输入:       D>LH> LMSV> MN KL DBJC WKLJ XJLK
目标:     0 1 0 0 4 0 0 1 6 0 10 7 0 0 0 0 0 2 0 1 0 0 2 0 36 0 0 3 0 0 0 5 0
预测:     0 1 0 0 4 0 0 1 6 0 10 7 0 0 0 0 0 2 0 1 0 0 2 0 36 0 0 3 0 0 0 5 0
准确率:    1.0000 (33/33)
----------------------------------------
⏳ 验证无提升 (验证准确率: 0.9662 ≤ 0.9664)，patience: 11/50

======================================================================
🚀 Epoch 146/200
======================================================================
📚 开始训练阶段...
训练进度: 500/3164 损失=0.0006
训练进度: 1000/3164 损失=0.0005
训练进度: 1500/3164 损失=0.0002
训练进度: 2000/3164 损失=0.0013
训练进度: 2500/3164 损失=0.0061
训练进度: 3000/3164 损失=0.0009
训练进度: 3164/3164 损失=0.0002
✅ 训练完成，耗时: 58.1秒 (1.0分钟)

============================================================
📊 验证决策: Epoch 146/200
   验证间隔: 1
   是否验证: ✅ 是
   原因: 达到验证间隔 (0 == 0)
============================================================

🔍 开始验证...
验证进度: 500/686 损失=0.8453
验证进度: 686/686 损失=0.1132

📊 预测分布分析:
  - 预测的前5个类别: {np.int64(0): 282814, np.int64(1): 37054, np.int64(2): 14748, np.int64(3): 10688, np.int64(4): 8893}
  - 标签的前5个类别: {np.int64(0): 281232, np.int64(1): 36731, np.int64(2): 14789, np.int64(3): 10866, np.int64(4): 8585}
✅ 验证完成，耗时: 4.8秒 (0.1分钟)
训练损失: 0.0025
验证损失: 0.6244
验证准确率: 0.9662 (10593/10964) - 与Levenshtein高度相关
验证F1(加权): 0.9654 - 类别平衡更好
学习率: 0.000018
显存使用: 0.47GB (预留: 0.69GB)

生成的训练样本:
--------------------------------------------------------------------------------
输入:       BRNC> BYBJNH HW <BD BX>RWT> DJHJB> LH
目标:     0 0 84 0 4 0 0 1 0 0 0 5 0 0 0 0 0 0 0 7 0 1 0 0 0 2 9 0 0 1 0 8 0 7 27 0 1 0
预测:     0 0 84 0 4 0 0 1 0 0 0 5 0 0 0 0 0 0 0 7 0 1 0 0 0 2 9 0 0 1 0 8 0 7 27 0 1 0
准确率:    1.0000 (38/38)
----------------------------------------
输入:       HW WJCW< BRNWN WKD CLM MWC> LM>MR
目标:     0 0 0 0 1 0 0 0 2 0 0 5 0 0 2 0 1 0 0 0 0 0 16 0 0 0 0 2 0 1 6 0 0 7
预测:     0 0 0 0 1 0 0 0 2 0 0 5 0 0 2 0 1 0 0 0 0 0 16 0 0 0 0 2 0 1 6 0 0 7
准确率:    1.0000 (34/34)
----------------------------------------
输入:       ZDQ> HWT MLKWT> W<LJ SMW KLH >JSRJL
目标:     0 0 0 7 0 0 0 18 26 0 0 0 0 2 9 0 0 1 0 1 0 0 31 3 0 0 0 5 0 0 0 0 0 0 0 2
预测:     0 0 0 7 0 0 0 18 26 0 0 0 0 2 9 0 0 1 0 1 0 0 31 3 0 0 0 5 0 0 0 0 0 0 0 2
准确率:    1.0000 (36/36)
----------------------------------------

生成的验证样本:
--------------------------------------------------------------------------------
输入:       YBJNH D>LH> LMSV> MN KL DBJC WKLJ
目标:     0 0 0 0 5 0 0 1 0 0 4 0 0 1 6 0 10 7 0 0 0 0 0 2 0 1 0 0 2 0 36 0 0 3
预测:     0 0 0 0 5 0 0 1 0 0 4 0 0 1 6 0 10 7 0 0 0 0 0 2 0 1 0 0 2 0 36 0 0 3
准确率:    1.0000 (34/34)
----------------------------------------
输入:       D>LH> LMSV> MN KL DBJC WKLJ XJLK
目标:     0 1 0 0 4 0 0 1 6 0 10 7 0 0 0 0 0 2 0 1 0 0 2 0 36 0 0 3 0 0 0 5 0
预测:     0 1 0 0 4 0 0 1 6 0 10 7 0 0 0 0 0 2 0 1 0 0 2 0 36 0 0 3 0 0 0 5 0
准确率:    1.0000 (33/33)
----------------------------------------
⏳ 验证无提升 (验证准确率: 0.9662 ≤ 0.9664)，patience: 12/50

======================================================================
🚀 Epoch 147/200
======================================================================
📚 开始训练阶段...
训练进度: 500/3164 损失=0.0001
训练进度: 1000/3164 损失=0.0008
训练进度: 1500/3164 损失=0.0041
训练进度: 2000/3164 损失=0.0005
训练进度: 2500/3164 损失=0.0019
训练进度: 3000/3164 损失=0.0071
训练进度: 3164/3164 损失=0.0020
✅ 训练完成，耗时: 58.2秒 (1.0分钟)

============================================================
📊 验证决策: Epoch 147/200
   验证间隔: 1
   是否验证: ✅ 是
   原因: 达到验证间隔 (0 == 0)
============================================================

🔍 开始验证...
验证进度: 500/686 损失=1.0238
验证进度: 686/686 损失=0.4285

📊 预测分布分析:
  - 预测的前5个类别: {np.int64(0): 283082, np.int64(1): 37113, np.int64(2): 14732, np.int64(3): 10774, np.int64(4): 8912}
  - 标签的前5个类别: {np.int64(0): 281232, np.int64(1): 36731, np.int64(2): 14789, np.int64(3): 10866, np.int64(4): 8585}
✅ 验证完成，耗时: 4.8秒 (0.1分钟)
训练损失: 0.0024
验证损失: 0.6340
验证准确率: 0.9661 (10592/10964) - 与Levenshtein高度相关
验证F1(加权): 0.9651 - 类别平衡更好
学习率: 0.000017
显存使用: 0.47GB (预留: 0.69GB)

生成的训练样本:
--------------------------------------------------------------------------------
输入:       LQLHWN W<BD HKN> WHW> LHPKT> DCNT> PQD
目标:     0 1 0 5 0 0 0 0 1 0 0 3 0 0 0 0 0 0 1 0 10 3 0 1 0 0 13 9 0 0 1 0 13 9 0 0 0 0 3
预测:     0 1 0 5 0 0 0 0 1 0 0 3 0 0 0 0 0 0 1 0 10 3 0 1 0 0 13 9 0 0 1 0 13 9 0 0 0 0 3
准确率:    1.0000 (39/39)
----------------------------------------
输入:       GJR DGDCKWN DJTJR>JT TWB NXC >P LN
目标:     0 0 0 0 0 1 0 0 29 0 0 0 0 1 0 0 0 0 0 0 0 0 0 0 0 0 44 0 130 0 0 0 0 1 0
预测:     0 0 0 0 0 1 0 0 29 0 0 0 0 1 0 0 0 0 0 0 0 0 0 0 0 0 44 0 130 0 0 0 0 1 0
准确率:    1.0000 (35/35)
----------------------------------------
输入:       D<M> N>RT >JQR> WCMH QJM LXJ> DL<LM
目标:     0 1 0 15 0 0 73 0 0 3 0 0 0 0 4 0 0 1 0 5 0 0 0 0 22 0 1 0 11 0 0 1 1 0 0 2
预测:     0 1 0 15 0 0 73 0 0 3 0 0 0 0 4 0 0 1 0 5 0 0 0 0 22 0 1 0 11 0 0 1 1 0 0 2
准确率:    1.0000 (36/36)
----------------------------------------

生成的验证样本:
--------------------------------------------------------------------------------
输入:       YBJNH D>LH> LMSV> MN KL DBJC WKLJ
目标:     0 0 0 0 5 0 0 1 0 0 4 0 0 1 6 0 10 7 0 0 0 0 0 2 0 1 0 0 2 0 36 0 0 3
预测:     0 0 0 0 5 0 0 1 0 0 4 0 0 1 6 0 10 7 0 0 0 0 0 2 0 1 0 0 2 0 36 0 0 3
准确率:    1.0000 (34/34)
----------------------------------------
输入:       D>LH> LMSV> MN KL DBJC WKLJ XJLK
目标:     0 1 0 0 4 0 0 1 6 0 10 7 0 0 0 0 0 2 0 1 0 0 2 0 36 0 0 3 0 0 0 5 0
预测:     0 1 0 0 4 0 0 1 6 0 10 7 0 0 0 0 0 2 0 1 0 0 2 0 36 0 0 3 0 0 0 5 0
准确率:    1.0000 (33/33)
----------------------------------------
⏳ 验证无提升 (验证准确率: 0.9661 ≤ 0.9664)，patience: 13/50

======================================================================
🚀 Epoch 148/200
======================================================================
📚 开始训练阶段...
训练进度: 500/3164 损失=0.0010
训练进度: 1000/3164 损失=0.0004
训练进度: 1500/3164 损失=0.0006
训练进度: 2000/3164 损失=0.0013
训练进度: 2500/3164 损失=0.0002
训练进度: 3000/3164 损失=0.0002
训练进度: 3164/3164 损失=0.0000
✅ 训练完成，耗时: 58.3秒 (1.0分钟)

============================================================
📊 验证决策: Epoch 148/200
   验证间隔: 1
   是否验证: ✅ 是
   原因: 达到验证间隔 (0 == 0)
============================================================

🔍 开始验证...
验证进度: 500/686 损失=1.1095
验证进度: 686/686 损失=0.2823

📊 预测分布分析:
  - 预测的前5个类别: {np.int64(0): 283114, np.int64(1): 37070, np.int64(2): 14682, np.int64(3): 10824, np.int64(4): 8810}
  - 标签的前5个类别: {np.int64(0): 281232, np.int64(1): 36731, np.int64(2): 14789, np.int64(3): 10866, np.int64(4): 8585}
✅ 验证完成，耗时: 4.8秒 (0.1分钟)
训练损失: 0.0022
验证损失: 0.6345
验证准确率: 0.9663 (10594/10964) - 与Levenshtein高度相关
验证F1(加权): 0.9653 - 类别平衡更好
学习率: 0.000017
显存使用: 0.48GB (预留: 0.69GB)

生成的训练样本:
--------------------------------------------------------------------------------
输入:       HJ MNK >WRX> WL> MCKX >NT LMCQLH
目标:     0 0 12 0 0 1 0 0 0 0 0 4 0 0 1 0 0 0 6 0 0 7 0 0 0 0 0 1 6 0 0 74 0
预测:     0 0 12 0 0 1 0 0 0 0 0 4 0 0 1 0 0 0 6 0 0 7 0 0 0 0 0 1 6 0 0 74 0
准确率:    1.0000 (33/33)
----------------------------------------
输入:       <MM> DBDRK BHWN MRJ> >LHK W>N NHWWN
目标:     0 0 8 30 0 0 1 0 0 51 0 0 1 0 0 0 0 0 0 0 2 0 0 0 5 0 0 1 0 0 0 6 0 18 0 0
预测:     0 0 8 30 0 0 1 0 0 51 0 0 1 0 0 0 0 0 0 0 2 0 0 0 5 0 0 1 0 0 0 6 0 18 0 0
准确率:    1.0000 (36/36)
----------------------------------------
输入:       CLJMWN D<RQ JW>B LMCKNH DMRJ> W>XD GWS>
目标:     0 0 0 0 0 0 2 0 1 0 0 3 0 0 0 0 2 0 1 0 0 0 5 0 0 1 0 0 0 2 0 1 0 0 3 0 0 0 4 0
预测:     0 0 0 0 0 0 2 0 1 0 0 3 0 0 0 0 2 0 1 0 0 0 5 0 0 1 0 0 0 2 0 1 0 0 3 0 0 0 4 0
准确率:    1.0000 (40/40)
----------------------------------------

生成的验证样本:
--------------------------------------------------------------------------------
输入:       YBJNH D>LH> LMSV> MN KL DBJC WKLJ
目标:     0 0 0 0 5 0 0 1 0 0 4 0 0 1 6 0 10 7 0 0 0 0 0 2 0 1 0 0 2 0 36 0 0 3
预测:     0 0 0 0 5 0 0 1 0 0 4 0 0 1 6 0 10 7 0 0 0 0 0 2 0 1 0 0 2 0 36 0 0 3
准确率:    1.0000 (34/34)
----------------------------------------
输入:       D>LH> LMSV> MN KL DBJC WKLJ XJLK
目标:     0 1 0 0 4 0 0 1 6 0 10 7 0 0 0 0 0 2 0 1 0 0 2 0 36 0 0 3 0 0 0 5 0
预测:     0 1 0 0 4 0 0 1 6 0 10 7 0 0 0 0 0 2 0 1 0 0 2 0 36 0 0 3 0 0 0 5 0
准确率:    1.0000 (33/33)
----------------------------------------
⏳ 验证无提升 (验证准确率: 0.9663 ≤ 0.9664)，patience: 14/50

======================================================================
🚀 Epoch 149/200
======================================================================
📚 开始训练阶段...
训练进度: 500/3164 损失=0.0049
训练进度: 1000/3164 损失=0.0001
训练进度: 1500/3164 损失=0.0001
训练进度: 2000/3164 损失=0.0035
训练进度: 2500/3164 损失=0.0003
训练进度: 3000/3164 损失=0.0003
训练进度: 3164/3164 损失=0.0002
✅ 训练完成，耗时: 58.3秒 (1.0分钟)

============================================================
📊 验证决策: Epoch 149/200
   验证间隔: 1
   是否验证: ✅ 是
   原因: 达到验证间隔 (0 == 0)
============================================================

🔍 开始验证...
验证进度: 500/686 损失=1.1330
验证进度: 686/686 损失=0.1713

📊 预测分布分析:
  - 预测的前5个类别: {np.int64(0): 283038, np.int64(1): 37134, np.int64(2): 14703, np.int64(3): 10749, np.int64(4): 8891}
  - 标签的前5个类别: {np.int64(0): 281232, np.int64(1): 36731, np.int64(2): 14789, np.int64(3): 10866, np.int64(4): 8585}
✅ 验证完成，耗时: 4.8秒 (0.1分钟)
训练损失: 0.0023
验证损失: 0.6368
验证准确率: 0.9661 (10592/10964) - 与Levenshtein高度相关
验证F1(加权): 0.9652 - 类别平衡更好
学习率: 0.000016
显存使用: 0.48GB (预留: 0.69GB)

生成的训练样本:
--------------------------------------------------------------------------------
输入:       D<>LJN >NTWN LH LM>RTH WTDXLWN MN MRJ>
目标:     0 1 8 0 83 0 0 0 0 0 0 0 0 0 1 12 0 1 73 0 0 74 12 0 1 6 0 0 3 0 0 0 0 0 0 0 0 0 2
预测:     0 1 8 0 83 0 0 0 0 0 0 0 0 0 1 12 0 1 73 0 0 74 12 0 1 6 0 0 3 0 0 0 0 0 0 0 0 0 2
准确率:    1.0000 (39/39)
----------------------------------------
输入:       WQRBW BNJ NBJ> DB>JRJXW LWT >LJC< W>MRJN
目标:     0 1 0 0 3 0 0 0 2 0 0 0 0 11 0 0 1 1 0 0 0 0 0 2 0 0 0 0 0 0 0 0 0 2 0 1 0 0 7 0 0
预测:     0 1 0 0 3 0 0 0 2 0 0 0 0 11 0 0 1 1 0 0 0 0 0 2 0 0 0 0 0 0 0 0 0 2 0 1 0 0 7 0 0
准确率:    1.0000 (41/41)
----------------------------------------
输入:       DMJ> QLJL >PN DTRJHWN DGLJN DMJ> DJN
目标:     0 0 0 43 0 0 0 0 0 2 0 0 75 0 0 1 0 2 32 0 0 0 0 0 0 7 0 0 0 0 0 43 0 0 0 0 0
预测:     0 0 0 43 0 0 0 0 0 2 0 0 75 0 0 1 0 2 32 0 0 0 0 0 0 7 0 0 0 0 0 43 0 0 0 0 0
准确率:    1.0000 (37/37)
----------------------------------------

生成的验证样本:
--------------------------------------------------------------------------------
输入:       YBJNH D>LH> LMSV> MN KL DBJC WKLJ
目标:     0 0 0 0 5 0 0 1 0 0 4 0 0 1 6 0 10 7 0 0 0 0 0 2 0 1 0 0 2 0 36 0 0 3
预测:     0 0 0 0 5 0 0 1 0 0 4 0 0 1 6 0 10 7 0 0 0 0 0 2 0 1 0 0 2 0 36 0 0 3
准确率:    1.0000 (34/34)
----------------------------------------
输入:       D>LH> LMSV> MN KL DBJC WKLJ XJLK
目标:     0 1 0 0 4 0 0 1 6 0 10 7 0 0 0 0 0 2 0 1 0 0 2 0 36 0 0 3 0 0 0 5 0
预测:     0 1 0 0 4 0 0 1 6 0 10 7 0 0 0 0 0 2 0 1 0 0 2 0 36 0 0 3 0 0 0 5 0
准确率:    1.0000 (33/33)
----------------------------------------
⏳ 验证无提升 (验证准确率: 0.9661 ≤ 0.9664)，patience: 15/50

======================================================================
🚀 Epoch 150/200
======================================================================
📚 开始训练阶段...
训练进度: 500/3164 损失=0.0003
训练进度: 1000/3164 损失=0.0035
训练进度: 1500/3164 损失=0.0001
训练进度: 2000/3164 损失=0.0000
训练进度: 2500/3164 损失=0.0022
训练进度: 3000/3164 损失=0.0009
训练进度: 3164/3164 损失=0.0118
✅ 训练完成，耗时: 58.1秒 (1.0分钟)

============================================================
📊 验证决策: Epoch 150/200
   验证间隔: 1
   是否验证: ✅ 是
   原因: 达到验证间隔 (0 == 0)
============================================================

🔍 开始验证...
验证进度: 500/686 损失=1.0964
验证进度: 686/686 损失=0.1281

📊 预测分布分析:
  - 预测的前5个类别: {np.int64(0): 282889, np.int64(1): 37110, np.int64(2): 14680, np.int64(3): 10845, np.int64(4): 8900}
  - 标签的前5个类别: {np.int64(0): 281232, np.int64(1): 36731, np.int64(2): 14789, np.int64(3): 10866, np.int64(4): 8585}
✅ 验证完成，耗时: 4.8秒 (0.1分钟)
训练损失: 0.0021
验证损失: 0.6382
验证准确率: 0.9661 (10592/10964) - 与Levenshtein高度相关
验证F1(加权): 0.9652 - 类别平衡更好
学习率: 0.000016
显存使用: 0.47GB (预留: 0.69GB)

生成的训练样本:
--------------------------------------------------------------------------------
输入:       >N> WL> SMT MNH LMJT> >L> CM<T
目标:     0 0 0 0 0 1 0 0 0 31 3 0 0 0 1 0 0 1 20 0 43 27 0 0 0 0 0 0 0 3 0
预测:     0 0 0 0 0 1 0 0 0 31 3 0 0 0 1 0 0 1 20 0 43 27 0 0 0 0 0 0 0 3 0
准确率:    1.0000 (31/31)
----------------------------------------
输入:       MDM L> MY> DNWD< DJN >LH> DMN
目标:     0 0 0 2 0 0 0 0 0 10 7 0 1 63 0 10 3 0 0 0 0 0 0 0 4 0 0 1 0 0
预测:     0 0 0 2 0 0 0 0 0 10 7 0 1 63 0 10 3 0 0 0 0 0 0 0 4 0 0 1 0 0
准确率:    1.0000 (30/30)
----------------------------------------
输入:       MN QDM MRJ> >LHK WM> D>NJX LK
目标:     0 0 0 0 0 0 2 0 0 0 0 2 0 0 0 5 0 0 1 0 0 0 1 17 20 0 3 0 1 0
预测:     0 0 0 0 0 0 2 0 0 0 0 2 0 0 0 5 0 0 1 0 0 0 1 17 20 0 3 0 1 0
准确率:    1.0000 (30/30)
----------------------------------------

生成的验证样本:
--------------------------------------------------------------------------------
输入:       YBJNH D>LH> LMSV> MN KL DBJC WKLJ
目标:     0 0 0 0 5 0 0 1 0 0 4 0 0 1 6 0 10 7 0 0 0 0 0 2 0 1 0 0 2 0 36 0 0 3
预测:     0 0 0 0 5 0 0 1 0 0 4 0 0 1 6 0 10 7 0 0 0 0 0 2 0 1 0 0 2 0 36 0 0 3
准确率:    1.0000 (34/34)
----------------------------------------
输入:       D>LH> LMSV> MN KL DBJC WKLJ XJLK
目标:     0 1 0 0 4 0 0 1 6 0 10 7 0 0 0 0 0 2 0 1 0 0 2 0 36 0 0 3 0 0 0 5 0
预测:     0 1 0 0 4 0 0 1 6 0 10 7 0 0 0 0 0 2 0 1 0 0 2 0 36 0 0 3 0 0 0 5 0
准确率:    1.0000 (33/33)
----------------------------------------
⏳ 验证无提升 (验证准确率: 0.9661 ≤ 0.9664)，patience: 16/50

======================================================================
🚀 Epoch 151/200
======================================================================
📚 开始训练阶段...
训练进度: 500/3164 损失=0.0002
训练进度: 1000/3164 损失=0.0001
训练进度: 1500/3164 损失=0.0112
训练进度: 2000/3164 损失=0.0020
训练进度: 2500/3164 损失=0.0027
训练进度: 3000/3164 损失=0.0001
训练进度: 3164/3164 损失=0.0144
✅ 训练完成，耗时: 58.2秒 (1.0分钟)

============================================================
📊 验证决策: Epoch 151/200
   验证间隔: 1
   是否验证: ✅ 是
   原因: 达到验证间隔 (0 == 0)
============================================================

🔍 开始验证...
验证进度: 500/686 损失=1.0108
验证进度: 686/686 损失=0.2920

📊 预测分布分析:
  - 预测的前5个类别: {np.int64(0): 282827, np.int64(1): 37073, np.int64(2): 14677, np.int64(3): 10853, np.int64(4): 8934}
  - 标签的前5个类别: {np.int64(0): 281232, np.int64(1): 36731, np.int64(2): 14789, np.int64(3): 10866, np.int64(4): 8585}
✅ 验证完成，耗时: 4.8秒 (0.1分钟)
训练损失: 0.0021
验证损失: 0.6337
验证准确率: 0.9664 (10595/10964) - 与Levenshtein高度相关
验证F1(加权): 0.9655 - 类别平衡更好
学习率: 0.000015
显存使用: 0.48GB (预留: 0.69GB)

生成的训练样本:
--------------------------------------------------------------------------------
输入:       >NWN BKLMDM BXKMTH >LBC >NWN GNBRWT> WKSJ
目标:     0 0 0 0 0 0 1 0 5 0 0 2 0 1 0 0 13 1 0 0 17 0 0 3 0 0 0 0 0 0 0 0 0 0 2 9 0 0 1 0 0 16
预测:     0 0 0 0 0 0 1 0 5 0 0 2 0 1 0 0 13 1 0 0 17 0 0 3 0 0 0 0 0 0 0 0 0 0 2 9 0 0 1 0 0 16
准确率:    1.0000 (42/42)
----------------------------------------
输入:       WKL >JLN> DCPJRJN TRMWN WKL MBW<> DMJ>
目标:     0 1 0 2 0 0 0 0 11 0 0 1 0 0 0 2 0 0 0 6 0 18 0 0 0 1 0 2 0 0 0 0 11 0 0 1 24 9 0
预测:     0 1 0 2 0 0 0 0 11 0 0 1 0 0 0 2 0 0 0 6 0 18 0 0 0 1 0 2 0 0 0 0 11 0 0 1 24 9 0
准确率:    1.0000 (39/39)
----------------------------------------
输入:       >JSRJL MVWL HN> BMWMT> JM> LH >LH>
目标:     0 0 0 0 0 0 2 0 0 8 0 0 0 0 0 0 0 1 0 0 13 23 0 0 0 10 3 0 1 0 0 0 0 4 0
预测:     0 0 0 0 0 0 2 0 0 8 0 0 0 0 0 0 0 1 0 0 13 23 0 0 0 10 3 0 1 0 0 0 0 4 0
准确率:    1.0000 (35/35)
----------------------------------------

生成的验证样本:
--------------------------------------------------------------------------------
输入:       YBJNH D>LH> LMSV> MN KL DBJC WKLJ
目标:     0 0 0 0 5 0 0 1 0 0 4 0 0 1 6 0 10 7 0 0 0 0 0 2 0 1 0 0 2 0 36 0 0 3
预测:     0 0 0 0 5 0 0 1 0 0 4 0 0 1 6 0 10 7 0 0 0 0 0 2 0 1 0 0 2 0 36 0 0 3
准确率:    1.0000 (34/34)
----------------------------------------
输入:       D>LH> LMSV> MN KL DBJC WKLJ XJLK
目标:     0 1 0 0 4 0 0 1 6 0 10 7 0 0 0 0 0 2 0 1 0 0 2 0 36 0 0 3 0 0 0 5 0
预测:     0 1 0 0 4 0 0 1 6 0 10 7 0 0 0 0 0 2 0 1 0 0 2 0 36 0 0 3 0 0 0 5 0
准确率:    1.0000 (33/33)
----------------------------------------
⏳ 验证无提升 (验证准确率: 0.9664 ≤ 0.9664)，patience: 17/50

======================================================================
🚀 Epoch 152/200
======================================================================
📚 开始训练阶段...
训练进度: 500/3164 损失=0.0048
训练进度: 1000/3164 损失=0.0000
训练进度: 1500/3164 损失=0.0006
训练进度: 2000/3164 损失=0.0000
训练进度: 2500/3164 损失=0.0001
训练进度: 3000/3164 损失=0.0005
训练进度: 3164/3164 损失=0.0001
✅ 训练完成，耗时: 58.4秒 (1.0分钟)

============================================================
📊 验证决策: Epoch 152/200
   验证间隔: 1
   是否验证: ✅ 是
   原因: 达到验证间隔 (0 == 0)
============================================================

🔍 开始验证...
验证进度: 500/686 损失=1.1129
验证进度: 686/686 损失=0.2485

📊 预测分布分析:
  - 预测的前5个类别: {np.int64(0): 282971, np.int64(1): 37098, np.int64(2): 14656, np.int64(3): 10743, np.int64(4): 8907}
  - 标签的前5个类别: {np.int64(0): 281232, np.int64(1): 36731, np.int64(2): 14789, np.int64(3): 10866, np.int64(4): 8585}
✅ 验证完成，耗时: 4.8秒 (0.1分钟)
训练损失: 0.0020
验证损失: 0.6434
验证准确率: 0.9662 (10593/10964) - 与Levenshtein高度相关
验证F1(加权): 0.9653 - 类别平衡更好
学习率: 0.000015
显存使用: 0.48GB (预留: 0.69GB)

生成的训练样本:
--------------------------------------------------------------------------------
输入:       WN>MRWN DXKJM HW WSKWLTN <M> HN> RB>
目标:     0 1 6 0 0 3 0 0 0 1 0 0 0 2 0 0 0 0 1 0 0 0 0 0 2 0 0 15 0 0 0 0 0 0 0 4 0
预测:     0 1 6 0 0 3 0 0 0 1 0 0 0 2 0 0 0 0 1 0 0 0 0 0 2 0 0 15 0 0 0 0 0 0 0 4 0
准确率:    1.0000 (37/37)
----------------------------------------
输入:       WKD MNJP <L MDJNT> MNW MCKX LMQM
目标:     0 1 0 0 0 28 20 0 7 0 0 0 0 0 0 0 13 9 0 0 0 71 0 8 0 0 0 7 0 1 6 31 7
预测:     0 1 0 0 0 28 20 0 7 0 0 0 0 0 0 0 13 9 0 0 0 71 0 8 0 0 0 7 0 1 6 31 7
准确率:    1.0000 (33/33)
----------------------------------------
输入:       MWC> LJCW< W>MR LH L<JN KLH >JSRJL
目标:     0 0 0 0 2 0 1 0 0 0 2 0 1 0 0 3 0 1 0 0 1 0 0 2 0 0 5 0 0 0 0 0 0 0 2
预测:     0 0 0 0 2 0 1 0 0 0 2 0 1 0 0 3 0 1 0 0 1 0 0 2 0 0 5 0 0 0 0 0 0 0 2
准确率:    1.0000 (35/35)
----------------------------------------

生成的验证样本:
--------------------------------------------------------------------------------
输入:       YBJNH D>LH> LMSV> MN KL DBJC WKLJ
目标:     0 0 0 0 5 0 0 1 0 0 4 0 0 1 6 0 10 7 0 0 0 0 0 2 0 1 0 0 2 0 36 0 0 3
预测:     0 0 0 0 5 0 0 1 0 0 4 0 0 1 6 0 10 7 0 0 0 0 0 2 0 1 0 0 2 0 36 0 0 3
准确率:    1.0000 (34/34)
----------------------------------------
输入:       D>LH> LMSV> MN KL DBJC WKLJ XJLK
目标:     0 1 0 0 4 0 0 1 6 0 10 7 0 0 0 0 0 2 0 1 0 0 2 0 36 0 0 3 0 0 0 5 0
预测:     0 1 0 0 4 0 0 1 6 0 10 7 0 0 0 0 0 2 0 1 0 0 2 0 36 0 0 3 0 0 0 5 0
准确率:    1.0000 (33/33)
----------------------------------------
⏳ 验证无提升 (验证准确率: 0.9662 ≤ 0.9664)，patience: 18/50

======================================================================
🚀 Epoch 153/200
======================================================================
📚 开始训练阶段...
训练进度: 500/3164 损失=0.0033
训练进度: 1000/3164 损失=0.0248
训练进度: 1500/3164 损失=0.0021
训练进度: 2000/3164 损失=0.0002
训练进度: 2500/3164 损失=0.0040
训练进度: 3000/3164 损失=0.0017
训练进度: 3164/3164 损失=0.0000
✅ 训练完成，耗时: 58.5秒 (1.0分钟)

============================================================
📊 验证决策: Epoch 153/200
   验证间隔: 1
   是否验证: ✅ 是
   原因: 达到验证间隔 (0 == 0)
============================================================

🔍 开始验证...
验证进度: 500/686 损失=1.1771
验证进度: 686/686 损失=0.1381

📊 预测分布分析:
  - 预测的前5个类别: {np.int64(0): 282925, np.int64(1): 37054, np.int64(2): 14727, np.int64(3): 10813, np.int64(4): 8921}
  - 标签的前5个类别: {np.int64(0): 281232, np.int64(1): 36731, np.int64(2): 14789, np.int64(3): 10866, np.int64(4): 8585}
✅ 验证完成，耗时: 4.8秒 (0.1分钟)
训练损失: 0.0019
验证损失: 0.6459
验证准确率: 0.9662 (10593/10964) - 与Levenshtein高度相关
验证F1(加权): 0.9653 - 类别平衡更好
学习率: 0.000014
显存使用: 0.48GB (预留: 0.69GB)

生成的训练样本:
--------------------------------------------------------------------------------
输入:       WMN CLHBJT> DNWR> DXDRTNJ WMVT LCJWL NPCJ
目标:     0 1 0 0 0 0 0 0 0 2 9 0 0 1 0 0 4 0 0 1 0 0 33 90 0 0 0 1 0 18 26 0 1 0 0 0 2 0 0 0 5 0
预测:     0 1 0 0 0 0 0 0 0 2 9 0 0 1 0 0 4 0 0 1 0 0 33 90 0 0 0 1 0 18 26 0 1 0 0 0 2 0 0 0 5 0
准确率:    1.0000 (42/42)
----------------------------------------
输入:       >LH> MN >R<> BRJHJ L>DM WMHPKW NHPKJWHJ
目标:     0 0 0 4 0 0 0 0 0 0 0 4 0 0 0 0 29 0 0 0 1 0 0 2 0 1 28 0 0 7 0 0 28 0 0 48 35 0 0 0
预测:     0 0 0 4 0 0 0 0 0 0 0 4 0 0 0 0 29 0 0 0 1 0 0 2 0 1 28 0 0 7 0 0 28 0 0 48 35 0 0 0
准确率:    1.0000 (40/40)
----------------------------------------
输入:       DMRJ> <L MDBX> DBJT >JL W<L KLHWN
目标:     0 1 0 0 0 2 0 0 0 0 0 0 0 4 0 0 1 0 0 2 0 0 0 2 0 1 0 0 0 0 5 0 0 0
预测:     0 1 0 0 0 2 0 0 0 0 0 0 0 4 0 0 1 0 0 2 0 0 0 2 0 1 0 0 0 0 5 0 0 0
准确率:    1.0000 (34/34)
----------------------------------------

生成的验证样本:
--------------------------------------------------------------------------------
输入:       YBJNH D>LH> LMSV> MN KL DBJC WKLJ
目标:     0 0 0 0 5 0 0 1 0 0 4 0 0 1 6 0 10 7 0 0 0 0 0 2 0 1 0 0 2 0 36 0 0 3
预测:     0 0 0 0 5 0 0 1 0 0 4 0 0 1 6 0 10 7 0 0 0 0 0 2 0 1 0 0 2 0 36 0 0 3
准确率:    1.0000 (34/34)
----------------------------------------
输入:       D>LH> LMSV> MN KL DBJC WKLJ XJLK
目标:     0 1 0 0 4 0 0 1 6 0 10 7 0 0 0 0 0 2 0 1 0 0 2 0 36 0 0 3 0 0 0 5 0
预测:     0 1 0 0 4 0 0 1 6 0 10 7 0 0 0 0 0 2 0 1 0 0 2 0 36 0 0 3 0 0 0 5 0
准确率:    1.0000 (33/33)
----------------------------------------
⏳ 验证无提升 (验证准确率: 0.9662 ≤ 0.9664)，patience: 19/50

======================================================================
🚀 Epoch 154/200
======================================================================
📚 开始训练阶段...
训练进度: 500/3164 损失=0.0002
训练进度: 1000/3164 损失=0.0001
训练进度: 1500/3164 损失=0.0010
训练进度: 2000/3164 损失=0.0001
训练进度: 2500/3164 损失=0.0003
训练进度: 3000/3164 损失=0.0001
训练进度: 3164/3164 损失=0.0001
✅ 训练完成，耗时: 58.2秒 (1.0分钟)

============================================================
📊 验证决策: Epoch 154/200
   验证间隔: 1
   是否验证: ✅ 是
   原因: 达到验证间隔 (0 == 0)
============================================================

🔍 开始验证...
验证进度: 500/686 损失=1.1235
验证进度: 686/686 损失=0.1573

📊 预测分布分析:
  - 预测的前5个类别: {np.int64(0): 282943, np.int64(1): 37039, np.int64(2): 14703, np.int64(3): 10730, np.int64(4): 8852}
  - 标签的前5个类别: {np.int64(0): 281232, np.int64(1): 36731, np.int64(2): 14789, np.int64(3): 10866, np.int64(4): 8585}
✅ 验证完成，耗时: 4.8秒 (0.1分钟)
训练损失: 0.0019
验证损失: 0.6504
验证准确率: 0.9662 (10593/10964) - 与Levenshtein高度相关
验证F1(加权): 0.9653 - 类别平衡更好
学习率: 0.000014
显存使用: 0.47GB (预留: 0.69GB)

生成的训练样本:
--------------------------------------------------------------------------------
输入:       DNBJH D>LH> LMPQ WNPQ WXZ> XJL> DKRJK
目标:     0 1 0 0 5 0 0 1 0 0 4 0 0 1 34 0 7 0 1 0 0 3 0 1 0 10 3 0 0 0 4 0 0 1 0 8 0 40
预测:     0 1 0 0 5 0 0 1 0 0 4 0 0 1 34 0 7 0 1 0 0 3 0 1 0 10 3 0 0 0 4 0 0 1 0 8 0 40
准确率:    1.0000 (38/38)
----------------------------------------
输入:       B>WRCLM WKBCWH WMX>WH BPWM> DXRB> WLQWRJH >WQDW
目标:     0 1 0 0 0 0 0 2 0 1 0 0 3 1 12 0 1 0 10 3 1 12 0 1 0 0 4 0 0 1 0 0 15 0 0 1 1 0 0 100 1 12 0 50 0 0 3 0
预测:     0 1 0 0 0 0 0 2 0 1 0 0 3 1 12 0 1 0 10 3 1 12 0 1 0 0 4 0 0 1 0 0 15 0 0 1 1 0 0 100 1 12 0 50 0 0 3 0
准确率:    1.0000 (48/48)
----------------------------------------
输入:       WMCLMNWTH DNMWS> LBNJKWN MN BTRKWN >JKN> D>P
目标:     0 1 0 0 0 0 0 2 1 0 0 1 0 0 0 4 0 0 1 0 2 1 0 0 0 0 0 0 0 0 0 1 0 0 0 0 0 0 0 8 0 0 1 0 0
预测:     0 1 0 0 0 0 0 2 1 0 0 1 0 0 0 4 0 0 1 0 2 1 0 0 0 0 0 0 0 0 0 1 0 0 0 0 0 0 0 8 0 0 1 0 0
准确率:    1.0000 (45/45)
----------------------------------------

生成的验证样本:
--------------------------------------------------------------------------------
输入:       YBJNH D>LH> LMSV> MN KL DBJC WKLJ
目标:     0 0 0 0 5 0 0 1 0 0 4 0 0 1 6 0 10 7 0 0 0 0 0 2 0 1 0 0 2 0 36 0 0 3
预测:     0 0 0 0 5 0 0 1 0 0 4 0 0 1 6 0 10 7 0 0 0 0 0 2 0 1 0 0 2 0 36 0 0 3
准确率:    1.0000 (34/34)
----------------------------------------
输入:       D>LH> LMSV> MN KL DBJC WKLJ XJLK
目标:     0 1 0 0 4 0 0 1 6 0 10 7 0 0 0 0 0 2 0 1 0 0 2 0 36 0 0 3 0 0 0 5 0
预测:     0 1 0 0 4 0 0 1 6 0 10 7 0 0 0 0 0 2 0 1 0 0 2 0 36 0 0 3 0 0 0 5 0
准确率:    1.0000 (33/33)
----------------------------------------
⏳ 验证无提升 (验证准确率: 0.9662 ≤ 0.9664)，patience: 20/50

======================================================================
🚀 Epoch 155/200
======================================================================
📚 开始训练阶段...
训练进度: 500/3164 损失=0.0027
训练进度: 1000/3164 损失=0.0009
训练进度: 1500/3164 损失=0.0005
训练进度: 2000/3164 损失=0.0000
训练进度: 2500/3164 损失=0.0003
训练进度: 3000/3164 损失=0.0001
训练进度: 3164/3164 损失=0.0003
✅ 训练完成，耗时: 58.2秒 (1.0分钟)

============================================================
📊 验证决策: Epoch 155/200
   验证间隔: 1
   是否验证: ✅ 是
   原因: 达到验证间隔 (0 == 0)
============================================================

🔍 开始验证...
验证进度: 500/686 损失=1.1946
验证进度: 686/686 损失=0.2267

📊 预测分布分析:
  - 预测的前5个类别: {np.int64(0): 282981, np.int64(1): 37035, np.int64(2): 14749, np.int64(3): 10877, np.int64(4): 8922}
  - 标签的前5个类别: {np.int64(0): 281232, np.int64(1): 36731, np.int64(2): 14789, np.int64(3): 10866, np.int64(4): 8585}
✅ 验证完成，耗时: 4.8秒 (0.1分钟)
训练损失: 0.0019
验证损失: 0.6495
验证准确率: 0.9664 (10595/10964) - 与Levenshtein高度相关
验证F1(加权): 0.9654 - 类别平衡更好
学习率: 0.000013
显存使用: 0.47GB (预留: 0.69GB)

生成的训练样本:
--------------------------------------------------------------------------------
输入:       MVL HN> HKN> >MR MRJ> <RS> DSLQT
目标:     0 0 0 0 0 0 0 0 0 0 0 0 0 0 0 0 7 0 0 0 0 2 0 0 0 4 0 0 1 0 0 3 12
预测:     0 0 0 0 0 0 0 0 0 0 0 0 0 0 0 0 7 0 0 0 0 2 0 0 0 4 0 0 1 0 0 3 12
准确率:    1.0000 (33/33)
----------------------------------------
输入:       DPTGMWHJ DJWRB<M WD>TKTC WD>MLK H> KTJBJN BSPR
目标:     0 1 0 0 0 25 1 0 0 0 1 0 0 0 0 0 2 0 1 1 0 14 0 0 16 0 1 1 17 0 0 33 0 0 0 0 0 8 0 7 0 27 0 1 0 0 2
预测:     0 1 0 0 0 25 1 0 0 0 1 0 0 0 0 0 2 0 1 1 0 14 0 0 16 0 1 1 17 0 0 33 0 0 0 0 0 8 0 7 0 27 0 1 0 0 2
准确率:    1.0000 (47/47)
----------------------------------------
输入:       DDMK <MH >P HJ >NTT> WB<RW BJCT>
目标:     0 1 0 0 3 0 0 37 12 0 0 0 0 0 26 0 0 0 13 9 0 0 36 0 0 3 19 0 0 0 2 9 0
预测:     0 1 0 0 3 0 0 37 12 0 0 0 0 0 26 0 0 0 13 9 0 0 36 0 0 3 19 0 0 0 2 9 0
准确率:    1.0000 (33/33)
----------------------------------------

生成的验证样本:
--------------------------------------------------------------------------------
输入:       YBJNH D>LH> LMSV> MN KL DBJC WKLJ
目标:     0 0 0 0 5 0 0 1 0 0 4 0 0 1 6 0 10 7 0 0 0 0 0 2 0 1 0 0 2 0 36 0 0 3
预测:     0 0 0 0 5 0 0 1 0 0 4 0 0 1 6 0 10 7 0 0 0 0 0 2 0 1 0 0 2 0 36 0 0 3
准确率:    1.0000 (34/34)
----------------------------------------
输入:       D>LH> LMSV> MN KL DBJC WKLJ XJLK
目标:     0 1 0 0 4 0 0 1 6 0 10 7 0 0 0 0 0 2 0 1 0 0 2 0 36 0 0 3 0 0 0 5 0
预测:     0 1 0 0 4 0 0 1 6 0 10 7 0 0 0 0 0 2 0 1 0 0 2 0 36 0 0 3 0 0 0 5 0
准确率:    1.0000 (33/33)
----------------------------------------
⏳ 验证无提升 (验证准确率: 0.9664 ≤ 0.9664)，patience: 21/50

======================================================================
🚀 Epoch 156/200
======================================================================
📚 开始训练阶段...
训练进度: 500/3164 损失=0.0000
训练进度: 1000/3164 损失=0.0005
训练进度: 1500/3164 损失=0.0056
训练进度: 2000/3164 损失=0.0006
训练进度: 2500/3164 损失=0.0000
训练进度: 3000/3164 损失=0.0005
训练进度: 3164/3164 损失=0.0002
✅ 训练完成，耗时: 58.0秒 (1.0分钟)

============================================================
📊 验证决策: Epoch 156/200
   验证间隔: 1
   是否验证: ✅ 是
   原因: 达到验证间隔 (0 == 0)
============================================================

🔍 开始验证...
验证进度: 500/686 损失=1.0989
验证进度: 686/686 损失=0.1980

📊 预测分布分析:
  - 预测的前5个类别: {np.int64(0): 282990, np.int64(1): 37063, np.int64(2): 14783, np.int64(3): 10818, np.int64(4): 9012}
  - 标签的前5个类别: {np.int64(0): 281232, np.int64(1): 36731, np.int64(2): 14789, np.int64(3): 10866, np.int64(4): 8585}
✅ 验证完成，耗时: 4.8秒 (0.1分钟)
训练损失: 0.0019
验证损失: 0.6548
验证准确率: 0.9662 (10593/10964) - 与Levenshtein高度相关
验证F1(加权): 0.9652 - 类别平衡更好
学习率: 0.000013
显存使用: 0.47GB (预留: 0.69GB)

生成的训练样本:
--------------------------------------------------------------------------------
输入:       QDM MRJ> LM<TRW LMSKN> MN CLJ BJCTH
目标:     0 0 0 2 0 0 0 0 2 0 1 28 0 0 7 0 0 1 0 0 0 4 0 0 0 0 0 0 0 2 0 0 0 2 1 0
预测:     0 0 0 2 0 0 0 0 2 0 1 28 0 0 7 0 0 1 0 0 0 4 0 0 0 0 0 0 0 2 0 0 0 2 1 0
准确率:    1.0000 (36/36)
----------------------------------------
输入:       >NWN TMN W>NT TSBWL >NWN MN TMN
目标:     0 0 0 0 0 0 0 0 0 0 1 0 0 0 0 6 0 8 0 3 0 0 0 0 0 0 0 0 0 0 0 0
预测:     0 0 0 0 0 0 0 0 0 0 1 0 0 0 0 6 0 8 0 3 0 0 0 0 0 0 0 0 0 0 0 0
准确率:    1.0000 (32/32)
----------------------------------------
输入:       W>TTZJ<T MN QDM MRJ> KD CM<T MDM
目标:     0 1 0 76 17 20 0 3 12 0 0 0 0 0 0 2 0 0 0 0 2 0 0 0 0 0 0 3 12 0 0 0 2
预测:     0 1 0 76 17 20 0 3 12 0 0 0 0 0 0 2 0 0 0 0 2 0 0 0 0 0 0 3 12 0 0 0 2
准确率:    1.0000 (33/33)
----------------------------------------

生成的验证样本:
--------------------------------------------------------------------------------
输入:       YBJNH D>LH> LMSV> MN KL DBJC WKLJ
目标:     0 0 0 0 5 0 0 1 0 0 4 0 0 1 6 0 10 7 0 0 0 0 0 2 0 1 0 0 2 0 36 0 0 3
预测:     0 0 0 0 5 0 0 1 0 0 4 0 0 1 6 0 10 7 0 0 0 0 0 2 0 1 0 0 2 0 36 0 0 3
准确率:    1.0000 (34/34)
----------------------------------------
输入:       D>LH> LMSV> MN KL DBJC WKLJ XJLK
目标:     0 1 0 0 4 0 0 1 6 0 10 7 0 0 0 0 0 2 0 1 0 0 2 0 36 0 0 3 0 0 0 5 0
预测:     0 1 0 0 4 0 0 1 6 0 10 7 0 0 0 0 0 2 0 1 0 0 2 0 36 0 0 3 0 0 0 5 0
准确率:    1.0000 (33/33)
----------------------------------------
⏳ 验证无提升 (验证准确率: 0.9662 ≤ 0.9664)，patience: 22/50

======================================================================
🚀 Epoch 157/200
======================================================================
📚 开始训练阶段...
训练进度: 500/3164 损失=0.0000
训练进度: 1000/3164 损失=0.0001
训练进度: 1500/3164 损失=0.0009
训练进度: 2000/3164 损失=0.0001
训练进度: 2500/3164 损失=0.0001
训练进度: 3000/3164 损失=0.0008
训练进度: 3164/3164 损失=0.0011
✅ 训练完成，耗时: 58.2秒 (1.0分钟)

============================================================
📊 验证决策: Epoch 157/200
   验证间隔: 1
   是否验证: ✅ 是
   原因: 达到验证间隔 (0 == 0)
============================================================

🔍 开始验证...
验证进度: 500/686 损失=1.0604
验证进度: 686/686 损失=0.2967

📊 预测分布分析:
  - 预测的前5个类别: {np.int64(0): 282917, np.int64(1): 37058, np.int64(2): 14726, np.int64(3): 10772, np.int64(4): 8920}
  - 标签的前5个类别: {np.int64(0): 281232, np.int64(1): 36731, np.int64(2): 14789, np.int64(3): 10866, np.int64(4): 8585}
✅ 验证完成，耗时: 4.8秒 (0.1分钟)
训练损失: 0.0016
验证损失: 0.6541
验证准确率: 0.9663 (10594/10964) - 与Levenshtein高度相关
验证F1(加权): 0.9654 - 类别平衡更好
学习率: 0.000012
显存使用: 0.47GB (预留: 0.69GB)

生成的训练样本:
--------------------------------------------------------------------------------
输入:       L> TZRW< KRBK XLV> DL> TTQDC <LLTH
目标:     0 0 0 0 6 0 8 0 33 0 0 0 5 0 0 0 0 15 0 0 1 0 0 0 21 14 0 0 3 0 0 0 13 1 0
预测:     0 0 0 0 6 0 8 0 33 0 0 0 5 0 0 0 0 15 0 0 1 0 0 0 21 14 0 0 3 0 0 0 13 1 0
准确率:    1.0000 (35/35)
----------------------------------------
输入:       BR >XB MLK> D>JSR>JL >MLK >XZJ> BR
目标:     0 0 2 0 0 0 2 0 0 0 4 0 0 1 0 0 0 8 0 0 2 0 17 0 0 33 0 0 0 0 0 2 0 0 2
预测:     0 0 2 0 0 0 2 0 0 0 4 0 0 1 0 0 0 8 0 0 2 0 17 0 0 33 0 0 0 0 0 2 0 0 2
准确率:    1.0000 (35/35)
----------------------------------------
输入:       BJWMJ QVP> L> NGMRWNH QDMJ> LXKMT> W>XRJ>
目标:     0 1 0 0 2 0 0 0 0 4 0 0 0 0 0 6 0 0 3 0 1 12 0 0 0 0 11 0 0 1 0 0 13 9 0 0 1 0 0 0 11 0
预测:     0 1 0 0 2 0 0 0 0 4 0 0 0 0 0 6 0 0 3 0 1 12 0 0 0 0 11 0 0 1 0 0 13 9 0 0 1 0 0 0 11 0
准确率:    1.0000 (42/42)
----------------------------------------

生成的验证样本:
--------------------------------------------------------------------------------
输入:       YBJNH D>LH> LMSV> MN KL DBJC WKLJ
目标:     0 0 0 0 5 0 0 1 0 0 4 0 0 1 6 0 10 7 0 0 0 0 0 2 0 1 0 0 2 0 36 0 0 3
预测:     0 0 0 0 5 0 0 1 0 0 4 0 0 1 6 0 10 7 0 0 0 0 0 2 0 1 0 0 2 0 36 0 0 3
准确率:    1.0000 (34/34)
----------------------------------------
输入:       D>LH> LMSV> MN KL DBJC WKLJ XJLK
目标:     0 1 0 0 4 0 0 1 6 0 10 7 0 0 0 0 0 2 0 1 0 0 2 0 36 0 0 3 0 0 0 5 0
预测:     0 1 0 0 4 0 0 1 6 0 10 7 0 0 0 0 0 2 0 1 0 0 2 0 36 0 0 3 0 0 0 5 0
准确率:    1.0000 (33/33)
----------------------------------------
⏳ 验证无提升 (验证准确率: 0.9663 ≤ 0.9664)，patience: 23/50

======================================================================
🚀 Epoch 158/200
======================================================================
📚 开始训练阶段...
训练进度: 500/3164 损失=0.0000
训练进度: 1000/3164 损失=0.0003
训练进度: 1500/3164 损失=0.0002
训练进度: 2000/3164 损失=0.0005
训练进度: 2500/3164 损失=0.0001
训练进度: 3000/3164 损失=0.0030
训练进度: 3164/3164 损失=0.0004
✅ 训练完成，耗时: 57.9秒 (1.0分钟)

============================================================
📊 验证决策: Epoch 158/200
   验证间隔: 1
   是否验证: ✅ 是
   原因: 达到验证间隔 (0 == 0)
============================================================

🔍 开始验证...
验证进度: 500/686 损失=1.0300
验证进度: 686/686 损失=0.3317

📊 预测分布分析:
  - 预测的前5个类别: {np.int64(0): 282956, np.int64(1): 37056, np.int64(2): 14713, np.int64(3): 10764, np.int64(4): 8874}
  - 标签的前5个类别: {np.int64(0): 281232, np.int64(1): 36731, np.int64(2): 14789, np.int64(3): 10866, np.int64(4): 8585}
✅ 验证完成，耗时: 4.8秒 (0.1分钟)
训练损失: 0.0017
验证损失: 0.6569
验证准确率: 0.9662 (10593/10964) - 与Levenshtein高度相关
验证F1(加权): 0.9653 - 类别平衡更好
学习率: 0.000012
显存使用: 0.48GB (预留: 0.69GB)

生成的训练样本:
--------------------------------------------------------------------------------
输入:       DNCM<WN HLJN KLHWN NMWS> WN>MRWN DXKJM HW
目标:     0 1 6 0 0 3 0 0 0 0 0 0 0 0 0 5 0 0 0 0 0 0 0 11 0 0 1 6 0 0 3 0 0 0 1 0 0 0 2 0 0 0
预测:     0 1 6 0 0 3 0 0 0 0 0 0 0 0 0 5 0 0 0 0 0 0 0 11 0 0 1 6 0 0 3 0 0 0 1 0 0 0 2 0 0 0
准确率:    1.0000 (42/42)
----------------------------------------
输入:       PWMJ NVWR> W<L SPWTJ XTM> D>JQR> DL>
目标:     0 0 0 5 0 0 0 0 0 11 0 0 1 0 0 0 0 57 2 32 0 0 0 0 4 0 0 1 0 0 0 4 0 0 1 0 0
预测:     0 0 0 5 0 0 0 0 0 11 0 0 1 0 0 0 0 57 2 32 0 0 0 0 4 0 0 1 0 0 0 4 0 0 1 0 0
准确率:    1.0000 (37/37)
----------------------------------------
输入:       JD<JN LWQDM DMN> GDCH LYHJWN DSLQ <LJN
目标:     0 0 0 7 0 0 0 0 0 0 0 0 0 1 0 0 0 0 0 0 29 12 0 1 0 0 0 0 2 0 1 0 0 3 0 0 8 1 0
预测:     0 0 0 7 0 0 0 0 0 0 0 0 0 1 0 0 0 0 0 0 29 12 0 1 0 0 0 0 2 0 1 0 0 3 0 0 8 1 0
准确率:    1.0000 (39/39)
----------------------------------------

生成的验证样本:
--------------------------------------------------------------------------------
输入:       YBJNH D>LH> LMSV> MN KL DBJC WKLJ
目标:     0 0 0 0 5 0 0 1 0 0 4 0 0 1 6 0 10 7 0 0 0 0 0 2 0 1 0 0 2 0 36 0 0 3
预测:     0 0 0 0 5 0 0 1 0 0 4 0 0 1 6 0 10 7 0 0 0 0 0 2 0 1 0 0 2 0 36 0 0 3
准确率:    1.0000 (34/34)
----------------------------------------
输入:       D>LH> LMSV> MN KL DBJC WKLJ XJLK
目标:     0 1 0 0 4 0 0 1 6 0 10 7 0 0 0 0 0 2 0 1 0 0 2 0 36 0 0 3 0 0 0 5 0
预测:     0 1 0 0 4 0 0 1 6 0 10 7 0 0 0 0 0 2 0 1 0 0 2 0 36 0 0 3 0 0 0 5 0
准确率:    1.0000 (33/33)
----------------------------------------
⏳ 验证无提升 (验证准确率: 0.9662 ≤ 0.9664)，patience: 24/50

======================================================================
🚀 Epoch 159/200
======================================================================
📚 开始训练阶段...
训练进度: 500/3164 损失=0.0066
训练进度: 1000/3164 损失=0.0001
训练进度: 1500/3164 损失=0.0004
训练进度: 2000/3164 损失=0.0051
训练进度: 2500/3164 损失=0.0012
训练进度: 3000/3164 损失=0.0003
训练进度: 3164/3164 损失=0.0027
✅ 训练完成，耗时: 57.8秒 (1.0分钟)

============================================================
📊 验证决策: Epoch 159/200
   验证间隔: 1
   是否验证: ✅ 是
   原因: 达到验证间隔 (0 == 0)
============================================================

🔍 开始验证...
验证进度: 500/686 损失=1.0253
验证进度: 686/686 损失=0.3176

📊 预测分布分析:
  - 预测的前5个类别: {np.int64(0): 282945, np.int64(1): 37080, np.int64(2): 14724, np.int64(3): 10776, np.int64(4): 8807}
  - 标签的前5个类别: {np.int64(0): 281232, np.int64(1): 36731, np.int64(2): 14789, np.int64(3): 10866, np.int64(4): 8585}
✅ 验证完成，耗时: 4.7秒 (0.1分钟)
训练损失: 0.0016
验证损失: 0.6606
验证准确率: 0.9664 (10595/10964) - 与Levenshtein高度相关
验证F1(加权): 0.9655 - 类别平衡更好
学习率: 0.000011
显存使用: 0.48GB (预留: 0.69GB)

生成的训练样本:
--------------------------------------------------------------------------------
输入:       TGLTPLSR MLK> D>TWR WDBR L<JWN WL>BL MXWL>
目标:     0 0 0 0 0 0 0 0 2 0 0 0 4 0 0 1 0 0 0 2 0 1 0 0 3 0 1 0 0 0 2 0 1 1 0 0 2 0 0 0 0 0 2
预测:     0 0 0 0 0 0 0 0 2 0 0 0 4 0 0 1 0 0 0 2 0 1 0 0 3 0 1 0 0 0 2 0 1 1 0 0 2 0 0 0 0 0 2
准确率:    1.0000 (43/43)
----------------------------------------
输入:       KLB> WL> LPRTWJ> DL> NSBWN NC> SGJ>T>
目标:     0 0 0 11 0 0 1 0 0 0 1 0 0 0 0 11 0 0 1 0 0 0 34 0 3 0 0 0 0 11 0 0 0 0 0 2 23 0
预测:     0 0 0 11 0 0 1 0 0 0 1 0 0 0 0 11 0 0 1 0 0 0 34 0 3 0 0 0 0 11 0 0 0 0 0 2 23 0
准确率:    1.0000 (38/38)
----------------------------------------
输入:       MNW >TTKL WMNW HW> LH SMWK> <JNWHJ
目标:     0 0 71 0 0 0 14 0 0 3 0 1 0 71 0 0 0 10 3 0 1 0 0 0 0 0 13 0 0 0 0 25 1 0 0
预测:     0 0 71 0 0 0 14 0 0 3 0 1 0 71 0 0 0 10 3 0 1 0 0 0 0 0 13 0 0 0 0 25 1 0 0
准确率:    1.0000 (35/35)
----------------------------------------

生成的验证样本:
--------------------------------------------------------------------------------
输入:       YBJNH D>LH> LMSV> MN KL DBJC WKLJ
目标:     0 0 0 0 5 0 0 1 0 0 4 0 0 1 6 0 10 7 0 0 0 0 0 2 0 1 0 0 2 0 36 0 0 3
预测:     0 0 0 0 5 0 0 1 0 0 4 0 0 1 6 0 10 7 0 0 0 0 0 2 0 1 0 0 2 0 36 0 0 3
准确率:    1.0000 (34/34)
----------------------------------------
输入:       D>LH> LMSV> MN KL DBJC WKLJ XJLK
目标:     0 1 0 0 4 0 0 1 6 0 10 7 0 0 0 0 0 2 0 1 0 0 2 0 36 0 0 3 0 0 0 5 0
预测:     0 1 0 0 4 0 0 1 6 0 10 7 0 0 0 0 0 2 0 1 0 0 2 0 36 0 0 3 0 0 0 5 0
准确率:    1.0000 (33/33)
----------------------------------------
⏳ 验证无提升 (验证准确率: 0.9664 ≤ 0.9664)，patience: 25/50

======================================================================
🚀 Epoch 160/200
======================================================================
📚 开始训练阶段...
训练进度: 500/3164 损失=0.0000
训练进度: 1000/3164 损失=0.0028
训练进度: 1500/3164 损失=0.0001
训练进度: 2000/3164 损失=0.0001
训练进度: 2500/3164 损失=0.0057
训练进度: 3000/3164 损失=0.0002
训练进度: 3164/3164 损失=0.0002
✅ 训练完成，耗时: 57.9秒 (1.0分钟)

============================================================
📊 验证决策: Epoch 160/200
   验证间隔: 1
   是否验证: ✅ 是
   原因: 达到验证间隔 (0 == 0)
============================================================

🔍 开始验证...
验证进度: 500/686 损失=1.0448
验证进度: 686/686 损失=0.3401

📊 预测分布分析:
  - 预测的前5个类别: {np.int64(0): 283083, np.int64(1): 37082, np.int64(2): 14717, np.int64(3): 10740, np.int64(4): 8891}
  - 标签的前5个类别: {np.int64(0): 281232, np.int64(1): 36731, np.int64(2): 14789, np.int64(3): 10866, np.int64(4): 8585}
✅ 验证完成，耗时: 4.8秒 (0.1分钟)
训练损失: 0.0015
验证损失: 0.6672
验证准确率: 0.9663 (10594/10964) - 与Levenshtein高度相关
验证F1(加权): 0.9654 - 类别平衡更好
学习率: 0.000011
显存使用: 0.48GB (预留: 0.69GB)

生成的训练样本:
--------------------------------------------------------------------------------
输入:       MVL DNXD> B>XRJTH DRD> BRH NXD> BH
目标:     0 0 0 0 0 1 6 0 10 3 0 1 0 0 0 2 1 0 0 1 0 10 7 0 0 5 0 0 6 0 10 3 0 1 0
预测:     0 0 0 0 0 1 6 0 10 3 0 1 0 0 0 2 1 0 0 1 0 10 7 0 0 5 0 0 6 0 10 3 0 1 0
准确率:    1.0000 (35/35)
----------------------------------------
输入:       KLHWN PTGMWHJ DNMWS> HN> WPWQDN> HLJN WN<BD
目标:     0 0 5 0 0 0 0 0 0 0 25 1 0 0 0 1 0 0 0 4 0 0 0 0 0 0 1 0 0 0 0 11 0 0 0 0 0 0 0 1 6 0 0 3
预测:     0 0 5 0 0 0 0 0 0 0 25 1 0 0 0 1 0 0 0 4 0 0 0 0 0 0 1 0 0 0 0 11 0 0 0 0 0 0 0 1 6 0 0 3
准确率:    1.0000 (44/44)
----------------------------------------
输入:       >P L>XJN DJN HKN> KTBT LBBL D>P
目标:     0 0 0 0 1 0 2 1 0 0 0 0 0 0 0 0 0 0 0 0 0 3 0 0 1 0 0 2 0 1 0 0
预测:     0 0 0 0 1 0 2 1 0 0 0 0 0 0 0 0 0 0 0 0 0 3 0 0 1 0 0 2 0 1 0 0
准确率:    1.0000 (32/32)
----------------------------------------

生成的验证样本:
--------------------------------------------------------------------------------
输入:       YBJNH D>LH> LMSV> MN KL DBJC WKLJ
目标:     0 0 0 0 5 0 0 1 0 0 4 0 0 1 6 0 10 7 0 0 0 0 0 2 0 1 0 0 2 0 36 0 0 3
预测:     0 0 0 0 5 0 0 1 0 0 4 0 0 1 6 0 10 7 0 0 0 0 0 2 0 1 0 0 2 0 36 0 0 3
准确率:    1.0000 (34/34)
----------------------------------------
输入:       D>LH> LMSV> MN KL DBJC WKLJ XJLK
目标:     0 1 0 0 4 0 0 1 6 0 10 7 0 0 0 0 0 2 0 1 0 0 2 0 36 0 0 3 0 0 0 5 0
预测:     0 1 0 0 4 0 0 1 6 0 10 7 0 0 0 0 0 2 0 1 0 0 2 0 1 0 0 3 0 0 0 5 0
准确率:    0.9697 (32/33)
----------------------------------------
⏳ 验证无提升 (验证准确率: 0.9663 ≤ 0.9664)，patience: 26/50

======================================================================
🚀 Epoch 161/200
======================================================================
📚 开始训练阶段...
训练进度: 500/3164 损失=0.0003
训练进度: 1000/3164 损失=0.0021
训练进度: 1500/3164 损失=0.0004
训练进度: 2000/3164 损失=0.0000
训练进度: 2500/3164 损失=0.0001
训练进度: 3000/3164 损失=0.0116
训练进度: 3164/3164 损失=0.0011
✅ 训练完成，耗时: 57.9秒 (1.0分钟)

============================================================
📊 验证决策: Epoch 161/200
   验证间隔: 1
   是否验证: ✅ 是
   原因: 达到验证间隔 (0 == 0)
============================================================

🔍 开始验证...
验证进度: 500/686 损失=1.0271
验证进度: 686/686 损失=0.4555

📊 预测分布分析:
  - 预测的前5个类别: {np.int64(0): 283003, np.int64(1): 37049, np.int64(2): 14759, np.int64(3): 10799, np.int64(4): 8974}
  - 标签的前5个类别: {np.int64(0): 281232, np.int64(1): 36731, np.int64(2): 14789, np.int64(3): 10866, np.int64(4): 8585}
✅ 验证完成，耗时: 4.8秒 (0.1分钟)
训练损失: 0.0015
验证损失: 0.6654
验证准确率: 0.9663 (10595/10964) - 与Levenshtein高度相关
验证F1(加权): 0.9654 - 类别平衡更好
学习率: 0.000010
显存使用: 0.47GB (预留: 0.69GB)

生成的训练样本:
--------------------------------------------------------------------------------
输入:       MDBXJN HWW WSJMJN BSM> <L <LWT> WMXJHJ
目标:     0 6 0 0 7 0 19 0 0 18 0 0 1 20 0 7 0 0 0 0 0 11 0 0 0 0 0 0 57 2 23 0 0 1 0 94 0 0 0
预测:     0 6 0 0 7 0 19 0 0 18 0 0 1 20 0 7 0 0 0 0 0 11 0 0 0 0 0 0 57 2 23 0 0 1 0 94 0 0 0
准确率:    1.0000 (39/39)
----------------------------------------
输入:       WMVL DPRD> >NJN >JK D>MR BRDJYN DPWRCN>
目标:     0 1 0 0 0 0 1 0 0 61 0 0 0 0 0 0 0 0 0 0 0 1 0 0 7 0 0 0 0 0 0 2 0 1 0 0 0 0 4 0
预测:     0 1 0 0 0 0 1 0 0 61 0 0 0 0 0 0 0 0 0 0 0 1 0 0 7 0 0 0 0 0 0 2 0 1 0 0 0 0 4 0
准确率:    1.0000 (40/40)
----------------------------------------
输入:       TXWJT> D<LJHWN >L> MNHWN W<LJHWN NSB DJN
目标:     0 0 0 0 2 9 0 0 1 0 8 1 0 0 0 0 0 0 0 0 0 1 0 0 0 0 1 0 8 1 0 0 0 0 119 0 3 0 0 0 0
预测:     0 0 0 0 2 9 0 0 1 0 8 1 0 0 0 0 0 0 0 0 0 1 0 0 0 0 1 0 8 1 0 0 0 0 119 0 3 0 0 0 0
准确率:    1.0000 (41/41)
----------------------------------------

生成的验证样本:
--------------------------------------------------------------------------------
输入:       YBJNH D>LH> LMSV> MN KL DBJC WKLJ
目标:     0 0 0 0 5 0 0 1 0 0 4 0 0 1 6 0 10 7 0 0 0 0 0 2 0 1 0 0 2 0 36 0 0 3
预测:     0 0 0 0 5 0 0 1 0 0 4 0 0 1 6 0 10 7 0 0 0 0 0 2 0 1 0 0 2 0 36 0 0 3
准确率:    1.0000 (34/34)
----------------------------------------
输入:       D>LH> LMSV> MN KL DBJC WKLJ XJLK
目标:     0 1 0 0 4 0 0 1 6 0 10 7 0 0 0 0 0 2 0 1 0 0 2 0 36 0 0 3 0 0 0 5 0
预测:     0 1 0 0 4 0 0 1 6 0 10 7 0 0 0 0 0 2 0 1 0 0 2 0 36 0 0 3 0 0 0 5 0
准确率:    1.0000 (33/33)
----------------------------------------
⏳ 验证无提升 (验证准确率: 0.9663 ≤ 0.9664)，patience: 27/50

======================================================================
🚀 Epoch 162/200
======================================================================
📚 开始训练阶段...
训练进度: 500/3164 损失=0.0019
训练进度: 1000/3164 损失=0.0045
训练进度: 1500/3164 损失=0.0016
训练进度: 2000/3164 损失=0.0001
训练进度: 2500/3164 损失=0.0009
训练进度: 3000/3164 损失=0.0024
训练进度: 3164/3164 损失=0.0006
✅ 训练完成，耗时: 57.9秒 (1.0分钟)

============================================================
📊 验证决策: Epoch 162/200
   验证间隔: 1
   是否验证: ✅ 是
   原因: 达到验证间隔 (0 == 0)
============================================================

🔍 开始验证...
验证进度: 500/686 损失=1.1254
验证进度: 686/686 损失=0.2718

📊 预测分布分析:
  - 预测的前5个类别: {np.int64(0): 283118, np.int64(1): 37095, np.int64(2): 14726, np.int64(3): 10794, np.int64(4): 8977}
  - 标签的前5个类别: {np.int64(0): 281232, np.int64(1): 36731, np.int64(2): 14789, np.int64(3): 10866, np.int64(4): 8585}
✅ 验证完成，耗时: 4.8秒 (0.1分钟)
训练损失: 0.0015
验证损失: 0.6642
验证准确率: 0.9665 (10596/10964) - 与Levenshtein高度相关
验证F1(加权): 0.9655 - 类别平衡更好
学习率: 0.000010
显存使用: 0.47GB (预留: 0.69GB)

生成的训练样本:
--------------------------------------------------------------------------------
输入:       W>CTJW WBTW TMN WBJWM> D>RB<> QDM BYPR>
目标:     0 35 0 0 0 3 0 0 1 31 3 0 0 0 0 0 0 1 1 0 0 4 0 0 1 0 0 0 2 0 0 0 0 77 0 1 0 0 4 0
预测:     0 35 0 0 0 3 0 0 1 31 3 0 0 0 0 0 0 1 1 0 0 4 0 0 1 0 0 0 2 0 0 0 0 77 0 1 0 0 4 0
准确率:    1.0000 (40/40)
----------------------------------------
输入:       KWLH >R<> JBC> JD< >N> DPRQ >NT
目标:     0 8 0 5 12 0 0 0 4 0 0 0 0 15 0 0 0 0 7 0 0 0 0 0 1 0 0 7 0 0 0 0
预测:     0 8 0 5 12 0 0 0 4 0 0 0 0 15 0 0 0 0 7 0 0 0 0 0 1 0 0 7 0 0 0 0
准确率:    1.0000 (32/32)
----------------------------------------
输入:       XLP <MH W>ZL MLK> D>JSRJL LBJTH KD
目标:     0 0 0 2 0 0 37 0 0 1 0 0 3 0 0 0 4 0 0 1 0 0 0 0 0 2 0 1 0 0 5 0 0 0 0
预测:     0 0 0 2 0 0 37 0 0 1 0 0 3 0 0 0 4 0 0 1 0 0 0 0 0 2 0 1 0 0 5 0 0 0 0
准确率:    1.0000 (35/35)
----------------------------------------

生成的验证样本:
--------------------------------------------------------------------------------
输入:       YBJNH D>LH> LMSV> MN KL DBJC WKLJ
目标:     0 0 0 0 5 0 0 1 0 0 4 0 0 1 6 0 10 7 0 0 0 0 0 2 0 1 0 0 2 0 36 0 0 3
预测:     0 0 0 0 5 0 0 1 0 0 4 0 0 1 6 0 10 7 0 0 0 0 0 2 0 1 0 0 2 0 36 0 0 3
准确率:    1.0000 (34/34)
----------------------------------------
输入:       D>LH> LMSV> MN KL DBJC WKLJ XJLK
目标:     0 1 0 0 4 0 0 1 6 0 10 7 0 0 0 0 0 2 0 1 0 0 2 0 36 0 0 3 0 0 0 5 0
预测:     0 1 0 0 4 0 0 1 6 0 10 7 0 0 0 0 0 2 0 1 0 0 2 0 36 0 0 3 0 0 0 5 0
准确率:    1.0000 (33/33)
----------------------------------------
💾 保存新的最佳模型！验证准确率: 0.9665 (F1: 0.9655) (Epoch 162)

======================================================================
🚀 Epoch 163/200
======================================================================
📚 开始训练阶段...
训练进度: 500/3164 损失=0.0005
训练进度: 1000/3164 损失=0.0004
训练进度: 1500/3164 损失=0.0029
训练进度: 2000/3164 损失=0.0000
训练进度: 2500/3164 损失=0.0003
训练进度: 3000/3164 损失=0.0001
训练进度: 3164/3164 损失=0.0006
✅ 训练完成，耗时: 57.9秒 (1.0分钟)

============================================================
📊 验证决策: Epoch 163/200
   验证间隔: 1
   是否验证: ✅ 是
   原因: 达到验证间隔 (0 == 0)
============================================================

🔍 开始验证...
验证进度: 500/686 损失=1.0947
验证进度: 686/686 损失=0.2533

📊 预测分布分析:
  - 预测的前5个类别: {np.int64(0): 283150, np.int64(1): 37063, np.int64(2): 14716, np.int64(3): 10785, np.int64(4): 8857}
  - 标签的前5个类别: {np.int64(0): 281232, np.int64(1): 36731, np.int64(2): 14789, np.int64(3): 10866, np.int64(4): 8585}
✅ 验证完成，耗时: 4.8秒 (0.1分钟)
训练损失: 0.0014
验证损失: 0.6696
验证准确率: 0.9663 (10594/10964) - 与Levenshtein高度相关
验证F1(加权): 0.9653 - 类别平衡更好
学习率: 0.000009
显存使用: 0.48GB (预留: 0.69GB)

生成的训练样本:
--------------------------------------------------------------------------------
输入:       BR JHW>XZ WNSB QWRJ> MN BRHDD BR
目标:     0 0 2 0 0 0 0 0 0 2 0 1 0 0 3 0 0 0 0 13 0 0 0 0 0 0 0 0 0 2 0 0 2
预测:     0 0 2 0 0 0 0 0 0 2 0 1 0 0 3 0 0 0 0 13 0 0 0 0 0 0 0 0 0 2 0 0 2
准确率:    1.0000 (33/33)
----------------------------------------
输入:       LMY<RW LMSKN> ZDJQ> >P L> LMJQRW L<TJR>
目标:     0 1 6 0 0 7 19 0 1 0 0 0 4 0 0 0 0 0 4 0 0 0 0 0 0 0 0 1 6 0 0 7 19 0 1 0 8 0 43 27
预测:     0 1 6 0 0 7 19 0 1 0 0 0 4 0 0 0 0 0 4 0 0 0 0 0 0 0 0 1 6 0 0 7 19 0 1 0 8 0 43 27
准确率:    1.0000 (40/40)
----------------------------------------
输入:       L>BHJKWN W>JK DCLXT LHWN B>JD> D<BDJ NBJ>
目标:     0 1 0 8 2 1 0 0 0 0 1 0 0 0 0 1 0 0 3 0 0 1 0 0 0 0 35 0 0 4 0 0 1 0 0 22 46 0 0 0 11 0
预测:     0 1 0 8 2 1 0 0 0 0 1 0 0 0 0 1 0 0 3 0 0 1 0 0 0 0 35 0 0 4 0 0 1 0 0 22 46 0 0 0 11 0
准确率:    1.0000 (42/42)
----------------------------------------

生成的验证样本:
--------------------------------------------------------------------------------
输入:       YBJNH D>LH> LMSV> MN KL DBJC WKLJ
目标:     0 0 0 0 5 0 0 1 0 0 4 0 0 1 6 0 10 7 0 0 0 0 0 2 0 1 0 0 2 0 36 0 0 3
预测:     0 0 0 0 5 0 0 1 0 0 4 0 0 1 6 0 10 7 0 0 0 0 0 2 0 1 0 0 2 0 36 0 0 3
准确率:    1.0000 (34/34)
----------------------------------------
输入:       D>LH> LMSV> MN KL DBJC WKLJ XJLK
目标:     0 1 0 0 4 0 0 1 6 0 10 7 0 0 0 0 0 2 0 1 0 0 2 0 36 0 0 3 0 0 0 5 0
预测:     0 1 0 0 4 0 0 1 6 0 10 7 0 0 0 0 0 2 0 1 0 0 2 0 36 0 0 3 0 0 0 5 0
准确率:    1.0000 (33/33)
----------------------------------------
⏳ 验证无提升 (验证准确率: 0.9663 ≤ 0.9665)，patience: 1/50

======================================================================
🚀 Epoch 164/200
======================================================================
📚 开始训练阶段...
训练进度: 500/3164 损失=0.0002
训练进度: 1000/3164 损失=0.0000
训练进度: 1500/3164 损失=0.0003
训练进度: 2000/3164 损失=0.0000
训练进度: 2500/3164 损失=0.0002
训练进度: 3000/3164 损失=0.0089
训练进度: 3164/3164 损失=0.0005
✅ 训练完成，耗时: 57.9秒 (1.0分钟)

============================================================
📊 验证决策: Epoch 164/200
   验证间隔: 1
   是否验证: ✅ 是
   原因: 达到验证间隔 (0 == 0)
============================================================

🔍 开始验证...
验证进度: 500/686 损失=1.0279
验证进度: 686/686 损失=0.2710

📊 预测分布分析:
  - 预测的前5个类别: {np.int64(0): 283048, np.int64(1): 37058, np.int64(2): 14705, np.int64(3): 10762, np.int64(4): 8677}
  - 标签的前5个类别: {np.int64(0): 281232, np.int64(1): 36731, np.int64(2): 14789, np.int64(3): 10866, np.int64(4): 8585}
✅ 验证完成，耗时: 4.8秒 (0.1分钟)
训练损失: 0.0015
验证损失: 0.6675
验证准确率: 0.9665 (10596/10964) - 与Levenshtein高度相关
验证F1(加权): 0.9656 - 类别平衡更好
学习率: 0.000009
显存使用: 0.47GB (预留: 0.69GB)

生成的训练样本:
--------------------------------------------------------------------------------
输入:       BBJTH DMRJ> L> LQN> DKSP> WL> CXL>
目标:     0 1 0 0 5 0 0 1 0 0 0 2 0 0 0 0 0 0 61 0 0 1 0 0 4 0 0 1 0 0 0 0 0 11 0
预测:     0 1 0 0 5 0 0 1 0 0 0 2 0 0 0 0 0 0 61 0 0 1 0 0 4 0 0 1 0 0 0 0 0 11 0
准确率:    1.0000 (35/35)
----------------------------------------
输入:       <L >R<> WSGDW WL> >WSP TWB ML>KH
目标:     0 0 0 0 0 0 4 0 0 1 0 0 3 0 0 1 0 0 0 50 0 0 3 0 0 0 0 0 0 0 0 5 0
预测:     0 0 0 0 0 0 4 0 0 1 0 0 3 0 0 1 0 0 0 50 0 0 3 0 0 0 0 0 0 0 0 5 0
准确率:    1.0000 (33/33)
----------------------------------------
输入:       DMSKN> WL> TVRP LMSKN> XCJK> NPC> DXSJR
目标:     0 1 0 0 0 4 0 0 1 0 0 0 6 0 0 16 0 1 0 0 0 4 0 0 0 8 0 110 27 0 0 0 4 0 0 1 0 8 0 40
预测:     0 1 0 0 0 4 0 0 1 0 0 0 6 0 0 16 0 1 0 0 0 4 0 0 0 8 0 110 27 0 0 0 4 0 0 1 0 8 0 40
准确率:    1.0000 (40/40)
----------------------------------------

生成的验证样本:
--------------------------------------------------------------------------------
输入:       YBJNH D>LH> LMSV> MN KL DBJC WKLJ
目标:     0 0 0 0 5 0 0 1 0 0 4 0 0 1 6 0 10 7 0 0 0 0 0 2 0 1 0 0 2 0 36 0 0 3
预测:     0 0 0 0 5 0 0 1 0 0 4 0 0 1 6 0 10 7 0 0 0 0 0 2 0 1 0 0 2 0 36 0 0 3
准确率:    1.0000 (34/34)
----------------------------------------
输入:       D>LH> LMSV> MN KL DBJC WKLJ XJLK
目标:     0 1 0 0 4 0 0 1 6 0 10 7 0 0 0 0 0 2 0 1 0 0 2 0 36 0 0 3 0 0 0 5 0
预测:     0 1 0 0 4 0 0 1 6 0 10 7 0 0 0 0 0 2 0 1 0 0 2 0 36 0 0 3 0 0 0 5 0
准确率:    1.0000 (33/33)
----------------------------------------
⏳ 验证无提升 (验证准确率: 0.9665 ≤ 0.9665)，patience: 2/50

======================================================================
🚀 Epoch 165/200
======================================================================
📚 开始训练阶段...
训练进度: 500/3164 损失=0.0000
训练进度: 1000/3164 损失=0.0001
训练进度: 1500/3164 损失=0.0000
训练进度: 2000/3164 损失=0.0001
训练进度: 2500/3164 损失=0.0005
训练进度: 3000/3164 损失=0.0009
训练进度: 3164/3164 损失=0.0002
✅ 训练完成，耗时: 57.9秒 (1.0分钟)

============================================================
📊 验证决策: Epoch 165/200
   验证间隔: 1
   是否验证: ✅ 是
   原因: 达到验证间隔 (0 == 0)
============================================================

🔍 开始验证...
验证进度: 500/686 损失=1.1598
验证进度: 686/686 损失=0.3782

📊 预测分布分析:
  - 预测的前5个类别: {np.int64(0): 283113, np.int64(1): 37068, np.int64(2): 14727, np.int64(3): 10856, np.int64(4): 8868}
  - 标签的前5个类别: {np.int64(0): 281232, np.int64(1): 36731, np.int64(2): 14789, np.int64(3): 10866, np.int64(4): 8585}
✅ 验证完成，耗时: 4.8秒 (0.1分钟)
训练损失: 0.0014
验证损失: 0.6750
验证准确率: 0.9664 (10595/10964) - 与Levenshtein高度相关
验证F1(加权): 0.9655 - 类别平衡更好
学习率: 0.000008
显存使用: 0.48GB (预留: 0.69GB)

生成的训练样本:
--------------------------------------------------------------------------------
输入:       LCLJMWN CB<JN >LPJN QWPJ> WTMN>JN >LPJN DPSLJN
目标:     0 1 0 0 0 0 0 2 0 0 0 0 0 2 0 0 0 2 0 0 0 0 0 24 9 0 0 1 0 0 0 0 0 2 0 0 0 2 0 0 0 1 0 0 7 0 0
预测:     0 1 0 0 0 0 0 2 0 0 0 0 0 2 0 0 0 2 0 0 0 0 0 24 9 0 0 1 0 0 0 0 0 2 0 0 0 2 0 0 0 1 0 0 7 0 0
准确率:    1.0000 (47/47)
----------------------------------------
输入:       XD MBRK W>XRN> MLJV BQL> DMN MN
目标:     0 0 2 0 6 0 0 41 0 1 0 0 38 4 0 0 6 20 0 41 0 1 0 4 0 0 1 0 12 0 0 0
预测:     0 0 2 0 6 0 0 41 0 1 0 0 38 4 0 0 6 20 0 41 0 1 0 4 0 0 1 0 12 0 0 0
准确率:    1.0000 (32/32)
----------------------------------------
输入:       CLJMWN L>BJTR DL> NHW> KHN> LMRJ> DNCTML>
目标:     0 0 0 0 0 0 2 0 1 0 0 0 0 2 0 1 0 0 0 6 0 10 3 0 0 0 4 0 0 1 0 0 0 2 0 1 45 39 17 0 10 3
预测:     0 0 0 0 0 0 2 0 1 0 0 0 0 2 0 1 0 0 0 6 0 10 3 0 0 0 4 0 0 1 0 0 0 2 0 1 45 39 17 0 10 3
准确率:    1.0000 (42/42)
----------------------------------------

生成的验证样本:
--------------------------------------------------------------------------------
输入:       YBJNH D>LH> LMSV> MN KL DBJC WKLJ
目标:     0 0 0 0 5 0 0 1 0 0 4 0 0 1 6 0 10 7 0 0 0 0 0 2 0 1 0 0 2 0 36 0 0 3
预测:     0 0 0 0 5 0 0 1 0 0 4 0 0 1 6 0 10 7 0 0 0 0 0 2 0 1 0 0 2 0 36 0 0 3
准确率:    1.0000 (34/34)
----------------------------------------
输入:       D>LH> LMSV> MN KL DBJC WKLJ XJLK
目标:     0 1 0 0 4 0 0 1 6 0 10 7 0 0 0 0 0 2 0 1 0 0 2 0 36 0 0 3 0 0 0 5 0
预测:     0 1 0 0 4 0 0 1 6 0 10 7 0 0 0 0 0 2 0 1 0 0 2 0 36 0 0 3 0 0 0 5 0
准确率:    1.0000 (33/33)
----------------------------------------
⏳ 验证无提升 (验证准确率: 0.9664 ≤ 0.9665)，patience: 3/50

======================================================================
🚀 Epoch 166/200
======================================================================
📚 开始训练阶段...
训练进度: 500/3164 损失=0.0002
训练进度: 1000/3164 损失=0.0023
训练进度: 1500/3164 损失=0.0000
训练进度: 2000/3164 损失=0.0000
训练进度: 2500/3164 损失=0.0073
训练进度: 3000/3164 损失=0.0007
训练进度: 3164/3164 损失=0.0001
✅ 训练完成，耗时: 57.9秒 (1.0分钟)

============================================================
📊 验证决策: Epoch 166/200
   验证间隔: 1
   是否验证: ✅ 是
   原因: 达到验证间隔 (0 == 0)
============================================================

🔍 开始验证...
验证进度: 500/686 损失=1.1780
验证进度: 686/686 损失=0.4399

📊 预测分布分析:
  - 预测的前5个类别: {np.int64(0): 283092, np.int64(1): 37111, np.int64(2): 14749, np.int64(3): 10720, np.int64(4): 8871}
  - 标签的前5个类别: {np.int64(0): 281232, np.int64(1): 36731, np.int64(2): 14789, np.int64(3): 10866, np.int64(4): 8585}
✅ 验证完成，耗时: 4.8秒 (0.1分钟)
训练损失: 0.0013
验证损失: 0.6776
验证准确率: 0.9664 (10595/10964) - 与Levenshtein高度相关
验证F1(加权): 0.9654 - 类别平衡更好
学习率: 0.000008
显存使用: 0.48GB (预留: 0.69GB)

生成的训练样本:
--------------------------------------------------------------------------------
输入:       DJWTM BR NDWB<JL WQM MN BTR >BJMLK
目标:     0 1 0 0 0 2 0 0 2 0 0 0 0 0 0 0 2 0 1 31 3 0 0 0 0 0 0 0 0 0 0 0 0 0 2
预测:     0 1 0 0 0 2 0 0 2 0 0 0 0 0 0 0 2 0 1 31 3 0 0 0 0 0 0 0 0 0 0 0 0 0 2
准确率:    1.0000 (35/35)
----------------------------------------
输入:       WLK> CMJ> >TKBNW <NN> WRWX> WHW> MVR>
目标:     0 1 1 0 0 0 0 24 9 0 0 0 14 0 0 3 0 0 0 0 11 0 0 1 0 0 4 0 0 1 0 10 3 0 0 0 4 0
预测:     0 1 1 0 0 0 0 24 9 0 0 0 14 0 0 3 0 0 0 0 11 0 0 1 0 0 4 0 0 1 0 10 3 0 0 0 4 0
准确率:    1.0000 (38/38)
----------------------------------------
输入:       WHN> LMN> MVWL DKLHWN BWLJT> <BJDJN WLJT
目标:     0 1 0 0 0 0 1 0 0 0 0 0 8 0 0 0 1 0 5 0 0 0 0 1 0 0 7 9 0 0 0 8 0 7 0 27 0 1 58 0 24
预测:     0 1 0 0 0 0 1 0 0 0 0 0 8 0 0 0 1 0 5 0 0 0 0 1 0 0 7 9 0 0 0 8 0 7 0 27 0 1 58 0 24
准确率:    1.0000 (41/41)
----------------------------------------

生成的验证样本:
--------------------------------------------------------------------------------
输入:       YBJNH D>LH> LMSV> MN KL DBJC WKLJ
目标:     0 0 0 0 5 0 0 1 0 0 4 0 0 1 6 0 10 7 0 0 0 0 0 2 0 1 0 0 2 0 36 0 0 3
预测:     0 0 0 0 5 0 0 1 0 0 4 0 0 1 6 0 10 7 0 0 0 0 0 2 0 1 0 0 2 0 36 0 0 3
准确率:    1.0000 (34/34)
----------------------------------------
输入:       D>LH> LMSV> MN KL DBJC WKLJ XJLK
目标:     0 1 0 0 4 0 0 1 6 0 10 7 0 0 0 0 0 2 0 1 0 0 2 0 36 0 0 3 0 0 0 5 0
预测:     0 1 0 0 4 0 0 1 6 0 10 7 0 0 0 0 0 2 0 1 0 0 2 0 36 0 0 3 0 0 0 5 0
准确率:    1.0000 (33/33)
----------------------------------------
⏳ 验证无提升 (验证准确率: 0.9664 ≤ 0.9665)，patience: 4/50

======================================================================
🚀 Epoch 167/200
======================================================================
📚 开始训练阶段...
训练进度: 500/3164 损失=0.0009
训练进度: 1000/3164 损失=0.0003
训练进度: 1500/3164 损失=0.0001
训练进度: 2000/3164 损失=0.0001
训练进度: 2500/3164 损失=0.0002
训练进度: 3000/3164 损失=0.0000
训练进度: 3164/3164 损失=0.0000
✅ 训练完成，耗时: 57.9秒 (1.0分钟)

============================================================
📊 验证决策: Epoch 167/200
   验证间隔: 1
   是否验证: ✅ 是
   原因: 达到验证间隔 (0 == 0)
============================================================

🔍 开始验证...
验证进度: 500/686 损失=1.1616
验证进度: 686/686 损失=0.4928

📊 预测分布分析:
  - 预测的前5个类别: {np.int64(0): 283099, np.int64(1): 37071, np.int64(2): 14691, np.int64(3): 10804, np.int64(4): 8785}
  - 标签的前5个类别: {np.int64(0): 281232, np.int64(1): 36731, np.int64(2): 14789, np.int64(3): 10866, np.int64(4): 8585}
✅ 验证完成，耗时: 4.8秒 (0.1分钟)
训练损失: 0.0013
验证损失: 0.6748
验证准确率: 0.9665 (10596/10964) - 与Levenshtein高度相关
验证F1(加权): 0.9655 - 类别平衡更好
学习率: 0.000008
显存使用: 0.48GB (预留: 0.69GB)

生成的训练样本:
--------------------------------------------------------------------------------
输入:       PTXT PWMJ LWT >LH> WL> MCKX >N>
目标:     0 0 0 3 0 0 0 0 5 0 0 0 0 0 0 0 0 4 0 0 1 0 0 0 28 0 0 7 0 0 0 0
预测:     0 0 0 3 0 0 0 0 5 0 0 0 0 0 0 0 0 4 0 0 1 0 0 0 28 0 0 7 0 0 0 0
准确率:    1.0000 (32/32)
----------------------------------------
输入:       >DWMJ> KD MTKTC <M XZ>JL MLK> D>DWM
目标:     0 0 0 0 0 11 0 0 0 0 0 21 14 0 0 41 0 0 0 0 0 0 0 0 2 0 0 0 4 0 0 1 0 0 0 2
预测:     0 0 0 0 0 11 0 0 0 0 0 21 14 0 0 41 0 0 0 0 0 0 0 0 2 0 0 0 4 0 0 1 0 0 0 2
准确率:    1.0000 (36/36)
----------------------------------------
输入:       WCPWLWHJ DNHJR> <LJ> KD S<> DNSQ XPJ
目标:     0 1 0 0 0 25 1 0 0 0 1 0 0 0 4 0 0 0 0 15 0 0 0 0 0 0 10 3 0 1 6 64 3 0 0 0 3
预测:     0 1 0 0 0 25 1 0 0 0 1 0 0 0 4 0 0 0 0 15 0 0 0 0 0 0 10 3 0 1 6 64 3 0 0 0 3
准确率:    1.0000 (37/37)
----------------------------------------

生成的验证样本:
--------------------------------------------------------------------------------
输入:       YBJNH D>LH> LMSV> MN KL DBJC WKLJ
目标:     0 0 0 0 5 0 0 1 0 0 4 0 0 1 6 0 10 7 0 0 0 0 0 2 0 1 0 0 2 0 36 0 0 3
预测:     0 0 0 0 5 0 0 1 0 0 4 0 0 1 6 0 10 7 0 0 0 0 0 2 0 1 0 0 2 0 36 0 0 3
准确率:    1.0000 (34/34)
----------------------------------------
输入:       D>LH> LMSV> MN KL DBJC WKLJ XJLK
目标:     0 1 0 0 4 0 0 1 6 0 10 7 0 0 0 0 0 2 0 1 0 0 2 0 36 0 0 3 0 0 0 5 0
预测:     0 1 0 0 4 0 0 1 6 0 10 7 0 0 0 0 0 2 0 1 0 0 2 0 36 0 0 3 0 0 0 5 0
准确率:    1.0000 (33/33)
----------------------------------------
⏳ 验证无提升 (验证准确率: 0.9665 ≤ 0.9665)，patience: 5/50

======================================================================
🚀 Epoch 168/200
======================================================================
📚 开始训练阶段...
训练进度: 500/3164 损失=0.0001
训练进度: 1000/3164 损失=0.0012
训练进度: 1500/3164 损失=0.0002
训练进度: 2000/3164 损失=0.0004
训练进度: 2500/3164 损失=0.0008
训练进度: 3000/3164 损失=0.0000
训练进度: 3164/3164 损失=0.0026
✅ 训练完成，耗时: 57.9秒 (1.0分钟)

============================================================
📊 验证决策: Epoch 168/200
   验证间隔: 1
   是否验证: ✅ 是
   原因: 达到验证间隔 (0 == 0)
============================================================

🔍 开始验证...
验证进度: 500/686 损失=1.1556
验证进度: 686/686 损失=0.3570

📊 预测分布分析:
  - 预测的前5个类别: {np.int64(0): 283157, np.int64(1): 37060, np.int64(2): 14694, np.int64(3): 10820, np.int64(4): 8827}
  - 标签的前5个类别: {np.int64(0): 281232, np.int64(1): 36731, np.int64(2): 14789, np.int64(3): 10866, np.int64(4): 8585}
✅ 验证完成，耗时: 4.8秒 (0.1分钟)
训练损失: 0.0013
验证损失: 0.6752
验证准确率: 0.9664 (10595/10964) - 与Levenshtein高度相关
验证F1(加权): 0.9654 - 类别平衡更好
学习率: 0.000007
显存使用: 0.48GB (预留: 0.69GB)

生成的训练样本:
--------------------------------------------------------------------------------
输入:       >R<> WNPLG >JD> DMCWX> HW BLXWD JD<JN
目标:     0 0 0 4 0 0 1 44 0 0 16 0 0 0 0 0 0 1 0 0 0 11 0 0 0 0 0 1 0 0 0 2 0 0 0 7 0 0
预测:     0 0 0 4 0 0 1 44 0 0 16 0 0 0 0 0 0 1 0 0 0 11 0 0 0 0 0 1 0 0 0 2 0 0 0 7 0 0
准确率:    1.0000 (38/38)
----------------------------------------
输入:       R<J> VB> DR<> LGZRH VWBJHWN L>JLJN DMSBRJN
目标:     0 0 0 43 0 0 0 4 0 0 1 0 10 7 0 1 0 0 37 0 0 0 0 2 1 0 0 0 0 1 0 0 0 0 0 0 1 6 0 0 7 0 0
预测:     0 0 0 43 0 0 0 4 0 0 1 0 10 7 0 1 0 0 37 0 0 0 0 2 1 0 0 0 0 1 0 0 0 0 0 0 1 6 0 0 7 0 0
准确率:    1.0000 (43/43)
----------------------------------------
输入:       DDXL L>LH> NHWWN XWCBNJK WKLHJN CW<JTK B>WRXTH
目标:     0 1 0 0 7 0 1 0 0 4 0 0 6 0 18 0 0 0 0 0 0 0 2 1 0 0 1 0 5 0 0 0 0 0 0 0 2 32 0 0 1 0 0 0 2 32 0
预测:     0 1 0 0 7 0 1 0 0 4 0 0 6 0 18 0 0 0 0 0 0 0 2 1 0 0 1 0 5 0 0 0 0 0 0 0 2 32 0 0 1 0 0 0 2 32 0
准确率:    1.0000 (47/47)
----------------------------------------

生成的验证样本:
--------------------------------------------------------------------------------
输入:       YBJNH D>LH> LMSV> MN KL DBJC WKLJ
目标:     0 0 0 0 5 0 0 1 0 0 4 0 0 1 6 0 10 7 0 0 0 0 0 2 0 1 0 0 2 0 36 0 0 3
预测:     0 0 0 0 5 0 0 1 0 0 4 0 0 1 6 0 10 7 0 0 0 0 0 2 0 1 0 0 2 0 36 0 0 3
准确率:    1.0000 (34/34)
----------------------------------------
输入:       D>LH> LMSV> MN KL DBJC WKLJ XJLK
目标:     0 1 0 0 4 0 0 1 6 0 10 7 0 0 0 0 0 2 0 1 0 0 2 0 36 0 0 3 0 0 0 5 0
预测:     0 1 0 0 4 0 0 1 6 0 10 7 0 0 0 0 0 2 0 1 0 0 2 0 36 0 0 3 0 0 0 5 0
准确率:    1.0000 (33/33)
----------------------------------------
⏳ 验证无提升 (验证准确率: 0.9664 ≤ 0.9665)，patience: 6/50

======================================================================
🚀 Epoch 169/200
======================================================================
📚 开始训练阶段...
训练进度: 500/3164 损失=0.0050
训练进度: 1000/3164 损失=0.0130
训练进度: 1500/3164 损失=0.0011
训练进度: 2000/3164 损失=0.0120
训练进度: 2500/3164 损失=0.0013
训练进度: 3000/3164 损失=0.0001
训练进度: 3164/3164 损失=0.0002
✅ 训练完成，耗时: 58.0秒 (1.0分钟)

============================================================
📊 验证决策: Epoch 169/200
   验证间隔: 1
   是否验证: ✅ 是
   原因: 达到验证间隔 (0 == 0)
============================================================

🔍 开始验证...
验证进度: 500/686 损失=1.2066
验证进度: 686/686 损失=0.2701

📊 预测分布分析:
  - 预测的前5个类别: {np.int64(0): 283185, np.int64(1): 37078, np.int64(2): 14711, np.int64(3): 10817, np.int64(4): 8837}
  - 标签的前5个类别: {np.int64(0): 281232, np.int64(1): 36731, np.int64(2): 14789, np.int64(3): 10866, np.int64(4): 8585}
✅ 验证完成，耗时: 4.8秒 (0.1分钟)
训练损失: 0.0013
验证损失: 0.6770
验证准确率: 0.9663 (10594/10964) - 与Levenshtein高度相关
验证F1(加权): 0.9654 - 类别平衡更好
学习率: 0.000007
显存使用: 0.47GB (预留: 0.69GB)

生成的训练样本:
--------------------------------------------------------------------------------
输入:       LDXLWLJN W>QJMH QDM MLK> WPQDH <L <M>
目标:     0 1 0 0 0 0 2 0 0 0 1 17 20 0 29 0 0 0 0 2 0 0 0 4 0 0 1 0 0 29 0 0 0 0 0 0 15 0
预测:     0 1 0 0 0 0 2 0 0 0 1 17 20 0 29 0 0 0 0 2 0 0 0 4 0 0 1 0 0 29 0 0 0 0 0 0 15 0
准确率:    1.0000 (38/38)
----------------------------------------
输入:       WMXBLJN HWW KLH >R<> <DM> LM<LN> D<>Z>
目标:     0 1 6 0 0 7 0 19 0 0 18 0 0 0 5 12 0 0 0 4 0 0 0 0 0 0 0 1 0 0 0 4 0 0 1 0 0 0 2
预测:     0 1 6 0 0 7 0 19 0 0 18 0 0 0 5 12 0 0 0 4 0 0 0 0 0 0 0 1 0 0 0 4 0 0 1 0 0 0 2
准确率:    1.0000 (39/39)
----------------------------------------
输入:       >JN> DL> BYT> MTHJMN XLP DJN HLJN
目标:     0 0 0 0 0 0 1 0 0 0 0 13 9 0 0 21 14 0 0 0 41 0 0 0 2 0 0 0 0 0 0 0 0 0
预测:     0 0 0 0 0 0 1 0 0 0 0 13 9 0 0 21 14 0 0 0 41 0 0 0 2 0 0 0 0 0 0 0 0 0
准确率:    1.0000 (34/34)
----------------------------------------

生成的验证样本:
--------------------------------------------------------------------------------
输入:       YBJNH D>LH> LMSV> MN KL DBJC WKLJ
目标:     0 0 0 0 5 0 0 1 0 0 4 0 0 1 6 0 10 7 0 0 0 0 0 2 0 1 0 0 2 0 36 0 0 3
预测:     0 0 0 0 5 0 0 1 0 0 4 0 0 1 6 0 10 7 0 0 0 0 0 2 0 1 0 0 2 0 36 0 0 3
准确率:    1.0000 (34/34)
----------------------------------------
输入:       D>LH> LMSV> MN KL DBJC WKLJ XJLK
目标:     0 1 0 0 4 0 0 1 6 0 10 7 0 0 0 0 0 2 0 1 0 0 2 0 36 0 0 3 0 0 0 5 0
预测:     0 1 0 0 4 0 0 1 6 0 10 7 0 0 0 0 0 2 0 1 0 0 2 0 36 0 0 3 0 0 0 5 0
准确率:    1.0000 (33/33)
----------------------------------------
⏳ 验证无提升 (验证准确率: 0.9663 ≤ 0.9665)，patience: 7/50

======================================================================
🚀 Epoch 170/200
======================================================================
📚 开始训练阶段...
训练进度: 500/3164 损失=0.0000
训练进度: 1000/3164 损失=0.0043
训练进度: 1500/3164 损失=0.0001
训练进度: 2000/3164 损失=0.0000
训练进度: 2500/3164 损失=0.0013
训练进度: 3000/3164 损失=0.0000
训练进度: 3164/3164 损失=0.0029
✅ 训练完成，耗时: 57.9秒 (1.0分钟)

============================================================
📊 验证决策: Epoch 170/200
   验证间隔: 1
   是否验证: ✅ 是
   原因: 达到验证间隔 (0 == 0)
============================================================

🔍 开始验证...
验证进度: 500/686 损失=1.1316
验证进度: 686/686 损失=0.3775

📊 预测分布分析:
  - 预测的前5个类别: {np.int64(0): 283077, np.int64(1): 37089, np.int64(2): 14743, np.int64(3): 10869, np.int64(4): 8796}
  - 标签的前5个类别: {np.int64(0): 281232, np.int64(1): 36731, np.int64(2): 14789, np.int64(3): 10866, np.int64(4): 8585}
✅ 验证完成，耗时: 4.8秒 (0.1分钟)
训练损失: 0.0012
验证损失: 0.6808
验证准确率: 0.9663 (10594/10964) - 与Levenshtein高度相关
验证F1(加权): 0.9654 - 类别平衡更好
学习率: 0.000007
显存使用: 0.48GB (预留: 0.69GB)

生成的训练样本:
--------------------------------------------------------------------------------
输入:       >L> >P <L BWJ>> CM<W MLT> >N>
目标:     0 0 0 0 0 0 0 0 0 0 0 0 0 0 4 0 6 0 0 3 0 0 0 13 9 0 0 0 0 0
预测:     0 0 0 0 0 0 0 0 0 0 0 0 0 0 4 0 6 0 0 3 0 0 0 13 9 0 0 0 0 0
准确率:    1.0000 (30/30)
----------------------------------------
输入:       >JT DJZP SGJ >JK Z<WR WPR< LH
目标:     0 0 0 24 0 1 0 0 7 0 0 0 13 0 0 0 0 0 0 0 0 2 0 1 0 0 7 0 1 0
预测:     0 0 0 24 0 1 0 0 7 0 0 0 13 0 0 0 0 0 0 0 0 2 0 1 0 0 7 0 1 0
准确率:    1.0000 (30/30)
----------------------------------------
输入:       L> MDM >P MQBLN >NJN MWZG> KLH
目标:     0 0 0 0 0 0 2 0 0 0 0 6 0 0 7 19 0 0 0 0 0 0 0 0 0 4 0 0 0 5 0
预测:     0 0 0 0 0 0 2 0 0 0 0 6 0 0 7 19 0 0 0 0 0 0 0 0 0 4 0 0 0 5 0
准确率:    1.0000 (31/31)
----------------------------------------

生成的验证样本:
--------------------------------------------------------------------------------
输入:       YBJNH D>LH> LMSV> MN KL DBJC WKLJ
目标:     0 0 0 0 5 0 0 1 0 0 4 0 0 1 6 0 10 7 0 0 0 0 0 2 0 1 0 0 2 0 36 0 0 3
预测:     0 0 0 0 5 0 0 1 0 0 4 0 0 1 6 0 10 7 0 0 0 0 0 2 0 1 0 0 2 0 36 0 0 3
准确率:    1.0000 (34/34)
----------------------------------------
输入:       D>LH> LMSV> MN KL DBJC WKLJ XJLK
目标:     0 1 0 0 4 0 0 1 6 0 10 7 0 0 0 0 0 2 0 1 0 0 2 0 36 0 0 3 0 0 0 5 0
预测:     0 1 0 0 4 0 0 1 6 0 10 7 0 0 0 0 0 2 0 1 0 0 2 0 36 0 0 3 0 0 0 5 0
准确率:    1.0000 (33/33)
----------------------------------------
⏳ 验证无提升 (验证准确率: 0.9663 ≤ 0.9665)，patience: 8/50

======================================================================
🚀 Epoch 171/200
======================================================================
📚 开始训练阶段...
训练进度: 500/3164 损失=0.0000
训练进度: 1000/3164 损失=0.0024
训练进度: 1500/3164 损失=0.0002
训练进度: 2000/3164 损失=0.0002
训练进度: 2500/3164 损失=0.0016
训练进度: 3000/3164 损失=0.0089
训练进度: 3164/3164 损失=0.0000
✅ 训练完成，耗时: 58.0秒 (1.0分钟)

============================================================
📊 验证决策: Epoch 171/200
   验证间隔: 1
   是否验证: ✅ 是
   原因: 达到验证间隔 (0 == 0)
============================================================

🔍 开始验证...
验证进度: 500/686 损失=1.1576
验证进度: 686/686 损失=0.3802

📊 预测分布分析:
  - 预测的前5个类别: {np.int64(0): 283164, np.int64(1): 37091, np.int64(2): 14725, np.int64(3): 10803, np.int64(4): 8763}
  - 标签的前5个类别: {np.int64(0): 281232, np.int64(1): 36731, np.int64(2): 14789, np.int64(3): 10866, np.int64(4): 8585}
✅ 验证完成，耗时: 4.8秒 (0.1分钟)
训练损失: 0.0012
验证损失: 0.6854
验证准确率: 0.9664 (10595/10964) - 与Levenshtein高度相关
验证F1(加权): 0.9655 - 类别平衡更好
学习率: 0.000006
显存使用: 0.47GB (预留: 0.69GB)

生成的训练样本:
--------------------------------------------------------------------------------
输入:       DMCTJTJ CB< <DQWHJ DRJCJ BMCTJT> W>CTJT BNWL>
目标:     0 1 28 0 0 268 0 0 0 0 0 2 0 0 0 96 1 0 0 0 1 0 0 5 0 0 1 0 0 0 22 9 0 0 1 17 0 0 3 26 0 1 0 0 4 0
预测:     0 1 28 0 0 268 0 0 0 0 0 2 0 0 0 96 1 0 0 0 1 0 0 5 0 0 1 0 0 0 22 9 0 0 1 17 0 0 3 26 0 1 0 0 4 0
准确率:    1.0000 (46/46)
----------------------------------------
输入:       MRD> CB<> JWMJN WLJT HWW MJ> LMCRJT>
目标:     0 0 0 0 2 0 0 0 2 0 0 0 0 2 0 0 0 1 58 0 24 0 0 18 0 0 24 9 0 0 1 0 0 0 2 9 0
预测:     0 0 0 0 2 0 0 0 2 0 0 0 0 2 0 0 0 1 58 0 24 0 0 18 0 0 24 9 0 0 1 0 0 0 2 9 0
准确率:    1.0000 (37/37)
----------------------------------------
输入:       NLPWNK LM<BD >JK KLH VNPWTHWN D<BDJN HWW
目标:     0 52 0 3 0 67 0 0 1 6 0 0 7 0 0 0 0 0 0 5 12 0 0 0 0 2 1 0 0 0 0 1 0 0 7 0 0 0 0 18 0
预测:     0 52 0 3 0 67 0 0 1 6 0 0 7 0 0 0 0 0 0 5 12 0 0 0 0 2 1 0 0 0 0 1 0 0 7 0 0 0 0 18 0
准确率:    1.0000 (41/41)
----------------------------------------

生成的验证样本:
--------------------------------------------------------------------------------
输入:       YBJNH D>LH> LMSV> MN KL DBJC WKLJ
目标:     0 0 0 0 5 0 0 1 0 0 4 0 0 1 6 0 10 7 0 0 0 0 0 2 0 1 0 0 2 0 36 0 0 3
预测:     0 0 0 0 5 0 0 1 0 0 4 0 0 1 6 0 10 7 0 0 0 0 0 2 0 1 0 0 2 0 36 0 0 3
准确率:    1.0000 (34/34)
----------------------------------------
输入:       D>LH> LMSV> MN KL DBJC WKLJ XJLK
目标:     0 1 0 0 4 0 0 1 6 0 10 7 0 0 0 0 0 2 0 1 0 0 2 0 36 0 0 3 0 0 0 5 0
预测:     0 1 0 0 4 0 0 1 6 0 10 7 0 0 0 0 0 2 0 1 0 0 2 0 36 0 0 3 0 0 0 5 0
准确率:    1.0000 (33/33)
----------------------------------------
⏳ 验证无提升 (验证准确率: 0.9664 ≤ 0.9665)，patience: 9/50

======================================================================
🚀 Epoch 172/200
======================================================================
📚 开始训练阶段...
训练进度: 500/3164 损失=0.0000
训练进度: 1000/3164 损失=0.0000
训练进度: 1500/3164 损失=0.0001
训练进度: 2000/3164 损失=0.0000
训练进度: 2500/3164 损失=0.0000
训练进度: 3000/3164 损失=0.0003
训练进度: 3164/3164 损失=0.0016
✅ 训练完成，耗时: 57.8秒 (1.0分钟)

============================================================
📊 验证决策: Epoch 172/200
   验证间隔: 1
   是否验证: ✅ 是
   原因: 达到验证间隔 (0 == 0)
============================================================

🔍 开始验证...
验证进度: 500/686 损失=1.1602
验证进度: 686/686 损失=0.4159

📊 预测分布分析:
  - 预测的前5个类别: {np.int64(0): 283036, np.int64(1): 37072, np.int64(2): 14734, np.int64(3): 10843, np.int64(4): 8825}
  - 标签的前5个类别: {np.int64(0): 281232, np.int64(1): 36731, np.int64(2): 14789, np.int64(3): 10866, np.int64(4): 8585}
✅ 验证完成，耗时: 4.8秒 (0.1分钟)
训练损失: 0.0013
验证损失: 0.6819
验证准确率: 0.9665 (10596/10964) - 与Levenshtein高度相关
验证F1(加权): 0.9656 - 类别平衡更好
学习率: 0.000006
显存使用: 0.47GB (预留: 0.69GB)

生成的训练样本:
--------------------------------------------------------------------------------
输入:       DTXWM> DBNJ <MWN W<RB> WJWRDNN WTXWM> MN
目标:     0 1 0 0 0 4 0 0 1 0 2 0 0 0 0 0 2 0 1 0 0 0 2 0 1 0 0 0 0 0 2 0 1 0 0 0 4 0 0 0 0
预测:     0 1 0 0 0 4 0 0 1 0 2 0 0 0 0 0 2 0 1 0 0 0 2 0 1 0 0 0 0 0 2 0 1 0 0 0 4 0 0 0 0
准确率:    1.0000 (41/41)
----------------------------------------
输入:       D>R<> WRC> XD >T> MN >WRX> DBJT
目标:     0 1 0 0 4 0 0 1 38 4 0 0 0 2 0 0 10 7 0 0 0 0 0 0 0 4 0 0 1 0 0 2
预测:     0 1 0 0 4 0 0 1 38 4 0 0 0 2 0 0 10 7 0 0 0 0 0 0 0 4 0 0 1 0 0 2
准确率:    1.0000 (32/32)
----------------------------------------
输入:       MRJ> >LHKWN <MKWN WL> XSR LKWN MDM
目标:     0 0 0 0 2 0 0 0 5 0 0 0 0 0 1 0 0 0 0 1 0 0 0 0 0 3 0 1 0 0 0 0 0 0 2
预测:     0 0 0 0 2 0 0 0 5 0 0 0 0 0 1 0 0 0 0 1 0 0 0 0 0 3 0 1 0 0 0 0 0 0 2
准确率:    1.0000 (35/35)
----------------------------------------

生成的验证样本:
--------------------------------------------------------------------------------
输入:       YBJNH D>LH> LMSV> MN KL DBJC WKLJ
目标:     0 0 0 0 5 0 0 1 0 0 4 0 0 1 6 0 10 7 0 0 0 0 0 2 0 1 0 0 2 0 36 0 0 3
预测:     0 0 0 0 5 0 0 1 0 0 4 0 0 1 6 0 10 7 0 0 0 0 0 2 0 1 0 0 2 0 36 0 0 3
准确率:    1.0000 (34/34)
----------------------------------------
输入:       D>LH> LMSV> MN KL DBJC WKLJ XJLK
目标:     0 1 0 0 4 0 0 1 6 0 10 7 0 0 0 0 0 2 0 1 0 0 2 0 36 0 0 3 0 0 0 5 0
预测:     0 1 0 0 4 0 0 1 6 0 10 7 0 0 0 0 0 2 0 1 0 0 2 0 36 0 0 3 0 0 0 5 0
准确率:    1.0000 (33/33)
----------------------------------------
💾 保存新的最佳模型！验证准确率: 0.9665 (F1: 0.9656) (Epoch 172)

======================================================================
🚀 Epoch 173/200
======================================================================
📚 开始训练阶段...
训练进度: 500/3164 损失=0.0001
训练进度: 1000/3164 损失=0.0000
训练进度: 1500/3164 损失=0.0134
训练进度: 2000/3164 损失=0.0001
训练进度: 2500/3164 损失=0.0000
训练进度: 3000/3164 损失=0.0001
训练进度: 3164/3164 损失=0.0001
✅ 训练完成，耗时: 57.8秒 (1.0分钟)

============================================================
📊 验证决策: Epoch 173/200
   验证间隔: 1
   是否验证: ✅ 是
   原因: 达到验证间隔 (0 == 0)
============================================================

🔍 开始验证...
验证进度: 500/686 损失=1.1208
验证进度: 686/686 损失=0.3393

📊 预测分布分析:
  - 预测的前5个类别: {np.int64(0): 283104, np.int64(1): 37086, np.int64(2): 14740, np.int64(3): 10758, np.int64(4): 8778}
  - 标签的前5个类别: {np.int64(0): 281232, np.int64(1): 36731, np.int64(2): 14789, np.int64(3): 10866, np.int64(4): 8585}
✅ 验证完成，耗时: 4.8秒 (0.1分钟)
训练损失: 0.0011
验证损失: 0.6866
验证准确率: 0.9664 (10596/10964) - 与Levenshtein高度相关
验证F1(加权): 0.9655 - 类别平衡更好
学习率: 0.000005
显存使用: 0.48GB (预留: 0.69GB)

生成的训练样本:
--------------------------------------------------------------------------------
输入:       WNPQWD BCRR> KLMDM B>JD> DKL <BDJHWN DXVH>
目标:     0 1 6 0 8 0 3 0 1 0 0 4 0 0 0 5 0 0 2 0 35 0 0 4 0 0 1 0 2 0 0 0 62 1 0 0 0 0 1 0 0 11 0
预测:     0 1 6 0 8 0 3 0 1 0 0 4 0 0 0 5 0 0 2 0 35 0 0 4 0 0 1 0 2 0 0 0 62 1 0 0 0 0 1 0 0 11 0
准确率:    1.0000 (43/43)
----------------------------------------
输入:       BH BJRX> >RJM >WL MRWDK MLK> DBBL
目标:     0 1 0 0 1 0 0 4 0 0 17 20 0 3 0 0 0 2 0 0 0 0 0 2 0 0 0 4 0 0 1 0 0 2
预测:     0 1 0 0 1 0 0 4 0 0 17 20 0 3 0 0 0 2 0 0 0 0 0 2 0 0 0 4 0 0 1 0 0 2
准确率:    1.0000 (34/34)
----------------------------------------
输入:       MVRK <L >R<> DJHBT L<MK LJWRTN> WKPN>
目标:     0 0 0 5 0 0 0 0 0 0 0 4 0 0 1 0 0 3 12 0 1 0 37 0 0 1 0 0 0 0 4 0 0 1 0 0 4 0
预测:     0 0 0 5 0 0 0 0 0 0 0 4 0 0 1 0 0 3 12 0 1 0 37 0 0 1 0 0 0 0 4 0 0 1 0 0 4 0
准确率:    1.0000 (38/38)
----------------------------------------

生成的验证样本:
--------------------------------------------------------------------------------
输入:       YBJNH D>LH> LMSV> MN KL DBJC WKLJ
目标:     0 0 0 0 5 0 0 1 0 0 4 0 0 1 6 0 10 7 0 0 0 0 0 2 0 1 0 0 2 0 36 0 0 3
预测:     0 0 0 0 5 0 0 1 0 0 4 0 0 1 6 0 10 7 0 0 0 0 0 2 0 1 0 0 2 0 36 0 0 3
准确率:    1.0000 (34/34)
----------------------------------------
输入:       D>LH> LMSV> MN KL DBJC WKLJ XJLK
目标:     0 1 0 0 4 0 0 1 6 0 10 7 0 0 0 0 0 2 0 1 0 0 2 0 36 0 0 3 0 0 0 5 0
预测:     0 1 0 0 4 0 0 1 6 0 10 7 0 0 0 0 0 2 0 1 0 0 2 0 36 0 0 3 0 0 0 5 0
准确率:    1.0000 (33/33)
----------------------------------------
⏳ 验证无提升 (验证准确率: 0.9664 ≤ 0.9665)，patience: 1/50

======================================================================
🚀 Epoch 174/200
======================================================================
📚 开始训练阶段...
训练进度: 500/3164 损失=0.0009
训练进度: 1000/3164 损失=0.0004
训练进度: 1500/3164 损失=0.0000
训练进度: 2000/3164 损失=0.0001
训练进度: 2500/3164 损失=0.0000
训练进度: 3000/3164 损失=0.0001
训练进度: 3164/3164 损失=0.0001
✅ 训练完成，耗时: 57.8秒 (1.0分钟)

============================================================
📊 验证决策: Epoch 174/200
   验证间隔: 1
   是否验证: ✅ 是
   原因: 达到验证间隔 (0 == 0)
============================================================

🔍 开始验证...
验证进度: 500/686 损失=1.1469
验证进度: 686/686 损失=0.2858

📊 预测分布分析:
  - 预测的前5个类别: {np.int64(0): 283087, np.int64(1): 37080, np.int64(2): 14721, np.int64(3): 10767, np.int64(4): 8787}
  - 标签的前5个类别: {np.int64(0): 281232, np.int64(1): 36731, np.int64(2): 14789, np.int64(3): 10866, np.int64(4): 8585}
✅ 验证完成，耗时: 4.8秒 (0.1分钟)
训练损失: 0.0011
验证损失: 0.6863
验证准确率: 0.9665 (10596/10964) - 与Levenshtein高度相关
验证F1(加权): 0.9656 - 类别平衡更好
学习率: 0.000005
显存使用: 0.48GB (预留: 0.69GB)

生成的训练样本:
--------------------------------------------------------------------------------
输入:       <L >JDWHJ D>LJ> W>MR JWCPV >JT HW
目标:     0 0 0 8 0 0 25 1 0 0 0 1 0 0 0 2 0 1 0 0 3 0 0 0 0 0 2 0 0 0 24 0 0 0
预测:     0 0 0 8 0 0 25 1 0 0 0 1 0 0 0 2 0 1 0 0 3 0 0 0 0 0 2 0 0 0 24 0 0 0
准确率:    1.0000 (34/34)
----------------------------------------
输入:       DJMJN> KL DCD> BQL<> L<L<L> WL> MPJC
目标:     0 1 0 0 0 4 0 0 0 2 0 1 0 10 7 0 1 0 0 4 0 0 1 0 0 0 4 0 0 1 0 0 0 28 20 0 7
预测:     0 1 0 0 0 4 0 0 0 2 0 1 0 10 7 0 1 0 0 4 0 0 1 0 0 0 4 0 0 1 0 0 0 28 20 0 7
准确率:    1.0000 (37/37)
----------------------------------------
输入:       W<L BJT MLK> W>PQW LBRH DMLK> WSMW
目标:     0 1 0 0 0 0 0 2 0 0 0 4 0 0 1 72 0 3 0 0 1 0 5 0 0 1 0 0 4 0 0 1 31 3 0
预测:     0 1 0 0 0 0 0 2 0 0 0 4 0 0 1 72 0 3 0 0 1 0 5 0 0 1 0 0 4 0 0 1 31 3 0
准确率:    1.0000 (35/35)
----------------------------------------

生成的验证样本:
--------------------------------------------------------------------------------
输入:       YBJNH D>LH> LMSV> MN KL DBJC WKLJ
目标:     0 0 0 0 5 0 0 1 0 0 4 0 0 1 6 0 10 7 0 0 0 0 0 2 0 1 0 0 2 0 36 0 0 3
预测:     0 0 0 0 5 0 0 1 0 0 4 0 0 1 6 0 10 7 0 0 0 0 0 2 0 1 0 0 2 0 36 0 0 3
准确率:    1.0000 (34/34)
----------------------------------------
输入:       D>LH> LMSV> MN KL DBJC WKLJ XJLK
目标:     0 1 0 0 4 0 0 1 6 0 10 7 0 0 0 0 0 2 0 1 0 0 2 0 36 0 0 3 0 0 0 5 0
预测:     0 1 0 0 4 0 0 1 6 0 10 7 0 0 0 0 0 2 0 1 0 0 2 0 36 0 0 3 0 0 0 5 0
准确率:    1.0000 (33/33)
----------------------------------------
⏳ 验证无提升 (验证准确率: 0.9665 ≤ 0.9665)，patience: 2/50

======================================================================
🚀 Epoch 175/200
======================================================================
📚 开始训练阶段...
训练进度: 500/3164 损失=0.0000
训练进度: 1000/3164 损失=0.0003
训练进度: 1500/3164 损失=0.0001
训练进度: 2000/3164 损失=0.0002
训练进度: 2500/3164 损失=0.0001
训练进度: 3000/3164 损失=0.0000
训练进度: 3164/3164 损失=0.0000
✅ 训练完成，耗时: 57.9秒 (1.0分钟)

============================================================
📊 验证决策: Epoch 175/200
   验证间隔: 1
   是否验证: ✅ 是
   原因: 达到验证间隔 (0 == 0)
============================================================

🔍 开始验证...
验证进度: 500/686 损失=1.2037
验证进度: 686/686 损失=0.2872

📊 预测分布分析:
  - 预测的前5个类别: {np.int64(0): 283115, np.int64(1): 37092, np.int64(2): 14734, np.int64(3): 10808, np.int64(4): 8794}
  - 标签的前5个类别: {np.int64(0): 281232, np.int64(1): 36731, np.int64(2): 14789, np.int64(3): 10866, np.int64(4): 8585}
✅ 验证完成，耗时: 4.8秒 (0.1分钟)
训练损失: 0.0012
验证损失: 0.6874
验证准确率: 0.9666 (10597/10964) - 与Levenshtein高度相关
验证F1(加权): 0.9656 - 类别平衡更好
学习率: 0.000005
显存使用: 0.48GB (预留: 0.69GB)

生成的训练样本:
--------------------------------------------------------------------------------
输入:       WMN XMR> WMN CKR> WMN KL DC>L>
目标:     0 1 0 0 0 0 0 15 0 0 1 0 0 0 0 0 4 0 0 1 0 0 0 0 2 0 1 0 0 7 0
预测:     0 1 0 0 0 0 0 15 0 0 1 0 0 0 0 0 4 0 0 1 0 0 0 0 2 0 1 0 0 7 0
准确率:    1.0000 (31/31)
----------------------------------------
输入:       <L >R<> H> CMJ> WCMJ CMJ> L>
目标:     0 0 0 0 0 0 4 0 0 0 0 0 0 24 9 0 0 1 0 24 0 0 0 24 9 0 0 0 0
预测:     0 0 0 0 0 0 4 0 0 0 0 0 0 24 9 0 0 1 0 24 0 0 0 24 9 0 0 0 0
准确率:    1.0000 (29/29)
----------------------------------------
输入:       MN MDM MDM GJR DXD HW WPWRCN
目标:     0 0 0 0 0 0 2 0 0 0 2 0 0 0 0 0 1 0 2 0 0 0 0 1 0 0 0 0 2
预测:     0 0 0 0 0 0 2 0 0 0 2 0 0 0 0 0 1 0 2 0 0 0 0 1 0 0 0 0 2
准确率:    1.0000 (29/29)
----------------------------------------

生成的验证样本:
--------------------------------------------------------------------------------
输入:       YBJNH D>LH> LMSV> MN KL DBJC WKLJ
目标:     0 0 0 0 5 0 0 1 0 0 4 0 0 1 6 0 10 7 0 0 0 0 0 2 0 1 0 0 2 0 36 0 0 3
预测:     0 0 0 0 5 0 0 1 0 0 4 0 0 1 6 0 10 7 0 0 0 0 0 2 0 1 0 0 2 0 36 0 0 3
准确率:    1.0000 (34/34)
----------------------------------------
输入:       D>LH> LMSV> MN KL DBJC WKLJ XJLK
目标:     0 1 0 0 4 0 0 1 6 0 10 7 0 0 0 0 0 2 0 1 0 0 2 0 36 0 0 3 0 0 0 5 0
预测:     0 1 0 0 4 0 0 1 6 0 10 7 0 0 0 0 0 2 0 1 0 0 2 0 36 0 0 3 0 0 0 5 0
准确率:    1.0000 (33/33)
----------------------------------------
💾 保存新的最佳模型！验证准确率: 0.9666 (F1: 0.9656) (Epoch 175)

======================================================================
🚀 Epoch 176/200
======================================================================
📚 开始训练阶段...
训练进度: 500/3164 损失=0.0001
训练进度: 1000/3164 损失=0.0001
训练进度: 1500/3164 损失=0.0003
训练进度: 2000/3164 损失=0.0006
训练进度: 2500/3164 损失=0.0000
训练进度: 3000/3164 损失=0.0000
训练进度: 3164/3164 损失=0.0087
✅ 训练完成，耗时: 57.9秒 (1.0分钟)

============================================================
📊 验证决策: Epoch 176/200
   验证间隔: 1
   是否验证: ✅ 是
   原因: 达到验证间隔 (0 == 0)
============================================================

🔍 开始验证...
验证进度: 500/686 损失=1.1245
验证进度: 686/686 损失=0.3836

📊 预测分布分析:
  - 预测的前5个类别: {np.int64(0): 283153, np.int64(1): 37084, np.int64(2): 14749, np.int64(3): 10775, np.int64(4): 8836}
  - 标签的前5个类别: {np.int64(0): 281232, np.int64(1): 36731, np.int64(2): 14789, np.int64(3): 10866, np.int64(4): 8585}
✅ 验证完成，耗时: 4.8秒 (0.1分钟)
训练损失: 0.0011
验证损失: 0.6912
验证准确率: 0.9665 (10596/10964) - 与Levenshtein高度相关
验证F1(加权): 0.9656 - 类别平衡更好
学习率: 0.000005
显存使用: 0.48GB (预留: 0.69GB)

生成的训练样本:
--------------------------------------------------------------------------------
输入:       NRM> <LJH PY> NDBR <SR> GBRJN LM>>
目标:     0 112 0 10 3 0 0 8 1 12 0 0 61 0 0 44 0 0 3 0 0 0 2 0 0 0 0 2 0 0 0 1 0 0 2
预测:     0 112 0 10 3 0 0 8 1 12 0 0 61 0 0 44 0 0 3 0 0 0 2 0 0 0 0 2 0 0 0 1 0 0 2
准确率:    1.0000 (35/35)
----------------------------------------
输入:       LM<V> CMH D>JSRJL MN TXJT CMJ> WPRQ
目标:     0 1 6 0 10 7 0 0 5 0 0 1 0 0 0 0 0 2 0 0 0 0 0 8 0 0 0 0 24 9 0 0 1 0 0 3
预测:     0 1 6 0 10 7 0 0 5 0 0 1 0 0 0 0 0 2 0 0 0 0 0 8 0 0 0 0 24 9 0 0 1 0 0 3
准确率:    1.0000 (36/36)
----------------------------------------
输入:       D<N> W>TKTCW <L MDBX> D<BDW WKD HW>
目标:     0 1 0 10 7 0 1 0 14 0 0 3 19 0 0 0 0 0 0 0 4 0 0 1 0 0 3 0 0 1 0 0 0 0 10 3
预测:     0 1 0 10 7 0 1 0 14 0 0 3 19 0 0 0 0 0 0 0 4 0 0 1 0 0 3 0 0 1 0 0 0 0 10 3
准确率:    1.0000 (36/36)
----------------------------------------

生成的验证样本:
--------------------------------------------------------------------------------
输入:       YBJNH D>LH> LMSV> MN KL DBJC WKLJ
目标:     0 0 0 0 5 0 0 1 0 0 4 0 0 1 6 0 10 7 0 0 0 0 0 2 0 1 0 0 2 0 36 0 0 3
预测:     0 0 0 0 5 0 0 1 0 0 4 0 0 1 6 0 10 7 0 0 0 0 0 2 0 1 0 0 2 0 36 0 0 3
准确率:    1.0000 (34/34)
----------------------------------------
输入:       D>LH> LMSV> MN KL DBJC WKLJ XJLK
目标:     0 1 0 0 4 0 0 1 6 0 10 7 0 0 0 0 0 2 0 1 0 0 2 0 36 0 0 3 0 0 0 5 0
预测:     0 1 0 0 4 0 0 1 6 0 10 7 0 0 0 0 0 2 0 1 0 0 2 0 36 0 0 3 0 0 0 5 0
准确率:    1.0000 (33/33)
----------------------------------------
⏳ 验证无提升 (验证准确率: 0.9665 ≤ 0.9666)，patience: 1/50

======================================================================
🚀 Epoch 177/200
======================================================================
📚 开始训练阶段...
训练进度: 500/3164 损失=0.0000
训练进度: 1000/3164 损失=0.0002
训练进度: 1500/3164 损失=0.0000
训练进度: 2000/3164 损失=0.0001
训练进度: 2500/3164 损失=0.0015
训练进度: 3000/3164 损失=0.0001
训练进度: 3164/3164 损失=0.0001
✅ 训练完成，耗时: 57.9秒 (1.0分钟)

============================================================
📊 验证决策: Epoch 177/200
   验证间隔: 1
   是否验证: ✅ 是
   原因: 达到验证间隔 (0 == 0)
============================================================

🔍 开始验证...
验证进度: 500/686 损失=1.1088
验证进度: 686/686 损失=0.2972

📊 预测分布分析:
  - 预测的前5个类别: {np.int64(0): 283006, np.int64(1): 37063, np.int64(2): 14757, np.int64(3): 10779, np.int64(4): 8832}
  - 标签的前5个类别: {np.int64(0): 281232, np.int64(1): 36731, np.int64(2): 14789, np.int64(3): 10866, np.int64(4): 8585}
✅ 验证完成，耗时: 4.8秒 (0.1分钟)
训练损失: 0.0011
验证损失: 0.6876
验证准确率: 0.9666 (10598/10964) - 与Levenshtein高度相关
验证F1(加权): 0.9657 - 类别平衡更好
学习率: 0.000004
显存使用: 0.47GB (预留: 0.69GB)

生成的训练样本:
--------------------------------------------------------------------------------
输入:       MRJM> W>MRT D<DM> L>MTJ HLJN QJMN LN
目标:     0 6 20 0 43 78 0 1 0 0 3 0 0 1 0 0 0 0 0 1 0 0 0 0 0 0 0 0 0 0 20 0 7 0 0 1 0
预测:     0 6 20 0 43 78 0 1 0 0 3 0 0 1 0 0 0 0 0 1 0 0 0 0 0 0 0 0 0 0 20 0 7 0 0 1 0
准确率:    1.0000 (37/37)
----------------------------------------
输入:       LVLJ> W>XTH MN <LJT> LBJT> WJHBH L>MH
目标:     0 1 0 57 4 0 0 1 72 0 29 0 0 0 0 0 0 0 2 9 0 0 1 0 0 4 0 0 1 0 0 29 0 0 1 0 5 0
预测:     0 1 0 57 4 0 0 1 72 0 29 0 0 0 0 0 0 0 2 9 0 0 1 0 0 4 0 0 1 0 0 29 0 0 1 0 5 0
准确率:    1.0000 (38/38)
----------------------------------------
输入:       W>TMLKW >JK XD> <L MRJ> W<L MCJXH
目标:     0 1 0 14 0 0 33 19 0 0 0 0 0 0 2 0 0 0 0 0 0 0 0 2 0 1 0 0 0 0 8 0 172 0
预测:     0 1 0 14 0 0 33 19 0 0 0 0 0 0 2 0 0 0 0 0 0 0 0 2 0 1 0 0 0 0 8 0 172 0
准确率:    1.0000 (34/34)
----------------------------------------

生成的验证样本:
--------------------------------------------------------------------------------
输入:       YBJNH D>LH> LMSV> MN KL DBJC WKLJ
目标:     0 0 0 0 5 0 0 1 0 0 4 0 0 1 6 0 10 7 0 0 0 0 0 2 0 1 0 0 2 0 36 0 0 3
预测:     0 0 0 0 5 0 0 1 0 0 4 0 0 1 6 0 10 7 0 0 0 0 0 2 0 1 0 0 2 0 36 0 0 3
准确率:    1.0000 (34/34)
----------------------------------------
输入:       D>LH> LMSV> MN KL DBJC WKLJ XJLK
目标:     0 1 0 0 4 0 0 1 6 0 10 7 0 0 0 0 0 2 0 1 0 0 2 0 36 0 0 3 0 0 0 5 0
预测:     0 1 0 0 4 0 0 1 6 0 10 7 0 0 0 0 0 2 0 1 0 0 2 0 36 0 0 3 0 0 0 5 0
准确率:    1.0000 (33/33)
----------------------------------------
💾 保存新的最佳模型！验证准确率: 0.9666 (F1: 0.9657) (Epoch 177)

======================================================================
🚀 Epoch 178/200
======================================================================
📚 开始训练阶段...
训练进度: 500/3164 损失=0.0000
训练进度: 1000/3164 损失=0.0000
训练进度: 1500/3164 损失=0.0000
训练进度: 2000/3164 损失=0.0001
训练进度: 2500/3164 损失=0.0000
训练进度: 3000/3164 损失=0.0001
训练进度: 3164/3164 损失=0.0003
✅ 训练完成，耗时: 57.8秒 (1.0分钟)

============================================================
📊 验证决策: Epoch 178/200
   验证间隔: 1
   是否验证: ✅ 是
   原因: 达到验证间隔 (0 == 0)
============================================================

🔍 开始验证...
验证进度: 500/686 损失=1.2327
验证进度: 686/686 损失=0.4921

📊 预测分布分析:
  - 预测的前5个类别: {np.int64(0): 283153, np.int64(1): 37085, np.int64(2): 14742, np.int64(3): 10829, np.int64(4): 8870}
  - 标签的前5个类别: {np.int64(0): 281232, np.int64(1): 36731, np.int64(2): 14789, np.int64(3): 10866, np.int64(4): 8585}
✅ 验证完成，耗时: 4.8秒 (0.1分钟)
训练损失: 0.0010
验证损失: 0.6928
验证准确率: 0.9666 (10597/10964) - 与Levenshtein高度相关
验证F1(加权): 0.9656 - 类别平衡更好
学习率: 0.000004
显存使用: 0.48GB (预留: 0.69GB)

生成的训练样本:
--------------------------------------------------------------------------------
输入:       MTQN> DMWTBK WTCBWQ WT<BD WTTL LGBR> >JK
目标:     0 0 0 0 4 0 0 1 0 0 0 5 0 0 1 6 0 8 0 3 0 1 6 0 0 3 0 1 34 0 3 0 1 0 0 4 0 0 0 0 0
预测:     0 0 0 0 4 0 0 1 0 0 0 5 0 0 1 6 0 8 0 3 0 1 6 0 0 3 0 1 34 0 3 0 1 0 0 4 0 0 0 0 0
准确率:    1.0000 (41/41)
----------------------------------------
输入:       <DM> LHJDJN WMJT XZ>JL MLK> D>DWM W>MLK
目标:     0 0 0 0 0 0 1 0 0 0 0 0 0 1 20 0 3 0 0 0 0 0 2 0 0 0 4 0 0 1 0 0 0 2 0 1 17 0 0 33
预测:     0 0 0 0 0 0 1 0 0 0 0 0 0 1 20 0 3 0 0 0 0 0 2 0 0 0 4 0 0 1 0 0 0 2 0 1 17 0 0 33
准确率:    1.0000 (40/40)
----------------------------------------
输入:       XBRK WBKL <DN TCKX YBJNK MNH SGJ>>
目标:     0 0 0 5 0 0 1 1 0 2 0 0 0 2 0 6 0 0 3 0 0 0 0 5 0 0 0 1 0 0 0 0 0 11 0
预测:     0 0 0 5 0 0 1 1 0 2 0 0 0 2 0 6 0 0 3 0 0 0 0 5 0 0 0 1 0 0 0 0 0 11 0
准确率:    1.0000 (35/35)
----------------------------------------

生成的验证样本:
--------------------------------------------------------------------------------
输入:       YBJNH D>LH> LMSV> MN KL DBJC WKLJ
目标:     0 0 0 0 5 0 0 1 0 0 4 0 0 1 6 0 10 7 0 0 0 0 0 2 0 1 0 0 2 0 36 0 0 3
预测:     0 0 0 0 5 0 0 1 0 0 4 0 0 1 6 0 10 7 0 0 0 0 0 2 0 1 0 0 2 0 36 0 0 3
准确率:    1.0000 (34/34)
----------------------------------------
输入:       D>LH> LMSV> MN KL DBJC WKLJ XJLK
目标:     0 1 0 0 4 0 0 1 6 0 10 7 0 0 0 0 0 2 0 1 0 0 2 0 36 0 0 3 0 0 0 5 0
预测:     0 1 0 0 4 0 0 1 6 0 10 7 0 0 0 0 0 2 0 1 0 0 2 0 1 0 0 3 0 0 0 5 0
准确率:    0.9697 (32/33)
----------------------------------------
⏳ 验证无提升 (验证准确率: 0.9666 ≤ 0.9666)，patience: 1/50

======================================================================
🚀 Epoch 179/200
======================================================================
📚 开始训练阶段...
训练进度: 500/3164 损失=0.0000
训练进度: 1000/3164 损失=0.0003
训练进度: 1500/3164 损失=0.0000
训练进度: 2000/3164 损失=0.0014
训练进度: 2500/3164 损失=0.0050
训练进度: 3000/3164 损失=0.0004
训练进度: 3164/3164 损失=0.0000
✅ 训练完成，耗时: 57.7秒 (1.0分钟)

============================================================
📊 验证决策: Epoch 179/200
   验证间隔: 1
   是否验证: ✅ 是
   原因: 达到验证间隔 (0 == 0)
============================================================

🔍 开始验证...
验证进度: 500/686 损失=1.1866
验证进度: 686/686 损失=0.3852

📊 预测分布分析:
  - 预测的前5个类别: {np.int64(0): 283117, np.int64(1): 37084, np.int64(2): 14746, np.int64(3): 10783, np.int64(4): 8842}
  - 标签的前5个类别: {np.int64(0): 281232, np.int64(1): 36731, np.int64(2): 14789, np.int64(3): 10866, np.int64(4): 8585}
✅ 验证完成，耗时: 4.8秒 (0.1分钟)
训练损失: 0.0010
验证损失: 0.6945
验证准确率: 0.9665 (10596/10964) - 与Levenshtein高度相关
验证F1(加权): 0.9655 - 类别平衡更好
学习率: 0.000004
显存使用: 0.48GB (预留: 0.69GB)

生成的训练样本:
--------------------------------------------------------------------------------
输入:       BNXJRK WBLM> BSPWTK W>HPKK B>WRX> D>TJT BH
目标:     0 1 0 0 0 5 0 0 1 0 0 4 0 0 1 0 57 2 32 0 0 1 28 0 0 29 0 0 1 0 0 0 4 0 0 1 0 0 3 12 0 1 12
预测:     0 1 0 0 0 5 0 0 1 0 0 4 0 0 1 0 57 2 32 0 0 1 28 0 0 29 0 0 1 0 0 0 4 0 0 1 0 0 3 12 0 1 12
准确率:    1.0000 (43/43)
----------------------------------------
输入:       TRTJN WKSJ> TRJN LMKSJW TRTJN >GN> D<L
目标:     0 0 2 0 0 0 0 1 0 108 9 0 0 0 2 0 12 0 1 6 0 0 7 19 0 0 2 0 0 0 0 0 0 11 0 0 1 0 0
预测:     0 0 2 0 0 0 0 1 0 108 9 0 0 0 2 0 12 0 1 6 0 0 7 19 0 0 2 0 0 0 0 0 0 11 0 0 1 0 0
准确率:    1.0000 (39/39)
----------------------------------------
输入:       L<LM W>NTWN L> TQJMWN QJM> LJTBJ >R<>
目标:     0 1 0 0 2 0 1 0 0 0 0 0 0 0 0 0 28 20 0 3 0 0 0 0 0 4 0 0 1 0 0 7 0 0 0 0 4 0
预测:     0 1 0 0 2 0 1 0 0 0 0 0 0 0 0 0 28 20 0 3 0 0 0 0 0 4 0 0 1 0 0 7 0 0 0 0 4 0
准确率:    1.0000 (38/38)
----------------------------------------

生成的验证样本:
--------------------------------------------------------------------------------
输入:       YBJNH D>LH> LMSV> MN KL DBJC WKLJ
目标:     0 0 0 0 5 0 0 1 0 0 4 0 0 1 6 0 10 7 0 0 0 0 0 2 0 1 0 0 2 0 36 0 0 3
预测:     0 0 0 0 5 0 0 1 0 0 4 0 0 1 6 0 10 7 0 0 0 0 0 2 0 1 0 0 2 0 36 0 0 3
准确率:    1.0000 (34/34)
----------------------------------------
输入:       D>LH> LMSV> MN KL DBJC WKLJ XJLK
目标:     0 1 0 0 4 0 0 1 6 0 10 7 0 0 0 0 0 2 0 1 0 0 2 0 36 0 0 3 0 0 0 5 0
预测:     0 1 0 0 4 0 0 1 6 0 10 7 0 0 0 0 0 2 0 1 0 0 2 0 36 0 0 3 0 0 0 5 0
准确率:    1.0000 (33/33)
----------------------------------------
⏳ 验证无提升 (验证准确率: 0.9665 ≤ 0.9666)，patience: 2/50

======================================================================
🚀 Epoch 180/200
======================================================================
📚 开始训练阶段...
训练进度: 500/3164 损失=0.0001
训练进度: 1000/3164 损失=0.0000
训练进度: 1500/3164 损失=0.0035
训练进度: 2000/3164 损失=0.0000
训练进度: 2500/3164 损失=0.0001
训练进度: 3000/3164 损失=0.0002
训练进度: 3164/3164 损失=0.0002
✅ 训练完成，耗时: 57.7秒 (1.0分钟)

============================================================
📊 验证决策: Epoch 180/200
   验证间隔: 1
   是否验证: ✅ 是
   原因: 达到验证间隔 (0 == 0)
============================================================

🔍 开始验证...
验证进度: 500/686 损失=1.1501
验证进度: 686/686 损失=0.4140

📊 预测分布分析:
  - 预测的前5个类别: {np.int64(0): 283098, np.int64(1): 37077, np.int64(2): 14716, np.int64(3): 10806, np.int64(4): 8909}
  - 标签的前5个类别: {np.int64(0): 281232, np.int64(1): 36731, np.int64(2): 14789, np.int64(3): 10866, np.int64(4): 8585}
✅ 验证完成，耗时: 4.8秒 (0.1分钟)
训练损失: 0.0010
验证损失: 0.6944
验证准确率: 0.9666 (10598/10964) - 与Levenshtein高度相关
验证F1(加权): 0.9657 - 类别平衡更好
学习率: 0.000003
显存使用: 0.47GB (预留: 0.69GB)

生成的训练样本:
--------------------------------------------------------------------------------
输入:       LKL XJL> DCMJ> WPLXW LB<L> W><BRW BNJHWN
目标:     0 1 0 2 0 0 0 11 0 0 1 0 24 9 0 0 1 0 0 3 0 0 1 0 0 4 0 0 1 17 0 0 3 0 0 0 2 1 0 0 0
预测:     0 1 0 2 0 0 0 11 0 0 1 0 24 9 0 0 1 0 0 3 0 0 1 0 0 4 0 0 1 17 0 0 3 0 0 0 2 1 0 0 0
准确率:    1.0000 (41/41)
----------------------------------------
输入:       MVR> HW DCMJ> CTJ> MJ> >R<> DMRJ>
目标:     0 0 0 4 0 0 0 0 0 1 0 24 9 0 0 0 0 43 0 0 24 9 0 0 0 0 4 0 0 1 0 0 0 2
预测:     0 0 0 4 0 0 0 0 0 1 0 24 9 0 0 0 0 43 0 0 24 9 0 0 0 0 4 0 0 1 0 0 0 2
准确率:    1.0000 (34/34)
----------------------------------------
输入:       >JSRJL MN BTR DWJD W>MLKW <LJHWN LJWRB<M
目标:     0 0 0 0 0 0 2 0 0 0 0 0 0 0 0 0 0 0 2 0 1 17 0 0 33 0 0 0 8 1 0 0 0 0 1 0 0 0 0 0 2
预测:     0 0 0 0 0 0 2 0 0 0 0 0 0 0 0 0 0 0 2 0 1 17 0 0 33 0 0 0 8 1 0 0 0 0 1 0 0 0 0 0 2
准确率:    1.0000 (41/41)
----------------------------------------

生成的验证样本:
--------------------------------------------------------------------------------
输入:       YBJNH D>LH> LMSV> MN KL DBJC WKLJ
目标:     0 0 0 0 5 0 0 1 0 0 4 0 0 1 6 0 10 7 0 0 0 0 0 2 0 1 0 0 2 0 36 0 0 3
预测:     0 0 0 0 5 0 0 1 0 0 4 0 0 1 6 0 10 7 0 0 0 0 0 2 0 1 0 0 2 0 36 0 0 3
准确率:    1.0000 (34/34)
----------------------------------------
输入:       D>LH> LMSV> MN KL DBJC WKLJ XJLK
目标:     0 1 0 0 4 0 0 1 6 0 10 7 0 0 0 0 0 2 0 1 0 0 2 0 36 0 0 3 0 0 0 5 0
预测:     0 1 0 0 4 0 0 1 6 0 10 7 0 0 0 0 0 2 0 1 0 0 2 0 36 0 0 3 0 0 0 5 0
准确率:    1.0000 (33/33)
----------------------------------------
⏳ 验证无提升 (验证准确率: 0.9666 ≤ 0.9666)，patience: 3/50

======================================================================
🚀 Epoch 181/200
======================================================================
📚 开始训练阶段...
训练进度: 500/3164 损失=0.0001
训练进度: 1000/3164 损失=0.0062
训练进度: 1500/3164 损失=0.0000
训练进度: 2000/3164 损失=0.0001
训练进度: 2500/3164 损失=0.0005
训练进度: 3000/3164 损失=0.0000
训练进度: 3164/3164 损失=0.0000
✅ 训练完成，耗时: 57.9秒 (1.0分钟)

============================================================
📊 验证决策: Epoch 181/200
   验证间隔: 1
   是否验证: ✅ 是
   原因: 达到验证间隔 (0 == 0)
============================================================

🔍 开始验证...
验证进度: 500/686 损失=1.1582
验证进度: 686/686 损失=0.3407

📊 预测分布分析:
  - 预测的前5个类别: {np.int64(0): 283102, np.int64(1): 37073, np.int64(2): 14721, np.int64(3): 10814, np.int64(4): 8897}
  - 标签的前5个类别: {np.int64(0): 281232, np.int64(1): 36731, np.int64(2): 14789, np.int64(3): 10866, np.int64(4): 8585}
✅ 验证完成，耗时: 4.8秒 (0.1分钟)
训练损失: 0.0010
验证损失: 0.6948
验证准确率: 0.9664 (10595/10964) - 与Levenshtein高度相关
验证F1(加权): 0.9655 - 类别平衡更好
学习率: 0.000003
显存使用: 0.47GB (预留: 0.69GB)

生成的训练样本:
--------------------------------------------------------------------------------
输入:       >MRJN LH GBR> XD SLQ L>WR<N W>MR
目标:     0 0 0 7 0 0 0 1 0 0 0 0 4 0 0 0 2 0 0 0 3 0 1 0 0 0 5 0 0 1 0 0 3
预测:     0 0 0 7 0 0 0 1 0 0 0 0 4 0 0 0 2 0 0 0 3 0 1 0 0 0 5 0 0 1 0 0 3
准确率:    1.0000 (33/33)
----------------------------------------
输入:       W>JK DQLT BJWMJ <LLTH WMVJP> >JK PRT
目标:     0 1 0 0 0 0 0 0 0 2 0 1 0 0 2 0 0 0 0 13 1 12 0 1 28 20 0 7 0 0 0 0 0 0 0 0 2
预测:     0 1 0 0 0 0 0 0 0 2 0 1 0 0 2 0 0 0 0 13 1 12 0 1 28 20 0 7 0 0 0 0 0 0 0 0 2
准确率:    1.0000 (37/37)
----------------------------------------
输入:       WCQLW K>P> RWRBT> K>P> VBT> LMCKLLWTH LBJT>
目标:     0 1 0 0 3 0 0 0 0 11 0 0 0 0 0 2 23 0 0 0 0 11 0 0 0 2 23 0 0 1 6 17 0 0 7 0 1 12 0 1 0 0 4 0
预测:     0 1 0 0 3 0 0 0 0 11 0 0 0 0 0 2 23 0 0 0 0 11 0 0 0 2 23 0 0 1 6 17 0 0 7 0 1 12 0 1 0 0 4 0
准确率:    1.0000 (44/44)
----------------------------------------

生成的验证样本:
--------------------------------------------------------------------------------
输入:       YBJNH D>LH> LMSV> MN KL DBJC WKLJ
目标:     0 0 0 0 5 0 0 1 0 0 4 0 0 1 6 0 10 7 0 0 0 0 0 2 0 1 0 0 2 0 36 0 0 3
预测:     0 0 0 0 5 0 0 1 0 0 4 0 0 1 6 0 10 7 0 0 0 0 0 2 0 1 0 0 2 0 36 0 0 3
准确率:    1.0000 (34/34)
----------------------------------------
输入:       D>LH> LMSV> MN KL DBJC WKLJ XJLK
目标:     0 1 0 0 4 0 0 1 6 0 10 7 0 0 0 0 0 2 0 1 0 0 2 0 36 0 0 3 0 0 0 5 0
预测:     0 1 0 0 4 0 0 1 6 0 10 7 0 0 0 0 0 2 0 1 0 0 2 0 36 0 0 3 0 0 0 5 0
准确率:    1.0000 (33/33)
----------------------------------------
⏳ 验证无提升 (验证准确率: 0.9664 ≤ 0.9666)，patience: 4/50

======================================================================
🚀 Epoch 182/200
======================================================================
📚 开始训练阶段...
训练进度: 500/3164 损失=0.0006
训练进度: 1000/3164 损失=0.0003
训练进度: 1500/3164 损失=0.0001
训练进度: 2000/3164 损失=0.0024
训练进度: 2500/3164 损失=0.0000
训练进度: 3000/3164 损失=0.0001
训练进度: 3164/3164 损失=0.0003
✅ 训练完成，耗时: 57.8秒 (1.0分钟)

============================================================
📊 验证决策: Epoch 182/200
   验证间隔: 1
   是否验证: ✅ 是
   原因: 达到验证间隔 (0 == 0)
============================================================

🔍 开始验证...
验证进度: 500/686 损失=1.1643
验证进度: 686/686 损失=0.3494

📊 预测分布分析:
  - 预测的前5个类别: {np.int64(0): 283138, np.int64(1): 37086, np.int64(2): 14720, np.int64(3): 10816, np.int64(4): 8833}
  - 标签的前5个类别: {np.int64(0): 281232, np.int64(1): 36731, np.int64(2): 14789, np.int64(3): 10866, np.int64(4): 8585}
✅ 验证完成，耗时: 4.8秒 (0.1分钟)
训练损失: 0.0009
验证损失: 0.6968
验证准确率: 0.9665 (10596/10964) - 与Levenshtein高度相关
验证F1(加权): 0.9655 - 类别平衡更好
学习率: 0.000003
显存使用: 0.47GB (预留: 0.69GB)

生成的训练样本:
--------------------------------------------------------------------------------
输入:       W>JKN> DCMJ< LN KLHJN XLJYN WQRBTNJN WL>
目标:     0 1 0 0 0 8 0 0 1 0 8 0 40 0 1 0 0 0 5 0 0 0 0 0 8 0 7 27 0 1 0 0 0 0 0 2 0 0 1 0 0
预测:     0 1 0 0 0 8 0 0 1 0 8 0 40 0 1 0 0 0 5 0 0 0 0 0 8 0 7 27 0 1 0 0 0 0 0 2 0 0 1 0 0
准确率:    1.0000 (41/41)
----------------------------------------
输入:       BRJC> LMTKTCW <MHWN BQRB> W>MR MRJ> JHWD>
目标:     0 1 0 0 4 0 0 1 21 14 0 0 7 19 0 0 1 0 0 0 0 1 0 0 15 0 0 1 0 0 3 0 0 0 0 2 0 0 0 0 0 2
预测:     0 1 0 0 4 0 0 1 21 14 0 0 7 19 0 0 1 0 0 0 0 1 0 0 15 0 0 1 0 0 3 0 0 0 0 2 0 0 0 0 0 2
准确率:    1.0000 (42/42)
----------------------------------------
输入:       MNC> BR XZQJ> MLK> DJHWD> <BD> HLJN
目标:     0 0 0 0 2 0 0 2 0 0 0 0 0 2 0 0 0 4 0 0 1 0 0 0 0 2 0 0 0 82 0 0 0 0 0 0
预测:     0 0 0 0 2 0 0 2 0 0 0 0 0 2 0 0 0 4 0 0 1 0 0 0 0 2 0 0 0 82 0 0 0 0 0 0
准确率:    1.0000 (36/36)
----------------------------------------

生成的验证样本:
--------------------------------------------------------------------------------
输入:       YBJNH D>LH> LMSV> MN KL DBJC WKLJ
目标:     0 0 0 0 5 0 0 1 0 0 4 0 0 1 6 0 10 7 0 0 0 0 0 2 0 1 0 0 2 0 36 0 0 3
预测:     0 0 0 0 5 0 0 1 0 0 4 0 0 1 6 0 10 7 0 0 0 0 0 2 0 1 0 0 2 0 36 0 0 3
准确率:    1.0000 (34/34)
----------------------------------------
输入:       D>LH> LMSV> MN KL DBJC WKLJ XJLK
目标:     0 1 0 0 4 0 0 1 6 0 10 7 0 0 0 0 0 2 0 1 0 0 2 0 36 0 0 3 0 0 0 5 0
预测:     0 1 0 0 4 0 0 1 6 0 10 7 0 0 0 0 0 2 0 1 0 0 2 0 36 0 0 3 0 0 0 5 0
准确率:    1.0000 (33/33)
----------------------------------------
⏳ 验证无提升 (验证准确率: 0.9665 ≤ 0.9666)，patience: 5/50

======================================================================
🚀 Epoch 183/200
======================================================================
📚 开始训练阶段...
训练进度: 500/3164 损失=0.0000
训练进度: 1000/3164 损失=0.0003
训练进度: 1500/3164 损失=0.0001
训练进度: 2000/3164 损失=0.0093
训练进度: 2500/3164 损失=0.0000
训练进度: 3000/3164 损失=0.0000
训练进度: 3164/3164 损失=0.0001
✅ 训练完成，耗时: 57.7秒 (1.0分钟)

============================================================
📊 验证决策: Epoch 183/200
   验证间隔: 1
   是否验证: ✅ 是
   原因: 达到验证间隔 (0 == 0)
============================================================

🔍 开始验证...
验证进度: 500/686 损失=1.1543
验证进度: 686/686 损失=0.3387

📊 预测分布分析:
  - 预测的前5个类别: {np.int64(0): 283121, np.int64(1): 37094, np.int64(2): 14731, np.int64(3): 10810, np.int64(4): 8805}
  - 标签的前5个类别: {np.int64(0): 281232, np.int64(1): 36731, np.int64(2): 14789, np.int64(3): 10866, np.int64(4): 8585}
✅ 验证完成，耗时: 4.8秒 (0.1分钟)
训练损失: 0.0010
验证损失: 0.6988
验证准确率: 0.9665 (10597/10964) - 与Levenshtein高度相关
验证F1(加权): 0.9656 - 类别平衡更好
学习率: 0.000003
显存使用: 0.48GB (预留: 0.69GB)

生成的训练样本:
--------------------------------------------------------------------------------
输入:       BQRJT> <M NBWT >JK DCLXT LHWN >JZBL
目标:     0 1 0 0 22 9 0 0 0 0 0 0 0 0 2 0 0 0 0 0 1 0 0 3 26 0 1 0 0 0 0 0 0 0 0 2
预测:     0 1 0 0 22 9 0 0 0 0 0 0 0 0 2 0 0 0 0 0 1 0 0 3 26 0 1 0 0 0 0 0 0 0 0 2
准确率:    1.0000 (36/36)
----------------------------------------
输入:       >NWN B>JDH DJWRB<M BR JHW>C BR JHW>XZ
目标:     0 0 0 0 0 0 35 0 0 5 0 0 1 0 0 0 0 0 2 0 0 2 0 0 0 0 0 2 0 0 2 0 0 0 0 0 0 2
预测:     0 0 0 0 0 0 35 0 0 5 0 0 1 0 0 0 0 0 2 0 0 2 0 0 0 0 0 2 0 0 2 0 0 0 0 0 0 2
准确率:    1.0000 (38/38)
----------------------------------------
输入:       HW> LWTH W>STRHBT >NTT> WRHVT WXWJT LB<LH
目标:     0 0 10 3 0 0 0 1 12 0 1 47 79 17 0 0 3 26 0 0 0 13 9 0 0 1 0 0 3 26 0 1 0 0 3 26 0 1 0 0 5 12
预测:     0 0 10 3 0 0 0 1 12 0 1 47 79 17 0 0 3 26 0 0 0 13 9 0 0 1 0 0 3 26 0 1 0 0 3 26 0 1 0 0 5 12
准确率:    1.0000 (42/42)
----------------------------------------

生成的验证样本:
--------------------------------------------------------------------------------
输入:       YBJNH D>LH> LMSV> MN KL DBJC WKLJ
目标:     0 0 0 0 5 0 0 1 0 0 4 0 0 1 6 0 10 7 0 0 0 0 0 2 0 1 0 0 2 0 36 0 0 3
预测:     0 0 0 0 5 0 0 1 0 0 4 0 0 1 6 0 10 7 0 0 0 0 0 2 0 1 0 0 2 0 36 0 0 3
准确率:    1.0000 (34/34)
----------------------------------------
输入:       D>LH> LMSV> MN KL DBJC WKLJ XJLK
目标:     0 1 0 0 4 0 0 1 6 0 10 7 0 0 0 0 0 2 0 1 0 0 2 0 36 0 0 3 0 0 0 5 0
预测:     0 1 0 0 4 0 0 1 6 0 10 7 0 0 0 0 0 2 0 1 0 0 2 0 1 0 0 3 0 0 0 5 0
准确率:    0.9697 (32/33)
----------------------------------------
⏳ 验证无提升 (验证准确率: 0.9665 ≤ 0.9666)，patience: 6/50

======================================================================
🚀 Epoch 184/200
======================================================================
📚 开始训练阶段...
训练进度: 500/3164 损失=0.0006
训练进度: 1000/3164 损失=0.0001
训练进度: 1500/3164 损失=0.0000
训练进度: 2000/3164 损失=0.0000
训练进度: 2500/3164 损失=0.0048
训练进度: 3000/3164 损失=0.0000
训练进度: 3164/3164 损失=0.0000
✅ 训练完成，耗时: 57.9秒 (1.0分钟)

============================================================
📊 验证决策: Epoch 184/200
   验证间隔: 1
   是否验证: ✅ 是
   原因: 达到验证间隔 (0 == 0)
============================================================

🔍 开始验证...
验证进度: 500/686 损失=1.1129
验证进度: 686/686 损失=0.3461

📊 预测分布分析:
  - 预测的前5个类别: {np.int64(0): 283067, np.int64(1): 37072, np.int64(2): 14729, np.int64(3): 10802, np.int64(4): 8898}
  - 标签的前5个类别: {np.int64(0): 281232, np.int64(1): 36731, np.int64(2): 14789, np.int64(3): 10866, np.int64(4): 8585}
✅ 验证完成，耗时: 4.8秒 (0.1分钟)
训练损失: 0.0010
验证损失: 0.6986
验证准确率: 0.9665 (10596/10964) - 与Levenshtein高度相关
验证F1(加权): 0.9656 - 类别平衡更好
学习率: 0.000003
显存使用: 0.47GB (预留: 0.69GB)

生成的训练样本:
--------------------------------------------------------------------------------
输入:       D<WG MLK> DMTNJN BLXWDWHJ >CTXR MN CRK>
目标:     0 1 0 0 2 0 0 0 4 0 0 1 0 0 0 0 2 0 1 0 0 0 25 1 0 0 0 47 39 0 0 3 0 0 0 0 0 0 4 0
预测:     0 1 0 0 2 0 0 0 4 0 0 1 0 0 0 0 2 0 1 0 0 0 25 1 0 0 0 47 39 0 0 3 0 0 0 0 0 0 4 0
准确率:    1.0000 (40/40)
----------------------------------------
输入:       HPK> LXSD> BQWCT> KD HLJN HKJL KLHJN
目标:     0 0 0 7 0 0 1 0 0 4 0 0 1 0 0 0 4 0 0 0 0 0 0 0 0 0 0 0 0 0 0 0 0 5 0 0 0
预测:     0 0 0 7 0 0 1 0 0 4 0 0 1 0 0 0 4 0 0 0 0 0 0 0 0 0 0 0 0 0 0 0 0 5 0 0 0
准确率:    1.0000 (37/37)
----------------------------------------
输入:       D<MM> WL> NVR MDM DPQDH MRJ> W>MR
目标:     0 1 0 8 30 0 0 1 0 0 0 0 0 3 0 0 0 2 0 1 0 0 29 0 0 0 0 0 2 0 1 0 0 3
预测:     0 1 0 8 30 0 0 1 0 0 0 0 0 3 0 0 0 2 0 1 0 0 29 0 0 0 0 0 2 0 1 0 0 3
准确率:    1.0000 (34/34)
----------------------------------------

生成的验证样本:
--------------------------------------------------------------------------------
输入:       YBJNH D>LH> LMSV> MN KL DBJC WKLJ
目标:     0 0 0 0 5 0 0 1 0 0 4 0 0 1 6 0 10 7 0 0 0 0 0 2 0 1 0 0 2 0 36 0 0 3
预测:     0 0 0 0 5 0 0 1 0 0 4 0 0 1 6 0 10 7 0 0 0 0 0 2 0 1 0 0 2 0 36 0 0 3
准确率:    1.0000 (34/34)
----------------------------------------
输入:       D>LH> LMSV> MN KL DBJC WKLJ XJLK
目标:     0 1 0 0 4 0 0 1 6 0 10 7 0 0 0 0 0 2 0 1 0 0 2 0 36 0 0 3 0 0 0 5 0
预测:     0 1 0 0 4 0 0 1 6 0 10 7 0 0 0 0 0 2 0 1 0 0 2 0 36 0 0 3 0 0 0 5 0
准确率:    1.0000 (33/33)
----------------------------------------
⏳ 验证无提升 (验证准确率: 0.9665 ≤ 0.9666)，patience: 7/50

======================================================================
🚀 Epoch 185/200
======================================================================
📚 开始训练阶段...
训练进度: 500/3164 损失=0.0000
训练进度: 1000/3164 损失=0.0001
训练进度: 1500/3164 损失=0.0000
训练进度: 2000/3164 损失=0.0000
训练进度: 2500/3164 损失=0.0000
训练进度: 3000/3164 损失=0.0000
训练进度: 3164/3164 损失=0.0000
✅ 训练完成，耗时: 58.3秒 (1.0分钟)

============================================================
📊 验证决策: Epoch 185/200
   验证间隔: 1
   是否验证: ✅ 是
   原因: 达到验证间隔 (0 == 0)
============================================================

🔍 开始验证...
验证进度: 500/686 损失=1.1676
验证进度: 686/686 损失=0.3589

📊 预测分布分析:
  - 预测的前5个类别: {np.int64(0): 283136, np.int64(1): 37097, np.int64(2): 14721, np.int64(3): 10771, np.int64(4): 8863}
  - 标签的前5个类别: {np.int64(0): 281232, np.int64(1): 36731, np.int64(2): 14789, np.int64(3): 10866, np.int64(4): 8585}
✅ 验证完成，耗时: 4.8秒 (0.1分钟)
训练损失: 0.0010
验证损失: 0.7004
验证准确率: 0.9665 (10597/10964) - 与Levenshtein高度相关
验证F1(加权): 0.9656 - 类别平衡更好
学习率: 0.000002
显存使用: 0.48GB (预留: 0.69GB)

生成的训练样本:
--------------------------------------------------------------------------------
输入:       TKL> VJBWT> WL> TCTWXR MN BJT BK>
目标:     0 6 0 10 3 0 0 0 0 2 9 0 0 1 0 0 0 45 39 59 0 0 3 0 0 0 0 0 0 2 0 0 10 7
预测:     0 6 0 10 3 0 0 0 0 2 9 0 0 1 0 0 0 45 39 59 0 0 3 0 0 0 0 0 0 2 0 0 10 7
准确率:    1.0000 (34/34)
----------------------------------------
输入:       >JK RWQ> NTXCBWN WMTXCBJNN <L TCBWXT> DRBWTHWN
目标:     0 0 0 0 0 0 0 4 0 0 21 14 0 0 3 0 19 0 1 21 14 0 0 7 166 0 0 0 0 0 0 0 0 8 0 13 9 0 0 1 0 0 2 1 0 0 0
预测:     0 0 0 0 0 0 0 4 0 0 21 14 0 0 3 0 19 0 1 21 14 0 0 7 166 0 0 0 0 0 0 0 0 8 0 13 9 0 0 1 0 0 2 1 0 0 0
准确率:    1.0000 (47/47)
----------------------------------------
输入:       HJ WKD HNWN QBRJN GBR> XZW GJS>
目标:     0 0 26 0 1 0 0 0 0 0 0 0 0 0 0 7 0 0 0 0 0 4 0 0 0 18 0 0 0 0 4 0
预测:     0 0 26 0 1 0 0 0 0 0 0 0 0 0 0 7 0 0 0 0 0 4 0 0 0 18 0 0 0 0 4 0
准确率:    1.0000 (32/32)
----------------------------------------

生成的验证样本:
--------------------------------------------------------------------------------
输入:       YBJNH D>LH> LMSV> MN KL DBJC WKLJ
目标:     0 0 0 0 5 0 0 1 0 0 4 0 0 1 6 0 10 7 0 0 0 0 0 2 0 1 0 0 2 0 36 0 0 3
预测:     0 0 0 0 5 0 0 1 0 0 4 0 0 1 6 0 10 7 0 0 0 0 0 2 0 1 0 0 2 0 36 0 0 3
准确率:    1.0000 (34/34)
----------------------------------------
输入:       D>LH> LMSV> MN KL DBJC WKLJ XJLK
目标:     0 1 0 0 4 0 0 1 6 0 10 7 0 0 0 0 0 2 0 1 0 0 2 0 36 0 0 3 0 0 0 5 0
预测:     0 1 0 0 4 0 0 1 6 0 10 7 0 0 0 0 0 2 0 1 0 0 2 0 1 0 0 3 0 0 0 5 0
准确率:    0.9697 (32/33)
----------------------------------------
⏳ 验证无提升 (验证准确率: 0.9665 ≤ 0.9666)，patience: 8/50

======================================================================
🚀 Epoch 186/200
======================================================================
📚 开始训练阶段...
训练进度: 500/3164 损失=0.0000
训练进度: 1000/3164 损失=0.0005
训练进度: 1500/3164 损失=0.0000
训练进度: 2000/3164 损失=0.0005
训练进度: 2500/3164 损失=0.0000
训练进度: 3000/3164 损失=0.0016
训练进度: 3164/3164 损失=0.0002
✅ 训练完成，耗时: 58.2秒 (1.0分钟)

============================================================
📊 验证决策: Epoch 186/200
   验证间隔: 1
   是否验证: ✅ 是
   原因: 达到验证间隔 (0 == 0)
============================================================

🔍 开始验证...
验证进度: 500/686 损失=1.1682
验证进度: 686/686 损失=0.3878

📊 预测分布分析:
  - 预测的前5个类别: {np.int64(0): 283062, np.int64(1): 37095, np.int64(2): 14715, np.int64(3): 10794, np.int64(4): 8903}
  - 标签的前5个类别: {np.int64(0): 281232, np.int64(1): 36731, np.int64(2): 14789, np.int64(3): 10866, np.int64(4): 8585}
✅ 验证完成，耗时: 4.8秒 (0.1分钟)
训练损失: 0.0009
验证损失: 0.6994
验证准确率: 0.9666 (10597/10964) - 与Levenshtein高度相关
验证F1(加权): 0.9656 - 类别平衡更好
学习率: 0.000002
显存使用: 0.48GB (预留: 0.69GB)

生成的训练样本:
--------------------------------------------------------------------------------
输入:       WMXTH LSJSR> WPKTH LRJCH MXT W><BRT BYD<H
目标:     0 1 0 18 90 0 0 1 0 0 0 0 2 0 1 0 201 90 0 0 1 0 0 5 0 0 0 18 26 0 1 17 0 0 3 26 0 1 0 0 5 0
预测:     0 1 0 18 90 0 0 1 0 0 0 0 2 0 1 0 201 90 0 0 1 0 0 5 0 0 0 18 26 0 1 17 0 0 3 26 0 1 0 0 5 0
准确率:    1.0000 (42/42)
----------------------------------------
输入:       <RBT CMC> W>MR ZLW >NC LQRJTH W>NC
目标:     0 0 0 3 26 0 0 0 4 0 0 1 0 0 3 21 0 3 0 0 0 0 2 0 1 0 0 22 1 0 0 1 0 0 2
预测:     0 0 0 3 26 0 0 0 4 0 0 1 0 0 3 21 0 3 0 0 0 0 2 0 1 0 0 22 1 0 0 1 0 0 2
准确率:    1.0000 (35/35)
----------------------------------------
输入:       SGJ WXZJN L> PTX TR<> D<LJT> WNSBW
目标:     0 0 0 13 0 1 0 42 0 0 0 0 0 0 0 0 3 0 0 0 11 0 0 1 0 0 2 9 0 0 1 0 0 3 0
预测:     0 0 0 13 0 1 0 42 0 0 0 0 0 0 0 0 3 0 0 0 11 0 0 1 0 0 2 9 0 0 1 0 0 3 0
准确率:    1.0000 (35/35)
----------------------------------------

生成的验证样本:
--------------------------------------------------------------------------------
输入:       YBJNH D>LH> LMSV> MN KL DBJC WKLJ
目标:     0 0 0 0 5 0 0 1 0 0 4 0 0 1 6 0 10 7 0 0 0 0 0 2 0 1 0 0 2 0 36 0 0 3
预测:     0 0 0 0 5 0 0 1 0 0 4 0 0 1 6 0 10 7 0 0 0 0 0 2 0 1 0 0 2 0 36 0 0 3
准确率:    1.0000 (34/34)
----------------------------------------
输入:       D>LH> LMSV> MN KL DBJC WKLJ XJLK
目标:     0 1 0 0 4 0 0 1 6 0 10 7 0 0 0 0 0 2 0 1 0 0 2 0 36 0 0 3 0 0 0 5 0
预测:     0 1 0 0 4 0 0 1 6 0 10 7 0 0 0 0 0 2 0 1 0 0 2 0 36 0 0 3 0 0 0 5 0
准确率:    1.0000 (33/33)
----------------------------------------
⏳ 验证无提升 (验证准确率: 0.9666 ≤ 0.9666)，patience: 9/50

======================================================================
🚀 Epoch 187/200
======================================================================
📚 开始训练阶段...
训练进度: 500/3164 损失=0.0000
训练进度: 1000/3164 损失=0.0001
训练进度: 1500/3164 损失=0.0001
训练进度: 2000/3164 损失=0.0007
训练进度: 2500/3164 损失=0.0000
训练进度: 3000/3164 损失=0.0001
训练进度: 3164/3164 损失=0.0003
✅ 训练完成，耗时: 58.3秒 (1.0分钟)

============================================================
📊 验证决策: Epoch 187/200
   验证间隔: 1
   是否验证: ✅ 是
   原因: 达到验证间隔 (0 == 0)
============================================================

🔍 开始验证...
验证进度: 500/686 损失=1.1598
验证进度: 686/686 损失=0.4985

📊 预测分布分析:
  - 预测的前5个类别: {np.int64(0): 283104, np.int64(1): 37088, np.int64(2): 14722, np.int64(3): 10796, np.int64(4): 8861}
  - 标签的前5个类别: {np.int64(0): 281232, np.int64(1): 36731, np.int64(2): 14789, np.int64(3): 10866, np.int64(4): 8585}
✅ 验证完成，耗时: 4.8秒 (0.1分钟)
训练损失: 0.0009
验证损失: 0.7010
验证准确率: 0.9666 (10597/10964) - 与Levenshtein高度相关
验证F1(加权): 0.9656 - 类别平衡更好
学习率: 0.000002
显存使用: 0.48GB (预留: 0.69GB)

生成的训练样本:
--------------------------------------------------------------------------------
输入:       XZW> RB> D<BD MWC> L<JN KLH >JSR>JL
目标:     0 0 0 4 0 0 0 4 0 0 1 0 0 3 0 0 0 0 2 0 1 0 0 2 0 0 5 0 0 0 0 0 8 0 0 2
预测:     0 0 0 4 0 0 0 4 0 0 1 0 0 3 0 0 0 0 2 0 1 0 0 2 0 0 5 0 0 0 0 0 8 0 0 2
准确率:    1.0000 (36/36)
----------------------------------------
输入:       KRMH WL> <BDH WL> >MTH WL> TWRH
目标:     0 0 0 5 0 0 1 0 0 0 0 0 37 0 0 1 0 0 0 0 70 1 0 0 1 0 0 0 0 0 5 0
预测:     0 0 0 5 0 0 1 0 0 0 0 0 37 0 0 1 0 0 0 0 70 1 0 0 1 0 0 0 0 0 5 0
准确率:    1.0000 (32/32)
----------------------------------------
输入:       MVL DCM< DLH MCXW DNMLK XLP >BWHJ
目标:     0 0 0 0 0 1 0 0 3 0 1 1 0 0 0 0 33 0 0 1 28 0 0 33 0 0 0 2 0 0 8 5 0 0
预测:     0 0 0 0 0 1 0 0 3 0 1 1 0 0 0 0 33 0 0 1 28 0 0 33 0 0 0 2 0 0 8 5 0 0
准确率:    1.0000 (34/34)
----------------------------------------

生成的验证样本:
--------------------------------------------------------------------------------
输入:       YBJNH D>LH> LMSV> MN KL DBJC WKLJ
目标:     0 0 0 0 5 0 0 1 0 0 4 0 0 1 6 0 10 7 0 0 0 0 0 2 0 1 0 0 2 0 36 0 0 3
预测:     0 0 0 0 5 0 0 1 0 0 4 0 0 1 6 0 10 7 0 0 0 0 0 2 0 1 0 0 2 0 36 0 0 3
准确率:    1.0000 (34/34)
----------------------------------------
输入:       D>LH> LMSV> MN KL DBJC WKLJ XJLK
目标:     0 1 0 0 4 0 0 1 6 0 10 7 0 0 0 0 0 2 0 1 0 0 2 0 36 0 0 3 0 0 0 5 0
预测:     0 1 0 0 4 0 0 1 6 0 10 7 0 0 0 0 0 2 0 1 0 0 2 0 36 0 0 3 0 0 0 5 0
准确率:    1.0000 (33/33)
----------------------------------------
⏳ 验证无提升 (验证准确率: 0.9666 ≤ 0.9666)，patience: 10/50

======================================================================
🚀 Epoch 188/200
======================================================================
📚 开始训练阶段...
训练进度: 500/3164 损失=0.0001
训练进度: 1000/3164 损失=0.0000
训练进度: 1500/3164 损失=0.0001
训练进度: 2000/3164 损失=0.0012
训练进度: 2500/3164 损失=0.0033
训练进度: 3000/3164 损失=0.0000
训练进度: 3164/3164 损失=0.0000
✅ 训练完成，耗时: 58.1秒 (1.0分钟)

============================================================
📊 验证决策: Epoch 188/200
   验证间隔: 1
   是否验证: ✅ 是
   原因: 达到验证间隔 (0 == 0)
============================================================

🔍 开始验证...
验证进度: 500/686 损失=1.1710
验证进度: 686/686 损失=0.4436

📊 预测分布分析:
  - 预测的前5个类别: {np.int64(0): 283066, np.int64(1): 37098, np.int64(2): 14730, np.int64(3): 10783, np.int64(4): 8880}
  - 标签的前5个类别: {np.int64(0): 281232, np.int64(1): 36731, np.int64(2): 14789, np.int64(3): 10866, np.int64(4): 8585}
✅ 验证完成，耗时: 4.8秒 (0.1分钟)
训练损失: 0.0009
验证损失: 0.7003
验证准确率: 0.9666 (10597/10964) - 与Levenshtein高度相关
验证F1(加权): 0.9656 - 类别平衡更好
学习率: 0.000002
显存使用: 0.48GB (预留: 0.69GB)

生成的训练样本:
--------------------------------------------------------------------------------
输入:       LWX> QDMJT> DTBRT WSJM >NJN BQBWT> W<BDT
目标:     0 0 0 11 0 0 0 0 0 2 23 0 0 1 0 0 3 19 0 36 20 0 3 0 0 0 0 0 0 1 60 0 2 9 0 0 1 0 0 3 0
预测:     0 0 0 11 0 0 0 0 0 2 23 0 0 1 0 0 3 19 0 36 20 0 3 0 0 0 0 0 0 1 60 0 2 9 0 0 1 0 0 3 0
准确率:    1.0000 (41/41)
----------------------------------------
输入:       TWLD WL> NHWWN DJLK MVL DBCBJ> N>ZLWN
目标:     0 63 0 0 3 0 1 0 0 0 6 0 18 0 0 0 0 0 1 0 0 0 0 0 0 1 1 0 0 15 0 0 6 0 0 3 0 0
预测:     0 63 0 0 3 0 1 0 0 0 6 0 18 0 0 0 0 0 1 0 0 0 0 0 0 1 1 0 0 15 0 0 6 0 0 3 0 0
准确率:    1.0000 (38/38)
----------------------------------------
输入:       BJ >HPWK >TQN <MH W>GL> LH KLHJN
目标:     0 1 0 0 6 0 8 0 3 0 6 0 0 16 0 0 1 0 0 1 6 0 10 3 0 1 0 0 0 5 0 0 0
预测:     0 1 0 0 6 0 8 0 3 0 6 0 0 16 0 0 1 0 0 1 6 0 10 3 0 1 0 0 0 5 0 0 0
准确率:    1.0000 (33/33)
----------------------------------------

生成的验证样本:
--------------------------------------------------------------------------------
输入:       YBJNH D>LH> LMSV> MN KL DBJC WKLJ
目标:     0 0 0 0 5 0 0 1 0 0 4 0 0 1 6 0 10 7 0 0 0 0 0 2 0 1 0 0 2 0 36 0 0 3
预测:     0 0 0 0 5 0 0 1 0 0 4 0 0 1 6 0 10 7 0 0 0 0 0 2 0 1 0 0 2 0 36 0 0 3
准确率:    1.0000 (34/34)
----------------------------------------
输入:       D>LH> LMSV> MN KL DBJC WKLJ XJLK
目标:     0 1 0 0 4 0 0 1 6 0 10 7 0 0 0 0 0 2 0 1 0 0 2 0 36 0 0 3 0 0 0 5 0
预测:     0 1 0 0 4 0 0 1 6 0 10 7 0 0 0 0 0 2 0 1 0 0 2 0 1 0 0 3 0 0 0 5 0
准确率:    0.9697 (32/33)
----------------------------------------
⏳ 验证无提升 (验证准确率: 0.9666 ≤ 0.9666)，patience: 11/50

======================================================================
🚀 Epoch 189/200
======================================================================
📚 开始训练阶段...
训练进度: 500/3164 损失=0.0109
训练进度: 1000/3164 损失=0.0013
训练进度: 1500/3164 损失=0.0000
训练进度: 2000/3164 损失=0.0001
训练进度: 2500/3164 损失=0.0000
训练进度: 3000/3164 损失=0.0000
训练进度: 3164/3164 损失=0.0001
✅ 训练完成，耗时: 58.2秒 (1.0分钟)

============================================================
📊 验证决策: Epoch 189/200
   验证间隔: 1
   是否验证: ✅ 是
   原因: 达到验证间隔 (0 == 0)
============================================================

🔍 开始验证...
验证进度: 500/686 损失=1.1724
验证进度: 686/686 损失=0.3916

📊 预测分布分析:
  - 预测的前5个类别: {np.int64(0): 283090, np.int64(1): 37092, np.int64(2): 14729, np.int64(3): 10809, np.int64(4): 8883}
  - 标签的前5个类别: {np.int64(0): 281232, np.int64(1): 36731, np.int64(2): 14789, np.int64(3): 10866, np.int64(4): 8585}
✅ 验证完成，耗时: 4.8秒 (0.1分钟)
训练损失: 0.0008
验证损失: 0.7011
验证准确率: 0.9667 (10598/10964) - 与Levenshtein高度相关
验证F1(加权): 0.9657 - 类别平衡更好
学习率: 0.000002
显存使用: 0.47GB (预留: 0.69GB)

生成的训练样本:
--------------------------------------------------------------------------------
输入:       XDJRJN LQRJT> <LJK HC> QWM BLLJ> >NT
目标:     0 0 8 0 49 0 27 0 1 0 0 22 9 0 0 0 8 1 0 0 0 4 0 6 0 0 3 0 1 38 0 4 0 0 0 0 0
预测:     0 0 8 0 49 0 27 0 1 0 0 22 9 0 0 0 8 1 0 0 0 4 0 6 0 0 3 0 1 38 0 4 0 0 0 0 0
准确率:    1.0000 (37/37)
----------------------------------------
输入:       KL JWRQ HJ JBC> W<BD> DK>N> B<DN>
目标:     0 0 2 0 0 0 0 2 0 0 12 0 0 0 7 0 0 1 0 0 82 0 0 1 0 0 11 0 0 1 0 0 4 0
预测:     0 0 2 0 0 0 0 2 0 0 12 0 0 0 7 0 0 1 0 0 82 0 0 1 0 0 11 0 0 1 0 0 4 0
准确率:    1.0000 (34/34)
----------------------------------------
输入:       CB< CNJN WQMT >NTT> W<BDT >JK PTGMH
目标:     0 0 0 2 0 0 13 0 0 0 1 31 3 26 0 0 0 13 9 0 0 1 0 0 3 26 0 0 0 0 0 0 0 0 5 0
预测:     0 0 0 2 0 0 13 0 0 0 1 31 3 26 0 0 0 13 9 0 0 1 0 0 3 26 0 0 0 0 0 0 0 0 5 0
准确率:    1.0000 (36/36)
----------------------------------------

生成的验证样本:
--------------------------------------------------------------------------------
输入:       YBJNH D>LH> LMSV> MN KL DBJC WKLJ
目标:     0 0 0 0 5 0 0 1 0 0 4 0 0 1 6 0 10 7 0 0 0 0 0 2 0 1 0 0 2 0 36 0 0 3
预测:     0 0 0 0 5 0 0 1 0 0 4 0 0 1 6 0 10 7 0 0 0 0 0 2 0 1 0 0 2 0 36 0 0 3
准确率:    1.0000 (34/34)
----------------------------------------
输入:       D>LH> LMSV> MN KL DBJC WKLJ XJLK
目标:     0 1 0 0 4 0 0 1 6 0 10 7 0 0 0 0 0 2 0 1 0 0 2 0 36 0 0 3 0 0 0 5 0
预测:     0 1 0 0 4 0 0 1 6 0 10 7 0 0 0 0 0 2 0 1 0 0 2 0 1 0 0 3 0 0 0 5 0
准确率:    0.9697 (32/33)
----------------------------------------
💾 保存新的最佳模型！验证准确率: 0.9667 (F1: 0.9657) (Epoch 189)

======================================================================
🚀 Epoch 190/200
======================================================================
📚 开始训练阶段...
训练进度: 500/3164 损失=0.0000
训练进度: 1000/3164 损失=0.0000
训练进度: 1500/3164 损失=0.0001
训练进度: 2000/3164 损失=0.0031
训练进度: 2500/3164 损失=0.0000
训练进度: 3000/3164 损失=0.0003
训练进度: 3164/3164 损失=0.0001
✅ 训练完成，耗时: 58.3秒 (1.0分钟)

============================================================
📊 验证决策: Epoch 190/200
   验证间隔: 1
   是否验证: ✅ 是
   原因: 达到验证间隔 (0 == 0)
============================================================

🔍 开始验证...
验证进度: 500/686 损失=1.1705
验证进度: 686/686 损失=0.4001

📊 预测分布分析:
  - 预测的前5个类别: {np.int64(0): 283117, np.int64(1): 37096, np.int64(2): 14713, np.int64(3): 10807, np.int64(4): 8846}
  - 标签的前5个类别: {np.int64(0): 281232, np.int64(1): 36731, np.int64(2): 14789, np.int64(3): 10866, np.int64(4): 8585}
✅ 验证完成，耗时: 4.8秒 (0.1分钟)
训练损失: 0.0009
验证损失: 0.7031
验证准确率: 0.9666 (10597/10964) - 与Levenshtein高度相关
验证F1(加权): 0.9656 - 类别平衡更好
学习率: 0.000002
显存使用: 0.48GB (预留: 0.69GB)

生成的训练样本:
--------------------------------------------------------------------------------
输入:       DMW>B NQD> HW> WMSQ HW> LMLK> D>JSRJL
目标:     0 1 0 0 0 2 0 0 0 4 0 0 0 10 3 0 1 28 64 7 0 0 10 3 0 1 0 0 4 0 0 1 0 0 0 0 0 2
预测:     0 1 0 0 0 2 0 0 0 4 0 0 0 10 3 0 1 28 64 7 0 0 10 3 0 1 0 0 4 0 0 1 0 0 0 0 0 2
准确率:    1.0000 (38/38)
----------------------------------------
输入:       MN JWM> DCBQTH L>R<> W<DM> LHC> W>T>
目标:     0 0 0 0 0 0 4 0 0 1 0 0 3 90 12 0 1 0 0 4 0 0 1 0 0 0 0 0 1 0 4 0 0 1 0 10 3
预测:     0 0 0 0 0 0 4 0 0 1 0 0 3 90 12 0 1 0 0 4 0 0 1 0 0 0 0 0 1 0 4 0 0 1 0 10 3
准确率:    1.0000 (37/37)
----------------------------------------
输入:       D>T> W>DBRKWN L>R<> D>JK >R<KWN >R<> D>DC>
目标:     0 1 21 10 3 0 1 6 0 0 29 0 0 0 0 1 0 0 4 0 0 1 0 0 0 0 0 0 5 0 0 0 0 0 0 4 0 0 1 0 0 11 0
预测:     0 1 21 10 3 0 1 6 0 0 29 0 0 0 0 1 0 0 4 0 0 1 0 0 0 0 0 0 5 0 0 0 0 0 0 4 0 0 1 0 0 11 0
准确率:    1.0000 (43/43)
----------------------------------------

生成的验证样本:
--------------------------------------------------------------------------------
输入:       YBJNH D>LH> LMSV> MN KL DBJC WKLJ
目标:     0 0 0 0 5 0 0 1 0 0 4 0 0 1 6 0 10 7 0 0 0 0 0 2 0 1 0 0 2 0 36 0 0 3
预测:     0 0 0 0 5 0 0 1 0 0 4 0 0 1 6 0 10 7 0 0 0 0 0 2 0 1 0 0 2 0 36 0 0 3
准确率:    1.0000 (34/34)
----------------------------------------
输入:       D>LH> LMSV> MN KL DBJC WKLJ XJLK
目标:     0 1 0 0 4 0 0 1 6 0 10 7 0 0 0 0 0 2 0 1 0 0 2 0 36 0 0 3 0 0 0 5 0
预测:     0 1 0 0 4 0 0 1 6 0 10 7 0 0 0 0 0 2 0 1 0 0 2 0 1 0 0 3 0 0 0 5 0
准确率:    0.9697 (32/33)
----------------------------------------
⏳ 验证无提升 (验证准确率: 0.9666 ≤ 0.9667)，patience: 1/50

======================================================================
🚀 Epoch 191/200
======================================================================
📚 开始训练阶段...
训练进度: 500/3164 损失=0.0000
训练进度: 1000/3164 损失=0.0041
训练进度: 1500/3164 损失=0.0088
训练进度: 2000/3164 损失=0.0000
训练进度: 2500/3164 损失=0.0103
训练进度: 3000/3164 损失=0.0003
训练进度: 3164/3164 损失=0.0000
✅ 训练完成，耗时: 58.2秒 (1.0分钟)

============================================================
📊 验证决策: Epoch 191/200
   验证间隔: 1
   是否验证: ✅ 是
   原因: 达到验证间隔 (0 == 0)
============================================================

🔍 开始验证...
验证进度: 500/686 损失=1.1578
验证进度: 686/686 损失=0.4090

📊 预测分布分析:
  - 预测的前5个类别: {np.int64(0): 283037, np.int64(1): 37089, np.int64(2): 14729, np.int64(3): 10808, np.int64(4): 8864}
  - 标签的前5个类别: {np.int64(0): 281232, np.int64(1): 36731, np.int64(2): 14789, np.int64(3): 10866, np.int64(4): 8585}
✅ 验证完成，耗时: 4.8秒 (0.1分钟)
训练损失: 0.0009
验证损失: 0.7025
验证准确率: 0.9666 (10597/10964) - 与Levenshtein高度相关
验证F1(加权): 0.9656 - 类别平衡更好
学习率: 0.000002
显存使用: 0.48GB (预留: 0.69GB)

生成的训练样本:
--------------------------------------------------------------------------------
输入:       THW> SGJ>> >WRX> WNQVLJWHJ KD L> XJB
目标:     0 6 0 10 3 0 0 0 0 4 0 0 0 0 0 4 0 0 1 6 0 0 48 35 0 0 0 0 0 0 0 0 0 0 20 0 3
预测:     0 6 0 10 3 0 0 0 0 4 0 0 0 0 0 4 0 0 1 6 0 0 48 35 0 0 0 0 0 0 0 0 0 0 20 0 3
准确率:    1.0000 (37/37)
----------------------------------------
输入:       QDMJ <L SNXRJB MLK> D>TWR CM<T HN>
目标:     0 0 0 2 46 0 0 0 0 0 0 0 0 0 2 0 0 0 4 0 0 1 0 0 0 2 0 0 0 3 0 0 0 0 0
预测:     0 0 0 2 46 0 0 0 0 0 0 0 0 0 2 0 0 0 4 0 0 1 0 0 0 2 0 0 0 3 0 0 0 0 0
准确率:    1.0000 (35/35)
----------------------------------------
输入:       BMLKWT> DPRTWJ> DQVLJN >NC> NCJHWN W>XJHWN WBNJHWN
目标:     0 1 0 0 0 2 9 0 0 1 0 0 0 0 11 0 0 1 0 0 7 0 0 0 0 0 4 0 0 0 2 1 0 0 0 0 1 0 2 1 0 0 0 0 1 0 2 1 0 0 0
预测:     0 1 0 0 0 2 9 0 0 1 0 0 0 0 11 0 0 1 0 0 7 0 0 0 0 0 4 0 0 0 2 1 0 0 0 0 1 0 2 1 0 0 0 0 1 0 2 1 0 0 0
准确率:    1.0000 (51/51)
----------------------------------------

生成的验证样本:
--------------------------------------------------------------------------------
输入:       YBJNH D>LH> LMSV> MN KL DBJC WKLJ
目标:     0 0 0 0 5 0 0 1 0 0 4 0 0 1 6 0 10 7 0 0 0 0 0 2 0 1 0 0 2 0 36 0 0 3
预测:     0 0 0 0 5 0 0 1 0 0 4 0 0 1 6 0 10 7 0 0 0 0 0 2 0 1 0 0 2 0 36 0 0 3
准确率:    1.0000 (34/34)
----------------------------------------
输入:       D>LH> LMSV> MN KL DBJC WKLJ XJLK
目标:     0 1 0 0 4 0 0 1 6 0 10 7 0 0 0 0 0 2 0 1 0 0 2 0 36 0 0 3 0 0 0 5 0
预测:     0 1 0 0 4 0 0 1 6 0 10 7 0 0 0 0 0 2 0 1 0 0 2 0 1 0 0 3 0 0 0 5 0
准确率:    0.9697 (32/33)
----------------------------------------
⏳ 验证无提升 (验证准确率: 0.9666 ≤ 0.9667)，patience: 2/50

======================================================================
🚀 Epoch 192/200
======================================================================
📚 开始训练阶段...
训练进度: 500/3164 损失=0.0012
训练进度: 1000/3164 损失=0.0000
训练进度: 1500/3164 损失=0.0001
训练进度: 2000/3164 损失=0.0033
训练进度: 2500/3164 损失=0.0000
训练进度: 3000/3164 损失=0.0182
训练进度: 3164/3164 损失=0.0113
✅ 训练完成，耗时: 58.2秒 (1.0分钟)

============================================================
📊 验证决策: Epoch 192/200
   验证间隔: 1
   是否验证: ✅ 是
   原因: 达到验证间隔 (0 == 0)
============================================================

🔍 开始验证...
验证进度: 500/686 损失=1.1556
验证进度: 686/686 损失=0.3762

📊 预测分布分析:
  - 预测的前5个类别: {np.int64(0): 283098, np.int64(1): 37097, np.int64(2): 14730, np.int64(3): 10791, np.int64(4): 8860}
  - 标签的前5个类别: {np.int64(0): 281232, np.int64(1): 36731, np.int64(2): 14789, np.int64(3): 10866, np.int64(4): 8585}
✅ 验证完成，耗时: 4.8秒 (0.1分钟)
训练损失: 0.0009
验证损失: 0.7048
验证准确率: 0.9665 (10596/10964) - 与Levenshtein高度相关
验证F1(加权): 0.9655 - 类别平衡更好
学习率: 0.000001
显存使用: 0.48GB (预留: 0.69GB)

生成的训练样本:
--------------------------------------------------------------------------------
输入:       WL<LM QRY> D>NC L> T>KWL DL> MN
目标:     0 1 1 0 0 2 0 0 0 11 0 0 1 0 0 2 0 0 0 0 44 0 8 0 3 0 1 0 0 0 0 12
预测:     0 1 1 0 0 2 0 0 0 11 0 0 1 0 0 2 0 0 0 0 44 0 8 0 3 0 1 0 0 0 0 12
准确率:    1.0000 (32/32)
----------------------------------------
输入:       KLHWN PWQDNWHJ WNMWSWHJ WDJNWHJ DMPQD >N> LK
目标:     0 0 5 0 0 0 0 0 0 0 0 25 1 0 0 0 1 0 0 0 25 1 0 0 0 1 0 0 69 1 0 0 0 1 6 0 0 41 0 0 0 0 0 1 0
预测:     0 0 5 0 0 0 0 0 0 0 0 25 1 0 0 0 1 0 0 0 25 1 0 0 0 1 0 0 69 1 0 0 0 1 6 0 0 41 0 0 0 0 0 1 0
准确率:    1.0000 (45/45)
----------------------------------------
输入:       JWJD< KHN> LRBJ M>WT> CLJVJ XJL> W>MR
目标:     0 0 0 0 0 2 0 0 0 4 0 0 1 0 2 0 0 0 57 2 23 0 0 0 0 0 2 0 0 0 0 4 0 0 1 0 0 3
预测:     0 0 0 0 0 2 0 0 0 4 0 0 1 0 2 0 0 0 57 2 23 0 0 0 0 0 2 0 0 0 0 4 0 0 1 0 0 3
准确率:    1.0000 (38/38)
----------------------------------------

生成的验证样本:
--------------------------------------------------------------------------------
输入:       YBJNH D>LH> LMSV> MN KL DBJC WKLJ
目标:     0 0 0 0 5 0 0 1 0 0 4 0 0 1 6 0 10 7 0 0 0 0 0 2 0 1 0 0 2 0 36 0 0 3
预测:     0 0 0 0 5 0 0 1 0 0 4 0 0 1 6 0 10 7 0 0 0 0 0 2 0 1 0 0 2 0 36 0 0 3
准确率:    1.0000 (34/34)
----------------------------------------
输入:       D>LH> LMSV> MN KL DBJC WKLJ XJLK
目标:     0 1 0 0 4 0 0 1 6 0 10 7 0 0 0 0 0 2 0 1 0 0 2 0 36 0 0 3 0 0 0 5 0
预测:     0 1 0 0 4 0 0 1 6 0 10 7 0 0 0 0 0 2 0 1 0 0 2 0 1 0 0 3 0 0 0 5 0
准确率:    0.9697 (32/33)
----------------------------------------
⏳ 验证无提升 (验证准确率: 0.9665 ≤ 0.9667)，patience: 3/50

======================================================================
🚀 Epoch 193/200
======================================================================
📚 开始训练阶段...
训练进度: 500/3164 损失=0.0085
训练进度: 1000/3164 损失=0.0002
训练进度: 1500/3164 损失=0.0011
训练进度: 2000/3164 损失=0.0007
训练进度: 2500/3164 损失=0.0000
训练进度: 3000/3164 损失=0.0000
训练进度: 3164/3164 损失=0.0003
✅ 训练完成，耗时: 58.1秒 (1.0分钟)

============================================================
📊 验证决策: Epoch 193/200
   验证间隔: 1
   是否验证: ✅ 是
   原因: 达到验证间隔 (0 == 0)
============================================================

🔍 开始验证...
验证进度: 500/686 损失=1.1747
验证进度: 686/686 损失=0.4223

📊 预测分布分析:
  - 预测的前5个类别: {np.int64(0): 283126, np.int64(1): 37093, np.int64(2): 14730, np.int64(3): 10780, np.int64(4): 8836}
  - 标签的前5个类别: {np.int64(0): 281232, np.int64(1): 36731, np.int64(2): 14789, np.int64(3): 10866, np.int64(4): 8585}
✅ 验证完成，耗时: 4.8秒 (0.1分钟)
训练损失: 0.0008
验证损失: 0.7068
验证准确率: 0.9665 (10596/10964) - 与Levenshtein高度相关
验证F1(加权): 0.9656 - 类别平衡更好
学习率: 0.000001
显存使用: 0.48GB (预留: 0.69GB)

生成的训练样本:
--------------------------------------------------------------------------------
输入:       BJC> WDJTM> >NT HW <DWRH TBR DR<H
目标:     0 0 0 15 0 0 1 1 0 0 4 0 0 0 0 0 0 0 0 0 0 0 0 5 0 6 0 0 3 0 0 0 5 0
预测:     0 0 0 15 0 0 1 1 0 0 4 0 0 0 0 0 0 0 0 0 0 0 0 5 0 6 0 0 3 0 0 0 5 0
准确率:    1.0000 (34/34)
----------------------------------------
输入:       MKJL BSHDWTH D>JTJ> CRJR> XBT LH MLT
目标:     0 0 0 0 0 0 1 0 0 0 2 1 0 0 1 0 0 0 4 0 0 0 0 0 4 0 0 31 3 26 0 1 12 0 0 13 0
预测:     0 0 0 0 0 0 1 0 0 0 2 1 0 0 1 0 0 0 4 0 0 0 0 0 4 0 0 31 3 26 0 1 12 0 0 13 0
准确率:    1.0000 (37/37)
----------------------------------------
输入:       DN<D> <LJHWN PRZL> WNCTP< DMHWN WKLHWN >TR
目标:     0 1 6 0 10 3 0 0 8 1 0 0 0 0 0 0 0 4 0 0 1 45 39 0 0 16 0 0 5 0 0 0 0 1 0 5 0 0 0 0 0 0 2
预测:     0 1 6 0 10 3 0 0 8 1 0 0 0 0 0 0 0 4 0 0 1 45 39 0 0 16 0 0 5 0 0 0 0 1 0 5 0 0 0 0 0 0 2
准确率:    1.0000 (43/43)
----------------------------------------

生成的验证样本:
--------------------------------------------------------------------------------
输入:       YBJNH D>LH> LMSV> MN KL DBJC WKLJ
目标:     0 0 0 0 5 0 0 1 0 0 4 0 0 1 6 0 10 7 0 0 0 0 0 2 0 1 0 0 2 0 36 0 0 3
预测:     0 0 0 0 5 0 0 1 0 0 4 0 0 1 6 0 10 7 0 0 0 0 0 2 0 1 0 0 2 0 36 0 0 3
准确率:    1.0000 (34/34)
----------------------------------------
输入:       D>LH> LMSV> MN KL DBJC WKLJ XJLK
目标:     0 1 0 0 4 0 0 1 6 0 10 7 0 0 0 0 0 2 0 1 0 0 2 0 36 0 0 3 0 0 0 5 0
预测:     0 1 0 0 4 0 0 1 6 0 10 7 0 0 0 0 0 2 0 1 0 0 2 0 1 0 0 3 0 0 0 5 0
准确率:    0.9697 (32/33)
----------------------------------------
⏳ 验证无提升 (验证准确率: 0.9665 ≤ 0.9667)，patience: 4/50

======================================================================
🚀 Epoch 194/200
======================================================================
📚 开始训练阶段...
训练进度: 500/3164 损失=0.0002
训练进度: 1000/3164 损失=0.0000
训练进度: 1500/3164 损失=0.0000
训练进度: 2000/3164 损失=0.0000
训练进度: 2500/3164 损失=0.0001
训练进度: 3000/3164 损失=0.0169
训练进度: 3164/3164 损失=0.0001
✅ 训练完成，耗时: 57.9秒 (1.0分钟)

============================================================
📊 验证决策: Epoch 194/200
   验证间隔: 1
   是否验证: ✅ 是
   原因: 达到验证间隔 (0 == 0)
============================================================

🔍 开始验证...
验证进度: 500/686 损失=1.1740
验证进度: 686/686 损失=0.4144

📊 预测分布分析:
  - 预测的前5个类别: {np.int64(0): 283146, np.int64(1): 37084, np.int64(2): 14727, np.int64(3): 10784, np.int64(4): 8879}
  - 标签的前5个类别: {np.int64(0): 281232, np.int64(1): 36731, np.int64(2): 14789, np.int64(3): 10866, np.int64(4): 8585}
✅ 验证完成，耗时: 4.8秒 (0.1分钟)
训练损失: 0.0009
验证损失: 0.7074
验证准确率: 0.9665 (10597/10964) - 与Levenshtein高度相关
验证F1(加权): 0.9656 - 类别平衡更好
学习率: 0.000001
显存使用: 0.47GB (预留: 0.69GB)

生成的训练样本:
--------------------------------------------------------------------------------
输入:       MRMRTWN LMRJ> W>P MN BTR DM>T >N>
目标:     0 0 0 0 3 0 0 19 0 1 0 0 0 2 0 1 0 0 0 0 0 0 0 0 0 0 1 20 0 7 0 0 0 0
预测:     0 0 0 0 3 0 0 19 0 1 0 0 0 2 0 1 0 0 0 0 0 0 0 0 0 0 1 20 0 7 0 0 0 0
准确率:    1.0000 (34/34)
----------------------------------------
输入:       CNJN >MLK B>WRCLM WCM> D>MH YWB> MN
目标:     0 0 13 0 0 0 17 0 0 33 0 1 0 0 0 0 0 2 0 1 0 4 0 0 1 0 5 0 0 0 0 0 22 0 0 0
预测:     0 0 13 0 0 0 17 0 0 33 0 1 0 0 0 0 0 2 0 1 0 4 0 0 1 0 5 0 0 0 0 0 22 0 0 0
准确率:    1.0000 (36/36)
----------------------------------------
输入:       LHLJN KLHJN MLKWT> D<BRJN >NTWN LHJN L>
目标:     0 1 0 0 0 0 0 0 5 0 0 0 0 0 0 0 2 23 0 0 1 0 0 7 0 0 0 0 0 0 0 0 0 1 0 0 0 0 0 0
预测:     0 1 0 0 0 0 0 0 5 0 0 0 0 0 0 0 2 23 0 0 1 0 0 7 0 0 0 0 0 0 0 0 0 1 0 0 0 0 0 0
准确率:    1.0000 (40/40)
----------------------------------------

生成的验证样本:
--------------------------------------------------------------------------------
输入:       YBJNH D>LH> LMSV> MN KL DBJC WKLJ
目标:     0 0 0 0 5 0 0 1 0 0 4 0 0 1 6 0 10 7 0 0 0 0 0 2 0 1 0 0 2 0 36 0 0 3
预测:     0 0 0 0 5 0 0 1 0 0 4 0 0 1 6 0 10 7 0 0 0 0 0 2 0 1 0 0 2 0 36 0 0 3
准确率:    1.0000 (34/34)
----------------------------------------
输入:       D>LH> LMSV> MN KL DBJC WKLJ XJLK
目标:     0 1 0 0 4 0 0 1 6 0 10 7 0 0 0 0 0 2 0 1 0 0 2 0 36 0 0 3 0 0 0 5 0
预测:     0 1 0 0 4 0 0 1 6 0 10 7 0 0 0 0 0 2 0 1 0 0 2 0 1 0 0 3 0 0 0 5 0
准确率:    0.9697 (32/33)
----------------------------------------
⏳ 验证无提升 (验证准确率: 0.9665 ≤ 0.9667)，patience: 5/50

======================================================================
🚀 Epoch 195/200
======================================================================
📚 开始训练阶段...
训练进度: 500/3164 损失=0.0000
训练进度: 1000/3164 损失=0.0003
训练进度: 1500/3164 损失=0.0003
训练进度: 2000/3164 损失=0.0002
训练进度: 2500/3164 损失=0.0000
训练进度: 3000/3164 损失=0.0001
训练进度: 3164/3164 损失=0.0000
✅ 训练完成，耗时: 57.9秒 (1.0分钟)

============================================================
📊 验证决策: Epoch 195/200
   验证间隔: 1
   是否验证: ✅ 是
   原因: 达到验证间隔 (0 == 0)
============================================================

🔍 开始验证...
验证进度: 500/686 损失=1.1478
验证进度: 686/686 损失=0.4203

📊 预测分布分析:
  - 预测的前5个类别: {np.int64(0): 283082, np.int64(1): 37088, np.int64(2): 14722, np.int64(3): 10791, np.int64(4): 8882}
  - 标签的前5个类别: {np.int64(0): 281232, np.int64(1): 36731, np.int64(2): 14789, np.int64(3): 10866, np.int64(4): 8585}
✅ 验证完成，耗时: 4.8秒 (0.1分钟)
训练损失: 0.0008
验证损失: 0.7058
验证准确率: 0.9665 (10597/10964) - 与Levenshtein高度相关
验证F1(加权): 0.9656 - 类别平衡更好
学习率: 0.000001
显存使用: 0.48GB (预留: 0.69GB)

生成的训练样本:
--------------------------------------------------------------------------------
输入:       BTR JWMT> LMSBH WSV> LMXZ> TGRWMT> D>RJ>
目标:     0 0 0 0 0 0 0 2 23 0 0 1 34 0 74 12 0 1 0 10 3 0 1 6 0 10 7 0 60 0 0 0 13 9 0 0 1 0 0 4 0
预测:     0 0 0 0 0 0 0 2 23 0 0 1 34 0 74 12 0 1 0 10 3 0 1 6 0 10 7 0 60 0 0 0 13 9 0 0 1 0 0 4 0
准确率:    1.0000 (41/41)
----------------------------------------
输入:       >GRTJ QR>WH BKNCJKWN BBVJLWT> WHWJTWN MTHGJN BH
目标:     0 0 0 13 1 0 6 0 10 3 1 12 0 1 0 0 22 1 0 0 0 0 1 0 0 0 0 2 9 0 0 1 0 0 3 0 0 0 0 21 14 0 42 0 19 0 1 12
预测:     0 0 0 13 1 0 6 0 10 3 1 12 0 1 0 0 22 1 0 0 0 0 1 0 0 0 0 2 9 0 0 1 0 0 3 0 0 0 0 21 14 0 42 0 19 0 1 12
准确率:    1.0000 (48/48)
----------------------------------------
输入:       >NWN MRJ> >LHK QDMJK WTMX> >NWN MXWT>
目标:     0 0 0 0 0 0 0 0 0 2 0 0 0 5 0 0 0 0 2 1 0 0 1 6 0 10 3 0 0 0 0 0 0 0 0 13 9 0
预测:     0 0 0 0 0 0 0 0 0 2 0 0 0 5 0 0 0 0 2 1 0 0 1 6 0 10 3 0 0 0 0 0 0 0 0 13 9 0
准确率:    1.0000 (38/38)
----------------------------------------

生成的验证样本:
--------------------------------------------------------------------------------
输入:       YBJNH D>LH> LMSV> MN KL DBJC WKLJ
目标:     0 0 0 0 5 0 0 1 0 0 4 0 0 1 6 0 10 7 0 0 0 0 0 2 0 1 0 0 2 0 36 0 0 3
预测:     0 0 0 0 5 0 0 1 0 0 4 0 0 1 6 0 10 7 0 0 0 0 0 2 0 1 0 0 2 0 36 0 0 3
准确率:    1.0000 (34/34)
----------------------------------------
输入:       D>LH> LMSV> MN KL DBJC WKLJ XJLK
目标:     0 1 0 0 4 0 0 1 6 0 10 7 0 0 0 0 0 2 0 1 0 0 2 0 36 0 0 3 0 0 0 5 0
预测:     0 1 0 0 4 0 0 1 6 0 10 7 0 0 0 0 0 2 0 1 0 0 2 0 36 0 0 3 0 0 0 5 0
准确率:    1.0000 (33/33)
----------------------------------------
⏳ 验证无提升 (验证准确率: 0.9665 ≤ 0.9667)，patience: 6/50

======================================================================
🚀 Epoch 196/200
======================================================================
📚 开始训练阶段...
训练进度: 500/3164 损失=0.0000
训练进度: 1000/3164 损失=0.0076
训练进度: 1500/3164 损失=0.0004
训练进度: 2000/3164 损失=0.0000
训练进度: 2500/3164 损失=0.0000
训练进度: 3000/3164 损失=0.0000
训练进度: 3164/3164 损失=0.0019
✅ 训练完成，耗时: 57.7秒 (1.0分钟)

============================================================
📊 验证决策: Epoch 196/200
   验证间隔: 1
   是否验证: ✅ 是
   原因: 达到验证间隔 (0 == 0)
============================================================

🔍 开始验证...
验证进度: 500/686 损失=1.1581
验证进度: 686/686 损失=0.4408

📊 预测分布分析:
  - 预测的前5个类别: {np.int64(0): 283108, np.int64(1): 37094, np.int64(2): 14728, np.int64(3): 10791, np.int64(4): 8878}
  - 标签的前5个类别: {np.int64(0): 281232, np.int64(1): 36731, np.int64(2): 14789, np.int64(3): 10866, np.int64(4): 8585}
✅ 验证完成，耗时: 4.9秒 (0.1分钟)
训练损失: 0.0008
验证损失: 0.7063
验证准确率: 0.9665 (10597/10964) - 与Levenshtein高度相关
验证F1(加权): 0.9656 - 类别平衡更好
学习率: 0.000001
显存使用: 0.48GB (预留: 0.69GB)

生成的训练样本:
--------------------------------------------------------------------------------
输入:       WXZ> DL> <HN CMH LTWRGMH WL> DXMC>
目标:     0 1 0 10 3 0 1 0 0 0 0 0 3 0 0 5 0 0 1 0 0 0 0 5 0 0 1 0 0 0 1 0 0 4 0
预测:     0 1 0 10 3 0 1 0 0 0 0 0 3 0 0 5 0 0 1 0 0 0 0 5 0 0 1 0 0 0 1 0 0 4 0
准确率:    1.0000 (35/35)
----------------------------------------
输入:       DBCMH DMRJ> >QR> HBW RBWT> L>LHN TQJP>
目标:     0 1 1 0 5 0 0 1 0 0 0 2 0 6 0 10 3 52 0 3 0 0 0 0 2 9 0 0 1 0 0 5 0 0 0 8 0 7 27
预测:     0 1 1 0 5 0 0 1 0 0 0 2 0 6 0 10 3 52 0 3 0 0 0 0 2 9 0 0 1 0 0 5 0 0 0 8 0 7 27
准确率:    1.0000 (39/39)
----------------------------------------
输入:       SQWBLH DNWR> L> CBQWH MDJN DTQRWB YJD
目标:     0 0 0 0 0 5 12 0 1 0 0 4 0 0 0 0 0 0 0 3 1 12 0 0 0 0 12 0 1 44 0 8 0 3 0 0 0 2
预测:     0 0 0 0 0 5 12 0 1 0 0 4 0 0 0 0 0 0 0 3 1 12 0 0 0 0 12 0 1 44 0 8 0 3 0 0 0 2
准确率:    1.0000 (38/38)
----------------------------------------

生成的验证样本:
--------------------------------------------------------------------------------
输入:       YBJNH D>LH> LMSV> MN KL DBJC WKLJ
目标:     0 0 0 0 5 0 0 1 0 0 4 0 0 1 6 0 10 7 0 0 0 0 0 2 0 1 0 0 2 0 36 0 0 3
预测:     0 0 0 0 5 0 0 1 0 0 4 0 0 1 6 0 10 7 0 0 0 0 0 2 0 1 0 0 2 0 36 0 0 3
准确率:    1.0000 (34/34)
----------------------------------------
输入:       D>LH> LMSV> MN KL DBJC WKLJ XJLK
目标:     0 1 0 0 4 0 0 1 6 0 10 7 0 0 0 0 0 2 0 1 0 0 2 0 36 0 0 3 0 0 0 5 0
预测:     0 1 0 0 4 0 0 1 6 0 10 7 0 0 0 0 0 2 0 1 0 0 2 0 1 0 0 3 0 0 0 5 0
准确率:    0.9697 (32/33)
----------------------------------------
⏳ 验证无提升 (验证准确率: 0.9665 ≤ 0.9667)，patience: 7/50

======================================================================
🚀 Epoch 197/200
======================================================================
📚 开始训练阶段...
训练进度: 500/3164 损失=0.0000
训练进度: 1000/3164 损失=0.0000
训练进度: 1500/3164 损失=0.0000
训练进度: 2000/3164 损失=0.0001
训练进度: 2500/3164 损失=0.0081
训练进度: 3000/3164 损失=0.0000
训练进度: 3164/3164 损失=0.0000
✅ 训练完成，耗时: 57.8秒 (1.0分钟)

============================================================
📊 验证决策: Epoch 197/200
   验证间隔: 1
   是否验证: ✅ 是
   原因: 达到验证间隔 (0 == 0)
============================================================

🔍 开始验证...
验证进度: 500/686 损失=1.1562
验证进度: 686/686 损失=0.4217

📊 预测分布分析:
  - 预测的前5个类别: {np.int64(0): 283135, np.int64(1): 37093, np.int64(2): 14719, np.int64(3): 10819, np.int64(4): 8870}
  - 标签的前5个类别: {np.int64(0): 281232, np.int64(1): 36731, np.int64(2): 14789, np.int64(3): 10866, np.int64(4): 8585}
✅ 验证完成，耗时: 4.8秒 (0.1分钟)
训练损失: 0.0009
验证损失: 0.7066
验证准确率: 0.9665 (10597/10964) - 与Levenshtein高度相关
验证F1(加权): 0.9656 - 类别平衡更好
学习率: 0.000001
显存使用: 0.48GB (预留: 0.69GB)

生成的训练样本:
--------------------------------------------------------------------------------
输入:       LBL<M BR B<WR MN PJTWR D>RM NHRJN
目标:     0 1 0 0 0 2 0 0 2 0 0 0 0 2 0 0 0 0 0 0 0 0 2 0 1 0 0 2 0 0 0 2 0 0
预测:     0 1 0 0 0 2 0 0 2 0 0 0 0 2 0 0 0 0 0 0 0 0 2 0 1 0 0 2 0 0 0 2 0 0
准确率:    1.0000 (34/34)
----------------------------------------
输入:       LM>MR SQ LWT XLQJ> KHN> RB> WNCLM
目标:     0 1 6 0 0 7 6 64 3 0 0 0 0 0 0 0 0 0 2 0 0 0 4 0 0 0 4 0 0 1 28 0 0 3
预测:     0 1 6 0 0 7 6 64 3 0 0 0 0 0 0 0 0 0 2 0 0 0 4 0 0 0 4 0 0 1 28 0 0 3
准确率:    1.0000 (34/34)
----------------------------------------
输入:       MVWL DXRT> DKLHWN BNJNC> LRMT> HWJ> L>
目标:     0 0 8 0 0 0 1 0 13 9 0 0 1 0 5 0 0 0 0 0 2 75 0 4 0 0 1 0 13 9 0 0 0 0 7 0 0 0 0
预测:     0 0 8 0 0 0 1 0 13 9 0 0 1 0 5 0 0 0 0 0 2 75 0 4 0 0 1 0 13 9 0 0 0 0 7 0 0 0 0
准确率:    1.0000 (39/39)
----------------------------------------

生成的验证样本:
--------------------------------------------------------------------------------
输入:       YBJNH D>LH> LMSV> MN KL DBJC WKLJ
目标:     0 0 0 0 5 0 0 1 0 0 4 0 0 1 6 0 10 7 0 0 0 0 0 2 0 1 0 0 2 0 36 0 0 3
预测:     0 0 0 0 5 0 0 1 0 0 4 0 0 1 6 0 10 7 0 0 0 0 0 2 0 1 0 0 2 0 36 0 0 3
准确率:    1.0000 (34/34)
----------------------------------------
输入:       D>LH> LMSV> MN KL DBJC WKLJ XJLK
目标:     0 1 0 0 4 0 0 1 6 0 10 7 0 0 0 0 0 2 0 1 0 0 2 0 36 0 0 3 0 0 0 5 0
预测:     0 1 0 0 4 0 0 1 6 0 10 7 0 0 0 0 0 2 0 1 0 0 2 0 36 0 0 3 0 0 0 5 0
准确率:    1.0000 (33/33)
----------------------------------------
⏳ 验证无提升 (验证准确率: 0.9665 ≤ 0.9667)，patience: 8/50

======================================================================
🚀 Epoch 198/200
======================================================================
📚 开始训练阶段...
训练进度: 500/3164 损失=0.0000
训练进度: 1000/3164 损失=0.0007
训练进度: 1500/3164 损失=0.0008
训练进度: 2000/3164 损失=0.0000
训练进度: 2500/3164 损失=0.0000
训练进度: 3000/3164 损失=0.0000
训练进度: 3164/3164 损失=0.0001
✅ 训练完成，耗时: 57.8秒 (1.0分钟)

============================================================
📊 验证决策: Epoch 198/200
   验证间隔: 1
   是否验证: ✅ 是
   原因: 达到验证间隔 (0 == 0)
============================================================

🔍 开始验证...
验证进度: 500/686 损失=1.1464
验证进度: 686/686 损失=0.4222

📊 预测分布分析:
  - 预测的前5个类别: {np.int64(0): 283107, np.int64(1): 37093, np.int64(2): 14730, np.int64(3): 10812, np.int64(4): 8862}
  - 标签的前5个类别: {np.int64(0): 281232, np.int64(1): 36731, np.int64(2): 14789, np.int64(3): 10866, np.int64(4): 8585}
✅ 验证完成，耗时: 4.8秒 (0.1分钟)
训练损失: 0.0008
验证损失: 0.7065
验证准确率: 0.9665 (10597/10964) - 与Levenshtein高度相关
验证F1(加权): 0.9656 - 类别平衡更好
学习率: 0.000001
显存使用: 0.47GB (预留: 0.69GB)

生成的训练样本:
--------------------------------------------------------------------------------
输入:       W<BDW BNJ >JSRJL DBJC QDM MRJ> WPLXW
目标:     0 1 0 0 3 0 0 0 2 0 0 0 0 0 0 0 2 0 1 0 0 2 0 0 0 2 0 0 0 0 2 0 1 0 0 3 0
预测:     0 1 0 0 3 0 0 0 2 0 0 0 0 0 0 0 2 0 1 0 0 2 0 0 0 2 0 0 0 0 2 0 1 0 0 3 0
准确率:    1.0000 (37/37)
----------------------------------------
输入:       ND<KWN MJ> HKN> ZDQT> CBQ> XVH> D<BD
目标:     0 6 0 0 3 0 19 0 24 9 0 0 0 0 0 0 0 0 0 13 9 0 0 0 0 7 0 0 0 0 11 0 0 1 0 0 7
预测:     0 6 0 0 3 0 19 0 24 9 0 0 0 0 0 0 0 0 0 13 9 0 0 0 0 7 0 0 0 0 11 0 0 1 0 0 7
准确率:    1.0000 (37/37)
----------------------------------------
输入:       >LHKWN L> TT<RDWN WL> T<BDWN QWDXT> BJT
目标:     0 0 0 5 0 0 0 0 0 0 0 21 14 0 0 33 0 0 0 1 0 0 0 6 0 0 3 0 0 0 0 0 0 2 23 0 0 0 66 0
预测:     0 0 0 5 0 0 0 0 0 0 0 21 14 0 0 33 0 0 0 1 0 0 0 6 0 0 3 0 0 0 0 0 0 2 23 0 0 0 66 0
准确率:    1.0000 (40/40)
----------------------------------------

生成的验证样本:
--------------------------------------------------------------------------------
输入:       YBJNH D>LH> LMSV> MN KL DBJC WKLJ
目标:     0 0 0 0 5 0 0 1 0 0 4 0 0 1 6 0 10 7 0 0 0 0 0 2 0 1 0 0 2 0 36 0 0 3
预测:     0 0 0 0 5 0 0 1 0 0 4 0 0 1 6 0 10 7 0 0 0 0 0 2 0 1 0 0 2 0 36 0 0 3
准确率:    1.0000 (34/34)
----------------------------------------
输入:       D>LH> LMSV> MN KL DBJC WKLJ XJLK
目标:     0 1 0 0 4 0 0 1 6 0 10 7 0 0 0 0 0 2 0 1 0 0 2 0 36 0 0 3 0 0 0 5 0
预测:     0 1 0 0 4 0 0 1 6 0 10 7 0 0 0 0 0 2 0 1 0 0 2 0 36 0 0 3 0 0 0 5 0
准确率:    1.0000 (33/33)
----------------------------------------
⏳ 验证无提升 (验证准确率: 0.9665 ≤ 0.9667)，patience: 9/50

======================================================================
🚀 Epoch 199/200
======================================================================
📚 开始训练阶段...
训练进度: 500/3164 损失=0.0002
训练进度: 1000/3164 损失=0.0001
训练进度: 1500/3164 损失=0.0000
训练进度: 2000/3164 损失=0.0021
训练进度: 2500/3164 损失=0.0001
训练进度: 3000/3164 损失=0.0000
训练进度: 3164/3164 损失=0.0000
✅ 训练完成，耗时: 57.5秒 (1.0分钟)

============================================================
📊 验证决策: Epoch 199/200
   验证间隔: 1
   是否验证: ✅ 是
   原因: 达到验证间隔 (0 == 0)
============================================================

🔍 开始验证...
验证进度: 500/686 损失=1.1513
验证进度: 686/686 损失=0.4576

📊 预测分布分析:
  - 预测的前5个类别: {np.int64(0): 283149, np.int64(1): 37092, np.int64(2): 14726, np.int64(3): 10771, np.int64(4): 8884}
  - 标签的前5个类别: {np.int64(0): 281232, np.int64(1): 36731, np.int64(2): 14789, np.int64(3): 10866, np.int64(4): 8585}
✅ 验证完成，耗时: 4.7秒 (0.1分钟)
训练损失: 0.0008
验证损失: 0.7088
验证准确率: 0.9665 (10597/10964) - 与Levenshtein高度相关
验证F1(加权): 0.9656 - 类别平衡更好
学习率: 0.000001
显存使用: 0.47GB (预留: 0.69GB)

生成的训练样本:
--------------------------------------------------------------------------------
输入:       >JK TNN> N<BRWN WRNJNN <L CWPR> DXJWTHWN
目标:     0 0 0 0 0 0 0 4 0 0 28 0 0 3 0 0 0 1 0 42 87 0 0 0 0 0 0 0 0 0 4 0 0 1 0 0 13 1 0 0 0
预测:     0 0 0 0 0 0 0 4 0 0 28 0 0 3 0 0 0 1 0 42 87 0 0 0 0 0 0 0 0 0 4 0 0 1 0 0 13 1 0 0 0
准确率:    1.0000 (41/41)
----------------------------------------
输入:       W>JK BSM> VB> NBSM RJXKWN >JK RJX>
目标:     0 1 0 0 0 0 0 0 11 0 0 0 11 0 0 6 0 0 33 0 0 0 5 0 0 0 0 0 0 0 0 0 0 4 0
预测:     0 1 0 0 0 0 0 0 11 0 0 0 11 0 0 6 0 0 33 0 0 0 5 0 0 0 0 0 0 0 0 0 0 4 0
准确率:    1.0000 (35/35)
----------------------------------------
输入:       JWMN> >TXZ> LH W>ZL <WBDJ> L>WR<H D>XB
目标:     0 0 0 0 4 0 0 21 14 0 10 3 0 1 0 0 1 0 0 3 0 0 0 0 0 0 2 0 1 0 0 0 5 0 0 1 0 0 2
预测:     0 0 0 0 4 0 0 21 14 0 10 3 0 1 0 0 1 0 0 3 0 0 0 0 0 0 2 0 1 0 0 0 5 0 0 1 0 0 2
准确率:    1.0000 (39/39)
----------------------------------------

生成的验证样本:
--------------------------------------------------------------------------------
输入:       YBJNH D>LH> LMSV> MN KL DBJC WKLJ
目标:     0 0 0 0 5 0 0 1 0 0 4 0 0 1 6 0 10 7 0 0 0 0 0 2 0 1 0 0 2 0 36 0 0 3
预测:     0 0 0 0 5 0 0 1 0 0 4 0 0 1 6 0 10 7 0 0 0 0 0 2 0 1 0 0 2 0 36 0 0 3
准确率:    1.0000 (34/34)
----------------------------------------
输入:       D>LH> LMSV> MN KL DBJC WKLJ XJLK
目标:     0 1 0 0 4 0 0 1 6 0 10 7 0 0 0 0 0 2 0 1 0 0 2 0 36 0 0 3 0 0 0 5 0
预测:     0 1 0 0 4 0 0 1 6 0 10 7 0 0 0 0 0 2 0 1 0 0 2 0 36 0 0 3 0 0 0 5 0
准确率:    1.0000 (33/33)
----------------------------------------
⏳ 验证无提升 (验证准确率: 0.9665 ≤ 0.9667)，patience: 10/50

======================================================================
🚀 Epoch 200/200
======================================================================
📚 开始训练阶段...
训练进度: 500/3164 损失=0.0000
训练进度: 1000/3164 损失=0.0001
训练进度: 1500/3164 损失=0.0000
训练进度: 2000/3164 损失=0.0000
训练进度: 2500/3164 损失=0.0020
训练进度: 3000/3164 损失=0.0000
训练进度: 3164/3164 损失=0.0001
✅ 训练完成，耗时: 57.7秒 (1.0分钟)

============================================================
📊 验证决策: Epoch 200/200
   验证间隔: 1
   是否验证: ✅ 是
   原因: 最后一个epoch
============================================================

🔍 开始验证...
验证进度: 500/686 损失=1.1393
验证进度: 686/686 损失=0.4322

📊 预测分布分析:
  - 预测的前5个类别: {np.int64(0): 283128, np.int64(1): 37088, np.int64(2): 14726, np.int64(3): 10791, np.int64(4): 8872}
  - 标签的前5个类别: {np.int64(0): 281232, np.int64(1): 36731, np.int64(2): 14789, np.int64(3): 10866, np.int64(4): 8585}
✅ 验证完成，耗时: 4.7秒 (0.1分钟)
训练损失: 0.0008
验证损失: 0.7078
验证准确率: 0.9666 (10597/10964) - 与Levenshtein高度相关
验证F1(加权): 0.9656 - 类别平衡更好
学习率: 0.000001
显存使用: 0.48GB (预留: 0.69GB)

生成的训练样本:
--------------------------------------------------------------------------------
输入:       GLJL KD XDR> W<L RJCH D>GN> W>JDHTH
目标:     0 0 8 0 40 0 0 0 0 0 0 4 0 0 1 0 0 0 0 0 5 12 0 1 0 0 4 0 0 35 0 0 8 2 32 12
预测:     0 0 8 0 40 0 0 0 0 0 0 4 0 0 1 0 0 0 0 0 5 12 0 1 0 0 4 0 0 35 0 0 8 2 32 12
准确率:    1.0000 (36/36)
----------------------------------------
输入:       W>MR LH SQ LVWR> HN> D<BRJ> LVWR>
目标:     0 1 0 0 3 0 1 0 6 64 3 0 1 0 0 4 0 0 0 0 0 0 1 0 0 0 11 0 0 1 0 0 4 0
预测:     0 1 0 0 3 0 1 0 6 64 3 0 1 0 0 4 0 0 0 0 0 0 1 0 0 0 11 0 0 1 0 0 4 0
准确率:    1.0000 (34/34)
----------------------------------------
输入:       BBJT >BWK WBKLH <MK >NTT> D>ZL >NT
目标:     0 1 0 0 2 0 0 8 5 0 0 1 1 0 5 0 0 0 1 0 0 0 0 13 9 0 0 1 0 0 7 0 0 0 0
预测:     0 1 0 0 2 0 0 8 5 0 0 1 1 0 5 0 0 0 1 0 0 0 0 13 9 0 0 1 0 0 7 0 0 0 0
准确率:    1.0000 (35/35)
----------------------------------------

生成的验证样本:
--------------------------------------------------------------------------------
输入:       YBJNH D>LH> LMSV> MN KL DBJC WKLJ
目标:     0 0 0 0 5 0 0 1 0 0 4 0 0 1 6 0 10 7 0 0 0 0 0 2 0 1 0 0 2 0 36 0 0 3
预测:     0 0 0 0 5 0 0 1 0 0 4 0 0 1 6 0 10 7 0 0 0 0 0 2 0 1 0 0 2 0 36 0 0 3
准确率:    1.0000 (34/34)
----------------------------------------
输入:       D>LH> LMSV> MN KL DBJC WKLJ XJLK
目标:     0 1 0 0 4 0 0 1 6 0 10 7 0 0 0 0 0 2 0 1 0 0 2 0 36 0 0 3 0 0 0 5 0
预测:     0 1 0 0 4 0 0 1 6 0 10 7 0 0 0 0 0 2 0 1 0 0 2 0 36 0 0 3 0 0 0 5 0
准确率:    1.0000 (33/33)
----------------------------------------
⏳ 验证无提升 (验证准确率: 0.9666 ≤ 0.9667)，patience: 11/50

📄 训练状态已保存到: outputs/mdlm_train_20260129_120023_seed789/training_status.json

==================================================
训练结束摘要
==================================================
状态: completed
完成轮数: 200/200
最佳验证准确率: 0.9667
最佳模型轮数: 189
最终显存使用: 0.48GB
==================================================
⏱️  训练耗时: 209.8 分钟

📥 加载最佳模型进行最终评估...
评估中:   0%|          | 0/680 [00:00<?, ?it/s]评估中:   3%|▎         | 19/680 [00:00<00:03, 189.47it/s]评估中:   7%|▋         | 47/680 [00:00<00:02, 241.70it/s]评估中:  11%|█         | 75/680 [00:00<00:02, 258.95it/s]评估中:  15%|█▌        | 103/680 [00:00<00:02, 266.67it/s]评估中:  19%|█▉        | 132/680 [00:00<00:02, 272.62it/s]评估中:  24%|██▎       | 160/680 [00:00<00:01, 274.82it/s]评估中:  28%|██▊       | 189/680 [00:00<00:01, 277.01it/s]评估中:  32%|███▏      | 218/680 [00:00<00:01, 277.98it/s]评估中:  36%|███▌      | 246/680 [00:00<00:01, 278.23it/s]评估中:  40%|████      | 275/680 [00:01<00:01, 279.76it/s]评估中:  45%|████▍     | 304/680 [00:01<00:01, 281.05it/s]评估中:  49%|████▉     | 333/680 [00:01<00:01, 276.69it/s]评估中:  53%|█████▎    | 362/680 [00:01<00:01, 277.72it/s]评估中:  57%|█████▊    | 391/680 [00:01<00:01, 280.22it/s]评估中:  62%|██████▏   | 420/680 [00:01<00:00, 281.68it/s]评估中:  66%|██████▌   | 449/680 [00:01<00:00, 282.66it/s]评估中:  70%|███████   | 478/680 [00:01<00:00, 280.96it/s]评估中:  75%|███████▍  | 507/680 [00:01<00:00, 282.29it/s]评估中:  79%|███████▉  | 536/680 [00:01<00:00, 281.25it/s]评估中:  83%|████████▎ | 565/680 [00:02<00:00, 282.94it/s]评估中:  87%|████████▋ | 594/680 [00:02<00:00, 282.80it/s]评估中:  92%|█████████▏| 623/680 [00:02<00:00, 282.34it/s]评估中:  96%|█████████▌| 652/680 [00:02<00:00, 283.93it/s]评估中: 100%|██████████| 680/680 [00:02<00:00, 277.65it/s]

生成的测试样本:
--------------------------------------------------------------------------------
输入:      WBHLJN KLHJN NJX> B<JT LJ DB>JN> JWTRN>
目标:     0 1 1 0 0 0 0 0 0 5 0 0 0 0 0 0 4 0 0 0 0 3 0 0 1 0 0 1 1 0 0 0 0 0 0 0 0 0 4 0
预测:     0 1 1 0 0 0 0 0 0 5 0 0 0 0 0 0 4 0 0 0 0 3 0 0 1 0 0 1 1 0 0 0 0 0 0 0 0 0 4 0
----------------------------------------
输入:      KLHJN NJX> B<JT LJ DB>JN> JWTRN> >CR>
目标:     0 0 5 0 0 0 0 0 0 4 0 0 0 0 3 0 0 1 0 0 1 1 0 0 0 0 0 0 0 0 0 4 0 0 6 0 10 3
预测:     0 0 5 0 0 0 0 0 0 4 0 0 0 0 3 0 0 1 0 0 1 1 0 0 0 0 0 0 0 0 0 4 0 0 6 0 10 3
----------------------------------------
输入:      NJX> B<JT LJ DB>JN> JWTRN> >CR> HJDJN
目标:     0 0 0 4 0 0 0 0 3 0 0 1 0 0 1 1 0 0 0 0 0 0 0 0 0 4 0 0 6 0 10 3 0 0 0 0 0 0
预测:     0 0 0 4 0 0 0 0 3 0 0 1 0 0 1 1 0 0 0 0 0 0 0 0 0 4 0 0 6 0 10 3 0 0 0 0 0 0
----------------------------------------
输入:      B<JT LJ DB>JN> JWTRN> >CR> HJDJN PQDNJ
目标:     0 0 0 3 0 0 1 0 0 1 1 0 0 0 0 0 0 0 0 0 4 0 0 6 0 10 3 0 0 0 0 0 0 0 0 0 29 0 0
预测:     0 0 0 3 0 0 1 0 0 1 1 0 0 0 0 0 0 0 0 0 4 0 0 6 0 10 3 0 0 0 0 0 0 0 0 0 29 0 0
----------------------------------------
输入:      LJ DB>JN> JWTRN> >CR> HJDJN PQDNJ MR>
目标:     0 1 0 0 1 1 0 0 0 0 0 0 0 0 0 4 0 0 6 0 10 3 0 0 0 0 0 0 0 0 0 29 0 0 0 0 0 2
预测:     0 1 0 0 1 1 0 0 0 0 0 0 0 0 0 4 0 0 6 0 10 3 0 0 0 0 0 0 0 0 0 29 0 0 0 0 0 0
----------------------------------------
   - 🎯 最终测试结果:
   - ✅ 测试准确率: 0.9694 (392,561/404,962)
📁 测试结果将保存到: outputs/mdlm_train_20260129_120023_seed789/results

📝 保存mdlm模型预测结果（最长序列: 56字符，使用批量评估结果）...
✅ 预测结果已保存到: outputs/mdlm_train_20260129_120023_seed789/results/mdlm_predictions_20260129_120023.out
   预测行数: 10869
   原始行数: 10869

📊 运行还原管道和Levenshtein评估...
   ⚠️  还原和Levenshtein评估失败: No module named 'restore_pipeline'
Traceback (most recent call last):
  File "/home/mail/zhanchen/etcbc_models/train.py", line 2476, in main
ModuleNotFoundError: No module named 'restore_pipeline'

💾 文件保存路径:
   输出目录: outputs/mdlm_train_20260129_120023_seed789
   ├── mdlm_model.pt
   ├── data/
   │   ├── patterns.csv
   │   ├── test.in
   │   ├── test.out
   │   └── dataset_info.json
   ├── tensorboard/
   ├── plots/
   │   └── mdlm_training_history.png
   └── results/
       ├── mdlm_results_20260129_120023.json
       ├── vocab_20260129_120023.json
       ├── mdlm_predictions_20260129_120023.out
       └── mdlm_test_report_20260129_120023.json

🎉 mdlm模型训练完成！
🧹 内存清理完成
