🎲 随机种子: 456
📁 使用数据子目录: ./data/s4_on_s2
🚀 开始训练 mdlm 模型...
📁 输出目录: outputs/mdlm_train_20260129_032219_seed456
  ✓ 复制patterns.csv
  ✓ 复制test.in
  ✓ 复制test.out
  ✓ 复制train.in
  ✓ 复制train.out
  ✓ 复制val.in
  ✓ 复制val.out
  ✓ 创建数据集信息文件
🚀 使用CUDA GPU: NVIDIA GeForce RTX 4090 D
🔧 强制使用设备: cuda
📂 正在加载数据...
ℹ️ 数据加载: 创建优化的数据加载器...
ℹ️ 数据加载: 使用 mdlm 模型的词汇表，大小: 40
ℹ️ 文件读取: 内存映射读取成功，共97048行
ℹ️ 文件读取: 内存映射读取成功，共97048行
ℹ️ 数据处理: 开始处理数据...
ℹ️ 数据处理: 使用4个线程并行处理97048行数据
ℹ️ 数据统计: 数据处理完成: 97048/97048 行成功处理 (100.0%)
ℹ️ 数据处理: 开始处理数据...
ℹ️ 数据处理: 使用4个线程并行处理10964行数据
ℹ️ 数据统计: 数据处理完成: 10964/10964 行成功处理 (100.0%)
ℹ️ 数据处理: 开始处理数据...
ℹ️ 数据处理: 使用4个线程并行处理10869行数据
ℹ️ 数据统计: 数据处理完成: 10869/10869 行成功处理 (100.0%)
ℹ️ 数据加载: 使用智能批处理采样器
ℹ️ 数据加载: 数据加载器优化设置:
ℹ️ 数据加载:   缓存: 禁用
ℹ️ 数据加载:   智能批处理: 启用
ℹ️ 数据加载:   工作线程数: 1
ℹ️ 数据加载:   内存锁定: 启用
📊 分析数据集...
ℹ️ 数据统计: ✅ 从训练数据统计到 329 个类别（标签范围: 0 ~ 328）
ℹ️ 数据统计: 📝 注意：使用训练集类别数，验证时可能遇到训练集独有类别
[DEBUG] 实际num_classes = 329
⚖️  计算类别权重...
📦 从缓存读取类别权重: data/s4_on_s2/class_weights_cache_329.pkl
   权重范围: 1.000 - 2.000
✅ 类别权重加载成功（从缓存）
✅ 类别权重计算完成，num_classes=329
📊 数据统计:
   词汇表大小: 40
   分类类别数: 329
   训练批次: 6065
   验证批次: 686
   测试批次: 680
   批次大小: 16
   最大序列长度: 64
🏗️  创建mdlm模型...
ℹ️ 创建 mdlm 模型...
MDLM模型构建完成:
  统一词汇表大小: 373
  输入字符: 40, 标签: 329
  模型维度: 768
  层数: 5
ℹ️ 初始化 MDLMModel - vocab_size: 373, num_classes: 329
ℹ️ 模型创建成功:
ℹ️   - 类型: mdlm
ℹ️   - 总参数: 28,201,589
ℹ️   - 可训练参数: 28,201,589
ℹ️   - 设备: cuda:0
🔢 模型参数:
   总参数量: 28,201,589
   可训练参数: 28,201,589
   模型大小: 107.6 MB
🎯 创建训练器...
✅ 使用FocalLoss + 类别权重处理数据不平衡问题
   权重张量形状: torch.Size([329])
   权重范围: 1.000 - 2.000
🚀 开始训练...
开始训练，共200个epoch...
模型参数量: 28,201,589 (可训练: 28,201,589)
早停指标: 验证准确率 (与Levenshtein相关性高)
GPU: NVIDIA GeForce RTX 4090 D, 显存: 25.3GB
估算训练内存需求: 451MB (0.4GB)
📊 参数统计: 平均范数=12.38, 大范数参数=33个

======================================================================
🚀 Epoch 1/200
======================================================================
📚 开始训练阶段...
训练进度: 500/6065 损失=1.6080
训练进度: 1000/6065 损失=0.8231
训练进度: 1500/6065 损失=0.7125
训练进度: 2000/6065 损失=0.4701
训练进度: 2500/6065 损失=0.6691
训练进度: 3000/6065 损失=0.4770
训练进度: 3500/6065 损失=0.4506
训练进度: 4000/6065 损失=0.4481
训练进度: 4500/6065 损失=0.3360
训练进度: 5000/6065 损失=0.3066
训练进度: 5500/6065 损失=0.2652
训练进度: 6000/6065 损失=0.2716
训练进度: 6065/6065 损失=0.3347
✅ 训练完成，耗时: 108.4秒 (1.8分钟)

============================================================
📊 验证决策: Epoch 1/200
   验证间隔: 1
   是否验证: ✅ 是
   原因: 第一个epoch
============================================================

🔍 开始验证...
验证进度: 500/686 损失=0.1657
验证进度: 686/686 损失=0.3416

📊 预测分布分析:
  - 预测的前5个类别: {np.int64(0): 277084, np.int64(1): 37861, np.int64(2): 14442, np.int64(3): 12548, np.int64(4): 8826}
  - 标签的前5个类别: {np.int64(0): 281232, np.int64(1): 36731, np.int64(2): 14789, np.int64(3): 10866, np.int64(4): 8585}
✅ 验证完成，耗时: 4.7秒 (0.1分钟)
训练损失: 0.6452
验证损失: 0.2738
验证准确率: 0.9366 (10268/10964) - 与Levenshtein高度相关
验证F1(加权): 0.9356 - 类别平衡更好
学习率: 0.000100
显存使用: 0.48GB (预留: 0.69GB)

生成的训练样本:
--------------------------------------------------------------------------------
输入:       <M> D>R<> W>XTWHJ LMLK> MN BJTH DMRJ>
目标:     0 0 15 0 0 1 0 0 4 0 0 1 72 0 3 1 0 0 0 1 0 0 4 0 0 0 0 0 0 0 5 0 0 1 0 0 0 2
预测:     0 0 15 0 0 1 0 0 4 0 0 1 72 0 69 1 0 0 0 1 0 0 4 0 0 0 0 0 0 0 5 0 0 1 0 0 0 2
准确率:    0.9737 (37/38)
----------------------------------------
输入:       LK W<L KLHJN SKLWTHWN D>SKLW BK WTTL
目标:     0 1 0 0 1 0 0 0 0 5 0 0 0 0 0 0 0 2 32 0 0 0 0 1 17 0 0 33 0 0 1 0 0 1 34 0 3
预测:     0 1 0 0 1 0 0 0 0 5 0 0 0 0 0 0 0 2 1 0 0 0 0 1 17 0 0 33 0 0 1 0 0 1 34 0 3
准确率:    0.9730 (36/37)
----------------------------------------
输入:       WS<R MCRJTH KRWZ> BXJL> HLKW DKLNC NHW>
目标:     0 1 0 0 3 0 0 0 0 2 1 0 0 0 0 0 11 0 0 1 0 0 4 0 0 0 0 3 19 0 1 0 84 0 2 0 6 0 10 3
预测:     0 1 0 0 3 0 0 0 0 2 1 0 0 0 0 0 4 0 0 1 0 0 4 0 0 0 0 3 19 0 1 0 84 0 2 0 6 0 10 3
准确率:    0.9750 (39/40)
----------------------------------------

生成的验证样本:
--------------------------------------------------------------------------------
输入:       YBJNH D>LH> LMSV> MN KL DBJC WKLJ
目标:     0 0 0 0 5 0 0 1 0 0 4 0 0 1 6 0 10 7 0 0 0 0 0 2 0 1 0 0 2 0 36 0 0 3
预测:     0 0 0 0 5 0 0 1 0 0 4 0 0 1 6 0 10 7 0 0 0 0 0 2 0 1 0 0 2 0 1 0 5 16
准确率:    0.9118 (31/34)
----------------------------------------
输入:       D>LH> LMSV> MN KL DBJC WKLJ XJLK
目标:     0 1 0 0 4 0 0 1 6 0 10 7 0 0 0 0 0 2 0 1 0 0 2 0 36 0 0 3 0 0 0 5 0
预测:     0 1 0 0 4 0 0 1 6 0 10 7 0 0 0 0 0 2 0 1 0 0 2 0 1 0 5 0 0 0 0 5 0
准确率:    0.9091 (30/33)
----------------------------------------
💾 保存新的最佳模型！验证准确率: 0.9366 (F1: 0.9356) (Epoch 1)

======================================================================
🚀 Epoch 2/200
======================================================================
📚 开始训练阶段...
训练进度: 500/6065 损失=0.2749
训练进度: 1000/6065 损失=0.2474
训练进度: 1500/6065 损失=0.3010
训练进度: 2000/6065 损失=0.2353
训练进度: 2500/6065 损失=0.3179
训练进度: 3000/6065 损失=0.3145
训练进度: 3500/6065 损失=0.2200
训练进度: 4000/6065 损失=0.3617
训练进度: 4500/6065 损失=0.2219
训练进度: 5000/6065 损失=0.2396
训练进度: 5500/6065 损失=0.2443
训练进度: 6000/6065 损失=0.2694
训练进度: 6065/6065 损失=0.2449
✅ 训练完成，耗时: 107.9秒 (1.8分钟)

============================================================
📊 验证决策: Epoch 2/200
   验证间隔: 1
   是否验证: ✅ 是
   原因: 达到验证间隔 (0 == 0)
============================================================

🔍 开始验证...
验证进度: 500/686 损失=0.1400
验证进度: 686/686 损失=0.2710

📊 预测分布分析:
  - 预测的前5个类别: {np.int64(0): 279533, np.int64(1): 37413, np.int64(2): 14191, np.int64(3): 11567, np.int64(4): 9124}
  - 标签的前5个类别: {np.int64(0): 281232, np.int64(1): 36731, np.int64(2): 14789, np.int64(3): 10866, np.int64(4): 8585}
✅ 验证完成，耗时: 4.6秒 (0.1分钟)
训练损失: 0.2502
验证损失: 0.2179
验证准确率: 0.9520 (10438/10964) - 与Levenshtein高度相关
验证F1(加权): 0.9514 - 类别平衡更好
学习率: 0.000100
显存使用: 0.48GB (预留: 0.69GB)

生成的训练样本:
--------------------------------------------------------------------------------
输入:       HW> VB DL> HW> >KWTH BKLH >R<>
目标:     0 0 10 3 0 0 2 0 1 0 0 0 0 10 3 0 0 0 0 1 0 0 1 0 5 12 0 0 0 4 0
预测:     0 0 10 3 0 0 2 0 1 0 0 0 0 10 3 0 0 0 0 1 0 0 1 0 5 12 0 0 0 4 0
准确率:    1.0000 (31/31)
----------------------------------------
输入:       DXMR> CT> HW> >N MLK> SQ> LBC
目标:     0 1 0 0 15 0 0 0 10 7 0 0 10 3 0 0 0 0 0 0 4 0 0 0 4 0 0 0 0 3
预测:     0 1 0 0 15 0 0 0 10 7 0 0 10 3 0 0 0 0 0 0 4 0 0 0 4 0 0 0 0 3
准确率:    1.0000 (30/30)
----------------------------------------
输入:       CMC> NPQ <L >R<> WLWV <L LY<R
目标:     0 0 0 4 0 0 0 0 3 0 0 0 0 0 0 4 0 0 1 0 0 22 0 0 0 0 1 0 0 62
预测:     0 0 0 4 0 0 0 0 3 0 0 0 0 0 0 4 0 0 36 0 0 22 0 0 0 0 1 0 0 2
准确率:    0.9333 (28/30)
----------------------------------------

生成的验证样本:
--------------------------------------------------------------------------------
输入:       YBJNH D>LH> LMSV> MN KL DBJC WKLJ
目标:     0 0 0 0 5 0 0 1 0 0 4 0 0 1 6 0 10 7 0 0 0 0 0 2 0 1 0 0 2 0 36 0 0 3
预测:     0 0 0 0 5 0 0 1 0 0 4 0 0 1 6 0 10 7 0 0 0 0 0 2 0 1 0 0 2 0 1 0 0 3
准确率:    0.9706 (33/34)
----------------------------------------
输入:       D>LH> LMSV> MN KL DBJC WKLJ XJLK
目标:     0 1 0 0 4 0 0 1 6 0 10 7 0 0 0 0 0 2 0 1 0 0 2 0 36 0 0 3 0 0 0 5 0
预测:     0 1 0 0 4 0 0 1 6 0 10 7 0 0 0 0 0 2 0 1 0 0 2 0 1 0 0 16 0 0 0 5 0
准确率:    0.9394 (31/33)
----------------------------------------
💾 保存新的最佳模型！验证准确率: 0.9520 (F1: 0.9514) (Epoch 2)

======================================================================
🚀 Epoch 3/200
======================================================================
📚 开始训练阶段...
训练进度: 500/6065 损失=0.1914
训练进度: 1000/6065 损失=0.2039
训练进度: 1500/6065 损失=0.1809
训练进度: 2000/6065 损失=0.1826
训练进度: 2500/6065 损失=0.1978
训练进度: 3000/6065 损失=0.2106
训练进度: 3500/6065 损失=0.2132
训练进度: 4000/6065 损失=0.2198
训练进度: 4500/6065 损失=0.2117
训练进度: 5000/6065 损失=0.1593
训练进度: 5500/6065 损失=0.2179
训练进度: 6000/6065 损失=0.1501
训练进度: 6065/6065 损失=0.1045
✅ 训练完成，耗时: 108.1秒 (1.8分钟)

============================================================
📊 验证决策: Epoch 3/200
   验证间隔: 1
   是否验证: ✅ 是
   原因: 达到验证间隔 (0 == 0)
============================================================

🔍 开始验证...
验证进度: 500/686 损失=0.0649
验证进度: 686/686 损失=0.2462

📊 预测分布分析:
  - 预测的前5个类别: {np.int64(0): 280748, np.int64(1): 37395, np.int64(2): 14502, np.int64(3): 10770, np.int64(4): 8963}
  - 标签的前5个类别: {np.int64(0): 281232, np.int64(1): 36731, np.int64(2): 14789, np.int64(3): 10866, np.int64(4): 8585}
✅ 验证完成，耗时: 4.6秒 (0.1分钟)
训练损失: 0.1912
验证损失: 0.2099
验证准确率: 0.9564 (10485/10964) - 与Levenshtein高度相关
验证F1(加权): 0.9555 - 类别平衡更好
学习率: 0.000100
显存使用: 0.48GB (预留: 0.69GB)

生成的训练样本:
--------------------------------------------------------------------------------
输入:       WSMW TXWTWHJ <L MWTB> DDRG> WQRW BCJPWR>
目标:     0 1 31 3 0 0 0 0 0 25 1 0 0 0 0 0 0 0 0 0 4 0 0 1 0 0 11 0 0 1 0 18 0 0 1 0 0 0 0 4 0
预测:     0 1 31 3 0 0 0 0 0 25 1 0 0 0 0 0 0 0 0 0 4 0 0 1 0 0 11 0 0 1 0 18 0 0 1 0 0 0 0 4 0
准确率:    1.0000 (41/41)
----------------------------------------
输入:       MN> >CQJTJN B<GL JWMN> >MRN LH GBR>
目标:     0 0 0 0 0 17 0 0 3 0 0 0 0 1 0 0 0 0 0 0 0 4 0 0 0 0 7 0 0 1 0 0 0 0 4 0
预测:     0 0 0 0 0 17 0 0 3 0 0 0 0 1 0 0 0 0 0 0 0 4 0 0 0 0 7 0 0 1 0 0 0 0 4 0
准确率:    1.0000 (36/36)
----------------------------------------
输入:       W>CTJW WQM GBR> LM>ZL HW WDRWKTH W<LJMH
目标:     0 35 0 0 0 3 0 0 1 31 3 0 0 0 4 0 0 1 6 0 0 7 0 0 0 0 1 0 0 0 13 1 0 0 1 0 0 0 5 0
预测:     0 35 0 0 0 3 0 0 1 31 3 0 0 0 4 0 0 1 6 0 0 7 0 0 0 0 1 0 0 0 13 1 0 0 1 0 0 0 5 0
准确率:    1.0000 (40/40)
----------------------------------------

生成的验证样本:
--------------------------------------------------------------------------------
输入:       YBJNH D>LH> LMSV> MN KL DBJC WKLJ
目标:     0 0 0 0 5 0 0 1 0 0 4 0 0 1 6 0 10 7 0 0 0 0 0 2 0 1 0 0 2 0 36 0 0 3
预测:     0 0 0 0 5 0 0 1 0 0 4 0 0 1 6 0 10 7 0 0 0 0 0 2 0 1 0 0 2 0 1 0 0 3
准确率:    0.9706 (33/34)
----------------------------------------
输入:       D>LH> LMSV> MN KL DBJC WKLJ XJLK
目标:     0 1 0 0 4 0 0 1 6 0 10 7 0 0 0 0 0 2 0 1 0 0 2 0 36 0 0 3 0 0 0 5 0
预测:     0 1 0 0 4 0 0 1 6 0 10 7 0 0 0 0 0 2 0 1 0 0 2 0 1 0 0 3 0 0 0 5 0
准确率:    0.9697 (32/33)
----------------------------------------
💾 保存新的最佳模型！验证准确率: 0.9564 (F1: 0.9555) (Epoch 3)

======================================================================
🚀 Epoch 4/200
======================================================================
📚 开始训练阶段...
训练进度: 500/6065 损失=0.1475
训练进度: 1000/6065 损失=0.1512
训练进度: 1500/6065 损失=0.2110
训练进度: 2000/6065 损失=0.2411
训练进度: 2500/6065 损失=0.1853
训练进度: 3000/6065 损失=0.1341
训练进度: 3500/6065 损失=0.1951
训练进度: 4000/6065 损失=0.1939
训练进度: 4500/6065 损失=0.1406
训练进度: 5000/6065 损失=0.1332
训练进度: 5500/6065 损失=0.1856
训练进度: 6000/6065 损失=0.1570
训练进度: 6065/6065 损失=0.1459
✅ 训练完成，耗时: 107.8秒 (1.8分钟)

============================================================
📊 验证决策: Epoch 4/200
   验证间隔: 1
   是否验证: ✅ 是
   原因: 达到验证间隔 (0 == 0)
============================================================

🔍 开始验证...
验证进度: 500/686 损失=0.1161
验证进度: 686/686 损失=0.1018

📊 预测分布分析:
  - 预测的前5个类别: {np.int64(0): 280752, np.int64(1): 37428, np.int64(2): 14437, np.int64(3): 10724, np.int64(4): 8535}
  - 标签的前5个类别: {np.int64(0): 281232, np.int64(1): 36731, np.int64(2): 14789, np.int64(3): 10866, np.int64(4): 8585}
✅ 验证完成，耗时: 4.6秒 (0.1分钟)
训练损失: 0.1611
验证损失: 0.2027
验证准确率: 0.9595 (10519/10964) - 与Levenshtein高度相关
验证F1(加权): 0.9590 - 类别平衡更好
学习率: 0.000100
显存使用: 0.48GB (预留: 0.69GB)

生成的训练样本:
--------------------------------------------------------------------------------
输入:       LNJNWJ> MNW BDQ >RZ> KSJ> D>LH> DMY>
目标:     0 1 0 0 0 0 11 0 0 0 81 0 0 0 0 7 0 0 0 30 0 0 0 0 65 0 0 1 0 0 4 0 0 1 0 10 7
预测:     0 1 0 0 0 0 11 0 0 0 71 0 0 0 0 7 0 0 0 11 0 0 0 108 9 0 0 1 0 0 4 0 0 1 0 10 7
准确率:    0.8919 (33/37)
----------------------------------------
输入:       RKB> WQL XJL> <CJN> W>MRW GBR LXBRH
目标:     0 0 0 30 0 0 1 0 2 0 0 0 4 0 0 0 8 0 43 27 0 1 0 0 3 0 0 0 0 2 0 1 0 0 5 0
预测:     0 0 0 30 0 0 1 0 2 0 0 0 4 0 0 0 8 0 43 27 0 1 0 0 3 0 0 0 0 2 0 1 0 0 5 0
准确率:    1.0000 (36/36)
----------------------------------------
输入:       >JK NHR> RDJ> W>JK NHR> <LM> MCQJ>
目标:     0 0 0 0 0 0 0 4 0 0 0 0 7 0 0 1 0 0 0 0 0 0 4 0 0 0 0 11 0 0 6 0 0 7 19
预测:     0 0 0 0 0 0 0 4 0 0 0 0 9 0 0 1 0 0 0 0 0 0 4 0 0 0 0 4 0 0 28 0 0 7 0
准确率:    0.8857 (31/35)
----------------------------------------

生成的验证样本:
--------------------------------------------------------------------------------
输入:       YBJNH D>LH> LMSV> MN KL DBJC WKLJ
目标:     0 0 0 0 5 0 0 1 0 0 4 0 0 1 6 0 10 7 0 0 0 0 0 2 0 1 0 0 2 0 36 0 0 3
预测:     0 0 0 0 5 0 0 1 0 0 4 0 0 1 6 0 10 7 0 0 0 0 0 2 0 1 0 0 2 0 1 0 0 3
准确率:    0.9706 (33/34)
----------------------------------------
输入:       D>LH> LMSV> MN KL DBJC WKLJ XJLK
目标:     0 1 0 0 4 0 0 1 6 0 10 7 0 0 0 0 0 2 0 1 0 0 2 0 36 0 0 3 0 0 0 5 0
预测:     0 1 0 0 4 0 0 1 6 0 10 7 0 0 0 0 0 2 0 1 0 0 2 0 36 0 5 3 0 0 0 5 0
准确率:    0.9697 (32/33)
----------------------------------------
💾 保存新的最佳模型！验证准确率: 0.9595 (F1: 0.9590) (Epoch 4)

======================================================================
🚀 Epoch 5/200
======================================================================
📚 开始训练阶段...
训练进度: 500/6065 损失=0.1502
训练进度: 1000/6065 损失=0.1421
训练进度: 1500/6065 损失=0.1710
训练进度: 2000/6065 损失=0.1518
训练进度: 2500/6065 损失=0.1067
训练进度: 3000/6065 损失=0.1633
训练进度: 3500/6065 损失=0.1029
训练进度: 4000/6065 损失=0.1003
训练进度: 4500/6065 损失=0.1670
训练进度: 5000/6065 损失=0.1510
训练进度: 5500/6065 损失=0.1563
训练进度: 6000/6065 损失=0.1186
训练进度: 6065/6065 损失=0.1318
✅ 训练完成，耗时: 108.3秒 (1.8分钟)

============================================================
📊 验证决策: Epoch 5/200
   验证间隔: 1
   是否验证: ✅ 是
   原因: 达到验证间隔 (0 == 0)
============================================================

🔍 开始验证...
验证进度: 500/686 损失=0.0492
验证进度: 686/686 损失=0.2616

📊 预测分布分析:
  - 预测的前5个类别: {np.int64(0): 281620, np.int64(1): 37271, np.int64(2): 14646, np.int64(3): 10765, np.int64(4): 8458}
  - 标签的前5个类别: {np.int64(0): 281232, np.int64(1): 36731, np.int64(2): 14789, np.int64(3): 10866, np.int64(4): 8585}
✅ 验证完成，耗时: 4.6秒 (0.1分钟)
训练损失: 0.1416
验证损失: 0.2052
验证准确率: 0.9610 (10536/10964) - 与Levenshtein高度相关
验证F1(加权): 0.9602 - 类别平衡更好
学习率: 0.000100
显存使用: 0.48GB (预留: 0.69GB)

生成的训练样本:
--------------------------------------------------------------------------------
输入:       QDM <M> HN> WHW NWRT >NWN >R<>
目标:     0 0 0 2 0 0 15 0 0 0 0 0 0 1 0 0 0 63 0 0 3 0 0 0 0 0 0 0 0 4 0
预测:     0 0 0 2 0 0 15 0 0 0 0 0 0 1 0 0 0 63 0 0 3 0 0 0 0 0 0 0 0 4 0
准确率:    1.0000 (31/31)
----------------------------------------
输入:       W>MR LH MLT> DSTR> >JT LJ D>MR
目标:     0 1 0 0 3 0 1 0 0 0 13 9 0 0 1 0 0 15 0 0 0 0 24 0 1 0 0 1 21 0 3
预测:     0 1 0 0 3 0 1 0 0 0 13 9 0 0 1 0 0 15 0 0 0 0 24 0 1 0 0 1 0 0 3
准确率:    0.9677 (30/31)
----------------------------------------
输入:       WHN> NHW> ZDQH DKHN> MN <M> MN
目标:     0 1 0 0 0 0 6 0 10 3 0 0 0 37 0 0 1 0 0 4 0 0 0 0 0 0 15 0 0 0 0
预测:     0 1 0 0 0 0 6 0 10 3 0 0 0 37 0 0 1 0 0 4 0 0 0 0 0 0 15 0 0 0 0
准确率:    1.0000 (31/31)
----------------------------------------

生成的验证样本:
--------------------------------------------------------------------------------
输入:       YBJNH D>LH> LMSV> MN KL DBJC WKLJ
目标:     0 0 0 0 5 0 0 1 0 0 4 0 0 1 6 0 10 7 0 0 0 0 0 2 0 1 0 0 2 0 36 0 0 3
预测:     0 0 0 0 5 0 0 1 0 0 4 0 0 1 6 0 10 7 0 0 0 0 0 2 0 1 0 0 2 0 1 0 0 3
准确率:    0.9706 (33/34)
----------------------------------------
输入:       D>LH> LMSV> MN KL DBJC WKLJ XJLK
目标:     0 1 0 0 4 0 0 1 6 0 10 7 0 0 0 0 0 2 0 1 0 0 2 0 36 0 0 3 0 0 0 5 0
预测:     0 1 0 0 4 0 0 1 6 0 10 7 0 0 0 0 0 2 0 1 0 0 2 0 36 0 0 3 0 0 0 5 0
准确率:    1.0000 (33/33)
----------------------------------------
💾 保存新的最佳模型！验证准确率: 0.9610 (F1: 0.9602) (Epoch 5)

======================================================================
🚀 Epoch 6/200
======================================================================
📚 开始训练阶段...
训练进度: 500/6065 损失=0.1735
训练进度: 1000/6065 损失=0.1179
训练进度: 1500/6065 损失=0.0836
训练进度: 2000/6065 损失=0.1409
训练进度: 2500/6065 损失=0.1424
训练进度: 3000/6065 损失=0.1383
训练进度: 3500/6065 损失=0.1111
训练进度: 4000/6065 损失=0.0997
训练进度: 4500/6065 损失=0.1384
训练进度: 5000/6065 损失=0.1330
训练进度: 5500/6065 损失=0.1534
训练进度: 6000/6065 损失=0.1518
训练进度: 6065/6065 损失=0.1469
✅ 训练完成，耗时: 107.9秒 (1.8分钟)

============================================================
📊 验证决策: Epoch 6/200
   验证间隔: 1
   是否验证: ✅ 是
   原因: 达到验证间隔 (0 == 0)
============================================================

🔍 开始验证...
验证进度: 500/686 损失=0.0655
验证进度: 686/686 损失=0.1940

📊 预测分布分析:
  - 预测的前5个类别: {np.int64(0): 279574, np.int64(1): 37349, np.int64(2): 14816, np.int64(3): 10981, np.int64(4): 8529}
  - 标签的前5个类别: {np.int64(0): 281232, np.int64(1): 36731, np.int64(2): 14789, np.int64(3): 10866, np.int64(4): 8585}
✅ 验证完成，耗时: 4.6秒 (0.1分钟)
训练损失: 0.1279
验证损失: 0.1958
验证准确率: 0.9620 (10547/10964) - 与Levenshtein高度相关
验证F1(加权): 0.9618 - 类别平衡更好
学习率: 0.000100
显存使用: 0.48GB (预留: 0.69GB)

生成的训练样本:
--------------------------------------------------------------------------------
输入:       BXD NJR> KLH KRK> RHV HW> BTJBWT>
目标:     0 1 0 2 0 0 0 4 0 0 0 5 0 0 0 0 15 0 0 0 0 7 0 0 10 3 0 1 0 0 0 2 9 0
预测:     0 1 0 2 0 0 0 4 0 0 0 5 0 0 0 0 15 0 0 0 0 7 0 0 10 3 0 1 0 0 0 2 9 0
准确率:    1.0000 (34/34)
----------------------------------------
输入:       WNHWJN <JNJK PTJXN <L B<WT> D<BDJK WD<MK
目标:     0 1 6 0 0 3 12 0 0 0 2 1 0 0 0 8 0 7 27 0 0 0 0 0 0 2 9 0 0 1 0 0 22 1 0 0 1 1 0 37 0
预测:     0 1 6 0 0 3 12 0 0 0 2 1 0 0 0 8 0 7 27 0 0 0 0 0 0 2 9 0 0 1 0 0 22 1 0 0 1 1 0 37 0
准确率:    1.0000 (41/41)
----------------------------------------
输入:       LH >JKN> >MRT LJ DRXMTKJ WLBK L>
目标:     0 1 0 0 0 0 107 0 0 0 0 0 3 12 0 1 0 0 1 0 0 3 1 0 0 0 1 0 5 0 0 0 0
预测:     0 1 12 0 0 0 107 0 0 0 0 0 3 12 0 1 0 0 1 0 0 3 1 0 0 0 1 0 5 0 0 0 0
准确率:    0.9697 (32/33)
----------------------------------------

生成的验证样本:
--------------------------------------------------------------------------------
输入:       YBJNH D>LH> LMSV> MN KL DBJC WKLJ
目标:     0 0 0 0 5 0 0 1 0 0 4 0 0 1 6 0 10 7 0 0 0 0 0 2 0 1 0 0 2 0 36 0 0 3
预测:     0 0 0 0 5 0 0 1 0 0 4 0 0 1 6 0 10 7 0 0 0 0 0 2 0 1 0 0 2 0 36 0 0 3
准确率:    1.0000 (34/34)
----------------------------------------
输入:       D>LH> LMSV> MN KL DBJC WKLJ XJLK
目标:     0 1 0 0 4 0 0 1 6 0 10 7 0 0 0 0 0 2 0 1 0 0 2 0 36 0 0 3 0 0 0 5 0
预测:     0 1 0 0 4 0 0 1 6 0 10 7 0 0 0 0 0 2 0 1 0 0 2 0 36 0 0 3 0 0 0 5 0
准确率:    1.0000 (33/33)
----------------------------------------
💾 保存新的最佳模型！验证准确率: 0.9620 (F1: 0.9618) (Epoch 6)

======================================================================
🚀 Epoch 7/200
======================================================================
📚 开始训练阶段...
训练进度: 500/6065 损失=0.1397
训练进度: 1000/6065 损失=0.1568
训练进度: 1500/6065 损失=0.1119
训练进度: 2000/6065 损失=0.1000
训练进度: 2500/6065 损失=0.1455
训练进度: 3000/6065 损失=0.0697
训练进度: 3500/6065 损失=0.1255
训练进度: 4000/6065 损失=0.1282
训练进度: 4500/6065 损失=0.0883
训练进度: 5000/6065 损失=0.1734
训练进度: 5500/6065 损失=0.1001
训练进度: 6000/6065 损失=0.0875
训练进度: 6065/6065 损失=0.1273
✅ 训练完成，耗时: 108.3秒 (1.8分钟)

============================================================
📊 验证决策: Epoch 7/200
   验证间隔: 1
   是否验证: ✅ 是
   原因: 达到验证间隔 (0 == 0)
============================================================

🔍 开始验证...
验证进度: 500/686 损失=0.0584
验证进度: 686/686 损失=0.2148

📊 预测分布分析:
  - 预测的前5个类别: {np.int64(0): 280650, np.int64(1): 37184, np.int64(2): 14886, np.int64(3): 10905, np.int64(4): 8488}
  - 标签的前5个类别: {np.int64(0): 281232, np.int64(1): 36731, np.int64(2): 14789, np.int64(3): 10866, np.int64(4): 8585}
✅ 验证完成，耗时: 4.6秒 (0.1分钟)
训练损失: 0.1177
验证损失: 0.1992
验证准确率: 0.9634 (10563/10964) - 与Levenshtein高度相关
验证F1(加权): 0.9631 - 类别平衡更好
学习率: 0.000100
显存使用: 0.48GB (预留: 0.69GB)

生成的训练样本:
--------------------------------------------------------------------------------
输入:       <LJN BJCT> HLJN D<BD XJLTN> >JK SWG>>
目标:     0 0 8 1 0 0 0 0 2 23 0 0 0 0 0 0 0 1 0 0 3 0 0 0 0 0 4 0 0 0 0 0 0 0 0 0 4 0
预测:     0 0 8 1 0 0 0 0 2 23 0 0 0 0 0 0 0 1 0 0 7 0 0 0 0 0 4 0 0 0 0 0 0 0 0 0 4 0
准确率:    0.9737 (37/38)
----------------------------------------
输入:       NRJ> L>X> D>CTBJW RXM> WCLM> <HJD >N>
目标:     0 0 0 0 2 0 1 0 11 0 0 1 47 39 0 0 3 0 0 0 0 61 0 0 1 0 0 15 0 0 0 8 0 40 0 0 0 0
预测:     0 0 0 0 2 0 1 0 11 0 0 1 47 39 0 0 3 0 0 0 0 30 0 0 1 0 0 82 0 0 0 8 0 40 0 0 0 0
准确率:    0.9474 (36/38)
----------------------------------------
输入:       ZBN> B<MWD> D<NN> WQM <MWD> D<NN> BTR<>
目标:     0 0 0 4 0 0 1 0 0 0 4 0 0 1 0 0 4 0 0 1 31 3 0 0 0 0 4 0 0 1 0 0 4 0 0 1 0 0 4 0
预测:     0 0 0 4 0 0 1 0 0 0 4 0 0 1 0 0 4 0 0 1 31 3 0 0 0 0 4 0 0 1 0 0 4 0 0 1 0 0 4 0
准确率:    1.0000 (40/40)
----------------------------------------

生成的验证样本:
--------------------------------------------------------------------------------
输入:       YBJNH D>LH> LMSV> MN KL DBJC WKLJ
目标:     0 0 0 0 5 0 0 1 0 0 4 0 0 1 6 0 10 7 0 0 0 0 0 2 0 1 0 0 2 0 36 0 0 3
预测:     0 0 0 0 5 0 0 1 0 0 4 0 0 1 6 0 10 7 0 0 0 0 0 2 0 1 0 0 2 0 36 0 0 3
准确率:    1.0000 (34/34)
----------------------------------------
输入:       D>LH> LMSV> MN KL DBJC WKLJ XJLK
目标:     0 1 0 0 4 0 0 1 6 0 10 7 0 0 0 0 0 2 0 1 0 0 2 0 36 0 0 3 0 0 0 5 0
预测:     0 1 0 0 4 0 0 1 6 0 10 7 0 0 0 0 0 2 0 1 0 0 2 0 36 0 0 3 0 0 0 5 0
准确率:    1.0000 (33/33)
----------------------------------------
💾 保存新的最佳模型！验证准确率: 0.9634 (F1: 0.9631) (Epoch 7)

======================================================================
🚀 Epoch 8/200
======================================================================
📚 开始训练阶段...
训练进度: 500/6065 损失=0.0826
训练进度: 1000/6065 损失=0.0977
训练进度: 1500/6065 损失=0.0974
训练进度: 2000/6065 损失=0.0745
训练进度: 2500/6065 损失=0.1225
训练进度: 3000/6065 损失=0.0802
训练进度: 3500/6065 损失=0.0996
训练进度: 4000/6065 损失=0.1715
训练进度: 4500/6065 损失=0.0915
训练进度: 5000/6065 损失=0.0855
训练进度: 5500/6065 损失=0.1211
训练进度: 6000/6065 损失=0.0719
训练进度: 6065/6065 损失=0.0962
✅ 训练完成，耗时: 108.2秒 (1.8分钟)

============================================================
📊 验证决策: Epoch 8/200
   验证间隔: 1
   是否验证: ✅ 是
   原因: 达到验证间隔 (0 == 0)
============================================================

🔍 开始验证...
验证进度: 500/686 损失=0.0273
验证进度: 686/686 损失=0.1671

📊 预测分布分析:
  - 预测的前5个类别: {np.int64(0): 280849, np.int64(1): 37211, np.int64(2): 14886, np.int64(3): 10729, np.int64(4): 8601}
  - 标签的前5个类别: {np.int64(0): 281232, np.int64(1): 36731, np.int64(2): 14789, np.int64(3): 10866, np.int64(4): 8585}
✅ 验证完成，耗时: 4.6秒 (0.1分钟)
训练损失: 0.1088
验证损失: 0.2022
验证准确率: 0.9641 (10570/10964) - 与Levenshtein高度相关
验证F1(加权): 0.9638 - 类别平衡更好
学习率: 0.000100
显存使用: 0.48GB (预留: 0.69GB)

生成的训练样本:
--------------------------------------------------------------------------------
输入:       MLT> MVL DL> >MR LH B<DNH >JT
目标:     0 0 13 9 0 0 0 0 0 0 1 0 0 0 0 0 7 0 1 12 0 1 0 0 5 12 0 0 0 24
预测:     0 0 13 9 0 0 0 0 0 0 1 0 0 0 0 0 7 0 1 0 0 1 0 0 5 0 0 0 0 24
准确率:    0.9333 (28/30)
----------------------------------------
输入:       MN RMC> KJ MSTXP> >W MN CPR>
目标:     0 0 0 0 0 0 4 0 0 0 12 0 45 79 0 0 7 19 0 0 0 0 0 0 0 0 0 15 0
预测:     0 0 0 0 0 0 4 0 0 0 12 0 45 79 0 0 7 19 0 0 0 0 0 0 0 0 0 15 0
准确率:    1.0000 (29/29)
----------------------------------------
输入:       TCRJ QDM D<L CM CM> LM DCWRJ>
目标:     0 0 0 0 2 0 0 0 24 0 1 0 0 0 0 2 0 0 4 0 0 0 0 0 1 0 0 0 4 0
预测:     0 0 0 0 2 0 0 0 2 0 1 0 0 0 0 2 0 0 4 0 0 0 0 0 1 0 0 0 4 0
准确率:    0.9667 (29/30)
----------------------------------------

生成的验证样本:
--------------------------------------------------------------------------------
输入:       YBJNH D>LH> LMSV> MN KL DBJC WKLJ
目标:     0 0 0 0 5 0 0 1 0 0 4 0 0 1 6 0 10 7 0 0 0 0 0 2 0 1 0 0 2 0 36 0 0 3
预测:     0 0 0 0 5 0 0 1 0 0 4 0 0 1 6 0 10 7 0 0 0 0 0 2 0 1 0 0 2 0 36 0 0 3
准确率:    1.0000 (34/34)
----------------------------------------
输入:       D>LH> LMSV> MN KL DBJC WKLJ XJLK
目标:     0 1 0 0 4 0 0 1 6 0 10 7 0 0 0 0 0 2 0 1 0 0 2 0 36 0 0 3 0 0 0 5 0
预测:     0 1 0 0 4 0 0 1 6 0 10 7 0 0 0 0 0 2 0 1 0 0 2 0 36 0 0 3 0 0 0 5 0
准确率:    1.0000 (33/33)
----------------------------------------
💾 保存新的最佳模型！验证准确率: 0.9641 (F1: 0.9638) (Epoch 8)

======================================================================
🚀 Epoch 9/200
======================================================================
📚 开始训练阶段...
训练进度: 500/6065 损失=0.1525
训练进度: 1000/6065 损失=0.0902
训练进度: 1500/6065 损失=0.0914
训练进度: 2000/6065 损失=0.1000
训练进度: 2500/6065 损失=0.0990
训练进度: 3000/6065 损失=0.1335
训练进度: 3500/6065 损失=0.1133
训练进度: 4000/6065 损失=0.1172
训练进度: 4500/6065 损失=0.1405
训练进度: 5000/6065 损失=0.0883
训练进度: 5500/6065 损失=0.1745
训练进度: 6000/6065 损失=0.1292
训练进度: 6065/6065 损失=0.0953
✅ 训练完成，耗时: 108.1秒 (1.8分钟)

============================================================
📊 验证决策: Epoch 9/200
   验证间隔: 1
   是否验证: ✅ 是
   原因: 达到验证间隔 (0 == 0)
============================================================

🔍 开始验证...
验证进度: 500/686 损失=0.0442
验证进度: 686/686 损失=0.0891

📊 预测分布分析:
  - 预测的前5个类别: {np.int64(0): 280238, np.int64(1): 37118, np.int64(2): 14737, np.int64(3): 10768, np.int64(4): 8512}
  - 标签的前5个类别: {np.int64(0): 281232, np.int64(1): 36731, np.int64(2): 14789, np.int64(3): 10866, np.int64(4): 8585}
✅ 验证完成，耗时: 4.6秒 (0.1分钟)
训练损失: 0.1017
验证损失: 0.2071
验证准确率: 0.9636 (10564/10964) - 与Levenshtein高度相关
验证F1(加权): 0.9635 - 类别平衡更好
学习率: 0.000100
显存使用: 0.48GB (预留: 0.69GB)

生成的训练样本:
--------------------------------------------------------------------------------
输入:       D<W WXZW DBJCT> HW B<> HN> DCLX
目标:     52 0 3 0 0 36 0 18 0 0 1 0 0 2 9 0 0 0 0 0 0 10 7 0 0 0 0 0 1 0 0 3
预测:     52 0 3 0 0 36 0 18 0 0 1 0 0 2 9 0 0 0 0 0 0 10 7 0 0 0 0 0 1 0 0 3
准确率:    1.0000 (32/32)
----------------------------------------
输入:       XMCJN W><L QWRQS> BT>NT> WDBQJHJ LMCKN> WNHW>
目标:     0 0 0 2 0 0 0 36 17 0 53 0 0 0 0 0 11 0 0 1 0 0 70 23 0 0 36 0 0 48 67 0 0 0 1 0 0 0 4 0 0 1 6 0 10 3
预测:     0 0 0 2 0 0 0 36 17 0 53 0 0 0 0 0 11 0 0 1 0 0 70 23 0 0 36 0 0 86 0 0 0 0 1 0 0 0 4 0 0 1 6 0 10 3
准确率:    0.9565 (44/46)
----------------------------------------
输入:       WYL> CM<JN QLJ NCJ LMK YWTJN LM>MRJ
目标:     0 1 0 0 2 0 0 0 7 0 0 0 0 5 0 0 0 2 0 0 0 0 2 0 0 0 7 0 0 0 1 0 0 0 5 0
预测:     0 1 0 10 2 0 0 0 7 0 0 0 0 5 0 60 0 2 46 0 0 0 2 6 0 0 7 0 0 0 1 0 0 0 5 0
准确率:    0.8889 (32/36)
----------------------------------------

生成的验证样本:
--------------------------------------------------------------------------------
输入:       YBJNH D>LH> LMSV> MN KL DBJC WKLJ
目标:     0 0 0 0 5 0 0 1 0 0 4 0 0 1 6 0 10 7 0 0 0 0 0 2 0 1 0 0 2 0 36 0 0 3
预测:     0 0 0 0 5 0 0 1 0 0 4 0 0 1 6 0 10 7 0 0 0 0 0 2 0 1 0 0 2 0 36 0 0 3
准确率:    1.0000 (34/34)
----------------------------------------
输入:       D>LH> LMSV> MN KL DBJC WKLJ XJLK
目标:     0 1 0 0 4 0 0 1 6 0 10 7 0 0 0 0 0 2 0 1 0 0 2 0 36 0 0 3 0 0 0 5 0
预测:     0 1 0 0 4 0 0 1 6 0 10 7 0 0 0 0 0 2 0 1 0 0 2 0 36 0 0 3 0 0 0 5 0
准确率:    1.0000 (33/33)
----------------------------------------
⏳ 验证无提升 (验证准确率: 0.9636 ≤ 0.9641)，patience: 1/50

======================================================================
🚀 Epoch 10/200
======================================================================
📚 开始训练阶段...
训练进度: 500/6065 损失=0.1091
训练进度: 1000/6065 损失=0.0897
训练进度: 1500/6065 损失=0.0602
训练进度: 2000/6065 损失=0.1276
训练进度: 2500/6065 损失=0.0789
训练进度: 3000/6065 损失=0.0683
训练进度: 3500/6065 损失=0.1122
训练进度: 4000/6065 损失=0.1118
训练进度: 4500/6065 损失=0.1171
训练进度: 5000/6065 损失=0.0794
训练进度: 5500/6065 损失=0.1071
训练进度: 6000/6065 损失=0.0742
训练进度: 6065/6065 损失=0.0914
✅ 训练完成，耗时: 108.2秒 (1.8分钟)

============================================================
📊 验证决策: Epoch 10/200
   验证间隔: 1
   是否验证: ✅ 是
   原因: 达到验证间隔 (0 == 0)
============================================================

🔍 开始验证...
验证进度: 500/686 损失=0.0255
验证进度: 686/686 损失=0.2924

📊 预测分布分析:
  - 预测的前5个类别: {np.int64(0): 281311, np.int64(1): 37106, np.int64(2): 14796, np.int64(3): 10890, np.int64(4): 8429}
  - 标签的前5个类别: {np.int64(0): 281232, np.int64(1): 36731, np.int64(2): 14789, np.int64(3): 10866, np.int64(4): 8585}
✅ 验证完成，耗时: 4.6秒 (0.1分钟)
训练损失: 0.0958
验证损失: 0.2102
验证准确率: 0.9650 (10580/10964) - 与Levenshtein高度相关
验证F1(加权): 0.9645 - 类别平衡更好
学习率: 0.000099
显存使用: 0.48GB (预留: 0.69GB)

生成的训练样本:
--------------------------------------------------------------------------------
输入:       DJBCW MJ> MN >R<> WCDR LJWN> MN
目标:     0 1 0 0 3 0 0 24 9 0 0 0 0 0 0 0 4 0 0 1 0 0 16 0 1 0 0 15 0 0 0 0
预测:     0 1 0 0 3 0 0 24 9 0 0 0 0 0 0 0 4 0 0 1 0 0 16 0 1 0 0 15 0 0 0 0
准确率:    1.0000 (32/32)
----------------------------------------
输入:       DM<JHWN QNV >SGJ MN YWMJHWN LH VLL>
目标:     0 0 0 13 1 0 0 0 0 0 0 3 0 17 0 0 3 0 0 0 0 0 0 2 1 0 0 0 0 1 0 0 0 0 4 0
预测:     0 0 0 13 1 0 0 0 0 0 0 3 0 17 0 0 3 0 0 0 0 0 0 2 1 0 0 0 0 1 0 0 0 0 4 0
准确率:    1.0000 (36/36)
----------------------------------------
输入:       SMKJN DS>M> W<BDW PRS> LTR<> DMCKN> TKLT>
目标:     0 0 0 22 0 0 0 1 0 0 4 0 0 1 0 0 3 0 0 0 0 55 0 0 1 0 0 4 0 0 1 0 0 0 4 0 0 0 0 13 9 0
预测:     0 0 0 22 0 0 0 1 0 0 4 0 0 1 0 0 3 0 0 0 0 55 0 0 1 0 0 4 0 0 1 0 0 0 4 0 0 0 0 13 9 0
准确率:    1.0000 (42/42)
----------------------------------------

生成的验证样本:
--------------------------------------------------------------------------------
输入:       YBJNH D>LH> LMSV> MN KL DBJC WKLJ
目标:     0 0 0 0 5 0 0 1 0 0 4 0 0 1 6 0 10 7 0 0 0 0 0 2 0 1 0 0 2 0 36 0 0 3
预测:     0 0 0 0 5 0 0 1 0 0 4 0 0 1 6 0 10 7 0 0 0 0 0 2 0 1 0 0 2 0 36 0 0 3
准确率:    1.0000 (34/34)
----------------------------------------
输入:       D>LH> LMSV> MN KL DBJC WKLJ XJLK
目标:     0 1 0 0 4 0 0 1 6 0 10 7 0 0 0 0 0 2 0 1 0 0 2 0 36 0 0 3 0 0 0 5 0
预测:     0 1 0 0 4 0 0 1 6 0 10 7 0 0 0 0 0 2 0 1 0 0 2 0 36 0 0 3 0 0 0 5 0
准确率:    1.0000 (33/33)
----------------------------------------
💾 保存新的最佳模型！验证准确率: 0.9650 (F1: 0.9645) (Epoch 10)

======================================================================
🚀 Epoch 11/200
======================================================================
📚 开始训练阶段...
训练进度: 500/6065 损失=0.0517
训练进度: 1000/6065 损失=0.0988
训练进度: 1500/6065 损失=0.0971
训练进度: 2000/6065 损失=0.0488
训练进度: 2500/6065 损失=0.1351
训练进度: 3000/6065 损失=0.0616
训练进度: 3500/6065 损失=0.1447
训练进度: 4000/6065 损失=0.0648
训练进度: 4500/6065 损失=0.1534
训练进度: 5000/6065 损失=0.0900
训练进度: 5500/6065 损失=0.1277
训练进度: 6000/6065 损失=0.1023
训练进度: 6065/6065 损失=0.1509
✅ 训练完成，耗时: 108.1秒 (1.8分钟)

============================================================
📊 验证决策: Epoch 11/200
   验证间隔: 1
   是否验证: ✅ 是
   原因: 达到验证间隔 (0 == 0)
============================================================

🔍 开始验证...
验证进度: 500/686 损失=0.0409
验证进度: 686/686 损失=0.2135

📊 预测分布分析:
  - 预测的前5个类别: {np.int64(0): 281178, np.int64(1): 37121, np.int64(2): 14816, np.int64(3): 10798, np.int64(4): 8695}
  - 标签的前5个类别: {np.int64(0): 281232, np.int64(1): 36731, np.int64(2): 14789, np.int64(3): 10866, np.int64(4): 8585}
✅ 验证完成，耗时: 4.6秒 (0.1分钟)
训练损失: 0.0909
验证损失: 0.2136
验证准确率: 0.9654 (10584/10964) - 与Levenshtein高度相关
验证F1(加权): 0.9650 - 类别平衡更好
学习率: 0.000099
显存使用: 0.48GB (预留: 0.69GB)

生成的训练样本:
--------------------------------------------------------------------------------
输入:       >N T<BD LJ PTGM> D>MR >N> LK
目标:     0 0 0 0 6 0 0 3 0 1 0 0 0 0 0 4 0 0 1 0 0 7 0 0 0 0 0 1 0
预测:     0 0 0 0 6 0 0 3 0 1 0 0 0 0 0 4 0 0 1 0 0 7 0 0 0 0 0 1 0
准确率:    1.0000 (29/29)
----------------------------------------
输入:       HW N<WL LTMN LH XJL MVL DHW
目标:     0 0 12 0 6 8 0 53 0 1 0 0 0 0 1 0 6 0 0 77 0 0 0 0 0 1 0 0
预测:     0 0 0 0 6 8 0 53 0 1 0 0 0 0 1 0 6 0 0 77 0 0 0 0 0 1 0 0
准确率:    0.9643 (27/28)
----------------------------------------
输入:       L> KD MBCLW MBCL BMJ> >L> KD
目标:     0 0 0 0 0 0 0 6 0 0 7 19 0 6 0 0 41 0 1 24 9 0 0 88 0 0 0 0 0
预测:     0 0 0 0 0 0 0 6 0 0 7 19 0 6 0 0 41 0 1 24 9 0 0 88 0 0 0 0 0
准确率:    1.0000 (29/29)
----------------------------------------

生成的验证样本:
--------------------------------------------------------------------------------
输入:       YBJNH D>LH> LMSV> MN KL DBJC WKLJ
目标:     0 0 0 0 5 0 0 1 0 0 4 0 0 1 6 0 10 7 0 0 0 0 0 2 0 1 0 0 2 0 36 0 0 3
预测:     0 0 0 0 5 0 0 1 0 0 4 0 0 1 6 0 10 7 0 0 0 0 0 2 0 1 0 0 2 0 1 0 0 3
准确率:    0.9706 (33/34)
----------------------------------------
输入:       D>LH> LMSV> MN KL DBJC WKLJ XJLK
目标:     0 1 0 0 4 0 0 1 6 0 10 7 0 0 0 0 0 2 0 1 0 0 2 0 36 0 0 3 0 0 0 5 0
预测:     0 1 0 0 4 0 0 1 6 0 10 7 0 0 0 0 0 2 0 1 0 0 2 0 36 0 0 3 0 0 0 5 0
准确率:    1.0000 (33/33)
----------------------------------------
💾 保存新的最佳模型！验证准确率: 0.9654 (F1: 0.9650) (Epoch 11)

======================================================================
🚀 Epoch 12/200
======================================================================
📚 开始训练阶段...
训练进度: 500/6065 损失=0.0627
训练进度: 1000/6065 损失=0.0790
训练进度: 1500/6065 损失=0.0617
训练进度: 2000/6065 损失=0.0927
训练进度: 2500/6065 损失=0.0939
训练进度: 3000/6065 损失=0.0918
训练进度: 3500/6065 损失=0.0973
训练进度: 4000/6065 损失=0.1256
训练进度: 4500/6065 损失=0.1361
训练进度: 5000/6065 损失=0.0393
训练进度: 5500/6065 损失=0.0806
训练进度: 6000/6065 损失=0.0596
训练进度: 6065/6065 损失=0.1272
✅ 训练完成，耗时: 108.3秒 (1.8分钟)

============================================================
📊 验证决策: Epoch 12/200
   验证间隔: 1
   是否验证: ✅ 是
   原因: 达到验证间隔 (0 == 0)
============================================================

🔍 开始验证...
验证进度: 500/686 损失=0.0436
验证进度: 686/686 损失=0.2700

📊 预测分布分析:
  - 预测的前5个类别: {np.int64(0): 281234, np.int64(1): 37199, np.int64(2): 14822, np.int64(3): 10910, np.int64(4): 8449}
  - 标签的前5个类别: {np.int64(0): 281232, np.int64(1): 36731, np.int64(2): 14789, np.int64(3): 10866, np.int64(4): 8585}
✅ 验证完成，耗时: 4.6秒 (0.1分钟)
训练损失: 0.0865
验证损失: 0.2207
验证准确率: 0.9647 (10576/10964) - 与Levenshtein高度相关
验证F1(加权): 0.9642 - 类别平衡更好
学习率: 0.000099
显存使用: 0.48GB (预留: 0.69GB)

生成的训练样本:
--------------------------------------------------------------------------------
输入:       WNXZWN >N SHDWT> DGLT> B<> HW> DNSHD
目标:     0 1 6 0 18 0 0 0 0 0 0 0 0 0 2 9 0 0 0 0 22 9 0 0 0 10 7 0 0 10 3 0 1 28 0 0 3
预测:     0 1 6 0 18 0 0 0 0 0 0 0 0 0 2 9 0 0 0 0 22 9 0 0 0 10 7 0 0 10 3 0 1 28 0 0 3
准确率:    1.0000 (37/37)
----------------------------------------
输入:       KD R<> HW> XMR> DYB<WN >BWHJ WHLJN
目标:     0 0 0 0 0 10 7 0 0 10 3 0 0 0 11 0 0 1 0 0 0 0 2 0 0 8 5 0 0 0 1 0 0 0 0
预测:     0 0 0 0 0 10 7 0 0 10 3 0 0 0 15 0 0 1 0 0 0 0 2 0 0 8 5 0 0 0 1 0 0 0 0
准确率:    0.9714 (34/35)
----------------------------------------
输入:       MRQWDT> RBT> W<CJNT> W<BD L>BWHJ BJT BK>
目标:     0 0 0 8 0 13 9 0 0 0 2 9 0 0 1 0 0 0 2 9 0 0 1 0 0 3 0 1 0 8 5 0 0 0 0 0 2 0 0 61 0
预测:     0 0 0 8 0 13 9 0 0 0 2 9 0 0 1 0 8 0 2 9 27 0 1 0 0 3 0 1 0 8 5 0 0 0 0 0 2 0 0 61 0
准确率:    0.9512 (39/41)
----------------------------------------

生成的验证样本:
--------------------------------------------------------------------------------
输入:       YBJNH D>LH> LMSV> MN KL DBJC WKLJ
目标:     0 0 0 0 5 0 0 1 0 0 4 0 0 1 6 0 10 7 0 0 0 0 0 2 0 1 0 0 2 0 36 0 0 3
预测:     0 0 0 0 5 0 0 1 0 0 4 0 0 1 6 0 10 7 0 0 0 0 0 2 0 1 0 0 2 0 1 0 0 3
准确率:    0.9706 (33/34)
----------------------------------------
输入:       D>LH> LMSV> MN KL DBJC WKLJ XJLK
目标:     0 1 0 0 4 0 0 1 6 0 10 7 0 0 0 0 0 2 0 1 0 0 2 0 36 0 0 3 0 0 0 5 0
预测:     0 1 0 0 4 0 0 1 6 0 10 7 0 0 0 0 0 2 0 1 0 0 2 0 1 0 0 3 0 0 0 5 0
准确率:    0.9697 (32/33)
----------------------------------------
⏳ 验证无提升 (验证准确率: 0.9647 ≤ 0.9654)，patience: 1/50

======================================================================
🚀 Epoch 13/200
======================================================================
📚 开始训练阶段...
训练进度: 500/6065 损失=0.0829
训练进度: 1000/6065 损失=0.0716
训练进度: 1500/6065 损失=0.0822
训练进度: 2000/6065 损失=0.1017
训练进度: 2500/6065 损失=0.1018
训练进度: 3000/6065 损失=0.0755
训练进度: 3500/6065 损失=0.0798
训练进度: 4000/6065 损失=0.0861
训练进度: 4500/6065 损失=0.0826
训练进度: 5000/6065 损失=0.0620
训练进度: 5500/6065 损失=0.1038
训练进度: 6000/6065 损失=0.0711
训练进度: 6065/6065 损失=0.0968
✅ 训练完成，耗时: 108.2秒 (1.8分钟)

============================================================
📊 验证决策: Epoch 13/200
   验证间隔: 1
   是否验证: ✅ 是
   原因: 达到验证间隔 (0 == 0)
============================================================

🔍 开始验证...
验证进度: 500/686 损失=0.0438
验证进度: 686/686 损失=0.2711

📊 预测分布分析:
  - 预测的前5个类别: {np.int64(0): 281085, np.int64(1): 37179, np.int64(2): 14790, np.int64(3): 10953, np.int64(4): 8725}
  - 标签的前5个类别: {np.int64(0): 281232, np.int64(1): 36731, np.int64(2): 14789, np.int64(3): 10866, np.int64(4): 8585}
✅ 验证完成，耗时: 4.6秒 (0.1分钟)
训练损失: 0.0826
验证损失: 0.2177
验证准确率: 0.9652 (10582/10964) - 与Levenshtein高度相关
验证F1(加权): 0.9648 - 类别平衡更好
学习率: 0.000099
显存使用: 0.48GB (预留: 0.69GB)

生成的训练样本:
--------------------------------------------------------------------------------
输入:       BXBRH BKWLH MCRJT> W<RQT KWLH MCRJT> <DM>
目标:     0 1 0 0 5 0 0 1 8 0 5 12 0 0 0 0 2 9 0 0 1 0 0 3 26 0 8 0 5 12 0 0 0 0 2 9 0 0 0 0 0 0
预测:     0 1 0 0 5 0 0 1 8 0 5 12 0 0 0 0 2 9 0 0 1 0 0 3 26 0 8 0 5 12 0 0 0 0 2 9 0 0 0 0 0 0
准确率:    1.0000 (42/42)
----------------------------------------
输入:       LXZW> DLLJ> HKN> HW XZW> WXLM> DLLJ>
目标:     0 1 0 0 4 0 0 1 38 0 4 0 0 0 0 0 0 0 0 0 0 0 0 4 0 0 1 0 0 15 0 0 1 38 0 4 0
预测:     0 1 0 0 4 0 0 1 38 0 4 0 0 0 0 0 0 0 0 12 0 0 0 4 0 0 1 0 0 15 0 0 1 38 0 4 0
准确率:    0.9730 (36/37)
----------------------------------------
输入:       <LJK KWLHJN MXWT> DMYRJ> DDXL >NT MN
目标:     0 0 8 1 0 0 8 0 5 0 0 0 0 0 0 13 23 0 0 1 0 0 0 11 0 0 1 0 0 7 0 0 0 0 0 0 0
预测:     0 0 8 1 0 0 8 0 5 0 0 0 0 0 0 13 23 0 0 1 0 0 0 11 0 0 1 0 0 7 0 0 0 0 0 0 0
准确率:    1.0000 (37/37)
----------------------------------------

生成的验证样本:
--------------------------------------------------------------------------------
输入:       YBJNH D>LH> LMSV> MN KL DBJC WKLJ
目标:     0 0 0 0 5 0 0 1 0 0 4 0 0 1 6 0 10 7 0 0 0 0 0 2 0 1 0 0 2 0 36 0 0 3
预测:     0 0 0 0 5 0 0 1 0 0 4 0 0 1 6 0 10 7 0 0 0 0 0 2 0 1 0 0 2 0 36 0 0 3
准确率:    1.0000 (34/34)
----------------------------------------
输入:       D>LH> LMSV> MN KL DBJC WKLJ XJLK
目标:     0 1 0 0 4 0 0 1 6 0 10 7 0 0 0 0 0 2 0 1 0 0 2 0 36 0 0 3 0 0 0 5 0
预测:     0 1 0 0 4 0 0 1 6 0 10 7 0 0 0 0 0 2 0 1 0 0 2 0 36 0 0 3 0 0 0 5 0
准确率:    1.0000 (33/33)
----------------------------------------
⏳ 验证无提升 (验证准确率: 0.9652 ≤ 0.9654)，patience: 2/50

======================================================================
🚀 Epoch 14/200
======================================================================
📚 开始训练阶段...
训练进度: 500/6065 损失=0.1073
训练进度: 1000/6065 损失=0.0934
训练进度: 1500/6065 损失=0.0490
训练进度: 2000/6065 损失=0.0418
训练进度: 2500/6065 损失=0.0885
训练进度: 3000/6065 损失=0.1168
训练进度: 3500/6065 损失=0.0495
训练进度: 4000/6065 损失=0.0506
训练进度: 4500/6065 损失=0.0960
训练进度: 5000/6065 损失=0.0719
训练进度: 5500/6065 损失=0.0632
训练进度: 6000/6065 损失=0.0764
训练进度: 6065/6065 损失=0.0669
✅ 训练完成，耗时: 108.3秒 (1.8分钟)

============================================================
📊 验证决策: Epoch 14/200
   验证间隔: 1
   是否验证: ✅ 是
   原因: 达到验证间隔 (0 == 0)
============================================================

🔍 开始验证...
验证进度: 500/686 损失=0.0387
验证进度: 686/686 损失=0.2808

📊 预测分布分析:
  - 预测的前5个类别: {np.int64(0): 281585, np.int64(1): 37289, np.int64(2): 15058, np.int64(3): 10914, np.int64(4): 8721}
  - 标签的前5个类别: {np.int64(0): 281232, np.int64(1): 36731, np.int64(2): 14789, np.int64(3): 10866, np.int64(4): 8585}
✅ 验证完成，耗时: 4.6秒 (0.1分钟)
训练损失: 0.0789
验证损失: 0.2253
验证准确率: 0.9661 (10592/10964) - 与Levenshtein高度相关
验证F1(加权): 0.9655 - 类别平衡更好
学习率: 0.000099
显存使用: 0.47GB (预留: 0.69GB)

生成的训练样本:
--------------------------------------------------------------------------------
输入:       D>TRGM NBWT WMJT WKD CM<T >JZBL DMJT
目标:     0 1 0 14 0 0 3 0 0 0 0 2 0 1 20 0 3 0 1 0 0 0 0 0 3 26 0 0 0 0 0 2 0 1 20 0 40
预测:     0 1 0 14 0 0 3 0 0 0 0 2 0 1 20 0 3 0 1 0 0 0 0 0 3 26 0 0 0 0 0 2 0 1 20 0 3
准确率:    0.9730 (36/37)
----------------------------------------
输入:       DXZW DXKMT> D>LH> >JT BH LM<BD DJN>
目标:     0 1 0 18 0 0 1 0 0 13 9 0 0 1 0 0 4 0 0 0 0 24 0 1 0 0 1 6 0 0 7 0 0 0 15 0
预测:     0 1 0 18 0 0 1 0 0 13 9 0 0 1 0 0 4 0 0 0 0 24 0 1 0 0 1 6 0 0 7 0 0 0 15 0
准确率:    1.0000 (36/36)
----------------------------------------
输入:       M<DRN> DJLJ W>SBR BH MSTRNJ WQRN> DPWRQN>
目标:     0 0 0 0 0 4 0 0 0 0 1 0 0 1 6 0 0 16 0 1 0 0 6 0 0 163 0 0 0 1 0 0 4 0 0 1 0 0 0 0 4 0
预测:     0 0 0 0 0 4 0 0 0 0 1 0 0 1 6 0 0 16 0 1 0 0 6 0 0 163 0 0 0 1 0 0 4 0 0 1 0 0 0 0 4 0
准确率:    1.0000 (42/42)
----------------------------------------

生成的验证样本:
--------------------------------------------------------------------------------
输入:       YBJNH D>LH> LMSV> MN KL DBJC WKLJ
目标:     0 0 0 0 5 0 0 1 0 0 4 0 0 1 6 0 10 7 0 0 0 0 0 2 0 1 0 0 2 0 36 0 0 3
预测:     0 0 0 0 5 0 0 1 0 0 4 0 0 1 6 0 10 7 0 0 0 0 0 2 0 1 0 0 2 0 1 0 0 3
准确率:    0.9706 (33/34)
----------------------------------------
输入:       D>LH> LMSV> MN KL DBJC WKLJ XJLK
目标:     0 1 0 0 4 0 0 1 6 0 10 7 0 0 0 0 0 2 0 1 0 0 2 0 36 0 0 3 0 0 0 5 0
预测:     0 1 0 0 4 0 0 1 6 0 10 7 0 0 0 0 0 2 0 1 0 0 2 0 36 0 0 3 0 0 0 5 0
准确率:    1.0000 (33/33)
----------------------------------------
💾 保存新的最佳模型！验证准确率: 0.9661 (F1: 0.9655) (Epoch 14)

======================================================================
🚀 Epoch 15/200
======================================================================
📚 开始训练阶段...
训练进度: 500/6065 损失=0.0845
训练进度: 1000/6065 损失=0.0561
训练进度: 1500/6065 损失=0.1356
训练进度: 2000/6065 损失=0.0739
训练进度: 2500/6065 损失=0.0635
训练进度: 3000/6065 损失=0.0570
训练进度: 3500/6065 损失=0.0743
训练进度: 4000/6065 损失=0.0441
训练进度: 4500/6065 损失=0.0699
训练进度: 5000/6065 损失=0.0618
训练进度: 5500/6065 损失=0.0935
训练进度: 6000/6065 损失=0.0985
训练进度: 6065/6065 损失=0.1072
✅ 训练完成，耗时: 107.9秒 (1.8分钟)

============================================================
📊 验证决策: Epoch 15/200
   验证间隔: 1
   是否验证: ✅ 是
   原因: 达到验证间隔 (0 == 0)
============================================================

🔍 开始验证...
验证进度: 500/686 损失=0.0454
验证进度: 686/686 损失=0.2613

📊 预测分布分析:
  - 预测的前5个类别: {np.int64(0): 280763, np.int64(1): 37118, np.int64(2): 14903, np.int64(3): 10778, np.int64(4): 8941}
  - 标签的前5个类别: {np.int64(0): 281232, np.int64(1): 36731, np.int64(2): 14789, np.int64(3): 10866, np.int64(4): 8585}
✅ 验证完成，耗时: 4.6秒 (0.1分钟)
训练损失: 0.0755
验证损失: 0.2210
验证准确率: 0.9663 (10594/10964) - 与Levenshtein高度相关
验证F1(加权): 0.9661 - 类别平衡更好
学习率: 0.000099
显存使用: 0.48GB (预留: 0.69GB)

生成的训练样本:
--------------------------------------------------------------------------------
输入:       W>JTJW >NJN LMCRJT> LCJLW DB>R<> DKN<N WCDRW
目标:     0 1 59 0 0 3 0 0 0 0 0 0 0 1 0 0 0 2 9 0 0 1 0 0 0 2 0 1 1 0 0 4 0 0 1 0 0 0 2 0 1 0 0 3 19
预测:     0 1 59 0 0 3 0 0 0 0 0 0 0 1 0 0 0 2 9 0 0 1 0 0 0 2 0 1 1 0 0 4 0 0 1 0 0 0 2 0 1 0 0 3 19
准确率:    1.0000 (45/45)
----------------------------------------
输入:       DQRJT> LGBR> HW WNRDWNH WNXSRWNH M>> DKSP>
目标:     0 1 0 0 22 9 0 0 1 0 0 4 0 0 0 12 0 1 6 0 18 0 1 0 0 1 6 0 0 3 0 67 0 0 0 0 2 0 1 0 0 4 0
预测:     0 1 0 0 22 9 0 0 1 0 0 4 0 0 0 12 0 1 6 0 18 0 1 0 0 1 6 0 0 3 0 67 0 0 0 0 2 0 1 0 0 4 0
准确率:    1.0000 (43/43)
----------------------------------------
输入:       LH >BJMLK W>ZLW >NC L>TRH WPR<H >LH>
目标:     0 1 0 0 0 0 0 0 0 2 0 1 0 0 3 0 0 0 0 2 0 1 0 0 5 0 0 1 0 0 29 0 0 0 0 4 0
预测:     0 1 0 0 0 0 0 0 0 2 0 1 0 0 3 0 0 0 0 2 0 1 0 0 5 0 0 1 0 0 29 0 0 0 0 4 0
准确率:    1.0000 (37/37)
----------------------------------------

生成的验证样本:
--------------------------------------------------------------------------------
输入:       YBJNH D>LH> LMSV> MN KL DBJC WKLJ
目标:     0 0 0 0 5 0 0 1 0 0 4 0 0 1 6 0 10 7 0 0 0 0 0 2 0 1 0 0 2 0 36 0 0 3
预测:     0 0 0 0 5 0 0 1 0 0 4 0 0 1 6 0 10 7 0 0 0 0 0 2 0 1 0 0 2 0 36 0 0 3
准确率:    1.0000 (34/34)
----------------------------------------
输入:       D>LH> LMSV> MN KL DBJC WKLJ XJLK
目标:     0 1 0 0 4 0 0 1 6 0 10 7 0 0 0 0 0 2 0 1 0 0 2 0 36 0 0 3 0 0 0 5 0
预测:     0 1 0 0 4 0 0 1 6 0 10 7 0 0 0 0 0 2 0 1 0 0 2 0 36 0 0 3 0 0 0 5 0
准确率:    1.0000 (33/33)
----------------------------------------
💾 保存新的最佳模型！验证准确率: 0.9663 (F1: 0.9661) (Epoch 15)

======================================================================
🚀 Epoch 16/200
======================================================================
📚 开始训练阶段...
训练进度: 500/6065 损失=0.0472
训练进度: 1000/6065 损失=0.0361
训练进度: 1500/6065 损失=0.0574
训练进度: 2000/6065 损失=0.0467
训练进度: 2500/6065 损失=0.0749
训练进度: 3000/6065 损失=0.0747
训练进度: 3500/6065 损失=0.0873
训练进度: 4000/6065 损失=0.1246
训练进度: 4500/6065 损失=0.0781
训练进度: 5000/6065 损失=0.1162
训练进度: 5500/6065 损失=0.0434
训练进度: 6000/6065 损失=0.0586
训练进度: 6065/6065 损失=0.0676
✅ 训练完成，耗时: 108.3秒 (1.8分钟)

============================================================
📊 验证决策: Epoch 16/200
   验证间隔: 1
   是否验证: ✅ 是
   原因: 达到验证间隔 (0 == 0)
============================================================

🔍 开始验证...
验证进度: 500/686 损失=0.0681
验证进度: 686/686 损失=0.2799

📊 预测分布分析:
  - 预测的前5个类别: {np.int64(0): 281035, np.int64(1): 37113, np.int64(2): 14872, np.int64(3): 10756, np.int64(4): 8688}
  - 标签的前5个类别: {np.int64(0): 281232, np.int64(1): 36731, np.int64(2): 14789, np.int64(3): 10866, np.int64(4): 8585}
✅ 验证完成，耗时: 4.6秒 (0.1分钟)
训练损失: 0.0728
验证损失: 0.2301
验证准确率: 0.9660 (10591/10964) - 与Levenshtein高度相关
验证F1(加权): 0.9658 - 类别平衡更好
学习率: 0.000098
显存使用: 0.48GB (预留: 0.69GB)

生成的训练样本:
--------------------------------------------------------------------------------
输入:       DKLH BJT CQJ> HJ QDM DNXBL MRJ>
目标:     0 1 0 5 12 0 0 0 2 0 0 0 15 0 0 0 12 0 0 0 2 0 1 6 0 0 16 0 0 0 0 2
预测:     0 1 0 5 12 0 0 0 2 0 0 0 15 0 0 0 12 0 0 0 2 0 1 6 0 0 16 0 0 0 0 2
准确率:    1.0000 (32/32)
----------------------------------------
输入:       KDBT> XWNJ BMN> TT>SR W>MR LH >NHW
目标:     0 0 0 22 23 0 6 0 114 0 0 0 1 0 0 0 0 21 14 0 0 3 0 1 0 0 3 0 1 12 0 0 1 0 0
预测:     0 0 0 22 23 0 6 0 114 0 0 0 1 0 0 0 0 21 14 0 0 3 0 1 0 0 3 0 1 12 0 0 1 0 0
准确率:    1.0000 (35/35)
----------------------------------------
输入:       >N> MN >BHJ W>MR MRJ> >LH> LJWNN
目标:     0 0 0 0 0 0 0 0 0 8 2 0 0 1 0 0 3 0 0 0 0 2 0 0 0 4 0 0 1 0 0 0 2
预测:     0 0 0 0 0 0 0 0 0 8 2 0 0 1 0 0 3 0 0 0 0 2 0 0 0 4 0 0 1 0 0 0 2
准确率:    1.0000 (33/33)
----------------------------------------

生成的验证样本:
--------------------------------------------------------------------------------
输入:       YBJNH D>LH> LMSV> MN KL DBJC WKLJ
目标:     0 0 0 0 5 0 0 1 0 0 4 0 0 1 6 0 10 7 0 0 0 0 0 2 0 1 0 0 2 0 36 0 0 3
预测:     0 0 0 0 5 0 0 1 0 0 4 0 0 1 6 0 10 7 0 0 0 0 0 2 0 1 0 0 2 0 36 0 0 3
准确率:    1.0000 (34/34)
----------------------------------------
输入:       D>LH> LMSV> MN KL DBJC WKLJ XJLK
目标:     0 1 0 0 4 0 0 1 6 0 10 7 0 0 0 0 0 2 0 1 0 0 2 0 36 0 0 3 0 0 0 5 0
预测:     0 1 0 0 4 0 0 1 6 0 10 7 0 0 0 0 0 2 0 1 0 0 2 0 36 0 0 3 0 0 0 5 0
准确率:    1.0000 (33/33)
----------------------------------------
⏳ 验证无提升 (验证准确率: 0.9660 ≤ 0.9663)，patience: 1/50

======================================================================
🚀 Epoch 17/200
======================================================================
📚 开始训练阶段...
训练进度: 500/6065 损失=0.0929
训练进度: 1000/6065 损失=0.0698
训练进度: 1500/6065 损失=0.0653
训练进度: 2000/6065 损失=0.0906
训练进度: 2500/6065 损失=0.0915
训练进度: 3000/6065 损失=0.0474
训练进度: 3500/6065 损失=0.0928
训练进度: 4000/6065 损失=0.0670
训练进度: 4500/6065 损失=0.0399
训练进度: 5000/6065 损失=0.0477
训练进度: 5500/6065 损失=0.0970
训练进度: 6000/6065 损失=0.0593
训练进度: 6065/6065 损失=0.0961
✅ 训练完成，耗时: 108.0秒 (1.8分钟)

============================================================
📊 验证决策: Epoch 17/200
   验证间隔: 1
   是否验证: ✅ 是
   原因: 达到验证间隔 (0 == 0)
============================================================

🔍 开始验证...
验证进度: 500/686 损失=0.0339
验证进度: 686/686 损失=0.3396

📊 预测分布分析:
  - 预测的前5个类别: {np.int64(0): 281222, np.int64(1): 36994, np.int64(2): 14808, np.int64(3): 10689, np.int64(4): 8907}
  - 标签的前5个类别: {np.int64(0): 281232, np.int64(1): 36731, np.int64(2): 14789, np.int64(3): 10866, np.int64(4): 8585}
✅ 验证完成，耗时: 4.6秒 (0.1分钟)
训练损失: 0.0702
验证损失: 0.2390
验证准确率: 0.9654 (10584/10964) - 与Levenshtein高度相关
验证F1(加权): 0.9651 - 类别平衡更好
学习率: 0.000098
显存使用: 0.48GB (预留: 0.69GB)

生成的训练样本:
--------------------------------------------------------------------------------
输入:       DJLH MVL DRWGZ> BXMTH WXJ> BYBJNH BRMC>
目标:     0 0 0 1 0 0 0 0 0 0 1 0 0 0 4 0 0 1 0 13 1 0 0 1 0 11 0 0 1 0 0 0 5 0 0 1 0 0 4 0
预测:     0 0 0 1 0 0 0 0 0 0 1 0 0 0 4 0 0 1 0 13 1 0 0 1 0 11 0 0 1 0 0 0 5 0 0 1 0 0 4 0
准确率:    1.0000 (40/40)
----------------------------------------
输入:       KD TRXM LMRJ> >LHK WTCM< BQLH WTTNQP
目标:     0 0 0 0 6 0 0 16 0 1 0 0 0 2 0 0 0 5 0 0 1 6 0 0 3 0 1 0 5 0 0 1 21 14 0 0 16
预测:     0 0 0 0 6 0 0 16 0 1 0 0 0 2 0 0 0 5 0 0 1 6 0 0 3 0 1 0 5 0 0 1 21 14 0 0 16
准确率:    1.0000 (37/37)
----------------------------------------
输入:       PTGM> HN> WNMWS> HN> LKWN WLBNJKWN <DM>
目标:     0 0 0 0 4 0 0 0 0 0 0 1 0 0 0 4 0 0 0 0 0 0 1 0 0 0 0 1 1 0 2 1 0 0 0 0 0 0 0 0
预测:     0 0 0 0 4 0 0 0 0 0 0 1 0 0 0 4 0 0 0 0 0 0 1 0 0 0 0 1 1 0 2 1 0 0 0 0 0 0 0 0
准确率:    1.0000 (40/40)
----------------------------------------

生成的验证样本:
--------------------------------------------------------------------------------
输入:       YBJNH D>LH> LMSV> MN KL DBJC WKLJ
目标:     0 0 0 0 5 0 0 1 0 0 4 0 0 1 6 0 10 7 0 0 0 0 0 2 0 1 0 0 2 0 36 0 0 3
预测:     0 0 0 0 5 0 0 1 0 0 4 0 0 1 6 0 10 7 0 0 0 0 0 2 0 1 0 0 2 0 36 0 0 3
准确率:    1.0000 (34/34)
----------------------------------------
输入:       D>LH> LMSV> MN KL DBJC WKLJ XJLK
目标:     0 1 0 0 4 0 0 1 6 0 10 7 0 0 0 0 0 2 0 1 0 0 2 0 36 0 0 3 0 0 0 5 0
预测:     0 1 0 0 4 0 0 1 6 0 10 7 0 0 0 0 0 2 0 1 0 0 2 0 36 0 0 3 0 0 0 5 0
准确率:    1.0000 (33/33)
----------------------------------------
⏳ 验证无提升 (验证准确率: 0.9654 ≤ 0.9663)，patience: 2/50

======================================================================
🚀 Epoch 18/200
======================================================================
📚 开始训练阶段...
训练进度: 500/6065 损失=0.0677
训练进度: 1000/6065 损失=0.0654
训练进度: 1500/6065 损失=0.0399
训练进度: 2000/6065 损失=0.1038
训练进度: 2500/6065 损失=0.0588
训练进度: 3000/6065 损失=0.0615
训练进度: 3500/6065 损失=0.0362
训练进度: 4000/6065 损失=0.0766
训练进度: 4500/6065 损失=0.0474
训练进度: 5000/6065 损失=0.0432
训练进度: 5500/6065 损失=0.0656
训练进度: 6000/6065 损失=0.0511
训练进度: 6065/6065 损失=0.0951
✅ 训练完成，耗时: 107.9秒 (1.8分钟)

============================================================
📊 验证决策: Epoch 18/200
   验证间隔: 1
   是否验证: ✅ 是
   原因: 达到验证间隔 (0 == 0)
============================================================

🔍 开始验证...
验证进度: 500/686 损失=0.0169
验证进度: 686/686 损失=0.3103

📊 预测分布分析:
  - 预测的前5个类别: {np.int64(0): 281659, np.int64(1): 37002, np.int64(2): 14791, np.int64(3): 10635, np.int64(4): 9004}
  - 标签的前5个类别: {np.int64(0): 281232, np.int64(1): 36731, np.int64(2): 14789, np.int64(3): 10866, np.int64(4): 8585}
✅ 验证完成，耗时: 4.6秒 (0.1分钟)
训练损失: 0.0677
验证损失: 0.2389
验证准确率: 0.9664 (10596/10964) - 与Levenshtein高度相关
验证F1(加权): 0.9660 - 类别平衡更好
学习率: 0.000098
显存使用: 0.47GB (预留: 0.69GB)

生成的训练样本:
--------------------------------------------------------------------------------
输入:       >NJN W>CQJ <NHJN W>TJ LWT R<W>JL >BWHJN
目标:     0 0 0 0 0 0 1 17 0 0 3 0 0 5 0 0 0 0 1 0 0 80 0 0 0 0 0 0 0 0 0 0 2 0 0 8 5 0 0 0
预测:     0 0 0 0 0 0 1 17 0 0 3 0 0 5 0 0 0 0 1 0 0 80 0 0 0 0 0 0 0 0 0 0 2 0 0 8 5 0 0 0
准确率:    1.0000 (40/40)
----------------------------------------
输入:       DBNJNC> >JK CMC> GLJN QDMWHJ MVL DL>
目标:     0 1 0 2 75 0 4 0 0 0 0 0 0 0 0 4 0 0 0 0 7 27 0 0 0 25 1 0 0 0 0 0 0 0 1 0 0
预测:     0 1 0 2 75 0 4 0 0 0 0 0 0 0 0 4 0 0 0 0 7 27 0 0 0 25 1 0 0 0 0 0 0 0 1 0 0
准确率:    1.0000 (37/37)
----------------------------------------
输入:       WCDW TGJHWN BRXM> NVR TGJHWN >WDJW LH
目标:     0 1 0 18 0 0 0 2 1 0 0 0 0 1 0 0 30 0 0 0 0 3 0 0 2 1 0 0 0 0 50 0 0 3 0 0 1 0
预测:     0 1 0 18 0 0 0 2 1 0 0 0 0 1 0 0 30 0 0 0 0 3 0 0 2 1 0 0 0 0 50 0 0 3 0 0 1 0
准确率:    1.0000 (38/38)
----------------------------------------

生成的验证样本:
--------------------------------------------------------------------------------
输入:       YBJNH D>LH> LMSV> MN KL DBJC WKLJ
目标:     0 0 0 0 5 0 0 1 0 0 4 0 0 1 6 0 10 7 0 0 0 0 0 2 0 1 0 0 2 0 36 0 0 3
预测:     0 0 0 0 5 0 0 1 0 0 4 0 0 1 6 0 10 7 0 0 0 0 0 2 0 1 0 0 2 0 36 0 0 3
准确率:    1.0000 (34/34)
----------------------------------------
输入:       D>LH> LMSV> MN KL DBJC WKLJ XJLK
目标:     0 1 0 0 4 0 0 1 6 0 10 7 0 0 0 0 0 2 0 1 0 0 2 0 36 0 0 3 0 0 0 5 0
预测:     0 1 0 0 4 0 0 1 6 0 10 7 0 0 0 0 0 2 0 1 0 0 2 0 36 0 0 3 0 0 0 5 0
准确率:    1.0000 (33/33)
----------------------------------------
💾 保存新的最佳模型！验证准确率: 0.9664 (F1: 0.9660) (Epoch 18)

======================================================================
🚀 Epoch 19/200
======================================================================
📚 开始训练阶段...
训练进度: 500/6065 损失=0.0722
训练进度: 1000/6065 损失=0.0937
训练进度: 1500/6065 损失=0.0640
训练进度: 2000/6065 损失=0.0560
训练进度: 2500/6065 损失=0.0741
训练进度: 3000/6065 损失=0.0725
训练进度: 3500/6065 损失=0.0697
训练进度: 4000/6065 损失=0.0385
训练进度: 4500/6065 损失=0.1098
训练进度: 5000/6065 损失=0.0681
训练进度: 5500/6065 损失=0.0550
训练进度: 6000/6065 损失=0.0436
训练进度: 6065/6065 损失=0.0580
✅ 训练完成，耗时: 108.0秒 (1.8分钟)

============================================================
📊 验证决策: Epoch 19/200
   验证间隔: 1
   是否验证: ✅ 是
   原因: 达到验证间隔 (0 == 0)
============================================================

🔍 开始验证...
验证进度: 500/686 损失=0.0747
验证进度: 686/686 损失=0.3632

📊 预测分布分析:
  - 预测的前5个类别: {np.int64(0): 281193, np.int64(1): 37196, np.int64(2): 14717, np.int64(3): 10987, np.int64(4): 9010}
  - 标签的前5个类别: {np.int64(0): 281232, np.int64(1): 36731, np.int64(2): 14789, np.int64(3): 10866, np.int64(4): 8585}
✅ 验证完成，耗时: 4.6秒 (0.1分钟)
训练损失: 0.0655
验证损失: 0.2333
验证准确率: 0.9673 (10605/10964) - 与Levenshtein高度相关
验证F1(加权): 0.9668 - 类别平衡更好
学习率: 0.000098
显存使用: 0.47GB (预留: 0.69GB)

生成的训练样本:
--------------------------------------------------------------------------------
输入:       <SW LXQL> LMYD YJD> LMJTJW WRPQ> >MRT
目标:     0 0 0 2 0 1 0 0 4 0 0 1 6 31 7 0 0 0 4 0 0 1 68 0 0 7 0 0 1 0 0 0 2 0 0 0 3 0
预测:     0 0 0 2 0 1 0 0 4 0 0 1 6 31 7 0 0 0 4 0 0 1 68 0 0 7 0 0 1 0 0 0 2 0 0 0 3 26
准确率:    0.9737 (37/38)
----------------------------------------
输入:       DXZ> D>BJL KRK> MN SKH BK> KRK>
目标:     0 1 0 10 7 0 1 0 8 0 122 0 0 0 15 0 0 0 0 0 0 5 0 0 0 42 0 0 0 0 15 0
预测:     0 1 0 10 3 0 1 0 8 0 122 0 0 0 15 0 0 0 0 0 0 5 0 0 0 42 0 0 0 0 15 0
准确率:    0.9688 (31/32)
----------------------------------------
输入:       DDHB> <L TRTJN ZQZQN D<L TRJN SVRWHJ
目标:     0 1 0 0 4 0 0 0 0 0 0 2 0 0 0 0 0 0 0 13 0 0 1 0 0 0 0 2 0 12 0 0 0 25 1 0 0
预测:     0 1 0 0 4 0 0 0 0 0 0 2 0 0 0 0 0 0 0 13 0 0 1 0 0 0 0 2 0 12 0 0 0 25 1 0 0
准确率:    1.0000 (37/37)
----------------------------------------

生成的验证样本:
--------------------------------------------------------------------------------
输入:       YBJNH D>LH> LMSV> MN KL DBJC WKLJ
目标:     0 0 0 0 5 0 0 1 0 0 4 0 0 1 6 0 10 7 0 0 0 0 0 2 0 1 0 0 2 0 36 0 0 3
预测:     0 0 0 0 5 0 0 1 0 0 4 0 0 1 6 0 10 7 0 0 0 0 0 2 0 1 0 0 2 0 36 0 0 3
准确率:    1.0000 (34/34)
----------------------------------------
输入:       D>LH> LMSV> MN KL DBJC WKLJ XJLK
目标:     0 1 0 0 4 0 0 1 6 0 10 7 0 0 0 0 0 2 0 1 0 0 2 0 36 0 0 3 0 0 0 5 0
预测:     0 1 0 0 4 0 0 1 6 0 10 7 0 0 0 0 0 2 0 1 0 0 2 0 36 0 0 3 0 0 0 5 0
准确率:    1.0000 (33/33)
----------------------------------------
💾 保存新的最佳模型！验证准确率: 0.9673 (F1: 0.9668) (Epoch 19)

======================================================================
🚀 Epoch 20/200
======================================================================
📚 开始训练阶段...
训练进度: 500/6065 损失=0.0321
训练进度: 1000/6065 损失=0.0426
训练进度: 1500/6065 损失=0.0399
训练进度: 2000/6065 损失=0.0430
训练进度: 2500/6065 损失=0.0412
训练进度: 3000/6065 损失=0.0343
训练进度: 3500/6065 损失=0.0699
训练进度: 4000/6065 损失=0.0684
训练进度: 4500/6065 损失=0.0747
训练进度: 5000/6065 损失=0.0330
训练进度: 5500/6065 损失=0.0824
训练进度: 6000/6065 损失=0.0659
训练进度: 6065/6065 损失=0.0554
✅ 训练完成，耗时: 107.8秒 (1.8分钟)

============================================================
📊 验证决策: Epoch 20/200
   验证间隔: 1
   是否验证: ✅ 是
   原因: 达到验证间隔 (0 == 0)
============================================================

🔍 开始验证...
验证进度: 500/686 损失=0.0183
验证进度: 686/686 损失=0.3374

📊 预测分布分析:
  - 预测的前5个类别: {np.int64(0): 281319, np.int64(1): 37283, np.int64(2): 14703, np.int64(3): 10625, np.int64(4): 8967}
  - 标签的前5个类别: {np.int64(0): 281232, np.int64(1): 36731, np.int64(2): 14789, np.int64(3): 10866, np.int64(4): 8585}
✅ 验证完成，耗时: 4.6秒 (0.1分钟)
训练损失: 0.0635
验证损失: 0.2517
验证准确率: 0.9658 (10589/10964) - 与Levenshtein高度相关
验证F1(加权): 0.9655 - 类别平衡更好
学习率: 0.000098
显存使用: 0.48GB (预留: 0.69GB)

生成的训练样本:
--------------------------------------------------------------------------------
输入:       <L NHJR> WRGH WHRMS MLP DNPCT> RGH
目标:     0 0 0 0 0 0 0 4 0 0 1 0 238 0 0 1 0 0 0 2 0 52 0 41 0 1 0 0 2 23 0 0 0 238 0
预测:     0 0 0 0 0 0 0 4 0 0 1 0 5 0 0 1 0 0 0 2 0 52 0 41 0 1 0 0 2 23 0 0 0 5 0
准确率:    0.9429 (33/35)
----------------------------------------
输入:       DCLMWT> LPDT> WLXWSJ> WBSM> WMCX> LMNHRW WLMCX>
目标:     0 1 0 0 0 2 9 0 0 1 0 13 9 0 0 1 1 0 0 0 4 0 0 1 0 0 11 0 0 1 0 0 4 0 0 1 28 0 0 49 0 0 1 1 0 0 4 0
预测:     0 1 0 0 0 2 9 0 0 1 0 13 9 0 0 1 1 0 0 0 4 0 0 1 0 0 11 0 0 1 0 0 4 0 0 1 28 0 0 49 0 0 1 1 0 0 4 0
准确率:    1.0000 (48/48)
----------------------------------------
输入:       MWTJHWN DLJT DQBR WMBK> BKJN HWW <L
目标:     0 0 0 22 1 0 0 0 0 1 58 0 24 0 1 0 0 7 0 1 6 0 10 41 0 0 42 0 0 0 0 18 0 0 0 53
预测:     0 0 0 22 1 0 0 0 0 1 58 0 24 0 1 0 0 7 0 1 6 0 10 41 0 0 42 0 0 0 0 18 0 0 0 53
准确率:    1.0000 (36/36)
----------------------------------------

生成的验证样本:
--------------------------------------------------------------------------------
输入:       YBJNH D>LH> LMSV> MN KL DBJC WKLJ
目标:     0 0 0 0 5 0 0 1 0 0 4 0 0 1 6 0 10 7 0 0 0 0 0 2 0 1 0 0 2 0 36 0 0 3
预测:     0 0 0 0 5 0 0 1 0 0 4 0 0 1 6 0 10 7 0 0 0 0 0 2 0 1 0 0 2 0 1 0 0 3
准确率:    0.9706 (33/34)
----------------------------------------
输入:       D>LH> LMSV> MN KL DBJC WKLJ XJLK
目标:     0 1 0 0 4 0 0 1 6 0 10 7 0 0 0 0 0 2 0 1 0 0 2 0 36 0 0 3 0 0 0 5 0
预测:     0 1 0 0 4 0 0 1 6 0 10 7 0 0 0 0 0 2 0 1 0 0 2 0 36 0 0 3 0 0 0 5 0
准确率:    1.0000 (33/33)
----------------------------------------
⏳ 验证无提升 (验证准确率: 0.9658 ≤ 0.9673)，patience: 1/50

======================================================================
🚀 Epoch 21/200
======================================================================
📚 开始训练阶段...
训练进度: 500/6065 损失=0.0375
训练进度: 1000/6065 损失=0.1106
训练进度: 1500/6065 损失=0.0649
训练进度: 2000/6065 损失=0.0868
训练进度: 2500/6065 损失=0.1007
训练进度: 3000/6065 损失=0.0330
训练进度: 3500/6065 损失=0.0520
训练进度: 4000/6065 损失=0.0986
训练进度: 4500/6065 损失=0.0425
训练进度: 5000/6065 损失=0.0555
训练进度: 5500/6065 损失=0.0582
训练进度: 6000/6065 损失=0.0919
训练进度: 6065/6065 损失=0.0732
✅ 训练完成，耗时: 107.8秒 (1.8分钟)

============================================================
📊 验证决策: Epoch 21/200
   验证间隔: 1
   是否验证: ✅ 是
   原因: 达到验证间隔 (0 == 0)
============================================================

🔍 开始验证...
验证进度: 500/686 损失=0.0297
验证进度: 686/686 损失=0.3908

📊 预测分布分析:
  - 预测的前5个类别: {np.int64(0): 281249, np.int64(1): 37277, np.int64(2): 14766, np.int64(3): 10839, np.int64(4): 8763}
  - 标签的前5个类别: {np.int64(0): 281232, np.int64(1): 36731, np.int64(2): 14789, np.int64(3): 10866, np.int64(4): 8585}
✅ 验证完成，耗时: 4.6秒 (0.1分钟)
训练损失: 0.0614
验证损失: 0.2462
验证准确率: 0.9661 (10592/10964) - 与Levenshtein高度相关
验证F1(加权): 0.9657 - 类别平衡更好
学习率: 0.000097
显存使用: 0.48GB (预留: 0.69GB)

生成的训练样本:
--------------------------------------------------------------------------------
输入:       >NXNN DZKJNN SGJ>> XD <BRJ> ZK> LN
目标:     8 8 0 0 0 0 0 1 0 42 87 0 0 0 0 0 0 11 0 0 0 2 0 0 0 0 4 0 0 0 10 7 0 1 0
预测:     8 8 0 0 0 0 0 1 0 42 87 0 0 0 0 0 0 11 0 0 0 2 0 0 0 0 4 0 0 0 10 7 0 1 0
准确率:    1.0000 (35/35)
----------------------------------------
输入:       TMWT W>MRT DCPJR PTGM> HKN> ><BD MVL
目标:     0 6 0 0 3 0 1 0 0 3 12 0 1 0 0 0 2 0 0 0 0 4 0 0 0 0 0 0 0 6 0 0 3 0 0 0 0
预测:     0 6 0 0 3 0 1 0 0 3 26 0 1 0 0 0 2 0 0 0 0 4 0 0 0 0 0 0 0 6 0 0 3 0 0 0 0
准确率:    0.9730 (36/37)
----------------------------------------
输入:       B<NN> WQM <MH TMN WQR> BCM> MRJ>
目标:     0 1 0 0 4 0 0 1 31 3 0 0 1 0 0 0 0 0 0 1 0 10 3 0 1 0 4 0 0 0 0 0 2
预测:     0 1 0 0 4 0 0 1 31 3 0 0 1 0 0 0 0 0 0 1 0 10 3 0 1 0 4 0 0 0 0 0 2
准确率:    1.0000 (33/33)
----------------------------------------

生成的验证样本:
--------------------------------------------------------------------------------
输入:       YBJNH D>LH> LMSV> MN KL DBJC WKLJ
目标:     0 0 0 0 5 0 0 1 0 0 4 0 0 1 6 0 10 7 0 0 0 0 0 2 0 1 0 0 2 0 36 0 0 3
预测:     0 0 0 0 5 0 0 1 0 0 4 0 0 1 6 0 10 7 0 0 0 0 0 2 0 1 0 0 2 0 1 0 0 3
准确率:    0.9706 (33/34)
----------------------------------------
输入:       D>LH> LMSV> MN KL DBJC WKLJ XJLK
目标:     0 1 0 0 4 0 0 1 6 0 10 7 0 0 0 0 0 2 0 1 0 0 2 0 36 0 0 3 0 0 0 5 0
预测:     0 1 0 0 4 0 0 1 6 0 10 7 0 0 0 0 0 2 0 1 0 0 2 0 36 0 0 3 0 0 0 5 0
准确率:    1.0000 (33/33)
----------------------------------------
⏳ 验证无提升 (验证准确率: 0.9661 ≤ 0.9673)，patience: 2/50

======================================================================
🚀 Epoch 22/200
======================================================================
📚 开始训练阶段...
训练进度: 500/6065 损失=0.0500
训练进度: 1000/6065 损失=0.0554
训练进度: 1500/6065 损失=0.0910
训练进度: 2000/6065 损失=0.0295
训练进度: 2500/6065 损失=0.0778
训练进度: 3000/6065 损失=0.0419
训练进度: 3500/6065 损失=0.0363
训练进度: 4000/6065 损失=0.0461
训练进度: 4500/6065 损失=0.0313
训练进度: 5000/6065 损失=0.0887
训练进度: 5500/6065 损失=0.0164
训练进度: 6000/6065 损失=0.1090
训练进度: 6065/6065 损失=0.0578
✅ 训练完成，耗时: 108.0秒 (1.8分钟)

============================================================
📊 验证决策: Epoch 22/200
   验证间隔: 1
   是否验证: ✅ 是
   原因: 达到验证间隔 (0 == 0)
============================================================

🔍 开始验证...
验证进度: 500/686 损失=0.0318
验证进度: 686/686 损失=0.5096

📊 预测分布分析:
  - 预测的前5个类别: {np.int64(0): 281575, np.int64(1): 37139, np.int64(2): 14779, np.int64(3): 10815, np.int64(4): 8986}
  - 标签的前5个类别: {np.int64(0): 281232, np.int64(1): 36731, np.int64(2): 14789, np.int64(3): 10866, np.int64(4): 8585}
✅ 验证完成，耗时: 4.6秒 (0.1分钟)
训练损失: 0.0594
验证损失: 0.2541
验证准确率: 0.9665 (10596/10964) - 与Levenshtein高度相关
验证F1(加权): 0.9660 - 类别平衡更好
学习率: 0.000097
显存使用: 0.48GB (预留: 0.69GB)

生成的训练样本:
--------------------------------------------------------------------------------
输入:       >JSRJL QWM >KWL LXM> WNV>B LK >N>
目标:     0 0 0 0 0 0 2 6 0 0 3 6 0 8 0 3 0 0 0 4 0 0 1 6 0 0 3 0 1 0 0 0 0 0
预测:     0 0 0 0 0 0 2 6 0 0 3 6 21 8 0 3 0 0 0 4 0 0 1 6 0 0 3 0 1 0 0 0 0 0
准确率:    0.9706 (33/34)
----------------------------------------
输入:       D<M> >NWN QC> QDL> WCBWQ LXWBJN WLXVHJN
目标:     0 1 0 15 0 0 0 0 0 0 0 0 138 0 0 0 0 4 0 0 36 0 8 0 3 0 1 0 0 22 1 0 0 1 1 0 0 2 1 0
预测:     0 1 0 15 0 0 0 0 0 0 0 0 138 0 0 0 0 4 0 0 36 0 8 0 3 0 1 0 0 22 1 0 0 1 1 0 0 2 1 0
准确率:    1.0000 (40/40)
----------------------------------------
输入:       TRTJN CNJN WPR<WN XLM XLM> WH> Q>M
目标:     0 0 2 0 0 0 0 0 13 0 0 0 1 0 0 0 0 2 0 0 0 3 0 0 0 15 0 0 1 0 0 0 20 0 7
预测:     0 0 2 0 0 0 0 0 13 0 0 0 1 0 0 0 0 2 0 0 0 3 0 0 0 15 0 0 1 0 0 0 20 0 7
准确率:    1.0000 (35/35)
----------------------------------------

生成的验证样本:
--------------------------------------------------------------------------------
输入:       YBJNH D>LH> LMSV> MN KL DBJC WKLJ
目标:     0 0 0 0 5 0 0 1 0 0 4 0 0 1 6 0 10 7 0 0 0 0 0 2 0 1 0 0 2 0 36 0 0 3
预测:     0 0 0 0 5 0 0 1 0 0 4 0 0 1 6 0 10 7 0 0 0 0 0 2 0 1 0 0 2 0 1 0 0 3
准确率:    0.9706 (33/34)
----------------------------------------
输入:       D>LH> LMSV> MN KL DBJC WKLJ XJLK
目标:     0 1 0 0 4 0 0 1 6 0 10 7 0 0 0 0 0 2 0 1 0 0 2 0 36 0 0 3 0 0 0 5 0
预测:     0 1 0 0 4 0 0 1 6 0 10 7 0 0 0 0 0 2 0 1 0 0 2 0 1 0 0 3 0 0 0 5 0
准确率:    0.9697 (32/33)
----------------------------------------
⏳ 验证无提升 (验证准确率: 0.9665 ≤ 0.9673)，patience: 3/50

======================================================================
🚀 Epoch 23/200
======================================================================
📚 开始训练阶段...
训练进度: 500/6065 损失=0.0758
训练进度: 1000/6065 损失=0.0571
训练进度: 1500/6065 损失=0.0320
训练进度: 2000/6065 损失=0.0485
训练进度: 2500/6065 损失=0.0290
训练进度: 3000/6065 损失=0.0196
训练进度: 3500/6065 损失=0.1682
训练进度: 4000/6065 损失=0.0497
训练进度: 4500/6065 损失=0.0238
训练进度: 5000/6065 损失=0.0383
训练进度: 5500/6065 损失=0.0280
训练进度: 6000/6065 损失=0.0821
训练进度: 6065/6065 损失=0.0571
✅ 训练完成，耗时: 108.1秒 (1.8分钟)

============================================================
📊 验证决策: Epoch 23/200
   验证间隔: 1
   是否验证: ✅ 是
   原因: 达到验证间隔 (0 == 0)
============================================================

🔍 开始验证...
验证进度: 500/686 损失=0.0305
验证进度: 686/686 损失=0.3680

📊 预测分布分析:
  - 预测的前5个类别: {np.int64(0): 281636, np.int64(1): 37115, np.int64(2): 14743, np.int64(3): 10521, np.int64(4): 8627}
  - 标签的前5个类别: {np.int64(0): 281232, np.int64(1): 36731, np.int64(2): 14789, np.int64(3): 10866, np.int64(4): 8585}
✅ 验证完成，耗时: 4.7秒 (0.1分钟)
训练损失: 0.0574
验证损失: 0.2606
验证准确率: 0.9664 (10595/10964) - 与Levenshtein高度相关
验证F1(加权): 0.9661 - 类别平衡更好
学习率: 0.000097
显存使用: 0.48GB (预留: 0.69GB)

生成的训练样本:
--------------------------------------------------------------------------------
输入:       LXM> L<M> D>R<> W>TTR<T QRJT> WKLHWN GBR>
目标:     0 0 0 4 0 0 1 0 15 0 0 1 0 0 4 0 0 1 0 14 0 0 116 26 0 0 0 22 9 0 0 1 0 5 0 0 0 0 0 0 11 0
预测:     0 0 0 4 0 0 1 0 15 0 0 1 0 0 4 0 0 1 0 14 0 0 116 26 0 0 0 22 9 0 0 1 0 5 0 0 0 0 0 0 11 0
准确率:    1.0000 (42/42)
----------------------------------------
输入:       WRWJW <MH WPQD LRB BJTH W>MR MLJ
目标:     0 1 0 0 3 19 0 0 1 0 0 1 0 0 16 0 1 0 2 0 0 0 5 0 0 1 0 0 3 6 0 0 3
预测:     0 1 0 0 3 19 0 0 1 0 0 1 0 0 16 0 1 0 2 0 0 0 5 0 0 1 0 0 3 0 0 0 3
准确率:    0.9697 (32/33)
----------------------------------------
输入:       B>DWM WKD XRB DWJD L>DWM KD SLQ
目标:     0 1 0 0 0 2 0 1 0 0 0 0 0 3 0 0 0 0 2 0 1 0 0 0 2 0 0 0 0 0 0 3
预测:     0 1 0 0 0 2 0 1 0 0 0 0 0 3 0 0 0 0 2 0 1 0 0 0 2 0 0 0 0 0 0 3
准确率:    1.0000 (32/32)
----------------------------------------

生成的验证样本:
--------------------------------------------------------------------------------
输入:       YBJNH D>LH> LMSV> MN KL DBJC WKLJ
目标:     0 0 0 0 5 0 0 1 0 0 4 0 0 1 6 0 10 7 0 0 0 0 0 2 0 1 0 0 2 0 36 0 0 3
预测:     0 0 0 0 5 0 0 1 0 0 4 0 0 1 6 0 10 7 0 0 0 0 0 2 0 1 0 0 2 0 1 0 0 3
准确率:    0.9706 (33/34)
----------------------------------------
输入:       D>LH> LMSV> MN KL DBJC WKLJ XJLK
目标:     0 1 0 0 4 0 0 1 6 0 10 7 0 0 0 0 0 2 0 1 0 0 2 0 36 0 0 3 0 0 0 5 0
预测:     0 1 0 0 4 0 0 1 6 0 10 7 0 0 0 0 0 2 0 1 0 0 2 0 36 0 0 3 0 0 0 5 0
准确率:    1.0000 (33/33)
----------------------------------------
⏳ 验证无提升 (验证准确率: 0.9664 ≤ 0.9673)，patience: 4/50

======================================================================
🚀 Epoch 24/200
======================================================================
📚 开始训练阶段...
训练进度: 500/6065 损失=0.0250
训练进度: 1000/6065 损失=0.0313
训练进度: 1500/6065 损失=0.0338
训练进度: 2000/6065 损失=0.0961
训练进度: 2500/6065 损失=0.0587
训练进度: 3000/6065 损失=0.0510
训练进度: 3500/6065 损失=0.0505
训练进度: 4000/6065 损失=0.0550
训练进度: 4500/6065 损失=0.0949
训练进度: 5000/6065 损失=0.0632
训练进度: 5500/6065 损失=0.0132
训练进度: 6000/6065 损失=0.0486
训练进度: 6065/6065 损失=0.0603
✅ 训练完成，耗时: 107.8秒 (1.8分钟)

============================================================
📊 验证决策: Epoch 24/200
   验证间隔: 1
   是否验证: ✅ 是
   原因: 达到验证间隔 (0 == 0)
============================================================

🔍 开始验证...
验证进度: 500/686 损失=0.0413
验证进度: 686/686 损失=0.3884

📊 预测分布分析:
  - 预测的前5个类别: {np.int64(0): 281514, np.int64(1): 36964, np.int64(2): 14785, np.int64(3): 10949, np.int64(4): 8680}
  - 标签的前5个类别: {np.int64(0): 281232, np.int64(1): 36731, np.int64(2): 14789, np.int64(3): 10866, np.int64(4): 8585}
✅ 验证完成，耗时: 4.6秒 (0.1分钟)
训练损失: 0.0561
验证损失: 0.2605
验证准确率: 0.9664 (10595/10964) - 与Levenshtein高度相关
验证F1(加权): 0.9661 - 类别平衡更好
学习率: 0.000097
显存使用: 0.48GB (预留: 0.69GB)

生成的训练样本:
--------------------------------------------------------------------------------
输入:       <MKWN W>QBWR MJTTJ MN QDMJ W<NW BNJ
目标:     0 0 1 0 0 0 0 1 17 0 8 0 3 0 20 0 7 124 0 0 0 0 0 0 0 2 46 0 1 0 18 0 0 0 2 0
预测:     0 0 1 0 0 0 0 1 17 0 8 0 3 0 20 0 7 124 0 0 0 0 0 0 0 2 46 0 1 0 18 0 0 0 2 0
准确率:    1.0000 (36/36)
----------------------------------------
输入:       PWRCN> DS>M> WDNXC> >JTJW PWRCN> LMRJ> WKL
目标:     0 0 0 0 0 4 0 0 1 0 0 4 0 0 1 1 0 0 4 0 0 59 0 0 3 0 0 0 0 0 0 4 0 0 1 0 0 0 2 0 1 0 2
预测:     0 0 0 0 0 4 0 0 1 0 0 4 0 0 1 1 0 0 4 0 0 59 0 0 3 0 0 0 0 0 0 4 0 0 1 0 0 0 2 0 1 0 2
准确率:    1.0000 (43/43)
----------------------------------------
输入:       BRJT> NSBJN XNN LN TXWJT> D<LJHWN >L>
目标:     0 0 0 13 23 0 0 0 0 7 0 0 0 0 0 0 0 1 0 0 0 0 0 2 9 0 0 1 0 8 1 0 0 0 0 0 0 0
预测:     0 0 0 13 23 0 0 0 0 7 0 0 0 0 0 0 0 1 0 0 0 0 0 2 9 0 0 1 0 8 1 0 0 0 0 0 0 0
准确率:    1.0000 (38/38)
----------------------------------------

生成的验证样本:
--------------------------------------------------------------------------------
输入:       YBJNH D>LH> LMSV> MN KL DBJC WKLJ
目标:     0 0 0 0 5 0 0 1 0 0 4 0 0 1 6 0 10 7 0 0 0 0 0 2 0 1 0 0 2 0 36 0 0 3
预测:     0 0 0 0 5 0 0 1 0 0 4 0 0 1 6 0 10 7 0 0 0 0 0 2 0 1 0 0 2 0 36 0 0 3
准确率:    1.0000 (34/34)
----------------------------------------
输入:       D>LH> LMSV> MN KL DBJC WKLJ XJLK
目标:     0 1 0 0 4 0 0 1 6 0 10 7 0 0 0 0 0 2 0 1 0 0 2 0 36 0 0 3 0 0 0 5 0
预测:     0 1 0 0 4 0 0 1 6 0 10 7 0 0 0 0 0 2 0 1 0 0 2 0 36 0 0 3 0 0 0 5 0
准确率:    1.0000 (33/33)
----------------------------------------
⏳ 验证无提升 (验证准确率: 0.9664 ≤ 0.9673)，patience: 5/50

======================================================================
🚀 Epoch 25/200
======================================================================
📚 开始训练阶段...
训练进度: 500/6065 损失=0.0731
训练进度: 1000/6065 损失=0.0481
训练进度: 1500/6065 损失=0.0650
训练进度: 2000/6065 损失=0.0309
训练进度: 2500/6065 损失=0.0358
训练进度: 3000/6065 损失=0.0657
训练进度: 3500/6065 损失=0.0698
训练进度: 4000/6065 损失=0.0424
训练进度: 4500/6065 损失=0.0496
训练进度: 5000/6065 损失=0.0939
训练进度: 5500/6065 损失=0.0468
训练进度: 6000/6065 损失=0.0236
训练进度: 6065/6065 损失=0.0453
✅ 训练完成，耗时: 107.7秒 (1.8分钟)

============================================================
📊 验证决策: Epoch 25/200
   验证间隔: 1
   是否验证: ✅ 是
   原因: 达到验证间隔 (0 == 0)
============================================================

🔍 开始验证...
验证进度: 500/686 损失=0.0640
验证进度: 686/686 损失=0.3771

📊 预测分布分析:
  - 预测的前5个类别: {np.int64(0): 282063, np.int64(1): 36948, np.int64(2): 14801, np.int64(3): 10646, np.int64(4): 8788}
  - 标签的前5个类别: {np.int64(0): 281232, np.int64(1): 36731, np.int64(2): 14789, np.int64(3): 10866, np.int64(4): 8585}
✅ 验证完成，耗时: 4.7秒 (0.1分钟)
训练损失: 0.0542
验证损失: 0.2689
验证准确率: 0.9666 (10597/10964) - 与Levenshtein高度相关
验证F1(加权): 0.9660 - 类别平衡更好
学习率: 0.000096
显存使用: 0.47GB (预留: 0.69GB)

生成的训练样本:
--------------------------------------------------------------------------------
输入:       DNHPWK MTKTC DKRWZWTH TTHJMN DBYWM> MQRB <MN
目标:     0 1 6 0 8 0 3 0 21 14 0 0 7 0 1 0 0 0 0 2 32 0 0 91 14 0 0 0 16 0 1 1 0 0 4 0 0 6 0 0 41 0 0 1 0
预测:     0 1 6 0 8 0 3 0 21 14 0 0 7 0 1 0 0 0 0 2 32 0 0 91 14 0 0 0 16 0 1 1 0 0 4 0 0 6 0 0 41 0 0 1 0
准确率:    1.0000 (45/45)
----------------------------------------
输入:       MN MWZG> NT<DL MMZGN> KWRHNJ NPC> DJN
目标:     0 0 0 0 0 0 0 11 0 0 21 14 0 0 16 0 0 0 0 0 4 0 0 0 0 0 0 2 0 0 0 0 4 0 0 0 0 0
预测:     0 0 0 0 0 0 0 4 0 0 21 14 0 0 16 0 0 0 0 0 4 0 0 0 0 0 0 2 0 0 0 0 4 0 0 0 0 0
准确率:    0.9737 (37/38)
----------------------------------------
输入:       HW> BJT B<C> WBJT >S> MLK> DJHWD>
目标:     0 0 10 3 0 0 66 0 0 0 0 0 2 0 1 0 66 0 0 0 0 2 0 0 0 4 0 0 1 0 0 0 0 2
预测:     0 0 10 3 0 0 66 0 0 0 0 0 2 0 1 0 66 0 0 0 0 2 0 0 0 4 0 0 1 0 0 0 0 2
准确率:    1.0000 (34/34)
----------------------------------------

生成的验证样本:
--------------------------------------------------------------------------------
输入:       YBJNH D>LH> LMSV> MN KL DBJC WKLJ
目标:     0 0 0 0 5 0 0 1 0 0 4 0 0 1 6 0 10 7 0 0 0 0 0 2 0 1 0 0 2 0 36 0 0 3
预测:     0 0 0 0 5 0 0 1 0 0 4 0 0 1 6 0 10 7 0 0 0 0 0 2 0 1 0 0 2 0 36 0 0 3
准确率:    1.0000 (34/34)
----------------------------------------
输入:       D>LH> LMSV> MN KL DBJC WKLJ XJLK
目标:     0 1 0 0 4 0 0 1 6 0 10 7 0 0 0 0 0 2 0 1 0 0 2 0 36 0 0 3 0 0 0 5 0
预测:     0 1 0 0 4 0 0 1 6 0 10 7 0 0 0 0 0 2 0 1 0 0 2 0 36 0 0 3 0 0 0 5 0
准确率:    1.0000 (33/33)
----------------------------------------
⏳ 验证无提升 (验证准确率: 0.9666 ≤ 0.9673)，patience: 6/50

======================================================================
🚀 Epoch 26/200
======================================================================
📚 开始训练阶段...
训练进度: 500/6065 损失=0.0870
训练进度: 1000/6065 损失=0.0355
训练进度: 1500/6065 损失=0.0536
训练进度: 2000/6065 损失=0.0481
训练进度: 2500/6065 损失=0.0348
训练进度: 3000/6065 损失=0.0696
训练进度: 3500/6065 损失=0.0707
训练进度: 4000/6065 损失=0.0586
训练进度: 4500/6065 损失=0.0848
训练进度: 5000/6065 损失=0.0433
训练进度: 5500/6065 损失=0.0482
训练进度: 6000/6065 损失=0.0753
训练进度: 6065/6065 损失=0.0802
✅ 训练完成，耗时: 108.1秒 (1.8分钟)

============================================================
📊 验证决策: Epoch 26/200
   验证间隔: 1
   是否验证: ✅ 是
   原因: 达到验证间隔 (0 == 0)
============================================================

🔍 开始验证...
验证进度: 500/686 损失=0.0251
验证进度: 686/686 损失=0.2504

📊 预测分布分析:
  - 预测的前5个类别: {np.int64(0): 281475, np.int64(1): 37088, np.int64(2): 14794, np.int64(3): 10740, np.int64(4): 8835}
  - 标签的前5个类别: {np.int64(0): 281232, np.int64(1): 36731, np.int64(2): 14789, np.int64(3): 10866, np.int64(4): 8585}
✅ 验证完成，耗时: 4.7秒 (0.1分钟)
训练损失: 0.0529
验证损失: 0.2601
验证准确率: 0.9674 (10606/10964) - 与Levenshtein高度相关
验证F1(加权): 0.9669 - 类别平衡更好
学习率: 0.000096
显存使用: 0.48GB (预留: 0.69GB)

生成的训练样本:
--------------------------------------------------------------------------------
输入:       >TQNH MNW NSQ LVWRH DMRJ> WMNW NQWM
目标:     0 17 0 0 29 12 0 0 71 0 0 6 64 3 0 1 0 0 5 0 0 1 0 0 0 2 0 1 0 71 0 0 6 0 0 3
预测:     0 17 0 0 29 12 0 0 71 0 0 6 64 3 0 1 0 0 5 0 0 1 0 0 0 2 0 1 0 71 0 0 6 0 0 3
准确率:    1.0000 (36/36)
----------------------------------------
输入:       KD NPQTWN MN MYRJN D>R<KWN BXRB> WQVL
目标:     0 0 0 0 0 0 3 0 0 0 0 0 0 0 0 0 0 0 2 0 1 0 0 120 0 0 0 0 1 0 0 15 0 0 1 0 0 16
预测:     0 0 0 0 0 0 3 0 0 0 0 0 0 0 0 0 0 0 2 0 1 0 0 120 0 0 0 0 1 0 0 15 0 0 1 0 0 16
准确率:    1.0000 (38/38)
----------------------------------------
输入:       WKLH NPTLJ WKWLH >R<> D>PRJM WDMNC> WKLH
目标:     0 1 0 5 12 0 0 0 0 0 2 0 1 8 0 5 12 0 0 0 4 0 0 1 0 0 0 0 2 0 1 1 0 0 0 2 0 1 0 5 12
预测:     0 1 0 5 12 0 0 0 0 0 2 0 1 8 0 5 12 0 0 0 4 0 0 1 0 0 0 0 2 0 1 1 0 0 0 2 0 1 0 5 12
准确率:    1.0000 (41/41)
----------------------------------------

生成的验证样本:
--------------------------------------------------------------------------------
输入:       YBJNH D>LH> LMSV> MN KL DBJC WKLJ
目标:     0 0 0 0 5 0 0 1 0 0 4 0 0 1 6 0 10 7 0 0 0 0 0 2 0 1 0 0 2 0 36 0 0 3
预测:     0 0 0 0 5 0 0 1 0 0 4 0 0 1 6 0 10 7 0 0 0 0 0 2 0 1 0 0 2 0 36 0 0 3
准确率:    1.0000 (34/34)
----------------------------------------
输入:       D>LH> LMSV> MN KL DBJC WKLJ XJLK
目标:     0 1 0 0 4 0 0 1 6 0 10 7 0 0 0 0 0 2 0 1 0 0 2 0 36 0 0 3 0 0 0 5 0
预测:     0 1 0 0 4 0 0 1 6 0 10 7 0 0 0 0 0 2 0 1 0 0 2 0 36 0 0 3 0 0 0 5 0
准确率:    1.0000 (33/33)
----------------------------------------
💾 保存新的最佳模型！验证准确率: 0.9674 (F1: 0.9669) (Epoch 26)

======================================================================
🚀 Epoch 27/200
======================================================================
📚 开始训练阶段...
训练进度: 500/6065 损失=0.0538
训练进度: 1000/6065 损失=0.0621
训练进度: 1500/6065 损失=0.0441
训练进度: 2000/6065 损失=0.0551
训练进度: 2500/6065 损失=0.0447
训练进度: 3000/6065 损失=0.0684
训练进度: 3500/6065 损失=0.0759
训练进度: 4000/6065 损失=0.0538
训练进度: 4500/6065 损失=0.0369
训练进度: 5000/6065 损失=0.0478
训练进度: 5500/6065 损失=0.0443
训练进度: 6000/6065 损失=0.0559
训练进度: 6065/6065 损失=0.0563
✅ 训练完成，耗时: 108.2秒 (1.8分钟)

============================================================
📊 验证决策: Epoch 27/200
   验证间隔: 1
   是否验证: ✅ 是
   原因: 达到验证间隔 (0 == 0)
============================================================

🔍 开始验证...
验证进度: 500/686 损失=0.0147
验证进度: 686/686 损失=0.3388

📊 预测分布分析:
  - 预测的前5个类别: {np.int64(0): 281679, np.int64(1): 37155, np.int64(2): 14731, np.int64(3): 10851, np.int64(4): 8928}
  - 标签的前5个类别: {np.int64(0): 281232, np.int64(1): 36731, np.int64(2): 14789, np.int64(3): 10866, np.int64(4): 8585}
✅ 验证完成，耗时: 4.7秒 (0.1分钟)
训练损失: 0.0516
验证损失: 0.2707
验证准确率: 0.9671 (10603/10964) - 与Levenshtein高度相关
验证F1(加权): 0.9667 - 类别平衡更好
学习率: 0.000096
显存使用: 0.48GB (预留: 0.69GB)

生成的训练样本:
--------------------------------------------------------------------------------
输入:       >MRTJ B>DNJ HW KSP> >N> NSBTH W>MRT
目标:     0 0 0 3 0 0 0 1 0 0 2 46 0 0 12 0 0 0 4 0 0 0 0 0 0 0 0 3 1 0 0 1 0 0 3 26
预测:     0 0 0 3 0 0 0 1 0 0 2 46 0 0 0 0 0 0 4 0 0 0 0 0 0 0 0 3 1 0 0 1 0 0 3 26
准确率:    0.9722 (35/36)
----------------------------------------
输入:       DL> HW> >KWTK >NC BMLK> KLHWN JWMJK
目标:     0 1 0 0 0 0 10 3 0 0 0 0 1 0 0 0 0 2 0 1 0 0 11 0 0 0 5 0 0 0 0 0 0 2 1 0
预测:     0 1 0 0 0 0 10 3 0 0 0 0 1 0 0 0 0 2 0 1 0 0 11 0 0 0 5 0 0 0 0 0 0 2 1 0
准确率:    1.0000 (36/36)
----------------------------------------
输入:       >MWRJ> D<MRJN BVWR> HW L>WR<KWN WRDPWKWN >JK
目标:     0 0 0 0 0 11 0 0 1 0 0 7 0 0 0 1 0 0 4 0 0 0 12 0 1 0 0 0 5 0 0 0 0 1 0 0 3 1 0 0 0 0 0 0 0
预测:     0 0 0 0 0 11 0 0 1 0 0 7 0 0 0 1 0 0 4 0 0 0 12 0 1 0 0 0 5 0 0 0 0 1 0 0 3 1 0 0 0 0 0 0 0
准确率:    1.0000 (45/45)
----------------------------------------

生成的验证样本:
--------------------------------------------------------------------------------
输入:       YBJNH D>LH> LMSV> MN KL DBJC WKLJ
目标:     0 0 0 0 5 0 0 1 0 0 4 0 0 1 6 0 10 7 0 0 0 0 0 2 0 1 0 0 2 0 36 0 0 3
预测:     0 0 0 0 5 0 0 1 0 0 4 0 0 1 6 0 10 7 0 0 0 0 0 2 0 1 0 0 2 0 36 0 0 3
准确率:    1.0000 (34/34)
----------------------------------------
输入:       D>LH> LMSV> MN KL DBJC WKLJ XJLK
目标:     0 1 0 0 4 0 0 1 6 0 10 7 0 0 0 0 0 2 0 1 0 0 2 0 36 0 0 3 0 0 0 5 0
预测:     0 1 0 0 4 0 0 1 6 0 10 7 0 0 0 0 0 2 0 1 0 0 2 0 36 0 0 3 0 0 0 5 0
准确率:    1.0000 (33/33)
----------------------------------------
⏳ 验证无提升 (验证准确率: 0.9671 ≤ 0.9674)，patience: 1/50

======================================================================
🚀 Epoch 28/200
======================================================================
📚 开始训练阶段...
训练进度: 500/6065 损失=0.0447
训练进度: 1000/6065 损失=0.0193
训练进度: 1500/6065 损失=0.0433
训练进度: 2000/6065 损失=0.0534
训练进度: 2500/6065 损失=0.0246
训练进度: 3000/6065 损失=0.0575
训练进度: 3500/6065 损失=0.0662
训练进度: 4000/6065 损失=0.0559
训练进度: 4500/6065 损失=0.0244
训练进度: 5000/6065 损失=0.0519
训练进度: 5500/6065 损失=0.1182
训练进度: 6000/6065 损失=0.0488
训练进度: 6065/6065 损失=0.0393
✅ 训练完成，耗时: 108.1秒 (1.8分钟)

============================================================
📊 验证决策: Epoch 28/200
   验证间隔: 1
   是否验证: ✅ 是
   原因: 达到验证间隔 (0 == 0)
============================================================

🔍 开始验证...
验证进度: 500/686 损失=0.0507
验证进度: 686/686 损失=0.3890

📊 预测分布分析:
  - 预测的前5个类别: {np.int64(0): 281230, np.int64(1): 37000, np.int64(2): 14806, np.int64(3): 11078, np.int64(4): 8971}
  - 标签的前5个类别: {np.int64(0): 281232, np.int64(1): 36731, np.int64(2): 14789, np.int64(3): 10866, np.int64(4): 8585}
✅ 验证完成，耗时: 4.6秒 (0.1分钟)
训练损失: 0.0504
验证损失: 0.2724
验证准确率: 0.9669 (10601/10964) - 与Levenshtein高度相关
验证F1(加权): 0.9666 - 类别平衡更好
学习率: 0.000095
显存使用: 0.47GB (预留: 0.69GB)

生成的训练样本:
--------------------------------------------------------------------------------
输入:       >XWHJ LMTL LH PTGM> MVL DDXLW MN
目标:     0 0 25 1 0 0 0 1 34 0 7 0 1 0 0 0 0 0 4 0 0 0 0 0 0 1 0 0 3 0 0 0 0
预测:     0 0 25 1 0 0 0 1 34 0 7 0 1 0 0 0 0 0 4 0 0 0 0 0 0 1 0 0 3 0 0 0 0
准确率:    1.0000 (33/33)
----------------------------------------
输入:       MRJ> L>WRCLM MN >JDJ WCTQW <M> WL>
目标:     0 0 0 0 2 0 1 0 0 0 0 0 2 0 0 0 8 0 0 2 46 0 1 0 0 3 0 0 0 15 0 0 1 0 0
预测:     0 0 0 0 2 0 1 0 0 0 0 0 2 0 0 0 8 0 0 2 46 0 1 0 0 3 0 0 0 15 0 0 1 0 0
准确率:    1.0000 (35/35)
----------------------------------------
输入:       LMCKN ZBN> WM> DQRBJN LMDBX> LMCMCW BQWDC>
目标:     0 1 0 0 0 2 0 0 0 4 0 0 1 0 0 0 1 0 0 7 0 0 0 1 0 0 0 4 0 0 1 6 0 0 49 19 0 1 0 0 0 4 0
预测:     0 1 0 0 0 2 0 0 0 4 0 0 1 0 0 0 1 0 0 7 0 0 0 1 0 0 0 4 0 0 1 6 0 0 49 19 0 1 0 0 0 4 0
准确率:    1.0000 (43/43)
----------------------------------------

生成的验证样本:
--------------------------------------------------------------------------------
输入:       YBJNH D>LH> LMSV> MN KL DBJC WKLJ
目标:     0 0 0 0 5 0 0 1 0 0 4 0 0 1 6 0 10 7 0 0 0 0 0 2 0 1 0 0 2 0 36 0 0 3
预测:     0 0 0 0 5 0 0 1 0 0 4 0 0 1 6 0 10 7 0 0 0 0 0 2 0 1 0 0 2 0 36 0 0 3
准确率:    1.0000 (34/34)
----------------------------------------
输入:       D>LH> LMSV> MN KL DBJC WKLJ XJLK
目标:     0 1 0 0 4 0 0 1 6 0 10 7 0 0 0 0 0 2 0 1 0 0 2 0 36 0 0 3 0 0 0 5 0
预测:     0 1 0 0 4 0 0 1 6 0 10 7 0 0 0 0 0 2 0 1 0 0 2 0 36 0 0 3 0 0 0 5 0
准确率:    1.0000 (33/33)
----------------------------------------
⏳ 验证无提升 (验证准确率: 0.9669 ≤ 0.9674)，patience: 2/50

======================================================================
🚀 Epoch 29/200
======================================================================
📚 开始训练阶段...
训练进度: 500/6065 损失=0.0827
训练进度: 1000/6065 损失=0.0574
训练进度: 1500/6065 损失=0.0307
训练进度: 2000/6065 损失=0.0601
训练进度: 2500/6065 损失=0.0308
训练进度: 3000/6065 损失=0.0521
训练进度: 3500/6065 损失=0.0749
训练进度: 4000/6065 损失=0.0539
训练进度: 4500/6065 损失=0.0288
训练进度: 5000/6065 损失=0.0514
训练进度: 5500/6065 损失=0.0831
训练进度: 6000/6065 损失=0.0877
训练进度: 6065/6065 损失=0.0264
✅ 训练完成，耗时: 108.6秒 (1.8分钟)

============================================================
📊 验证决策: Epoch 29/200
   验证间隔: 1
   是否验证: ✅ 是
   原因: 达到验证间隔 (0 == 0)
============================================================

🔍 开始验证...
验证进度: 500/686 损失=0.0423
验证进度: 686/686 损失=0.5218

📊 预测分布分析:
  - 预测的前5个类别: {np.int64(0): 281560, np.int64(1): 37103, np.int64(2): 14791, np.int64(3): 10676, np.int64(4): 8816}
  - 标签的前5个类别: {np.int64(0): 281232, np.int64(1): 36731, np.int64(2): 14789, np.int64(3): 10866, np.int64(4): 8585}
✅ 验证完成，耗时: 4.7秒 (0.1分钟)
训练损失: 0.0492
验证损失: 0.2738
验证准确率: 0.9666 (10597/10964) - 与Levenshtein高度相关
验证F1(加权): 0.9662 - 类别平衡更好
学习率: 0.000095
显存使用: 0.47GB (预留: 0.69GB)

生成的训练样本:
--------------------------------------------------------------------------------
输入:       LMRJ> BNJ> DDKR> >JTW LMRJ> CWBX> W>JQR>
目标:     0 1 0 0 0 2 0 0 2 9 0 0 1 0 0 30 0 6 59 0 18 0 0 1 0 0 0 2 0 0 0 0 4 0 0 1 0 0 0 4 0
预测:     0 1 0 0 0 2 0 0 2 9 0 0 1 0 0 30 0 6 59 0 18 0 0 1 0 0 0 2 0 0 0 0 4 0 0 1 0 0 0 4 0
准确率:    1.0000 (41/41)
----------------------------------------
输入:       HW JWM> DPSJQ NMWTWN LHWN MN KRJWT>
目标:     0 0 12 0 0 0 4 0 0 1 0 8 0 40 0 6 0 0 3 0 0 0 1 0 0 0 0 0 0 0 0 0 0 2 9 0
预测:     0 0 12 0 0 0 4 0 0 1 0 8 0 40 0 6 0 0 3 0 0 0 1 0 0 0 0 0 0 0 0 0 0 2 9 0
准确率:    1.0000 (36/36)
----------------------------------------
输入:       D<MM> KD HNWN MRC<JN >L> LHBL> HW
目标:     0 1 0 8 30 0 0 0 0 0 0 0 0 0 0 28 0 0 7 0 0 0 0 0 0 0 1 0 0 4 0 0 0 0
预测:     0 1 0 8 30 0 0 0 0 0 0 0 0 0 0 28 0 0 7 0 0 0 0 0 0 0 1 0 0 4 0 0 0 0
准确率:    1.0000 (34/34)
----------------------------------------

生成的验证样本:
--------------------------------------------------------------------------------
输入:       YBJNH D>LH> LMSV> MN KL DBJC WKLJ
目标:     0 0 0 0 5 0 0 1 0 0 4 0 0 1 6 0 10 7 0 0 0 0 0 2 0 1 0 0 2 0 36 0 0 3
预测:     0 0 0 0 5 0 0 1 0 0 4 0 0 1 6 0 10 7 0 0 0 0 0 2 0 1 0 0 2 0 36 0 0 3
准确率:    1.0000 (34/34)
----------------------------------------
输入:       D>LH> LMSV> MN KL DBJC WKLJ XJLK
目标:     0 1 0 0 4 0 0 1 6 0 10 7 0 0 0 0 0 2 0 1 0 0 2 0 36 0 0 3 0 0 0 5 0
预测:     0 1 0 0 4 0 0 1 6 0 10 7 0 0 0 0 0 2 0 1 0 0 2 0 36 0 0 3 0 0 0 5 0
准确率:    1.0000 (33/33)
----------------------------------------
⏳ 验证无提升 (验证准确率: 0.9666 ≤ 0.9674)，patience: 3/50

======================================================================
🚀 Epoch 30/200
======================================================================
📚 开始训练阶段...
训练进度: 500/6065 损失=0.0522
训练进度: 1000/6065 损失=0.0310
训练进度: 1500/6065 损失=0.0540
训练进度: 2000/6065 损失=0.0227
训练进度: 2500/6065 损失=0.0255
训练进度: 3000/6065 损失=0.0594
训练进度: 3500/6065 损失=0.0523
训练进度: 4000/6065 损失=0.1049
训练进度: 4500/6065 损失=0.0329
训练进度: 5000/6065 损失=0.0597
训练进度: 5500/6065 损失=0.0624
训练进度: 6000/6065 损失=0.0559
训练进度: 6065/6065 损失=0.0878
✅ 训练完成，耗时: 108.5秒 (1.8分钟)

============================================================
📊 验证决策: Epoch 30/200
   验证间隔: 1
   是否验证: ✅ 是
   原因: 达到验证间隔 (0 == 0)
============================================================

🔍 开始验证...
验证进度: 500/686 损失=0.0717
验证进度: 686/686 损失=0.4148

📊 预测分布分析:
  - 预测的前5个类别: {np.int64(0): 281636, np.int64(1): 37086, np.int64(2): 14748, np.int64(3): 10865, np.int64(4): 8691}
  - 标签的前5个类别: {np.int64(0): 281232, np.int64(1): 36731, np.int64(2): 14789, np.int64(3): 10866, np.int64(4): 8585}
✅ 验证完成，耗时: 4.7秒 (0.1分钟)
训练损失: 0.0479
验证损失: 0.2755
验证准确率: 0.9668 (10599/10964) - 与Levenshtein高度相关
验证F1(加权): 0.9664 - 类别平衡更好
学习率: 0.000095
显存使用: 0.48GB (预留: 0.69GB)

生成的训练样本:
--------------------------------------------------------------------------------
输入:       LH MN QDJM WHJ L> SNJQWTH DMN
目标:     0 1 12 0 0 0 0 0 0 0 0 0 1 0 26 0 0 0 0 0 0 0 0 2 1 12 0 1 0 0
预测:     0 1 12 0 0 0 0 0 0 0 0 0 1 0 26 0 0 0 0 0 0 0 0 2 1 12 0 1 0 0
准确率:    1.0000 (30/30)
----------------------------------------
输入:       <L MDBX> KD XDR WTSB MN DM>
目标:     0 0 0 0 0 0 0 4 0 0 0 0 0 0 0 49 0 1 34 0 3 0 0 0 0 0 4 0
预测:     0 0 0 0 0 0 0 4 0 0 0 0 0 0 0 49 0 1 34 0 3 0 0 0 0 0 4 0
准确率:    1.0000 (28/28)
----------------------------------------
输入:       DBQWRJK >L> BR JWMH HB LH >GRH
目标:     0 1 1 0 0 100 1 0 0 0 0 0 0 0 2 0 0 0 5 0 52 0 3 0 1 0 0 0 0 5 0
预测:     0 1 1 0 0 100 1 0 0 0 0 0 0 0 2 0 0 0 5 0 52 0 3 0 1 0 0 0 0 5 0
准确率:    1.0000 (31/31)
----------------------------------------

生成的验证样本:
--------------------------------------------------------------------------------
输入:       YBJNH D>LH> LMSV> MN KL DBJC WKLJ
目标:     0 0 0 0 5 0 0 1 0 0 4 0 0 1 6 0 10 7 0 0 0 0 0 2 0 1 0 0 2 0 36 0 0 3
预测:     0 0 0 0 5 0 0 1 0 0 4 0 0 1 6 0 10 7 0 0 0 0 0 2 0 1 0 0 2 0 36 0 0 3
准确率:    1.0000 (34/34)
----------------------------------------
输入:       D>LH> LMSV> MN KL DBJC WKLJ XJLK
目标:     0 1 0 0 4 0 0 1 6 0 10 7 0 0 0 0 0 2 0 1 0 0 2 0 36 0 0 3 0 0 0 5 0
预测:     0 1 0 0 4 0 0 1 6 0 10 7 0 0 0 0 0 2 0 1 0 0 2 0 36 0 0 3 0 0 0 5 0
准确率:    1.0000 (33/33)
----------------------------------------
⏳ 验证无提升 (验证准确率: 0.9668 ≤ 0.9674)，patience: 4/50

======================================================================
🚀 Epoch 31/200
======================================================================
📚 开始训练阶段...
训练进度: 500/6065 损失=0.0505
训练进度: 1000/6065 损失=0.0574
训练进度: 1500/6065 损失=0.0603
训练进度: 2000/6065 损失=0.0440
训练进度: 2500/6065 损失=0.0332
训练进度: 3000/6065 损失=0.0888
训练进度: 3500/6065 损失=0.0423
训练进度: 4000/6065 损失=0.0504
训练进度: 4500/6065 损失=0.0423
训练进度: 5000/6065 损失=0.0344
训练进度: 5500/6065 损失=0.1072
训练进度: 6000/6065 损失=0.0755
训练进度: 6065/6065 损失=0.0582
✅ 训练完成，耗时: 108.0秒 (1.8分钟)

============================================================
📊 验证决策: Epoch 31/200
   验证间隔: 1
   是否验证: ✅ 是
   原因: 达到验证间隔 (0 == 0)
============================================================

🔍 开始验证...
验证进度: 500/686 损失=0.0390
验证进度: 686/686 损失=0.2651

📊 预测分布分析:
  - 预测的前5个类别: {np.int64(0): 281779, np.int64(1): 37151, np.int64(2): 14692, np.int64(3): 10893, np.int64(4): 8735}
  - 标签的前5个类别: {np.int64(0): 281232, np.int64(1): 36731, np.int64(2): 14789, np.int64(3): 10866, np.int64(4): 8585}
✅ 验证完成，耗时: 4.7秒 (0.1分钟)
训练损失: 0.0467
验证损失: 0.2846
验证准确率: 0.9666 (10598/10964) - 与Levenshtein高度相关
验证F1(加权): 0.9661 - 类别平衡更好
学习率: 0.000094
显存使用: 0.48GB (预留: 0.69GB)

生成的训练样本:
--------------------------------------------------------------------------------
输入:       <M BNJ <MWN WMCLM LHWN MRJ> QDMJ
目标:     0 0 0 0 0 2 0 0 0 0 0 2 0 1 28 0 0 7 0 1 0 0 0 0 0 0 0 2 0 0 0 2 46
预测:     0 0 0 0 0 2 0 0 0 0 0 2 0 1 28 0 0 7 0 1 0 0 0 0 0 0 0 2 0 0 0 2 46
准确率:    1.0000 (33/33)
----------------------------------------
输入:       W>JKN> DCMJ< LN KLHJN XLJYN WQRBTNJN WL>
目标:     0 1 0 0 0 8 0 0 1 0 8 0 40 0 1 0 0 0 5 0 0 0 0 0 8 0 7 27 0 1 0 0 0 0 0 2 0 0 1 0 0
预测:     0 1 0 0 0 8 0 0 1 0 8 0 40 0 1 0 0 0 5 0 0 0 0 0 8 0 7 27 0 1 0 0 0 0 0 2 0 0 1 0 0
准确率:    1.0000 (41/41)
----------------------------------------
输入:       CLJMWN WNWRB KWRSJH MN KWRSJH DMRJ MLK>
目标:     0 0 0 0 0 0 2 0 1 63 0 0 3 0 0 0 0 0 5 0 0 0 0 0 0 0 0 0 5 0 0 1 0 56 0 0 0 0 4 0
预测:     0 0 0 0 0 0 2 0 1 63 0 0 3 0 0 0 0 0 5 0 0 0 0 0 0 0 0 0 5 0 0 1 0 56 0 0 0 0 4 0
准确率:    1.0000 (40/40)
----------------------------------------

生成的验证样本:
--------------------------------------------------------------------------------
输入:       YBJNH D>LH> LMSV> MN KL DBJC WKLJ
目标:     0 0 0 0 5 0 0 1 0 0 4 0 0 1 6 0 10 7 0 0 0 0 0 2 0 1 0 0 2 0 36 0 0 3
预测:     0 0 0 0 5 0 0 1 0 0 4 0 0 1 6 0 10 7 0 0 0 0 0 2 0 1 0 0 2 0 36 0 0 3
准确率:    1.0000 (34/34)
----------------------------------------
输入:       D>LH> LMSV> MN KL DBJC WKLJ XJLK
目标:     0 1 0 0 4 0 0 1 6 0 10 7 0 0 0 0 0 2 0 1 0 0 2 0 36 0 0 3 0 0 0 5 0
预测:     0 1 0 0 4 0 0 1 6 0 10 7 0 0 0 0 0 2 0 1 0 0 2 0 36 0 0 3 0 0 0 5 0
准确率:    1.0000 (33/33)
----------------------------------------
⏳ 验证无提升 (验证准确率: 0.9666 ≤ 0.9674)，patience: 5/50

======================================================================
🚀 Epoch 32/200
======================================================================
📚 开始训练阶段...
训练进度: 500/6065 损失=0.0479
训练进度: 1000/6065 损失=0.0309
训练进度: 1500/6065 损失=0.0234
训练进度: 2000/6065 损失=0.0636
训练进度: 2500/6065 损失=0.0518
训练进度: 3000/6065 损失=0.0422
训练进度: 3500/6065 损失=0.0488
训练进度: 4000/6065 损失=0.0315
训练进度: 4500/6065 损失=0.0459
训练进度: 5000/6065 损失=0.0243
训练进度: 5500/6065 损失=0.0337
训练进度: 6000/6065 损失=0.0321
训练进度: 6065/6065 损失=0.0686
✅ 训练完成，耗时: 107.7秒 (1.8分钟)

============================================================
📊 验证决策: Epoch 32/200
   验证间隔: 1
   是否验证: ✅ 是
   原因: 达到验证间隔 (0 == 0)
============================================================

🔍 开始验证...
验证进度: 500/686 损失=0.0479
验证进度: 686/686 损失=0.4109

📊 预测分布分析:
  - 预测的前5个类别: {np.int64(0): 281215, np.int64(1): 37005, np.int64(2): 14930, np.int64(3): 10801, np.int64(4): 8528}
  - 标签的前5个类别: {np.int64(0): 281232, np.int64(1): 36731, np.int64(2): 14789, np.int64(3): 10866, np.int64(4): 8585}
✅ 验证完成，耗时: 4.7秒 (0.1分钟)
训练损失: 0.0458
验证损失: 0.2804
验证准确率: 0.9666 (10597/10964) - 与Levenshtein高度相关
验证F1(加权): 0.9664 - 类别平衡更好
学习率: 0.000094
显存使用: 0.48GB (预留: 0.69GB)

生成的训练样本:
--------------------------------------------------------------------------------
输入:       WZL WH> >N> Q>M >N> TMN QDMJK
目标:     0 121 0 3 0 1 0 0 0 0 0 0 0 20 0 7 0 0 0 0 0 0 0 0 0 0 0 2 1 0
预测:     0 121 0 3 0 1 0 0 0 0 0 0 0 20 0 7 0 0 0 0 0 0 0 0 0 0 0 2 1 0
准确率:    1.0000 (30/30)
----------------------------------------
输入:       WB<JN HWW <LJN MN HW D<BDN MVL
目标:     0 1 0 42 0 0 0 0 18 0 0 0 8 1 0 0 0 0 0 0 12 0 1 0 0 29 0 0 0 0 0
预测:     0 1 0 42 0 0 0 0 18 0 0 0 8 1 0 0 0 0 0 0 12 0 1 0 0 29 0 0 0 0 0
准确率:    1.0000 (31/31)
----------------------------------------
输入:       MN BTR D<BD LK MRJ> NQMT> MN
目标:     0 0 0 0 0 0 0 0 1 0 0 3 0 1 0 0 0 0 0 2 0 0 0 13 9 0 0 0 0
预测:     0 0 0 0 0 0 0 0 1 0 0 3 0 1 0 0 0 0 0 2 0 0 0 13 9 0 0 0 0
准确率:    1.0000 (29/29)
----------------------------------------

生成的验证样本:
--------------------------------------------------------------------------------
输入:       YBJNH D>LH> LMSV> MN KL DBJC WKLJ
目标:     0 0 0 0 5 0 0 1 0 0 4 0 0 1 6 0 10 7 0 0 0 0 0 2 0 1 0 0 2 0 36 0 0 3
预测:     0 0 0 0 5 0 0 1 0 0 4 0 0 1 6 0 10 7 0 0 0 0 0 2 0 1 0 0 2 0 36 0 0 3
准确率:    1.0000 (34/34)
----------------------------------------
输入:       D>LH> LMSV> MN KL DBJC WKLJ XJLK
目标:     0 1 0 0 4 0 0 1 6 0 10 7 0 0 0 0 0 2 0 1 0 0 2 0 36 0 0 3 0 0 0 5 0
预测:     0 1 0 0 4 0 0 1 6 0 10 7 0 0 0 0 0 2 0 1 0 0 2 0 36 0 0 3 0 0 0 5 0
准确率:    1.0000 (33/33)
----------------------------------------
⏳ 验证无提升 (验证准确率: 0.9666 ≤ 0.9674)，patience: 6/50

======================================================================
🚀 Epoch 33/200
======================================================================
📚 开始训练阶段...
训练进度: 500/6065 损失=0.0451
训练进度: 1000/6065 损失=0.0397
训练进度: 1500/6065 损失=0.0866
训练进度: 2000/6065 损失=0.0425
训练进度: 2500/6065 损失=0.0347
训练进度: 3000/6065 损失=0.0416
训练进度: 3500/6065 损失=0.0208
训练进度: 4000/6065 损失=0.0501
训练进度: 4500/6065 损失=0.0210
训练进度: 5000/6065 损失=0.0255
训练进度: 5500/6065 损失=0.0581
训练进度: 6000/6065 损失=0.0285
训练进度: 6065/6065 损失=0.0731
✅ 训练完成，耗时: 107.8秒 (1.8分钟)

============================================================
📊 验证决策: Epoch 33/200
   验证间隔: 1
   是否验证: ✅ 是
   原因: 达到验证间隔 (0 == 0)
============================================================

🔍 开始验证...
验证进度: 500/686 损失=0.0105
验证进度: 686/686 损失=0.4652

📊 预测分布分析:
  - 预测的前5个类别: {np.int64(0): 281968, np.int64(1): 37076, np.int64(2): 14869, np.int64(3): 10761, np.int64(4): 8868}
  - 标签的前5个类别: {np.int64(0): 281232, np.int64(1): 36731, np.int64(2): 14789, np.int64(3): 10866, np.int64(4): 8585}
✅ 验证完成，耗时: 4.7秒 (0.1分钟)
训练损失: 0.0442
验证损失: 0.2874
验证准确率: 0.9670 (10602/10964) - 与Levenshtein高度相关
验证F1(加权): 0.9665 - 类别平衡更好
学习率: 0.000094
显存使用: 0.48GB (预留: 0.69GB)

生成的训练样本:
--------------------------------------------------------------------------------
输入:       W>ZDQPT WH> XDRN KPJKWN WSGDN LKPJ W>MRW
目标:     0 1 47 85 0 0 3 26 0 1 0 0 0 0 0 49 0 0 0 2 1 0 0 0 0 1 0 0 7 0 0 1 0 5 0 0 1 0 0 3 0
预测:     0 1 47 85 0 0 3 26 0 1 0 0 0 0 0 49 0 0 0 2 1 0 0 0 0 1 0 0 7 0 0 1 0 5 0 0 1 0 0 3 0
准确率:    1.0000 (41/41)
----------------------------------------
输入:       W>MR LLBN MVL DDXLT W>MRT DDLM> TDBR
目标:     0 1 0 0 3 0 1 0 0 2 0 0 0 0 0 1 0 0 3 0 0 1 0 0 3 0 0 1 0 0 0 0 0 6 0 0 3
预测:     0 1 0 0 3 0 1 0 0 2 0 0 0 0 0 1 0 0 3 0 0 1 0 0 3 0 0 1 0 0 0 0 0 6 0 0 3
准确率:    1.0000 (37/37)
----------------------------------------
输入:       LSB> DBNJ >JSRJL W>MR LHWN MRJ> >LH>
目标:     0 1 0 11 0 0 1 0 2 0 0 0 0 0 0 0 2 0 1 0 0 3 0 1 0 0 0 0 0 0 0 2 0 0 0 4 0
预测:     0 1 0 11 0 0 1 0 2 0 0 0 0 0 0 0 2 0 1 0 0 3 0 1 0 0 0 0 0 0 0 2 0 0 0 4 0
准确率:    1.0000 (37/37)
----------------------------------------

生成的验证样本:
--------------------------------------------------------------------------------
输入:       YBJNH D>LH> LMSV> MN KL DBJC WKLJ
目标:     0 0 0 0 5 0 0 1 0 0 4 0 0 1 6 0 10 7 0 0 0 0 0 2 0 1 0 0 2 0 36 0 0 3
预测:     0 0 0 0 5 0 0 1 0 0 4 0 0 1 6 0 10 7 0 0 0 0 0 2 0 1 0 0 2 0 1 0 0 3
准确率:    0.9706 (33/34)
----------------------------------------
输入:       D>LH> LMSV> MN KL DBJC WKLJ XJLK
目标:     0 1 0 0 4 0 0 1 6 0 10 7 0 0 0 0 0 2 0 1 0 0 2 0 36 0 0 3 0 0 0 5 0
预测:     0 1 0 0 4 0 0 1 6 0 10 7 0 0 0 0 0 2 0 1 0 0 2 0 36 0 0 3 0 0 0 5 0
准确率:    1.0000 (33/33)
----------------------------------------
⏳ 验证无提升 (验证准确率: 0.9670 ≤ 0.9674)，patience: 7/50

======================================================================
🚀 Epoch 34/200
======================================================================
📚 开始训练阶段...
训练进度: 500/6065 损失=0.0457
训练进度: 1000/6065 损失=0.0481
训练进度: 1500/6065 损失=0.0440
训练进度: 2000/6065 损失=0.0366
训练进度: 2500/6065 损失=0.0257
训练进度: 3000/6065 损失=0.0383
训练进度: 3500/6065 损失=0.0434
训练进度: 4000/6065 损失=0.0536
训练进度: 4500/6065 损失=0.0296
训练进度: 5000/6065 损失=0.0692
训练进度: 5500/6065 损失=0.1023
训练进度: 6000/6065 损失=0.0352
训练进度: 6065/6065 损失=0.0557
✅ 训练完成，耗时: 107.8秒 (1.8分钟)

============================================================
📊 验证决策: Epoch 34/200
   验证间隔: 1
   是否验证: ✅ 是
   原因: 达到验证间隔 (0 == 0)
============================================================

🔍 开始验证...
验证进度: 500/686 损失=0.0146
验证进度: 686/686 损失=0.4242

📊 预测分布分析:
  - 预测的前5个类别: {np.int64(0): 281807, np.int64(1): 37082, np.int64(2): 14820, np.int64(3): 10672, np.int64(4): 8845}
  - 标签的前5个类别: {np.int64(0): 281232, np.int64(1): 36731, np.int64(2): 14789, np.int64(3): 10866, np.int64(4): 8585}
✅ 验证完成，耗时: 4.7秒 (0.1分钟)
训练损失: 0.0434
验证损失: 0.2870
验证准确率: 0.9678 (10610/10964) - 与Levenshtein高度相关
验证F1(加权): 0.9672 - 类别平衡更好
学习率: 0.000093
显存使用: 0.48GB (预留: 0.69GB)

生成的训练样本:
--------------------------------------------------------------------------------
输入:       WL> NMWT WNHW> BMNJN> WHD> >MR LJHWD>
目标:     0 1 0 0 0 6 0 0 3 0 1 6 0 10 3 0 1 0 0 0 4 0 0 1 0 0 0 0 0 0 3 0 1 0 0 0 0 2
预测:     0 1 0 0 0 6 0 0 3 0 1 6 0 10 3 0 1 0 0 0 4 0 0 1 0 0 0 0 0 0 3 0 1 0 0 0 0 2
准确率:    1.0000 (38/38)
----------------------------------------
输入:       BSTRH BJWM> BJC> WNVCJNJ BVLL> DMCKNH W<L
目标:     0 1 0 0 98 0 0 1 0 0 4 0 0 0 0 4 0 0 1 6 0 0 51 0 0 0 1 0 0 4 0 0 1 0 0 0 5 0 0 1 0 0
预测:     0 1 0 0 98 0 0 1 0 0 4 0 0 0 0 4 0 0 1 6 0 0 51 0 0 0 1 0 0 4 0 0 1 0 0 0 5 0 0 1 0 53
准确率:    0.9762 (41/42)
----------------------------------------
输入:       B<SRT> BJRX> <SJRJ> >T> NBWKDNYR MLK> DBBL
目标:     0 1 0 0 2 9 0 0 1 0 0 4 0 0 0 0 0 0 4 0 0 0 10 3 0 0 0 0 0 0 0 0 2 0 0 0 4 0 0 1 0 0 2
预测:     0 1 0 0 2 9 0 0 1 0 0 4 0 0 0 0 0 0 4 0 0 0 10 3 0 0 0 0 0 0 0 0 2 0 0 0 4 0 0 1 0 0 2
准确率:    1.0000 (43/43)
----------------------------------------

生成的验证样本:
--------------------------------------------------------------------------------
输入:       YBJNH D>LH> LMSV> MN KL DBJC WKLJ
目标:     0 0 0 0 5 0 0 1 0 0 4 0 0 1 6 0 10 7 0 0 0 0 0 2 0 1 0 0 2 0 36 0 0 3
预测:     0 0 0 0 5 0 0 1 0 0 4 0 0 1 6 0 10 7 0 0 0 0 0 2 0 1 0 0 2 0 36 0 0 3
准确率:    1.0000 (34/34)
----------------------------------------
输入:       D>LH> LMSV> MN KL DBJC WKLJ XJLK
目标:     0 1 0 0 4 0 0 1 6 0 10 7 0 0 0 0 0 2 0 1 0 0 2 0 36 0 0 3 0 0 0 5 0
预测:     0 1 0 0 4 0 0 1 6 0 10 7 0 0 0 0 0 2 0 1 0 0 2 0 36 0 0 3 0 0 0 5 0
准确率:    1.0000 (33/33)
----------------------------------------
💾 保存新的最佳模型！验证准确率: 0.9678 (F1: 0.9672) (Epoch 34)

======================================================================
🚀 Epoch 35/200
======================================================================
📚 开始训练阶段...
训练进度: 500/6065 损失=0.0395
训练进度: 1000/6065 损失=0.0650
训练进度: 1500/6065 损失=0.0355
训练进度: 2000/6065 损失=0.0886
训练进度: 2500/6065 损失=0.0609
训练进度: 3000/6065 损失=0.0613
训练进度: 3500/6065 损失=0.0346
训练进度: 4000/6065 损失=0.0299
训练进度: 4500/6065 损失=0.0504
训练进度: 5000/6065 损失=0.0588
训练进度: 5500/6065 损失=0.0663
训练进度: 6000/6065 损失=0.0227
训练进度: 6065/6065 损失=0.0334
✅ 训练完成，耗时: 108.0秒 (1.8分钟)

============================================================
📊 验证决策: Epoch 35/200
   验证间隔: 1
   是否验证: ✅ 是
   原因: 达到验证间隔 (0 == 0)
============================================================

🔍 开始验证...
验证进度: 500/686 损失=0.0150
验证进度: 686/686 损失=0.5153

📊 预测分布分析:
  - 预测的前5个类别: {np.int64(0): 282178, np.int64(1): 37082, np.int64(2): 14739, np.int64(3): 10871, np.int64(4): 8893}
  - 标签的前5个类别: {np.int64(0): 281232, np.int64(1): 36731, np.int64(2): 14789, np.int64(3): 10866, np.int64(4): 8585}
✅ 验证完成，耗时: 4.7秒 (0.1分钟)
训练损失: 0.0423
验证损失: 0.2898
验证准确率: 0.9676 (10608/10964) - 与Levenshtein高度相关
验证F1(加权): 0.9670 - 类别平衡更好
学习率: 0.000093
显存使用: 0.48GB (预留: 0.69GB)

生成的训练样本:
--------------------------------------------------------------------------------
输入:       DKN<N WKJL> XD MN <SR> HW> LS>T>
目标:     0 1 0 0 0 2 0 1 0 0 4 0 0 0 2 0 0 0 0 0 0 2 0 0 0 10 3 0 1 0 13 9 0
预测:     0 1 0 0 0 2 0 1 0 0 4 0 0 0 2 0 0 0 0 0 0 2 0 0 0 10 3 0 1 0 13 9 0
准确率:    1.0000 (33/33)
----------------------------------------
输入:       WJLDT >NTT> BR> WQRT CMH CMCWN WRB>
目标:     0 1 0 0 3 26 0 0 0 13 9 0 0 0 4 0 0 1 0 18 26 0 0 5 0 0 0 0 0 0 2 0 1 0 10 3
预测:     0 1 0 0 3 26 0 0 0 13 9 0 0 0 4 0 0 1 0 18 26 0 0 5 0 0 0 0 0 0 2 0 1 0 10 3
准确率:    1.0000 (36/36)
----------------------------------------
输入:       BNJ <MWN WHWJ RJC> LKL JTBJ GL<D
目标:     0 0 2 0 0 0 0 0 2 0 36 0 0 3 0 0 0 4 0 0 1 0 2 0 0 0 7 0 0 0 0 0 2
预测:     0 0 2 0 0 0 0 0 2 0 36 0 0 3 0 0 0 4 0 0 1 0 2 0 0 0 7 0 0 0 0 0 2
准确率:    1.0000 (33/33)
----------------------------------------

生成的验证样本:
--------------------------------------------------------------------------------
输入:       YBJNH D>LH> LMSV> MN KL DBJC WKLJ
目标:     0 0 0 0 5 0 0 1 0 0 4 0 0 1 6 0 10 7 0 0 0 0 0 2 0 1 0 0 2 0 36 0 0 3
预测:     0 0 0 0 5 0 0 1 0 0 4 0 0 1 6 0 10 7 0 0 0 0 0 2 0 1 0 0 2 0 36 0 0 3
准确率:    1.0000 (34/34)
----------------------------------------
输入:       D>LH> LMSV> MN KL DBJC WKLJ XJLK
目标:     0 1 0 0 4 0 0 1 6 0 10 7 0 0 0 0 0 2 0 1 0 0 2 0 36 0 0 3 0 0 0 5 0
预测:     0 1 0 0 4 0 0 1 6 0 10 7 0 0 0 0 0 2 0 1 0 0 2 0 36 0 0 3 0 0 0 5 0
准确率:    1.0000 (33/33)
----------------------------------------
⏳ 验证无提升 (验证准确率: 0.9676 ≤ 0.9678)，patience: 1/50

======================================================================
🚀 Epoch 36/200
======================================================================
📚 开始训练阶段...
训练进度: 500/6065 损失=0.0588
训练进度: 1000/6065 损失=0.0554
训练进度: 1500/6065 损失=0.0546
训练进度: 2000/6065 损失=0.0340
训练进度: 2500/6065 损失=0.1038
训练进度: 3000/6065 损失=0.0500
训练进度: 3500/6065 损失=0.0219
训练进度: 4000/6065 损失=0.0425
训练进度: 4500/6065 损失=0.0537
训练进度: 5000/6065 损失=0.0237
训练进度: 5500/6065 损失=0.0576
训练进度: 6000/6065 损失=0.0298
训练进度: 6065/6065 损失=0.0507
✅ 训练完成，耗时: 108.2秒 (1.8分钟)

============================================================
📊 验证决策: Epoch 36/200
   验证间隔: 1
   是否验证: ✅ 是
   原因: 达到验证间隔 (0 == 0)
============================================================

🔍 开始验证...
验证进度: 500/686 损失=0.0408
验证进度: 686/686 损失=0.4257

📊 预测分布分析:
  - 预测的前5个类别: {np.int64(0): 281964, np.int64(1): 37096, np.int64(2): 14724, np.int64(3): 10807, np.int64(4): 8498}
  - 标签的前5个类别: {np.int64(0): 281232, np.int64(1): 36731, np.int64(2): 14789, np.int64(3): 10866, np.int64(4): 8585}
✅ 验证完成，耗时: 4.7秒 (0.1分钟)
训练损失: 0.0411
验证损失: 0.2954
验证准确率: 0.9666 (10598/10964) - 与Levenshtein高度相关
验证F1(加权): 0.9662 - 类别平衡更好
学习率: 0.000092
显存使用: 0.48GB (预留: 0.69GB)

生成的训练样本:
--------------------------------------------------------------------------------
输入:       >JT DL>> W<ML WXSJR PGRH WXSJR KL
目标:     0 0 0 24 0 1 0 10 7 0 1 0 0 7 0 1 0 8 0 40 0 0 0 5 0 0 1 0 8 0 40 0 0 2
预测:     0 0 0 24 0 1 0 10 7 0 1 0 0 7 0 1 0 8 0 40 0 0 0 5 0 0 1 0 8 0 40 0 0 2
准确率:    1.0000 (34/34)
----------------------------------------
输入:       NQVWL NPC> W>MR LHWN RWBJL L> T>CDWN
目标:     0 44 0 8 0 3 0 0 0 4 0 0 1 0 0 3 0 1 0 0 0 0 0 0 0 0 2 0 0 0 0 6 0 0 3 0 0
预测:     0 44 0 8 0 3 0 0 0 4 0 0 1 0 0 3 0 1 0 0 0 0 0 0 0 0 2 0 0 0 0 6 0 0 3 0 0
准确率:    1.0000 (37/37)
----------------------------------------
输入:       HNWN M<WLJN >L> LNWVPT> NTDMWN WXZJN XNN
目标:     0 0 0 0 0 0 6 0 0 128 0 19 0 0 0 0 0 1 0 0 0 13 9 0 0 21 14 0 18 0 19 0 1 0 42 0 0 0 0 0 0
预测:     0 0 0 0 0 0 6 0 0 128 0 19 0 0 0 0 0 1 0 0 0 13 9 0 0 21 14 0 18 0 19 0 1 0 42 0 0 0 0 0 0
准确率:    1.0000 (41/41)
----------------------------------------

生成的验证样本:
--------------------------------------------------------------------------------
输入:       YBJNH D>LH> LMSV> MN KL DBJC WKLJ
目标:     0 0 0 0 5 0 0 1 0 0 4 0 0 1 6 0 10 7 0 0 0 0 0 2 0 1 0 0 2 0 36 0 0 3
预测:     0 0 0 0 5 0 0 1 0 0 4 0 0 1 6 0 10 7 0 0 0 0 0 2 0 1 0 0 2 0 36 0 0 3
准确率:    1.0000 (34/34)
----------------------------------------
输入:       D>LH> LMSV> MN KL DBJC WKLJ XJLK
目标:     0 1 0 0 4 0 0 1 6 0 10 7 0 0 0 0 0 2 0 1 0 0 2 0 36 0 0 3 0 0 0 5 0
预测:     0 1 0 0 4 0 0 1 6 0 10 7 0 0 0 0 0 2 0 1 0 0 2 0 36 0 0 3 0 0 0 5 0
准确率:    1.0000 (33/33)
----------------------------------------
⏳ 验证无提升 (验证准确率: 0.9666 ≤ 0.9678)，patience: 2/50

======================================================================
🚀 Epoch 37/200
======================================================================
📚 开始训练阶段...
训练进度: 500/6065 损失=0.0448
训练进度: 1000/6065 损失=0.0550
训练进度: 1500/6065 损失=0.0303
训练进度: 2000/6065 损失=0.0758
训练进度: 2500/6065 损失=0.0192
训练进度: 3000/6065 损失=0.0396
训练进度: 3500/6065 损失=0.0400
训练进度: 4000/6065 损失=0.0302
训练进度: 4500/6065 损失=0.0412
训练进度: 5000/6065 损失=0.0154
训练进度: 5500/6065 损失=0.0520
训练进度: 6000/6065 损失=0.0325
训练进度: 6065/6065 损失=0.0369
✅ 训练完成，耗时: 107.9秒 (1.8分钟)

============================================================
📊 验证决策: Epoch 37/200
   验证间隔: 1
   是否验证: ✅ 是
   原因: 达到验证间隔 (0 == 0)
============================================================

🔍 开始验证...
验证进度: 500/686 损失=0.0203
验证进度: 686/686 损失=0.4183

📊 预测分布分析:
  - 预测的前5个类别: {np.int64(0): 281650, np.int64(1): 37075, np.int64(2): 14696, np.int64(3): 10670, np.int64(4): 8862}
  - 标签的前5个类别: {np.int64(0): 281232, np.int64(1): 36731, np.int64(2): 14789, np.int64(3): 10866, np.int64(4): 8585}
✅ 验证完成，耗时: 4.7秒 (0.1分钟)
训练损失: 0.0404
验证损失: 0.2938
验证准确率: 0.9673 (10605/10964) - 与Levenshtein高度相关
验证F1(加权): 0.9669 - 类别平衡更好
学习率: 0.000092
显存使用: 0.48GB (预留: 0.69GB)

生成的训练样本:
--------------------------------------------------------------------------------
输入:       QJM> WVJBWT> LRXMWHJ WLNVRJ PWQDNWHJ L>LP DRJN
目标:     0 0 0 4 0 0 1 0 0 0 2 9 0 0 1 0 0 117 1 0 0 0 1 1 0 0 7 0 0 0 0 0 0 25 1 0 0 0 1 0 0 2 0 0 2 0 0
预测:     0 0 0 4 0 0 1 0 0 0 2 9 0 0 1 0 0 117 1 0 0 0 1 1 0 0 7 0 0 0 0 0 0 25 1 0 0 0 1 0 0 2 0 0 2 0 0
准确率:    1.0000 (47/47)
----------------------------------------
输入:       <SR> HW> LS>T> WCQLW KLH KNWCT> DBNJ
目标:     0 0 0 2 0 0 0 10 3 0 1 0 13 9 0 0 1 0 0 3 0 0 0 5 12 0 0 0 0 13 9 0 0 1 0 2 0
预测:     0 0 0 2 0 0 0 10 3 0 1 0 13 9 0 0 1 0 0 3 0 0 0 5 12 0 0 0 0 13 9 0 0 1 0 2 0
准确率:    1.0000 (37/37)
----------------------------------------
输入:       >N MN XWV> W<DM> L<RQT> DMSN> >N
目标:     0 0 0 0 0 0 0 0 0 4 0 0 1 0 0 0 0 0 1 0 0 13 9 0 0 1 0 0 4 0 0 0 0
预测:     0 0 0 0 0 0 0 0 0 4 0 0 1 0 0 0 0 0 1 0 0 13 9 0 0 1 0 0 4 0 0 0 0
准确率:    1.0000 (33/33)
----------------------------------------

生成的验证样本:
--------------------------------------------------------------------------------
输入:       YBJNH D>LH> LMSV> MN KL DBJC WKLJ
目标:     0 0 0 0 5 0 0 1 0 0 4 0 0 1 6 0 10 7 0 0 0 0 0 2 0 1 0 0 2 0 36 0 0 3
预测:     0 0 0 0 5 0 0 1 0 0 4 0 0 1 6 0 10 7 0 0 0 0 0 2 0 1 0 0 2 0 1 0 0 3
准确率:    0.9706 (33/34)
----------------------------------------
输入:       D>LH> LMSV> MN KL DBJC WKLJ XJLK
目标:     0 1 0 0 4 0 0 1 6 0 10 7 0 0 0 0 0 2 0 1 0 0 2 0 36 0 0 3 0 0 0 5 0
预测:     0 1 0 0 4 0 0 1 6 0 10 7 0 0 0 0 0 2 0 1 0 0 2 0 36 0 0 3 0 0 0 5 0
准确率:    1.0000 (33/33)
----------------------------------------
⏳ 验证无提升 (验证准确率: 0.9673 ≤ 0.9678)，patience: 3/50

======================================================================
🚀 Epoch 38/200
======================================================================
📚 开始训练阶段...
训练进度: 500/6065 损失=0.0185
训练进度: 1000/6065 损失=0.0241
训练进度: 1500/6065 损失=0.0522
训练进度: 2000/6065 损失=0.0256
训练进度: 2500/6065 损失=0.0604
训练进度: 3000/6065 损失=0.0564
训练进度: 3500/6065 损失=0.0384
训练进度: 4000/6065 损失=0.0385
训练进度: 4500/6065 损失=0.0668
训练进度: 5000/6065 损失=0.0196
训练进度: 5500/6065 损失=0.0242
训练进度: 6000/6065 损失=0.0307
训练进度: 6065/6065 损失=0.0591
✅ 训练完成，耗时: 107.7秒 (1.8分钟)

============================================================
📊 验证决策: Epoch 38/200
   验证间隔: 1
   是否验证: ✅ 是
   原因: 达到验证间隔 (0 == 0)
============================================================

🔍 开始验证...
验证进度: 500/686 损失=0.0265
验证进度: 686/686 损失=0.4116

📊 预测分布分析:
  - 预测的前5个类别: {np.int64(0): 281872, np.int64(1): 37177, np.int64(2): 14739, np.int64(3): 10698, np.int64(4): 9122}
  - 标签的前5个类别: {np.int64(0): 281232, np.int64(1): 36731, np.int64(2): 14789, np.int64(3): 10866, np.int64(4): 8585}
✅ 验证完成，耗时: 4.7秒 (0.1分钟)
训练损失: 0.0398
验证损失: 0.2961
验证准确率: 0.9678 (10610/10964) - 与Levenshtein高度相关
验证F1(加权): 0.9672 - 类别平衡更好
学习率: 0.000092
显存使用: 0.48GB (预留: 0.69GB)

生成的训练样本:
--------------------------------------------------------------------------------
输入:       DXL >P MN MLK> DHLJN BK>BH N>MR
目标:     0 0 0 7 0 0 0 0 0 0 0 0 0 4 0 0 1 0 0 0 0 0 1 0 0 120 0 0 6 0 0 3
预测:     0 0 0 7 0 0 0 0 0 0 0 0 0 4 0 0 1 0 0 0 0 0 1 0 0 120 0 0 6 0 0 3
准确率:    1.0000 (32/32)
----------------------------------------
输入:       <YJR> HKN> JHB HW> CLJMWN LXJRM BKL
目标:     0 0 8 0 7 27 0 0 0 0 0 0 0 0 7 0 0 10 3 0 0 0 0 0 0 2 0 1 0 0 0 2 0 1 0 2
预测:     0 0 8 0 7 27 0 0 0 0 0 0 0 0 7 0 0 10 3 0 0 0 0 0 0 2 0 1 0 0 0 2 0 1 0 2
准确率:    1.0000 (36/36)
----------------------------------------
输入:       XKMTKWN WSWKLKWN L<JN <MM> DNCM<WN HLJN KLHWN
目标:     0 0 0 13 1 0 0 0 0 1 0 0 0 5 0 0 0 0 1 0 0 2 0 0 8 30 0 0 1 6 0 0 3 0 0 0 0 0 0 0 0 0 5 0 0 0
预测:     0 0 0 13 1 0 0 0 0 1 0 0 0 5 0 0 0 0 1 0 0 2 0 0 8 30 0 0 1 6 0 0 3 0 0 0 0 0 0 0 0 0 5 0 0 0
准确率:    1.0000 (46/46)
----------------------------------------

生成的验证样本:
--------------------------------------------------------------------------------
输入:       YBJNH D>LH> LMSV> MN KL DBJC WKLJ
目标:     0 0 0 0 5 0 0 1 0 0 4 0 0 1 6 0 10 7 0 0 0 0 0 2 0 1 0 0 2 0 36 0 0 3
预测:     0 0 0 0 5 0 0 1 0 0 4 0 0 1 6 0 10 7 0 0 0 0 0 2 0 1 0 0 2 0 1 0 0 3
准确率:    0.9706 (33/34)
----------------------------------------
输入:       D>LH> LMSV> MN KL DBJC WKLJ XJLK
目标:     0 1 0 0 4 0 0 1 6 0 10 7 0 0 0 0 0 2 0 1 0 0 2 0 36 0 0 3 0 0 0 5 0
预测:     0 1 0 0 4 0 0 1 6 0 10 7 0 0 0 0 0 2 0 1 0 0 2 0 1 0 0 3 0 0 0 5 0
准确率:    0.9697 (32/33)
----------------------------------------
💾 保存新的最佳模型！验证准确率: 0.9678 (F1: 0.9672) (Epoch 38)

======================================================================
🚀 Epoch 39/200
======================================================================
📚 开始训练阶段...
训练进度: 500/6065 损失=0.0427
训练进度: 1000/6065 损失=0.0221
训练进度: 1500/6065 损失=0.0298
训练进度: 2000/6065 损失=0.0457
训练进度: 2500/6065 损失=0.0531
训练进度: 3000/6065 损失=0.0271
训练进度: 3500/6065 损失=0.0064
训练进度: 4000/6065 损失=0.0174
训练进度: 4500/6065 损失=0.0586
训练进度: 5000/6065 损失=0.0507
训练进度: 5500/6065 损失=0.0663
训练进度: 6000/6065 损失=0.0267
训练进度: 6065/6065 损失=0.0365
✅ 训练完成，耗时: 108.0秒 (1.8分钟)

============================================================
📊 验证决策: Epoch 39/200
   验证间隔: 1
   是否验证: ✅ 是
   原因: 达到验证间隔 (0 == 0)
============================================================

🔍 开始验证...
验证进度: 500/686 损失=0.0301
验证进度: 686/686 损失=0.4426

📊 预测分布分析:
  - 预测的前5个类别: {np.int64(0): 282014, np.int64(1): 37060, np.int64(2): 14514, np.int64(3): 10693, np.int64(4): 8595}
  - 标签的前5个类别: {np.int64(0): 281232, np.int64(1): 36731, np.int64(2): 14789, np.int64(3): 10866, np.int64(4): 8585}
✅ 验证完成，耗时: 4.7秒 (0.1分钟)
训练损失: 0.0388
验证损失: 0.2990
验证准确率: 0.9672 (10604/10964) - 与Levenshtein高度相关
验证F1(加权): 0.9668 - 类别平衡更好
学习率: 0.000091
显存使用: 0.48GB (预留: 0.69GB)

生成的训练样本:
--------------------------------------------------------------------------------
输入:       >JDK <L RJCJHWN BRK KRK> D>TNVR DNSG>
目标:     8 0 0 5 0 0 0 0 0 0 0 2 1 0 0 0 6 0 0 3 0 0 0 15 0 0 1 0 14 0 0 16 0 1 6 0 10 3
预测:     8 0 0 5 0 0 0 0 0 0 0 2 1 0 0 0 6 0 0 3 0 0 0 15 0 0 1 0 14 0 0 16 0 1 6 0 10 3
准确率:    1.0000 (38/38)
----------------------------------------
输入:       VLJ> WHW> <SW GBR> JD< YJD> GBR>
目标:     0 0 24 9 0 0 1 0 10 3 0 0 0 2 0 0 0 4 0 0 0 0 7 0 0 0 4 0 0 0 0 4 0
预测:     0 0 24 9 0 0 1 0 10 3 0 0 0 2 0 0 0 4 0 0 0 0 7 0 0 0 4 0 0 0 0 4 0
准确率:    1.0000 (33/33)
----------------------------------------
输入:       WLJWM> D>TJLDT BH TLWV GBR> GJR DNLP
目标:     0 1 1 0 0 4 0 0 1 0 14 0 0 3 12 0 1 0 0 6 0 0 3 0 0 0 4 0 0 0 0 0 0 1 52 0 3
预测:     0 1 1 0 0 4 0 0 1 0 14 0 0 3 12 0 1 0 0 6 0 0 3 0 0 0 4 0 0 0 0 0 0 1 52 0 3
准确率:    1.0000 (37/37)
----------------------------------------

生成的验证样本:
--------------------------------------------------------------------------------
输入:       YBJNH D>LH> LMSV> MN KL DBJC WKLJ
目标:     0 0 0 0 5 0 0 1 0 0 4 0 0 1 6 0 10 7 0 0 0 0 0 2 0 1 0 0 2 0 36 0 0 3
预测:     0 0 0 0 5 0 0 1 0 0 4 0 0 1 6 0 10 7 0 0 0 0 0 2 0 1 0 0 2 0 1 0 0 3
准确率:    0.9706 (33/34)
----------------------------------------
输入:       D>LH> LMSV> MN KL DBJC WKLJ XJLK
目标:     0 1 0 0 4 0 0 1 6 0 10 7 0 0 0 0 0 2 0 1 0 0 2 0 36 0 0 3 0 0 0 5 0
预测:     0 1 0 0 4 0 0 1 6 0 10 7 0 0 0 0 0 2 0 1 0 0 2 0 36 0 0 3 0 0 0 5 0
准确率:    1.0000 (33/33)
----------------------------------------
⏳ 验证无提升 (验证准确率: 0.9672 ≤ 0.9678)，patience: 1/50

======================================================================
🚀 Epoch 40/200
======================================================================
📚 开始训练阶段...
训练进度: 500/6065 损失=0.0249
训练进度: 1000/6065 损失=0.0572
训练进度: 1500/6065 损失=0.0252
训练进度: 2000/6065 损失=0.0217
训练进度: 2500/6065 损失=0.0456
训练进度: 3000/6065 损失=0.0470
训练进度: 3500/6065 损失=0.0282
训练进度: 4000/6065 损失=0.0575
训练进度: 4500/6065 损失=0.0442
训练进度: 5000/6065 损失=0.0432
训练进度: 5500/6065 损失=0.0444
训练进度: 6000/6065 损失=0.0505
训练进度: 6065/6065 损失=0.0308
✅ 训练完成，耗时: 108.0秒 (1.8分钟)

============================================================
📊 验证决策: Epoch 40/200
   验证间隔: 1
   是否验证: ✅ 是
   原因: 达到验证间隔 (0 == 0)
============================================================

🔍 开始验证...
验证进度: 500/686 损失=0.0419
验证进度: 686/686 损失=0.3885

📊 预测分布分析:
  - 预测的前5个类别: {np.int64(0): 281861, np.int64(1): 37105, np.int64(2): 14894, np.int64(3): 10713, np.int64(4): 8623}
  - 标签的前5个类别: {np.int64(0): 281232, np.int64(1): 36731, np.int64(2): 14789, np.int64(3): 10866, np.int64(4): 8585}
✅ 验证完成，耗时: 4.7秒 (0.1分钟)
训练损失: 0.0378
验证损失: 0.2938
验证准确率: 0.9675 (10607/10964) - 与Levenshtein高度相关
验证F1(加权): 0.9671 - 类别平衡更好
学习率: 0.000091
显存使用: 0.47GB (预留: 0.69GB)

生成的训练样本:
--------------------------------------------------------------------------------
输入:       L<BDWHJ SJMW MSM <L QRJT> WH> NBJ>
目标:     0 1 0 0 69 1 0 0 6 20 0 3 0 0 6 31 7 0 0 0 0 0 0 22 9 0 0 1 0 0 0 0 0 4 0
预测:     0 1 0 0 69 1 0 0 6 20 0 3 0 0 6 31 7 0 0 0 0 0 0 22 9 0 0 1 0 0 0 0 0 4 0
准确率:    1.0000 (35/35)
----------------------------------------
输入:       QDM MLK> MVL DXZW DXKMT> D>LH> >JT
目标:     0 0 0 2 0 0 0 4 0 0 0 0 0 0 1 0 18 0 0 1 0 0 13 9 0 0 1 0 0 4 0 0 0 0 24
预测:     0 0 0 2 0 0 0 4 0 0 0 0 0 0 1 0 18 0 0 1 0 0 13 9 0 0 1 0 0 4 0 0 0 0 24
准确率:    1.0000 (35/35)
----------------------------------------
输入:       MBW<> WNHMW <L <WL> DMJQW HWW Q<>
目标:     0 0 0 0 11 0 0 1 0 0 3 0 0 0 0 0 0 0 11 0 0 1 20 0 3 19 0 0 18 0 0 0 10 3
预测:     0 0 0 0 11 0 0 1 0 0 3 0 0 0 0 0 0 0 11 0 0 1 20 0 3 19 0 0 18 0 0 0 10 3
准确率:    1.0000 (34/34)
----------------------------------------

生成的验证样本:
--------------------------------------------------------------------------------
输入:       YBJNH D>LH> LMSV> MN KL DBJC WKLJ
目标:     0 0 0 0 5 0 0 1 0 0 4 0 0 1 6 0 10 7 0 0 0 0 0 2 0 1 0 0 2 0 36 0 0 3
预测:     0 0 0 0 5 0 0 1 0 0 4 0 0 1 6 0 10 7 0 0 0 0 0 2 0 1 0 0 2 0 36 0 0 3
准确率:    1.0000 (34/34)
----------------------------------------
输入:       D>LH> LMSV> MN KL DBJC WKLJ XJLK
目标:     0 1 0 0 4 0 0 1 6 0 10 7 0 0 0 0 0 2 0 1 0 0 2 0 36 0 0 3 0 0 0 5 0
预测:     0 1 0 0 4 0 0 1 6 0 10 7 0 0 0 0 0 2 0 1 0 0 2 0 36 0 0 3 0 0 0 5 0
准确率:    1.0000 (33/33)
----------------------------------------
⏳ 验证无提升 (验证准确率: 0.9675 ≤ 0.9678)，patience: 2/50

======================================================================
🚀 Epoch 41/200
======================================================================
📚 开始训练阶段...
训练进度: 500/6065 损失=0.0436
训练进度: 1000/6065 损失=0.0152
训练进度: 1500/6065 损失=0.0344
训练进度: 2000/6065 损失=0.0186
训练进度: 2500/6065 损失=0.0239
训练进度: 3000/6065 损失=0.0448
训练进度: 3500/6065 损失=0.0299
训练进度: 4000/6065 损失=0.0259
训练进度: 4500/6065 损失=0.0359
训练进度: 5000/6065 损失=0.0109
训练进度: 5500/6065 损失=0.0320
训练进度: 6000/6065 损失=0.0340
训练进度: 6065/6065 损失=0.0556
✅ 训练完成，耗时: 107.9秒 (1.8分钟)

============================================================
📊 验证决策: Epoch 41/200
   验证间隔: 1
   是否验证: ✅ 是
   原因: 达到验证间隔 (0 == 0)
============================================================

🔍 开始验证...
验证进度: 500/686 损失=0.0526
验证进度: 686/686 损失=0.4020

📊 预测分布分析:
  - 预测的前5个类别: {np.int64(0): 282015, np.int64(1): 37127, np.int64(2): 14719, np.int64(3): 10919, np.int64(4): 8791}
  - 标签的前5个类别: {np.int64(0): 281232, np.int64(1): 36731, np.int64(2): 14789, np.int64(3): 10866, np.int64(4): 8585}
✅ 验证完成，耗时: 4.7秒 (0.1分钟)
训练损失: 0.0373
验证损失: 0.3008
验证准确率: 0.9678 (10610/10964) - 与Levenshtein高度相关
验证F1(加权): 0.9673 - 类别平衡更好
学习率: 0.000090
显存使用: 0.48GB (预留: 0.69GB)

生成的训练样本:
--------------------------------------------------------------------------------
输入:       DXJJ MN MNW >STRD KD QRBJN <LJ
目标:     0 1 0 2 46 0 0 0 0 0 71 0 0 45 79 0 0 16 0 0 0 0 0 0 7 0 0 0 0 1 0
预测:     0 1 0 2 46 0 0 0 0 0 71 0 0 45 79 0 0 16 0 0 0 0 0 0 7 0 0 0 0 1 0
准确率:    1.0000 (31/31)
----------------------------------------
输入:       VBT> HWT LH HJ L> HJ WMNW
目标:     0 0 2 9 0 0 0 18 26 0 1 12 0 0 12 0 0 0 0 0 12 0 1 0 71 0
预测:     0 0 2 9 0 0 0 18 26 0 1 12 0 0 12 0 0 0 0 0 12 0 1 0 71 0
准确率:    1.0000 (26/26)
----------------------------------------
输入:       MCDR >N> <LJK W<L <MK W<L BTJK
目标:     0 6 0 0 41 0 0 0 0 0 0 8 1 0 0 1 0 0 0 0 37 0 0 1 0 0 0 38 2 1 0
预测:     0 6 0 0 41 0 0 0 0 0 0 8 1 0 0 1 0 0 0 0 37 0 0 1 0 0 0 38 2 1 0
准确率:    1.0000 (31/31)
----------------------------------------

生成的验证样本:
--------------------------------------------------------------------------------
输入:       YBJNH D>LH> LMSV> MN KL DBJC WKLJ
目标:     0 0 0 0 5 0 0 1 0 0 4 0 0 1 6 0 10 7 0 0 0 0 0 2 0 1 0 0 2 0 36 0 0 3
预测:     0 0 0 0 5 0 0 1 0 0 4 0 0 1 6 0 10 7 0 0 0 0 0 2 0 1 0 0 2 0 1 0 0 3
准确率:    0.9706 (33/34)
----------------------------------------
输入:       D>LH> LMSV> MN KL DBJC WKLJ XJLK
目标:     0 1 0 0 4 0 0 1 6 0 10 7 0 0 0 0 0 2 0 1 0 0 2 0 36 0 0 3 0 0 0 5 0
预测:     0 1 0 0 4 0 0 1 6 0 10 7 0 0 0 0 0 2 0 1 0 0 2 0 36 0 0 3 0 0 0 5 0
准确率:    1.0000 (33/33)
----------------------------------------
⏳ 验证无提升 (验证准确率: 0.9678 ≤ 0.9678)，patience: 3/50

======================================================================
🚀 Epoch 42/200
======================================================================
📚 开始训练阶段...
训练进度: 500/6065 损失=0.0205
训练进度: 1000/6065 损失=0.0497
训练进度: 1500/6065 损失=0.0281
训练进度: 2000/6065 损失=0.0386
训练进度: 2500/6065 损失=0.0169
训练进度: 3000/6065 损失=0.0483
训练进度: 3500/6065 损失=0.0460
训练进度: 4000/6065 损失=0.0313
训练进度: 4500/6065 损失=0.0354
训练进度: 5000/6065 损失=0.0380
训练进度: 5500/6065 损失=0.0339
训练进度: 6000/6065 损失=0.0281
训练进度: 6065/6065 损失=0.0251
✅ 训练完成，耗时: 107.6秒 (1.8分钟)

============================================================
📊 验证决策: Epoch 42/200
   验证间隔: 1
   是否验证: ✅ 是
   原因: 达到验证间隔 (0 == 0)
============================================================

🔍 开始验证...
验证进度: 500/686 损失=0.0244
验证进度: 686/686 损失=0.3427

📊 预测分布分析:
  - 预测的前5个类别: {np.int64(0): 282094, np.int64(1): 37103, np.int64(2): 14723, np.int64(3): 10662, np.int64(4): 9009}
  - 标签的前5个类别: {np.int64(0): 281232, np.int64(1): 36731, np.int64(2): 14789, np.int64(3): 10866, np.int64(4): 8585}
✅ 验证完成，耗时: 4.7秒 (0.1分钟)
训练损失: 0.0364
验证损失: 0.3075
验证准确率: 0.9675 (10607/10964) - 与Levenshtein高度相关
验证F1(加权): 0.9670 - 类别平衡更好
学习率: 0.000090
显存使用: 0.48GB (预留: 0.69GB)

生成的训练样本:
--------------------------------------------------------------------------------
输入:       MRJ> <LJKWN WNDWN D>B>CTWN LRWXN B<JNJ PR<WN
目标:     0 0 0 0 2 0 0 8 1 0 0 0 0 1 6 0 0 3 0 1 17 0 0 3 0 0 0 0 1 0 0 5 0 0 1 0 0 2 0 0 0 0 0 0 2
预测:     0 0 0 0 2 0 0 8 1 0 0 0 0 1 6 0 0 3 0 1 17 0 0 3 0 0 0 0 1 0 0 5 0 0 1 0 0 2 0 0 0 0 0 0 2
准确率:    1.0000 (45/45)
----------------------------------------
输入:       L<M> W>MR LH MNW PTGM> HN> D<BD
目标:     0 1 0 15 0 0 1 0 0 3 0 1 0 0 0 71 0 0 0 0 0 4 0 0 0 0 0 0 1 0 0 7
预测:     0 1 0 15 0 0 1 0 0 3 0 1 0 0 0 71 0 0 0 0 0 4 0 0 0 0 0 0 1 0 0 7
准确率:    1.0000 (32/32)
----------------------------------------
输入:       LDN WKLH NPTLJ WKWLH >R<> D>PRJM WDMNC>
目标:     0 1 0 2 0 1 0 5 12 0 0 0 0 0 2 0 1 8 0 5 12 0 0 0 4 0 0 1 0 0 0 0 2 0 1 1 0 0 0 2
预测:     0 1 0 2 0 1 0 5 12 0 0 0 0 0 2 0 1 8 0 5 12 0 0 0 4 0 0 1 0 0 0 0 2 0 1 1 0 0 0 2
准确率:    1.0000 (40/40)
----------------------------------------

生成的验证样本:
--------------------------------------------------------------------------------
输入:       YBJNH D>LH> LMSV> MN KL DBJC WKLJ
目标:     0 0 0 0 5 0 0 1 0 0 4 0 0 1 6 0 10 7 0 0 0 0 0 2 0 1 0 0 2 0 36 0 0 3
预测:     0 0 0 0 5 0 0 1 0 0 4 0 0 1 6 0 10 7 0 0 0 0 0 2 0 1 0 0 2 0 1 0 0 3
准确率:    0.9706 (33/34)
----------------------------------------
输入:       D>LH> LMSV> MN KL DBJC WKLJ XJLK
目标:     0 1 0 0 4 0 0 1 6 0 10 7 0 0 0 0 0 2 0 1 0 0 2 0 36 0 0 3 0 0 0 5 0
预测:     0 1 0 0 4 0 0 1 6 0 10 7 0 0 0 0 0 2 0 1 0 0 2 0 36 0 0 3 0 0 0 5 0
准确率:    1.0000 (33/33)
----------------------------------------
⏳ 验证无提升 (验证准确率: 0.9675 ≤ 0.9678)，patience: 4/50

======================================================================
🚀 Epoch 43/200
======================================================================
📚 开始训练阶段...
训练进度: 500/6065 损失=0.0138
训练进度: 1000/6065 损失=0.0300
训练进度: 1500/6065 损失=0.0363
训练进度: 2000/6065 损失=0.0290
训练进度: 2500/6065 损失=0.0579
训练进度: 3000/6065 损失=0.0177
训练进度: 3500/6065 损失=0.0110
训练进度: 4000/6065 损失=0.0322
训练进度: 4500/6065 损失=0.0207
训练进度: 5000/6065 损失=0.0481
训练进度: 5500/6065 损失=0.0117
训练进度: 6000/6065 损失=0.0381
训练进度: 6065/6065 损失=0.0258
✅ 训练完成，耗时: 107.6秒 (1.8分钟)

============================================================
📊 验证决策: Epoch 43/200
   验证间隔: 1
   是否验证: ✅ 是
   原因: 达到验证间隔 (0 == 0)
============================================================

🔍 开始验证...
验证进度: 500/686 损失=0.0647
验证进度: 686/686 损失=0.4283

📊 预测分布分析:
  - 预测的前5个类别: {np.int64(0): 282030, np.int64(1): 36979, np.int64(2): 14708, np.int64(3): 10730, np.int64(4): 9000}
  - 标签的前5个类别: {np.int64(0): 281232, np.int64(1): 36731, np.int64(2): 14789, np.int64(3): 10866, np.int64(4): 8585}
✅ 验证完成，耗时: 4.7秒 (0.1分钟)
训练损失: 0.0356
验证损失: 0.3076
验证准确率: 0.9675 (10607/10964) - 与Levenshtein高度相关
验证F1(加权): 0.9670 - 类别平衡更好
学习率: 0.000089
显存使用: 0.48GB (预留: 0.69GB)

生成的训练样本:
--------------------------------------------------------------------------------
输入:       L>MWTHWN WHLJN CNJ XJWHJ D>JCM<JL M>> WTLTJN
目标:     0 1 31 57 2 32 0 0 0 0 1 0 0 0 0 0 0 2 0 0 0 25 1 0 0 0 1 0 0 0 0 0 0 2 0 0 0 2 0 1 0 0 2 0 0
预测:     0 1 31 57 2 32 0 0 0 0 1 0 0 0 0 0 0 2 0 0 0 25 1 0 0 0 1 0 0 0 0 0 0 2 0 0 0 2 0 1 0 0 2 0 0
准确率:    1.0000 (45/45)
----------------------------------------
输入:       LN LTJBWT> WBJD RWGZ> <ZJZ> MPN> LN
目标:     0 1 0 0 1 0 0 0 2 9 0 0 1 1 0 2 0 8 0 31 4 0 0 0 8 0 43 27 0 28 0 42 0 0 1 0
预测:     0 1 0 0 1 0 0 0 2 9 0 0 1 1 0 2 0 8 0 31 4 0 0 0 8 0 43 27 0 28 0 42 0 0 1 0
准确率:    1.0000 (36/36)
----------------------------------------
输入:       <SR> WSMKJHWN <SR> WPTJH DDRT> LSVR> DRWX>
目标:     0 0 0 2 0 0 1 0 0 22 1 0 0 0 0 0 0 2 0 0 1 0 0 5 12 0 1 0 13 9 0 0 1 0 0 4 0 0 1 0 0 4 0
预测:     0 0 0 2 0 0 1 0 0 22 1 0 0 0 0 0 0 2 0 0 1 0 0 5 12 0 1 0 13 9 0 0 1 0 0 4 0 0 1 0 0 4 0
准确率:    1.0000 (43/43)
----------------------------------------

生成的验证样本:
--------------------------------------------------------------------------------
输入:       YBJNH D>LH> LMSV> MN KL DBJC WKLJ
目标:     0 0 0 0 5 0 0 1 0 0 4 0 0 1 6 0 10 7 0 0 0 0 0 2 0 1 0 0 2 0 36 0 0 3
预测:     0 0 0 0 5 0 0 1 0 0 4 0 0 1 6 0 10 7 0 0 0 0 0 2 0 1 0 0 2 0 1 0 0 3
准确率:    0.9706 (33/34)
----------------------------------------
输入:       D>LH> LMSV> MN KL DBJC WKLJ XJLK
目标:     0 1 0 0 4 0 0 1 6 0 10 7 0 0 0 0 0 2 0 1 0 0 2 0 36 0 0 3 0 0 0 5 0
预测:     0 1 0 0 4 0 0 1 6 0 10 7 0 0 0 0 0 2 0 1 0 0 2 0 36 0 0 3 0 0 0 5 0
准确率:    1.0000 (33/33)
----------------------------------------
⏳ 验证无提升 (验证准确率: 0.9675 ≤ 0.9678)，patience: 5/50

======================================================================
🚀 Epoch 44/200
======================================================================
📚 开始训练阶段...
训练进度: 500/6065 损失=0.0497
训练进度: 1000/6065 损失=0.0387
训练进度: 1500/6065 损失=0.0454
训练进度: 2000/6065 损失=0.0362
训练进度: 2500/6065 损失=0.0281
训练进度: 3000/6065 损失=0.0526
训练进度: 3500/6065 损失=0.0228
训练进度: 4000/6065 损失=0.0381
训练进度: 4500/6065 损失=0.0427
训练进度: 5000/6065 损失=0.0133
训练进度: 5500/6065 损失=0.0212
训练进度: 6000/6065 损失=0.0385
训练进度: 6065/6065 损失=0.0475
✅ 训练完成，耗时: 107.8秒 (1.8分钟)

============================================================
📊 验证决策: Epoch 44/200
   验证间隔: 1
   是否验证: ✅ 是
   原因: 达到验证间隔 (0 == 0)
============================================================

🔍 开始验证...
验证进度: 500/686 损失=0.0294
验证进度: 686/686 损失=0.4227

📊 预测分布分析:
  - 预测的前5个类别: {np.int64(0): 282015, np.int64(1): 37080, np.int64(2): 14802, np.int64(3): 10734, np.int64(4): 8709}
  - 标签的前5个类别: {np.int64(0): 281232, np.int64(1): 36731, np.int64(2): 14789, np.int64(3): 10866, np.int64(4): 8585}
✅ 验证完成，耗时: 4.7秒 (0.1分钟)
训练损失: 0.0351
验证损失: 0.3075
验证准确率: 0.9678 (10611/10964) - 与Levenshtein高度相关
验证F1(加权): 0.9673 - 类别平衡更好
学习率: 0.000089
显存使用: 0.48GB (预留: 0.69GB)

生成的训练样本:
--------------------------------------------------------------------------------
输入:       NMWT >P XNN >P >NT >P JQRTN
目标:     0 44 0 0 3 0 0 0 0 0 0 0 0 0 0 0 0 0 0 0 0 0 0 0 0 13 32 0
预测:     0 44 0 0 3 0 0 0 0 0 0 0 0 0 0 0 0 0 0 0 0 0 0 0 0 13 32 0
准确率:    1.0000 (28/28)
----------------------------------------
输入:       H> >WD<TKWN <D XJ >N> >MRT GJR
目标:     0 0 0 0 50 0 0 3 1 0 0 0 0 0 0 0 0 22 0 0 0 0 0 0 0 3 0 0 0 0 0
预测:     0 0 0 0 50 0 0 3 1 0 0 0 0 0 0 0 0 22 0 0 0 0 0 0 0 3 0 0 0 0 0
准确率:    1.0000 (31/31)
----------------------------------------
输入:       MVL DMRJ> <MH WKL MDM D<BD HW>
目标:     0 0 0 0 0 1 0 0 0 2 0 0 1 0 0 1 0 2 0 0 0 2 0 1 0 0 7 0 0 10 3
预测:     0 0 0 0 0 1 0 0 0 2 0 0 1 0 0 1 0 2 0 0 0 2 0 1 0 0 7 0 0 10 3
准确率:    1.0000 (31/31)
----------------------------------------

生成的验证样本:
--------------------------------------------------------------------------------
输入:       YBJNH D>LH> LMSV> MN KL DBJC WKLJ
目标:     0 0 0 0 5 0 0 1 0 0 4 0 0 1 6 0 10 7 0 0 0 0 0 2 0 1 0 0 2 0 36 0 0 3
预测:     0 0 0 0 5 0 0 1 0 0 4 0 0 1 6 0 10 7 0 0 0 0 0 2 0 1 0 0 2 0 36 0 0 3
准确率:    1.0000 (34/34)
----------------------------------------
输入:       D>LH> LMSV> MN KL DBJC WKLJ XJLK
目标:     0 1 0 0 4 0 0 1 6 0 10 7 0 0 0 0 0 2 0 1 0 0 2 0 36 0 0 3 0 0 0 5 0
预测:     0 1 0 0 4 0 0 1 6 0 10 7 0 0 0 0 0 2 0 1 0 0 2 0 36 0 0 3 0 0 0 5 0
准确率:    1.0000 (33/33)
----------------------------------------
💾 保存新的最佳模型！验证准确率: 0.9678 (F1: 0.9673) (Epoch 44)

======================================================================
🚀 Epoch 45/200
======================================================================
📚 开始训练阶段...
训练进度: 500/6065 损失=0.0357
训练进度: 1000/6065 损失=0.0462
训练进度: 1500/6065 损失=0.0242
训练进度: 2000/6065 损失=0.0435
训练进度: 2500/6065 损失=0.0447
训练进度: 3000/6065 损失=0.0379
训练进度: 3500/6065 损失=0.0588
训练进度: 4000/6065 损失=0.0538
训练进度: 4500/6065 损失=0.0232
训练进度: 5000/6065 损失=0.0547
训练进度: 5500/6065 损失=0.0289
训练进度: 6000/6065 损失=0.0198
训练进度: 6065/6065 损失=0.0367
✅ 训练完成，耗时: 107.7秒 (1.8分钟)

============================================================
📊 验证决策: Epoch 45/200
   验证间隔: 1
   是否验证: ✅ 是
   原因: 达到验证间隔 (0 == 0)
============================================================

🔍 开始验证...
验证进度: 500/686 损失=0.0364
验证进度: 686/686 损失=0.3917

📊 预测分布分析:
  - 预测的前5个类别: {np.int64(0): 282360, np.int64(1): 37128, np.int64(2): 14659, np.int64(3): 10785, np.int64(4): 8957}
  - 标签的前5个类别: {np.int64(0): 281232, np.int64(1): 36731, np.int64(2): 14789, np.int64(3): 10866, np.int64(4): 8585}
✅ 验证完成，耗时: 4.7秒 (0.1分钟)
训练损失: 0.0343
验证损失: 0.3142
验证准确率: 0.9677 (10610/10964) - 与Levenshtein高度相关
验证F1(加权): 0.9671 - 类别平衡更好
学习率: 0.000088
显存使用: 0.48GB (预留: 0.69GB)

生成的训练样本:
--------------------------------------------------------------------------------
输入:       NQJM ZR<> L>XWHJ W>T>BC QDM MRJ> MDM
目标:     0 28 20 0 3 0 0 0 4 0 0 1 0 8 5 0 0 0 1 0 177 0 60 3 0 0 0 2 0 0 0 0 2 0 0 0 2
预测:     0 28 20 0 3 0 0 0 4 0 0 1 0 8 5 0 0 0 1 0 177 0 60 3 0 0 0 2 0 0 0 0 2 0 0 0 2
准确率:    1.0000 (37/37)
----------------------------------------
输入:       DTHW> LJ SHDWT> DXPRT BR> HD> MVL
目标:     0 1 44 0 10 3 0 1 0 0 0 0 0 2 9 0 0 1 0 0 3 0 0 60 4 0 0 0 0 0 0 0 0 0
预测:     0 1 44 0 10 3 0 1 0 0 0 0 0 2 9 0 0 1 0 0 3 0 0 60 4 0 0 0 0 0 0 0 0 0
准确率:    1.0000 (34/34)
----------------------------------------
输入:       DPSQ SBR> SBRT> DRXM> >TJHBT DXZW >T>
目标:     0 1 0 0 3 0 0 0 15 0 0 0 0 13 9 0 0 1 0 0 30 0 0 0 14 0 0 3 26 0 1 0 18 0 0 0 4 0
预测:     0 1 0 0 3 0 0 0 15 0 0 0 0 13 9 0 0 1 0 0 30 0 0 0 14 0 0 3 26 0 1 0 18 0 0 0 4 0
准确率:    1.0000 (38/38)
----------------------------------------

生成的验证样本:
--------------------------------------------------------------------------------
输入:       YBJNH D>LH> LMSV> MN KL DBJC WKLJ
目标:     0 0 0 0 5 0 0 1 0 0 4 0 0 1 6 0 10 7 0 0 0 0 0 2 0 1 0 0 2 0 36 0 0 3
预测:     0 0 0 0 5 0 0 1 0 0 4 0 0 1 6 0 10 7 0 0 0 0 0 2 0 1 0 0 2 0 1 0 0 3
准确率:    0.9706 (33/34)
----------------------------------------
输入:       D>LH> LMSV> MN KL DBJC WKLJ XJLK
目标:     0 1 0 0 4 0 0 1 6 0 10 7 0 0 0 0 0 2 0 1 0 0 2 0 36 0 0 3 0 0 0 5 0
预测:     0 1 0 0 4 0 0 1 6 0 10 7 0 0 0 0 0 2 0 1 0 0 2 0 1 0 0 3 0 0 0 5 0
准确率:    0.9697 (32/33)
----------------------------------------
⏳ 验证无提升 (验证准确率: 0.9677 ≤ 0.9678)，patience: 1/50

======================================================================
🚀 Epoch 46/200
======================================================================
📚 开始训练阶段...
训练进度: 500/6065 损失=0.0756
训练进度: 1000/6065 损失=0.0204
训练进度: 1500/6065 损失=0.0503
训练进度: 2000/6065 损失=0.0319
训练进度: 2500/6065 损失=0.0220
训练进度: 3000/6065 损失=0.0091
训练进度: 3500/6065 损失=0.0101
训练进度: 4000/6065 损失=0.0192
训练进度: 4500/6065 损失=0.0322
训练进度: 5000/6065 损失=0.0353
训练进度: 5500/6065 损失=0.0253
训练进度: 6000/6065 损失=0.0387
训练进度: 6065/6065 损失=0.0308
✅ 训练完成，耗时: 107.8秒 (1.8分钟)

============================================================
📊 验证决策: Epoch 46/200
   验证间隔: 1
   是否验证: ✅ 是
   原因: 达到验证间隔 (0 == 0)
============================================================

🔍 开始验证...
验证进度: 500/686 损失=0.0823
验证进度: 686/686 损失=0.3852

📊 预测分布分析:
  - 预测的前5个类别: {np.int64(0): 282102, np.int64(1): 37065, np.int64(2): 14744, np.int64(3): 10819, np.int64(4): 9144}
  - 标签的前5个类别: {np.int64(0): 281232, np.int64(1): 36731, np.int64(2): 14789, np.int64(3): 10866, np.int64(4): 8585}
✅ 验证完成，耗时: 4.7秒 (0.1分钟)
训练损失: 0.0335
验证损失: 0.3057
验证准确率: 0.9683 (10616/10964) - 与Levenshtein高度相关
验证F1(加权): 0.9678 - 类别平衡更好
学习率: 0.000088
显存使用: 0.47GB (预留: 0.69GB)

生成的训练样本:
--------------------------------------------------------------------------------
输入:       WL> >JK >WLYN> DSN>> WKL PWR<NJN WL>
目标:     0 1 0 0 0 0 0 0 0 0 0 0 0 4 0 0 1 0 0 4 0 0 1 0 2 0 0 0 0 0 2 0 0 0 1 0 0
预测:     0 1 0 0 0 0 0 0 0 0 0 0 0 4 0 0 1 0 0 4 0 0 1 0 2 0 0 0 0 0 2 0 0 0 1 0 0
准确率:    1.0000 (37/37)
----------------------------------------
输入:       NXTJKWN MNKWN WMSNJKWN L> BLJW MN RGLJKWN
目标:     0 0 0 22 1 0 0 0 0 0 1 0 0 0 0 1 0 0 2 1 0 0 0 0 0 0 0 0 0 3 0 0 0 0 0 0 0 2 1 0 0 0
预测:     0 0 0 22 1 0 0 0 0 0 1 0 0 0 0 1 0 0 2 1 0 0 0 0 0 0 0 0 0 3 0 0 0 0 0 0 0 2 1 0 0 0
准确率:    1.0000 (42/42)
----------------------------------------
输入:       HLJN DMTQRJN KLDJ> WHNWN >XRN> DLH LHD>
目标:     0 0 0 0 0 0 1 21 14 0 42 0 0 0 0 0 0 11 0 0 1 0 0 0 12 0 0 0 38 11 0 0 1 1 12 0 1 0 0 0
预测:     0 0 0 0 0 0 1 21 14 0 42 0 0 0 0 0 0 11 0 0 1 0 0 0 12 0 0 0 38 11 0 0 1 1 12 0 1 0 0 0
准确率:    1.0000 (40/40)
----------------------------------------

生成的验证样本:
--------------------------------------------------------------------------------
输入:       YBJNH D>LH> LMSV> MN KL DBJC WKLJ
目标:     0 0 0 0 5 0 0 1 0 0 4 0 0 1 6 0 10 7 0 0 0 0 0 2 0 1 0 0 2 0 36 0 0 3
预测:     0 0 0 0 5 0 0 1 0 0 4 0 0 1 6 0 10 7 0 0 0 0 0 2 0 1 0 0 2 0 36 0 0 3
准确率:    1.0000 (34/34)
----------------------------------------
输入:       D>LH> LMSV> MN KL DBJC WKLJ XJLK
目标:     0 1 0 0 4 0 0 1 6 0 10 7 0 0 0 0 0 2 0 1 0 0 2 0 36 0 0 3 0 0 0 5 0
预测:     0 1 0 0 4 0 0 1 6 0 10 7 0 0 0 0 0 2 0 1 0 0 2 0 36 0 0 3 0 0 0 5 0
准确率:    1.0000 (33/33)
----------------------------------------
💾 保存新的最佳模型！验证准确率: 0.9683 (F1: 0.9678) (Epoch 46)

======================================================================
🚀 Epoch 47/200
======================================================================
📚 开始训练阶段...
训练进度: 500/6065 损失=0.0256
训练进度: 1000/6065 损失=0.0111
训练进度: 1500/6065 损失=0.0325
训练进度: 2000/6065 损失=0.0364
训练进度: 2500/6065 损失=0.0161
训练进度: 3000/6065 损失=0.0571
训练进度: 3500/6065 损失=0.0281
训练进度: 4000/6065 损失=0.0485
训练进度: 4500/6065 损失=0.0590
训练进度: 5000/6065 损失=0.0768
训练进度: 5500/6065 损失=0.0271
训练进度: 6000/6065 损失=0.0391
训练进度: 6065/6065 损失=0.0190
✅ 训练完成，耗时: 107.9秒 (1.8分钟)

============================================================
📊 验证决策: Epoch 47/200
   验证间隔: 1
   是否验证: ✅ 是
   原因: 达到验证间隔 (0 == 0)
============================================================

🔍 开始验证...
验证进度: 500/686 损失=0.0477
验证进度: 686/686 损失=0.4519

📊 预测分布分析:
  - 预测的前5个类别: {np.int64(0): 281997, np.int64(1): 37190, np.int64(2): 14723, np.int64(3): 10786, np.int64(4): 8779}
  - 标签的前5个类别: {np.int64(0): 281232, np.int64(1): 36731, np.int64(2): 14789, np.int64(3): 10866, np.int64(4): 8585}
✅ 验证完成，耗时: 4.7秒 (0.1分钟)
训练损失: 0.0328
验证损失: 0.3240
验证准确率: 0.9675 (10607/10964) - 与Levenshtein高度相关
验证F1(加权): 0.9670 - 类别平衡更好
学习率: 0.000087
显存使用: 0.47GB (预留: 0.69GB)

生成的训练样本:
--------------------------------------------------------------------------------
输入:       >LH> L>DM W>MR LH MN KLHWN >JLN>
目标:     0 0 0 4 0 0 1 0 0 2 0 1 0 0 3 0 1 0 0 0 0 0 0 5 0 0 0 0 0 0 0 11 0
预测:     0 0 0 4 0 0 1 0 0 2 0 1 0 0 3 0 1 0 0 0 0 0 0 5 0 0 0 0 0 0 0 11 0
准确率:    1.0000 (33/33)
----------------------------------------
输入:       <P <M <RPL> W<BJ W<CN <MVN> PQ<>
目标:     0 31 49 0 0 0 0 0 0 0 4 0 0 1 0 0 49 0 1 0 0 7 0 0 0 0 4 0 0 0 0 15 0
预测:     0 31 49 0 0 0 0 0 0 0 4 0 0 1 0 0 49 0 1 0 0 7 0 0 0 0 4 0 0 0 0 15 0
准确率:    1.0000 (33/33)
----------------------------------------
输入:       MDBXH WKLHWN MDJNJ> W<MLQJ> WBNJ RQM >TKNCW
目标:     0 0 0 0 5 0 0 1 0 5 0 0 0 0 0 0 0 0 11 0 0 1 0 0 38 0 11 0 0 1 0 2 0 0 0 0 2 0 0 14 0 0 3 19
预测:     0 0 0 0 5 0 0 1 0 5 0 0 0 0 0 0 0 0 11 0 0 1 0 0 38 0 11 0 0 1 0 2 0 0 0 0 2 0 0 14 0 0 3 19
准确率:    1.0000 (44/44)
----------------------------------------

生成的验证样本:
--------------------------------------------------------------------------------
输入:       YBJNH D>LH> LMSV> MN KL DBJC WKLJ
目标:     0 0 0 0 5 0 0 1 0 0 4 0 0 1 6 0 10 7 0 0 0 0 0 2 0 1 0 0 2 0 36 0 0 3
预测:     0 0 0 0 5 0 0 1 0 0 4 0 0 1 6 0 10 7 0 0 0 0 0 2 0 1 0 0 2 0 1 0 0 3
准确率:    0.9706 (33/34)
----------------------------------------
输入:       D>LH> LMSV> MN KL DBJC WKLJ XJLK
目标:     0 1 0 0 4 0 0 1 6 0 10 7 0 0 0 0 0 2 0 1 0 0 2 0 36 0 0 3 0 0 0 5 0
预测:     0 1 0 0 4 0 0 1 6 0 10 7 0 0 0 0 0 2 0 1 0 0 2 0 36 0 0 3 0 0 0 5 0
准确率:    1.0000 (33/33)
----------------------------------------
⏳ 验证无提升 (验证准确率: 0.9675 ≤ 0.9683)，patience: 1/50

======================================================================
🚀 Epoch 48/200
======================================================================
📚 开始训练阶段...
训练进度: 500/6065 损失=0.0135
训练进度: 1000/6065 损失=0.0093
训练进度: 1500/6065 损失=0.0236
训练进度: 2000/6065 损失=0.0150
训练进度: 2500/6065 损失=0.0416
训练进度: 3000/6065 损失=0.0428
训练进度: 3500/6065 损失=0.0253
训练进度: 4000/6065 损失=0.0284
训练进度: 4500/6065 损失=0.0244
训练进度: 5000/6065 损失=0.0260
训练进度: 5500/6065 损失=0.0332
训练进度: 6000/6065 损失=0.0301
训练进度: 6065/6065 损失=0.0377
✅ 训练完成，耗时: 108.1秒 (1.8分钟)

============================================================
📊 验证决策: Epoch 48/200
   验证间隔: 1
   是否验证: ✅ 是
   原因: 达到验证间隔 (0 == 0)
============================================================

🔍 开始验证...
验证进度: 500/686 损失=0.0125
验证进度: 686/686 损失=0.4222

📊 预测分布分析:
  - 预测的前5个类别: {np.int64(0): 282270, np.int64(1): 37047, np.int64(2): 14651, np.int64(3): 10881, np.int64(4): 8944}
  - 标签的前5个类别: {np.int64(0): 281232, np.int64(1): 36731, np.int64(2): 14789, np.int64(3): 10866, np.int64(4): 8585}
✅ 验证完成，耗时: 4.7秒 (0.1分钟)
训练损失: 0.0322
验证损失: 0.3199
验证准确率: 0.9680 (10613/10964) - 与Levenshtein高度相关
验证F1(加权): 0.9674 - 类别平衡更好
学习率: 0.000087
显存使用: 0.48GB (预留: 0.69GB)

生成的训练样本:
--------------------------------------------------------------------------------
输入:       BCNT> XMJCJT> DMLK> RXB<M SLQ CJCQ MLK>
目标:     0 1 0 13 9 0 0 0 0 0 0 2 9 0 0 1 0 0 4 0 0 0 0 0 0 2 0 0 0 3 0 0 0 0 2 0 0 0 4 0
预测:     0 1 0 13 9 0 0 0 0 0 0 2 9 0 0 1 0 0 4 0 0 0 0 0 0 2 0 0 0 3 0 0 0 0 2 0 0 0 4 0
准确率:    1.0000 (40/40)
----------------------------------------
输入:       W<BDJN P>R> L<L MVL DMN >WRCLM NPWQ
目标:     0 1 0 0 7 0 0 0 0 0 11 0 0 0 0 0 0 0 0 0 0 1 0 0 0 0 0 0 0 0 2 0 34 8 0 3
预测:     0 1 0 0 7 0 0 0 0 0 11 0 0 0 0 0 0 0 0 0 0 1 0 0 0 0 0 0 0 0 2 0 34 8 0 3
准确率:    1.0000 (36/36)
----------------------------------------
输入:       MN MDNX> >CKXW PQ<T> B>R<> DSN<R WJTBW
目标:     0 0 0 0 0 0 0 4 0 0 17 0 0 3 0 0 0 0 13 9 0 0 1 0 0 4 0 0 1 0 0 0 2 0 1 0 0 3 0
预测:     0 0 0 0 0 0 0 4 0 0 17 0 0 3 0 0 0 0 13 9 0 0 1 0 0 4 0 0 1 0 0 0 2 0 1 0 0 3 0
准确率:    1.0000 (39/39)
----------------------------------------

生成的验证样本:
--------------------------------------------------------------------------------
输入:       YBJNH D>LH> LMSV> MN KL DBJC WKLJ
目标:     0 0 0 0 5 0 0 1 0 0 4 0 0 1 6 0 10 7 0 0 0 0 0 2 0 1 0 0 2 0 36 0 0 3
预测:     0 0 0 0 5 0 0 1 0 0 4 0 0 1 6 0 10 7 0 0 0 0 0 2 0 1 0 0 2 0 1 0 0 3
准确率:    0.9706 (33/34)
----------------------------------------
输入:       D>LH> LMSV> MN KL DBJC WKLJ XJLK
目标:     0 1 0 0 4 0 0 1 6 0 10 7 0 0 0 0 0 2 0 1 0 0 2 0 36 0 0 3 0 0 0 5 0
预测:     0 1 0 0 4 0 0 1 6 0 10 7 0 0 0 0 0 2 0 1 0 0 2 0 36 0 0 3 0 0 0 5 0
准确率:    1.0000 (33/33)
----------------------------------------
⏳ 验证无提升 (验证准确率: 0.9680 ≤ 0.9683)，patience: 2/50

======================================================================
🚀 Epoch 49/200
======================================================================
📚 开始训练阶段...
训练进度: 500/6065 损失=0.0187
训练进度: 1000/6065 损失=0.0210
训练进度: 1500/6065 损失=0.0107
训练进度: 2000/6065 损失=0.0102
训练进度: 2500/6065 损失=0.0456
训练进度: 3000/6065 损失=0.0124
训练进度: 3500/6065 损失=0.0155
训练进度: 4000/6065 损失=0.0337
训练进度: 4500/6065 损失=0.0378
训练进度: 5000/6065 损失=0.0190
训练进度: 5500/6065 损失=0.0171
训练进度: 6000/6065 损失=0.0282
训练进度: 6065/6065 损失=0.0494
✅ 训练完成，耗时: 107.5秒 (1.8分钟)

============================================================
📊 验证决策: Epoch 49/200
   验证间隔: 1
   是否验证: ✅ 是
   原因: 达到验证间隔 (0 == 0)
============================================================

🔍 开始验证...
验证进度: 500/686 损失=0.1133
验证进度: 686/686 损失=0.5051

📊 预测分布分析:
  - 预测的前5个类别: {np.int64(0): 282135, np.int64(1): 37111, np.int64(2): 14727, np.int64(3): 10763, np.int64(4): 9112}
  - 标签的前5个类别: {np.int64(0): 281232, np.int64(1): 36731, np.int64(2): 14789, np.int64(3): 10866, np.int64(4): 8585}
✅ 验证完成，耗时: 4.7秒 (0.1分钟)
训练损失: 0.0316
验证损失: 0.3170
验证准确率: 0.9681 (10614/10964) - 与Levenshtein高度相关
验证F1(加权): 0.9675 - 类别平衡更好
学习率: 0.000086
显存使用: 0.47GB (预留: 0.69GB)

生成的训练样本:
--------------------------------------------------------------------------------
输入:       MDBRN> <L <MJ >JSRJL WHLKT B>WRXTH DJWRB<M
目标:     0 0 0 0 0 4 0 0 0 0 0 0 37 0 0 0 0 0 0 0 2 0 1 0 0 3 89 0 1 0 0 0 2 32 0 0 1 0 0 0 0 0 2
预测:     0 0 0 0 0 4 0 0 0 0 0 0 37 0 0 0 0 0 0 0 2 0 1 0 0 3 89 0 1 0 0 0 2 32 0 0 1 0 0 0 0 0 2
准确率:    1.0000 (43/43)
----------------------------------------
输入:       QDMJK WTXRWB >NWN WTWBD >NWN B<GL >JK
目标:     0 0 0 2 1 0 0 1 6 0 8 0 3 0 0 0 0 0 0 1 68 0 0 3 0 0 0 0 0 0 1 0 0 0 0 0 0 0
预测:     0 0 0 2 1 0 0 1 6 0 8 0 3 0 0 0 0 0 0 1 68 0 0 3 0 0 0 0 0 0 1 0 0 0 0 0 0 0
准确率:    1.0000 (38/38)
----------------------------------------
输入:       DRXM> WRWGZ> <MH WMSG> LMCBQ W>P TB<
目标:     0 1 0 0 30 0 0 1 0 0 0 4 0 0 0 1 0 0 1 28 0 10 7 0 1 6 0 0 7 0 1 0 0 0 0 0 7
预测:     0 1 0 0 30 0 0 1 0 0 0 4 0 0 0 1 0 0 1 28 0 10 7 0 1 6 0 0 7 0 1 0 0 0 0 0 7
准确率:    1.0000 (37/37)
----------------------------------------

生成的验证样本:
--------------------------------------------------------------------------------
输入:       YBJNH D>LH> LMSV> MN KL DBJC WKLJ
目标:     0 0 0 0 5 0 0 1 0 0 4 0 0 1 6 0 10 7 0 0 0 0 0 2 0 1 0 0 2 0 36 0 0 3
预测:     0 0 0 0 5 0 0 1 0 0 4 0 0 1 6 0 10 7 0 0 0 0 0 2 0 1 0 0 2 0 36 0 0 3
准确率:    1.0000 (34/34)
----------------------------------------
输入:       D>LH> LMSV> MN KL DBJC WKLJ XJLK
目标:     0 1 0 0 4 0 0 1 6 0 10 7 0 0 0 0 0 2 0 1 0 0 2 0 36 0 0 3 0 0 0 5 0
预测:     0 1 0 0 4 0 0 1 6 0 10 7 0 0 0 0 0 2 0 1 0 0 2 0 36 0 0 3 0 0 0 5 0
准确率:    1.0000 (33/33)
----------------------------------------
⏳ 验证无提升 (验证准确率: 0.9681 ≤ 0.9683)，patience: 3/50

======================================================================
🚀 Epoch 50/200
======================================================================
📚 开始训练阶段...
训练进度: 500/6065 损失=0.0582
训练进度: 1000/6065 损失=0.0226
训练进度: 1500/6065 损失=0.0316
训练进度: 2000/6065 损失=0.0492
训练进度: 2500/6065 损失=0.0182
训练进度: 3000/6065 损失=0.0265
训练进度: 3500/6065 损失=0.0137
训练进度: 4000/6065 损失=0.0222
训练进度: 4500/6065 损失=0.0350
训练进度: 5000/6065 损失=0.0242
训练进度: 5500/6065 损失=0.0146
训练进度: 6000/6065 损失=0.0310
训练进度: 6065/6065 损失=0.0126
✅ 训练完成，耗时: 107.7秒 (1.8分钟)

============================================================
📊 验证决策: Epoch 50/200
   验证间隔: 1
   是否验证: ✅ 是
   原因: 达到验证间隔 (0 == 0)
============================================================

🔍 开始验证...
验证进度: 500/686 损失=0.0283
验证进度: 686/686 损失=0.4712

📊 预测分布分析:
  - 预测的前5个类别: {np.int64(0): 282423, np.int64(1): 37099, np.int64(2): 14657, np.int64(3): 10755, np.int64(4): 8654}
  - 标签的前5个类别: {np.int64(0): 281232, np.int64(1): 36731, np.int64(2): 14789, np.int64(3): 10866, np.int64(4): 8585}
✅ 验证完成，耗时: 4.7秒 (0.1分钟)
训练损失: 0.0308
验证损失: 0.3321
验证准确率: 0.9677 (10610/10964) - 与Levenshtein高度相关
验证F1(加权): 0.9672 - 类别平衡更好
学习率: 0.000086
显存使用: 0.47GB (预留: 0.69GB)

生成的训练样本:
--------------------------------------------------------------------------------
输入:       XRB> WMN MJT> DMJTJN MN >JDJK MRJ>
目标:     0 0 0 55 0 0 1 0 0 0 20 0 65 27 0 1 20 0 7 0 0 0 0 0 8 0 0 2 1 0 0 0 0 0 2
预测:     0 0 0 55 0 0 1 0 0 0 20 0 65 27 0 1 20 0 7 0 0 0 0 0 8 0 0 2 1 0 0 0 0 0 2
准确率:    1.0000 (35/35)
----------------------------------------
输入:       KSP> DBDQ> WKSP> DQWRBN> WKSP> DXLP XVH>
目标:     0 0 0 4 0 0 1 0 0 15 0 0 1 0 0 4 0 0 1 0 0 0 0 4 0 0 1 0 0 4 0 0 1 0 0 2 0 0 0 4 0
预测:     0 0 0 4 0 0 1 0 0 15 0 0 1 0 0 4 0 0 1 0 0 0 0 4 0 0 1 0 0 4 0 0 1 0 0 2 0 0 0 4 0
准确率:    1.0000 (41/41)
----------------------------------------
输入:       WNXT CMCWN W>BWHJ W>MH LTMNT WMVJW <DM>
目标:     0 1 0 0 3 0 0 0 0 0 2 0 1 0 8 5 0 0 0 1 0 5 0 0 1 0 0 0 2 0 1 0 0 3 19 0 0 0 0 0
预测:     0 1 0 0 3 0 0 0 0 0 2 0 1 0 8 5 0 0 0 1 0 5 0 0 1 0 0 0 2 0 1 0 0 3 19 0 0 0 0 0
准确率:    1.0000 (40/40)
----------------------------------------

生成的验证样本:
--------------------------------------------------------------------------------
输入:       YBJNH D>LH> LMSV> MN KL DBJC WKLJ
目标:     0 0 0 0 5 0 0 1 0 0 4 0 0 1 6 0 10 7 0 0 0 0 0 2 0 1 0 0 2 0 36 0 0 3
预测:     0 0 0 0 5 0 0 1 0 0 4 0 0 1 6 0 10 7 0 0 0 0 0 2 0 1 0 0 2 0 36 0 0 3
准确率:    1.0000 (34/34)
----------------------------------------
输入:       D>LH> LMSV> MN KL DBJC WKLJ XJLK
目标:     0 1 0 0 4 0 0 1 6 0 10 7 0 0 0 0 0 2 0 1 0 0 2 0 36 0 0 3 0 0 0 5 0
预测:     0 1 0 0 4 0 0 1 6 0 10 7 0 0 0 0 0 2 0 1 0 0 2 0 36 0 0 3 0 0 0 5 0
准确率:    1.0000 (33/33)
----------------------------------------
⏳ 验证无提升 (验证准确率: 0.9677 ≤ 0.9683)，patience: 4/50

======================================================================
🚀 Epoch 51/200
======================================================================
📚 开始训练阶段...
训练进度: 500/6065 损失=0.0571
训练进度: 1000/6065 损失=0.0154
训练进度: 1500/6065 损失=0.0276
训练进度: 2000/6065 损失=0.0182
训练进度: 2500/6065 损失=0.0338
训练进度: 3000/6065 损失=0.0544
训练进度: 3500/6065 损失=0.0059
训练进度: 4000/6065 损失=0.0553
训练进度: 4500/6065 损失=0.0276
训练进度: 5000/6065 损失=0.0362
训练进度: 5500/6065 损失=0.0295
训练进度: 6000/6065 损失=0.0155
训练进度: 6065/6065 损失=0.0399
✅ 训练完成，耗时: 107.8秒 (1.8分钟)

============================================================
📊 验证决策: Epoch 51/200
   验证间隔: 1
   是否验证: ✅ 是
   原因: 达到验证间隔 (0 == 0)
============================================================

🔍 开始验证...
验证进度: 500/686 损失=0.0681
验证进度: 686/686 损失=0.5641

📊 预测分布分析:
  - 预测的前5个类别: {np.int64(0): 282271, np.int64(1): 37072, np.int64(2): 14686, np.int64(3): 10817, np.int64(4): 8921}
  - 标签的前5个类别: {np.int64(0): 281232, np.int64(1): 36731, np.int64(2): 14789, np.int64(3): 10866, np.int64(4): 8585}
✅ 验证完成，耗时: 4.7秒 (0.1分钟)
训练损失: 0.0302
验证损失: 0.3311
验证准确率: 0.9679 (10612/10964) - 与Levenshtein高度相关
验证F1(加权): 0.9674 - 类别平衡更好
学习率: 0.000085
显存使用: 0.48GB (预留: 0.69GB)

生成的训练样本:
--------------------------------------------------------------------------------
输入:       L> NT<BD DJN> HN> W>MR MRJ> >N
目标:     0 0 0 0 21 14 0 0 3 0 0 0 15 0 0 0 0 0 0 1 0 0 3 0 0 0 0 2 0 0 0
预测:     0 0 0 0 21 14 0 0 3 0 0 0 15 0 0 0 0 0 0 1 0 0 3 0 0 0 0 2 0 0 0
准确率:    1.0000 (31/31)
----------------------------------------
输入:       D>CKX LH MJ> BMDBR> KD R<> HW>
目标:     0 1 17 0 0 3 0 1 0 0 24 9 0 0 1 0 0 0 4 0 0 0 0 0 0 10 7 0 0 10 3
预测:     0 1 17 0 0 3 0 1 0 0 24 9 0 0 1 0 0 0 4 0 0 0 0 0 0 10 7 0 0 10 3
准确率:    1.0000 (31/31)
----------------------------------------
输入:       W>MRW LH H> JLDT MLK> >P HJ
目标:     0 1 0 0 3 0 0 1 0 0 0 0 0 0 0 3 26 0 0 0 0 22 0 0 0 0 0 12
预测:     0 1 0 0 3 0 0 1 0 0 0 0 0 0 0 3 26 0 0 0 0 22 0 0 0 0 0 12
准确率:    1.0000 (28/28)
----------------------------------------

生成的验证样本:
--------------------------------------------------------------------------------
输入:       YBJNH D>LH> LMSV> MN KL DBJC WKLJ
目标:     0 0 0 0 5 0 0 1 0 0 4 0 0 1 6 0 10 7 0 0 0 0 0 2 0 1 0 0 2 0 36 0 0 3
预测:     0 0 0 0 5 0 0 1 0 0 4 0 0 1 6 0 10 7 0 0 0 0 0 2 0 1 0 0 2 0 36 0 0 3
准确率:    1.0000 (34/34)
----------------------------------------
输入:       D>LH> LMSV> MN KL DBJC WKLJ XJLK
目标:     0 1 0 0 4 0 0 1 6 0 10 7 0 0 0 0 0 2 0 1 0 0 2 0 36 0 0 3 0 0 0 5 0
预测:     0 1 0 0 4 0 0 1 6 0 10 7 0 0 0 0 0 2 0 1 0 0 2 0 36 0 0 3 0 0 0 5 0
准确率:    1.0000 (33/33)
----------------------------------------
⏳ 验证无提升 (验证准确率: 0.9679 ≤ 0.9683)，patience: 5/50

======================================================================
🚀 Epoch 52/200
======================================================================
📚 开始训练阶段...
训练进度: 500/6065 损失=0.0167
训练进度: 1000/6065 损失=0.0426
训练进度: 1500/6065 损失=0.0279
训练进度: 2000/6065 损失=0.0509
训练进度: 2500/6065 损失=0.0278
训练进度: 3000/6065 损失=0.0270
训练进度: 3500/6065 损失=0.0507
训练进度: 4000/6065 损失=0.0261
训练进度: 4500/6065 损失=0.0540
训练进度: 5000/6065 损失=0.0192
训练进度: 5500/6065 损失=0.0150
训练进度: 6000/6065 损失=0.0272
训练进度: 6065/6065 损失=0.0190
✅ 训练完成，耗时: 107.9秒 (1.8分钟)

============================================================
📊 验证决策: Epoch 52/200
   验证间隔: 1
   是否验证: ✅ 是
   原因: 达到验证间隔 (0 == 0)
============================================================

🔍 开始验证...
验证进度: 500/686 损失=0.0375
验证进度: 686/686 损失=0.5124

📊 预测分布分析:
  - 预测的前5个类别: {np.int64(0): 281990, np.int64(1): 37152, np.int64(2): 14781, np.int64(3): 10685, np.int64(4): 9090}
  - 标签的前5个类别: {np.int64(0): 281232, np.int64(1): 36731, np.int64(2): 14789, np.int64(3): 10866, np.int64(4): 8585}
✅ 验证完成，耗时: 4.7秒 (0.1分钟)
训练损失: 0.0297
验证损失: 0.3304
验证准确率: 0.9678 (10610/10964) - 与Levenshtein高度相关
验证F1(加权): 0.9673 - 类别平衡更好
学习率: 0.000084
显存使用: 0.47GB (预留: 0.69GB)

生成的训练样本:
--------------------------------------------------------------------------------
输入:       >MR MRJ> >LH> D>JSRJL >RMW >NC SJPH
目标:     0 0 0 7 0 0 0 0 2 0 0 0 4 0 0 1 0 0 0 0 0 2 6 17 0 18 0 0 0 0 2 0 0 0 5 0
预测:     0 0 0 7 0 0 0 0 2 0 0 0 4 0 0 1 0 0 0 0 0 2 6 17 0 18 0 0 0 0 2 0 0 0 5 0
准确率:    1.0000 (36/36)
----------------------------------------
输入:       D<BDT CMJ> W>R<> <M KLH YBTHWN >NT
目标:     0 1 0 0 3 12 0 0 24 9 0 0 1 0 0 4 0 0 0 0 0 0 5 12 0 0 0 37 0 0 0 0 0 0 0
预测:     0 1 0 0 3 12 0 0 24 9 0 0 1 0 0 4 0 0 0 0 0 0 5 0 0 0 0 37 0 0 0 0 0 0 0
准确率:    0.9714 (34/35)
----------------------------------------
输入:       DTWTBWTHWN D<MRW BH W>P >N> CM<T >NQT>
目标:     0 1 0 0 0 0 2 1 0 0 0 0 1 0 0 3 0 0 1 12 0 1 0 0 0 0 0 0 0 0 0 3 0 0 0 0 13 9 0
预测:     0 1 0 0 0 0 2 1 0 0 0 0 1 0 0 3 0 0 1 12 0 1 0 0 0 0 0 0 0 0 0 3 0 0 0 0 13 9 0
准确率:    1.0000 (39/39)
----------------------------------------

生成的验证样本:
--------------------------------------------------------------------------------
输入:       YBJNH D>LH> LMSV> MN KL DBJC WKLJ
目标:     0 0 0 0 5 0 0 1 0 0 4 0 0 1 6 0 10 7 0 0 0 0 0 2 0 1 0 0 2 0 36 0 0 3
预测:     0 0 0 0 5 0 0 1 0 0 4 0 0 1 6 0 10 7 0 0 0 0 0 2 0 1 0 0 2 0 36 0 0 3
准确率:    1.0000 (34/34)
----------------------------------------
输入:       D>LH> LMSV> MN KL DBJC WKLJ XJLK
目标:     0 1 0 0 4 0 0 1 6 0 10 7 0 0 0 0 0 2 0 1 0 0 2 0 36 0 0 3 0 0 0 5 0
预测:     0 1 0 0 4 0 0 1 6 0 10 7 0 0 0 0 0 2 0 1 0 0 2 0 36 0 0 3 0 0 0 5 0
准确率:    1.0000 (33/33)
----------------------------------------
⏳ 验证无提升 (验证准确率: 0.9678 ≤ 0.9683)，patience: 6/50

======================================================================
🚀 Epoch 53/200
======================================================================
📚 开始训练阶段...
训练进度: 500/6065 损失=0.0221
训练进度: 1000/6065 损失=0.0198
训练进度: 1500/6065 损失=0.0614
训练进度: 2000/6065 损失=0.0345
训练进度: 2500/6065 损失=0.0282
训练进度: 3000/6065 损失=0.0247
训练进度: 3500/6065 损失=0.0316
训练进度: 4000/6065 损失=0.0285
训练进度: 4500/6065 损失=0.0327
训练进度: 5000/6065 损失=0.0296
训练进度: 5500/6065 损失=0.0186
训练进度: 6000/6065 损失=0.0118
训练进度: 6065/6065 损失=0.0391
✅ 训练完成，耗时: 107.9秒 (1.8分钟)

============================================================
📊 验证决策: Epoch 53/200
   验证间隔: 1
   是否验证: ✅ 是
   原因: 达到验证间隔 (0 == 0)
============================================================

🔍 开始验证...
验证进度: 500/686 损失=0.0097
验证进度: 686/686 损失=0.4620

📊 预测分布分析:
  - 预测的前5个类别: {np.int64(0): 282019, np.int64(1): 37051, np.int64(2): 14714, np.int64(3): 10872, np.int64(4): 8931}
  - 标签的前5个类别: {np.int64(0): 281232, np.int64(1): 36731, np.int64(2): 14789, np.int64(3): 10866, np.int64(4): 8585}
✅ 验证完成，耗时: 4.7秒 (0.1分钟)
训练损失: 0.0292
验证损失: 0.3303
验证准确率: 0.9677 (10609/10964) - 与Levenshtein高度相关
验证F1(加权): 0.9672 - 类别平衡更好
学习率: 0.000084
显存使用: 0.48GB (预留: 0.69GB)

生成的训练样本:
--------------------------------------------------------------------------------
输入:       HW WT>T> <LWHJ KLH LWVT> DKTJB> BKTB>
目标:     0 0 12 0 1 6 0 10 3 0 0 8 1 0 0 0 0 5 12 0 0 0 13 9 0 0 1 0 8 0 7 27 0 1 0 0 15 0
预测:     0 0 12 0 1 6 0 10 3 0 0 8 1 0 0 0 0 5 12 0 0 0 13 9 0 0 1 0 8 0 7 27 0 1 0 0 15 0
准确率:    1.0000 (38/38)
----------------------------------------
输入:       DBJT MLK> W<M> W<LW KLH <M> D>R<>
目标:     0 1 0 66 0 0 0 0 4 0 0 1 0 15 0 0 1 0 53 0 0 0 5 0 0 0 15 0 0 1 0 0 4 0
预测:     0 1 0 66 0 0 0 0 4 0 0 1 0 15 0 0 1 0 53 0 0 0 5 0 0 0 15 0 0 1 0 0 4 0
准确率:    1.0000 (34/34)
----------------------------------------
输入:       DNTXCXWN B>WMNWT> DMWSS >L> >JKN> D>MRT BKL
目标:     0 1 21 14 0 0 3 0 19 0 1 0 0 0 0 2 9 0 0 1 0 0 0 2 0 0 0 0 0 0 0 0 8 0 0 1 0 0 3 0 0 1 0 2
预测:     0 1 21 14 0 0 3 0 19 0 1 0 0 0 0 2 9 0 0 1 0 0 0 2 0 0 0 0 0 0 0 0 8 0 0 1 0 0 3 0 0 1 0 2
准确率:    1.0000 (44/44)
----------------------------------------

生成的验证样本:
--------------------------------------------------------------------------------
输入:       YBJNH D>LH> LMSV> MN KL DBJC WKLJ
目标:     0 0 0 0 5 0 0 1 0 0 4 0 0 1 6 0 10 7 0 0 0 0 0 2 0 1 0 0 2 0 36 0 0 3
预测:     0 0 0 0 5 0 0 1 0 0 4 0 0 1 6 0 10 7 0 0 0 0 0 2 0 1 0 0 2 0 36 0 0 3
准确率:    1.0000 (34/34)
----------------------------------------
输入:       D>LH> LMSV> MN KL DBJC WKLJ XJLK
目标:     0 1 0 0 4 0 0 1 6 0 10 7 0 0 0 0 0 2 0 1 0 0 2 0 36 0 0 3 0 0 0 5 0
预测:     0 1 0 0 4 0 0 1 6 0 10 7 0 0 0 0 0 2 0 1 0 0 2 0 36 0 0 3 0 0 0 5 0
准确率:    1.0000 (33/33)
----------------------------------------
⏳ 验证无提升 (验证准确率: 0.9677 ≤ 0.9683)，patience: 7/50

======================================================================
🚀 Epoch 54/200
======================================================================
📚 开始训练阶段...
训练进度: 500/6065 损失=0.0322
训练进度: 1000/6065 损失=0.0403
训练进度: 1500/6065 损失=0.0262
训练进度: 2000/6065 损失=0.0153
训练进度: 2500/6065 损失=0.0098
训练进度: 3000/6065 损失=0.0177
训练进度: 3500/6065 损失=0.0335
训练进度: 4000/6065 损失=0.0089
训练进度: 4500/6065 损失=0.0258
训练进度: 5000/6065 损失=0.0280
训练进度: 5500/6065 损失=0.0179
训练进度: 6000/6065 损失=0.0736
训练进度: 6065/6065 损失=0.0122
✅ 训练完成，耗时: 107.8秒 (1.8分钟)

============================================================
📊 验证决策: Epoch 54/200
   验证间隔: 1
   是否验证: ✅ 是
   原因: 达到验证间隔 (0 == 0)
============================================================

🔍 开始验证...
验证进度: 500/686 损失=0.0142
验证进度: 686/686 损失=0.4585

📊 预测分布分析:
  - 预测的前5个类别: {np.int64(0): 282318, np.int64(1): 37036, np.int64(2): 14692, np.int64(3): 10865, np.int64(4): 8766}
  - 标签的前5个类别: {np.int64(0): 281232, np.int64(1): 36731, np.int64(2): 14789, np.int64(3): 10866, np.int64(4): 8585}
✅ 验证完成，耗时: 4.7秒 (0.1分钟)
训练损失: 0.0286
验证损失: 0.3303
验证准确率: 0.9680 (10613/10964) - 与Levenshtein高度相关
验证F1(加权): 0.9674 - 类别平衡更好
学习率: 0.000083
显存使用: 0.48GB (预留: 0.69GB)

生成的训练样本:
--------------------------------------------------------------------------------
输入:       DJWRDNN VWR> HN> VB> WLBNN WRGZ <LJ
目标:     0 1 0 0 0 0 0 2 0 0 0 4 0 0 0 0 0 0 0 4 0 0 1 0 0 0 2 0 1 0 0 3 0 0 1 0
预测:     0 1 0 0 0 0 0 2 0 0 0 4 0 0 0 0 0 0 0 4 0 0 1 0 0 0 2 0 1 0 0 3 0 0 1 0
准确率:    1.0000 (36/36)
----------------------------------------
输入:       LH N>XWN LBWT> DJLHWN L<LM <LMJN NTDKRWN
目标:     0 1 0 0 6 17 161 0 0 0 0 8 2 23 0 0 0 0 1 0 0 0 0 1 0 0 2 0 0 0 2 0 0 0 21 14 0 0 3 0 19
预测:     0 1 0 0 6 17 161 0 0 0 0 8 2 23 0 0 0 0 1 0 0 0 0 1 0 0 2 0 0 0 2 0 0 0 21 14 0 0 3 0 19
准确率:    1.0000 (41/41)
----------------------------------------
输入:       BRWGZH <MM> D>N WHPK >R<> DCQJHWN LMLX>
目标:     0 1 0 0 0 5 0 0 0 8 30 0 0 20 0 7 0 1 0 0 7 0 0 0 4 0 0 1 0 0 37 0 0 0 0 1 0 0 4 0
预测:     0 1 0 0 0 5 0 0 0 8 30 0 0 20 0 7 0 1 0 0 7 0 0 0 4 0 0 1 0 0 37 0 0 0 0 1 0 0 4 0
准确率:    1.0000 (40/40)
----------------------------------------

生成的验证样本:
--------------------------------------------------------------------------------
输入:       YBJNH D>LH> LMSV> MN KL DBJC WKLJ
目标:     0 0 0 0 5 0 0 1 0 0 4 0 0 1 6 0 10 7 0 0 0 0 0 2 0 1 0 0 2 0 36 0 0 3
预测:     0 0 0 0 5 0 0 1 0 0 4 0 0 1 6 0 10 7 0 0 0 0 0 2 0 1 0 0 2 0 36 0 0 3
准确率:    1.0000 (34/34)
----------------------------------------
输入:       D>LH> LMSV> MN KL DBJC WKLJ XJLK
目标:     0 1 0 0 4 0 0 1 6 0 10 7 0 0 0 0 0 2 0 1 0 0 2 0 36 0 0 3 0 0 0 5 0
预测:     0 1 0 0 4 0 0 1 6 0 10 7 0 0 0 0 0 2 0 1 0 0 2 0 36 0 0 3 0 0 0 5 0
准确率:    1.0000 (33/33)
----------------------------------------
⏳ 验证无提升 (验证准确率: 0.9680 ≤ 0.9683)，patience: 8/50

======================================================================
🚀 Epoch 55/200
======================================================================
📚 开始训练阶段...
训练进度: 500/6065 损失=0.0246
训练进度: 1000/6065 损失=0.0429
训练进度: 1500/6065 损失=0.0244
训练进度: 2000/6065 损失=0.0233
训练进度: 2500/6065 损失=0.0540
训练进度: 3000/6065 损失=0.0483
训练进度: 3500/6065 损失=0.0113
训练进度: 4000/6065 损失=0.0285
训练进度: 4500/6065 损失=0.0342
训练进度: 5000/6065 损失=0.0206
训练进度: 5500/6065 损失=0.0346
训练进度: 6000/6065 损失=0.0322
训练进度: 6065/6065 损失=0.0137
✅ 训练完成，耗时: 107.8秒 (1.8分钟)

============================================================
📊 验证决策: Epoch 55/200
   验证间隔: 1
   是否验证: ✅ 是
   原因: 达到验证间隔 (0 == 0)
============================================================

🔍 开始验证...
验证进度: 500/686 损失=0.0282
验证进度: 686/686 损失=0.4675

📊 预测分布分析:
  - 预测的前5个类别: {np.int64(0): 282313, np.int64(1): 37007, np.int64(2): 14786, np.int64(3): 10888, np.int64(4): 8996}
  - 标签的前5个类别: {np.int64(0): 281232, np.int64(1): 36731, np.int64(2): 14789, np.int64(3): 10866, np.int64(4): 8585}
✅ 验证完成，耗时: 4.7秒 (0.1分钟)
训练损失: 0.0279
验证损失: 0.3436
验证准确率: 0.9677 (10610/10964) - 与Levenshtein高度相关
验证F1(加权): 0.9671 - 类别平衡更好
学习率: 0.000083
显存使用: 0.48GB (预留: 0.69GB)

生成的训练样本:
--------------------------------------------------------------------------------
输入:       W>MR LHWN LMN> KMJRN >PJKWN JWMN> W>MRW
目标:     0 1 0 0 3 0 1 0 0 0 0 1 0 0 0 0 0 8 0 7 27 0 54 2 1 0 0 0 0 0 0 0 4 0 0 1 0 0 3 0
预测:     0 1 0 0 3 0 1 0 0 0 0 1 0 0 0 0 0 8 0 7 27 0 54 2 1 0 0 0 0 0 0 0 4 0 0 1 0 0 3 0
准确率:    1.0000 (40/40)
----------------------------------------
输入:       MRJ> W<BR MRJ> QDMWHJ WQR> MRJ> MRJ>
目标:     0 0 0 0 2 0 1 0 0 3 0 0 0 0 2 0 0 0 25 1 0 0 0 1 0 10 3 0 0 0 0 2 0 0 0 0 2
预测:     0 0 0 0 2 0 1 0 0 3 0 0 0 0 2 0 0 0 25 1 0 0 0 1 0 10 3 0 0 0 0 2 0 0 0 0 2
准确率:    1.0000 (37/37)
----------------------------------------
输入:       DPQD MRJ> LMWC> WSM PTWR> BMCKNZBN> <L
目标:     0 1 0 0 16 0 0 0 0 2 0 1 0 0 0 2 0 1 31 3 0 0 0 0 4 0 0 1 0 0 0 5 0 0 4 0 0 0 0
预测:     0 1 0 0 16 0 0 0 0 2 0 1 0 0 0 2 0 1 31 3 0 0 0 0 4 0 0 1 0 0 0 5 0 0 4 0 0 0 0
准确率:    1.0000 (39/39)
----------------------------------------

生成的验证样本:
--------------------------------------------------------------------------------
输入:       YBJNH D>LH> LMSV> MN KL DBJC WKLJ
目标:     0 0 0 0 5 0 0 1 0 0 4 0 0 1 6 0 10 7 0 0 0 0 0 2 0 1 0 0 2 0 36 0 0 3
预测:     0 0 0 0 5 0 0 1 0 0 4 0 0 1 6 0 10 7 0 0 0 0 0 2 0 1 0 0 2 0 36 0 0 3
准确率:    1.0000 (34/34)
----------------------------------------
输入:       D>LH> LMSV> MN KL DBJC WKLJ XJLK
目标:     0 1 0 0 4 0 0 1 6 0 10 7 0 0 0 0 0 2 0 1 0 0 2 0 36 0 0 3 0 0 0 5 0
预测:     0 1 0 0 4 0 0 1 6 0 10 7 0 0 0 0 0 2 0 1 0 0 2 0 36 0 0 3 0 0 0 5 0
准确率:    1.0000 (33/33)
----------------------------------------
⏳ 验证无提升 (验证准确率: 0.9677 ≤ 0.9683)，patience: 9/50

======================================================================
🚀 Epoch 56/200
======================================================================
📚 开始训练阶段...
训练进度: 500/6065 损失=0.0236
训练进度: 1000/6065 损失=0.0183
训练进度: 1500/6065 损失=0.0117
训练进度: 2000/6065 损失=0.0224
训练进度: 2500/6065 损失=0.0346
训练进度: 3000/6065 损失=0.0286
训练进度: 3500/6065 损失=0.0173
训练进度: 4000/6065 损失=0.0159
训练进度: 4500/6065 损失=0.0444
训练进度: 5000/6065 损失=0.0117
训练进度: 5500/6065 损失=0.0211
训练进度: 6000/6065 损失=0.0302
训练进度: 6065/6065 损失=0.0169
✅ 训练完成，耗时: 107.7秒 (1.8分钟)

============================================================
📊 验证决策: Epoch 56/200
   验证间隔: 1
   是否验证: ✅ 是
   原因: 达到验证间隔 (0 == 0)
============================================================

🔍 开始验证...
验证进度: 500/686 损失=0.0120
验证进度: 686/686 损失=0.4610

📊 预测分布分析:
  - 预测的前5个类别: {np.int64(0): 282213, np.int64(1): 37063, np.int64(2): 14665, np.int64(3): 10708, np.int64(4): 9008}
  - 标签的前5个类别: {np.int64(0): 281232, np.int64(1): 36731, np.int64(2): 14789, np.int64(3): 10866, np.int64(4): 8585}
✅ 验证完成，耗时: 4.7秒 (0.1分钟)
训练损失: 0.0274
验证损失: 0.3409
验证准确率: 0.9675 (10607/10964) - 与Levenshtein高度相关
验证F1(加权): 0.9669 - 类别平衡更好
学习率: 0.000082
显存使用: 0.48GB (预留: 0.69GB)

生成的训练样本:
--------------------------------------------------------------------------------
输入:       LKWN MN CW<BD> DMYRJ> WMPY> >N> LKWN
目标:     0 1 0 0 0 0 0 0 0 0 0 0 0 4 0 0 1 0 0 0 11 0 0 1 6 0 10 41 0 0 0 0 0 1 0 0 0
预测:     0 1 0 0 0 0 0 0 0 0 0 0 0 4 0 0 1 0 0 0 11 0 0 1 6 0 10 41 0 0 0 0 0 1 0 0 0
准确率:    1.0000 (37/37)
----------------------------------------
输入:       NBWZRDN RB DXC> LKRM> WLPLX> W<MWD> DNXC>
目标:     0 0 0 0 0 0 0 2 0 0 2 0 0 0 11 0 0 1 0 0 30 0 0 1 1 0 0 30 0 0 1 0 0 0 11 0 0 1 0 0 4 0
预测:     0 0 0 0 0 0 0 2 0 0 2 0 0 0 11 0 0 1 0 0 30 0 0 1 1 0 0 30 0 0 1 0 0 0 11 0 0 1 0 0 4 0
准确率:    1.0000 (42/42)
----------------------------------------
输入:       QJMWHJ KWL MXWT> D>JTJT <L MYRJ> L>
目标:     0 0 0 25 1 0 0 0 8 0 2 0 0 0 13 23 0 0 1 59 0 0 3 0 0 0 0 0 0 0 0 11 0 0 0 0
预测:     0 0 0 25 1 0 0 0 8 0 2 0 0 0 13 23 0 0 1 59 0 0 3 0 0 0 0 0 0 0 0 11 0 0 0 0
准确率:    1.0000 (36/36)
----------------------------------------

生成的验证样本:
--------------------------------------------------------------------------------
输入:       YBJNH D>LH> LMSV> MN KL DBJC WKLJ
目标:     0 0 0 0 5 0 0 1 0 0 4 0 0 1 6 0 10 7 0 0 0 0 0 2 0 1 0 0 2 0 36 0 0 3
预测:     0 0 0 0 5 0 0 1 0 0 4 0 0 1 6 0 10 7 0 0 0 0 0 2 0 1 0 0 2 0 36 0 0 3
准确率:    1.0000 (34/34)
----------------------------------------
输入:       D>LH> LMSV> MN KL DBJC WKLJ XJLK
目标:     0 1 0 0 4 0 0 1 6 0 10 7 0 0 0 0 0 2 0 1 0 0 2 0 36 0 0 3 0 0 0 5 0
预测:     0 1 0 0 4 0 0 1 6 0 10 7 0 0 0 0 0 2 0 1 0 0 2 0 36 0 0 3 0 0 0 5 0
准确率:    1.0000 (33/33)
----------------------------------------
⏳ 验证无提升 (验证准确率: 0.9675 ≤ 0.9683)，patience: 10/50

======================================================================
🚀 Epoch 57/200
======================================================================
📚 开始训练阶段...
训练进度: 500/6065 损失=0.0345
训练进度: 1000/6065 损失=0.0326
训练进度: 1500/6065 损失=0.0088
训练进度: 2000/6065 损失=0.0116
训练进度: 2500/6065 损失=0.0206
训练进度: 3000/6065 损失=0.0256
训练进度: 3500/6065 损失=0.0429
训练进度: 4000/6065 损失=0.0052
训练进度: 4500/6065 损失=0.0271
训练进度: 5000/6065 损失=0.0368
训练进度: 5500/6065 损失=0.0364
训练进度: 6000/6065 损失=0.0326
训练进度: 6065/6065 损失=0.0203
✅ 训练完成，耗时: 107.6秒 (1.8分钟)

============================================================
📊 验证决策: Epoch 57/200
   验证间隔: 1
   是否验证: ✅ 是
   原因: 达到验证间隔 (0 == 0)
============================================================

🔍 开始验证...
验证进度: 500/686 损失=0.0117
验证进度: 686/686 损失=0.5617

📊 预测分布分析:
  - 预测的前5个类别: {np.int64(0): 282508, np.int64(1): 37071, np.int64(2): 14809, np.int64(3): 10785, np.int64(4): 9095}
  - 标签的前5个类别: {np.int64(0): 281232, np.int64(1): 36731, np.int64(2): 14789, np.int64(3): 10866, np.int64(4): 8585}
✅ 验证完成，耗时: 4.7秒 (0.1分钟)
训练损失: 0.0269
验证损失: 0.3435
验证准确率: 0.9682 (10615/10964) - 与Levenshtein高度相关
验证F1(加权): 0.9674 - 类别平衡更好
学习率: 0.000082
显存使用: 0.47GB (预留: 0.69GB)

生成的训练样本:
--------------------------------------------------------------------------------
输入:       <L NKL> LQRJB> DJLH HN> NSB BWRKT>
目标:     0 0 0 0 0 0 4 0 0 1 0 0 0 4 0 0 0 0 1 0 0 0 0 0 0 34 0 3 0 0 0 0 13 9 0
预测:     0 0 0 0 0 0 4 0 0 1 0 0 0 4 0 0 0 0 1 0 0 0 0 0 0 34 0 3 0 0 0 0 13 9 0
准确率:    1.0000 (35/35)
----------------------------------------
输入:       CBQ L>BWHJ M>T W>MRT L<BDJK D>N L>
目标:     0 0 0 7 0 1 0 8 5 0 0 0 20 0 7 0 1 0 0 3 12 0 1 0 0 22 1 0 0 1 0 0 0 0 0
预测:     0 0 0 7 0 1 0 8 5 0 0 0 20 0 7 0 1 0 0 3 12 0 1 0 0 22 1 0 0 1 0 0 0 0 0
准确率:    1.0000 (35/35)
----------------------------------------
输入:       B<DRJ WPYJNJ MN XRBH DPR<WN W>T> JTRWN
目标:     0 1 0 0 37 0 0 1 0 0 51 0 0 0 0 0 0 0 0 37 0 0 1 0 0 0 0 2 0 1 0 10 3 0 0 0 0 0 2
预测:     0 1 0 0 37 0 0 1 0 0 51 0 0 0 0 0 0 0 0 37 0 0 1 0 0 0 0 2 0 1 0 10 3 0 0 0 0 0 2
准确率:    1.0000 (39/39)
----------------------------------------

生成的验证样本:
--------------------------------------------------------------------------------
输入:       YBJNH D>LH> LMSV> MN KL DBJC WKLJ
目标:     0 0 0 0 5 0 0 1 0 0 4 0 0 1 6 0 10 7 0 0 0 0 0 2 0 1 0 0 2 0 36 0 0 3
预测:     0 0 0 0 5 0 0 1 0 0 4 0 0 1 6 0 10 7 0 0 0 0 0 2 0 1 0 0 2 0 36 0 0 3
准确率:    1.0000 (34/34)
----------------------------------------
输入:       D>LH> LMSV> MN KL DBJC WKLJ XJLK
目标:     0 1 0 0 4 0 0 1 6 0 10 7 0 0 0 0 0 2 0 1 0 0 2 0 36 0 0 3 0 0 0 5 0
预测:     0 1 0 0 4 0 0 1 6 0 10 7 0 0 0 0 0 2 0 1 0 0 2 0 36 0 0 3 0 0 0 5 0
准确率:    1.0000 (33/33)
----------------------------------------
⏳ 验证无提升 (验证准确率: 0.9682 ≤ 0.9683)，patience: 11/50

======================================================================
🚀 Epoch 58/200
======================================================================
📚 开始训练阶段...
训练进度: 500/6065 损失=0.0403
训练进度: 1000/6065 损失=0.0181
训练进度: 1500/6065 损失=0.0233
训练进度: 2000/6065 损失=0.0362
训练进度: 2500/6065 损失=0.0108
训练进度: 3000/6065 损失=0.0160
训练进度: 3500/6065 损失=0.0197
训练进度: 4000/6065 损失=0.0473
训练进度: 4500/6065 损失=0.0270
训练进度: 5000/6065 损失=0.0353
训练进度: 5500/6065 损失=0.0243
训练进度: 6000/6065 损失=0.0401
训练进度: 6065/6065 损失=0.0205
✅ 训练完成，耗时: 107.9秒 (1.8分钟)

============================================================
📊 验证决策: Epoch 58/200
   验证间隔: 1
   是否验证: ✅ 是
   原因: 达到验证间隔 (0 == 0)
============================================================

🔍 开始验证...
验证进度: 500/686 损失=0.0854
验证进度: 686/686 损失=0.4531

📊 预测分布分析:
  - 预测的前5个类别: {np.int64(0): 282413, np.int64(1): 37034, np.int64(2): 14677, np.int64(3): 10838, np.int64(4): 8854}
  - 标签的前5个类别: {np.int64(0): 281232, np.int64(1): 36731, np.int64(2): 14789, np.int64(3): 10866, np.int64(4): 8585}
✅ 验证完成，耗时: 4.7秒 (0.1分钟)
训练损失: 0.0263
验证损失: 0.3478
验证准确率: 0.9679 (10612/10964) - 与Levenshtein高度相关
验证F1(加权): 0.9673 - 类别平衡更好
学习率: 0.000081
显存使用: 0.48GB (预留: 0.69GB)

生成的训练样本:
--------------------------------------------------------------------------------
输入:       WMCLM LHWN MRJ> QDMJ >N> >HW> LKWN
目标:     0 1 28 0 0 7 0 1 0 0 0 0 0 0 0 2 0 0 0 2 46 0 0 0 0 0 6 0 10 3 0 1 0 0 0
预测:     0 1 28 0 0 7 0 1 0 0 0 0 0 0 0 2 0 0 0 2 46 0 0 0 0 0 6 0 10 3 0 1 0 0 0
准确率:    1.0000 (35/35)
----------------------------------------
输入:       QDMJHWN WQM MN BSTRHWN W<L BJT MCRJT>
目标:     0 0 0 2 1 0 0 0 0 1 31 3 0 0 0 0 0 0 0 5 0 0 0 0 1 0 53 0 0 66 0 0 0 0 0 2 9 0
预测:     0 0 0 2 1 0 0 0 0 1 31 3 0 0 0 0 0 0 0 5 0 0 0 0 1 0 53 0 0 66 0 0 0 0 0 2 9 0
准确率:    1.0000 (38/38)
----------------------------------------
输入:       >LJTN MN >WRCLM W<BD DBJC QDM MRJ>
目标:     0 0 0 0 0 2 0 0 0 0 0 0 0 0 0 2 0 1 0 0 3 0 1 0 0 2 0 0 0 2 0 0 0 0 2
预测:     0 0 0 0 0 2 0 0 0 0 0 0 0 0 0 2 0 1 0 0 3 0 1 0 0 2 0 0 0 2 0 0 0 0 2
准确率:    1.0000 (35/35)
----------------------------------------

生成的验证样本:
--------------------------------------------------------------------------------
输入:       YBJNH D>LH> LMSV> MN KL DBJC WKLJ
目标:     0 0 0 0 5 0 0 1 0 0 4 0 0 1 6 0 10 7 0 0 0 0 0 2 0 1 0 0 2 0 36 0 0 3
预测:     0 0 0 0 5 0 0 1 0 0 4 0 0 1 6 0 10 7 0 0 0 0 0 2 0 1 0 0 2 0 36 0 0 3
准确率:    1.0000 (34/34)
----------------------------------------
输入:       D>LH> LMSV> MN KL DBJC WKLJ XJLK
目标:     0 1 0 0 4 0 0 1 6 0 10 7 0 0 0 0 0 2 0 1 0 0 2 0 36 0 0 3 0 0 0 5 0
预测:     0 1 0 0 4 0 0 1 6 0 10 7 0 0 0 0 0 2 0 1 0 0 2 0 36 0 0 3 0 0 0 5 0
准确率:    1.0000 (33/33)
----------------------------------------
⏳ 验证无提升 (验证准确率: 0.9679 ≤ 0.9683)，patience: 12/50

======================================================================
🚀 Epoch 59/200
======================================================================
📚 开始训练阶段...
训练进度: 500/6065 损失=0.0107
训练进度: 1000/6065 损失=0.0208
训练进度: 1500/6065 损失=0.0057
训练进度: 2000/6065 损失=0.0185
训练进度: 2500/6065 损失=0.0157
训练进度: 3000/6065 损失=0.0470
训练进度: 3500/6065 损失=0.0186
训练进度: 4000/6065 损失=0.0060
训练进度: 4500/6065 损失=0.0397
训练进度: 5000/6065 损失=0.0204
训练进度: 5500/6065 损失=0.0436
训练进度: 6000/6065 损失=0.0154
训练进度: 6065/6065 损失=0.0149
✅ 训练完成，耗时: 107.7秒 (1.8分钟)

============================================================
📊 验证决策: Epoch 59/200
   验证间隔: 1
   是否验证: ✅ 是
   原因: 达到验证间隔 (0 == 0)
============================================================

🔍 开始验证...
验证进度: 500/686 损失=0.0128
验证进度: 686/686 损失=0.4615

📊 预测分布分析:
  - 预测的前5个类别: {np.int64(0): 282484, np.int64(1): 37071, np.int64(2): 14790, np.int64(3): 10747, np.int64(4): 8870}
  - 标签的前5个类别: {np.int64(0): 281232, np.int64(1): 36731, np.int64(2): 14789, np.int64(3): 10866, np.int64(4): 8585}
✅ 验证完成，耗时: 4.7秒 (0.1分钟)
训练损失: 0.0258
验证损失: 0.3479
验证准确率: 0.9679 (10611/10964) - 与Levenshtein高度相关
验证F1(加权): 0.9672 - 类别平衡更好
学习率: 0.000080
显存使用: 0.48GB (预留: 0.69GB)

生成的训练样本:
--------------------------------------------------------------------------------
输入:       XVH> W>N TQRWB LWTH NKTK >JK CNJ
目标:     0 0 0 4 0 0 1 0 0 0 6 0 8 0 3 0 0 0 1 0 0 34 0 29 0 0 0 0 0 0 0 2 0
预测:     0 0 0 4 0 0 1 0 0 0 6 0 8 0 3 0 0 0 1 0 0 34 0 29 0 0 0 0 0 0 0 2 0
准确率:    1.0000 (33/33)
----------------------------------------
输入:       LBNWHJ CB<JN GBRJN <L K>P> XD> W>MLKTWN
目标:     0 1 0 25 1 0 0 0 0 0 2 0 0 0 0 0 2 0 0 0 0 0 0 0 0 4 0 0 0 2 0 0 1 17 0 0 33 0 0 0
预测:     0 1 0 25 1 0 0 0 0 0 2 0 0 0 0 0 2 0 0 0 0 0 0 0 0 4 0 0 0 2 0 0 1 17 0 0 33 0 0 0
准确率:    1.0000 (40/40)
----------------------------------------
输入:       BRWK BR NRJ> L>X> D>CTBJW RXM> >P
目标:     0 0 0 0 22 0 0 2 0 0 0 0 2 0 1 0 11 0 0 1 47 39 0 0 3 0 0 0 0 30 0 0 0 0
预测:     0 0 0 0 22 0 0 2 0 0 0 0 2 0 1 0 11 0 0 1 47 39 0 0 3 0 0 0 0 30 0 0 0 0
准确率:    1.0000 (34/34)
----------------------------------------

生成的验证样本:
--------------------------------------------------------------------------------
输入:       YBJNH D>LH> LMSV> MN KL DBJC WKLJ
目标:     0 0 0 0 5 0 0 1 0 0 4 0 0 1 6 0 10 7 0 0 0 0 0 2 0 1 0 0 2 0 36 0 0 3
预测:     0 0 0 0 5 0 0 1 0 0 4 0 0 1 6 0 10 7 0 0 0 0 0 2 0 1 0 0 2 0 36 0 0 3
准确率:    1.0000 (34/34)
----------------------------------------
输入:       D>LH> LMSV> MN KL DBJC WKLJ XJLK
目标:     0 1 0 0 4 0 0 1 6 0 10 7 0 0 0 0 0 2 0 1 0 0 2 0 36 0 0 3 0 0 0 5 0
预测:     0 1 0 0 4 0 0 1 6 0 10 7 0 0 0 0 0 2 0 1 0 0 2 0 36 0 0 3 0 0 0 5 0
准确率:    1.0000 (33/33)
----------------------------------------
⏳ 验证无提升 (验证准确率: 0.9679 ≤ 0.9683)，patience: 13/50

======================================================================
🚀 Epoch 60/200
======================================================================
📚 开始训练阶段...
训练进度: 500/6065 损失=0.0268
训练进度: 1000/6065 损失=0.0152
训练进度: 1500/6065 损失=0.0252
训练进度: 2000/6065 损失=0.0128
训练进度: 2500/6065 损失=0.0205
训练进度: 3000/6065 损失=0.0084
训练进度: 3500/6065 损失=0.0183
训练进度: 4000/6065 损失=0.0197
训练进度: 4500/6065 损失=0.0298
训练进度: 5000/6065 损失=0.0464
训练进度: 5500/6065 损失=0.0154
训练进度: 6000/6065 损失=0.0262
训练进度: 6065/6065 损失=0.0288
✅ 训练完成，耗时: 107.8秒 (1.8分钟)

============================================================
📊 验证决策: Epoch 60/200
   验证间隔: 1
   是否验证: ✅ 是
   原因: 达到验证间隔 (0 == 0)
============================================================

🔍 开始验证...
验证进度: 500/686 损失=0.0166
验证进度: 686/686 损失=0.2940

📊 预测分布分析:
  - 预测的前5个类别: {np.int64(0): 282662, np.int64(1): 37098, np.int64(2): 14720, np.int64(3): 10674, np.int64(4): 9030}
  - 标签的前5个类别: {np.int64(0): 281232, np.int64(1): 36731, np.int64(2): 14789, np.int64(3): 10866, np.int64(4): 8585}
✅ 验证完成，耗时: 4.7秒 (0.1分钟)
训练损失: 0.0252
验证损失: 0.3470
验证准确率: 0.9684 (10617/10964) - 与Levenshtein高度相关
验证F1(加权): 0.9677 - 类别平衡更好
学习率: 0.000080
显存使用: 0.48GB (预留: 0.69GB)

生成的训练样本:
--------------------------------------------------------------------------------
输入:       DNTRKBWN >L> >N >CTRJ QB<> D>JTWTHWN HNW
目标:     0 1 21 14 0 0 3 0 0 0 0 0 0 0 0 0 0 47 39 0 0 3 0 0 0 15 0 0 1 0 0 0 2 1 0 0 0 0 0 81 0
预测:     0 1 21 14 0 0 3 0 0 0 0 0 0 0 0 0 0 47 39 0 0 3 0 0 0 15 0 0 1 0 0 0 2 1 0 0 0 0 0 81 0
准确率:    1.0000 (41/41)
----------------------------------------
输入:       HLJN DXZJTWN WL> JHB LKWN MRJ> LB>
目标:     0 0 0 0 0 0 1 0 0 3 0 0 0 0 1 0 0 0 0 0 3 0 1 0 0 0 0 0 0 0 2 0 0 4 0
预测:     0 0 0 0 0 0 1 0 0 3 0 0 0 0 1 0 0 0 0 0 3 0 1 0 0 0 0 0 0 0 2 0 0 4 0
准确率:    1.0000 (35/35)
----------------------------------------
输入:       BRH BTRH MSG> SKLWT> WXSJR XKMT> RXB<M
目标:     0 0 5 0 0 0 0 1 0 0 28 0 10 7 0 0 0 0 2 23 0 0 1 0 8 0 40 0 0 0 13 9 0 0 0 0 0 0 2
预测:     0 0 5 0 0 0 0 1 0 0 28 0 10 7 0 0 0 0 2 23 0 0 1 0 8 0 40 0 0 0 13 9 0 0 0 0 0 0 2
准确率:    1.0000 (39/39)
----------------------------------------

生成的验证样本:
--------------------------------------------------------------------------------
输入:       YBJNH D>LH> LMSV> MN KL DBJC WKLJ
目标:     0 0 0 0 5 0 0 1 0 0 4 0 0 1 6 0 10 7 0 0 0 0 0 2 0 1 0 0 2 0 36 0 0 3
预测:     0 0 0 0 5 0 0 1 0 0 4 0 0 1 6 0 10 7 0 0 0 0 0 2 0 1 0 0 2 0 36 0 0 3
准确率:    1.0000 (34/34)
----------------------------------------
输入:       D>LH> LMSV> MN KL DBJC WKLJ XJLK
目标:     0 1 0 0 4 0 0 1 6 0 10 7 0 0 0 0 0 2 0 1 0 0 2 0 36 0 0 3 0 0 0 5 0
预测:     0 1 0 0 4 0 0 1 6 0 10 7 0 0 0 0 0 2 0 1 0 0 2 0 36 0 0 3 0 0 0 5 0
准确率:    1.0000 (33/33)
----------------------------------------
💾 保存新的最佳模型！验证准确率: 0.9684 (F1: 0.9677) (Epoch 60)

======================================================================
🚀 Epoch 61/200
======================================================================
📚 开始训练阶段...
训练进度: 500/6065 损失=0.0331
训练进度: 1000/6065 损失=0.0102
训练进度: 1500/6065 损失=0.0214
训练进度: 2000/6065 损失=0.0237
训练进度: 2500/6065 损失=0.0147
训练进度: 3000/6065 损失=0.0259
训练进度: 3500/6065 损失=0.0124
训练进度: 4000/6065 损失=0.0335
训练进度: 4500/6065 损失=0.0353
训练进度: 5000/6065 损失=0.0163
训练进度: 5500/6065 损失=0.0304
训练进度: 6000/6065 损失=0.0177
训练进度: 6065/6065 损失=0.0142
✅ 训练完成，耗时: 107.8秒 (1.8分钟)

============================================================
📊 验证决策: Epoch 61/200
   验证间隔: 1
   是否验证: ✅ 是
   原因: 达到验证间隔 (0 == 0)
============================================================

🔍 开始验证...
验证进度: 500/686 损失=0.0418
验证进度: 686/686 损失=0.4815

📊 预测分布分析:
  - 预测的前5个类别: {np.int64(0): 282473, np.int64(1): 37095, np.int64(2): 14757, np.int64(3): 10907, np.int64(4): 8829}
  - 标签的前5个类别: {np.int64(0): 281232, np.int64(1): 36731, np.int64(2): 14789, np.int64(3): 10866, np.int64(4): 8585}
✅ 验证完成，耗时: 4.7秒 (0.1分钟)
训练损失: 0.0250
验证损失: 0.3476
验证准确率: 0.9684 (10617/10964) - 与Levenshtein高度相关
验证F1(加权): 0.9677 - 类别平衡更好
学习率: 0.000079
显存使用: 0.48GB (预留: 0.69GB)

生成的训练样本:
--------------------------------------------------------------------------------
输入:       WQDC> B>DNJH WQ<DT WSGDT LMRJ> WBRKT LMRJ>
目标:     0 1 0 0 30 0 0 1 0 0 2 1 12 0 1 0 0 3 0 0 1 0 0 3 0 0 1 0 0 0 2 0 1 0 0 3 19 0 1 0 0 0 2
预测:     0 1 0 0 30 0 0 1 0 0 2 1 12 0 1 0 0 3 0 0 1 0 0 3 0 0 1 0 0 0 2 0 1 0 0 3 19 0 1 0 0 0 2
准确率:    1.0000 (43/43)
----------------------------------------
输入:       DLMWT> BXJ> V<MWHJ BHLJN CT> CBW<JN NJX
目标:     0 1 1 0 0 15 0 0 1 0 11 0 0 0 0 33 1 0 0 0 1 0 0 0 0 0 0 4 0 0 0 0 0 2 0 0 0 20 0 7
预测:     0 1 1 0 0 15 0 0 1 0 11 0 0 0 0 33 1 0 0 0 1 0 0 0 0 0 0 4 0 0 0 0 0 2 0 0 0 20 0 7
准确率:    1.0000 (40/40)
----------------------------------------
输入:       CNJN WQMT >NTT> W<BDT >JK PTGMH DNBJH
目标:     0 0 13 0 0 0 1 31 3 26 0 0 0 13 9 0 0 1 0 0 3 26 0 0 0 0 0 0 0 0 5 0 0 1 0 0 5 0
预测:     0 0 13 0 0 0 1 31 3 26 0 0 0 13 9 0 0 1 0 0 3 26 0 0 0 0 0 0 0 0 5 0 0 1 0 0 5 0
准确率:    1.0000 (38/38)
----------------------------------------

生成的验证样本:
--------------------------------------------------------------------------------
输入:       YBJNH D>LH> LMSV> MN KL DBJC WKLJ
目标:     0 0 0 0 5 0 0 1 0 0 4 0 0 1 6 0 10 7 0 0 0 0 0 2 0 1 0 0 2 0 36 0 0 3
预测:     0 0 0 0 5 0 0 1 0 0 4 0 0 1 6 0 10 7 0 0 0 0 0 2 0 1 0 0 2 0 36 0 0 3
准确率:    1.0000 (34/34)
----------------------------------------
输入:       D>LH> LMSV> MN KL DBJC WKLJ XJLK
目标:     0 1 0 0 4 0 0 1 6 0 10 7 0 0 0 0 0 2 0 1 0 0 2 0 36 0 0 3 0 0 0 5 0
预测:     0 1 0 0 4 0 0 1 6 0 10 7 0 0 0 0 0 2 0 1 0 0 2 0 36 0 0 3 0 0 0 5 0
准确率:    1.0000 (33/33)
----------------------------------------
💾 保存新的最佳模型！验证准确率: 0.9684 (F1: 0.9677) (Epoch 61)

======================================================================
🚀 Epoch 62/200
======================================================================
📚 开始训练阶段...
训练进度: 500/6065 损失=0.0234
训练进度: 1000/6065 损失=0.0294
训练进度: 1500/6065 损失=0.0141
训练进度: 2000/6065 损失=0.0217
训练进度: 2500/6065 损失=0.0111
训练进度: 3000/6065 损失=0.0073
训练进度: 3500/6065 损失=0.0161
训练进度: 4000/6065 损失=0.0346
训练进度: 4500/6065 损失=0.0151
训练进度: 5000/6065 损失=0.0177
训练进度: 5500/6065 损失=0.0116
训练进度: 6000/6065 损失=0.0362
训练进度: 6065/6065 损失=0.0247
✅ 训练完成，耗时: 108.0秒 (1.8分钟)

============================================================
📊 验证决策: Epoch 62/200
   验证间隔: 1
   是否验证: ✅ 是
   原因: 达到验证间隔 (0 == 0)
============================================================

🔍 开始验证...
验证进度: 500/686 损失=0.0357
验证进度: 686/686 损失=0.4415

📊 预测分布分析:
  - 预测的前5个类别: {np.int64(0): 282560, np.int64(1): 37003, np.int64(2): 14669, np.int64(3): 10807, np.int64(4): 9017}
  - 标签的前5个类别: {np.int64(0): 281232, np.int64(1): 36731, np.int64(2): 14789, np.int64(3): 10866, np.int64(4): 8585}
✅ 验证完成，耗时: 4.7秒 (0.1分钟)
训练损失: 0.0243
验证损失: 0.3492
验证准确率: 0.9680 (10613/10964) - 与Levenshtein高度相关
验证F1(加权): 0.9673 - 类别平衡更好
学习率: 0.000078
显存使用: 0.48GB (预留: 0.69GB)

生成的训练样本:
--------------------------------------------------------------------------------
输入:       LXBRH >R< HW> BRQ> LBRQ> TKB HW>
目标:     0 1 0 0 5 0 8 0 0 207 0 0 10 3 0 0 0 15 0 0 1 0 0 15 0 0 0 0 7 0 0 10 3
预测:     0 1 0 0 5 0 8 0 0 207 0 0 10 3 0 0 0 15 0 0 1 0 0 15 0 0 0 0 7 0 0 10 3
准确率:    1.0000 (33/33)
----------------------------------------
输入:       WPQD MRJ> >LH> LCRWR> DQR>> WJ<> WSLQ
目标:     0 1 0 0 3 0 0 0 0 2 0 0 0 4 0 0 1 0 0 0 4 0 0 1 0 0 4 0 0 1 0 10 3 0 1 0 0 3
预测:     0 1 0 0 3 0 0 0 0 2 0 0 0 4 0 0 1 0 0 0 4 0 0 1 0 0 4 0 0 1 0 10 3 0 1 0 0 3
准确率:    1.0000 (38/38)
----------------------------------------
输入:       >NWN DHB> W><L QWP> BZQZQT> <L SVRJH
目标:     0 0 0 0 0 0 0 0 4 0 0 1 17 0 53 0 0 0 11 0 0 1 0 0 0 13 23 0 0 0 0 0 0 0 2 1 12
预测:     0 0 0 0 0 0 0 0 4 0 0 1 17 0 53 0 0 0 11 0 0 1 0 0 0 13 23 0 0 0 0 0 0 0 2 1 12
准确率:    1.0000 (37/37)
----------------------------------------

生成的验证样本:
--------------------------------------------------------------------------------
输入:       YBJNH D>LH> LMSV> MN KL DBJC WKLJ
目标:     0 0 0 0 5 0 0 1 0 0 4 0 0 1 6 0 10 7 0 0 0 0 0 2 0 1 0 0 2 0 36 0 0 3
预测:     0 0 0 0 5 0 0 1 0 0 4 0 0 1 6 0 10 7 0 0 0 0 0 2 0 1 0 0 2 0 36 0 0 3
准确率:    1.0000 (34/34)
----------------------------------------
输入:       D>LH> LMSV> MN KL DBJC WKLJ XJLK
目标:     0 1 0 0 4 0 0 1 6 0 10 7 0 0 0 0 0 2 0 1 0 0 2 0 36 0 0 3 0 0 0 5 0
预测:     0 1 0 0 4 0 0 1 6 0 10 7 0 0 0 0 0 2 0 1 0 0 2 0 36 0 0 3 0 0 0 5 0
准确率:    1.0000 (33/33)
----------------------------------------
⏳ 验证无提升 (验证准确率: 0.9680 ≤ 0.9684)，patience: 1/50

======================================================================
🚀 Epoch 63/200
======================================================================
📚 开始训练阶段...
训练进度: 500/6065 损失=0.0109
训练进度: 1000/6065 损失=0.0107
训练进度: 1500/6065 损失=0.0112
训练进度: 2000/6065 损失=0.0217
训练进度: 2500/6065 损失=0.0312
训练进度: 3000/6065 损失=0.0188
训练进度: 3500/6065 损失=0.0062
训练进度: 4000/6065 损失=0.0225
训练进度: 4500/6065 损失=0.0494
训练进度: 5000/6065 损失=0.0109
训练进度: 5500/6065 损失=0.0096
训练进度: 6000/6065 损失=0.0393
训练进度: 6065/6065 损失=0.0124
✅ 训练完成，耗时: 107.6秒 (1.8分钟)

============================================================
📊 验证决策: Epoch 63/200
   验证间隔: 1
   是否验证: ✅ 是
   原因: 达到验证间隔 (0 == 0)
============================================================

🔍 开始验证...
验证进度: 500/686 损失=0.0154
验证进度: 686/686 损失=0.4328

📊 预测分布分析:
  - 预测的前5个类别: {np.int64(0): 282482, np.int64(1): 37115, np.int64(2): 14722, np.int64(3): 10840, np.int64(4): 8848}
  - 标签的前5个类别: {np.int64(0): 281232, np.int64(1): 36731, np.int64(2): 14789, np.int64(3): 10866, np.int64(4): 8585}
✅ 验证完成，耗时: 4.7秒 (0.1分钟)
训练损失: 0.0241
验证损失: 0.3570
验证准确率: 0.9682 (10615/10964) - 与Levenshtein高度相关
验证F1(加权): 0.9675 - 类别平衡更好
学习率: 0.000078
显存使用: 0.48GB (预留: 0.69GB)

生成的训练样本:
--------------------------------------------------------------------------------
输入:       >P MQBLN >NJN MWZG> KLH GJR DTB<
目标:     0 0 0 0 6 0 0 7 19 0 0 0 0 0 0 0 0 0 4 0 0 0 5 0 0 0 0 0 0 1 0 0 7
预测:     0 0 0 0 6 0 0 7 19 0 0 0 0 0 0 0 0 0 4 0 0 0 5 0 0 0 0 0 0 1 0 0 7
准确率:    1.0000 (33/33)
----------------------------------------
输入:       L<BDK LB> CMW<> LMDN L<MK WLMSTKLW BJT
目标:     0 1 0 0 37 0 0 0 4 0 0 0 0 0 4 0 0 1 6 31 7 0 1 0 37 0 0 1 1 45 79 0 0 49 19 0 0 66 0
预测:     0 1 0 0 37 0 0 0 4 0 0 0 0 0 4 0 0 1 6 31 7 0 1 0 37 0 0 1 1 45 79 0 0 49 19 0 0 66 0
准确率:    1.0000 (39/39)
----------------------------------------
输入:       DNSQ NMV> LWT <QBWHJ WCPWLWHJ DNHJR> <LJ>
目标:     0 1 6 64 3 0 6 0 10 3 0 0 0 0 0 0 0 69 1 0 0 0 1 0 0 0 25 1 0 0 0 1 0 0 0 4 0 0 0 0 15 0
预测:     0 1 6 64 3 0 6 0 10 3 0 0 0 0 0 0 0 69 1 0 0 0 1 0 0 0 25 1 0 0 0 1 0 0 0 4 0 0 0 0 15 0
准确率:    1.0000 (42/42)
----------------------------------------

生成的验证样本:
--------------------------------------------------------------------------------
输入:       YBJNH D>LH> LMSV> MN KL DBJC WKLJ
目标:     0 0 0 0 5 0 0 1 0 0 4 0 0 1 6 0 10 7 0 0 0 0 0 2 0 1 0 0 2 0 36 0 0 3
预测:     0 0 0 0 5 0 0 1 0 0 4 0 0 1 6 0 10 7 0 0 0 0 0 2 0 1 0 0 2 0 36 0 0 3
准确率:    1.0000 (34/34)
----------------------------------------
输入:       D>LH> LMSV> MN KL DBJC WKLJ XJLK
目标:     0 1 0 0 4 0 0 1 6 0 10 7 0 0 0 0 0 2 0 1 0 0 2 0 36 0 0 3 0 0 0 5 0
预测:     0 1 0 0 4 0 0 1 6 0 10 7 0 0 0 0 0 2 0 1 0 0 2 0 36 0 0 3 0 0 0 5 0
准确率:    1.0000 (33/33)
----------------------------------------
⏳ 验证无提升 (验证准确率: 0.9682 ≤ 0.9684)，patience: 2/50

======================================================================
🚀 Epoch 64/200
======================================================================
📚 开始训练阶段...
训练进度: 500/6065 损失=0.0183
训练进度: 1000/6065 损失=0.0217
训练进度: 1500/6065 损失=0.0259
训练进度: 2000/6065 损失=0.0083
训练进度: 2500/6065 损失=0.0269
训练进度: 3000/6065 损失=0.0224
训练进度: 3500/6065 损失=0.0209
训练进度: 4000/6065 损失=0.0318
训练进度: 4500/6065 损失=0.0272
训练进度: 5000/6065 损失=0.0392
训练进度: 5500/6065 损失=0.0598
训练进度: 6000/6065 损失=0.0548
训练进度: 6065/6065 损失=0.0313
✅ 训练完成，耗时: 107.6秒 (1.8分钟)

============================================================
📊 验证决策: Epoch 64/200
   验证间隔: 1
   是否验证: ✅ 是
   原因: 达到验证间隔 (0 == 0)
============================================================

🔍 开始验证...
验证进度: 500/686 损失=0.0139
验证进度: 686/686 损失=0.4576

📊 预测分布分析:
  - 预测的前5个类别: {np.int64(0): 282864, np.int64(1): 37048, np.int64(2): 14822, np.int64(3): 10738, np.int64(4): 8963}
  - 标签的前5个类别: {np.int64(0): 281232, np.int64(1): 36731, np.int64(2): 14789, np.int64(3): 10866, np.int64(4): 8585}
✅ 验证完成，耗时: 4.7秒 (0.1分钟)
训练损失: 0.0236
验证损失: 0.3610
验证准确率: 0.9685 (10618/10964) - 与Levenshtein高度相关
验证F1(加权): 0.9677 - 类别平衡更好
学习率: 0.000077
显存使用: 0.48GB (预留: 0.69GB)

生成的训练样本:
--------------------------------------------------------------------------------
输入:       DMYRJ> L>R<> DKN<NJ> WDXTJ> WD>MWRJ> WDPRZJ> WDXWJ>
目标:     0 1 0 0 0 11 0 0 1 0 0 4 0 0 1 0 0 0 0 11 0 0 1 1 0 0 11 0 0 1 1 0 0 0 0 11 0 0 1 1 0 0 0 11 0 0 1 1 0 0 82 0
预测:     0 1 0 0 0 11 0 0 1 0 0 4 0 0 1 0 0 0 0 11 0 0 1 1 0 0 11 0 0 1 1 0 0 0 0 11 0 0 1 1 0 0 0 11 0 0 1 1 0 0 82 0
准确率:    1.0000 (52/52)
----------------------------------------
输入:       WLKHNWHJ JQR BKWLH LBK JQR BRJK WMCMCNWHJ
目标:     0 1 1 0 0 25 1 0 0 6 0 0 16 0 1 8 0 5 0 0 0 5 0 6 0 0 16 0 0 0 74 0 0 1 0 0 0 0 25 1 0 0
预测:     0 1 1 0 0 25 1 0 0 6 0 0 16 0 1 8 0 5 0 0 0 5 0 6 0 0 16 0 0 0 74 0 0 1 0 0 0 0 25 1 0 0
准确率:    1.0000 (42/42)
----------------------------------------
输入:       D>LH> WLMKJK> R>Z> MTGLJN DQCJN MNK L>
目标:     0 1 0 0 4 0 0 1 1 0 8 0 65 27 0 0 0 11 0 0 21 14 0 42 0 0 0 1 0 42 0 27 0 0 1 0 0 0 0
预测:     0 1 0 0 4 0 0 1 1 0 8 0 65 27 0 0 0 11 0 0 21 14 0 42 0 0 0 1 0 42 0 27 0 0 1 0 0 0 0
准确率:    1.0000 (39/39)
----------------------------------------

生成的验证样本:
--------------------------------------------------------------------------------
输入:       YBJNH D>LH> LMSV> MN KL DBJC WKLJ
目标:     0 0 0 0 5 0 0 1 0 0 4 0 0 1 6 0 10 7 0 0 0 0 0 2 0 1 0 0 2 0 36 0 0 3
预测:     0 0 0 0 5 0 0 1 0 0 4 0 0 1 6 0 10 7 0 0 0 0 0 2 0 1 0 0 2 0 36 0 0 3
准确率:    1.0000 (34/34)
----------------------------------------
输入:       D>LH> LMSV> MN KL DBJC WKLJ XJLK
目标:     0 1 0 0 4 0 0 1 6 0 10 7 0 0 0 0 0 2 0 1 0 0 2 0 36 0 0 3 0 0 0 5 0
预测:     0 1 0 0 4 0 0 1 6 0 10 7 0 0 0 0 0 2 0 1 0 0 2 0 36 0 0 3 0 0 0 5 0
准确率:    1.0000 (33/33)
----------------------------------------
💾 保存新的最佳模型！验证准确率: 0.9685 (F1: 0.9677) (Epoch 64)

======================================================================
🚀 Epoch 65/200
======================================================================
📚 开始训练阶段...
训练进度: 500/6065 损失=0.0499
训练进度: 1000/6065 损失=0.0106
训练进度: 1500/6065 损失=0.0627
训练进度: 2000/6065 损失=0.0256
训练进度: 2500/6065 损失=0.0188
训练进度: 3000/6065 损失=0.0065
训练进度: 3500/6065 损失=0.0240
训练进度: 4000/6065 损失=0.0151
训练进度: 4500/6065 损失=0.0153
训练进度: 5000/6065 损失=0.0099
训练进度: 5500/6065 损失=0.0179
训练进度: 6000/6065 损失=0.0106
训练进度: 6065/6065 损失=0.0194
✅ 训练完成，耗时: 107.6秒 (1.8分钟)

============================================================
📊 验证决策: Epoch 65/200
   验证间隔: 1
   是否验证: ✅ 是
   原因: 达到验证间隔 (0 == 0)
============================================================

🔍 开始验证...
验证进度: 500/686 损失=0.0572
验证进度: 686/686 损失=0.5540

📊 预测分布分析:
  - 预测的前5个类别: {np.int64(0): 282788, np.int64(1): 37107, np.int64(2): 14637, np.int64(3): 10710, np.int64(4): 8954}
  - 标签的前5个类别: {np.int64(0): 281232, np.int64(1): 36731, np.int64(2): 14789, np.int64(3): 10866, np.int64(4): 8585}
✅ 验证完成，耗时: 4.7秒 (0.1分钟)
训练损失: 0.0231
验证损失: 0.3653
验证准确率: 0.9682 (10614/10964) - 与Levenshtein高度相关
验证F1(加权): 0.9675 - 类别平衡更好
学习率: 0.000076
显存使用: 0.48GB (预留: 0.69GB)

生成的训练样本:
--------------------------------------------------------------------------------
输入:       <BD> HN> D<BDTWN L> JD<JN >NTWN DMNXCW
目标:     0 0 0 55 0 0 0 0 0 0 1 0 0 3 0 0 0 0 0 0 0 0 0 7 0 0 0 0 0 0 0 0 0 1 6 0 0 49 19
预测:     0 0 0 55 0 0 0 0 0 0 1 0 0 3 0 0 0 0 0 0 0 0 0 7 0 0 0 0 0 0 0 0 0 1 6 0 0 49 19
准确率:    1.0000 (39/39)
----------------------------------------
输入:       LH LVLJ> KD XJ WMQVL L> TQVLWNH
目标:     0 1 12 0 1 0 57 4 0 0 0 0 0 0 22 0 1 6 0 0 7 0 0 0 0 6 0 0 3 0 1 0
预测:     0 1 12 0 1 0 57 4 0 0 0 0 0 0 22 0 1 6 0 0 7 0 0 0 0 6 0 0 3 0 1 0
准确率:    1.0000 (32/32)
----------------------------------------
输入:       DBRJMJN DMLK> DJHWD> WCKB MNC> <M >BHWHJ
目标:     0 0 0 0 0 0 0 2 0 1 0 0 11 0 0 1 0 0 0 0 2 0 1 0 0 3 0 0 0 0 2 0 0 0 0 0 8 25 1 0 0
预测:     0 0 0 0 0 0 0 2 0 1 0 0 11 0 0 1 0 0 0 0 2 0 1 0 0 3 0 0 0 0 2 0 0 0 0 0 8 25 1 0 0
准确率:    1.0000 (41/41)
----------------------------------------

生成的验证样本:
--------------------------------------------------------------------------------
输入:       YBJNH D>LH> LMSV> MN KL DBJC WKLJ
目标:     0 0 0 0 5 0 0 1 0 0 4 0 0 1 6 0 10 7 0 0 0 0 0 2 0 1 0 0 2 0 36 0 0 3
预测:     0 0 0 0 5 0 0 1 0 0 4 0 0 1 6 0 10 7 0 0 0 0 0 2 0 1 0 0 2 0 36 0 0 3
准确率:    1.0000 (34/34)
----------------------------------------
输入:       D>LH> LMSV> MN KL DBJC WKLJ XJLK
目标:     0 1 0 0 4 0 0 1 6 0 10 7 0 0 0 0 0 2 0 1 0 0 2 0 36 0 0 3 0 0 0 5 0
预测:     0 1 0 0 4 0 0 1 6 0 10 7 0 0 0 0 0 2 0 1 0 0 2 0 36 0 0 3 0 0 0 5 0
准确率:    1.0000 (33/33)
----------------------------------------
⏳ 验证无提升 (验证准确率: 0.9682 ≤ 0.9685)，patience: 1/50

======================================================================
🚀 Epoch 66/200
======================================================================
📚 开始训练阶段...
训练进度: 500/6065 损失=0.0246
训练进度: 1000/6065 损失=0.0147
训练进度: 1500/6065 损失=0.0179
训练进度: 2000/6065 损失=0.0111
训练进度: 2500/6065 损失=0.0201
训练进度: 3000/6065 损失=0.0144
训练进度: 3500/6065 损失=0.0160
训练进度: 4000/6065 损失=0.0097
训练进度: 4500/6065 损失=0.0159
训练进度: 5000/6065 损失=0.0040
训练进度: 5500/6065 损失=0.0319
训练进度: 6000/6065 损失=0.0174
训练进度: 6065/6065 损失=0.0246
✅ 训练完成，耗时: 107.6秒 (1.8分钟)

============================================================
📊 验证决策: Epoch 66/200
   验证间隔: 1
   是否验证: ✅ 是
   原因: 达到验证间隔 (0 == 0)
============================================================

🔍 开始验证...
验证进度: 500/686 损失=0.0730
验证进度: 686/686 损失=0.4095

📊 预测分布分析:
  - 预测的前5个类别: {np.int64(0): 282610, np.int64(1): 37061, np.int64(2): 14891, np.int64(3): 10833, np.int64(4): 8878}
  - 标签的前5个类别: {np.int64(0): 281232, np.int64(1): 36731, np.int64(2): 14789, np.int64(3): 10866, np.int64(4): 8585}
✅ 验证完成，耗时: 4.7秒 (0.1分钟)
训练损失: 0.0226
验证损失: 0.3635
验证准确率: 0.9686 (10619/10964) - 与Levenshtein高度相关
验证F1(加权): 0.9678 - 类别平衡更好
学习率: 0.000076
显存使用: 0.48GB (预留: 0.69GB)

生成的训练样本:
--------------------------------------------------------------------------------
输入:       W>QJM >NWN QDM PR<WN W>MR PR<WN L>XWHJ
目标:     0 1 17 20 0 3 0 0 0 0 0 0 0 0 2 0 0 0 0 0 2 0 1 0 0 3 0 0 0 0 0 2 0 1 0 25 1 0 0
预测:     0 1 17 20 0 3 0 0 0 0 0 0 0 0 2 0 0 0 0 0 2 0 1 0 0 3 0 0 0 0 0 2 0 1 0 25 1 0 0
准确率:    1.0000 (39/39)
----------------------------------------
输入:       BKNJCWT MWTB> DSRJQWT> W<M <BRJ <L NMWS>
目标:     0 1 0 0 0 0 2 0 0 0 0 0 4 0 0 1 0 0 0 0 2 9 0 0 1 0 0 0 0 0 7 0 0 0 0 0 0 0 0 4 0
预测:     0 1 0 0 0 0 2 0 0 0 0 0 4 0 0 1 0 0 0 0 2 9 0 0 1 0 0 0 0 0 7 0 0 0 0 0 0 0 0 4 0
准确率:    1.0000 (41/41)
----------------------------------------
输入:       >LHN W>P B<JRN T>ZL <MN WL> TCTXR
目标:     0 0 0 5 0 0 1 0 0 0 0 0 0 5 0 0 44 0 0 3 0 0 1 0 0 1 0 0 0 45 39 101 0 3
预测:     0 0 0 5 0 0 1 0 0 0 0 0 0 5 0 0 44 0 0 3 0 0 1 0 0 1 0 0 0 45 39 101 0 3
准确率:    1.0000 (34/34)
----------------------------------------

生成的验证样本:
--------------------------------------------------------------------------------
输入:       YBJNH D>LH> LMSV> MN KL DBJC WKLJ
目标:     0 0 0 0 5 0 0 1 0 0 4 0 0 1 6 0 10 7 0 0 0 0 0 2 0 1 0 0 2 0 36 0 0 3
预测:     0 0 0 0 5 0 0 1 0 0 4 0 0 1 6 0 10 7 0 0 0 0 0 2 0 1 0 0 2 0 36 0 0 3
准确率:    1.0000 (34/34)
----------------------------------------
输入:       D>LH> LMSV> MN KL DBJC WKLJ XJLK
目标:     0 1 0 0 4 0 0 1 6 0 10 7 0 0 0 0 0 2 0 1 0 0 2 0 36 0 0 3 0 0 0 5 0
预测:     0 1 0 0 4 0 0 1 6 0 10 7 0 0 0 0 0 2 0 1 0 0 2 0 36 0 0 3 0 0 0 5 0
准确率:    1.0000 (33/33)
----------------------------------------
💾 保存新的最佳模型！验证准确率: 0.9686 (F1: 0.9678) (Epoch 66)

======================================================================
🚀 Epoch 67/200
======================================================================
📚 开始训练阶段...
训练进度: 500/6065 损失=0.0159
训练进度: 1000/6065 损失=0.0278
训练进度: 1500/6065 损失=0.0328
训练进度: 2000/6065 损失=0.0337
训练进度: 2500/6065 损失=0.0266
训练进度: 3000/6065 损失=0.0432
训练进度: 3500/6065 损失=0.0294
训练进度: 4000/6065 损失=0.0130
训练进度: 4500/6065 损失=0.0109
训练进度: 5000/6065 损失=0.0506
训练进度: 5500/6065 损失=0.0109
训练进度: 6000/6065 损失=0.0332
训练进度: 6065/6065 损失=0.0050
✅ 训练完成，耗时: 108.0秒 (1.8分钟)

============================================================
📊 验证决策: Epoch 67/200
   验证间隔: 1
   是否验证: ✅ 是
   原因: 达到验证间隔 (0 == 0)
============================================================

🔍 开始验证...
验证进度: 500/686 损失=0.0522
验证进度: 686/686 损失=0.5346

📊 预测分布分析:
  - 预测的前5个类别: {np.int64(0): 282604, np.int64(1): 37119, np.int64(2): 14711, np.int64(3): 10769, np.int64(4): 9017}
  - 标签的前5个类别: {np.int64(0): 281232, np.int64(1): 36731, np.int64(2): 14789, np.int64(3): 10866, np.int64(4): 8585}
✅ 验证完成，耗时: 4.7秒 (0.1分钟)
训练损失: 0.0224
验证损失: 0.3635
验证准确率: 0.9685 (10618/10964) - 与Levenshtein高度相关
验证F1(加权): 0.9677 - 类别平衡更好
学习率: 0.000075
显存使用: 0.48GB (预留: 0.69GB)

生成的训练样本:
--------------------------------------------------------------------------------
输入:       D<BD <MKWN BMYRJN L<NJKWN WBMDBR> DXZJTWN DTRSJKWN
目标:     0 1 0 0 3 0 0 1 0 0 0 0 1 0 0 0 0 2 0 1 38 2 1 0 0 0 0 1 1 0 0 0 4 0 0 1 0 0 3 0 0 0 0 1 0 0 0 29 0 0 0
预测:     0 1 0 0 3 0 0 1 0 0 0 0 1 0 0 0 0 2 0 1 38 2 1 0 0 0 0 1 1 0 0 0 4 0 0 1 0 0 3 0 0 0 0 1 0 0 0 29 0 0 0
准确率:    1.0000 (51/51)
----------------------------------------
输入:       MDBX> DDHB> L<VR> QDM QBWT> DSHDWT> W>RM>
目标:     0 0 0 0 4 0 0 1 0 0 4 0 0 1 0 0 15 0 0 0 0 2 0 60 0 2 9 0 0 1 0 0 0 2 9 0 0 1 17 0 10 3
预测:     0 0 0 0 4 0 0 1 0 0 4 0 0 1 0 0 15 0 0 0 0 2 0 60 0 2 9 0 0 1 0 0 0 2 9 0 0 1 17 0 10 3
准确率:    1.0000 (42/42)
----------------------------------------
输入:       DBDM> WPRT> >TPLPLW SWT> RXM >JK DRNW
目标:     0 1 1 0 4 0 0 1 0 2 9 0 0 0 14 0 0 0 3 19 0 0 0 4 0 0 0 0 7 0 0 0 0 0 1 0 18 0
预测:     0 1 1 0 4 0 0 1 0 2 9 0 0 0 14 0 0 0 3 19 0 0 0 4 0 0 0 0 7 0 0 0 0 0 1 0 18 0
准确率:    1.0000 (38/38)
----------------------------------------

生成的验证样本:
--------------------------------------------------------------------------------
输入:       YBJNH D>LH> LMSV> MN KL DBJC WKLJ
目标:     0 0 0 0 5 0 0 1 0 0 4 0 0 1 6 0 10 7 0 0 0 0 0 2 0 1 0 0 2 0 36 0 0 3
预测:     0 0 0 0 5 0 0 1 0 0 4 0 0 1 6 0 10 7 0 0 0 0 0 2 0 1 0 0 2 0 36 0 0 3
准确率:    1.0000 (34/34)
----------------------------------------
输入:       D>LH> LMSV> MN KL DBJC WKLJ XJLK
目标:     0 1 0 0 4 0 0 1 6 0 10 7 0 0 0 0 0 2 0 1 0 0 2 0 36 0 0 3 0 0 0 5 0
预测:     0 1 0 0 4 0 0 1 6 0 10 7 0 0 0 0 0 2 0 1 0 0 2 0 36 0 0 3 0 0 0 5 0
准确率:    1.0000 (33/33)
----------------------------------------
⏳ 验证无提升 (验证准确率: 0.9685 ≤ 0.9686)，patience: 1/50

======================================================================
🚀 Epoch 68/200
======================================================================
📚 开始训练阶段...
训练进度: 500/6065 损失=0.0029
训练进度: 1000/6065 损失=0.0034
训练进度: 1500/6065 损失=0.0062
训练进度: 2000/6065 损失=0.0332
训练进度: 2500/6065 损失=0.0103
训练进度: 3000/6065 损失=0.0104
训练进度: 3500/6065 损失=0.0316
训练进度: 4000/6065 损失=0.0195
训练进度: 4500/6065 损失=0.0062
训练进度: 5000/6065 损失=0.0233
训练进度: 5500/6065 损失=0.0046
训练进度: 6000/6065 损失=0.0347
训练进度: 6065/6065 损失=0.0141
✅ 训练完成，耗时: 107.8秒 (1.8分钟)

============================================================
📊 验证决策: Epoch 68/200
   验证间隔: 1
   是否验证: ✅ 是
   原因: 达到验证间隔 (0 == 0)
============================================================

🔍 开始验证...
验证进度: 500/686 损失=0.0314
验证进度: 686/686 损失=0.4399

📊 预测分布分析:
  - 预测的前5个类别: {np.int64(0): 282570, np.int64(1): 37039, np.int64(2): 14766, np.int64(3): 10922, np.int64(4): 8809}
  - 标签的前5个类别: {np.int64(0): 281232, np.int64(1): 36731, np.int64(2): 14789, np.int64(3): 10866, np.int64(4): 8585}
✅ 验证完成，耗时: 4.7秒 (0.1分钟)
训练损失: 0.0219
验证损失: 0.3669
验证准确率: 0.9681 (10614/10964) - 与Levenshtein高度相关
验证F1(加权): 0.9675 - 类别平衡更好
学习率: 0.000074
显存使用: 0.48GB (预留: 0.69GB)

生成的训练样本:
--------------------------------------------------------------------------------
输入:       MN QRJT> WRGMWHJ BK>P> WMJT WCLXW L>JZBL
目标:     0 0 0 0 0 0 22 9 0 0 1 0 0 3 1 0 0 0 1 0 0 11 0 0 1 20 0 3 0 1 0 0 3 0 0 1 0 0 0 0 2
预测:     0 0 0 0 0 0 22 9 0 0 1 0 0 3 1 0 0 0 1 0 0 11 0 0 1 20 0 3 0 1 0 0 3 0 0 1 0 0 0 0 2
准确率:    1.0000 (41/41)
----------------------------------------
输入:       CDRT LMC>L MN B<LZBWB >LH> D<QRWN MVL
目标:     0 0 0 3 89 0 1 6 0 0 7 0 0 0 0 0 0 0 0 0 0 2 0 0 0 4 0 0 1 0 0 0 0 2 0 0 0 0
预测:     0 0 0 3 89 0 1 6 0 0 7 0 0 0 0 0 0 0 0 0 0 2 0 0 0 4 0 0 1 0 0 0 0 2 0 0 0 0
准确率:    1.0000 (38/38)
----------------------------------------
输入:       TQJPT> WPRQKWN MN BJT <BDWT> MN >JDH
目标:     0 0 8 0 7 9 27 0 1 0 0 29 0 0 0 0 0 0 0 0 0 2 0 0 0 0 2 9 0 0 0 0 8 0 0 5 0
预测:     0 0 8 0 7 9 27 0 1 0 0 29 0 0 0 0 0 0 0 0 0 2 0 0 0 0 2 9 0 0 0 0 8 0 0 5 0
准确率:    1.0000 (37/37)
----------------------------------------

生成的验证样本:
--------------------------------------------------------------------------------
输入:       YBJNH D>LH> LMSV> MN KL DBJC WKLJ
目标:     0 0 0 0 5 0 0 1 0 0 4 0 0 1 6 0 10 7 0 0 0 0 0 2 0 1 0 0 2 0 36 0 0 3
预测:     0 0 0 0 5 0 0 1 0 0 4 0 0 1 6 0 10 7 0 0 0 0 0 2 0 1 0 0 2 0 36 0 0 3
准确率:    1.0000 (34/34)
----------------------------------------
输入:       D>LH> LMSV> MN KL DBJC WKLJ XJLK
目标:     0 1 0 0 4 0 0 1 6 0 10 7 0 0 0 0 0 2 0 1 0 0 2 0 36 0 0 3 0 0 0 5 0
预测:     0 1 0 0 4 0 0 1 6 0 10 7 0 0 0 0 0 2 0 1 0 0 2 0 36 0 0 3 0 0 0 5 0
准确率:    1.0000 (33/33)
----------------------------------------
⏳ 验证无提升 (验证准确率: 0.9681 ≤ 0.9686)，patience: 2/50

======================================================================
🚀 Epoch 69/200
======================================================================
📚 开始训练阶段...
训练进度: 500/6065 损失=0.0077
训练进度: 1000/6065 损失=0.0110
训练进度: 1500/6065 损失=0.0294
训练进度: 2000/6065 损失=0.0319
训练进度: 2500/6065 损失=0.0329
训练进度: 3000/6065 损失=0.0380
训练进度: 3500/6065 损失=0.0288
训练进度: 4000/6065 损失=0.0104
训练进度: 4500/6065 损失=0.0409
训练进度: 5000/6065 损失=0.0147
训练进度: 5500/6065 损失=0.0183
训练进度: 6000/6065 损失=0.0295
训练进度: 6065/6065 损失=0.0138
✅ 训练完成，耗时: 108.2秒 (1.8分钟)

============================================================
📊 验证决策: Epoch 69/200
   验证间隔: 1
   是否验证: ✅ 是
   原因: 达到验证间隔 (0 == 0)
============================================================

🔍 开始验证...
验证进度: 500/686 损失=0.0150
验证进度: 686/686 损失=0.4822

📊 预测分布分析:
  - 预测的前5个类别: {np.int64(0): 282927, np.int64(1): 37113, np.int64(2): 14771, np.int64(3): 10826, np.int64(4): 8922}
  - 标签的前5个类别: {np.int64(0): 281232, np.int64(1): 36731, np.int64(2): 14789, np.int64(3): 10866, np.int64(4): 8585}
✅ 验证完成，耗时: 4.7秒 (0.1分钟)
训练损失: 0.0213
验证损失: 0.3753
验证准确率: 0.9687 (10620/10964) - 与Levenshtein高度相关
验证F1(加权): 0.9678 - 类别平衡更好
学习率: 0.000074
显存使用: 0.48GB (预留: 0.69GB)

生成的训练样本:
--------------------------------------------------------------------------------
输入:       WLJPT WHW> DKD CRJW BNJ >NC> LMSG>
目标:     0 1 1 0 0 2 0 1 0 10 3 0 1 0 0 0 0 0 3 19 0 0 2 0 0 0 0 4 0 0 1 6 0 10 7
预测:     0 1 1 0 0 2 0 1 0 10 3 0 1 0 0 0 0 0 3 19 0 0 2 0 0 0 0 4 0 0 1 6 0 10 7
准确率:    1.0000 (35/35)
----------------------------------------
输入:       Y>DJN BYWM> HW RB> WBXC> MN >LYH
目标:     0 10 0 2 1 0 0 1 0 0 4 0 0 0 0 0 0 4 0 0 1 1 0 4 0 0 0 0 0 0 0 74 0
预测:     0 10 0 2 1 0 0 1 0 0 4 0 0 0 0 0 0 4 0 0 1 1 0 4 0 0 0 0 0 0 0 74 0
准确率:    1.0000 (33/33)
----------------------------------------
输入:       >JK> DL> WL> LH LMMLLW WGBR> XKJM>
目标:     0 0 0 0 0 0 1 0 0 0 0 10 7 0 1 0 0 1 6 0 0 7 19 0 1 0 0 4 0 0 0 0 0 4 0
预测:     0 0 0 0 0 0 1 0 0 0 0 10 7 0 1 0 0 1 6 0 0 7 19 0 1 0 0 4 0 0 0 0 0 4 0
准确率:    1.0000 (35/35)
----------------------------------------

生成的验证样本:
--------------------------------------------------------------------------------
输入:       YBJNH D>LH> LMSV> MN KL DBJC WKLJ
目标:     0 0 0 0 5 0 0 1 0 0 4 0 0 1 6 0 10 7 0 0 0 0 0 2 0 1 0 0 2 0 36 0 0 3
预测:     0 0 0 0 5 0 0 1 0 0 4 0 0 1 6 0 10 7 0 0 0 0 0 2 0 1 0 0 2 0 36 0 0 3
准确率:    1.0000 (34/34)
----------------------------------------
输入:       D>LH> LMSV> MN KL DBJC WKLJ XJLK
目标:     0 1 0 0 4 0 0 1 6 0 10 7 0 0 0 0 0 2 0 1 0 0 2 0 36 0 0 3 0 0 0 5 0
预测:     0 1 0 0 4 0 0 1 6 0 10 7 0 0 0 0 0 2 0 1 0 0 2 0 36 0 0 3 0 0 0 5 0
准确率:    1.0000 (33/33)
----------------------------------------
💾 保存新的最佳模型！验证准确率: 0.9687 (F1: 0.9678) (Epoch 69)

======================================================================
🚀 Epoch 70/200
======================================================================
📚 开始训练阶段...
训练进度: 500/6065 损失=0.0065
训练进度: 1000/6065 损失=0.0280
训练进度: 1500/6065 损失=0.0269
训练进度: 2000/6065 损失=0.0151
训练进度: 2500/6065 损失=0.0270
训练进度: 3000/6065 损失=0.0364
训练进度: 3500/6065 损失=0.0173
训练进度: 4000/6065 损失=0.0198
训练进度: 4500/6065 损失=0.0228
训练进度: 5000/6065 损失=0.0207
训练进度: 5500/6065 损失=0.0235
训练进度: 6000/6065 损失=0.0169
训练进度: 6065/6065 损失=0.0025
✅ 训练完成，耗时: 108.2秒 (1.8分钟)

============================================================
📊 验证决策: Epoch 70/200
   验证间隔: 1
   是否验证: ✅ 是
   原因: 达到验证间隔 (0 == 0)
============================================================

🔍 开始验证...
验证进度: 500/686 损失=0.0078
验证进度: 686/686 损失=0.7269

📊 预测分布分析:
  - 预测的前5个类别: {np.int64(0): 282694, np.int64(1): 37118, np.int64(2): 14802, np.int64(3): 10738, np.int64(4): 9024}
  - 标签的前5个类别: {np.int64(0): 281232, np.int64(1): 36731, np.int64(2): 14789, np.int64(3): 10866, np.int64(4): 8585}
✅ 验证完成，耗时: 4.7秒 (0.1分钟)
训练损失: 0.0209
验证损失: 0.3768
验证准确率: 0.9686 (10620/10964) - 与Levenshtein高度相关
验证F1(加权): 0.9679 - 类别平衡更好
学习率: 0.000073
显存使用: 0.48GB (预留: 0.69GB)

生成的训练样本:
--------------------------------------------------------------------------------
输入:       BJWM> HW WMLK> Q>M HW> BMRKBT> LWQBL
目标:     0 1 0 0 4 0 0 0 12 0 1 0 0 4 0 0 20 0 7 0 0 10 3 0 1 0 0 0 13 9 0 0 0 0 0 0 0
预测:     0 1 0 0 4 0 0 0 12 0 1 0 0 4 0 0 20 0 7 0 0 10 3 0 1 0 0 0 13 9 0 0 0 0 0 0 0
准确率:    1.0000 (37/37)
----------------------------------------
输入:       WQDM KL G>R> PTJX QVRQH HKN> HJ
目标:     0 1 0 0 2 0 0 2 0 0 0 0 2 0 0 8 0 40 0 0 0 0 5 0 0 0 0 0 0 0 0 12
预测:     0 1 0 0 2 0 0 2 0 0 0 0 2 0 0 8 0 40 0 0 0 0 5 0 0 0 0 0 0 0 0 12
准确率:    1.0000 (32/32)
----------------------------------------
输入:       B>R<> HJ >ZL RWBJL WCKB <M BLH>
目标:     0 1 0 0 4 0 0 0 26 0 0 0 3 0 0 0 0 0 2 0 1 0 0 3 0 0 0 0 0 0 0 2
预测:     0 1 0 0 4 0 0 0 26 0 0 0 3 0 0 0 0 0 2 0 1 0 0 3 0 0 0 0 0 0 0 2
准确率:    1.0000 (32/32)
----------------------------------------

生成的验证样本:
--------------------------------------------------------------------------------
输入:       YBJNH D>LH> LMSV> MN KL DBJC WKLJ
目标:     0 0 0 0 5 0 0 1 0 0 4 0 0 1 6 0 10 7 0 0 0 0 0 2 0 1 0 0 2 0 36 0 0 3
预测:     0 0 0 0 5 0 0 1 0 0 4 0 0 1 6 0 10 7 0 0 0 0 0 2 0 1 0 0 2 0 36 0 0 3
准确率:    1.0000 (34/34)
----------------------------------------
输入:       D>LH> LMSV> MN KL DBJC WKLJ XJLK
目标:     0 1 0 0 4 0 0 1 6 0 10 7 0 0 0 0 0 2 0 1 0 0 2 0 36 0 0 3 0 0 0 5 0
预测:     0 1 0 0 4 0 0 1 6 0 10 7 0 0 0 0 0 2 0 1 0 0 2 0 36 0 0 3 0 0 0 5 0
准确率:    1.0000 (33/33)
----------------------------------------
⏳ 验证无提升 (验证准确率: 0.9686 ≤ 0.9687)，patience: 1/50

======================================================================
🚀 Epoch 71/200
======================================================================
📚 开始训练阶段...
训练进度: 500/6065 损失=0.0128
训练进度: 1000/6065 损失=0.0287
训练进度: 1500/6065 损失=0.0048
训练进度: 2000/6065 损失=0.0317
训练进度: 2500/6065 损失=0.0179
训练进度: 3000/6065 损失=0.0128
训练进度: 3500/6065 损失=0.0233
训练进度: 4000/6065 损失=0.0078
训练进度: 4500/6065 损失=0.0069
训练进度: 5000/6065 损失=0.0344
训练进度: 5500/6065 损失=0.0451
训练进度: 6000/6065 损失=0.0331
训练进度: 6065/6065 损失=0.0144
✅ 训练完成，耗时: 108.3秒 (1.8分钟)

============================================================
📊 验证决策: Epoch 71/200
   验证间隔: 1
   是否验证: ✅ 是
   原因: 达到验证间隔 (0 == 0)
============================================================

🔍 开始验证...
验证进度: 500/686 损失=0.0176
验证进度: 686/686 损失=0.6203

📊 预测分布分析:
  - 预测的前5个类别: {np.int64(0): 282666, np.int64(1): 37068, np.int64(2): 14746, np.int64(3): 10790, np.int64(4): 8929}
  - 标签的前5个类别: {np.int64(0): 281232, np.int64(1): 36731, np.int64(2): 14789, np.int64(3): 10866, np.int64(4): 8585}
✅ 验证完成，耗时: 4.7秒 (0.1分钟)
训练损失: 0.0204
验证损失: 0.3786
验证准确率: 0.9685 (10618/10964) - 与Levenshtein高度相关
验证F1(加权): 0.9678 - 类别平衡更好
学习率: 0.000072
显存使用: 0.48GB (预留: 0.69GB)

生成的训练样本:
--------------------------------------------------------------------------------
输入:       D>ZDHJ MCK> D>PWHJ DMWC> WDXLW LMQRB LWTH
目标:     0 1 47 85 0 0 16 0 0 0 4 0 0 1 54 25 1 0 0 0 1 0 0 0 2 0 1 0 0 3 0 0 1 6 0 0 7 0 0 0 1 0
预测:     0 1 47 85 0 0 16 0 0 0 4 0 0 1 54 25 1 0 0 0 1 0 0 0 2 0 1 0 0 3 0 0 1 6 0 0 7 0 0 0 1 0
准确率:    1.0000 (42/42)
----------------------------------------
输入:       >NWN <MN NTBWN B>R<> WNTTGRWN BH W>R<>
目标:     0 0 0 0 0 0 0 1 0 0 52 0 3 0 0 0 1 0 0 4 0 0 1 21 14 0 0 33 0 19 0 1 12 0 1 0 0 4 0
预测:     0 0 0 0 0 0 0 1 0 0 52 0 3 0 0 0 1 0 0 4 0 0 1 21 14 0 0 33 0 19 0 1 12 0 1 0 0 4 0
准确率:    1.0000 (39/39)
----------------------------------------
输入:       WT<BD MN PWM PTGM> DNXWWNK MN >TR>
目标:     0 1 6 0 0 3 0 0 0 0 0 0 2 0 0 0 0 4 0 0 1 6 0 18 0 67 0 0 0 0 0 0 0 4 0
预测:     0 1 6 0 0 3 0 0 0 0 0 0 2 0 0 0 0 4 0 0 1 6 0 18 0 67 0 0 0 0 0 0 0 4 0
准确率:    1.0000 (35/35)
----------------------------------------

生成的验证样本:
--------------------------------------------------------------------------------
输入:       YBJNH D>LH> LMSV> MN KL DBJC WKLJ
目标:     0 0 0 0 5 0 0 1 0 0 4 0 0 1 6 0 10 7 0 0 0 0 0 2 0 1 0 0 2 0 36 0 0 3
预测:     0 0 0 0 5 0 0 1 0 0 4 0 0 1 6 0 10 7 0 0 0 0 0 2 0 1 0 0 2 0 36 0 0 3
准确率:    1.0000 (34/34)
----------------------------------------
输入:       D>LH> LMSV> MN KL DBJC WKLJ XJLK
目标:     0 1 0 0 4 0 0 1 6 0 10 7 0 0 0 0 0 2 0 1 0 0 2 0 36 0 0 3 0 0 0 5 0
预测:     0 1 0 0 4 0 0 1 6 0 10 7 0 0 0 0 0 2 0 1 0 0 2 0 36 0 0 3 0 0 0 5 0
准确率:    1.0000 (33/33)
----------------------------------------
⏳ 验证无提升 (验证准确率: 0.9685 ≤ 0.9687)，patience: 2/50

======================================================================
🚀 Epoch 72/200
======================================================================
📚 开始训练阶段...
训练进度: 500/6065 损失=0.0105
训练进度: 1000/6065 损失=0.0183
训练进度: 1500/6065 损失=0.0173
训练进度: 2000/6065 损失=0.0296
训练进度: 2500/6065 损失=0.0439
训练进度: 3000/6065 损失=0.0384
训练进度: 3500/6065 损失=0.0275
训练进度: 4000/6065 损失=0.0239
训练进度: 4500/6065 损失=0.0214
训练进度: 5000/6065 损失=0.0285
训练进度: 5500/6065 损失=0.0121
训练进度: 6000/6065 损失=0.0113
训练进度: 6065/6065 损失=0.0193
✅ 训练完成，耗时: 108.1秒 (1.8分钟)

============================================================
📊 验证决策: Epoch 72/200
   验证间隔: 1
   是否验证: ✅ 是
   原因: 达到验证间隔 (0 == 0)
============================================================

🔍 开始验证...
验证进度: 500/686 损失=0.0224
验证进度: 686/686 损失=0.5563

📊 预测分布分析:
  - 预测的前5个类别: {np.int64(0): 282999, np.int64(1): 37124, np.int64(2): 14759, np.int64(3): 10762, np.int64(4): 8745}
  - 标签的前5个类别: {np.int64(0): 281232, np.int64(1): 36731, np.int64(2): 14789, np.int64(3): 10866, np.int64(4): 8585}
✅ 验证完成，耗时: 4.7秒 (0.1分钟)
训练损失: 0.0201
验证损失: 0.3831
验证准确率: 0.9683 (10616/10964) - 与Levenshtein高度相关
验证F1(加权): 0.9676 - 类别平衡更好
学习率: 0.000072
显存使用: 0.48GB (预留: 0.69GB)

生成的训练样本:
--------------------------------------------------------------------------------
输入:       BPWMHWN V<M> DMXCBTHWN WBKL ZBN QNJVJN >NWN
目标:     0 1 0 0 5 0 0 0 0 0 0 4 0 0 1 0 0 0 13 32 0 0 0 0 1 1 0 2 0 0 0 2 0 0 8 0 7 0 27 0 0 0 0 0
预测:     0 1 0 0 5 0 0 0 0 0 0 4 0 0 1 0 0 0 13 32 0 0 0 0 1 1 0 2 0 0 0 2 0 0 8 0 7 0 27 0 0 0 0 0
准确率:    1.0000 (44/44)
----------------------------------------
输入:       LRJCH WQR> MSRHB>JT LVLJ> CQL M>NWHJ W>MR
目标:     0 1 0 0 5 0 0 1 0 10 3 0 0 0 0 0 0 0 0 0 0 1 0 0 4 0 0 0 0 7 0 0 0 25 1 0 0 0 1 0 0 3
预测:     0 1 0 0 5 0 0 1 0 10 3 0 0 0 0 0 0 0 0 0 0 1 0 0 4 0 0 0 0 7 0 0 0 25 1 0 0 0 1 0 0 3
准确率:    1.0000 (42/42)
----------------------------------------
输入:       W<BRT XJWT> DBLBNN WDCTH LXWX> MXRB XRBT
目标:     0 1 0 0 3 26 0 0 0 13 9 0 0 1 1 0 0 0 2 0 1 31 3 90 0 0 1 0 0 4 0 0 6 0 0 7 0 0 0 3 12
预测:     0 1 0 0 3 26 0 0 0 13 9 0 0 1 1 0 0 0 2 0 1 31 3 90 0 0 1 0 0 4 0 0 6 0 0 7 0 0 0 3 12
准确率:    1.0000 (41/41)
----------------------------------------

生成的验证样本:
--------------------------------------------------------------------------------
输入:       YBJNH D>LH> LMSV> MN KL DBJC WKLJ
目标:     0 0 0 0 5 0 0 1 0 0 4 0 0 1 6 0 10 7 0 0 0 0 0 2 0 1 0 0 2 0 36 0 0 3
预测:     0 0 0 0 5 0 0 1 0 0 4 0 0 1 6 0 10 7 0 0 0 0 0 2 0 1 0 0 2 0 36 0 0 3
准确率:    1.0000 (34/34)
----------------------------------------
输入:       D>LH> LMSV> MN KL DBJC WKLJ XJLK
目标:     0 1 0 0 4 0 0 1 6 0 10 7 0 0 0 0 0 2 0 1 0 0 2 0 36 0 0 3 0 0 0 5 0
预测:     0 1 0 0 4 0 0 1 6 0 10 7 0 0 0 0 0 2 0 1 0 0 2 0 36 0 0 3 0 0 0 5 0
准确率:    1.0000 (33/33)
----------------------------------------
⏳ 验证无提升 (验证准确率: 0.9683 ≤ 0.9687)，patience: 3/50

======================================================================
🚀 Epoch 73/200
======================================================================
📚 开始训练阶段...
训练进度: 500/6065 损失=0.0068
训练进度: 1000/6065 损失=0.0275
训练进度: 1500/6065 损失=0.0223
训练进度: 2000/6065 损失=0.0244
训练进度: 2500/6065 损失=0.0131
训练进度: 3000/6065 损失=0.0238
训练进度: 3500/6065 损失=0.0129
训练进度: 4000/6065 损失=0.0249
训练进度: 4500/6065 损失=0.0100
训练进度: 5000/6065 损失=0.0172
训练进度: 5500/6065 损失=0.0197
训练进度: 6000/6065 损失=0.0076
训练进度: 6065/6065 损失=0.0145
✅ 训练完成，耗时: 108.1秒 (1.8分钟)

============================================================
📊 验证决策: Epoch 73/200
   验证间隔: 1
   是否验证: ✅ 是
   原因: 达到验证间隔 (0 == 0)
============================================================

🔍 开始验证...
验证进度: 500/686 损失=0.0651
验证进度: 686/686 损失=0.5288

📊 预测分布分析:
  - 预测的前5个类别: {np.int64(0): 282942, np.int64(1): 37138, np.int64(2): 14804, np.int64(3): 10859, np.int64(4): 8939}
  - 标签的前5个类别: {np.int64(0): 281232, np.int64(1): 36731, np.int64(2): 14789, np.int64(3): 10866, np.int64(4): 8585}
✅ 验证完成，耗时: 4.7秒 (0.1分钟)
训练损失: 0.0200
验证损失: 0.3911
验证准确率: 0.9682 (10615/10964) - 与Levenshtein高度相关
验证F1(加权): 0.9674 - 类别平衡更好
学习率: 0.000071
显存使用: 0.48GB (预留: 0.69GB)

生成的训练样本:
--------------------------------------------------------------------------------
输入:       GMLJN W>T> WQM QDMWHJ W>MR LH BRK
目标:     0 0 0 2 0 0 0 1 0 10 3 0 1 31 3 0 0 0 25 1 0 0 0 1 0 0 3 0 1 0 0 0 5 0
预测:     0 0 0 2 0 0 0 1 0 10 3 0 1 31 3 0 0 0 25 1 0 0 0 1 0 0 3 0 1 0 0 0 5 0
准确率:    1.0000 (34/34)
----------------------------------------
输入:       WBWKR> DTWRJKWN WD<NKWN WKWL NDRJKWN DTDRWN WQWRBNJKWN
目标:     0 1 0 0 0 11 0 0 1 0 0 2 1 0 0 0 0 1 1 0 5 0 0 0 0 1 8 0 2 0 0 0 2 1 0 0 0 0 1 34 0 33 0 0 0 1 0 0 0 0 2 1 0 0 0
预测:     0 1 0 0 0 11 0 0 1 0 0 2 1 0 0 0 0 1 1 0 5 0 0 0 0 1 8 0 2 0 0 0 2 1 0 0 0 0 1 34 0 33 0 0 0 1 0 0 0 0 2 1 0 0 0
准确率:    1.0000 (55/55)
----------------------------------------
输入:       HW D>BWHJ WXWB> RWRB> MN DMY<R L>MH
目标:     0 0 0 0 1 0 8 5 0 0 0 1 0 0 30 0 0 0 0 0 11 0 0 0 12 0 1 6 0 0 41 0 1 0 5 0
预测:     0 0 0 0 1 0 8 5 0 0 0 1 0 0 30 0 0 0 0 0 11 0 0 0 12 0 1 6 0 0 41 0 1 0 5 0
准确率:    1.0000 (36/36)
----------------------------------------

生成的验证样本:
--------------------------------------------------------------------------------
输入:       YBJNH D>LH> LMSV> MN KL DBJC WKLJ
目标:     0 0 0 0 5 0 0 1 0 0 4 0 0 1 6 0 10 7 0 0 0 0 0 2 0 1 0 0 2 0 36 0 0 3
预测:     0 0 0 0 5 0 0 1 0 0 4 0 0 1 6 0 10 7 0 0 0 0 0 2 0 1 0 0 2 0 36 0 0 3
准确率:    1.0000 (34/34)
----------------------------------------
输入:       D>LH> LMSV> MN KL DBJC WKLJ XJLK
目标:     0 1 0 0 4 0 0 1 6 0 10 7 0 0 0 0 0 2 0 1 0 0 2 0 36 0 0 3 0 0 0 5 0
预测:     0 1 0 0 4 0 0 1 6 0 10 7 0 0 0 0 0 2 0 1 0 0 2 0 36 0 0 3 0 0 0 5 0
准确率:    1.0000 (33/33)
----------------------------------------
⏳ 验证无提升 (验证准确率: 0.9682 ≤ 0.9687)，patience: 4/50

======================================================================
🚀 Epoch 74/200
======================================================================
📚 开始训练阶段...
训练进度: 500/6065 损失=0.0071
训练进度: 1000/6065 损失=0.0178
训练进度: 1500/6065 损失=0.0234
训练进度: 2000/6065 损失=0.0248
训练进度: 2500/6065 损失=0.0257
训练进度: 3000/6065 损失=0.0163
训练进度: 3500/6065 损失=0.0089
训练进度: 4000/6065 损失=0.0210
训练进度: 4500/6065 损失=0.0137
训练进度: 5000/6065 损失=0.0282
训练进度: 5500/6065 损失=0.0499
训练进度: 6000/6065 损失=0.0272
训练进度: 6065/6065 损失=0.0174
✅ 训练完成，耗时: 108.0秒 (1.8分钟)

============================================================
📊 验证决策: Epoch 74/200
   验证间隔: 1
   是否验证: ✅ 是
   原因: 达到验证间隔 (0 == 0)
============================================================

🔍 开始验证...
验证进度: 500/686 损失=0.0168
验证进度: 686/686 损失=0.5478

📊 预测分布分析:
  - 预测的前5个类别: {np.int64(0): 282948, np.int64(1): 37033, np.int64(2): 14735, np.int64(3): 10922, np.int64(4): 8948}
  - 标签的前5个类别: {np.int64(0): 281232, np.int64(1): 36731, np.int64(2): 14789, np.int64(3): 10866, np.int64(4): 8585}
✅ 验证完成，耗时: 4.7秒 (0.1分钟)
训练损失: 0.0191
验证损失: 0.3910
验证准确率: 0.9683 (10616/10964) - 与Levenshtein高度相关
验证F1(加权): 0.9675 - 类别平衡更好
学习率: 0.000070
显存使用: 0.48GB (预留: 0.69GB)

生成的训练样本:
--------------------------------------------------------------------------------
输入:       >TW MN >R<> DKN<N WH> CRJN B>R<>
目标:     0 0 18 0 0 0 0 0 0 0 4 0 0 1 0 0 0 2 0 1 0 0 0 0 42 0 0 0 1 0 0 4 0
预测:     0 0 18 0 0 0 0 0 0 0 4 0 0 1 0 0 0 2 0 1 0 0 0 0 42 0 0 0 1 0 0 4 0
准确率:    1.0000 (33/33)
----------------------------------------
输入:       XD BJD XD NMWS> XD <LM> WL>JLJN
目标:     0 0 2 0 1 0 2 0 0 2 0 0 0 0 4 0 0 0 2 0 0 0 4 0 0 1 1 0 0 0 0 0
预测:     0 0 2 0 1 0 2 0 0 2 0 0 0 0 4 0 0 0 2 0 0 0 4 0 0 1 1 0 0 0 0 0
准确率:    1.0000 (32/32)
----------------------------------------
输入:       >SQ LWT MRJ> VK NCBWQ LXWBJKWN WHPK
目标:     0 6 64 3 0 0 0 0 0 0 0 0 2 0 0 0 0 6 0 8 0 3 0 1 0 0 22 1 0 0 0 0 1 0 0 3
预测:     0 6 64 3 0 0 0 0 0 0 0 0 2 0 0 0 0 6 0 8 0 3 0 1 0 0 22 1 0 0 0 0 1 0 0 3
准确率:    1.0000 (36/36)
----------------------------------------

生成的验证样本:
--------------------------------------------------------------------------------
输入:       YBJNH D>LH> LMSV> MN KL DBJC WKLJ
目标:     0 0 0 0 5 0 0 1 0 0 4 0 0 1 6 0 10 7 0 0 0 0 0 2 0 1 0 0 2 0 36 0 0 3
预测:     0 0 0 0 5 0 0 1 0 0 4 0 0 1 6 0 10 7 0 0 0 0 0 2 0 1 0 0 2 0 36 0 0 3
准确率:    1.0000 (34/34)
----------------------------------------
输入:       D>LH> LMSV> MN KL DBJC WKLJ XJLK
目标:     0 1 0 0 4 0 0 1 6 0 10 7 0 0 0 0 0 2 0 1 0 0 2 0 36 0 0 3 0 0 0 5 0
预测:     0 1 0 0 4 0 0 1 6 0 10 7 0 0 0 0 0 2 0 1 0 0 2 0 36 0 0 3 0 0 0 5 0
准确率:    1.0000 (33/33)
----------------------------------------
⏳ 验证无提升 (验证准确率: 0.9683 ≤ 0.9687)，patience: 5/50

======================================================================
🚀 Epoch 75/200
======================================================================
📚 开始训练阶段...
训练进度: 500/6065 损失=0.0232
训练进度: 1000/6065 损失=0.0214
训练进度: 1500/6065 损失=0.0139
训练进度: 2000/6065 损失=0.0118
训练进度: 2500/6065 损失=0.0109
训练进度: 3000/6065 损失=0.0301
训练进度: 3500/6065 损失=0.0072
训练进度: 4000/6065 损失=0.0313
训练进度: 4500/6065 损失=0.0116
训练进度: 5000/6065 损失=0.0180
训练进度: 5500/6065 损失=0.0152
训练进度: 6000/6065 损失=0.0032
训练进度: 6065/6065 损失=0.0302
✅ 训练完成，耗时: 107.6秒 (1.8分钟)

============================================================
📊 验证决策: Epoch 75/200
   验证间隔: 1
   是否验证: ✅ 是
   原因: 达到验证间隔 (0 == 0)
============================================================

🔍 开始验证...
验证进度: 500/686 损失=0.0355
验证进度: 686/686 损失=0.5893

📊 预测分布分析:
  - 预测的前5个类别: {np.int64(0): 282605, np.int64(1): 37102, np.int64(2): 14747, np.int64(3): 10991, np.int64(4): 8850}
  - 标签的前5个类别: {np.int64(0): 281232, np.int64(1): 36731, np.int64(2): 14789, np.int64(3): 10866, np.int64(4): 8585}
✅ 验证完成，耗时: 4.7秒 (0.1分钟)
训练损失: 0.0189
验证损失: 0.3808
验证准确率: 0.9686 (10619/10964) - 与Levenshtein高度相关
验证F1(加权): 0.9679 - 类别平衡更好
学习率: 0.000070
显存使用: 0.48GB (预留: 0.69GB)

生成的训练样本:
--------------------------------------------------------------------------------
输入:       XNN MN> NPLWX QDM MRJ> M> DMVJN
目标:     0 0 0 0 0 0 0 0 0 44 0 8 0 3 0 0 0 2 0 0 0 0 2 0 0 0 0 1 0 0 3 19
预测:     0 0 0 0 0 0 0 0 0 44 0 8 0 3 0 0 0 2 0 0 0 0 2 0 0 0 0 1 0 0 3 19
准确率:    1.0000 (32/32)
----------------------------------------
输入:       CRJR>JT SR> >NTTK JLD> LK BR> WQR>
目标:     0 0 0 0 0 0 0 0 0 0 0 2 0 0 0 13 1 0 0 0 0 7 0 0 1 0 0 0 4 0 0 1 0 10 7
预测:     0 0 0 0 0 0 0 0 0 0 0 2 0 0 0 13 1 0 0 0 0 7 0 0 1 0 0 0 4 0 0 1 0 10 3
准确率:    0.9714 (34/35)
----------------------------------------
输入:       >NT MN QDMJHJN WNDBQN BK WKWL KWRHN
目标:     0 0 0 0 0 0 0 0 0 0 2 1 0 0 0 0 1 6 0 0 3 12 0 1 0 0 1 8 0 2 0 0 0 0 0 2
预测:     0 0 0 0 0 0 0 0 0 0 2 1 0 0 0 0 1 6 0 0 3 12 0 1 0 0 1 8 0 2 0 0 0 0 0 2
准确率:    1.0000 (36/36)
----------------------------------------

生成的验证样本:
--------------------------------------------------------------------------------
输入:       YBJNH D>LH> LMSV> MN KL DBJC WKLJ
目标:     0 0 0 0 5 0 0 1 0 0 4 0 0 1 6 0 10 7 0 0 0 0 0 2 0 1 0 0 2 0 36 0 0 3
预测:     0 0 0 0 5 0 0 1 0 0 4 0 0 1 6 0 10 7 0 0 0 0 0 2 0 1 0 0 2 0 36 0 0 3
准确率:    1.0000 (34/34)
----------------------------------------
输入:       D>LH> LMSV> MN KL DBJC WKLJ XJLK
目标:     0 1 0 0 4 0 0 1 6 0 10 7 0 0 0 0 0 2 0 1 0 0 2 0 36 0 0 3 0 0 0 5 0
预测:     0 1 0 0 4 0 0 1 6 0 10 7 0 0 0 0 0 2 0 1 0 0 2 0 36 0 0 3 0 0 0 5 0
准确率:    1.0000 (33/33)
----------------------------------------
⏳ 验证无提升 (验证准确率: 0.9686 ≤ 0.9687)，patience: 6/50

======================================================================
🚀 Epoch 76/200
======================================================================
📚 开始训练阶段...
训练进度: 500/6065 损失=0.0245
训练进度: 1000/6065 损失=0.0218
训练进度: 1500/6065 损失=0.0131
训练进度: 2000/6065 损失=0.0281
训练进度: 2500/6065 损失=0.0084
训练进度: 3000/6065 损失=0.0058
训练进度: 3500/6065 损失=0.0146
训练进度: 4000/6065 损失=0.0300
训练进度: 4500/6065 损失=0.0179
训练进度: 5000/6065 损失=0.0115
训练进度: 5500/6065 损失=0.0040
训练进度: 6000/6065 损失=0.0072
训练进度: 6065/6065 损失=0.0196
✅ 训练完成，耗时: 108.0秒 (1.8分钟)

============================================================
📊 验证决策: Epoch 76/200
   验证间隔: 1
   是否验证: ✅ 是
   原因: 达到验证间隔 (0 == 0)
============================================================

🔍 开始验证...
验证进度: 500/686 损失=0.1057
验证进度: 686/686 损失=0.6067

📊 预测分布分析:
  - 预测的前5个类别: {np.int64(0): 282836, np.int64(1): 37072, np.int64(2): 14704, np.int64(3): 11016, np.int64(4): 8891}
  - 标签的前5个类别: {np.int64(0): 281232, np.int64(1): 36731, np.int64(2): 14789, np.int64(3): 10866, np.int64(4): 8585}
✅ 验证完成，耗时: 4.7秒 (0.1分钟)
训练损失: 0.0189
验证损失: 0.3885
验证准确率: 0.9681 (10614/10964) - 与Levenshtein高度相关
验证F1(加权): 0.9673 - 类别平衡更好
学习率: 0.000069
显存使用: 0.48GB (预留: 0.69GB)

生成的训练样本:
--------------------------------------------------------------------------------
输入:       W<L TRJHWN PRWSTD> MN DM> D>JT BM>N>
目标:     0 1 0 0 0 0 2 32 0 0 0 0 0 0 0 0 0 11 0 0 0 0 0 0 4 0 0 1 0 0 24 0 1 0 0 4 0
预测:     0 1 0 0 0 0 2 32 0 0 0 0 0 0 0 0 0 11 0 0 0 0 0 0 4 0 0 1 0 0 24 0 1 0 0 4 0
准确率:    1.0000 (37/37)
----------------------------------------
输入:       TDXLJN ZLJ W<BDJ >JK D>MRTJ BLXWD <BD
目标:     0 6 0 0 3 0 0 21 0 3 0 0 36 0 0 3 0 0 0 0 0 0 1 0 0 3 0 0 0 1 0 0 0 2 6 0 0 139
预测:     0 6 0 0 3 0 0 21 0 3 0 0 36 0 0 3 0 0 0 0 0 0 1 0 0 3 0 0 0 1 0 0 0 2 6 0 0 139
准确率:    1.0000 (38/38)
----------------------------------------
输入:       HN> WHW NWRT >NWN >R<> DTXZ> WJTBN
目标:     0 0 0 0 0 1 0 0 0 63 0 0 3 0 0 0 0 0 0 0 0 4 0 0 1 6 0 10 3 0 1 0 0 3 0
预测:     0 0 0 0 0 1 0 0 0 63 0 0 3 0 0 0 0 0 0 0 0 4 0 0 1 6 0 10 3 0 1 0 0 3 0
准确率:    1.0000 (35/35)
----------------------------------------

生成的验证样本:
--------------------------------------------------------------------------------
输入:       YBJNH D>LH> LMSV> MN KL DBJC WKLJ
目标:     0 0 0 0 5 0 0 1 0 0 4 0 0 1 6 0 10 7 0 0 0 0 0 2 0 1 0 0 2 0 36 0 0 3
预测:     0 0 0 0 5 0 0 1 0 0 4 0 0 1 6 0 10 7 0 0 0 0 0 2 0 1 0 0 2 0 36 0 0 3
准确率:    1.0000 (34/34)
----------------------------------------
输入:       D>LH> LMSV> MN KL DBJC WKLJ XJLK
目标:     0 1 0 0 4 0 0 1 6 0 10 7 0 0 0 0 0 2 0 1 0 0 2 0 36 0 0 3 0 0 0 5 0
预测:     0 1 0 0 4 0 0 1 6 0 10 7 0 0 0 0 0 2 0 1 0 0 2 0 36 0 0 3 0 0 0 5 0
准确率:    1.0000 (33/33)
----------------------------------------
⏳ 验证无提升 (验证准确率: 0.9681 ≤ 0.9687)，patience: 7/50

======================================================================
🚀 Epoch 77/200
======================================================================
📚 开始训练阶段...
训练进度: 500/6065 损失=0.0142
训练进度: 1000/6065 损失=0.0048
训练进度: 1500/6065 损失=0.0027
训练进度: 2000/6065 损失=0.0110
训练进度: 2500/6065 损失=0.0168
训练进度: 3000/6065 损失=0.0176
训练进度: 3500/6065 损失=0.0265
训练进度: 4000/6065 损失=0.0166
训练进度: 4500/6065 损失=0.0246
训练进度: 5000/6065 损失=0.0121
训练进度: 5500/6065 损失=0.0128
训练进度: 6000/6065 损失=0.0157
训练进度: 6065/6065 损失=0.0157
✅ 训练完成，耗时: 107.7秒 (1.8分钟)

============================================================
📊 验证决策: Epoch 77/200
   验证间隔: 1
   是否验证: ✅ 是
   原因: 达到验证间隔 (0 == 0)
============================================================

🔍 开始验证...
验证进度: 500/686 损失=0.0021
验证进度: 686/686 损失=0.4495

📊 预测分布分析:
  - 预测的前5个类别: {np.int64(0): 282598, np.int64(1): 37013, np.int64(2): 14732, np.int64(3): 10873, np.int64(4): 8909}
  - 标签的前5个类别: {np.int64(0): 281232, np.int64(1): 36731, np.int64(2): 14789, np.int64(3): 10866, np.int64(4): 8585}
✅ 验证完成，耗时: 4.7秒 (0.1分钟)
训练损失: 0.0183
验证损失: 0.3860
验证准确率: 0.9686 (10619/10964) - 与Levenshtein高度相关
验证F1(加权): 0.9680 - 类别平衡更好
学习率: 0.000068
显存使用: 0.48GB (预留: 0.69GB)

生成的训练样本:
--------------------------------------------------------------------------------
输入:       WCQL MN TMN >BRHM L>R<> DTJMN> WJTB
目标:     0 1 0 0 3 0 0 0 0 0 0 0 0 0 0 0 0 2 0 1 0 0 4 0 0 1 0 0 0 4 0 0 1 0 0 3
预测:     0 1 0 0 3 0 0 0 0 0 0 0 0 0 0 0 0 2 0 1 0 0 4 0 0 1 0 0 0 4 0 0 1 0 0 3
准确率:    1.0000 (36/36)
----------------------------------------
输入:       >P MN >JLN> DXJ> WN>KWL WNX> L<LM
目标:     0 0 0 0 0 0 0 0 0 0 4 0 0 1 0 11 0 0 1 6 0 8 0 3 0 1 6 95 3 0 1 0 0 2
预测:     0 0 0 0 0 0 0 0 0 0 4 0 0 1 0 11 0 0 1 6 0 8 0 3 0 1 6 95 3 0 1 0 0 2
准确率:    1.0000 (34/34)
----------------------------------------
输入:       D<L SMLH DGBR> BRM L> SLQJN HWW
目标:     0 1 0 0 0 0 0 5 0 0 1 0 0 4 0 0 0 0 0 0 0 0 0 0 0 7 0 0 0 0 18 0
预测:     0 1 0 0 0 0 0 5 0 0 1 0 0 4 0 0 0 0 0 0 0 0 0 0 0 7 0 0 0 0 18 0
准确率:    1.0000 (32/32)
----------------------------------------

生成的验证样本:
--------------------------------------------------------------------------------
输入:       YBJNH D>LH> LMSV> MN KL DBJC WKLJ
目标:     0 0 0 0 5 0 0 1 0 0 4 0 0 1 6 0 10 7 0 0 0 0 0 2 0 1 0 0 2 0 36 0 0 3
预测:     0 0 0 0 5 0 0 1 0 0 4 0 0 1 6 0 10 7 0 0 0 0 0 2 0 1 0 0 2 0 36 0 0 3
准确率:    1.0000 (34/34)
----------------------------------------
输入:       D>LH> LMSV> MN KL DBJC WKLJ XJLK
目标:     0 1 0 0 4 0 0 1 6 0 10 7 0 0 0 0 0 2 0 1 0 0 2 0 36 0 0 3 0 0 0 5 0
预测:     0 1 0 0 4 0 0 1 6 0 10 7 0 0 0 0 0 2 0 1 0 0 2 0 36 0 0 3 0 0 0 5 0
准确率:    1.0000 (33/33)
----------------------------------------
⏳ 验证无提升 (验证准确率: 0.9686 ≤ 0.9687)，patience: 8/50

======================================================================
🚀 Epoch 78/200
======================================================================
📚 开始训练阶段...
训练进度: 500/6065 损失=0.0136
训练进度: 1000/6065 损失=0.0141
训练进度: 1500/6065 损失=0.0090
训练进度: 2000/6065 损失=0.0186
训练进度: 2500/6065 损失=0.0077
训练进度: 3000/6065 损失=0.0176
训练进度: 3500/6065 损失=0.0204
训练进度: 4000/6065 损失=0.0242
训练进度: 4500/6065 损失=0.0133
训练进度: 5000/6065 损失=0.0288
训练进度: 5500/6065 损失=0.0103
训练进度: 6000/6065 损失=0.0352
训练进度: 6065/6065 损失=0.0109
✅ 训练完成，耗时: 108.0秒 (1.8分钟)

============================================================
📊 验证决策: Epoch 78/200
   验证间隔: 1
   是否验证: ✅ 是
   原因: 达到验证间隔 (0 == 0)
============================================================

🔍 开始验证...
验证进度: 500/686 损失=0.0074
验证进度: 686/686 损失=0.3662

📊 预测分布分析:
  - 预测的前5个类别: {np.int64(0): 282901, np.int64(1): 37017, np.int64(2): 14665, np.int64(3): 10714, np.int64(4): 8944}
  - 标签的前5个类别: {np.int64(0): 281232, np.int64(1): 36731, np.int64(2): 14789, np.int64(3): 10866, np.int64(4): 8585}
✅ 验证完成，耗时: 4.7秒 (0.1分钟)
训练损失: 0.0179
验证损失: 0.3957
验证准确率: 0.9681 (10613/10964) - 与Levenshtein高度相关
验证F1(加权): 0.9674 - 类别平衡更好
学习率: 0.000067
显存使用: 0.48GB (预留: 0.69GB)

生成的训练样本:
--------------------------------------------------------------------------------
输入:       LM>XJW ZR<> <L >PJ KLH >R<> MVL
目标:     0 1 6 17 0 42 0 0 0 0 4 0 0 0 0 0 54 2 0 0 0 5 12 0 0 0 4 0 0 0 0 0
预测:     0 1 6 17 0 42 0 0 0 0 4 0 0 0 0 0 54 2 0 0 0 5 12 0 0 0 4 0 0 0 0 0
准确率:    1.0000 (32/32)
----------------------------------------
输入:       DBNJ MDNX> WXZ> WH> BR> BXQL> WTMN
目标:     0 1 0 2 0 0 0 0 0 4 0 0 1 0 10 3 0 1 0 0 0 60 4 0 0 1 0 0 4 0 0 1 0 0 0
预测:     0 1 0 2 0 0 0 0 0 4 0 0 1 0 10 3 0 1 0 0 0 60 4 0 0 1 0 0 4 0 0 1 0 0 0
准确率:    1.0000 (35/35)
----------------------------------------
输入:       L>XWTHWN WLBNTHWN WLBNT BNTHWN W>JT DMWSPJN WNSBJN
目标:     0 1 0 8 2 32 0 0 0 0 1 1 0 2 32 0 0 0 0 1 1 0 2 12 0 0 2 32 0 0 0 0 1 0 0 24 0 1 63 0 0 7 0 0 0 1 0 0 7 0 0
预测:     0 1 0 8 2 32 0 0 0 0 1 1 0 2 32 0 0 0 0 1 1 0 2 12 0 0 2 32 0 0 0 0 1 0 0 24 0 1 63 0 0 7 0 0 0 1 0 0 7 0 0
准确率:    1.0000 (51/51)
----------------------------------------

生成的验证样本:
--------------------------------------------------------------------------------
输入:       YBJNH D>LH> LMSV> MN KL DBJC WKLJ
目标:     0 0 0 0 5 0 0 1 0 0 4 0 0 1 6 0 10 7 0 0 0 0 0 2 0 1 0 0 2 0 36 0 0 3
预测:     0 0 0 0 5 0 0 1 0 0 4 0 0 1 6 0 10 7 0 0 0 0 0 2 0 1 0 0 2 0 36 0 0 3
准确率:    1.0000 (34/34)
----------------------------------------
输入:       D>LH> LMSV> MN KL DBJC WKLJ XJLK
目标:     0 1 0 0 4 0 0 1 6 0 10 7 0 0 0 0 0 2 0 1 0 0 2 0 36 0 0 3 0 0 0 5 0
预测:     0 1 0 0 4 0 0 1 6 0 10 7 0 0 0 0 0 2 0 1 0 0 2 0 36 0 0 3 0 0 0 5 0
准确率:    1.0000 (33/33)
----------------------------------------
⏳ 验证无提升 (验证准确率: 0.9681 ≤ 0.9687)，patience: 9/50

======================================================================
🚀 Epoch 79/200
======================================================================
📚 开始训练阶段...
训练进度: 500/6065 损失=0.0109
训练进度: 1000/6065 损失=0.0224
训练进度: 1500/6065 损失=0.0130
训练进度: 2000/6065 损失=0.0148
训练进度: 2500/6065 损失=0.0289
训练进度: 3000/6065 损失=0.0355
训练进度: 3500/6065 损失=0.0154
训练进度: 4000/6065 损失=0.0303
训练进度: 4500/6065 损失=0.0158
训练进度: 5000/6065 损失=0.0150
训练进度: 5500/6065 损失=0.0106
训练进度: 6000/6065 损失=0.0295
训练进度: 6065/6065 损失=0.0073
✅ 训练完成，耗时: 108.0秒 (1.8分钟)

============================================================
📊 验证决策: Epoch 79/200
   验证间隔: 1
   是否验证: ✅ 是
   原因: 达到验证间隔 (0 == 0)
============================================================

🔍 开始验证...
验证进度: 500/686 损失=0.0328
验证进度: 686/686 损失=0.6860

📊 预测分布分析:
  - 预测的前5个类别: {np.int64(0): 282702, np.int64(1): 37046, np.int64(2): 14745, np.int64(3): 10898, np.int64(4): 8824}
  - 标签的前5个类别: {np.int64(0): 281232, np.int64(1): 36731, np.int64(2): 14789, np.int64(3): 10866, np.int64(4): 8585}
✅ 验证完成，耗时: 4.7秒 (0.1分钟)
训练损失: 0.0177
验证损失: 0.3946
验证准确率: 0.9681 (10613/10964) - 与Levenshtein高度相关
验证F1(加权): 0.9674 - 类别平衡更好
学习率: 0.000067
显存使用: 0.48GB (预留: 0.69GB)

生成的训练样本:
--------------------------------------------------------------------------------
输入:       W>MR LH <BD> W>N L> TYB> >NTT>
目标:     0 1 0 0 3 0 1 0 0 0 0 15 0 0 1 0 0 0 0 0 0 44 0 10 3 0 0 0 13 9 0
预测:     0 1 0 0 3 0 1 0 0 0 0 15 0 0 1 0 0 0 0 0 0 44 0 10 3 0 0 0 13 9 0
准确率:    1.0000 (31/31)
----------------------------------------
输入:       WSGJ LJ >XJ QD> DJLK >MR LH
目标:     0 1 0 0 13 0 1 0 0 0 5 0 6 0 10 16 0 0 0 1 0 0 0 0 7 0 1 0
预测:     0 1 0 0 13 0 1 0 0 0 5 0 6 0 10 16 0 0 0 1 0 0 0 0 7 0 1 0
准确率:    1.0000 (28/28)
----------------------------------------
输入:       <M> L<L MN MWC> MN YPR> W<DM>
目标:     0 0 15 0 0 1 0 0 0 0 0 0 0 0 0 2 0 0 0 0 0 0 4 0 0 1 0 0 0 0
预测:     0 0 15 0 0 1 0 0 0 0 0 0 0 0 0 2 0 0 0 0 0 0 4 0 0 1 0 0 0 0
准确率:    1.0000 (30/30)
----------------------------------------

生成的验证样本:
--------------------------------------------------------------------------------
输入:       YBJNH D>LH> LMSV> MN KL DBJC WKLJ
目标:     0 0 0 0 5 0 0 1 0 0 4 0 0 1 6 0 10 7 0 0 0 0 0 2 0 1 0 0 2 0 36 0 0 3
预测:     0 0 0 0 5 0 0 1 0 0 4 0 0 1 6 0 10 7 0 0 0 0 0 2 0 1 0 0 2 0 36 0 0 3
准确率:    1.0000 (34/34)
----------------------------------------
输入:       D>LH> LMSV> MN KL DBJC WKLJ XJLK
目标:     0 1 0 0 4 0 0 1 6 0 10 7 0 0 0 0 0 2 0 1 0 0 2 0 36 0 0 3 0 0 0 5 0
预测:     0 1 0 0 4 0 0 1 6 0 10 7 0 0 0 0 0 2 0 1 0 0 2 0 36 0 0 3 0 0 0 5 0
准确率:    1.0000 (33/33)
----------------------------------------
⏳ 验证无提升 (验证准确率: 0.9681 ≤ 0.9687)，patience: 10/50

======================================================================
🚀 Epoch 80/200
======================================================================
📚 开始训练阶段...
训练进度: 500/6065 损失=0.0421
训练进度: 1000/6065 损失=0.0166
训练进度: 1500/6065 损失=0.0224
训练进度: 2000/6065 损失=0.0201
训练进度: 2500/6065 损失=0.0182
训练进度: 3000/6065 损失=0.0116
训练进度: 3500/6065 损失=0.0116
训练进度: 4000/6065 损失=0.0028
训练进度: 4500/6065 损失=0.0203
训练进度: 5000/6065 损失=0.0063
训练进度: 5500/6065 损失=0.0192
训练进度: 6000/6065 损失=0.0164
训练进度: 6065/6065 损失=0.0207
✅ 训练完成，耗时: 107.8秒 (1.8分钟)

============================================================
📊 验证决策: Epoch 80/200
   验证间隔: 1
   是否验证: ✅ 是
   原因: 达到验证间隔 (0 == 0)
============================================================

🔍 开始验证...
验证进度: 500/686 损失=0.1086
验证进度: 686/686 损失=0.4620

📊 预测分布分析:
  - 预测的前5个类别: {np.int64(0): 282479, np.int64(1): 37101, np.int64(2): 14781, np.int64(3): 10773, np.int64(4): 8879}
  - 标签的前5个类别: {np.int64(0): 281232, np.int64(1): 36731, np.int64(2): 14789, np.int64(3): 10866, np.int64(4): 8585}
✅ 验证完成，耗时: 4.7秒 (0.1分钟)
训练损失: 0.0170
验证损失: 0.3974
验证准确率: 0.9681 (10614/10964) - 与Levenshtein高度相关
验证F1(加权): 0.9675 - 类别平衡更好
学习率: 0.000066
显存使用: 0.47GB (预留: 0.69GB)

生成的训练样本:
--------------------------------------------------------------------------------
输入:       XWSJ> <L QBWT> MN L<L W><L QBWT>
目标:     0 0 0 0 4 0 0 0 0 0 60 0 2 9 0 0 0 0 0 1 0 0 0 1 17 0 53 0 60 0 2 9 0
预测:     0 0 0 0 4 0 0 0 0 0 60 0 2 9 0 0 0 0 0 1 0 0 0 1 17 0 53 0 60 0 2 9 0
准确率:    1.0000 (33/33)
----------------------------------------
输入:       WJQRT> WL> CBQN MNHWN SRJD> BLXWD B<JR>
目标:     0 75 0 0 2 9 0 0 1 0 0 0 0 0 3 0 0 0 1 0 0 0 0 0 0 0 4 0 0 1 0 0 0 2 0 0 0 0 4 0
预测:     0 75 0 0 2 9 0 0 1 0 0 0 0 0 3 0 0 0 1 0 0 0 0 0 0 0 4 0 0 1 0 0 0 2 0 0 0 0 4 0
准确率:    1.0000 (40/40)
----------------------------------------
输入:       >R<> DJHB LN MRJ> >LHN WL> YBJTWN
目标:     0 0 0 4 0 0 1 0 0 7 0 1 0 0 0 0 0 2 0 0 0 5 0 0 1 0 0 0 0 0 3 0 0 0
预测:     0 0 0 4 0 0 1 0 0 7 0 1 0 0 0 0 0 2 0 0 0 5 0 0 1 0 0 0 0 0 3 0 0 0
准确率:    1.0000 (34/34)
----------------------------------------

生成的验证样本:
--------------------------------------------------------------------------------
输入:       YBJNH D>LH> LMSV> MN KL DBJC WKLJ
目标:     0 0 0 0 5 0 0 1 0 0 4 0 0 1 6 0 10 7 0 0 0 0 0 2 0 1 0 0 2 0 36 0 0 3
预测:     0 0 0 0 5 0 0 1 0 0 4 0 0 1 6 0 10 7 0 0 0 0 0 2 0 1 0 0 2 0 36 0 0 3
准确率:    1.0000 (34/34)
----------------------------------------
输入:       D>LH> LMSV> MN KL DBJC WKLJ XJLK
目标:     0 1 0 0 4 0 0 1 6 0 10 7 0 0 0 0 0 2 0 1 0 0 2 0 36 0 0 3 0 0 0 5 0
预测:     0 1 0 0 4 0 0 1 6 0 10 7 0 0 0 0 0 2 0 1 0 0 2 0 36 0 0 3 0 0 0 5 0
准确率:    1.0000 (33/33)
----------------------------------------
⏳ 验证无提升 (验证准确率: 0.9681 ≤ 0.9687)，patience: 11/50

======================================================================
🚀 Epoch 81/200
======================================================================
📚 开始训练阶段...
训练进度: 500/6065 损失=0.0164
训练进度: 1000/6065 损失=0.0138
训练进度: 1500/6065 损失=0.0022
训练进度: 2000/6065 损失=0.0557
训练进度: 2500/6065 损失=0.0130
训练进度: 3000/6065 损失=0.0143
训练进度: 3500/6065 损失=0.0134
训练进度: 4000/6065 损失=0.0129
训练进度: 4500/6065 损失=0.0107
训练进度: 5000/6065 损失=0.0203
训练进度: 5500/6065 损失=0.0403
训练进度: 6000/6065 损失=0.0028
训练进度: 6065/6065 损失=0.0091
✅ 训练完成，耗时: 108.0秒 (1.8分钟)

============================================================
📊 验证决策: Epoch 81/200
   验证间隔: 1
   是否验证: ✅ 是
   原因: 达到验证间隔 (0 == 0)
============================================================

🔍 开始验证...
验证进度: 500/686 损失=0.0290
验证进度: 686/686 损失=0.5504

📊 预测分布分析:
  - 预测的前5个类别: {np.int64(0): 282941, np.int64(1): 37059, np.int64(2): 14678, np.int64(3): 10771, np.int64(4): 8769}
  - 标签的前5个类别: {np.int64(0): 281232, np.int64(1): 36731, np.int64(2): 14789, np.int64(3): 10866, np.int64(4): 8585}
✅ 验证完成，耗时: 4.7秒 (0.1分钟)
训练损失: 0.0169
验证损失: 0.4019
验证准确率: 0.9682 (10615/10964) - 与Levenshtein高度相关
验证F1(加权): 0.9675 - 类别平衡更好
学习率: 0.000065
显存使用: 0.48GB (预留: 0.69GB)

生成的训练样本:
--------------------------------------------------------------------------------
输入:       W<N> <NJ WKL DXZ> >NT DJLJ HW
目标:     0 1 0 4 0 0 0 5 0 0 1 0 2 0 1 0 10 7 0 0 0 0 0 0 0 1 0 0 0 0
预测:     0 1 0 4 0 0 0 5 0 0 1 0 2 0 1 0 10 7 0 0 0 0 0 0 0 1 0 0 0 0
准确率:    1.0000 (30/30)
----------------------------------------
输入:       MN DMZJ< >JKN> DYB> HW MZJ< LH
目标:     0 0 12 0 1 28 20 0 7 0 0 0 0 8 0 0 1 0 10 7 0 0 0 0 28 20 0 7 0 1 0
预测:     0 0 12 0 1 28 20 0 7 0 0 0 0 8 0 0 1 0 10 7 0 0 0 0 28 20 0 7 0 1 0
准确率:    1.0000 (31/31)
----------------------------------------
输入:       >W >MR> D>JT BH MWM> KL MDM
目标:     0 0 0 0 0 0 15 0 0 1 0 0 24 0 1 0 0 0 0 4 0 0 0 2 0 0 0 2
预测:     0 0 0 0 0 0 15 0 0 1 0 0 24 0 1 0 0 0 0 4 0 0 0 2 0 0 0 2
准确率:    1.0000 (28/28)
----------------------------------------

生成的验证样本:
--------------------------------------------------------------------------------
输入:       YBJNH D>LH> LMSV> MN KL DBJC WKLJ
目标:     0 0 0 0 5 0 0 1 0 0 4 0 0 1 6 0 10 7 0 0 0 0 0 2 0 1 0 0 2 0 36 0 0 3
预测:     0 0 0 0 5 0 0 1 0 0 4 0 0 1 6 0 10 7 0 0 0 0 0 2 0 1 0 0 2 0 36 0 0 3
准确率:    1.0000 (34/34)
----------------------------------------
输入:       D>LH> LMSV> MN KL DBJC WKLJ XJLK
目标:     0 1 0 0 4 0 0 1 6 0 10 7 0 0 0 0 0 2 0 1 0 0 2 0 36 0 0 3 0 0 0 5 0
预测:     0 1 0 0 4 0 0 1 6 0 10 7 0 0 0 0 0 2 0 1 0 0 2 0 36 0 0 3 0 0 0 5 0
准确率:    1.0000 (33/33)
----------------------------------------
⏳ 验证无提升 (验证准确率: 0.9682 ≤ 0.9687)，patience: 12/50

======================================================================
🚀 Epoch 82/200
======================================================================
📚 开始训练阶段...
训练进度: 500/6065 损失=0.0382
训练进度: 1000/6065 损失=0.0376
训练进度: 1500/6065 损失=0.0115
训练进度: 2000/6065 损失=0.0125
训练进度: 2500/6065 损失=0.0062
训练进度: 3000/6065 损失=0.0181
训练进度: 3500/6065 损失=0.0133
训练进度: 4000/6065 损失=0.0128
训练进度: 4500/6065 损失=0.0133
训练进度: 5000/6065 损失=0.0047
训练进度: 5500/6065 损失=0.0175
训练进度: 6000/6065 损失=0.0070
训练进度: 6065/6065 损失=0.0095
✅ 训练完成，耗时: 108.0秒 (1.8分钟)

============================================================
📊 验证决策: Epoch 82/200
   验证间隔: 1
   是否验证: ✅ 是
   原因: 达到验证间隔 (0 == 0)
============================================================

🔍 开始验证...
验证进度: 500/686 损失=0.0308
验证进度: 686/686 损失=0.5359

📊 预测分布分析:
  - 预测的前5个类别: {np.int64(0): 282827, np.int64(1): 37156, np.int64(2): 14722, np.int64(3): 10847, np.int64(4): 8797}
  - 标签的前5个类别: {np.int64(0): 281232, np.int64(1): 36731, np.int64(2): 14789, np.int64(3): 10866, np.int64(4): 8585}
✅ 验证完成，耗时: 4.7秒 (0.1分钟)
训练损失: 0.0166
验证损失: 0.4024
验证准确率: 0.9682 (10614/10964) - 与Levenshtein高度相关
验证F1(加权): 0.9674 - 类别平衡更好
学习率: 0.000064
显存使用: 0.48GB (预留: 0.69GB)

生成的训练样本:
--------------------------------------------------------------------------------
输入:       RXM <LJ MRJ> XZJ MWKK> DJLJ MN
目标:     6 0 0 3 0 0 1 0 0 0 0 0 2 6 0 0 3 0 0 0 0 4 0 0 0 0 1 0 0 0 0
预测:     6 0 0 3 0 0 1 0 0 0 0 0 2 6 0 0 3 0 0 0 0 4 0 0 0 0 1 0 0 0 0
准确率:    1.0000 (31/31)
----------------------------------------
输入:       W>MR LH BRT MN >NTJ XW>JNJ >N
目标:     0 1 0 0 3 0 1 12 0 0 13 0 0 0 12 0 0 0 0 0 6 0 10 3 67 0 0 0 0 0
预测:     0 1 0 0 3 0 1 12 0 0 13 0 0 0 12 0 0 0 0 0 6 0 10 3 67 0 0 0 0 0
准确率:    1.0000 (30/30)
----------------------------------------
输入:       >W Z<WR >W XWR >W >WKM >W
目标:     0 0 0 0 0 0 0 2 0 0 0 0 0 0 22 0 0 0 0 0 0 0 2 0 0 0
预测:     0 0 0 0 0 0 0 2 0 0 0 0 0 0 22 0 0 0 0 0 0 0 2 0 0 0
准确率:    1.0000 (26/26)
----------------------------------------

生成的验证样本:
--------------------------------------------------------------------------------
输入:       YBJNH D>LH> LMSV> MN KL DBJC WKLJ
目标:     0 0 0 0 5 0 0 1 0 0 4 0 0 1 6 0 10 7 0 0 0 0 0 2 0 1 0 0 2 0 36 0 0 3
预测:     0 0 0 0 5 0 0 1 0 0 4 0 0 1 6 0 10 7 0 0 0 0 0 2 0 1 0 0 2 0 36 0 0 3
准确率:    1.0000 (34/34)
----------------------------------------
输入:       D>LH> LMSV> MN KL DBJC WKLJ XJLK
目标:     0 1 0 0 4 0 0 1 6 0 10 7 0 0 0 0 0 2 0 1 0 0 2 0 36 0 0 3 0 0 0 5 0
预测:     0 1 0 0 4 0 0 1 6 0 10 7 0 0 0 0 0 2 0 1 0 0 2 0 36 0 0 3 0 0 0 5 0
准确率:    1.0000 (33/33)
----------------------------------------
⏳ 验证无提升 (验证准确率: 0.9682 ≤ 0.9687)，patience: 13/50

======================================================================
🚀 Epoch 83/200
======================================================================
📚 开始训练阶段...
训练进度: 500/6065 损失=0.0170
训练进度: 1000/6065 损失=0.0271
训练进度: 1500/6065 损失=0.0189
训练进度: 2000/6065 损失=0.0415
训练进度: 2500/6065 损失=0.0457
训练进度: 3000/6065 损失=0.0383
训练进度: 3500/6065 损失=0.0088
训练进度: 4000/6065 损失=0.0149
训练进度: 4500/6065 损失=0.0158
训练进度: 5000/6065 损失=0.0063
训练进度: 5500/6065 损失=0.0188
训练进度: 6000/6065 损失=0.0664
训练进度: 6065/6065 损失=0.0094
✅ 训练完成，耗时: 108.2秒 (1.8分钟)

============================================================
📊 验证决策: Epoch 83/200
   验证间隔: 1
   是否验证: ✅ 是
   原因: 达到验证间隔 (0 == 0)
============================================================

🔍 开始验证...
验证进度: 500/686 损失=0.0690
验证进度: 686/686 损失=0.4153

📊 预测分布分析:
  - 预测的前5个类别: {np.int64(0): 282913, np.int64(1): 37136, np.int64(2): 14717, np.int64(3): 10875, np.int64(4): 9031}
  - 标签的前5个类别: {np.int64(0): 281232, np.int64(1): 36731, np.int64(2): 14789, np.int64(3): 10866, np.int64(4): 8585}
✅ 验证完成，耗时: 4.7秒 (0.1分钟)
训练损失: 0.0165
验证损失: 0.3988
验证准确率: 0.9685 (10619/10964) - 与Levenshtein高度相关
验证F1(加权): 0.9678 - 类别平衡更好
学习率: 0.000064
显存使用: 0.48GB (预留: 0.69GB)

生成的训练样本:
--------------------------------------------------------------------------------
输入:       B>DNJ HW KSP> >N> NSBTH W>MRT >MH
目标:     0 1 0 0 2 46 0 0 12 0 0 0 4 0 0 0 0 0 0 0 0 3 1 0 0 1 0 0 3 26 0 0 5 0
预测:     0 1 0 0 2 46 0 0 12 0 0 0 4 0 0 0 0 0 0 0 0 3 1 0 0 1 0 0 3 26 0 0 5 0
准确率:    1.0000 (34/34)
----------------------------------------
输入:       LJ<QWB KLHWN >LH> NWKRJ> DB>JDJHWN WQDC> DB>DNJHWN
目标:     0 1 0 0 0 0 2 0 0 5 0 0 0 0 0 0 11 0 0 0 0 0 0 11 0 0 1 35 0 0 2 1 0 0 0 0 1 0 0 30 0 0 1 1 0 0 2 1 0 0 0
预测:     0 1 0 0 0 0 2 0 0 5 0 0 0 0 0 0 11 0 0 0 0 0 0 11 0 0 1 35 0 0 2 1 0 0 0 0 1 0 0 30 0 0 1 1 0 0 2 1 0 0 0
准确率:    1.0000 (51/51)
----------------------------------------
输入:       W>TBDRW DR<> D>JDWHJ MN >JDJ <CJN> DJ<QWB
目标:     0 1 0 14 0 0 3 19 0 0 0 11 0 0 35 0 0 25 1 0 0 0 0 0 8 0 0 2 46 0 0 8 0 43 27 0 1 0 0 0 0 2
预测:     0 1 0 14 0 0 3 19 0 0 0 11 0 0 35 0 0 25 1 0 0 0 0 0 8 0 0 2 46 0 0 8 0 43 27 0 1 0 0 0 0 2
准确率:    1.0000 (42/42)
----------------------------------------

生成的验证样本:
--------------------------------------------------------------------------------
输入:       YBJNH D>LH> LMSV> MN KL DBJC WKLJ
目标:     0 0 0 0 5 0 0 1 0 0 4 0 0 1 6 0 10 7 0 0 0 0 0 2 0 1 0 0 2 0 36 0 0 3
预测:     0 0 0 0 5 0 0 1 0 0 4 0 0 1 6 0 10 7 0 0 0 0 0 2 0 1 0 0 2 0 36 0 0 3
准确率:    1.0000 (34/34)
----------------------------------------
输入:       D>LH> LMSV> MN KL DBJC WKLJ XJLK
目标:     0 1 0 0 4 0 0 1 6 0 10 7 0 0 0 0 0 2 0 1 0 0 2 0 36 0 0 3 0 0 0 5 0
预测:     0 1 0 0 4 0 0 1 6 0 10 7 0 0 0 0 0 2 0 1 0 0 2 0 36 0 0 3 0 0 0 5 0
准确率:    1.0000 (33/33)
----------------------------------------
⏳ 验证无提升 (验证准确率: 0.9685 ≤ 0.9687)，patience: 14/50

======================================================================
🚀 Epoch 84/200
======================================================================
📚 开始训练阶段...
训练进度: 500/6065 损失=0.0153
训练进度: 1000/6065 损失=0.0224
训练进度: 1500/6065 损失=0.0172
训练进度: 2000/6065 损失=0.0035
训练进度: 2500/6065 损失=0.0125
训练进度: 3000/6065 损失=0.0313
训练进度: 3500/6065 损失=0.0046
训练进度: 4000/6065 损失=0.0241
训练进度: 4500/6065 损失=0.0087
训练进度: 5000/6065 损失=0.0133
训练进度: 5500/6065 损失=0.0076
训练进度: 6000/6065 损失=0.0047
训练进度: 6065/6065 损失=0.0016
✅ 训练完成，耗时: 108.2秒 (1.8分钟)

============================================================
📊 验证决策: Epoch 84/200
   验证间隔: 1
   是否验证: ✅ 是
   原因: 达到验证间隔 (0 == 0)
============================================================

🔍 开始验证...
验证进度: 500/686 损失=0.0486
验证进度: 686/686 损失=0.5651

📊 预测分布分析:
  - 预测的前5个类别: {np.int64(0): 283219, np.int64(1): 37053, np.int64(2): 14733, np.int64(3): 10833, np.int64(4): 9017}
  - 标签的前5个类别: {np.int64(0): 281232, np.int64(1): 36731, np.int64(2): 14789, np.int64(3): 10866, np.int64(4): 8585}
✅ 验证完成，耗时: 4.7秒 (0.1分钟)
训练损失: 0.0160
验证损失: 0.4030
验证准确率: 0.9687 (10620/10964) - 与Levenshtein高度相关
验证F1(加权): 0.9678 - 类别平衡更好
学习率: 0.000063
显存使用: 0.48GB (预留: 0.69GB)

生成的训练样本:
--------------------------------------------------------------------------------
输入:       XJLTN> >JK SWG>> DRXMWHJ WMRJM> >JK RBWT>
目标:     0 0 0 0 0 4 0 0 0 0 0 0 0 0 0 4 0 0 1 0 0 96 1 0 0 0 1 6 20 0 43 78 0 0 0 0 0 0 0 2 9 0
预测:     0 0 0 0 0 4 0 0 0 0 0 0 0 0 0 4 0 0 1 0 0 96 1 0 0 0 1 6 20 0 43 78 0 0 0 0 0 0 0 2 9 0
准确率:    1.0000 (42/42)
----------------------------------------
输入:       KMN LMXVP BJC> LMXVP BJC> M> DNGD
目标:     0 0 0 7 0 1 6 0 0 7 0 0 0 4 0 0 1 6 0 0 7 0 0 0 4 0 0 0 0 0 1 0 0 7
预测:     0 0 0 7 0 1 6 0 0 7 0 0 0 4 0 0 1 6 0 0 7 0 0 0 4 0 0 0 0 0 1 0 0 7
准确率:    1.0000 (34/34)
----------------------------------------
输入:       LKWN TBN> >NTWN ZLW SBW LKWN TBN>
目标:     0 1 0 0 0 0 0 0 4 0 0 0 0 0 0 0 21 0 3 0 34 0 3 0 0 1 0 0 0 0 0 0 4 0
预测:     0 1 0 0 0 0 0 0 4 0 0 0 0 0 0 0 21 0 3 0 34 0 3 0 0 1 0 0 0 0 0 0 4 0
准确率:    1.0000 (34/34)
----------------------------------------

生成的验证样本:
--------------------------------------------------------------------------------
输入:       YBJNH D>LH> LMSV> MN KL DBJC WKLJ
目标:     0 0 0 0 5 0 0 1 0 0 4 0 0 1 6 0 10 7 0 0 0 0 0 2 0 1 0 0 2 0 36 0 0 3
预测:     0 0 0 0 5 0 0 1 0 0 4 0 0 1 6 0 10 7 0 0 0 0 0 2 0 1 0 0 2 0 36 0 0 3
准确率:    1.0000 (34/34)
----------------------------------------
输入:       D>LH> LMSV> MN KL DBJC WKLJ XJLK
目标:     0 1 0 0 4 0 0 1 6 0 10 7 0 0 0 0 0 2 0 1 0 0 2 0 36 0 0 3 0 0 0 5 0
预测:     0 1 0 0 4 0 0 1 6 0 10 7 0 0 0 0 0 2 0 1 0 0 2 0 36 0 0 3 0 0 0 5 0
准确率:    1.0000 (33/33)
----------------------------------------
💾 保存新的最佳模型！验证准确率: 0.9687 (F1: 0.9678) (Epoch 84)

======================================================================
🚀 Epoch 85/200
======================================================================
📚 开始训练阶段...
训练进度: 500/6065 损失=0.0242
训练进度: 1000/6065 损失=0.0157
训练进度: 1500/6065 损失=0.0008
训练进度: 2000/6065 损失=0.0262
训练进度: 2500/6065 损失=0.0014
训练进度: 3000/6065 损失=0.0194
训练进度: 3500/6065 损失=0.0117
训练进度: 4000/6065 损失=0.0085
训练进度: 4500/6065 损失=0.0161
训练进度: 5000/6065 损失=0.0060
训练进度: 5500/6065 损失=0.0095
训练进度: 6000/6065 损失=0.0260
训练进度: 6065/6065 损失=0.0249
✅ 训练完成，耗时: 108.0秒 (1.8分钟)

============================================================
📊 验证决策: Epoch 85/200
   验证间隔: 1
   是否验证: ✅ 是
   原因: 达到验证间隔 (0 == 0)
============================================================

🔍 开始验证...
验证进度: 500/686 损失=0.0382
验证进度: 686/686 损失=0.5240

📊 预测分布分析:
  - 预测的前5个类别: {np.int64(0): 282738, np.int64(1): 37070, np.int64(2): 14790, np.int64(3): 10799, np.int64(4): 8962}
  - 标签的前5个类别: {np.int64(0): 281232, np.int64(1): 36731, np.int64(2): 14789, np.int64(3): 10866, np.int64(4): 8585}
✅ 验证完成，耗时: 4.7秒 (0.1分钟)
训练损失: 0.0158
验证损失: 0.3995
验证准确率: 0.9688 (10622/10964) - 与Levenshtein高度相关
验证F1(加权): 0.9681 - 类别平衡更好
学习率: 0.000062
显存使用: 0.48GB (预留: 0.69GB)

生成的训练样本:
--------------------------------------------------------------------------------
输入:       DJHB >LH> RB> LHWN MN >LH> >P
目标:     0 1 0 0 3 0 0 0 4 0 0 0 2 0 0 1 0 0 0 0 0 12 0 0 0 4 0 0 0 0
预测:     0 1 0 0 3 0 0 0 4 0 0 0 2 0 0 1 0 0 0 0 0 12 0 0 0 4 0 0 0 0
准确率:    1.0000 (30/30)
----------------------------------------
输入:       LMWC> H> >TR> QDMJ QWM <L VRN>
目标:     0 1 0 0 0 2 0 0 0 0 0 0 4 0 0 0 0 2 46 6 0 0 3 0 0 0 0 0 0 4 0
预测:     0 1 0 0 0 2 0 0 0 0 0 0 4 0 0 0 0 2 46 6 0 0 3 0 0 0 0 0 0 4 0
准确率:    1.0000 (31/31)
----------------------------------------
输入:       MDJN >P BMWZG VBT> HWT LH HJ
目标:     0 0 0 0 12 0 0 0 0 1 0 0 0 2 0 0 2 9 0 0 0 18 26 0 1 12 0 0 12
预测:     0 0 0 0 12 0 0 0 0 1 0 0 0 2 0 0 2 9 0 0 0 18 26 0 1 12 0 0 12
准确率:    1.0000 (29/29)
----------------------------------------

生成的验证样本:
--------------------------------------------------------------------------------
输入:       YBJNH D>LH> LMSV> MN KL DBJC WKLJ
目标:     0 0 0 0 5 0 0 1 0 0 4 0 0 1 6 0 10 7 0 0 0 0 0 2 0 1 0 0 2 0 36 0 0 3
预测:     0 0 0 0 5 0 0 1 0 0 4 0 0 1 6 0 10 7 0 0 0 0 0 2 0 1 0 0 2 0 36 0 0 3
准确率:    1.0000 (34/34)
----------------------------------------
输入:       D>LH> LMSV> MN KL DBJC WKLJ XJLK
目标:     0 1 0 0 4 0 0 1 6 0 10 7 0 0 0 0 0 2 0 1 0 0 2 0 36 0 0 3 0 0 0 5 0
预测:     0 1 0 0 4 0 0 1 6 0 10 7 0 0 0 0 0 2 0 1 0 0 2 0 36 0 0 3 0 0 0 5 0
准确率:    1.0000 (33/33)
----------------------------------------
💾 保存新的最佳模型！验证准确率: 0.9688 (F1: 0.9681) (Epoch 85)

======================================================================
🚀 Epoch 86/200
======================================================================
📚 开始训练阶段...
训练进度: 500/6065 损失=0.0069
训练进度: 1000/6065 损失=0.0114
训练进度: 1500/6065 损失=0.0244
训练进度: 2000/6065 损失=0.0239
训练进度: 2500/6065 损失=0.0142
训练进度: 3000/6065 损失=0.0123
训练进度: 3500/6065 损失=0.0014
训练进度: 4000/6065 损失=0.0071
训练进度: 4500/6065 损失=0.0176
训练进度: 5000/6065 损失=0.0117
训练进度: 5500/6065 损失=0.0168
训练进度: 6000/6065 损失=0.0145
训练进度: 6065/6065 损失=0.0050
✅ 训练完成，耗时: 108.2秒 (1.8分钟)

============================================================
📊 验证决策: Epoch 86/200
   验证间隔: 1
   是否验证: ✅ 是
   原因: 达到验证间隔 (0 == 0)
============================================================

🔍 开始验证...
验证进度: 500/686 损失=0.0495
验证进度: 686/686 损失=0.6373

📊 预测分布分析:
  - 预测的前5个类别: {np.int64(0): 282757, np.int64(1): 37088, np.int64(2): 14713, np.int64(3): 10821, np.int64(4): 8796}
  - 标签的前5个类别: {np.int64(0): 281232, np.int64(1): 36731, np.int64(2): 14789, np.int64(3): 10866, np.int64(4): 8585}
✅ 验证完成，耗时: 4.7秒 (0.1分钟)
训练损失: 0.0153
验证损失: 0.4124
验证准确率: 0.9685 (10619/10964) - 与Levenshtein高度相关
验证F1(加权): 0.9679 - 类别平衡更好
学习率: 0.000061
显存使用: 0.48GB (预留: 0.69GB)

生成的训练样本:
--------------------------------------------------------------------------------
输入:       DKJ> S>M> GBJ> DBXJR B>R<> WMDKJ XD
目标:     0 0 0 43 27 0 0 0 4 0 0 0 0 43 27 0 1 0 8 0 40 0 1 0 0 4 0 0 1 6 0 0 109 0 0 2
预测:     0 0 0 43 27 0 0 0 4 0 0 0 0 43 27 0 1 0 8 0 40 0 1 0 0 4 0 0 1 6 0 0 109 0 0 2
准确率:    1.0000 (36/36)
----------------------------------------
输入:       XWV> DKTN> M> DMRJX> BH NWR> WL>
目标:     0 0 0 4 0 0 1 0 0 4 0 0 0 0 0 1 28 20 0 128 0 0 1 0 0 0 0 4 0 0 1 0 0
预测:     0 0 0 4 0 0 1 0 0 4 0 0 0 0 0 1 28 20 0 128 0 0 1 0 0 0 0 4 0 0 1 0 0
准确率:    1.0000 (33/33)
----------------------------------------
输入:       MVL DKL D>SLJ WSN> MRJ> <BDW L>LHJHWN
目标:     0 0 0 0 0 1 0 2 0 1 17 0 0 3 0 1 0 10 3 0 0 0 0 2 0 0 0 3 0 0 1 0 0 2 1 0 0 0
预测:     0 0 0 0 0 1 0 2 0 1 17 0 0 3 0 1 0 10 3 0 0 0 0 2 0 0 0 3 0 0 1 0 0 2 1 0 0 0
准确率:    1.0000 (38/38)
----------------------------------------

生成的验证样本:
--------------------------------------------------------------------------------
输入:       YBJNH D>LH> LMSV> MN KL DBJC WKLJ
目标:     0 0 0 0 5 0 0 1 0 0 4 0 0 1 6 0 10 7 0 0 0 0 0 2 0 1 0 0 2 0 36 0 0 3
预测:     0 0 0 0 5 0 0 1 0 0 4 0 0 1 6 0 10 7 0 0 0 0 0 2 0 1 0 0 2 0 36 0 0 3
准确率:    1.0000 (34/34)
----------------------------------------
输入:       D>LH> LMSV> MN KL DBJC WKLJ XJLK
目标:     0 1 0 0 4 0 0 1 6 0 10 7 0 0 0 0 0 2 0 1 0 0 2 0 36 0 0 3 0 0 0 5 0
预测:     0 1 0 0 4 0 0 1 6 0 10 7 0 0 0 0 0 2 0 1 0 0 2 0 36 0 0 3 0 0 0 5 0
准确率:    1.0000 (33/33)
----------------------------------------
⏳ 验证无提升 (验证准确率: 0.9685 ≤ 0.9688)，patience: 1/50

======================================================================
🚀 Epoch 87/200
======================================================================
📚 开始训练阶段...
训练进度: 500/6065 损失=0.0132
训练进度: 1000/6065 损失=0.0155
训练进度: 1500/6065 损失=0.0184
训练进度: 2000/6065 损失=0.0252
训练进度: 2500/6065 损失=0.0195
训练进度: 3000/6065 损失=0.0038
训练进度: 3500/6065 损失=0.0088
训练进度: 4000/6065 损失=0.0269
训练进度: 4500/6065 损失=0.0269
训练进度: 5000/6065 损失=0.0061
训练进度: 5500/6065 损失=0.0185
训练进度: 6000/6065 损失=0.0526
训练进度: 6065/6065 损失=0.0074
✅ 训练完成，耗时: 107.7秒 (1.8分钟)

============================================================
📊 验证决策: Epoch 87/200
   验证间隔: 1
   是否验证: ✅ 是
   原因: 达到验证间隔 (0 == 0)
============================================================

🔍 开始验证...
验证进度: 500/686 损失=0.0577
验证进度: 686/686 损失=0.5456

📊 预测分布分析:
  - 预测的前5个类别: {np.int64(0): 282731, np.int64(1): 37080, np.int64(2): 14725, np.int64(3): 10790, np.int64(4): 8863}
  - 标签的前5个类别: {np.int64(0): 281232, np.int64(1): 36731, np.int64(2): 14789, np.int64(3): 10866, np.int64(4): 8585}
✅ 验证完成，耗时: 4.7秒 (0.1分钟)
训练损失: 0.0149
验证损失: 0.4125
验证准确率: 0.9687 (10620/10964) - 与Levenshtein高度相关
验证F1(加权): 0.9680 - 类别平衡更好
学习率: 0.000061
显存使用: 0.48GB (预留: 0.69GB)

生成的训练样本:
--------------------------------------------------------------------------------
输入:       <M PGR> N>ZL NXZ> VWBN> D<WL> <MHWN
目标:     0 0 0 0 0 0 4 0 0 44 0 0 3 0 44 0 10 3 0 0 0 0 11 0 0 1 0 0 15 0 0 0 1 0 0 0
预测:     0 0 0 0 0 0 4 0 0 44 0 0 3 0 44 0 10 3 0 0 0 0 11 0 0 1 0 0 15 0 0 0 1 0 0 0
准确率:    1.0000 (36/36)
----------------------------------------
输入:       >N> QDMJKWN JWMN> DT>LPWN >NWN WTVRWN >NWN
目标:     0 0 0 0 0 0 0 2 1 0 0 0 0 0 0 0 4 0 0 1 73 0 0 3 0 0 0 0 0 0 0 0 1 34 0 3 0 0 0 0 0 0 0
预测:     0 0 0 0 0 0 0 2 1 0 0 0 0 0 0 0 4 0 0 1 73 0 0 3 0 0 0 0 0 0 0 0 1 34 0 3 0 0 0 0 0 0 0
准确率:    1.0000 (43/43)
----------------------------------------
输入:       DBJT >JSRJL <JNJHWN WXZW LMYRJ> KD >TJN
目标:     0 1 0 0 2 0 0 0 0 0 0 2 0 0 0 2 1 0 0 0 0 1 0 18 0 0 1 0 0 0 11 0 0 0 0 0 0 42 0 0
预测:     0 1 0 0 2 0 0 0 0 0 0 2 0 0 0 2 1 0 0 0 0 1 0 18 0 0 1 0 0 0 11 0 0 0 0 0 0 42 0 0
准确率:    1.0000 (40/40)
----------------------------------------

生成的验证样本:
--------------------------------------------------------------------------------
输入:       YBJNH D>LH> LMSV> MN KL DBJC WKLJ
目标:     0 0 0 0 5 0 0 1 0 0 4 0 0 1 6 0 10 7 0 0 0 0 0 2 0 1 0 0 2 0 36 0 0 3
预测:     0 0 0 0 5 0 0 1 0 0 4 0 0 1 6 0 10 7 0 0 0 0 0 2 0 1 0 0 2 0 36 0 0 3
准确率:    1.0000 (34/34)
----------------------------------------
输入:       D>LH> LMSV> MN KL DBJC WKLJ XJLK
目标:     0 1 0 0 4 0 0 1 6 0 10 7 0 0 0 0 0 2 0 1 0 0 2 0 36 0 0 3 0 0 0 5 0
预测:     0 1 0 0 4 0 0 1 6 0 10 7 0 0 0 0 0 2 0 1 0 0 2 0 36 0 0 3 0 0 0 5 0
准确率:    1.0000 (33/33)
----------------------------------------
⏳ 验证无提升 (验证准确率: 0.9687 ≤ 0.9688)，patience: 2/50

======================================================================
🚀 Epoch 88/200
======================================================================
📚 开始训练阶段...
训练进度: 500/6065 损失=0.0075
训练进度: 1000/6065 损失=0.0042
训练进度: 1500/6065 损失=0.0177
训练进度: 2000/6065 损失=0.0088
训练进度: 2500/6065 损失=0.0056
训练进度: 3000/6065 损失=0.0130
训练进度: 3500/6065 损失=0.0192
训练进度: 4000/6065 损失=0.0064
训练进度: 4500/6065 损失=0.0184
训练进度: 5000/6065 损失=0.0050
训练进度: 5500/6065 损失=0.0221
训练进度: 6000/6065 损失=0.0115
训练进度: 6065/6065 损失=0.0157
✅ 训练完成，耗时: 107.5秒 (1.8分钟)

============================================================
📊 验证决策: Epoch 88/200
   验证间隔: 1
   是否验证: ✅ 是
   原因: 达到验证间隔 (0 == 0)
============================================================

🔍 开始验证...
验证进度: 500/686 损失=0.1026
验证进度: 686/686 损失=0.4385

📊 预测分布分析:
  - 预测的前5个类别: {np.int64(0): 282953, np.int64(1): 37035, np.int64(2): 14716, np.int64(3): 10882, np.int64(4): 9060}
  - 标签的前5个类别: {np.int64(0): 281232, np.int64(1): 36731, np.int64(2): 14789, np.int64(3): 10866, np.int64(4): 8585}
✅ 验证完成，耗时: 4.7秒 (0.1分钟)
训练损失: 0.0146
验证损失: 0.4093
验证准确率: 0.9690 (10624/10964) - 与Levenshtein高度相关
验证F1(加权): 0.9682 - 类别平衡更好
学习率: 0.000060
显存使用: 0.48GB (预留: 0.69GB)

生成的训练样本:
--------------------------------------------------------------------------------
输入:       BPR<WN WBKLH XJLH L<NJN WLN >PQN MRJ>
目标:     0 1 0 0 0 0 2 0 1 1 0 5 0 0 0 0 5 0 0 1 38 2 1 0 0 1 1 0 0 72 0 29 0 0 0 0 0 2
预测:     0 1 0 0 0 0 2 0 1 1 0 5 0 0 0 0 5 0 0 1 38 2 1 0 0 1 1 0 0 72 0 29 0 0 0 0 0 2
准确率:    1.0000 (38/38)
----------------------------------------
输入:       NSKT> XD> WMCWXT> XD> WQWMT> XD> LKLHJN
目标:     0 0 0 13 9 0 0 0 2 0 0 1 0 0 0 2 9 0 0 0 2 0 0 1 0 0 13 9 0 0 0 2 0 0 1 0 5 0 0 0
预测:     0 0 0 13 9 0 0 0 2 0 0 1 0 0 0 2 9 0 0 0 2 0 0 1 0 0 13 9 0 0 0 2 0 0 1 0 5 0 0 0
准确率:    1.0000 (40/40)
----------------------------------------
输入:       MRJ> <L BJTH D>XB WMRJ> <BD MDM
目标:     0 0 0 0 2 0 0 0 0 0 0 5 0 0 1 0 0 2 0 1 0 0 0 2 0 0 0 3 0 0 0 2
预测:     0 0 0 0 2 0 0 0 0 0 0 5 0 0 1 0 0 2 0 1 0 0 0 2 0 0 0 3 0 0 0 2
准确率:    1.0000 (32/32)
----------------------------------------

生成的验证样本:
--------------------------------------------------------------------------------
输入:       YBJNH D>LH> LMSV> MN KL DBJC WKLJ
目标:     0 0 0 0 5 0 0 1 0 0 4 0 0 1 6 0 10 7 0 0 0 0 0 2 0 1 0 0 2 0 36 0 0 3
预测:     0 0 0 0 5 0 0 1 0 0 4 0 0 1 6 0 10 7 0 0 0 0 0 2 0 1 0 0 2 0 36 0 0 3
准确率:    1.0000 (34/34)
----------------------------------------
输入:       D>LH> LMSV> MN KL DBJC WKLJ XJLK
目标:     0 1 0 0 4 0 0 1 6 0 10 7 0 0 0 0 0 2 0 1 0 0 2 0 36 0 0 3 0 0 0 5 0
预测:     0 1 0 0 4 0 0 1 6 0 10 7 0 0 0 0 0 2 0 1 0 0 2 0 36 0 0 3 0 0 0 5 0
准确率:    1.0000 (33/33)
----------------------------------------
💾 保存新的最佳模型！验证准确率: 0.9690 (F1: 0.9682) (Epoch 88)

======================================================================
🚀 Epoch 89/200
======================================================================
📚 开始训练阶段...
训练进度: 500/6065 损失=0.0028
训练进度: 1000/6065 损失=0.0111
训练进度: 1500/6065 损失=0.0208
训练进度: 2000/6065 损失=0.0135
训练进度: 2500/6065 损失=0.0477
训练进度: 3000/6065 损失=0.0106
训练进度: 3500/6065 损失=0.0228
训练进度: 4000/6065 损失=0.0070
训练进度: 4500/6065 损失=0.0125
训练进度: 5000/6065 损失=0.0050
训练进度: 5500/6065 损失=0.0101
训练进度: 6000/6065 损失=0.0052
训练进度: 6065/6065 损失=0.0085
✅ 训练完成，耗时: 107.3秒 (1.8分钟)

============================================================
📊 验证决策: Epoch 89/200
   验证间隔: 1
   是否验证: ✅ 是
   原因: 达到验证间隔 (0 == 0)
============================================================

🔍 开始验证...
验证进度: 500/686 损失=0.0556
验证进度: 686/686 损失=0.3695

📊 预测分布分析:
  - 预测的前5个类别: {np.int64(0): 282866, np.int64(1): 37084, np.int64(2): 14756, np.int64(3): 10729, np.int64(4): 8945}
  - 标签的前5个类别: {np.int64(0): 281232, np.int64(1): 36731, np.int64(2): 14789, np.int64(3): 10866, np.int64(4): 8585}
✅ 验证完成，耗时: 4.7秒 (0.1分钟)
训练损失: 0.0146
验证损失: 0.4220
验证准确率: 0.9685 (10618/10964) - 与Levenshtein高度相关
验证F1(加权): 0.9678 - 类别平衡更好
学习率: 0.000059
显存使用: 0.48GB (预留: 0.69GB)

生成的训练样本:
--------------------------------------------------------------------------------
输入:       TWN BGW TWN LMTVCJW W>MR MLK> D>JSR>JL
目标:     0 0 0 2 0 1 0 2 0 0 0 2 0 1 21 14 0 0 7 19 0 1 0 0 3 0 0 0 4 0 0 1 0 0 0 8 0 0 2
预测:     0 0 0 2 0 1 0 2 0 0 0 2 0 1 21 14 0 0 7 19 0 1 0 0 3 0 0 0 4 0 0 1 0 0 0 8 0 0 2
准确率:    1.0000 (39/39)
----------------------------------------
输入:       WCM<T <TLJ> QL RWB> D<M> W<M> KD
目标:     0 1 0 0 3 26 0 0 0 0 0 2 0 0 2 0 0 0 4 0 0 1 0 15 0 0 1 0 15 0 0 0 0
预测:     0 1 0 0 3 26 0 0 0 0 0 2 0 0 2 0 0 0 4 0 0 1 0 15 0 0 1 0 15 0 0 0 0
准确率:    1.0000 (33/33)
----------------------------------------
输入:       DJLH MVL DVCJNJ BMCKN> DJLH BJWM> DBJCT>
目标:     0 0 0 1 0 0 0 0 0 0 1 0 0 51 0 0 0 1 0 0 0 4 0 0 0 0 1 0 0 1 0 0 4 0 0 1 0 0 2 23 0
预测:     0 0 0 1 0 0 0 0 0 0 1 0 0 51 0 0 0 1 0 0 0 4 0 0 0 0 1 0 0 1 0 0 4 0 0 1 0 0 2 23 0
准确率:    1.0000 (41/41)
----------------------------------------

生成的验证样本:
--------------------------------------------------------------------------------
输入:       YBJNH D>LH> LMSV> MN KL DBJC WKLJ
目标:     0 0 0 0 5 0 0 1 0 0 4 0 0 1 6 0 10 7 0 0 0 0 0 2 0 1 0 0 2 0 36 0 0 3
预测:     0 0 0 0 5 0 0 1 0 0 4 0 0 1 6 0 10 7 0 0 0 0 0 2 0 1 0 0 2 0 36 0 0 3
准确率:    1.0000 (34/34)
----------------------------------------
输入:       D>LH> LMSV> MN KL DBJC WKLJ XJLK
目标:     0 1 0 0 4 0 0 1 6 0 10 7 0 0 0 0 0 2 0 1 0 0 2 0 36 0 0 3 0 0 0 5 0
预测:     0 1 0 0 4 0 0 1 6 0 10 7 0 0 0 0 0 2 0 1 0 0 2 0 36 0 0 3 0 0 0 5 0
准确率:    1.0000 (33/33)
----------------------------------------
⏳ 验证无提升 (验证准确率: 0.9685 ≤ 0.9690)，patience: 1/50

======================================================================
🚀 Epoch 90/200
======================================================================
📚 开始训练阶段...
训练进度: 500/6065 损失=0.0229
训练进度: 1000/6065 损失=0.0345
训练进度: 1500/6065 损失=0.0016
训练进度: 2000/6065 损失=0.0015
训练进度: 2500/6065 损失=0.0221
训练进度: 3000/6065 损失=0.0153
训练进度: 3500/6065 损失=0.0175
训练进度: 4000/6065 损失=0.0092
训练进度: 4500/6065 损失=0.0297
训练进度: 5000/6065 损失=0.0068
训练进度: 5500/6065 损失=0.0059
训练进度: 6000/6065 损失=0.0172
训练进度: 6065/6065 损失=0.0105
✅ 训练完成，耗时: 107.3秒 (1.8分钟)

============================================================
📊 验证决策: Epoch 90/200
   验证间隔: 1
   是否验证: ✅ 是
   原因: 达到验证间隔 (0 == 0)
============================================================

🔍 开始验证...
验证进度: 500/686 损失=0.0995
验证进度: 686/686 损失=0.4279

📊 预测分布分析:
  - 预测的前5个类别: {np.int64(0): 282834, np.int64(1): 37003, np.int64(2): 14847, np.int64(3): 10806, np.int64(4): 8785}
  - 标签的前5个类别: {np.int64(0): 281232, np.int64(1): 36731, np.int64(2): 14789, np.int64(3): 10866, np.int64(4): 8585}
✅ 验证完成，耗时: 4.7秒 (0.1分钟)
训练损失: 0.0144
验证损失: 0.4144
验证准确率: 0.9687 (10621/10964) - 与Levenshtein高度相关
验证F1(加权): 0.9680 - 类别平衡更好
学习率: 0.000058
显存使用: 0.47GB (预留: 0.69GB)

生成的训练样本:
--------------------------------------------------------------------------------
输入:       GZRW YWM> W>WTBWHJ LNBWT BRJC <M> W>JTJW
目标:     0 0 0 3 0 0 0 0 4 0 0 1 50 0 0 3 1 0 0 0 1 0 0 0 2 0 1 0 0 2 0 0 15 0 0 1 59 0 0 3 0
预测:     0 0 0 3 0 0 0 0 4 0 0 1 50 0 0 3 1 0 0 0 1 0 0 0 2 0 1 0 0 2 0 0 15 0 0 1 59 0 0 3 0
准确率:    1.0000 (41/41)
----------------------------------------
输入:       YWRT> HD> MWT> DBNJ XCWK> WHW MN
目标:     0 0 0 13 9 0 0 0 0 0 0 0 0 15 0 0 1 0 2 0 0 0 0 0 4 0 0 1 0 0 8 8 12
预测:     0 0 0 13 9 0 0 0 0 0 0 0 0 15 0 0 1 0 2 0 0 0 0 0 4 0 0 1 0 0 8 8 12
准确率:    1.0000 (33/33)
----------------------------------------
输入:       MJT WRM> B<RSH W<L W>XD TR<> B>PJ
目标:     0 20 0 3 0 1 0 10 40 0 1 0 0 5 0 0 1 0 53 0 1 0 0 3 0 0 0 4 0 0 1 54 2 0
预测:     0 20 0 3 0 1 0 10 40 0 1 0 0 5 0 0 1 0 53 0 1 0 0 3 0 0 0 4 0 0 1 54 2 0
准确率:    1.0000 (34/34)
----------------------------------------

生成的验证样本:
--------------------------------------------------------------------------------
输入:       YBJNH D>LH> LMSV> MN KL DBJC WKLJ
目标:     0 0 0 0 5 0 0 1 0 0 4 0 0 1 6 0 10 7 0 0 0 0 0 2 0 1 0 0 2 0 36 0 0 3
预测:     0 0 0 0 5 0 0 1 0 0 4 0 0 1 6 0 10 7 0 0 0 0 0 2 0 1 0 0 2 0 36 0 0 3
准确率:    1.0000 (34/34)
----------------------------------------
输入:       D>LH> LMSV> MN KL DBJC WKLJ XJLK
目标:     0 1 0 0 4 0 0 1 6 0 10 7 0 0 0 0 0 2 0 1 0 0 2 0 36 0 0 3 0 0 0 5 0
预测:     0 1 0 0 4 0 0 1 6 0 10 7 0 0 0 0 0 2 0 1 0 0 2 0 36 0 0 3 0 0 0 5 0
准确率:    1.0000 (33/33)
----------------------------------------
⏳ 验证无提升 (验证准确率: 0.9687 ≤ 0.9690)，patience: 2/50

======================================================================
🚀 Epoch 91/200
======================================================================
📚 开始训练阶段...
训练进度: 500/6065 损失=0.0042
训练进度: 1000/6065 损失=0.0252
训练进度: 1500/6065 损失=0.0031
训练进度: 2000/6065 损失=0.0069
训练进度: 2500/6065 损失=0.0290
训练进度: 3000/6065 损失=0.0111
训练进度: 3500/6065 损失=0.0232
训练进度: 4000/6065 损失=0.0066
训练进度: 4500/6065 损失=0.0352
训练进度: 5000/6065 损失=0.0085
训练进度: 5500/6065 损失=0.0145
训练进度: 6000/6065 损失=0.0115
训练进度: 6065/6065 损失=0.0023
✅ 训练完成，耗时: 107.3秒 (1.8分钟)

============================================================
📊 验证决策: Epoch 91/200
   验证间隔: 1
   是否验证: ✅ 是
   原因: 达到验证间隔 (0 == 0)
============================================================

🔍 开始验证...
验证进度: 500/686 损失=0.0540
验证进度: 686/686 损失=0.4967

📊 预测分布分析:
  - 预测的前5个类别: {np.int64(0): 283130, np.int64(1): 37061, np.int64(2): 14694, np.int64(3): 10760, np.int64(4): 8928}
  - 标签的前5个类别: {np.int64(0): 281232, np.int64(1): 36731, np.int64(2): 14789, np.int64(3): 10866, np.int64(4): 8585}
✅ 验证完成，耗时: 4.7秒 (0.1分钟)
训练损失: 0.0138
验证损失: 0.4207
验证准确率: 0.9692 (10625/10964) - 与Levenshtein高度相关
验证F1(加权): 0.9684 - 类别平衡更好
学习率: 0.000058
显存使用: 0.47GB (预留: 0.69GB)

生成的训练样本:
--------------------------------------------------------------------------------
输入:       L<BDJK L>BRHM WL>JSXQ WLJ<QWB L> TTPN> <L
目标:     0 1 0 0 22 1 0 0 1 0 0 0 0 2 0 1 1 0 0 0 0 2 0 1 1 0 0 0 0 2 0 0 0 0 21 14 0 10 3 0 0 0
预测:     0 1 0 0 22 1 0 0 1 0 0 0 0 2 0 1 1 0 0 0 0 2 0 1 1 0 0 0 0 2 0 0 0 0 21 14 0 10 3 0 0 0
准确率:    1.0000 (42/42)
----------------------------------------
输入:       L>LH> KLHWN SVW >KXD> HWW L> XCX>
目标:     0 1 0 0 4 0 0 0 5 0 0 0 0 0 18 0 0 38 1 0 2 0 0 0 18 0 0 0 0 0 0 0 65 0
预测:     0 1 0 0 4 0 0 0 5 0 0 0 0 0 18 0 0 38 1 0 2 0 0 0 18 0 0 0 0 0 0 0 65 0
准确率:    1.0000 (34/34)
----------------------------------------
输入:       XZ>WHJ LCRWR> BQR>> DJ<> MN CLJ> XZW
目标:     0 0 10 3 1 0 0 0 1 0 0 0 4 0 0 1 0 0 4 0 0 1 0 10 3 0 0 0 0 0 0 4 0 0 0 18 0
预测:     0 0 10 3 1 0 0 0 1 0 0 0 4 0 0 1 0 0 4 0 0 1 0 10 3 0 0 0 0 0 0 4 0 0 0 18 0
准确率:    1.0000 (37/37)
----------------------------------------

生成的验证样本:
--------------------------------------------------------------------------------
输入:       YBJNH D>LH> LMSV> MN KL DBJC WKLJ
目标:     0 0 0 0 5 0 0 1 0 0 4 0 0 1 6 0 10 7 0 0 0 0 0 2 0 1 0 0 2 0 36 0 0 3
预测:     0 0 0 0 5 0 0 1 0 0 4 0 0 1 6 0 10 7 0 0 0 0 0 2 0 1 0 0 2 0 36 0 0 3
准确率:    1.0000 (34/34)
----------------------------------------
输入:       D>LH> LMSV> MN KL DBJC WKLJ XJLK
目标:     0 1 0 0 4 0 0 1 6 0 10 7 0 0 0 0 0 2 0 1 0 0 2 0 36 0 0 3 0 0 0 5 0
预测:     0 1 0 0 4 0 0 1 6 0 10 7 0 0 0 0 0 2 0 1 0 0 2 0 36 0 0 3 0 0 0 5 0
准确率:    1.0000 (33/33)
----------------------------------------
💾 保存新的最佳模型！验证准确率: 0.9692 (F1: 0.9684) (Epoch 91)

======================================================================
🚀 Epoch 92/200
======================================================================
📚 开始训练阶段...
训练进度: 500/6065 损失=0.0108
训练进度: 1000/6065 损失=0.0161
训练进度: 1500/6065 损失=0.0081
训练进度: 2000/6065 损失=0.0346
训练进度: 2500/6065 损失=0.0126
训练进度: 3000/6065 损失=0.0073
训练进度: 3500/6065 损失=0.0232
训练进度: 4000/6065 损失=0.0108
训练进度: 4500/6065 损失=0.0040
训练进度: 5000/6065 损失=0.0130
训练进度: 5500/6065 损失=0.0008
训练进度: 6000/6065 损失=0.0268
训练进度: 6065/6065 损失=0.0164
✅ 训练完成，耗时: 107.3秒 (1.8分钟)

============================================================
📊 验证决策: Epoch 92/200
   验证间隔: 1
   是否验证: ✅ 是
   原因: 达到验证间隔 (0 == 0)
============================================================

🔍 开始验证...
验证进度: 500/686 损失=0.0394
验证进度: 686/686 损失=0.5912

📊 预测分布分析:
  - 预测的前5个类别: {np.int64(0): 282727, np.int64(1): 37032, np.int64(2): 14818, np.int64(3): 10758, np.int64(4): 8956}
  - 标签的前5个类别: {np.int64(0): 281232, np.int64(1): 36731, np.int64(2): 14789, np.int64(3): 10866, np.int64(4): 8585}
✅ 验证完成，耗时: 4.7秒 (0.1分钟)
训练损失: 0.0136
验证损失: 0.4230
验证准确率: 0.9688 (10621/10964) - 与Levenshtein高度相关
验证F1(加权): 0.9681 - 类别平衡更好
学习率: 0.000057
显存使用: 0.48GB (预留: 0.69GB)

生成的训练样本:
--------------------------------------------------------------------------------
输入:       W>CJR WHWJ KL NPCT> DNPQ MN XYH
目标:     0 1 0 0 0 2 0 1 0 0 80 0 0 2 0 0 0 2 23 0 0 1 0 0 80 0 0 0 0 0 5 0
预测:     0 1 0 0 0 2 0 1 0 0 80 0 0 2 0 0 0 2 23 0 0 1 0 0 80 0 0 0 0 0 5 0
准确率:    1.0000 (32/32)
----------------------------------------
输入:       KHN> W<ZRJ> BR NTN <L QJWM> WZBWR
目标:     0 0 0 11 0 0 1 0 0 0 0 2 0 0 2 0 0 0 2 0 0 0 0 0 0 0 11 0 0 1 0 0 0 2
预测:     0 0 0 11 0 0 1 0 0 0 0 2 0 0 2 0 0 0 2 0 0 0 0 0 0 0 11 0 0 1 0 0 0 2
准确率:    1.0000 (34/34)
----------------------------------------
输入:       B>DR> D>VR W>MRW >BL> HW RB> HN>
目标:     0 1 0 0 11 0 0 1 0 0 2 0 1 0 0 3 0 0 0 0 55 0 0 0 0 0 0 4 0 0 0 0 0
预测:     0 1 0 0 11 0 0 1 0 0 2 0 1 0 0 3 0 0 0 0 55 0 0 0 0 0 0 4 0 0 0 0 0
准确率:    1.0000 (33/33)
----------------------------------------

生成的验证样本:
--------------------------------------------------------------------------------
输入:       YBJNH D>LH> LMSV> MN KL DBJC WKLJ
目标:     0 0 0 0 5 0 0 1 0 0 4 0 0 1 6 0 10 7 0 0 0 0 0 2 0 1 0 0 2 0 36 0 0 3
预测:     0 0 0 0 5 0 0 1 0 0 4 0 0 1 6 0 10 7 0 0 0 0 0 2 0 1 0 0 2 0 36 0 0 3
准确率:    1.0000 (34/34)
----------------------------------------
输入:       D>LH> LMSV> MN KL DBJC WKLJ XJLK
目标:     0 1 0 0 4 0 0 1 6 0 10 7 0 0 0 0 0 2 0 1 0 0 2 0 36 0 0 3 0 0 0 5 0
预测:     0 1 0 0 4 0 0 1 6 0 10 7 0 0 0 0 0 2 0 1 0 0 2 0 36 0 0 3 0 0 0 5 0
准确率:    1.0000 (33/33)
----------------------------------------
⏳ 验证无提升 (验证准确率: 0.9688 ≤ 0.9692)，patience: 1/50

======================================================================
🚀 Epoch 93/200
======================================================================
📚 开始训练阶段...
训练进度: 500/6065 损失=0.0026
训练进度: 1000/6065 损失=0.0071
训练进度: 1500/6065 损失=0.0203
训练进度: 2000/6065 损失=0.0176
训练进度: 2500/6065 损失=0.0004
训练进度: 3000/6065 损失=0.0104
训练进度: 3500/6065 损失=0.0061
训练进度: 4000/6065 损失=0.0095
训练进度: 4500/6065 损失=0.0154
训练进度: 5000/6065 损失=0.0178
训练进度: 5500/6065 损失=0.0152
训练进度: 6000/6065 损失=0.0016
训练进度: 6065/6065 损失=0.0065
✅ 训练完成，耗时: 107.4秒 (1.8分钟)

============================================================
📊 验证决策: Epoch 93/200
   验证间隔: 1
   是否验证: ✅ 是
   原因: 达到验证间隔 (0 == 0)
============================================================

🔍 开始验证...
验证进度: 500/686 损失=0.0405
验证进度: 686/686 损失=0.6197

📊 预测分布分析:
  - 预测的前5个类别: {np.int64(0): 282959, np.int64(1): 37050, np.int64(2): 14610, np.int64(3): 10886, np.int64(4): 8945}
  - 标签的前5个类别: {np.int64(0): 281232, np.int64(1): 36731, np.int64(2): 14789, np.int64(3): 10866, np.int64(4): 8585}
✅ 验证完成，耗时: 4.7秒 (0.1分钟)
训练损失: 0.0134
验证损失: 0.4229
验证准确率: 0.9689 (10623/10964) - 与Levenshtein高度相关
验证F1(加权): 0.9681 - 类别平衡更好
学习率: 0.000056
显存使用: 0.48GB (预留: 0.69GB)

生成的训练样本:
--------------------------------------------------------------------------------
输入:       BH JTJR MN TRT<SR> RBWN BNJNC> DL>
目标:     0 1 12 0 0 0 0 2 0 0 0 0 0 2 134 0 0 0 2 0 0 0 22 0 0 0 2 75 0 4 0 0 1 0 0
预测:     0 1 12 0 0 0 0 2 0 0 0 0 0 2 134 0 0 0 2 0 0 0 22 0 0 0 2 75 0 4 0 0 1 0 0
准确率:    1.0000 (35/35)
----------------------------------------
输入:       B<WMQ> >JK QMY> SGJ>> WLHWN WLGMLJHWN LJT
目标:     0 1 0 0 0 4 0 0 0 0 0 0 0 0 4 0 0 0 0 0 4 0 0 1 1 0 0 0 0 1 1 0 0 2 1 0 0 0 0 58 0 24
预测:     0 1 0 0 0 4 0 0 0 0 0 0 0 0 4 0 0 0 0 0 4 0 0 1 1 0 0 0 0 1 1 0 0 2 1 0 0 0 0 58 0 24
准确率:    1.0000 (42/42)
----------------------------------------
输入:       TTV<> MN PWM> DZR<HWN MVL DJD< >N>
目标:     0 21 14 0 10 3 0 0 0 0 0 0 4 0 0 1 0 0 5 0 0 0 0 0 0 0 0 1 0 0 7 0 0 0 0
预测:     0 21 14 0 10 3 0 0 0 0 0 0 4 0 0 1 0 0 5 0 0 0 0 0 0 0 0 1 0 0 7 0 0 0 0
准确率:    1.0000 (35/35)
----------------------------------------

生成的验证样本:
--------------------------------------------------------------------------------
输入:       YBJNH D>LH> LMSV> MN KL DBJC WKLJ
目标:     0 0 0 0 5 0 0 1 0 0 4 0 0 1 6 0 10 7 0 0 0 0 0 2 0 1 0 0 2 0 36 0 0 3
预测:     0 0 0 0 5 0 0 1 0 0 4 0 0 1 6 0 10 7 0 0 0 0 0 2 0 1 0 0 2 0 36 0 0 3
准确率:    1.0000 (34/34)
----------------------------------------
输入:       D>LH> LMSV> MN KL DBJC WKLJ XJLK
目标:     0 1 0 0 4 0 0 1 6 0 10 7 0 0 0 0 0 2 0 1 0 0 2 0 36 0 0 3 0 0 0 5 0
预测:     0 1 0 0 4 0 0 1 6 0 10 7 0 0 0 0 0 2 0 1 0 0 2 0 36 0 0 0 0 0 0 5 0
准确率:    0.9697 (32/33)
----------------------------------------
⏳ 验证无提升 (验证准确率: 0.9689 ≤ 0.9692)，patience: 2/50

======================================================================
🚀 Epoch 94/200
======================================================================
📚 开始训练阶段...
训练进度: 500/6065 损失=0.0036
训练进度: 1000/6065 损失=0.0162
训练进度: 1500/6065 损失=0.0046
训练进度: 2000/6065 损失=0.0136
训练进度: 2500/6065 损失=0.0079
训练进度: 3000/6065 损失=0.0137
训练进度: 3500/6065 损失=0.0096
训练进度: 4000/6065 损失=0.0528
训练进度: 4500/6065 损失=0.0053
训练进度: 5000/6065 损失=0.0118
训练进度: 5500/6065 损失=0.0076
训练进度: 6000/6065 损失=0.0036
训练进度: 6065/6065 损失=0.0442
✅ 训练完成，耗时: 107.5秒 (1.8分钟)

============================================================
📊 验证决策: Epoch 94/200
   验证间隔: 1
   是否验证: ✅ 是
   原因: 达到验证间隔 (0 == 0)
============================================================

🔍 开始验证...
验证进度: 500/686 损失=0.1496
验证进度: 686/686 损失=0.5627

📊 预测分布分析:
  - 预测的前5个类别: {np.int64(0): 283039, np.int64(1): 37042, np.int64(2): 14731, np.int64(3): 10777, np.int64(4): 8940}
  - 标签的前5个类别: {np.int64(0): 281232, np.int64(1): 36731, np.int64(2): 14789, np.int64(3): 10866, np.int64(4): 8585}
✅ 验证完成，耗时: 4.8秒 (0.1分钟)
训练损失: 0.0130
验证损失: 0.4255
验证准确率: 0.9692 (10626/10964) - 与Levenshtein高度相关
验证F1(加权): 0.9684 - 类别平衡更好
学习率: 0.000055
显存使用: 0.47GB (预留: 0.69GB)

生成的训练样本:
--------------------------------------------------------------------------------
输入:       L> TCM< WL> TTVPJS W>MR L>JZGD> DBRHDD
目标:     0 0 0 0 6 0 0 3 0 1 0 0 0 21 76 17 0 0 3 0 1 0 0 3 0 1 0 0 0 0 11 0 0 1 0 0 0 0 2
预测:     0 0 0 0 6 0 0 3 0 1 0 0 0 21 76 17 0 0 3 0 1 0 0 3 0 1 0 0 0 0 11 0 0 1 0 0 0 0 2
准确率:    1.0000 (39/39)
----------------------------------------
输入:       DLM> NWCV >JDH WNSB >P MN >JLN>
目标:     0 0 0 0 0 0 63 0 0 3 8 0 0 5 0 0 1 0 0 3 0 0 0 0 0 0 0 0 0 0 4 0
预测:     0 0 0 0 0 0 63 0 0 3 8 0 0 5 0 0 1 0 0 3 0 0 0 0 0 0 0 0 0 0 4 0
准确率:    1.0000 (32/32)
----------------------------------------
输入:       BWKRH WLBWZ >XWHJ WLQMW>JL >BWHJ D>RM WLKSR
目标:     0 0 0 0 5 0 0 1 1 0 0 2 0 0 8 5 0 0 0 1 1 0 0 0 0 0 2 0 0 8 5 0 0 0 1 0 0 2 0 1 1 0 0 2
预测:     0 0 0 0 5 0 0 1 1 0 0 2 0 0 8 5 0 0 0 1 1 0 0 0 0 0 2 0 0 8 5 0 0 0 1 0 0 2 0 1 1 0 0 2
准确率:    1.0000 (44/44)
----------------------------------------

生成的验证样本:
--------------------------------------------------------------------------------
输入:       YBJNH D>LH> LMSV> MN KL DBJC WKLJ
目标:     0 0 0 0 5 0 0 1 0 0 4 0 0 1 6 0 10 7 0 0 0 0 0 2 0 1 0 0 2 0 36 0 0 3
预测:     0 0 0 0 5 0 0 1 0 0 4 0 0 1 6 0 10 7 0 0 0 0 0 2 0 1 0 0 2 0 36 0 0 3
准确率:    1.0000 (34/34)
----------------------------------------
输入:       D>LH> LMSV> MN KL DBJC WKLJ XJLK
目标:     0 1 0 0 4 0 0 1 6 0 10 7 0 0 0 0 0 2 0 1 0 0 2 0 36 0 0 3 0 0 0 5 0
预测:     0 1 0 0 4 0 0 1 6 0 10 7 0 0 0 0 0 2 0 1 0 0 2 0 36 0 0 3 0 0 0 5 0
准确率:    1.0000 (33/33)
----------------------------------------
💾 保存新的最佳模型！验证准确率: 0.9692 (F1: 0.9684) (Epoch 94)

======================================================================
🚀 Epoch 95/200
======================================================================
📚 开始训练阶段...
训练进度: 500/6065 损失=0.0101
训练进度: 1000/6065 损失=0.0198
训练进度: 1500/6065 损失=0.0026
训练进度: 2000/6065 损失=0.0122
训练进度: 2500/6065 损失=0.0028
训练进度: 3000/6065 损失=0.0272
训练进度: 3500/6065 损失=0.0064
训练进度: 4000/6065 损失=0.0094
训练进度: 4500/6065 损失=0.0110
训练进度: 5000/6065 损失=0.0129
训练进度: 5500/6065 损失=0.0178
训练进度: 6000/6065 损失=0.0087
训练进度: 6065/6065 损失=0.0323
✅ 训练完成，耗时: 107.5秒 (1.8分钟)

============================================================
📊 验证决策: Epoch 95/200
   验证间隔: 1
   是否验证: ✅ 是
   原因: 达到验证间隔 (0 == 0)
============================================================

🔍 开始验证...
验证进度: 500/686 损失=0.0632
验证进度: 686/686 损失=0.6343

📊 预测分布分析:
  - 预测的前5个类别: {np.int64(0): 282922, np.int64(1): 37046, np.int64(2): 14729, np.int64(3): 10826, np.int64(4): 9032}
  - 标签的前5个类别: {np.int64(0): 281232, np.int64(1): 36731, np.int64(2): 14789, np.int64(3): 10866, np.int64(4): 8585}
✅ 验证完成，耗时: 4.7秒 (0.1分钟)
训练损失: 0.0128
验证损失: 0.4327
验证准确率: 0.9687 (10620/10964) - 与Levenshtein高度相关
验证F1(加权): 0.9679 - 类别平衡更好
学习率: 0.000055
显存使用: 0.48GB (预留: 0.69GB)

生成的训练样本:
--------------------------------------------------------------------------------
输入:       NWX LQBWT> TRJN TRJN MN KL BSR
目标:     0 0 0 22 0 1 60 0 2 9 0 0 0 2 0 12 0 0 2 0 12 0 0 0 0 0 2 0 0 0 2
预测:     0 0 0 22 0 1 60 0 2 9 0 0 0 2 0 12 0 0 2 0 12 0 0 0 0 0 2 0 0 0 2
准确率:    1.0000 (31/31)
----------------------------------------
输入:       MRJ W>MR LH <SW >JT LJ WSGJ
目标:     0 0 56 0 0 1 0 0 3 0 1 0 0 0 0 2 0 0 0 24 0 1 0 0 1 0 0 13
预测:     0 0 56 0 0 1 0 0 3 0 1 0 0 0 0 2 0 0 0 24 0 1 0 0 1 0 0 13
准确率:    1.0000 (28/28)
----------------------------------------
输入:       >KXD> HWW L> XCX> L> >JT D<BD
目标:     0 38 1 0 2 0 0 0 18 0 0 0 0 0 0 0 65 0 0 0 0 0 0 0 24 0 1 0 0 7
预测:     0 38 1 0 2 0 0 0 18 0 0 0 0 0 0 0 65 0 0 0 0 0 0 0 24 0 1 0 0 7
准确率:    1.0000 (30/30)
----------------------------------------

生成的验证样本:
--------------------------------------------------------------------------------
输入:       YBJNH D>LH> LMSV> MN KL DBJC WKLJ
目标:     0 0 0 0 5 0 0 1 0 0 4 0 0 1 6 0 10 7 0 0 0 0 0 2 0 1 0 0 2 0 36 0 0 3
预测:     0 0 0 0 5 0 0 1 0 0 4 0 0 1 6 0 10 7 0 0 0 0 0 2 0 1 0 0 2 0 36 0 0 3
准确率:    1.0000 (34/34)
----------------------------------------
输入:       D>LH> LMSV> MN KL DBJC WKLJ XJLK
目标:     0 1 0 0 4 0 0 1 6 0 10 7 0 0 0 0 0 2 0 1 0 0 2 0 36 0 0 3 0 0 0 5 0
预测:     0 1 0 0 4 0 0 1 6 0 10 7 0 0 0 0 0 2 0 1 0 0 2 0 36 0 0 3 0 0 0 5 0
准确率:    1.0000 (33/33)
----------------------------------------
⏳ 验证无提升 (验证准确率: 0.9687 ≤ 0.9692)，patience: 1/50

======================================================================
🚀 Epoch 96/200
======================================================================
📚 开始训练阶段...
训练进度: 500/6065 损失=0.0055
训练进度: 1000/6065 损失=0.0060
训练进度: 1500/6065 损失=0.0061
训练进度: 2000/6065 损失=0.0267
训练进度: 2500/6065 损失=0.0144
训练进度: 3000/6065 损失=0.0155
训练进度: 3500/6065 损失=0.0135
训练进度: 4000/6065 损失=0.0256
训练进度: 4500/6065 损失=0.0109
训练进度: 5000/6065 损失=0.0453
训练进度: 5500/6065 损失=0.0045
训练进度: 6000/6065 损失=0.0147
训练进度: 6065/6065 损失=0.0249
✅ 训练完成，耗时: 107.5秒 (1.8分钟)

============================================================
📊 验证决策: Epoch 96/200
   验证间隔: 1
   是否验证: ✅ 是
   原因: 达到验证间隔 (0 == 0)
============================================================

🔍 开始验证...
验证进度: 500/686 损失=0.0190
验证进度: 686/686 损失=0.7127

📊 预测分布分析:
  - 预测的前5个类别: {np.int64(0): 282824, np.int64(1): 37116, np.int64(2): 14656, np.int64(3): 10869, np.int64(4): 8932}
  - 标签的前5个类别: {np.int64(0): 281232, np.int64(1): 36731, np.int64(2): 14789, np.int64(3): 10866, np.int64(4): 8585}
✅ 验证完成，耗时: 4.7秒 (0.1分钟)
训练损失: 0.0124
验证损失: 0.4303
验证准确率: 0.9691 (10624/10964) - 与Levenshtein高度相关
验证F1(加权): 0.9682 - 类别平衡更好
学习率: 0.000054
显存使用: 0.48GB (预留: 0.69GB)

生成的训练样本:
--------------------------------------------------------------------------------
输入:       >LH> D<LM> W<MR >BRHM B>R<> DPLCTJ> JWMT>
目标:     0 0 0 4 0 0 1 0 0 11 0 0 1 0 0 3 0 0 0 0 0 2 0 1 0 0 4 0 0 1 0 0 0 0 11 0 0 0 0 2 23 0
预测:     0 0 0 4 0 0 1 0 0 11 0 0 1 0 0 3 0 0 0 0 0 2 0 1 0 0 4 0 0 1 0 0 0 0 11 0 0 0 0 2 23 0
准确率:    1.0000 (42/42)
----------------------------------------
输入:       BKL MDM D>JT HW> BLBH WXWJH CLJMWN
目标:     0 1 0 2 0 0 0 2 0 1 0 0 24 0 0 10 3 0 1 0 5 12 0 1 0 0 51 12 0 0 0 0 0 0 2
预测:     0 1 0 2 0 0 0 2 0 1 0 0 24 0 0 10 3 0 1 0 5 12 0 1 0 0 51 12 0 0 0 0 0 0 2
准确率:    1.0000 (35/35)
----------------------------------------
输入:       NSV> LQRJT> HD> JBWS WNBWT BH W>MR
目标:     0 44 0 10 3 0 1 0 0 22 9 0 0 0 0 0 0 0 0 0 2 0 1 44 0 0 3 0 1 12 0 1 0 0 3
预测:     0 44 0 10 3 0 1 0 0 22 9 0 0 0 0 0 0 0 0 0 2 0 1 44 0 0 3 0 1 12 0 1 0 0 3
准确率:    1.0000 (35/35)
----------------------------------------

生成的验证样本:
--------------------------------------------------------------------------------
输入:       YBJNH D>LH> LMSV> MN KL DBJC WKLJ
目标:     0 0 0 0 5 0 0 1 0 0 4 0 0 1 6 0 10 7 0 0 0 0 0 2 0 1 0 0 2 0 36 0 0 3
预测:     0 0 0 0 5 0 0 1 0 0 4 0 0 1 6 0 10 7 0 0 0 0 0 2 0 1 0 0 2 0 36 0 0 3
准确率:    1.0000 (34/34)
----------------------------------------
输入:       D>LH> LMSV> MN KL DBJC WKLJ XJLK
目标:     0 1 0 0 4 0 0 1 6 0 10 7 0 0 0 0 0 2 0 1 0 0 2 0 36 0 0 3 0 0 0 5 0
预测:     0 1 0 0 4 0 0 1 6 0 10 7 0 0 0 0 0 2 0 1 0 0 2 0 36 0 0 3 0 0 0 5 0
准确率:    1.0000 (33/33)
----------------------------------------
⏳ 验证无提升 (验证准确率: 0.9691 ≤ 0.9692)，patience: 2/50

======================================================================
🚀 Epoch 97/200
======================================================================
📚 开始训练阶段...
训练进度: 500/6065 损失=0.0142
训练进度: 1000/6065 损失=0.0078
训练进度: 1500/6065 损失=0.0017
训练进度: 2000/6065 损失=0.0103
训练进度: 2500/6065 损失=0.0097
训练进度: 3000/6065 损失=0.0243
训练进度: 3500/6065 损失=0.0115
训练进度: 4000/6065 损失=0.0273
训练进度: 4500/6065 损失=0.0067
训练进度: 5000/6065 损失=0.0270
训练进度: 5500/6065 损失=0.0045
训练进度: 6000/6065 损失=0.0141
训练进度: 6065/6065 损失=0.0035
✅ 训练完成，耗时: 107.4秒 (1.8分钟)

============================================================
📊 验证决策: Epoch 97/200
   验证间隔: 1
   是否验证: ✅ 是
   原因: 达到验证间隔 (0 == 0)
============================================================

🔍 开始验证...
验证进度: 500/686 损失=0.0194
验证进度: 686/686 损失=0.6640

📊 预测分布分析:
  - 预测的前5个类别: {np.int64(0): 282932, np.int64(1): 37074, np.int64(2): 14730, np.int64(3): 10840, np.int64(4): 9004}
  - 标签的前5个类别: {np.int64(0): 281232, np.int64(1): 36731, np.int64(2): 14789, np.int64(3): 10866, np.int64(4): 8585}
✅ 验证完成，耗时: 4.7秒 (0.1分钟)
训练损失: 0.0122
验证损失: 0.4268
验证准确率: 0.9687 (10621/10964) - 与Levenshtein高度相关
验证F1(加权): 0.9679 - 类别平衡更好
学习率: 0.000053
显存使用: 0.48GB (预留: 0.69GB)

生成的训练样本:
--------------------------------------------------------------------------------
输入:       <BD LQRJB> DJLH BJCT> WXSD> L> NSB
目标:     0 0 0 3 0 1 0 0 0 4 0 0 0 0 1 0 0 0 0 2 9 0 0 1 0 0 4 0 0 0 0 0 0 0 3
预测:     0 0 0 3 0 1 0 0 0 4 0 0 0 0 1 0 0 0 0 2 9 0 0 1 0 0 4 0 0 0 0 0 0 0 3
准确率:    1.0000 (35/35)
----------------------------------------
输入:       DNPQT BH MN MYRJN KLHWN JWMJ XJJK
目标:     0 1 0 0 3 12 0 1 0 0 0 0 0 0 0 0 0 2 0 0 5 0 0 0 0 0 0 2 0 0 0 322 1 0
预测:     0 1 0 0 3 12 0 1 0 0 0 0 0 0 0 0 0 2 0 0 5 0 0 0 0 0 0 2 0 0 0 322 1 0
准确率:    1.0000 (34/34)
----------------------------------------
输入:       W>NT LBC LBWCK W>CTGNJ MLK> D>JSRJL W<L
目标:     0 1 0 0 0 6 0 0 3 0 0 0 0 5 0 0 1 47 39 0 0 0 16 0 0 0 4 0 0 1 0 0 0 0 0 2 0 1 0 53
预测:     0 1 0 0 0 6 0 0 3 0 0 0 0 5 0 0 1 47 39 0 0 0 16 0 0 0 4 0 0 1 0 0 0 0 0 2 0 1 0 53
准确率:    1.0000 (40/40)
----------------------------------------

生成的验证样本:
--------------------------------------------------------------------------------
输入:       YBJNH D>LH> LMSV> MN KL DBJC WKLJ
目标:     0 0 0 0 5 0 0 1 0 0 4 0 0 1 6 0 10 7 0 0 0 0 0 2 0 1 0 0 2 0 36 0 0 3
预测:     0 0 0 0 5 0 0 1 0 0 4 0 0 1 6 0 10 7 0 0 0 0 0 2 0 1 0 0 2 0 36 0 0 3
准确率:    1.0000 (34/34)
----------------------------------------
输入:       D>LH> LMSV> MN KL DBJC WKLJ XJLK
目标:     0 1 0 0 4 0 0 1 6 0 10 7 0 0 0 0 0 2 0 1 0 0 2 0 36 0 0 3 0 0 0 5 0
预测:     0 1 0 0 4 0 0 1 6 0 10 7 0 0 0 0 0 2 0 1 0 0 2 0 36 0 0 3 0 0 0 5 0
准确率:    1.0000 (33/33)
----------------------------------------
⏳ 验证无提升 (验证准确率: 0.9687 ≤ 0.9692)，patience: 3/50

======================================================================
🚀 Epoch 98/200
======================================================================
📚 开始训练阶段...
训练进度: 500/6065 损失=0.0089
训练进度: 1000/6065 损失=0.0198
训练进度: 1500/6065 损失=0.0033
训练进度: 2000/6065 损失=0.0106
训练进度: 2500/6065 损失=0.0069
训练进度: 3000/6065 损失=0.0229
训练进度: 3500/6065 损失=0.0034
训练进度: 4000/6065 损失=0.0067
训练进度: 4500/6065 损失=0.0151
训练进度: 5000/6065 损失=0.0014
训练进度: 5500/6065 损失=0.0126
训练进度: 6000/6065 损失=0.0138
训练进度: 6065/6065 损失=0.0496
✅ 训练完成，耗时: 107.6秒 (1.8分钟)

============================================================
📊 验证决策: Epoch 98/200
   验证间隔: 1
   是否验证: ✅ 是
   原因: 达到验证间隔 (0 == 0)
============================================================

🔍 开始验证...
验证进度: 500/686 损失=0.0162
验证进度: 686/686 损失=0.5706

📊 预测分布分析:
  - 预测的前5个类别: {np.int64(0): 282828, np.int64(1): 37002, np.int64(2): 14703, np.int64(3): 10866, np.int64(4): 8852}
  - 标签的前5个类别: {np.int64(0): 281232, np.int64(1): 36731, np.int64(2): 14789, np.int64(3): 10866, np.int64(4): 8585}
✅ 验证完成，耗时: 4.8秒 (0.1分钟)
训练损失: 0.0117
验证损失: 0.4331
验证准确率: 0.9687 (10621/10964) - 与Levenshtein高度相关
验证F1(加权): 0.9680 - 类别平衡更好
学习率: 0.000052
显存使用: 0.48GB (预留: 0.69GB)

生成的训练样本:
--------------------------------------------------------------------------------
输入:       WDMHJMN LHWN TMN LBH W>N MN QDM
目标:     0 1 1 6 0 0 0 109 0 1 0 0 0 0 0 0 0 0 0 5 0 0 1 0 0 0 0 0 0 0 0 2
预测:     0 1 1 6 0 0 0 109 0 1 0 0 0 0 0 0 0 0 0 5 0 0 1 0 0 0 0 0 0 0 0 2
准确率:    1.0000 (32/32)
----------------------------------------
输入:       QDMJK BQWCT> WBLB> CLM> WDCPJR QDMJK <BDT
目标:     0 0 0 2 1 0 0 1 0 0 0 4 0 0 1 1 0 4 0 0 0 0 55 0 0 1 1 0 0 0 2 0 0 0 2 1 0 0 0 0 3 0
预测:     0 0 0 2 1 0 0 1 0 0 0 4 0 0 1 1 0 4 0 0 0 0 55 0 0 1 1 0 0 0 2 0 0 0 2 1 0 0 0 0 3 0
准确率:    1.0000 (42/42)
----------------------------------------
输入:       D>TXZJ BJHWD DHLJN LM KRWZ> >NWN DHW
目标:     0 1 0 14 0 0 3 0 1 0 0 0 13 0 1 0 0 0 0 0 0 0 0 0 0 0 11 0 0 0 0 0 0 0 1 0 0
预测:     0 1 0 14 0 0 3 0 1 0 0 0 13 0 1 0 0 0 0 0 0 0 0 0 0 0 11 0 0 0 0 0 0 0 1 0 0
准确率:    1.0000 (37/37)
----------------------------------------

生成的验证样本:
--------------------------------------------------------------------------------
输入:       YBJNH D>LH> LMSV> MN KL DBJC WKLJ
目标:     0 0 0 0 5 0 0 1 0 0 4 0 0 1 6 0 10 7 0 0 0 0 0 2 0 1 0 0 2 0 36 0 0 3
预测:     0 0 0 0 5 0 0 1 0 0 4 0 0 1 6 0 10 7 0 0 0 0 0 2 0 1 0 0 2 0 36 0 0 3
准确率:    1.0000 (34/34)
----------------------------------------
输入:       D>LH> LMSV> MN KL DBJC WKLJ XJLK
目标:     0 1 0 0 4 0 0 1 6 0 10 7 0 0 0 0 0 2 0 1 0 0 2 0 36 0 0 3 0 0 0 5 0
预测:     0 1 0 0 4 0 0 1 6 0 10 7 0 0 0 0 0 2 0 1 0 0 2 0 36 0 0 3 0 0 0 5 0
准确率:    1.0000 (33/33)
----------------------------------------
⏳ 验证无提升 (验证准确率: 0.9687 ≤ 0.9692)，patience: 4/50

======================================================================
🚀 Epoch 99/200
======================================================================
📚 开始训练阶段...
训练进度: 500/6065 损失=0.0094
训练进度: 1000/6065 损失=0.0006
训练进度: 1500/6065 损失=0.0259
训练进度: 2000/6065 损失=0.0068
训练进度: 2500/6065 损失=0.0072
训练进度: 3000/6065 损失=0.0086
训练进度: 3500/6065 损失=0.0037
训练进度: 4000/6065 损失=0.0154
训练进度: 4500/6065 损失=0.0075
训练进度: 5000/6065 损失=0.0128
训练进度: 5500/6065 损失=0.0084
训练进度: 6000/6065 损失=0.0294
训练进度: 6065/6065 损失=0.0132
✅ 训练完成，耗时: 107.7秒 (1.8分钟)

============================================================
📊 验证决策: Epoch 99/200
   验证间隔: 1
   是否验证: ✅ 是
   原因: 达到验证间隔 (0 == 0)
============================================================

🔍 开始验证...
验证进度: 500/686 损失=0.0552
验证进度: 686/686 损失=0.5985

📊 预测分布分析:
  - 预测的前5个类别: {np.int64(0): 282844, np.int64(1): 37061, np.int64(2): 14684, np.int64(3): 10802, np.int64(4): 9012}
  - 标签的前5个类别: {np.int64(0): 281232, np.int64(1): 36731, np.int64(2): 14789, np.int64(3): 10866, np.int64(4): 8585}
✅ 验证完成，耗时: 4.7秒 (0.1分钟)
训练损失: 0.0117
验证损失: 0.4388
验证准确率: 0.9686 (10619/10964) - 与Levenshtein高度相关
验证F1(加权): 0.9678 - 类别平衡更好
学习率: 0.000051
显存使用: 0.47GB (预留: 0.69GB)

生成的训练样本:
--------------------------------------------------------------------------------
输入:       BCNT CTM>> WXD> BXD BJRX> QDMJ> JBCW
目标:     0 1 0 13 0 0 0 5 0 0 2 0 1 0 2 0 0 1 0 2 0 1 0 0 4 0 0 0 0 0 4 0 0 0 0 3 0
预测:     0 1 0 13 0 0 0 5 0 0 2 0 1 0 2 0 0 1 0 2 0 1 0 0 4 0 0 0 0 0 4 0 0 0 0 3 0
准确率:    1.0000 (37/37)
----------------------------------------
输入:       KD XDR WXMC >MJN RWMH WXWV> DTLTJN
目标:     0 0 0 0 0 0 2 0 1 0 0 2 0 0 13 0 0 0 0 0 37 0 0 1 0 0 4 0 0 1 0 0 0 0 2
预测:     0 0 0 0 0 0 2 0 1 0 0 2 0 0 13 0 0 0 0 0 37 0 0 1 0 0 4 0 0 1 0 0 0 0 2
准确率:    1.0000 (35/35)
----------------------------------------
输入:       DXLWHJ DMRJ> SBRW LVWBH LXDWT> DL<LM WLPWRQN>
目标:     0 0 0 117 1 0 0 0 1 0 0 0 2 6 0 0 3 19 0 1 0 0 5 0 0 1 0 0 13 9 0 0 1 1 0 0 2 0 1 1 0 0 0 0 4 0
预测:     0 0 0 117 1 0 0 0 1 0 0 0 2 6 0 0 3 19 0 1 0 0 5 0 0 1 0 0 13 9 0 0 1 1 0 0 2 0 1 1 0 0 0 0 4 0
准确率:    1.0000 (46/46)
----------------------------------------

生成的验证样本:
--------------------------------------------------------------------------------
输入:       YBJNH D>LH> LMSV> MN KL DBJC WKLJ
目标:     0 0 0 0 5 0 0 1 0 0 4 0 0 1 6 0 10 7 0 0 0 0 0 2 0 1 0 0 2 0 36 0 0 3
预测:     0 0 0 0 5 0 0 1 0 0 4 0 0 1 6 0 10 7 0 0 0 0 0 2 0 1 0 0 2 0 36 0 0 3
准确率:    1.0000 (34/34)
----------------------------------------
输入:       D>LH> LMSV> MN KL DBJC WKLJ XJLK
目标:     0 1 0 0 4 0 0 1 6 0 10 7 0 0 0 0 0 2 0 1 0 0 2 0 36 0 0 3 0 0 0 5 0
预测:     0 1 0 0 4 0 0 1 6 0 10 7 0 0 0 0 0 2 0 1 0 0 2 0 36 0 0 3 0 0 0 5 0
准确率:    1.0000 (33/33)
----------------------------------------
⏳ 验证无提升 (验证准确率: 0.9686 ≤ 0.9692)，patience: 5/50

======================================================================
🚀 Epoch 100/200
======================================================================
📚 开始训练阶段...
训练进度: 500/6065 损失=0.0189
训练进度: 1000/6065 损失=0.0087
训练进度: 1500/6065 损失=0.0229
训练进度: 2000/6065 损失=0.0123
训练进度: 2500/6065 损失=0.0032
训练进度: 3000/6065 损失=0.0026
训练进度: 3500/6065 损失=0.0074
训练进度: 4000/6065 损失=0.0028
训练进度: 4500/6065 损失=0.0015
训练进度: 5000/6065 损失=0.0063
训练进度: 5500/6065 损失=0.0176
训练进度: 6000/6065 损失=0.0065
训练进度: 6065/6065 损失=0.0070
✅ 训练完成，耗时: 107.9秒 (1.8分钟)

============================================================
📊 验证决策: Epoch 100/200
   验证间隔: 1
   是否验证: ✅ 是
   原因: 达到验证间隔 (0 == 0)
============================================================

🔍 开始验证...
验证进度: 500/686 损失=0.0697
验证进度: 686/686 损失=0.6245

📊 预测分布分析:
  - 预测的前5个类别: {np.int64(0): 282957, np.int64(1): 37084, np.int64(2): 14677, np.int64(3): 10714, np.int64(4): 8856}
  - 标签的前5个类别: {np.int64(0): 281232, np.int64(1): 36731, np.int64(2): 14789, np.int64(3): 10866, np.int64(4): 8585}
✅ 验证完成，耗时: 4.7秒 (0.1分钟)
训练损失: 0.0114
验证损失: 0.4400
验证准确率: 0.9690 (10624/10964) - 与Levenshtein高度相关
验证F1(加权): 0.9683 - 类别平衡更好
学习率: 0.000051
显存使用: 0.48GB (预留: 0.69GB)

生成的训练样本:
--------------------------------------------------------------------------------
输入:       CBQJN >N> DJN BQL> DTWDJT> >DBX LK
目标:     0 0 0 7 0 0 0 0 0 0 0 0 0 0 0 1 0 4 0 0 1 0 0 0 2 9 0 0 6 0 0 16 0 1 0
预测:     0 0 0 7 0 0 0 0 0 0 0 0 0 0 0 1 0 4 0 0 1 0 0 0 2 9 0 0 6 0 0 16 0 1 0
准确率:    1.0000 (35/35)
----------------------------------------
输入:       WMC LBN KLH MCKN> WL> >CKX W>MRT
目标:     0 1 31 3 0 0 0 2 0 0 5 0 0 0 0 0 15 0 0 1 0 0 0 17 0 0 3 0 1 0 0 3 26
预测:     0 1 31 3 0 0 0 2 0 0 5 0 0 0 0 0 15 0 0 1 0 0 0 17 0 0 3 0 1 0 0 3 26
准确率:    1.0000 (33/33)
----------------------------------------
输入:       WMZMKJH DDHB> DKJ> MN KKR> DDHB> DKJ>
目标:     0 1 0 0 0 2 1 12 0 1 0 0 4 0 0 0 0 43 27 0 0 0 0 0 0 4 0 0 1 0 0 4 0 0 0 0 43 27
预测:     0 1 0 0 0 2 1 12 0 1 0 0 4 0 0 0 0 43 27 0 0 0 0 0 0 4 0 0 1 0 0 4 0 0 0 0 43 27
准确率:    1.0000 (38/38)
----------------------------------------

生成的验证样本:
--------------------------------------------------------------------------------
输入:       YBJNH D>LH> LMSV> MN KL DBJC WKLJ
目标:     0 0 0 0 5 0 0 1 0 0 4 0 0 1 6 0 10 7 0 0 0 0 0 2 0 1 0 0 2 0 36 0 0 3
预测:     0 0 0 0 5 0 0 1 0 0 4 0 0 1 6 0 10 7 0 0 0 0 0 2 0 1 0 0 2 0 36 0 0 3
准确率:    1.0000 (34/34)
----------------------------------------
输入:       D>LH> LMSV> MN KL DBJC WKLJ XJLK
目标:     0 1 0 0 4 0 0 1 6 0 10 7 0 0 0 0 0 2 0 1 0 0 2 0 36 0 0 3 0 0 0 5 0
预测:     0 1 0 0 4 0 0 1 6 0 10 7 0 0 0 0 0 2 0 1 0 0 2 0 36 0 0 3 0 0 0 5 0
准确率:    1.0000 (33/33)
----------------------------------------
⏳ 验证无提升 (验证准确率: 0.9690 ≤ 0.9692)，patience: 6/50

======================================================================
🚀 Epoch 101/200
======================================================================
📚 开始训练阶段...
训练进度: 500/6065 损失=0.0091
训练进度: 1000/6065 损失=0.0213
训练进度: 1500/6065 损失=0.0012
训练进度: 2000/6065 损失=0.0204
训练进度: 2500/6065 损失=0.0059
训练进度: 3000/6065 损失=0.0051
训练进度: 3500/6065 损失=0.0055
训练进度: 4000/6065 损失=0.0086
训练进度: 4500/6065 损失=0.0105
训练进度: 5000/6065 损失=0.0076
训练进度: 5500/6065 损失=0.0236
训练进度: 6000/6065 损失=0.0083
训练进度: 6065/6065 损失=0.0061
✅ 训练完成，耗时: 108.4秒 (1.8分钟)

============================================================
📊 验证决策: Epoch 101/200
   验证间隔: 1
   是否验证: ✅ 是
   原因: 达到验证间隔 (0 == 0)
============================================================

🔍 开始验证...
验证进度: 500/686 损失=0.0313
验证进度: 686/686 损失=0.6777

📊 预测分布分析:
  - 预测的前5个类别: {np.int64(0): 282888, np.int64(1): 37027, np.int64(2): 14778, np.int64(3): 10823, np.int64(4): 8943}
  - 标签的前5个类别: {np.int64(0): 281232, np.int64(1): 36731, np.int64(2): 14789, np.int64(3): 10866, np.int64(4): 8585}
✅ 验证完成，耗时: 4.7秒 (0.1分钟)
训练损失: 0.0111
验证损失: 0.4447
验证准确率: 0.9689 (10623/10964) - 与Levenshtein高度相关
验证F1(加权): 0.9682 - 类别平衡更好
学习率: 0.000050
显存使用: 0.48GB (预留: 0.69GB)

生成的训练样本:
--------------------------------------------------------------------------------
输入:       D<Z> WSMJD> W>SQ <L K>P> LMRJ> WMCBX
目标:     0 1 0 11 0 0 1 0 0 0 4 0 0 1 17 64 3 0 0 0 0 0 0 4 0 0 1 0 0 0 2 0 1 6 0 0 41
预测:     0 1 0 11 0 0 1 0 0 0 4 0 0 1 17 64 3 0 0 0 0 0 0 4 0 0 1 0 0 0 2 0 1 6 0 0 41
准确率:    1.0000 (37/37)
----------------------------------------
输入:       TJ NCQ> L>BWN XMR> WNDMK <MH WNQJM
目标:     21 0 139 0 112 0 10 3 0 1 0 8 5 0 0 0 0 4 0 0 1 44 0 0 3 0 0 1 0 0 1 112 20 0 3
预测:     21 0 139 0 112 0 10 3 0 1 0 8 5 0 0 0 0 4 0 0 1 44 0 0 3 0 0 1 0 0 1 112 20 0 3
准确率:    1.0000 (35/35)
----------------------------------------
输入:       DQJMJN HWW BH >JNW HKJL KJNH DBRNC>
目标:     0 1 20 0 7 0 0 0 0 18 0 0 1 0 0 0 0 81 0 0 0 0 0 0 0 0 0 5 0 0 1 0 84 0 4 0
预测:     0 1 20 0 7 0 0 0 0 18 0 0 1 0 0 0 0 81 0 0 0 0 0 0 0 0 0 5 0 0 1 0 84 0 4 0
准确率:    1.0000 (36/36)
----------------------------------------

生成的验证样本:
--------------------------------------------------------------------------------
输入:       YBJNH D>LH> LMSV> MN KL DBJC WKLJ
目标:     0 0 0 0 5 0 0 1 0 0 4 0 0 1 6 0 10 7 0 0 0 0 0 2 0 1 0 0 2 0 36 0 0 3
预测:     0 0 0 0 5 0 0 1 0 0 4 0 0 1 6 0 10 7 0 0 0 0 0 2 0 1 0 0 2 0 36 0 0 3
准确率:    1.0000 (34/34)
----------------------------------------
输入:       D>LH> LMSV> MN KL DBJC WKLJ XJLK
目标:     0 1 0 0 4 0 0 1 6 0 10 7 0 0 0 0 0 2 0 1 0 0 2 0 36 0 0 3 0 0 0 5 0
预测:     0 1 0 0 4 0 0 1 6 0 10 7 0 0 0 0 0 2 0 1 0 0 2 0 36 0 0 3 0 0 0 5 0
准确率:    1.0000 (33/33)
----------------------------------------
⏳ 验证无提升 (验证准确率: 0.9689 ≤ 0.9692)，patience: 7/50

======================================================================
🚀 Epoch 102/200
======================================================================
📚 开始训练阶段...
训练进度: 500/6065 损失=0.0025
训练进度: 1000/6065 损失=0.0063
训练进度: 1500/6065 损失=0.0038
训练进度: 2000/6065 损失=0.0330
训练进度: 2500/6065 损失=0.0151
训练进度: 3000/6065 损失=0.0243
训练进度: 3500/6065 损失=0.0068
训练进度: 4000/6065 损失=0.0358
训练进度: 4500/6065 损失=0.0041
训练进度: 5000/6065 损失=0.0060
训练进度: 5500/6065 损失=0.0008
训练进度: 6000/6065 损失=0.0245
训练进度: 6065/6065 损失=0.0261
✅ 训练完成，耗时: 108.4秒 (1.8分钟)

============================================================
📊 验证决策: Epoch 102/200
   验证间隔: 1
   是否验证: ✅ 是
   原因: 达到验证间隔 (0 == 0)
============================================================

🔍 开始验证...
验证进度: 500/686 损失=0.1002
验证进度: 686/686 损失=0.6842

📊 预测分布分析:
  - 预测的前5个类别: {np.int64(0): 283096, np.int64(1): 37093, np.int64(2): 14653, np.int64(3): 10850, np.int64(4): 9166}
  - 标签的前5个类别: {np.int64(0): 281232, np.int64(1): 36731, np.int64(2): 14789, np.int64(3): 10866, np.int64(4): 8585}
✅ 验证完成，耗时: 4.7秒 (0.1分钟)
训练损失: 0.0110
验证损失: 0.4500
验证准确率: 0.9690 (10624/10964) - 与Levenshtein高度相关
验证F1(加权): 0.9682 - 类别平衡更好
学习率: 0.000049
显存使用: 0.48GB (预留: 0.69GB)

生成的训练样本:
--------------------------------------------------------------------------------
输入:       WXZJ D<MK HN> <M> HW RB> W>MR
目标:     0 36 0 0 3 0 1 0 37 0 0 0 0 0 0 0 15 0 0 0 0 0 0 4 0 0 1 0 0 3
预测:     0 36 0 0 3 0 1 0 37 0 0 0 0 0 0 0 15 0 0 0 0 0 0 4 0 0 1 0 0 3
准确率:    1.0000 (30/30)
----------------------------------------
输入:       MDM WMNH KL MDM HKN> BNWR> KL
目标:     0 0 0 2 0 1 0 1 12 0 0 2 0 0 0 2 0 0 0 0 0 0 1 0 0 4 0 0 0 2
预测:     0 0 0 2 0 1 0 1 12 0 0 2 0 0 0 2 0 0 0 0 0 0 1 0 0 4 0 0 0 2
准确率:    1.0000 (30/30)
----------------------------------------
输入:       <L HGR WBVNT WKD XZT DBVNT ZLT
目标:     0 0 0 0 0 0 2 0 1 0 0 3 26 0 1 0 0 0 0 18 26 0 1 0 0 3 26 0 0 53 92
预测:     0 0 0 0 0 0 2 0 1 0 0 3 26 0 1 0 0 0 0 18 26 0 1 0 0 3 26 0 0 53 92
准确率:    1.0000 (31/31)
----------------------------------------

生成的验证样本:
--------------------------------------------------------------------------------
输入:       YBJNH D>LH> LMSV> MN KL DBJC WKLJ
目标:     0 0 0 0 5 0 0 1 0 0 4 0 0 1 6 0 10 7 0 0 0 0 0 2 0 1 0 0 2 0 36 0 0 3
预测:     0 0 0 0 5 0 0 1 0 0 4 0 0 1 6 0 10 7 0 0 0 0 0 2 0 1 0 0 2 0 36 0 0 3
准确率:    1.0000 (34/34)
----------------------------------------
输入:       D>LH> LMSV> MN KL DBJC WKLJ XJLK
目标:     0 1 0 0 4 0 0 1 6 0 10 7 0 0 0 0 0 2 0 1 0 0 2 0 36 0 0 3 0 0 0 5 0
预测:     0 1 0 0 4 0 0 1 6 0 10 7 0 0 0 0 0 2 0 1 0 0 2 0 36 0 0 3 0 0 0 5 0
准确率:    1.0000 (33/33)
----------------------------------------
⏳ 验证无提升 (验证准确率: 0.9690 ≤ 0.9692)，patience: 8/50

======================================================================
🚀 Epoch 103/200
======================================================================
📚 开始训练阶段...
训练进度: 500/6065 损失=0.0145
训练进度: 1000/6065 损失=0.0169
训练进度: 1500/6065 损失=0.0055
训练进度: 2000/6065 损失=0.0025
训练进度: 2500/6065 损失=0.0035
训练进度: 3000/6065 损失=0.0027
训练进度: 3500/6065 损失=0.0010
训练进度: 4000/6065 损失=0.0102
训练进度: 4500/6065 损失=0.0008
训练进度: 5000/6065 损失=0.0068
训练进度: 5500/6065 损失=0.0113
训练进度: 6000/6065 损失=0.0361
训练进度: 6065/6065 损失=0.0219
✅ 训练完成，耗时: 108.2秒 (1.8分钟)

============================================================
📊 验证决策: Epoch 103/200
   验证间隔: 1
   是否验证: ✅ 是
   原因: 达到验证间隔 (0 == 0)
============================================================

🔍 开始验证...
验证进度: 500/686 损失=0.1099
验证进度: 686/686 损失=0.5997

📊 预测分布分析:
  - 预测的前5个类别: {np.int64(0): 282727, np.int64(1): 37079, np.int64(2): 14709, np.int64(3): 10874, np.int64(4): 8993}
  - 标签的前5个类别: {np.int64(0): 281232, np.int64(1): 36731, np.int64(2): 14789, np.int64(3): 10866, np.int64(4): 8585}
✅ 验证完成，耗时: 4.7秒 (0.1分钟)
训练损失: 0.0108
验证损失: 0.4434
验证准确率: 0.9688 (10621/10964) - 与Levenshtein高度相关
验证F1(加权): 0.9681 - 类别平衡更好
学习率: 0.000048
显存使用: 0.48GB (预留: 0.69GB)

生成的训练样本:
--------------------------------------------------------------------------------
输入:       <SRJN W>CT> >LPJN GBRJN CMVJ SJP> SVR
目标:     0 0 0 2 0 0 0 35 0 0 2 0 0 0 0 2 0 0 0 0 0 2 0 0 0 0 0 7 0 0 0 0 4 0 0 0 0 2
预测:     0 0 0 2 0 0 0 35 0 0 2 0 0 0 0 2 0 0 0 0 0 2 0 0 0 0 0 7 0 0 0 0 4 0 0 0 0 2
准确率:    1.0000 (38/38)
----------------------------------------
输入:       DMRDJ> XLB> WDBC> MVWL D>R<> D<>LJN >NTWN
目标:     0 1 28 0 0 7 0 0 0 0 4 0 0 1 0 0 4 0 0 0 8 0 0 0 1 0 0 4 0 0 1 8 0 83 0 0 0 0 0 0 0 0
预测:     0 1 28 0 0 7 0 0 0 0 4 0 0 1 0 0 4 0 0 0 8 0 0 0 1 0 0 4 0 0 1 8 0 83 0 0 0 0 0 0 0 0
准确率:    1.0000 (42/42)
----------------------------------------
输入:       QRJB HW LK PTGM> VB BPWMK WBLBK
目标:     0 0 0 0 2 0 0 0 0 1 0 0 0 0 0 4 0 0 0 2 0 1 0 0 5 0 0 1 1 0 5 0
预测:     0 0 0 0 2 0 0 0 0 1 0 0 0 0 0 4 0 0 0 2 0 1 0 0 5 0 0 1 1 0 5 0
准确率:    1.0000 (32/32)
----------------------------------------

生成的验证样本:
--------------------------------------------------------------------------------
输入:       YBJNH D>LH> LMSV> MN KL DBJC WKLJ
目标:     0 0 0 0 5 0 0 1 0 0 4 0 0 1 6 0 10 7 0 0 0 0 0 2 0 1 0 0 2 0 36 0 0 3
预测:     0 0 0 0 5 0 0 1 0 0 4 0 0 1 6 0 10 7 0 0 0 0 0 2 0 1 0 0 2 0 36 0 0 3
准确率:    1.0000 (34/34)
----------------------------------------
输入:       D>LH> LMSV> MN KL DBJC WKLJ XJLK
目标:     0 1 0 0 4 0 0 1 6 0 10 7 0 0 0 0 0 2 0 1 0 0 2 0 36 0 0 3 0 0 0 5 0
预测:     0 1 0 0 4 0 0 1 6 0 10 7 0 0 0 0 0 2 0 1 0 0 2 0 36 0 0 3 0 0 0 5 0
准确率:    1.0000 (33/33)
----------------------------------------
⏳ 验证无提升 (验证准确率: 0.9688 ≤ 0.9692)，patience: 9/50

======================================================================
🚀 Epoch 104/200
======================================================================
📚 开始训练阶段...
训练进度: 500/6065 损失=0.0056
训练进度: 1000/6065 损失=0.0059
训练进度: 1500/6065 损失=0.0039
训练进度: 2000/6065 损失=0.0017
训练进度: 2500/6065 损失=0.0088
训练进度: 3000/6065 损失=0.0269
训练进度: 3500/6065 损失=0.0082
训练进度: 4000/6065 损失=0.0272
训练进度: 4500/6065 损失=0.0269
训练进度: 5000/6065 损失=0.0105
训练进度: 5500/6065 损失=0.0117
训练进度: 6000/6065 损失=0.0124
训练进度: 6065/6065 损失=0.0012
✅ 训练完成，耗时: 108.5秒 (1.8分钟)

============================================================
📊 验证决策: Epoch 104/200
   验证间隔: 1
   是否验证: ✅ 是
   原因: 达到验证间隔 (0 == 0)
============================================================

🔍 开始验证...
验证进度: 500/686 损失=0.0507
验证进度: 686/686 损失=0.5138

📊 预测分布分析:
  - 预测的前5个类别: {np.int64(0): 282993, np.int64(1): 37123, np.int64(2): 14768, np.int64(3): 10877, np.int64(4): 8899}
  - 标签的前5个类别: {np.int64(0): 281232, np.int64(1): 36731, np.int64(2): 14789, np.int64(3): 10866, np.int64(4): 8585}
✅ 验证完成，耗时: 4.8秒 (0.1分钟)
训练损失: 0.0104
验证损失: 0.4487
验证准确率: 0.9690 (10623/10964) - 与Levenshtein高度相关
验证F1(加权): 0.9681 - 类别平衡更好
学习率: 0.000048
显存使用: 0.48GB (预留: 0.69GB)

生成的训练样本:
--------------------------------------------------------------------------------
输入:       MNJ XCWK> >W NHJR> >N XCWK> SGJ
目标:     0 0 0 62 0 0 0 0 4 0 0 0 0 0 0 0 0 4 0 0 0 0 0 0 0 0 4 0 0 0 0 3
预测:     0 0 0 62 0 0 0 0 4 0 0 0 0 0 0 0 0 4 0 0 0 0 0 0 0 0 4 0 0 0 0 3
准确率:    1.0000 (32/32)
----------------------------------------
输入:       <BWR> DCNJ> HLJN VBT> D>TJN WNXMLWN <BWR>
目标:     0 0 0 0 4 0 0 1 0 13 9 0 0 0 0 0 0 0 0 2 23 0 0 1 0 0 7 0 0 1 6 0 0 3 0 0 0 0 0 0 4 0
预测:     0 0 0 0 4 0 0 1 0 13 9 0 0 0 0 0 0 0 0 2 23 0 0 1 0 0 7 0 0 1 6 0 0 3 0 0 0 0 0 0 4 0
准确率:    1.0000 (42/42)
----------------------------------------
输入:       LMN> Q>M >NT BCWQ> W>N> TQNT BJT>
目标:     0 1 0 0 0 0 20 0 7 0 0 0 0 0 1 0 0 4 0 0 1 0 0 0 0 0 0 3 19 0 0 0 4 0
预测:     0 1 0 0 0 0 20 0 7 0 0 0 0 0 1 0 0 4 0 0 1 0 0 0 0 0 0 3 19 0 0 0 4 0
准确率:    1.0000 (34/34)
----------------------------------------

生成的验证样本:
--------------------------------------------------------------------------------
输入:       YBJNH D>LH> LMSV> MN KL DBJC WKLJ
目标:     0 0 0 0 5 0 0 1 0 0 4 0 0 1 6 0 10 7 0 0 0 0 0 2 0 1 0 0 2 0 36 0 0 3
预测:     0 0 0 0 5 0 0 1 0 0 4 0 0 1 6 0 10 7 0 0 0 0 0 2 0 1 0 0 2 0 36 0 0 3
准确率:    1.0000 (34/34)
----------------------------------------
输入:       D>LH> LMSV> MN KL DBJC WKLJ XJLK
目标:     0 1 0 0 4 0 0 1 6 0 10 7 0 0 0 0 0 2 0 1 0 0 2 0 36 0 0 3 0 0 0 5 0
预测:     0 1 0 0 4 0 0 1 6 0 10 7 0 0 0 0 0 2 0 1 0 0 2 0 36 0 0 3 0 0 0 5 0
准确率:    1.0000 (33/33)
----------------------------------------
⏳ 验证无提升 (验证准确率: 0.9690 ≤ 0.9692)，patience: 10/50

======================================================================
🚀 Epoch 105/200
======================================================================
📚 开始训练阶段...
训练进度: 500/6065 损失=0.0023
训练进度: 1000/6065 损失=0.0093
训练进度: 1500/6065 损失=0.0042
训练进度: 2000/6065 损失=0.0033
训练进度: 2500/6065 损失=0.0070
训练进度: 3000/6065 损失=0.0101
训练进度: 3500/6065 损失=0.0130
训练进度: 4000/6065 损失=0.0027
训练进度: 4500/6065 损失=0.0020
训练进度: 5000/6065 损失=0.0026
训练进度: 5500/6065 损失=0.0063
训练进度: 6000/6065 损失=0.0072
训练进度: 6065/6065 损失=0.0085
✅ 训练完成，耗时: 108.4秒 (1.8分钟)

============================================================
📊 验证决策: Epoch 105/200
   验证间隔: 1
   是否验证: ✅ 是
   原因: 达到验证间隔 (0 == 0)
============================================================

🔍 开始验证...
验证进度: 500/686 损失=0.0480
验证进度: 686/686 损失=0.6031

📊 预测分布分析:
  - 预测的前5个类别: {np.int64(0): 282965, np.int64(1): 37037, np.int64(2): 14770, np.int64(3): 10889, np.int64(4): 8936}
  - 标签的前5个类别: {np.int64(0): 281232, np.int64(1): 36731, np.int64(2): 14789, np.int64(3): 10866, np.int64(4): 8585}
✅ 验证完成，耗时: 4.7秒 (0.1分钟)
训练损失: 0.0102
验证损失: 0.4586
验证准确率: 0.9691 (10624/10964) - 与Levenshtein高度相关
验证F1(加权): 0.9682 - 类别平衡更好
学习率: 0.000047
显存使用: 0.48GB (预留: 0.69GB)

生成的训练样本:
--------------------------------------------------------------------------------
输入:       LH L> DXL >P MN MLK> DHLJN
目标:     0 1 0 0 0 0 0 0 0 7 0 0 0 0 0 0 0 0 0 4 0 0 1 0 0 0 0
预测:     0 1 0 0 0 0 0 0 0 7 0 0 0 0 0 0 0 0 0 4 0 0 1 0 0 0 0
准确率:    1.0000 (27/27)
----------------------------------------
输入:       DDLM> LBRH NKR> HW> >P L> XC>
目标:     0 1 0 0 0 0 0 1 0 5 0 0 6 0 10 3 0 0 10 3 0 0 0 0 0 0 0 0 11 0
预测:     0 1 0 0 0 0 0 1 0 5 0 0 6 0 10 3 0 0 10 3 0 0 0 0 0 0 0 0 11 0
准确率:    1.0000 (30/30)
----------------------------------------
输入:       L> TTKL <L NKS> D<WL> MVWL DL>
目标:     0 0 0 0 6 0 0 3 0 0 0 0 0 0 11 0 0 1 0 0 15 0 0 0 8 0 0 0 1 0 0
预测:     0 0 0 0 6 0 0 3 0 0 0 0 0 0 11 0 0 1 0 0 15 0 0 0 8 0 0 0 1 0 0
准确率:    1.0000 (31/31)
----------------------------------------

生成的验证样本:
--------------------------------------------------------------------------------
输入:       YBJNH D>LH> LMSV> MN KL DBJC WKLJ
目标:     0 0 0 0 5 0 0 1 0 0 4 0 0 1 6 0 10 7 0 0 0 0 0 2 0 1 0 0 2 0 36 0 0 3
预测:     0 0 0 0 5 0 0 1 0 0 4 0 0 1 6 0 10 7 0 0 0 0 0 2 0 1 0 0 2 0 36 0 0 3
准确率:    1.0000 (34/34)
----------------------------------------
输入:       D>LH> LMSV> MN KL DBJC WKLJ XJLK
目标:     0 1 0 0 4 0 0 1 6 0 10 7 0 0 0 0 0 2 0 1 0 0 2 0 36 0 0 3 0 0 0 5 0
预测:     0 1 0 0 4 0 0 1 6 0 10 7 0 0 0 0 0 2 0 1 0 0 2 0 36 0 0 3 0 0 0 5 0
准确率:    1.0000 (33/33)
----------------------------------------
⏳ 验证无提升 (验证准确率: 0.9691 ≤ 0.9692)，patience: 11/50

======================================================================
🚀 Epoch 106/200
======================================================================
📚 开始训练阶段...
训练进度: 500/6065 损失=0.0411
训练进度: 1000/6065 损失=0.0012
训练进度: 1500/6065 损失=0.0140
训练进度: 2000/6065 损失=0.0031
训练进度: 2500/6065 损失=0.0132
训练进度: 3000/6065 损失=0.0054
训练进度: 3500/6065 损失=0.0100
训练进度: 4000/6065 损失=0.0141
训练进度: 4500/6065 损失=0.0033
训练进度: 5000/6065 损失=0.0210
训练进度: 5500/6065 损失=0.0133
训练进度: 6000/6065 损失=0.0077
训练进度: 6065/6065 损失=0.0038
✅ 训练完成，耗时: 108.2秒 (1.8分钟)

============================================================
📊 验证决策: Epoch 106/200
   验证间隔: 1
   是否验证: ✅ 是
   原因: 达到验证间隔 (0 == 0)
============================================================

🔍 开始验证...
验证进度: 500/686 损失=0.0502
验证进度: 686/686 损失=0.5239

📊 预测分布分析:
  - 预测的前5个类别: {np.int64(0): 283023, np.int64(1): 37027, np.int64(2): 14708, np.int64(3): 10734, np.int64(4): 8988}
  - 标签的前5个类别: {np.int64(0): 281232, np.int64(1): 36731, np.int64(2): 14789, np.int64(3): 10866, np.int64(4): 8585}
✅ 验证完成，耗时: 4.8秒 (0.1分钟)
训练损失: 0.0098
验证损失: 0.4569
验证准确率: 0.9686 (10620/10964) - 与Levenshtein高度相关
验证F1(加权): 0.9679 - 类别平衡更好
学习率: 0.000046
显存使用: 0.48GB (预留: 0.69GB)

生成的训练样本:
--------------------------------------------------------------------------------
输入:       HW JD<T DLJT >LH> BKLH >R<> >L>
目标:     0 0 0 0 0 0 3 0 0 1 58 0 24 0 0 0 4 0 0 1 0 5 12 0 0 0 4 0 0 0 0 0
预测:     0 0 0 0 0 0 3 0 0 1 58 0 24 0 0 0 4 0 0 1 0 5 12 0 0 0 4 0 0 0 0 0
准确率:    1.0000 (32/32)
----------------------------------------
输入:       WL> XWJT L<BDJK MN NTB <L KWRSJH
目标:     0 1 0 0 0 0 0 3 89 0 1 0 0 22 1 0 0 0 12 0 52 0 3 0 0 0 0 0 0 0 0 5 0
预测:     0 1 0 0 0 0 0 3 89 0 1 0 0 22 1 0 0 0 12 0 52 0 3 0 0 0 0 0 0 0 0 5 0
准确率:    1.0000 (33/33)
----------------------------------------
输入:       <MH QCJ>JT >MR LHWN MN> <BDT HC>
目标:     0 0 1 0 0 0 0 0 0 0 0 0 0 0 7 0 1 0 0 0 0 0 0 0 0 0 0 3 0 0 0 4 0
预测:     0 0 1 0 0 0 0 0 0 0 0 0 0 0 7 0 1 0 0 0 0 0 0 0 0 0 0 3 0 0 0 4 0
准确率:    1.0000 (33/33)
----------------------------------------

生成的验证样本:
--------------------------------------------------------------------------------
输入:       YBJNH D>LH> LMSV> MN KL DBJC WKLJ
目标:     0 0 0 0 5 0 0 1 0 0 4 0 0 1 6 0 10 7 0 0 0 0 0 2 0 1 0 0 2 0 36 0 0 3
预测:     0 0 0 0 5 0 0 1 0 0 4 0 0 1 6 0 10 7 0 0 0 0 0 2 0 1 0 0 2 0 36 0 0 3
准确率:    1.0000 (34/34)
----------------------------------------
输入:       D>LH> LMSV> MN KL DBJC WKLJ XJLK
目标:     0 1 0 0 4 0 0 1 6 0 10 7 0 0 0 0 0 2 0 1 0 0 2 0 36 0 0 3 0 0 0 5 0
预测:     0 1 0 0 4 0 0 1 6 0 10 7 0 0 0 0 0 2 0 1 0 0 2 0 36 0 0 3 0 0 0 5 0
准确率:    1.0000 (33/33)
----------------------------------------
⏳ 验证无提升 (验证准确率: 0.9686 ≤ 0.9692)，patience: 12/50

======================================================================
🚀 Epoch 107/200
======================================================================
📚 开始训练阶段...
训练进度: 500/6065 损失=0.0159
训练进度: 1000/6065 损失=0.0044
训练进度: 1500/6065 损失=0.0724
训练进度: 2000/6065 损失=0.0010
训练进度: 2500/6065 损失=0.0009
训练进度: 3000/6065 损失=0.0041
训练进度: 3500/6065 损失=0.0008
训练进度: 4000/6065 损失=0.0011
训练进度: 4500/6065 损失=0.0133
训练进度: 5000/6065 损失=0.0119
训练进度: 5500/6065 损失=0.0150
训练进度: 6000/6065 损失=0.0025
训练进度: 6065/6065 损失=0.0052
✅ 训练完成，耗时: 107.9秒 (1.8分钟)

============================================================
📊 验证决策: Epoch 107/200
   验证间隔: 1
   是否验证: ✅ 是
   原因: 达到验证间隔 (0 == 0)
============================================================

🔍 开始验证...
验证进度: 500/686 损失=0.0980
验证进度: 686/686 损失=0.5457

📊 预测分布分析:
  - 预测的前5个类别: {np.int64(0): 282910, np.int64(1): 37068, np.int64(2): 14705, np.int64(3): 10740, np.int64(4): 8876}
  - 标签的前5个类别: {np.int64(0): 281232, np.int64(1): 36731, np.int64(2): 14789, np.int64(3): 10866, np.int64(4): 8585}
✅ 验证完成，耗时: 4.8秒 (0.1分钟)
训练损失: 0.0097
验证损失: 0.4589
验证准确率: 0.9685 (10618/10964) - 与Levenshtein高度相关
验证F1(加权): 0.9677 - 类别平衡更好
学习率: 0.000045
显存使用: 0.48GB (预留: 0.69GB)

生成的训练样本:
--------------------------------------------------------------------------------
输入:       LM<DRW >P NJNWJ> LBNJHWN KD >YVN<W DNPJSWN
目标:     0 1 6 0 0 7 19 0 0 0 0 0 0 0 0 11 0 0 1 0 2 1 0 0 0 0 0 0 0 47 97 0 0 33 19 0 1 6 0 0 3 0 0
预测:     0 1 6 0 0 7 19 0 0 0 0 0 0 0 0 11 0 0 1 0 2 1 0 0 0 0 0 0 0 47 97 0 0 33 19 0 1 6 0 0 3 0 0
准确率:    1.0000 (43/43)
----------------------------------------
输入:       WKLH <LLT> DXQLH MN JWM> DCBQTH L>R<>
目标:     0 1 0 5 12 0 0 0 13 9 0 0 1 0 0 5 12 0 0 0 0 0 0 4 0 0 1 0 0 3 90 12 0 1 0 0 4 0
预测:     0 1 0 5 12 0 0 0 13 9 0 0 1 0 0 5 12 0 0 0 0 0 0 4 0 0 1 0 0 3 90 12 0 1 0 0 4 0
准确率:    1.0000 (38/38)
----------------------------------------
输入:       >LHK >L> B>TR> DNGB> MRJ> >LHK LMCRJW
目标:     0 0 0 5 0 0 0 0 0 0 1 0 0 4 0 0 1 6 0 10 3 0 0 0 0 2 0 0 0 5 0 0 1 28 0 0 7 0
预测:     0 0 0 5 0 0 0 0 0 0 1 0 0 4 0 0 1 6 0 10 3 0 0 0 0 2 0 0 0 5 0 0 1 28 0 0 7 0
准确率:    1.0000 (38/38)
----------------------------------------

生成的验证样本:
--------------------------------------------------------------------------------
输入:       YBJNH D>LH> LMSV> MN KL DBJC WKLJ
目标:     0 0 0 0 5 0 0 1 0 0 4 0 0 1 6 0 10 7 0 0 0 0 0 2 0 1 0 0 2 0 36 0 0 3
预测:     0 0 0 0 5 0 0 1 0 0 4 0 0 1 6 0 10 7 0 0 0 0 0 2 0 1 0 0 2 0 36 0 0 3
准确率:    1.0000 (34/34)
----------------------------------------
输入:       D>LH> LMSV> MN KL DBJC WKLJ XJLK
目标:     0 1 0 0 4 0 0 1 6 0 10 7 0 0 0 0 0 2 0 1 0 0 2 0 36 0 0 3 0 0 0 5 0
预测:     0 1 0 0 4 0 0 1 6 0 10 7 0 0 0 0 0 2 0 1 0 0 2 0 36 0 0 3 0 0 0 5 0
准确率:    1.0000 (33/33)
----------------------------------------
⏳ 验证无提升 (验证准确率: 0.9685 ≤ 0.9692)，patience: 13/50

======================================================================
🚀 Epoch 108/200
======================================================================
📚 开始训练阶段...
训练进度: 500/6065 损失=0.0156
训练进度: 1000/6065 损失=0.0147
训练进度: 1500/6065 损失=0.0034
训练进度: 2000/6065 损失=0.0171
训练进度: 2500/6065 损失=0.0050
训练进度: 3000/6065 损失=0.0060
训练进度: 3500/6065 损失=0.0347
训练进度: 4000/6065 损失=0.0009
训练进度: 4500/6065 损失=0.0055
训练进度: 5000/6065 损失=0.0071
训练进度: 5500/6065 损失=0.0030
训练进度: 6000/6065 损失=0.0087
训练进度: 6065/6065 损失=0.0146
✅ 训练完成，耗时: 108.2秒 (1.8分钟)

============================================================
📊 验证决策: Epoch 108/200
   验证间隔: 1
   是否验证: ✅ 是
   原因: 达到验证间隔 (0 == 0)
============================================================

🔍 开始验证...
验证进度: 500/686 损失=0.1666
验证进度: 686/686 损失=0.4969

📊 预测分布分析:
  - 预测的前5个类别: {np.int64(0): 283183, np.int64(1): 37065, np.int64(2): 14697, np.int64(3): 10822, np.int64(4): 8987}
  - 标签的前5个类别: {np.int64(0): 281232, np.int64(1): 36731, np.int64(2): 14789, np.int64(3): 10866, np.int64(4): 8585}
✅ 验证完成，耗时: 4.8秒 (0.1分钟)
训练损失: 0.0094
验证损失: 0.4654
验证准确率: 0.9686 (10619/10964) - 与Levenshtein高度相关
验证F1(加权): 0.9677 - 类别平衡更好
学习率: 0.000044
显存使用: 0.48GB (预留: 0.69GB)

生成的训练样本:
--------------------------------------------------------------------------------
输入:       N<BD XD> MN YBWT> DKLHWN BNJ >NC>
目标:     0 6 0 0 3 0 0 2 0 0 0 0 0 0 0 2 23 0 0 1 0 5 0 0 0 0 0 2 0 0 0 0 4 0
预测:     0 6 0 0 3 0 0 2 0 0 0 0 0 0 0 2 23 0 0 1 0 5 0 0 0 0 0 2 0 0 0 0 4 0
准确率:    1.0000 (34/34)
----------------------------------------
输入:       RCH D>PRJM WNSJMJH <L RCH DMNC> W>MR
目标:     0 38 5 0 0 1 0 0 0 0 2 0 1 6 20 0 48 1 12 0 0 0 0 38 5 0 0 1 0 0 0 2 0 1 0 0 3
预测:     0 38 5 0 0 1 0 0 0 0 2 0 1 6 20 0 48 1 12 0 0 0 0 38 5 0 0 1 0 0 0 2 0 1 0 0 3
准确率:    1.0000 (37/37)
----------------------------------------
输入:       MWT> >T<TD KLNC LBH SDQ HW> DCM<
目标:     0 0 0 15 0 0 0 14 0 0 16 0 0 84 0 2 0 0 5 0 0 0 0 7 0 0 10 3 0 1 0 0 3
预测:     0 0 0 15 0 0 0 14 0 0 16 0 0 84 0 2 0 0 5 0 0 0 0 7 0 0 10 3 0 1 0 0 3
准确率:    1.0000 (33/33)
----------------------------------------

生成的验证样本:
--------------------------------------------------------------------------------
输入:       YBJNH D>LH> LMSV> MN KL DBJC WKLJ
目标:     0 0 0 0 5 0 0 1 0 0 4 0 0 1 6 0 10 7 0 0 0 0 0 2 0 1 0 0 2 0 36 0 0 3
预测:     0 0 0 0 5 0 0 1 0 0 4 0 0 1 6 0 10 7 0 0 0 0 0 2 0 1 0 0 2 0 36 0 0 3
准确率:    1.0000 (34/34)
----------------------------------------
输入:       D>LH> LMSV> MN KL DBJC WKLJ XJLK
目标:     0 1 0 0 4 0 0 1 6 0 10 7 0 0 0 0 0 2 0 1 0 0 2 0 36 0 0 3 0 0 0 5 0
预测:     0 1 0 0 4 0 0 1 6 0 10 7 0 0 0 0 0 2 0 1 0 0 2 0 36 0 0 3 0 0 0 5 0
准确率:    1.0000 (33/33)
----------------------------------------
⏳ 验证无提升 (验证准确率: 0.9686 ≤ 0.9692)，patience: 14/50

======================================================================
🚀 Epoch 109/200
======================================================================
📚 开始训练阶段...
训练进度: 500/6065 损失=0.0016
训练进度: 1000/6065 损失=0.0065
训练进度: 1500/6065 损失=0.0188
训练进度: 2000/6065 损失=0.0065
训练进度: 2500/6065 损失=0.0144
训练进度: 3000/6065 损失=0.0085
训练进度: 3500/6065 损失=0.0167
训练进度: 4000/6065 损失=0.0034
训练进度: 4500/6065 损失=0.0046
训练进度: 5000/6065 损失=0.0188
训练进度: 5500/6065 损失=0.0051
训练进度: 6000/6065 损失=0.0054
训练进度: 6065/6065 损失=0.0055
✅ 训练完成，耗时: 108.4秒 (1.8分钟)

============================================================
📊 验证决策: Epoch 109/200
   验证间隔: 1
   是否验证: ✅ 是
   原因: 达到验证间隔 (0 == 0)
============================================================

🔍 开始验证...
验证进度: 500/686 损失=0.1072
验证进度: 686/686 损失=0.5315

📊 预测分布分析:
  - 预测的前5个类别: {np.int64(0): 282976, np.int64(1): 37040, np.int64(2): 14753, np.int64(3): 10949, np.int64(4): 9002}
  - 标签的前5个类别: {np.int64(0): 281232, np.int64(1): 36731, np.int64(2): 14789, np.int64(3): 10866, np.int64(4): 8585}
✅ 验证完成，耗时: 4.8秒 (0.1分钟)
训练损失: 0.0092
验证损失: 0.4644
验证准确率: 0.9690 (10624/10964) - 与Levenshtein高度相关
验证F1(加权): 0.9682 - 类别平衡更好
学习率: 0.000044
显存使用: 0.48GB (预留: 0.69GB)

生成的训练样本:
--------------------------------------------------------------------------------
输入:       DJHB LKWN MRJ> >LHKWN GBR> >W >NTT>
目标:     0 1 0 0 7 0 1 0 0 0 0 0 0 0 2 0 0 0 5 0 0 0 0 0 0 4 0 0 0 0 0 0 0 13 9 0
预测:     0 1 0 0 7 0 1 0 0 0 0 0 0 0 2 0 0 0 5 0 0 0 0 0 0 4 0 0 0 0 0 0 0 13 9 0
准确率:    1.0000 (36/36)
----------------------------------------
输入:       K>P> GLJPT> GLP> DXTM> GLWP TRTJN K>P>
目标:     0 0 0 11 0 0 0 8 0 7 23 27 0 0 0 30 0 0 1 0 0 4 0 6 0 8 0 3 0 0 2 0 0 0 0 0 0 11 0
预测:     0 0 0 11 0 0 0 8 0 7 23 27 0 0 0 30 0 0 1 0 0 4 0 6 0 8 0 3 0 0 2 0 0 0 0 0 0 11 0
准确率:    1.0000 (39/39)
----------------------------------------
输入:       KWJL> KN >TGLJT K>NWT> WKD >TGLJT K>NWT>
目标:     0 0 0 0 4 0 0 0 0 0 0 14 0 0 3 26 0 0 0 0 2 9 0 0 1 0 0 0 0 14 0 0 3 26 0 0 0 0 2 9 0
预测:     0 0 0 0 4 0 0 0 0 0 0 14 0 0 3 26 0 0 0 0 2 9 0 0 1 0 0 0 0 14 0 0 3 26 0 0 0 0 2 9 0
准确率:    1.0000 (41/41)
----------------------------------------

生成的验证样本:
--------------------------------------------------------------------------------
输入:       YBJNH D>LH> LMSV> MN KL DBJC WKLJ
目标:     0 0 0 0 5 0 0 1 0 0 4 0 0 1 6 0 10 7 0 0 0 0 0 2 0 1 0 0 2 0 36 0 0 3
预测:     0 0 0 0 5 0 0 1 0 0 4 0 0 1 6 0 10 7 0 0 0 0 0 2 0 1 0 0 2 0 36 0 0 3
准确率:    1.0000 (34/34)
----------------------------------------
输入:       D>LH> LMSV> MN KL DBJC WKLJ XJLK
目标:     0 1 0 0 4 0 0 1 6 0 10 7 0 0 0 0 0 2 0 1 0 0 2 0 36 0 0 3 0 0 0 5 0
预测:     0 1 0 0 4 0 0 1 6 0 10 7 0 0 0 0 0 2 0 1 0 0 2 0 36 0 0 3 0 0 0 5 0
准确率:    1.0000 (33/33)
----------------------------------------
⏳ 验证无提升 (验证准确率: 0.9690 ≤ 0.9692)，patience: 15/50

======================================================================
🚀 Epoch 110/200
======================================================================
📚 开始训练阶段...
训练进度: 500/6065 损失=0.0163
训练进度: 1000/6065 损失=0.0043
训练进度: 1500/6065 损失=0.0034
训练进度: 2000/6065 损失=0.0098
训练进度: 2500/6065 损失=0.0070
训练进度: 3000/6065 损失=0.0142
训练进度: 3500/6065 损失=0.0099
训练进度: 4000/6065 损失=0.0007
训练进度: 4500/6065 损失=0.0185
训练进度: 5000/6065 损失=0.0008
训练进度: 5500/6065 损失=0.0068
训练进度: 6000/6065 损失=0.0009
训练进度: 6065/6065 损失=0.0187
✅ 训练完成，耗时: 108.3秒 (1.8分钟)

============================================================
📊 验证决策: Epoch 110/200
   验证间隔: 1
   是否验证: ✅ 是
   原因: 达到验证间隔 (0 == 0)
============================================================

🔍 开始验证...
验证进度: 500/686 损失=0.0208
验证进度: 686/686 损失=0.4835

📊 预测分布分析:
  - 预测的前5个类别: {np.int64(0): 282976, np.int64(1): 37051, np.int64(2): 14790, np.int64(3): 10864, np.int64(4): 8834}
  - 标签的前5个类别: {np.int64(0): 281232, np.int64(1): 36731, np.int64(2): 14789, np.int64(3): 10866, np.int64(4): 8585}
✅ 验证完成，耗时: 4.8秒 (0.1分钟)
训练损失: 0.0091
验证损失: 0.4655
验证准确率: 0.9688 (10621/10964) - 与Levenshtein高度相关
验证F1(加权): 0.9680 - 类别平衡更好
学习率: 0.000043
显存使用: 0.48GB (预留: 0.69GB)

生成的训练样本:
--------------------------------------------------------------------------------
输入:       L> >XBL MVL <SR> W>ZL MRJ> KD
目标:     0 0 0 0 6 0 0 16 0 0 0 0 0 0 0 2 0 0 1 0 0 3 0 0 0 0 2 0 0 0
预测:     0 0 0 0 6 0 0 16 0 0 0 0 0 0 0 2 0 0 1 0 0 3 0 0 0 0 2 0 0 0
准确率:    1.0000 (30/30)
----------------------------------------
输入:       HW JWM> DBH HW MTXBL KRK> P>J>
目标:     0 0 12 0 0 0 4 0 0 1 1 0 0 0 0 0 21 14 0 0 7 0 0 0 15 0 0 0 0 43 0
预测:     0 0 12 0 0 0 4 0 0 1 1 0 0 0 0 0 21 14 0 0 7 0 0 0 15 0 0 0 0 43 0
准确率:    1.0000 (31/31)
----------------------------------------
输入:       MN MWMTJ KD T>ZL LCRBTJ W>N L>
目标:     0 0 0 0 0 0 13 32 0 0 0 0 0 6 0 0 3 0 1 0 0 13 1 0 0 1 0 0 0 0 0
预测:     0 0 0 0 0 0 13 32 0 0 0 0 0 6 0 0 3 0 1 0 0 13 1 0 0 1 0 0 0 0 0
准确率:    1.0000 (31/31)
----------------------------------------

生成的验证样本:
--------------------------------------------------------------------------------
输入:       YBJNH D>LH> LMSV> MN KL DBJC WKLJ
目标:     0 0 0 0 5 0 0 1 0 0 4 0 0 1 6 0 10 7 0 0 0 0 0 2 0 1 0 0 2 0 36 0 0 3
预测:     0 0 0 0 5 0 0 1 0 0 4 0 0 1 6 0 10 7 0 0 0 0 0 2 0 1 0 0 2 0 36 0 0 3
准确率:    1.0000 (34/34)
----------------------------------------
输入:       D>LH> LMSV> MN KL DBJC WKLJ XJLK
目标:     0 1 0 0 4 0 0 1 6 0 10 7 0 0 0 0 0 2 0 1 0 0 2 0 36 0 0 3 0 0 0 5 0
预测:     0 1 0 0 4 0 0 1 6 0 10 7 0 0 0 0 0 2 0 1 0 0 2 0 36 0 0 3 0 0 0 5 0
准确率:    1.0000 (33/33)
----------------------------------------
⏳ 验证无提升 (验证准确率: 0.9688 ≤ 0.9692)，patience: 16/50

======================================================================
🚀 Epoch 111/200
======================================================================
📚 开始训练阶段...
训练进度: 500/6065 损失=0.0059
训练进度: 1000/6065 损失=0.0033
训练进度: 1500/6065 损失=0.0020
训练进度: 2000/6065 损失=0.0007
训练进度: 2500/6065 损失=0.0094
训练进度: 3000/6065 损失=0.0215
训练进度: 3500/6065 损失=0.0311
训练进度: 4000/6065 损失=0.0319
训练进度: 4500/6065 损失=0.0180
训练进度: 5000/6065 损失=0.0044
训练进度: 5500/6065 损失=0.0205
训练进度: 6000/6065 损失=0.0067
训练进度: 6065/6065 损失=0.0049
✅ 训练完成，耗时: 108.0秒 (1.8分钟)

============================================================
📊 验证决策: Epoch 111/200
   验证间隔: 1
   是否验证: ✅ 是
   原因: 达到验证间隔 (0 == 0)
============================================================

🔍 开始验证...
验证进度: 500/686 损失=0.0401
验证进度: 686/686 损失=0.6072

📊 预测分布分析:
  - 预测的前5个类别: {np.int64(0): 283202, np.int64(1): 37100, np.int64(2): 14672, np.int64(3): 10827, np.int64(4): 8782}
  - 标签的前5个类别: {np.int64(0): 281232, np.int64(1): 36731, np.int64(2): 14789, np.int64(3): 10866, np.int64(4): 8585}
✅ 验证完成，耗时: 4.7秒 (0.1分钟)
训练损失: 0.0089
验证损失: 0.4763
验证准确率: 0.9685 (10619/10964) - 与Levenshtein高度相关
验证F1(加权): 0.9677 - 类别平衡更好
学习率: 0.000042
显存使用: 0.48GB (预留: 0.69GB)

生成的训练样本:
--------------------------------------------------------------------------------
输入:       LH W>MRT L<BDJK >XTWHJ LWTJ W>SJM <JNJ
目标:     0 1 0 0 1 0 0 3 12 0 1 0 0 22 1 0 6 72 0 3 1 0 0 0 0 0 1 0 0 1 6 20 0 3 0 0 0 5 0
预测:     0 1 0 0 1 0 0 3 12 0 1 0 0 22 1 0 6 72 0 3 1 0 0 0 0 0 1 0 0 1 6 20 0 3 0 0 0 5 0
准确率:    1.0000 (39/39)
----------------------------------------
输入:       BJT MCRJHWN MCMCNJH MCMCNJ QWDC> WBJT MCRJH
目标:     0 0 0 2 0 0 0 0 37 0 0 0 0 0 0 0 0 2 1 12 0 0 0 0 0 2 0 0 0 0 0 4 0 0 1 0 0 2 0 0 0 0 37 12
预测:     0 0 0 2 0 0 0 0 37 0 0 0 0 0 0 0 0 2 1 12 0 0 0 0 0 2 0 0 0 0 0 4 0 0 1 0 0 2 0 0 0 0 37 12
准确率:    1.0000 (44/44)
----------------------------------------
输入:       BNJ> KMJR> >TBJ>W WCLW QLJL DM<JKWN ZW<>
目标:     0 0 2 9 0 0 0 8 0 65 27 0 0 14 0 0 3 19 0 1 0 203 0 0 0 0 0 2 0 0 0 48 1 0 0 0 0 0 0 15 0
预测:     0 0 2 9 0 0 0 8 0 65 27 0 0 14 0 0 3 19 0 1 0 203 0 0 0 0 0 2 0 0 0 48 1 0 0 0 0 0 0 15 0
准确率:    1.0000 (41/41)
----------------------------------------

生成的验证样本:
--------------------------------------------------------------------------------
输入:       YBJNH D>LH> LMSV> MN KL DBJC WKLJ
目标:     0 0 0 0 5 0 0 1 0 0 4 0 0 1 6 0 10 7 0 0 0 0 0 2 0 1 0 0 2 0 36 0 0 3
预测:     0 0 0 0 5 0 0 1 0 0 4 0 0 1 6 0 10 7 0 0 0 0 0 2 0 1 0 0 2 0 36 0 0 3
准确率:    1.0000 (34/34)
----------------------------------------
输入:       D>LH> LMSV> MN KL DBJC WKLJ XJLK
目标:     0 1 0 0 4 0 0 1 6 0 10 7 0 0 0 0 0 2 0 1 0 0 2 0 36 0 0 3 0 0 0 5 0
预测:     0 1 0 0 4 0 0 1 6 0 10 7 0 0 0 0 0 2 0 1 0 0 2 0 36 0 0 3 0 0 0 5 0
准确率:    1.0000 (33/33)
----------------------------------------
⏳ 验证无提升 (验证准确率: 0.9685 ≤ 0.9692)，patience: 17/50

======================================================================
🚀 Epoch 112/200
======================================================================
📚 开始训练阶段...
训练进度: 500/6065 损失=0.0057
训练进度: 1000/6065 损失=0.0030
训练进度: 1500/6065 损失=0.0262
训练进度: 2000/6065 损失=0.0045
训练进度: 2500/6065 损失=0.0002
训练进度: 3000/6065 损失=0.0007
训练进度: 3500/6065 损失=0.0202
训练进度: 4000/6065 损失=0.0075
训练进度: 4500/6065 损失=0.0016
训练进度: 5000/6065 损失=0.0085
训练进度: 5500/6065 损失=0.0163
训练进度: 6000/6065 损失=0.0173
训练进度: 6065/6065 损失=0.0231
✅ 训练完成，耗时: 108.0秒 (1.8分钟)

============================================================
📊 验证决策: Epoch 112/200
   验证间隔: 1
   是否验证: ✅ 是
   原因: 达到验证间隔 (0 == 0)
============================================================

🔍 开始验证...
验证进度: 500/686 损失=0.1537
验证进度: 686/686 损失=0.6230

📊 预测分布分析:
  - 预测的前5个类别: {np.int64(0): 283412, np.int64(1): 37048, np.int64(2): 14726, np.int64(3): 10831, np.int64(4): 9013}
  - 标签的前5个类别: {np.int64(0): 281232, np.int64(1): 36731, np.int64(2): 14789, np.int64(3): 10866, np.int64(4): 8585}
✅ 验证完成，耗时: 4.8秒 (0.1分钟)
训练损失: 0.0087
验证损失: 0.4668
验证准确率: 0.9692 (10626/10964) - 与Levenshtein高度相关
验证F1(加权): 0.9682 - 类别平衡更好
学习率: 0.000041
显存使用: 0.48GB (预留: 0.69GB)

生成的训练样本:
--------------------------------------------------------------------------------
输入:       W>TXZJ LH WNPL <L YWRH WBK> <L
目标:     0 1 0 14 0 0 3 0 1 0 0 1 0 0 3 0 0 0 0 0 0 5 0 0 1 0 10 3 0 0 0
预测:     0 1 0 14 0 0 3 0 1 0 0 1 0 0 3 0 0 0 0 0 0 5 0 0 1 0 10 3 0 0 0
准确率:    1.0000 (31/31)
----------------------------------------
输入:       H> >N> W>MR LJ >RJM <JNJK WXZJ
目标:     0 0 0 0 0 0 0 0 1 0 0 3 0 1 0 6 17 20 0 3 0 0 0 2 1 0 0 36 0 0 3
预测:     0 0 0 0 0 0 0 0 1 0 0 3 0 1 0 6 17 20 0 3 0 0 0 2 1 0 0 36 0 0 3
准确率:    1.0000 (31/31)
----------------------------------------
输入:       WL>> WL> DXL MN QDM MRJ> >LHK
目标:     0 1 0 10 3 0 1 0 0 0 0 0 3 0 0 0 0 0 0 2 0 0 0 0 2 0 0 0 5 0
预测:     0 1 0 10 3 0 1 0 0 0 0 0 3 0 0 0 0 0 0 2 0 0 0 0 2 0 0 0 5 0
准确率:    1.0000 (30/30)
----------------------------------------

生成的验证样本:
--------------------------------------------------------------------------------
输入:       YBJNH D>LH> LMSV> MN KL DBJC WKLJ
目标:     0 0 0 0 5 0 0 1 0 0 4 0 0 1 6 0 10 7 0 0 0 0 0 2 0 1 0 0 2 0 36 0 0 3
预测:     0 0 0 0 5 0 0 1 0 0 4 0 0 1 6 0 10 7 0 0 0 0 0 2 0 1 0 0 2 0 36 0 0 3
准确率:    1.0000 (34/34)
----------------------------------------
输入:       D>LH> LMSV> MN KL DBJC WKLJ XJLK
目标:     0 1 0 0 4 0 0 1 6 0 10 7 0 0 0 0 0 2 0 1 0 0 2 0 36 0 0 3 0 0 0 5 0
预测:     0 1 0 0 4 0 0 1 6 0 10 7 0 0 0 0 0 2 0 1 0 0 2 0 36 0 0 3 0 0 0 5 0
准确率:    1.0000 (33/33)
----------------------------------------
⏳ 验证无提升 (验证准确率: 0.9692 ≤ 0.9692)，patience: 18/50

======================================================================
🚀 Epoch 113/200
======================================================================
📚 开始训练阶段...
训练进度: 500/6065 损失=0.0021
训练进度: 1000/6065 损失=0.0079
训练进度: 1500/6065 损失=0.0053
训练进度: 2000/6065 损失=0.0108
训练进度: 2500/6065 损失=0.0045
训练进度: 3000/6065 损失=0.0098
训练进度: 3500/6065 损失=0.0136
训练进度: 4000/6065 损失=0.0021
训练进度: 4500/6065 损失=0.0003
训练进度: 5000/6065 损失=0.0148
训练进度: 5500/6065 损失=0.0009
训练进度: 6000/6065 损失=0.0152
训练进度: 6065/6065 损失=0.0021
✅ 训练完成，耗时: 107.6秒 (1.8分钟)

============================================================
📊 验证决策: Epoch 113/200
   验证间隔: 1
   是否验证: ✅ 是
   原因: 达到验证间隔 (0 == 0)
============================================================

🔍 开始验证...
验证进度: 500/686 损失=0.0934
验证进度: 686/686 损失=0.5812

📊 预测分布分析:
  - 预测的前5个类别: {np.int64(0): 283037, np.int64(1): 37077, np.int64(2): 14707, np.int64(3): 10829, np.int64(4): 8924}
  - 标签的前5个类别: {np.int64(0): 281232, np.int64(1): 36731, np.int64(2): 14789, np.int64(3): 10866, np.int64(4): 8585}
✅ 验证完成，耗时: 4.7秒 (0.1分钟)
训练损失: 0.0086
验证损失: 0.4719
验证准确率: 0.9694 (10629/10964) - 与Levenshtein高度相关
验证F1(加权): 0.9686 - 类别平衡更好
学习率: 0.000041
显存使用: 0.48GB (预留: 0.69GB)

生成的训练样本:
--------------------------------------------------------------------------------
输入:       DGB> LMCRJW CMH TMN M<SR> D<BWRK WDXMRK
目标:     0 1 0 10 7 0 1 28 0 0 7 0 0 0 5 0 0 0 0 0 0 0 0 0 11 0 0 1 0 0 0 5 0 0 1 1 0 0 37 0
预测:     0 1 0 10 7 0 1 28 0 0 7 0 0 0 5 0 0 0 0 0 0 0 0 0 11 0 0 1 0 0 0 5 0 0 1 1 0 0 37 0
准确率:    1.0000 (40/40)
----------------------------------------
输入:       HW> LXM> L<M> D>R<> W>TTR<T QRJT> WKLHWN
目标:     0 0 10 3 0 0 0 4 0 0 1 0 15 0 0 1 0 0 4 0 0 1 0 14 0 0 116 26 0 0 0 22 9 0 0 1 0 5 0 0 0
预测:     0 0 10 3 0 0 0 4 0 0 1 0 15 0 0 1 0 0 4 0 0 1 0 14 0 0 116 26 0 0 0 22 9 0 0 1 0 5 0 0 0
准确率:    1.0000 (41/41)
----------------------------------------
输入:       MRJ> HW >LH> W>MR LHWN >LJ> >XWDW
目标:     0 0 0 0 2 0 0 0 0 0 0 4 0 0 1 0 0 3 0 1 0 0 0 0 0 0 0 2 6 0 8 0 3 0
预测:     0 0 0 0 2 0 0 0 0 0 0 4 0 0 1 0 0 3 0 1 0 0 0 0 0 0 0 2 6 0 8 0 3 0
准确率:    1.0000 (34/34)
----------------------------------------

生成的验证样本:
--------------------------------------------------------------------------------
输入:       YBJNH D>LH> LMSV> MN KL DBJC WKLJ
目标:     0 0 0 0 5 0 0 1 0 0 4 0 0 1 6 0 10 7 0 0 0 0 0 2 0 1 0 0 2 0 36 0 0 3
预测:     0 0 0 0 5 0 0 1 0 0 4 0 0 1 6 0 10 7 0 0 0 0 0 2 0 1 0 0 2 0 36 0 0 3
准确率:    1.0000 (34/34)
----------------------------------------
输入:       D>LH> LMSV> MN KL DBJC WKLJ XJLK
目标:     0 1 0 0 4 0 0 1 6 0 10 7 0 0 0 0 0 2 0 1 0 0 2 0 36 0 0 3 0 0 0 5 0
预测:     0 1 0 0 4 0 0 1 6 0 10 7 0 0 0 0 0 2 0 1 0 0 2 0 36 0 0 3 0 0 0 5 0
准确率:    1.0000 (33/33)
----------------------------------------
💾 保存新的最佳模型！验证准确率: 0.9694 (F1: 0.9686) (Epoch 113)

======================================================================
🚀 Epoch 114/200
======================================================================
📚 开始训练阶段...
训练进度: 500/6065 损失=0.0089
训练进度: 1000/6065 损失=0.0134
训练进度: 1500/6065 损失=0.0032
训练进度: 2000/6065 损失=0.0048
训练进度: 2500/6065 损失=0.0126
训练进度: 3000/6065 损失=0.0149
训练进度: 3500/6065 损失=0.0063
训练进度: 4000/6065 损失=0.0093
训练进度: 4500/6065 损失=0.0012
训练进度: 5000/6065 损失=0.0029
训练进度: 5500/6065 损失=0.0023
训练进度: 6000/6065 损失=0.0076
训练进度: 6065/6065 损失=0.0046
✅ 训练完成，耗时: 107.7秒 (1.8分钟)

============================================================
📊 验证决策: Epoch 114/200
   验证间隔: 1
   是否验证: ✅ 是
   原因: 达到验证间隔 (0 == 0)
============================================================

🔍 开始验证...
验证进度: 500/686 损失=0.1239
验证进度: 686/686 损失=0.7224

📊 预测分布分析:
  - 预测的前5个类别: {np.int64(0): 283143, np.int64(1): 37062, np.int64(2): 14730, np.int64(3): 10794, np.int64(4): 8762}
  - 标签的前5个类别: {np.int64(0): 281232, np.int64(1): 36731, np.int64(2): 14789, np.int64(3): 10866, np.int64(4): 8585}
✅ 验证完成，耗时: 4.8秒 (0.1分钟)
训练损失: 0.0084
验证损失: 0.4754
验证准确率: 0.9690 (10623/10964) - 与Levenshtein高度相关
验证F1(加权): 0.9682 - 类别平衡更好
学习率: 0.000040
显存使用: 0.48GB (预留: 0.69GB)

生成的训练样本:
--------------------------------------------------------------------------------
输入:       WSGJ>> WNTBRKWN BH KLHWN <MM> D>R<> MVL
目标:     0 1 0 0 0 4 0 0 1 21 14 0 0 3 0 19 0 1 0 0 0 5 0 0 0 0 0 8 30 0 0 1 0 0 4 0 0 0 0 0
预测:     0 1 0 0 0 4 0 0 1 21 14 0 0 3 0 19 0 1 0 0 0 5 0 0 0 0 0 8 30 0 0 1 0 0 4 0 0 0 0 0
准确率:    1.0000 (40/40)
----------------------------------------
输入:       DH> BVN> >NTJ WJLD> >NTJ BR> MKJL
目标:     0 1 0 0 0 0 0 7 0 0 0 0 0 0 0 1 0 0 7 0 0 0 0 0 0 0 0 4 0 0 0 0 0 0
预测:     0 1 0 0 0 0 0 7 0 0 0 0 0 0 0 1 0 0 7 0 0 0 0 0 0 0 0 4 0 0 0 0 0 0
准确率:    1.0000 (34/34)
----------------------------------------
输入:       >JSRJL WHLJN RWRBN> DJLH <ZRJ> BR YDWQ
目标:     0 0 0 0 0 0 2 0 1 0 0 0 0 0 0 0 0 0 11 0 0 0 0 1 0 0 0 0 0 0 2 0 0 2 0 0 0 0 2
预测:     0 0 0 0 0 0 2 0 1 0 0 0 0 0 0 0 0 0 11 0 0 0 0 1 0 0 0 0 0 0 2 0 0 2 0 0 0 0 2
准确率:    1.0000 (39/39)
----------------------------------------

生成的验证样本:
--------------------------------------------------------------------------------
输入:       YBJNH D>LH> LMSV> MN KL DBJC WKLJ
目标:     0 0 0 0 5 0 0 1 0 0 4 0 0 1 6 0 10 7 0 0 0 0 0 2 0 1 0 0 2 0 36 0 0 3
预测:     0 0 0 0 5 0 0 1 0 0 4 0 0 1 6 0 10 7 0 0 0 0 0 2 0 1 0 0 2 0 36 0 0 3
准确率:    1.0000 (34/34)
----------------------------------------
输入:       D>LH> LMSV> MN KL DBJC WKLJ XJLK
目标:     0 1 0 0 4 0 0 1 6 0 10 7 0 0 0 0 0 2 0 1 0 0 2 0 36 0 0 3 0 0 0 5 0
预测:     0 1 0 0 4 0 0 1 6 0 10 7 0 0 0 0 0 2 0 1 0 0 2 0 36 0 0 3 0 0 0 5 0
准确率:    1.0000 (33/33)
----------------------------------------
⏳ 验证无提升 (验证准确率: 0.9690 ≤ 0.9694)，patience: 1/50

======================================================================
🚀 Epoch 115/200
======================================================================
📚 开始训练阶段...
训练进度: 500/6065 损失=0.0047
训练进度: 1000/6065 损失=0.0007
训练进度: 1500/6065 损失=0.0039
训练进度: 2000/6065 损失=0.0083
训练进度: 2500/6065 损失=0.0197
训练进度: 3000/6065 损失=0.0061
训练进度: 3500/6065 损失=0.0297
训练进度: 4000/6065 损失=0.0005
训练进度: 4500/6065 损失=0.0029
训练进度: 5000/6065 损失=0.0040
训练进度: 5500/6065 损失=0.0050
训练进度: 6000/6065 损失=0.0052
训练进度: 6065/6065 损失=0.0037
✅ 训练完成，耗时: 107.6秒 (1.8分钟)

============================================================
📊 验证决策: Epoch 115/200
   验证间隔: 1
   是否验证: ✅ 是
   原因: 达到验证间隔 (0 == 0)
============================================================

🔍 开始验证...
验证进度: 500/686 损失=0.0768
验证进度: 686/686 损失=0.7109

📊 预测分布分析:
  - 预测的前5个类别: {np.int64(0): 283078, np.int64(1): 37076, np.int64(2): 14717, np.int64(3): 10896, np.int64(4): 8839}
  - 标签的前5个类别: {np.int64(0): 281232, np.int64(1): 36731, np.int64(2): 14789, np.int64(3): 10866, np.int64(4): 8585}
✅ 验证完成，耗时: 4.8秒 (0.1分钟)
训练损失: 0.0083
验证损失: 0.4774
验证准确率: 0.9687 (10620/10964) - 与Levenshtein高度相关
验证F1(加权): 0.9679 - 类别平衡更好
学习率: 0.000039
显存使用: 0.47GB (预留: 0.69GB)

生成的训练样本:
--------------------------------------------------------------------------------
输入:       N>KWL MNH WKL <BD> DGBR> ZBJN KSP>
目标:     0 6 0 8 0 3 0 0 1 0 0 1 0 2 0 0 0 15 0 0 1 0 0 4 0 0 0 8 0 122 0 0 0 4 0
预测:     0 6 0 8 0 3 0 0 1 0 0 1 0 2 0 0 0 15 0 0 1 0 0 4 0 0 0 8 0 122 0 0 0 4 0
准确率:    1.0000 (35/35)
----------------------------------------
输入:       SMK L>R<> WXZ> PR<WN DPRQ MVR> WBRD>
目标:     0 0 0 3 0 1 0 0 4 0 0 1 0 10 3 0 0 0 0 0 2 0 1 0 0 3 0 0 0 4 0 0 1 0 0 15 0
预测:     0 0 0 3 0 1 0 0 4 0 0 1 0 10 3 0 0 0 0 0 2 0 1 0 0 3 0 0 0 4 0 0 1 0 0 15 0
准确率:    1.0000 (37/37)
----------------------------------------
输入:       WKLN XJJN XNN >PJN LWQBL >PJN MLL
目标:     0 1 0 5 0 0 0 2 0 0 0 0 0 0 0 54 2 0 0 0 0 0 0 0 0 0 54 2 0 0 0 0 0 3
预测:     0 1 0 5 0 0 0 2 0 0 0 0 0 0 0 54 2 0 0 0 0 0 0 0 0 0 54 2 0 0 0 0 0 3
准确率:    1.0000 (34/34)
----------------------------------------

生成的验证样本:
--------------------------------------------------------------------------------
输入:       YBJNH D>LH> LMSV> MN KL DBJC WKLJ
目标:     0 0 0 0 5 0 0 1 0 0 4 0 0 1 6 0 10 7 0 0 0 0 0 2 0 1 0 0 2 0 36 0 0 3
预测:     0 0 0 0 5 0 0 1 0 0 4 0 0 1 6 0 10 7 0 0 0 0 0 2 0 1 0 0 2 0 36 0 0 3
准确率:    1.0000 (34/34)
----------------------------------------
输入:       D>LH> LMSV> MN KL DBJC WKLJ XJLK
目标:     0 1 0 0 4 0 0 1 6 0 10 7 0 0 0 0 0 2 0 1 0 0 2 0 36 0 0 3 0 0 0 5 0
预测:     0 1 0 0 4 0 0 1 6 0 10 7 0 0 0 0 0 2 0 1 0 0 2 0 36 0 0 3 0 0 0 5 0
准确率:    1.0000 (33/33)
----------------------------------------
⏳ 验证无提升 (验证准确率: 0.9687 ≤ 0.9694)，patience: 2/50

======================================================================
🚀 Epoch 116/200
======================================================================
📚 开始训练阶段...
训练进度: 500/6065 损失=0.0045
训练进度: 1000/6065 损失=0.0042
训练进度: 1500/6065 损失=0.0153
训练进度: 2000/6065 损失=0.0015
训练进度: 2500/6065 损失=0.0062
训练进度: 3000/6065 损失=0.0035
训练进度: 3500/6065 损失=0.0135
训练进度: 4000/6065 损失=0.0279
训练进度: 4500/6065 损失=0.0055
训练进度: 5000/6065 损失=0.0081
训练进度: 5500/6065 损失=0.0317
训练进度: 6000/6065 损失=0.0108
训练进度: 6065/6065 损失=0.0200
✅ 训练完成，耗时: 107.6秒 (1.8分钟)

============================================================
📊 验证决策: Epoch 116/200
   验证间隔: 1
   是否验证: ✅ 是
   原因: 达到验证间隔 (0 == 0)
============================================================

🔍 开始验证...
验证进度: 500/686 损失=0.1350
验证进度: 686/686 损失=0.6673

📊 预测分布分析:
  - 预测的前5个类别: {np.int64(0): 283007, np.int64(1): 37086, np.int64(2): 14740, np.int64(3): 10818, np.int64(4): 8887}
  - 标签的前5个类别: {np.int64(0): 281232, np.int64(1): 36731, np.int64(2): 14789, np.int64(3): 10866, np.int64(4): 8585}
✅ 验证完成，耗时: 4.8秒 (0.1分钟)
训练损失: 0.0079
验证损失: 0.4843
验证准确率: 0.9688 (10621/10964) - 与Levenshtein高度相关
验证F1(加权): 0.9680 - 类别平衡更好
学习率: 0.000038
显存使用: 0.47GB (预留: 0.69GB)

生成的训练样本:
--------------------------------------------------------------------------------
输入:       DL> BYBJNH WL> SN> HW> LH MN
目标:     0 1 0 0 0 1 0 0 0 5 0 0 1 0 0 0 0 10 7 0 0 10 3 0 1 0 0 0 0
预测:     0 1 0 0 0 1 0 0 0 5 0 0 1 0 0 0 0 10 7 0 0 10 3 0 1 0 0 0 0
准确率:    1.0000 (29/29)
----------------------------------------
输入:       BGW <MJ JTB> >N> W>MR MN> ><BD
目标:     0 1 0 2 0 0 37 0 0 0 0 7 0 0 0 0 0 0 1 0 0 3 0 0 0 0 0 6 0 0 3
预测:     0 1 0 2 0 0 37 0 0 0 0 7 0 0 0 0 0 0 1 0 0 3 0 0 0 0 0 6 0 0 3
准确率:    1.0000 (31/31)
----------------------------------------
输入:       NXTJN MN RJCJ VWR> W>MR LH ZKL
目标:     0 0 0 7 0 0 0 0 0 0 0 0 2 0 0 0 0 11 0 0 1 0 0 3 0 1 0 0 0 0 2
预测:     0 0 0 7 0 0 0 0 0 0 0 0 2 0 0 0 0 11 0 0 1 0 0 3 0 1 0 0 0 0 2
准确率:    1.0000 (31/31)
----------------------------------------

生成的验证样本:
--------------------------------------------------------------------------------
输入:       YBJNH D>LH> LMSV> MN KL DBJC WKLJ
目标:     0 0 0 0 5 0 0 1 0 0 4 0 0 1 6 0 10 7 0 0 0 0 0 2 0 1 0 0 2 0 36 0 0 3
预测:     0 0 0 0 5 0 0 1 0 0 4 0 0 1 6 0 10 7 0 0 0 0 0 2 0 1 0 0 2 0 36 0 0 3
准确率:    1.0000 (34/34)
----------------------------------------
输入:       D>LH> LMSV> MN KL DBJC WKLJ XJLK
目标:     0 1 0 0 4 0 0 1 6 0 10 7 0 0 0 0 0 2 0 1 0 0 2 0 36 0 0 3 0 0 0 5 0
预测:     0 1 0 0 4 0 0 1 6 0 10 7 0 0 0 0 0 2 0 1 0 0 2 0 36 0 0 3 0 0 0 5 0
准确率:    1.0000 (33/33)
----------------------------------------
⏳ 验证无提升 (验证准确率: 0.9688 ≤ 0.9694)，patience: 3/50

======================================================================
🚀 Epoch 117/200
======================================================================
📚 开始训练阶段...
训练进度: 500/6065 损失=0.0109
训练进度: 1000/6065 损失=0.0299
训练进度: 1500/6065 损失=0.0058
训练进度: 2000/6065 损失=0.0021
训练进度: 2500/6065 损失=0.0175
训练进度: 3000/6065 损失=0.0010
训练进度: 3500/6065 损失=0.0094
训练进度: 4000/6065 损失=0.0010
训练进度: 4500/6065 损失=0.0269
训练进度: 5000/6065 损失=0.0008
训练进度: 5500/6065 损失=0.0072
训练进度: 6000/6065 损失=0.0107
训练进度: 6065/6065 损失=0.0015
✅ 训练完成，耗时: 107.4秒 (1.8分钟)

============================================================
📊 验证决策: Epoch 117/200
   验证间隔: 1
   是否验证: ✅ 是
   原因: 达到验证间隔 (0 == 0)
============================================================

🔍 开始验证...
验证进度: 500/686 损失=0.1393
验证进度: 686/686 损失=0.6706

📊 预测分布分析:
  - 预测的前5个类别: {np.int64(0): 282837, np.int64(1): 37068, np.int64(2): 14783, np.int64(3): 10818, np.int64(4): 9046}
  - 标签的前5个类别: {np.int64(0): 281232, np.int64(1): 36731, np.int64(2): 14789, np.int64(3): 10866, np.int64(4): 8585}
✅ 验证完成，耗时: 4.7秒 (0.1分钟)
训练损失: 0.0078
验证损失: 0.4841
验证准确率: 0.9689 (10623/10964) - 与Levenshtein高度相关
验证F1(加权): 0.9681 - 类别平衡更好
学习率: 0.000038
显存使用: 0.48GB (预留: 0.69GB)

生成的训练样本:
--------------------------------------------------------------------------------
输入:       >JSRJL BLXWD BXVHWHJ DJWRB<M BR NBV D>XVJ
目标:     0 0 0 0 0 0 2 0 1 0 0 0 2 0 1 0 0 25 1 0 0 0 1 0 0 0 0 0 2 0 0 2 0 0 0 2 0 1 17 0 0 3
预测:     0 0 0 0 0 0 2 0 1 0 0 0 2 0 1 0 0 25 1 0 0 0 1 0 0 0 0 0 2 0 0 2 0 0 0 2 0 1 17 0 0 3
准确率:    1.0000 (42/42)
----------------------------------------
输入:       NSQ LN BRJC> LMTKTCW <M BNJ BNJMJN
目标:     0 6 64 3 0 1 0 0 1 0 0 4 0 0 1 21 14 0 0 7 19 0 0 0 0 0 2 0 0 0 0 0 0 0 2
预测:     0 6 64 3 0 1 0 0 1 0 0 4 0 0 1 21 14 0 0 7 19 0 0 0 0 0 2 0 0 0 0 0 0 0 2
准确率:    1.0000 (35/35)
----------------------------------------
输入:       >JSRJL <MH KNJCJN MN M<LN> DXMT <DM>
目标:     0 0 0 0 0 0 2 0 0 1 0 0 0 8 0 7 0 27 0 0 0 0 0 0 0 4 0 0 1 0 0 22 0 0 0 0 0
预测:     0 0 0 0 0 0 2 0 0 1 0 0 0 8 0 7 0 27 0 0 0 0 0 0 0 4 0 0 1 0 0 22 0 0 0 0 0
准确率:    1.0000 (37/37)
----------------------------------------

生成的验证样本:
--------------------------------------------------------------------------------
输入:       YBJNH D>LH> LMSV> MN KL DBJC WKLJ
目标:     0 0 0 0 5 0 0 1 0 0 4 0 0 1 6 0 10 7 0 0 0 0 0 2 0 1 0 0 2 0 36 0 0 3
预测:     0 0 0 0 5 0 0 1 0 0 4 0 0 1 6 0 10 7 0 0 0 0 0 2 0 1 0 0 2 0 36 0 0 3
准确率:    1.0000 (34/34)
----------------------------------------
输入:       D>LH> LMSV> MN KL DBJC WKLJ XJLK
目标:     0 1 0 0 4 0 0 1 6 0 10 7 0 0 0 0 0 2 0 1 0 0 2 0 36 0 0 3 0 0 0 5 0
预测:     0 1 0 0 4 0 0 1 6 0 10 7 0 0 0 0 0 2 0 1 0 0 2 0 36 0 0 3 0 0 0 5 0
准确率:    1.0000 (33/33)
----------------------------------------
⏳ 验证无提升 (验证准确率: 0.9689 ≤ 0.9694)，patience: 4/50

======================================================================
🚀 Epoch 118/200
======================================================================
📚 开始训练阶段...
训练进度: 500/6065 损失=0.0184
训练进度: 1000/6065 损失=0.0012
训练进度: 1500/6065 损失=0.0013
训练进度: 2000/6065 损失=0.0123
训练进度: 2500/6065 损失=0.0201
训练进度: 3000/6065 损失=0.0130
训练进度: 3500/6065 损失=0.0014
训练进度: 4000/6065 损失=0.0216
训练进度: 4500/6065 损失=0.0013
训练进度: 5000/6065 损失=0.0027
训练进度: 5500/6065 损失=0.0039
训练进度: 6000/6065 损失=0.0050
训练进度: 6065/6065 损失=0.0007
✅ 训练完成，耗时: 106.8秒 (1.8分钟)

============================================================
📊 验证决策: Epoch 118/200
   验证间隔: 1
   是否验证: ✅ 是
   原因: 达到验证间隔 (0 == 0)
============================================================

🔍 开始验证...
验证进度: 500/686 损失=0.1806
验证进度: 686/686 损失=0.6724

📊 预测分布分析:
  - 预测的前5个类别: {np.int64(0): 282905, np.int64(1): 37042, np.int64(2): 14746, np.int64(3): 10802, np.int64(4): 8857}
  - 标签的前5个类别: {np.int64(0): 281232, np.int64(1): 36731, np.int64(2): 14789, np.int64(3): 10866, np.int64(4): 8585}
✅ 验证完成，耗时: 4.7秒 (0.1分钟)
训练损失: 0.0077
验证损失: 0.4897
验证准确率: 0.9689 (10623/10964) - 与Levenshtein高度相关
验证F1(加权): 0.9682 - 类别平衡更好
学习率: 0.000037
显存使用: 0.47GB (预留: 0.69GB)

生成的训练样本:
--------------------------------------------------------------------------------
输入:       LH W>N >XRT> NSB LH TWRSJH WLBWCH
目标:     0 1 12 0 1 0 0 0 0 0 108 9 0 0 0 0 7 0 1 0 0 0 0 0 0 5 12 0 1 0 8 0 37 12
预测:     0 1 0 0 1 0 0 0 0 0 108 9 0 0 0 0 7 0 1 0 0 0 0 0 0 5 12 0 1 0 8 0 37 12
准确率:    0.9706 (33/34)
----------------------------------------
输入:       RJC <LLTH D>R<K TJT> LBJTH DMRJ> >LHK
目标:     0 0 0 2 0 0 0 13 32 12 0 1 0 0 5 0 0 68 0 10 3 0 1 0 0 5 0 0 1 0 0 0 2 0 0 0 5 0
预测:     0 0 0 2 0 0 0 13 32 12 0 1 0 0 5 0 0 68 0 10 3 0 1 0 0 5 0 0 1 0 0 0 2 0 0 0 5 0
准确率:    1.0000 (38/38)
----------------------------------------
输入:       YRJT DJN SQ> DJLJ WXZQTNJ XDWT> >JKN>
目标:     0 0 0 3 12 0 0 0 0 0 0 4 0 0 0 0 1 0 0 1 0 0 3 131 0 0 0 0 0 13 9 0 0 0 0 107 0 0
预测:     0 0 0 3 12 0 0 0 0 0 0 4 0 0 0 0 1 0 0 1 0 0 3 131 0 0 0 0 0 13 9 0 0 0 0 107 0 0
准确率:    1.0000 (38/38)
----------------------------------------

生成的验证样本:
--------------------------------------------------------------------------------
输入:       YBJNH D>LH> LMSV> MN KL DBJC WKLJ
目标:     0 0 0 0 5 0 0 1 0 0 4 0 0 1 6 0 10 7 0 0 0 0 0 2 0 1 0 0 2 0 36 0 0 3
预测:     0 0 0 0 5 0 0 1 0 0 4 0 0 1 6 0 10 7 0 0 0 0 0 2 0 1 0 0 2 0 36 0 0 3
准确率:    1.0000 (34/34)
----------------------------------------
输入:       D>LH> LMSV> MN KL DBJC WKLJ XJLK
目标:     0 1 0 0 4 0 0 1 6 0 10 7 0 0 0 0 0 2 0 1 0 0 2 0 36 0 0 3 0 0 0 5 0
预测:     0 1 0 0 4 0 0 1 6 0 10 7 0 0 0 0 0 2 0 1 0 0 2 0 36 0 0 3 0 0 0 5 0
准确率:    1.0000 (33/33)
----------------------------------------
⏳ 验证无提升 (验证准确率: 0.9689 ≤ 0.9694)，patience: 5/50

======================================================================
🚀 Epoch 119/200
======================================================================
📚 开始训练阶段...
训练进度: 500/6065 损失=0.0089
训练进度: 1000/6065 损失=0.0107
训练进度: 1500/6065 损失=0.0005
训练进度: 2000/6065 损失=0.0031
训练进度: 2500/6065 损失=0.0027
训练进度: 3000/6065 损失=0.0027
训练进度: 3500/6065 损失=0.0082
训练进度: 4000/6065 损失=0.0005
训练进度: 4500/6065 损失=0.0021
训练进度: 5000/6065 损失=0.0057
训练进度: 5500/6065 损失=0.0002
训练进度: 6000/6065 损失=0.0064
训练进度: 6065/6065 损失=0.0044
✅ 训练完成，耗时: 106.3秒 (1.8分钟)

============================================================
📊 验证决策: Epoch 119/200
   验证间隔: 1
   是否验证: ✅ 是
   原因: 达到验证间隔 (0 == 0)
============================================================

🔍 开始验证...
验证进度: 500/686 损失=0.1992
验证进度: 686/686 损失=0.6212

📊 预测分布分析:
  - 预测的前5个类别: {np.int64(0): 283121, np.int64(1): 37086, np.int64(2): 14714, np.int64(3): 10752, np.int64(4): 8959}
  - 标签的前5个类别: {np.int64(0): 281232, np.int64(1): 36731, np.int64(2): 14789, np.int64(3): 10866, np.int64(4): 8585}
✅ 验证完成，耗时: 4.7秒 (0.1分钟)
训练损失: 0.0074
验证损失: 0.4878
验证准确率: 0.9692 (10626/10964) - 与Levenshtein高度相关
验证F1(加权): 0.9684 - 类别平衡更好
学习率: 0.000036
显存使用: 0.48GB (预留: 0.69GB)

生成的训练样本:
--------------------------------------------------------------------------------
输入:       LH PRWS DL> KJN> HWT XVR> KL
目标:     0 1 12 0 0 0 0 2 0 1 0 0 0 0 0 4 0 0 0 18 26 8 8 8 8 12 0 0 2
预测:     0 1 12 0 0 0 0 2 0 1 0 0 0 0 0 4 0 0 0 18 26 8 8 8 8 12 0 0 2
准确率:    1.0000 (29/29)
----------------------------------------
输入:       HW> <L LWX> WCM< JCW< QLH D<M>
目标:     0 0 10 3 0 0 0 0 0 0 11 0 0 1 0 0 3 0 0 0 0 2 0 0 5 0 0 1 0 15 0
预测:     0 0 10 3 0 0 0 0 0 0 11 0 0 1 0 0 3 0 0 0 0 2 0 0 5 0 0 1 0 15 0
准确率:    1.0000 (31/31)
----------------------------------------
输入:       W<L KL >BDT> DN>MR HD> HJ QDM
目标:     0 1 0 0 0 0 2 0 0 0 13 9 0 0 1 44 0 0 3 0 0 0 0 0 0 12 0 0 0 2
预测:     0 1 0 0 0 0 2 0 0 0 13 9 0 0 1 44 0 0 3 0 0 0 0 0 0 12 0 0 0 2
准确率:    1.0000 (30/30)
----------------------------------------

生成的验证样本:
--------------------------------------------------------------------------------
输入:       YBJNH D>LH> LMSV> MN KL DBJC WKLJ
目标:     0 0 0 0 5 0 0 1 0 0 4 0 0 1 6 0 10 7 0 0 0 0 0 2 0 1 0 0 2 0 36 0 0 3
预测:     0 0 0 0 5 0 0 1 0 0 4 0 0 1 6 0 10 7 0 0 0 0 0 2 0 1 0 0 2 0 36 0 0 3
准确率:    1.0000 (34/34)
----------------------------------------
输入:       D>LH> LMSV> MN KL DBJC WKLJ XJLK
目标:     0 1 0 0 4 0 0 1 6 0 10 7 0 0 0 0 0 2 0 1 0 0 2 0 36 0 0 3 0 0 0 5 0
预测:     0 1 0 0 4 0 0 1 6 0 10 7 0 0 0 0 0 2 0 1 0 0 2 0 36 0 0 3 0 0 0 5 0
准确率:    1.0000 (33/33)
----------------------------------------
⏳ 验证无提升 (验证准确率: 0.9692 ≤ 0.9694)，patience: 6/50

======================================================================
🚀 Epoch 120/200
======================================================================
📚 开始训练阶段...
训练进度: 500/6065 损失=0.0021
训练进度: 1000/6065 损失=0.0129
训练进度: 1500/6065 损失=0.0660
训练进度: 2000/6065 损失=0.0103
训练进度: 2500/6065 损失=0.0125
训练进度: 3000/6065 损失=0.0140
训练进度: 3500/6065 损失=0.0046
训练进度: 4000/6065 损失=0.0016
训练进度: 4500/6065 损失=0.0159
训练进度: 5000/6065 损失=0.0095
训练进度: 5500/6065 损失=0.0047
训练进度: 6000/6065 损失=0.0019
训练进度: 6065/6065 损失=0.0014
✅ 训练完成，耗时: 106.2秒 (1.8分钟)

============================================================
📊 验证决策: Epoch 120/200
   验证间隔: 1
   是否验证: ✅ 是
   原因: 达到验证间隔 (0 == 0)
============================================================

🔍 开始验证...
验证进度: 500/686 损失=0.1365
验证进度: 686/686 损失=0.7342

📊 预测分布分析:
  - 预测的前5个类别: {np.int64(0): 283194, np.int64(1): 37085, np.int64(2): 14737, np.int64(3): 10947, np.int64(4): 8926}
  - 标签的前5个类别: {np.int64(0): 281232, np.int64(1): 36731, np.int64(2): 14789, np.int64(3): 10866, np.int64(4): 8585}
✅ 验证完成，耗时: 4.7秒 (0.1分钟)
训练损失: 0.0072
验证损失: 0.4979
验证准确率: 0.9689 (10622/10964) - 与Levenshtein高度相关
验证F1(加权): 0.9680 - 类别平衡更好
学习率: 0.000035
显存使用: 0.48GB (预留: 0.69GB)

生成的训练样本:
--------------------------------------------------------------------------------
输入:       KD TQBL XWCBN> DBNJ >JSR>JL LMNJNHWN NTLWN
目标:     0 0 0 0 6 0 0 16 0 0 0 0 0 4 0 0 1 0 2 0 0 0 0 0 8 0 0 2 0 1 0 0 0 5 0 0 0 0 34 0 3 0 0
预测:     0 0 0 0 6 0 0 16 0 0 0 0 0 4 0 0 1 0 2 0 0 0 0 0 8 0 0 2 0 1 0 0 0 5 0 0 0 0 34 0 3 0 0
准确率:    1.0000 (43/43)
----------------------------------------
输入:       LK BNWHJ D>BWK GWRJ> D>RJ> JHWD> MN
目标:     0 1 0 0 0 25 1 0 0 0 1 0 8 5 0 0 0 0 0 4 0 0 1 0 0 4 0 0 0 0 0 0 2 0 0 0
预测:     0 1 0 0 0 25 1 0 0 0 1 0 8 5 0 0 0 0 0 4 0 0 1 0 0 4 0 0 0 0 0 0 2 0 0 0
准确率:    1.0000 (36/36)
----------------------------------------
输入:       >XRN> DL> JD<JN >NTWN LHWN WKD N<LK
目标:     0 0 0 38 11 0 0 1 0 0 0 0 0 7 0 0 0 0 0 0 0 0 0 1 0 0 0 0 1 0 0 0 28 0 143 0
预测:     0 0 0 38 11 0 0 1 0 0 0 0 0 7 0 0 0 0 0 0 0 0 0 1 0 0 0 0 1 0 0 0 28 0 143 0
准确率:    1.0000 (36/36)
----------------------------------------

生成的验证样本:
--------------------------------------------------------------------------------
输入:       YBJNH D>LH> LMSV> MN KL DBJC WKLJ
目标:     0 0 0 0 5 0 0 1 0 0 4 0 0 1 6 0 10 7 0 0 0 0 0 2 0 1 0 0 2 0 36 0 0 3
预测:     0 0 0 0 5 0 0 1 0 0 4 0 0 1 6 0 10 7 0 0 0 0 0 2 0 1 0 0 2 0 36 0 0 3
准确率:    1.0000 (34/34)
----------------------------------------
输入:       D>LH> LMSV> MN KL DBJC WKLJ XJLK
目标:     0 1 0 0 4 0 0 1 6 0 10 7 0 0 0 0 0 2 0 1 0 0 2 0 36 0 0 3 0 0 0 5 0
预测:     0 1 0 0 4 0 0 1 6 0 10 7 0 0 0 0 0 2 0 1 0 0 2 0 36 0 0 3 0 0 0 5 0
准确率:    1.0000 (33/33)
----------------------------------------
⏳ 验证无提升 (验证准确率: 0.9689 ≤ 0.9694)，patience: 7/50

======================================================================
🚀 Epoch 121/200
======================================================================
📚 开始训练阶段...
训练进度: 500/6065 损失=0.0228
训练进度: 1000/6065 损失=0.0026
训练进度: 1500/6065 损失=0.0005
训练进度: 2000/6065 损失=0.0337
训练进度: 2500/6065 损失=0.0025
训练进度: 3000/6065 损失=0.0012
训练进度: 3500/6065 损失=0.0091
训练进度: 4000/6065 损失=0.0012
训练进度: 4500/6065 损失=0.0090
训练进度: 5000/6065 损失=0.0070
训练进度: 5500/6065 损失=0.0082
训练进度: 6000/6065 损失=0.0093
训练进度: 6065/6065 损失=0.0011
✅ 训练完成，耗时: 106.4秒 (1.8分钟)

============================================================
📊 验证决策: Epoch 121/200
   验证间隔: 1
   是否验证: ✅ 是
   原因: 达到验证间隔 (0 == 0)
============================================================

🔍 开始验证...
验证进度: 500/686 损失=0.0996
验证进度: 686/686 损失=0.6014

📊 预测分布分析:
  - 预测的前5个类别: {np.int64(0): 282915, np.int64(1): 37074, np.int64(2): 14723, np.int64(3): 10765, np.int64(4): 8940}
  - 标签的前5个类别: {np.int64(0): 281232, np.int64(1): 36731, np.int64(2): 14789, np.int64(3): 10866, np.int64(4): 8585}
✅ 验证完成，耗时: 4.7秒 (0.1分钟)
训练损失: 0.0070
验证损失: 0.4932
验证准确率: 0.9694 (10628/10964) - 与Levenshtein高度相关
验证F1(加权): 0.9687 - 类别平衡更好
学习率: 0.000035
显存使用: 0.47GB (预留: 0.69GB)

生成的训练样本:
--------------------------------------------------------------------------------
输入:       MN QDM PR<WN WYLJ QDM MRJ> WHPK
目标:     0 0 0 0 0 0 2 0 0 0 0 0 2 0 1 0 0 16 0 0 0 2 0 0 0 0 2 0 1 0 0 3
预测:     0 0 0 0 0 0 2 0 0 0 0 0 2 0 1 0 0 16 0 0 0 2 0 0 0 0 2 0 1 0 0 3
准确率:    1.0000 (32/32)
----------------------------------------
输入:       W>T> JTRWN XMWHJ DMWC> WBNWHJ W>NTTH LWT
目标:     0 1 0 10 3 0 0 0 0 0 2 0 0 8 5 0 0 0 1 0 0 0 2 0 1 0 25 1 0 0 0 1 0 0 13 1 0 0 0 0 0
预测:     0 1 0 10 3 0 0 0 0 0 2 0 0 8 5 0 0 0 1 0 0 0 2 0 1 0 25 1 0 0 0 1 0 0 13 1 0 0 0 0 0
准确率:    1.0000 (41/41)
----------------------------------------
输入:       TRJN SMKJN TXJT DP> XD WTRJN SMKJN
目标:     0 0 2 0 12 0 0 0 22 0 0 0 0 8 0 0 0 0 4 0 0 0 2 0 1 0 2 0 12 0 0 0 22 0 0
预测:     0 0 2 0 12 0 0 0 22 0 0 0 0 8 0 0 0 0 4 0 0 0 2 0 1 0 2 0 12 0 0 0 22 0 0
准确率:    1.0000 (35/35)
----------------------------------------

生成的验证样本:
--------------------------------------------------------------------------------
输入:       YBJNH D>LH> LMSV> MN KL DBJC WKLJ
目标:     0 0 0 0 5 0 0 1 0 0 4 0 0 1 6 0 10 7 0 0 0 0 0 2 0 1 0 0 2 0 36 0 0 3
预测:     0 0 0 0 5 0 0 1 0 0 4 0 0 1 6 0 10 7 0 0 0 0 0 2 0 1 0 0 2 0 36 0 0 3
准确率:    1.0000 (34/34)
----------------------------------------
输入:       D>LH> LMSV> MN KL DBJC WKLJ XJLK
目标:     0 1 0 0 4 0 0 1 6 0 10 7 0 0 0 0 0 2 0 1 0 0 2 0 36 0 0 3 0 0 0 5 0
预测:     0 1 0 0 4 0 0 1 6 0 10 7 0 0 0 0 0 2 0 1 0 0 2 0 36 0 0 3 0 0 0 5 0
准确率:    1.0000 (33/33)
----------------------------------------
⏳ 验证无提升 (验证准确率: 0.9694 ≤ 0.9694)，patience: 8/50

======================================================================
🚀 Epoch 122/200
======================================================================
📚 开始训练阶段...
训练进度: 500/6065 损失=0.0022
训练进度: 1000/6065 损失=0.0134
训练进度: 1500/6065 损失=0.0016
训练进度: 2000/6065 损失=0.0088
训练进度: 2500/6065 损失=0.0074
训练进度: 3000/6065 损失=0.0023
训练进度: 3500/6065 损失=0.0001
训练进度: 4000/6065 损失=0.0076
训练进度: 4500/6065 损失=0.0163
训练进度: 5000/6065 损失=0.0038
训练进度: 5500/6065 损失=0.0148
训练进度: 6000/6065 损失=0.0017
训练进度: 6065/6065 损失=0.0080
✅ 训练完成，耗时: 106.6秒 (1.8分钟)

============================================================
📊 验证决策: Epoch 122/200
   验证间隔: 1
   是否验证: ✅ 是
   原因: 达到验证间隔 (0 == 0)
============================================================

🔍 开始验证...
验证进度: 500/686 损失=0.1600
验证进度: 686/686 损失=0.5423

📊 预测分布分析:
  - 预测的前5个类别: {np.int64(0): 282952, np.int64(1): 37049, np.int64(2): 14749, np.int64(3): 10919, np.int64(4): 8854}
  - 标签的前5个类别: {np.int64(0): 281232, np.int64(1): 36731, np.int64(2): 14789, np.int64(3): 10866, np.int64(4): 8585}
✅ 验证完成，耗时: 4.8秒 (0.1分钟)
训练损失: 0.0070
验证损失: 0.4944
验证准确率: 0.9691 (10624/10964) - 与Levenshtein高度相关
验证F1(加权): 0.9683 - 类别平衡更好
学习率: 0.000034
显存使用: 0.48GB (预留: 0.69GB)

生成的训练样本:
--------------------------------------------------------------------------------
输入:       VJBWTK MVWL DLJT BMWT> DWKRNK WBCJWL MNW
目标:     0 0 0 0 2 1 0 0 0 8 0 0 0 1 58 0 24 0 1 0 0 15 0 0 0 0 0 0 5 0 0 1 1 0 0 0 2 0 0 71 0
预测:     0 0 0 0 2 1 0 0 0 8 0 0 0 1 58 0 24 0 1 0 0 15 0 0 0 0 0 0 5 0 0 1 1 0 0 0 2 0 0 71 0
准确率:    1.0000 (41/41)
----------------------------------------
输入:       D<Z> WMCK> DDKR> D>SPJNJQ> WMCK> DSSGWN> WQJS>
目标:     0 1 0 11 0 0 1 0 0 11 0 0 1 0 0 30 0 0 1 0 0 0 0 0 0 4 0 0 1 0 0 11 0 0 1 0 0 0 0 4 0 0 1 0 0 11 0
预测:     0 1 0 11 0 0 1 0 0 11 0 0 1 0 0 30 0 0 1 0 0 0 0 0 0 4 0 0 1 0 0 11 0 0 1 0 0 0 0 4 0 0 1 0 0 11 0
准确率:    1.0000 (47/47)
----------------------------------------
输入:       BJT >BWN MVL DBR >NTT> HW >XRT>
目标:     0 0 0 2 0 0 8 5 0 0 0 0 0 0 1 0 2 0 0 0 13 9 0 0 0 0 0 0 0 126 9 0
预测:     0 0 0 2 0 0 8 5 0 0 0 0 0 0 1 0 2 0 0 0 13 9 0 0 0 0 0 0 0 126 9 0
准确率:    1.0000 (32/32)
----------------------------------------

生成的验证样本:
--------------------------------------------------------------------------------
输入:       YBJNH D>LH> LMSV> MN KL DBJC WKLJ
目标:     0 0 0 0 5 0 0 1 0 0 4 0 0 1 6 0 10 7 0 0 0 0 0 2 0 1 0 0 2 0 36 0 0 3
预测:     0 0 0 0 5 0 0 1 0 0 4 0 0 1 6 0 10 7 0 0 0 0 0 2 0 1 0 0 2 0 36 0 0 3
准确率:    1.0000 (34/34)
----------------------------------------
输入:       D>LH> LMSV> MN KL DBJC WKLJ XJLK
目标:     0 1 0 0 4 0 0 1 6 0 10 7 0 0 0 0 0 2 0 1 0 0 2 0 36 0 0 3 0 0 0 5 0
预测:     0 1 0 0 4 0 0 1 6 0 10 7 0 0 0 0 0 2 0 1 0 0 2 0 36 0 0 3 0 0 0 5 0
准确率:    1.0000 (33/33)
----------------------------------------
⏳ 验证无提升 (验证准确率: 0.9691 ≤ 0.9694)，patience: 9/50

======================================================================
🚀 Epoch 123/200
======================================================================
📚 开始训练阶段...
训练进度: 500/6065 损失=0.0052
训练进度: 1000/6065 损失=0.0022
训练进度: 1500/6065 损失=0.0231
训练进度: 2000/6065 损失=0.0183
训练进度: 2500/6065 损失=0.0032
训练进度: 3000/6065 损失=0.0207
训练进度: 3500/6065 损失=0.0069
训练进度: 4000/6065 损失=0.0094
训练进度: 4500/6065 损失=0.0021
训练进度: 5000/6065 损失=0.0012
训练进度: 5500/6065 损失=0.0060
训练进度: 6000/6065 损失=0.0064
训练进度: 6065/6065 损失=0.0015
✅ 训练完成，耗时: 106.8秒 (1.8分钟)

============================================================
📊 验证决策: Epoch 123/200
   验证间隔: 1
   是否验证: ✅ 是
   原因: 达到验证间隔 (0 == 0)
============================================================

🔍 开始验证...
验证进度: 500/686 损失=0.1345
验证进度: 686/686 损失=0.6094

📊 预测分布分析:
  - 预测的前5个类别: {np.int64(0): 282972, np.int64(1): 37060, np.int64(2): 14739, np.int64(3): 10860, np.int64(4): 8953}
  - 标签的前5个类别: {np.int64(0): 281232, np.int64(1): 36731, np.int64(2): 14789, np.int64(3): 10866, np.int64(4): 8585}
✅ 验证完成，耗时: 4.8秒 (0.1分钟)
训练损失: 0.0067
验证损失: 0.4966
验证准确率: 0.9691 (10625/10964) - 与Levenshtein高度相关
验证F1(加权): 0.9684 - 类别平衡更好
学习率: 0.000033
显存使用: 0.48GB (预留: 0.69GB)

生成的训练样本:
--------------------------------------------------------------------------------
输入:       BSPR DBRJMJN DMLK> DJHWD> WCKB MNC> <M
目标:     0 1 0 0 2 0 0 0 0 0 0 0 2 0 1 0 0 11 0 0 1 0 0 0 0 2 0 1 0 0 3 0 0 0 0 2 0 0 0
预测:     0 1 0 0 2 0 0 0 0 0 0 0 2 0 1 0 0 11 0 0 1 0 0 0 0 2 0 1 0 0 3 0 0 0 0 2 0 0 0
准确率:    1.0000 (39/39)
----------------------------------------
输入:       W>NTWN L> T<BDWN HKN> LMRJ> >LHKWN >L>
目标:     0 1 0 0 0 0 0 0 0 0 0 6 0 0 3 0 0 0 0 0 0 0 0 1 0 0 0 2 0 0 0 5 0 0 0 0 0 0 0
预测:     0 1 0 0 0 0 0 0 0 0 0 6 0 0 3 0 0 0 0 0 0 0 0 1 0 0 0 2 0 0 0 5 0 0 0 0 0 0 0
准确率:    1.0000 (39/39)
----------------------------------------
输入:       >NWN WL> TDBXWN LHWN >L> PLWXW LMRJ>
目标:     0 0 0 0 0 0 1 0 0 0 6 0 0 3 0 19 0 1 0 0 0 0 0 0 0 6 0 8 0 3 0 0 1 0 0 0 2
预测:     0 0 0 0 0 0 1 0 0 0 6 0 0 3 0 19 0 1 0 0 0 0 0 0 0 6 0 8 0 3 0 0 1 0 0 0 2
准确率:    1.0000 (37/37)
----------------------------------------

生成的验证样本:
--------------------------------------------------------------------------------
输入:       YBJNH D>LH> LMSV> MN KL DBJC WKLJ
目标:     0 0 0 0 5 0 0 1 0 0 4 0 0 1 6 0 10 7 0 0 0 0 0 2 0 1 0 0 2 0 36 0 0 3
预测:     0 0 0 0 5 0 0 1 0 0 4 0 0 1 6 0 10 7 0 0 0 0 0 2 0 1 0 0 2 0 36 0 0 3
准确率:    1.0000 (34/34)
----------------------------------------
输入:       D>LH> LMSV> MN KL DBJC WKLJ XJLK
目标:     0 1 0 0 4 0 0 1 6 0 10 7 0 0 0 0 0 2 0 1 0 0 2 0 36 0 0 3 0 0 0 5 0
预测:     0 1 0 0 4 0 0 1 6 0 10 7 0 0 0 0 0 2 0 1 0 0 2 0 36 0 0 3 0 0 0 5 0
准确率:    1.0000 (33/33)
----------------------------------------
⏳ 验证无提升 (验证准确率: 0.9691 ≤ 0.9694)，patience: 10/50

======================================================================
🚀 Epoch 124/200
======================================================================
📚 开始训练阶段...
训练进度: 500/6065 损失=0.0047
训练进度: 1000/6065 损失=0.0126
训练进度: 1500/6065 损失=0.0043
训练进度: 2000/6065 损失=0.0007
训练进度: 2500/6065 损失=0.0071
训练进度: 3000/6065 损失=0.0099
训练进度: 3500/6065 损失=0.0203
训练进度: 4000/6065 损失=0.0021
训练进度: 4500/6065 损失=0.0008
训练进度: 5000/6065 损失=0.0077
训练进度: 5500/6065 损失=0.0031
训练进度: 6000/6065 损失=0.0003
训练进度: 6065/6065 损失=0.0011
✅ 训练完成，耗时: 106.5秒 (1.8分钟)

============================================================
📊 验证决策: Epoch 124/200
   验证间隔: 1
   是否验证: ✅ 是
   原因: 达到验证间隔 (0 == 0)
============================================================

🔍 开始验证...
验证进度: 500/686 损失=0.1296
验证进度: 686/686 损失=0.5780

📊 预测分布分析:
  - 预测的前5个类别: {np.int64(0): 283141, np.int64(1): 37084, np.int64(2): 14806, np.int64(3): 10842, np.int64(4): 8976}
  - 标签的前5个类别: {np.int64(0): 281232, np.int64(1): 36731, np.int64(2): 14789, np.int64(3): 10866, np.int64(4): 8585}
✅ 验证完成，耗时: 4.7秒 (0.1分钟)
训练损失: 0.0066
验证损失: 0.4992
验证准确率: 0.9693 (10627/10964) - 与Levenshtein高度相关
验证F1(加权): 0.9685 - 类别平衡更好
学习率: 0.000032
显存使用: 0.48GB (预留: 0.69GB)

生成的训练样本:
--------------------------------------------------------------------------------
输入:       <SR> LMMR <BWR> MN MYRJN WLBNJMJN >XWHJ
目标:     0 0 0 2 0 0 1 6 31 49 0 0 0 0 4 0 0 0 0 0 0 0 0 0 2 0 1 1 0 0 0 0 0 2 0 0 8 5 0 0
预测:     0 0 0 2 0 0 1 6 31 49 0 0 0 0 4 0 0 0 0 0 0 0 0 0 2 0 1 1 0 0 0 0 0 2 0 0 8 5 0 0
准确率:    1.0000 (40/40)
----------------------------------------
输入:       >TR> HW >JK D>MR MRJ> WTVR WT<BD
目标:     0 0 0 4 0 0 0 12 0 0 0 0 0 1 0 0 3 0 0 0 0 2 0 1 34 0 3 0 1 6 0 0 3
预测:     0 0 0 4 0 0 0 12 0 0 0 0 0 1 0 0 3 0 0 0 0 2 0 1 34 0 3 0 1 6 0 0 3
准确率:    1.0000 (33/33)
----------------------------------------
输入:       HWJW LBH WPWMH DXKJM> BLBH KD L>V
目标:     0 0 99 0 0 0 0 5 0 0 1 0 0 5 0 0 1 0 0 0 4 0 0 1 0 5 0 0 0 0 0 20 0 7
预测:     0 0 99 0 0 0 0 5 0 0 1 0 0 5 0 0 1 0 0 0 4 0 0 1 0 5 0 0 0 0 0 20 0 7
准确率:    1.0000 (34/34)
----------------------------------------

生成的验证样本:
--------------------------------------------------------------------------------
输入:       YBJNH D>LH> LMSV> MN KL DBJC WKLJ
目标:     0 0 0 0 5 0 0 1 0 0 4 0 0 1 6 0 10 7 0 0 0 0 0 2 0 1 0 0 2 0 36 0 0 3
预测:     0 0 0 0 5 0 0 1 0 0 4 0 0 1 6 0 10 7 0 0 0 0 0 2 0 1 0 0 2 0 36 0 0 3
准确率:    1.0000 (34/34)
----------------------------------------
输入:       D>LH> LMSV> MN KL DBJC WKLJ XJLK
目标:     0 1 0 0 4 0 0 1 6 0 10 7 0 0 0 0 0 2 0 1 0 0 2 0 36 0 0 3 0 0 0 5 0
预测:     0 1 0 0 4 0 0 1 6 0 10 7 0 0 0 0 0 2 0 1 0 0 2 0 36 0 0 3 0 0 0 5 0
准确率:    1.0000 (33/33)
----------------------------------------
⏳ 验证无提升 (验证准确率: 0.9693 ≤ 0.9694)，patience: 11/50

======================================================================
🚀 Epoch 125/200
======================================================================
📚 开始训练阶段...
训练进度: 500/6065 损失=0.0013
训练进度: 1000/6065 损失=0.0018
训练进度: 1500/6065 损失=0.0266
训练进度: 2000/6065 损失=0.0047
训练进度: 2500/6065 损失=0.0092
训练进度: 3000/6065 损失=0.0005
训练进度: 3500/6065 损失=0.0061
训练进度: 4000/6065 损失=0.0015
训练进度: 4500/6065 损失=0.0109
训练进度: 5000/6065 损失=0.0155
训练进度: 5500/6065 损失=0.0031
训练进度: 6000/6065 损失=0.0021
训练进度: 6065/6065 损失=0.0060
✅ 训练完成，耗时: 106.9秒 (1.8分钟)

============================================================
📊 验证决策: Epoch 125/200
   验证间隔: 1
   是否验证: ✅ 是
   原因: 达到验证间隔 (0 == 0)
============================================================

🔍 开始验证...
验证进度: 500/686 损失=0.1360
验证进度: 686/686 损失=0.5761

📊 预测分布分析:
  - 预测的前5个类别: {np.int64(0): 282906, np.int64(1): 37078, np.int64(2): 14803, np.int64(3): 10833, np.int64(4): 8842}
  - 标签的前5个类别: {np.int64(0): 281232, np.int64(1): 36731, np.int64(2): 14789, np.int64(3): 10866, np.int64(4): 8585}
✅ 验证完成，耗时: 4.7秒 (0.1分钟)
训练损失: 0.0064
验证损失: 0.4993
验证准确率: 0.9692 (10626/10964) - 与Levenshtein高度相关
验证F1(加权): 0.9685 - 类别平衡更好
学习率: 0.000032
显存使用: 0.48GB (预留: 0.69GB)

生成的训练样本:
--------------------------------------------------------------------------------
输入:       LH MN KLHWN XDRWHJ MVL DNBN> BJT>
目标:     0 1 0 0 0 0 0 0 5 0 0 0 0 0 0 25 1 0 0 0 0 0 0 0 1 6 0 10 3 0 0 0 4 0
预测:     0 1 0 0 0 0 0 0 5 0 0 0 0 0 0 25 1 0 0 0 0 0 0 0 1 6 0 10 3 0 0 0 4 0
准确率:    1.0000 (34/34)
----------------------------------------
输入:       HPKTN B>JDK HW GJR >CKXNJHJ LQLJD> DTJBWT>
目标:     0 0 0 3 32 0 0 35 0 0 5 0 0 0 0 0 0 0 0 0 17 0 0 3 35 0 0 0 0 1 0 0 0 4 0 0 1 0 0 0 2 9 0
预测:     0 0 0 3 32 0 0 35 0 0 5 0 0 0 0 0 0 0 0 0 17 0 0 3 35 0 0 0 0 1 0 0 0 4 0 0 1 0 0 0 2 9 0
准确率:    1.0000 (43/43)
----------------------------------------
输入:       >NWN MVL D>N> >N> MRJ> >LHK >LH>
目标:     0 0 0 0 0 0 0 0 0 0 1 0 0 0 0 0 0 0 0 0 0 0 2 0 0 0 5 0 0 0 0 4 0
预测:     0 0 0 0 0 0 0 0 0 0 1 0 0 0 0 0 0 0 0 0 0 0 2 0 0 0 5 0 0 0 0 4 0
准确率:    1.0000 (33/33)
----------------------------------------

生成的验证样本:
--------------------------------------------------------------------------------
输入:       YBJNH D>LH> LMSV> MN KL DBJC WKLJ
目标:     0 0 0 0 5 0 0 1 0 0 4 0 0 1 6 0 10 7 0 0 0 0 0 2 0 1 0 0 2 0 36 0 0 3
预测:     0 0 0 0 5 0 0 1 0 0 4 0 0 1 6 0 10 7 0 0 0 0 0 2 0 1 0 0 2 0 36 0 0 3
准确率:    1.0000 (34/34)
----------------------------------------
输入:       D>LH> LMSV> MN KL DBJC WKLJ XJLK
目标:     0 1 0 0 4 0 0 1 6 0 10 7 0 0 0 0 0 2 0 1 0 0 2 0 36 0 0 3 0 0 0 5 0
预测:     0 1 0 0 4 0 0 1 6 0 10 7 0 0 0 0 0 2 0 1 0 0 2 0 36 0 0 3 0 0 0 5 0
准确率:    1.0000 (33/33)
----------------------------------------
⏳ 验证无提升 (验证准确率: 0.9692 ≤ 0.9694)，patience: 12/50

======================================================================
🚀 Epoch 126/200
======================================================================
📚 开始训练阶段...
训练进度: 500/6065 损失=0.0142
训练进度: 1000/6065 损失=0.0077
训练进度: 1500/6065 损失=0.0083
训练进度: 2000/6065 损失=0.0068
训练进度: 2500/6065 损失=0.0072
训练进度: 3000/6065 损失=0.0026
训练进度: 3500/6065 损失=0.0025
训练进度: 4000/6065 损失=0.0018
训练进度: 4500/6065 损失=0.0061
训练进度: 5000/6065 损失=0.0006
训练进度: 5500/6065 损失=0.0033
训练进度: 6000/6065 损失=0.0003
训练进度: 6065/6065 损失=0.0015
✅ 训练完成，耗时: 106.6秒 (1.8分钟)

============================================================
📊 验证决策: Epoch 126/200
   验证间隔: 1
   是否验证: ✅ 是
   原因: 达到验证间隔 (0 == 0)
============================================================

🔍 开始验证...
验证进度: 500/686 损失=0.1665
验证进度: 686/686 损失=0.6571

📊 预测分布分析:
  - 预测的前5个类别: {np.int64(0): 282840, np.int64(1): 37145, np.int64(2): 14712, np.int64(3): 10779, np.int64(4): 8946}
  - 标签的前5个类别: {np.int64(0): 281232, np.int64(1): 36731, np.int64(2): 14789, np.int64(3): 10866, np.int64(4): 8585}
✅ 验证完成，耗时: 4.8秒 (0.1分钟)
训练损失: 0.0062
验证损失: 0.5067
验证准确率: 0.9691 (10625/10964) - 与Levenshtein高度相关
验证F1(加权): 0.9684 - 类别平衡更好
学习率: 0.000031
显存使用: 0.48GB (预留: 0.69GB)

生成的训练样本:
--------------------------------------------------------------------------------
输入:       LMCQL WSJM KSPH DGBR> BPWM V<NH WSB
目标:     0 1 6 0 0 7 0 36 20 0 3 0 0 0 5 0 0 1 0 0 4 0 0 1 0 0 2 0 0 0 5 0 0 93 0 3
预测:     0 1 6 0 0 7 0 36 20 0 3 0 0 0 5 0 0 1 0 0 4 0 0 1 0 0 2 0 0 0 5 0 0 93 0 3
准确率:    1.0000 (36/36)
----------------------------------------
输入:       WSR> CM<T BTR<> DMCKN> WHW BSTRH W>BRHM
目标:     0 1 0 0 2 0 0 0 3 26 0 1 0 0 4 0 0 1 0 0 0 4 0 0 1 0 0 0 0 0 0 5 0 0 1 0 0 0 0 2
预测:     0 1 0 0 2 0 0 0 3 26 0 1 0 0 4 0 0 1 0 0 0 4 0 0 1 0 0 0 0 0 0 5 0 0 1 0 0 0 0 2
准确率:    1.0000 (40/40)
----------------------------------------
输入:       JD< >NT D>MRJN KLDJ> D>R<> MPLG> HJ
目标:     0 0 0 7 0 0 0 0 0 1 0 0 7 0 0 0 0 0 0 11 0 0 1 0 0 4 0 0 6 0 0 7 78 0 0 12
预测:     0 0 0 7 0 0 0 0 0 1 0 0 7 0 0 0 0 0 0 11 0 0 1 0 0 4 0 0 6 0 0 7 78 0 0 12
准确率:    1.0000 (36/36)
----------------------------------------

生成的验证样本:
--------------------------------------------------------------------------------
输入:       YBJNH D>LH> LMSV> MN KL DBJC WKLJ
目标:     0 0 0 0 5 0 0 1 0 0 4 0 0 1 6 0 10 7 0 0 0 0 0 2 0 1 0 0 2 0 36 0 0 3
预测:     0 0 0 0 5 0 0 1 0 0 4 0 0 1 6 0 10 7 0 0 0 0 0 2 0 1 0 0 2 0 36 0 0 3
准确率:    1.0000 (34/34)
----------------------------------------
输入:       D>LH> LMSV> MN KL DBJC WKLJ XJLK
目标:     0 1 0 0 4 0 0 1 6 0 10 7 0 0 0 0 0 2 0 1 0 0 2 0 36 0 0 3 0 0 0 5 0
预测:     0 1 0 0 4 0 0 1 6 0 10 7 0 0 0 0 0 2 0 1 0 0 2 0 36 0 0 3 0 0 0 5 0
准确率:    1.0000 (33/33)
----------------------------------------
⏳ 验证无提升 (验证准确率: 0.9691 ≤ 0.9694)，patience: 13/50

======================================================================
🚀 Epoch 127/200
======================================================================
📚 开始训练阶段...
训练进度: 500/6065 损失=0.0014
训练进度: 1000/6065 损失=0.0010
训练进度: 1500/6065 损失=0.0047
训练进度: 2000/6065 损失=0.0118
训练进度: 2500/6065 损失=0.0020
训练进度: 3000/6065 损失=0.0096
训练进度: 3500/6065 损失=0.0005
训练进度: 4000/6065 损失=0.0021
训练进度: 4500/6065 损失=0.0017
训练进度: 5000/6065 损失=0.0154
训练进度: 5500/6065 损失=0.0078
训练进度: 6000/6065 损失=0.0142
训练进度: 6065/6065 损失=0.0039
✅ 训练完成，耗时: 106.3秒 (1.8分钟)

============================================================
📊 验证决策: Epoch 127/200
   验证间隔: 1
   是否验证: ✅ 是
   原因: 达到验证间隔 (0 == 0)
============================================================

🔍 开始验证...
验证进度: 500/686 损失=0.1286
验证进度: 686/686 损失=0.7255

📊 预测分布分析:
  - 预测的前5个类别: {np.int64(0): 283138, np.int64(1): 37034, np.int64(2): 14703, np.int64(3): 10805, np.int64(4): 8821}
  - 标签的前5个类别: {np.int64(0): 281232, np.int64(1): 36731, np.int64(2): 14789, np.int64(3): 10866, np.int64(4): 8585}
✅ 验证完成，耗时: 4.8秒 (0.1分钟)
训练损失: 0.0061
验证损失: 0.5102
验证准确率: 0.9689 (10623/10964) - 与Levenshtein高度相关
验证F1(加权): 0.9682 - 类别平衡更好
学习率: 0.000030
显存使用: 0.48GB (预留: 0.69GB)

生成的训练样本:
--------------------------------------------------------------------------------
输入:       LH >W BRH D>NC> DS<R >NT LH
目标:     0 1 0 0 0 0 0 0 5 0 0 1 0 0 4 0 0 1 0 0 7 0 0 0 0 0 1 0
预测:     0 1 0 0 0 0 0 0 5 0 0 1 0 0 4 0 0 1 0 0 7 0 0 0 0 0 1 0
准确率:    1.0000 (28/28)
----------------------------------------
输入:       VB HW WBSJM >LH> WL> MXBL YLM>
目标:     0 0 2 0 0 12 0 1 0 8 0 214 0 0 0 4 0 0 1 0 0 0 6 0 0 41 0 0 0 4 0
预测:     0 0 2 0 0 12 0 1 0 8 0 214 0 0 0 4 0 0 1 0 0 0 6 0 0 41 0 0 0 4 0
准确率:    1.0000 (31/31)
----------------------------------------
输入:       X>R HW> KD SBR D>THPKT LH BKJW
目标:     0 20 0 7 0 0 10 3 0 0 0 0 0 0 7 0 1 0 14 0 0 3 26 0 1 12 0 0 0 3 0
预测:     0 20 0 7 0 0 10 3 0 0 0 0 0 0 7 0 1 0 14 0 0 3 26 0 1 12 0 0 0 3 0
准确率:    1.0000 (31/31)
----------------------------------------

生成的验证样本:
--------------------------------------------------------------------------------
输入:       YBJNH D>LH> LMSV> MN KL DBJC WKLJ
目标:     0 0 0 0 5 0 0 1 0 0 4 0 0 1 6 0 10 7 0 0 0 0 0 2 0 1 0 0 2 0 36 0 0 3
预测:     0 0 0 0 5 0 0 1 0 0 4 0 0 1 6 0 10 7 0 0 0 0 0 2 0 1 0 0 2 0 36 0 0 3
准确率:    1.0000 (34/34)
----------------------------------------
输入:       D>LH> LMSV> MN KL DBJC WKLJ XJLK
目标:     0 1 0 0 4 0 0 1 6 0 10 7 0 0 0 0 0 2 0 1 0 0 2 0 36 0 0 3 0 0 0 5 0
预测:     0 1 0 0 4 0 0 1 6 0 10 7 0 0 0 0 0 2 0 1 0 0 2 0 36 0 0 3 0 0 0 5 0
准确率:    1.0000 (33/33)
----------------------------------------
⏳ 验证无提升 (验证准确率: 0.9689 ≤ 0.9694)，patience: 14/50

======================================================================
🚀 Epoch 128/200
======================================================================
📚 开始训练阶段...
训练进度: 500/6065 损失=0.0061
训练进度: 1000/6065 损失=0.0168
训练进度: 1500/6065 损失=0.0052
训练进度: 2000/6065 损失=0.0011
训练进度: 2500/6065 损失=0.0003
训练进度: 3000/6065 损失=0.0195
训练进度: 3500/6065 损失=0.0089
训练进度: 4000/6065 损失=0.0008
训练进度: 4500/6065 损失=0.0027
训练进度: 5000/6065 损失=0.0066
训练进度: 5500/6065 损失=0.0053
训练进度: 6000/6065 损失=0.0198
训练进度: 6065/6065 损失=0.0057
✅ 训练完成，耗时: 106.4秒 (1.8分钟)

============================================================
📊 验证决策: Epoch 128/200
   验证间隔: 1
   是否验证: ✅ 是
   原因: 达到验证间隔 (0 == 0)
============================================================

🔍 开始验证...
验证进度: 500/686 损失=0.2007
验证进度: 686/686 损失=0.6897

📊 预测分布分析:
  - 预测的前5个类别: {np.int64(0): 282933, np.int64(1): 37069, np.int64(2): 14706, np.int64(3): 10815, np.int64(4): 8983}
  - 标签的前5个类别: {np.int64(0): 281232, np.int64(1): 36731, np.int64(2): 14789, np.int64(3): 10866, np.int64(4): 8585}
✅ 验证完成，耗时: 4.8秒 (0.1分钟)
训练损失: 0.0059
验证损失: 0.5110
验证准确率: 0.9692 (10626/10964) - 与Levenshtein高度相关
验证F1(加权): 0.9684 - 类别平衡更好
学习率: 0.000030
显存使用: 0.47GB (预留: 0.69GB)

生成的训练样本:
--------------------------------------------------------------------------------
输入:       ZNJWTH D>NTT> BMRMWT <JNJH WMN GBJNJH TTJD<
目标:     0 0 0 0 2 1 12 0 1 0 0 13 9 0 0 1 0 0 0 2 0 0 0 0 2 1 12 0 1 0 0 0 0 0 0 2 1 12 0 91 14 0 0 3
预测:     0 0 0 0 2 1 12 0 1 0 0 13 9 0 0 1 0 0 0 2 0 0 0 0 2 1 12 0 1 0 0 0 0 0 0 2 1 12 0 91 14 0 0 3
准确率:    1.0000 (44/44)
----------------------------------------
输入:       D>DMT> T<BD LJ WTDBX <LWHJ <LWTK WQWRBNJK
目标:     0 1 0 0 13 9 0 0 6 0 0 3 0 1 0 0 1 6 0 0 16 0 0 8 1 0 0 0 0 57 22 32 0 0 1 0 0 0 0 2 1 0
预测:     0 1 0 0 13 9 0 0 6 0 0 3 0 1 0 0 1 6 0 0 16 0 0 8 1 0 0 0 0 57 22 32 0 0 1 0 0 0 0 2 1 0
准确率:    1.0000 (42/42)
----------------------------------------
输入:       W>MR LBN LJ<QWB >N >CKXT RXM> B<JNJK
目标:     0 1 0 0 3 0 0 0 2 0 1 0 0 0 0 2 0 0 0 0 17 0 0 3 0 0 0 0 30 0 0 1 0 0 2 1 0
预测:     0 1 0 0 3 0 0 0 2 0 1 0 0 0 0 2 0 0 0 0 17 0 0 3 0 0 0 0 30 0 0 1 0 0 2 1 0
准确率:    1.0000 (37/37)
----------------------------------------

生成的验证样本:
--------------------------------------------------------------------------------
输入:       YBJNH D>LH> LMSV> MN KL DBJC WKLJ
目标:     0 0 0 0 5 0 0 1 0 0 4 0 0 1 6 0 10 7 0 0 0 0 0 2 0 1 0 0 2 0 36 0 0 3
预测:     0 0 0 0 5 0 0 1 0 0 4 0 0 1 6 0 10 7 0 0 0 0 0 2 0 1 0 0 2 0 36 0 0 3
准确率:    1.0000 (34/34)
----------------------------------------
输入:       D>LH> LMSV> MN KL DBJC WKLJ XJLK
目标:     0 1 0 0 4 0 0 1 6 0 10 7 0 0 0 0 0 2 0 1 0 0 2 0 36 0 0 3 0 0 0 5 0
预测:     0 1 0 0 4 0 0 1 6 0 10 7 0 0 0 0 0 2 0 1 0 0 2 0 36 0 0 3 0 0 0 5 0
准确率:    1.0000 (33/33)
----------------------------------------
⏳ 验证无提升 (验证准确率: 0.9692 ≤ 0.9694)，patience: 15/50

======================================================================
🚀 Epoch 129/200
======================================================================
📚 开始训练阶段...
训练进度: 500/6065 损失=0.0010
训练进度: 1000/6065 损失=0.0155
训练进度: 1500/6065 损失=0.0025
训练进度: 2000/6065 损失=0.0004
训练进度: 2500/6065 损失=0.0041
训练进度: 3000/6065 损失=0.0053
训练进度: 3500/6065 损失=0.0074
训练进度: 4000/6065 损失=0.0003
训练进度: 4500/6065 损失=0.0034
训练进度: 5000/6065 损失=0.0026
训练进度: 5500/6065 损失=0.0037
训练进度: 6000/6065 损失=0.0009
训练进度: 6065/6065 损失=0.0013
✅ 训练完成，耗时: 106.3秒 (1.8分钟)

============================================================
📊 验证决策: Epoch 129/200
   验证间隔: 1
   是否验证: ✅ 是
   原因: 达到验证间隔 (0 == 0)
============================================================

🔍 开始验证...
验证进度: 500/686 损失=0.1747
验证进度: 686/686 损失=0.7063

📊 预测分布分析:
  - 预测的前5个类别: {np.int64(0): 283214, np.int64(1): 37061, np.int64(2): 14702, np.int64(3): 10791, np.int64(4): 8934}
  - 标签的前5个类别: {np.int64(0): 281232, np.int64(1): 36731, np.int64(2): 14789, np.int64(3): 10866, np.int64(4): 8585}
✅ 验证完成，耗时: 4.8秒 (0.1分钟)
训练损失: 0.0057
验证损失: 0.5129
验证准确率: 0.9690 (10623/10964) - 与Levenshtein高度相关
验证F1(加权): 0.9681 - 类别平衡更好
学习率: 0.000029
显存使用: 0.48GB (预留: 0.69GB)

生成的训练样本:
--------------------------------------------------------------------------------
输入:       W>TL >MR LH J<QWB >NT JD< >NT
目标:     0 1 34 0 3 0 0 0 7 0 1 0 0 0 0 0 0 2 0 0 0 0 0 0 0 7 0 0 0 0
预测:     0 1 34 0 3 0 0 0 7 0 1 0 0 0 0 0 0 2 0 0 0 0 0 0 0 7 0 0 0 0
准确率:    1.0000 (30/30)
----------------------------------------
输入:       LXBRH XMR> >W TWR> >W >MR> >W
目标:     0 1 0 0 5 0 0 0 0 4 0 0 0 0 0 0 0 4 0 0 0 0 0 0 0 15 0 0 0 0
预测:     0 1 0 0 5 0 0 0 0 4 0 0 0 0 0 0 0 4 0 0 0 0 0 0 0 15 0 0 0 0
准确率:    1.0000 (30/30)
----------------------------------------
输入:       BRJ >N L> TRHV L> TDRK W>N
目标:     0 0 5 0 0 0 0 0 0 0 0 6 0 0 3 0 0 0 0 28 0 0 3 0 1 0 0
预测:     0 0 5 0 0 0 0 0 0 0 0 6 0 0 3 0 0 0 0 28 0 0 3 0 1 0 0
准确率:    1.0000 (27/27)
----------------------------------------

生成的验证样本:
--------------------------------------------------------------------------------
输入:       YBJNH D>LH> LMSV> MN KL DBJC WKLJ
目标:     0 0 0 0 5 0 0 1 0 0 4 0 0 1 6 0 10 7 0 0 0 0 0 2 0 1 0 0 2 0 36 0 0 3
预测:     0 0 0 0 5 0 0 1 0 0 4 0 0 1 6 0 10 7 0 0 0 0 0 2 0 1 0 0 2 0 36 0 0 3
准确率:    1.0000 (34/34)
----------------------------------------
输入:       D>LH> LMSV> MN KL DBJC WKLJ XJLK
目标:     0 1 0 0 4 0 0 1 6 0 10 7 0 0 0 0 0 2 0 1 0 0 2 0 36 0 0 3 0 0 0 5 0
预测:     0 1 0 0 4 0 0 1 6 0 10 7 0 0 0 0 0 2 0 1 0 0 2 0 36 0 0 0 0 0 0 5 0
准确率:    0.9697 (32/33)
----------------------------------------
⏳ 验证无提升 (验证准确率: 0.9690 ≤ 0.9694)，patience: 16/50

======================================================================
🚀 Epoch 130/200
======================================================================
📚 开始训练阶段...
训练进度: 500/6065 损失=0.0005
训练进度: 1000/6065 损失=0.0073
训练进度: 1500/6065 损失=0.0007
训练进度: 2000/6065 损失=0.0074
训练进度: 2500/6065 损失=0.0047
训练进度: 3000/6065 损失=0.0121
训练进度: 3500/6065 损失=0.0171
训练进度: 4000/6065 损失=0.0019
训练进度: 4500/6065 损失=0.0142
训练进度: 5000/6065 损失=0.0012
训练进度: 5500/6065 损失=0.0006
训练进度: 6000/6065 损失=0.0004
训练进度: 6065/6065 损失=0.0025
✅ 训练完成，耗时: 106.3秒 (1.8分钟)

============================================================
📊 验证决策: Epoch 130/200
   验证间隔: 1
   是否验证: ✅ 是
   原因: 达到验证间隔 (0 == 0)
============================================================

🔍 开始验证...
验证进度: 500/686 损失=0.1175
验证进度: 686/686 损失=0.6791

📊 预测分布分析:
  - 预测的前5个类别: {np.int64(0): 283297, np.int64(1): 37084, np.int64(2): 14657, np.int64(3): 10849, np.int64(4): 8767}
  - 标签的前5个类别: {np.int64(0): 281232, np.int64(1): 36731, np.int64(2): 14789, np.int64(3): 10866, np.int64(4): 8585}
✅ 验证完成，耗时: 4.8秒 (0.1分钟)
训练损失: 0.0056
验证损失: 0.5241
验证准确率: 0.9689 (10622/10964) - 与Levenshtein高度相关
验证F1(加权): 0.9681 - 类别平衡更好
学习率: 0.000028
显存使用: 0.47GB (预留: 0.69GB)

生成的训练样本:
--------------------------------------------------------------------------------
输入:       BR> W>MR LH <WL BRJKH DMRJ> LMN>
目标:     0 60 4 0 0 1 0 0 3 0 1 0 6 8 0 53 0 0 8 0 147 0 0 1 0 0 0 2 0 1 0 0 0
预测:     0 60 4 0 0 1 0 0 3 0 1 0 6 8 0 53 0 0 8 0 147 0 0 1 0 0 0 2 0 1 0 0 0
准确率:    1.0000 (33/33)
----------------------------------------
输入:       H> >JK NWKRJT> XCJBN XNN LH MVL
目标:     0 0 0 0 0 0 0 0 0 0 0 0 2 23 0 0 0 8 0 7 27 0 0 0 0 0 1 0 0 0 0 0
预测:     0 0 0 0 0 0 0 0 0 0 0 0 2 23 0 0 0 8 0 7 27 0 0 0 0 0 1 0 0 0 0 0
准确率:    1.0000 (32/32)
----------------------------------------
输入:       DCLJMWN MN XKMT KL BNJ MDNX> WMN
目标:     0 1 0 0 0 0 0 2 0 0 0 0 0 0 13 0 0 0 2 0 0 2 0 0 0 0 0 4 0 0 1 0 0
预测:     0 1 0 0 0 0 0 2 0 0 0 0 0 0 13 0 0 0 2 0 0 2 0 0 0 0 0 4 0 0 1 0 0
准确率:    1.0000 (33/33)
----------------------------------------

生成的验证样本:
--------------------------------------------------------------------------------
输入:       YBJNH D>LH> LMSV> MN KL DBJC WKLJ
目标:     0 0 0 0 5 0 0 1 0 0 4 0 0 1 6 0 10 7 0 0 0 0 0 2 0 1 0 0 2 0 36 0 0 3
预测:     0 0 0 0 5 0 0 1 0 0 4 0 0 1 6 0 10 7 0 0 0 0 0 2 0 1 0 0 2 0 36 0 0 3
准确率:    1.0000 (34/34)
----------------------------------------
输入:       D>LH> LMSV> MN KL DBJC WKLJ XJLK
目标:     0 1 0 0 4 0 0 1 6 0 10 7 0 0 0 0 0 2 0 1 0 0 2 0 36 0 0 3 0 0 0 5 0
预测:     0 1 0 0 4 0 0 1 6 0 10 7 0 0 0 0 0 2 0 1 0 0 2 0 36 0 0 3 0 0 0 5 0
准确率:    1.0000 (33/33)
----------------------------------------
⏳ 验证无提升 (验证准确率: 0.9689 ≤ 0.9694)，patience: 17/50

======================================================================
🚀 Epoch 131/200
======================================================================
📚 开始训练阶段...
训练进度: 500/6065 损失=0.0081
训练进度: 1000/6065 损失=0.0026
训练进度: 1500/6065 损失=0.0027
训练进度: 2000/6065 损失=0.0016
训练进度: 2500/6065 损失=0.0052
训练进度: 3000/6065 损失=0.0003
训练进度: 3500/6065 损失=0.0039
训练进度: 4000/6065 损失=0.0008
训练进度: 4500/6065 损失=0.0014
训练进度: 5000/6065 损失=0.0085
训练进度: 5500/6065 损失=0.0004
训练进度: 6000/6065 损失=0.0008
训练进度: 6065/6065 损失=0.0011
✅ 训练完成，耗时: 106.6秒 (1.8分钟)

============================================================
📊 验证决策: Epoch 131/200
   验证间隔: 1
   是否验证: ✅ 是
   原因: 达到验证间隔 (0 == 0)
============================================================

🔍 开始验证...
验证进度: 500/686 损失=0.1765
验证进度: 686/686 损失=0.5934

📊 预测分布分析:
  - 预测的前5个类别: {np.int64(0): 283246, np.int64(1): 37095, np.int64(2): 14672, np.int64(3): 10693, np.int64(4): 8873}
  - 标签的前5个类别: {np.int64(0): 281232, np.int64(1): 36731, np.int64(2): 14789, np.int64(3): 10866, np.int64(4): 8585}
✅ 验证完成，耗时: 4.8秒 (0.1分钟)
训练损失: 0.0056
验证损失: 0.5218
验证准确率: 0.9690 (10623/10964) - 与Levenshtein高度相关
验证F1(加权): 0.9681 - 类别平衡更好
学习率: 0.000027
显存使用: 0.48GB (预留: 0.69GB)

生成的训练样本:
--------------------------------------------------------------------------------
输入:       HLJN BNJH DRXJL DJLDT LJ<QWB NPCT> >RB<SR>
目标:     0 0 0 0 0 0 0 2 1 12 0 1 0 0 0 2 0 1 0 0 3 26 0 1 0 0 0 0 2 0 0 0 2 23 0 0 0 0 158 0 0 0 2
预测:     0 0 0 0 0 0 0 2 1 12 0 1 0 0 0 2 0 1 0 0 3 26 0 1 0 0 0 0 2 0 0 0 2 23 0 0 0 0 158 0 0 0 2
准确率:    1.0000 (43/43)
----------------------------------------
输入:       DPQX BR RWMLJ> MLK> D>JSRJL >MLK JWTM
目标:     0 1 0 0 2 0 0 2 0 0 0 0 0 0 2 0 0 0 4 0 0 1 0 0 0 0 0 2 0 17 0 0 33 0 0 0 0 2
预测:     0 1 0 0 2 0 0 2 0 0 0 0 0 0 2 0 0 0 4 0 0 1 0 0 0 0 0 2 0 17 0 0 33 0 0 0 0 2
准确率:    1.0000 (38/38)
----------------------------------------
输入:       HNWN XRW WXZW BJ WPLGW NXTJ BJNTHWN
目标:     0 0 0 0 0 0 31 3 0 0 1 0 18 0 0 1 0 0 1 0 0 3 19 0 0 0 22 46 0 0 0 2 32 0 0 0
预测:     0 0 0 0 0 0 31 3 0 0 1 0 18 0 0 1 0 0 1 0 0 3 19 0 0 0 22 46 0 0 0 2 32 0 0 0
准确率:    1.0000 (36/36)
----------------------------------------

生成的验证样本:
--------------------------------------------------------------------------------
输入:       YBJNH D>LH> LMSV> MN KL DBJC WKLJ
目标:     0 0 0 0 5 0 0 1 0 0 4 0 0 1 6 0 10 7 0 0 0 0 0 2 0 1 0 0 2 0 36 0 0 3
预测:     0 0 0 0 5 0 0 1 0 0 4 0 0 1 6 0 10 7 0 0 0 0 0 2 0 1 0 0 2 0 36 0 0 3
准确率:    1.0000 (34/34)
----------------------------------------
输入:       D>LH> LMSV> MN KL DBJC WKLJ XJLK
目标:     0 1 0 0 4 0 0 1 6 0 10 7 0 0 0 0 0 2 0 1 0 0 2 0 36 0 0 3 0 0 0 5 0
预测:     0 1 0 0 4 0 0 1 6 0 10 7 0 0 0 0 0 2 0 1 0 0 2 0 36 0 0 3 0 0 0 5 0
准确率:    1.0000 (33/33)
----------------------------------------
⏳ 验证无提升 (验证准确率: 0.9690 ≤ 0.9694)，patience: 18/50

======================================================================
🚀 Epoch 132/200
======================================================================
📚 开始训练阶段...
训练进度: 500/6065 损失=0.0020
训练进度: 1000/6065 损失=0.0011
训练进度: 1500/6065 损失=0.0002
训练进度: 2000/6065 损失=0.0034
训练进度: 2500/6065 损失=0.0035
训练进度: 3000/6065 损失=0.0007
训练进度: 3500/6065 损失=0.0222
训练进度: 4000/6065 损失=0.0004
训练进度: 4500/6065 损失=0.0032
训练进度: 5000/6065 损失=0.0015
训练进度: 5500/6065 损失=0.0088
训练进度: 6000/6065 损失=0.0099
训练进度: 6065/6065 损失=0.0058
✅ 训练完成，耗时: 106.4秒 (1.8分钟)

============================================================
📊 验证决策: Epoch 132/200
   验证间隔: 1
   是否验证: ✅ 是
   原因: 达到验证间隔 (0 == 0)
============================================================

🔍 开始验证...
验证进度: 500/686 损失=0.2084
验证进度: 686/686 损失=0.5451

📊 预测分布分析:
  - 预测的前5个类别: {np.int64(0): 283211, np.int64(1): 37084, np.int64(2): 14709, np.int64(3): 10845, np.int64(4): 8897}
  - 标签的前5个类别: {np.int64(0): 281232, np.int64(1): 36731, np.int64(2): 14789, np.int64(3): 10866, np.int64(4): 8585}
✅ 验证完成，耗时: 4.8秒 (0.1分钟)
训练损失: 0.0055
验证损失: 0.5160
验证准确率: 0.9692 (10626/10964) - 与Levenshtein高度相关
验证F1(加权): 0.9683 - 类别平衡更好
学习率: 0.000027
显存使用: 0.48GB (预留: 0.69GB)

生成的训练样本:
--------------------------------------------------------------------------------
输入:       DMRJ> W>TT LMNSJWTH B>WXDT> W>TT L>WRCLM BXJL>
目标:     0 1 0 0 0 2 0 1 0 18 26 0 1 6 0 0 7 0 67 0 0 1 0 0 0 13 23 0 0 1 0 18 26 0 1 0 0 0 0 0 2 0 1 0 0 4 0
预测:     0 1 0 0 0 2 0 1 0 18 26 0 1 6 0 0 7 0 67 0 0 1 0 0 0 13 23 0 0 1 0 18 26 0 1 0 0 0 0 0 2 0 1 0 0 4 0
准确率:    1.0000 (47/47)
----------------------------------------
输入:       CLJMWN B>WRCLM <L KLH >JSRJL >RB<JN CNJN
目标:     0 0 0 0 0 0 2 0 1 0 0 0 0 0 2 0 0 0 0 0 5 0 0 0 0 0 0 0 2 0 0 0 0 0 0 2 0 0 13 0 0
预测:     0 0 0 0 0 0 2 0 1 0 0 0 0 0 2 0 0 0 0 0 5 0 0 0 0 0 0 0 2 0 0 0 0 0 0 2 0 0 13 0 0
准确率:    1.0000 (41/41)
----------------------------------------
输入:       LH <TDT WHC> >JTJTH DTHW> LXWRB> WLYDJ>
目标:     0 1 12 0 0 0 3 19 0 1 0 4 0 0 59 0 0 3 1 12 0 1 44 0 10 3 0 1 0 0 0 4 0 0 1 1 0 0 4 0
预测:     0 1 12 0 0 0 3 19 0 1 0 4 0 0 59 0 0 3 1 12 0 1 44 0 10 3 0 1 0 0 0 4 0 0 1 1 0 0 4 0
准确率:    1.0000 (40/40)
----------------------------------------

生成的验证样本:
--------------------------------------------------------------------------------
输入:       YBJNH D>LH> LMSV> MN KL DBJC WKLJ
目标:     0 0 0 0 5 0 0 1 0 0 4 0 0 1 6 0 10 7 0 0 0 0 0 2 0 1 0 0 2 0 36 0 0 3
预测:     0 0 0 0 5 0 0 1 0 0 4 0 0 1 6 0 10 7 0 0 0 0 0 2 0 1 0 0 2 0 36 0 0 3
准确率:    1.0000 (34/34)
----------------------------------------
输入:       D>LH> LMSV> MN KL DBJC WKLJ XJLK
目标:     0 1 0 0 4 0 0 1 6 0 10 7 0 0 0 0 0 2 0 1 0 0 2 0 36 0 0 3 0 0 0 5 0
预测:     0 1 0 0 4 0 0 1 6 0 10 7 0 0 0 0 0 2 0 1 0 0 2 0 36 0 0 3 0 0 0 5 0
准确率:    1.0000 (33/33)
----------------------------------------
⏳ 验证无提升 (验证准确率: 0.9692 ≤ 0.9694)，patience: 19/50

======================================================================
🚀 Epoch 133/200
======================================================================
📚 开始训练阶段...
训练进度: 500/6065 损失=0.0006
训练进度: 1000/6065 损失=0.0012
训练进度: 1500/6065 损失=0.0021
训练进度: 2000/6065 损失=0.0248
训练进度: 2500/6065 损失=0.0002
训练进度: 3000/6065 损失=0.0032
训练进度: 3500/6065 损失=0.0025
训练进度: 4000/6065 损失=0.0010
训练进度: 4500/6065 损失=0.0526
训练进度: 5000/6065 损失=0.0015
训练进度: 5500/6065 损失=0.0135
训练进度: 6000/6065 损失=0.0189
训练进度: 6065/6065 损失=0.0071
✅ 训练完成，耗时: 106.4秒 (1.8分钟)

============================================================
📊 验证决策: Epoch 133/200
   验证间隔: 1
   是否验证: ✅ 是
   原因: 达到验证间隔 (0 == 0)
============================================================

🔍 开始验证...
验证进度: 500/686 损失=0.1689
验证进度: 686/686 损失=0.5647

📊 预测分布分析:
  - 预测的前5个类别: {np.int64(0): 283115, np.int64(1): 37075, np.int64(2): 14756, np.int64(3): 10838, np.int64(4): 8928}
  - 标签的前5个类别: {np.int64(0): 281232, np.int64(1): 36731, np.int64(2): 14789, np.int64(3): 10866, np.int64(4): 8585}
✅ 验证完成，耗时: 4.8秒 (0.1分钟)
训练损失: 0.0052
验证损失: 0.5220
验证准确率: 0.9692 (10625/10964) - 与Levenshtein高度相关
验证F1(加权): 0.9683 - 类别平衡更好
学习率: 0.000026
显存使用: 0.47GB (预留: 0.69GB)

生成的训练样本:
--------------------------------------------------------------------------------
输入:       WT>BDWN MN >WRX> K>NT> >MTJ DT>QD B<GL
目标:     0 1 6 0 0 3 0 0 0 0 0 0 0 0 0 4 0 0 0 0 2 9 0 0 0 0 0 0 0 1 73 0 0 3 0 1 0 0 0
预测:     0 1 6 0 0 3 0 0 0 0 0 0 0 0 0 4 0 0 0 0 2 9 0 0 0 0 0 0 0 1 73 0 0 3 0 1 0 0 0
准确率:    1.0000 (39/39)
----------------------------------------
输入:       TQJMNJ BRJC> D<MM> <M> HW DL> JD<T
目标:     0 28 20 0 29 0 0 0 1 0 0 4 0 0 1 0 8 30 0 0 0 15 0 0 0 0 0 1 0 0 0 0 0 3 0
预测:     0 28 20 0 29 0 0 0 1 0 0 4 0 0 1 0 8 30 0 0 0 15 0 0 0 0 0 1 0 0 0 0 0 3 0
准确率:    1.0000 (35/35)
----------------------------------------
输入:       MLK> DMYRJN WJHB LH BJT> WLXM> W>MR
目标:     0 0 0 4 0 0 1 0 0 0 0 2 0 1 0 0 3 0 1 0 0 0 0 4 0 0 1 0 0 4 0 0 1 0 0 3
预测:     0 0 0 4 0 0 1 0 0 0 0 2 0 1 0 0 3 0 1 0 0 0 0 4 0 0 1 0 0 4 0 0 1 0 0 3
准确率:    1.0000 (36/36)
----------------------------------------

生成的验证样本:
--------------------------------------------------------------------------------
输入:       YBJNH D>LH> LMSV> MN KL DBJC WKLJ
目标:     0 0 0 0 5 0 0 1 0 0 4 0 0 1 6 0 10 7 0 0 0 0 0 2 0 1 0 0 2 0 36 0 0 3
预测:     0 0 0 0 5 0 0 1 0 0 4 0 0 1 6 0 10 7 0 0 0 0 0 2 0 1 0 0 2 0 36 0 0 3
准确率:    1.0000 (34/34)
----------------------------------------
输入:       D>LH> LMSV> MN KL DBJC WKLJ XJLK
目标:     0 1 0 0 4 0 0 1 6 0 10 7 0 0 0 0 0 2 0 1 0 0 2 0 36 0 0 3 0 0 0 5 0
预测:     0 1 0 0 4 0 0 1 6 0 10 7 0 0 0 0 0 2 0 1 0 0 2 0 36 0 0 3 0 0 0 5 0
准确率:    1.0000 (33/33)
----------------------------------------
⏳ 验证无提升 (验证准确率: 0.9692 ≤ 0.9694)，patience: 20/50

======================================================================
🚀 Epoch 134/200
======================================================================
📚 开始训练阶段...
训练进度: 500/6065 损失=0.0014
训练进度: 1000/6065 损失=0.0007
训练进度: 1500/6065 损失=0.0018
训练进度: 2000/6065 损失=0.0007
训练进度: 2500/6065 损失=0.0018
训练进度: 3000/6065 损失=0.0186
训练进度: 3500/6065 损失=0.0010
训练进度: 4000/6065 损失=0.0102
训练进度: 4500/6065 损失=0.0007
训练进度: 5000/6065 损失=0.0002
训练进度: 5500/6065 损失=0.0127
训练进度: 6000/6065 损失=0.0002
训练进度: 6065/6065 损失=0.0010
✅ 训练完成，耗时: 106.3秒 (1.8分钟)

============================================================
📊 验证决策: Epoch 134/200
   验证间隔: 1
   是否验证: ✅ 是
   原因: 达到验证间隔 (0 == 0)
============================================================

🔍 开始验证...
验证进度: 500/686 损失=0.1951
验证进度: 686/686 损失=0.6093

📊 预测分布分析:
  - 预测的前5个类别: {np.int64(0): 283159, np.int64(1): 37045, np.int64(2): 14765, np.int64(3): 10805, np.int64(4): 8911}
  - 标签的前5个类别: {np.int64(0): 281232, np.int64(1): 36731, np.int64(2): 14789, np.int64(3): 10866, np.int64(4): 8585}
✅ 验证完成，耗时: 4.8秒 (0.1分钟)
训练损失: 0.0050
验证损失: 0.5272
验证准确率: 0.9692 (10626/10964) - 与Levenshtein高度相关
验证F1(加权): 0.9684 - 类别平衡更好
学习率: 0.000025
显存使用: 0.47GB (预留: 0.69GB)

生成的训练样本:
--------------------------------------------------------------------------------
输入:       >JSXQ <L GNB BR> DXJ> XZNJ WHLJN
目标:     0 0 0 0 0 2 0 0 0 0 0 0 2 0 60 4 0 0 1 0 15 0 0 0 105 0 0 0 1 0 0 0 0
预测:     0 0 0 0 0 2 0 0 0 0 0 0 2 0 60 4 0 0 1 0 15 0 0 0 105 0 0 0 1 0 0 0 0
准确率:    1.0000 (33/33)
----------------------------------------
输入:       BQWRJ> <BWR> DXQLT> DQRJT> WDXDRJH XML BGWH
目标:     0 1 0 0 100 9 0 0 0 0 0 4 0 0 1 0 0 2 23 0 0 1 0 0 22 9 0 0 1 1 0 0 2 1 12 0 0 0 3 0 1 0 5 12
预测:     0 1 0 0 100 9 0 0 0 0 0 4 0 0 1 0 0 2 23 0 0 1 0 0 22 9 0 0 1 1 0 0 2 1 12 0 0 0 3 0 1 0 5 12
准确率:    1.0000 (44/44)
----------------------------------------
输入:       BDJN> DPQDT W<DT> D>MWT> TXDRK W<L >PJH
目标:     0 1 0 0 15 0 0 1 0 0 3 12 0 1 0 13 9 0 0 1 31 57 2 23 0 0 6 0 0 120 0 0 1 0 0 0 54 2 1 12
预测:     0 1 0 0 15 0 0 1 0 0 3 12 0 1 0 13 9 0 0 1 31 57 2 23 0 0 6 0 0 120 0 0 1 0 0 0 54 2 1 12
准确率:    1.0000 (40/40)
----------------------------------------

生成的验证样本:
--------------------------------------------------------------------------------
输入:       YBJNH D>LH> LMSV> MN KL DBJC WKLJ
目标:     0 0 0 0 5 0 0 1 0 0 4 0 0 1 6 0 10 7 0 0 0 0 0 2 0 1 0 0 2 0 36 0 0 3
预测:     0 0 0 0 5 0 0 1 0 0 4 0 0 1 6 0 10 7 0 0 0 0 0 2 0 1 0 0 2 0 36 0 0 3
准确率:    1.0000 (34/34)
----------------------------------------
输入:       D>LH> LMSV> MN KL DBJC WKLJ XJLK
目标:     0 1 0 0 4 0 0 1 6 0 10 7 0 0 0 0 0 2 0 1 0 0 2 0 36 0 0 3 0 0 0 5 0
预测:     0 1 0 0 4 0 0 1 6 0 10 7 0 0 0 0 0 2 0 1 0 0 2 0 36 0 0 3 0 0 0 5 0
准确率:    1.0000 (33/33)
----------------------------------------
⏳ 验证无提升 (验证准确率: 0.9692 ≤ 0.9694)，patience: 21/50

======================================================================
🚀 Epoch 135/200
======================================================================
📚 开始训练阶段...
训练进度: 500/6065 损失=0.0021
训练进度: 1000/6065 损失=0.0009
训练进度: 1500/6065 损失=0.0205
训练进度: 2000/6065 损失=0.0128
训练进度: 2500/6065 损失=0.0008
训练进度: 3000/6065 损失=0.0140
训练进度: 3500/6065 损失=0.0013
训练进度: 4000/6065 损失=0.0162
训练进度: 4500/6065 损失=0.0028
训练进度: 5000/6065 损失=0.0004
训练进度: 5500/6065 损失=0.0021
训练进度: 6000/6065 损失=0.0004
训练进度: 6065/6065 损失=0.0091
✅ 训练完成，耗时: 106.3秒 (1.8分钟)

============================================================
📊 验证决策: Epoch 135/200
   验证间隔: 1
   是否验证: ✅ 是
   原因: 达到验证间隔 (0 == 0)
============================================================

🔍 开始验证...
验证进度: 500/686 损失=0.1370
验证进度: 686/686 损失=0.7132

📊 预测分布分析:
  - 预测的前5个类别: {np.int64(0): 282963, np.int64(1): 37005, np.int64(2): 14780, np.int64(3): 10848, np.int64(4): 8871}
  - 标签的前5个类别: {np.int64(0): 281232, np.int64(1): 36731, np.int64(2): 14789, np.int64(3): 10866, np.int64(4): 8585}
✅ 验证完成，耗时: 4.8秒 (0.1分钟)
训练损失: 0.0050
验证损失: 0.5289
验证准确率: 0.9693 (10627/10964) - 与Levenshtein高度相关
验证F1(加权): 0.9685 - 类别平衡更好
学习率: 0.000025
显存使用: 0.47GB (预留: 0.69GB)

生成的训练样本:
--------------------------------------------------------------------------------
输入:       HW> LHWN PR<WN MVL HN> L> ZBNW
目标:     0 0 10 3 0 1 0 0 0 0 0 0 0 0 2 0 0 0 0 0 0 0 0 0 0 0 0 0 0 33 19
预测:     0 0 10 3 0 1 0 0 0 0 0 0 0 0 2 0 0 0 0 0 0 0 0 0 0 0 0 0 0 33 19
准确率:    1.0000 (31/31)
----------------------------------------
输入:       >LHK TWR> >W >MR> D>JT BH MWM>
目标:     0 0 0 5 0 0 0 0 4 0 0 0 0 0 0 0 15 0 0 1 0 0 24 0 1 0 0 0 0 4 0
预测:     0 0 0 5 0 0 0 0 4 0 0 0 0 0 0 0 15 0 0 1 0 0 24 0 1 0 0 0 0 4 0
准确率:    1.0000 (31/31)
----------------------------------------
输入:       D>SGJ DGL HW> >JK M> DQNV HW>
目标:     0 1 17 0 0 3 0 0 0 22 0 0 10 3 0 0 0 0 0 0 0 0 1 0 0 3 0 0 10 3
预测:     0 1 17 0 0 3 0 0 0 22 0 0 10 3 0 0 0 0 0 0 0 0 1 0 0 3 0 0 10 3
准确率:    1.0000 (30/30)
----------------------------------------

生成的验证样本:
--------------------------------------------------------------------------------
输入:       YBJNH D>LH> LMSV> MN KL DBJC WKLJ
目标:     0 0 0 0 5 0 0 1 0 0 4 0 0 1 6 0 10 7 0 0 0 0 0 2 0 1 0 0 2 0 36 0 0 3
预测:     0 0 0 0 5 0 0 1 0 0 4 0 0 1 6 0 10 7 0 0 0 0 0 2 0 1 0 0 2 0 36 0 0 3
准确率:    1.0000 (34/34)
----------------------------------------
输入:       D>LH> LMSV> MN KL DBJC WKLJ XJLK
目标:     0 1 0 0 4 0 0 1 6 0 10 7 0 0 0 0 0 2 0 1 0 0 2 0 36 0 0 3 0 0 0 5 0
预测:     0 1 0 0 4 0 0 1 6 0 10 7 0 0 0 0 0 2 0 1 0 0 2 0 36 0 0 3 0 0 0 5 0
准确率:    1.0000 (33/33)
----------------------------------------
⏳ 验证无提升 (验证准确率: 0.9693 ≤ 0.9694)，patience: 22/50

======================================================================
🚀 Epoch 136/200
======================================================================
📚 开始训练阶段...
训练进度: 500/6065 损失=0.0259
训练进度: 1000/6065 损失=0.0010
训练进度: 1500/6065 损失=0.0091
训练进度: 2000/6065 损失=0.0041
训练进度: 2500/6065 损失=0.0138
训练进度: 3000/6065 损失=0.0005
训练进度: 3500/6065 损失=0.0061
训练进度: 4000/6065 损失=0.0006
训练进度: 4500/6065 损失=0.0016
训练进度: 5000/6065 损失=0.0009
训练进度: 5500/6065 损失=0.0030
训练进度: 6000/6065 损失=0.0014
训练进度: 6065/6065 损失=0.0002
✅ 训练完成，耗时: 106.3秒 (1.8分钟)

============================================================
📊 验证决策: Epoch 136/200
   验证间隔: 1
   是否验证: ✅ 是
   原因: 达到验证间隔 (0 == 0)
============================================================

🔍 开始验证...
验证进度: 500/686 损失=0.1894
验证进度: 686/686 损失=0.7197

📊 预测分布分析:
  - 预测的前5个类别: {np.int64(0): 283107, np.int64(1): 37023, np.int64(2): 14727, np.int64(3): 10897, np.int64(4): 8825}
  - 标签的前5个类别: {np.int64(0): 281232, np.int64(1): 36731, np.int64(2): 14789, np.int64(3): 10866, np.int64(4): 8585}
✅ 验证完成，耗时: 4.8秒 (0.1分钟)
训练损失: 0.0049
验证损失: 0.5282
验证准确率: 0.9691 (10625/10964) - 与Levenshtein高度相关
验证F1(加权): 0.9684 - 类别平衡更好
学习率: 0.000024
显存使用: 0.48GB (预留: 0.69GB)

生成的训练样本:
--------------------------------------------------------------------------------
输入:       WNSGDWN QDM MRJ> KLHWN KPNJH D>R<> WQDMWHJ
目标:     0 1 6 0 0 3 0 0 0 0 0 2 0 0 0 0 2 0 0 5 0 0 0 0 0 0 2 1 12 0 1 0 0 4 0 0 1 0 0 25 1 0 0
预测:     0 1 6 0 0 3 0 0 0 0 0 2 0 0 0 0 2 0 0 5 0 0 0 0 0 0 2 1 12 0 1 0 0 4 0 0 1 0 0 25 1 0 0
准确率:    1.0000 (43/43)
----------------------------------------
输入:       >CLMH B>JDH <BD LK >TR> DN<RWQ LTMN
目标:     0 17 0 0 29 0 0 35 0 0 5 0 0 0 0 3 0 1 0 0 0 0 4 0 0 1 6 0 8 0 3 0 1 0 0 0
预测:     0 17 0 0 29 0 0 35 0 0 5 0 0 0 0 3 0 1 0 0 0 0 4 0 0 1 6 0 8 0 3 0 1 0 0 0
准确率:    1.0000 (36/36)
----------------------------------------
输入:       DCBT> WQDCJHJ >JK DPQDK MRJ> >LHK CT>
目标:     0 1 0 13 9 0 0 36 0 0 86 0 0 0 0 0 0 0 0 1 0 0 29 0 0 0 0 0 2 0 0 0 5 0 0 0 2 0
预测:     0 1 0 13 9 0 0 36 0 0 86 0 0 0 0 0 0 0 0 1 0 0 29 0 0 0 0 0 2 0 0 0 5 0 0 0 2 0
准确率:    1.0000 (38/38)
----------------------------------------

生成的验证样本:
--------------------------------------------------------------------------------
输入:       YBJNH D>LH> LMSV> MN KL DBJC WKLJ
目标:     0 0 0 0 5 0 0 1 0 0 4 0 0 1 6 0 10 7 0 0 0 0 0 2 0 1 0 0 2 0 36 0 0 3
预测:     0 0 0 0 5 0 0 1 0 0 4 0 0 1 6 0 10 7 0 0 0 0 0 2 0 1 0 0 2 0 36 0 0 3
准确率:    1.0000 (34/34)
----------------------------------------
输入:       D>LH> LMSV> MN KL DBJC WKLJ XJLK
目标:     0 1 0 0 4 0 0 1 6 0 10 7 0 0 0 0 0 2 0 1 0 0 2 0 36 0 0 3 0 0 0 5 0
预测:     0 1 0 0 4 0 0 1 6 0 10 7 0 0 0 0 0 2 0 1 0 0 2 0 36 0 0 3 0 0 0 5 0
准确率:    1.0000 (33/33)
----------------------------------------
⏳ 验证无提升 (验证准确率: 0.9691 ≤ 0.9694)，patience: 23/50

======================================================================
🚀 Epoch 137/200
======================================================================
📚 开始训练阶段...
训练进度: 500/6065 损失=0.0003
训练进度: 1000/6065 损失=0.0038
训练进度: 1500/6065 损失=0.0085
训练进度: 2000/6065 损失=0.0053
训练进度: 2500/6065 损失=0.0007
训练进度: 3000/6065 损失=0.0045
训练进度: 3500/6065 损失=0.0006
训练进度: 4000/6065 损失=0.0010
训练进度: 4500/6065 损失=0.0013
训练进度: 5000/6065 损失=0.0087
训练进度: 5500/6065 损失=0.0016
训练进度: 6000/6065 损失=0.0026
训练进度: 6065/6065 损失=0.0007
✅ 训练完成，耗时: 106.3秒 (1.8分钟)

============================================================
📊 验证决策: Epoch 137/200
   验证间隔: 1
   是否验证: ✅ 是
   原因: 达到验证间隔 (0 == 0)
============================================================

🔍 开始验证...
验证进度: 500/686 损失=0.1447
验证进度: 686/686 损失=0.8085

📊 预测分布分析:
  - 预测的前5个类别: {np.int64(0): 283025, np.int64(1): 37123, np.int64(2): 14766, np.int64(3): 10853, np.int64(4): 8922}
  - 标签的前5个类别: {np.int64(0): 281232, np.int64(1): 36731, np.int64(2): 14789, np.int64(3): 10866, np.int64(4): 8585}
✅ 验证完成，耗时: 4.9秒 (0.1分钟)
训练损失: 0.0047
验证损失: 0.5343
验证准确率: 0.9694 (10628/10964) - 与Levenshtein高度相关
验证F1(加权): 0.9686 - 类别平衡更好
学习率: 0.000023
显存使用: 0.48GB (预留: 0.69GB)

生成的训练样本:
--------------------------------------------------------------------------------
输入:       W>KLT WJHBT >P LB<LH <MH W>KL W>TPTX
目标:     0 1 0 0 3 26 0 1 0 0 3 26 0 0 0 0 1 0 0 5 12 0 0 1 12 0 1 0 0 3 0 1 0 14 0 0 16
预测:     0 1 0 0 3 26 0 1 0 0 3 26 0 0 0 0 1 0 0 5 12 0 0 1 12 0 1 0 0 3 0 1 0 14 0 0 16
准确率:    1.0000 (37/37)
----------------------------------------
输入:       B>R<> DMYRJN CB<SR> CNJN WHWW JWMWHJ DJ<QWB
目标:     0 1 0 0 4 0 0 1 0 0 0 0 2 0 0 158 0 0 0 2 0 0 13 0 0 0 1 0 18 0 0 0 0 25 1 0 0 0 1 0 0 0 0 2
预测:     0 1 0 0 4 0 0 1 0 0 0 0 2 0 0 158 0 0 0 2 0 0 13 0 0 0 1 0 18 0 0 0 0 25 1 0 0 0 1 0 0 0 0 2
准确率:    1.0000 (44/44)
----------------------------------------
输入:       MRJ> HW >LH> W>MR LHWN >LJ> >XWDW
目标:     0 0 0 0 2 0 0 0 0 0 0 4 0 0 1 0 0 3 0 1 0 0 0 0 0 0 0 2 6 0 8 0 3 0
预测:     0 0 0 0 2 0 0 0 0 0 0 4 0 0 1 0 0 3 0 1 0 0 0 0 0 0 0 2 6 0 8 0 3 0
准确率:    1.0000 (34/34)
----------------------------------------

生成的验证样本:
--------------------------------------------------------------------------------
输入:       YBJNH D>LH> LMSV> MN KL DBJC WKLJ
目标:     0 0 0 0 5 0 0 1 0 0 4 0 0 1 6 0 10 7 0 0 0 0 0 2 0 1 0 0 2 0 36 0 0 3
预测:     0 0 0 0 5 0 0 1 0 0 4 0 0 1 6 0 10 7 0 0 0 0 0 2 0 1 0 0 2 0 36 0 0 3
准确率:    1.0000 (34/34)
----------------------------------------
输入:       D>LH> LMSV> MN KL DBJC WKLJ XJLK
目标:     0 1 0 0 4 0 0 1 6 0 10 7 0 0 0 0 0 2 0 1 0 0 2 0 36 0 0 3 0 0 0 5 0
预测:     0 1 0 0 4 0 0 1 6 0 10 7 0 0 0 0 0 2 0 1 0 0 2 0 36 0 0 3 0 0 0 5 0
准确率:    1.0000 (33/33)
----------------------------------------
⏳ 验证无提升 (验证准确率: 0.9694 ≤ 0.9694)，patience: 24/50

======================================================================
🚀 Epoch 138/200
======================================================================
📚 开始训练阶段...
训练进度: 500/6065 损失=0.0029
训练进度: 1000/6065 损失=0.0015
训练进度: 1500/6065 损失=0.0008
训练进度: 2000/6065 损失=0.0009
训练进度: 2500/6065 损失=0.0002
训练进度: 3000/6065 损失=0.0013
训练进度: 3500/6065 损失=0.0153
训练进度: 4000/6065 损失=0.0084
训练进度: 4500/6065 损失=0.0022
训练进度: 5000/6065 损失=0.0150
训练进度: 5500/6065 损失=0.0038
训练进度: 6000/6065 损失=0.0019
训练进度: 6065/6065 损失=0.0039
✅ 训练完成，耗时: 106.3秒 (1.8分钟)

============================================================
📊 验证决策: Epoch 138/200
   验证间隔: 1
   是否验证: ✅ 是
   原因: 达到验证间隔 (0 == 0)
============================================================

🔍 开始验证...
验证进度: 500/686 损失=0.1514
验证进度: 686/686 损失=0.8128

📊 预测分布分析:
  - 预测的前5个类别: {np.int64(0): 283004, np.int64(1): 37026, np.int64(2): 14748, np.int64(3): 10866, np.int64(4): 8958}
  - 标签的前5个类别: {np.int64(0): 281232, np.int64(1): 36731, np.int64(2): 14789, np.int64(3): 10866, np.int64(4): 8585}
✅ 验证完成，耗时: 4.8秒 (0.1分钟)
训练损失: 0.0046
验证损失: 0.5275
验证准确率: 0.9695 (10629/10964) - 与Levenshtein高度相关
验证F1(加权): 0.9687 - 类别平衡更好
学习率: 0.000023
显存使用: 0.48GB (预留: 0.69GB)

生成的训练样本:
--------------------------------------------------------------------------------
输入:       <L BJT <LJ BCJLW WVB> MVJ LJW>B
目标:     0 0 0 0 0 0 2 0 0 0 127 0 1 0 0 0 2 0 1 0 15 0 0 0 0 16 0 1 0 0 0 2
预测:     0 0 0 0 0 0 2 0 0 0 127 0 1 0 0 0 2 0 1 0 15 0 0 0 0 16 0 1 0 0 0 2
准确率:    1.0000 (32/32)
----------------------------------------
输入:       <MWRJH MLK> <WL> NWBD <MH WMTJTB> QRJT>
目标:     0 0 0 0 2 1 12 0 0 0 4 0 0 0 0 4 0 0 68 0 0 3 0 0 37 0 0 1 21 14 0 0 7 0 0 0 0 22 9 0
预测:     0 0 0 0 2 1 12 0 0 0 4 0 0 0 0 4 0 0 68 0 0 3 0 0 37 0 0 1 21 14 0 0 7 0 0 0 0 22 9 0
准确率:    1.0000 (40/40)
----------------------------------------
输入:       DTMN VMJR> PLGWT> DMBDQN> DNPQ HW> BRJCH
目标:     0 1 0 0 0 0 0 8 0 7 27 0 0 0 0 2 9 0 0 1 0 0 0 0 4 0 0 1 0 0 7 0 0 10 3 0 1 0 0 5 0
预测:     0 1 0 0 0 0 0 8 0 7 27 0 0 0 0 2 9 0 0 1 0 0 0 0 4 0 0 1 0 0 7 0 0 10 3 0 1 0 0 5 0
准确率:    1.0000 (41/41)
----------------------------------------

生成的验证样本:
--------------------------------------------------------------------------------
输入:       YBJNH D>LH> LMSV> MN KL DBJC WKLJ
目标:     0 0 0 0 5 0 0 1 0 0 4 0 0 1 6 0 10 7 0 0 0 0 0 2 0 1 0 0 2 0 36 0 0 3
预测:     0 0 0 0 5 0 0 1 0 0 4 0 0 1 6 0 10 7 0 0 0 0 0 2 0 1 0 0 2 0 36 0 0 3
准确率:    1.0000 (34/34)
----------------------------------------
输入:       D>LH> LMSV> MN KL DBJC WKLJ XJLK
目标:     0 1 0 0 4 0 0 1 6 0 10 7 0 0 0 0 0 2 0 1 0 0 2 0 36 0 0 3 0 0 0 5 0
预测:     0 1 0 0 4 0 0 1 6 0 10 7 0 0 0 0 0 2 0 1 0 0 2 0 36 0 0 3 0 0 0 5 0
准确率:    1.0000 (33/33)
----------------------------------------
💾 保存新的最佳模型！验证准确率: 0.9695 (F1: 0.9687) (Epoch 138)

======================================================================
🚀 Epoch 139/200
======================================================================
📚 开始训练阶段...
训练进度: 500/6065 损失=0.0065
训练进度: 1000/6065 损失=0.0118
训练进度: 1500/6065 损失=0.0030
训练进度: 2000/6065 损失=0.0098
训练进度: 2500/6065 损失=0.0023
训练进度: 3000/6065 损失=0.0012
训练进度: 3500/6065 损失=0.0015
训练进度: 4000/6065 损失=0.0021
训练进度: 4500/6065 损失=0.0008
训练进度: 5000/6065 损失=0.0010
训练进度: 5500/6065 损失=0.0005
训练进度: 6000/6065 损失=0.0033
训练进度: 6065/6065 损失=0.0003
✅ 训练完成，耗时: 106.5秒 (1.8分钟)

============================================================
📊 验证决策: Epoch 139/200
   验证间隔: 1
   是否验证: ✅ 是
   原因: 达到验证间隔 (0 == 0)
============================================================

🔍 开始验证...
验证进度: 500/686 损失=0.1420
验证进度: 686/686 损失=0.7745

📊 预测分布分析:
  - 预测的前5个类别: {np.int64(0): 283147, np.int64(1): 37046, np.int64(2): 14766, np.int64(3): 10898, np.int64(4): 8826}
  - 标签的前5个类别: {np.int64(0): 281232, np.int64(1): 36731, np.int64(2): 14789, np.int64(3): 10866, np.int64(4): 8585}
✅ 验证完成，耗时: 4.8秒 (0.1分钟)
训练损失: 0.0044
验证损失: 0.5413
验证准确率: 0.9691 (10625/10964) - 与Levenshtein高度相关
验证F1(加权): 0.9683 - 类别平衡更好
学习率: 0.000022
显存使用: 0.48GB (预留: 0.69GB)

生成的训练样本:
--------------------------------------------------------------------------------
输入:       W>ZLW BTRH W<L LBJT >BWHJ L<WPR> WQVL
目标:     0 1 0 0 3 0 0 0 0 1 0 0 1 0 53 0 1 0 0 2 0 0 8 5 0 0 0 1 0 0 0 0 2 0 1 0 0 16
预测:     0 1 0 0 3 0 0 0 0 1 0 0 1 0 53 0 1 0 0 2 0 0 8 5 0 0 0 1 0 0 0 0 2 0 1 0 0 16
准确率:    1.0000 (38/38)
----------------------------------------
输入:       LKWN L> NT>KLWN WKWL PRXT> DDKJ> >KWLW
目标:     0 1 0 0 0 0 0 0 0 21 14 0 0 3 0 0 0 1 8 0 2 0 0 0 13 9 0 0 1 0 0 8 40 6 0 8 0 3 0
预测:     0 1 0 0 0 0 0 0 0 21 14 0 0 3 0 0 0 1 8 0 2 0 0 0 13 9 0 0 1 0 0 8 40 6 0 8 0 3 0
准确率:    1.0000 (39/39)
----------------------------------------
输入:       <SW >XWHJ WMJTT DBWR> MJNQTH DRPQ> W>TQBRT
目标:     0 0 0 2 0 0 8 5 0 0 0 1 20 0 3 26 0 0 0 0 0 2 0 0 0 0 13 1 12 0 1 0 0 0 2 0 1 0 14 0 0 3 92
预测:     0 0 0 2 0 0 8 5 0 0 0 1 20 0 3 26 0 0 0 0 0 2 0 0 0 0 13 1 12 0 1 0 0 0 2 0 1 0 14 0 0 3 92
准确率:    1.0000 (43/43)
----------------------------------------

生成的验证样本:
--------------------------------------------------------------------------------
输入:       YBJNH D>LH> LMSV> MN KL DBJC WKLJ
目标:     0 0 0 0 5 0 0 1 0 0 4 0 0 1 6 0 10 7 0 0 0 0 0 2 0 1 0 0 2 0 36 0 0 3
预测:     0 0 0 0 5 0 0 1 0 0 4 0 0 1 6 0 10 7 0 0 0 0 0 2 0 1 0 0 2 0 36 0 0 3
准确率:    1.0000 (34/34)
----------------------------------------
输入:       D>LH> LMSV> MN KL DBJC WKLJ XJLK
目标:     0 1 0 0 4 0 0 1 6 0 10 7 0 0 0 0 0 2 0 1 0 0 2 0 36 0 0 3 0 0 0 5 0
预测:     0 1 0 0 4 0 0 1 6 0 10 7 0 0 0 0 0 2 0 1 0 0 2 0 36 0 0 3 0 0 0 5 0
准确率:    1.0000 (33/33)
----------------------------------------
⏳ 验证无提升 (验证准确率: 0.9691 ≤ 0.9695)，patience: 1/50

======================================================================
🚀 Epoch 140/200
======================================================================
📚 开始训练阶段...
训练进度: 500/6065 损失=0.0013
训练进度: 1000/6065 损失=0.0015
训练进度: 1500/6065 损失=0.0042
训练进度: 2000/6065 损失=0.0082
训练进度: 2500/6065 损失=0.0015
训练进度: 3000/6065 损失=0.0189
训练进度: 3500/6065 损失=0.0083
训练进度: 4000/6065 损失=0.0038
训练进度: 4500/6065 损失=0.0011
训练进度: 5000/6065 损失=0.0023
训练进度: 5500/6065 损失=0.0008
训练进度: 6000/6065 损失=0.0074
训练进度: 6065/6065 损失=0.0003
✅ 训练完成，耗时: 106.4秒 (1.8分钟)

============================================================
📊 验证决策: Epoch 140/200
   验证间隔: 1
   是否验证: ✅ 是
   原因: 达到验证间隔 (0 == 0)
============================================================

🔍 开始验证...
验证进度: 500/686 损失=0.2353
验证进度: 686/686 损失=0.8361

📊 预测分布分析:
  - 预测的前5个类别: {np.int64(0): 283109, np.int64(1): 37115, np.int64(2): 14723, np.int64(3): 10899, np.int64(4): 9109}
  - 标签的前5个类别: {np.int64(0): 281232, np.int64(1): 36731, np.int64(2): 14789, np.int64(3): 10866, np.int64(4): 8585}
✅ 验证完成，耗时: 4.8秒 (0.1分钟)
训练损失: 0.0043
验证损失: 0.5455
验证准确率: 0.9695 (10629/10964) - 与Levenshtein高度相关
验证F1(加权): 0.9685 - 类别平衡更好
学习率: 0.000022
显存使用: 0.47GB (预留: 0.69GB)

生成的训练样本:
--------------------------------------------------------------------------------
输入:       W>MRW LH MLL GBR> MRH D>R<> <MN
目标:     0 1 0 0 3 0 0 1 0 0 0 0 16 0 0 0 4 0 0 0 56 12 0 1 0 0 4 0 0 0 1 0
预测:     0 1 0 0 3 0 0 1 0 0 0 0 16 0 0 0 4 0 0 0 56 12 0 1 0 0 4 0 0 0 1 0
准确率:    1.0000 (32/32)
----------------------------------------
输入:       WTRTJN ZQZQT> DDHB> T<BD LH LTXT MN
目标:     0 1 0 2 0 0 0 0 0 0 0 13 23 0 0 1 0 0 4 0 0 6 0 0 3 0 1 0 0 1 0 0 0 0 0 0
预测:     0 1 0 2 0 0 0 0 0 0 0 13 23 0 0 1 0 0 4 0 0 6 0 0 3 0 1 0 0 1 0 0 0 0 0 0
准确率:    1.0000 (36/36)
----------------------------------------
输入:       L> MJTW >CTNQW DLMWT> BXJ> V<MWHJ BHLJN
目标:     0 0 0 0 20 0 3 0 0 47 79 0 0 3 0 0 1 1 0 0 15 0 0 1 0 11 0 0 0 0 33 1 0 0 0 1 0 0 0 0
预测:     0 0 0 0 20 0 3 0 0 47 79 0 0 3 0 0 1 1 0 0 15 0 0 1 0 11 0 0 0 0 33 1 0 0 0 1 0 0 0 0
准确率:    1.0000 (40/40)
----------------------------------------

生成的验证样本:
--------------------------------------------------------------------------------
输入:       YBJNH D>LH> LMSV> MN KL DBJC WKLJ
目标:     0 0 0 0 5 0 0 1 0 0 4 0 0 1 6 0 10 7 0 0 0 0 0 2 0 1 0 0 2 0 36 0 0 3
预测:     0 0 0 0 5 0 0 1 0 0 4 0 0 1 6 0 10 7 0 0 0 0 0 2 0 1 0 0 2 0 36 0 0 3
准确率:    1.0000 (34/34)
----------------------------------------
输入:       D>LH> LMSV> MN KL DBJC WKLJ XJLK
目标:     0 1 0 0 4 0 0 1 6 0 10 7 0 0 0 0 0 2 0 1 0 0 2 0 36 0 0 3 0 0 0 5 0
预测:     0 1 0 0 4 0 0 1 6 0 10 7 0 0 0 0 0 2 0 1 0 0 2 0 36 0 0 3 0 0 0 5 0
准确率:    1.0000 (33/33)
----------------------------------------
⏳ 验证无提升 (验证准确率: 0.9695 ≤ 0.9695)，patience: 2/50

======================================================================
🚀 Epoch 141/200
======================================================================
📚 开始训练阶段...
训练进度: 500/6065 损失=0.0002
训练进度: 1000/6065 损失=0.0003
训练进度: 1500/6065 损失=0.0002
训练进度: 2000/6065 损失=0.0012
训练进度: 2500/6065 损失=0.0004
训练进度: 3000/6065 损失=0.0042
训练进度: 3500/6065 损失=0.0124
训练进度: 4000/6065 损失=0.0051
训练进度: 4500/6065 损失=0.0002
训练进度: 5000/6065 损失=0.0111
训练进度: 5500/6065 损失=0.0014
训练进度: 6000/6065 损失=0.0033
训练进度: 6065/6065 损失=0.0034
✅ 训练完成，耗时: 106.4秒 (1.8分钟)

============================================================
📊 验证决策: Epoch 141/200
   验证间隔: 1
   是否验证: ✅ 是
   原因: 达到验证间隔 (0 == 0)
============================================================

🔍 开始验证...
验证进度: 500/686 损失=0.1550
验证进度: 686/686 损失=0.7821

📊 预测分布分析:
  - 预测的前5个类别: {np.int64(0): 283181, np.int64(1): 37064, np.int64(2): 14696, np.int64(3): 10888, np.int64(4): 8859}
  - 标签的前5个类别: {np.int64(0): 281232, np.int64(1): 36731, np.int64(2): 14789, np.int64(3): 10866, np.int64(4): 8585}
✅ 验证完成，耗时: 4.8秒 (0.1分钟)
训练损失: 0.0043
验证损失: 0.5431
验证准确率: 0.9693 (10627/10964) - 与Levenshtein高度相关
验证F1(加权): 0.9685 - 类别平衡更好
学习率: 0.000021
显存使用: 0.48GB (预留: 0.69GB)

生成的训练样本:
--------------------------------------------------------------------------------
输入:       BGW <MK DGBJT <M> SGJ>> DL> MTMN>
目标:     0 1 0 2 0 0 37 0 0 1 0 0 3 12 0 0 15 0 0 0 0 0 4 0 0 1 0 0 0 21 14 0 10 7
预测:     0 1 0 2 0 0 37 0 0 1 0 0 3 12 0 0 15 0 0 0 0 0 4 0 0 1 0 0 0 21 14 0 10 7
准确率:    1.0000 (34/34)
----------------------------------------
输入:       >JSRJL NMWS> WDJN> D>MR >N> QDMJKWN JWMN>
目标:     0 0 0 0 0 0 2 0 0 0 0 11 0 0 1 0 0 30 0 0 1 0 0 7 0 0 0 0 0 0 0 2 1 0 0 0 0 0 0 0 4 0
预测:     0 0 0 0 0 0 2 0 0 0 0 11 0 0 1 0 0 30 0 0 1 0 0 7 0 0 0 0 0 0 0 2 1 0 0 0 0 0 0 0 4 0
准确率:    1.0000 (42/42)
----------------------------------------
输入:       KLHJN TDMRT> DJLK >XD> W>RWZ BK >ZMR
目标:     0 0 5 0 0 0 0 0 0 0 13 9 0 0 0 0 1 0 0 6 0 10 3 0 1 6 0 0 3 0 1 0 0 6 0 0 16
预测:     0 0 5 0 0 0 0 0 0 0 13 9 0 0 0 0 1 0 0 6 0 10 3 0 1 6 0 0 3 0 1 0 0 6 0 0 16
准确率:    1.0000 (37/37)
----------------------------------------

生成的验证样本:
--------------------------------------------------------------------------------
输入:       YBJNH D>LH> LMSV> MN KL DBJC WKLJ
目标:     0 0 0 0 5 0 0 1 0 0 4 0 0 1 6 0 10 7 0 0 0 0 0 2 0 1 0 0 2 0 36 0 0 3
预测:     0 0 0 0 5 0 0 1 0 0 4 0 0 1 6 0 10 7 0 0 0 0 0 2 0 1 0 0 2 0 36 0 0 3
准确率:    1.0000 (34/34)
----------------------------------------
输入:       D>LH> LMSV> MN KL DBJC WKLJ XJLK
目标:     0 1 0 0 4 0 0 1 6 0 10 7 0 0 0 0 0 2 0 1 0 0 2 0 36 0 0 3 0 0 0 5 0
预测:     0 1 0 0 4 0 0 1 6 0 10 7 0 0 0 0 0 2 0 1 0 0 2 0 36 0 0 3 0 0 0 5 0
准确率:    1.0000 (33/33)
----------------------------------------
⏳ 验证无提升 (验证准确率: 0.9693 ≤ 0.9695)，patience: 3/50

======================================================================
🚀 Epoch 142/200
======================================================================
📚 开始训练阶段...
训练进度: 500/6065 损失=0.0052
训练进度: 1000/6065 损失=0.0002
训练进度: 1500/6065 损失=0.0040
训练进度: 2000/6065 损失=0.0027
训练进度: 2500/6065 损失=0.0089
训练进度: 3000/6065 损失=0.0020
训练进度: 3500/6065 损失=0.0003
训练进度: 4000/6065 损失=0.0008
训练进度: 4500/6065 损失=0.0074
训练进度: 5000/6065 损失=0.0023
训练进度: 5500/6065 损失=0.0001
训练进度: 6000/6065 损失=0.0066
训练进度: 6065/6065 损失=0.0027
✅ 训练完成，耗时: 106.3秒 (1.8分钟)

============================================================
📊 验证决策: Epoch 142/200
   验证间隔: 1
   是否验证: ✅ 是
   原因: 达到验证间隔 (0 == 0)
============================================================

🔍 开始验证...
验证进度: 500/686 损失=0.2285
验证进度: 686/686 损失=0.8170

📊 预测分布分析:
  - 预测的前5个类别: {np.int64(0): 283275, np.int64(1): 37030, np.int64(2): 14721, np.int64(3): 10765, np.int64(4): 8806}
  - 标签的前5个类别: {np.int64(0): 281232, np.int64(1): 36731, np.int64(2): 14789, np.int64(3): 10866, np.int64(4): 8585}
✅ 验证完成，耗时: 4.8秒 (0.1分钟)
训练损失: 0.0041
验证损失: 0.5532
验证准确率: 0.9692 (10626/10964) - 与Levenshtein高度相关
验证F1(加权): 0.9684 - 类别平衡更好
学习率: 0.000020
显存使用: 0.48GB (预留: 0.69GB)

生成的训练样本:
--------------------------------------------------------------------------------
输入:       MRJ> LMWC> HKN> <BDW WBRK >NWN MWC>
目标:     0 0 0 0 2 0 1 0 0 0 2 0 0 0 0 0 0 0 0 3 0 0 1 0 0 16 0 0 0 0 0 0 0 0 0 2
预测:     0 0 0 0 2 0 1 0 0 0 2 0 0 0 0 0 0 0 0 3 0 0 1 0 0 16 0 0 0 0 0 0 0 0 0 2
准确率:    1.0000 (36/36)
----------------------------------------
输入:       >JD> DPR<WN <BWR> BQWRJ> NVRWN WNHW> <BWR>
目标:     8 0 0 4 0 0 1 0 0 0 0 2 0 0 0 0 4 0 0 1 0 0 0 13 0 0 34 0 3 0 0 0 1 6 0 10 3 0 0 0 0 4 0
预测:     8 0 0 4 0 0 1 0 0 0 0 2 0 0 0 0 4 0 0 1 0 0 0 13 0 0 34 0 3 0 0 0 1 6 0 10 3 0 0 0 0 4 0
准确率:    1.0000 (43/43)
----------------------------------------
输入:       BSL<> >JK D>MR MRJ> WMLK> >QJM LGNBR>
目标:     0 1 0 0 4 0 0 0 0 0 0 1 0 0 3 0 0 0 0 2 0 1 0 0 4 0 0 17 20 0 3 0 1 0 0 0 4 0
预测:     0 1 0 0 4 0 0 0 0 0 0 1 0 0 3 0 0 0 0 2 0 1 0 0 4 0 0 17 20 0 3 0 1 0 0 0 4 0
准确率:    1.0000 (38/38)
----------------------------------------

生成的验证样本:
--------------------------------------------------------------------------------
输入:       YBJNH D>LH> LMSV> MN KL DBJC WKLJ
目标:     0 0 0 0 5 0 0 1 0 0 4 0 0 1 6 0 10 7 0 0 0 0 0 2 0 1 0 0 2 0 36 0 0 3
预测:     0 0 0 0 5 0 0 1 0 0 4 0 0 1 6 0 10 7 0 0 0 0 0 2 0 1 0 0 2 0 36 0 0 3
准确率:    1.0000 (34/34)
----------------------------------------
输入:       D>LH> LMSV> MN KL DBJC WKLJ XJLK
目标:     0 1 0 0 4 0 0 1 6 0 10 7 0 0 0 0 0 2 0 1 0 0 2 0 36 0 0 3 0 0 0 5 0
预测:     0 1 0 0 4 0 0 1 6 0 10 7 0 0 0 0 0 2 0 1 0 0 2 0 36 0 0 3 0 0 0 5 0
准确率:    1.0000 (33/33)
----------------------------------------
⏳ 验证无提升 (验证准确率: 0.9692 ≤ 0.9695)，patience: 4/50

======================================================================
🚀 Epoch 143/200
======================================================================
📚 开始训练阶段...
训练进度: 500/6065 损失=0.0002
训练进度: 1000/6065 损失=0.0015
训练进度: 1500/6065 损失=0.0009
训练进度: 2000/6065 损失=0.0079
训练进度: 2500/6065 损失=0.0082
训练进度: 3000/6065 损失=0.0001
训练进度: 3500/6065 损失=0.0007
训练进度: 4000/6065 损失=0.0011
训练进度: 4500/6065 损失=0.0082
训练进度: 5000/6065 损失=0.0023
训练进度: 5500/6065 损失=0.0007
训练进度: 6000/6065 损失=0.0032
训练进度: 6065/6065 损失=0.0013
✅ 训练完成，耗时: 106.3秒 (1.8分钟)

============================================================
📊 验证决策: Epoch 143/200
   验证间隔: 1
   是否验证: ✅ 是
   原因: 达到验证间隔 (0 == 0)
============================================================

🔍 开始验证...
验证进度: 500/686 损失=0.1853
验证进度: 686/686 损失=0.7275

📊 预测分布分析:
  - 预测的前5个类别: {np.int64(0): 283052, np.int64(1): 37047, np.int64(2): 14752, np.int64(3): 10847, np.int64(4): 8939}
  - 标签的前5个类别: {np.int64(0): 281232, np.int64(1): 36731, np.int64(2): 14789, np.int64(3): 10866, np.int64(4): 8585}
✅ 验证完成，耗时: 4.8秒 (0.1分钟)
训练损失: 0.0040
验证损失: 0.5474
验证准确率: 0.9697 (10631/10964) - 与Levenshtein高度相关
验证F1(加权): 0.9688 - 类别平衡更好
学习率: 0.000020
显存使用: 0.48GB (预留: 0.69GB)

生成的训练样本:
--------------------------------------------------------------------------------
输入:       DTWR> BCL BSR> WJHB L<M> W>KLW WQM
目标:     0 1 0 0 11 0 0 0 0 16 0 0 0 4 0 0 1 0 0 3 0 1 0 15 0 0 1 0 0 3 0 0 1 31 3
预测:     0 1 0 0 11 0 0 0 0 16 0 0 0 4 0 0 1 0 0 3 0 1 0 15 0 0 1 0 0 3 0 0 1 31 3
准确率:    1.0000 (35/35)
----------------------------------------
输入:       >N> <LJK W<L <MK W<L BTJK <RWB>
目标:     0 0 0 0 0 0 8 1 0 0 1 0 0 0 0 37 0 0 1 0 0 0 38 2 1 0 0 0 0 0 4 0
预测:     0 0 0 0 0 0 8 1 0 0 1 0 0 0 0 37 0 0 1 0 0 0 38 2 1 0 0 0 0 0 4 0
准确率:    1.0000 (32/32)
----------------------------------------
输入:       HW> >JLN> DM>KWLT> LH XBL WPSWQ WBNJ
目标:     0 0 10 3 0 0 0 0 4 0 0 1 0 0 0 0 13 9 0 0 1 0 6 0 0 3 0 36 0 8 0 3 0 36 0 0 3
预测:     0 0 10 3 0 0 0 0 4 0 0 1 0 0 0 0 13 9 0 0 1 0 6 0 0 3 0 36 0 8 0 3 0 36 0 0 3
准确率:    1.0000 (37/37)
----------------------------------------

生成的验证样本:
--------------------------------------------------------------------------------
输入:       YBJNH D>LH> LMSV> MN KL DBJC WKLJ
目标:     0 0 0 0 5 0 0 1 0 0 4 0 0 1 6 0 10 7 0 0 0 0 0 2 0 1 0 0 2 0 36 0 0 3
预测:     0 0 0 0 5 0 0 1 0 0 4 0 0 1 6 0 10 7 0 0 0 0 0 2 0 1 0 0 2 0 36 0 0 3
准确率:    1.0000 (34/34)
----------------------------------------
输入:       D>LH> LMSV> MN KL DBJC WKLJ XJLK
目标:     0 1 0 0 4 0 0 1 6 0 10 7 0 0 0 0 0 2 0 1 0 0 2 0 36 0 0 3 0 0 0 5 0
预测:     0 1 0 0 4 0 0 1 6 0 10 7 0 0 0 0 0 2 0 1 0 0 2 0 36 0 0 3 0 0 0 5 0
准确率:    1.0000 (33/33)
----------------------------------------
💾 保存新的最佳模型！验证准确率: 0.9697 (F1: 0.9688) (Epoch 143)

======================================================================
🚀 Epoch 144/200
======================================================================
📚 开始训练阶段...
训练进度: 500/6065 损失=0.0013
训练进度: 1000/6065 损失=0.0002
训练进度: 1500/6065 损失=0.0020
训练进度: 2000/6065 损失=0.0035
训练进度: 2500/6065 损失=0.0029
训练进度: 3000/6065 损失=0.0037
训练进度: 3500/6065 损失=0.0078
训练进度: 4000/6065 损失=0.0006
训练进度: 4500/6065 损失=0.0030
训练进度: 5000/6065 损失=0.0017
训练进度: 5500/6065 损失=0.0008
训练进度: 6000/6065 损失=0.0006
训练进度: 6065/6065 损失=0.0003
✅ 训练完成，耗时: 106.4秒 (1.8分钟)

============================================================
📊 验证决策: Epoch 144/200
   验证间隔: 1
   是否验证: ✅ 是
   原因: 达到验证间隔 (0 == 0)
============================================================

🔍 开始验证...
验证进度: 500/686 损失=0.2041
验证进度: 686/686 损失=0.8416

📊 预测分布分析:
  - 预测的前5个类别: {np.int64(0): 283157, np.int64(1): 37086, np.int64(2): 14725, np.int64(3): 10827, np.int64(4): 8945}
  - 标签的前5个类别: {np.int64(0): 281232, np.int64(1): 36731, np.int64(2): 14789, np.int64(3): 10866, np.int64(4): 8585}
✅ 验证完成，耗时: 4.8秒 (0.1分钟)
训练损失: 0.0040
验证损失: 0.5542
验证准确率: 0.9694 (10628/10964) - 与Levenshtein高度相关
验证F1(加权): 0.9685 - 类别平衡更好
学习率: 0.000019
显存使用: 0.47GB (预留: 0.69GB)

生成的训练样本:
--------------------------------------------------------------------------------
输入:       NWKRJ> DGLWNJ BNJ> NWKRJ> <TQW W>XGRW MN
目标:     0 0 0 0 0 11 0 0 0 0 3 67 0 0 0 0 2 9 0 0 0 0 0 0 11 0 0 0 0 3 0 0 1 17 0 0 3 0 0 0 0
预测:     0 0 0 0 0 11 0 0 0 0 3 67 0 0 0 0 2 9 0 0 0 0 0 0 11 0 0 0 0 3 0 0 1 17 0 0 3 0 0 0 0
准确率:    1.0000 (41/41)
----------------------------------------
输入:       WL> TXD> BKL BNJ> DCWQR> >PN SGJW
目标:     0 1 0 0 0 6 0 10 3 0 1 0 2 0 0 2 9 0 0 1 0 0 0 4 0 0 0 75 0 0 0 0 3 0
预测:     0 1 0 0 0 6 0 10 3 0 1 0 2 0 0 2 9 0 0 1 0 0 0 4 0 0 0 75 0 0 0 0 3 0
准确率:    1.0000 (34/34)
----------------------------------------
输入:       HJDJN <LW MWC> W>HRWN W>MRW LPR<WN HKN>
目标:     0 0 0 0 0 0 0 0 53 0 0 0 0 0 2 0 1 0 0 0 0 2 0 1 0 0 3 0 0 1 0 0 0 0 2 0 0 0 0 0
预测:     0 0 0 0 0 0 0 0 53 0 0 0 0 0 2 0 1 0 0 0 0 2 0 1 0 0 3 0 0 1 0 0 0 0 2 0 0 0 0 0
准确率:    1.0000 (40/40)
----------------------------------------

生成的验证样本:
--------------------------------------------------------------------------------
输入:       YBJNH D>LH> LMSV> MN KL DBJC WKLJ
目标:     0 0 0 0 5 0 0 1 0 0 4 0 0 1 6 0 10 7 0 0 0 0 0 2 0 1 0 0 2 0 36 0 0 3
预测:     0 0 0 0 5 0 0 1 0 0 4 0 0 1 6 0 10 7 0 0 0 0 0 2 0 1 0 0 2 0 36 0 0 3
准确率:    1.0000 (34/34)
----------------------------------------
输入:       D>LH> LMSV> MN KL DBJC WKLJ XJLK
目标:     0 1 0 0 4 0 0 1 6 0 10 7 0 0 0 0 0 2 0 1 0 0 2 0 36 0 0 3 0 0 0 5 0
预测:     0 1 0 0 4 0 0 1 6 0 10 7 0 0 0 0 0 2 0 1 0 0 2 0 36 0 0 3 0 0 0 5 0
准确率:    1.0000 (33/33)
----------------------------------------
⏳ 验证无提升 (验证准确率: 0.9694 ≤ 0.9697)，patience: 1/50

======================================================================
🚀 Epoch 145/200
======================================================================
📚 开始训练阶段...
训练进度: 500/6065 损失=0.0004
训练进度: 1000/6065 损失=0.0003
训练进度: 1500/6065 损失=0.0003
训练进度: 2000/6065 损失=0.0067
训练进度: 2500/6065 损失=0.0009
训练进度: 3000/6065 损失=0.0003
训练进度: 3500/6065 损失=0.0007
训练进度: 4000/6065 损失=0.0001
训练进度: 4500/6065 损失=0.0017
训练进度: 5000/6065 损失=0.0002
训练进度: 5500/6065 损失=0.0024
训练进度: 6000/6065 损失=0.0028
训练进度: 6065/6065 损失=0.0040
✅ 训练完成，耗时: 106.7秒 (1.8分钟)

============================================================
📊 验证决策: Epoch 145/200
   验证间隔: 1
   是否验证: ✅ 是
   原因: 达到验证间隔 (0 == 0)
============================================================

🔍 开始验证...
验证进度: 500/686 损失=0.1782
验证进度: 686/686 损失=0.7024

📊 预测分布分析:
  - 预测的前5个类别: {np.int64(0): 283153, np.int64(1): 37060, np.int64(2): 14728, np.int64(3): 10763, np.int64(4): 8948}
  - 标签的前5个类别: {np.int64(0): 281232, np.int64(1): 36731, np.int64(2): 14789, np.int64(3): 10866, np.int64(4): 8585}
✅ 验证完成，耗时: 4.8秒 (0.1分钟)
训练损失: 0.0038
验证损失: 0.5611
验证准确率: 0.9692 (10626/10964) - 与Levenshtein高度相关
验证F1(加权): 0.9684 - 类别平衡更好
学习率: 0.000018
显存使用: 0.48GB (预留: 0.69GB)

生成的训练样本:
--------------------------------------------------------------------------------
输入:       SMT LMRJ> LWQBLJ BKL ZBN WHW> MN
目标:     0 31 3 0 0 1 0 0 0 2 0 0 0 0 0 1 0 0 1 0 2 0 0 0 2 0 1 0 10 3 0 0 0
预测:     0 31 3 0 0 1 0 0 0 2 0 0 0 0 0 1 0 0 1 0 2 0 0 0 2 0 1 0 10 3 0 0 0
准确率:    1.0000 (33/33)
----------------------------------------
输入:       WC>LWHJ >NCJ >TR> <L >NTTH W>MR XTJ
目标:     0 1 0 0 3 1 0 0 0 0 0 2 0 0 0 0 4 0 0 0 0 0 0 0 13 1 0 0 1 0 0 3 60 13 1 0
预测:     0 1 0 0 3 1 0 0 0 0 0 2 0 0 0 0 4 0 0 0 0 0 0 0 13 1 0 0 1 0 0 3 60 13 1 0
准确率:    1.0000 (36/36)
----------------------------------------
输入:       <>D> HW RB> DGZJR> W<WRL> TMN L>
目标:     0 0 0 4 0 0 0 0 0 0 4 0 0 1 0 8 0 65 27 0 1 0 0 0 4 0 0 0 0 0 0 0 0
预测:     0 0 0 4 0 0 0 0 0 0 4 0 0 1 0 8 0 65 27 0 1 0 0 0 4 0 0 0 0 0 0 0 0
准确率:    1.0000 (33/33)
----------------------------------------

生成的验证样本:
--------------------------------------------------------------------------------
输入:       YBJNH D>LH> LMSV> MN KL DBJC WKLJ
目标:     0 0 0 0 5 0 0 1 0 0 4 0 0 1 6 0 10 7 0 0 0 0 0 2 0 1 0 0 2 0 36 0 0 3
预测:     0 0 0 0 5 0 0 1 0 0 4 0 0 1 6 0 10 7 0 0 0 0 0 2 0 1 0 0 2 0 36 0 0 3
准确率:    1.0000 (34/34)
----------------------------------------
输入:       D>LH> LMSV> MN KL DBJC WKLJ XJLK
目标:     0 1 0 0 4 0 0 1 6 0 10 7 0 0 0 0 0 2 0 1 0 0 2 0 36 0 0 3 0 0 0 5 0
预测:     0 1 0 0 4 0 0 1 6 0 10 7 0 0 0 0 0 2 0 1 0 0 2 0 36 0 0 3 0 0 0 5 0
准确率:    1.0000 (33/33)
----------------------------------------
⏳ 验证无提升 (验证准确率: 0.9692 ≤ 0.9697)，patience: 2/50

======================================================================
🚀 Epoch 146/200
======================================================================
📚 开始训练阶段...
训练进度: 500/6065 损失=0.0006
训练进度: 1000/6065 损失=0.0010
训练进度: 1500/6065 损失=0.0133
训练进度: 2000/6065 损失=0.0009
训练进度: 2500/6065 损失=0.0006
训练进度: 3000/6065 损失=0.0076
训练进度: 3500/6065 损失=0.0006
训练进度: 4000/6065 损失=0.0001
训练进度: 4500/6065 损失=0.0040
训练进度: 5000/6065 损失=0.0007
训练进度: 5500/6065 损失=0.0001
训练进度: 6000/6065 损失=0.0078
训练进度: 6065/6065 损失=0.0003
✅ 训练完成，耗时: 106.8秒 (1.8分钟)

============================================================
📊 验证决策: Epoch 146/200
   验证间隔: 1
   是否验证: ✅ 是
   原因: 达到验证间隔 (0 == 0)
============================================================

🔍 开始验证...
验证进度: 500/686 损失=0.2194
验证进度: 686/686 损失=0.7061

📊 预测分布分析:
  - 预测的前5个类别: {np.int64(0): 283056, np.int64(1): 37113, np.int64(2): 14786, np.int64(3): 10842, np.int64(4): 8912}
  - 标签的前5个类别: {np.int64(0): 281232, np.int64(1): 36731, np.int64(2): 14789, np.int64(3): 10866, np.int64(4): 8585}
✅ 验证完成，耗时: 4.8秒 (0.1分钟)
训练损失: 0.0037
验证损失: 0.5624
验证准确率: 0.9694 (10628/10964) - 与Levenshtein高度相关
验证F1(加权): 0.9685 - 类别平衡更好
学习率: 0.000018
显存使用: 0.48GB (预留: 0.69GB)

生成的训练样本:
--------------------------------------------------------------------------------
输入:       WJLDT BR> W>MRT ZBN> HN> >WD> LMRJ>
目标:     0 1 0 0 3 26 0 0 4 0 0 1 0 0 3 26 0 0 0 4 0 0 0 0 0 0 63 0 10 3 0 1 0 0 0 2
预测:     0 1 0 0 3 26 0 0 4 0 0 1 0 0 3 26 0 0 0 4 0 0 0 0 0 0 63 0 10 3 0 1 0 0 0 2
准确率:    1.0000 (36/36)
----------------------------------------
输入:       VRW PWQDNH DMRJ> >LHKWN DMPQD >N> LKWN
目标:     34 0 3 0 0 0 0 0 0 5 0 0 1 0 0 0 2 0 0 0 5 0 0 0 0 1 6 0 0 7 0 0 0 0 0 1 0 0 0
预测:     34 0 3 0 0 0 0 0 0 5 0 0 1 0 0 0 2 0 0 0 5 0 0 0 0 1 6 0 0 7 0 0 0 0 0 1 0 0 0
准确率:    1.0000 (39/39)
----------------------------------------
输入:       W>TKLJ MN DLMXV> >TDKR PWQDN> WL> TSN>
目标:     0 36 0 14 0 0 3 0 0 0 0 1 1 6 0 10 7 6 0 14 0 0 3 0 0 0 0 0 4 0 0 1 0 0 0 6 0 10 3
预测:     0 36 0 14 0 0 3 0 0 0 0 1 1 6 0 10 7 6 0 14 0 0 3 0 0 0 0 0 4 0 0 1 0 0 0 6 0 10 3
准确率:    1.0000 (39/39)
----------------------------------------

生成的验证样本:
--------------------------------------------------------------------------------
输入:       YBJNH D>LH> LMSV> MN KL DBJC WKLJ
目标:     0 0 0 0 5 0 0 1 0 0 4 0 0 1 6 0 10 7 0 0 0 0 0 2 0 1 0 0 2 0 36 0 0 3
预测:     0 0 0 0 5 0 0 1 0 0 4 0 0 1 6 0 10 7 0 0 0 0 0 2 0 1 0 0 2 0 36 0 0 3
准确率:    1.0000 (34/34)
----------------------------------------
输入:       D>LH> LMSV> MN KL DBJC WKLJ XJLK
目标:     0 1 0 0 4 0 0 1 6 0 10 7 0 0 0 0 0 2 0 1 0 0 2 0 36 0 0 3 0 0 0 5 0
预测:     0 1 0 0 4 0 0 1 6 0 10 7 0 0 0 0 0 2 0 1 0 0 2 0 36 0 0 3 0 0 0 5 0
准确率:    1.0000 (33/33)
----------------------------------------
⏳ 验证无提升 (验证准确率: 0.9694 ≤ 0.9697)，patience: 3/50

======================================================================
🚀 Epoch 147/200
======================================================================
📚 开始训练阶段...
训练进度: 500/6065 损失=0.0005
训练进度: 1000/6065 损失=0.0001
训练进度: 1500/6065 损失=0.0416
训练进度: 2000/6065 损失=0.0003
训练进度: 2500/6065 损失=0.0012
训练进度: 3000/6065 损失=0.0052
训练进度: 3500/6065 损失=0.0006
训练进度: 4000/6065 损失=0.0044
训练进度: 4500/6065 损失=0.0061
训练进度: 5000/6065 损失=0.0004
训练进度: 5500/6065 损失=0.0042
训练进度: 6000/6065 损失=0.0018
训练进度: 6065/6065 损失=0.0052
✅ 训练完成，耗时: 106.7秒 (1.8分钟)

============================================================
📊 验证决策: Epoch 147/200
   验证间隔: 1
   是否验证: ✅ 是
   原因: 达到验证间隔 (0 == 0)
============================================================

🔍 开始验证...
验证进度: 500/686 损失=0.1611
验证进度: 686/686 损失=0.7572

📊 预测分布分析:
  - 预测的前5个类别: {np.int64(0): 283156, np.int64(1): 37082, np.int64(2): 14758, np.int64(3): 10793, np.int64(4): 8907}
  - 标签的前5个类别: {np.int64(0): 281232, np.int64(1): 36731, np.int64(2): 14789, np.int64(3): 10866, np.int64(4): 8585}
✅ 验证完成，耗时: 4.8秒 (0.1分钟)
训练损失: 0.0037
验证损失: 0.5626
验证准确率: 0.9692 (10625/10964) - 与Levenshtein高度相关
验证F1(加权): 0.9683 - 类别平衡更好
学习率: 0.000017
显存使用: 0.48GB (预留: 0.69GB)

生成的训练样本:
--------------------------------------------------------------------------------
输入:       W>ZL MLK> D>JSRJL WMLK> DJHWD> WMLK> D>DWM
目标:     0 1 0 0 3 0 0 0 4 0 0 1 0 0 0 0 0 2 0 1 0 0 4 0 0 1 0 0 0 0 2 0 1 0 0 4 0 0 1 0 0 0 2
预测:     0 1 0 0 3 0 0 0 4 0 0 1 0 0 0 0 0 2 0 1 0 0 4 0 0 1 0 0 0 0 2 0 1 0 0 4 0 0 1 0 0 0 2
准确率:    1.0000 (43/43)
----------------------------------------
输入:       BXJL> RB> MN MYRJN LMWBDW MN QDMJKWN
目标:     0 1 0 0 4 0 0 0 4 0 0 0 0 0 0 0 0 0 2 0 1 68 0 0 7 0 0 0 0 0 0 0 2 1 0 0 0
预测:     0 1 0 0 4 0 0 0 4 0 0 0 0 0 0 0 0 0 2 0 1 68 0 0 7 0 0 0 0 0 0 0 2 1 0 0 0
准确率:    1.0000 (37/37)
----------------------------------------
输入:       KWRSJ> QRB> LMRJ> B<MLJQ MN DRDRJN WCM<
目标:     0 0 0 0 0 4 0 0 0 0 15 0 0 1 0 0 0 2 0 1 0 0 0 0 2 0 0 0 0 0 5 0 2 0 0 0 1 0 0 3
预测:     0 0 0 0 0 4 0 0 0 0 15 0 0 1 0 0 0 2 0 1 0 0 0 0 2 0 0 0 0 0 5 0 2 0 0 0 1 0 0 3
准确率:    1.0000 (40/40)
----------------------------------------

生成的验证样本:
--------------------------------------------------------------------------------
输入:       YBJNH D>LH> LMSV> MN KL DBJC WKLJ
目标:     0 0 0 0 5 0 0 1 0 0 4 0 0 1 6 0 10 7 0 0 0 0 0 2 0 1 0 0 2 0 36 0 0 3
预测:     0 0 0 0 5 0 0 1 0 0 4 0 0 1 6 0 10 7 0 0 0 0 0 2 0 1 0 0 2 0 36 0 0 3
准确率:    1.0000 (34/34)
----------------------------------------
输入:       D>LH> LMSV> MN KL DBJC WKLJ XJLK
目标:     0 1 0 0 4 0 0 1 6 0 10 7 0 0 0 0 0 2 0 1 0 0 2 0 36 0 0 3 0 0 0 5 0
预测:     0 1 0 0 4 0 0 1 6 0 10 7 0 0 0 0 0 2 0 1 0 0 2 0 36 0 0 3 0 0 0 5 0
准确率:    1.0000 (33/33)
----------------------------------------
⏳ 验证无提升 (验证准确率: 0.9692 ≤ 0.9697)，patience: 4/50

======================================================================
🚀 Epoch 148/200
======================================================================
📚 开始训练阶段...
训练进度: 500/6065 损失=0.0007
训练进度: 1000/6065 损失=0.0001
训练进度: 1500/6065 损失=0.0033
训练进度: 2000/6065 损失=0.0001
训练进度: 2500/6065 损失=0.0004
训练进度: 3000/6065 损失=0.0069
训练进度: 3500/6065 损失=0.0009
训练进度: 4000/6065 损失=0.0003
训练进度: 4500/6065 损失=0.0015
训练进度: 5000/6065 损失=0.0027
训练进度: 5500/6065 损失=0.0013
训练进度: 6000/6065 损失=0.0138
训练进度: 6065/6065 损失=0.0104
✅ 训练完成，耗时: 106.6秒 (1.8分钟)

============================================================
📊 验证决策: Epoch 148/200
   验证间隔: 1
   是否验证: ✅ 是
   原因: 达到验证间隔 (0 == 0)
============================================================

🔍 开始验证...
验证进度: 500/686 损失=0.1383
验证进度: 686/686 损失=0.7959

📊 预测分布分析:
  - 预测的前5个类别: {np.int64(0): 283097, np.int64(1): 37080, np.int64(2): 14762, np.int64(3): 10845, np.int64(4): 9019}
  - 标签的前5个类别: {np.int64(0): 281232, np.int64(1): 36731, np.int64(2): 14789, np.int64(3): 10866, np.int64(4): 8585}
✅ 验证完成，耗时: 4.8秒 (0.1分钟)
训练损失: 0.0036
验证损失: 0.5643
验证准确率: 0.9694 (10628/10964) - 与Levenshtein高度相关
验证F1(加权): 0.9685 - 类别平衡更好
学习率: 0.000017
显存使用: 0.48GB (预留: 0.69GB)

生成的训练样本:
--------------------------------------------------------------------------------
输入:       L>BRM MN BTR DPRC LWV MN LWTH
目标:     0 1 0 0 0 2 0 0 0 0 0 0 0 0 1 0 0 3 0 0 0 22 0 0 0 0 0 0 1 0
预测:     0 1 0 0 0 2 0 0 0 0 0 0 0 0 1 0 0 3 0 0 0 22 0 0 0 0 0 0 1 0
准确率:    1.0000 (30/30)
----------------------------------------
输入:       DKR> BR CNT> NHW> LKWN MN >MR>
目标:     0 0 0 15 0 0 0 2 0 0 13 9 0 0 6 0 10 3 0 1 0 0 0 0 0 0 0 0 0 30 0
预测:     0 0 0 15 0 0 0 2 0 0 13 9 0 0 6 0 10 3 0 1 0 0 0 0 0 0 0 0 0 30 0
准确率:    1.0000 (31/31)
----------------------------------------
输入:       HW ZLW BTRH WL> JHBW LH <M>
目标:     0 0 0 21 0 3 0 0 0 0 1 0 0 1 0 0 0 0 0 3 0 0 1 0 0 0 15 0
预测:     0 0 0 21 0 3 0 0 0 0 1 0 0 1 0 0 0 0 0 3 0 0 1 0 0 0 15 0
准确率:    1.0000 (28/28)
----------------------------------------

生成的验证样本:
--------------------------------------------------------------------------------
输入:       YBJNH D>LH> LMSV> MN KL DBJC WKLJ
目标:     0 0 0 0 5 0 0 1 0 0 4 0 0 1 6 0 10 7 0 0 0 0 0 2 0 1 0 0 2 0 36 0 0 3
预测:     0 0 0 0 5 0 0 1 0 0 4 0 0 1 6 0 10 7 0 0 0 0 0 2 0 1 0 0 2 0 36 0 0 3
准确率:    1.0000 (34/34)
----------------------------------------
输入:       D>LH> LMSV> MN KL DBJC WKLJ XJLK
目标:     0 1 0 0 4 0 0 1 6 0 10 7 0 0 0 0 0 2 0 1 0 0 2 0 36 0 0 3 0 0 0 5 0
预测:     0 1 0 0 4 0 0 1 6 0 10 7 0 0 0 0 0 2 0 1 0 0 2 0 36 0 0 3 0 0 0 5 0
准确率:    1.0000 (33/33)
----------------------------------------
⏳ 验证无提升 (验证准确率: 0.9694 ≤ 0.9697)，patience: 5/50

======================================================================
🚀 Epoch 149/200
======================================================================
📚 开始训练阶段...
训练进度: 500/6065 损失=0.0001
训练进度: 1000/6065 损失=0.0137
训练进度: 1500/6065 损失=0.0030
训练进度: 2000/6065 损失=0.0008
训练进度: 2500/6065 损失=0.0003
训练进度: 3000/6065 损失=0.0005
训练进度: 3500/6065 损失=0.0003
训练进度: 4000/6065 损失=0.0015
训练进度: 4500/6065 损失=0.0009
训练进度: 5000/6065 损失=0.0018
训练进度: 5500/6065 损失=0.0007
训练进度: 6000/6065 损失=0.0006
训练进度: 6065/6065 损失=0.0014
✅ 训练完成，耗时: 106.7秒 (1.8分钟)

============================================================
📊 验证决策: Epoch 149/200
   验证间隔: 1
   是否验证: ✅ 是
   原因: 达到验证间隔 (0 == 0)
============================================================

🔍 开始验证...
验证进度: 500/686 损失=0.1543
验证进度: 686/686 损失=0.8569

📊 预测分布分析:
  - 预测的前5个类别: {np.int64(0): 283108, np.int64(1): 37075, np.int64(2): 14719, np.int64(3): 10847, np.int64(4): 9045}
  - 标签的前5个类别: {np.int64(0): 281232, np.int64(1): 36731, np.int64(2): 14789, np.int64(3): 10866, np.int64(4): 8585}
✅ 验证完成，耗时: 4.8秒 (0.1分钟)
训练损失: 0.0035
验证损失: 0.5702
验证准确率: 0.9694 (10629/10964) - 与Levenshtein高度相关
验证F1(加权): 0.9686 - 类别平衡更好
学习率: 0.000016
显存使用: 0.48GB (预留: 0.69GB)

生成的训练样本:
--------------------------------------------------------------------------------
输入:       <BD >JK D>MR LHJN MLK> DMYRJN WMXJN
目标:     0 0 0 80 0 0 0 0 0 1 0 0 3 0 1 0 0 0 0 0 0 4 0 0 1 0 0 0 0 2 0 1 28 0 42 0
预测:     0 0 0 80 0 0 0 0 0 1 0 0 3 0 1 0 0 0 0 0 0 4 0 0 1 0 0 0 0 2 0 1 28 0 42 0
准确率:    1.0000 (36/36)
----------------------------------------
输入:       >LHK BDGLWT> MVL DL> MZK> MRJ> LMN
目标:     0 0 0 5 0 0 1 0 0 0 2 9 0 0 0 0 0 0 1 0 0 0 6 0 10 7 0 0 0 0 2 0 1 0 12
预测:     0 0 0 5 0 0 1 0 0 0 2 9 0 0 0 0 0 0 1 0 0 0 6 0 10 7 0 0 0 0 2 0 1 0 12
准确率:    1.0000 (35/35)
----------------------------------------
输入:       D>SKLTWN WXDJN MVL D>WDJTWN >P >NTWN >CTWD<TWN
目标:     0 1 17 0 0 33 0 0 0 0 1 0 0 3 0 0 0 0 0 0 1 50 0 0 3 0 0 0 0 0 0 0 0 0 0 0 0 0 47 39 50 0 0 3 0 0 0
预测:     0 1 17 0 0 33 0 0 0 0 1 0 0 3 0 0 0 0 0 0 1 50 0 0 3 0 0 0 0 0 0 0 0 0 0 0 0 0 47 39 50 0 0 3 0 0 0
准确率:    1.0000 (47/47)
----------------------------------------

生成的验证样本:
--------------------------------------------------------------------------------
输入:       YBJNH D>LH> LMSV> MN KL DBJC WKLJ
目标:     0 0 0 0 5 0 0 1 0 0 4 0 0 1 6 0 10 7 0 0 0 0 0 2 0 1 0 0 2 0 36 0 0 3
预测:     0 0 0 0 5 0 0 1 0 0 4 0 0 1 6 0 10 7 0 0 0 0 0 2 0 1 0 0 2 0 36 0 0 3
准确率:    1.0000 (34/34)
----------------------------------------
输入:       D>LH> LMSV> MN KL DBJC WKLJ XJLK
目标:     0 1 0 0 4 0 0 1 6 0 10 7 0 0 0 0 0 2 0 1 0 0 2 0 36 0 0 3 0 0 0 5 0
预测:     0 1 0 0 4 0 0 1 6 0 10 7 0 0 0 0 0 2 0 1 0 0 2 0 36 0 0 3 0 0 0 5 0
准确率:    1.0000 (33/33)
----------------------------------------
⏳ 验证无提升 (验证准确率: 0.9694 ≤ 0.9697)，patience: 6/50

======================================================================
🚀 Epoch 150/200
======================================================================
📚 开始训练阶段...
训练进度: 500/6065 损失=0.0003
训练进度: 1000/6065 损失=0.0014
训练进度: 1500/6065 损失=0.0013
训练进度: 2000/6065 损失=0.0061
训练进度: 2500/6065 损失=0.0010
训练进度: 3000/6065 损失=0.0001
训练进度: 3500/6065 损失=0.0001
训练进度: 4000/6065 损失=0.0009
训练进度: 4500/6065 损失=0.0017
训练进度: 5000/6065 损失=0.0001
训练进度: 5500/6065 损失=0.0005
训练进度: 6000/6065 损失=0.0067
训练进度: 6065/6065 损失=0.0025
✅ 训练完成，耗时: 106.5秒 (1.8分钟)

============================================================
📊 验证决策: Epoch 150/200
   验证间隔: 1
   是否验证: ✅ 是
   原因: 达到验证间隔 (0 == 0)
============================================================

🔍 开始验证...
验证进度: 500/686 损失=0.1423
验证进度: 686/686 损失=0.8373

📊 预测分布分析:
  - 预测的前5个类别: {np.int64(0): 283202, np.int64(1): 37055, np.int64(2): 14755, np.int64(3): 10749, np.int64(4): 8913}
  - 标签的前5个类别: {np.int64(0): 281232, np.int64(1): 36731, np.int64(2): 14789, np.int64(3): 10866, np.int64(4): 8585}
✅ 验证完成，耗时: 4.8秒 (0.1分钟)
训练损失: 0.0034
验证损失: 0.5713
验证准确率: 0.9694 (10628/10964) - 与Levenshtein高度相关
验证F1(加权): 0.9686 - 类别平衡更好
学习率: 0.000016
显存使用: 0.48GB (预留: 0.69GB)

生成的训练样本:
--------------------------------------------------------------------------------
输入:       LYBWT> JTJR MN M> D>JTJHJN HWJ B>JTWTHJN
目标:     0 1 0 0 2 23 0 0 0 0 0 2 0 0 0 0 0 0 0 1 0 0 0 5 0 0 0 0 0 0 80 0 1 0 0 0 2 1 0 0 0
预测:     0 1 0 0 2 23 0 0 0 0 0 2 0 0 0 0 0 0 0 1 0 0 0 5 0 0 0 0 0 0 80 0 1 0 0 0 2 1 0 0 0
准确率:    1.0000 (41/41)
----------------------------------------
输入:       HWT BXZWH VB WHWT LMLK> MCMCNJT> WMCMC>
目标:     0 0 18 26 0 1 0 0 5 12 0 0 2 0 1 0 18 26 0 1 0 0 4 0 0 0 0 0 0 0 2 9 0 0 1 6 0 0 49 19
预测:     0 0 18 26 0 1 0 0 5 12 0 0 2 0 1 0 18 26 0 1 0 0 4 0 0 0 0 0 0 0 2 9 0 0 1 6 0 0 49 19
准确率:    1.0000 (40/40)
----------------------------------------
输入:       D>N> <BDK WLYDWQ KHN> WLBNJ> BR JWJD<
目标:     0 1 0 0 0 0 0 0 37 0 0 1 1 0 0 0 2 0 0 0 4 0 0 1 1 0 0 0 2 0 0 2 0 0 0 0 0 2
预测:     0 1 0 0 0 0 0 0 37 0 0 1 1 0 0 0 2 0 0 0 4 0 0 1 1 0 0 0 2 0 0 2 0 0 0 0 0 2
准确率:    1.0000 (38/38)
----------------------------------------

生成的验证样本:
--------------------------------------------------------------------------------
输入:       YBJNH D>LH> LMSV> MN KL DBJC WKLJ
目标:     0 0 0 0 5 0 0 1 0 0 4 0 0 1 6 0 10 7 0 0 0 0 0 2 0 1 0 0 2 0 36 0 0 3
预测:     0 0 0 0 5 0 0 1 0 0 4 0 0 1 6 0 10 7 0 0 0 0 0 2 0 1 0 0 2 0 36 0 0 3
准确率:    1.0000 (34/34)
----------------------------------------
输入:       D>LH> LMSV> MN KL DBJC WKLJ XJLK
目标:     0 1 0 0 4 0 0 1 6 0 10 7 0 0 0 0 0 2 0 1 0 0 2 0 36 0 0 3 0 0 0 5 0
预测:     0 1 0 0 4 0 0 1 6 0 10 7 0 0 0 0 0 2 0 1 0 0 2 0 36 0 0 3 0 0 0 5 0
准确率:    1.0000 (33/33)
----------------------------------------
⏳ 验证无提升 (验证准确率: 0.9694 ≤ 0.9697)，patience: 7/50

======================================================================
🚀 Epoch 151/200
======================================================================
📚 开始训练阶段...
训练进度: 500/6065 损失=0.0006
训练进度: 1000/6065 损失=0.0018
训练进度: 1500/6065 损失=0.0051
训练进度: 2000/6065 损失=0.0008
训练进度: 2500/6065 损失=0.0001
训练进度: 3000/6065 损失=0.0019
训练进度: 3500/6065 损失=0.0102
训练进度: 4000/6065 损失=0.0022
训练进度: 4500/6065 损失=0.0028
训练进度: 5000/6065 损失=0.0000
训练进度: 5500/6065 损失=0.0002
训练进度: 6000/6065 损失=0.0002
训练进度: 6065/6065 损失=0.0002
✅ 训练完成，耗时: 106.9秒 (1.8分钟)

============================================================
📊 验证决策: Epoch 151/200
   验证间隔: 1
   是否验证: ✅ 是
   原因: 达到验证间隔 (0 == 0)
============================================================

🔍 开始验证...
验证进度: 500/686 损失=0.1624
验证进度: 686/686 损失=0.8564

📊 预测分布分析:
  - 预测的前5个类别: {np.int64(0): 283192, np.int64(1): 37100, np.int64(2): 14686, np.int64(3): 10787, np.int64(4): 8928}
  - 标签的前5个类别: {np.int64(0): 281232, np.int64(1): 36731, np.int64(2): 14789, np.int64(3): 10866, np.int64(4): 8585}
✅ 验证完成，耗时: 4.8秒 (0.1分钟)
训练损失: 0.0032
验证损失: 0.5794
验证准确率: 0.9693 (10627/10964) - 与Levenshtein高度相关
验证F1(加权): 0.9684 - 类别平衡更好
学习率: 0.000015
显存使用: 0.48GB (预留: 0.69GB)

生成的训练样本:
--------------------------------------------------------------------------------
输入:       WTBR DR<> <M RJC> WXZ> QDMJT LH
目标:     0 1 0 0 3 0 0 0 4 0 0 0 0 0 0 0 4 0 0 1 0 10 3 0 0 0 0 0 0 0 1 0
预测:     0 1 0 0 3 0 0 0 4 0 0 0 0 0 0 0 4 0 0 1 0 10 3 0 0 0 0 0 0 0 1 0
准确率:    1.0000 (32/32)
----------------------------------------
输入:       D>TPNJ LXLWLJHJN BTWLT> >WDJ DXSK XJJHJN MN
目标:     0 1 0 14 0 0 3 0 1 0 0 0 2 1 0 0 0 0 0 0 0 2 23 0 0 50 0 0 3 0 1 0 0 3 0 0 2 1 0 0 0 0 0 0
预测:     0 1 0 14 0 0 3 0 1 0 0 0 2 1 0 0 0 0 0 0 0 2 23 0 0 50 0 0 3 0 1 0 0 3 0 0 2 1 0 0 0 0 0 0
准确率:    1.0000 (44/44)
----------------------------------------
输入:       BXD CM> DMCJX> MTQRJNN KRSVJN> WBXD JWM>
目标:     0 1 0 2 0 0 4 0 0 1 0 8 0 110 27 0 21 14 0 42 87 0 0 0 0 0 0 0 0 11 0 0 1 1 0 2 0 0 0 4 0
预测:     0 1 0 2 0 0 4 0 0 1 0 8 0 110 27 0 21 14 0 42 87 0 0 0 0 0 0 0 0 11 0 0 1 1 0 2 0 0 0 4 0
准确率:    1.0000 (41/41)
----------------------------------------

生成的验证样本:
--------------------------------------------------------------------------------
输入:       YBJNH D>LH> LMSV> MN KL DBJC WKLJ
目标:     0 0 0 0 5 0 0 1 0 0 4 0 0 1 6 0 10 7 0 0 0 0 0 2 0 1 0 0 2 0 36 0 0 3
预测:     0 0 0 0 5 0 0 1 0 0 4 0 0 1 6 0 10 7 0 0 0 0 0 2 0 1 0 0 2 0 36 0 0 3
准确率:    1.0000 (34/34)
----------------------------------------
输入:       D>LH> LMSV> MN KL DBJC WKLJ XJLK
目标:     0 1 0 0 4 0 0 1 6 0 10 7 0 0 0 0 0 2 0 1 0 0 2 0 36 0 0 3 0 0 0 5 0
预测:     0 1 0 0 4 0 0 1 6 0 10 7 0 0 0 0 0 2 0 1 0 0 2 0 36 0 0 3 0 0 0 5 0
准确率:    1.0000 (33/33)
----------------------------------------
⏳ 验证无提升 (验证准确率: 0.9693 ≤ 0.9697)，patience: 8/50

======================================================================
🚀 Epoch 152/200
======================================================================
📚 开始训练阶段...
训练进度: 500/6065 损失=0.0043
训练进度: 1000/6065 损失=0.0004
训练进度: 1500/6065 损失=0.0001
训练进度: 2000/6065 损失=0.0002
训练进度: 2500/6065 损失=0.0038
训练进度: 3000/6065 损失=0.0005
训练进度: 3500/6065 损失=0.0009
训练进度: 4000/6065 损失=0.0005
训练进度: 4500/6065 损失=0.0044
训练进度: 5000/6065 损失=0.0041
训练进度: 5500/6065 损失=0.0046
训练进度: 6000/6065 损失=0.0102
训练进度: 6065/6065 损失=0.0002
✅ 训练完成，耗时: 106.7秒 (1.8分钟)

============================================================
📊 验证决策: Epoch 152/200
   验证间隔: 1
   是否验证: ✅ 是
   原因: 达到验证间隔 (0 == 0)
============================================================

🔍 开始验证...
验证进度: 500/686 损失=0.1801
验证进度: 686/686 损失=0.6994

📊 预测分布分析:
  - 预测的前5个类别: {np.int64(0): 283166, np.int64(1): 37086, np.int64(2): 14730, np.int64(3): 10911, np.int64(4): 8916}
  - 标签的前5个类别: {np.int64(0): 281232, np.int64(1): 36731, np.int64(2): 14789, np.int64(3): 10866, np.int64(4): 8585}
✅ 验证完成，耗时: 4.8秒 (0.1分钟)
训练损失: 0.0032
验证损失: 0.5818
验证准确率: 0.9694 (10628/10964) - 与Levenshtein高度相关
验证F1(加权): 0.9685 - 类别平衡更好
学习率: 0.000015
显存使用: 0.47GB (预留: 0.69GB)

生成的训练样本:
--------------------------------------------------------------------------------
输入:       W>P >T> <L >R<> CB< CNJN WQMT
目标:     0 1 0 0 0 0 10 7 0 0 0 0 0 0 4 0 0 0 0 2 0 0 13 0 0 0 1 31 3 26
预测:     0 1 0 0 0 0 10 7 0 0 0 0 0 0 4 0 0 0 0 2 0 0 13 0 0 0 1 31 3 26
准确率:    1.0000 (30/30)
----------------------------------------
输入:       KL YLM WKL DMW D>JT BCMJ> MN
目标:     0 0 2 0 0 0 2 0 1 0 2 0 0 0 2 0 1 0 0 24 0 1 0 24 9 0 0 0 0
预测:     0 0 2 0 0 0 2 0 1 0 2 0 0 0 2 0 1 0 0 24 0 1 0 24 9 0 0 0 0
准确率:    1.0000 (29/29)
----------------------------------------
输入:       WL> KD MCTBXJN WL> <L SBR> VB>
目标:     0 1 0 0 0 0 0 0 45 39 0 0 7 0 0 0 1 0 0 0 0 0 0 0 0 15 0 0 0 4 0
预测:     0 1 0 0 0 0 0 0 45 39 0 0 7 0 0 0 1 0 0 0 0 0 0 0 0 15 0 0 0 4 0
准确率:    1.0000 (31/31)
----------------------------------------

生成的验证样本:
--------------------------------------------------------------------------------
输入:       YBJNH D>LH> LMSV> MN KL DBJC WKLJ
目标:     0 0 0 0 5 0 0 1 0 0 4 0 0 1 6 0 10 7 0 0 0 0 0 2 0 1 0 0 2 0 36 0 0 3
预测:     0 0 0 0 5 0 0 1 0 0 4 0 0 1 6 0 10 7 0 0 0 0 0 2 0 1 0 0 2 0 36 0 0 3
准确率:    1.0000 (34/34)
----------------------------------------
输入:       D>LH> LMSV> MN KL DBJC WKLJ XJLK
目标:     0 1 0 0 4 0 0 1 6 0 10 7 0 0 0 0 0 2 0 1 0 0 2 0 36 0 0 3 0 0 0 5 0
预测:     0 1 0 0 4 0 0 1 6 0 10 7 0 0 0 0 0 2 0 1 0 0 2 0 36 0 0 3 0 0 0 5 0
准确率:    1.0000 (33/33)
----------------------------------------
⏳ 验证无提升 (验证准确率: 0.9694 ≤ 0.9697)，patience: 9/50

======================================================================
🚀 Epoch 153/200
======================================================================
📚 开始训练阶段...
训练进度: 500/6065 损失=0.0059
训练进度: 1000/6065 损失=0.0000
训练进度: 1500/6065 损失=0.0094
训练进度: 2000/6065 损失=0.0018
训练进度: 2500/6065 损失=0.0009
训练进度: 3000/6065 损失=0.0001
训练进度: 3500/6065 损失=0.0006
训练进度: 4000/6065 损失=0.0013
训练进度: 4500/6065 损失=0.0002
训练进度: 5000/6065 损失=0.0002
训练进度: 5500/6065 损失=0.0001
训练进度: 6000/6065 损失=0.0001
训练进度: 6065/6065 损失=0.0033
✅ 训练完成，耗时: 106.6秒 (1.8分钟)

============================================================
📊 验证决策: Epoch 153/200
   验证间隔: 1
   是否验证: ✅ 是
   原因: 达到验证间隔 (0 == 0)
============================================================

🔍 开始验证...
验证进度: 500/686 损失=0.1826
验证进度: 686/686 损失=0.7141

📊 预测分布分析:
  - 预测的前5个类别: {np.int64(0): 283247, np.int64(1): 37085, np.int64(2): 14738, np.int64(3): 10878, np.int64(4): 8865}
  - 标签的前5个类别: {np.int64(0): 281232, np.int64(1): 36731, np.int64(2): 14789, np.int64(3): 10866, np.int64(4): 8585}
✅ 验证完成，耗时: 4.8秒 (0.1分钟)
训练损失: 0.0031
验证损失: 0.5790
验证准确率: 0.9692 (10626/10964) - 与Levenshtein高度相关
验证F1(加权): 0.9683 - 类别平衡更好
学习率: 0.000014
显存使用: 0.48GB (预留: 0.69GB)

生成的训练样本:
--------------------------------------------------------------------------------
输入:       WMRJ> NMJQ BHWN HJ DJN NMLL <LJHWN
目标:     0 1 0 0 0 2 0 6 20 0 16 0 1 0 0 0 0 0 26 0 0 0 0 0 6 0 0 16 0 0 8 1 0 0 0
预测:     0 1 0 0 0 2 0 6 20 0 16 0 1 0 0 0 0 0 26 0 0 0 0 0 6 0 0 16 0 0 8 1 0 0 0
准确率:    1.0000 (35/35)
----------------------------------------
输入:       >JK DJM> LHWN MRJ> >P >JDH DMRJ>
目标:     0 0 0 0 0 1 0 10 3 0 1 0 0 0 0 0 0 0 2 0 0 0 8 0 0 5 0 0 1 0 0 0 2
预测:     0 0 0 0 0 1 0 10 3 0 1 0 0 0 0 0 0 0 2 0 0 0 8 0 0 5 0 0 1 0 0 0 2
准确率:    1.0000 (33/33)
----------------------------------------
输入:       >JD> DXLT> TTPLV DL> TTQL QDMJHWN WBJWLPNK
目标:     0 0 0 0 0 0 0 0 13 9 0 0 21 14 0 0 3 0 1 0 0 0 6 0 0 3 0 0 0 2 1 0 0 0 0 1 1 0 0 0 0 5 0
预测:     0 0 0 0 0 0 0 0 13 9 0 0 21 14 0 0 3 0 1 0 0 0 6 0 0 3 0 0 0 2 1 0 0 0 0 1 1 0 0 0 0 5 0
准确率:    1.0000 (43/43)
----------------------------------------

生成的验证样本:
--------------------------------------------------------------------------------
输入:       YBJNH D>LH> LMSV> MN KL DBJC WKLJ
目标:     0 0 0 0 5 0 0 1 0 0 4 0 0 1 6 0 10 7 0 0 0 0 0 2 0 1 0 0 2 0 36 0 0 3
预测:     0 0 0 0 5 0 0 1 0 0 4 0 0 1 6 0 10 7 0 0 0 0 0 2 0 1 0 0 2 0 36 0 0 3
准确率:    1.0000 (34/34)
----------------------------------------
输入:       D>LH> LMSV> MN KL DBJC WKLJ XJLK
目标:     0 1 0 0 4 0 0 1 6 0 10 7 0 0 0 0 0 2 0 1 0 0 2 0 36 0 0 3 0 0 0 5 0
预测:     0 1 0 0 4 0 0 1 6 0 10 7 0 0 0 0 0 2 0 1 0 0 2 0 36 0 0 3 0 0 0 5 0
准确率:    1.0000 (33/33)
----------------------------------------
⏳ 验证无提升 (验证准确率: 0.9692 ≤ 0.9697)，patience: 10/50

======================================================================
🚀 Epoch 154/200
======================================================================
📚 开始训练阶段...
训练进度: 500/6065 损失=0.0028
训练进度: 1000/6065 损失=0.0003
训练进度: 1500/6065 损失=0.0116
训练进度: 2000/6065 损失=0.0003
训练进度: 2500/6065 损失=0.0003
训练进度: 3000/6065 损失=0.0007
训练进度: 3500/6065 损失=0.0001
训练进度: 4000/6065 损失=0.0143
训练进度: 4500/6065 损失=0.0003
训练进度: 5000/6065 损失=0.0060
训练进度: 5500/6065 损失=0.0007
训练进度: 6000/6065 损失=0.0011
训练进度: 6065/6065 损失=0.0002
✅ 训练完成，耗时: 106.7秒 (1.8分钟)

============================================================
📊 验证决策: Epoch 154/200
   验证间隔: 1
   是否验证: ✅ 是
   原因: 达到验证间隔 (0 == 0)
============================================================

🔍 开始验证...
验证进度: 500/686 损失=0.1531
验证进度: 686/686 损失=0.7130

📊 预测分布分析:
  - 预测的前5个类别: {np.int64(0): 283133, np.int64(1): 37085, np.int64(2): 14728, np.int64(3): 10862, np.int64(4): 8840}
  - 标签的前5个类别: {np.int64(0): 281232, np.int64(1): 36731, np.int64(2): 14789, np.int64(3): 10866, np.int64(4): 8585}
✅ 验证完成，耗时: 4.8秒 (0.1分钟)
训练损失: 0.0030
验证损失: 0.5803
验证准确率: 0.9695 (10629/10964) - 与Levenshtein高度相关
验证F1(加权): 0.9686 - 类别平衡更好
学习率: 0.000013
显存使用: 0.48GB (预留: 0.69GB)

生成的训练样本:
--------------------------------------------------------------------------------
输入:       LH MN >TMLJ WMN MNTMLJ MVL HN>
目标:     0 1 0 0 0 0 0 0 0 0 8 0 0 1 0 0 0 0 0 0 0 8 0 0 0 0 0 0 0 0 0
预测:     0 1 0 0 0 0 0 0 0 0 8 0 0 1 0 0 0 0 0 0 0 8 0 0 0 0 0 0 0 0 0
准确率:    1.0000 (31/31)
----------------------------------------
输入:       LH L> N>MR MRN ML> HLJN XS
目标:     0 1 0 0 0 0 0 6 0 0 3 0 0 56 0 0 0 61 0 0 0 0 0 0 0 0 0
预测:     0 1 0 0 0 0 0 6 0 0 3 0 0 56 0 0 0 61 0 0 0 0 0 0 0 0 0
准确率:    1.0000 (27/27)
----------------------------------------
输入:       TMN L<LT> <L XD MN VWR> D>MR
目标:     0 0 0 0 0 1 0 70 9 0 0 0 0 0 0 2 0 0 0 0 0 0 11 0 0 1 21 0 3
预测:     0 0 0 0 0 1 0 70 9 0 0 0 0 0 0 2 0 0 0 0 0 0 11 0 0 1 21 0 3
准确率:    1.0000 (29/29)
----------------------------------------

生成的验证样本:
--------------------------------------------------------------------------------
输入:       YBJNH D>LH> LMSV> MN KL DBJC WKLJ
目标:     0 0 0 0 5 0 0 1 0 0 4 0 0 1 6 0 10 7 0 0 0 0 0 2 0 1 0 0 2 0 36 0 0 3
预测:     0 0 0 0 5 0 0 1 0 0 4 0 0 1 6 0 10 7 0 0 0 0 0 2 0 1 0 0 2 0 36 0 0 3
准确率:    1.0000 (34/34)
----------------------------------------
输入:       D>LH> LMSV> MN KL DBJC WKLJ XJLK
目标:     0 1 0 0 4 0 0 1 6 0 10 7 0 0 0 0 0 2 0 1 0 0 2 0 36 0 0 3 0 0 0 5 0
预测:     0 1 0 0 4 0 0 1 6 0 10 7 0 0 0 0 0 2 0 1 0 0 2 0 36 0 0 3 0 0 0 5 0
准确率:    1.0000 (33/33)
----------------------------------------
⏳ 验证无提升 (验证准确率: 0.9695 ≤ 0.9697)，patience: 11/50

======================================================================
🚀 Epoch 155/200
======================================================================
📚 开始训练阶段...
训练进度: 500/6065 损失=0.0003
训练进度: 1000/6065 损失=0.0002
训练进度: 1500/6065 损失=0.0012
训练进度: 2000/6065 损失=0.0004
训练进度: 2500/6065 损失=0.0001
训练进度: 3000/6065 损失=0.0076
训练进度: 3500/6065 损失=0.0017
训练进度: 4000/6065 损失=0.0007
训练进度: 4500/6065 损失=0.0063
训练进度: 5000/6065 损失=0.0002
训练进度: 5500/6065 损失=0.0033
训练进度: 6000/6065 损失=0.0052
训练进度: 6065/6065 损失=0.0021
✅ 训练完成，耗时: 106.7秒 (1.8分钟)

============================================================
📊 验证决策: Epoch 155/200
   验证间隔: 1
   是否验证: ✅ 是
   原因: 达到验证间隔 (0 == 0)
============================================================

🔍 开始验证...
验证进度: 500/686 损失=0.1275
验证进度: 686/686 损失=0.7886

📊 预测分布分析:
  - 预测的前5个类别: {np.int64(0): 283279, np.int64(1): 37070, np.int64(2): 14684, np.int64(3): 10776, np.int64(4): 8901}
  - 标签的前5个类别: {np.int64(0): 281232, np.int64(1): 36731, np.int64(2): 14789, np.int64(3): 10866, np.int64(4): 8585}
✅ 验证完成，耗时: 4.8秒 (0.1分钟)
训练损失: 0.0030
验证损失: 0.5895
验证准确率: 0.9693 (10627/10964) - 与Levenshtein高度相关
验证F1(加权): 0.9685 - 类别平衡更好
学习率: 0.000013
显存使用: 0.48GB (预留: 0.69GB)

生成的训练样本:
--------------------------------------------------------------------------------
输入:       LN CPR MCTWJNN <MK W>N LN L>
目标:     0 1 0 0 0 0 7 0 45 39 0 42 87 0 0 0 0 1 0 0 1 0 0 0 1 0 0 0 0
预测:     0 1 0 0 0 0 7 0 45 39 0 42 87 0 0 0 0 1 0 0 1 0 0 0 1 0 0 0 0
准确率:    1.0000 (29/29)
----------------------------------------
输入:       <LJK JGR> HN> W>P >NT L> T<BR
目标:     0 0 8 1 0 0 0 0 4 0 0 0 0 0 0 1 0 0 0 0 0 0 0 0 0 0 6 0 0 3
预测:     0 0 8 1 0 0 0 0 4 0 0 0 0 0 0 1 0 0 0 0 0 0 0 0 0 0 6 0 0 3
准确率:    1.0000 (30/30)
----------------------------------------
输入:       MN> HKN> <BD >NT W>P HW CPJR
目标:     0 0 0 0 0 0 0 0 0 0 0 0 7 0 0 0 0 0 1 0 0 0 0 0 0 0 0 0 2
预测:     0 0 0 0 0 0 0 0 0 0 0 0 7 0 0 0 0 0 1 0 0 0 0 0 0 0 0 0 2
准确率:    1.0000 (29/29)
----------------------------------------

生成的验证样本:
--------------------------------------------------------------------------------
输入:       YBJNH D>LH> LMSV> MN KL DBJC WKLJ
目标:     0 0 0 0 5 0 0 1 0 0 4 0 0 1 6 0 10 7 0 0 0 0 0 2 0 1 0 0 2 0 36 0 0 3
预测:     0 0 0 0 5 0 0 1 0 0 4 0 0 1 6 0 10 7 0 0 0 0 0 2 0 1 0 0 2 0 36 0 0 3
准确率:    1.0000 (34/34)
----------------------------------------
输入:       D>LH> LMSV> MN KL DBJC WKLJ XJLK
目标:     0 1 0 0 4 0 0 1 6 0 10 7 0 0 0 0 0 2 0 1 0 0 2 0 36 0 0 3 0 0 0 5 0
预测:     0 1 0 0 4 0 0 1 6 0 10 7 0 0 0 0 0 2 0 1 0 0 2 0 36 0 0 3 0 0 0 5 0
准确率:    1.0000 (33/33)
----------------------------------------
⏳ 验证无提升 (验证准确率: 0.9693 ≤ 0.9697)，patience: 12/50

======================================================================
🚀 Epoch 156/200
======================================================================
📚 开始训练阶段...
训练进度: 500/6065 损失=0.0001
训练进度: 1000/6065 损失=0.0031
训练进度: 1500/6065 损失=0.0005
训练进度: 2000/6065 损失=0.0076
训练进度: 2500/6065 损失=0.0002
训练进度: 3000/6065 损失=0.0001
训练进度: 3500/6065 损失=0.0044
训练进度: 4000/6065 损失=0.0026
训练进度: 4500/6065 损失=0.0003
训练进度: 5000/6065 损失=0.0009
训练进度: 5500/6065 损失=0.0045
训练进度: 6000/6065 损失=0.0001
训练进度: 6065/6065 损失=0.0001
✅ 训练完成，耗时: 107.0秒 (1.8分钟)

============================================================
📊 验证决策: Epoch 156/200
   验证间隔: 1
   是否验证: ✅ 是
   原因: 达到验证间隔 (0 == 0)
============================================================

🔍 开始验证...
验证进度: 500/686 损失=0.1398
验证进度: 686/686 损失=0.7759

📊 预测分布分析:
  - 预测的前5个类别: {np.int64(0): 283229, np.int64(1): 37044, np.int64(2): 14684, np.int64(3): 10843, np.int64(4): 8786}
  - 标签的前5个类别: {np.int64(0): 281232, np.int64(1): 36731, np.int64(2): 14789, np.int64(3): 10866, np.int64(4): 8585}
✅ 验证完成，耗时: 4.8秒 (0.1分钟)
训练损失: 0.0029
验证损失: 0.5846
验证准确率: 0.9694 (10628/10964) - 与Levenshtein高度相关
验证F1(加权): 0.9686 - 类别平衡更好
学习率: 0.000012
显存使用: 0.47GB (预留: 0.69GB)

生成的训练样本:
--------------------------------------------------------------------------------
输入:       W>WQDH BNWR> WCPH BCWPJN> <DM> D>TDQQ >JK
目标:     0 1 50 0 0 29 0 0 1 0 0 4 0 0 1 31 29 0 0 1 0 0 0 0 4 0 0 0 0 0 0 0 1 0 14 0 0 16 0 0 0 0
预测:     0 1 50 0 0 29 0 0 1 0 0 4 0 0 1 31 29 0 0 1 0 0 0 0 4 0 0 0 0 0 0 0 1 0 14 0 0 16 0 0 0 0
准确率:    1.0000 (42/42)
----------------------------------------
输入:       MN ZNJWT> BVN> W>MR JHWD> >PQWH WT>QD
目标:     0 0 0 0 0 0 0 2 9 0 0 0 0 7 0 0 1 0 0 3 0 0 0 0 0 2 6 72 0 3 1 12 0 1 140 0 0 3
预测:     0 0 0 0 0 0 0 2 9 0 0 0 0 7 0 0 1 0 0 3 0 0 0 0 0 2 6 72 0 3 1 12 0 1 140 0 0 3
准确率:    1.0000 (38/38)
----------------------------------------
输入:       NHWWN MCTBHRJN B<LDBB> W>MRJN DHKN> >TMYJNN BXJL>
目标:     0 6 0 18 0 0 0 45 39 17 0 0 7 0 0 0 0 0 0 0 0 11 0 0 1 0 0 7 0 0 0 1 0 0 0 0 0 0 14 0 0 3 8 0 0 1 0 0 4 0
预测:     0 6 0 18 0 0 0 45 39 17 0 0 7 0 0 0 0 0 0 0 0 11 0 0 1 0 0 7 0 0 0 1 0 0 0 0 0 0 14 0 0 3 8 0 0 1 0 0 4 0
准确率:    1.0000 (50/50)
----------------------------------------

生成的验证样本:
--------------------------------------------------------------------------------
输入:       YBJNH D>LH> LMSV> MN KL DBJC WKLJ
目标:     0 0 0 0 5 0 0 1 0 0 4 0 0 1 6 0 10 7 0 0 0 0 0 2 0 1 0 0 2 0 36 0 0 3
预测:     0 0 0 0 5 0 0 1 0 0 4 0 0 1 6 0 10 7 0 0 0 0 0 2 0 1 0 0 2 0 36 0 0 3
准确率:    1.0000 (34/34)
----------------------------------------
输入:       D>LH> LMSV> MN KL DBJC WKLJ XJLK
目标:     0 1 0 0 4 0 0 1 6 0 10 7 0 0 0 0 0 2 0 1 0 0 2 0 36 0 0 3 0 0 0 5 0
预测:     0 1 0 0 4 0 0 1 6 0 10 7 0 0 0 0 0 2 0 1 0 0 2 0 36 0 0 3 0 0 0 5 0
准确率:    1.0000 (33/33)
----------------------------------------
⏳ 验证无提升 (验证准确率: 0.9694 ≤ 0.9697)，patience: 13/50

======================================================================
🚀 Epoch 157/200
======================================================================
📚 开始训练阶段...
训练进度: 500/6065 损失=0.0006
训练进度: 1000/6065 损失=0.0001
训练进度: 1500/6065 损失=0.0016
训练进度: 2000/6065 损失=0.0014
训练进度: 2500/6065 损失=0.0001
训练进度: 3000/6065 损失=0.0006
训练进度: 3500/6065 损失=0.0005
训练进度: 4000/6065 损失=0.0004
训练进度: 4500/6065 损失=0.0013
训练进度: 5000/6065 损失=0.0012
训练进度: 5500/6065 损失=0.0003
训练进度: 6000/6065 损失=0.0032
训练进度: 6065/6065 损失=0.0000
✅ 训练完成，耗时: 106.8秒 (1.8分钟)

============================================================
📊 验证决策: Epoch 157/200
   验证间隔: 1
   是否验证: ✅ 是
   原因: 达到验证间隔 (0 == 0)
============================================================

🔍 开始验证...
验证进度: 500/686 损失=0.2179
验证进度: 686/686 损失=0.7719

📊 预测分布分析:
  - 预测的前5个类别: {np.int64(0): 283191, np.int64(1): 37056, np.int64(2): 14671, np.int64(3): 10810, np.int64(4): 8928}
  - 标签的前5个类别: {np.int64(0): 281232, np.int64(1): 36731, np.int64(2): 14789, np.int64(3): 10866, np.int64(4): 8585}
✅ 验证完成，耗时: 4.8秒 (0.1分钟)
训练损失: 0.0028
验证损失: 0.5920
验证准确率: 0.9695 (10629/10964) - 与Levenshtein高度相关
验证F1(加权): 0.9687 - 类别平衡更好
学习率: 0.000012
显存使用: 0.48GB (预留: 0.69GB)

生成的训练样本:
--------------------------------------------------------------------------------
输入:       WXWBR QJNN NPQ MN QJN MN BNJ
目标:     0 1 0 0 0 2 0 0 0 0 2 0 0 0 3 0 0 0 0 0 0 2 0 0 0 0 0 2 0
预测:     0 1 0 0 0 2 0 0 0 0 2 0 0 0 3 0 0 0 0 0 0 2 0 0 0 0 0 2 0
准确率:    1.0000 (29/29)
----------------------------------------
输入:       L> TYWB LK CTLT> DKL >JLN <L
目标:     0 0 0 0 34 8 0 3 0 1 0 0 0 0 13 23 0 0 1 0 2 0 0 0 0 2 0 0 0
预测:     0 0 0 0 34 8 0 3 0 1 0 0 0 0 13 23 0 0 1 0 2 0 0 0 0 2 0 0 0
准确率:    1.0000 (29/29)
----------------------------------------
输入:       RXM> B<JNJ MRJ W>MR LH <SW >JT
目标:     0 0 0 30 0 0 1 0 0 2 0 0 0 56 0 0 1 0 0 3 0 1 0 0 0 0 2 0 0 0 24
预测:     0 0 0 30 0 0 1 0 0 2 0 0 0 56 0 0 1 0 0 3 0 1 0 0 0 0 2 0 0 0 24
准确率:    1.0000 (31/31)
----------------------------------------

生成的验证样本:
--------------------------------------------------------------------------------
输入:       YBJNH D>LH> LMSV> MN KL DBJC WKLJ
目标:     0 0 0 0 5 0 0 1 0 0 4 0 0 1 6 0 10 7 0 0 0 0 0 2 0 1 0 0 2 0 36 0 0 3
预测:     0 0 0 0 5 0 0 1 0 0 4 0 0 1 6 0 10 7 0 0 0 0 0 2 0 1 0 0 2 0 36 0 0 3
准确率:    1.0000 (34/34)
----------------------------------------
输入:       D>LH> LMSV> MN KL DBJC WKLJ XJLK
目标:     0 1 0 0 4 0 0 1 6 0 10 7 0 0 0 0 0 2 0 1 0 0 2 0 36 0 0 3 0 0 0 5 0
预测:     0 1 0 0 4 0 0 1 6 0 10 7 0 0 0 0 0 2 0 1 0 0 2 0 36 0 0 3 0 0 0 5 0
准确率:    1.0000 (33/33)
----------------------------------------
⏳ 验证无提升 (验证准确率: 0.9695 ≤ 0.9697)，patience: 14/50

======================================================================
🚀 Epoch 158/200
======================================================================
📚 开始训练阶段...
训练进度: 500/6065 损失=0.0012
训练进度: 1000/6065 损失=0.0002
训练进度: 1500/6065 损失=0.0001
训练进度: 2000/6065 损失=0.0033
训练进度: 2500/6065 损失=0.0002
训练进度: 3000/6065 损失=0.0211
训练进度: 3500/6065 损失=0.0013
训练进度: 4000/6065 损失=0.0016
训练进度: 4500/6065 损失=0.0017
训练进度: 5000/6065 损失=0.0005
训练进度: 5500/6065 损失=0.0005
训练进度: 6000/6065 损失=0.0021
训练进度: 6065/6065 损失=0.0000
✅ 训练完成，耗时: 106.7秒 (1.8分钟)

============================================================
📊 验证决策: Epoch 158/200
   验证间隔: 1
   是否验证: ✅ 是
   原因: 达到验证间隔 (0 == 0)
============================================================

🔍 开始验证...
验证进度: 500/686 损失=0.1860
验证进度: 686/686 损失=0.8476

📊 预测分布分析:
  - 预测的前5个类别: {np.int64(0): 283246, np.int64(1): 37074, np.int64(2): 14688, np.int64(3): 10856, np.int64(4): 9049}
  - 标签的前5个类别: {np.int64(0): 281232, np.int64(1): 36731, np.int64(2): 14789, np.int64(3): 10866, np.int64(4): 8585}
✅ 验证完成，耗时: 4.8秒 (0.1分钟)
训练损失: 0.0028
验证损失: 0.6012
验证准确率: 0.9694 (10627/10964) - 与Levenshtein高度相关
验证F1(加权): 0.9684 - 类别平衡更好
学习率: 0.000011
显存使用: 0.47GB (预留: 0.69GB)

生成的训练样本:
--------------------------------------------------------------------------------
输入:       <LJN NWHR> DPRYWPH DMRJ> JHBT BWSM> BLB>
目标:     0 0 8 1 0 0 0 0 0 4 0 0 1 0 0 0 0 5 0 0 1 0 0 0 2 0 0 0 3 0 0 0 0 0 4 0 0 1 0 4 0
预测:     0 0 8 1 0 0 0 0 0 4 0 0 1 0 0 0 0 5 0 0 1 0 0 0 2 0 0 0 3 0 0 0 0 0 4 0 0 1 0 4 0
准确率:    1.0000 (41/41)
----------------------------------------
输入:       MN DLMJTJW W<BD> HW> MST KLH <BD>
目标:     0 0 0 0 1 1 68 0 0 7 0 0 1 0 0 55 0 0 0 10 3 0 0 13 0 0 0 5 0 0 0 0 55 0
预测:     0 0 0 0 1 1 68 0 0 7 0 0 1 0 0 55 0 0 0 10 3 0 0 13 0 0 0 5 0 0 0 0 55 0
准确率:    1.0000 (34/34)
----------------------------------------
输入:       <M BNJ BNJMJN W>MR MRJ> JHWD> BQDMJT>
目标:     0 0 0 0 0 2 0 0 0 0 0 0 0 2 0 1 0 0 3 0 0 0 0 2 0 0 0 0 0 2 0 1 0 0 0 2 9 0
预测:     0 0 0 0 0 2 0 0 0 0 0 0 0 2 0 1 0 0 3 0 0 0 0 2 0 0 0 0 0 2 0 1 0 0 0 2 9 0
准确率:    1.0000 (38/38)
----------------------------------------

生成的验证样本:
--------------------------------------------------------------------------------
输入:       YBJNH D>LH> LMSV> MN KL DBJC WKLJ
目标:     0 0 0 0 5 0 0 1 0 0 4 0 0 1 6 0 10 7 0 0 0 0 0 2 0 1 0 0 2 0 36 0 0 3
预测:     0 0 0 0 5 0 0 1 0 0 4 0 0 1 6 0 10 7 0 0 0 0 0 2 0 1 0 0 2 0 36 0 0 3
准确率:    1.0000 (34/34)
----------------------------------------
输入:       D>LH> LMSV> MN KL DBJC WKLJ XJLK
目标:     0 1 0 0 4 0 0 1 6 0 10 7 0 0 0 0 0 2 0 1 0 0 2 0 36 0 0 3 0 0 0 5 0
预测:     0 1 0 0 4 0 0 1 6 0 10 7 0 0 0 0 0 2 0 1 0 0 2 0 36 0 0 3 0 0 0 5 0
准确率:    1.0000 (33/33)
----------------------------------------
⏳ 验证无提升 (验证准确率: 0.9694 ≤ 0.9697)，patience: 15/50

======================================================================
🚀 Epoch 159/200
======================================================================
📚 开始训练阶段...
训练进度: 500/6065 损失=0.0001
训练进度: 1000/6065 损失=0.0004
训练进度: 1500/6065 损失=0.0007
训练进度: 2000/6065 损失=0.0002
训练进度: 2500/6065 损失=0.0001
训练进度: 3000/6065 损失=0.0001
训练进度: 3500/6065 损失=0.0001
训练进度: 4000/6065 损失=0.0061
训练进度: 4500/6065 损失=0.0087
训练进度: 5000/6065 损失=0.0012
训练进度: 5500/6065 损失=0.0001
训练进度: 6000/6065 损失=0.0031
训练进度: 6065/6065 损失=0.0004
✅ 训练完成，耗时: 106.5秒 (1.8分钟)

============================================================
📊 验证决策: Epoch 159/200
   验证间隔: 1
   是否验证: ✅ 是
   原因: 达到验证间隔 (0 == 0)
============================================================

🔍 开始验证...
验证进度: 500/686 损失=0.1671
验证进度: 686/686 损失=0.8395

📊 预测分布分析:
  - 预测的前5个类别: {np.int64(0): 283123, np.int64(1): 37074, np.int64(2): 14759, np.int64(3): 10851, np.int64(4): 9007}
  - 标签的前5个类别: {np.int64(0): 281232, np.int64(1): 36731, np.int64(2): 14789, np.int64(3): 10866, np.int64(4): 8585}
✅ 验证完成，耗时: 4.8秒 (0.1分钟)
训练损失: 0.0027
验证损失: 0.5961
验证准确率: 0.9695 (10629/10964) - 与Levenshtein高度相关
验证F1(加权): 0.9686 - 类别平衡更好
学习率: 0.000011
显存使用: 0.48GB (预留: 0.69GB)

生成的训练样本:
--------------------------------------------------------------------------------
输入:       HWT DGLWT> WBRT VWHMH GNBWT> TMN HWT
目标:     0 0 18 26 0 0 0 0 2 9 0 0 1 0 13 0 0 0 0 0 5 12 0 0 0 0 2 9 0 0 0 0 0 0 0 18 26
预测:     0 0 18 26 0 0 0 0 2 9 0 0 1 0 13 0 0 0 0 0 5 12 0 0 0 0 2 9 0 0 0 0 0 0 0 18 26
准确率:    1.0000 (37/37)
----------------------------------------
输入:       MRJ> W>VNWHJ BKLMDM D<BDW >BHJHWN WBXVHJHWN DXVW
目标:     0 0 0 0 2 0 1 17 0 135 1 0 0 0 1 0 5 0 0 2 0 1 0 0 3 0 0 0 8 2 1 0 0 0 0 1 1 0 0 2 1 0 0 0 0 1 0 18 0
预测:     0 0 0 0 2 0 1 17 0 135 1 0 0 0 1 0 5 0 0 2 0 1 0 0 3 0 0 0 8 2 1 0 0 0 0 1 1 0 0 2 1 0 0 0 0 1 0 18 0
准确率:    1.0000 (49/49)
----------------------------------------
输入:       MNHWN LQN> WJM> >XT MN TWR> DNXC>
目标:     0 0 1 0 0 0 0 0 0 61 0 0 1 0 4 0 0 72 0 3 0 0 0 0 0 0 11 0 0 1 0 0 4 0
预测:     0 0 1 0 0 0 0 0 0 61 0 0 1 0 4 0 0 72 0 3 0 0 0 0 0 0 11 0 0 1 0 0 4 0
准确率:    1.0000 (34/34)
----------------------------------------

生成的验证样本:
--------------------------------------------------------------------------------
输入:       YBJNH D>LH> LMSV> MN KL DBJC WKLJ
目标:     0 0 0 0 5 0 0 1 0 0 4 0 0 1 6 0 10 7 0 0 0 0 0 2 0 1 0 0 2 0 36 0 0 3
预测:     0 0 0 0 5 0 0 1 0 0 4 0 0 1 6 0 10 7 0 0 0 0 0 2 0 1 0 0 2 0 36 0 0 3
准确率:    1.0000 (34/34)
----------------------------------------
输入:       D>LH> LMSV> MN KL DBJC WKLJ XJLK
目标:     0 1 0 0 4 0 0 1 6 0 10 7 0 0 0 0 0 2 0 1 0 0 2 0 36 0 0 3 0 0 0 5 0
预测:     0 1 0 0 4 0 0 1 6 0 10 7 0 0 0 0 0 2 0 1 0 0 2 0 36 0 0 3 0 0 0 5 0
准确率:    1.0000 (33/33)
----------------------------------------
⏳ 验证无提升 (验证准确率: 0.9695 ≤ 0.9697)，patience: 16/50

======================================================================
🚀 Epoch 160/200
======================================================================
📚 开始训练阶段...
训练进度: 500/6065 损失=0.0038
训练进度: 1000/6065 损失=0.0008
训练进度: 1500/6065 损失=0.0012
训练进度: 2000/6065 损失=0.0086
训练进度: 2500/6065 损失=0.0002
训练进度: 3000/6065 损失=0.0005
训练进度: 3500/6065 损失=0.0001
训练进度: 4000/6065 损失=0.0002
训练进度: 4500/6065 损失=0.0024
训练进度: 5000/6065 损失=0.0001
训练进度: 5500/6065 损失=0.0002
训练进度: 6000/6065 损失=0.0066
训练进度: 6065/6065 损失=0.0005
✅ 训练完成，耗时: 106.5秒 (1.8分钟)

============================================================
📊 验证决策: Epoch 160/200
   验证间隔: 1
   是否验证: ✅ 是
   原因: 达到验证间隔 (0 == 0)
============================================================

🔍 开始验证...
验证进度: 500/686 损失=0.1245
验证进度: 686/686 损失=0.8512

📊 预测分布分析:
  - 预测的前5个类别: {np.int64(0): 283097, np.int64(1): 37082, np.int64(2): 14725, np.int64(3): 10882, np.int64(4): 8878}
  - 标签的前5个类别: {np.int64(0): 281232, np.int64(1): 36731, np.int64(2): 14789, np.int64(3): 10866, np.int64(4): 8585}
✅ 验证完成，耗时: 4.8秒 (0.1分钟)
训练损失: 0.0025
验证损失: 0.5977
验证准确率: 0.9694 (10628/10964) - 与Levenshtein高度相关
验证F1(加权): 0.9686 - 类别平衡更好
学习率: 0.000011
显存使用: 0.48GB (预留: 0.69GB)

生成的训练样本:
--------------------------------------------------------------------------------
输入:       WKWRHNJH D>JTJ MRJ> <LJH KBRJT> WMLX> JQJDT>
目标:     0 1 0 0 0 0 2 1 12 0 1 59 0 0 3 0 0 0 0 2 0 0 8 1 12 0 0 0 0 2 9 0 0 1 0 0 4 0 0 0 8 0 7 9 27
预测:     0 1 0 0 0 0 2 1 12 0 1 59 0 0 3 0 0 0 0 2 0 0 8 1 12 0 0 0 0 2 9 0 0 1 0 0 4 0 0 0 8 0 7 9 27
准确率:    1.0000 (45/45)
----------------------------------------
输入:       HJDJN NMLL LWTHWN BRWGZ> DJLH WBXMT> DJLH
目标:     0 0 0 0 0 0 0 6 0 0 16 0 0 0 1 0 0 0 0 1 0 0 0 4 0 0 0 0 1 0 0 1 1 0 13 9 0 0 0 0 1 0
预测:     0 0 0 0 0 0 0 6 0 0 16 0 0 0 1 0 0 0 0 1 0 0 0 4 0 0 0 0 1 0 0 1 1 0 13 9 0 0 0 0 1 0
准确率:    1.0000 (42/42)
----------------------------------------
输入:       LQN> DNXC> WKNH DNXC> LCJGT> WSJMJH BJT
目标:     0 0 0 111 0 0 1 0 0 4 0 0 1 0 37 12 0 1 0 0 4 0 0 1 0 0 13 9 0 0 36 20 0 48 1 12 0 0 66 0
预测:     0 0 0 111 0 0 1 0 0 4 0 0 1 0 37 12 0 1 0 0 4 0 0 1 0 0 13 9 0 0 36 20 0 48 1 12 0 0 66 0
准确率:    1.0000 (40/40)
----------------------------------------

生成的验证样本:
--------------------------------------------------------------------------------
输入:       YBJNH D>LH> LMSV> MN KL DBJC WKLJ
目标:     0 0 0 0 5 0 0 1 0 0 4 0 0 1 6 0 10 7 0 0 0 0 0 2 0 1 0 0 2 0 36 0 0 3
预测:     0 0 0 0 5 0 0 1 0 0 4 0 0 1 6 0 10 7 0 0 0 0 0 2 0 1 0 0 2 0 36 0 0 3
准确率:    1.0000 (34/34)
----------------------------------------
输入:       D>LH> LMSV> MN KL DBJC WKLJ XJLK
目标:     0 1 0 0 4 0 0 1 6 0 10 7 0 0 0 0 0 2 0 1 0 0 2 0 36 0 0 3 0 0 0 5 0
预测:     0 1 0 0 4 0 0 1 6 0 10 7 0 0 0 0 0 2 0 1 0 0 2 0 36 0 0 3 0 0 0 5 0
准确率:    1.0000 (33/33)
----------------------------------------
⏳ 验证无提升 (验证准确率: 0.9694 ≤ 0.9697)，patience: 17/50

======================================================================
🚀 Epoch 161/200
======================================================================
📚 开始训练阶段...
训练进度: 500/6065 损失=0.0009
训练进度: 1000/6065 损失=0.0016
训练进度: 1500/6065 损失=0.0001
训练进度: 2000/6065 损失=0.0007
训练进度: 2500/6065 损失=0.0028
训练进度: 3000/6065 损失=0.0001
训练进度: 3500/6065 损失=0.0005
训练进度: 4000/6065 损失=0.0001
训练进度: 4500/6065 损失=0.0000
训练进度: 5000/6065 损失=0.0140
训练进度: 5500/6065 损失=0.0020
训练进度: 6000/6065 损失=0.0001
训练进度: 6065/6065 损失=0.0002
✅ 训练完成，耗时: 106.6秒 (1.8分钟)

============================================================
📊 验证决策: Epoch 161/200
   验证间隔: 1
   是否验证: ✅ 是
   原因: 达到验证间隔 (0 == 0)
============================================================

🔍 开始验证...
验证进度: 500/686 损失=0.1584
验证进度: 686/686 损失=0.8528

📊 预测分布分析:
  - 预测的前5个类别: {np.int64(0): 283155, np.int64(1): 37103, np.int64(2): 14695, np.int64(3): 10804, np.int64(4): 8891}
  - 标签的前5个类别: {np.int64(0): 281232, np.int64(1): 36731, np.int64(2): 14789, np.int64(3): 10866, np.int64(4): 8585}
✅ 验证完成，耗时: 4.8秒 (0.1分钟)
训练损失: 0.0025
验证损失: 0.6002
验证准确率: 0.9694 (10628/10964) - 与Levenshtein高度相关
验证F1(加权): 0.9685 - 类别平衡更好
学习率: 0.000010
显存使用: 0.48GB (预留: 0.69GB)

生成的训练样本:
--------------------------------------------------------------------------------
输入:       K>P> LMZBN QJS> WK>P> PSJLT> LMBDQ BDQ>
目标:     0 0 0 11 0 0 1 6 0 0 49 0 0 0 11 0 0 1 0 0 11 0 0 0 8 0 7 23 27 0 1 6 0 0 7 0 0 0 15 0
预测:     0 0 0 11 0 0 1 6 0 0 49 0 0 0 11 0 0 1 0 0 11 0 0 0 8 0 7 23 27 0 1 6 0 0 7 0 0 0 15 0
准确率:    1.0000 (40/40)
----------------------------------------
输入:       WLRBJ XJL> WL>BJTR KHN> WH> >KLJN WCTJN
目标:     0 1 1 0 2 0 0 0 0 11 0 0 1 1 0 0 0 0 2 0 0 0 4 0 0 1 0 0 0 0 0 7 0 0 0 1 0 42 0 0
预测:     0 1 1 0 2 0 0 0 0 11 0 0 1 1 0 0 0 0 2 0 0 0 4 0 0 1 0 0 0 0 0 7 0 0 0 1 0 42 0 0
准确率:    1.0000 (40/40)
----------------------------------------
输入:       DRXM MRJ> L>JSRJL L<LM <BDK MLK> DT<BD
目标:     0 1 0 0 3 0 0 0 0 2 0 1 0 0 0 0 0 2 0 1 0 0 2 0 0 0 29 0 0 0 0 4 0 0 1 6 0 0 3
预测:     0 1 0 0 3 0 0 0 0 2 0 1 0 0 0 0 0 2 0 1 0 0 2 0 0 0 29 0 0 0 0 4 0 0 1 6 0 0 3
准确率:    1.0000 (39/39)
----------------------------------------

生成的验证样本:
--------------------------------------------------------------------------------
输入:       YBJNH D>LH> LMSV> MN KL DBJC WKLJ
目标:     0 0 0 0 5 0 0 1 0 0 4 0 0 1 6 0 10 7 0 0 0 0 0 2 0 1 0 0 2 0 36 0 0 3
预测:     0 0 0 0 5 0 0 1 0 0 4 0 0 1 6 0 10 7 0 0 0 0 0 2 0 1 0 0 2 0 36 0 0 3
准确率:    1.0000 (34/34)
----------------------------------------
输入:       D>LH> LMSV> MN KL DBJC WKLJ XJLK
目标:     0 1 0 0 4 0 0 1 6 0 10 7 0 0 0 0 0 2 0 1 0 0 2 0 36 0 0 3 0 0 0 5 0
预测:     0 1 0 0 4 0 0 1 6 0 10 7 0 0 0 0 0 2 0 1 0 0 2 0 36 0 0 3 0 0 0 5 0
准确率:    1.0000 (33/33)
----------------------------------------
⏳ 验证无提升 (验证准确率: 0.9694 ≤ 0.9697)，patience: 18/50

======================================================================
🚀 Epoch 162/200
======================================================================
📚 开始训练阶段...
训练进度: 500/6065 损失=0.0002
训练进度: 1000/6065 损失=0.0005
训练进度: 1500/6065 损失=0.0066
训练进度: 2000/6065 损失=0.0029
训练进度: 2500/6065 损失=0.0001
训练进度: 3000/6065 损失=0.0007
训练进度: 3500/6065 损失=0.0006
训练进度: 4000/6065 损失=0.0022
训练进度: 4500/6065 损失=0.0003
训练进度: 5000/6065 损失=0.0093
训练进度: 5500/6065 损失=0.0003
训练进度: 6000/6065 损失=0.0001
训练进度: 6065/6065 损失=0.0065
✅ 训练完成，耗时: 106.4秒 (1.8分钟)

============================================================
📊 验证决策: Epoch 162/200
   验证间隔: 1
   是否验证: ✅ 是
   原因: 达到验证间隔 (0 == 0)
============================================================

🔍 开始验证...
验证进度: 500/686 损失=0.1645
验证进度: 686/686 损失=0.8428

📊 预测分布分析:
  - 预测的前5个类别: {np.int64(0): 283177, np.int64(1): 37101, np.int64(2): 14684, np.int64(3): 10786, np.int64(4): 8959}
  - 标签的前5个类别: {np.int64(0): 281232, np.int64(1): 36731, np.int64(2): 14789, np.int64(3): 10866, np.int64(4): 8585}
✅ 验证完成，耗时: 4.8秒 (0.1分钟)
训练损失: 0.0025
验证损失: 0.6064
验证准确率: 0.9695 (10629/10964) - 与Levenshtein高度相关
验证F1(加权): 0.9687 - 类别平衡更好
学习率: 0.000010
显存使用: 0.48GB (预留: 0.69GB)

生成的训练样本:
--------------------------------------------------------------------------------
输入:       DMRJ> >NJN >LHN WGLJT> DJLN WDBNJN L<LM
目标:     0 1 0 0 0 2 0 0 0 0 0 0 0 0 5 0 0 1 0 0 62 23 0 0 0 0 1 0 0 1 1 0 2 0 0 0 1 0 0 2
预测:     0 1 0 0 0 2 0 0 0 0 0 0 0 0 5 0 0 1 0 0 62 23 0 0 0 0 1 0 0 1 1 0 2 0 0 0 1 0 0 2
准确率:    1.0000 (40/40)
----------------------------------------
输入:       DDXLW MN KLDJ> WBCNT TLTJN WCB< CNJN
目标:     0 1 0 0 3 0 0 0 0 0 0 0 0 11 0 0 1 1 0 13 0 0 0 0 0 0 2 0 1 0 0 2 0 0 13 0 0
预测:     0 1 0 0 3 0 0 0 0 0 0 0 0 11 0 0 1 1 0 13 0 0 0 0 0 0 2 0 1 0 0 2 0 0 13 0 0
准确率:    1.0000 (37/37)
----------------------------------------
输入:       SVRWHJ DXWSJ> <L SVR> D<L SPTH DPDT>
目标:     0 0 0 25 1 0 0 0 1 0 0 0 4 0 0 0 0 0 0 0 4 0 0 1 0 0 0 0 13 1 12 0 1 0 13 9 0
预测:     0 0 0 25 1 0 0 0 1 0 0 0 4 0 0 0 0 0 0 0 4 0 0 1 0 0 0 0 13 1 12 0 1 0 13 9 0
准确率:    1.0000 (37/37)
----------------------------------------

生成的验证样本:
--------------------------------------------------------------------------------
输入:       YBJNH D>LH> LMSV> MN KL DBJC WKLJ
目标:     0 0 0 0 5 0 0 1 0 0 4 0 0 1 6 0 10 7 0 0 0 0 0 2 0 1 0 0 2 0 36 0 0 3
预测:     0 0 0 0 5 0 0 1 0 0 4 0 0 1 6 0 10 7 0 0 0 0 0 2 0 1 0 0 2 0 36 0 0 3
准确率:    1.0000 (34/34)
----------------------------------------
输入:       D>LH> LMSV> MN KL DBJC WKLJ XJLK
目标:     0 1 0 0 4 0 0 1 6 0 10 7 0 0 0 0 0 2 0 1 0 0 2 0 36 0 0 3 0 0 0 5 0
预测:     0 1 0 0 4 0 0 1 6 0 10 7 0 0 0 0 0 2 0 1 0 0 2 0 36 0 0 3 0 0 0 5 0
准确率:    1.0000 (33/33)
----------------------------------------
⏳ 验证无提升 (验证准确率: 0.9695 ≤ 0.9697)，patience: 19/50

======================================================================
🚀 Epoch 163/200
======================================================================
📚 开始训练阶段...
训练进度: 500/6065 损失=0.0001
训练进度: 1000/6065 损失=0.0001
训练进度: 1500/6065 损失=0.0010
训练进度: 2000/6065 损失=0.0003
训练进度: 2500/6065 损失=0.0001
训练进度: 3000/6065 损失=0.0022
训练进度: 3500/6065 损失=0.0000
训练进度: 4000/6065 损失=0.0004
训练进度: 4500/6065 损失=0.0002
训练进度: 5000/6065 损失=0.0001
训练进度: 5500/6065 损失=0.0002
训练进度: 6000/6065 损失=0.0003
训练进度: 6065/6065 损失=0.0000
✅ 训练完成，耗时: 106.6秒 (1.8分钟)

============================================================
📊 验证决策: Epoch 163/200
   验证间隔: 1
   是否验证: ✅ 是
   原因: 达到验证间隔 (0 == 0)
============================================================

🔍 开始验证...
验证进度: 500/686 损失=0.1938
验证进度: 686/686 损失=0.8946

📊 预测分布分析:
  - 预测的前5个类别: {np.int64(0): 283161, np.int64(1): 37098, np.int64(2): 14693, np.int64(3): 10867, np.int64(4): 8960}
  - 标签的前5个类别: {np.int64(0): 281232, np.int64(1): 36731, np.int64(2): 14789, np.int64(3): 10866, np.int64(4): 8585}
✅ 验证完成，耗时: 4.8秒 (0.1分钟)
训练损失: 0.0025
验证损失: 0.6031
验证准确率: 0.9696 (10630/10964) - 与Levenshtein高度相关
验证F1(加权): 0.9687 - 类别平衡更好
学习率: 0.000009
显存使用: 0.47GB (预留: 0.69GB)

生成的训练样本:
--------------------------------------------------------------------------------
输入:       CNJN LGLWTH DJWJKJN MLK> DJHWD> BJRX> DTR<SR
目标:     0 0 13 0 0 0 1 0 0 2 1 0 0 1 0 0 0 0 0 2 0 0 0 4 0 0 1 0 0 0 0 2 0 1 0 0 4 0 0 1 0 118 0 0 2
预测:     0 0 13 0 0 0 1 0 0 2 1 0 0 1 0 0 0 0 0 2 0 0 0 4 0 0 1 0 0 0 0 2 0 1 0 0 4 0 0 1 0 118 0 0 2
准确率:    1.0000 (45/45)
----------------------------------------
输入:       BJT SGJ>> LML<S L> TWCV >JDK QDMJHWN
目标:     0 0 66 0 0 0 0 0 11 0 0 1 6 0 0 7 0 0 0 0 63 0 0 3 8 0 0 5 0 0 0 0 2 1 0 0 0
预测:     0 0 66 0 0 0 0 0 11 0 0 1 6 0 0 7 0 0 0 0 63 0 0 3 8 0 0 5 0 0 0 0 2 1 0 0 0
准确率:    1.0000 (37/37)
----------------------------------------
输入:       D<LT> WLKL M>NWHJ WQDCJHJ LMDBX> WNHW> MDBX>
目标:     0 1 0 70 9 0 0 1 1 0 2 0 0 0 25 1 0 0 0 1 0 0 133 0 0 0 0 1 0 0 0 4 0 0 1 6 0 10 3 0 0 0 0 4 0
预测:     0 1 0 70 9 0 0 1 1 0 2 0 0 0 25 1 0 0 0 1 0 0 133 0 0 0 0 1 0 0 0 4 0 0 1 6 0 10 3 0 0 0 0 4 0
准确率:    1.0000 (45/45)
----------------------------------------

生成的验证样本:
--------------------------------------------------------------------------------
输入:       YBJNH D>LH> LMSV> MN KL DBJC WKLJ
目标:     0 0 0 0 5 0 0 1 0 0 4 0 0 1 6 0 10 7 0 0 0 0 0 2 0 1 0 0 2 0 36 0 0 3
预测:     0 0 0 0 5 0 0 1 0 0 4 0 0 1 6 0 10 7 0 0 0 0 0 2 0 1 0 0 2 0 36 0 0 3
准确率:    1.0000 (34/34)
----------------------------------------
输入:       D>LH> LMSV> MN KL DBJC WKLJ XJLK
目标:     0 1 0 0 4 0 0 1 6 0 10 7 0 0 0 0 0 2 0 1 0 0 2 0 36 0 0 3 0 0 0 5 0
预测:     0 1 0 0 4 0 0 1 6 0 10 7 0 0 0 0 0 2 0 1 0 0 2 0 36 0 0 3 0 0 0 5 0
准确率:    1.0000 (33/33)
----------------------------------------
⏳ 验证无提升 (验证准确率: 0.9696 ≤ 0.9697)，patience: 20/50

======================================================================
🚀 Epoch 164/200
======================================================================
📚 开始训练阶段...
训练进度: 500/6065 损失=0.0003
训练进度: 1000/6065 损失=0.0002
训练进度: 1500/6065 损失=0.0001
训练进度: 2000/6065 损失=0.0001
训练进度: 2500/6065 损失=0.0023
训练进度: 3000/6065 损失=0.0001
训练进度: 3500/6065 损失=0.0001
训练进度: 4000/6065 损失=0.0004
训练进度: 4500/6065 损失=0.0000
训练进度: 5000/6065 损失=0.0018
训练进度: 5500/6065 损失=0.0063
训练进度: 6000/6065 损失=0.0003
训练进度: 6065/6065 损失=0.0000
✅ 训练完成，耗时: 106.5秒 (1.8分钟)

============================================================
📊 验证决策: Epoch 164/200
   验证间隔: 1
   是否验证: ✅ 是
   原因: 达到验证间隔 (0 == 0)
============================================================

🔍 开始验证...
验证进度: 500/686 损失=0.1862
验证进度: 686/686 损失=0.8166

📊 预测分布分析:
  - 预测的前5个类别: {np.int64(0): 283093, np.int64(1): 37127, np.int64(2): 14704, np.int64(3): 10852, np.int64(4): 8928}
  - 标签的前5个类别: {np.int64(0): 281232, np.int64(1): 36731, np.int64(2): 14789, np.int64(3): 10866, np.int64(4): 8585}
✅ 验证完成，耗时: 4.8秒 (0.1分钟)
训练损失: 0.0024
验证损失: 0.6074
验证准确率: 0.9695 (10629/10964) - 与Levenshtein高度相关
验证F1(加权): 0.9687 - 类别平衡更好
学习率: 0.000009
显存使用: 0.48GB (预留: 0.69GB)

生成的训练样本:
--------------------------------------------------------------------------------
输入:       MLK> D>JSRJL W>XZJ> MLK> DJHWD> GBR BMRKBTH
目标:     0 0 0 4 0 0 1 0 0 0 0 0 2 0 1 0 0 0 0 2 0 0 0 4 0 0 1 0 0 0 0 2 0 0 0 2 0 1 0 0 0 13 1 0
预测:     0 0 0 4 0 0 1 0 0 0 0 0 2 0 1 0 0 0 0 2 0 0 0 4 0 0 1 0 0 0 0 2 0 0 0 2 0 1 0 0 0 13 1 0
准确率:    1.0000 (44/44)
----------------------------------------
输入:       BLXWD KWRSJ> >RB MNK W>MR PR<WN LJWSP
目标:     0 1 0 0 0 2 0 0 0 0 0 4 0 0 6 0 170 0 0 1 0 0 1 0 0 3 0 0 0 0 0 2 0 1 0 0 0 2
预测:     0 1 0 0 0 2 0 0 0 0 0 4 0 0 6 0 170 0 0 1 0 0 1 0 0 3 0 0 0 0 0 2 0 1 0 0 0 2
准确率:    1.0000 (38/38)
----------------------------------------
输入:       B>TR> DYB> BXD> MN QWRJK >TR DCPJR
目标:     0 1 0 0 4 0 0 1 0 10 7 0 1 0 2 0 0 0 0 0 0 0 100 1 0 0 0 0 2 0 1 0 0 0 2
预测:     0 1 0 0 4 0 0 1 0 10 7 0 1 0 2 0 0 0 0 0 0 0 100 1 0 0 0 0 2 0 1 0 0 0 2
准确率:    1.0000 (35/35)
----------------------------------------

生成的验证样本:
--------------------------------------------------------------------------------
输入:       YBJNH D>LH> LMSV> MN KL DBJC WKLJ
目标:     0 0 0 0 5 0 0 1 0 0 4 0 0 1 6 0 10 7 0 0 0 0 0 2 0 1 0 0 2 0 36 0 0 3
预测:     0 0 0 0 5 0 0 1 0 0 4 0 0 1 6 0 10 7 0 0 0 0 0 2 0 1 0 0 2 0 36 0 0 3
准确率:    1.0000 (34/34)
----------------------------------------
输入:       D>LH> LMSV> MN KL DBJC WKLJ XJLK
目标:     0 1 0 0 4 0 0 1 6 0 10 7 0 0 0 0 0 2 0 1 0 0 2 0 36 0 0 3 0 0 0 5 0
预测:     0 1 0 0 4 0 0 1 6 0 10 7 0 0 0 0 0 2 0 1 0 0 2 0 36 0 0 3 0 0 0 5 0
准确率:    1.0000 (33/33)
----------------------------------------
⏳ 验证无提升 (验证准确率: 0.9695 ≤ 0.9697)，patience: 21/50

======================================================================
🚀 Epoch 165/200
======================================================================
📚 开始训练阶段...
训练进度: 500/6065 损失=0.0000
训练进度: 1000/6065 损失=0.0005
训练进度: 1500/6065 损失=0.0001
训练进度: 2000/6065 损失=0.0001
训练进度: 2500/6065 损失=0.0001
训练进度: 3000/6065 损失=0.0005
训练进度: 3500/6065 损失=0.0010
训练进度: 4000/6065 损失=0.0013
训练进度: 4500/6065 损失=0.0022
训练进度: 5000/6065 损失=0.0015
训练进度: 5500/6065 损失=0.0001
训练进度: 6000/6065 损失=0.0000
训练进度: 6065/6065 损失=0.0001
✅ 训练完成，耗时: 106.6秒 (1.8分钟)

============================================================
📊 验证决策: Epoch 165/200
   验证间隔: 1
   是否验证: ✅ 是
   原因: 达到验证间隔 (0 == 0)
============================================================

🔍 开始验证...
验证进度: 500/686 损失=0.1483
验证进度: 686/686 损失=0.7956

📊 预测分布分析:
  - 预测的前5个类别: {np.int64(0): 283185, np.int64(1): 37081, np.int64(2): 14728, np.int64(3): 10836, np.int64(4): 8948}
  - 标签的前5个类别: {np.int64(0): 281232, np.int64(1): 36731, np.int64(2): 14789, np.int64(3): 10866, np.int64(4): 8585}
✅ 验证完成，耗时: 4.8秒 (0.1分钟)
训练损失: 0.0022
验证损失: 0.6099
验证准确率: 0.9695 (10629/10964) - 与Levenshtein高度相关
验证F1(加权): 0.9686 - 类别平衡更好
学习率: 0.000008
显存使用: 0.48GB (预留: 0.69GB)

生成的训练样本:
--------------------------------------------------------------------------------
输入:       L>XWHJ >N> M>T >N> W>LH> MTDKRW MTDKR
目标:     0 1 0 25 1 0 0 0 0 0 0 0 20 0 7 0 0 0 0 0 1 0 0 4 0 0 21 14 0 0 7 0 0 21 14 0 0 7
预测:     0 1 0 25 1 0 0 0 0 0 0 0 20 0 7 0 0 0 0 0 1 0 0 4 0 0 21 14 0 0 7 0 0 21 14 0 0 7
准确率:    1.0000 (38/38)
----------------------------------------
输入:       BKWN JWMN> CMJ> W>R<> XJ> WMWT> JHBT
目标:     0 1 0 0 0 0 0 0 0 4 0 0 0 24 9 0 0 1 0 0 4 0 0 0 11 0 0 1 0 0 15 0 0 0 0 3 0
预测:     0 1 0 0 0 0 0 0 0 4 0 0 0 24 9 0 0 1 0 0 4 0 0 0 11 0 0 1 0 0 15 0 0 0 0 3 0
准确率:    1.0000 (37/37)
----------------------------------------
输入:       HWJTWN XLJMJN MVL HN> XD BJD XD
目标:     0 0 0 3 0 0 0 0 0 8 0 7 0 27 0 0 0 0 0 0 0 0 0 0 2 0 1 0 2 0 0 2
预测:     0 0 0 3 0 0 0 0 0 8 0 7 0 27 0 0 0 0 0 0 0 0 0 0 2 0 1 0 2 0 0 2
准确率:    1.0000 (32/32)
----------------------------------------

生成的验证样本:
--------------------------------------------------------------------------------
输入:       YBJNH D>LH> LMSV> MN KL DBJC WKLJ
目标:     0 0 0 0 5 0 0 1 0 0 4 0 0 1 6 0 10 7 0 0 0 0 0 2 0 1 0 0 2 0 36 0 0 3
预测:     0 0 0 0 5 0 0 1 0 0 4 0 0 1 6 0 10 7 0 0 0 0 0 2 0 1 0 0 2 0 36 0 0 3
准确率:    1.0000 (34/34)
----------------------------------------
输入:       D>LH> LMSV> MN KL DBJC WKLJ XJLK
目标:     0 1 0 0 4 0 0 1 6 0 10 7 0 0 0 0 0 2 0 1 0 0 2 0 36 0 0 3 0 0 0 5 0
预测:     0 1 0 0 4 0 0 1 6 0 10 7 0 0 0 0 0 2 0 1 0 0 2 0 36 0 0 3 0 0 0 5 0
准确率:    1.0000 (33/33)
----------------------------------------
⏳ 验证无提升 (验证准确率: 0.9695 ≤ 0.9697)，patience: 22/50

======================================================================
🚀 Epoch 166/200
======================================================================
📚 开始训练阶段...
训练进度: 500/6065 损失=0.0044
训练进度: 1000/6065 损失=0.0001
训练进度: 1500/6065 损失=0.0002
训练进度: 2000/6065 损失=0.0010
训练进度: 2500/6065 损失=0.0003
训练进度: 3000/6065 损失=0.0006
训练进度: 3500/6065 损失=0.0000
训练进度: 4000/6065 损失=0.0003
训练进度: 4500/6065 损失=0.0009
训练进度: 5000/6065 损失=0.0000
训练进度: 5500/6065 损失=0.0003
训练进度: 6000/6065 损失=0.0011
训练进度: 6065/6065 损失=0.0001
✅ 训练完成，耗时: 106.5秒 (1.8分钟)

============================================================
📊 验证决策: Epoch 166/200
   验证间隔: 1
   是否验证: ✅ 是
   原因: 达到验证间隔 (0 == 0)
============================================================

🔍 开始验证...
验证进度: 500/686 损失=0.1592
验证进度: 686/686 损失=0.7852

📊 预测分布分析:
  - 预测的前5个类别: {np.int64(0): 283164, np.int64(1): 37103, np.int64(2): 14727, np.int64(3): 10848, np.int64(4): 8940}
  - 标签的前5个类别: {np.int64(0): 281232, np.int64(1): 36731, np.int64(2): 14789, np.int64(3): 10866, np.int64(4): 8585}
✅ 验证完成，耗时: 4.8秒 (0.1分钟)
训练损失: 0.0023
验证损失: 0.6115
验证准确率: 0.9696 (10630/10964) - 与Levenshtein高度相关
验证F1(加权): 0.9687 - 类别平衡更好
学习率: 0.000008
显存使用: 0.48GB (预留: 0.69GB)

生成的训练样本:
--------------------------------------------------------------------------------
输入:       >JDJHWN <L RCH DDKR> WKWSJHJ LDKR> WSB
目标:     8 0 0 2 1 0 0 0 0 0 0 0 38 5 0 0 1 0 0 15 0 0 93 8 0 125 1 0 0 0 1 0 0 15 0 0 93 0 3
预测:     8 0 0 2 1 0 0 0 0 0 0 0 38 5 0 0 1 0 0 15 0 0 93 8 0 125 1 0 0 0 1 0 0 15 0 0 93 0 3
准确率:    1.0000 (39/39)
----------------------------------------
输入:       MXWT> L> ZK> HKN> KL DMDGL WJM>
目标:     0 0 0 13 9 0 0 0 0 0 0 10 7 0 0 0 0 0 0 0 2 0 1 6 0 0 41 0 1 0 10 7
预测:     0 0 0 13 9 0 0 0 0 0 0 10 7 0 0 0 0 0 0 0 2 0 1 6 0 0 41 0 1 0 10 7
准确率:    1.0000 (32/32)
----------------------------------------
输入:       NMWSJWT> DJLJ L> KSJT >MRT >WD> <L
目标:     0 0 0 0 0 0 2 9 0 0 0 0 1 0 0 0 0 0 0 0 3 19 0 0 0 3 0 0 63 0 10 3 0 0 0
预测:     0 0 0 0 0 0 2 9 0 0 0 0 1 0 0 0 0 0 0 0 3 19 0 0 0 3 0 0 63 0 10 3 0 0 0
准确率:    1.0000 (35/35)
----------------------------------------

生成的验证样本:
--------------------------------------------------------------------------------
输入:       YBJNH D>LH> LMSV> MN KL DBJC WKLJ
目标:     0 0 0 0 5 0 0 1 0 0 4 0 0 1 6 0 10 7 0 0 0 0 0 2 0 1 0 0 2 0 36 0 0 3
预测:     0 0 0 0 5 0 0 1 0 0 4 0 0 1 6 0 10 7 0 0 0 0 0 2 0 1 0 0 2 0 36 0 0 3
准确率:    1.0000 (34/34)
----------------------------------------
输入:       D>LH> LMSV> MN KL DBJC WKLJ XJLK
目标:     0 1 0 0 4 0 0 1 6 0 10 7 0 0 0 0 0 2 0 1 0 0 2 0 36 0 0 3 0 0 0 5 0
预测:     0 1 0 0 4 0 0 1 6 0 10 7 0 0 0 0 0 2 0 1 0 0 2 0 36 0 0 3 0 0 0 5 0
准确率:    1.0000 (33/33)
----------------------------------------
⏳ 验证无提升 (验证准确率: 0.9696 ≤ 0.9697)，patience: 23/50

======================================================================
🚀 Epoch 167/200
======================================================================
📚 开始训练阶段...
训练进度: 500/6065 损失=0.0018
训练进度: 1000/6065 损失=0.0005
训练进度: 1500/6065 损失=0.0067
训练进度: 2000/6065 损失=0.0004
训练进度: 2500/6065 损失=0.0043
训练进度: 3000/6065 损失=0.0001
训练进度: 3500/6065 损失=0.0000
训练进度: 4000/6065 损失=0.0031
训练进度: 4500/6065 损失=0.0019
训练进度: 5000/6065 损失=0.0001
训练进度: 5500/6065 损失=0.0062
训练进度: 6000/6065 损失=0.0001
训练进度: 6065/6065 损失=0.0067
✅ 训练完成，耗时: 106.6秒 (1.8分钟)

============================================================
📊 验证决策: Epoch 167/200
   验证间隔: 1
   是否验证: ✅ 是
   原因: 达到验证间隔 (0 == 0)
============================================================

🔍 开始验证...
验证进度: 500/686 损失=0.1457
验证进度: 686/686 损失=0.7616

📊 预测分布分析:
  - 预测的前5个类别: {np.int64(0): 283118, np.int64(1): 37084, np.int64(2): 14688, np.int64(3): 10883, np.int64(4): 8877}
  - 标签的前5个类别: {np.int64(0): 281232, np.int64(1): 36731, np.int64(2): 14789, np.int64(3): 10866, np.int64(4): 8585}
✅ 验证完成，耗时: 4.8秒 (0.1分钟)
训练损失: 0.0023
验证损失: 0.6093
验证准确率: 0.9696 (10631/10964) - 与Levenshtein高度相关
验证F1(加权): 0.9688 - 类别平衡更好
学习率: 0.000008
显存使用: 0.47GB (预留: 0.69GB)

生成的训练样本:
--------------------------------------------------------------------------------
输入:       WL>MH W>ZL LPDN D>RM WXZ> <SW DBJCN
目标:     0 1 1 0 5 0 0 1 0 0 3 0 1 0 0 22 0 1 0 0 2 0 1 0 10 3 0 0 0 2 0 1 0 0 2 0
预测:     0 1 1 0 5 0 0 1 0 0 3 0 1 0 0 22 0 1 0 0 2 0 1 0 10 3 0 0 0 2 0 1 0 0 2 0
准确率:    1.0000 (36/36)
----------------------------------------
输入:       LMCBQ WCRK> DPTGMWHJ DJWJQJM WKL MDM D<BD
目标:     0 1 6 0 0 7 0 1 0 0 4 0 0 1 0 0 0 25 1 0 0 0 1 0 0 0 0 0 2 0 1 0 2 0 0 0 2 0 1 0 0 3
预测:     0 1 6 0 0 7 0 1 0 0 4 0 0 1 0 0 0 25 1 0 0 0 1 0 0 0 0 0 2 0 1 0 2 0 0 0 2 0 1 0 0 3
准确率:    1.0000 (42/42)
----------------------------------------
输入:       HN> SQ LRJC RMT> W>RJM <JNJK LMDNX>
目标:     0 0 0 0 6 64 3 0 1 0 0 2 0 0 164 9 0 0 1 17 20 0 3 0 0 0 2 1 0 0 1 0 0 0 4 0
预测:     0 0 0 0 6 64 3 0 1 0 0 2 0 0 164 9 0 0 1 17 20 0 3 0 0 0 2 1 0 0 1 0 0 0 4 0
准确率:    1.0000 (36/36)
----------------------------------------

生成的验证样本:
--------------------------------------------------------------------------------
输入:       YBJNH D>LH> LMSV> MN KL DBJC WKLJ
目标:     0 0 0 0 5 0 0 1 0 0 4 0 0 1 6 0 10 7 0 0 0 0 0 2 0 1 0 0 2 0 36 0 0 3
预测:     0 0 0 0 5 0 0 1 0 0 4 0 0 1 6 0 10 7 0 0 0 0 0 2 0 1 0 0 2 0 36 0 0 3
准确率:    1.0000 (34/34)
----------------------------------------
输入:       D>LH> LMSV> MN KL DBJC WKLJ XJLK
目标:     0 1 0 0 4 0 0 1 6 0 10 7 0 0 0 0 0 2 0 1 0 0 2 0 36 0 0 3 0 0 0 5 0
预测:     0 1 0 0 4 0 0 1 6 0 10 7 0 0 0 0 0 2 0 1 0 0 2 0 36 0 0 3 0 0 0 5 0
准确率:    1.0000 (33/33)
----------------------------------------
⏳ 验证无提升 (验证准确率: 0.9696 ≤ 0.9697)，patience: 24/50

======================================================================
🚀 Epoch 168/200
======================================================================
📚 开始训练阶段...
训练进度: 500/6065 损失=0.0002
训练进度: 1000/6065 损失=0.0060
训练进度: 1500/6065 损失=0.0003
训练进度: 2000/6065 损失=0.0001
训练进度: 2500/6065 损失=0.0032
训练进度: 3000/6065 损失=0.0003
训练进度: 3500/6065 损失=0.0003
训练进度: 4000/6065 损失=0.0186
训练进度: 4500/6065 损失=0.0206
训练进度: 5000/6065 损失=0.0002
训练进度: 5500/6065 损失=0.0001
训练进度: 6000/6065 损失=0.0000
训练进度: 6065/6065 损失=0.0001
✅ 训练完成，耗时: 106.5秒 (1.8分钟)

============================================================
📊 验证决策: Epoch 168/200
   验证间隔: 1
   是否验证: ✅ 是
   原因: 达到验证间隔 (0 == 0)
============================================================

🔍 开始验证...
验证进度: 500/686 损失=0.1150
验证进度: 686/686 损失=0.8651

📊 预测分布分析:
  - 预测的前5个类别: {np.int64(0): 283141, np.int64(1): 37087, np.int64(2): 14707, np.int64(3): 10860, np.int64(4): 8869}
  - 标签的前5个类别: {np.int64(0): 281232, np.int64(1): 36731, np.int64(2): 14789, np.int64(3): 10866, np.int64(4): 8585}
✅ 验证完成，耗时: 4.8秒 (0.1分钟)
训练损失: 0.0021
验证损失: 0.6155
验证准确率: 0.9695 (10629/10964) - 与Levenshtein高度相关
验证F1(加权): 0.9687 - 类别平衡更好
学习率: 0.000007
显存使用: 0.48GB (预留: 0.69GB)

生成的训练样本:
--------------------------------------------------------------------------------
输入:       KL QVWL> Q>JN XD BCB<> NTPR< WSM
目标:     0 0 2 0 0 0 0 4 0 0 0 0 0 2 0 0 2 0 1 0 0 2 0 0 21 14 0 0 3 0 1 31 3
预测:     0 0 2 0 0 0 0 4 0 0 0 0 0 2 0 0 2 0 1 0 0 2 0 0 21 14 0 0 3 0 1 31 3
准确率:    1.0000 (33/33)
----------------------------------------
输入:       QDM MRJ> >LHKWN WNPRQ MNJ MWT> HN>
目标:     0 0 0 2 0 0 0 0 2 0 0 0 5 0 0 0 0 1 6 0 0 3 0 0 1 0 0 0 0 15 0 0 0 0 0
预测:     0 0 0 2 0 0 0 0 2 0 0 0 5 0 0 0 0 1 6 0 0 3 0 0 1 0 0 0 0 15 0 0 0 0 0
准确率:    1.0000 (35/35)
----------------------------------------
输入:       >NWN XMC> TWRJN NTL XLP TWR> W>RB<
目标:     0 0 0 0 0 0 0 0 2 0 0 0 0 2 0 0 0 34 0 3 0 0 0 2 0 0 0 4 0 0 1 0 0 0 2
预测:     0 0 0 0 0 0 0 0 2 0 0 0 0 2 0 0 0 34 0 3 0 0 0 2 0 0 0 4 0 0 1 0 0 0 2
准确率:    1.0000 (35/35)
----------------------------------------

生成的验证样本:
--------------------------------------------------------------------------------
输入:       YBJNH D>LH> LMSV> MN KL DBJC WKLJ
目标:     0 0 0 0 5 0 0 1 0 0 4 0 0 1 6 0 10 7 0 0 0 0 0 2 0 1 0 0 2 0 36 0 0 3
预测:     0 0 0 0 5 0 0 1 0 0 4 0 0 1 6 0 10 7 0 0 0 0 0 2 0 1 0 0 2 0 36 0 0 3
准确率:    1.0000 (34/34)
----------------------------------------
输入:       D>LH> LMSV> MN KL DBJC WKLJ XJLK
目标:     0 1 0 0 4 0 0 1 6 0 10 7 0 0 0 0 0 2 0 1 0 0 2 0 36 0 0 3 0 0 0 5 0
预测:     0 1 0 0 4 0 0 1 6 0 10 7 0 0 0 0 0 2 0 1 0 0 2 0 36 0 0 3 0 0 0 5 0
准确率:    1.0000 (33/33)
----------------------------------------
⏳ 验证无提升 (验证准确率: 0.9695 ≤ 0.9697)，patience: 25/50

======================================================================
🚀 Epoch 169/200
======================================================================
📚 开始训练阶段...
训练进度: 500/6065 损失=0.0033
训练进度: 1000/6065 损失=0.0025
训练进度: 1500/6065 损失=0.0045
训练进度: 2000/6065 损失=0.0001
训练进度: 2500/6065 损失=0.0146
训练进度: 3000/6065 损失=0.0004
训练进度: 3500/6065 损失=0.0205
训练进度: 4000/6065 损失=0.0003
训练进度: 4500/6065 损失=0.0002
训练进度: 5000/6065 损失=0.0027
训练进度: 5500/6065 损失=0.0009
训练进度: 6000/6065 损失=0.0013
训练进度: 6065/6065 损失=0.0013
✅ 训练完成，耗时: 106.8秒 (1.8分钟)

============================================================
📊 验证决策: Epoch 169/200
   验证间隔: 1
   是否验证: ✅ 是
   原因: 达到验证间隔 (0 == 0)
============================================================

🔍 开始验证...
验证进度: 500/686 损失=0.1254
验证进度: 686/686 损失=0.8075

📊 预测分布分析:
  - 预测的前5个类别: {np.int64(0): 283113, np.int64(1): 37110, np.int64(2): 14722, np.int64(3): 10826, np.int64(4): 8974}
  - 标签的前5个类别: {np.int64(0): 281232, np.int64(1): 36731, np.int64(2): 14789, np.int64(3): 10866, np.int64(4): 8585}
✅ 验证完成，耗时: 4.8秒 (0.1分钟)
训练损失: 0.0021
验证损失: 0.6144
验证准确率: 0.9696 (10630/10964) - 与Levenshtein高度相关
验证F1(加权): 0.9688 - 类别平衡更好
学习率: 0.000007
显存使用: 0.47GB (预留: 0.69GB)

生成的训练样本:
--------------------------------------------------------------------------------
输入:       P>RJ >JLN> DBMY<TH DPRDJS> >MR >LH> DL>
目标:     0 0 0 2 0 0 0 0 0 4 0 0 1 1 0 0 13 1 0 0 1 0 0 0 0 4 0 0 0 0 3 0 0 0 4 0 0 1 0 0
预测:     0 0 0 2 0 0 0 0 0 4 0 0 1 1 0 0 13 1 0 0 1 0 0 0 0 4 0 0 0 0 3 0 0 0 4 0 0 1 0 0
准确率:    1.0000 (40/40)
----------------------------------------
输入:       NSJRT> D>RZ> WBN> XDRT> <L KLH BJT>
目标:     0 0 8 0 49 23 27 0 1 0 0 4 0 0 1 0 10 3 0 0 0 13 23 0 0 0 0 0 0 5 0 0 0 0 4 0
预测:     0 0 8 0 49 23 27 0 1 0 0 4 0 0 1 0 10 3 0 0 0 13 23 0 0 0 0 0 0 5 0 0 0 0 4 0
准确率:    1.0000 (36/36)
----------------------------------------
输入:       GB< <SR> >LPJN GBRJN GBJ> MN KLH
目标:     0 0 0 2 0 0 0 2 0 0 0 0 2 0 0 0 0 0 2 0 0 0 0 42 9 27 0 0 0 0 0 5 0
预测:     0 0 0 2 0 0 0 2 0 0 0 0 2 0 0 0 0 0 2 0 0 0 0 42 9 27 0 0 0 0 0 5 0
准确率:    1.0000 (33/33)
----------------------------------------

生成的验证样本:
--------------------------------------------------------------------------------
输入:       YBJNH D>LH> LMSV> MN KL DBJC WKLJ
目标:     0 0 0 0 5 0 0 1 0 0 4 0 0 1 6 0 10 7 0 0 0 0 0 2 0 1 0 0 2 0 36 0 0 3
预测:     0 0 0 0 5 0 0 1 0 0 4 0 0 1 6 0 10 7 0 0 0 0 0 2 0 1 0 0 2 0 36 0 0 3
准确率:    1.0000 (34/34)
----------------------------------------
输入:       D>LH> LMSV> MN KL DBJC WKLJ XJLK
目标:     0 1 0 0 4 0 0 1 6 0 10 7 0 0 0 0 0 2 0 1 0 0 2 0 36 0 0 3 0 0 0 5 0
预测:     0 1 0 0 4 0 0 1 6 0 10 7 0 0 0 0 0 2 0 1 0 0 2 0 36 0 0 3 0 0 0 5 0
准确率:    1.0000 (33/33)
----------------------------------------
⏳ 验证无提升 (验证准确率: 0.9696 ≤ 0.9697)，patience: 26/50

======================================================================
🚀 Epoch 170/200
======================================================================
📚 开始训练阶段...
训练进度: 500/6065 损失=0.0037
训练进度: 1000/6065 损失=0.0023
训练进度: 1500/6065 损失=0.0012
训练进度: 2000/6065 损失=0.0004
训练进度: 2500/6065 损失=0.0055
训练进度: 3000/6065 损失=0.0002
训练进度: 3500/6065 损失=0.0005
训练进度: 4000/6065 损失=0.0018
训练进度: 4500/6065 损失=0.0001
训练进度: 5000/6065 损失=0.0005
训练进度: 5500/6065 损失=0.0004
训练进度: 6000/6065 损失=0.0032
训练进度: 6065/6065 损失=0.0001
✅ 训练完成，耗时: 106.8秒 (1.8分钟)

============================================================
📊 验证决策: Epoch 170/200
   验证间隔: 1
   是否验证: ✅ 是
   原因: 达到验证间隔 (0 == 0)
============================================================

🔍 开始验证...
验证进度: 500/686 损失=0.1399
验证进度: 686/686 损失=0.7952

📊 预测分布分析:
  - 预测的前5个类别: {np.int64(0): 283143, np.int64(1): 37082, np.int64(2): 14714, np.int64(3): 10806, np.int64(4): 8957}
  - 标签的前5个类别: {np.int64(0): 281232, np.int64(1): 36731, np.int64(2): 14789, np.int64(3): 10866, np.int64(4): 8585}
✅ 验证完成，耗时: 4.8秒 (0.1分钟)
训练损失: 0.0021
验证损失: 0.6216
验证准确率: 0.9695 (10629/10964) - 与Levenshtein高度相关
验证F1(加权): 0.9686 - 类别平衡更好
学习率: 0.000006
显存使用: 0.48GB (预留: 0.69GB)

生成的训练样本:
--------------------------------------------------------------------------------
输入:       CM> LMCT<JW <L TCBXTHWN W>JT MNHWN DLJT
目标:     0 0 4 0 0 1 45 39 0 0 7 19 0 0 0 0 0 0 0 13 32 0 0 0 0 1 0 0 24 0 0 1 0 0 0 0 1 58 0 24
预测:     0 0 4 0 0 1 45 39 0 0 7 19 0 0 0 0 0 0 0 13 32 0 0 0 0 1 0 0 24 0 0 1 0 0 0 0 1 58 0 24
准确率:    1.0000 (40/40)
----------------------------------------
输入:       KLKWN RJC> DCBVJKWN WSPRJKWN W>MR LKWN HLJN
目标:     0 0 5 0 0 0 0 0 0 11 0 0 1 0 0 2 1 0 0 0 0 1 0 0 22 1 0 0 0 0 1 101 0 3 0 1 0 0 0 0 0 0 0 0
预测:     0 0 5 0 0 0 0 0 0 11 0 0 1 0 0 2 1 0 0 0 0 1 0 0 22 1 0 0 0 0 1 101 0 3 0 1 0 0 0 0 0 0 0 0
准确率:    1.0000 (44/44)
----------------------------------------
输入:       DBJT MLK> WNSB KLHJN SKR> DDHB> D<BD
目标:     0 1 0 0 2 0 0 0 4 0 0 1 0 0 3 0 0 5 0 0 0 0 0 0 11 0 0 1 0 0 4 0 0 1 0 0 3
预测:     0 1 0 0 2 0 0 0 4 0 0 1 0 0 3 0 0 5 0 0 0 0 0 0 11 0 0 1 0 0 4 0 0 1 0 0 3
准确率:    1.0000 (37/37)
----------------------------------------

生成的验证样本:
--------------------------------------------------------------------------------
输入:       YBJNH D>LH> LMSV> MN KL DBJC WKLJ
目标:     0 0 0 0 5 0 0 1 0 0 4 0 0 1 6 0 10 7 0 0 0 0 0 2 0 1 0 0 2 0 36 0 0 3
预测:     0 0 0 0 5 0 0 1 0 0 4 0 0 1 6 0 10 7 0 0 0 0 0 2 0 1 0 0 2 0 36 0 0 3
准确率:    1.0000 (34/34)
----------------------------------------
输入:       D>LH> LMSV> MN KL DBJC WKLJ XJLK
目标:     0 1 0 0 4 0 0 1 6 0 10 7 0 0 0 0 0 2 0 1 0 0 2 0 36 0 0 3 0 0 0 5 0
预测:     0 1 0 0 4 0 0 1 6 0 10 7 0 0 0 0 0 2 0 1 0 0 2 0 36 0 0 3 0 0 0 5 0
准确率:    1.0000 (33/33)
----------------------------------------
⏳ 验证无提升 (验证准确率: 0.9695 ≤ 0.9697)，patience: 27/50

======================================================================
🚀 Epoch 171/200
======================================================================
📚 开始训练阶段...
训练进度: 500/6065 损失=0.0001
训练进度: 1000/6065 损失=0.0000
训练进度: 1500/6065 损失=0.0026
训练进度: 2000/6065 损失=0.0002
训练进度: 2500/6065 损失=0.0018
训练进度: 3000/6065 损失=0.0002
训练进度: 3500/6065 损失=0.0001
训练进度: 4000/6065 损失=0.0020
训练进度: 4500/6065 损失=0.0067
训练进度: 5000/6065 损失=0.0001
训练进度: 5500/6065 损失=0.0005
训练进度: 6000/6065 损失=0.0003
训练进度: 6065/6065 损失=0.0001
✅ 训练完成，耗时: 106.8秒 (1.8分钟)

============================================================
📊 验证决策: Epoch 171/200
   验证间隔: 1
   是否验证: ✅ 是
   原因: 达到验证间隔 (0 == 0)
============================================================

🔍 开始验证...
验证进度: 500/686 损失=0.1583
验证进度: 686/686 损失=0.7617

📊 预测分布分析:
  - 预测的前5个类别: {np.int64(0): 283229, np.int64(1): 37073, np.int64(2): 14702, np.int64(3): 10841, np.int64(4): 8916}
  - 标签的前5个类别: {np.int64(0): 281232, np.int64(1): 36731, np.int64(2): 14789, np.int64(3): 10866, np.int64(4): 8585}
✅ 验证完成，耗时: 4.8秒 (0.1分钟)
训练损失: 0.0020
验证损失: 0.6228
验证准确率: 0.9695 (10629/10964) - 与Levenshtein高度相关
验证F1(加权): 0.9686 - 类别平衡更好
学习率: 0.000006
显存使用: 0.48GB (预留: 0.69GB)

生成的训练样本:
--------------------------------------------------------------------------------
输入:       LGDGD WMN GDGD LJVBT L>R<> DRGLT> DMJ>
目标:     0 1 0 0 0 2 0 1 0 0 0 0 0 0 2 0 1 0 0 0 2 0 1 0 0 4 0 0 1 0 0 13 23 0 0 1 24 9 0
预测:     0 1 0 0 0 2 0 1 0 0 0 0 0 0 2 0 1 0 0 0 2 0 1 0 0 4 0 0 1 0 0 13 23 0 0 1 24 9 0
准确率:    1.0000 (39/39)
----------------------------------------
输入:       TRTJN >MJN >WRKH W>M> PTJH W>M> WPLG
目标:     0 0 2 0 0 0 0 0 13 0 0 0 0 0 0 5 0 0 1 0 0 2 0 0 0 5 0 0 1 0 0 2 0 1 0 0 22
预测:     0 0 2 0 0 0 0 0 13 0 0 0 0 0 0 5 0 0 1 0 0 2 0 0 0 5 0 0 1 0 0 2 0 1 0 0 22
准确率:    1.0000 (37/37)
----------------------------------------
输入:       >XWN HW WJHBW LH CB<JN DKSP> MN
目标:     0 0 8 5 0 0 0 0 0 1 0 0 3 0 0 1 0 0 0 0 2 0 0 0 1 0 0 4 0 0 0 0
预测:     0 0 8 5 0 0 0 0 0 1 0 0 3 0 0 1 0 0 0 0 2 0 0 0 1 0 0 4 0 0 0 0
准确率:    1.0000 (32/32)
----------------------------------------

生成的验证样本:
--------------------------------------------------------------------------------
输入:       YBJNH D>LH> LMSV> MN KL DBJC WKLJ
目标:     0 0 0 0 5 0 0 1 0 0 4 0 0 1 6 0 10 7 0 0 0 0 0 2 0 1 0 0 2 0 36 0 0 3
预测:     0 0 0 0 5 0 0 1 0 0 4 0 0 1 6 0 10 7 0 0 0 0 0 2 0 1 0 0 2 0 36 0 0 3
准确率:    1.0000 (34/34)
----------------------------------------
输入:       D>LH> LMSV> MN KL DBJC WKLJ XJLK
目标:     0 1 0 0 4 0 0 1 6 0 10 7 0 0 0 0 0 2 0 1 0 0 2 0 36 0 0 3 0 0 0 5 0
预测:     0 1 0 0 4 0 0 1 6 0 10 7 0 0 0 0 0 2 0 1 0 0 2 0 36 0 0 3 0 0 0 5 0
准确率:    1.0000 (33/33)
----------------------------------------
⏳ 验证无提升 (验证准确率: 0.9695 ≤ 0.9697)，patience: 28/50

======================================================================
🚀 Epoch 172/200
======================================================================
📚 开始训练阶段...
训练进度: 500/6065 损失=0.0006
训练进度: 1000/6065 损失=0.0004
训练进度: 1500/6065 损失=0.0005
训练进度: 2000/6065 损失=0.0000
训练进度: 2500/6065 损失=0.0008
训练进度: 3000/6065 损失=0.0059
训练进度: 3500/6065 损失=0.0000
训练进度: 4000/6065 损失=0.0000
训练进度: 4500/6065 损失=0.0002
训练进度: 5000/6065 损失=0.0001
训练进度: 5500/6065 损失=0.0123
训练进度: 6000/6065 损失=0.0021
训练进度: 6065/6065 损失=0.0002
✅ 训练完成，耗时: 106.6秒 (1.8分钟)

============================================================
📊 验证决策: Epoch 172/200
   验证间隔: 1
   是否验证: ✅ 是
   原因: 达到验证间隔 (0 == 0)
============================================================

🔍 开始验证...
验证进度: 500/686 损失=0.1401
验证进度: 686/686 损失=0.7826

📊 预测分布分析:
  - 预测的前5个类别: {np.int64(0): 283177, np.int64(1): 37100, np.int64(2): 14698, np.int64(3): 10847, np.int64(4): 8976}
  - 标签的前5个类别: {np.int64(0): 281232, np.int64(1): 36731, np.int64(2): 14789, np.int64(3): 10866, np.int64(4): 8585}
✅ 验证完成，耗时: 4.8秒 (0.1分钟)
训练损失: 0.0020
验证损失: 0.6251
验证准确率: 0.9695 (10629/10964) - 与Levenshtein高度相关
验证F1(加权): 0.9686 - 类别平衡更好
学习率: 0.000006
显存使用: 0.48GB (预留: 0.69GB)

生成的训练样本:
--------------------------------------------------------------------------------
输入:       NRM> LBN> WNWQD >NJN BNWR> WHWJ> LHWN
目标:     0 44 0 10 3 0 0 0 137 0 0 1 63 0 0 3 0 0 0 0 0 0 1 0 0 4 0 0 1 0 0 7 0 0 1 0 0 0
预测:     0 44 0 10 3 0 0 0 137 0 0 1 63 0 0 3 0 0 0 0 0 0 1 0 0 4 0 0 1 0 0 7 0 0 1 0 0 0
准确率:    1.0000 (38/38)
----------------------------------------
输入:       KWLH DNSKT> XD> DDHB> DKJ> W<BD CRGJH
目标:     0 8 0 5 12 0 1 0 0 13 9 0 0 0 2 0 0 1 0 0 4 0 0 0 0 43 27 0 36 0 0 3 0 0 0 2 1 12
预测:     0 8 0 5 12 0 1 0 0 13 9 0 0 0 2 0 0 1 0 0 4 0 0 0 0 43 27 0 36 0 0 3 0 0 0 2 1 12
准确率:    1.0000 (38/38)
----------------------------------------
输入:       BM<JKJ WTRTJN >MWN MN M<JKJ NTPRCN W>WMT>
目标:     0 1 0 13 1 0 0 0 1 0 2 0 0 0 0 31 57 2 0 0 0 0 0 0 13 1 0 0 0 21 14 0 0 29 0 0 1 0 0 13 9 0
预测:     0 1 0 13 1 0 0 0 1 0 2 0 0 0 0 31 57 2 0 0 0 0 0 0 13 1 0 0 0 21 14 0 0 29 0 0 1 0 0 13 9 0
准确率:    1.0000 (42/42)
----------------------------------------

生成的验证样本:
--------------------------------------------------------------------------------
输入:       YBJNH D>LH> LMSV> MN KL DBJC WKLJ
目标:     0 0 0 0 5 0 0 1 0 0 4 0 0 1 6 0 10 7 0 0 0 0 0 2 0 1 0 0 2 0 36 0 0 3
预测:     0 0 0 0 5 0 0 1 0 0 4 0 0 1 6 0 10 7 0 0 0 0 0 2 0 1 0 0 2 0 36 0 0 3
准确率:    1.0000 (34/34)
----------------------------------------
输入:       D>LH> LMSV> MN KL DBJC WKLJ XJLK
目标:     0 1 0 0 4 0 0 1 6 0 10 7 0 0 0 0 0 2 0 1 0 0 2 0 36 0 0 3 0 0 0 5 0
预测:     0 1 0 0 4 0 0 1 6 0 10 7 0 0 0 0 0 2 0 1 0 0 2 0 36 0 0 3 0 0 0 5 0
准确率:    1.0000 (33/33)
----------------------------------------
⏳ 验证无提升 (验证准确率: 0.9695 ≤ 0.9697)，patience: 29/50

======================================================================
🚀 Epoch 173/200
======================================================================
📚 开始训练阶段...
训练进度: 500/6065 损失=0.0162
训练进度: 1000/6065 损失=0.0002
训练进度: 1500/6065 损失=0.0045
训练进度: 2000/6065 损失=0.0000
训练进度: 2500/6065 损失=0.0000
训练进度: 3000/6065 损失=0.0071
训练进度: 3500/6065 损失=0.0013
训练进度: 4000/6065 损失=0.0024
训练进度: 4500/6065 损失=0.0007
训练进度: 5000/6065 损失=0.0001
训练进度: 5500/6065 损失=0.0025
训练进度: 6000/6065 损失=0.0000
训练进度: 6065/6065 损失=0.0000
✅ 训练完成，耗时: 106.1秒 (1.8分钟)

============================================================
📊 验证决策: Epoch 173/200
   验证间隔: 1
   是否验证: ✅ 是
   原因: 达到验证间隔 (0 == 0)
============================================================

🔍 开始验证...
验证进度: 500/686 损失=0.1411
验证进度: 686/686 损失=0.7536

📊 预测分布分析:
  - 预测的前5个类别: {np.int64(0): 283244, np.int64(1): 37091, np.int64(2): 14707, np.int64(3): 10827, np.int64(4): 8848}
  - 标签的前5个类别: {np.int64(0): 281232, np.int64(1): 36731, np.int64(2): 14789, np.int64(3): 10866, np.int64(4): 8585}
✅ 验证完成，耗时: 4.8秒 (0.1分钟)
训练损失: 0.0019
验证损失: 0.6299
验证准确率: 0.9693 (10627/10964) - 与Levenshtein高度相关
验证F1(加权): 0.9685 - 类别平衡更好
学习率: 0.000005
显存使用: 0.48GB (预留: 0.69GB)

生成的训练样本:
--------------------------------------------------------------------------------
输入:       <LJ <BRW >N> DJN >MRT D>TRXQT MN
目标:     0 0 1 0 0 0 0 3 0 0 0 0 0 0 0 0 0 0 0 0 3 0 0 1 0 14 0 0 3 19 0 0 0
预测:     0 0 1 0 0 0 0 3 0 0 0 0 0 0 0 0 0 0 0 0 3 0 0 1 0 14 0 0 3 19 0 0 0
准确率:    1.0000 (33/33)
----------------------------------------
输入:       BR M<K> MLK> DGT WXWJW LCM<J W>MRW
目标:     0 0 2 0 0 0 0 62 0 0 0 4 0 0 1 0 2 0 1 0 0 3 19 0 1 0 0 0 2 0 1 0 0 3 0
预测:     0 0 2 0 0 0 0 62 0 0 0 4 0 0 1 0 2 0 1 0 0 3 19 0 1 0 0 0 2 0 1 0 0 3 0
准确率:    1.0000 (35/35)
----------------------------------------
输入:       QDM <M> WHJMNW <M> WCM<W D>TDKR MRJ>
目标:     0 0 0 2 0 0 15 0 0 1 0 0 0 3 19 0 0 15 0 0 1 0 0 3 0 0 1 0 14 0 0 3 0 0 0 0 2
预测:     0 0 0 2 0 0 15 0 0 1 0 0 0 3 19 0 0 15 0 0 1 0 0 3 0 0 1 0 14 0 0 3 0 0 0 0 2
准确率:    1.0000 (37/37)
----------------------------------------

生成的验证样本:
--------------------------------------------------------------------------------
输入:       YBJNH D>LH> LMSV> MN KL DBJC WKLJ
目标:     0 0 0 0 5 0 0 1 0 0 4 0 0 1 6 0 10 7 0 0 0 0 0 2 0 1 0 0 2 0 36 0 0 3
预测:     0 0 0 0 5 0 0 1 0 0 4 0 0 1 6 0 10 7 0 0 0 0 0 2 0 1 0 0 2 0 36 0 0 3
准确率:    1.0000 (34/34)
----------------------------------------
输入:       D>LH> LMSV> MN KL DBJC WKLJ XJLK
目标:     0 1 0 0 4 0 0 1 6 0 10 7 0 0 0 0 0 2 0 1 0 0 2 0 36 0 0 3 0 0 0 5 0
预测:     0 1 0 0 4 0 0 1 6 0 10 7 0 0 0 0 0 2 0 1 0 0 2 0 36 0 0 3 0 0 0 5 0
准确率:    1.0000 (33/33)
----------------------------------------
⏳ 验证无提升 (验证准确率: 0.9693 ≤ 0.9697)，patience: 30/50

======================================================================
🚀 Epoch 174/200
======================================================================
📚 开始训练阶段...
训练进度: 500/6065 损失=0.0000
训练进度: 1000/6065 损失=0.0003
训练进度: 1500/6065 损失=0.0037
训练进度: 2000/6065 损失=0.0003
训练进度: 2500/6065 损失=0.0002
训练进度: 3000/6065 损失=0.0001
训练进度: 3500/6065 损失=0.0001
训练进度: 4000/6065 损失=0.0001
训练进度: 4500/6065 损失=0.0000
训练进度: 5000/6065 损失=0.0004
训练进度: 5500/6065 损失=0.0000
训练进度: 6000/6065 损失=0.0033
训练进度: 6065/6065 损失=0.0001
✅ 训练完成，耗时: 106.3秒 (1.8分钟)

============================================================
📊 验证决策: Epoch 174/200
   验证间隔: 1
   是否验证: ✅ 是
   原因: 达到验证间隔 (0 == 0)
============================================================

🔍 开始验证...
验证进度: 500/686 损失=0.1334
验证进度: 686/686 损失=0.7387

📊 预测分布分析:
  - 预测的前5个类别: {np.int64(0): 283300, np.int64(1): 37071, np.int64(2): 14733, np.int64(3): 10824, np.int64(4): 8866}
  - 标签的前5个类别: {np.int64(0): 281232, np.int64(1): 36731, np.int64(2): 14789, np.int64(3): 10866, np.int64(4): 8585}
✅ 验证完成，耗时: 4.8秒 (0.1分钟)
训练损失: 0.0020
验证损失: 0.6304
验证准确率: 0.9694 (10629/10964) - 与Levenshtein高度相关
验证F1(加权): 0.9685 - 类别平衡更好
学习率: 0.000005
显存使用: 0.47GB (预留: 0.69GB)

生成的训练样本:
--------------------------------------------------------------------------------
输入:       HW> WMSQ HW> LMLK> D>JSRJL M>> >LPJN
目标:     0 0 10 3 0 1 28 64 7 0 0 10 3 0 1 0 0 4 0 0 1 0 0 0 0 0 2 0 0 0 2 0 0 0 2 0 0
预测:     0 0 10 3 0 1 28 64 7 0 0 10 3 0 1 0 0 4 0 0 1 0 0 0 0 0 2 0 0 0 2 0 0 0 2 0 0
准确率:    1.0000 (37/37)
----------------------------------------
输入:       DV<JN L>LH> MVL DL> L<LM MTV<> MSKN>
目标:     0 1 0 0 7 0 0 1 0 0 4 0 0 0 0 0 0 1 0 0 0 1 0 0 2 0 21 14 0 10 7 0 0 0 0 4 0
预测:     0 1 0 0 7 0 0 1 0 0 4 0 0 0 0 0 0 1 0 0 0 1 0 0 2 0 21 14 0 10 7 0 0 0 0 4 0
准确率:    1.0000 (37/37)
----------------------------------------
输入:       CMH >CJR W>ZL RWBJL BJWMJ XYD> DXV>
目标:     0 0 5 0 0 0 0 0 2 0 1 0 0 3 0 0 0 0 0 2 0 1 0 0 2 0 0 0 0 15 0 0 1 0 61 0
预测:     0 0 5 0 0 0 0 0 2 0 1 0 0 3 0 0 0 0 0 2 0 1 0 0 2 0 0 0 0 15 0 0 1 0 61 0
准确率:    1.0000 (36/36)
----------------------------------------

生成的验证样本:
--------------------------------------------------------------------------------
输入:       YBJNH D>LH> LMSV> MN KL DBJC WKLJ
目标:     0 0 0 0 5 0 0 1 0 0 4 0 0 1 6 0 10 7 0 0 0 0 0 2 0 1 0 0 2 0 36 0 0 3
预测:     0 0 0 0 5 0 0 1 0 0 4 0 0 1 6 0 10 7 0 0 0 0 0 2 0 1 0 0 2 0 36 0 0 3
准确率:    1.0000 (34/34)
----------------------------------------
输入:       D>LH> LMSV> MN KL DBJC WKLJ XJLK
目标:     0 1 0 0 4 0 0 1 6 0 10 7 0 0 0 0 0 2 0 1 0 0 2 0 36 0 0 3 0 0 0 5 0
预测:     0 1 0 0 4 0 0 1 6 0 10 7 0 0 0 0 0 2 0 1 0 0 2 0 36 0 0 3 0 0 0 5 0
准确率:    1.0000 (33/33)
----------------------------------------
⏳ 验证无提升 (验证准确率: 0.9694 ≤ 0.9697)，patience: 31/50

======================================================================
🚀 Epoch 175/200
======================================================================
📚 开始训练阶段...
训练进度: 500/6065 损失=0.0029
训练进度: 1000/6065 损失=0.0000
训练进度: 1500/6065 损失=0.0019
训练进度: 2000/6065 损失=0.0052
训练进度: 2500/6065 损失=0.0002
训练进度: 3000/6065 损失=0.0018
训练进度: 3500/6065 损失=0.0008
训练进度: 4000/6065 损失=0.0001
训练进度: 4500/6065 损失=0.0007
训练进度: 5000/6065 损失=0.0018
训练进度: 5500/6065 损失=0.0037
训练进度: 6000/6065 损失=0.0000
训练进度: 6065/6065 损失=0.0029
✅ 训练完成，耗时: 106.3秒 (1.8分钟)

============================================================
📊 验证决策: Epoch 175/200
   验证间隔: 1
   是否验证: ✅ 是
   原因: 达到验证间隔 (0 == 0)
============================================================

🔍 开始验证...
验证进度: 500/686 损失=0.1296
验证进度: 686/686 损失=0.8075

📊 预测分布分析:
  - 预测的前5个类别: {np.int64(0): 283245, np.int64(1): 37100, np.int64(2): 14695, np.int64(3): 10808, np.int64(4): 8921}
  - 标签的前5个类别: {np.int64(0): 281232, np.int64(1): 36731, np.int64(2): 14789, np.int64(3): 10866, np.int64(4): 8585}
✅ 验证完成，耗时: 4.8秒 (0.1分钟)
训练损失: 0.0019
验证损失: 0.6278
验证准确率: 0.9694 (10628/10964) - 与Levenshtein高度相关
验证F1(加权): 0.9685 - 类别平衡更好
学习率: 0.000005
显存使用: 0.48GB (预留: 0.69GB)

生成的训练样本:
--------------------------------------------------------------------------------
输入:       >MR PR<WN L> JHB >N> LKWN TBN>
目标:     0 0 0 7 0 0 0 0 0 2 0 0 0 0 0 0 7 0 0 0 0 0 1 0 0 0 0 0 0 4 0
预测:     0 0 0 7 0 0 0 0 0 2 0 0 0 0 0 0 7 0 0 0 0 0 1 0 0 0 0 0 0 4 0
准确率:    1.0000 (31/31)
----------------------------------------
输入:       JLD> DPRXT> HD> VM> HW LKWN L>
目标:     0 0 0 15 0 0 1 0 0 13 9 0 0 0 0 0 0 0 0 2 0 0 0 0 1 0 0 0 0 0 0
预测:     0 0 0 15 0 0 1 0 0 13 9 0 0 0 0 0 0 0 0 2 0 0 0 0 1 0 0 0 0 0 0
准确率:    1.0000 (31/31)
----------------------------------------
输入:       L> >TJD< >W MN> HJ NPCJ BJNT
目标:     0 0 0 0 21 14 0 0 3 0 0 0 0 0 0 0 0 0 12 0 0 0 5 0 0 0 0 2 12
预测:     0 0 0 0 21 14 0 0 3 0 0 0 0 0 0 0 0 0 12 0 0 0 5 0 0 0 0 2 12
准确率:    1.0000 (29/29)
----------------------------------------

生成的验证样本:
--------------------------------------------------------------------------------
输入:       YBJNH D>LH> LMSV> MN KL DBJC WKLJ
目标:     0 0 0 0 5 0 0 1 0 0 4 0 0 1 6 0 10 7 0 0 0 0 0 2 0 1 0 0 2 0 36 0 0 3
预测:     0 0 0 0 5 0 0 1 0 0 4 0 0 1 6 0 10 7 0 0 0 0 0 2 0 1 0 0 2 0 36 0 0 3
准确率:    1.0000 (34/34)
----------------------------------------
输入:       D>LH> LMSV> MN KL DBJC WKLJ XJLK
目标:     0 1 0 0 4 0 0 1 6 0 10 7 0 0 0 0 0 2 0 1 0 0 2 0 36 0 0 3 0 0 0 5 0
预测:     0 1 0 0 4 0 0 1 6 0 10 7 0 0 0 0 0 2 0 1 0 0 2 0 36 0 0 3 0 0 0 5 0
准确率:    1.0000 (33/33)
----------------------------------------
⏳ 验证无提升 (验证准确率: 0.9694 ≤ 0.9697)，patience: 32/50

======================================================================
🚀 Epoch 176/200
======================================================================
📚 开始训练阶段...
训练进度: 500/6065 损失=0.0007
训练进度: 1000/6065 损失=0.0000
训练进度: 1500/6065 损失=0.0045
训练进度: 2000/6065 损失=0.0001
训练进度: 2500/6065 损失=0.0018
训练进度: 3000/6065 损失=0.0000
训练进度: 3500/6065 损失=0.0001
训练进度: 4000/6065 损失=0.0094
训练进度: 4500/6065 损失=0.0001
训练进度: 5000/6065 损失=0.0003
训练进度: 5500/6065 损失=0.0029
训练进度: 6000/6065 损失=0.0114
训练进度: 6065/6065 损失=0.0048
✅ 训练完成，耗时: 106.9秒 (1.8分钟)

============================================================
📊 验证决策: Epoch 176/200
   验证间隔: 1
   是否验证: ✅ 是
   原因: 达到验证间隔 (0 == 0)
============================================================

🔍 开始验证...
验证进度: 500/686 损失=0.1620
验证进度: 686/686 损失=0.7800

📊 预测分布分析:
  - 预测的前5个类别: {np.int64(0): 283281, np.int64(1): 37076, np.int64(2): 14699, np.int64(3): 10826, np.int64(4): 8893}
  - 标签的前5个类别: {np.int64(0): 281232, np.int64(1): 36731, np.int64(2): 14789, np.int64(3): 10866, np.int64(4): 8585}
✅ 验证完成，耗时: 4.8秒 (0.1分钟)
训练损失: 0.0019
验证损失: 0.6288
验证准确率: 0.9696 (10630/10964) - 与Levenshtein高度相关
验证F1(加权): 0.9687 - 类别平衡更好
学习率: 0.000005
显存使用: 0.48GB (预留: 0.69GB)

生成的训练样本:
--------------------------------------------------------------------------------
输入:       <MHWN <SRJN WTRJN >LPJN GBRJN <L >R<>
目标:     0 0 1 0 0 0 0 0 0 2 0 0 0 1 0 2 0 12 0 0 0 2 0 0 0 0 0 2 0 0 0 0 0 0 0 0 4 0
预测:     0 0 1 0 0 0 0 0 0 2 0 0 0 1 0 2 0 12 0 0 0 2 0 0 0 0 0 2 0 0 0 0 0 0 0 0 4 0
准确率:    1.0000 (38/38)
----------------------------------------
输入:       MN> >HNJ MN MSXWTH WDY>M MN XVHWHJ
目标:     0 0 0 0 0 17 0 0 3 0 0 0 0 0 0 0 2 1 0 0 1 1 20 0 49 0 0 0 0 0 0 25 1 0 0
预测:     0 0 0 0 0 17 0 0 3 0 0 0 0 0 0 0 2 1 0 0 1 1 20 0 49 0 0 0 0 0 0 25 1 0 0
准确率:    1.0000 (35/35)
----------------------------------------
输入:       W>WBDJH MVL KLH VNPWT> D<BD MNC> BJHWD>
目标:     0 1 68 0 0 48 1 12 0 0 0 0 0 0 5 12 0 0 0 0 2 9 0 0 1 0 0 3 0 0 0 0 2 0 1 0 0 0 0 2
预测:     0 1 68 0 0 48 1 12 0 0 0 0 0 0 5 12 0 0 0 0 2 9 0 0 1 0 0 3 0 0 0 0 2 0 1 0 0 0 0 2
准确率:    1.0000 (40/40)
----------------------------------------

生成的验证样本:
--------------------------------------------------------------------------------
输入:       YBJNH D>LH> LMSV> MN KL DBJC WKLJ
目标:     0 0 0 0 5 0 0 1 0 0 4 0 0 1 6 0 10 7 0 0 0 0 0 2 0 1 0 0 2 0 36 0 0 3
预测:     0 0 0 0 5 0 0 1 0 0 4 0 0 1 6 0 10 7 0 0 0 0 0 2 0 1 0 0 2 0 36 0 0 3
准确率:    1.0000 (34/34)
----------------------------------------
输入:       D>LH> LMSV> MN KL DBJC WKLJ XJLK
目标:     0 1 0 0 4 0 0 1 6 0 10 7 0 0 0 0 0 2 0 1 0 0 2 0 36 0 0 3 0 0 0 5 0
预测:     0 1 0 0 4 0 0 1 6 0 10 7 0 0 0 0 0 2 0 1 0 0 2 0 36 0 0 3 0 0 0 5 0
准确率:    1.0000 (33/33)
----------------------------------------
⏳ 验证无提升 (验证准确率: 0.9696 ≤ 0.9697)，patience: 33/50

======================================================================
🚀 Epoch 177/200
======================================================================
📚 开始训练阶段...
训练进度: 500/6065 损失=0.0001
训练进度: 1000/6065 损失=0.0000
训练进度: 1500/6065 损失=0.0001
训练进度: 2000/6065 损失=0.0026
训练进度: 2500/6065 损失=0.0005
训练进度: 3000/6065 损失=0.0008
训练进度: 3500/6065 损失=0.0010
训练进度: 4000/6065 损失=0.0001
训练进度: 4500/6065 损失=0.0027
训练进度: 5000/6065 损失=0.0001
训练进度: 5500/6065 损失=0.0004
训练进度: 6000/6065 损失=0.0004
训练进度: 6065/6065 损失=0.0010
✅ 训练完成，耗时: 106.5秒 (1.8分钟)

============================================================
📊 验证决策: Epoch 177/200
   验证间隔: 1
   是否验证: ✅ 是
   原因: 达到验证间隔 (0 == 0)
============================================================

🔍 开始验证...
验证进度: 500/686 损失=0.1571
验证进度: 686/686 损失=0.8154

📊 预测分布分析:
  - 预测的前5个类别: {np.int64(0): 283243, np.int64(1): 37074, np.int64(2): 14695, np.int64(3): 10857, np.int64(4): 8935}
  - 标签的前5个类别: {np.int64(0): 281232, np.int64(1): 36731, np.int64(2): 14789, np.int64(3): 10866, np.int64(4): 8585}
✅ 验证完成，耗时: 4.8秒 (0.1分钟)
训练损失: 0.0019
验证损失: 0.6305
验证准确率: 0.9695 (10629/10964) - 与Levenshtein高度相关
验证F1(加权): 0.9686 - 类别平衡更好
学习率: 0.000004
显存使用: 0.48GB (预留: 0.69GB)

生成的训练样本:
--------------------------------------------------------------------------------
输入:       WLBNWHJ WSJM LHWN KLW> WTHW> LHWN KHNWTHWN
目标:     0 1 1 0 25 1 0 0 0 36 20 0 3 0 1 0 0 0 0 0 0 11 0 0 1 6 0 10 3 0 1 0 0 0 0 0 0 0 2 1 0 0 0
预测:     0 1 1 0 25 1 0 0 0 36 20 0 3 0 1 0 0 0 0 0 0 11 0 0 1 6 0 10 3 0 1 0 0 0 0 0 0 0 2 1 0 0 0
准确率:    1.0000 (43/43)
----------------------------------------
输入:       HW> LH W<BD LH KWTJN> DPDJT> WXZW
目标:     0 0 10 3 0 1 0 0 1 0 0 3 0 1 0 0 0 0 0 0 0 2 0 1 0 0 13 23 0 0 1 0 18 0
预测:     0 0 10 3 0 1 0 0 1 0 0 3 0 1 0 0 0 0 0 0 0 2 0 1 0 0 13 23 0 0 1 0 18 0
准确率:    1.0000 (34/34)
----------------------------------------
输入:       <L TRY> WKD XZ> ZMRJ D>TKBCT TRY>
目标:     0 0 0 0 0 0 0 2 0 1 0 0 0 0 10 3 0 0 0 0 2 0 1 0 14 0 0 3 26 0 0 0 0 2
预测:     0 0 0 0 0 0 0 2 0 1 0 0 0 0 10 3 0 0 0 0 2 0 1 0 14 0 0 3 26 0 0 0 0 2
准确率:    1.0000 (34/34)
----------------------------------------

生成的验证样本:
--------------------------------------------------------------------------------
输入:       YBJNH D>LH> LMSV> MN KL DBJC WKLJ
目标:     0 0 0 0 5 0 0 1 0 0 4 0 0 1 6 0 10 7 0 0 0 0 0 2 0 1 0 0 2 0 36 0 0 3
预测:     0 0 0 0 5 0 0 1 0 0 4 0 0 1 6 0 10 7 0 0 0 0 0 2 0 1 0 0 2 0 36 0 0 3
准确率:    1.0000 (34/34)
----------------------------------------
输入:       D>LH> LMSV> MN KL DBJC WKLJ XJLK
目标:     0 1 0 0 4 0 0 1 6 0 10 7 0 0 0 0 0 2 0 1 0 0 2 0 36 0 0 3 0 0 0 5 0
预测:     0 1 0 0 4 0 0 1 6 0 10 7 0 0 0 0 0 2 0 1 0 0 2 0 36 0 0 3 0 0 0 5 0
准确率:    1.0000 (33/33)
----------------------------------------
⏳ 验证无提升 (验证准确率: 0.9695 ≤ 0.9697)，patience: 34/50

======================================================================
🚀 Epoch 178/200
======================================================================
📚 开始训练阶段...
训练进度: 500/6065 损失=0.0019
训练进度: 1000/6065 损失=0.0001
训练进度: 1500/6065 损失=0.0002
训练进度: 2000/6065 损失=0.0005
训练进度: 2500/6065 损失=0.0003
训练进度: 3000/6065 损失=0.0005
训练进度: 3500/6065 损失=0.0004
训练进度: 4000/6065 损失=0.0003
训练进度: 4500/6065 损失=0.0014
训练进度: 5000/6065 损失=0.0000
训练进度: 5500/6065 损失=0.0026
训练进度: 6000/6065 损失=0.0010
训练进度: 6065/6065 损失=0.0000
✅ 训练完成，耗时: 106.6秒 (1.8分钟)

============================================================
📊 验证决策: Epoch 178/200
   验证间隔: 1
   是否验证: ✅ 是
   原因: 达到验证间隔 (0 == 0)
============================================================

🔍 开始验证...
验证进度: 500/686 损失=0.1376
验证进度: 686/686 损失=0.7885

📊 预测分布分析:
  - 预测的前5个类别: {np.int64(0): 283235, np.int64(1): 37079, np.int64(2): 14715, np.int64(3): 10851, np.int64(4): 8927}
  - 标签的前5个类别: {np.int64(0): 281232, np.int64(1): 36731, np.int64(2): 14789, np.int64(3): 10866, np.int64(4): 8585}
✅ 验证完成，耗时: 4.8秒 (0.1分钟)
训练损失: 0.0018
验证损失: 0.6304
验证准确率: 0.9695 (10629/10964) - 与Levenshtein高度相关
验证F1(加权): 0.9686 - 类别平衡更好
学习率: 0.000004
显存使用: 0.48GB (预留: 0.69GB)

生成的训练样本:
--------------------------------------------------------------------------------
输入:       W>MR LJ L> JHB >N> LK KRMJ
目标:     0 1 0 0 3 0 1 0 0 0 0 0 0 0 7 0 0 0 0 0 1 0 0 0 0 5 0
预测:     0 1 0 0 3 0 1 0 0 0 0 0 0 0 7 0 0 0 0 0 1 0 0 0 0 5 0
准确率:    1.0000 (27/27)
----------------------------------------
输入:       MN >BL> L> MHMJN HWW QNV> YWM>
目标:     0 0 0 0 0 0 55 0 0 0 0 0 28 0 42 0 0 0 0 18 0 0 0 0 15 0 0 0 0 4 0
预测:     0 0 0 0 0 0 55 0 0 0 0 0 28 0 42 0 0 0 0 18 0 0 0 0 15 0 0 0 0 4 0
准确率:    1.0000 (31/31)
----------------------------------------
输入:       HW HWJTJN QVLN LH W>N NQBT> HJ
目标:     0 0 0 0 0 0 3 0 0 0 0 0 0 7 0 0 1 0 0 1 0 0 0 0 0 2 9 0 0 0 12
预测:     0 0 0 0 0 0 3 0 0 0 0 0 0 7 0 0 1 0 0 1 0 0 0 0 0 2 9 0 0 0 12
准确率:    1.0000 (31/31)
----------------------------------------

生成的验证样本:
--------------------------------------------------------------------------------
输入:       YBJNH D>LH> LMSV> MN KL DBJC WKLJ
目标:     0 0 0 0 5 0 0 1 0 0 4 0 0 1 6 0 10 7 0 0 0 0 0 2 0 1 0 0 2 0 36 0 0 3
预测:     0 0 0 0 5 0 0 1 0 0 4 0 0 1 6 0 10 7 0 0 0 0 0 2 0 1 0 0 2 0 36 0 0 3
准确率:    1.0000 (34/34)
----------------------------------------
输入:       D>LH> LMSV> MN KL DBJC WKLJ XJLK
目标:     0 1 0 0 4 0 0 1 6 0 10 7 0 0 0 0 0 2 0 1 0 0 2 0 36 0 0 3 0 0 0 5 0
预测:     0 1 0 0 4 0 0 1 6 0 10 7 0 0 0 0 0 2 0 1 0 0 2 0 36 0 0 3 0 0 0 5 0
准确率:    1.0000 (33/33)
----------------------------------------
⏳ 验证无提升 (验证准确率: 0.9695 ≤ 0.9697)，patience: 35/50

======================================================================
🚀 Epoch 179/200
======================================================================
📚 开始训练阶段...
训练进度: 500/6065 损失=0.0001
训练进度: 1000/6065 损失=0.0032
训练进度: 1500/6065 损失=0.0000
训练进度: 2000/6065 损失=0.0000
训练进度: 2500/6065 损失=0.0005
训练进度: 3000/6065 损失=0.0000
训练进度: 3500/6065 损失=0.0003
训练进度: 4000/6065 损失=0.0000
训练进度: 4500/6065 损失=0.0000
训练进度: 5000/6065 损失=0.0003
训练进度: 5500/6065 损失=0.0010
训练进度: 6000/6065 损失=0.0002
训练进度: 6065/6065 损失=0.0007
✅ 训练完成，耗时: 106.2秒 (1.8分钟)

============================================================
📊 验证决策: Epoch 179/200
   验证间隔: 1
   是否验证: ✅ 是
   原因: 达到验证间隔 (0 == 0)
============================================================

🔍 开始验证...
验证进度: 500/686 损失=0.1434
验证进度: 686/686 损失=0.8318

📊 预测分布分析:
  - 预测的前5个类别: {np.int64(0): 283198, np.int64(1): 37071, np.int64(2): 14719, np.int64(3): 10871, np.int64(4): 8949}
  - 标签的前5个类别: {np.int64(0): 281232, np.int64(1): 36731, np.int64(2): 14789, np.int64(3): 10866, np.int64(4): 8585}
✅ 验证完成，耗时: 4.8秒 (0.1分钟)
训练损失: 0.0018
验证损失: 0.6303
验证准确率: 0.9694 (10628/10964) - 与Levenshtein高度相关
验证F1(加权): 0.9685 - 类别平衡更好
学习率: 0.000004
显存使用: 0.48GB (预留: 0.69GB)

生成的训练样本:
--------------------------------------------------------------------------------
输入:       BTR VWPN> BNJ JPT GMR WMGWG WMDJ
目标:     0 0 0 0 0 0 0 0 4 0 0 0 2 0 0 0 0 2 0 0 0 62 0 1 0 0 0 2 0 1 0 0 2
预测:     0 0 0 0 0 0 0 0 4 0 0 0 2 0 0 0 0 2 0 0 0 62 0 1 0 0 0 2 0 1 0 0 2
准确率:    1.0000 (33/33)
----------------------------------------
输入:       BRDJYN GJR >MR WXWJ D>JK DBNBJWT> >TQRJ
目标:     0 0 0 0 0 0 2 0 0 0 0 0 0 0 3 0 1 0 0 16 0 1 0 0 0 0 1 1 0 0 0 2 9 0 0 0 14 0 0 3
预测:     0 0 0 0 0 0 2 0 0 0 0 0 0 0 3 0 1 0 0 16 0 1 0 0 0 0 1 1 0 0 0 2 9 0 0 0 14 0 0 3
准确率:    1.0000 (40/40)
----------------------------------------
输入:       >NCJ QRJT> BYPR> WXZJN D<QJR MDBXH DB<L>
目标:     0 0 0 2 0 0 0 0 22 9 0 0 1 0 0 4 0 0 1 0 42 0 0 0 1 0 8 0 40 0 0 0 0 5 0 0 1 0 0 4 0
预测:     0 0 0 2 0 0 0 0 22 9 0 0 1 0 0 4 0 0 1 0 42 0 0 0 1 0 8 0 40 0 0 0 0 5 0 0 1 0 0 4 0
准确率:    1.0000 (41/41)
----------------------------------------

生成的验证样本:
--------------------------------------------------------------------------------
输入:       YBJNH D>LH> LMSV> MN KL DBJC WKLJ
目标:     0 0 0 0 5 0 0 1 0 0 4 0 0 1 6 0 10 7 0 0 0 0 0 2 0 1 0 0 2 0 36 0 0 3
预测:     0 0 0 0 5 0 0 1 0 0 4 0 0 1 6 0 10 7 0 0 0 0 0 2 0 1 0 0 2 0 36 0 0 3
准确率:    1.0000 (34/34)
----------------------------------------
输入:       D>LH> LMSV> MN KL DBJC WKLJ XJLK
目标:     0 1 0 0 4 0 0 1 6 0 10 7 0 0 0 0 0 2 0 1 0 0 2 0 36 0 0 3 0 0 0 5 0
预测:     0 1 0 0 4 0 0 1 6 0 10 7 0 0 0 0 0 2 0 1 0 0 2 0 36 0 0 3 0 0 0 5 0
准确率:    1.0000 (33/33)
----------------------------------------
⏳ 验证无提升 (验证准确率: 0.9694 ≤ 0.9697)，patience: 36/50

======================================================================
🚀 Epoch 180/200
======================================================================
📚 开始训练阶段...
训练进度: 500/6065 损失=0.0004
训练进度: 1000/6065 损失=0.0010
训练进度: 1500/6065 损失=0.0001
训练进度: 2000/6065 损失=0.0011
训练进度: 2500/6065 损失=0.0000
训练进度: 3000/6065 损失=0.0064
训练进度: 3500/6065 损失=0.0001
训练进度: 4000/6065 损失=0.0001
训练进度: 4500/6065 损失=0.0082
训练进度: 5000/6065 损失=0.0002
训练进度: 5500/6065 损失=0.0004
训练进度: 6000/6065 损失=0.0033
训练进度: 6065/6065 损失=0.0001
✅ 训练完成，耗时: 106.4秒 (1.8分钟)

============================================================
📊 验证决策: Epoch 180/200
   验证间隔: 1
   是否验证: ✅ 是
   原因: 达到验证间隔 (0 == 0)
============================================================

🔍 开始验证...
验证进度: 500/686 损失=0.1616
验证进度: 686/686 损失=0.8071

📊 预测分布分析:
  - 预测的前5个类别: {np.int64(0): 283182, np.int64(1): 37084, np.int64(2): 14721, np.int64(3): 10851, np.int64(4): 8932}
  - 标签的前5个类别: {np.int64(0): 281232, np.int64(1): 36731, np.int64(2): 14789, np.int64(3): 10866, np.int64(4): 8585}
✅ 验证完成，耗时: 4.8秒 (0.1分钟)
训练损失: 0.0018
验证损失: 0.6295
验证准确率: 0.9695 (10629/10964) - 与Levenshtein高度相关
验证F1(加权): 0.9686 - 类别平衡更好
学习率: 0.000003
显存使用: 0.48GB (预留: 0.69GB)

生成的训练样本:
--------------------------------------------------------------------------------
输入:       BRT> WNPWQ <CWQJ> WLGBR> DJN DXKJM HBJH
目标:     0 0 13 9 0 0 1 34 8 0 3 0 0 0 0 0 4 0 0 1 1 0 0 4 0 0 0 0 0 0 1 0 0 0 2 52 0 48 1 12
预测:     0 0 13 9 0 0 1 34 8 0 3 0 0 0 0 0 4 0 0 1 1 0 0 4 0 0 0 0 0 0 1 0 0 0 2 52 0 48 1 12
准确率:    1.0000 (40/40)
----------------------------------------
输入:       W<M> DL> JD<T NPLXWNNJ WMCM< >DN> NCM<WNNJ
目标:     0 1 0 15 0 0 1 0 0 0 0 0 3 0 0 6 0 0 3 0 1 0 0 0 1 0 0 0 2 0 0 0 4 0 0 6 0 0 3 0 1 0 0
预测:     0 1 0 15 0 0 1 0 0 0 0 0 3 0 0 6 0 0 3 0 1 0 0 0 1 0 0 0 2 0 0 0 4 0 0 6 0 0 3 0 1 0 0
准确率:    1.0000 (43/43)
----------------------------------------
输入:       L> K>N>JT <BDJN XNN JWMN> JWM> HW
目标:     0 0 0 0 0 0 0 0 0 0 0 0 0 7 0 0 0 0 0 0 0 0 0 0 4 0 0 0 0 4 0 0 0 0
预测:     0 0 0 0 0 0 0 0 0 0 0 0 0 7 0 0 0 0 0 0 0 0 0 0 4 0 0 0 0 4 0 0 0 0
准确率:    1.0000 (34/34)
----------------------------------------

生成的验证样本:
--------------------------------------------------------------------------------
输入:       YBJNH D>LH> LMSV> MN KL DBJC WKLJ
目标:     0 0 0 0 5 0 0 1 0 0 4 0 0 1 6 0 10 7 0 0 0 0 0 2 0 1 0 0 2 0 36 0 0 3
预测:     0 0 0 0 5 0 0 1 0 0 4 0 0 1 6 0 10 7 0 0 0 0 0 2 0 1 0 0 2 0 36 0 0 3
准确率:    1.0000 (34/34)
----------------------------------------
输入:       D>LH> LMSV> MN KL DBJC WKLJ XJLK
目标:     0 1 0 0 4 0 0 1 6 0 10 7 0 0 0 0 0 2 0 1 0 0 2 0 36 0 0 3 0 0 0 5 0
预测:     0 1 0 0 4 0 0 1 6 0 10 7 0 0 0 0 0 2 0 1 0 0 2 0 36 0 0 3 0 0 0 5 0
准确率:    1.0000 (33/33)
----------------------------------------
⏳ 验证无提升 (验证准确率: 0.9695 ≤ 0.9697)，patience: 37/50

======================================================================
🚀 Epoch 181/200
======================================================================
📚 开始训练阶段...
训练进度: 500/6065 损失=0.0003
训练进度: 1000/6065 损失=0.0058
训练进度: 1500/6065 损失=0.0003
训练进度: 2000/6065 损失=0.0006
训练进度: 2500/6065 损失=0.0038
训练进度: 3000/6065 损失=0.0002
训练进度: 3500/6065 损失=0.0000
训练进度: 4000/6065 损失=0.0004
训练进度: 4500/6065 损失=0.0004
训练进度: 5000/6065 损失=0.0000
训练进度: 5500/6065 损失=0.0002
训练进度: 6000/6065 损失=0.0072
训练进度: 6065/6065 损失=0.0067
✅ 训练完成，耗时: 106.2秒 (1.8分钟)

============================================================
📊 验证决策: Epoch 181/200
   验证间隔: 1
   是否验证: ✅ 是
   原因: 达到验证间隔 (0 == 0)
============================================================

🔍 开始验证...
验证进度: 500/686 损失=0.1532
验证进度: 686/686 损失=0.7801

📊 预测分布分析:
  - 预测的前5个类别: {np.int64(0): 283244, np.int64(1): 37073, np.int64(2): 14694, np.int64(3): 10861, np.int64(4): 8944}
  - 标签的前5个类别: {np.int64(0): 281232, np.int64(1): 36731, np.int64(2): 14789, np.int64(3): 10866, np.int64(4): 8585}
✅ 验证完成，耗时: 4.8秒 (0.1分钟)
训练损失: 0.0018
验证损失: 0.6308
验证准确率: 0.9695 (10629/10964) - 与Levenshtein高度相关
验证F1(加权): 0.9686 - 类别平衡更好
学习率: 0.000003
显存使用: 0.48GB (预留: 0.69GB)

生成的训练样本:
--------------------------------------------------------------------------------
输入:       QJM LXJ> DL<LM BRJ BXJJK NS> NPCK
目标:     0 0 0 22 0 1 0 11 0 0 1 1 0 0 2 0 0 5 0 0 1 0 2 1 0 6 0 10 16 0 0 0 5 0
预测:     0 0 0 22 0 1 0 11 0 0 1 1 0 0 2 0 0 5 0 0 1 0 2 1 0 6 0 10 16 0 0 0 5 0
准确率:    1.0000 (34/34)
----------------------------------------
输入:       WRHVT KWLH MCRJT> WJBBW W<RQW WQRJ TLTM>>
目标:     0 1 0 0 3 26 0 8 0 5 12 0 0 0 0 2 9 0 0 1 0 0 3 19 0 1 0 0 3 0 0 1 0 0 80 0 0 0 5 0 0 2
预测:     0 1 0 0 3 26 0 8 0 5 12 0 0 0 0 2 9 0 0 1 0 0 3 19 0 1 0 0 3 0 0 1 0 0 80 0 0 0 5 0 0 2
准确率:    1.0000 (42/42)
----------------------------------------
输入:       DBNJ >JSRJL <L XDJH QDM MRJ> >MJN>JT
目标:     0 1 0 2 0 0 0 0 0 0 0 2 0 0 0 0 0 0 37 0 0 0 0 2 0 0 0 0 2 0 0 0 0 0 0 0 0
预测:     0 1 0 2 0 0 0 0 0 0 0 2 0 0 0 0 0 0 37 0 0 0 0 2 0 0 0 0 2 0 0 0 0 0 0 0 0
准确率:    1.0000 (37/37)
----------------------------------------

生成的验证样本:
--------------------------------------------------------------------------------
输入:       YBJNH D>LH> LMSV> MN KL DBJC WKLJ
目标:     0 0 0 0 5 0 0 1 0 0 4 0 0 1 6 0 10 7 0 0 0 0 0 2 0 1 0 0 2 0 36 0 0 3
预测:     0 0 0 0 5 0 0 1 0 0 4 0 0 1 6 0 10 7 0 0 0 0 0 2 0 1 0 0 2 0 36 0 0 3
准确率:    1.0000 (34/34)
----------------------------------------
输入:       D>LH> LMSV> MN KL DBJC WKLJ XJLK
目标:     0 1 0 0 4 0 0 1 6 0 10 7 0 0 0 0 0 2 0 1 0 0 2 0 36 0 0 3 0 0 0 5 0
预测:     0 1 0 0 4 0 0 1 6 0 10 7 0 0 0 0 0 2 0 1 0 0 2 0 36 0 0 3 0 0 0 5 0
准确率:    1.0000 (33/33)
----------------------------------------
⏳ 验证无提升 (验证准确率: 0.9695 ≤ 0.9697)，patience: 38/50

======================================================================
🚀 Epoch 182/200
======================================================================
📚 开始训练阶段...
训练进度: 500/6065 损失=0.0001
训练进度: 1000/6065 损失=0.0029
训练进度: 1500/6065 损失=0.0064
训练进度: 2000/6065 损失=0.0020
训练进度: 2500/6065 损失=0.0007
训练进度: 3000/6065 损失=0.0001
训练进度: 3500/6065 损失=0.0001
训练进度: 4000/6065 损失=0.0016
训练进度: 4500/6065 损失=0.0022
训练进度: 5000/6065 损失=0.0062
训练进度: 5500/6065 损失=0.0107
训练进度: 6000/6065 损失=0.0004
训练进度: 6065/6065 损失=0.0010
✅ 训练完成，耗时: 106.5秒 (1.8分钟)

============================================================
📊 验证决策: Epoch 182/200
   验证间隔: 1
   是否验证: ✅ 是
   原因: 达到验证间隔 (0 == 0)
============================================================

🔍 开始验证...
验证进度: 500/686 损失=0.1709
验证进度: 686/686 损失=0.8091

📊 预测分布分析:
  - 预测的前5个类别: {np.int64(0): 283255, np.int64(1): 37082, np.int64(2): 14688, np.int64(3): 10883, np.int64(4): 8940}
  - 标签的前5个类别: {np.int64(0): 281232, np.int64(1): 36731, np.int64(2): 14789, np.int64(3): 10866, np.int64(4): 8585}
✅ 验证完成，耗时: 4.8秒 (0.1分钟)
训练损失: 0.0017
验证损失: 0.6324
验证准确率: 0.9695 (10629/10964) - 与Levenshtein高度相关
验证F1(加权): 0.9686 - 类别平衡更好
学习率: 0.000003
显存使用: 0.48GB (预留: 0.69GB)

生成的训练样本:
--------------------------------------------------------------------------------
输入:       LWQBL KLH KNC> D>JSRJL WPRS >JDWHJ LCMJ>
目标:     0 0 0 0 0 0 0 0 5 0 0 0 0 15 0 0 1 0 0 0 0 0 2 0 1 0 0 3 8 0 0 25 1 0 0 0 1 0 24 9 0
预测:     0 0 0 0 0 0 0 0 5 0 0 0 0 15 0 0 1 0 0 0 0 0 2 0 1 0 0 3 8 0 0 25 1 0 0 0 1 0 24 9 0
准确率:    1.0000 (41/41)
----------------------------------------
输入:       DBBL WBCNT> TCJ<JT> LMLKWTH B<SRT> BJRX> <SJRJ>
目标:     0 1 0 0 2 0 1 1 0 13 9 0 0 0 0 0 0 2 9 0 0 1 0 0 0 2 1 0 0 1 0 0 2 9 0 0 1 0 0 4 0 0 0 0 0 0 4 0
预测:     0 1 0 0 2 0 1 1 0 13 9 0 0 0 0 0 0 2 9 0 0 1 0 0 0 2 1 0 0 1 0 0 2 9 0 0 1 0 0 4 0 0 0 0 0 0 4 0
准确率:    1.0000 (48/48)
----------------------------------------
输入:       L> >XWS <L NJNW> MDJNT> RBT> D>JT
目标:     0 0 0 0 6 0 0 3 0 0 0 0 0 0 0 0 2 0 0 0 0 13 9 0 0 0 2 9 0 0 1 0 0 24
预测:     0 0 0 0 6 0 0 3 0 0 0 0 0 0 0 0 2 0 0 0 0 13 9 0 0 0 2 9 0 0 1 0 0 24
准确率:    1.0000 (34/34)
----------------------------------------

生成的验证样本:
--------------------------------------------------------------------------------
输入:       YBJNH D>LH> LMSV> MN KL DBJC WKLJ
目标:     0 0 0 0 5 0 0 1 0 0 4 0 0 1 6 0 10 7 0 0 0 0 0 2 0 1 0 0 2 0 36 0 0 3
预测:     0 0 0 0 5 0 0 1 0 0 4 0 0 1 6 0 10 7 0 0 0 0 0 2 0 1 0 0 2 0 36 0 0 3
准确率:    1.0000 (34/34)
----------------------------------------
输入:       D>LH> LMSV> MN KL DBJC WKLJ XJLK
目标:     0 1 0 0 4 0 0 1 6 0 10 7 0 0 0 0 0 2 0 1 0 0 2 0 36 0 0 3 0 0 0 5 0
预测:     0 1 0 0 4 0 0 1 6 0 10 7 0 0 0 0 0 2 0 1 0 0 2 0 36 0 0 3 0 0 0 5 0
准确率:    1.0000 (33/33)
----------------------------------------
⏳ 验证无提升 (验证准确率: 0.9695 ≤ 0.9697)，patience: 39/50

======================================================================
🚀 Epoch 183/200
======================================================================
📚 开始训练阶段...
训练进度: 500/6065 损失=0.0051
训练进度: 1000/6065 损失=0.0014
训练进度: 1500/6065 损失=0.0003
训练进度: 2000/6065 损失=0.0001
训练进度: 2500/6065 损失=0.0003
训练进度: 3000/6065 损失=0.0001
训练进度: 3500/6065 损失=0.0001
训练进度: 4000/6065 损失=0.0001
训练进度: 4500/6065 损失=0.0003
训练进度: 5000/6065 损失=0.0001
训练进度: 5500/6065 损失=0.0000
训练进度: 6000/6065 损失=0.0002
训练进度: 6065/6065 损失=0.0002
✅ 训练完成，耗时: 106.2秒 (1.8分钟)

============================================================
📊 验证决策: Epoch 183/200
   验证间隔: 1
   是否验证: ✅ 是
   原因: 达到验证间隔 (0 == 0)
============================================================

🔍 开始验证...
验证进度: 500/686 损失=0.1595
验证进度: 686/686 损失=0.8020

📊 预测分布分析:
  - 预测的前5个类别: {np.int64(0): 283212, np.int64(1): 37081, np.int64(2): 14717, np.int64(3): 10883, np.int64(4): 8948}
  - 标签的前5个类别: {np.int64(0): 281232, np.int64(1): 36731, np.int64(2): 14789, np.int64(3): 10866, np.int64(4): 8585}
✅ 验证完成，耗时: 4.8秒 (0.1分钟)
训练损失: 0.0017
验证损失: 0.6335
验证准确率: 0.9696 (10631/10964) - 与Levenshtein高度相关
验证F1(加权): 0.9688 - 类别平衡更好
学习率: 0.000003
显存使用: 0.47GB (预留: 0.69GB)

生成的训练样本:
--------------------------------------------------------------------------------
输入:       HNW >LHK >JSRJL D>SQK MN >R<> DMYRJN
目标:     0 0 81 0 0 0 0 5 0 0 0 0 0 0 0 2 0 1 17 64 29 0 0 0 0 0 0 0 4 0 0 1 0 0 0 0 2
预测:     0 0 81 0 0 0 0 5 0 0 0 0 0 0 0 2 0 1 17 64 29 0 0 0 0 0 0 0 4 0 0 1 0 0 0 0 2
准确率:    1.0000 (37/37)
----------------------------------------
输入:       XG> WKLH >JSRJL <MH KNJCJN MN M<LN>
目标:     0 0 4 0 0 1 0 5 0 0 0 0 0 0 0 2 0 0 1 0 0 0 8 0 7 0 27 0 0 0 0 0 0 0 4 0
预测:     0 0 4 0 0 1 0 5 0 0 0 0 0 0 0 2 0 0 1 0 0 0 8 0 7 0 27 0 0 0 0 0 0 0 4 0
准确率:    1.0000 (36/36)
----------------------------------------
输入:       MVL HN> HKN> >MR MRJ> <RS> DSLQT
目标:     0 0 0 0 0 0 0 0 0 0 0 0 0 0 0 0 7 0 0 0 0 2 0 0 0 4 0 0 1 0 0 3 12
预测:     0 0 0 0 0 0 0 0 0 0 0 0 0 0 0 0 7 0 0 0 0 2 0 0 0 4 0 0 1 0 0 3 12
准确率:    1.0000 (33/33)
----------------------------------------

生成的验证样本:
--------------------------------------------------------------------------------
输入:       YBJNH D>LH> LMSV> MN KL DBJC WKLJ
目标:     0 0 0 0 5 0 0 1 0 0 4 0 0 1 6 0 10 7 0 0 0 0 0 2 0 1 0 0 2 0 36 0 0 3
预测:     0 0 0 0 5 0 0 1 0 0 4 0 0 1 6 0 10 7 0 0 0 0 0 2 0 1 0 0 2 0 36 0 0 3
准确率:    1.0000 (34/34)
----------------------------------------
输入:       D>LH> LMSV> MN KL DBJC WKLJ XJLK
目标:     0 1 0 0 4 0 0 1 6 0 10 7 0 0 0 0 0 2 0 1 0 0 2 0 36 0 0 3 0 0 0 5 0
预测:     0 1 0 0 4 0 0 1 6 0 10 7 0 0 0 0 0 2 0 1 0 0 2 0 36 0 0 3 0 0 0 5 0
准确率:    1.0000 (33/33)
----------------------------------------
⏳ 验证无提升 (验证准确率: 0.9696 ≤ 0.9697)，patience: 40/50

======================================================================
🚀 Epoch 184/200
======================================================================
📚 开始训练阶段...
训练进度: 500/6065 损失=0.0005
训练进度: 1000/6065 损失=0.0000
训练进度: 1500/6065 损失=0.0006
训练进度: 2000/6065 损失=0.0000
训练进度: 2500/6065 损失=0.0000
训练进度: 3000/6065 损失=0.0003
训练进度: 3500/6065 损失=0.0002
训练进度: 4000/6065 损失=0.0070
训练进度: 4500/6065 损失=0.0001
训练进度: 5000/6065 损失=0.0009
训练进度: 5500/6065 损失=0.0005
训练进度: 6000/6065 损失=0.0001
训练进度: 6065/6065 损失=0.0002
✅ 训练完成，耗时: 106.4秒 (1.8分钟)

============================================================
📊 验证决策: Epoch 184/200
   验证间隔: 1
   是否验证: ✅ 是
   原因: 达到验证间隔 (0 == 0)
============================================================

🔍 开始验证...
验证进度: 500/686 损失=0.1599
验证进度: 686/686 损失=0.7910

📊 预测分布分析:
  - 预测的前5个类别: {np.int64(0): 283170, np.int64(1): 37088, np.int64(2): 14708, np.int64(3): 10860, np.int64(4): 8903}
  - 标签的前5个类别: {np.int64(0): 281232, np.int64(1): 36731, np.int64(2): 14789, np.int64(3): 10866, np.int64(4): 8585}
✅ 验证完成，耗时: 4.9秒 (0.1分钟)
训练损失: 0.0017
验证损失: 0.6358
验证准确率: 0.9696 (10630/10964) - 与Levenshtein高度相关
验证F1(加权): 0.9687 - 类别平衡更好
学习率: 0.000003
显存使用: 0.48GB (预留: 0.69GB)

生成的训练样本:
--------------------------------------------------------------------------------
输入:       RXM LH W>MRT L<BDJK >XTWHJ LWTJ W>SJM
目标:     0 0 0 7 0 1 0 0 1 0 0 3 12 0 1 0 0 22 1 0 6 72 0 3 1 0 0 0 0 0 1 0 0 1 6 20 0 3
预测:     0 0 0 7 0 1 0 0 1 0 0 3 12 0 1 0 0 22 1 0 6 72 0 3 1 0 0 0 0 0 1 0 0 1 6 20 0 3
准确率:    1.0000 (38/38)
----------------------------------------
输入:       W>MRT L<BDJK >XTWHJ LWTJ W>SJM <JNJ <LWHJ
目标:     0 1 0 0 3 12 0 1 0 0 22 1 0 6 72 0 3 1 0 0 0 0 0 1 0 0 1 6 20 0 3 0 0 0 5 0 0 0 8 1 0 0
预测:     0 1 0 0 3 12 0 1 0 0 22 1 0 6 72 0 3 1 0 0 0 0 0 1 0 0 1 6 20 0 3 0 0 0 5 0 0 0 8 1 0 0
准确率:    1.0000 (42/42)
----------------------------------------
输入:       BQWRJKWN DJHBT LKWN <DM> DNNJX MRJ> L>XJKWN
目标:     0 1 0 0 100 1 0 0 0 0 1 0 0 3 0 0 1 0 0 0 0 0 0 0 0 0 1 28 20 0 3 0 0 0 0 2 0 1 0 2 1 0 0 0
预测:     0 1 0 0 100 1 0 0 0 0 1 0 0 3 0 0 1 0 0 0 0 0 0 0 0 0 1 28 20 0 3 0 0 0 0 2 0 1 0 2 1 0 0 0
准确率:    1.0000 (44/44)
----------------------------------------

生成的验证样本:
--------------------------------------------------------------------------------
输入:       YBJNH D>LH> LMSV> MN KL DBJC WKLJ
目标:     0 0 0 0 5 0 0 1 0 0 4 0 0 1 6 0 10 7 0 0 0 0 0 2 0 1 0 0 2 0 36 0 0 3
预测:     0 0 0 0 5 0 0 1 0 0 4 0 0 1 6 0 10 7 0 0 0 0 0 2 0 1 0 0 2 0 36 0 0 3
准确率:    1.0000 (34/34)
----------------------------------------
输入:       D>LH> LMSV> MN KL DBJC WKLJ XJLK
目标:     0 1 0 0 4 0 0 1 6 0 10 7 0 0 0 0 0 2 0 1 0 0 2 0 36 0 0 3 0 0 0 5 0
预测:     0 1 0 0 4 0 0 1 6 0 10 7 0 0 0 0 0 2 0 1 0 0 2 0 36 0 0 3 0 0 0 5 0
准确率:    1.0000 (33/33)
----------------------------------------
⏳ 验证无提升 (验证准确率: 0.9696 ≤ 0.9697)，patience: 41/50

======================================================================
🚀 Epoch 185/200
======================================================================
📚 开始训练阶段...
训练进度: 500/6065 损失=0.0005
训练进度: 1000/6065 损失=0.0033
训练进度: 1500/6065 损失=0.0011
训练进度: 2000/6065 损失=0.0004
训练进度: 2500/6065 损失=0.0002
训练进度: 3000/6065 损失=0.0001
训练进度: 3500/6065 损失=0.0130
训练进度: 4000/6065 损失=0.0001
训练进度: 4500/6065 损失=0.0001
训练进度: 5000/6065 损失=0.0001
训练进度: 5500/6065 损失=0.0109
训练进度: 6000/6065 损失=0.0018
训练进度: 6065/6065 损失=0.0001
✅ 训练完成，耗时: 106.1秒 (1.8分钟)

============================================================
📊 验证决策: Epoch 185/200
   验证间隔: 1
   是否验证: ✅ 是
   原因: 达到验证间隔 (0 == 0)
============================================================

🔍 开始验证...
验证进度: 500/686 损失=0.1546
验证进度: 686/686 损失=0.7661

📊 预测分布分析:
  - 预测的前5个类别: {np.int64(0): 283188, np.int64(1): 37090, np.int64(2): 14728, np.int64(3): 10849, np.int64(4): 8906}
  - 标签的前5个类别: {np.int64(0): 281232, np.int64(1): 36731, np.int64(2): 14789, np.int64(3): 10866, np.int64(4): 8585}
✅ 验证完成，耗时: 4.8秒 (0.1分钟)
训练损失: 0.0016
验证损失: 0.6356
验证准确率: 0.9695 (10629/10964) - 与Levenshtein高度相关
验证F1(加权): 0.9687 - 类别平衡更好
学习率: 0.000002
显存使用: 0.47GB (预留: 0.69GB)

生成的训练样本:
--------------------------------------------------------------------------------
输入:       D>YV<R BH >BJ W>PQH CLJMWN L>BJTR DL>
目标:     0 1 47 97 0 0 16 0 1 0 0 0 5 0 0 1 72 0 29 0 0 0 0 0 0 0 2 0 1 0 0 0 0 2 0 1 0 0
预测:     0 1 47 97 0 0 16 0 1 0 0 0 5 0 0 1 72 0 29 0 0 0 0 0 0 0 2 0 1 0 0 0 0 2 0 1 0 0
准确率:    1.0000 (38/38)
----------------------------------------
输入:       LH TKLT> W>RGWN> WYWB<> DZXWRJT> WBWY> WS<R>
目标:     0 1 0 0 0 0 13 9 0 0 1 0 0 0 0 4 0 0 1 0 0 0 4 0 0 1 0 0 0 0 2 9 0 0 1 0 0 4 0 0 1 0 0 15 0
预测:     0 1 0 0 0 0 13 9 0 0 1 0 0 0 0 4 0 0 1 0 0 0 4 0 0 1 0 0 0 0 2 9 0 0 1 0 0 4 0 0 1 0 0 15 0
准确率:    1.0000 (45/45)
----------------------------------------
输入:       WQRMW >NWN LMWKL> DHB> W<BDW PRS> DTKLT>
目标:     0 1 0 0 3 0 0 0 0 0 0 0 1 0 0 0 11 0 0 0 0 4 0 0 1 0 0 3 0 0 0 0 55 0 0 1 0 0 13 9 0
预测:     0 1 0 0 3 0 0 0 0 0 0 0 1 0 0 0 11 0 0 0 0 4 0 0 1 0 0 3 0 0 0 0 55 0 0 1 0 0 13 9 0
准确率:    1.0000 (41/41)
----------------------------------------

生成的验证样本:
--------------------------------------------------------------------------------
输入:       YBJNH D>LH> LMSV> MN KL DBJC WKLJ
目标:     0 0 0 0 5 0 0 1 0 0 4 0 0 1 6 0 10 7 0 0 0 0 0 2 0 1 0 0 2 0 36 0 0 3
预测:     0 0 0 0 5 0 0 1 0 0 4 0 0 1 6 0 10 7 0 0 0 0 0 2 0 1 0 0 2 0 36 0 0 3
准确率:    1.0000 (34/34)
----------------------------------------
输入:       D>LH> LMSV> MN KL DBJC WKLJ XJLK
目标:     0 1 0 0 4 0 0 1 6 0 10 7 0 0 0 0 0 2 0 1 0 0 2 0 36 0 0 3 0 0 0 5 0
预测:     0 1 0 0 4 0 0 1 6 0 10 7 0 0 0 0 0 2 0 1 0 0 2 0 36 0 0 3 0 0 0 5 0
准确率:    1.0000 (33/33)
----------------------------------------
⏳ 验证无提升 (验证准确率: 0.9695 ≤ 0.9697)，patience: 42/50

======================================================================
🚀 Epoch 186/200
======================================================================
📚 开始训练阶段...
训练进度: 500/6065 损失=0.0000
训练进度: 1000/6065 损失=0.0220
训练进度: 1500/6065 损失=0.0012
训练进度: 2000/6065 损失=0.0000
训练进度: 2500/6065 损失=0.0003
训练进度: 3000/6065 损失=0.0013
训练进度: 3500/6065 损失=0.0000
训练进度: 4000/6065 损失=0.0005
训练进度: 4500/6065 损失=0.0065
训练进度: 5000/6065 损失=0.0262
训练进度: 5500/6065 损失=0.0065
训练进度: 6000/6065 损失=0.0003
训练进度: 6065/6065 损失=0.0002
✅ 训练完成，耗时: 106.2秒 (1.8分钟)

============================================================
📊 验证决策: Epoch 186/200
   验证间隔: 1
   是否验证: ✅ 是
   原因: 达到验证间隔 (0 == 0)
============================================================

🔍 开始验证...
验证进度: 500/686 损失=0.1599
验证进度: 686/686 损失=0.7946

📊 预测分布分析:
  - 预测的前5个类别: {np.int64(0): 283188, np.int64(1): 37097, np.int64(2): 14724, np.int64(3): 10858, np.int64(4): 8862}
  - 标签的前5个类别: {np.int64(0): 281232, np.int64(1): 36731, np.int64(2): 14789, np.int64(3): 10866, np.int64(4): 8585}
✅ 验证完成，耗时: 4.8秒 (0.1分钟)
训练损失: 0.0017
验证损失: 0.6365
验证准确率: 0.9695 (10629/10964) - 与Levenshtein高度相关
验证F1(加权): 0.9686 - 类别平衡更好
学习率: 0.000002
显存使用: 0.48GB (预留: 0.69GB)

生成的训练样本:
--------------------------------------------------------------------------------
输入:       >NWN DHW VB> L<LM> >N HW GJR
目标:     0 0 0 0 0 0 1 0 0 0 0 4 0 0 1 0 0 4 0 0 0 0 0 0 0 0 0 0 0
预测:     0 0 0 0 0 0 1 0 0 0 0 4 0 0 1 0 0 4 0 0 0 0 0 0 0 0 0 0 0
准确率:    1.0000 (29/29)
----------------------------------------
输入:       MN NKSJ NKST> >N TWR> HW >W
目标:     0 0 0 0 0 0 49 0 0 0 0 2 9 0 0 0 0 0 0 0 4 0 0 0 0 0 0 0
预测:     0 0 0 0 0 0 49 0 0 0 0 2 9 0 0 0 0 0 0 0 4 0 0 0 0 0 0 0
准确率:    1.0000 (28/28)
----------------------------------------
输入:       J<QWB H> <DKJL JWM> QJM L> HW>
目标:     0 0 0 0 0 2 0 0 0 0 0 0 0 0 0 0 0 0 4 0 0 0 0 22 0 0 0 0 0 10 3
预测:     0 0 0 0 0 2 0 0 0 0 0 0 0 0 0 0 0 0 4 0 0 0 0 22 0 0 0 0 0 10 3
准确率:    1.0000 (31/31)
----------------------------------------

生成的验证样本:
--------------------------------------------------------------------------------
输入:       YBJNH D>LH> LMSV> MN KL DBJC WKLJ
目标:     0 0 0 0 5 0 0 1 0 0 4 0 0 1 6 0 10 7 0 0 0 0 0 2 0 1 0 0 2 0 36 0 0 3
预测:     0 0 0 0 5 0 0 1 0 0 4 0 0 1 6 0 10 7 0 0 0 0 0 2 0 1 0 0 2 0 36 0 0 3
准确率:    1.0000 (34/34)
----------------------------------------
输入:       D>LH> LMSV> MN KL DBJC WKLJ XJLK
目标:     0 1 0 0 4 0 0 1 6 0 10 7 0 0 0 0 0 2 0 1 0 0 2 0 36 0 0 3 0 0 0 5 0
预测:     0 1 0 0 4 0 0 1 6 0 10 7 0 0 0 0 0 2 0 1 0 0 2 0 36 0 0 3 0 0 0 5 0
准确率:    1.0000 (33/33)
----------------------------------------
⏳ 验证无提升 (验证准确率: 0.9695 ≤ 0.9697)，patience: 43/50

======================================================================
🚀 Epoch 187/200
======================================================================
📚 开始训练阶段...
训练进度: 500/6065 损失=0.0000
训练进度: 1000/6065 损失=0.0001
训练进度: 1500/6065 损失=0.0001
训练进度: 2000/6065 损失=0.0003
训练进度: 2500/6065 损失=0.0009
训练进度: 3000/6065 损失=0.0051
训练进度: 3500/6065 损失=0.0153
训练进度: 4000/6065 损失=0.0013
训练进度: 4500/6065 损失=0.0001
训练进度: 5000/6065 损失=0.0028
训练进度: 5500/6065 损失=0.0001
训练进度: 6000/6065 损失=0.0001
训练进度: 6065/6065 损失=0.0001
✅ 训练完成，耗时: 106.0秒 (1.8分钟)

============================================================
📊 验证决策: Epoch 187/200
   验证间隔: 1
   是否验证: ✅ 是
   原因: 达到验证间隔 (0 == 0)
============================================================

🔍 开始验证...
验证进度: 500/686 损失=0.1589
验证进度: 686/686 损失=0.8059

📊 预测分布分析:
  - 预测的前5个类别: {np.int64(0): 283201, np.int64(1): 37099, np.int64(2): 14718, np.int64(3): 10833, np.int64(4): 8895}
  - 标签的前5个类别: {np.int64(0): 281232, np.int64(1): 36731, np.int64(2): 14789, np.int64(3): 10866, np.int64(4): 8585}
✅ 验证完成，耗时: 4.8秒 (0.1分钟)
训练损失: 0.0017
验证损失: 0.6354
验证准确率: 0.9695 (10629/10964) - 与Levenshtein高度相关
验证F1(加权): 0.9687 - 类别平衡更好
学习率: 0.000002
显存使用: 0.48GB (预留: 0.69GB)

生成的训练样本:
--------------------------------------------------------------------------------
输入:       MTGWZL> HWT BGW BRD> XSJN HW> VB
目标:     0 21 14 0 0 0 7 19 0 0 18 26 0 1 0 2 0 0 0 15 0 0 0 8 0 122 0 0 10 3 0 0 2
预测:     0 21 14 0 0 0 7 19 0 0 18 26 0 1 0 2 0 0 0 15 0 0 0 8 0 122 0 0 10 3 0 0 2
准确率:    1.0000 (33/33)
----------------------------------------
输入:       L<RBJ> B<SRJN DKSP> W>JTJWHJ LMYRJN WHPK RWBJL
目标:     0 1 0 0 0 11 0 0 1 0 0 2 0 0 0 1 0 0 4 0 0 1 59 0 0 3 1 0 0 0 1 0 0 0 0 2 0 1 0 0 3 0 0 0 0 0 2
预测:     0 1 0 0 0 11 0 0 1 0 0 2 0 0 0 1 0 0 4 0 0 1 59 0 0 3 1 0 0 0 1 0 0 0 0 2 0 1 0 0 3 0 0 0 0 0 2
准确率:    1.0000 (47/47)
----------------------------------------
输入:       MHRJN TWBW LWT MRJ> WTTWBWN MN DLM>BD
目标:     0 28 0 152 0 0 6 0 0 33 0 0 0 0 0 0 0 0 0 2 0 1 6 0 0 33 0 0 0 0 0 0 1 1 6 0 0 7
预测:     0 28 0 152 0 0 6 0 0 33 0 0 0 0 0 0 0 0 0 2 0 1 6 0 0 33 0 0 0 0 0 0 1 1 6 0 0 7
准确率:    1.0000 (38/38)
----------------------------------------

生成的验证样本:
--------------------------------------------------------------------------------
输入:       YBJNH D>LH> LMSV> MN KL DBJC WKLJ
目标:     0 0 0 0 5 0 0 1 0 0 4 0 0 1 6 0 10 7 0 0 0 0 0 2 0 1 0 0 2 0 36 0 0 3
预测:     0 0 0 0 5 0 0 1 0 0 4 0 0 1 6 0 10 7 0 0 0 0 0 2 0 1 0 0 2 0 36 0 0 3
准确率:    1.0000 (34/34)
----------------------------------------
输入:       D>LH> LMSV> MN KL DBJC WKLJ XJLK
目标:     0 1 0 0 4 0 0 1 6 0 10 7 0 0 0 0 0 2 0 1 0 0 2 0 36 0 0 3 0 0 0 5 0
预测:     0 1 0 0 4 0 0 1 6 0 10 7 0 0 0 0 0 2 0 1 0 0 2 0 36 0 0 3 0 0 0 5 0
准确率:    1.0000 (33/33)
----------------------------------------
⏳ 验证无提升 (验证准确率: 0.9695 ≤ 0.9697)，patience: 44/50

======================================================================
🚀 Epoch 188/200
======================================================================
📚 开始训练阶段...
训练进度: 500/6065 损失=0.0047
训练进度: 1000/6065 损失=0.0001
训练进度: 1500/6065 损失=0.0001
训练进度: 2000/6065 损失=0.0000
训练进度: 2500/6065 损失=0.0000
训练进度: 3000/6065 损失=0.0025
训练进度: 3500/6065 损失=0.0001
训练进度: 4000/6065 损失=0.0001
训练进度: 4500/6065 损失=0.0001
训练进度: 5000/6065 损失=0.0001
训练进度: 5500/6065 损失=0.0068
训练进度: 6000/6065 损失=0.0003
训练进度: 6065/6065 损失=0.0003
✅ 训练完成，耗时: 106.3秒 (1.8分钟)

============================================================
📊 验证决策: Epoch 188/200
   验证间隔: 1
   是否验证: ✅ 是
   原因: 达到验证间隔 (0 == 0)
============================================================

🔍 开始验证...
验证进度: 500/686 损失=0.1505
验证进度: 686/686 损失=0.8231

📊 预测分布分析:
  - 预测的前5个类别: {np.int64(0): 283204, np.int64(1): 37084, np.int64(2): 14728, np.int64(3): 10845, np.int64(4): 8918}
  - 标签的前5个类别: {np.int64(0): 281232, np.int64(1): 36731, np.int64(2): 14789, np.int64(3): 10866, np.int64(4): 8585}
✅ 验证完成，耗时: 4.8秒 (0.1分钟)
训练损失: 0.0016
验证损失: 0.6371
验证准确率: 0.9695 (10629/10964) - 与Levenshtein高度相关
验证F1(加权): 0.9686 - 类别平衡更好
学习率: 0.000002
显存使用: 0.48GB (预留: 0.69GB)

生成的训练样本:
--------------------------------------------------------------------------------
输入:       LDBJT >JSRJL NHPKWN WNCRWN <L PWMH DXRJT>
目标:     0 1 1 0 0 2 0 0 0 0 0 0 2 0 6 0 0 3 0 0 0 1 6 0 18 0 0 0 0 0 0 0 0 5 12 0 1 60 0 22 9 0
预测:     0 1 1 0 0 2 0 0 0 0 0 0 2 0 6 0 0 3 0 0 0 1 6 0 18 0 0 0 0 0 0 0 0 5 12 0 1 60 0 22 9 0
准确率:    1.0000 (42/42)
----------------------------------------
输入:       QDMJN NGCWN LN >R<> WNTLWN LN PTGM>
目标:     0 0 0 2 1 0 0 6 0 130 0 0 0 1 0 0 0 0 4 0 0 1 0 0 3 0 0 0 1 0 0 0 0 0 4 0
预测:     0 0 0 2 1 0 0 6 0 130 0 0 0 1 0 0 0 0 4 0 0 1 0 0 3 0 0 0 1 0 0 0 0 0 4 0
准确率:    1.0000 (36/36)
----------------------------------------
输入:       B>R<> NWKRJT> WCMH D>XRN> >LJ<ZR MVL D>LH>
目标:     0 1 0 0 4 0 0 0 0 0 0 2 9 0 0 1 0 5 0 0 1 0 0 38 4 0 0 0 0 0 0 0 2 0 0 0 0 0 1 0 0 4 0
预测:     0 1 0 0 4 0 0 0 0 0 0 2 9 0 0 1 0 5 0 0 1 0 0 38 4 0 0 0 0 0 0 0 2 0 0 0 0 0 1 0 0 4 0
准确率:    1.0000 (43/43)
----------------------------------------

生成的验证样本:
--------------------------------------------------------------------------------
输入:       YBJNH D>LH> LMSV> MN KL DBJC WKLJ
目标:     0 0 0 0 5 0 0 1 0 0 4 0 0 1 6 0 10 7 0 0 0 0 0 2 0 1 0 0 2 0 36 0 0 3
预测:     0 0 0 0 5 0 0 1 0 0 4 0 0 1 6 0 10 7 0 0 0 0 0 2 0 1 0 0 2 0 36 0 0 3
准确率:    1.0000 (34/34)
----------------------------------------
输入:       D>LH> LMSV> MN KL DBJC WKLJ XJLK
目标:     0 1 0 0 4 0 0 1 6 0 10 7 0 0 0 0 0 2 0 1 0 0 2 0 36 0 0 3 0 0 0 5 0
预测:     0 1 0 0 4 0 0 1 6 0 10 7 0 0 0 0 0 2 0 1 0 0 2 0 36 0 0 3 0 0 0 5 0
准确率:    1.0000 (33/33)
----------------------------------------
⏳ 验证无提升 (验证准确率: 0.9695 ≤ 0.9697)，patience: 45/50

======================================================================
🚀 Epoch 189/200
======================================================================
📚 开始训练阶段...
训练进度: 500/6065 损失=0.0029
训练进度: 1000/6065 损失=0.0009
训练进度: 1500/6065 损失=0.0001
训练进度: 2000/6065 损失=0.0030
训练进度: 2500/6065 损失=0.0002
训练进度: 3000/6065 损失=0.0001
训练进度: 3500/6065 损失=0.0000
训练进度: 4000/6065 损失=0.0001
训练进度: 4500/6065 损失=0.0004
训练进度: 5000/6065 损失=0.0002
训练进度: 5500/6065 损失=0.0008
训练进度: 6000/6065 损失=0.0004
训练进度: 6065/6065 损失=0.0006
✅ 训练完成，耗时: 105.9秒 (1.8分钟)

============================================================
📊 验证决策: Epoch 189/200
   验证间隔: 1
   是否验证: ✅ 是
   原因: 达到验证间隔 (0 == 0)
============================================================

🔍 开始验证...
验证进度: 500/686 损失=0.1435
验证进度: 686/686 损失=0.8489

📊 预测分布分析:
  - 预测的前5个类别: {np.int64(0): 283225, np.int64(1): 37082, np.int64(2): 14722, np.int64(3): 10871, np.int64(4): 8927}
  - 标签的前5个类别: {np.int64(0): 281232, np.int64(1): 36731, np.int64(2): 14789, np.int64(3): 10866, np.int64(4): 8585}
✅ 验证完成，耗时: 4.8秒 (0.1分钟)
训练损失: 0.0016
验证损失: 0.6401
验证准确率: 0.9695 (10629/10964) - 与Levenshtein高度相关
验证F1(加权): 0.9686 - 类别平衡更好
学习率: 0.000002
显存使用: 0.47GB (预留: 0.69GB)

生成的训练样本:
--------------------------------------------------------------------------------
输入:       MWT> C>LT DLJM> NXT KD <RQ L>JK>
目标:     0 0 0 15 0 0 0 0 3 26 0 1 1 0 4 0 0 0 0 3 0 0 0 0 0 0 7 0 1 0 0 0 0
预测:     0 0 0 15 0 0 0 0 3 26 0 1 1 0 4 0 0 0 0 3 0 0 0 0 0 0 7 0 1 0 0 0 0
准确率:    1.0000 (33/33)
----------------------------------------
输入:       DNQVL L>XWHJ W>KMNW LH KM>N> <L RJC
目标:     0 1 6 0 0 16 0 1 0 25 1 0 0 0 1 17 0 0 3 0 0 1 0 0 0 0 0 4 0 0 0 0 0 0 0 2
预测:     0 1 6 0 0 16 0 1 0 25 1 0 0 0 1 17 0 0 3 0 0 1 0 0 0 0 0 4 0 0 0 0 0 0 0 2
准确率:    1.0000 (36/36)
----------------------------------------
输入:       W>N TWB XJ> DNYJX> TRJN JWTRNJN MTTGR
目标:     0 1 0 0 0 0 0 0 0 0 11 0 0 1 0 8 0 65 27 0 0 2 0 12 0 0 0 0 0 2 0 12 0 21 14 0 0 103
预测:     0 1 0 0 0 0 0 0 0 0 11 0 0 1 0 8 0 65 27 0 0 2 0 12 0 0 0 0 0 2 0 12 0 21 14 0 0 103
准确率:    1.0000 (38/38)
----------------------------------------

生成的验证样本:
--------------------------------------------------------------------------------
输入:       YBJNH D>LH> LMSV> MN KL DBJC WKLJ
目标:     0 0 0 0 5 0 0 1 0 0 4 0 0 1 6 0 10 7 0 0 0 0 0 2 0 1 0 0 2 0 36 0 0 3
预测:     0 0 0 0 5 0 0 1 0 0 4 0 0 1 6 0 10 7 0 0 0 0 0 2 0 1 0 0 2 0 36 0 0 3
准确率:    1.0000 (34/34)
----------------------------------------
输入:       D>LH> LMSV> MN KL DBJC WKLJ XJLK
目标:     0 1 0 0 4 0 0 1 6 0 10 7 0 0 0 0 0 2 0 1 0 0 2 0 36 0 0 3 0 0 0 5 0
预测:     0 1 0 0 4 0 0 1 6 0 10 7 0 0 0 0 0 2 0 1 0 0 2 0 36 0 0 3 0 0 0 5 0
准确率:    1.0000 (33/33)
----------------------------------------
⏳ 验证无提升 (验证准确率: 0.9695 ≤ 0.9697)，patience: 46/50

======================================================================
🚀 Epoch 190/200
======================================================================
📚 开始训练阶段...
训练进度: 500/6065 损失=0.0002
训练进度: 1000/6065 损失=0.0000
训练进度: 1500/6065 损失=0.0053
训练进度: 2000/6065 损失=0.0000
训练进度: 2500/6065 损失=0.0001
训练进度: 3000/6065 损失=0.0079
训练进度: 3500/6065 损失=0.0001
训练进度: 4000/6065 损失=0.0000
训练进度: 4500/6065 损失=0.0000
训练进度: 5000/6065 损失=0.0001
训练进度: 5500/6065 损失=0.0000
训练进度: 6000/6065 损失=0.0001
训练进度: 6065/6065 损失=0.0001
✅ 训练完成，耗时: 105.9秒 (1.8分钟)

============================================================
📊 验证决策: Epoch 190/200
   验证间隔: 1
   是否验证: ✅ 是
   原因: 达到验证间隔 (0 == 0)
============================================================

🔍 开始验证...
验证进度: 500/686 损失=0.1576
验证进度: 686/686 损失=0.8565

📊 预测分布分析:
  - 预测的前5个类别: {np.int64(0): 283241, np.int64(1): 37082, np.int64(2): 14734, np.int64(3): 10863, np.int64(4): 8875}
  - 标签的前5个类别: {np.int64(0): 281232, np.int64(1): 36731, np.int64(2): 14789, np.int64(3): 10866, np.int64(4): 8585}
✅ 验证完成，耗时: 4.8秒 (0.1分钟)
训练损失: 0.0016
验证损失: 0.6418
验证准确率: 0.9695 (10629/10964) - 与Levenshtein高度相关
验证F1(加权): 0.9686 - 类别平衡更好
学习率: 0.000002
显存使用: 0.48GB (预留: 0.69GB)

生成的训练样本:
--------------------------------------------------------------------------------
输入:       BRK MRJ> XJLH W>YVBJ B<BD> D>JDWHJ TBR
目标:     0 0 0 16 0 0 0 0 2 0 0 0 5 0 0 1 47 97 0 0 3 0 1 0 0 55 0 0 35 0 0 25 1 0 0 0 0 0 3
预测:     0 0 0 16 0 0 0 0 2 0 0 0 5 0 0 1 47 97 0 0 3 0 1 0 0 55 0 0 35 0 0 25 1 0 0 0 0 0 3
准确率:    1.0000 (39/39)
----------------------------------------
输入:       W>N XJ> >JK NYJX> MWT> GJR DCM>
目标:     0 1 0 0 0 0 42 0 0 0 0 0 0 0 8 0 7 27 0 0 0 15 0 0 0 0 0 0 1 0 4 0
预测:     0 1 0 0 0 0 42 0 0 0 0 0 0 0 8 0 7 27 0 0 0 15 0 0 0 0 0 0 1 0 4 0
准确率:    1.0000 (32/32)
----------------------------------------
输入:       LH J<QWB >NT JD< >NT PWLXN> DPLXTK
目标:     0 1 0 0 0 0 0 0 2 0 0 0 0 0 0 0 7 0 0 0 0 0 0 0 0 0 4 0 0 1 0 0 3 1 0
预测:     0 1 0 0 0 0 0 0 2 0 0 0 0 0 0 0 7 0 0 0 0 0 0 0 0 0 4 0 0 1 0 0 3 1 0
准确率:    1.0000 (35/35)
----------------------------------------

生成的验证样本:
--------------------------------------------------------------------------------
输入:       YBJNH D>LH> LMSV> MN KL DBJC WKLJ
目标:     0 0 0 0 5 0 0 1 0 0 4 0 0 1 6 0 10 7 0 0 0 0 0 2 0 1 0 0 2 0 36 0 0 3
预测:     0 0 0 0 5 0 0 1 0 0 4 0 0 1 6 0 10 7 0 0 0 0 0 2 0 1 0 0 2 0 36 0 0 3
准确率:    1.0000 (34/34)
----------------------------------------
输入:       D>LH> LMSV> MN KL DBJC WKLJ XJLK
目标:     0 1 0 0 4 0 0 1 6 0 10 7 0 0 0 0 0 2 0 1 0 0 2 0 36 0 0 3 0 0 0 5 0
预测:     0 1 0 0 4 0 0 1 6 0 10 7 0 0 0 0 0 2 0 1 0 0 2 0 36 0 0 3 0 0 0 5 0
准确率:    1.0000 (33/33)
----------------------------------------
⏳ 验证无提升 (验证准确率: 0.9695 ≤ 0.9697)，patience: 47/50

======================================================================
🚀 Epoch 191/200
======================================================================
📚 开始训练阶段...
训练进度: 500/6065 损失=0.0000
训练进度: 1000/6065 损失=0.0001
训练进度: 1500/6065 损失=0.0000
训练进度: 2000/6065 损失=0.0001
训练进度: 2500/6065 损失=0.0025
训练进度: 3000/6065 损失=0.0030
训练进度: 3500/6065 损失=0.0000
训练进度: 4000/6065 损失=0.0000
训练进度: 4500/6065 损失=0.0001
训练进度: 5000/6065 损失=0.0000
训练进度: 5500/6065 损失=0.0254
训练进度: 6000/6065 损失=0.0000
训练进度: 6065/6065 损失=0.0001
✅ 训练完成，耗时: 106.2秒 (1.8分钟)

============================================================
📊 验证决策: Epoch 191/200
   验证间隔: 1
   是否验证: ✅ 是
   原因: 达到验证间隔 (0 == 0)
============================================================

🔍 开始验证...
验证进度: 500/686 损失=0.1574
验证进度: 686/686 损失=0.8514

📊 预测分布分析:
  - 预测的前5个类别: {np.int64(0): 283194, np.int64(1): 37091, np.int64(2): 14728, np.int64(3): 10854, np.int64(4): 8890}
  - 标签的前5个类别: {np.int64(0): 281232, np.int64(1): 36731, np.int64(2): 14789, np.int64(3): 10866, np.int64(4): 8585}
✅ 验证完成，耗时: 4.8秒 (0.1分钟)
训练损失: 0.0016
验证损失: 0.6409
验证准确率: 0.9695 (10629/10964) - 与Levenshtein高度相关
验证F1(加权): 0.9686 - 类别平衡更好
学习率: 0.000002
显存使用: 0.48GB (预留: 0.69GB)

生成的训练样本:
--------------------------------------------------------------------------------
输入:       LWT >BJMLK MLK> DPLCTJ> LGDR W>TXZJ LH
目标:     0 0 0 0 0 0 0 0 0 0 2 0 0 0 4 0 0 1 0 0 0 0 11 0 0 1 0 0 2 0 1 0 14 0 0 3 0 1 0
预测:     0 0 0 0 0 0 0 0 0 0 2 0 0 0 4 0 0 1 0 0 0 0 11 0 0 1 0 0 2 0 1 0 14 0 0 3 0 1 0
准确率:    1.0000 (39/39)
----------------------------------------
输入:       LTMN LM>RTH SHDT BKWN JWMN> CMJ> W>R<>
目标:     0 1 0 0 0 0 1 73 0 0 74 12 0 0 0 3 19 0 1 0 0 0 0 0 0 0 4 0 0 0 24 9 0 0 1 0 0 4 0
预测:     0 1 0 0 0 0 1 73 0 0 74 12 0 0 0 3 19 0 1 0 0 0 0 0 0 0 4 0 0 0 24 9 0 0 1 0 0 4 0
准确率:    1.0000 (39/39)
----------------------------------------
输入:       >DBX LK WMDM DNDRT >CLM PWR<N> LMRJ>
目标:     0 6 0 0 16 0 1 0 0 1 0 0 2 0 1 0 0 33 0 0 6 0 0 16 0 0 0 0 0 4 0 0 1 0 0 0 2
预测:     0 6 0 0 16 0 1 0 0 1 0 0 2 0 1 0 0 33 0 0 6 0 0 16 0 0 0 0 0 4 0 0 1 0 0 0 2
准确率:    1.0000 (37/37)
----------------------------------------

生成的验证样本:
--------------------------------------------------------------------------------
输入:       YBJNH D>LH> LMSV> MN KL DBJC WKLJ
目标:     0 0 0 0 5 0 0 1 0 0 4 0 0 1 6 0 10 7 0 0 0 0 0 2 0 1 0 0 2 0 36 0 0 3
预测:     0 0 0 0 5 0 0 1 0 0 4 0 0 1 6 0 10 7 0 0 0 0 0 2 0 1 0 0 2 0 36 0 0 3
准确率:    1.0000 (34/34)
----------------------------------------
输入:       D>LH> LMSV> MN KL DBJC WKLJ XJLK
目标:     0 1 0 0 4 0 0 1 6 0 10 7 0 0 0 0 0 2 0 1 0 0 2 0 36 0 0 3 0 0 0 5 0
预测:     0 1 0 0 4 0 0 1 6 0 10 7 0 0 0 0 0 2 0 1 0 0 2 0 36 0 0 3 0 0 0 5 0
准确率:    1.0000 (33/33)
----------------------------------------
⏳ 验证无提升 (验证准确率: 0.9695 ≤ 0.9697)，patience: 48/50

======================================================================
🚀 Epoch 192/200
======================================================================
📚 开始训练阶段...
训练进度: 500/6065 损失=0.0014
训练进度: 1000/6065 损失=0.0029
训练进度: 1500/6065 损失=0.0002
训练进度: 2000/6065 损失=0.0002
训练进度: 2500/6065 损失=0.0048
训练进度: 3000/6065 损失=0.0001
训练进度: 3500/6065 损失=0.0017
训练进度: 4000/6065 损失=0.0066
训练进度: 4500/6065 损失=0.0000
训练进度: 5000/6065 损失=0.0002
训练进度: 5500/6065 损失=0.0048
训练进度: 6000/6065 损失=0.0001
训练进度: 6065/6065 损失=0.0005
✅ 训练完成，耗时: 105.9秒 (1.8分钟)

============================================================
📊 验证决策: Epoch 192/200
   验证间隔: 1
   是否验证: ✅ 是
   原因: 达到验证间隔 (0 == 0)
============================================================

🔍 开始验证...
验证进度: 500/686 损失=0.1531
验证进度: 686/686 损失=0.8648

📊 预测分布分析:
  - 预测的前5个类别: {np.int64(0): 283224, np.int64(1): 37094, np.int64(2): 14719, np.int64(3): 10842, np.int64(4): 8920}
  - 标签的前5个类别: {np.int64(0): 281232, np.int64(1): 36731, np.int64(2): 14789, np.int64(3): 10866, np.int64(4): 8585}
✅ 验证完成，耗时: 4.8秒 (0.1分钟)
训练损失: 0.0015
验证损失: 0.6420
验证准确率: 0.9695 (10629/10964) - 与Levenshtein高度相关
验证F1(加权): 0.9686 - 类别平衡更好
学习率: 0.000001
显存使用: 0.48GB (预留: 0.69GB)

生成的训练样本:
--------------------------------------------------------------------------------
输入:       RXM LMRJ> >LHK MN KLH LBK WMN
目标:     6 0 0 3 0 1 0 0 0 2 0 0 0 5 0 0 0 0 0 0 5 0 0 0 5 0 0 1 0 0
预测:     6 0 0 3 0 1 0 0 0 2 0 0 0 5 0 0 0 0 0 0 5 0 0 0 5 0 0 1 0 0
准确率:    1.0000 (30/30)
----------------------------------------
输入:       HW> BR MTJ NWN> BJM> V<NH HW>
目标:     0 0 10 3 0 0 2 0 0 0 2 0 0 0 15 0 0 1 0 4 0 0 0 0 120 0 0 0 10 3
预测:     0 0 10 3 0 0 2 0 0 0 2 0 0 0 15 0 0 1 0 4 0 0 0 0 120 0 0 0 10 3
准确率:    1.0000 (30/30)
----------------------------------------
输入:       HW BJT GWSJ MN >WLYN> D>XJD LJ
目标:     0 0 0 0 0 0 2 0 0 0 5 0 0 0 0 0 0 0 0 0 4 0 0 1 0 8 0 40 0 1 0
预测:     0 0 0 0 0 0 2 0 0 0 5 0 0 0 0 0 0 0 0 0 4 0 0 1 0 8 0 40 0 1 0
准确率:    1.0000 (31/31)
----------------------------------------

生成的验证样本:
--------------------------------------------------------------------------------
输入:       YBJNH D>LH> LMSV> MN KL DBJC WKLJ
目标:     0 0 0 0 5 0 0 1 0 0 4 0 0 1 6 0 10 7 0 0 0 0 0 2 0 1 0 0 2 0 36 0 0 3
预测:     0 0 0 0 5 0 0 1 0 0 4 0 0 1 6 0 10 7 0 0 0 0 0 2 0 1 0 0 2 0 36 0 0 3
准确率:    1.0000 (34/34)
----------------------------------------
输入:       D>LH> LMSV> MN KL DBJC WKLJ XJLK
目标:     0 1 0 0 4 0 0 1 6 0 10 7 0 0 0 0 0 2 0 1 0 0 2 0 36 0 0 3 0 0 0 5 0
预测:     0 1 0 0 4 0 0 1 6 0 10 7 0 0 0 0 0 2 0 1 0 0 2 0 36 0 0 3 0 0 0 5 0
准确率:    1.0000 (33/33)
----------------------------------------
⏳ 验证无提升 (验证准确率: 0.9695 ≤ 0.9697)，patience: 49/50

======================================================================
🚀 Epoch 193/200
======================================================================
📚 开始训练阶段...
训练进度: 500/6065 损失=0.0003
训练进度: 1000/6065 损失=0.0001
训练进度: 1500/6065 损失=0.0004
训练进度: 2000/6065 损失=0.0009
训练进度: 2500/6065 损失=0.0025
训练进度: 3000/6065 损失=0.0001
训练进度: 3500/6065 损失=0.0045
训练进度: 4000/6065 损失=0.0063
训练进度: 4500/6065 损失=0.0021
训练进度: 5000/6065 损失=0.0001
训练进度: 5500/6065 损失=0.0003
训练进度: 6000/6065 损失=0.0002
训练进度: 6065/6065 损失=0.0113
✅ 训练完成，耗时: 106.0秒 (1.8分钟)

============================================================
📊 验证决策: Epoch 193/200
   验证间隔: 1
   是否验证: ✅ 是
   原因: 达到验证间隔 (0 == 0)
============================================================

🔍 开始验证...
验证进度: 500/686 损失=0.1557
验证进度: 686/686 损失=0.8528

📊 预测分布分析:
  - 预测的前5个类别: {np.int64(0): 283222, np.int64(1): 37097, np.int64(2): 14731, np.int64(3): 10870, np.int64(4): 8931}
  - 标签的前5个类别: {np.int64(0): 281232, np.int64(1): 36731, np.int64(2): 14789, np.int64(3): 10866, np.int64(4): 8585}
✅ 验证完成，耗时: 4.8秒 (0.1分钟)
训练损失: 0.0016
验证损失: 0.6434
验证准确率: 0.9695 (10630/10964) - 与Levenshtein高度相关
验证F1(加权): 0.9687 - 类别平衡更好
学习率: 0.000001
显存使用: 0.48GB (预留: 0.69GB)

生成的训练样本:
--------------------------------------------------------------------------------
输入:       D<L PWM> D>WQJNWS WBGRMNJ> BRJT> WBSRMVJ> <LJT>
目标:     0 1 0 0 0 0 0 4 0 0 1 0 0 0 0 0 0 2 0 1 1 0 0 0 0 0 2 0 0 0 22 9 0 0 1 1 0 0 0 0 0 2 0 0 0 22 9 0
预测:     0 1 0 0 0 0 0 4 0 0 1 0 0 0 0 0 0 2 0 1 1 0 0 0 0 0 2 0 0 0 22 9 0 0 1 1 0 0 0 0 0 2 0 0 0 22 9 0
准确率:    1.0000 (48/48)
----------------------------------------
输入:       DDKR> D>SPJNJQ> WPRS> DMCK> DDKR> DSSGWN> W>PJ
目标:     0 1 0 0 30 0 0 1 0 0 0 0 0 0 4 0 0 1 0 0 55 0 0 1 0 0 11 0 0 1 0 0 30 0 0 1 0 0 0 0 4 0 0 1 54 2 0
预测:     0 1 0 0 30 0 0 1 0 0 0 0 0 0 4 0 0 1 0 0 55 0 0 1 0 0 11 0 0 1 0 0 30 0 0 1 0 0 0 0 4 0 0 1 54 2 0
准确率:    1.0000 (47/47)
----------------------------------------
输入:       BJWM> CBJ<J> WQRW BNJ >JSRJL CMH MNN>
目标:     0 1 0 0 4 0 0 0 0 0 0 4 0 0 1 0 18 0 0 0 2 0 0 0 0 0 0 0 2 0 0 5 0 0 0 0 0 2
预测:     0 1 0 0 4 0 0 0 0 0 0 4 0 0 1 0 18 0 0 0 2 0 0 0 0 0 0 0 2 0 0 5 0 0 0 0 0 2
准确率:    1.0000 (38/38)
----------------------------------------

生成的验证样本:
--------------------------------------------------------------------------------
输入:       YBJNH D>LH> LMSV> MN KL DBJC WKLJ
目标:     0 0 0 0 5 0 0 1 0 0 4 0 0 1 6 0 10 7 0 0 0 0 0 2 0 1 0 0 2 0 36 0 0 3
预测:     0 0 0 0 5 0 0 1 0 0 4 0 0 1 6 0 10 7 0 0 0 0 0 2 0 1 0 0 2 0 36 0 0 3
准确率:    1.0000 (34/34)
----------------------------------------
输入:       D>LH> LMSV> MN KL DBJC WKLJ XJLK
目标:     0 1 0 0 4 0 0 1 6 0 10 7 0 0 0 0 0 2 0 1 0 0 2 0 36 0 0 3 0 0 0 5 0
预测:     0 1 0 0 4 0 0 1 6 0 10 7 0 0 0 0 0 2 0 1 0 0 2 0 36 0 0 3 0 0 0 5 0
准确率:    1.0000 (33/33)
----------------------------------------
⏳ 验证无提升 (验证准确率: 0.9695 ≤ 0.9697)，patience: 50/50
⏹️  连续50个epoch没有改善，触发早停机制

📄 训练状态已保存到: outputs/mdlm_train_20260129_032219_seed456/training_status.json

==================================================
训练结束摘要
==================================================
状态: early_stopped
完成轮数: 193/200
最佳验证准确率: 0.9697
最佳模型轮数: 143
最终显存使用: 0.48GB
==================================================
⏱️  训练耗时: 360.9 分钟

📥 加载最佳模型进行最终评估...
评估中:   0%|          | 0/680 [00:00<?, ?it/s]评估中:   3%|▎         | 20/680 [00:00<00:03, 197.22it/s]评估中:   7%|▋         | 49/680 [00:00<00:02, 247.84it/s]评估中:  11%|█▏        | 78/680 [00:00<00:02, 265.15it/s]评估中:  16%|█▌        | 107/680 [00:00<00:02, 271.64it/s]评估中:  20%|██        | 137/680 [00:00<00:01, 278.65it/s]评估中:  24%|██▍       | 166/680 [00:00<00:01, 280.54it/s]评估中:  29%|██▉       | 196/680 [00:00<00:01, 283.42it/s]评估中:  33%|███▎      | 225/680 [00:00<00:01, 283.52it/s]评估中:  38%|███▊      | 255/680 [00:00<00:01, 285.79it/s]评估中:  42%|████▏     | 285/680 [00:01<00:01, 287.15it/s]评估中:  46%|████▌     | 314/680 [00:01<00:01, 286.91it/s]评估中:  50%|█████     | 343/680 [00:01<00:01, 287.06it/s]评估中:  55%|█████▍    | 373/680 [00:01<00:01, 288.37it/s]评估中:  59%|█████▉    | 402/680 [00:01<00:00, 288.77it/s]评估中:  64%|██████▎   | 432/680 [00:01<00:00, 289.30it/s]评估中:  68%|██████▊   | 461/680 [00:01<00:00, 288.10it/s]评估中:  72%|███████▏  | 490/680 [00:01<00:00, 286.95it/s]评估中:  76%|███████▋  | 519/680 [00:01<00:00, 287.39it/s]评估中:  81%|████████  | 548/680 [00:01<00:00, 286.70it/s]评估中:  85%|████████▌ | 578/680 [00:02<00:00, 288.25it/s]评估中:  89%|████████▉ | 608/680 [00:02<00:00, 289.94it/s]评估中:  94%|█████████▍| 638/680 [00:02<00:00, 290.17it/s]评估中:  98%|█████████▊| 668/680 [00:02<00:00, 290.55it/s]评估中: 100%|██████████| 680/680 [00:02<00:00, 284.26it/s]

生成的测试样本:
--------------------------------------------------------------------------------
输入:      WBHLJN KLHJN NJX> B<JT LJ DB>JN> JWTRN>
目标:     0 1 1 0 0 0 0 0 0 5 0 0 0 0 0 0 4 0 0 0 0 3 0 0 1 0 0 1 1 0 0 0 0 0 0 0 0 0 4 0
预测:     0 1 1 0 0 0 0 0 0 5 0 0 0 0 0 0 4 0 0 0 0 3 0 0 1 0 0 1 1 0 0 0 0 0 0 0 0 0 4 0
----------------------------------------
输入:      KLHJN NJX> B<JT LJ DB>JN> JWTRN> >CR>
目标:     0 0 5 0 0 0 0 0 0 4 0 0 0 0 3 0 0 1 0 0 1 1 0 0 0 0 0 0 0 0 0 4 0 0 6 0 10 3
预测:     0 0 5 0 0 0 0 0 0 4 0 0 0 0 3 0 0 1 0 0 1 1 0 0 0 0 0 0 0 0 0 4 0 0 6 0 10 3
----------------------------------------
输入:      NJX> B<JT LJ DB>JN> JWTRN> >CR> HJDJN
目标:     0 0 0 4 0 0 0 0 3 0 0 1 0 0 1 1 0 0 0 0 0 0 0 0 0 4 0 0 6 0 10 3 0 0 0 0 0 0
预测:     0 0 0 4 0 0 0 0 3 0 0 1 0 0 1 1 0 0 0 0 0 0 0 0 0 4 0 0 6 0 10 3 0 0 0 0 0 0
----------------------------------------
输入:      B<JT LJ DB>JN> JWTRN> >CR> HJDJN PQDNJ
目标:     0 0 0 3 0 0 1 0 0 1 1 0 0 0 0 0 0 0 0 0 4 0 0 6 0 10 3 0 0 0 0 0 0 0 0 0 29 0 0
预测:     0 0 0 3 0 0 1 0 0 1 1 0 0 0 0 0 0 0 0 0 4 0 0 6 0 10 3 0 0 0 0 0 0 0 0 0 51 0 0
----------------------------------------
输入:      LJ DB>JN> JWTRN> >CR> HJDJN PQDNJ MR>
目标:     0 1 0 0 1 1 0 0 0 0 0 0 0 0 0 4 0 0 6 0 10 3 0 0 0 0 0 0 0 0 0 29 0 0 0 0 0 2
预测:     0 1 0 0 1 1 0 0 0 0 0 0 0 0 0 4 0 0 6 0 10 3 0 0 0 0 0 0 0 0 0 29 0 0 0 0 111 0
----------------------------------------
   - 🎯 最终测试结果:
   - ✅ 测试准确率: 0.9710 (393,234/404,962)
📁 测试结果将保存到: outputs/mdlm_train_20260129_032219_seed456/results

📝 保存mdlm模型预测结果（最长序列: 56字符，使用批量评估结果）...
✅ 预测结果已保存到: outputs/mdlm_train_20260129_032219_seed456/results/mdlm_predictions_20260129_032219.out
   预测行数: 10869
   原始行数: 10869

📊 运行还原管道和Levenshtein评估...
   ⚠️  还原和Levenshtein评估失败: No module named 'restore_pipeline'
Traceback (most recent call last):
  File "<REMOTE_PATH>", line 2476, in main
    from restore_pipeline import run_full_pipeline
ModuleNotFoundError: No module named 'restore_pipeline'

💾 文件保存路径:
   输出目录: outputs/mdlm_train_20260129_032219_seed456
   ├── mdlm_model.pt
   ├── data/
   │   ├── patterns.csv
   │   ├── test.in
   │   ├── test.out
   │   └── dataset_info.json
   ├── tensorboard/
   ├── plots/
   │   └── mdlm_training_history.png
   └── results/
       ├── mdlm_results_20260129_032219.json
       ├── vocab_20260129_032219.json
       ├── mdlm_predictions_20260129_032219.out
       └── mdlm_test_report_20260129_032219.json

🎉 mdlm模型训练完成！
🧹 内存清理完成
