🎲 随机种子: 3407
📁 使用数据子目录: ./data/s4_on_s2
🚀 开始训练 mdlm 模型...
📁 输出目录: outputs/mdlm_train_20260129_032233_seed3407
  ✓ 复制patterns.csv
  ✓ 复制test.in
  ✓ 复制test.out
  ✓ 复制train.in
  ✓ 复制train.out
  ✓ 复制val.in
  ✓ 复制val.out
  ✓ 创建数据集信息文件
🚀 使用CUDA GPU: NVIDIA GeForce RTX 4090 D
🔧 强制使用设备: cuda
📂 正在加载数据...
ℹ️ 数据加载: 创建优化的数据加载器...
ℹ️ 数据加载: 使用 mdlm 模型的词汇表，大小: 40
ℹ️ 文件读取: 内存映射读取成功，共97048行
ℹ️ 文件读取: 内存映射读取成功，共97048行
ℹ️ 数据处理: 开始处理数据...
ℹ️ 数据处理: 使用4个线程并行处理97048行数据
ℹ️ 数据统计: 数据处理完成: 97048/97048 行成功处理 (100.0%)
ℹ️ 数据处理: 开始处理数据...
ℹ️ 数据处理: 使用4个线程并行处理10964行数据
ℹ️ 数据统计: 数据处理完成: 10964/10964 行成功处理 (100.0%)
ℹ️ 数据处理: 开始处理数据...
ℹ️ 数据处理: 使用4个线程并行处理10869行数据
ℹ️ 数据统计: 数据处理完成: 10869/10869 行成功处理 (100.0%)
ℹ️ 数据加载: 使用智能批处理采样器
ℹ️ 数据加载: 数据加载器优化设置:
ℹ️ 数据加载:   缓存: 禁用
ℹ️ 数据加载:   智能批处理: 启用
ℹ️ 数据加载:   工作线程数: 1
ℹ️ 数据加载:   内存锁定: 启用
📊 分析数据集...
ℹ️ 数据统计: ✅ 从训练数据统计到 329 个类别（标签范围: 0 ~ 328）
ℹ️ 数据统计: 📝 注意：使用训练集类别数，验证时可能遇到训练集独有类别
[DEBUG] 实际num_classes = 329
⚖️  计算类别权重...
📦 从缓存读取类别权重: data/s4_on_s2/class_weights_cache_329.pkl
   权重范围: 1.000 - 2.000
✅ 类别权重加载成功（从缓存）
✅ 类别权重计算完成，num_classes=329
📊 数据统计:
   词汇表大小: 40
   分类类别数: 329
   训练批次: 6065
   验证批次: 686
   测试批次: 680
   批次大小: 16
   最大序列长度: 64
🏗️  创建mdlm模型...
ℹ️ 创建 mdlm 模型...
MDLM模型构建完成:
  统一词汇表大小: 373
  输入字符: 40, 标签: 329
  模型维度: 768
  层数: 5
ℹ️ 初始化 MDLMModel - vocab_size: 373, num_classes: 329
ℹ️ 模型创建成功:
ℹ️   - 类型: mdlm
ℹ️   - 总参数: 28,201,589
ℹ️   - 可训练参数: 28,201,589
ℹ️   - 设备: cuda:0
🔢 模型参数:
   总参数量: 28,201,589
   可训练参数: 28,201,589
   模型大小: 107.6 MB
🎯 创建训练器...
✅ 使用FocalLoss + 类别权重处理数据不平衡问题
   权重张量形状: torch.Size([329])
   权重范围: 1.000 - 2.000
🚀 开始训练...
开始训练，共200个epoch...
模型参数量: 28,201,589 (可训练: 28,201,589)
早停指标: 验证准确率 (与Levenshtein相关性高)
GPU: NVIDIA GeForce RTX 4090 D, 显存: 25.3GB
估算训练内存需求: 451MB (0.4GB)
📊 参数统计: 平均范数=12.38, 大范数参数=33个

======================================================================
🚀 Epoch 1/200
======================================================================
📚 开始训练阶段...
训练进度: 500/6065 损失=1.6336
训练进度: 1000/6065 损失=0.8648
训练进度: 1500/6065 损失=0.6546
训练进度: 2000/6065 损失=0.5683
训练进度: 2500/6065 损失=0.5674
训练进度: 3000/6065 损失=0.4017
训练进度: 3500/6065 损失=0.4534
训练进度: 4000/6065 损失=0.2767
训练进度: 4500/6065 损失=0.5841
训练进度: 5000/6065 损失=0.3257
训练进度: 5500/6065 损失=0.3850
训练进度: 6000/6065 损失=0.3585
训练进度: 6065/6065 损失=0.3717
✅ 训练完成，耗时: 114.0秒 (1.9分钟)

============================================================
📊 验证决策: Epoch 1/200
   验证间隔: 1
   是否验证: ✅ 是
   原因: 第一个epoch
============================================================

🔍 开始验证...
验证进度: 500/686 损失=0.3333
验证进度: 686/686 损失=0.6312

📊 预测分布分析:
  - 预测的前5个类别: {np.int64(0): 278713, np.int64(1): 38446, np.int64(2): 14353, np.int64(3): 10913, np.int64(4): 9647}
  - 标签的前5个类别: {np.int64(0): 281232, np.int64(1): 36731, np.int64(2): 14789, np.int64(3): 10866, np.int64(4): 8585}
✅ 验证完成，耗时: 4.7秒 (0.1分钟)
训练损失: 0.6469
验证损失: 0.2714
验证准确率: 0.9384 (10288/10964) - 与Levenshtein高度相关
验证F1(加权): 0.9367 - 类别平衡更好
学习率: 0.000100
显存使用: 0.47GB (预留: 0.69GB)

生成的训练样本:
--------------------------------------------------------------------------------
输入:       <BD KRWB> MN TRJN SVRWHJ WHWW KRWB>
目标:     0 0 0 3 0 0 0 0 11 0 0 0 0 0 0 2 0 12 0 0 0 25 1 0 0 0 1 0 18 0 0 0 0 0 11 0
预测:     0 0 0 3 0 0 0 0 4 0 0 0 0 0 0 2 0 12 0 0 0 25 1 0 0 0 1 0 18 0 0 0 0 0 4 0
准确率:    0.9444 (34/36)
----------------------------------------
输入:       >JT DL>> W<ML WXSJR PGRH WXSJR KL
目标:     0 0 0 24 0 1 0 10 7 0 1 0 0 7 0 1 0 8 0 40 0 0 0 5 0 0 1 0 8 0 40 0 0 2
预测:     0 0 0 24 0 1 0 0 2 0 1 0 0 3 0 1 0 8 0 40 0 0 0 5 0 0 1 0 8 0 40 0 0 2
准确率:    0.9118 (31/34)
----------------------------------------
输入:       WJHBW LJ<QWB KLHWN >LH> NWKRJ> DB>JDJHWN WQDC>
目标:     0 1 0 0 3 0 0 1 0 0 0 0 2 0 0 5 0 0 0 0 0 0 11 0 0 0 0 0 0 11 0 0 1 35 0 0 2 1 0 0 0 0 1 0 0 30 0
预测:     0 1 0 0 3 0 0 1 0 0 0 0 2 0 0 5 0 0 0 0 0 0 11 0 0 0 0 0 0 11 0 0 1 35 0 0 2 1 0 0 0 0 1 0 0 30 0
准确率:    1.0000 (47/47)
----------------------------------------

生成的验证样本:
--------------------------------------------------------------------------------
输入:       KLH NPCHWN B>R<> DB<LDBBJHWN DCBW >NWN WNYLWN
目标:     0 0 5 12 0 0 0 5 0 0 0 0 1 0 0 4 0 0 1 0 0 0 0 0 2 1 0 0 0 0 1 0 18 0 0 0 0 0 0 0 1 6 0 18 0 19
预测:     0 0 5 0 0 0 0 5 0 0 0 0 1 0 0 4 0 0 1 0 0 0 0 0 2 1 0 0 0 0 1 0 3 0 0 0 0 0 0 0 1 6 0 18 0 0
准确率:    0.9348 (43/46)
----------------------------------------
输入:       NPCHWN B>R<> DB<LDBBJHWN DCBW >NWN WNYLWN QDMJK
目标:     0 0 0 5 0 0 0 0 1 0 0 4 0 0 1 0 0 0 0 0 2 1 0 0 0 0 1 0 18 0 0 0 0 0 0 0 1 6 0 18 0 19 0 0 0 2 1 0
预测:     0 0 0 5 0 0 0 0 1 0 0 4 0 0 1 0 0 0 0 0 2 1 0 0 0 0 1 0 3 0 0 0 0 0 0 0 1 6 0 18 0 0 0 0 0 2 1 0
准确率:    0.9583 (46/48)
----------------------------------------
💾 保存新的最佳模型！验证准确率: 0.9384 (F1: 0.9367) (Epoch 1)

======================================================================
🚀 Epoch 2/200
======================================================================
📚 开始训练阶段...
训练进度: 500/6065 损失=0.2874
训练进度: 1000/6065 损失=0.3007
训练进度: 1500/6065 损失=0.2720
训练进度: 2000/6065 损失=0.2133
训练进度: 2500/6065 损失=0.2968
训练进度: 3000/6065 损失=0.2492
训练进度: 3500/6065 损失=0.2292
训练进度: 4000/6065 损失=0.2722
训练进度: 4500/6065 损失=0.1298
训练进度: 5000/6065 损失=0.1788
训练进度: 5500/6065 损失=0.2139
训练进度: 6000/6065 损失=0.2079
训练进度: 6065/6065 损失=0.2469
✅ 训练完成，耗时: 110.3秒 (1.8分钟)

============================================================
📊 验证决策: Epoch 2/200
   验证间隔: 1
   是否验证: ✅ 是
   原因: 达到验证间隔 (0 == 0)
============================================================

🔍 开始验证...
验证进度: 500/686 损失=0.2842
验证进度: 686/686 损失=0.6282

📊 预测分布分析:
  - 预测的前5个类别: {np.int64(0): 281214, np.int64(1): 37663, np.int64(2): 14426, np.int64(3): 11165, np.int64(4): 9336}
  - 标签的前5个类别: {np.int64(0): 281232, np.int64(1): 36731, np.int64(2): 14789, np.int64(3): 10866, np.int64(4): 8585}
✅ 验证完成，耗时: 4.7秒 (0.1分钟)
训练损失: 0.2504
验证损失: 0.2177
验证准确率: 0.9527 (10445/10964) - 与Levenshtein高度相关
验证F1(加权): 0.9509 - 类别平衡更好
学习率: 0.000100
显存使用: 0.47GB (预留: 0.69GB)

生成的训练样本:
--------------------------------------------------------------------------------
输入:       DMH TW NZBNJWHJ L<RBJ> W>JDN L> THW>
目标:     0 0 5 0 21 18 0 0 6 0 0 125 113 0 0 0 0 1 0 0 0 11 0 0 35 0 0 5 0 0 0 0 0 6 0 10 3
预测:     0 0 5 0 21 18 0 0 6 0 0 125 113 0 0 0 0 1 0 0 0 11 0 0 35 0 0 5 0 0 0 0 0 6 0 10 3
准确率:    1.0000 (37/37)
----------------------------------------
输入:       L> ><BR W<DKJL <M> MDBXJN HWW WSJMJN
目标:     0 0 0 0 17 0 0 3 0 1 0 0 0 0 0 0 0 15 0 0 6 0 0 7 0 19 0 0 18 0 0 1 20 0 7 0 0
预测:     0 0 0 0 17 0 0 3 0 1 0 0 0 0 0 0 0 15 0 0 6 0 0 7 0 19 0 0 18 0 0 1 20 0 7 0 0
准确率:    1.0000 (37/37)
----------------------------------------
输入:       DTRTJN ZBNJN >JK D>TGLJ <LWHJ BGB<WN W>MR
目标:     0 1 0 2 0 0 0 0 0 0 2 0 0 0 0 0 0 0 1 0 14 0 0 3 0 0 8 1 0 0 0 1 0 0 0 0 2 0 1 0 0 3
预测:     0 1 0 2 0 0 0 0 0 0 2 0 0 0 0 0 0 0 1 0 14 0 0 3 0 0 8 1 0 0 0 1 0 0 0 0 2 0 1 0 0 3
准确率:    1.0000 (42/42)
----------------------------------------

生成的验证样本:
--------------------------------------------------------------------------------
输入:       KLH NPCHWN B>R<> DB<LDBBJHWN DCBW >NWN WNYLWN
目标:     0 0 5 12 0 0 0 5 0 0 0 0 1 0 0 4 0 0 1 0 0 0 0 0 2 1 0 0 0 0 1 0 18 0 0 0 0 0 0 0 1 6 0 18 0 19
预测:     0 0 5 12 0 0 0 5 0 0 0 0 1 0 0 4 0 0 1 0 0 0 0 0 2 1 0 0 0 0 1 0 18 0 0 0 0 0 0 0 1 6 0 18 0 0
准确率:    0.9783 (45/46)
----------------------------------------
输入:       NPCHWN B>R<> DB<LDBBJHWN DCBW >NWN WNYLWN QDMJK
目标:     0 0 0 5 0 0 0 0 1 0 0 4 0 0 1 0 0 0 0 0 2 1 0 0 0 0 1 0 18 0 0 0 0 0 0 0 1 6 0 18 0 19 0 0 0 2 1 0
预测:     0 0 0 5 0 0 0 0 1 0 0 4 0 0 1 0 0 0 0 0 2 1 0 0 0 0 1 0 18 0 0 0 0 0 0 0 1 6 0 18 0 0 0 0 0 2 1 0
准确率:    0.9792 (47/48)
----------------------------------------
💾 保存新的最佳模型！验证准确率: 0.9527 (F1: 0.9509) (Epoch 2)

======================================================================
🚀 Epoch 3/200
======================================================================
📚 开始训练阶段...
训练进度: 500/6065 损失=0.1730
训练进度: 1000/6065 损失=0.1269
训练进度: 1500/6065 损失=0.2145
训练进度: 2000/6065 损失=0.1783
训练进度: 2500/6065 损失=0.1770
训练进度: 3000/6065 损失=0.1758
训练进度: 3500/6065 损失=0.1707
训练进度: 4000/6065 损失=0.2017
训练进度: 4500/6065 损失=0.1065
训练进度: 5000/6065 损失=0.1642
训练进度: 5500/6065 损失=0.1759
训练进度: 6000/6065 损失=0.1456
训练进度: 6065/6065 损失=0.2768
✅ 训练完成，耗时: 110.0秒 (1.8分钟)

============================================================
📊 验证决策: Epoch 3/200
   验证间隔: 1
   是否验证: ✅ 是
   原因: 达到验证间隔 (0 == 0)
============================================================

🔍 开始验证...
验证进度: 500/686 损失=0.2646
验证进度: 686/686 损失=0.5488

📊 预测分布分析:
  - 预测的前5个类别: {np.int64(0): 278962, np.int64(1): 37675, np.int64(2): 14398, np.int64(3): 10706, np.int64(4): 8691}
  - 标签的前5个类别: {np.int64(0): 281232, np.int64(1): 36731, np.int64(2): 14789, np.int64(3): 10866, np.int64(4): 8585}
✅ 验证完成，耗时: 4.7秒 (0.1分钟)
训练损失: 0.1901
验证损失: 0.2046
验证准确率: 0.9556 (10477/10964) - 与Levenshtein高度相关
验证F1(加权): 0.9555 - 类别平衡更好
学习率: 0.000100
显存使用: 0.48GB (预留: 0.69GB)

生成的训练样本:
--------------------------------------------------------------------------------
输入:       MN RWXQ> WNQRWB MWC> BLXWDWHJ QDM MRJ>
目标:     0 0 0 0 0 0 0 4 0 0 1 6 0 8 0 3 0 0 0 0 2 0 1 0 0 0 25 1 0 0 0 0 0 2 0 0 0 0 2
预测:     0 0 0 0 0 0 0 4 0 0 1 6 0 8 0 3 0 0 0 0 2 0 1 0 0 0 25 1 0 0 0 0 0 2 0 0 0 0 2
准确率:    1.0000 (39/39)
----------------------------------------
输入:       GJR> LKNWCTH DMRJ> WL> N<WL BR GWR>
目标:     0 0 0 15 0 0 1 0 0 0 13 1 0 0 1 0 0 0 2 0 1 0 0 0 6 8 0 53 0 0 2 0 0 0 30 0
预测:     0 0 0 15 0 0 1 0 0 0 13 1 0 0 1 0 0 0 2 0 1 0 0 0 6 8 0 53 0 0 2 0 0 0 0 2
准确率:    0.9444 (34/36)
----------------------------------------
输入:       >NWN RXMJ NXCJR> W<BDJ Q>RS> WL> MCKXJNN
目标:     0 0 0 0 0 0 0 0 7 0 0 0 0 0 0 4 0 0 1 0 0 22 0 0 0 0 0 4 0 0 1 0 0 0 28 0 0 7 87 0 0
预测:     0 0 0 0 0 0 0 0 7 0 0 0 0 0 0 11 0 0 36 0 0 7 0 0 0 0 0 4 0 0 1 0 0 0 28 0 0 7 87 0 0
准确率:    0.9268 (38/41)
----------------------------------------

生成的验证样本:
--------------------------------------------------------------------------------
输入:       KLH NPCHWN B>R<> DB<LDBBJHWN DCBW >NWN WNYLWN
目标:     0 0 5 12 0 0 0 5 0 0 0 0 1 0 0 4 0 0 1 0 0 0 0 0 2 1 0 0 0 0 1 0 18 0 0 0 0 0 0 0 1 6 0 18 0 19
预测:     0 0 5 12 0 0 0 5 0 0 0 0 1 0 0 4 0 0 1 0 0 0 0 0 2 1 0 0 0 0 1 0 18 0 0 0 0 0 0 0 1 6 0 18 0 0
准确率:    0.9783 (45/46)
----------------------------------------
输入:       NPCHWN B>R<> DB<LDBBJHWN DCBW >NWN WNYLWN QDMJK
目标:     0 0 0 5 0 0 0 0 1 0 0 4 0 0 1 0 0 0 0 0 2 1 0 0 0 0 1 0 18 0 0 0 0 0 0 0 1 6 0 18 0 19 0 0 0 2 1 0
预测:     0 0 0 5 0 0 0 0 1 0 0 4 0 0 1 0 0 0 0 0 2 1 0 0 0 0 1 0 18 0 0 0 0 0 0 0 1 6 0 18 0 0 0 0 0 2 1 0
准确率:    0.9792 (47/48)
----------------------------------------
💾 保存新的最佳模型！验证准确率: 0.9556 (F1: 0.9555) (Epoch 3)

======================================================================
🚀 Epoch 4/200
======================================================================
📚 开始训练阶段...
训练进度: 500/6065 损失=0.1115
训练进度: 1000/6065 损失=0.1348
训练进度: 1500/6065 损失=0.1477
训练进度: 2000/6065 损失=0.1661
训练进度: 2500/6065 损失=0.1320
训练进度: 3000/6065 损失=0.1652
训练进度: 3500/6065 损失=0.1403
训练进度: 4000/6065 损失=0.1547
训练进度: 4500/6065 损失=0.1014
训练进度: 5000/6065 损失=0.1480
训练进度: 5500/6065 损失=0.1848
训练进度: 6000/6065 损失=0.1688
训练进度: 6065/6065 损失=0.1264
✅ 训练完成，耗时: 109.9秒 (1.8分钟)

============================================================
📊 验证决策: Epoch 4/200
   验证间隔: 1
   是否验证: ✅ 是
   原因: 达到验证间隔 (0 == 0)
============================================================

🔍 开始验证...
验证进度: 500/686 损失=0.2090
验证进度: 686/686 损失=0.6991

📊 预测分布分析:
  - 预测的前5个类别: {np.int64(0): 280604, np.int64(1): 37283, np.int64(2): 14769, np.int64(3): 11454, np.int64(4): 8935}
  - 标签的前5个类别: {np.int64(0): 281232, np.int64(1): 36731, np.int64(2): 14789, np.int64(3): 10866, np.int64(4): 8585}
✅ 验证完成，耗时: 4.7秒 (0.1分钟)
训练损失: 0.1596
验证损失: 0.1979
验证准确率: 0.9603 (10528/10964) - 与Levenshtein高度相关
验证F1(加权): 0.9595 - 类别平衡更好
学习率: 0.000100
显存使用: 0.48GB (预留: 0.69GB)

生成的训练样本:
--------------------------------------------------------------------------------
输入:       QDM MRJ> >LHK KLHWN JWMT> W>N SGJ>>
目标:     0 0 0 2 0 0 0 0 2 0 0 0 5 0 0 0 5 0 0 0 0 0 0 2 23 0 0 1 0 0 0 0 0 0 2 0
预测:     0 0 0 2 0 0 0 0 2 0 0 0 5 0 0 0 5 0 0 0 0 0 0 2 23 0 0 1 0 0 0 0 0 0 11 0
准确率:    0.9722 (35/36)
----------------------------------------
输入:       WNYW R<WT> DGDR <M R<WT> D>JSXQ W>MRW
目标:     0 1 0 18 0 0 0 10 62 23 0 0 1 0 0 2 0 0 0 0 0 10 62 23 0 0 1 0 0 0 0 2 0 1 0 0 3 0
预测:     0 1 0 18 0 0 0 10 7 23 0 0 1 0 0 2 0 0 0 0 0 10 7 23 0 0 1 0 0 0 0 2 0 1 0 0 3 0
准确率:    0.9474 (36/38)
----------------------------------------
输入:       WTRJN >LPJN W>RB<M>> MTQLJN W<BD BH SMK>
目标:     0 1 0 2 0 12 0 0 0 2 0 0 0 1 0 0 0 5 0 0 2 0 0 0 0 2 0 0 0 1 0 0 3 0 1 0 0 0 0 30 0
预测:     0 1 0 2 0 12 0 0 0 2 0 0 0 1 0 0 0 5 0 0 2 0 0 0 0 2 0 0 0 1 0 0 3 0 1 0 0 0 0 30 0
准确率:    1.0000 (41/41)
----------------------------------------

生成的验证样本:
--------------------------------------------------------------------------------
输入:       KLH NPCHWN B>R<> DB<LDBBJHWN DCBW >NWN WNYLWN
目标:     0 0 5 12 0 0 0 5 0 0 0 0 1 0 0 4 0 0 1 0 0 0 0 0 2 1 0 0 0 0 1 0 18 0 0 0 0 0 0 0 1 6 0 18 0 19
预测:     0 0 5 12 0 0 0 5 0 0 0 0 1 0 0 4 0 0 1 0 0 0 0 0 2 1 0 0 0 0 1 0 18 19 0 0 0 0 0 0 1 6 0 18 0 19
准确率:    0.9783 (45/46)
----------------------------------------
输入:       NPCHWN B>R<> DB<LDBBJHWN DCBW >NWN WNYLWN QDMJK
目标:     0 0 0 5 0 0 0 0 1 0 0 4 0 0 1 0 0 0 0 0 2 1 0 0 0 0 1 0 18 0 0 0 0 0 0 0 1 6 0 18 0 19 0 0 0 2 1 0
预测:     0 0 0 5 0 0 0 0 1 0 0 4 0 0 1 0 0 0 0 0 2 1 0 0 0 0 1 0 18 0 0 0 0 0 0 0 1 6 0 18 0 19 0 0 0 2 1 0
准确率:    1.0000 (48/48)
----------------------------------------
💾 保存新的最佳模型！验证准确率: 0.9603 (F1: 0.9595) (Epoch 4)

======================================================================
🚀 Epoch 5/200
======================================================================
📚 开始训练阶段...
训练进度: 500/6065 损失=0.1507
训练进度: 1000/6065 损失=0.1024
训练进度: 1500/6065 损失=0.0993
训练进度: 2000/6065 损失=0.1098
训练进度: 2500/6065 损失=0.0874
训练进度: 3000/6065 损失=0.1373
训练进度: 3500/6065 损失=0.1039
训练进度: 4000/6065 损失=0.0729
训练进度: 4500/6065 损失=0.1417
训练进度: 5000/6065 损失=0.1222
训练进度: 5500/6065 损失=0.1641
训练进度: 6000/6065 损失=0.1083
训练进度: 6065/6065 损失=0.0974
✅ 训练完成，耗时: 110.0秒 (1.8分钟)

============================================================
📊 验证决策: Epoch 5/200
   验证间隔: 1
   是否验证: ✅ 是
   原因: 达到验证间隔 (0 == 0)
============================================================

🔍 开始验证...
验证进度: 500/686 损失=0.1426
验证进度: 686/686 损失=0.7423

📊 预测分布分析:
  - 预测的前5个类别: {np.int64(0): 281390, np.int64(1): 37379, np.int64(2): 14682, np.int64(3): 10443, np.int64(4): 9008}
  - 标签的前5个类别: {np.int64(0): 281232, np.int64(1): 36731, np.int64(2): 14789, np.int64(3): 10866, np.int64(4): 8585}
✅ 验证完成，耗时: 4.7秒 (0.1分钟)
训练损失: 0.1400
验证损失: 0.2010
验证准确率: 0.9619 (10546/10964) - 与Levenshtein高度相关
验证F1(加权): 0.9613 - 类别平衡更好
学习率: 0.000100
显存使用: 0.48GB (预留: 0.69GB)

生成的训练样本:
--------------------------------------------------------------------------------
输入:       >NT LTMN MVL HN> QR> CMH DQRJT>
目标:     0 0 0 0 0 1 0 0 0 0 0 0 0 0 0 0 0 0 0 10 3 0 0 5 12 0 1 0 0 22 9 0
预测:     0 0 0 0 0 1 0 0 0 0 0 0 0 0 0 0 0 0 0 10 3 0 0 5 12 0 1 0 0 22 9 0
准确率:    1.0000 (32/32)
----------------------------------------
输入:       XY> WLSN>> DJLJ <VJT Q<W WL> >JT
目标:     0 0 4 0 0 1 1 0 0 11 0 0 0 0 1 0 0 0 0 3 12 0 0 18 0 0 1 0 0 0 0 0 24
预测:     0 0 4 0 0 1 1 0 0 4 0 0 0 0 1 0 0 0 0 3 12 0 0 18 0 0 1 0 0 0 0 0 24
准确率:    0.9697 (32/33)
----------------------------------------
输入:       T<BD >NWN >JK TNWR> DNWR> LZBN> DRWGZ>
目标:     0 6 0 0 3 0 0 0 0 0 0 0 0 0 0 0 0 0 4 0 0 1 0 0 4 0 0 1 0 0 4 0 0 1 0 0 0 4 0
预测:     0 6 0 0 3 0 0 0 0 0 0 0 0 0 0 0 0 0 4 0 0 1 0 0 4 0 0 1 0 0 4 0 0 1 0 0 0 4 0
准确率:    1.0000 (39/39)
----------------------------------------

生成的验证样本:
--------------------------------------------------------------------------------
输入:       KLH NPCHWN B>R<> DB<LDBBJHWN DCBW >NWN WNYLWN
目标:     0 0 5 12 0 0 0 5 0 0 0 0 1 0 0 4 0 0 1 0 0 0 0 0 2 1 0 0 0 0 1 0 18 0 0 0 0 0 0 0 1 6 0 18 0 19
预测:     0 0 5 12 0 0 0 5 0 0 0 0 1 0 0 4 0 0 1 0 0 0 0 0 2 1 0 0 0 0 1 0 18 0 0 0 0 0 0 0 1 6 0 18 0 19
准确率:    1.0000 (46/46)
----------------------------------------
输入:       NPCHWN B>R<> DB<LDBBJHWN DCBW >NWN WNYLWN QDMJK
目标:     0 0 0 5 0 0 0 0 1 0 0 4 0 0 1 0 0 0 0 0 2 1 0 0 0 0 1 0 18 0 0 0 0 0 0 0 1 6 0 18 0 19 0 0 0 2 1 0
预测:     0 0 0 5 0 0 0 0 1 0 0 4 0 0 1 0 0 0 0 0 2 1 0 0 0 0 1 0 18 19 0 0 0 0 0 0 1 6 0 18 0 19 0 0 0 2 1 0
准确率:    0.9792 (47/48)
----------------------------------------
💾 保存新的最佳模型！验证准确率: 0.9619 (F1: 0.9613) (Epoch 5)

======================================================================
🚀 Epoch 6/200
======================================================================
📚 开始训练阶段...
训练进度: 500/6065 损失=0.1108
训练进度: 1000/6065 损失=0.1171
训练进度: 1500/6065 损失=0.1339
训练进度: 2000/6065 损失=0.1327
训练进度: 2500/6065 损失=0.1503
训练进度: 3000/6065 损失=0.0982
训练进度: 3500/6065 损失=0.1575
训练进度: 4000/6065 损失=0.1356
训练进度: 4500/6065 损失=0.1352
训练进度: 5000/6065 损失=0.1371
训练进度: 5500/6065 损失=0.1403
训练进度: 6000/6065 损失=0.1006
训练进度: 6065/6065 损失=0.1067
✅ 训练完成，耗时: 110.0秒 (1.8分钟)

============================================================
📊 验证决策: Epoch 6/200
   验证间隔: 1
   是否验证: ✅ 是
   原因: 达到验证间隔 (0 == 0)
============================================================

🔍 开始验证...
验证进度: 500/686 损失=0.1359
验证进度: 686/686 损失=0.5659

📊 预测分布分析:
  - 预测的前5个类别: {np.int64(0): 281887, np.int64(1): 37048, np.int64(2): 14881, np.int64(3): 10458, np.int64(4): 8773}
  - 标签的前5个类别: {np.int64(0): 281232, np.int64(1): 36731, np.int64(2): 14789, np.int64(3): 10866, np.int64(4): 8585}
✅ 验证完成，耗时: 4.7秒 (0.1分钟)
训练损失: 0.1269
验证损失: 0.2057
验证准确率: 0.9634 (10562/10964) - 与Levenshtein高度相关
验证F1(加权): 0.9627 - 类别平衡更好
学习率: 0.000100
显存使用: 0.48GB (预留: 0.69GB)

生成的训练样本:
--------------------------------------------------------------------------------
输入:       WCM> D>MH MCLMT BRT XDWY MN JVBT
目标:     0 1 0 4 0 0 1 0 5 0 0 0 0 0 0 2 0 0 13 0 0 0 0 0 2 0 0 0 0 0 0 0 2
预测:     0 1 0 4 0 0 1 0 5 0 0 28 0 0 7 2 0 0 13 0 0 0 0 0 2 0 0 0 0 0 0 0 2
准确率:    0.9394 (31/33)
----------------------------------------
输入:       HW> LHWN LMLV> W>MRW TW NBN> LN
目标:     0 0 10 7 0 1 0 0 0 0 1 0 0 4 0 0 1 0 0 3 0 21 18 0 0 44 0 10 3 0 1 0
预测:     0 0 10 3 0 1 0 0 0 0 1 0 0 4 0 0 1 0 0 3 0 21 18 0 0 6 0 10 3 0 1 0
准确率:    0.9375 (30/32)
----------------------------------------
输入:       MN XZWH L> NTGLZWN SLQW W>RJMW <JNJHWN
目标:     0 0 0 0 0 0 5 12 0 0 0 0 21 14 0 0 3 0 0 0 0 0 3 0 0 1 17 20 0 3 0 0 0 0 2 1 0 0 0
预测:     0 0 0 0 0 0 5 12 0 0 0 0 21 14 0 0 3 0 0 0 0 0 3 0 0 1 17 20 0 3 0 0 0 0 2 1 0 0 0
准确率:    1.0000 (39/39)
----------------------------------------

生成的验证样本:
--------------------------------------------------------------------------------
输入:       KLH NPCHWN B>R<> DB<LDBBJHWN DCBW >NWN WNYLWN
目标:     0 0 5 12 0 0 0 5 0 0 0 0 1 0 0 4 0 0 1 0 0 0 0 0 2 1 0 0 0 0 1 0 18 0 0 0 0 0 0 0 1 6 0 18 0 19
预测:     0 0 5 12 0 0 0 5 0 0 0 0 1 0 0 4 0 0 1 0 0 0 0 0 2 1 0 0 0 0 1 0 18 2 0 0 0 0 0 0 1 6 0 18 0 19
准确率:    0.9783 (45/46)
----------------------------------------
输入:       NPCHWN B>R<> DB<LDBBJHWN DCBW >NWN WNYLWN QDMJK
目标:     0 0 0 5 0 0 0 0 1 0 0 4 0 0 1 0 0 0 0 0 2 1 0 0 0 0 1 0 18 0 0 0 0 0 0 0 1 6 0 18 0 19 0 0 0 2 1 0
预测:     0 0 0 5 0 0 0 0 1 0 0 4 0 0 1 0 0 0 0 0 2 1 0 0 0 0 1 0 18 19 0 0 0 0 0 0 1 6 0 18 0 19 0 0 0 2 1 0
准确率:    0.9792 (47/48)
----------------------------------------
💾 保存新的最佳模型！验证准确率: 0.9634 (F1: 0.9627) (Epoch 6)

======================================================================
🚀 Epoch 7/200
======================================================================
📚 开始训练阶段...
训练进度: 500/6065 损失=0.1322
训练进度: 1000/6065 损失=0.1205
训练进度: 1500/6065 损失=0.1169
训练进度: 2000/6065 损失=0.1166
训练进度: 2500/6065 损失=0.1040
训练进度: 3000/6065 损失=0.1647
训练进度: 3500/6065 损失=0.0989
训练进度: 4000/6065 损失=0.1331
训练进度: 4500/6065 损失=0.1262
训练进度: 5000/6065 损失=0.1293
训练进度: 5500/6065 损失=0.0598
训练进度: 6000/6065 损失=0.1534
训练进度: 6065/6065 损失=0.1479
✅ 训练完成，耗时: 109.8秒 (1.8分钟)

============================================================
📊 验证决策: Epoch 7/200
   验证间隔: 1
   是否验证: ✅ 是
   原因: 达到验证间隔 (0 == 0)
============================================================

🔍 开始验证...
验证进度: 500/686 损失=0.1909
验证进度: 686/686 损失=0.6801

📊 预测分布分析:
  - 预测的前5个类别: {np.int64(0): 280682, np.int64(1): 37267, np.int64(2): 14985, np.int64(3): 10456, np.int64(4): 8885}
  - 标签的前5个类别: {np.int64(0): 281232, np.int64(1): 36731, np.int64(2): 14789, np.int64(3): 10866, np.int64(4): 8585}
✅ 验证完成，耗时: 4.7秒 (0.1分钟)
训练损失: 0.1167
验证损失: 0.1990
验证准确率: 0.9639 (10567/10964) - 与Levenshtein高度相关
验证F1(加权): 0.9636 - 类别平衡更好
学习率: 0.000100
显存使用: 0.48GB (预留: 0.69GB)

生成的训练样本:
--------------------------------------------------------------------------------
输入:       LMV<> BXWCBNJ LLJ> L> TTL LHWN LBK
目标:     0 1 6 0 10 7 0 1 0 0 0 0 2 0 0 38 0 4 0 0 0 0 0 34 0 3 0 1 0 0 0 0 0 5 0
预测:     0 1 6 0 10 7 0 1 0 0 0 0 2 46 0 38 0 4 0 0 0 0 0 34 0 3 0 1 0 0 0 0 0 5 0
准确率:    0.9714 (34/35)
----------------------------------------
输入:       DBRW LBNWHJ DMLK> WNKSW >NWN CB<JN GBRJN
目标:     0 0 0 3 0 0 1 0 25 1 0 0 0 1 0 0 4 0 0 1 0 0 33 0 0 0 0 0 0 0 0 0 0 0 2 0 0 0 2 0 0
预测:     0 0 0 3 0 0 1 0 25 1 0 0 0 1 0 0 4 0 0 1 0 0 33 0 0 0 0 0 0 0 0 0 2 0 0 0 0 0 2 0 0
准确率:    0.9512 (39/41)
----------------------------------------
输入:       HWT LN MXZJT> DXZJNN BH KWTMTN BH
目标:     0 0 18 26 0 1 0 0 0 0 0 2 9 0 0 1 0 42 87 0 0 0 1 12 0 0 0 0 13 32 0 0 1 0
预测:     0 0 18 26 0 1 0 0 0 0 0 2 9 0 0 1 0 42 87 0 0 0 1 12 0 0 0 0 13 32 0 0 1 12
准确率:    0.9706 (33/34)
----------------------------------------

生成的验证样本:
--------------------------------------------------------------------------------
输入:       KLH NPCHWN B>R<> DB<LDBBJHWN DCBW >NWN WNYLWN
目标:     0 0 5 12 0 0 0 5 0 0 0 0 1 0 0 4 0 0 1 0 0 0 0 0 2 1 0 0 0 0 1 0 18 0 0 0 0 0 0 0 1 6 0 18 0 19
预测:     0 0 5 12 0 0 0 5 0 0 0 0 1 0 0 4 0 0 1 0 0 0 0 0 2 1 0 0 0 0 1 0 18 2 0 0 0 0 0 0 1 6 0 18 0 19
准确率:    0.9783 (45/46)
----------------------------------------
输入:       NPCHWN B>R<> DB<LDBBJHWN DCBW >NWN WNYLWN QDMJK
目标:     0 0 0 5 0 0 0 0 1 0 0 4 0 0 1 0 0 0 0 0 2 1 0 0 0 0 1 0 18 0 0 0 0 0 0 0 1 6 0 18 0 19 0 0 0 2 1 0
预测:     0 0 0 5 0 0 0 0 1 0 0 4 0 0 1 0 0 0 0 0 2 1 0 0 0 0 1 0 18 2 0 0 0 0 0 0 1 6 0 18 0 19 0 0 0 2 1 0
准确率:    0.9792 (47/48)
----------------------------------------
💾 保存新的最佳模型！验证准确率: 0.9639 (F1: 0.9636) (Epoch 7)

======================================================================
🚀 Epoch 8/200
======================================================================
📚 开始训练阶段...
训练进度: 500/6065 损失=0.1030
训练进度: 1000/6065 损失=0.0743
训练进度: 1500/6065 损失=0.0911
训练进度: 2000/6065 损失=0.1195
训练进度: 2500/6065 损失=0.1339
训练进度: 3000/6065 损失=0.0890
训练进度: 3500/6065 损失=0.1451
训练进度: 4000/6065 损失=0.1041
训练进度: 4500/6065 损失=0.1453
训练进度: 5000/6065 损失=0.0930
训练进度: 5500/6065 损失=0.1097
训练进度: 6000/6065 损失=0.2059
训练进度: 6065/6065 损失=0.1428
✅ 训练完成，耗时: 109.7秒 (1.8分钟)

============================================================
📊 验证决策: Epoch 8/200
   验证间隔: 1
   是否验证: ✅ 是
   原因: 达到验证间隔 (0 == 0)
============================================================

🔍 开始验证...
验证进度: 500/686 损失=0.2385
验证进度: 686/686 损失=0.7526

📊 预测分布分析:
  - 预测的前5个类别: {np.int64(0): 281045, np.int64(1): 37138, np.int64(2): 14904, np.int64(3): 10721, np.int64(4): 8611}
  - 标签的前5个类别: {np.int64(0): 281232, np.int64(1): 36731, np.int64(2): 14789, np.int64(3): 10866, np.int64(4): 8585}
✅ 验证完成，耗时: 4.7秒 (0.1分钟)
训练损失: 0.1082
验证损失: 0.2052
验证准确率: 0.9644 (10574/10964) - 与Levenshtein高度相关
验证F1(加权): 0.9639 - 类别平衡更好
学习率: 0.000100
显存使用: 0.48GB (预留: 0.69GB)

生成的训练样本:
--------------------------------------------------------------------------------
输入:       DMDNX> XMCJN >MJN WXMC<SR> >MJN SDR> DSVR>
目标:     0 1 0 0 0 4 0 0 0 0 2 0 0 0 0 13 0 0 0 1 0 0 5 0 0 0 2 0 0 13 0 0 0 0 0 11 0 0 1 0 0 4 0
预测:     0 1 0 0 0 4 0 0 0 0 2 0 0 0 0 13 0 0 0 1 0 0 5 0 0 0 2 0 0 13 0 0 0 0 0 11 0 0 1 0 0 4 0
准确率:    1.0000 (43/43)
----------------------------------------
输入:       YRWB> >NTT> >RMLT> <BD> DCLJMWN W>RJM >JD>
目标:     0 0 0 0 0 2 0 0 0 13 9 0 0 0 0 0 13 9 0 0 0 0 15 0 0 1 0 0 0 0 0 2 0 1 17 20 0 3 8 0 0 4 0
预测:     0 0 0 0 4 0 0 0 0 13 9 0 0 0 0 0 13 9 0 0 0 0 82 0 0 1 0 0 0 0 0 2 0 1 17 20 0 3 8 0 0 4 0
准确率:    0.9302 (40/43)
----------------------------------------
输入:       DMLL LMRJ> ML> DTCBWXT> HD> BJWM> HW
目标:     0 1 0 0 16 0 1 0 0 0 2 0 0 61 0 0 1 0 0 8 0 13 9 0 0 0 0 0 0 1 0 0 4 0 0 0 12
预测:     0 1 0 0 16 0 1 0 0 0 2 0 0 61 0 0 1 0 0 8 0 13 9 0 0 0 0 0 0 1 0 0 4 0 0 0 12
准确率:    1.0000 (37/37)
----------------------------------------

生成的验证样本:
--------------------------------------------------------------------------------
输入:       KLH NPCHWN B>R<> DB<LDBBJHWN DCBW >NWN WNYLWN
目标:     0 0 5 12 0 0 0 5 0 0 0 0 1 0 0 4 0 0 1 0 0 0 0 0 2 1 0 0 0 0 1 0 18 0 0 0 0 0 0 0 1 6 0 18 0 19
预测:     0 0 5 12 0 0 0 5 0 0 0 0 1 0 0 4 0 0 1 0 0 0 0 0 2 1 0 0 0 0 1 0 18 0 0 0 0 0 0 0 1 6 0 18 0 19
准确率:    1.0000 (46/46)
----------------------------------------
输入:       NPCHWN B>R<> DB<LDBBJHWN DCBW >NWN WNYLWN QDMJK
目标:     0 0 0 5 0 0 0 0 1 0 0 4 0 0 1 0 0 0 0 0 2 1 0 0 0 0 1 0 18 0 0 0 0 0 0 0 1 6 0 18 0 19 0 0 0 2 1 0
预测:     0 0 0 5 0 0 0 0 1 0 0 4 0 0 1 0 0 0 0 0 2 1 0 0 0 0 1 0 18 22 0 0 0 0 0 0 1 6 0 18 0 19 0 0 0 2 1 0
准确率:    0.9792 (47/48)
----------------------------------------
💾 保存新的最佳模型！验证准确率: 0.9644 (F1: 0.9639) (Epoch 8)

======================================================================
🚀 Epoch 9/200
======================================================================
📚 开始训练阶段...
训练进度: 500/6065 损失=0.1217
训练进度: 1000/6065 损失=0.0766
训练进度: 1500/6065 损失=0.0934
训练进度: 2000/6065 损失=0.0854
训练进度: 2500/6065 损失=0.1046
训练进度: 3000/6065 损失=0.1239
训练进度: 3500/6065 损失=0.0966
训练进度: 4000/6065 损失=0.0797
训练进度: 4500/6065 损失=0.0976
训练进度: 5000/6065 损失=0.1207
训练进度: 5500/6065 损失=0.0944
训练进度: 6000/6065 损失=0.0858
训练进度: 6065/6065 损失=0.0792
✅ 训练完成，耗时: 109.7秒 (1.8分钟)

============================================================
📊 验证决策: Epoch 9/200
   验证间隔: 1
   是否验证: ✅ 是
   原因: 达到验证间隔 (0 == 0)
============================================================

🔍 开始验证...
验证进度: 500/686 损失=0.2564
验证进度: 686/686 损失=0.6330

📊 预测分布分析:
  - 预测的前5个类别: {np.int64(0): 281069, np.int64(1): 37046, np.int64(2): 14777, np.int64(3): 10935, np.int64(4): 9387}
  - 标签的前5个类别: {np.int64(0): 281232, np.int64(1): 36731, np.int64(2): 14789, np.int64(3): 10866, np.int64(4): 8585}
✅ 验证完成，耗时: 4.7秒 (0.1分钟)
训练损失: 0.1019
验证损失: 0.2113
验证准确率: 0.9647 (10576/10964) - 与Levenshtein高度相关
验证F1(加权): 0.9641 - 类别平衡更好
学习率: 0.000100
显存使用: 0.47GB (预留: 0.69GB)

生成的训练样本:
--------------------------------------------------------------------------------
输入:       WTDMWRT> D>MR LK WN>MR LK T> N>ZL
目标:     0 1 0 0 0 0 13 9 0 0 1 0 0 3 0 1 0 0 1 6 0 0 3 0 1 0 21 10 3 0 44 0 0 3
预测:     0 1 0 0 0 0 13 9 0 0 1 21 0 3 0 1 0 0 1 6 0 0 3 0 1 0 21 10 3 0 6 0 0 3
准确率:    0.9412 (32/34)
----------------------------------------
输入:       KLDJ> WBCNT TLTJN WCB< CNJN LGLWTH DJWJKJN
目标:     0 0 0 0 11 0 0 1 1 0 13 0 0 0 0 0 0 2 0 1 0 0 2 0 0 13 0 0 0 1 0 0 2 1 0 0 1 0 0 0 0 0 2
预测:     0 0 0 0 11 0 0 1 1 0 13 0 0 0 0 0 0 0 0 1 0 0 2 0 0 13 0 0 0 1 0 0 2 1 0 0 1 0 0 0 0 0 2
准确率:    0.9767 (42/43)
----------------------------------------
输入:       D>TNSB LKJ W>NTJ >JMJTJ W>P >MRTJ B>DNJ
目标:     0 1 0 14 0 0 3 0 1 0 0 0 1 0 0 0 0 8 0 0 0 3 0 0 0 1 0 0 0 0 0 3 0 0 0 1 0 0 2 46
预测:     0 1 0 14 0 0 3 0 1 0 0 0 1 0 0 0 0 8 0 0 0 3 0 0 0 1 0 0 0 0 0 3 0 0 0 1 0 0 2 46
准确率:    1.0000 (40/40)
----------------------------------------

生成的验证样本:
--------------------------------------------------------------------------------
输入:       KLH NPCHWN B>R<> DB<LDBBJHWN DCBW >NWN WNYLWN
目标:     0 0 5 12 0 0 0 5 0 0 0 0 1 0 0 4 0 0 1 0 0 0 0 0 2 1 0 0 0 0 1 0 18 0 0 0 0 0 0 0 1 6 0 18 0 19
预测:     0 0 5 12 0 0 0 5 0 0 0 0 1 0 0 4 0 0 1 0 0 0 0 0 2 1 0 0 0 0 1 0 18 0 0 0 0 0 0 0 1 6 0 18 0 19
准确率:    1.0000 (46/46)
----------------------------------------
输入:       NPCHWN B>R<> DB<LDBBJHWN DCBW >NWN WNYLWN QDMJK
目标:     0 0 0 5 0 0 0 0 1 0 0 4 0 0 1 0 0 0 0 0 2 1 0 0 0 0 1 0 18 0 0 0 0 0 0 0 1 6 0 18 0 19 0 0 0 2 1 0
预测:     0 0 0 5 0 0 0 0 1 0 0 4 0 0 1 0 0 0 0 0 2 1 0 0 0 0 1 0 18 0 0 0 0 0 0 0 1 6 0 18 0 19 0 0 0 2 1 0
准确率:    1.0000 (48/48)
----------------------------------------
💾 保存新的最佳模型！验证准确率: 0.9647 (F1: 0.9641) (Epoch 9)

======================================================================
🚀 Epoch 10/200
======================================================================
📚 开始训练阶段...
训练进度: 500/6065 损失=0.0920
训练进度: 1000/6065 损失=0.1272
训练进度: 1500/6065 损失=0.1189
训练进度: 2000/6065 损失=0.1148
训练进度: 2500/6065 损失=0.1574
训练进度: 3000/6065 损失=0.0324
训练进度: 3500/6065 损失=0.1115
训练进度: 4000/6065 损失=0.0914
训练进度: 4500/6065 损失=0.0840
训练进度: 5000/6065 损失=0.0773
训练进度: 5500/6065 损失=0.0844
训练进度: 6000/6065 损失=0.0907
训练进度: 6065/6065 损失=0.0454
✅ 训练完成，耗时: 110.1秒 (1.8分钟)

============================================================
📊 验证决策: Epoch 10/200
   验证间隔: 1
   是否验证: ✅ 是
   原因: 达到验证间隔 (0 == 0)
============================================================

🔍 开始验证...
验证进度: 500/686 损失=0.2378
验证进度: 686/686 损失=0.8717

📊 预测分布分析:
  - 预测的前5个类别: {np.int64(0): 280927, np.int64(1): 37243, np.int64(2): 14838, np.int64(3): 10768, np.int64(4): 8811}
  - 标签的前5个类别: {np.int64(0): 281232, np.int64(1): 36731, np.int64(2): 14789, np.int64(3): 10866, np.int64(4): 8585}
✅ 验证完成，耗时: 4.7秒 (0.1分钟)
训练损失: 0.0960
验证损失: 0.2106
验证准确率: 0.9649 (10578/10964) - 与Levenshtein高度相关
验证F1(加权): 0.9645 - 类别平衡更好
学习率: 0.000099
显存使用: 0.48GB (预留: 0.69GB)

生成的训练样本:
--------------------------------------------------------------------------------
输入:       MN XVH> SGJ>> DXVW MVL DLJT BHWN
目标:     0 0 0 0 0 0 11 0 0 0 0 0 11 0 0 1 0 18 0 0 0 0 0 0 1 58 0 24 0 1 0 0 0
预测:     0 0 0 0 0 0 11 0 0 0 0 0 11 0 0 1 0 18 0 0 0 0 0 0 1 58 0 24 0 1 0 0 0
准确率:    1.0000 (33/33)
----------------------------------------
输入:       D<LM> >QJM <MHWN WDJNWHJ >WD< >NWN WTCBWXT>
目标:     0 1 0 0 4 0 0 17 20 0 3 0 0 1 0 0 0 0 1 0 0 69 1 0 0 0 50 0 0 3 0 0 0 0 0 0 1 0 0 8 0 13 9 0
预测:     0 1 0 0 4 0 0 17 20 0 3 0 0 1 0 0 0 0 1 0 0 69 1 0 0 0 50 0 0 3 0 0 0 0 0 0 1 0 0 8 0 13 9 0
准确率:    1.0000 (44/44)
----------------------------------------
输入:       ZWGJN WMNW NSB< LMXZ> >JQRHWN <BD CMC>
目标:     0 0 0 2 0 0 0 1 0 71 0 0 6 0 0 3 0 1 6 0 10 7 0 0 0 0 5 0 0 0 0 0 0 3 0 0 0 4 0
预测:     0 0 0 2 0 0 0 1 0 71 0 0 6 0 0 3 0 1 6 0 10 7 0 0 0 0 5 0 0 0 0 0 0 3 0 0 0 4 0
准确率:    1.0000 (39/39)
----------------------------------------

生成的验证样本:
--------------------------------------------------------------------------------
输入:       KLH NPCHWN B>R<> DB<LDBBJHWN DCBW >NWN WNYLWN
目标:     0 0 5 12 0 0 0 5 0 0 0 0 1 0 0 4 0 0 1 0 0 0 0 0 2 1 0 0 0 0 1 0 18 0 0 0 0 0 0 0 1 6 0 18 0 19
预测:     0 0 5 12 0 0 0 5 0 0 0 0 1 0 0 4 0 0 1 0 0 0 0 0 2 1 0 0 0 0 1 0 18 19 0 0 0 0 0 0 1 6 0 18 0 0
准确率:    0.9565 (44/46)
----------------------------------------
输入:       NPCHWN B>R<> DB<LDBBJHWN DCBW >NWN WNYLWN QDMJK
目标:     0 0 0 5 0 0 0 0 1 0 0 4 0 0 1 0 0 0 0 0 2 1 0 0 0 0 1 0 18 0 0 0 0 0 0 0 1 6 0 18 0 19 0 0 0 2 1 0
预测:     0 0 0 5 0 0 0 0 1 0 0 4 0 0 1 0 0 0 0 0 2 1 0 0 0 0 1 0 18 19 0 0 0 0 0 0 1 6 0 18 0 19 0 0 0 2 1 0
准确率:    0.9792 (47/48)
----------------------------------------
💾 保存新的最佳模型！验证准确率: 0.9649 (F1: 0.9645) (Epoch 10)

======================================================================
🚀 Epoch 11/200
======================================================================
📚 开始训练阶段...
训练进度: 500/6065 损失=0.0811
训练进度: 1000/6065 损失=0.1140
训练进度: 1500/6065 损失=0.1065
训练进度: 2000/6065 损失=0.0903
训练进度: 2500/6065 损失=0.1214
训练进度: 3000/6065 损失=0.0734
训练进度: 3500/6065 损失=0.0810
训练进度: 4000/6065 损失=0.0720
训练进度: 4500/6065 损失=0.1074
训练进度: 5000/6065 损失=0.1134
训练进度: 5500/6065 损失=0.0634
训练进度: 6000/6065 损失=0.0615
训练进度: 6065/6065 损失=0.1658
✅ 训练完成，耗时: 109.5秒 (1.8分钟)

============================================================
📊 验证决策: Epoch 11/200
   验证间隔: 1
   是否验证: ✅ 是
   原因: 达到验证间隔 (0 == 0)
============================================================

🔍 开始验证...
验证进度: 500/686 损失=0.3245
验证进度: 686/686 损失=0.9662

📊 预测分布分析:
  - 预测的前5个类别: {np.int64(0): 281045, np.int64(1): 37061, np.int64(2): 14674, np.int64(3): 10803, np.int64(4): 8697}
  - 标签的前5个类别: {np.int64(0): 281232, np.int64(1): 36731, np.int64(2): 14789, np.int64(3): 10866, np.int64(4): 8585}
✅ 验证完成，耗时: 4.7秒 (0.1分钟)
训练损失: 0.0911
验证损失: 0.2128
验证准确率: 0.9657 (10588/10964) - 与Levenshtein高度相关
验证F1(加权): 0.9653 - 类别平衡更好
学习率: 0.000099
显存使用: 0.48GB (预留: 0.69GB)

生成的训练样本:
--------------------------------------------------------------------------------
输入:       HWJT <MD DHNWN DXLJN LMXV> QDM >LH>
目标:     0 0 0 3 12 0 0 0 7 0 1 0 0 0 0 0 0 0 7 0 0 0 1 6 0 10 7 0 0 0 2 0 0 0 4 0
预测:     0 0 0 3 12 0 0 0 7 0 1 0 0 0 0 0 0 0 7 0 0 0 1 6 0 10 7 0 0 0 2 0 0 0 4 0
准确率:    1.0000 (36/36)
----------------------------------------
输入:       WL> LMRGZW MVL DMN> HNJN> >JT LH
目标:     0 1 0 0 0 1 28 0 0 7 0 0 0 0 0 0 1 0 0 0 0 0 0 0 55 0 0 0 0 24 0 1 0
预测:     0 1 0 0 0 1 28 0 0 7 0 0 0 0 0 0 1 0 0 0 0 0 0 0 55 0 0 0 0 24 0 1 0
准确率:    1.0000 (33/33)
----------------------------------------
输入:       WPGDW MRKBT> WNPQ JWRM MLK> D>JSRJL W>XZJ>
目标:     0 1 0 0 3 19 0 0 0 0 13 23 0 0 1 0 0 3 0 0 0 0 2 0 0 0 4 0 0 1 0 0 0 0 0 2 0 1 0 0 0 0 2
预测:     0 1 0 0 3 19 0 0 0 0 13 23 0 0 1 0 0 3 0 0 0 0 2 0 0 0 4 0 0 1 0 0 0 0 0 2 0 1 0 0 0 0 2
准确率:    1.0000 (43/43)
----------------------------------------

生成的验证样本:
--------------------------------------------------------------------------------
输入:       KLH NPCHWN B>R<> DB<LDBBJHWN DCBW >NWN WNYLWN
目标:     0 0 5 12 0 0 0 5 0 0 0 0 1 0 0 4 0 0 1 0 0 0 0 0 2 1 0 0 0 0 1 0 18 0 0 0 0 0 0 0 1 6 0 18 0 19
预测:     0 0 5 12 0 0 0 5 0 0 0 0 1 0 0 4 0 0 1 0 0 0 0 0 2 1 0 0 0 0 1 0 18 0 0 0 0 0 0 0 1 6 0 18 0 19
准确率:    1.0000 (46/46)
----------------------------------------
输入:       NPCHWN B>R<> DB<LDBBJHWN DCBW >NWN WNYLWN QDMJK
目标:     0 0 0 5 0 0 0 0 1 0 0 4 0 0 1 0 0 0 0 0 2 1 0 0 0 0 1 0 18 0 0 0 0 0 0 0 1 6 0 18 0 19 0 0 0 2 1 0
预测:     0 0 0 5 0 0 0 0 1 0 0 4 0 0 1 0 0 0 0 0 2 1 0 0 0 0 1 0 18 19 0 0 0 0 0 0 1 6 0 18 0 19 0 0 0 2 1 0
准确率:    0.9792 (47/48)
----------------------------------------
💾 保存新的最佳模型！验证准确率: 0.9657 (F1: 0.9653) (Epoch 11)

======================================================================
🚀 Epoch 12/200
======================================================================
📚 开始训练阶段...
训练进度: 500/6065 损失=0.0923
训练进度: 1000/6065 损失=0.0756
训练进度: 1500/6065 损失=0.1142
训练进度: 2000/6065 损失=0.0805
训练进度: 2500/6065 损失=0.0900
训练进度: 3000/6065 损失=0.0776
训练进度: 3500/6065 损失=0.1445
训练进度: 4000/6065 损失=0.1212
训练进度: 4500/6065 损失=0.0918
训练进度: 5000/6065 损失=0.1276
训练进度: 5500/6065 损失=0.0775
训练进度: 6000/6065 损失=0.0527
训练进度: 6065/6065 损失=0.0782
✅ 训练完成，耗时: 109.3秒 (1.8分钟)

============================================================
📊 验证决策: Epoch 12/200
   验证间隔: 1
   是否验证: ✅ 是
   原因: 达到验证间隔 (0 == 0)
============================================================

🔍 开始验证...
验证进度: 500/686 损失=0.0735
验证进度: 686/686 损失=0.7392

📊 预测分布分析:
  - 预测的前5个类别: {np.int64(0): 280925, np.int64(1): 37165, np.int64(2): 14604, np.int64(3): 10720, np.int64(4): 8522}
  - 标签的前5个类别: {np.int64(0): 281232, np.int64(1): 36731, np.int64(2): 14789, np.int64(3): 10866, np.int64(4): 8585}
✅ 验证完成，耗时: 4.7秒 (0.1分钟)
训练损失: 0.0862
验证损失: 0.2180
验证准确率: 0.9649 (10579/10964) - 与Levenshtein高度相关
验证F1(加权): 0.9648 - 类别平衡更好
学习率: 0.000099
显存使用: 0.48GB (预留: 0.69GB)

生成的训练样本:
--------------------------------------------------------------------------------
输入:       LRXJL BRTH >NTT> WJHB LBN LRXJL BRTH
目标:     0 1 0 0 0 2 0 0 13 1 0 0 0 0 13 9 0 0 1 0 0 3 0 0 0 2 0 1 0 0 0 2 0 0 13 1 0
预测:     0 1 0 0 0 2 0 0 13 1 0 0 0 0 13 9 0 0 1 0 0 3 0 0 0 2 0 1 0 0 0 2 0 0 13 1 0
准确率:    1.0000 (37/37)
----------------------------------------
输入:       WXRBW >NWN BPWM> DSJP> W>RMJW >NWN RHV>
目标:     0 1 0 0 3 0 0 0 0 0 0 0 1 0 0 4 0 0 1 0 0 4 0 0 1 17 0 0 3 0 0 0 0 0 0 0 0 0 30 0
预测:     0 1 0 0 3 0 0 0 0 0 0 0 1 0 0 4 0 0 1 0 0 4 0 0 1 17 0 0 3 0 0 0 0 0 0 0 0 0 30 0
准确率:    1.0000 (40/40)
----------------------------------------
输入:       DCPJR> BKLH TXWM> D>JSRJL W>CKXW L>BJCG CJLWMJT>
目标:     0 1 0 0 0 2 0 0 1 0 5 0 0 0 0 0 4 0 0 1 0 0 0 0 0 2 0 35 0 0 0 3 0 0 1 0 0 0 0 2 0 0 0 0 0 0 2 9 0
预测:     0 1 0 0 0 2 0 0 1 0 5 0 0 0 0 0 4 0 0 1 0 0 0 0 0 2 0 35 17 0 0 3 0 0 1 0 0 0 0 2 0 0 0 0 0 0 2 9 0
准确率:    0.9796 (48/49)
----------------------------------------

生成的验证样本:
--------------------------------------------------------------------------------
输入:       KLH NPCHWN B>R<> DB<LDBBJHWN DCBW >NWN WNYLWN
目标:     0 0 5 12 0 0 0 5 0 0 0 0 1 0 0 4 0 0 1 0 0 0 0 0 2 1 0 0 0 0 1 0 18 0 0 0 0 0 0 0 1 6 0 18 0 19
预测:     0 0 5 12 0 0 0 5 0 0 0 0 1 0 0 4 0 0 1 0 0 0 0 0 2 1 0 0 0 0 1 0 18 0 0 0 0 0 0 0 1 6 0 18 0 19
准确率:    1.0000 (46/46)
----------------------------------------
输入:       NPCHWN B>R<> DB<LDBBJHWN DCBW >NWN WNYLWN QDMJK
目标:     0 0 0 5 0 0 0 0 1 0 0 4 0 0 1 0 0 0 0 0 2 1 0 0 0 0 1 0 18 0 0 0 0 0 0 0 1 6 0 18 0 19 0 0 0 2 1 0
预测:     0 0 0 5 0 0 0 0 1 0 0 4 0 0 1 0 0 0 0 0 2 1 0 0 0 0 1 0 18 0 0 0 0 0 0 0 1 6 0 18 0 19 0 0 0 2 1 0
准确率:    1.0000 (48/48)
----------------------------------------
⏳ 验证无提升 (验证准确率: 0.9649 ≤ 0.9657)，patience: 1/50

======================================================================
🚀 Epoch 13/200
======================================================================
📚 开始训练阶段...
训练进度: 500/6065 损失=0.0734
训练进度: 1000/6065 损失=0.0617
训练进度: 1500/6065 损失=0.0450
训练进度: 2000/6065 损失=0.0635
训练进度: 2500/6065 损失=0.0438
训练进度: 3000/6065 损失=0.0741
训练进度: 3500/6065 损失=0.1041
训练进度: 4000/6065 损失=0.0381
训练进度: 4500/6065 损失=0.0863
训练进度: 5000/6065 损失=0.1539
训练进度: 5500/6065 损失=0.1151
训练进度: 6000/6065 损失=0.0316
训练进度: 6065/6065 损失=0.0613
✅ 训练完成，耗时: 109.0秒 (1.8分钟)

============================================================
📊 验证决策: Epoch 13/200
   验证间隔: 1
   是否验证: ✅ 是
   原因: 达到验证间隔 (0 == 0)
============================================================

🔍 开始验证...
验证进度: 500/686 损失=0.0689
验证进度: 686/686 损失=0.9098

📊 预测分布分析:
  - 预测的前5个类别: {np.int64(0): 281271, np.int64(1): 37173, np.int64(2): 14850, np.int64(3): 10792, np.int64(4): 8557}
  - 标签的前5个类别: {np.int64(0): 281232, np.int64(1): 36731, np.int64(2): 14789, np.int64(3): 10866, np.int64(4): 8585}
✅ 验证完成，耗时: 4.7秒 (0.1分钟)
训练损失: 0.0824
验证损失: 0.2223
验证准确率: 0.9666 (10597/10964) - 与Levenshtein高度相关
验证F1(加权): 0.9661 - 类别平衡更好
学习率: 0.000099
显存使用: 0.48GB (预留: 0.69GB)

生成的训练样本:
--------------------------------------------------------------------------------
输入:       W>P DBWRJT> NGR> MRJ> >LHK BHWN <DM>
目标:     0 1 0 0 0 0 0 0 0 2 23 0 0 6 0 10 3 0 0 0 0 2 0 0 0 5 0 0 1 0 0 0 0 0 0 0 0
预测:     0 1 0 0 0 0 0 0 0 2 23 0 0 6 0 10 3 0 0 0 0 2 0 0 0 5 0 0 1 0 0 0 0 0 0 0 0
准确率:    1.0000 (37/37)
----------------------------------------
输入:       MDJNJ> W<MLQJ> WBNJ RQM >TKNCW >KXD> W<BRW
目标:     0 0 0 0 0 11 0 0 1 0 0 38 0 11 0 0 1 0 2 0 0 0 0 2 0 0 14 0 0 3 19 0 38 1 0 2 0 0 1 0 0 3 0
预测:     0 0 0 0 0 11 0 0 1 0 0 38 0 11 0 0 1 0 2 0 0 0 0 2 0 0 14 0 0 3 19 0 38 1 0 2 0 0 1 0 0 3 0
准确率:    1.0000 (43/43)
----------------------------------------
输入:       BPTGM> HN> DL> >HPWK QRJT> D>MRT B<GL
目标:     0 1 0 0 0 4 0 0 0 0 0 0 1 0 0 0 6 0 8 0 3 0 0 0 22 9 0 0 1 0 0 3 12 0 1 0 0 0
预测:     0 1 0 0 0 4 0 0 0 0 0 0 1 0 0 0 6 0 8 0 3 0 0 0 22 9 0 0 1 0 0 3 12 0 1 0 0 0
准确率:    1.0000 (38/38)
----------------------------------------

生成的验证样本:
--------------------------------------------------------------------------------
输入:       KLH NPCHWN B>R<> DB<LDBBJHWN DCBW >NWN WNYLWN
目标:     0 0 5 12 0 0 0 5 0 0 0 0 1 0 0 4 0 0 1 0 0 0 0 0 2 1 0 0 0 0 1 0 18 0 0 0 0 0 0 0 1 6 0 18 0 19
预测:     0 0 5 12 0 0 0 5 0 0 0 0 1 0 0 4 0 0 1 0 0 0 0 0 2 1 0 0 0 0 1 0 18 2 0 0 0 0 0 0 1 6 0 18 0 19
准确率:    0.9783 (45/46)
----------------------------------------
输入:       NPCHWN B>R<> DB<LDBBJHWN DCBW >NWN WNYLWN QDMJK
目标:     0 0 0 5 0 0 0 0 1 0 0 4 0 0 1 0 0 0 0 0 2 1 0 0 0 0 1 0 18 0 0 0 0 0 0 0 1 6 0 18 0 19 0 0 0 2 1 0
预测:     0 0 0 5 0 0 0 0 1 0 0 4 0 0 1 0 0 0 0 0 2 1 0 0 0 0 1 0 18 0 0 0 0 0 0 0 1 6 0 18 0 19 0 0 0 2 1 0
准确率:    1.0000 (48/48)
----------------------------------------
💾 保存新的最佳模型！验证准确率: 0.9666 (F1: 0.9661) (Epoch 13)

======================================================================
🚀 Epoch 14/200
======================================================================
📚 开始训练阶段...
训练进度: 500/6065 损失=0.0801
训练进度: 1000/6065 损失=0.1361
训练进度: 1500/6065 损失=0.0724
训练进度: 2000/6065 损失=0.0463
训练进度: 2500/6065 损失=0.1096
训练进度: 3000/6065 损失=0.1192
训练进度: 3500/6065 损失=0.0963
训练进度: 4000/6065 损失=0.0709
训练进度: 4500/6065 损失=0.0963
训练进度: 5000/6065 损失=0.0405
训练进度: 5500/6065 损失=0.0424
训练进度: 6000/6065 损失=0.0665
训练进度: 6065/6065 损失=0.0811
✅ 训练完成，耗时: 109.2秒 (1.8分钟)

============================================================
📊 验证决策: Epoch 14/200
   验证间隔: 1
   是否验证: ✅ 是
   原因: 达到验证间隔 (0 == 0)
============================================================

🔍 开始验证...
验证进度: 500/686 损失=0.0632
验证进度: 686/686 损失=0.6671

📊 预测分布分析:
  - 预测的前5个类别: {np.int64(0): 281359, np.int64(1): 37167, np.int64(2): 14782, np.int64(3): 10949, np.int64(4): 8760}
  - 标签的前5个类别: {np.int64(0): 281232, np.int64(1): 36731, np.int64(2): 14789, np.int64(3): 10866, np.int64(4): 8585}
✅ 验证完成，耗时: 4.7秒 (0.1分钟)
训练损失: 0.0794
验证损失: 0.2260
验证准确率: 0.9658 (10589/10964) - 与Levenshtein高度相关
验证F1(加权): 0.9654 - 类别平衡更好
学习率: 0.000099
显存使用: 0.48GB (预留: 0.69GB)

生成的训练样本:
--------------------------------------------------------------------------------
输入:       QRB> WNTTWSPWN >P HNWN <L SN>JN WNTKTCWN
目标:     0 0 0 15 0 0 1 21 76 50 0 0 3 0 0 0 0 0 0 0 0 0 0 0 0 0 0 0 10 7 0 0 0 1 21 14 0 0 3 0 19
预测:     0 0 0 15 0 0 1 21 76 50 0 0 3 0 0 0 0 0 0 0 0 0 0 0 0 0 0 0 10 7 0 0 0 1 21 14 0 0 3 0 19
准确率:    1.0000 (41/41)
----------------------------------------
输入:       W>P LDJNJHWN L> CM<W MVWL DV<W BTR
目标:     0 1 0 0 0 1 0 0 62 1 0 0 0 0 0 0 0 0 0 3 0 0 0 8 0 0 0 1 0 18 0 0 0 0 0
预测:     0 1 0 0 0 1 0 0 62 1 0 0 0 0 0 0 0 0 0 3 0 0 0 8 0 0 0 1 0 18 0 0 0 0 0
准确率:    1.0000 (35/35)
----------------------------------------
输入:       W>WMN WYJR BTKLT> WB>RGWN> WBYWB<> DZXWRJT> WBBWY>
目标:     0 1 0 0 0 2 0 1 0 0 2 0 1 0 0 13 9 0 0 1 1 0 0 0 0 4 0 0 1 1 0 0 0 4 0 0 1 0 0 0 0 2 9 0 0 1 1 0 0 4 0
预测:     0 1 0 0 0 2 0 1 0 0 2 0 1 0 0 13 9 0 0 1 1 0 0 0 0 4 0 0 1 1 0 0 0 4 0 0 1 0 0 0 0 2 9 0 0 1 1 0 0 4 0
准确率:    1.0000 (51/51)
----------------------------------------

生成的验证样本:
--------------------------------------------------------------------------------
输入:       KLH NPCHWN B>R<> DB<LDBBJHWN DCBW >NWN WNYLWN
目标:     0 0 5 12 0 0 0 5 0 0 0 0 1 0 0 4 0 0 1 0 0 0 0 0 2 1 0 0 0 0 1 0 18 0 0 0 0 0 0 0 1 6 0 18 0 19
预测:     0 0 5 12 0 0 0 5 0 0 0 0 1 0 0 4 0 0 1 0 0 0 0 0 2 1 0 0 0 0 1 0 18 0 0 0 0 0 0 0 1 6 0 18 0 19
准确率:    1.0000 (46/46)
----------------------------------------
输入:       NPCHWN B>R<> DB<LDBBJHWN DCBW >NWN WNYLWN QDMJK
目标:     0 0 0 5 0 0 0 0 1 0 0 4 0 0 1 0 0 0 0 0 2 1 0 0 0 0 1 0 18 0 0 0 0 0 0 0 1 6 0 18 0 19 0 0 0 2 1 0
预测:     0 0 0 5 0 0 0 0 1 0 0 4 0 0 1 0 0 0 0 0 2 1 0 0 0 0 1 0 18 0 0 0 0 0 0 0 1 6 0 18 0 19 0 0 0 2 1 0
准确率:    1.0000 (48/48)
----------------------------------------
⏳ 验证无提升 (验证准确率: 0.9658 ≤ 0.9666)，patience: 1/50

======================================================================
🚀 Epoch 15/200
======================================================================
📚 开始训练阶段...
训练进度: 500/6065 损失=0.0486
训练进度: 1000/6065 损失=0.0408
训练进度: 1500/6065 损失=0.0781
训练进度: 2000/6065 损失=0.0746
训练进度: 2500/6065 损失=0.0999
训练进度: 3000/6065 损失=0.1326
训练进度: 3500/6065 损失=0.0693
训练进度: 4000/6065 损失=0.0882
训练进度: 4500/6065 损失=0.0748
训练进度: 5000/6065 损失=0.0822
训练进度: 5500/6065 损失=0.0386
训练进度: 6000/6065 损失=0.0380
训练进度: 6065/6065 损失=0.0640
✅ 训练完成，耗时: 109.2秒 (1.8分钟)

============================================================
📊 验证决策: Epoch 15/200
   验证间隔: 1
   是否验证: ✅ 是
   原因: 达到验证间隔 (0 == 0)
============================================================

🔍 开始验证...
验证进度: 500/686 损失=0.2063
验证进度: 686/686 损失=0.6447

📊 预测分布分析:
  - 预测的前5个类别: {np.int64(0): 281258, np.int64(1): 37191, np.int64(2): 14701, np.int64(3): 11063, np.int64(4): 8840}
  - 标签的前5个类别: {np.int64(0): 281232, np.int64(1): 36731, np.int64(2): 14789, np.int64(3): 10866, np.int64(4): 8585}
✅ 验证完成，耗时: 4.7秒 (0.1分钟)
训练损失: 0.0762
验证损失: 0.2303
验证准确率: 0.9658 (10589/10964) - 与Levenshtein高度相关
验证F1(加权): 0.9654 - 类别平衡更好
学习率: 0.000099
显存使用: 0.48GB (预留: 0.69GB)

生成的训练样本:
--------------------------------------------------------------------------------
输入:       MN >WRX> WPWMH PTJX LMJ> QRJR> WMN
目标:     0 0 0 0 0 0 0 4 0 0 1 0 0 5 0 0 0 8 0 40 0 1 24 9 0 0 0 8 0 65 27 0 1 0 0
预测:     0 0 0 0 0 0 0 4 0 0 1 0 0 5 0 0 0 8 0 40 0 1 24 9 0 0 0 8 0 65 27 0 1 0 0
准确率:    1.0000 (35/35)
----------------------------------------
输入:       WHW> XWVR> B>JDH MVL DNHJMNWN D>TXZJ LK
目标:     0 1 0 10 3 0 0 0 0 4 0 0 35 0 0 5 0 0 0 0 0 0 1 6 0 0 0 3 0 19 0 1 0 14 0 0 3 0 1 0
预测:     0 1 0 10 3 0 0 0 0 4 0 0 35 0 0 5 0 0 0 0 0 0 1 6 0 0 0 3 0 19 0 1 0 14 0 0 3 0 1 0
准确率:    1.0000 (40/40)
----------------------------------------
输入:       >NTJN DBKLH XJLJ PLXT L>BWKJN W>BWKJN DGL
目标:     0 0 0 20 0 0 0 1 1 0 5 0 0 0 0 5 0 0 0 0 3 0 0 1 0 8 5 0 0 12 0 1 0 8 5 0 0 12 0 0 0 16
预测:     0 0 0 20 0 0 0 1 1 0 5 0 0 0 0 5 0 0 0 0 3 0 0 1 0 8 5 0 0 12 0 1 0 8 5 0 0 12 0 0 0 16
准确率:    1.0000 (42/42)
----------------------------------------

生成的验证样本:
--------------------------------------------------------------------------------
输入:       KLH NPCHWN B>R<> DB<LDBBJHWN DCBW >NWN WNYLWN
目标:     0 0 5 12 0 0 0 5 0 0 0 0 1 0 0 4 0 0 1 0 0 0 0 0 2 1 0 0 0 0 1 0 18 0 0 0 0 0 0 0 1 6 0 18 0 19
预测:     0 0 5 12 0 0 0 5 0 0 0 0 1 0 0 4 0 0 1 0 0 0 0 0 2 1 0 0 0 0 1 0 18 0 0 0 0 0 0 0 1 6 0 18 0 19
准确率:    1.0000 (46/46)
----------------------------------------
输入:       NPCHWN B>R<> DB<LDBBJHWN DCBW >NWN WNYLWN QDMJK
目标:     0 0 0 5 0 0 0 0 1 0 0 4 0 0 1 0 0 0 0 0 2 1 0 0 0 0 1 0 18 0 0 0 0 0 0 0 1 6 0 18 0 19 0 0 0 2 1 0
预测:     0 0 0 5 0 0 0 0 1 0 0 4 0 0 1 0 0 0 0 0 2 1 0 0 0 0 1 0 18 0 0 0 0 0 0 0 1 6 0 18 0 19 0 0 0 2 1 0
准确率:    1.0000 (48/48)
----------------------------------------
⏳ 验证无提升 (验证准确率: 0.9658 ≤ 0.9666)，patience: 2/50

======================================================================
🚀 Epoch 16/200
======================================================================
📚 开始训练阶段...
训练进度: 500/6065 损失=0.0859
训练进度: 1000/6065 损失=0.0827
训练进度: 1500/6065 损失=0.0919
训练进度: 2000/6065 损失=0.1255
训练进度: 2500/6065 损失=0.0634
训练进度: 3000/6065 损失=0.0732
训练进度: 3500/6065 损失=0.1269
训练进度: 4000/6065 损失=0.0731
训练进度: 4500/6065 损失=0.0626
训练进度: 5000/6065 损失=0.0834
训练进度: 5500/6065 损失=0.0762
训练进度: 6000/6065 损失=0.0690
训练进度: 6065/6065 损失=0.0641
✅ 训练完成，耗时: 109.2秒 (1.8分钟)

============================================================
📊 验证决策: Epoch 16/200
   验证间隔: 1
   是否验证: ✅ 是
   原因: 达到验证间隔 (0 == 0)
============================================================

🔍 开始验证...
验证进度: 500/686 损失=0.1847
验证进度: 686/686 损失=0.8446

📊 预测分布分析:
  - 预测的前5个类别: {np.int64(0): 281028, np.int64(1): 36974, np.int64(2): 14738, np.int64(3): 10983, np.int64(4): 8845}
  - 标签的前5个类别: {np.int64(0): 281232, np.int64(1): 36731, np.int64(2): 14789, np.int64(3): 10866, np.int64(4): 8585}
✅ 验证完成，耗时: 4.7秒 (0.1分钟)
训练损失: 0.0732
验证损失: 0.2291
验证准确率: 0.9666 (10597/10964) - 与Levenshtein高度相关
验证F1(加权): 0.9663 - 类别平衡更好
学习率: 0.000098
显存使用: 0.48GB (预留: 0.69GB)

生成的训练样本:
--------------------------------------------------------------------------------
输入:       HC> NSQ <LJHWN MVWL DXZJNH L>R<> WVB>
目标:     0 0 4 0 0 44 64 3 0 0 8 1 0 0 0 0 0 8 0 0 0 1 0 0 3 1 12 0 1 0 0 4 0 0 1 0 2 0
预测:     0 0 4 0 0 6 64 3 0 0 8 1 0 0 0 0 0 8 0 0 0 1 0 0 3 1 12 0 1 0 0 4 0 0 1 0 2 0
准确率:    0.9737 (37/38)
----------------------------------------
输入:       MLPN> TMN NTLWN ZDJQWTH DMRJ> ZDJQWTH D>SGJ
目标:     0 0 0 0 11 0 0 0 0 0 0 34 0 3 0 0 0 0 0 0 0 2 1 0 0 1 0 0 0 2 0 0 0 0 0 2 1 0 0 1 17 0 0 3
预测:     0 0 0 0 11 0 0 0 0 0 0 34 0 3 0 0 0 0 0 0 0 2 1 0 0 1 0 0 0 2 0 0 0 0 0 2 1 0 0 1 17 0 0 3
准确率:    1.0000 (44/44)
----------------------------------------
输入:       WQRM> DMCK> DSSGWN> MN L<L W<BDW DP>
目标:     0 1 0 0 15 0 0 1 0 0 11 0 0 1 0 0 0 0 4 0 0 0 0 0 1 0 0 0 1 0 0 3 0 0 0 11 0
预测:     0 1 0 0 15 0 0 1 0 0 11 0 0 1 0 0 0 0 4 0 0 0 0 0 1 0 0 0 1 0 0 3 0 0 0 11 0
准确率:    1.0000 (37/37)
----------------------------------------

生成的验证样本:
--------------------------------------------------------------------------------
输入:       KLH NPCHWN B>R<> DB<LDBBJHWN DCBW >NWN WNYLWN
目标:     0 0 5 12 0 0 0 5 0 0 0 0 1 0 0 4 0 0 1 0 0 0 0 0 2 1 0 0 0 0 1 0 18 0 0 0 0 0 0 0 1 6 0 18 0 19
预测:     0 0 5 12 0 0 0 5 0 0 0 0 1 0 0 4 0 0 1 0 0 0 0 0 2 1 0 0 0 0 1 0 18 0 0 0 0 0 0 0 1 6 0 18 0 19
准确率:    1.0000 (46/46)
----------------------------------------
输入:       NPCHWN B>R<> DB<LDBBJHWN DCBW >NWN WNYLWN QDMJK
目标:     0 0 0 5 0 0 0 0 1 0 0 4 0 0 1 0 0 0 0 0 2 1 0 0 0 0 1 0 18 0 0 0 0 0 0 0 1 6 0 18 0 19 0 0 0 2 1 0
预测:     0 0 0 5 0 0 0 0 1 0 0 4 0 0 1 0 0 0 0 0 2 1 0 0 0 0 1 0 18 0 0 0 0 0 0 0 1 6 0 18 0 19 0 0 0 2 1 0
准确率:    1.0000 (48/48)
----------------------------------------
💾 保存新的最佳模型！验证准确率: 0.9666 (F1: 0.9663) (Epoch 16)

======================================================================
🚀 Epoch 17/200
======================================================================
📚 开始训练阶段...
训练进度: 500/6065 损失=0.0425
训练进度: 1000/6065 损失=0.0462
训练进度: 1500/6065 损失=0.1049
训练进度: 2000/6065 损失=0.0788
训练进度: 2500/6065 损失=0.0941
训练进度: 3000/6065 损失=0.0756
训练进度: 3500/6065 损失=0.0730
训练进度: 4000/6065 损失=0.0567
训练进度: 4500/6065 损失=0.0651
训练进度: 5000/6065 损失=0.0825
训练进度: 5500/6065 损失=0.0501
训练进度: 6000/6065 损失=0.0778
训练进度: 6065/6065 损失=0.1208
✅ 训练完成，耗时: 109.5秒 (1.8分钟)

============================================================
📊 验证决策: Epoch 17/200
   验证间隔: 1
   是否验证: ✅ 是
   原因: 达到验证间隔 (0 == 0)
============================================================

🔍 开始验证...
验证进度: 500/686 损失=0.1413
验证进度: 686/686 损失=0.9492

📊 预测分布分析:
  - 预测的前5个类别: {np.int64(0): 281662, np.int64(1): 37145, np.int64(2): 14635, np.int64(3): 10957, np.int64(4): 8638}
  - 标签的前5个类别: {np.int64(0): 281232, np.int64(1): 36731, np.int64(2): 14789, np.int64(3): 10866, np.int64(4): 8585}
✅ 验证完成，耗时: 4.7秒 (0.1分钟)
训练损失: 0.0707
验证损失: 0.2395
验证准确率: 0.9663 (10595/10964) - 与Levenshtein高度相关
验证F1(加权): 0.9658 - 类别平衡更好
学习率: 0.000098
显存使用: 0.48GB (预留: 0.69GB)

生成的训练样本:
--------------------------------------------------------------------------------
输入:       DR<MSJS >JK DPQD PR<WN WTRSJ JWSP L>BWHJ
目标:     0 1 0 0 0 0 0 2 0 0 0 0 0 1 0 0 3 0 0 0 0 0 2 0 1 0 0 0 16 0 0 0 0 2 0 1 0 8 5 0 0
预测:     0 1 0 0 0 0 0 2 0 0 0 0 0 1 0 0 16 0 0 0 0 0 2 0 1 0 0 0 16 0 0 0 0 2 0 1 0 8 5 0 0
准确率:    0.9756 (40/41)
----------------------------------------
输入:       L<L WNPL MCKN> <N> XBRH W>MR LH
目标:     0 0 0 0 0 1 0 0 3 0 0 0 0 4 0 0 0 10 3 0 0 0 5 0 0 1 0 0 3 0 1 0
预测:     0 1 0 0 0 1 0 0 3 0 0 0 0 4 0 0 0 10 3 0 0 0 5 0 0 1 0 0 3 0 1 0
准确率:    0.9688 (31/32)
----------------------------------------
输入:       DMN BTR MWTJ MXBLW MXBLJN >NTWN WSVJN
目标:     0 1 0 0 0 0 0 0 0 0 0 37 0 0 6 0 0 7 19 0 6 0 0 7 0 19 0 0 0 0 0 0 0 1 0 42 0 0
预测:     0 1 0 0 0 0 0 0 0 0 0 37 0 0 6 0 0 7 19 0 6 0 0 7 0 19 0 0 0 0 0 0 0 1 0 42 0 0
准确率:    1.0000 (38/38)
----------------------------------------

生成的验证样本:
--------------------------------------------------------------------------------
输入:       KLH NPCHWN B>R<> DB<LDBBJHWN DCBW >NWN WNYLWN
目标:     0 0 5 12 0 0 0 5 0 0 0 0 1 0 0 4 0 0 1 0 0 0 0 0 2 1 0 0 0 0 1 0 18 0 0 0 0 0 0 0 1 6 0 18 0 19
预测:     0 0 5 12 0 0 0 5 0 0 0 0 1 0 0 4 0 0 1 0 0 0 0 0 2 1 0 0 0 0 1 0 18 0 0 0 0 0 0 0 1 6 0 18 0 19
准确率:    1.0000 (46/46)
----------------------------------------
输入:       NPCHWN B>R<> DB<LDBBJHWN DCBW >NWN WNYLWN QDMJK
目标:     0 0 0 5 0 0 0 0 1 0 0 4 0 0 1 0 0 0 0 0 2 1 0 0 0 0 1 0 18 0 0 0 0 0 0 0 1 6 0 18 0 19 0 0 0 2 1 0
预测:     0 0 0 5 0 0 0 0 1 0 0 4 0 0 1 0 0 0 0 0 2 1 0 0 0 0 1 0 18 0 0 0 0 0 0 0 1 6 0 18 0 19 0 0 0 2 1 0
准确率:    1.0000 (48/48)
----------------------------------------
⏳ 验证无提升 (验证准确率: 0.9663 ≤ 0.9666)，patience: 1/50

======================================================================
🚀 Epoch 18/200
======================================================================
📚 开始训练阶段...
训练进度: 500/6065 损失=0.0584
训练进度: 1000/6065 损失=0.0354
训练进度: 1500/6065 损失=0.0840
训练进度: 2000/6065 损失=0.0584
训练进度: 2500/6065 损失=0.0713
训练进度: 3000/6065 损失=0.0937
训练进度: 3500/6065 损失=0.0510
训练进度: 4000/6065 损失=0.0354
训练进度: 4500/6065 损失=0.0667
训练进度: 5000/6065 损失=0.0965
训练进度: 5500/6065 损失=0.0532
训练进度: 6000/6065 损失=0.0902
训练进度: 6065/6065 损失=0.0709
✅ 训练完成，耗时: 109.5秒 (1.8分钟)

============================================================
📊 验证决策: Epoch 18/200
   验证间隔: 1
   是否验证: ✅ 是
   原因: 达到验证间隔 (0 == 0)
============================================================

🔍 开始验证...
验证进度: 500/686 损失=0.2677
验证进度: 686/686 损失=0.9435

📊 预测分布分析:
  - 预测的前5个类别: {np.int64(0): 281065, np.int64(1): 37055, np.int64(2): 14727, np.int64(3): 10774, np.int64(4): 8313}
  - 标签的前5个类别: {np.int64(0): 281232, np.int64(1): 36731, np.int64(2): 14789, np.int64(3): 10866, np.int64(4): 8585}
✅ 验证完成，耗时: 4.7秒 (0.1分钟)
训练损失: 0.0685
验证损失: 0.2419
验证准确率: 0.9654 (10584/10964) - 与Levenshtein高度相关
验证F1(加权): 0.9653 - 类别平衡更好
学习率: 0.000098
显存使用: 0.48GB (预留: 0.69GB)

生成的训练样本:
--------------------------------------------------------------------------------
输入:       >JD> XLP >JD> RGL> XLP RGL> WKD
目标:     8 0 0 4 0 0 0 0 2 8 0 0 4 0 0 0 0 4 0 0 0 0 2 0 0 0 4 0 0 1 0 0
预测:     8 0 0 4 0 0 0 0 2 8 0 0 4 0 0 0 0 4 0 0 0 0 2 0 0 0 4 0 0 1 0 0
准确率:    1.0000 (32/32)
----------------------------------------
输入:       B<JNJKJ WY<RTH SRJ MRTH W<RQT MN QDMJH
目标:     0 1 0 0 2 1 0 0 0 1 0 0 3 160 12 0 0 0 2 0 0 13 1 12 0 1 0 0 3 26 0 0 0 0 0 0 2 1 12
预测:     0 1 0 0 2 1 0 0 0 1 0 0 3 160 12 0 0 0 2 0 0 13 1 12 0 1 0 0 3 26 0 0 0 0 0 0 2 1 12
准确率:    1.0000 (39/39)
----------------------------------------
输入:       >QLJD> WPTXW WXZJN MRHWN RM> <L >R<>
目标:     8 0 0 0 0 11 0 0 1 0 0 3 0 0 1 0 42 0 0 0 0 56 0 0 0 0 0 10 40 0 0 0 0 0 0 4 0
预测:     8 0 0 0 0 11 0 0 1 0 0 3 0 0 1 0 42 0 0 0 0 56 0 0 0 0 0 10 40 0 0 0 0 0 0 4 0
准确率:    1.0000 (37/37)
----------------------------------------

生成的验证样本:
--------------------------------------------------------------------------------
输入:       KLH NPCHWN B>R<> DB<LDBBJHWN DCBW >NWN WNYLWN
目标:     0 0 5 12 0 0 0 5 0 0 0 0 1 0 0 4 0 0 1 0 0 0 0 0 2 1 0 0 0 0 1 0 18 0 0 0 0 0 0 0 1 6 0 18 0 19
预测:     0 0 5 12 0 0 0 5 0 0 0 0 1 0 0 4 0 0 1 0 0 0 0 0 2 1 0 0 0 0 1 0 18 0 0 0 0 0 0 0 1 6 0 18 0 19
准确率:    1.0000 (46/46)
----------------------------------------
输入:       NPCHWN B>R<> DB<LDBBJHWN DCBW >NWN WNYLWN QDMJK
目标:     0 0 0 5 0 0 0 0 1 0 0 4 0 0 1 0 0 0 0 0 2 1 0 0 0 0 1 0 18 0 0 0 0 0 0 0 1 6 0 18 0 19 0 0 0 2 1 0
预测:     0 0 0 5 0 0 0 0 1 0 0 4 0 0 1 0 0 0 0 0 2 1 0 0 0 0 1 0 18 0 0 0 0 0 0 0 1 6 0 18 0 19 0 0 0 2 1 0
准确率:    1.0000 (48/48)
----------------------------------------
⏳ 验证无提升 (验证准确率: 0.9654 ≤ 0.9666)，patience: 2/50

======================================================================
🚀 Epoch 19/200
======================================================================
📚 开始训练阶段...
训练进度: 500/6065 损失=0.1049
训练进度: 1000/6065 损失=0.0439
训练进度: 1500/6065 损失=0.0529
训练进度: 2000/6065 损失=0.0502
训练进度: 2500/6065 损失=0.0755
训练进度: 3000/6065 损失=0.0489
训练进度: 3500/6065 损失=0.1092
训练进度: 4000/6065 损失=0.0544
训练进度: 4500/6065 损失=0.0347
训练进度: 5000/6065 损失=0.0478
训练进度: 5500/6065 损失=0.0401
训练进度: 6000/6065 损失=0.0964
训练进度: 6065/6065 损失=0.0734
✅ 训练完成，耗时: 109.2秒 (1.8分钟)

============================================================
📊 验证决策: Epoch 19/200
   验证间隔: 1
   是否验证: ✅ 是
   原因: 达到验证间隔 (0 == 0)
============================================================

🔍 开始验证...
验证进度: 500/686 损失=0.1065
验证进度: 686/686 损失=1.0684

📊 预测分布分析:
  - 预测的前5个类别: {np.int64(0): 281794, np.int64(1): 37046, np.int64(2): 14806, np.int64(3): 10775, np.int64(4): 8664}
  - 标签的前5个类别: {np.int64(0): 281232, np.int64(1): 36731, np.int64(2): 14789, np.int64(3): 10866, np.int64(4): 8585}
✅ 验证完成，耗时: 4.7秒 (0.1分钟)
训练损失: 0.0659
验证损失: 0.2430
验证准确率: 0.9669 (10601/10964) - 与Levenshtein高度相关
验证F1(加权): 0.9664 - 类别平衡更好
学习率: 0.000098
显存使用: 0.48GB (预留: 0.69GB)

生成的训练样本:
--------------------------------------------------------------------------------
输入:       DB>R<> DKN<N D<MR TMN >BRHM W>JSXQ WHWW
目标:     0 1 1 0 0 4 0 0 1 0 0 0 2 0 1 0 0 3 0 0 0 0 0 0 0 0 0 2 0 1 0 0 0 0 2 0 1 0 18 0
预测:     0 1 1 0 0 4 0 0 1 0 0 0 2 0 1 0 0 3 0 0 0 0 0 0 0 0 0 2 0 1 0 0 0 0 2 0 1 0 18 0
准确率:    1.0000 (40/40)
----------------------------------------
输入:       D<BDK DXL HW> MN MRJ> WMR> XWB>
目标:     0 1 0 0 37 0 0 0 0 7 0 0 10 3 0 0 0 0 0 0 0 2 0 1 0 0 2 0 0 0 15 0
预测:     0 1 0 0 37 0 0 0 0 7 0 0 10 3 0 0 0 0 0 0 0 2 0 1 0 0 2 0 0 0 15 0
准确率:    1.0000 (32/32)
----------------------------------------
输入:       NHW> RM> <L SVRWHJ DMCKN> MN HN>
目标:     0 6 0 10 3 0 0 10 40 0 0 0 0 0 0 25 1 0 0 0 1 0 0 0 4 0 0 0 0 0 0 0 0
预测:     0 6 0 10 3 0 0 10 40 0 0 0 0 0 0 25 1 0 0 0 1 0 0 0 4 0 0 0 0 0 0 0 0
准确率:    1.0000 (33/33)
----------------------------------------

生成的验证样本:
--------------------------------------------------------------------------------
输入:       KLH NPCHWN B>R<> DB<LDBBJHWN DCBW >NWN WNYLWN
目标:     0 0 5 12 0 0 0 5 0 0 0 0 1 0 0 4 0 0 1 0 0 0 0 0 2 1 0 0 0 0 1 0 18 0 0 0 0 0 0 0 1 6 0 18 0 19
预测:     0 0 5 12 0 0 0 5 0 0 0 0 1 0 0 4 0 0 1 0 0 0 0 0 2 1 0 0 0 0 1 0 18 0 0 0 0 0 0 0 1 6 0 18 0 19
准确率:    1.0000 (46/46)
----------------------------------------
输入:       NPCHWN B>R<> DB<LDBBJHWN DCBW >NWN WNYLWN QDMJK
目标:     0 0 0 5 0 0 0 0 1 0 0 4 0 0 1 0 0 0 0 0 2 1 0 0 0 0 1 0 18 0 0 0 0 0 0 0 1 6 0 18 0 19 0 0 0 2 1 0
预测:     0 0 0 5 0 0 0 0 1 0 0 4 0 0 1 0 0 0 0 0 2 1 0 0 0 0 1 0 18 0 0 0 0 0 0 0 1 6 0 18 0 19 0 0 0 2 1 0
准确率:    1.0000 (48/48)
----------------------------------------
💾 保存新的最佳模型！验证准确率: 0.9669 (F1: 0.9664) (Epoch 19)

======================================================================
🚀 Epoch 20/200
======================================================================
📚 开始训练阶段...
训练进度: 500/6065 损失=0.0344
训练进度: 1000/6065 损失=0.0555
训练进度: 1500/6065 损失=0.1010
训练进度: 2000/6065 损失=0.0690
训练进度: 2500/6065 损失=0.0485
训练进度: 3000/6065 损失=0.0741
训练进度: 3500/6065 损失=0.0815
训练进度: 4000/6065 损失=0.0489
训练进度: 4500/6065 损失=0.0547
训练进度: 5000/6065 损失=0.0630
训练进度: 5500/6065 损失=0.0785
训练进度: 6000/6065 损失=0.0652
训练进度: 6065/6065 损失=0.0714
✅ 训练完成，耗时: 109.5秒 (1.8分钟)

============================================================
📊 验证决策: Epoch 20/200
   验证间隔: 1
   是否验证: ✅ 是
   原因: 达到验证间隔 (0 == 0)
============================================================

🔍 开始验证...
验证进度: 500/686 损失=0.0713
验证进度: 686/686 损失=1.1037

📊 预测分布分析:
  - 预测的前5个类别: {np.int64(0): 281178, np.int64(1): 37143, np.int64(2): 14816, np.int64(3): 10671, np.int64(4): 8462}
  - 标签的前5个类别: {np.int64(0): 281232, np.int64(1): 36731, np.int64(2): 14789, np.int64(3): 10866, np.int64(4): 8585}
✅ 验证完成，耗时: 4.7秒 (0.1分钟)
训练损失: 0.0640
验证损失: 0.2467
验证准确率: 0.9665 (10596/10964) - 与Levenshtein高度相关
验证F1(加权): 0.9663 - 类别平衡更好
学习率: 0.000098
显存使用: 0.48GB (预留: 0.69GB)

生成的训练样本:
--------------------------------------------------------------------------------
输入:       DCPJR W<M >JN> DLJT LH RXM> LM<BD
目标:     0 1 0 8 0 40 0 1 0 0 0 0 0 0 0 0 1 58 0 24 0 1 0 0 0 0 30 0 0 1 6 0 0 7
预测:     0 1 0 0 0 40 0 1 0 0 0 0 0 0 0 0 1 58 0 24 0 1 0 0 0 0 30 0 0 1 6 0 0 7
准确率:    0.9706 (33/34)
----------------------------------------
输入:       QM MN QDM MDBXH DMRJ> DHW> BRJK
目标:     0 31 3 0 0 0 0 0 0 2 0 0 0 0 5 0 0 1 0 0 0 2 0 1 0 10 3 0 0 8 0 40
预测:     0 31 3 0 0 0 0 0 0 2 0 0 0 0 5 0 0 1 0 0 0 2 0 1 0 10 3 0 0 8 0 40
准确率:    1.0000 (32/32)
----------------------------------------
输入:       W>NC L> NXSDK BRXM> WBSN>> L> TDGL
目标:     0 1 0 0 2 0 0 0 0 6 0 0 157 0 0 1 0 0 43 0 0 1 1 0 0 4 0 0 0 0 0 6 0 0 16
预测:     0 1 0 0 2 0 0 0 0 6 0 0 157 0 0 1 0 0 43 0 0 1 1 0 0 4 0 0 0 0 0 6 0 0 16
准确率:    1.0000 (35/35)
----------------------------------------

生成的验证样本:
--------------------------------------------------------------------------------
输入:       KLH NPCHWN B>R<> DB<LDBBJHWN DCBW >NWN WNYLWN
目标:     0 0 5 12 0 0 0 5 0 0 0 0 1 0 0 4 0 0 1 0 0 0 0 0 2 1 0 0 0 0 1 0 18 0 0 0 0 0 0 0 1 6 0 18 0 19
预测:     0 0 5 12 0 0 0 5 0 0 0 0 1 0 0 4 0 0 1 0 0 0 0 0 2 1 0 0 0 0 1 0 18 0 0 0 0 0 0 0 1 6 0 18 0 19
准确率:    1.0000 (46/46)
----------------------------------------
输入:       NPCHWN B>R<> DB<LDBBJHWN DCBW >NWN WNYLWN QDMJK
目标:     0 0 0 5 0 0 0 0 1 0 0 4 0 0 1 0 0 0 0 0 2 1 0 0 0 0 1 0 18 0 0 0 0 0 0 0 1 6 0 18 0 19 0 0 0 2 1 0
预测:     0 0 0 5 0 0 0 0 1 0 0 4 0 0 1 0 0 0 0 0 2 1 0 0 0 0 1 0 18 0 0 0 0 0 0 0 1 6 0 18 0 19 0 0 0 2 1 0
准确率:    1.0000 (48/48)
----------------------------------------
⏳ 验证无提升 (验证准确率: 0.9665 ≤ 0.9669)，patience: 1/50

======================================================================
🚀 Epoch 21/200
======================================================================
📚 开始训练阶段...
训练进度: 500/6065 损失=0.0248
训练进度: 1000/6065 损失=0.0449
训练进度: 1500/6065 损失=0.0394
训练进度: 2000/6065 损失=0.0896
训练进度: 2500/6065 损失=0.0871
训练进度: 3000/6065 损失=0.0363
训练进度: 3500/6065 损失=0.0629
训练进度: 4000/6065 损失=0.0684
训练进度: 4500/6065 损失=0.0282
训练进度: 5000/6065 损失=0.0976
训练进度: 5500/6065 损失=0.0452
训练进度: 6000/6065 损失=0.0748
训练进度: 6065/6065 损失=0.1019
✅ 训练完成，耗时: 109.7秒 (1.8分钟)

============================================================
📊 验证决策: Epoch 21/200
   验证间隔: 1
   是否验证: ✅ 是
   原因: 达到验证间隔 (0 == 0)
============================================================

🔍 开始验证...
验证进度: 500/686 损失=0.2802
验证进度: 686/686 损失=1.1819

📊 预测分布分析:
  - 预测的前5个类别: {np.int64(0): 281228, np.int64(1): 37150, np.int64(2): 14729, np.int64(3): 11095, np.int64(4): 8441}
  - 标签的前5个类别: {np.int64(0): 281232, np.int64(1): 36731, np.int64(2): 14789, np.int64(3): 10866, np.int64(4): 8585}
✅ 验证完成，耗时: 4.7秒 (0.1分钟)
训练损失: 0.0623
验证损失: 0.2456
验证准确率: 0.9666 (10598/10964) - 与Levenshtein高度相关
验证F1(加权): 0.9663 - 类别平衡更好
学习率: 0.000097
显存使用: 0.48GB (预留: 0.69GB)

生成的训练样本:
--------------------------------------------------------------------------------
输入:       DCTJLJN <L MJ> W>JK BSM> VB> NBSM
目标:     0 1 0 8 0 7 0 27 0 0 0 0 24 9 0 0 1 0 0 0 0 0 0 11 0 0 0 11 0 0 6 0 0 33
预测:     0 1 0 8 0 7 0 27 0 0 0 0 24 9 0 0 1 0 0 0 0 0 0 11 0 0 0 11 0 0 6 0 0 33
准确率:    1.0000 (34/34)
----------------------------------------
输入:       NBV WBXVHWHJ D>XVJ L>JSRJL WCRK> DPTGMWHJ DZMRJ
目标:     0 0 0 2 0 1 1 0 0 25 1 0 0 0 1 17 0 0 3 0 1 0 0 0 0 0 2 0 1 0 0 4 0 0 1 0 0 0 25 1 0 0 0 1 0 0 0 2
预测:     0 0 0 2 0 1 1 0 0 25 1 0 0 0 1 17 0 0 3 0 1 0 0 0 0 0 2 0 1 0 0 4 0 0 1 0 0 0 25 1 0 0 0 1 0 0 0 2
准确率:    1.0000 (48/48)
----------------------------------------
输入:       M> D>ZLN LWT <BDK >BWN WVLJ> L>
目标:     0 0 0 0 1 0 0 3 0 0 0 0 0 0 0 0 37 0 0 0 8 5 0 0 1 0 0 4 0 0 0 0
预测:     0 0 0 0 1 0 0 3 0 0 0 0 0 0 0 0 29 0 0 0 8 5 0 0 1 0 0 4 0 0 0 0
准确率:    0.9688 (31/32)
----------------------------------------

生成的验证样本:
--------------------------------------------------------------------------------
输入:       KLH NPCHWN B>R<> DB<LDBBJHWN DCBW >NWN WNYLWN
目标:     0 0 5 12 0 0 0 5 0 0 0 0 1 0 0 4 0 0 1 0 0 0 0 0 2 1 0 0 0 0 1 0 18 0 0 0 0 0 0 0 1 6 0 18 0 19
预测:     0 0 5 12 0 0 0 5 0 0 0 0 1 0 0 4 0 0 1 0 0 0 0 0 2 1 0 0 0 0 1 0 18 0 0 0 0 0 0 0 1 6 0 18 0 19
准确率:    1.0000 (46/46)
----------------------------------------
输入:       NPCHWN B>R<> DB<LDBBJHWN DCBW >NWN WNYLWN QDMJK
目标:     0 0 0 5 0 0 0 0 1 0 0 4 0 0 1 0 0 0 0 0 2 1 0 0 0 0 1 0 18 0 0 0 0 0 0 0 1 6 0 18 0 19 0 0 0 2 1 0
预测:     0 0 0 5 0 0 0 0 1 0 0 4 0 0 1 0 0 0 0 0 2 1 0 0 0 0 1 0 18 0 0 0 0 0 0 0 1 6 0 18 0 19 0 0 0 2 1 0
准确率:    1.0000 (48/48)
----------------------------------------
⏳ 验证无提升 (验证准确率: 0.9666 ≤ 0.9669)，patience: 2/50

======================================================================
🚀 Epoch 22/200
======================================================================
📚 开始训练阶段...
训练进度: 500/6065 损失=0.0467
训练进度: 1000/6065 损失=0.0626
训练进度: 1500/6065 损失=0.0762
训练进度: 2000/6065 损失=0.0977
训练进度: 2500/6065 损失=0.0438
训练进度: 3000/6065 损失=0.0448
训练进度: 3500/6065 损失=0.0464
训练进度: 4000/6065 损失=0.0413
训练进度: 4500/6065 损失=0.0482
训练进度: 5000/6065 损失=0.0258
训练进度: 5500/6065 损失=0.1094
训练进度: 6000/6065 损失=0.0393
训练进度: 6065/6065 损失=0.0790
✅ 训练完成，耗时: 109.5秒 (1.8分钟)

============================================================
📊 验证决策: Epoch 22/200
   验证间隔: 1
   是否验证: ✅ 是
   原因: 达到验证间隔 (0 == 0)
============================================================

🔍 开始验证...
验证进度: 500/686 损失=0.2643
验证进度: 686/686 损失=1.1648

📊 预测分布分析:
  - 预测的前5个类别: {np.int64(0): 281543, np.int64(1): 37018, np.int64(2): 14689, np.int64(3): 10496, np.int64(4): 8901}
  - 标签的前5个类别: {np.int64(0): 281232, np.int64(1): 36731, np.int64(2): 14789, np.int64(3): 10866, np.int64(4): 8585}
✅ 验证完成，耗时: 4.7秒 (0.1分钟)
训练损失: 0.0600
验证损失: 0.2533
验证准确率: 0.9661 (10592/10964) - 与Levenshtein高度相关
验证F1(加权): 0.9658 - 类别平衡更好
学习率: 0.000097
显存使用: 0.48GB (预留: 0.69GB)

生成的训练样本:
--------------------------------------------------------------------------------
输入:       WNC> >KXD DKLH <M> MN SKH <L
目标:     0 1 0 11 0 0 0 0 0 60 0 1 0 5 0 0 0 15 0 0 0 0 0 0 5 0 0 0 0
预测:     0 1 0 11 0 0 0 0 0 60 0 1 0 5 0 0 0 15 0 0 0 0 0 0 5 0 0 0 0
准确率:    1.0000 (29/29)
----------------------------------------
输入:       MN LBH PWM> D>JLP MN LB> LB>
目标:     0 0 0 0 0 5 0 0 0 0 4 0 0 35 0 0 0 3 0 0 0 0 0 4 0 0 0 4 0
预测:     0 0 0 0 0 5 0 0 0 0 4 0 0 35 0 0 0 3 0 0 0 0 0 4 0 0 0 4 0
准确率:    1.0000 (29/29)
----------------------------------------
输入:       W>MR MRJ> >LH> H> >DM HW> >JK
目标:     0 1 0 0 3 0 0 0 0 2 0 0 0 4 0 0 0 0 0 0 0 2 0 0 10 3 0 0 0 0
预测:     0 1 0 0 3 0 0 0 0 2 0 0 0 4 0 0 0 0 0 0 0 2 0 0 10 3 0 0 0 0
准确率:    1.0000 (30/30)
----------------------------------------

生成的验证样本:
--------------------------------------------------------------------------------
输入:       KLH NPCHWN B>R<> DB<LDBBJHWN DCBW >NWN WNYLWN
目标:     0 0 5 12 0 0 0 5 0 0 0 0 1 0 0 4 0 0 1 0 0 0 0 0 2 1 0 0 0 0 1 0 18 0 0 0 0 0 0 0 1 6 0 18 0 19
预测:     0 0 5 12 0 0 0 5 0 0 0 0 1 0 0 4 0 0 1 0 0 0 0 0 2 1 0 0 0 0 1 0 18 0 0 0 0 0 0 0 1 6 0 18 0 19
准确率:    1.0000 (46/46)
----------------------------------------
输入:       NPCHWN B>R<> DB<LDBBJHWN DCBW >NWN WNYLWN QDMJK
目标:     0 0 0 5 0 0 0 0 1 0 0 4 0 0 1 0 0 0 0 0 2 1 0 0 0 0 1 0 18 0 0 0 0 0 0 0 1 6 0 18 0 19 0 0 0 2 1 0
预测:     0 0 0 5 0 0 0 0 1 0 0 4 0 0 1 0 0 0 0 0 2 1 0 0 0 0 1 0 18 0 0 0 0 0 0 0 1 6 0 18 0 19 0 0 0 2 1 0
准确率:    1.0000 (48/48)
----------------------------------------
⏳ 验证无提升 (验证准确率: 0.9661 ≤ 0.9669)，patience: 3/50

======================================================================
🚀 Epoch 23/200
======================================================================
📚 开始训练阶段...
训练进度: 500/6065 损失=0.0774
训练进度: 1000/6065 损失=0.0946
训练进度: 1500/6065 损失=0.0532
训练进度: 2000/6065 损失=0.0474
训练进度: 2500/6065 损失=0.0702
训练进度: 3000/6065 损失=0.0453
训练进度: 3500/6065 损失=0.0529
训练进度: 4000/6065 损失=0.0371
训练进度: 4500/6065 损失=0.0514
训练进度: 5000/6065 损失=0.1264
训练进度: 5500/6065 损失=0.0636
训练进度: 6000/6065 损失=0.0578
训练进度: 6065/6065 损失=0.0677
✅ 训练完成，耗时: 109.4秒 (1.8分钟)

============================================================
📊 验证决策: Epoch 23/200
   验证间隔: 1
   是否验证: ✅ 是
   原因: 达到验证间隔 (0 == 0)
============================================================

🔍 开始验证...
验证进度: 500/686 损失=0.2706
验证进度: 686/686 损失=1.0322

📊 预测分布分析:
  - 预测的前5个类别: {np.int64(0): 281753, np.int64(1): 37132, np.int64(2): 14708, np.int64(3): 10773, np.int64(4): 8857}
  - 标签的前5个类别: {np.int64(0): 281232, np.int64(1): 36731, np.int64(2): 14789, np.int64(3): 10866, np.int64(4): 8585}
✅ 验证完成，耗时: 4.7秒 (0.1分钟)
训练损失: 0.0586
验证损失: 0.2597
验证准确率: 0.9664 (10595/10964) - 与Levenshtein高度相关
验证F1(加权): 0.9659 - 类别平衡更好
学习率: 0.000097
显存使用: 0.48GB (预留: 0.69GB)

生成的训练样本:
--------------------------------------------------------------------------------
输入:       D>MR MRJ> WN<BD LHWN MRJ> >JK D<BD
目标:     0 1 0 0 3 0 0 0 0 2 0 1 6 0 0 3 0 1 0 0 0 0 0 0 0 2 0 0 0 0 0 1 0 0 3
预测:     0 1 0 0 3 0 0 0 0 2 0 1 6 0 0 3 0 1 0 0 0 0 0 0 0 2 0 0 0 0 0 1 0 0 3
准确率:    1.0000 (35/35)
----------------------------------------
输入:       MN QDJM WDL> MMTWM SNN >L> JTJR>JT
目标:     0 0 0 0 0 0 0 0 0 1 1 0 0 0 0 0 0 0 0 0 0 105 0 0 0 0 0 0 0 0 0 0 0 0 0
预测:     0 0 0 0 0 0 0 0 0 1 1 0 0 0 0 0 0 0 0 0 0 105 0 0 0 0 0 0 0 0 0 0 0 0 0
准确率:    1.0000 (35/35)
----------------------------------------
输入:       DMSQ HW> BBJTH DMRJ> WL> >CTXRT BH
目标:     0 1 28 64 7 0 0 10 3 0 1 0 0 5 0 0 1 0 0 0 2 0 1 0 0 0 47 39 101 0 3 26 0 1 12
预测:     0 1 28 64 7 0 0 10 3 0 1 0 0 5 0 0 1 0 0 0 2 0 1 0 0 0 47 39 101 0 3 26 0 1 0
准确率:    0.9714 (34/35)
----------------------------------------

生成的验证样本:
--------------------------------------------------------------------------------
输入:       KLH NPCHWN B>R<> DB<LDBBJHWN DCBW >NWN WNYLWN
目标:     0 0 5 12 0 0 0 5 0 0 0 0 1 0 0 4 0 0 1 0 0 0 0 0 2 1 0 0 0 0 1 0 18 0 0 0 0 0 0 0 1 6 0 18 0 19
预测:     0 0 5 12 0 0 0 5 0 0 0 0 1 0 0 4 0 0 1 0 0 0 0 0 2 1 0 0 0 0 1 0 18 0 0 0 0 0 0 0 1 6 0 18 0 19
准确率:    1.0000 (46/46)
----------------------------------------
输入:       NPCHWN B>R<> DB<LDBBJHWN DCBW >NWN WNYLWN QDMJK
目标:     0 0 0 5 0 0 0 0 1 0 0 4 0 0 1 0 0 0 0 0 2 1 0 0 0 0 1 0 18 0 0 0 0 0 0 0 1 6 0 18 0 19 0 0 0 2 1 0
预测:     0 0 0 5 0 0 0 0 1 0 0 4 0 0 1 0 0 0 0 0 2 1 0 0 0 0 1 0 18 0 0 0 0 0 0 0 1 6 0 18 0 19 0 0 0 2 1 0
准确率:    1.0000 (48/48)
----------------------------------------
⏳ 验证无提升 (验证准确率: 0.9664 ≤ 0.9669)，patience: 4/50

======================================================================
🚀 Epoch 24/200
======================================================================
📚 开始训练阶段...
训练进度: 500/6065 损失=0.0321
训练进度: 1000/6065 损失=0.0822
训练进度: 1500/6065 损失=0.0386
训练进度: 2000/6065 损失=0.0666
训练进度: 2500/6065 损失=0.0842
训练进度: 3000/6065 损失=0.0950
训练进度: 3500/6065 损失=0.0575
训练进度: 4000/6065 损失=0.0458
训练进度: 4500/6065 损失=0.0715
训练进度: 5000/6065 损失=0.0693
训练进度: 5500/6065 损失=0.0862
训练进度: 6000/6065 损失=0.0773
训练进度: 6065/6065 损失=0.0689
✅ 训练完成，耗时: 109.3秒 (1.8分钟)

============================================================
📊 验证决策: Epoch 24/200
   验证间隔: 1
   是否验证: ✅ 是
   原因: 达到验证间隔 (0 == 0)
============================================================

🔍 开始验证...
验证进度: 500/686 损失=0.1125
验证进度: 686/686 损失=1.0460

📊 预测分布分析:
  - 预测的前5个类别: {np.int64(0): 281559, np.int64(1): 37220, np.int64(2): 14880, np.int64(3): 10734, np.int64(4): 8924}
  - 标签的前5个类别: {np.int64(0): 281232, np.int64(1): 36731, np.int64(2): 14789, np.int64(3): 10866, np.int64(4): 8585}
✅ 验证完成，耗时: 4.7秒 (0.1分钟)
训练损失: 0.0568
验证损失: 0.2613
验证准确率: 0.9666 (10598/10964) - 与Levenshtein高度相关
验证F1(加权): 0.9662 - 类别平衡更好
学习率: 0.000097
显存使用: 0.48GB (预留: 0.69GB)

生成的训练样本:
--------------------------------------------------------------------------------
输入:       >SGJW DNYWMWN >WDJW >P RWJ> DJLPW W>CTJW
目标:     0 17 0 0 3 0 0 1 6 0 0 33 0 0 0 50 0 0 3 0 0 0 0 0 0 0 30 0 0 1 0 0 3 0 0 35 0 0 0 3 0
预测:     0 17 0 0 3 0 0 1 6 0 0 33 0 0 0 50 0 0 3 0 0 0 0 0 0 0 30 0 0 1 0 0 3 0 0 35 0 0 0 3 0
准确率:    1.0000 (41/41)
----------------------------------------
输入:       MN QRJT> WKD >PQW >NWN LBR >MRJN
目标:     0 0 0 0 0 0 22 9 0 0 1 0 0 0 72 0 3 0 0 0 0 0 0 0 1 0 22 0 0 0 7 0 0
预测:     0 0 0 0 0 0 22 9 0 0 1 0 0 0 72 0 3 0 0 0 0 0 0 0 1 0 22 0 0 0 7 0 0
准确率:    1.0000 (33/33)
----------------------------------------
输入:       LBH DSKL> BM<WHJ TBJR WQDM <QT> L>
目标:     0 0 5 0 0 1 0 0 4 0 0 1 0 25 1 0 0 0 0 8 0 40 0 1 0 0 2 0 0 13 9 0 0 0 0
预测:     0 0 5 0 0 1 0 0 4 0 0 1 0 25 1 0 0 0 0 8 0 40 0 1 0 0 2 0 0 13 9 0 0 0 0
准确率:    1.0000 (35/35)
----------------------------------------

生成的验证样本:
--------------------------------------------------------------------------------
输入:       KLH NPCHWN B>R<> DB<LDBBJHWN DCBW >NWN WNYLWN
目标:     0 0 5 12 0 0 0 5 0 0 0 0 1 0 0 4 0 0 1 0 0 0 0 0 2 1 0 0 0 0 1 0 18 0 0 0 0 0 0 0 1 6 0 18 0 19
预测:     0 0 5 12 0 0 0 5 0 0 0 0 1 0 0 4 0 0 1 0 0 0 0 0 2 1 0 0 0 0 1 0 18 0 0 0 0 0 0 0 1 6 0 18 0 19
准确率:    1.0000 (46/46)
----------------------------------------
输入:       NPCHWN B>R<> DB<LDBBJHWN DCBW >NWN WNYLWN QDMJK
目标:     0 0 0 5 0 0 0 0 1 0 0 4 0 0 1 0 0 0 0 0 2 1 0 0 0 0 1 0 18 0 0 0 0 0 0 0 1 6 0 18 0 19 0 0 0 2 1 0
预测:     0 0 0 5 0 0 0 0 1 0 0 4 0 0 1 0 0 0 0 0 2 1 0 0 0 0 1 0 18 0 0 0 0 0 0 0 1 6 0 18 0 19 0 0 0 2 1 0
准确率:    1.0000 (48/48)
----------------------------------------
⏳ 验证无提升 (验证准确率: 0.9666 ≤ 0.9669)，patience: 5/50

======================================================================
🚀 Epoch 25/200
======================================================================
📚 开始训练阶段...
训练进度: 500/6065 损失=0.0613
训练进度: 1000/6065 损失=0.0455
训练进度: 1500/6065 损失=0.0963
训练进度: 2000/6065 损失=0.0584
训练进度: 2500/6065 损失=0.0715
训练进度: 3000/6065 损失=0.1081
训练进度: 3500/6065 损失=0.0588
训练进度: 4000/6065 损失=0.0838
训练进度: 4500/6065 损失=0.0838
训练进度: 5000/6065 损失=0.0516
训练进度: 5500/6065 损失=0.0507
训练进度: 6000/6065 损失=0.0480
训练进度: 6065/6065 损失=0.0477
✅ 训练完成，耗时: 109.3秒 (1.8分钟)

============================================================
📊 验证决策: Epoch 25/200
   验证间隔: 1
   是否验证: ✅ 是
   原因: 达到验证间隔 (0 == 0)
============================================================

🔍 开始验证...
验证进度: 500/686 损失=0.0472
验证进度: 686/686 损失=1.2360

📊 预测分布分析:
  - 预测的前5个类别: {np.int64(0): 282030, np.int64(1): 37154, np.int64(2): 14488, np.int64(3): 10663, np.int64(4): 8824}
  - 标签的前5个类别: {np.int64(0): 281232, np.int64(1): 36731, np.int64(2): 14789, np.int64(3): 10866, np.int64(4): 8585}
✅ 验证完成，耗时: 4.7秒 (0.1分钟)
训练损失: 0.0553
验证损失: 0.2616
验证准确率: 0.9673 (10605/10964) - 与Levenshtein高度相关
验证F1(加权): 0.9668 - 类别平衡更好
学习率: 0.000096
显存使用: 0.48GB (预留: 0.69GB)

生成的训练样本:
--------------------------------------------------------------------------------
输入:       DBCBJL XQLH DQYR> WQRW LMLK> WNPQW LWTHWN
目标:     0 1 1 0 0 0 2 0 0 0 5 0 0 1 0 0 4 0 0 1 0 18 0 0 1 0 0 4 0 0 1 0 0 3 0 0 0 0 1 0 0 0
预测:     0 1 1 0 0 0 2 0 0 0 5 0 0 1 0 0 4 0 0 1 0 18 0 0 1 0 0 4 0 0 1 0 0 3 0 0 0 0 1 0 0 0
准确率:    1.0000 (42/42)
----------------------------------------
输入:       LBJT RHV> WCRK> DPTGMWHJ DRXB<M WKL MDM
目标:     0 1 0 0 2 0 0 0 30 0 0 1 0 0 4 0 0 1 0 0 0 25 1 0 0 0 1 0 0 0 0 2 0 1 0 2 0 0 0 2
预测:     0 1 0 0 2 0 0 0 30 0 0 1 0 0 4 0 0 1 0 0 0 25 1 0 0 0 1 0 0 0 0 2 0 1 0 2 0 0 0 2
准确率:    1.0000 (40/40)
----------------------------------------
输入:       VLJT> WXWJT LBJT >BWH ML> HLJN WLRPQ>
目标:     0 0 0 2 9 0 0 1 0 0 3 92 0 1 0 0 2 0 0 8 5 12 0 0 61 0 0 0 0 0 0 0 1 1 0 0 0 2
预测:     0 0 0 2 9 0 0 1 0 0 3 92 0 1 0 0 2 0 0 8 5 12 0 0 61 0 0 0 0 0 0 0 1 1 0 0 0 2
准确率:    1.0000 (38/38)
----------------------------------------

生成的验证样本:
--------------------------------------------------------------------------------
输入:       KLH NPCHWN B>R<> DB<LDBBJHWN DCBW >NWN WNYLWN
目标:     0 0 5 12 0 0 0 5 0 0 0 0 1 0 0 4 0 0 1 0 0 0 0 0 2 1 0 0 0 0 1 0 18 0 0 0 0 0 0 0 1 6 0 18 0 19
预测:     0 0 5 12 0 0 0 5 0 0 0 0 1 0 0 4 0 0 1 0 0 0 0 0 2 1 0 0 0 0 1 0 18 19 0 0 0 0 0 0 1 6 0 18 0 19
准确率:    0.9783 (45/46)
----------------------------------------
输入:       NPCHWN B>R<> DB<LDBBJHWN DCBW >NWN WNYLWN QDMJK
目标:     0 0 0 5 0 0 0 0 1 0 0 4 0 0 1 0 0 0 0 0 2 1 0 0 0 0 1 0 18 0 0 0 0 0 0 0 1 6 0 18 0 19 0 0 0 2 1 0
预测:     0 0 0 5 0 0 0 0 1 0 0 4 0 0 1 0 0 0 0 0 2 1 0 0 0 0 1 0 18 19 0 0 0 0 0 0 1 6 0 18 0 19 0 0 0 2 1 0
准确率:    0.9792 (47/48)
----------------------------------------
💾 保存新的最佳模型！验证准确率: 0.9673 (F1: 0.9668) (Epoch 25)

======================================================================
🚀 Epoch 26/200
======================================================================
📚 开始训练阶段...
训练进度: 500/6065 损失=0.0430
训练进度: 1000/6065 损失=0.0298
训练进度: 1500/6065 损失=0.0556
训练进度: 2000/6065 损失=0.0399
训练进度: 2500/6065 损失=0.0705
训练进度: 3000/6065 损失=0.0768
训练进度: 3500/6065 损失=0.0617
训练进度: 4000/6065 损失=0.0829
训练进度: 4500/6065 损失=0.0550
训练进度: 5000/6065 损失=0.0363
训练进度: 5500/6065 损失=0.0617
训练进度: 6000/6065 损失=0.0369
训练进度: 6065/6065 损失=0.0797
✅ 训练完成，耗时: 109.3秒 (1.8分钟)

============================================================
📊 验证决策: Epoch 26/200
   验证间隔: 1
   是否验证: ✅ 是
   原因: 达到验证间隔 (0 == 0)
============================================================

🔍 开始验证...
验证进度: 500/686 损失=0.0753
验证进度: 686/686 损失=1.1117

📊 预测分布分析:
  - 预测的前5个类别: {np.int64(0): 281189, np.int64(1): 37073, np.int64(2): 14737, np.int64(3): 10603, np.int64(4): 8828}
  - 标签的前5个类别: {np.int64(0): 281232, np.int64(1): 36731, np.int64(2): 14789, np.int64(3): 10866, np.int64(4): 8585}
✅ 验证完成，耗时: 4.7秒 (0.1分钟)
训练损失: 0.0539
验证损失: 0.2588
验证准确率: 0.9668 (10600/10964) - 与Levenshtein高度相关
验证F1(加权): 0.9666 - 类别平衡更好
学习率: 0.000096
显存使用: 0.48GB (预留: 0.69GB)

生成的训练样本:
--------------------------------------------------------------------------------
输入:       JWMTH DJCW< WKLHWN JWMT> DQCJC> D>GRW BTR
目标:     0 0 0 2 32 0 0 1 0 0 0 2 0 1 0 5 0 0 0 0 0 0 2 23 0 0 1 0 0 0 11 0 0 1 72 0 3 0 0 0 0 0
预测:     0 0 0 2 32 0 0 1 0 0 0 2 0 1 0 5 0 0 0 0 0 0 2 23 0 0 1 0 0 0 11 0 0 1 72 0 3 0 0 0 0 0
准确率:    1.0000 (42/42)
----------------------------------------
输入:       WL> >JK Z<WRWT BJCWTH D>NTT> PYT> DXVH>
目标:     0 1 0 0 0 0 0 0 0 0 0 0 0 2 0 0 0 0 0 2 1 12 0 1 0 0 13 9 0 0 0 13 9 0 0 1 0 0 11 0
预测:     0 1 0 0 0 0 0 0 0 0 0 0 0 2 0 0 0 0 0 2 1 12 0 1 0 0 13 9 0 0 0 13 9 0 0 1 0 0 11 0
准确率:    1.0000 (40/40)
----------------------------------------
输入:       LM>MR SQ LWT XLQJ> KHN> RB> WNCLM
目标:     0 1 6 0 0 7 6 64 3 0 0 0 0 0 0 0 0 0 2 0 0 0 4 0 0 0 4 0 0 1 28 0 0 3
预测:     0 1 6 0 0 7 6 64 3 0 0 0 0 0 0 0 0 0 2 0 0 0 4 0 0 0 4 0 0 1 28 0 0 3
准确率:    1.0000 (34/34)
----------------------------------------

生成的验证样本:
--------------------------------------------------------------------------------
输入:       KLH NPCHWN B>R<> DB<LDBBJHWN DCBW >NWN WNYLWN
目标:     0 0 5 12 0 0 0 5 0 0 0 0 1 0 0 4 0 0 1 0 0 0 0 0 2 1 0 0 0 0 1 0 18 0 0 0 0 0 0 0 1 6 0 18 0 19
预测:     0 0 5 12 0 0 0 5 0 0 0 0 1 0 0 4 0 0 1 0 0 0 0 0 2 1 0 0 0 0 1 0 18 0 0 0 0 0 0 0 1 6 0 18 0 19
准确率:    1.0000 (46/46)
----------------------------------------
输入:       NPCHWN B>R<> DB<LDBBJHWN DCBW >NWN WNYLWN QDMJK
目标:     0 0 0 5 0 0 0 0 1 0 0 4 0 0 1 0 0 0 0 0 2 1 0 0 0 0 1 0 18 0 0 0 0 0 0 0 1 6 0 18 0 19 0 0 0 2 1 0
预测:     0 0 0 5 0 0 0 0 1 0 0 4 0 0 1 0 0 0 0 0 2 1 0 0 0 0 1 0 18 0 0 0 0 0 0 0 1 6 0 18 0 19 0 0 0 2 1 0
准确率:    1.0000 (48/48)
----------------------------------------
⏳ 验证无提升 (验证准确率: 0.9668 ≤ 0.9673)，patience: 1/50

======================================================================
🚀 Epoch 27/200
======================================================================
📚 开始训练阶段...
训练进度: 500/6065 损失=0.0225
训练进度: 1000/6065 损失=0.0534
训练进度: 1500/6065 损失=0.0428
训练进度: 2000/6065 损失=0.0410
训练进度: 2500/6065 损失=0.0623
训练进度: 3000/6065 损失=0.0158
训练进度: 3500/6065 损失=0.0698
训练进度: 4000/6065 损失=0.0722
训练进度: 4500/6065 损失=0.0532
训练进度: 5000/6065 损失=0.0466
训练进度: 5500/6065 损失=0.0792
训练进度: 6000/6065 损失=0.0963
训练进度: 6065/6065 损失=0.0387
✅ 训练完成，耗时: 109.4秒 (1.8分钟)

============================================================
📊 验证决策: Epoch 27/200
   验证间隔: 1
   是否验证: ✅ 是
   原因: 达到验证间隔 (0 == 0)
============================================================

🔍 开始验证...
验证进度: 500/686 损失=0.0230
验证进度: 686/686 损失=1.1786

📊 预测分布分析:
  - 预测的前5个类别: {np.int64(0): 281062, np.int64(1): 36954, np.int64(2): 14878, np.int64(3): 10704, np.int64(4): 8717}
  - 标签的前5个类别: {np.int64(0): 281232, np.int64(1): 36731, np.int64(2): 14789, np.int64(3): 10866, np.int64(4): 8585}
✅ 验证完成，耗时: 4.7秒 (0.1分钟)
训练损失: 0.0531
验证损失: 0.2652
验证准确率: 0.9668 (10600/10964) - 与Levenshtein高度相关
验证F1(加权): 0.9666 - 类别平衡更好
学习率: 0.000096
显存使用: 0.47GB (预留: 0.69GB)

生成的训练样本:
--------------------------------------------------------------------------------
输入:       DC>LJN LH W>N LBR> >W LBRT> NDQWR
目标:     0 1 0 0 7 0 0 0 1 0 0 1 0 0 0 1 0 4 0 0 0 0 0 1 0 13 9 0 0 44 0 8 0 3
预测:     0 1 0 0 7 0 0 0 1 0 0 1 0 0 0 1 0 4 0 0 0 0 0 1 0 13 9 0 0 44 0 8 0 3
准确率:    1.0000 (34/34)
----------------------------------------
输入:       VBT> >ZDHRW DL> TV<WN QJMH DMRJ> >LHKWN
目标:     0 0 2 9 0 6 47 85 0 0 3 0 0 1 0 0 0 6 0 18 0 0 0 0 0 5 0 0 1 0 0 0 2 0 0 0 5 0 0 0
预测:     0 0 2 23 0 6 47 85 0 0 3 0 0 1 0 0 0 6 0 18 0 0 0 0 0 5 0 0 1 0 0 0 2 0 0 0 5 0 0 0
准确率:    0.9750 (39/40)
----------------------------------------
输入:       D>MR LK W>JK DJM> L>BHJK L>BRHM WL>JSXQ
目标:     0 1 0 0 3 0 1 0 0 1 0 0 0 0 1 0 10 3 0 1 0 8 2 1 0 0 1 0 0 0 0 2 0 1 1 0 0 0 0 2
预测:     0 1 0 0 3 0 1 0 0 1 0 0 0 0 1 0 10 3 0 1 0 8 2 1 0 0 1 0 0 0 0 2 0 1 1 0 0 0 0 2
准确率:    1.0000 (40/40)
----------------------------------------

生成的验证样本:
--------------------------------------------------------------------------------
输入:       KLH NPCHWN B>R<> DB<LDBBJHWN DCBW >NWN WNYLWN
目标:     0 0 5 12 0 0 0 5 0 0 0 0 1 0 0 4 0 0 1 0 0 0 0 0 2 1 0 0 0 0 1 0 18 0 0 0 0 0 0 0 1 6 0 18 0 19
预测:     0 0 5 12 0 0 0 5 0 0 0 0 1 0 0 4 0 0 1 0 0 0 0 0 2 1 0 0 0 0 1 0 18 0 0 0 0 0 0 0 1 6 0 18 0 19
准确率:    1.0000 (46/46)
----------------------------------------
输入:       NPCHWN B>R<> DB<LDBBJHWN DCBW >NWN WNYLWN QDMJK
目标:     0 0 0 5 0 0 0 0 1 0 0 4 0 0 1 0 0 0 0 0 2 1 0 0 0 0 1 0 18 0 0 0 0 0 0 0 1 6 0 18 0 19 0 0 0 2 1 0
预测:     0 0 0 5 0 0 0 0 1 0 0 4 0 0 1 0 0 0 0 0 2 1 0 0 0 0 1 0 18 0 0 0 0 0 0 0 1 6 0 18 0 19 0 0 0 2 1 0
准确率:    1.0000 (48/48)
----------------------------------------
⏳ 验证无提升 (验证准确率: 0.9668 ≤ 0.9673)，patience: 2/50

======================================================================
🚀 Epoch 28/200
======================================================================
📚 开始训练阶段...
训练进度: 500/6065 损失=0.0653
训练进度: 1000/6065 损失=0.0600
训练进度: 1500/6065 损失=0.0172
训练进度: 2000/6065 损失=0.1306
训练进度: 2500/6065 损失=0.0377
训练进度: 3000/6065 损失=0.0759
训练进度: 3500/6065 损失=0.0699
训练进度: 4000/6065 损失=0.0364
训练进度: 4500/6065 损失=0.0366
训练进度: 5000/6065 损失=0.0804
训练进度: 5500/6065 损失=0.0184
训练进度: 6000/6065 损失=0.0526
训练进度: 6065/6065 损失=0.0499
✅ 训练完成，耗时: 109.6秒 (1.8分钟)

============================================================
📊 验证决策: Epoch 28/200
   验证间隔: 1
   是否验证: ✅ 是
   原因: 达到验证间隔 (0 == 0)
============================================================

🔍 开始验证...
验证进度: 500/686 损失=0.5044
验证进度: 686/686 损失=1.3027

📊 预测分布分析:
  - 预测的前5个类别: {np.int64(0): 281695, np.int64(1): 37170, np.int64(2): 14768, np.int64(3): 10680, np.int64(4): 8926}
  - 标签的前5个类别: {np.int64(0): 281232, np.int64(1): 36731, np.int64(2): 14789, np.int64(3): 10866, np.int64(4): 8585}
✅ 验证完成，耗时: 4.7秒 (0.1分钟)
训练损失: 0.0510
验证损失: 0.2770
验证准确率: 0.9667 (10599/10964) - 与Levenshtein高度相关
验证F1(加权): 0.9662 - 类别平衡更好
学习率: 0.000095
显存使用: 0.47GB (预留: 0.69GB)

生成的训练样本:
--------------------------------------------------------------------------------
输入:       RBWTH D<M> DXDRWNJ WSMW <LJ QWM MRJ>
目标:     0 0 0 2 32 0 0 1 0 15 0 0 1 0 0 33 1 0 0 0 1 31 3 0 0 0 1 0 6 0 0 3 0 0 0 0 2
预测:     0 0 0 2 32 0 0 1 0 15 0 0 1 0 0 33 1 0 0 0 1 31 3 0 0 0 1 0 6 0 0 3 0 0 0 0 2
准确率:    1.0000 (37/37)
----------------------------------------
输入:       DM>T >N> >TKNCW LWTJ KLKWN RJC> DCBVJKWN
目标:     0 1 20 0 7 0 0 0 0 6 0 14 0 0 3 19 0 0 0 1 0 0 0 5 0 0 0 0 0 0 11 0 0 1 0 0 2 1 0 0 0
预测:     0 1 20 0 7 0 0 0 0 6 0 14 0 0 3 19 0 0 0 1 0 0 0 5 0 0 0 0 0 0 11 0 0 1 0 0 2 1 0 0 0
准确率:    1.0000 (41/41)
----------------------------------------
输入:       WXZJT BXLM> WH> TJC> SLQJN <L <N>
目标:     0 1 0 0 3 0 0 1 0 0 15 0 0 1 0 0 0 0 0 11 0 0 0 0 7 0 0 0 0 0 0 0 4 0
预测:     0 1 0 0 3 0 0 1 0 0 15 0 0 1 0 0 0 0 0 11 0 0 0 0 7 0 0 0 0 0 0 0 4 0
准确率:    1.0000 (34/34)
----------------------------------------

生成的验证样本:
--------------------------------------------------------------------------------
输入:       KLH NPCHWN B>R<> DB<LDBBJHWN DCBW >NWN WNYLWN
目标:     0 0 5 12 0 0 0 5 0 0 0 0 1 0 0 4 0 0 1 0 0 0 0 0 2 1 0 0 0 0 1 0 18 0 0 0 0 0 0 0 1 6 0 18 0 19
预测:     0 0 5 12 0 0 0 5 0 0 0 0 1 0 0 4 0 0 1 0 0 0 0 0 2 1 0 0 0 0 1 0 18 0 0 0 0 0 0 0 1 6 0 18 0 19
准确率:    1.0000 (46/46)
----------------------------------------
输入:       NPCHWN B>R<> DB<LDBBJHWN DCBW >NWN WNYLWN QDMJK
目标:     0 0 0 5 0 0 0 0 1 0 0 4 0 0 1 0 0 0 0 0 2 1 0 0 0 0 1 0 18 0 0 0 0 0 0 0 1 6 0 18 0 19 0 0 0 2 1 0
预测:     0 0 0 5 0 0 0 0 1 0 0 4 0 0 1 0 0 0 0 0 2 1 0 0 0 0 1 0 18 0 0 0 0 0 0 0 1 6 0 18 0 19 0 0 0 2 1 0
准确率:    1.0000 (48/48)
----------------------------------------
⏳ 验证无提升 (验证准确率: 0.9667 ≤ 0.9673)，patience: 3/50

======================================================================
🚀 Epoch 29/200
======================================================================
📚 开始训练阶段...
训练进度: 500/6065 损失=0.0575
训练进度: 1000/6065 损失=0.0231
训练进度: 1500/6065 损失=0.0575
训练进度: 2000/6065 损失=0.0176
训练进度: 2500/6065 损失=0.0431
训练进度: 3000/6065 损失=0.1003
训练进度: 3500/6065 损失=0.0596
训练进度: 4000/6065 损失=0.0636
训练进度: 4500/6065 损失=0.0530
训练进度: 5000/6065 损失=0.0538
训练进度: 5500/6065 损失=0.0526
训练进度: 6000/6065 损失=0.0637
训练进度: 6065/6065 损失=0.0504
✅ 训练完成，耗时: 109.6秒 (1.8分钟)

============================================================
📊 验证决策: Epoch 29/200
   验证间隔: 1
   是否验证: ✅ 是
   原因: 达到验证间隔 (0 == 0)
============================================================

🔍 开始验证...
验证进度: 500/686 损失=0.1153
验证进度: 686/686 损失=1.3598

📊 预测分布分析:
  - 预测的前5个类别: {np.int64(0): 281658, np.int64(1): 37060, np.int64(2): 14594, np.int64(3): 10594, np.int64(4): 9074}
  - 标签的前5个类别: {np.int64(0): 281232, np.int64(1): 36731, np.int64(2): 14789, np.int64(3): 10866, np.int64(4): 8585}
✅ 验证完成，耗时: 4.7秒 (0.1分钟)
训练损失: 0.0503
验证损失: 0.2705
验证准确率: 0.9664 (10595/10964) - 与Levenshtein高度相关
验证F1(加权): 0.9662 - 类别平衡更好
学习率: 0.000095
显存使用: 0.47GB (预留: 0.69GB)

生成的训练样本:
--------------------------------------------------------------------------------
输入:       DHW> >JK XTM> <L >JD> DJMJN> W>P
目标:     0 1 0 10 3 0 0 0 0 0 0 0 4 0 0 0 0 8 0 0 4 0 0 1 0 0 0 4 0 0 1 0 0
预测:     0 1 0 10 3 0 0 0 0 0 0 0 4 0 0 0 0 8 0 0 4 0 0 1 0 0 0 4 0 0 1 0 0
准确率:    1.0000 (33/33)
----------------------------------------
输入:       WYBTHJN WCWPRHJN <BD> DNSKT> W>RB< KTPN <L
目标:     0 1 0 251 1 0 0 0 0 1 0 0 0 5 0 0 0 0 0 0 55 0 0 1 0 0 13 9 0 0 1 0 0 0 2 0 0 0 2 0 0 0 0
预测:     0 1 0 18 1 0 0 0 0 1 0 0 0 5 0 0 0 0 0 0 55 0 0 1 0 0 13 9 0 0 1 0 0 0 2 0 0 0 2 0 0 0 0
准确率:    0.9767 (42/43)
----------------------------------------
输入:       >N> BGW MYRJN WNMWTWN KLHWN BWKR> D>R<>
目标:     0 0 0 0 0 1 0 2 0 0 0 0 0 2 0 1 6 0 0 3 0 0 0 0 5 0 0 0 0 0 0 0 11 0 0 1 0 0 4 0
预测:     0 0 0 0 0 1 0 2 0 0 0 0 0 2 0 1 6 0 0 3 0 0 0 0 5 0 0 0 0 8 0 31 11 0 0 1 0 0 4 0
准确率:    0.9500 (38/40)
----------------------------------------

生成的验证样本:
--------------------------------------------------------------------------------
输入:       KLH NPCHWN B>R<> DB<LDBBJHWN DCBW >NWN WNYLWN
目标:     0 0 5 12 0 0 0 5 0 0 0 0 1 0 0 4 0 0 1 0 0 0 0 0 2 1 0 0 0 0 1 0 18 0 0 0 0 0 0 0 1 6 0 18 0 19
预测:     0 0 5 12 0 0 0 5 0 0 0 0 1 0 0 4 0 0 1 0 0 0 0 0 2 1 0 0 0 0 1 0 18 0 0 0 0 0 0 0 1 6 0 18 0 19
准确率:    1.0000 (46/46)
----------------------------------------
输入:       NPCHWN B>R<> DB<LDBBJHWN DCBW >NWN WNYLWN QDMJK
目标:     0 0 0 5 0 0 0 0 1 0 0 4 0 0 1 0 0 0 0 0 2 1 0 0 0 0 1 0 18 0 0 0 0 0 0 0 1 6 0 18 0 19 0 0 0 2 1 0
预测:     0 0 0 5 0 0 0 0 1 0 0 4 0 0 1 0 0 0 0 0 2 1 0 0 0 0 1 0 18 0 0 0 0 0 0 0 1 6 0 18 0 19 0 0 0 2 1 0
准确率:    1.0000 (48/48)
----------------------------------------
⏳ 验证无提升 (验证准确率: 0.9664 ≤ 0.9673)，patience: 4/50

======================================================================
🚀 Epoch 30/200
======================================================================
📚 开始训练阶段...
训练进度: 500/6065 损失=0.0353
训练进度: 1000/6065 损失=0.0185
训练进度: 1500/6065 损失=0.0348
训练进度: 2000/6065 损失=0.0566
训练进度: 2500/6065 损失=0.0667
训练进度: 3000/6065 损失=0.0276
训练进度: 3500/6065 损失=0.0318
训练进度: 4000/6065 损失=0.0538
训练进度: 4500/6065 损失=0.0469
训练进度: 5000/6065 损失=0.0450
训练进度: 5500/6065 损失=0.0521
训练进度: 6000/6065 损失=0.0606
训练进度: 6065/6065 损失=0.0532
✅ 训练完成，耗时: 109.6秒 (1.8分钟)

============================================================
📊 验证决策: Epoch 30/200
   验证间隔: 1
   是否验证: ✅ 是
   原因: 达到验证间隔 (0 == 0)
============================================================

🔍 开始验证...
验证进度: 500/686 损失=0.1041
验证进度: 686/686 损失=1.2213

📊 预测分布分析:
  - 预测的前5个类别: {np.int64(0): 281512, np.int64(1): 37090, np.int64(2): 14798, np.int64(3): 10518, np.int64(4): 8743}
  - 标签的前5个类别: {np.int64(0): 281232, np.int64(1): 36731, np.int64(2): 14789, np.int64(3): 10866, np.int64(4): 8585}
✅ 验证完成，耗时: 4.7秒 (0.1分钟)
训练损失: 0.0489
验证损失: 0.2684
验证准确率: 0.9669 (10601/10964) - 与Levenshtein高度相关
验证F1(加权): 0.9666 - 类别平衡更好
学习率: 0.000095
显存使用: 0.48GB (预留: 0.69GB)

生成的训练样本:
--------------------------------------------------------------------------------
输入:       D>T> W>DBRKWN L>R<> D>JK >R<KWN >R<> D>DC>
目标:     0 1 21 10 3 0 1 6 0 0 29 0 0 0 0 1 0 0 4 0 0 1 0 0 0 0 0 0 5 0 0 0 0 0 0 4 0 0 1 0 0 11 0
预测:     0 1 21 10 3 0 1 6 0 0 29 0 0 0 0 1 0 0 4 0 0 1 0 0 0 0 0 0 5 0 0 0 0 0 0 4 0 0 1 0 0 11 0
准确率:    1.0000 (43/43)
----------------------------------------
输入:       BWCL> WLXM> D<BDT LJ<QWB BRH W><L L>BWHJ
目标:     0 0 0 0 4 0 0 1 0 0 4 0 0 1 0 0 3 26 0 1 0 0 0 0 2 0 0 5 12 0 1 17 0 53 0 1 0 8 5 0 0
预测:     0 0 0 0 4 0 0 1 0 0 4 0 0 1 0 0 3 26 0 1 0 0 0 0 2 0 0 5 12 0 1 17 0 53 0 1 0 8 5 0 0
准确率:    1.0000 (41/41)
----------------------------------------
输入:       DJLH MSLJ QDMWHJ MTLTKN> LDXLWHJ DJN DMRJ>
目标:     0 0 0 1 0 0 28 0 0 7 0 0 0 25 1 0 0 0 0 0 0 0 0 4 0 0 1 0 0 117 1 0 0 0 0 0 0 0 1 0 0 0 2
预测:     0 0 0 1 0 0 28 0 0 7 0 0 0 25 1 0 0 0 0 0 0 0 0 4 0 0 1 0 0 117 1 0 0 0 0 0 0 0 1 0 0 0 2
准确率:    1.0000 (43/43)
----------------------------------------

生成的验证样本:
--------------------------------------------------------------------------------
输入:       KLH NPCHWN B>R<> DB<LDBBJHWN DCBW >NWN WNYLWN
目标:     0 0 5 12 0 0 0 5 0 0 0 0 1 0 0 4 0 0 1 0 0 0 0 0 2 1 0 0 0 0 1 0 18 0 0 0 0 0 0 0 1 6 0 18 0 19
预测:     0 0 5 12 0 0 0 5 0 0 0 0 1 0 0 4 0 0 1 0 0 0 0 0 2 1 0 0 0 0 1 0 18 0 0 0 0 0 0 0 1 6 0 18 0 19
准确率:    1.0000 (46/46)
----------------------------------------
输入:       NPCHWN B>R<> DB<LDBBJHWN DCBW >NWN WNYLWN QDMJK
目标:     0 0 0 5 0 0 0 0 1 0 0 4 0 0 1 0 0 0 0 0 2 1 0 0 0 0 1 0 18 0 0 0 0 0 0 0 1 6 0 18 0 19 0 0 0 2 1 0
预测:     0 0 0 5 0 0 0 0 1 0 0 4 0 0 1 0 0 0 0 0 2 1 0 0 0 0 1 0 18 0 0 0 0 0 0 0 1 6 0 18 0 19 0 0 0 2 1 0
准确率:    1.0000 (48/48)
----------------------------------------
⏳ 验证无提升 (验证准确率: 0.9669 ≤ 0.9673)，patience: 5/50

======================================================================
🚀 Epoch 31/200
======================================================================
📚 开始训练阶段...
训练进度: 500/6065 损失=0.0738
训练进度: 1000/6065 损失=0.0217
训练进度: 1500/6065 损失=0.0491
训练进度: 2000/6065 损失=0.0399
训练进度: 2500/6065 损失=0.1154
训练进度: 3000/6065 损失=0.0581
训练进度: 3500/6065 损失=0.0610
训练进度: 4000/6065 损失=0.0285
训练进度: 4500/6065 损失=0.0613
训练进度: 5000/6065 损失=0.0551
训练进度: 5500/6065 损失=0.0468
训练进度: 6000/6065 损失=0.0286
训练进度: 6065/6065 损失=0.0383
✅ 训练完成，耗时: 109.6秒 (1.8分钟)

============================================================
📊 验证决策: Epoch 31/200
   验证间隔: 1
   是否验证: ✅ 是
   原因: 达到验证间隔 (0 == 0)
============================================================

🔍 开始验证...
验证进度: 500/686 损失=0.1080
验证进度: 686/686 损失=1.3564

📊 预测分布分析:
  - 预测的前5个类别: {np.int64(0): 281556, np.int64(1): 37147, np.int64(2): 14743, np.int64(3): 10860, np.int64(4): 9056}
  - 标签的前5个类别: {np.int64(0): 281232, np.int64(1): 36731, np.int64(2): 14789, np.int64(3): 10866, np.int64(4): 8585}
✅ 验证完成，耗时: 4.7秒 (0.1分钟)
训练损失: 0.0481
验证损失: 0.2776
验证准确率: 0.9672 (10604/10964) - 与Levenshtein高度相关
验证F1(加权): 0.9666 - 类别平衡更好
学习率: 0.000094
显存使用: 0.48GB (预留: 0.69GB)

生成的训练样本:
--------------------------------------------------------------------------------
输入:       MN KWLH LBKWN WMN KWLH NPCKWN BTR
目标:     0 0 0 0 8 0 5 0 0 0 5 0 0 0 0 1 0 0 0 8 0 5 12 0 0 0 5 0 0 0 0 0 0 0
预测:     0 0 0 0 8 0 5 0 0 0 5 0 0 0 0 1 0 0 0 8 0 5 12 0 0 0 5 0 0 0 0 0 0 0
准确率:    1.0000 (34/34)
----------------------------------------
输入:       >JK <BDWHJ MCKX QDMWHJ MRJ> QCJ LBH
目标:     0 0 0 0 0 0 0 104 1 0 0 8 0 0 0 7 0 0 0 25 1 0 0 0 0 0 0 2 0 0 0 16 0 0 5 0
预测:     0 0 0 0 0 0 0 104 1 0 0 8 0 0 0 7 0 0 0 25 1 0 0 0 0 0 0 2 0 0 0 16 0 0 5 0
准确率:    1.0000 (36/36)
----------------------------------------
输入:       XDWT> >P HW XC> DCBVJKWN HW> LH
目标:     0 0 0 13 9 0 0 0 0 0 0 0 0 0 4 0 0 1 0 0 2 1 0 0 0 0 0 10 3 0 1 0
预测:     0 0 0 13 9 0 0 0 0 0 0 0 0 0 4 0 0 1 0 0 2 1 0 0 0 0 0 10 3 0 1 0
准确率:    1.0000 (32/32)
----------------------------------------

生成的验证样本:
--------------------------------------------------------------------------------
输入:       KLH NPCHWN B>R<> DB<LDBBJHWN DCBW >NWN WNYLWN
目标:     0 0 5 12 0 0 0 5 0 0 0 0 1 0 0 4 0 0 1 0 0 0 0 0 2 1 0 0 0 0 1 0 18 0 0 0 0 0 0 0 1 6 0 18 0 19
预测:     0 0 5 12 0 0 0 5 0 0 0 0 1 0 0 4 0 0 1 0 0 0 0 0 2 1 0 0 0 0 1 0 18 0 0 0 0 0 0 0 1 6 0 18 0 19
准确率:    1.0000 (46/46)
----------------------------------------
输入:       NPCHWN B>R<> DB<LDBBJHWN DCBW >NWN WNYLWN QDMJK
目标:     0 0 0 5 0 0 0 0 1 0 0 4 0 0 1 0 0 0 0 0 2 1 0 0 0 0 1 0 18 0 0 0 0 0 0 0 1 6 0 18 0 19 0 0 0 2 1 0
预测:     0 0 0 5 0 0 0 0 1 0 0 4 0 0 1 0 0 0 0 0 2 1 0 0 0 0 1 0 18 0 0 0 0 0 0 0 1 6 0 18 0 19 0 0 0 2 1 0
准确率:    1.0000 (48/48)
----------------------------------------
⏳ 验证无提升 (验证准确率: 0.9672 ≤ 0.9673)，patience: 6/50

======================================================================
🚀 Epoch 32/200
======================================================================
📚 开始训练阶段...
训练进度: 500/6065 损失=0.0819
训练进度: 1000/6065 损失=0.0502
训练进度: 1500/6065 损失=0.0140
训练进度: 2000/6065 损失=0.0305
训练进度: 2500/6065 损失=0.0136
训练进度: 3000/6065 损失=0.0231
训练进度: 3500/6065 损失=0.0838
训练进度: 4000/6065 损失=0.0444
训练进度: 4500/6065 损失=0.0204
训练进度: 5000/6065 损失=0.0546
训练进度: 5500/6065 损失=0.0467
训练进度: 6000/6065 损失=0.0807
训练进度: 6065/6065 损失=0.0206
✅ 训练完成，耗时: 109.6秒 (1.8分钟)

============================================================
📊 验证决策: Epoch 32/200
   验证间隔: 1
   是否验证: ✅ 是
   原因: 达到验证间隔 (0 == 0)
============================================================

🔍 开始验证...
验证进度: 500/686 损失=0.1503
验证进度: 686/686 损失=1.1415

📊 预测分布分析:
  - 预测的前5个类别: {np.int64(0): 281989, np.int64(1): 37144, np.int64(2): 14804, np.int64(3): 10891, np.int64(4): 8683}
  - 标签的前5个类别: {np.int64(0): 281232, np.int64(1): 36731, np.int64(2): 14789, np.int64(3): 10866, np.int64(4): 8585}
✅ 验证完成，耗时: 4.7秒 (0.1分钟)
训练损失: 0.0466
验证损失: 0.2798
验证准确率: 0.9680 (10613/10964) - 与Levenshtein高度相关
验证F1(加权): 0.9674 - 类别平衡更好
学习率: 0.000094
显存使用: 0.48GB (预留: 0.69GB)

生成的训练样本:
--------------------------------------------------------------------------------
输入:       >NWN XMCJN XMCJN GBRJN BM<RT> WTRSJ >NWN
目标:     0 0 0 0 0 0 0 0 0 0 2 0 0 0 0 0 2 0 0 0 2 0 0 0 1 0 0 13 9 0 0 1 0 0 0 16 0 0 0 0 0
预测:     0 0 0 0 0 0 0 0 0 0 2 0 0 0 0 0 2 0 0 0 2 0 0 0 1 0 0 13 9 0 0 1 0 0 0 16 0 0 0 0 0
准确率:    1.0000 (41/41)
----------------------------------------
输入:       GWB> WN>MR DXJWT> BJCT> >KLTH WNXZ> MN>
目标:     0 0 0 11 0 0 1 44 0 0 3 0 1 0 0 13 9 0 0 0 0 2 9 0 0 0 0 3 90 0 0 1 44 0 10 3 0 0 0 0
预测:     0 0 0 11 0 0 1 44 0 0 3 0 1 0 0 13 9 0 0 0 0 2 9 0 0 0 0 3 90 0 0 1 44 0 10 3 0 0 0 0
准确率:    1.0000 (40/40)
----------------------------------------
输入:       BSWG>> DCW<JTH MN >BR> GJR SGJ JQJR
目标:     0 1 0 0 0 4 0 0 1 0 0 0 2 32 0 0 0 0 0 0 0 4 0 0 0 0 0 0 0 0 13 0 0 8 0 40
预测:     0 1 0 0 0 4 0 0 1 0 0 0 2 32 0 0 0 0 0 0 0 4 0 0 0 0 0 0 0 0 13 0 0 8 0 40
准确率:    1.0000 (36/36)
----------------------------------------

生成的验证样本:
--------------------------------------------------------------------------------
输入:       KLH NPCHWN B>R<> DB<LDBBJHWN DCBW >NWN WNYLWN
目标:     0 0 5 12 0 0 0 5 0 0 0 0 1 0 0 4 0 0 1 0 0 0 0 0 2 1 0 0 0 0 1 0 18 0 0 0 0 0 0 0 1 6 0 18 0 19
预测:     0 0 5 12 0 0 0 5 0 0 0 0 1 0 0 4 0 0 1 0 0 0 0 0 2 1 0 0 0 0 1 0 18 0 0 0 0 0 0 0 1 6 0 18 0 19
准确率:    1.0000 (46/46)
----------------------------------------
输入:       NPCHWN B>R<> DB<LDBBJHWN DCBW >NWN WNYLWN QDMJK
目标:     0 0 0 5 0 0 0 0 1 0 0 4 0 0 1 0 0 0 0 0 2 1 0 0 0 0 1 0 18 0 0 0 0 0 0 0 1 6 0 18 0 19 0 0 0 2 1 0
预测:     0 0 0 5 0 0 0 0 1 0 0 4 0 0 1 0 0 0 0 0 2 1 0 0 0 0 1 0 18 0 0 0 0 0 0 0 1 6 0 18 0 19 0 0 0 2 1 0
准确率:    1.0000 (48/48)
----------------------------------------
💾 保存新的最佳模型！验证准确率: 0.9680 (F1: 0.9674) (Epoch 32)

======================================================================
🚀 Epoch 33/200
======================================================================
📚 开始训练阶段...
训练进度: 500/6065 损失=0.0218
训练进度: 1000/6065 损失=0.0315
训练进度: 1500/6065 损失=0.0380
训练进度: 2000/6065 损失=0.0471
训练进度: 2500/6065 损失=0.0297
训练进度: 3000/6065 损失=0.0184
训练进度: 3500/6065 损失=0.0185
训练进度: 4000/6065 损失=0.0502
训练进度: 4500/6065 损失=0.1099
训练进度: 5000/6065 损失=0.0543
训练进度: 5500/6065 损失=0.0227
训练进度: 6000/6065 损失=0.0470
训练进度: 6065/6065 损失=0.0645
✅ 训练完成，耗时: 109.9秒 (1.8分钟)

============================================================
📊 验证决策: Epoch 33/200
   验证间隔: 1
   是否验证: ✅ 是
   原因: 达到验证间隔 (0 == 0)
============================================================

🔍 开始验证...
验证进度: 500/686 损失=0.1127
验证进度: 686/686 损失=0.9446

📊 预测分布分析:
  - 预测的前5个类别: {np.int64(0): 281748, np.int64(1): 37094, np.int64(2): 14743, np.int64(3): 10832, np.int64(4): 8636}
  - 标签的前5个类别: {np.int64(0): 281232, np.int64(1): 36731, np.int64(2): 14789, np.int64(3): 10866, np.int64(4): 8585}
✅ 验证完成，耗时: 4.7秒 (0.1分钟)
训练损失: 0.0454
验证损失: 0.2842
验证准确率: 0.9673 (10605/10964) - 与Levenshtein高度相关
验证F1(加权): 0.9669 - 类别平衡更好
学习率: 0.000094
显存使用: 0.48GB (预留: 0.69GB)

生成的训练样本:
--------------------------------------------------------------------------------
输入:       MQVLJN BHWN MVL DL> JD<JN DJN> D>LHH
目标:     0 6 0 0 7 0 19 0 1 0 0 0 0 0 0 0 0 1 0 0 0 0 0 7 0 0 0 0 0 15 0 0 1 0 0 5 12
预测:     0 6 0 0 7 0 19 0 1 0 0 0 0 0 0 0 0 1 0 0 0 0 0 7 0 0 0 0 0 15 0 0 1 0 0 5 0
准确率:    0.9730 (36/37)
----------------------------------------
输入:       LK <LJH >JK BR >NC> DXDT>JT QRB
目标:     0 1 0 0 0 8 1 12 0 0 0 0 0 0 2 0 0 0 4 0 0 1 0 0 0 0 0 0 0 0 0 3
预测:     0 1 0 0 0 8 1 12 0 0 0 0 0 0 2 0 0 0 4 0 0 1 0 0 0 0 0 0 0 0 0 3
准确率:    1.0000 (32/32)
----------------------------------------
输入:       WKSP> WKLHWN M>N> D>CTKXW BBJTH DMRJ> WBBJT
目标:     0 1 0 0 4 0 0 1 0 5 0 0 0 0 0 0 11 0 0 1 47 39 0 0 3 0 0 1 0 0 5 0 0 1 0 0 0 2 0 1 1 0 0 2
预测:     0 1 0 0 4 0 0 1 0 5 0 0 0 0 0 0 11 0 0 1 47 39 0 0 3 0 0 1 0 0 5 0 0 1 0 0 0 2 0 1 1 0 0 2
准确率:    1.0000 (44/44)
----------------------------------------

生成的验证样本:
--------------------------------------------------------------------------------
输入:       KLH NPCHWN B>R<> DB<LDBBJHWN DCBW >NWN WNYLWN
目标:     0 0 5 12 0 0 0 5 0 0 0 0 1 0 0 4 0 0 1 0 0 0 0 0 2 1 0 0 0 0 1 0 18 0 0 0 0 0 0 0 1 6 0 18 0 19
预测:     0 0 5 12 0 0 0 5 0 0 0 0 1 0 0 4 0 0 1 0 0 0 0 0 2 1 0 0 0 0 1 0 18 0 0 0 0 0 0 0 1 6 0 18 0 19
准确率:    1.0000 (46/46)
----------------------------------------
输入:       NPCHWN B>R<> DB<LDBBJHWN DCBW >NWN WNYLWN QDMJK
目标:     0 0 0 5 0 0 0 0 1 0 0 4 0 0 1 0 0 0 0 0 2 1 0 0 0 0 1 0 18 0 0 0 0 0 0 0 1 6 0 18 0 19 0 0 0 2 1 0
预测:     0 0 0 5 0 0 0 0 1 0 0 4 0 0 1 0 0 0 0 0 2 1 0 0 0 0 1 0 18 0 0 0 0 0 0 0 1 6 0 18 0 19 0 0 0 2 1 0
准确率:    1.0000 (48/48)
----------------------------------------
⏳ 验证无提升 (验证准确率: 0.9673 ≤ 0.9680)，patience: 1/50

======================================================================
🚀 Epoch 34/200
======================================================================
📚 开始训练阶段...
训练进度: 500/6065 损失=0.0395
训练进度: 1000/6065 损失=0.0465
训练进度: 1500/6065 损失=0.0933
训练进度: 2000/6065 损失=0.0206
训练进度: 2500/6065 损失=0.0749
训练进度: 3000/6065 损失=0.0642
训练进度: 3500/6065 损失=0.0287
训练进度: 4000/6065 损失=0.0263
训练进度: 4500/6065 损失=0.0252
训练进度: 5000/6065 损失=0.0435
训练进度: 5500/6065 损失=0.0416
训练进度: 6000/6065 损失=0.0609
训练进度: 6065/6065 损失=0.0326
✅ 训练完成，耗时: 109.9秒 (1.8分钟)

============================================================
📊 验证决策: Epoch 34/200
   验证间隔: 1
   是否验证: ✅ 是
   原因: 达到验证间隔 (0 == 0)
============================================================

🔍 开始验证...
验证进度: 500/686 损失=0.1065
验证进度: 686/686 损失=1.1677

📊 预测分布分析:
  - 预测的前5个类别: {np.int64(0): 282076, np.int64(1): 36932, np.int64(2): 14684, np.int64(3): 10606, np.int64(4): 8698}
  - 标签的前5个类别: {np.int64(0): 281232, np.int64(1): 36731, np.int64(2): 14789, np.int64(3): 10866, np.int64(4): 8585}
✅ 验证完成，耗时: 4.7秒 (0.1分钟)
训练损失: 0.0445
验证损失: 0.2803
验证准确率: 0.9674 (10606/10964) - 与Levenshtein高度相关
验证F1(加权): 0.9670 - 类别平衡更好
学习率: 0.000093
显存使用: 0.48GB (预留: 0.69GB)

生成的训练样本:
--------------------------------------------------------------------------------
输入:       LDBJT >JSR>JL WNXTWN KLHWN <BDJK HLJN LWTJ
目标:     0 1 1 0 0 2 0 0 0 0 8 0 0 2 0 1 34 0 3 0 0 0 0 5 0 0 0 0 0 0 22 1 0 0 0 0 0 0 0 0 0 1 0
预测:     0 1 1 0 0 2 0 0 0 0 8 0 0 2 0 1 34 0 3 0 0 0 0 5 0 0 0 0 0 0 22 1 0 0 0 0 0 0 0 0 0 1 0
准确率:    1.0000 (43/43)
----------------------------------------
输入:       MQRB HW> SNGR> <BDH LNBJ> DB<L DJN>
目标:     0 6 0 0 41 0 0 10 3 0 0 60 0 4 0 0 0 0 29 0 0 1 0 0 4 0 0 1 0 0 2 0 0 0 15 0
预测:     0 6 0 0 41 0 0 10 3 0 0 60 0 4 0 0 0 0 29 0 0 1 0 0 4 0 0 1 0 0 2 0 0 0 15 0
准确率:    1.0000 (36/36)
----------------------------------------
输入:       MLK> W>TNSBT MLKWT> MNJ WHWT D>XJ MVL
目标:     0 0 0 4 0 0 1 0 14 0 0 3 26 0 0 0 0 2 9 0 0 0 1 0 0 1 0 18 26 0 1 0 5 0 0 0 0 0
预测:     0 0 0 4 0 0 1 0 14 0 0 3 26 0 0 0 0 2 9 0 0 0 1 0 0 1 0 18 26 0 1 0 5 0 0 0 0 0
准确率:    1.0000 (38/38)
----------------------------------------

生成的验证样本:
--------------------------------------------------------------------------------
输入:       KLH NPCHWN B>R<> DB<LDBBJHWN DCBW >NWN WNYLWN
目标:     0 0 5 12 0 0 0 5 0 0 0 0 1 0 0 4 0 0 1 0 0 0 0 0 2 1 0 0 0 0 1 0 18 0 0 0 0 0 0 0 1 6 0 18 0 19
预测:     0 0 5 12 0 0 0 5 0 0 0 0 1 0 0 4 0 0 1 0 0 0 0 0 2 1 0 0 0 0 1 0 18 0 0 0 0 0 0 0 1 6 0 18 0 19
准确率:    1.0000 (46/46)
----------------------------------------
输入:       NPCHWN B>R<> DB<LDBBJHWN DCBW >NWN WNYLWN QDMJK
目标:     0 0 0 5 0 0 0 0 1 0 0 4 0 0 1 0 0 0 0 0 2 1 0 0 0 0 1 0 18 0 0 0 0 0 0 0 1 6 0 18 0 19 0 0 0 2 1 0
预测:     0 0 0 5 0 0 0 0 1 0 0 4 0 0 1 0 0 0 0 0 2 1 0 0 0 0 1 0 18 0 0 0 0 0 0 0 1 6 0 18 0 19 0 0 0 2 1 0
准确率:    1.0000 (48/48)
----------------------------------------
⏳ 验证无提升 (验证准确率: 0.9674 ≤ 0.9680)，patience: 2/50

======================================================================
🚀 Epoch 35/200
======================================================================
📚 开始训练阶段...
训练进度: 500/6065 损失=0.0176
训练进度: 1000/6065 损失=0.0879
训练进度: 1500/6065 损失=0.0721
训练进度: 2000/6065 损失=0.0417
训练进度: 2500/6065 损失=0.0459
训练进度: 3000/6065 损失=0.0286
训练进度: 3500/6065 损失=0.0763
训练进度: 4000/6065 损失=0.0516
训练进度: 4500/6065 损失=0.0326
训练进度: 5000/6065 损失=0.0456
训练进度: 5500/6065 损失=0.0270
训练进度: 6000/6065 损失=0.0373
训练进度: 6065/6065 损失=0.0450
✅ 训练完成，耗时: 109.7秒 (1.8分钟)

============================================================
📊 验证决策: Epoch 35/200
   验证间隔: 1
   是否验证: ✅ 是
   原因: 达到验证间隔 (0 == 0)
============================================================

🔍 开始验证...
验证进度: 500/686 损失=0.0378
验证进度: 686/686 损失=1.4954

📊 预测分布分析:
  - 预测的前5个类别: {np.int64(0): 281856, np.int64(1): 37038, np.int64(2): 14774, np.int64(3): 10925, np.int64(4): 9019}
  - 标签的前5个类别: {np.int64(0): 281232, np.int64(1): 36731, np.int64(2): 14789, np.int64(3): 10866, np.int64(4): 8585}
✅ 验证完成，耗时: 4.7秒 (0.1分钟)
训练损失: 0.0433
验证损失: 0.2848
验证准确率: 0.9676 (10608/10964) - 与Levenshtein高度相关
验证F1(加权): 0.9670 - 类别平衡更好
学习率: 0.000093
显存使用: 0.48GB (预留: 0.69GB)

生成的训练样本:
--------------------------------------------------------------------------------
输入:       W<M BJTH >W >JK <ML> D>JDWHJ PR<TWNJHJ
目标:     0 1 0 0 0 0 0 5 0 0 0 0 0 0 0 0 0 0 0 15 0 0 35 0 0 25 1 0 0 0 0 0 3 0 0 35 0 0 0
预测:     0 1 0 0 0 0 0 5 0 0 0 0 0 0 0 0 0 0 0 15 0 0 35 0 0 25 1 0 0 0 0 0 3 0 0 35 0 0 0
准确率:    1.0000 (39/39)
----------------------------------------
输入:       DSKL> BM<WHJ TBJR WQDM <QT> L> MCKX
目标:     0 1 0 0 4 0 0 1 0 25 1 0 0 0 0 8 0 40 0 1 0 0 2 0 0 13 9 0 0 0 0 8 0 0 0 7
预测:     0 1 0 0 4 0 0 1 0 25 1 0 0 0 0 8 0 40 0 1 0 0 2 0 0 13 9 0 0 0 0 8 0 0 0 7
准确率:    1.0000 (36/36)
----------------------------------------
输入:       PTXW <LJ PWMHWN >JK >RJ> DXVP WNHM
目标:     0 0 0 3 0 0 0 1 0 0 0 0 5 0 0 0 0 0 0 0 0 0 0 4 0 0 1 0 0 7 0 1 0 0 7
预测:     0 0 0 3 0 0 0 1 0 0 0 0 5 0 0 0 0 0 0 0 0 0 0 4 0 0 1 0 0 7 0 1 0 0 7
准确率:    1.0000 (35/35)
----------------------------------------

生成的验证样本:
--------------------------------------------------------------------------------
输入:       KLH NPCHWN B>R<> DB<LDBBJHWN DCBW >NWN WNYLWN
目标:     0 0 5 12 0 0 0 5 0 0 0 0 1 0 0 4 0 0 1 0 0 0 0 0 2 1 0 0 0 0 1 0 18 0 0 0 0 0 0 0 1 6 0 18 0 19
预测:     0 0 5 12 0 0 0 5 0 0 0 0 1 0 0 4 0 0 1 0 0 0 0 0 2 1 0 0 0 0 1 0 18 0 0 0 0 0 0 0 1 6 0 18 0 19
准确率:    1.0000 (46/46)
----------------------------------------
输入:       NPCHWN B>R<> DB<LDBBJHWN DCBW >NWN WNYLWN QDMJK
目标:     0 0 0 5 0 0 0 0 1 0 0 4 0 0 1 0 0 0 0 0 2 1 0 0 0 0 1 0 18 0 0 0 0 0 0 0 1 6 0 18 0 19 0 0 0 2 1 0
预测:     0 0 0 5 0 0 0 0 1 0 0 4 0 0 1 0 0 0 0 0 2 1 0 0 0 0 1 0 18 0 0 0 0 0 0 0 1 6 0 18 0 19 0 0 0 2 1 0
准确率:    1.0000 (48/48)
----------------------------------------
⏳ 验证无提升 (验证准确率: 0.9676 ≤ 0.9680)，patience: 3/50

======================================================================
🚀 Epoch 36/200
======================================================================
📚 开始训练阶段...
训练进度: 500/6065 损失=0.0605
训练进度: 1000/6065 损失=0.0268
训练进度: 1500/6065 损失=0.0432
训练进度: 2000/6065 损失=0.0371
训练进度: 2500/6065 损失=0.0147
训练进度: 3000/6065 损失=0.0352
训练进度: 3500/6065 损失=0.0314
训练进度: 4000/6065 损失=0.0581
训练进度: 4500/6065 损失=0.0404
训练进度: 5000/6065 损失=0.0458
训练进度: 5500/6065 损失=0.0609
训练进度: 6000/6065 损失=0.0225
训练进度: 6065/6065 损失=0.0449
✅ 训练完成，耗时: 109.5秒 (1.8分钟)

============================================================
📊 验证决策: Epoch 36/200
   验证间隔: 1
   是否验证: ✅ 是
   原因: 达到验证间隔 (0 == 0)
============================================================

🔍 开始验证...
验证进度: 500/686 损失=0.2046
验证进度: 686/686 损失=1.1068

📊 预测分布分析:
  - 预测的前5个类别: {np.int64(0): 282155, np.int64(1): 37053, np.int64(2): 14765, np.int64(3): 10715, np.int64(4): 8826}
  - 标签的前5个类别: {np.int64(0): 281232, np.int64(1): 36731, np.int64(2): 14789, np.int64(3): 10866, np.int64(4): 8585}
✅ 验证完成，耗时: 4.7秒 (0.1分钟)
训练损失: 0.0428
验证损失: 0.2881
验证准确率: 0.9677 (10609/10964) - 与Levenshtein高度相关
验证F1(加权): 0.9671 - 类别平衡更好
学习率: 0.000092
显存使用: 0.47GB (预留: 0.69GB)

生成的训练样本:
--------------------------------------------------------------------------------
输入:       QDM MRJ> >LH> BGW >JLN> DBPRDJS> WQR>
目标:     0 0 0 2 0 0 0 0 2 0 0 0 4 0 0 1 0 2 0 0 0 0 11 0 0 1 1 0 0 0 0 4 0 0 1 0 10 3
预测:     0 0 0 2 0 0 0 0 2 0 0 0 4 0 0 1 0 2 0 0 0 0 11 0 0 1 1 0 0 0 0 4 0 0 1 0 10 3
准确率:    1.0000 (38/38)
----------------------------------------
输入:       DLCNH >RJK LWT GBR> MKJK> L> TCTDL
目标:     0 1 0 0 5 12 0 0 8 0 40 0 0 0 0 0 0 0 4 0 0 0 8 0 43 27 0 0 0 0 45 39 0 0 16
预测:     0 1 0 0 5 0 0 0 8 0 40 0 0 0 0 0 0 0 4 0 0 0 8 0 43 27 0 0 0 0 45 39 0 0 16
准确率:    0.9714 (34/35)
----------------------------------------
输入:       W>R<> >XDT SWKRJH B>PJ L<LM W>SQT XJJ
目标:     0 1 0 0 4 0 0 0 0 3 26 0 0 0 0 2 1 12 0 1 54 2 46 0 1 0 0 2 0 1 17 64 3 12 0 0 2 46
预测:     0 1 0 0 4 0 0 0 0 3 26 0 0 0 0 2 1 12 0 1 54 2 46 0 1 0 0 2 0 1 17 64 3 12 0 0 2 46
准确率:    1.0000 (38/38)
----------------------------------------

生成的验证样本:
--------------------------------------------------------------------------------
输入:       KLH NPCHWN B>R<> DB<LDBBJHWN DCBW >NWN WNYLWN
目标:     0 0 5 12 0 0 0 5 0 0 0 0 1 0 0 4 0 0 1 0 0 0 0 0 2 1 0 0 0 0 1 0 18 0 0 0 0 0 0 0 1 6 0 18 0 19
预测:     0 0 5 12 0 0 0 5 0 0 0 0 1 0 0 4 0 0 1 0 0 0 0 0 2 1 0 0 0 0 1 0 18 0 0 0 0 0 0 0 1 6 0 18 0 19
准确率:    1.0000 (46/46)
----------------------------------------
输入:       NPCHWN B>R<> DB<LDBBJHWN DCBW >NWN WNYLWN QDMJK
目标:     0 0 0 5 0 0 0 0 1 0 0 4 0 0 1 0 0 0 0 0 2 1 0 0 0 0 1 0 18 0 0 0 0 0 0 0 1 6 0 18 0 19 0 0 0 2 1 0
预测:     0 0 0 5 0 0 0 0 1 0 0 4 0 0 1 0 0 0 0 0 2 1 0 0 0 0 1 0 18 0 0 0 0 0 0 0 1 6 0 18 0 19 0 0 0 2 1 0
准确率:    1.0000 (48/48)
----------------------------------------
⏳ 验证无提升 (验证准确率: 0.9677 ≤ 0.9680)，patience: 4/50

======================================================================
🚀 Epoch 37/200
======================================================================
📚 开始训练阶段...
训练进度: 500/6065 损失=0.0253
训练进度: 1000/6065 损失=0.0573
训练进度: 1500/6065 损失=0.0280
训练进度: 2000/6065 损失=0.0203
训练进度: 2500/6065 损失=0.0271
训练进度: 3000/6065 损失=0.0542
训练进度: 3500/6065 损失=0.0395
训练进度: 4000/6065 损失=0.0340
训练进度: 4500/6065 损失=0.0446
训练进度: 5000/6065 损失=0.0398
训练进度: 5500/6065 损失=0.0290
训练进度: 6000/6065 损失=0.0430
训练进度: 6065/6065 损失=0.0469
✅ 训练完成，耗时: 109.5秒 (1.8分钟)

============================================================
📊 验证决策: Epoch 37/200
   验证间隔: 1
   是否验证: ✅ 是
   原因: 达到验证间隔 (0 == 0)
============================================================

🔍 开始验证...
验证进度: 500/686 损失=0.1883
验证进度: 686/686 损失=1.2525

📊 预测分布分析:
  - 预测的前5个类别: {np.int64(0): 282086, np.int64(1): 37024, np.int64(2): 14707, np.int64(3): 10755, np.int64(4): 8789}
  - 标签的前5个类别: {np.int64(0): 281232, np.int64(1): 36731, np.int64(2): 14789, np.int64(3): 10866, np.int64(4): 8585}
✅ 验证完成，耗时: 4.7秒 (0.1分钟)
训练损失: 0.0418
验证损失: 0.2920
验证准确率: 0.9679 (10611/10964) - 与Levenshtein高度相关
验证F1(加权): 0.9673 - 类别平衡更好
学习率: 0.000092
显存使用: 0.47GB (预留: 0.69GB)

生成的训练样本:
--------------------------------------------------------------------------------
输入:       WKWL RWRBNWHJ WQRJBWHJ WKWMRWHJ WL> CBQ LH
目标:     0 1 8 0 2 0 0 0 0 8 25 1 0 0 0 1 0 8 0 117 124 0 0 0 1 0 0 0 25 1 0 0 0 1 0 0 0 0 0 3 0 1 0
预测:     0 1 8 0 2 0 0 0 0 8 25 1 0 0 0 1 0 8 0 117 124 0 0 0 1 0 0 0 25 1 0 0 0 1 0 0 0 0 0 3 0 1 0
准确率:    1.0000 (43/43)
----------------------------------------
输入:       DBRJCH CMC> YXT >P NPCH MWT> C>LT
目标:     0 1 1 0 0 5 0 0 0 0 4 0 0 31 3 26 0 0 0 0 0 0 5 0 0 0 0 15 0 0 0 0 3 26
预测:     0 1 1 0 0 5 0 0 0 0 4 0 0 31 3 26 0 0 0 0 0 0 5 0 0 0 0 15 0 0 0 0 3 26
准确率:    1.0000 (34/34)
----------------------------------------
输入:       W<N> SWG>> WQR> LKLHWN BNJ MLK> WLRBJ
目标:     0 1 0 4 0 0 0 0 0 4 0 0 1 0 10 3 0 1 0 5 0 0 0 0 0 2 0 0 0 0 4 0 0 1 1 0 2 0
预测:     0 1 0 4 0 0 0 0 0 4 0 0 1 0 10 3 0 1 0 5 0 0 0 0 0 2 0 0 0 0 4 0 0 1 1 0 2 0
准确率:    1.0000 (38/38)
----------------------------------------

生成的验证样本:
--------------------------------------------------------------------------------
输入:       KLH NPCHWN B>R<> DB<LDBBJHWN DCBW >NWN WNYLWN
目标:     0 0 5 12 0 0 0 5 0 0 0 0 1 0 0 4 0 0 1 0 0 0 0 0 2 1 0 0 0 0 1 0 18 0 0 0 0 0 0 0 1 6 0 18 0 19
预测:     0 0 5 12 0 0 0 5 0 0 0 0 1 0 0 4 0 0 1 0 0 0 0 0 2 1 0 0 0 0 1 0 18 0 0 0 0 0 0 0 1 6 0 18 0 19
准确率:    1.0000 (46/46)
----------------------------------------
输入:       NPCHWN B>R<> DB<LDBBJHWN DCBW >NWN WNYLWN QDMJK
目标:     0 0 0 5 0 0 0 0 1 0 0 4 0 0 1 0 0 0 0 0 2 1 0 0 0 0 1 0 18 0 0 0 0 0 0 0 1 6 0 18 0 19 0 0 0 2 1 0
预测:     0 0 0 5 0 0 0 0 1 0 0 4 0 0 1 0 0 0 0 0 2 1 0 0 0 0 1 0 18 0 0 0 0 0 0 0 1 6 0 18 0 19 0 0 0 2 1 0
准确率:    1.0000 (48/48)
----------------------------------------
⏳ 验证无提升 (验证准确率: 0.9679 ≤ 0.9680)，patience: 5/50

======================================================================
🚀 Epoch 38/200
======================================================================
📚 开始训练阶段...
训练进度: 500/6065 损失=0.0177
训练进度: 1000/6065 损失=0.0276
训练进度: 1500/6065 损失=0.0289
训练进度: 2000/6065 损失=0.0486
训练进度: 2500/6065 损失=0.0246
训练进度: 3000/6065 损失=0.0275
训练进度: 3500/6065 损失=0.0388
训练进度: 4000/6065 损失=0.0345
训练进度: 4500/6065 损失=0.0633
训练进度: 5000/6065 损失=0.0489
训练进度: 5500/6065 损失=0.0709
训练进度: 6000/6065 损失=0.0382
训练进度: 6065/6065 损失=0.0467
✅ 训练完成，耗时: 109.4秒 (1.8分钟)

============================================================
📊 验证决策: Epoch 38/200
   验证间隔: 1
   是否验证: ✅ 是
   原因: 达到验证间隔 (0 == 0)
============================================================

🔍 开始验证...
验证进度: 500/686 损失=0.0326
验证进度: 686/686 损失=1.2986

📊 预测分布分析:
  - 预测的前5个类别: {np.int64(0): 281934, np.int64(1): 36984, np.int64(2): 14691, np.int64(3): 10910, np.int64(4): 8713}
  - 标签的前5个类别: {np.int64(0): 281232, np.int64(1): 36731, np.int64(2): 14789, np.int64(3): 10866, np.int64(4): 8585}
✅ 验证完成，耗时: 4.7秒 (0.1分钟)
训练损失: 0.0408
验证损失: 0.2934
验证准确率: 0.9677 (10609/10964) - 与Levenshtein高度相关
验证F1(加权): 0.9672 - 类别平衡更好
学习率: 0.000092
显存使用: 0.47GB (预留: 0.69GB)

生成的训练样本:
--------------------------------------------------------------------------------
输入:       BMJ> WXLJW MJ> TMN >LPH NMWS> WDJN>
目标:     0 1 24 9 0 0 1 0 0 3 19 0 24 9 0 0 0 0 0 10 0 0 51 0 0 0 0 0 11 0 0 1 0 0 30 0
预测:     0 1 24 9 0 0 1 0 0 3 19 0 24 9 0 0 0 0 0 10 0 0 51 0 0 0 0 0 11 0 0 1 0 0 30 0
准确率:    1.0000 (36/36)
----------------------------------------
输入:       W>MR >BRHM L>LH> >CTWP DJN >CM<JL NX>
目标:     0 1 0 0 3 0 0 0 0 0 2 0 1 0 0 4 0 0 0 0 0 0 0 0 0 0 0 0 38 0 0 0 0 2 0 6 95 3
预测:     0 1 0 0 3 0 0 0 0 0 2 0 1 0 0 4 0 0 0 0 0 0 0 0 0 0 0 0 38 0 0 0 0 2 0 6 95 3
准确率:    1.0000 (38/38)
----------------------------------------
输入:       XMWR >BWHJ DCKJM BM>> NQWN WNQC TMN
目标:     0 0 0 0 2 0 0 8 5 0 0 0 1 0 0 0 2 0 1 0 0 2 0 0 10 2 0 0 1 0 0 3 0 0 0 0
预测:     0 0 0 0 2 0 0 8 5 0 0 0 1 0 0 0 2 0 1 0 0 2 0 0 10 2 0 0 1 0 0 3 0 0 0 0
准确率:    1.0000 (36/36)
----------------------------------------

生成的验证样本:
--------------------------------------------------------------------------------
输入:       KLH NPCHWN B>R<> DB<LDBBJHWN DCBW >NWN WNYLWN
目标:     0 0 5 12 0 0 0 5 0 0 0 0 1 0 0 4 0 0 1 0 0 0 0 0 2 1 0 0 0 0 1 0 18 0 0 0 0 0 0 0 1 6 0 18 0 19
预测:     0 0 5 12 0 0 0 5 0 0 0 0 1 0 0 4 0 0 1 0 0 0 0 0 2 1 0 0 0 0 1 0 18 0 0 0 0 0 0 0 1 6 0 18 0 19
准确率:    1.0000 (46/46)
----------------------------------------
输入:       NPCHWN B>R<> DB<LDBBJHWN DCBW >NWN WNYLWN QDMJK
目标:     0 0 0 5 0 0 0 0 1 0 0 4 0 0 1 0 0 0 0 0 2 1 0 0 0 0 1 0 18 0 0 0 0 0 0 0 1 6 0 18 0 19 0 0 0 2 1 0
预测:     0 0 0 5 0 0 0 0 1 0 0 4 0 0 1 0 0 0 0 0 2 1 0 0 0 0 1 0 18 0 0 0 0 0 0 0 1 6 0 18 0 19 0 0 0 2 1 0
准确率:    1.0000 (48/48)
----------------------------------------
⏳ 验证无提升 (验证准确率: 0.9677 ≤ 0.9680)，patience: 6/50

======================================================================
🚀 Epoch 39/200
======================================================================
📚 开始训练阶段...
训练进度: 500/6065 损失=0.0262
训练进度: 1000/6065 损失=0.0648
训练进度: 1500/6065 损失=0.0342
训练进度: 2000/6065 损失=0.0746
训练进度: 2500/6065 损失=0.0299
训练进度: 3000/6065 损失=0.0337
训练进度: 3500/6065 损失=0.0414
训练进度: 4000/6065 损失=0.0485
训练进度: 4500/6065 损失=0.0378
训练进度: 5000/6065 损失=0.0477
训练进度: 5500/6065 损失=0.0373
训练进度: 6000/6065 损失=0.0055
训练进度: 6065/6065 损失=0.0697
✅ 训练完成，耗时: 109.9秒 (1.8分钟)

============================================================
📊 验证决策: Epoch 39/200
   验证间隔: 1
   是否验证: ✅ 是
   原因: 达到验证间隔 (0 == 0)
============================================================

🔍 开始验证...
验证进度: 500/686 损失=0.0882
验证进度: 686/686 损失=1.2345

📊 预测分布分析:
  - 预测的前5个类别: {np.int64(0): 282055, np.int64(1): 37165, np.int64(2): 14787, np.int64(3): 10863, np.int64(4): 8558}
  - 标签的前5个类别: {np.int64(0): 281232, np.int64(1): 36731, np.int64(2): 14789, np.int64(3): 10866, np.int64(4): 8585}
✅ 验证完成，耗时: 4.8秒 (0.1分钟)
训练损失: 0.0399
验证损失: 0.2994
验证准确率: 0.9675 (10607/10964) - 与Levenshtein高度相关
验证F1(加权): 0.9669 - 类别平衡更好
学习率: 0.000091
显存使用: 0.48GB (预留: 0.69GB)

生成的训练样本:
--------------------------------------------------------------------------------
输入:       L> TKR> LK B>WRX> DCXWRT> L> T>ZL
目标:     0 0 0 0 6 0 10 3 0 1 0 0 1 0 0 0 4 0 0 1 0 0 0 150 9 0 0 0 0 0 6 0 0 3
预测:     0 0 0 0 6 0 10 3 0 1 0 0 1 0 0 0 4 0 0 1 0 0 0 150 9 0 0 0 0 0 6 0 0 3
准确率:    1.0000 (34/34)
----------------------------------------
输入:       WJHB LH W<L LWTH WBVNT MNH WQMT
目标:     0 1 0 0 3 0 1 12 0 1 0 53 0 0 0 1 12 0 1 0 0 3 26 0 0 1 0 0 1 31 3 26
预测:     0 1 0 0 3 0 1 12 0 1 0 53 0 0 0 1 12 0 1 0 0 3 26 0 0 1 0 0 1 31 3 26
准确率:    1.0000 (32/32)
----------------------------------------
输入:       CRBT> DBNJ NWX LTWLDTHWN LCRBTHWN B<MMJHWN WMN
目标:     0 0 0 13 23 0 0 1 0 2 0 0 0 0 22 0 1 0 0 0 13 32 0 0 0 0 1 0 0 13 32 0 0 0 0 1 0 8 22 1 0 0 0 0 1 0 0
预测:     0 0 0 13 23 0 0 1 0 2 0 0 0 0 22 0 1 0 0 0 13 32 0 0 0 0 1 0 0 13 32 0 0 0 0 1 0 8 22 1 0 0 0 0 1 0 0
准确率:    1.0000 (47/47)
----------------------------------------

生成的验证样本:
--------------------------------------------------------------------------------
输入:       KLH NPCHWN B>R<> DB<LDBBJHWN DCBW >NWN WNYLWN
目标:     0 0 5 12 0 0 0 5 0 0 0 0 1 0 0 4 0 0 1 0 0 0 0 0 2 1 0 0 0 0 1 0 18 0 0 0 0 0 0 0 1 6 0 18 0 19
预测:     0 0 5 12 0 0 0 5 0 0 0 0 1 0 0 4 0 0 1 0 0 0 0 0 2 1 0 0 0 0 1 0 18 0 0 0 0 0 0 0 1 6 0 18 0 19
准确率:    1.0000 (46/46)
----------------------------------------
输入:       NPCHWN B>R<> DB<LDBBJHWN DCBW >NWN WNYLWN QDMJK
目标:     0 0 0 5 0 0 0 0 1 0 0 4 0 0 1 0 0 0 0 0 2 1 0 0 0 0 1 0 18 0 0 0 0 0 0 0 1 6 0 18 0 19 0 0 0 2 1 0
预测:     0 0 0 5 0 0 0 0 1 0 0 4 0 0 1 0 0 0 0 0 2 1 0 0 0 0 1 0 18 0 0 0 0 0 0 0 1 6 0 18 0 19 0 0 0 2 1 0
准确率:    1.0000 (48/48)
----------------------------------------
⏳ 验证无提升 (验证准确率: 0.9675 ≤ 0.9680)，patience: 7/50

======================================================================
🚀 Epoch 40/200
======================================================================
📚 开始训练阶段...
训练进度: 500/6065 损失=0.0751
训练进度: 1000/6065 损失=0.0209
训练进度: 1500/6065 损失=0.0464
训练进度: 2000/6065 损失=0.0246
训练进度: 2500/6065 损失=0.0288
训练进度: 3000/6065 损失=0.0166
训练进度: 3500/6065 损失=0.0472
训练进度: 4000/6065 损失=0.0287
训练进度: 4500/6065 损失=0.0528
训练进度: 5000/6065 损失=0.0369
训练进度: 5500/6065 损失=0.0391
训练进度: 6000/6065 损失=0.0217
训练进度: 6065/6065 损失=0.0465
✅ 训练完成，耗时: 109.9秒 (1.8分钟)

============================================================
📊 验证决策: Epoch 40/200
   验证间隔: 1
   是否验证: ✅ 是
   原因: 达到验证间隔 (0 == 0)
============================================================

🔍 开始验证...
验证进度: 500/686 损失=0.0362
验证进度: 686/686 损失=1.4097

📊 预测分布分析:
  - 预测的前5个类别: {np.int64(0): 282117, np.int64(1): 37105, np.int64(2): 14778, np.int64(3): 10921, np.int64(4): 8726}
  - 标签的前5个类别: {np.int64(0): 281232, np.int64(1): 36731, np.int64(2): 14789, np.int64(3): 10866, np.int64(4): 8585}
✅ 验证完成，耗时: 4.7秒 (0.1分钟)
训练损失: 0.0391
验证损失: 0.3029
验证准确率: 0.9680 (10612/10964) - 与Levenshtein高度相关
验证F1(加权): 0.9673 - 类别平衡更好
学习率: 0.000091
显存使用: 0.48GB (预留: 0.69GB)

生成的训练样本:
--------------------------------------------------------------------------------
输入:       RB> >JL> RB> PJNWN RB> QNZ RB>
目标:     0 0 4 0 0 0 0 0 2 0 0 4 0 0 0 0 0 0 2 0 0 4 0 0 0 0 2 0 0 4 0
预测:     0 0 4 0 0 0 0 0 2 0 0 4 0 0 0 0 0 0 2 0 0 4 0 0 0 0 2 0 0 4 0
准确率:    1.0000 (31/31)
----------------------------------------
输入:       MNC> NSB LH KLH XBL >RGWB <DM>
目标:     0 0 0 0 2 0 0 0 3 0 1 0 0 0 5 0 0 0 0 22 0 0 0 0 0 2 0 0 0 0 0
预测:     0 0 0 0 2 0 0 0 3 0 1 0 0 0 5 0 0 0 0 22 0 0 0 0 0 2 0 0 0 0 0
准确率:    1.0000 (31/31)
----------------------------------------
输入:       MY> HW> LMXB MN NHJR> W>N DJN
目标:     0 0 10 7 0 0 10 3 0 1 6 31 7 0 0 0 0 0 0 0 4 0 0 1 0 0 0 0 0 0
预测:     0 0 10 7 0 0 10 3 0 1 6 31 7 0 0 0 0 0 0 0 4 0 0 1 0 0 0 0 0 0
准确率:    1.0000 (30/30)
----------------------------------------

生成的验证样本:
--------------------------------------------------------------------------------
输入:       KLH NPCHWN B>R<> DB<LDBBJHWN DCBW >NWN WNYLWN
目标:     0 0 5 12 0 0 0 5 0 0 0 0 1 0 0 4 0 0 1 0 0 0 0 0 2 1 0 0 0 0 1 0 18 0 0 0 0 0 0 0 1 6 0 18 0 19
预测:     0 0 5 12 0 0 0 5 0 0 0 0 1 0 0 4 0 0 1 0 0 0 0 0 2 1 0 0 0 0 1 0 18 0 0 0 0 0 0 0 1 6 0 18 0 19
准确率:    1.0000 (46/46)
----------------------------------------
输入:       NPCHWN B>R<> DB<LDBBJHWN DCBW >NWN WNYLWN QDMJK
目标:     0 0 0 5 0 0 0 0 1 0 0 4 0 0 1 0 0 0 0 0 2 1 0 0 0 0 1 0 18 0 0 0 0 0 0 0 1 6 0 18 0 19 0 0 0 2 1 0
预测:     0 0 0 5 0 0 0 0 1 0 0 4 0 0 1 0 0 0 0 0 2 1 0 0 0 0 1 0 18 0 0 0 0 0 0 0 1 6 0 18 0 19 0 0 0 2 1 0
准确率:    1.0000 (48/48)
----------------------------------------
⏳ 验证无提升 (验证准确率: 0.9680 ≤ 0.9680)，patience: 8/50

======================================================================
🚀 Epoch 41/200
======================================================================
📚 开始训练阶段...
训练进度: 500/6065 损失=0.0378
训练进度: 1000/6065 损失=0.0507
训练进度: 1500/6065 损失=0.0565
训练进度: 2000/6065 损失=0.0286
训练进度: 2500/6065 损失=0.0185
训练进度: 3000/6065 损失=0.0473
训练进度: 3500/6065 损失=0.0605
训练进度: 4000/6065 损失=0.0329
训练进度: 4500/6065 损失=0.0121
训练进度: 5000/6065 损失=0.0373
训练进度: 5500/6065 损失=0.0430
训练进度: 6000/6065 损失=0.0313
训练进度: 6065/6065 损失=0.0260
✅ 训练完成，耗时: 109.6秒 (1.8分钟)

============================================================
📊 验证决策: Epoch 41/200
   验证间隔: 1
   是否验证: ✅ 是
   原因: 达到验证间隔 (0 == 0)
============================================================

🔍 开始验证...
验证进度: 500/686 损失=0.1588
验证进度: 686/686 损失=1.2804

📊 预测分布分析:
  - 预测的前5个类别: {np.int64(0): 281880, np.int64(1): 37062, np.int64(2): 14744, np.int64(3): 10472, np.int64(4): 8771}
  - 标签的前5个类别: {np.int64(0): 281232, np.int64(1): 36731, np.int64(2): 14789, np.int64(3): 10866, np.int64(4): 8585}
✅ 验证完成，耗时: 4.8秒 (0.1分钟)
训练损失: 0.0384
验证损失: 0.3023
验证准确率: 0.9671 (10603/10964) - 与Levenshtein高度相关
验证F1(加权): 0.9667 - 类别平衡更好
学习率: 0.000090
显存使用: 0.47GB (预留: 0.69GB)

生成的训练样本:
--------------------------------------------------------------------------------
输入:       LHGR MYRJT> >MTH MN BTR <SR CNJN
目标:     0 1 0 0 2 0 0 0 0 2 9 0 0 0 70 1 12 0 0 0 0 0 0 0 0 0 0 2 0 0 13 0 0
预测:     0 1 0 0 2 0 0 0 0 2 9 0 0 0 70 1 12 0 0 0 0 0 0 0 0 0 0 2 0 0 13 0 0
准确率:    1.0000 (33/33)
----------------------------------------
输入:       SWG>> D<QTKWN HWJTWN DJN JD<JN DMTB< TB<
目标:     0 0 0 0 4 0 0 1 0 13 32 0 0 0 0 0 0 3 0 0 0 0 0 0 0 0 0 0 7 0 0 0 1 6 0 0 7 0 0 0 7
预测:     0 0 0 0 4 0 0 1 0 13 32 0 0 0 0 0 0 3 0 0 0 0 0 0 0 0 0 0 7 0 0 0 1 6 0 0 7 0 0 0 7
准确率:    1.0000 (41/41)
----------------------------------------
输入:       PQD BRHDD L>DWM WSLQ L>PQ LMTKTCW <M
目标:     0 0 0 3 0 0 0 0 0 2 0 1 0 0 0 2 0 1 0 0 3 0 1 0 0 2 0 1 21 14 0 0 7 19 0 0 0
预测:     0 0 0 3 0 0 0 0 0 2 0 1 0 0 0 2 0 1 0 0 3 0 1 0 0 2 0 1 21 14 0 0 7 19 0 0 0
准确率:    1.0000 (37/37)
----------------------------------------

生成的验证样本:
--------------------------------------------------------------------------------
输入:       KLH NPCHWN B>R<> DB<LDBBJHWN DCBW >NWN WNYLWN
目标:     0 0 5 12 0 0 0 5 0 0 0 0 1 0 0 4 0 0 1 0 0 0 0 0 2 1 0 0 0 0 1 0 18 0 0 0 0 0 0 0 1 6 0 18 0 19
预测:     0 0 5 12 0 0 0 5 0 0 0 0 1 0 0 4 0 0 1 0 0 0 0 0 2 1 0 0 0 0 1 0 18 0 0 0 0 0 0 0 1 6 0 18 0 19
准确率:    1.0000 (46/46)
----------------------------------------
输入:       NPCHWN B>R<> DB<LDBBJHWN DCBW >NWN WNYLWN QDMJK
目标:     0 0 0 5 0 0 0 0 1 0 0 4 0 0 1 0 0 0 0 0 2 1 0 0 0 0 1 0 18 0 0 0 0 0 0 0 1 6 0 18 0 19 0 0 0 2 1 0
预测:     0 0 0 5 0 0 0 0 1 0 0 4 0 0 1 0 0 0 0 0 2 1 0 0 0 0 1 0 18 0 0 0 0 0 0 0 1 6 0 18 0 19 0 0 0 2 1 0
准确率:    1.0000 (48/48)
----------------------------------------
⏳ 验证无提升 (验证准确率: 0.9671 ≤ 0.9680)，patience: 9/50

======================================================================
🚀 Epoch 42/200
======================================================================
📚 开始训练阶段...
训练进度: 500/6065 损失=0.0162
训练进度: 1000/6065 损失=0.0309
训练进度: 1500/6065 损失=0.0434
训练进度: 2000/6065 损失=0.0126
训练进度: 2500/6065 损失=0.0427
训练进度: 3000/6065 损失=0.0333
训练进度: 3500/6065 损失=0.0173
训练进度: 4000/6065 损失=0.0301
训练进度: 4500/6065 损失=0.0069
训练进度: 5000/6065 损失=0.0313
训练进度: 5500/6065 损失=0.0260
训练进度: 6000/6065 损失=0.0173
训练进度: 6065/6065 损失=0.0451
✅ 训练完成，耗时: 109.2秒 (1.8分钟)

============================================================
📊 验证决策: Epoch 42/200
   验证间隔: 1
   是否验证: ✅ 是
   原因: 达到验证间隔 (0 == 0)
============================================================

🔍 开始验证...
验证进度: 500/686 损失=0.0973
验证进度: 686/686 损失=1.5840

📊 预测分布分析:
  - 预测的前5个类别: {np.int64(0): 282036, np.int64(1): 37159, np.int64(2): 14644, np.int64(3): 10715, np.int64(4): 9070}
  - 标签的前5个类别: {np.int64(0): 281232, np.int64(1): 36731, np.int64(2): 14789, np.int64(3): 10866, np.int64(4): 8585}
✅ 验证完成，耗时: 4.7秒 (0.1分钟)
训练损失: 0.0377
验证损失: 0.3042
验证准确率: 0.9675 (10608/10964) - 与Levenshtein高度相关
验证F1(加权): 0.9670 - 类别平衡更好
学习率: 0.000090
显存使用: 0.47GB (预留: 0.69GB)

生成的训练样本:
--------------------------------------------------------------------------------
输入:       >XRN> D>MRJN DLWQBLHJN DHLJN >JKN> DHD> >WMNWT>
目标:     0 0 0 38 11 0 0 1 0 0 7 0 0 0 1 0 0 0 0 1 0 0 0 0 1 0 0 0 0 0 0 0 0 8 0 0 1 0 0 0 0 0 0 0 0 2 9 0
预测:     0 0 0 38 11 0 0 1 0 0 7 0 0 0 1 0 0 0 0 1 0 0 0 0 1 0 0 0 0 0 0 0 0 8 0 0 1 0 0 0 0 0 0 0 0 2 9 0
准确率:    1.0000 (48/48)
----------------------------------------
输入:       MRJ> BRWGZK W>CTQL <L QDL> DB<LDBBJ W>TT<JR
目标:     0 0 0 0 2 0 1 0 0 0 5 0 0 36 47 39 0 0 16 0 0 0 0 0 0 4 0 0 1 0 0 0 0 0 2 46 0 36 0 76 17 20 0 3
预测:     0 0 0 0 2 0 1 0 0 0 5 0 0 36 47 39 0 0 16 0 0 0 0 0 0 4 0 0 1 0 0 0 0 0 2 46 0 36 0 76 17 20 0 3
准确率:    1.0000 (44/44)
----------------------------------------
输入:       >LH> >XRN> WTPLWX >NWN WTSGWD LHWN SHDT
目标:     0 0 0 11 0 0 0 0 38 11 0 0 1 6 0 8 0 3 0 0 0 0 0 0 1 6 0 8 0 3 0 1 0 0 0 0 0 0 3 0
预测:     0 0 0 11 0 0 0 0 38 11 0 0 1 6 0 8 0 3 0 0 0 0 0 0 1 6 0 8 0 3 0 1 0 0 0 0 0 0 3 0
准确率:    1.0000 (40/40)
----------------------------------------

生成的验证样本:
--------------------------------------------------------------------------------
输入:       KLH NPCHWN B>R<> DB<LDBBJHWN DCBW >NWN WNYLWN
目标:     0 0 5 12 0 0 0 5 0 0 0 0 1 0 0 4 0 0 1 0 0 0 0 0 2 1 0 0 0 0 1 0 18 0 0 0 0 0 0 0 1 6 0 18 0 19
预测:     0 0 5 12 0 0 0 5 0 0 0 0 1 0 0 4 0 0 1 0 0 0 0 0 2 1 0 0 0 0 1 0 18 0 0 0 0 0 0 0 1 6 0 18 0 19
准确率:    1.0000 (46/46)
----------------------------------------
输入:       NPCHWN B>R<> DB<LDBBJHWN DCBW >NWN WNYLWN QDMJK
目标:     0 0 0 5 0 0 0 0 1 0 0 4 0 0 1 0 0 0 0 0 2 1 0 0 0 0 1 0 18 0 0 0 0 0 0 0 1 6 0 18 0 19 0 0 0 2 1 0
预测:     0 0 0 5 0 0 0 0 1 0 0 4 0 0 1 0 0 0 0 0 2 1 0 0 0 0 1 0 18 0 0 0 0 0 0 0 1 6 0 18 0 19 0 0 0 2 1 0
准确率:    1.0000 (48/48)
----------------------------------------
⏳ 验证无提升 (验证准确率: 0.9675 ≤ 0.9680)，patience: 10/50

======================================================================
🚀 Epoch 43/200
======================================================================
📚 开始训练阶段...
训练进度: 500/6065 损失=0.0196
训练进度: 1000/6065 损失=0.0408
训练进度: 1500/6065 损失=0.0639
训练进度: 2000/6065 损失=0.0523
训练进度: 2500/6065 损失=0.0277
训练进度: 3000/6065 损失=0.0825
训练进度: 3500/6065 损失=0.0438
训练进度: 4000/6065 损失=0.0432
训练进度: 4500/6065 损失=0.0399
训练进度: 5000/6065 损失=0.0401
训练进度: 5500/6065 损失=0.0103
训练进度: 6000/6065 损失=0.0077
训练进度: 6065/6065 损失=0.0362
✅ 训练完成，耗时: 109.6秒 (1.8分钟)

============================================================
📊 验证决策: Epoch 43/200
   验证间隔: 1
   是否验证: ✅ 是
   原因: 达到验证间隔 (0 == 0)
============================================================

🔍 开始验证...
验证进度: 500/686 损失=0.1419
验证进度: 686/686 损失=1.5560

📊 预测分布分析:
  - 预测的前5个类别: {np.int64(0): 282032, np.int64(1): 37127, np.int64(2): 14754, np.int64(3): 10709, np.int64(4): 8852}
  - 标签的前5个类别: {np.int64(0): 281232, np.int64(1): 36731, np.int64(2): 14789, np.int64(3): 10866, np.int64(4): 8585}
✅ 验证完成，耗时: 4.8秒 (0.1分钟)
训练损失: 0.0369
验证损失: 0.3071
验证准确率: 0.9678 (10611/10964) - 与Levenshtein高度相关
验证F1(加权): 0.9673 - 类别平衡更好
学习率: 0.000089
显存使用: 0.47GB (预留: 0.69GB)

生成的训练样本:
--------------------------------------------------------------------------------
输入:       L> TCBWQ CBXJHJ LH WJQR >P LKHNWHJ
目标:     0 0 0 0 6 0 8 0 3 6 0 0 133 0 0 0 0 1 0 0 36 0 0 16 0 0 0 0 1 0 0 25 1 0 0
预测:     0 0 0 0 6 0 8 0 3 6 0 0 133 0 0 0 0 1 0 0 36 0 0 16 0 0 0 0 1 0 0 25 1 0 0
准确率:    1.0000 (35/35)
----------------------------------------
输入:       QDMJH W>CKXH ML>KH DMRJ> <L <JN> DMJ>
目标:     0 0 0 2 1 12 0 35 0 0 0 29 12 0 0 0 0 5 0 0 1 0 0 0 2 0 0 0 0 0 0 4 0 0 1 24 9 0
预测:     0 0 0 2 1 12 0 35 0 0 0 29 12 0 0 0 0 5 0 0 1 0 0 0 2 0 0 0 0 0 0 4 0 0 1 24 9 0
准确率:    1.0000 (38/38)
----------------------------------------
输入:       LKWN MRMRTWN MLT PWMH DMRJ> WL> HJMNTWNJHJ
目标:     0 1 0 0 0 0 0 0 0 3 0 0 19 0 0 13 0 0 0 0 5 0 0 1 0 0 0 2 0 1 0 0 0 0 0 0 3 0 0 113 0 0 0
预测:     0 1 0 0 0 0 0 0 0 3 0 0 19 0 0 13 0 0 0 0 5 0 0 1 0 0 0 2 0 1 0 0 0 0 0 0 3 0 0 113 0 0 0
准确率:    1.0000 (43/43)
----------------------------------------

生成的验证样本:
--------------------------------------------------------------------------------
输入:       KLH NPCHWN B>R<> DB<LDBBJHWN DCBW >NWN WNYLWN
目标:     0 0 5 12 0 0 0 5 0 0 0 0 1 0 0 4 0 0 1 0 0 0 0 0 2 1 0 0 0 0 1 0 18 0 0 0 0 0 0 0 1 6 0 18 0 19
预测:     0 0 5 12 0 0 0 5 0 0 0 0 1 0 0 4 0 0 1 0 0 0 0 0 2 1 0 0 0 0 1 0 18 0 0 0 0 0 0 0 1 6 0 18 0 19
准确率:    1.0000 (46/46)
----------------------------------------
输入:       NPCHWN B>R<> DB<LDBBJHWN DCBW >NWN WNYLWN QDMJK
目标:     0 0 0 5 0 0 0 0 1 0 0 4 0 0 1 0 0 0 0 0 2 1 0 0 0 0 1 0 18 0 0 0 0 0 0 0 1 6 0 18 0 19 0 0 0 2 1 0
预测:     0 0 0 5 0 0 0 0 1 0 0 4 0 0 1 0 0 0 0 0 2 1 0 0 0 0 1 0 18 0 0 0 0 0 0 0 1 6 0 18 0 19 0 0 0 2 1 0
准确率:    1.0000 (48/48)
----------------------------------------
⏳ 验证无提升 (验证准确率: 0.9678 ≤ 0.9680)，patience: 11/50

======================================================================
🚀 Epoch 44/200
======================================================================
📚 开始训练阶段...
训练进度: 500/6065 损失=0.0434
训练进度: 1000/6065 损失=0.0419
训练进度: 1500/6065 损失=0.0163
训练进度: 2000/6065 损失=0.0537
训练进度: 2500/6065 损失=0.0367
训练进度: 3000/6065 损失=0.0403
训练进度: 3500/6065 损失=0.0161
训练进度: 4000/6065 损失=0.0440
训练进度: 4500/6065 损失=0.0785
训练进度: 5000/6065 损失=0.0239
训练进度: 5500/6065 损失=0.0289
训练进度: 6000/6065 损失=0.0209
训练进度: 6065/6065 损失=0.0361
✅ 训练完成，耗时: 109.9秒 (1.8分钟)

============================================================
📊 验证决策: Epoch 44/200
   验证间隔: 1
   是否验证: ✅ 是
   原因: 达到验证间隔 (0 == 0)
============================================================

🔍 开始验证...
验证进度: 500/686 损失=0.1751
验证进度: 686/686 损失=1.4206

📊 预测分布分析:
  - 预测的前5个类别: {np.int64(0): 282177, np.int64(1): 37067, np.int64(2): 14704, np.int64(3): 10946, np.int64(4): 8723}
  - 标签的前5个类别: {np.int64(0): 281232, np.int64(1): 36731, np.int64(2): 14789, np.int64(3): 10866, np.int64(4): 8585}
✅ 验证完成，耗时: 4.8秒 (0.1分钟)
训练损失: 0.0362
验证损失: 0.3052
验证准确率: 0.9683 (10616/10964) - 与Levenshtein高度相关
验证F1(加权): 0.9677 - 类别平衡更好
学习率: 0.000089
显存使用: 0.48GB (预留: 0.69GB)

生成的训练样本:
--------------------------------------------------------------------------------
输入:       W>ZL NDWB<JL BR JW>C W>JTB BBJTH WLH
目标:     0 1 0 0 3 0 0 0 0 0 0 0 2 0 0 2 0 0 0 0 2 0 35 0 0 0 3 0 1 0 0 5 0 0 1 1 0
预测:     0 1 0 0 3 0 0 0 0 0 0 0 2 0 0 2 0 0 0 0 2 0 35 0 0 0 3 0 1 0 0 5 0 0 1 1 0
准确率:    1.0000 (37/37)
----------------------------------------
输入:       D>BHJKWN L> TWSPWN <L PWQDN> DMPQD >N>
目标:     0 1 0 8 2 1 0 0 0 0 0 0 0 73 0 0 3 0 0 0 0 0 0 0 0 0 0 4 0 0 1 6 0 0 7 0 0 0 0
预测:     0 1 0 8 2 1 0 0 0 0 0 0 0 73 0 0 3 0 0 0 0 0 0 0 0 0 0 4 0 0 1 6 0 0 7 0 0 0 0
准确率:    1.0000 (39/39)
----------------------------------------
输入:       MLLW <M PR<WN W>MR MRJ> LMWC> WL>HRWN
目标:     0 0 0 3 19 0 0 0 0 0 0 0 0 2 0 1 0 0 3 0 0 0 0 2 0 1 0 0 0 2 0 1 1 0 0 0 0 2
预测:     0 0 0 3 19 0 0 0 0 0 0 0 0 2 0 1 0 0 3 0 0 0 0 2 0 1 0 0 0 2 0 1 1 0 0 0 0 2
准确率:    1.0000 (38/38)
----------------------------------------

生成的验证样本:
--------------------------------------------------------------------------------
输入:       KLH NPCHWN B>R<> DB<LDBBJHWN DCBW >NWN WNYLWN
目标:     0 0 5 12 0 0 0 5 0 0 0 0 1 0 0 4 0 0 1 0 0 0 0 0 2 1 0 0 0 0 1 0 18 0 0 0 0 0 0 0 1 6 0 18 0 19
预测:     0 0 5 12 0 0 0 5 0 0 0 0 1 0 0 4 0 0 1 0 0 0 0 0 2 1 0 0 0 0 1 0 18 0 0 0 0 0 0 0 1 6 0 18 0 19
准确率:    1.0000 (46/46)
----------------------------------------
输入:       NPCHWN B>R<> DB<LDBBJHWN DCBW >NWN WNYLWN QDMJK
目标:     0 0 0 5 0 0 0 0 1 0 0 4 0 0 1 0 0 0 0 0 2 1 0 0 0 0 1 0 18 0 0 0 0 0 0 0 1 6 0 18 0 19 0 0 0 2 1 0
预测:     0 0 0 5 0 0 0 0 1 0 0 4 0 0 1 0 0 0 0 0 2 1 0 0 0 0 1 0 18 0 0 0 0 0 0 0 1 6 0 18 0 19 0 0 0 2 1 0
准确率:    1.0000 (48/48)
----------------------------------------
💾 保存新的最佳模型！验证准确率: 0.9683 (F1: 0.9677) (Epoch 44)

======================================================================
🚀 Epoch 45/200
======================================================================
📚 开始训练阶段...
训练进度: 500/6065 损失=0.0435
训练进度: 1000/6065 损失=0.0461
训练进度: 1500/6065 损失=0.0168
训练进度: 2000/6065 损失=0.0298
训练进度: 2500/6065 损失=0.0270
训练进度: 3000/6065 损失=0.0259
训练进度: 3500/6065 损失=0.0289
训练进度: 4000/6065 损失=0.0331
训练进度: 4500/6065 损失=0.0252
训练进度: 5000/6065 损失=0.0262
训练进度: 5500/6065 损失=0.0174
训练进度: 6000/6065 损失=0.0389
训练进度: 6065/6065 损失=0.0395
✅ 训练完成，耗时: 109.8秒 (1.8分钟)

============================================================
📊 验证决策: Epoch 45/200
   验证间隔: 1
   是否验证: ✅ 是
   原因: 达到验证间隔 (0 == 0)
============================================================

🔍 开始验证...
验证进度: 500/686 损失=0.1617
验证进度: 686/686 损失=1.5679

📊 预测分布分析:
  - 预测的前5个类别: {np.int64(0): 282402, np.int64(1): 37014, np.int64(2): 14680, np.int64(3): 10848, np.int64(4): 8772}
  - 标签的前5个类别: {np.int64(0): 281232, np.int64(1): 36731, np.int64(2): 14789, np.int64(3): 10866, np.int64(4): 8585}
✅ 验证完成，耗时: 4.8秒 (0.1分钟)
训练损失: 0.0354
验证损失: 0.3190
验证准确率: 0.9680 (10612/10964) - 与Levenshtein高度相关
验证F1(加权): 0.9673 - 类别平衡更好
学习率: 0.000088
显存使用: 0.48GB (预留: 0.69GB)

生成的训练样本:
--------------------------------------------------------------------------------
输入:       MWC> M> DNPQT MN QRJT> >PCWV >JDJ
目标:     0 0 0 0 2 0 0 0 0 1 0 0 3 0 0 0 0 0 0 0 22 9 0 0 6 0 8 0 3 8 0 0 2 46
预测:     0 0 0 0 2 0 0 0 0 1 0 0 3 0 0 0 0 0 0 0 22 9 0 0 6 0 8 0 3 8 0 0 2 46
准确率:    1.0000 (34/34)
----------------------------------------
输入:       >MR LJ MRJ> KNC QDMJ L<M> W>CM<
目标:     0 0 0 3 0 1 0 0 0 0 0 2 6 0 0 16 0 0 0 2 46 0 1 0 15 0 0 1 28 0 0 3
预测:     6 0 0 3 0 1 0 0 0 0 0 2 6 0 0 16 0 0 0 2 46 0 1 0 15 0 0 1 28 0 0 3
准确率:    0.9688 (31/32)
----------------------------------------
输入:       MRJ> LMXZ> WNPL MNHWN SGJ W>P KHN>
目标:     0 0 0 0 2 0 1 6 0 10 7 0 1 34 0 3 0 0 1 0 0 0 0 0 0 13 0 1 0 0 0 0 0 11 0
预测:     0 0 0 0 2 0 1 6 0 10 7 0 1 34 0 3 0 0 1 0 0 0 0 0 0 13 0 1 0 0 0 0 0 11 0
准确率:    1.0000 (35/35)
----------------------------------------

生成的验证样本:
--------------------------------------------------------------------------------
输入:       KLH NPCHWN B>R<> DB<LDBBJHWN DCBW >NWN WNYLWN
目标:     0 0 5 12 0 0 0 5 0 0 0 0 1 0 0 4 0 0 1 0 0 0 0 0 2 1 0 0 0 0 1 0 18 0 0 0 0 0 0 0 1 6 0 18 0 19
预测:     0 0 5 12 0 0 0 5 0 0 0 0 1 0 0 4 0 0 1 0 0 0 0 0 2 1 0 0 0 0 1 0 18 0 0 0 0 0 0 0 1 6 0 18 0 19
准确率:    1.0000 (46/46)
----------------------------------------
输入:       NPCHWN B>R<> DB<LDBBJHWN DCBW >NWN WNYLWN QDMJK
目标:     0 0 0 5 0 0 0 0 1 0 0 4 0 0 1 0 0 0 0 0 2 1 0 0 0 0 1 0 18 0 0 0 0 0 0 0 1 6 0 18 0 19 0 0 0 2 1 0
预测:     0 0 0 5 0 0 0 0 1 0 0 4 0 0 1 0 0 0 0 0 2 1 0 0 0 0 1 0 18 0 0 0 0 0 0 0 1 6 0 18 0 19 0 0 0 2 1 0
准确率:    1.0000 (48/48)
----------------------------------------
⏳ 验证无提升 (验证准确率: 0.9680 ≤ 0.9683)，patience: 1/50

======================================================================
🚀 Epoch 46/200
======================================================================
📚 开始训练阶段...
训练进度: 500/6065 损失=0.0517
训练进度: 1000/6065 损失=0.0227
训练进度: 1500/6065 损失=0.0559
训练进度: 2000/6065 损失=0.0487
训练进度: 2500/6065 损失=0.0486
训练进度: 3000/6065 损失=0.0498
训练进度: 3500/6065 损失=0.0461
训练进度: 4000/6065 损失=0.0172
训练进度: 4500/6065 损失=0.0152
训练进度: 5000/6065 损失=0.0236
训练进度: 5500/6065 损失=0.0220
训练进度: 6000/6065 损失=0.0309
训练进度: 6065/6065 损失=0.0404
✅ 训练完成，耗时: 109.2秒 (1.8分钟)

============================================================
📊 验证决策: Epoch 46/200
   验证间隔: 1
   是否验证: ✅ 是
   原因: 达到验证间隔 (0 == 0)
============================================================

🔍 开始验证...
验证进度: 500/686 损失=0.1160
验证进度: 686/686 损失=1.7196

📊 预测分布分析:
  - 预测的前5个类别: {np.int64(0): 282380, np.int64(1): 37029, np.int64(2): 14755, np.int64(3): 10568, np.int64(4): 8679}
  - 标签的前5个类别: {np.int64(0): 281232, np.int64(1): 36731, np.int64(2): 14789, np.int64(3): 10866, np.int64(4): 8585}
✅ 验证完成，耗时: 4.7秒 (0.1分钟)
训练损失: 0.0348
验证损失: 0.3113
验证准确率: 0.9679 (10611/10964) - 与Levenshtein高度相关
验证F1(加权): 0.9673 - 类别平衡更好
学习率: 0.000088
显存使用: 0.48GB (预留: 0.69GB)

生成的训练样本:
--------------------------------------------------------------------------------
输入:       HD> LXTJR> DBTNN> >CTBHRW SPQ> HD> L<WJR>
目标:     0 0 0 0 0 1 0 8 0 65 27 0 1 1 0 0 4 0 0 47 39 17 0 0 3 0 0 0 0 7 0 0 0 0 0 0 1 0 0 0 11 0
预测:     0 0 0 0 0 1 0 8 0 65 27 0 1 1 0 0 4 0 0 47 39 17 0 0 3 0 0 0 0 7 0 0 0 0 0 0 1 0 0 0 11 0
准确率:    1.0000 (42/42)
----------------------------------------
输入:       WMN MNTMLJ WL> NVRH MRH NTL TWR>
目标:     0 1 0 0 0 0 0 0 0 8 0 0 1 0 0 0 0 0 29 0 0 0 56 0 0 34 0 3 0 0 0 4 0
预测:     0 1 0 0 0 0 0 0 0 8 0 0 1 0 0 0 0 0 29 0 0 0 56 0 0 34 0 3 0 0 0 4 0
准确率:    1.0000 (33/33)
----------------------------------------
输入:       W>XDH WGLJH LQJR WLRYN QVL W>ZL MLK>
目标:     0 1 0 0 29 12 0 1 0 0 51 12 0 1 0 0 2 0 1 1 0 0 2 0 0 0 3 0 1 0 0 3 0 0 0 4 0
预测:     0 1 0 0 29 12 0 1 0 0 51 12 0 1 0 0 2 0 1 1 0 0 2 0 0 0 3 0 1 0 0 3 0 0 0 4 0
准确率:    1.0000 (37/37)
----------------------------------------

生成的验证样本:
--------------------------------------------------------------------------------
输入:       KLH NPCHWN B>R<> DB<LDBBJHWN DCBW >NWN WNYLWN
目标:     0 0 5 12 0 0 0 5 0 0 0 0 1 0 0 4 0 0 1 0 0 0 0 0 2 1 0 0 0 0 1 0 18 0 0 0 0 0 0 0 1 6 0 18 0 19
预测:     0 0 5 12 0 0 0 5 0 0 0 0 1 0 0 4 0 0 1 0 0 0 0 0 2 1 0 0 0 0 1 0 18 0 0 0 0 0 0 0 1 6 0 18 0 19
准确率:    1.0000 (46/46)
----------------------------------------
输入:       NPCHWN B>R<> DB<LDBBJHWN DCBW >NWN WNYLWN QDMJK
目标:     0 0 0 5 0 0 0 0 1 0 0 4 0 0 1 0 0 0 0 0 2 1 0 0 0 0 1 0 18 0 0 0 0 0 0 0 1 6 0 18 0 19 0 0 0 2 1 0
预测:     0 0 0 5 0 0 0 0 1 0 0 4 0 0 1 0 0 0 0 0 2 1 0 0 0 0 1 0 18 0 0 0 0 0 0 0 1 6 0 18 0 19 0 0 0 2 1 0
准确率:    1.0000 (48/48)
----------------------------------------
⏳ 验证无提升 (验证准确率: 0.9679 ≤ 0.9683)，patience: 2/50

======================================================================
🚀 Epoch 47/200
======================================================================
📚 开始训练阶段...
训练进度: 500/6065 损失=0.0125
训练进度: 1000/6065 损失=0.0287
训练进度: 1500/6065 损失=0.0480
训练进度: 2000/6065 损失=0.0285
训练进度: 2500/6065 损失=0.0600
训练进度: 3000/6065 损失=0.0261
训练进度: 3500/6065 损失=0.0081
训练进度: 4000/6065 损失=0.0087
训练进度: 4500/6065 损失=0.0233
训练进度: 5000/6065 损失=0.0298
训练进度: 5500/6065 损失=0.0540
训练进度: 6000/6065 损失=0.0304
训练进度: 6065/6065 损失=0.0209
✅ 训练完成，耗时: 109.9秒 (1.8分钟)

============================================================
📊 验证决策: Epoch 47/200
   验证间隔: 1
   是否验证: ✅ 是
   原因: 达到验证间隔 (0 == 0)
============================================================

🔍 开始验证...
验证进度: 500/686 损失=0.1475
验证进度: 686/686 损失=1.4564

📊 预测分布分析:
  - 预测的前5个类别: {np.int64(0): 282223, np.int64(1): 37070, np.int64(2): 14712, np.int64(3): 10535, np.int64(4): 8887}
  - 标签的前5个类别: {np.int64(0): 281232, np.int64(1): 36731, np.int64(2): 14789, np.int64(3): 10866, np.int64(4): 8585}
✅ 验证完成，耗时: 4.7秒 (0.1分钟)
训练损失: 0.0342
验证损失: 0.3140
验证准确率: 0.9681 (10614/10964) - 与Levenshtein高度相关
验证F1(加权): 0.9676 - 类别平衡更好
学习率: 0.000087
显存使用: 0.48GB (预留: 0.69GB)

生成的训练样本:
--------------------------------------------------------------------------------
输入:       CW<BD> QCJ> WYLJW WSLQT G<THWN LWT >LH>
目标:     0 0 0 0 0 4 0 0 0 0 15 0 0 1 0 0 3 19 0 1 0 0 3 26 0 0 13 1 0 0 0 0 0 0 0 0 0 0 4 0
预测:     0 0 0 0 0 4 0 0 0 0 15 0 0 1 0 0 3 19 0 1 0 0 3 26 0 0 13 1 0 0 0 0 0 0 0 0 0 0 4 0
准确率:    1.0000 (40/40)
----------------------------------------
输入:       >R<> DMYRJN WCQL PR<WN <ZQTH MN >JDH
目标:     0 0 0 4 0 0 1 0 0 0 0 2 0 1 0 0 3 0 0 0 0 0 2 0 0 0 13 1 0 0 0 0 8 0 0 5 0
预测:     0 0 0 4 0 0 1 0 0 0 0 2 0 1 0 0 3 0 0 0 0 0 2 0 0 0 13 1 0 0 0 0 8 0 0 5 0
准确率:    1.0000 (37/37)
----------------------------------------
输入:       MWC> HKN> >MR MRJ> BPLGH DLLJ> NPQ
目标:     0 0 0 0 2 0 0 0 0 0 0 0 0 7 0 0 0 0 2 0 1 0 0 37 0 0 1 38 0 4 0 0 0 0 7
预测:     0 0 0 0 2 0 0 0 0 0 0 0 0 7 0 0 0 0 2 0 1 0 0 37 0 0 1 38 0 4 0 0 0 0 7
准确率:    1.0000 (35/35)
----------------------------------------

生成的验证样本:
--------------------------------------------------------------------------------
输入:       KLH NPCHWN B>R<> DB<LDBBJHWN DCBW >NWN WNYLWN
目标:     0 0 5 12 0 0 0 5 0 0 0 0 1 0 0 4 0 0 1 0 0 0 0 0 2 1 0 0 0 0 1 0 18 0 0 0 0 0 0 0 1 6 0 18 0 19
预测:     0 0 5 12 0 0 0 5 0 0 0 0 1 0 0 4 0 0 1 0 0 0 0 0 2 1 0 0 0 0 1 0 18 0 0 0 0 0 0 0 1 6 0 18 0 19
准确率:    1.0000 (46/46)
----------------------------------------
输入:       NPCHWN B>R<> DB<LDBBJHWN DCBW >NWN WNYLWN QDMJK
目标:     0 0 0 5 0 0 0 0 1 0 0 4 0 0 1 0 0 0 0 0 2 1 0 0 0 0 1 0 18 0 0 0 0 0 0 0 1 6 0 18 0 19 0 0 0 2 1 0
预测:     0 0 0 5 0 0 0 0 1 0 0 4 0 0 1 0 0 0 0 0 2 1 0 0 0 0 1 0 18 0 0 0 0 0 0 0 1 6 0 18 0 19 0 0 0 2 1 0
准确率:    1.0000 (48/48)
----------------------------------------
⏳ 验证无提升 (验证准确率: 0.9681 ≤ 0.9683)，patience: 3/50

======================================================================
🚀 Epoch 48/200
======================================================================
📚 开始训练阶段...
训练进度: 500/6065 损失=0.0112
训练进度: 1000/6065 损失=0.0126
训练进度: 1500/6065 损失=0.0268
训练进度: 2000/6065 损失=0.0172
训练进度: 2500/6065 损失=0.0152
训练进度: 3000/6065 损失=0.0239
训练进度: 3500/6065 损失=0.0412
训练进度: 4000/6065 损失=0.0241
训练进度: 4500/6065 损失=0.1052
训练进度: 5000/6065 损失=0.0353
训练进度: 5500/6065 损失=0.0185
训练进度: 6000/6065 损失=0.0427
训练进度: 6065/6065 损失=0.0273
✅ 训练完成，耗时: 110.0秒 (1.8分钟)

============================================================
📊 验证决策: Epoch 48/200
   验证间隔: 1
   是否验证: ✅ 是
   原因: 达到验证间隔 (0 == 0)
============================================================

🔍 开始验证...
验证进度: 500/686 损失=0.1021
验证进度: 686/686 损失=1.3391

📊 预测分布分析:
  - 预测的前5个类别: {np.int64(0): 282204, np.int64(1): 37113, np.int64(2): 14743, np.int64(3): 10595, np.int64(4): 8744}
  - 标签的前5个类别: {np.int64(0): 281232, np.int64(1): 36731, np.int64(2): 14789, np.int64(3): 10866, np.int64(4): 8585}
✅ 验证完成，耗时: 4.8秒 (0.1分钟)
训练损失: 0.0334
验证损失: 0.3187
验证准确率: 0.9676 (10609/10964) - 与Levenshtein高度相关
验证F1(加权): 0.9672 - 类别平衡更好
学习率: 0.000087
显存使用: 0.48GB (预留: 0.69GB)

生成的训练样本:
--------------------------------------------------------------------------------
输入:       MVL DMRJ> <BD LHWN QRB> BMYRJN W>MR
目标:     0 0 0 0 0 1 0 0 0 2 0 0 0 3 0 1 0 0 0 0 0 0 15 0 0 1 0 0 0 0 2 0 1 0 0 3
预测:     0 0 0 0 0 1 0 0 0 2 0 0 0 3 0 1 0 0 0 0 0 0 15 0 0 1 0 0 0 0 2 0 1 0 0 3
准确率:    1.0000 (36/36)
----------------------------------------
输入:       NSB LH >NTT> MN BNTH DPNVJL WJLDT
目标:     0 0 0 3 0 1 0 0 0 0 13 9 0 0 0 0 0 0 22 32 0 0 1 0 0 0 0 2 0 1 0 0 3 26
预测:     0 0 0 3 0 1 0 0 0 0 13 9 0 0 0 0 0 0 22 32 0 0 1 0 0 0 0 2 0 1 0 0 3 26
准确率:    1.0000 (34/34)
----------------------------------------
输入:       <MH WNCTKXWN NTL GBR> HW DDMK <MH
目标:     0 0 1 12 0 1 45 39 0 0 3 0 0 0 34 0 3 0 0 0 4 0 0 0 12 0 1 0 0 3 0 0 1 12
预测:     0 0 1 12 0 1 45 39 0 0 3 0 0 0 34 0 3 0 0 0 4 0 0 0 12 0 1 0 0 3 0 0 1 12
准确率:    1.0000 (34/34)
----------------------------------------

生成的验证样本:
--------------------------------------------------------------------------------
输入:       KLH NPCHWN B>R<> DB<LDBBJHWN DCBW >NWN WNYLWN
目标:     0 0 5 12 0 0 0 5 0 0 0 0 1 0 0 4 0 0 1 0 0 0 0 0 2 1 0 0 0 0 1 0 18 0 0 0 0 0 0 0 1 6 0 18 0 19
预测:     0 0 5 12 0 0 0 5 0 0 0 0 1 0 0 4 0 0 1 0 0 0 0 0 2 1 0 0 0 0 1 0 18 0 0 0 0 0 0 0 1 6 0 18 0 19
准确率:    1.0000 (46/46)
----------------------------------------
输入:       NPCHWN B>R<> DB<LDBBJHWN DCBW >NWN WNYLWN QDMJK
目标:     0 0 0 5 0 0 0 0 1 0 0 4 0 0 1 0 0 0 0 0 2 1 0 0 0 0 1 0 18 0 0 0 0 0 0 0 1 6 0 18 0 19 0 0 0 2 1 0
预测:     0 0 0 5 0 0 0 0 1 0 0 4 0 0 1 0 0 0 0 0 2 1 0 0 0 0 1 0 18 0 0 0 0 0 0 0 1 6 0 18 0 19 0 0 0 2 1 0
准确率:    1.0000 (48/48)
----------------------------------------
⏳ 验证无提升 (验证准确率: 0.9676 ≤ 0.9683)，patience: 4/50

======================================================================
🚀 Epoch 49/200
======================================================================
📚 开始训练阶段...
训练进度: 500/6065 损失=0.0216
训练进度: 1000/6065 损失=0.0277
训练进度: 1500/6065 损失=0.0348
训练进度: 2000/6065 损失=0.0647
训练进度: 2500/6065 损失=0.0595
训练进度: 3000/6065 损失=0.0124
训练进度: 3500/6065 损失=0.0462
训练进度: 4000/6065 损失=0.0270
训练进度: 4500/6065 损失=0.0207
训练进度: 5000/6065 损失=0.0313
训练进度: 5500/6065 损失=0.0209
训练进度: 6000/6065 损失=0.0339
训练进度: 6065/6065 损失=0.0348
✅ 训练完成，耗时: 109.8秒 (1.8分钟)

============================================================
📊 验证决策: Epoch 49/200
   验证间隔: 1
   是否验证: ✅ 是
   原因: 达到验证间隔 (0 == 0)
============================================================

🔍 开始验证...
验证进度: 500/686 损失=0.0685
验证进度: 686/686 损失=1.3909

📊 预测分布分析:
  - 预测的前5个类别: {np.int64(0): 282491, np.int64(1): 37104, np.int64(2): 14709, np.int64(3): 10720, np.int64(4): 8929}
  - 标签的前5个类别: {np.int64(0): 281232, np.int64(1): 36731, np.int64(2): 14789, np.int64(3): 10866, np.int64(4): 8585}
✅ 验证完成，耗时: 4.7秒 (0.1分钟)
训练损失: 0.0326
验证损失: 0.3211
验证准确率: 0.9678 (10610/10964) - 与Levenshtein高度相关
验证F1(加权): 0.9671 - 类别平衡更好
学习率: 0.000086
显存使用: 0.48GB (预留: 0.69GB)

生成的训练样本:
--------------------------------------------------------------------------------
输入:       >NT JD< >NT MDM D<BD LJ JW>B
目标:     0 0 0 0 0 0 0 7 0 0 0 0 0 0 0 2 0 1 0 0 3 0 1 0 0 0 0 0 2
预测:     0 0 0 0 0 0 0 7 0 0 0 0 0 0 0 2 0 1 0 0 3 0 1 0 0 0 0 0 2
准确率:    1.0000 (29/29)
----------------------------------------
输入:       <L VWR> HN> W>MR MWC> L>LH> H>
目标:     0 0 0 0 0 0 4 0 0 0 0 0 0 1 0 0 3 0 0 0 0 2 0 1 0 0 4 0 0 0 0
预测:     0 0 0 0 0 0 4 0 0 0 0 0 0 1 0 0 3 0 0 0 0 2 0 1 0 0 4 0 0 0 0
准确率:    1.0000 (31/31)
----------------------------------------
输入:       >NT LM SJM DMN >JTJ> <BJD L>
目标:     0 0 0 0 0 0 0 6 20 0 3 0 1 0 0 0 0 0 24 9 0 0 0 8 0 40 0 0 0
预测:     0 0 0 0 0 0 0 6 20 0 3 0 1 0 0 0 0 0 24 9 0 0 0 8 0 40 0 0 0
准确率:    1.0000 (29/29)
----------------------------------------

生成的验证样本:
--------------------------------------------------------------------------------
输入:       KLH NPCHWN B>R<> DB<LDBBJHWN DCBW >NWN WNYLWN
目标:     0 0 5 12 0 0 0 5 0 0 0 0 1 0 0 4 0 0 1 0 0 0 0 0 2 1 0 0 0 0 1 0 18 0 0 0 0 0 0 0 1 6 0 18 0 19
预测:     0 0 5 12 0 0 0 5 0 0 0 0 1 0 0 4 0 0 1 0 0 0 0 0 2 1 0 0 0 0 1 0 18 0 0 0 0 0 0 0 1 6 0 18 0 19
准确率:    1.0000 (46/46)
----------------------------------------
输入:       NPCHWN B>R<> DB<LDBBJHWN DCBW >NWN WNYLWN QDMJK
目标:     0 0 0 5 0 0 0 0 1 0 0 4 0 0 1 0 0 0 0 0 2 1 0 0 0 0 1 0 18 0 0 0 0 0 0 0 1 6 0 18 0 19 0 0 0 2 1 0
预测:     0 0 0 5 0 0 0 0 1 0 0 4 0 0 1 0 0 0 0 0 2 1 0 0 0 0 1 0 18 0 0 0 0 0 0 0 1 6 0 18 0 19 0 0 0 2 1 0
准确率:    1.0000 (48/48)
----------------------------------------
⏳ 验证无提升 (验证准确率: 0.9678 ≤ 0.9683)，patience: 5/50

======================================================================
🚀 Epoch 50/200
======================================================================
📚 开始训练阶段...
训练进度: 500/6065 损失=0.0183
训练进度: 1000/6065 损失=0.0353
训练进度: 1500/6065 损失=0.0119
训练进度: 2000/6065 损失=0.0485
训练进度: 2500/6065 损失=0.0245
训练进度: 3000/6065 损失=0.0382
训练进度: 3500/6065 损失=0.0459
训练进度: 4000/6065 损失=0.0314
训练进度: 4500/6065 损失=0.0358
训练进度: 5000/6065 损失=0.0277
训练进度: 5500/6065 损失=0.0297
训练进度: 6000/6065 损失=0.0261
训练进度: 6065/6065 损失=0.0476
✅ 训练完成，耗时: 109.5秒 (1.8分钟)

============================================================
📊 验证决策: Epoch 50/200
   验证间隔: 1
   是否验证: ✅ 是
   原因: 达到验证间隔 (0 == 0)
============================================================

🔍 开始验证...
验证进度: 500/686 损失=0.1296
验证进度: 686/686 损失=1.3746

📊 预测分布分析:
  - 预测的前5个类别: {np.int64(0): 282525, np.int64(1): 36979, np.int64(2): 14763, np.int64(3): 10792, np.int64(4): 8712}
  - 标签的前5个类别: {np.int64(0): 281232, np.int64(1): 36731, np.int64(2): 14789, np.int64(3): 10866, np.int64(4): 8585}
✅ 验证完成，耗时: 4.8秒 (0.1分钟)
训练损失: 0.0318
验证损失: 0.3209
验证准确率: 0.9681 (10614/10964) - 与Levenshtein高度相关
验证F1(加权): 0.9675 - 类别平衡更好
学习率: 0.000086
显存使用: 0.48GB (预留: 0.69GB)

生成的训练样本:
--------------------------------------------------------------------------------
输入:       <RLMJ> LMSB MCKN> MN >JDJH D>NTT> WL>
目标:     0 0 0 0 0 4 0 0 1 34 0 7 0 0 0 0 15 0 0 0 0 8 0 0 2 1 12 0 1 0 0 13 9 0 0 1 0 0
预测:     0 0 0 0 0 4 0 0 1 34 0 7 0 0 0 0 15 0 0 0 0 8 0 0 2 1 12 0 1 0 0 13 9 0 0 1 0 0
准确率:    1.0000 (38/38)
----------------------------------------
输入:       JQJR> MN KWRSWTHWN W>CM< BNSJWNH MKSNWTHWN DMCX
目标:     0 0 8 0 65 27 0 0 0 0 0 0 0 10 2 32 0 0 0 0 1 17 0 0 3 0 1 0 0 0 0 5 0 0 0 0 0 0 2 1 0 0 0 0 1 0 0 33
预测:     0 0 8 0 65 27 0 0 0 0 0 0 0 10 2 32 0 0 0 0 1 17 0 0 3 0 1 0 0 0 0 5 0 0 0 0 0 0 2 1 0 0 0 0 1 0 0 33
准确率:    1.0000 (48/48)
----------------------------------------
输入:       >CTW>JL CTM>> GBRJN DMZJNJN BM>NJ QRB> WSLQW
目标:     0 0 0 0 0 0 0 2 0 0 5 0 0 2 0 0 0 2 0 0 0 1 6 20 0 7 0 78 0 1 0 0 2 0 0 0 0 15 0 0 1 0 0 3 0
预测:     0 0 0 0 0 0 0 2 0 0 5 0 0 2 0 0 0 2 0 0 0 1 6 20 0 7 0 78 0 1 0 0 2 0 0 0 0 15 0 0 1 0 0 3 0
准确率:    1.0000 (45/45)
----------------------------------------

生成的验证样本:
--------------------------------------------------------------------------------
输入:       KLH NPCHWN B>R<> DB<LDBBJHWN DCBW >NWN WNYLWN
目标:     0 0 5 12 0 0 0 5 0 0 0 0 1 0 0 4 0 0 1 0 0 0 0 0 2 1 0 0 0 0 1 0 18 0 0 0 0 0 0 0 1 6 0 18 0 19
预测:     0 0 5 12 0 0 0 5 0 0 0 0 1 0 0 4 0 0 1 0 0 0 0 0 2 1 0 0 0 0 1 0 18 0 0 0 0 0 0 0 1 6 0 18 0 19
准确率:    1.0000 (46/46)
----------------------------------------
输入:       NPCHWN B>R<> DB<LDBBJHWN DCBW >NWN WNYLWN QDMJK
目标:     0 0 0 5 0 0 0 0 1 0 0 4 0 0 1 0 0 0 0 0 2 1 0 0 0 0 1 0 18 0 0 0 0 0 0 0 1 6 0 18 0 19 0 0 0 2 1 0
预测:     0 0 0 5 0 0 0 0 1 0 0 4 0 0 1 0 0 0 0 0 2 1 0 0 0 0 1 0 18 0 0 0 0 0 0 0 1 6 0 18 0 19 0 0 0 2 1 0
准确率:    1.0000 (48/48)
----------------------------------------
⏳ 验证无提升 (验证准确率: 0.9681 ≤ 0.9683)，patience: 6/50

======================================================================
🚀 Epoch 51/200
======================================================================
📚 开始训练阶段...
训练进度: 500/6065 损失=0.0323
训练进度: 1000/6065 损失=0.0217
训练进度: 1500/6065 损失=0.0392
训练进度: 2000/6065 损失=0.0106
训练进度: 2500/6065 损失=0.0186
训练进度: 3000/6065 损失=0.0254
训练进度: 3500/6065 损失=0.0395
训练进度: 4000/6065 损失=0.0459
训练进度: 4500/6065 损失=0.0353
训练进度: 5000/6065 损失=0.0150
训练进度: 5500/6065 损失=0.0243
训练进度: 6000/6065 损失=0.0164
训练进度: 6065/6065 损失=0.0335
✅ 训练完成，耗时: 109.7秒 (1.8分钟)

============================================================
📊 验证决策: Epoch 51/200
   验证间隔: 1
   是否验证: ✅ 是
   原因: 达到验证间隔 (0 == 0)
============================================================

🔍 开始验证...
验证进度: 500/686 损失=0.0595
验证进度: 686/686 损失=1.5341

📊 预测分布分析:
  - 预测的前5个类别: {np.int64(0): 282199, np.int64(1): 37049, np.int64(2): 14746, np.int64(3): 10660, np.int64(4): 8562}
  - 标签的前5个类别: {np.int64(0): 281232, np.int64(1): 36731, np.int64(2): 14789, np.int64(3): 10866, np.int64(4): 8585}
✅ 验证完成，耗时: 4.8秒 (0.1分钟)
训练损失: 0.0314
验证损失: 0.3275
验证准确率: 0.9677 (10609/10964) - 与Levenshtein高度相关
验证F1(加权): 0.9672 - 类别平衡更好
学习率: 0.000085
显存使用: 0.48GB (预留: 0.69GB)

生成的训练样本:
--------------------------------------------------------------------------------
输入:       W>RJM <JNWHJ GBR> SB> WXZ> >RX> BCWQ>
目标:     0 1 17 20 0 3 0 0 0 25 1 0 0 0 0 0 4 0 0 0 4 0 0 1 0 10 3 0 0 0 4 0 0 1 0 0 4 0
预测:     0 1 17 20 0 3 0 0 0 25 1 0 0 0 0 0 4 0 0 0 4 0 0 1 0 10 3 0 0 0 4 0 0 1 0 0 4 0
准确率:    1.0000 (38/38)
----------------------------------------
输入:       WHW> BZBN> HW WNXT JHWD> MN LWT
目标:     0 1 0 10 3 0 1 0 0 4 0 0 0 12 0 1 0 0 3 0 0 0 0 0 2 0 0 0 0 0 0 0
预测:     0 1 0 10 3 0 1 0 0 4 0 0 0 12 0 1 0 0 3 0 0 0 0 0 2 0 0 0 0 0 0 0
准确率:    1.0000 (32/32)
----------------------------------------
输入:       D>GJR> VLM BRJH WHW MQBL PWR<N> BJC>
目标:     0 1 0 8 0 110 27 0 0 0 7 0 0 0 74 0 0 1 0 0 0 6 0 0 41 0 0 0 0 0 4 0 0 0 0 4 0
预测:     0 1 0 8 0 110 27 0 0 0 7 0 0 0 74 0 0 1 0 0 0 6 0 0 41 0 0 0 0 0 4 0 0 0 0 4 0
准确率:    1.0000 (37/37)
----------------------------------------

生成的验证样本:
--------------------------------------------------------------------------------
输入:       KLH NPCHWN B>R<> DB<LDBBJHWN DCBW >NWN WNYLWN
目标:     0 0 5 12 0 0 0 5 0 0 0 0 1 0 0 4 0 0 1 0 0 0 0 0 2 1 0 0 0 0 1 0 18 0 0 0 0 0 0 0 1 6 0 18 0 19
预测:     0 0 5 12 0 0 0 5 0 0 0 0 1 0 0 4 0 0 1 0 0 0 0 0 2 1 0 0 0 0 1 0 18 0 0 0 0 0 0 0 1 6 0 18 0 19
准确率:    1.0000 (46/46)
----------------------------------------
输入:       NPCHWN B>R<> DB<LDBBJHWN DCBW >NWN WNYLWN QDMJK
目标:     0 0 0 5 0 0 0 0 1 0 0 4 0 0 1 0 0 0 0 0 2 1 0 0 0 0 1 0 18 0 0 0 0 0 0 0 1 6 0 18 0 19 0 0 0 2 1 0
预测:     0 0 0 5 0 0 0 0 1 0 0 4 0 0 1 0 0 0 0 0 2 1 0 0 0 0 1 0 18 0 0 0 0 0 0 0 1 6 0 18 0 19 0 0 0 2 1 0
准确率:    1.0000 (48/48)
----------------------------------------
⏳ 验证无提升 (验证准确率: 0.9677 ≤ 0.9683)，patience: 7/50

======================================================================
🚀 Epoch 52/200
======================================================================
📚 开始训练阶段...
训练进度: 500/6065 损失=0.0461
训练进度: 1000/6065 损失=0.0339
训练进度: 1500/6065 损失=0.0350
训练进度: 2000/6065 损失=0.0243
训练进度: 2500/6065 损失=0.0204
训练进度: 3000/6065 损失=0.0563
训练进度: 3500/6065 损失=0.0472
训练进度: 4000/6065 损失=0.0237
训练进度: 4500/6065 损失=0.0179
训练进度: 5000/6065 损失=0.0812
训练进度: 5500/6065 损失=0.0348
训练进度: 6000/6065 损失=0.0296
训练进度: 6065/6065 损失=0.0514
✅ 训练完成，耗时: 109.8秒 (1.8分钟)

============================================================
📊 验证决策: Epoch 52/200
   验证间隔: 1
   是否验证: ✅ 是
   原因: 达到验证间隔 (0 == 0)
============================================================

🔍 开始验证...
验证进度: 500/686 损失=0.0586
验证进度: 686/686 损失=1.5111

📊 预测分布分析:
  - 预测的前5个类别: {np.int64(0): 282532, np.int64(1): 36971, np.int64(2): 14608, np.int64(3): 10740, np.int64(4): 8805}
  - 标签的前5个类别: {np.int64(0): 281232, np.int64(1): 36731, np.int64(2): 14789, np.int64(3): 10866, np.int64(4): 8585}
✅ 验证完成，耗时: 4.8秒 (0.1分钟)
训练损失: 0.0308
验证损失: 0.3231
验证准确率: 0.9677 (10609/10964) - 与Levenshtein高度相关
验证F1(加权): 0.9671 - 类别平衡更好
学习率: 0.000084
显存使用: 0.48GB (预留: 0.69GB)

生成的训练样本:
--------------------------------------------------------------------------------
输入:       DL> T<BDWN >KWTHWN WCBQW KLHWN PWQDNWHJ DMRJ>
目标:     0 1 0 0 0 6 0 0 3 0 0 0 0 0 0 1 0 0 0 0 1 0 0 3 0 0 0 5 0 0 0 0 0 0 0 0 25 1 0 0 0 1 0 0 0 2
预测:     0 1 0 0 0 6 0 0 3 0 0 0 0 0 0 1 0 0 0 0 1 0 0 3 0 0 0 5 0 0 0 0 0 0 0 0 25 1 0 0 0 1 0 0 0 2
准确率:    1.0000 (46/46)
----------------------------------------
输入:       KLHWN <BRJH D>R<> WQDMWHJ NSGDN KLHJN CRBT>
目标:     0 0 5 0 0 0 0 0 0 7 1 12 0 1 0 0 4 0 0 1 0 0 25 1 0 0 0 6 0 0 3 12 0 0 5 0 0 0 0 0 0 13 23 0
预测:     0 0 5 0 0 0 0 0 0 7 1 12 0 1 0 0 4 0 0 1 0 0 25 1 0 0 0 6 0 0 3 12 0 0 5 0 0 0 0 0 0 13 23 0
准确率:    1.0000 (44/44)
----------------------------------------
输入:       HJ X>RWT> >WSP LM>MR LKWN KJNH DBRNC>
目标:     0 0 12 0 0 0 0 2 9 0 0 63 0 0 3 0 1 6 0 0 7 0 1 0 0 0 0 0 0 5 0 0 1 0 84 0 4 0
预测:     0 0 12 0 0 0 0 2 9 0 0 63 0 0 3 0 1 6 0 0 7 0 1 0 0 0 0 0 0 5 0 0 1 0 84 0 4 0
准确率:    1.0000 (38/38)
----------------------------------------

生成的验证样本:
--------------------------------------------------------------------------------
输入:       KLH NPCHWN B>R<> DB<LDBBJHWN DCBW >NWN WNYLWN
目标:     0 0 5 12 0 0 0 5 0 0 0 0 1 0 0 4 0 0 1 0 0 0 0 0 2 1 0 0 0 0 1 0 18 0 0 0 0 0 0 0 1 6 0 18 0 19
预测:     0 0 5 12 0 0 0 5 0 0 0 0 1 0 0 4 0 0 1 0 0 0 0 0 2 1 0 0 0 0 1 0 18 0 0 0 0 0 0 0 1 6 0 18 0 19
准确率:    1.0000 (46/46)
----------------------------------------
输入:       NPCHWN B>R<> DB<LDBBJHWN DCBW >NWN WNYLWN QDMJK
目标:     0 0 0 5 0 0 0 0 1 0 0 4 0 0 1 0 0 0 0 0 2 1 0 0 0 0 1 0 18 0 0 0 0 0 0 0 1 6 0 18 0 19 0 0 0 2 1 0
预测:     0 0 0 5 0 0 0 0 1 0 0 4 0 0 1 0 0 0 0 0 2 1 0 0 0 0 1 0 18 0 0 0 0 0 0 0 1 6 0 18 0 19 0 0 0 2 1 0
准确率:    1.0000 (48/48)
----------------------------------------
⏳ 验证无提升 (验证准确率: 0.9677 ≤ 0.9683)，patience: 8/50

======================================================================
🚀 Epoch 53/200
======================================================================
📚 开始训练阶段...
训练进度: 500/6065 损失=0.0429
训练进度: 1000/6065 损失=0.0298
训练进度: 1500/6065 损失=0.0161
训练进度: 2000/6065 损失=0.0592
训练进度: 2500/6065 损失=0.0130
训练进度: 3000/6065 损失=0.0153
训练进度: 3500/6065 损失=0.0230
训练进度: 4000/6065 损失=0.0446
训练进度: 4500/6065 损失=0.0176
训练进度: 5000/6065 损失=0.0274
训练进度: 5500/6065 损失=0.0538
训练进度: 6000/6065 损失=0.0199
训练进度: 6065/6065 损失=0.0344
✅ 训练完成，耗时: 110.0秒 (1.8分钟)

============================================================
📊 验证决策: Epoch 53/200
   验证间隔: 1
   是否验证: ✅ 是
   原因: 达到验证间隔 (0 == 0)
============================================================

🔍 开始验证...
验证进度: 500/686 损失=0.0593
验证进度: 686/686 损失=1.4378

📊 预测分布分析:
  - 预测的前5个类别: {np.int64(0): 282224, np.int64(1): 37046, np.int64(2): 14734, np.int64(3): 10899, np.int64(4): 8532}
  - 标签的前5个类别: {np.int64(0): 281232, np.int64(1): 36731, np.int64(2): 14789, np.int64(3): 10866, np.int64(4): 8585}
✅ 验证完成，耗时: 4.8秒 (0.1分钟)
训练损失: 0.0301
验证损失: 0.3301
验证准确率: 0.9674 (10606/10964) - 与Levenshtein高度相关
验证F1(加权): 0.9669 - 类别平衡更好
学习率: 0.000084
显存使用: 0.47GB (预留: 0.69GB)

生成的训练样本:
--------------------------------------------------------------------------------
输入:       LJBQ DNXL> DTXWM> DBNJ <MWN W<RB> WJWRDNN
目标:     0 1 0 0 2 0 1 0 0 4 0 0 1 0 0 0 4 0 0 1 0 2 0 0 0 0 0 2 0 1 0 0 0 2 0 1 0 0 0 0 0 2
预测:     0 1 0 0 2 0 1 0 0 4 0 0 1 0 0 0 4 0 0 1 0 2 0 0 0 0 0 2 0 1 0 0 0 2 0 1 0 0 0 0 0 2
准确率:    1.0000 (42/42)
----------------------------------------
输入:       DJN <BRJN >NTWN WJRTJN >NTWN >R<> HD>
目标:     0 0 0 0 0 0 0 7 0 0 0 0 0 0 0 0 0 1 0 0 7 0 0 0 0 0 0 0 0 0 0 0 4 0 0 0 0 0
预测:     0 0 0 0 0 0 0 7 0 0 0 0 0 0 0 0 0 1 0 0 7 0 0 0 0 0 0 0 0 0 0 0 4 0 0 0 0 0
准确率:    1.0000 (38/38)
----------------------------------------
输入:       >WRCLM W>CKXH >XJ> NBJ> CJLWNJ> B>WRX> W>XJ>
目标:     0 0 0 0 0 0 2 0 35 0 0 0 29 0 0 0 0 0 2 0 0 0 4 0 0 0 0 0 0 0 4 0 0 1 0 0 0 4 0 0 1 0 0 0 2
预测:     0 0 0 0 0 0 2 0 35 0 0 0 29 0 0 0 0 0 2 0 0 0 4 0 0 0 0 0 0 0 4 0 0 1 0 0 0 4 0 0 1 0 0 0 2
准确率:    1.0000 (45/45)
----------------------------------------

生成的验证样本:
--------------------------------------------------------------------------------
输入:       KLH NPCHWN B>R<> DB<LDBBJHWN DCBW >NWN WNYLWN
目标:     0 0 5 12 0 0 0 5 0 0 0 0 1 0 0 4 0 0 1 0 0 0 0 0 2 1 0 0 0 0 1 0 18 0 0 0 0 0 0 0 1 6 0 18 0 19
预测:     0 0 5 12 0 0 0 5 0 0 0 0 1 0 0 4 0 0 1 0 0 0 0 0 2 1 0 0 0 0 1 0 18 0 0 0 0 0 0 0 1 6 0 18 0 19
准确率:    1.0000 (46/46)
----------------------------------------
输入:       NPCHWN B>R<> DB<LDBBJHWN DCBW >NWN WNYLWN QDMJK
目标:     0 0 0 5 0 0 0 0 1 0 0 4 0 0 1 0 0 0 0 0 2 1 0 0 0 0 1 0 18 0 0 0 0 0 0 0 1 6 0 18 0 19 0 0 0 2 1 0
预测:     0 0 0 5 0 0 0 0 1 0 0 4 0 0 1 0 0 0 0 0 2 1 0 0 0 0 1 0 18 0 0 0 0 0 0 0 1 6 0 18 0 19 0 0 0 2 1 0
准确率:    1.0000 (48/48)
----------------------------------------
⏳ 验证无提升 (验证准确率: 0.9674 ≤ 0.9683)，patience: 9/50

======================================================================
🚀 Epoch 54/200
======================================================================
📚 开始训练阶段...
训练进度: 500/6065 损失=0.0293
训练进度: 1000/6065 损失=0.0136
训练进度: 1500/6065 损失=0.0176
训练进度: 2000/6065 损失=0.0181
训练进度: 2500/6065 损失=0.0166
训练进度: 3000/6065 损失=0.0493
训练进度: 3500/6065 损失=0.0244
训练进度: 4000/6065 损失=0.0278
训练进度: 4500/6065 损失=0.0366
训练进度: 5000/6065 损失=0.0298
训练进度: 5500/6065 损失=0.0187
训练进度: 6000/6065 损失=0.0274
训练进度: 6065/6065 损失=0.0342
✅ 训练完成，耗时: 109.6秒 (1.8分钟)

============================================================
📊 验证决策: Epoch 54/200
   验证间隔: 1
   是否验证: ✅ 是
   原因: 达到验证间隔 (0 == 0)
============================================================

🔍 开始验证...
验证进度: 500/686 损失=0.1717
验证进度: 686/686 损失=1.5545

📊 预测分布分析:
  - 预测的前5个类别: {np.int64(0): 282393, np.int64(1): 37095, np.int64(2): 14862, np.int64(3): 10686, np.int64(4): 8728}
  - 标签的前5个类别: {np.int64(0): 281232, np.int64(1): 36731, np.int64(2): 14789, np.int64(3): 10866, np.int64(4): 8585}
✅ 验证完成，耗时: 4.7秒 (0.1分钟)
训练损失: 0.0299
验证损失: 0.3294
验证准确率: 0.9678 (10611/10964) - 与Levenshtein高度相关
验证F1(加权): 0.9672 - 类别平衡更好
学习率: 0.000083
显存使用: 0.48GB (预留: 0.69GB)

生成的训练样本:
--------------------------------------------------------------------------------
输入:       BMNJN> DSGJTWN HWJTWN >JK KWKB> DBCMJ> <L
目标:     0 1 0 0 0 4 0 0 1 0 0 3 0 0 0 0 0 0 3 0 0 0 0 0 0 0 0 0 0 0 11 0 0 1 1 0 24 9 0 0 0 0
预测:     0 1 0 0 0 4 0 0 1 0 0 3 0 0 0 0 0 0 3 0 0 0 0 0 0 0 0 0 0 0 11 0 0 1 1 0 24 9 0 0 0 0
准确率:    1.0000 (42/42)
----------------------------------------
输入:       YB<WN RB> <N> RB> DJCWN RB> >YR
目标:     0 0 0 0 0 2 0 0 4 0 0 0 0 2 0 0 4 0 0 0 0 0 0 2 0 0 4 0 0 0 0 2
预测:     0 0 0 0 0 2 0 0 4 0 0 0 0 2 0 0 4 0 0 0 0 0 0 2 0 0 4 0 0 0 0 2
准确率:    1.0000 (32/32)
----------------------------------------
输入:       LNPC> DJLJ WMN >JD> DKLB> LJXJDJT> DJLJ
目标:     0 1 0 0 4 0 0 0 0 1 0 0 1 0 0 8 0 0 4 0 0 1 0 0 4 0 0 1 0 0 0 0 2 9 0 0 0 0 1 0
预测:     0 1 0 0 4 0 0 0 0 1 0 0 1 0 0 8 0 0 4 0 0 1 0 0 4 0 0 1 0 0 0 0 2 9 0 0 0 0 1 0
准确率:    1.0000 (40/40)
----------------------------------------

生成的验证样本:
--------------------------------------------------------------------------------
输入:       KLH NPCHWN B>R<> DB<LDBBJHWN DCBW >NWN WNYLWN
目标:     0 0 5 12 0 0 0 5 0 0 0 0 1 0 0 4 0 0 1 0 0 0 0 0 2 1 0 0 0 0 1 0 18 0 0 0 0 0 0 0 1 6 0 18 0 19
预测:     0 0 5 12 0 0 0 5 0 0 0 0 1 0 0 4 0 0 1 0 0 0 0 0 2 1 0 0 0 0 1 0 18 0 0 0 0 0 0 0 1 6 0 18 0 19
准确率:    1.0000 (46/46)
----------------------------------------
输入:       NPCHWN B>R<> DB<LDBBJHWN DCBW >NWN WNYLWN QDMJK
目标:     0 0 0 5 0 0 0 0 1 0 0 4 0 0 1 0 0 0 0 0 2 1 0 0 0 0 1 0 18 0 0 0 0 0 0 0 1 6 0 18 0 19 0 0 0 2 1 0
预测:     0 0 0 5 0 0 0 0 1 0 0 4 0 0 1 0 0 0 0 0 2 1 0 0 0 0 1 0 18 0 0 0 0 0 0 0 1 6 0 18 0 19 0 0 0 2 1 0
准确率:    1.0000 (48/48)
----------------------------------------
⏳ 验证无提升 (验证准确率: 0.9678 ≤ 0.9683)，patience: 10/50

======================================================================
🚀 Epoch 55/200
======================================================================
📚 开始训练阶段...
训练进度: 500/6065 损失=0.0267
训练进度: 1000/6065 损失=0.0271
训练进度: 1500/6065 损失=0.0556
训练进度: 2000/6065 损失=0.0209
训练进度: 2500/6065 损失=0.0335
训练进度: 3000/6065 损失=0.0211
训练进度: 3500/6065 损失=0.0127
训练进度: 4000/6065 损失=0.0152
训练进度: 4500/6065 损失=0.0260
训练进度: 5000/6065 损失=0.0149
训练进度: 5500/6065 损失=0.0191
训练进度: 6000/6065 损失=0.0262
训练进度: 6065/6065 损失=0.0179
✅ 训练完成，耗时: 109.7秒 (1.8分钟)

============================================================
📊 验证决策: Epoch 55/200
   验证间隔: 1
   是否验证: ✅ 是
   原因: 达到验证间隔 (0 == 0)
============================================================

🔍 开始验证...
验证进度: 500/686 损失=0.1959
验证进度: 686/686 损失=1.6540

📊 预测分布分析:
  - 预测的前5个类别: {np.int64(0): 282102, np.int64(1): 36964, np.int64(2): 14808, np.int64(3): 10811, np.int64(4): 9061}
  - 标签的前5个类别: {np.int64(0): 281232, np.int64(1): 36731, np.int64(2): 14789, np.int64(3): 10866, np.int64(4): 8585}
✅ 验证完成，耗时: 4.8秒 (0.1分钟)
训练损失: 0.0291
验证损失: 0.3364
验证准确率: 0.9677 (10610/10964) - 与Levenshtein高度相关
验证F1(加权): 0.9671 - 类别平衡更好
学习率: 0.000083
显存使用: 0.48GB (预留: 0.69GB)

生成的训练样本:
--------------------------------------------------------------------------------
输入:       MK> WM> DCDRTKWN KLKWN PWQW LKWN MK>
目标:     0 0 0 0 0 1 0 0 0 1 0 0 3 67 0 0 0 0 0 5 0 0 0 34 8 0 3 0 0 1 0 0 0 0 0 0 0
预测:     0 0 0 0 0 1 0 0 0 1 0 0 3 67 0 0 0 0 0 5 0 0 0 34 8 0 3 0 0 1 0 0 0 0 0 0 0
准确率:    1.0000 (37/37)
----------------------------------------
输入:       D<BRJN >NTWN JWRDNN LTMN LM>RTH WMLL MRJ>
目标:     0 1 0 0 7 0 0 0 0 0 0 0 0 0 0 0 0 0 0 2 0 1 0 0 0 0 1 73 0 0 74 12 0 1 0 0 16 0 0 0 0 2
预测:     0 1 0 0 7 0 0 0 0 0 0 0 0 0 0 0 0 0 0 2 0 1 0 0 0 0 1 73 0 0 74 12 0 1 0 0 16 0 0 0 0 2
准确率:    1.0000 (42/42)
----------------------------------------
输入:       BM<RT> HW WTRTJN BNTH W>MRT QCJCT> LZ<WRT>
目标:     0 1 0 0 13 9 0 0 0 0 0 1 0 2 0 0 0 0 0 22 32 0 0 1 0 0 3 26 0 0 0 0 2 9 0 0 1 0 0 0 2 9 0
预测:     0 1 0 0 13 9 0 0 0 0 0 1 0 2 0 0 0 0 0 22 32 0 0 1 0 0 3 26 0 0 0 0 2 9 0 0 1 0 0 0 2 9 0
准确率:    1.0000 (43/43)
----------------------------------------

生成的验证样本:
--------------------------------------------------------------------------------
输入:       KLH NPCHWN B>R<> DB<LDBBJHWN DCBW >NWN WNYLWN
目标:     0 0 5 12 0 0 0 5 0 0 0 0 1 0 0 4 0 0 1 0 0 0 0 0 2 1 0 0 0 0 1 0 18 0 0 0 0 0 0 0 1 6 0 18 0 19
预测:     0 0 5 12 0 0 0 5 0 0 0 0 1 0 0 4 0 0 1 0 0 0 0 0 2 1 0 0 0 0 1 0 18 0 0 0 0 0 0 0 1 6 0 18 0 19
准确率:    1.0000 (46/46)
----------------------------------------
输入:       NPCHWN B>R<> DB<LDBBJHWN DCBW >NWN WNYLWN QDMJK
目标:     0 0 0 5 0 0 0 0 1 0 0 4 0 0 1 0 0 0 0 0 2 1 0 0 0 0 1 0 18 0 0 0 0 0 0 0 1 6 0 18 0 19 0 0 0 2 1 0
预测:     0 0 0 5 0 0 0 0 1 0 0 4 0 0 1 0 0 0 0 0 2 1 0 0 0 0 1 0 18 0 0 0 0 0 0 0 1 6 0 18 0 19 0 0 0 2 1 0
准确率:    1.0000 (48/48)
----------------------------------------
⏳ 验证无提升 (验证准确率: 0.9677 ≤ 0.9683)，patience: 11/50

======================================================================
🚀 Epoch 56/200
======================================================================
📚 开始训练阶段...
训练进度: 500/6065 损失=0.0278
训练进度: 1000/6065 损失=0.0324
训练进度: 1500/6065 损失=0.0601
训练进度: 2000/6065 损失=0.0405
训练进度: 2500/6065 损失=0.0268
训练进度: 3000/6065 损失=0.0280
训练进度: 3500/6065 损失=0.0317
训练进度: 4000/6065 损失=0.0132
训练进度: 4500/6065 损失=0.0396
训练进度: 5000/6065 损失=0.0505
训练进度: 5500/6065 损失=0.0413
训练进度: 6000/6065 损失=0.0219
训练进度: 6065/6065 损失=0.0579
✅ 训练完成，耗时: 109.9秒 (1.8分钟)

============================================================
📊 验证决策: Epoch 56/200
   验证间隔: 1
   是否验证: ✅ 是
   原因: 达到验证间隔 (0 == 0)
============================================================

🔍 开始验证...
验证进度: 500/686 损失=0.0638
验证进度: 686/686 损失=1.3848

📊 预测分布分析:
  - 预测的前5个类别: {np.int64(0): 282566, np.int64(1): 37070, np.int64(2): 14621, np.int64(3): 10687, np.int64(4): 8687}
  - 标签的前5个类别: {np.int64(0): 281232, np.int64(1): 36731, np.int64(2): 14789, np.int64(3): 10866, np.int64(4): 8585}
✅ 验证完成，耗时: 4.8秒 (0.1分钟)
训练损失: 0.0286
验证损失: 0.3412
验证准确率: 0.9677 (10609/10964) - 与Levenshtein高度相关
验证F1(加权): 0.9672 - 类别平衡更好
学习率: 0.000082
显存使用: 0.48GB (预留: 0.69GB)

生成的训练样本:
--------------------------------------------------------------------------------
输入:       WLK JWMN> MVL HN> QR> CMH GL<D
目标:     0 1 1 0 0 0 0 0 4 0 0 0 0 0 0 0 0 0 0 0 10 3 0 0 5 0 0 0 0 0 2
预测:     0 1 1 0 0 0 0 0 4 0 0 0 0 0 0 0 0 0 0 0 10 3 0 0 5 0 0 0 0 0 2
准确率:    1.0000 (31/31)
----------------------------------------
输入:       KL DGDC LHWN W>MRW LH MLL GBR>
目标:     0 0 2 0 1 0 0 3 0 1 0 0 0 0 1 0 0 3 0 0 1 0 0 0 0 16 0 0 0 4 0
预测:     0 0 2 0 1 0 0 3 0 1 0 0 0 0 1 0 0 3 0 0 1 0 0 0 0 16 0 0 0 4 0
准确率:    1.0000 (31/31)
----------------------------------------
输入:       TTL LJ WLB> PXZ> >RXQ MNJ MDM
目标:     0 34 0 3 0 1 0 0 1 0 4 0 0 0 0 15 0 6 17 0 0 3 0 0 1 0 0 0 0 2
预测:     0 34 0 3 0 1 0 0 1 0 4 0 0 0 0 15 0 6 17 0 0 3 0 0 1 0 0 0 0 2
准确率:    1.0000 (30/30)
----------------------------------------

生成的验证样本:
--------------------------------------------------------------------------------
输入:       KLH NPCHWN B>R<> DB<LDBBJHWN DCBW >NWN WNYLWN
目标:     0 0 5 12 0 0 0 5 0 0 0 0 1 0 0 4 0 0 1 0 0 0 0 0 2 1 0 0 0 0 1 0 18 0 0 0 0 0 0 0 1 6 0 18 0 19
预测:     0 0 5 12 0 0 0 5 0 0 0 0 1 0 0 4 0 0 1 0 0 0 0 0 2 1 0 0 0 0 1 0 18 0 0 0 0 0 0 0 1 6 0 18 0 19
准确率:    1.0000 (46/46)
----------------------------------------
输入:       NPCHWN B>R<> DB<LDBBJHWN DCBW >NWN WNYLWN QDMJK
目标:     0 0 0 5 0 0 0 0 1 0 0 4 0 0 1 0 0 0 0 0 2 1 0 0 0 0 1 0 18 0 0 0 0 0 0 0 1 6 0 18 0 19 0 0 0 2 1 0
预测:     0 0 0 5 0 0 0 0 1 0 0 4 0 0 1 0 0 0 0 0 2 1 0 0 0 0 1 0 18 0 0 0 0 0 0 0 1 6 0 18 0 19 0 0 0 2 1 0
准确率:    1.0000 (48/48)
----------------------------------------
⏳ 验证无提升 (验证准确率: 0.9677 ≤ 0.9683)，patience: 12/50

======================================================================
🚀 Epoch 57/200
======================================================================
📚 开始训练阶段...
训练进度: 500/6065 损失=0.0444
训练进度: 1000/6065 损失=0.0344
训练进度: 1500/6065 损失=0.0433
训练进度: 2000/6065 损失=0.0353
训练进度: 2500/6065 损失=0.0132
训练进度: 3000/6065 损失=0.0334
训练进度: 3500/6065 损失=0.0137
训练进度: 4000/6065 损失=0.0385
训练进度: 4500/6065 损失=0.0468
训练进度: 5000/6065 损失=0.0346
训练进度: 5500/6065 损失=0.0147
训练进度: 6000/6065 损失=0.0159
训练进度: 6065/6065 损失=0.0142
✅ 训练完成，耗时: 110.1秒 (1.8分钟)

============================================================
📊 验证决策: Epoch 57/200
   验证间隔: 1
   是否验证: ✅ 是
   原因: 达到验证间隔 (0 == 0)
============================================================

🔍 开始验证...
验证进度: 500/686 损失=0.2465
验证进度: 686/686 损失=1.4547

📊 预测分布分析:
  - 预测的前5个类别: {np.int64(0): 282586, np.int64(1): 36928, np.int64(2): 14786, np.int64(3): 10563, np.int64(4): 8851}
  - 标签的前5个类别: {np.int64(0): 281232, np.int64(1): 36731, np.int64(2): 14789, np.int64(3): 10866, np.int64(4): 8585}
✅ 验证完成，耗时: 4.8秒 (0.1分钟)
训练损失: 0.0278
验证损失: 0.3383
验证准确率: 0.9685 (10618/10964) - 与Levenshtein高度相关
验证F1(加权): 0.9679 - 类别平衡更好
学习率: 0.000082
显存使用: 0.48GB (预留: 0.69GB)

生成的训练样本:
--------------------------------------------------------------------------------
输入:       WDLJX >TJ> LWVT> DGWNJ> >L> KBR >NC
目标:     0 1 0 8 0 40 0 0 0 7 0 0 0 0 13 9 0 0 1 0 0 0 4 0 0 0 0 0 0 0 0 0 0 0 0 2
预测:     0 1 0 8 0 40 0 0 0 7 0 0 0 0 13 9 0 0 1 0 0 0 4 0 0 0 0 0 0 0 0 0 0 0 0 2
准确率:    1.0000 (36/36)
----------------------------------------
输入:       WTWRJK NSGWN WS>M> WDHB> NSG> LK WKL
目标:     0 1 0 0 2 1 0 0 6 0 18 0 0 0 1 0 0 4 0 0 1 0 0 4 0 0 6 0 10 3 0 1 0 0 1 0 2
预测:     0 1 0 0 2 1 0 0 6 0 18 0 0 0 1 0 0 4 0 0 1 0 0 4 0 0 6 0 10 3 0 1 0 0 1 0 2
准确率:    1.0000 (37/37)
----------------------------------------
输入:       MN QDM >JSRJL W<RQW >NC LMCKNH WL>MWYJ>
目标:     0 0 0 0 0 0 2 0 0 0 0 0 0 2 0 1 0 0 3 0 0 0 0 2 0 1 0 0 0 5 0 0 1 1 0 0 0 0 0 2
预测:     0 0 0 0 0 0 2 0 0 0 0 0 0 2 0 1 0 0 3 0 0 0 0 2 0 1 0 0 0 5 0 0 1 1 0 0 0 0 0 2
准确率:    1.0000 (40/40)
----------------------------------------

生成的验证样本:
--------------------------------------------------------------------------------
输入:       KLH NPCHWN B>R<> DB<LDBBJHWN DCBW >NWN WNYLWN
目标:     0 0 5 12 0 0 0 5 0 0 0 0 1 0 0 4 0 0 1 0 0 0 0 0 2 1 0 0 0 0 1 0 18 0 0 0 0 0 0 0 1 6 0 18 0 19
预测:     0 0 5 12 0 0 0 5 0 0 0 0 1 0 0 4 0 0 1 0 0 0 0 0 2 1 0 0 0 0 1 0 18 0 0 0 0 0 0 0 1 6 0 18 0 19
准确率:    1.0000 (46/46)
----------------------------------------
输入:       NPCHWN B>R<> DB<LDBBJHWN DCBW >NWN WNYLWN QDMJK
目标:     0 0 0 5 0 0 0 0 1 0 0 4 0 0 1 0 0 0 0 0 2 1 0 0 0 0 1 0 18 0 0 0 0 0 0 0 1 6 0 18 0 19 0 0 0 2 1 0
预测:     0 0 0 5 0 0 0 0 1 0 0 4 0 0 1 0 0 0 0 0 2 1 0 0 0 0 1 0 18 0 0 0 0 0 0 0 1 6 0 18 0 19 0 0 0 2 1 0
准确率:    1.0000 (48/48)
----------------------------------------
💾 保存新的最佳模型！验证准确率: 0.9685 (F1: 0.9679) (Epoch 57)

======================================================================
🚀 Epoch 58/200
======================================================================
📚 开始训练阶段...
训练进度: 500/6065 损失=0.0356
训练进度: 1000/6065 损失=0.0067
训练进度: 1500/6065 损失=0.0554
训练进度: 2000/6065 损失=0.0206
训练进度: 2500/6065 损失=0.0133
训练进度: 3000/6065 损失=0.0351
训练进度: 3500/6065 损失=0.0107
训练进度: 4000/6065 损失=0.0148
训练进度: 4500/6065 损失=0.0643
训练进度: 5000/6065 损失=0.0332
训练进度: 5500/6065 损失=0.0254
训练进度: 6000/6065 损失=0.0174
训练进度: 6065/6065 损失=0.0164
✅ 训练完成，耗时: 109.9秒 (1.8分钟)

============================================================
📊 验证决策: Epoch 58/200
   验证间隔: 1
   是否验证: ✅ 是
   原因: 达到验证间隔 (0 == 0)
============================================================

🔍 开始验证...
验证进度: 500/686 损失=0.0598
验证进度: 686/686 损失=1.3995

📊 预测分布分析:
  - 预测的前5个类别: {np.int64(0): 282261, np.int64(1): 37065, np.int64(2): 14755, np.int64(3): 10550, np.int64(4): 8669}
  - 标签的前5个类别: {np.int64(0): 281232, np.int64(1): 36731, np.int64(2): 14789, np.int64(3): 10866, np.int64(4): 8585}
✅ 验证完成，耗时: 4.8秒 (0.1分钟)
训练损失: 0.0278
验证损失: 0.3458
验证准确率: 0.9679 (10612/10964) - 与Levenshtein高度相关
验证F1(加权): 0.9674 - 类别平衡更好
学习率: 0.000081
显存使用: 0.48GB (预留: 0.69GB)

生成的训练样本:
--------------------------------------------------------------------------------
输入:       WLSWSJT> MJTJN L>TR> DHW> TMN >NC >JK
目标:     0 1 1 0 0 57 2 23 0 0 68 0 42 0 0 0 1 0 0 4 0 0 1 0 10 3 0 0 0 0 0 0 0 2 0 0 0 0
预测:     0 1 1 0 0 57 2 23 0 0 68 0 42 0 0 0 1 0 0 4 0 0 1 0 10 3 0 0 0 0 0 0 0 2 0 0 0 0
准确率:    1.0000 (38/38)
----------------------------------------
输入:       W>JTJ CLJMWN QWDC> DDWJD >BWHJ KSP> WDHB>
目标:     0 1 59 0 0 3 0 0 0 0 0 0 2 0 0 0 0 11 0 0 1 0 0 0 2 0 0 8 5 0 0 0 0 0 4 0 0 1 0 0 4 0
预测:     0 1 59 0 0 3 0 0 0 0 0 0 2 0 0 0 0 11 0 0 1 0 0 0 2 0 0 8 5 0 0 0 0 0 4 0 0 1 0 0 4 0
准确率:    1.0000 (42/42)
----------------------------------------
输入:       WCDR >JZGD> LWT S>W MLK> DMYRJN WL>
目标:     0 1 0 0 16 0 0 0 0 0 11 0 0 0 0 0 0 0 0 2 0 0 0 4 0 0 1 0 0 0 0 2 0 1 0 0
预测:     0 1 0 0 16 0 0 0 0 0 11 0 0 0 0 0 0 0 0 2 0 0 0 4 0 0 1 0 0 0 0 2 0 1 0 0
准确率:    1.0000 (36/36)
----------------------------------------

生成的验证样本:
--------------------------------------------------------------------------------
输入:       KLH NPCHWN B>R<> DB<LDBBJHWN DCBW >NWN WNYLWN
目标:     0 0 5 12 0 0 0 5 0 0 0 0 1 0 0 4 0 0 1 0 0 0 0 0 2 1 0 0 0 0 1 0 18 0 0 0 0 0 0 0 1 6 0 18 0 19
预测:     0 0 5 12 0 0 0 5 0 0 0 0 1 0 0 4 0 0 1 0 0 0 0 0 2 1 0 0 0 0 1 0 18 0 0 0 0 0 0 0 1 6 0 18 0 19
准确率:    1.0000 (46/46)
----------------------------------------
输入:       NPCHWN B>R<> DB<LDBBJHWN DCBW >NWN WNYLWN QDMJK
目标:     0 0 0 5 0 0 0 0 1 0 0 4 0 0 1 0 0 0 0 0 2 1 0 0 0 0 1 0 18 0 0 0 0 0 0 0 1 6 0 18 0 19 0 0 0 2 1 0
预测:     0 0 0 5 0 0 0 0 1 0 0 4 0 0 1 0 0 0 0 0 2 1 0 0 0 0 1 0 18 0 0 0 0 0 0 0 1 6 0 18 0 19 0 0 0 2 1 0
准确率:    1.0000 (48/48)
----------------------------------------
⏳ 验证无提升 (验证准确率: 0.9679 ≤ 0.9685)，patience: 1/50

======================================================================
🚀 Epoch 59/200
======================================================================
📚 开始训练阶段...
训练进度: 500/6065 损失=0.0158
训练进度: 1000/6065 损失=0.0339
训练进度: 1500/6065 损失=0.0159
训练进度: 2000/6065 损失=0.0223
训练进度: 2500/6065 损失=0.0165
训练进度: 3000/6065 损失=0.0444
训练进度: 3500/6065 损失=0.0445
训练进度: 4000/6065 损失=0.0116
训练进度: 4500/6065 损失=0.0703
训练进度: 5000/6065 损失=0.0273
训练进度: 5500/6065 损失=0.0224
训练进度: 6000/6065 损失=0.0191
训练进度: 6065/6065 损失=0.0227
✅ 训练完成，耗时: 109.7秒 (1.8分钟)

============================================================
📊 验证决策: Epoch 59/200
   验证间隔: 1
   是否验证: ✅ 是
   原因: 达到验证间隔 (0 == 0)
============================================================

🔍 开始验证...
验证进度: 500/686 损失=0.0269
验证进度: 686/686 损失=1.3239

📊 预测分布分析:
  - 预测的前5个类别: {np.int64(0): 282472, np.int64(1): 37036, np.int64(2): 14697, np.int64(3): 10840, np.int64(4): 8929}
  - 标签的前5个类别: {np.int64(0): 281232, np.int64(1): 36731, np.int64(2): 14789, np.int64(3): 10866, np.int64(4): 8585}
✅ 验证完成，耗时: 4.8秒 (0.1分钟)
训练损失: 0.0270
验证损失: 0.3501
验证准确率: 0.9682 (10615/10964) - 与Levenshtein高度相关
验证F1(加权): 0.9676 - 类别平衡更好
学习率: 0.000080
显存使用: 0.48GB (预留: 0.69GB)

生成的训练样本:
--------------------------------------------------------------------------------
输入:       RB> HJ MRDWTH RB> HJ MNH VJBWTH
目标:     0 0 4 0 0 0 12 0 0 0 0 2 1 0 0 0 4 0 0 0 12 0 0 1 12 0 0 0 0 2 1 0
预测:     0 0 4 0 0 0 12 0 0 0 0 2 1 0 0 0 4 0 0 0 12 0 0 1 12 0 0 0 0 2 1 0
准确率:    1.0000 (32/32)
----------------------------------------
输入:       >P HNWN <LWT> WQJMT> WDXLT> <L KL
目标:     0 0 0 0 0 0 0 0 0 0 57 2 23 0 0 1 0 0 13 23 0 0 1 0 0 13 23 0 0 0 0 0 0 2
预测:     0 0 0 0 0 0 0 0 0 0 57 2 23 0 0 1 0 0 13 23 0 0 1 0 0 13 23 0 0 0 0 0 0 2
准确率:    1.0000 (34/34)
----------------------------------------
输入:       KWMR> QRB QWRBN> WHW> KWMR> L<LT> WHW>
目标:     0 0 0 0 4 0 0 0 0 16 0 0 0 0 0 4 0 0 1 0 10 3 0 0 0 0 4 0 0 1 0 70 9 0 0 1 0 10 3
预测:     0 0 0 0 4 0 0 0 0 16 0 0 0 0 0 4 0 0 1 0 10 3 0 0 0 0 4 0 0 1 0 70 9 0 0 1 0 10 3
准确率:    1.0000 (39/39)
----------------------------------------

生成的验证样本:
--------------------------------------------------------------------------------
输入:       KLH NPCHWN B>R<> DB<LDBBJHWN DCBW >NWN WNYLWN
目标:     0 0 5 12 0 0 0 5 0 0 0 0 1 0 0 4 0 0 1 0 0 0 0 0 2 1 0 0 0 0 1 0 18 0 0 0 0 0 0 0 1 6 0 18 0 19
预测:     0 0 5 12 0 0 0 5 0 0 0 0 1 0 0 4 0 0 1 0 0 0 0 0 2 1 0 0 0 0 1 0 18 0 0 0 0 0 0 0 1 6 0 18 0 19
准确率:    1.0000 (46/46)
----------------------------------------
输入:       NPCHWN B>R<> DB<LDBBJHWN DCBW >NWN WNYLWN QDMJK
目标:     0 0 0 5 0 0 0 0 1 0 0 4 0 0 1 0 0 0 0 0 2 1 0 0 0 0 1 0 18 0 0 0 0 0 0 0 1 6 0 18 0 19 0 0 0 2 1 0
预测:     0 0 0 5 0 0 0 0 1 0 0 4 0 0 1 0 0 0 0 0 2 1 0 0 0 0 1 0 18 0 0 0 0 0 0 0 1 6 0 18 0 19 0 0 0 2 1 0
准确率:    1.0000 (48/48)
----------------------------------------
⏳ 验证无提升 (验证准确率: 0.9682 ≤ 0.9685)，patience: 2/50

======================================================================
🚀 Epoch 60/200
======================================================================
📚 开始训练阶段...
训练进度: 500/6065 损失=0.0410
训练进度: 1000/6065 损失=0.0295
训练进度: 1500/6065 损失=0.0197
训练进度: 2000/6065 损失=0.0134
训练进度: 2500/6065 损失=0.0102
训练进度: 3000/6065 损失=0.0687
训练进度: 3500/6065 损失=0.0419
训练进度: 4000/6065 损失=0.0445
训练进度: 4500/6065 损失=0.0090
训练进度: 5000/6065 损失=0.0221
训练进度: 5500/6065 损失=0.0204
训练进度: 6000/6065 损失=0.0205
训练进度: 6065/6065 损失=0.0167
✅ 训练完成，耗时: 109.3秒 (1.8分钟)

============================================================
📊 验证决策: Epoch 60/200
   验证间隔: 1
   是否验证: ✅ 是
   原因: 达到验证间隔 (0 == 0)
============================================================

🔍 开始验证...
验证进度: 500/686 损失=0.0822
验证进度: 686/686 损失=1.4717

📊 预测分布分析:
  - 预测的前5个类别: {np.int64(0): 282514, np.int64(1): 37078, np.int64(2): 14752, np.int64(3): 10772, np.int64(4): 8846}
  - 标签的前5个类别: {np.int64(0): 281232, np.int64(1): 36731, np.int64(2): 14789, np.int64(3): 10866, np.int64(4): 8585}
✅ 验证完成，耗时: 4.8秒 (0.1分钟)
训练损失: 0.0263
验证损失: 0.3485
验证准确率: 0.9681 (10614/10964) - 与Levenshtein高度相关
验证F1(加权): 0.9675 - 类别平衡更好
学习率: 0.000080
显存使用: 0.48GB (预留: 0.69GB)

生成的训练样本:
--------------------------------------------------------------------------------
输入:       SGJ>> QJMJN <LJ SGJ>> >MRJN LNPC> DJLJ
目标:     0 0 0 0 11 0 0 20 0 7 0 0 0 0 1 0 0 0 0 0 11 0 0 0 0 7 0 0 0 1 0 0 4 0 0 0 0 1 0
预测:     0 0 0 0 11 0 0 20 0 7 0 0 0 0 1 0 0 0 0 0 11 0 0 0 0 7 0 0 0 1 0 0 4 0 0 0 0 1 0
准确率:    1.0000 (39/39)
----------------------------------------
输入:       L<LM QRNH WJHB LH KWRSJ> DMLKWT> <L
目标:     0 1 0 0 2 0 0 0 5 0 0 1 0 0 3 0 1 0 0 0 0 0 0 4 0 0 1 0 0 0 2 9 0 0 0 0
预测:     0 1 0 0 2 0 0 0 5 0 0 1 0 0 3 0 1 0 0 0 0 0 0 4 0 0 1 0 0 0 2 9 0 0 0 0
准确率:    1.0000 (36/36)
----------------------------------------
输入:       WKL PRXT> DGP> LGNSH WXZ> >LH> DCPJR
目标:     0 1 0 2 0 0 0 13 9 0 0 1 0 4 0 0 1 0 0 5 12 0 1 0 10 3 0 0 0 4 0 0 1 0 0 0 2
预测:     0 1 0 2 0 0 0 13 9 0 0 1 0 4 0 0 1 0 0 5 12 0 1 0 10 3 0 0 0 4 0 0 1 0 0 0 2
准确率:    1.0000 (37/37)
----------------------------------------

生成的验证样本:
--------------------------------------------------------------------------------
输入:       KLH NPCHWN B>R<> DB<LDBBJHWN DCBW >NWN WNYLWN
目标:     0 0 5 12 0 0 0 5 0 0 0 0 1 0 0 4 0 0 1 0 0 0 0 0 2 1 0 0 0 0 1 0 18 0 0 0 0 0 0 0 1 6 0 18 0 19
预测:     0 0 5 12 0 0 0 5 0 0 0 0 1 0 0 4 0 0 1 0 0 0 0 0 2 1 0 0 0 0 1 0 18 0 0 0 0 0 0 0 1 6 0 18 0 19
准确率:    1.0000 (46/46)
----------------------------------------
输入:       NPCHWN B>R<> DB<LDBBJHWN DCBW >NWN WNYLWN QDMJK
目标:     0 0 0 5 0 0 0 0 1 0 0 4 0 0 1 0 0 0 0 0 2 1 0 0 0 0 1 0 18 0 0 0 0 0 0 0 1 6 0 18 0 19 0 0 0 2 1 0
预测:     0 0 0 5 0 0 0 0 1 0 0 4 0 0 1 0 0 0 0 0 2 1 0 0 0 0 1 0 18 0 0 0 0 0 0 0 1 6 0 18 0 19 0 0 0 2 1 0
准确率:    1.0000 (48/48)
----------------------------------------
⏳ 验证无提升 (验证准确率: 0.9681 ≤ 0.9685)，patience: 3/50

======================================================================
🚀 Epoch 61/200
======================================================================
📚 开始训练阶段...
训练进度: 500/6065 损失=0.0225
训练进度: 1000/6065 损失=0.0295
训练进度: 1500/6065 损失=0.0107
训练进度: 2000/6065 损失=0.0323
训练进度: 2500/6065 损失=0.0321
训练进度: 3000/6065 损失=0.0146
训练进度: 3500/6065 损失=0.0315
训练进度: 4000/6065 损失=0.0429
训练进度: 4500/6065 损失=0.0337
训练进度: 5000/6065 损失=0.0102
训练进度: 5500/6065 损失=0.0285
训练进度: 6000/6065 损失=0.0269
训练进度: 6065/6065 损失=0.0087
✅ 训练完成，耗时: 109.5秒 (1.8分钟)

============================================================
📊 验证决策: Epoch 61/200
   验证间隔: 1
   是否验证: ✅ 是
   原因: 达到验证间隔 (0 == 0)
============================================================

🔍 开始验证...
验证进度: 500/686 损失=0.1168
验证进度: 686/686 损失=1.3772

📊 预测分布分析:
  - 预测的前5个类别: {np.int64(0): 282448, np.int64(1): 36995, np.int64(2): 14781, np.int64(3): 10559, np.int64(4): 8757}
  - 标签的前5个类别: {np.int64(0): 281232, np.int64(1): 36731, np.int64(2): 14789, np.int64(3): 10866, np.int64(4): 8585}
✅ 验证完成，耗时: 4.8秒 (0.1分钟)
训练损失: 0.0264
验证损失: 0.3468
验证准确率: 0.9686 (10619/10964) - 与Levenshtein高度相关
验证F1(加权): 0.9680 - 类别平衡更好
学习率: 0.000079
显存使用: 0.48GB (预留: 0.69GB)

生成的训练样本:
--------------------------------------------------------------------------------
输入:       LSWG>> D<MM> JHBTK W>PRJK W>SGJK VB VB
目标:     0 1 0 0 0 4 0 0 1 0 8 30 0 0 0 0 3 1 0 0 1 28 0 0 29 0 0 1 28 0 0 29 0 0 0 2 0 0 2
预测:     0 1 0 0 0 4 0 0 1 0 8 30 0 0 0 0 3 1 0 0 1 28 0 0 29 0 0 1 28 0 0 29 0 0 0 2 0 0 2
准确率:    1.0000 (39/39)
----------------------------------------
输入:       JRTWT> DJLJ TQJPT> LJ >JTJH >BRK LMRJ>
目标:     0 0 0 0 2 9 0 0 0 0 1 0 0 0 8 0 7 9 27 0 1 0 0 0 0 0 5 12 0 6 0 0 16 0 1 0 0 0 2
预测:     0 0 0 0 2 9 0 0 0 0 1 0 0 0 8 0 7 9 27 0 1 0 0 0 0 0 5 12 0 6 0 0 16 0 1 0 0 0 2
准确率:    1.0000 (39/39)
----------------------------------------
输入:       DT>LPWN >NWN WTVRWN >NWN WT<BDWN >NWN MRJ>
目标:     0 1 73 0 0 3 0 0 0 0 0 0 0 0 1 34 0 3 0 0 0 0 0 0 0 0 1 6 0 0 3 0 0 0 0 0 0 0 0 0 0 0 2
预测:     0 1 73 0 0 3 0 0 0 0 0 0 0 0 1 34 0 3 0 0 0 0 0 0 0 0 1 6 0 0 3 0 0 0 0 0 0 0 0 0 0 0 2
准确率:    1.0000 (43/43)
----------------------------------------

生成的验证样本:
--------------------------------------------------------------------------------
输入:       KLH NPCHWN B>R<> DB<LDBBJHWN DCBW >NWN WNYLWN
目标:     0 0 5 12 0 0 0 5 0 0 0 0 1 0 0 4 0 0 1 0 0 0 0 0 2 1 0 0 0 0 1 0 18 0 0 0 0 0 0 0 1 6 0 18 0 19
预测:     0 0 5 12 0 0 0 5 0 0 0 0 1 0 0 4 0 0 1 0 0 0 0 0 2 1 0 0 0 0 1 0 18 0 0 0 0 0 0 0 1 6 0 18 0 19
准确率:    1.0000 (46/46)
----------------------------------------
输入:       NPCHWN B>R<> DB<LDBBJHWN DCBW >NWN WNYLWN QDMJK
目标:     0 0 0 5 0 0 0 0 1 0 0 4 0 0 1 0 0 0 0 0 2 1 0 0 0 0 1 0 18 0 0 0 0 0 0 0 1 6 0 18 0 19 0 0 0 2 1 0
预测:     0 0 0 5 0 0 0 0 1 0 0 4 0 0 1 0 0 0 0 0 2 1 0 0 0 0 1 0 18 0 0 0 0 0 0 0 1 6 0 18 0 19 0 0 0 2 1 0
准确率:    1.0000 (48/48)
----------------------------------------
💾 保存新的最佳模型！验证准确率: 0.9686 (F1: 0.9680) (Epoch 61)

======================================================================
🚀 Epoch 62/200
======================================================================
📚 开始训练阶段...
训练进度: 500/6065 损失=0.0180
训练进度: 1000/6065 损失=0.0565
训练进度: 1500/6065 损失=0.0175
训练进度: 2000/6065 损失=0.0155
训练进度: 2500/6065 损失=0.0125
训练进度: 3000/6065 损失=0.0155
训练进度: 3500/6065 损失=0.0788
训练进度: 4000/6065 损失=0.0559
训练进度: 4500/6065 损失=0.0199
训练进度: 5000/6065 损失=0.0394
训练进度: 5500/6065 损失=0.0208
训练进度: 6000/6065 损失=0.0145
训练进度: 6065/6065 损失=0.0138
✅ 训练完成，耗时: 110.1秒 (1.8分钟)

============================================================
📊 验证决策: Epoch 62/200
   验证间隔: 1
   是否验证: ✅ 是
   原因: 达到验证间隔 (0 == 0)
============================================================

🔍 开始验证...
验证进度: 500/686 损失=0.2464
验证进度: 686/686 损失=1.3072

📊 预测分布分析:
  - 预测的前5个类别: {np.int64(0): 282147, np.int64(1): 37144, np.int64(2): 14787, np.int64(3): 10678, np.int64(4): 8906}
  - 标签的前5个类别: {np.int64(0): 281232, np.int64(1): 36731, np.int64(2): 14789, np.int64(3): 10866, np.int64(4): 8585}
✅ 验证完成，耗时: 4.7秒 (0.1分钟)
训练损失: 0.0257
验证损失: 0.3421
验证准确率: 0.9683 (10616/10964) - 与Levenshtein高度相关
验证F1(加权): 0.9677 - 类别平衡更好
学习率: 0.000078
显存使用: 0.48GB (预留: 0.69GB)

生成的训练样本:
--------------------------------------------------------------------------------
输入:       MWXDT> WTTL <L KTPTH DPDT> LWQBL >PJH
目标:     0 0 0 0 13 23 0 0 1 34 0 3 0 0 0 0 0 0 2 32 12 0 1 0 13 9 0 0 0 0 0 0 0 0 54 2 1 12
预测:     0 0 0 0 13 23 0 0 1 34 0 3 0 0 0 0 0 0 2 32 12 0 1 0 13 9 0 0 0 0 0 0 0 0 54 2 1 12
准确率:    1.0000 (38/38)
----------------------------------------
输入:       >BRHM XQL> LJWRTN> DQBR> MN <PRWN XTJ>
目标:     0 0 0 0 0 2 0 0 0 4 0 0 1 0 0 0 0 4 0 0 1 0 0 15 0 0 0 0 0 0 0 0 0 2 0 0 0 4 0
预测:     0 0 0 0 0 2 0 0 0 4 0 0 1 0 0 0 0 4 0 0 1 0 0 15 0 0 0 0 0 0 0 0 0 2 0 0 0 4 0
准确率:    1.0000 (39/39)
----------------------------------------
输入:       QR>WH BKNCJKWN BBVJLWT> WHWJTWN MTHGJN BH JTJR>JT
目标:     6 0 10 3 1 12 0 1 0 0 22 1 0 0 0 0 1 0 0 0 0 2 9 0 0 1 0 0 3 0 0 0 0 21 14 0 42 0 19 0 1 12 0 0 0 0 0 0 0 0
预测:     6 0 10 3 1 12 0 1 0 0 22 1 0 0 0 0 1 0 0 0 0 2 9 0 0 1 0 0 3 0 0 0 0 21 14 0 42 0 19 0 1 12 0 0 0 0 0 0 0 0
准确率:    1.0000 (50/50)
----------------------------------------

生成的验证样本:
--------------------------------------------------------------------------------
输入:       KLH NPCHWN B>R<> DB<LDBBJHWN DCBW >NWN WNYLWN
目标:     0 0 5 12 0 0 0 5 0 0 0 0 1 0 0 4 0 0 1 0 0 0 0 0 2 1 0 0 0 0 1 0 18 0 0 0 0 0 0 0 1 6 0 18 0 19
预测:     0 0 5 12 0 0 0 5 0 0 0 0 1 0 0 4 0 0 1 0 0 0 0 0 2 1 0 0 0 0 1 0 18 0 0 0 0 0 0 0 1 6 0 18 0 19
准确率:    1.0000 (46/46)
----------------------------------------
输入:       NPCHWN B>R<> DB<LDBBJHWN DCBW >NWN WNYLWN QDMJK
目标:     0 0 0 5 0 0 0 0 1 0 0 4 0 0 1 0 0 0 0 0 2 1 0 0 0 0 1 0 18 0 0 0 0 0 0 0 1 6 0 18 0 19 0 0 0 2 1 0
预测:     0 0 0 5 0 0 0 0 1 0 0 4 0 0 1 0 0 0 0 0 2 1 0 0 0 0 1 0 18 0 0 0 0 0 0 0 1 6 0 18 0 19 0 0 0 2 1 0
准确率:    1.0000 (48/48)
----------------------------------------
⏳ 验证无提升 (验证准确率: 0.9683 ≤ 0.9686)，patience: 1/50

======================================================================
🚀 Epoch 63/200
======================================================================
📚 开始训练阶段...
训练进度: 500/6065 损失=0.0278
训练进度: 1000/6065 损失=0.0202
训练进度: 1500/6065 损失=0.0527
训练进度: 2000/6065 损失=0.0266
训练进度: 2500/6065 损失=0.0249
训练进度: 3000/6065 损失=0.0321
训练进度: 3500/6065 损失=0.0194
训练进度: 4000/6065 损失=0.0236
训练进度: 4500/6065 损失=0.0455
训练进度: 5000/6065 损失=0.0460
训练进度: 5500/6065 损失=0.0084
训练进度: 6000/6065 损失=0.0377
训练进度: 6065/6065 损失=0.0166
✅ 训练完成，耗时: 109.3秒 (1.8分钟)

============================================================
📊 验证决策: Epoch 63/200
   验证间隔: 1
   是否验证: ✅ 是
   原因: 达到验证间隔 (0 == 0)
============================================================

🔍 开始验证...
验证进度: 500/686 损失=0.0667
验证进度: 686/686 损失=1.4689

📊 预测分布分析:
  - 预测的前5个类别: {np.int64(0): 282513, np.int64(1): 37050, np.int64(2): 14797, np.int64(3): 10789, np.int64(4): 8714}
  - 标签的前5个类别: {np.int64(0): 281232, np.int64(1): 36731, np.int64(2): 14789, np.int64(3): 10866, np.int64(4): 8585}
✅ 验证完成，耗时: 4.8秒 (0.1分钟)
训练损失: 0.0252
验证损失: 0.3610
验证准确率: 0.9680 (10613/10964) - 与Levenshtein高度相关
验证F1(加权): 0.9675 - 类别平衡更好
学习率: 0.000078
显存使用: 0.48GB (预留: 0.69GB)

生成的训练样本:
--------------------------------------------------------------------------------
输入:       LLJ> HW D>JTWHJ HW> BTR CT> CBW<JN
目标:     0 38 0 4 0 0 0 12 0 1 0 0 10 5 0 0 0 0 10 3 0 0 0 0 0 0 4 0 0 0 0 0 2 0 0
预测:     0 38 0 4 0 0 0 12 0 1 0 0 10 5 0 0 0 0 10 3 0 0 0 0 0 0 4 0 0 0 0 0 2 0 0
准确率:    1.0000 (35/35)
----------------------------------------
输入:       XZ> L<LM QWM MRJ> >LHJ W>RJM >JDK
目标:     0 0 10 7 0 1 0 0 2 6 0 0 3 0 0 0 0 2 0 0 0 5 0 0 36 17 20 0 3 8 0 0 5 0
预测:     0 0 10 7 0 1 0 0 2 6 0 0 3 0 0 0 0 2 0 0 0 5 0 0 36 17 20 0 3 8 0 0 5 0
准确率:    1.0000 (34/34)
----------------------------------------
输入:       DB<WTJ MRJ> <DWRJ WMSJ<NJ D<LWHJ >TTKL LBJ
目标:     0 1 0 0 2 1 0 0 0 0 0 2 0 0 0 0 5 0 0 1 0 0 0 0 5 0 0 1 0 8 1 0 0 0 0 14 0 0 3 0 0 5 0
预测:     0 1 0 0 2 1 0 0 0 0 0 2 0 0 0 0 5 0 0 1 0 0 0 0 5 0 0 1 0 8 1 0 0 0 0 14 0 0 3 0 0 5 0
准确率:    1.0000 (43/43)
----------------------------------------

生成的验证样本:
--------------------------------------------------------------------------------
输入:       KLH NPCHWN B>R<> DB<LDBBJHWN DCBW >NWN WNYLWN
目标:     0 0 5 12 0 0 0 5 0 0 0 0 1 0 0 4 0 0 1 0 0 0 0 0 2 1 0 0 0 0 1 0 18 0 0 0 0 0 0 0 1 6 0 18 0 19
预测:     0 0 5 12 0 0 0 5 0 0 0 0 1 0 0 4 0 0 1 0 0 0 0 0 2 1 0 0 0 0 1 0 18 0 0 0 0 0 0 0 1 6 0 18 0 19
准确率:    1.0000 (46/46)
----------------------------------------
输入:       NPCHWN B>R<> DB<LDBBJHWN DCBW >NWN WNYLWN QDMJK
目标:     0 0 0 5 0 0 0 0 1 0 0 4 0 0 1 0 0 0 0 0 2 1 0 0 0 0 1 0 18 0 0 0 0 0 0 0 1 6 0 18 0 19 0 0 0 2 1 0
预测:     0 0 0 5 0 0 0 0 1 0 0 4 0 0 1 0 0 0 0 0 2 1 0 0 0 0 1 0 18 0 0 0 0 0 0 0 1 6 0 18 0 19 0 0 0 2 1 0
准确率:    1.0000 (48/48)
----------------------------------------
⏳ 验证无提升 (验证准确率: 0.9680 ≤ 0.9686)，patience: 2/50

======================================================================
🚀 Epoch 64/200
======================================================================
📚 开始训练阶段...
训练进度: 500/6065 损失=0.0131
训练进度: 1000/6065 损失=0.0204
训练进度: 1500/6065 损失=0.0210
训练进度: 2000/6065 损失=0.0329
训练进度: 2500/6065 损失=0.0268
训练进度: 3000/6065 损失=0.0270
训练进度: 3500/6065 损失=0.0109
训练进度: 4000/6065 损失=0.0178
训练进度: 4500/6065 损失=0.0141
训练进度: 5000/6065 损失=0.0334
训练进度: 5500/6065 损失=0.0041
训练进度: 6000/6065 损失=0.0358
训练进度: 6065/6065 损失=0.0146
✅ 训练完成，耗时: 109.5秒 (1.8分钟)

============================================================
📊 验证决策: Epoch 64/200
   验证间隔: 1
   是否验证: ✅ 是
   原因: 达到验证间隔 (0 == 0)
============================================================

🔍 开始验证...
验证进度: 500/686 损失=0.0528
验证进度: 686/686 损失=1.3849

📊 预测分布分析:
  - 预测的前5个类别: {np.int64(0): 282421, np.int64(1): 36993, np.int64(2): 14774, np.int64(3): 10737, np.int64(4): 8608}
  - 标签的前5个类别: {np.int64(0): 281232, np.int64(1): 36731, np.int64(2): 14789, np.int64(3): 10866, np.int64(4): 8585}
✅ 验证完成，耗时: 4.8秒 (0.1分钟)
训练损失: 0.0246
验证损失: 0.3542
验证准确率: 0.9685 (10618/10964) - 与Levenshtein高度相关
验证F1(加权): 0.9680 - 类别平衡更好
学习率: 0.000077
显存使用: 0.48GB (预留: 0.69GB)

生成的训练样本:
--------------------------------------------------------------------------------
输入:       WNPQ LWT >BWHJ LWT XYWD> W>MR L>BWHJ
目标:     0 1 0 0 3 0 0 0 0 0 0 8 5 0 0 0 0 0 0 0 0 0 0 11 0 0 1 0 0 3 0 1 0 8 5 0 0
预测:     0 1 0 0 3 0 0 0 0 0 0 8 5 0 0 0 0 0 0 0 0 0 0 11 0 0 1 0 0 3 0 1 0 8 5 0 0
准确率:    1.0000 (37/37)
----------------------------------------
输入:       >JT DMTPLV MN XVH> MVL YRJKWTH MNW
目标:     0 0 0 24 0 1 21 14 0 0 7 0 0 0 0 0 0 11 0 0 0 0 0 0 0 0 0 0 2 1 0 0 0 71 0
预测:     0 0 0 24 0 1 21 14 0 0 7 0 0 0 0 0 0 11 0 0 0 0 0 0 0 0 0 0 2 1 0 0 0 71 0
准确率:    1.0000 (35/35)
----------------------------------------
输入:       LMWC> BMDJN HPWK ZL LMYRJN MVL DMJTW
目标:     0 1 0 0 0 2 0 1 0 0 0 2 6 0 8 0 3 21 0 3 0 1 0 0 0 0 2 0 0 0 0 0 1 20 0 3 0
预测:     0 1 0 0 0 2 0 1 0 0 0 2 6 0 8 0 3 21 0 3 0 1 0 0 0 0 2 0 0 0 0 0 1 20 0 3 0
准确率:    1.0000 (37/37)
----------------------------------------

生成的验证样本:
--------------------------------------------------------------------------------
输入:       KLH NPCHWN B>R<> DB<LDBBJHWN DCBW >NWN WNYLWN
目标:     0 0 5 12 0 0 0 5 0 0 0 0 1 0 0 4 0 0 1 0 0 0 0 0 2 1 0 0 0 0 1 0 18 0 0 0 0 0 0 0 1 6 0 18 0 19
预测:     0 0 5 12 0 0 0 5 0 0 0 0 1 0 0 4 0 0 1 0 0 0 0 0 2 1 0 0 0 0 1 0 18 0 0 0 0 0 0 0 1 6 0 18 0 19
准确率:    1.0000 (46/46)
----------------------------------------
输入:       NPCHWN B>R<> DB<LDBBJHWN DCBW >NWN WNYLWN QDMJK
目标:     0 0 0 5 0 0 0 0 1 0 0 4 0 0 1 0 0 0 0 0 2 1 0 0 0 0 1 0 18 0 0 0 0 0 0 0 1 6 0 18 0 19 0 0 0 2 1 0
预测:     0 0 0 5 0 0 0 0 1 0 0 4 0 0 1 0 0 0 0 0 2 1 0 0 0 0 1 0 18 0 0 0 0 0 0 0 1 6 0 18 0 19 0 0 0 2 1 0
准确率:    1.0000 (48/48)
----------------------------------------
⏳ 验证无提升 (验证准确率: 0.9685 ≤ 0.9686)，patience: 3/50

======================================================================
🚀 Epoch 65/200
======================================================================
📚 开始训练阶段...
训练进度: 500/6065 损失=0.0094
训练进度: 1000/6065 损失=0.0299
训练进度: 1500/6065 损失=0.0165
训练进度: 2000/6065 损失=0.0085
训练进度: 2500/6065 损失=0.0066
训练进度: 3000/6065 损失=0.0160
训练进度: 3500/6065 损失=0.0254
训练进度: 4000/6065 损失=0.0233
训练进度: 4500/6065 损失=0.0152
训练进度: 5000/6065 损失=0.0572
训练进度: 5500/6065 损失=0.0094
训练进度: 6000/6065 损失=0.0205
训练进度: 6065/6065 损失=0.0128
✅ 训练完成，耗时: 109.8秒 (1.8分钟)

============================================================
📊 验证决策: Epoch 65/200
   验证间隔: 1
   是否验证: ✅ 是
   原因: 达到验证间隔 (0 == 0)
============================================================

🔍 开始验证...
验证进度: 500/686 损失=0.1759
验证进度: 686/686 损失=1.5406

📊 预测分布分析:
  - 预测的前5个类别: {np.int64(0): 282812, np.int64(1): 37108, np.int64(2): 14852, np.int64(3): 10839, np.int64(4): 8700}
  - 标签的前5个类别: {np.int64(0): 281232, np.int64(1): 36731, np.int64(2): 14789, np.int64(3): 10866, np.int64(4): 8585}
✅ 验证完成，耗时: 4.8秒 (0.1分钟)
训练损失: 0.0242
验证损失: 0.3623
验证准确率: 0.9686 (10620/10964) - 与Levenshtein高度相关
验证F1(加权): 0.9679 - 类别平衡更好
学习率: 0.000076
显存使用: 0.48GB (预留: 0.69GB)

生成的训练样本:
--------------------------------------------------------------------------------
输入:       BRHDD KSPK WDHBK DJLJ HW WNCJK WBNJK
目标:     0 0 0 0 0 2 0 0 0 5 0 0 1 0 0 5 0 0 0 0 1 0 0 0 0 0 75 47 13 1 0 0 1 0 2 1 0
预测:     0 0 0 0 0 2 0 0 0 5 0 0 1 0 0 5 0 0 0 0 1 0 0 0 0 0 75 47 13 1 0 0 1 0 2 1 0
准确率:    1.0000 (37/37)
----------------------------------------
输入:       LJ MRJ> PSWL LK TRTJN LWX> DK>P>
目标:     0 1 0 0 0 0 0 2 6 0 8 0 3 0 1 0 0 0 2 0 0 0 0 0 0 11 0 0 1 0 0 4 0
预测:     0 1 0 0 0 0 0 2 6 0 8 0 3 0 1 0 0 0 2 0 0 0 0 0 0 11 0 0 1 0 0 4 0
准确率:    1.0000 (33/33)
----------------------------------------
输入:       LMRJ> W<BDW LHWN MNHWN KWMR> D<LWT> WHWW
目标:     0 1 0 0 0 2 0 1 0 0 3 0 0 1 0 0 0 0 0 1 0 0 0 0 0 0 0 11 0 0 1 0 57 2 23 0 0 1 0 18 0
预测:     0 1 0 0 0 2 0 1 0 0 3 0 0 1 0 0 0 0 0 1 0 0 0 0 0 0 0 11 0 0 1 0 57 2 23 0 0 1 0 18 0
准确率:    1.0000 (41/41)
----------------------------------------

生成的验证样本:
--------------------------------------------------------------------------------
输入:       KLH NPCHWN B>R<> DB<LDBBJHWN DCBW >NWN WNYLWN
目标:     0 0 5 12 0 0 0 5 0 0 0 0 1 0 0 4 0 0 1 0 0 0 0 0 2 1 0 0 0 0 1 0 18 0 0 0 0 0 0 0 1 6 0 18 0 19
预测:     0 0 5 12 0 0 0 5 0 0 0 0 1 0 0 4 0 0 1 0 0 0 0 0 2 1 0 0 0 0 1 0 18 0 0 0 0 0 0 0 1 6 0 18 0 19
准确率:    1.0000 (46/46)
----------------------------------------
输入:       NPCHWN B>R<> DB<LDBBJHWN DCBW >NWN WNYLWN QDMJK
目标:     0 0 0 5 0 0 0 0 1 0 0 4 0 0 1 0 0 0 0 0 2 1 0 0 0 0 1 0 18 0 0 0 0 0 0 0 1 6 0 18 0 19 0 0 0 2 1 0
预测:     0 0 0 5 0 0 0 0 1 0 0 4 0 0 1 0 0 0 0 0 2 1 0 0 0 0 1 0 18 0 0 0 0 0 0 0 1 6 0 18 0 19 0 0 0 2 1 0
准确率:    1.0000 (48/48)
----------------------------------------
💾 保存新的最佳模型！验证准确率: 0.9686 (F1: 0.9679) (Epoch 65)

======================================================================
🚀 Epoch 66/200
======================================================================
📚 开始训练阶段...
训练进度: 500/6065 损失=0.0477
训练进度: 1000/6065 损失=0.0306
训练进度: 1500/6065 损失=0.0124
训练进度: 2000/6065 损失=0.0163
训练进度: 2500/6065 损失=0.0137
训练进度: 3000/6065 损失=0.0217
训练进度: 3500/6065 损失=0.0423
训练进度: 4000/6065 损失=0.0564
训练进度: 4500/6065 损失=0.0216
训练进度: 5000/6065 损失=0.0325
训练进度: 5500/6065 损失=0.0187
训练进度: 6000/6065 损失=0.0069
训练进度: 6065/6065 损失=0.0215
✅ 训练完成，耗时: 109.4秒 (1.8分钟)

============================================================
📊 验证决策: Epoch 66/200
   验证间隔: 1
   是否验证: ✅ 是
   原因: 达到验证间隔 (0 == 0)
============================================================

🔍 开始验证...
验证进度: 500/686 损失=0.1123
验证进度: 686/686 损失=1.5335

📊 预测分布分析:
  - 预测的前5个类别: {np.int64(0): 282723, np.int64(1): 37127, np.int64(2): 14772, np.int64(3): 10729, np.int64(4): 8923}
  - 标签的前5个类别: {np.int64(0): 281232, np.int64(1): 36731, np.int64(2): 14789, np.int64(3): 10866, np.int64(4): 8585}
✅ 验证完成，耗时: 4.8秒 (0.1分钟)
训练损失: 0.0239
验证损失: 0.3685
验证准确率: 0.9681 (10613/10964) - 与Levenshtein高度相关
验证F1(加权): 0.9674 - 类别平衡更好
学习率: 0.000076
显存使用: 0.48GB (预留: 0.69GB)

生成的训练样本:
--------------------------------------------------------------------------------
输入:       >TRWT> BMLKWT> DPRTWJ> DQVLJN >NC> NCJHWN W>XJHWN
目标:     0 0 0 8 2 23 0 0 1 0 0 0 2 9 0 0 1 0 0 0 0 11 0 0 1 0 0 7 0 0 0 0 0 4 0 0 0 2 1 0 0 0 0 1 0 2 1 0 0 0
预测:     0 0 0 8 2 23 0 0 1 0 0 0 2 9 0 0 1 0 0 0 0 11 0 0 1 0 0 7 0 0 0 0 0 4 0 0 0 2 1 0 0 0 0 1 0 2 1 0 0 0
准确率:    1.0000 (50/50)
----------------------------------------
输入:       WNHW> LK WLHWN LM>KWLT> W<BD NWX KL
目标:     0 1 6 0 10 3 0 1 0 0 1 1 0 0 0 0 1 0 0 8 0 13 9 0 0 1 0 0 3 0 0 0 22 0 0 2
预测:     0 1 6 0 10 3 0 1 0 0 1 1 0 0 0 0 1 0 0 8 0 13 9 0 0 1 0 0 3 0 0 0 22 0 0 2
准确率:    1.0000 (36/36)
----------------------------------------
输入:       WNKHN LJ WLBNWHJ QRB W>LBC >NWN KWTJNJT>
目标:     0 1 6 0 0 77 0 1 0 0 1 1 0 25 1 0 0 6 0 0 16 0 36 17 0 0 3 0 0 0 0 0 0 0 0 0 0 57 2 23 0
预测:     0 1 6 0 0 77 0 1 0 0 1 1 0 25 1 0 0 6 0 0 16 0 36 17 0 0 3 0 0 0 0 0 0 0 0 0 0 57 2 23 0
准确率:    1.0000 (41/41)
----------------------------------------

生成的验证样本:
--------------------------------------------------------------------------------
输入:       KLH NPCHWN B>R<> DB<LDBBJHWN DCBW >NWN WNYLWN
目标:     0 0 5 12 0 0 0 5 0 0 0 0 1 0 0 4 0 0 1 0 0 0 0 0 2 1 0 0 0 0 1 0 18 0 0 0 0 0 0 0 1 6 0 18 0 19
预测:     0 0 5 12 0 0 0 5 0 0 0 0 1 0 0 4 0 0 1 0 0 0 0 0 2 1 0 0 0 0 1 0 18 0 0 0 0 0 0 0 1 6 0 18 0 19
准确率:    1.0000 (46/46)
----------------------------------------
输入:       NPCHWN B>R<> DB<LDBBJHWN DCBW >NWN WNYLWN QDMJK
目标:     0 0 0 5 0 0 0 0 1 0 0 4 0 0 1 0 0 0 0 0 2 1 0 0 0 0 1 0 18 0 0 0 0 0 0 0 1 6 0 18 0 19 0 0 0 2 1 0
预测:     0 0 0 5 0 0 0 0 1 0 0 4 0 0 1 0 0 0 0 0 2 1 0 0 0 0 1 0 18 0 0 0 0 0 0 0 1 6 0 18 0 19 0 0 0 2 1 0
准确率:    1.0000 (48/48)
----------------------------------------
⏳ 验证无提升 (验证准确率: 0.9681 ≤ 0.9686)，patience: 1/50

======================================================================
🚀 Epoch 67/200
======================================================================
📚 开始训练阶段...
训练进度: 500/6065 损失=0.0328
训练进度: 1000/6065 损失=0.0465
训练进度: 1500/6065 损失=0.0069
训练进度: 2000/6065 损失=0.0088
训练进度: 2500/6065 损失=0.0294
训练进度: 3000/6065 损失=0.0079
训练进度: 3500/6065 损失=0.0378
训练进度: 4000/6065 损失=0.0084
训练进度: 4500/6065 损失=0.0294
训练进度: 5000/6065 损失=0.0592
训练进度: 5500/6065 损失=0.0230
训练进度: 6000/6065 损失=0.0131
训练进度: 6065/6065 损失=0.0178
✅ 训练完成，耗时: 109.3秒 (1.8分钟)

============================================================
📊 验证决策: Epoch 67/200
   验证间隔: 1
   是否验证: ✅ 是
   原因: 达到验证间隔 (0 == 0)
============================================================

🔍 开始验证...
验证进度: 500/686 损失=0.0556
验证进度: 686/686 损失=1.5344

📊 预测分布分析:
  - 预测的前5个类别: {np.int64(0): 282472, np.int64(1): 37016, np.int64(2): 14685, np.int64(3): 10884, np.int64(4): 8915}
  - 标签的前5个类别: {np.int64(0): 281232, np.int64(1): 36731, np.int64(2): 14789, np.int64(3): 10866, np.int64(4): 8585}
✅ 验证完成，耗时: 4.8秒 (0.1分钟)
训练损失: 0.0235
验证损失: 0.3569
验证准确率: 0.9685 (10619/10964) - 与Levenshtein高度相关
验证F1(加权): 0.9679 - 类别平衡更好
学习率: 0.000075
显存使用: 0.48GB (预留: 0.69GB)

生成的训练样本:
--------------------------------------------------------------------------------
输入:       WPJKL RB XJLH L>BRHM >LH> <MK BKL
目标:     0 1 0 0 0 2 0 0 2 0 0 0 5 0 0 1 0 0 0 0 2 0 0 0 4 0 0 0 1 0 0 1 0 2
预测:     0 1 0 0 0 2 0 0 2 0 0 0 5 0 0 1 0 0 0 0 2 0 0 0 4 0 0 0 1 0 0 1 0 2
准确率:    1.0000 (34/34)
----------------------------------------
输入:       Z<WRT> >JK PST> D>JD> SLQ> MN JM>
目标:     0 0 0 0 2 9 0 0 0 0 0 0 0 13 9 0 0 35 0 0 4 0 0 0 0 7 0 0 0 0 0 0 4 0
预测:     0 0 0 0 2 9 0 0 0 0 0 0 0 13 9 0 0 35 0 0 4 0 0 0 0 7 0 0 0 0 0 0 4 0
准确率:    1.0000 (34/34)
----------------------------------------
输入:       >N> PRQ >NT LJ >JK SWG>> DRXMJK
目标:     0 0 0 0 0 0 0 7 0 0 0 0 0 1 0 0 0 0 0 0 0 0 0 4 0 0 1 0 0 22 1 0
预测:     0 0 0 0 0 0 0 7 0 0 0 0 0 1 0 0 0 0 0 0 0 0 0 4 0 0 1 0 0 22 1 0
准确率:    1.0000 (32/32)
----------------------------------------

生成的验证样本:
--------------------------------------------------------------------------------
输入:       KLH NPCHWN B>R<> DB<LDBBJHWN DCBW >NWN WNYLWN
目标:     0 0 5 12 0 0 0 5 0 0 0 0 1 0 0 4 0 0 1 0 0 0 0 0 2 1 0 0 0 0 1 0 18 0 0 0 0 0 0 0 1 6 0 18 0 19
预测:     0 0 5 12 0 0 0 5 0 0 0 0 1 0 0 4 0 0 1 0 0 0 0 0 2 1 0 0 0 0 1 0 18 0 0 0 0 0 0 0 1 6 0 18 0 19
准确率:    1.0000 (46/46)
----------------------------------------
输入:       NPCHWN B>R<> DB<LDBBJHWN DCBW >NWN WNYLWN QDMJK
目标:     0 0 0 5 0 0 0 0 1 0 0 4 0 0 1 0 0 0 0 0 2 1 0 0 0 0 1 0 18 0 0 0 0 0 0 0 1 6 0 18 0 19 0 0 0 2 1 0
预测:     0 0 0 5 0 0 0 0 1 0 0 4 0 0 1 0 0 0 0 0 2 1 0 0 0 0 1 0 18 0 0 0 0 0 0 0 1 6 0 18 0 19 0 0 0 2 1 0
准确率:    1.0000 (48/48)
----------------------------------------
⏳ 验证无提升 (验证准确率: 0.9685 ≤ 0.9686)，patience: 2/50

======================================================================
🚀 Epoch 68/200
======================================================================
📚 开始训练阶段...
训练进度: 500/6065 损失=0.0064
训练进度: 1000/6065 损失=0.0257
训练进度: 1500/6065 损失=0.0237
训练进度: 2000/6065 损失=0.0348
训练进度: 2500/6065 损失=0.0169
训练进度: 3000/6065 损失=0.0339
训练进度: 3500/6065 损失=0.0141
训练进度: 4000/6065 损失=0.0131
训练进度: 4500/6065 损失=0.0076
训练进度: 5000/6065 损失=0.0054
训练进度: 5500/6065 损失=0.0291
训练进度: 6000/6065 损失=0.0353
训练进度: 6065/6065 损失=0.0128
✅ 训练完成，耗时: 109.3秒 (1.8分钟)

============================================================
📊 验证决策: Epoch 68/200
   验证间隔: 1
   是否验证: ✅ 是
   原因: 达到验证间隔 (0 == 0)
============================================================

🔍 开始验证...
验证进度: 500/686 损失=0.0250
验证进度: 686/686 损失=1.5309

📊 预测分布分析:
  - 预测的前5个类别: {np.int64(0): 282436, np.int64(1): 37083, np.int64(2): 14746, np.int64(3): 10816, np.int64(4): 8732}
  - 标签的前5个类别: {np.int64(0): 281232, np.int64(1): 36731, np.int64(2): 14789, np.int64(3): 10866, np.int64(4): 8585}
✅ 验证完成，耗时: 4.8秒 (0.1分钟)
训练损失: 0.0230
验证损失: 0.3659
验证准确率: 0.9682 (10615/10964) - 与Levenshtein高度相关
验证F1(加权): 0.9676 - 类别平衡更好
学习率: 0.000074
显存使用: 0.48GB (预留: 0.69GB)

生成的训练样本:
--------------------------------------------------------------------------------
输入:       LMDBX> WNHW> MDBX> QDWC QWDCJN WMCWX LLQN>
目标:     0 1 0 0 0 4 0 0 1 6 0 10 3 0 0 0 0 4 0 0 0 0 0 2 0 0 0 0 2 0 0 0 36 0 8 0 33 0 1 0 0 111 0
预测:     0 1 0 0 0 4 0 0 1 6 0 10 3 0 0 0 0 4 0 0 0 0 0 2 0 0 0 0 2 0 0 0 36 0 8 0 33 0 1 0 0 111 0
准确率:    1.0000 (43/43)
----------------------------------------
输入:       DMQRB QWRBN> MN DMSKN> LXM> DXSD> XJJHWN
目标:     0 1 6 0 0 41 0 0 0 0 0 4 0 0 0 0 0 1 0 0 0 11 0 0 0 0 4 0 0 1 0 0 4 0 0 0 2 1 0 0 0
预测:     0 1 6 0 0 41 0 0 0 0 0 4 0 0 0 0 0 1 0 0 0 11 0 0 0 0 4 0 0 1 0 0 4 0 0 0 2 1 0 0 0
准确率:    1.0000 (41/41)
----------------------------------------
输入:       MV>B LK LNPCH HW MV>B MVWL DHJMNWTH
目标:     0 28 0 0 7 0 1 0 0 1 0 0 5 0 0 0 0 0 28 0 0 7 0 0 8 0 0 0 1 0 0 0 0 2 1 0
预测:     0 28 0 0 7 0 1 0 0 1 0 0 5 0 0 0 0 0 28 0 0 7 0 0 8 0 0 0 1 0 0 0 0 2 1 0
准确率:    1.0000 (36/36)
----------------------------------------

生成的验证样本:
--------------------------------------------------------------------------------
输入:       KLH NPCHWN B>R<> DB<LDBBJHWN DCBW >NWN WNYLWN
目标:     0 0 5 12 0 0 0 5 0 0 0 0 1 0 0 4 0 0 1 0 0 0 0 0 2 1 0 0 0 0 1 0 18 0 0 0 0 0 0 0 1 6 0 18 0 19
预测:     0 0 5 12 0 0 0 5 0 0 0 0 1 0 0 4 0 0 1 0 0 0 0 0 2 1 0 0 0 0 1 0 18 0 0 0 0 0 0 0 1 6 0 18 0 19
准确率:    1.0000 (46/46)
----------------------------------------
输入:       NPCHWN B>R<> DB<LDBBJHWN DCBW >NWN WNYLWN QDMJK
目标:     0 0 0 5 0 0 0 0 1 0 0 4 0 0 1 0 0 0 0 0 2 1 0 0 0 0 1 0 18 0 0 0 0 0 0 0 1 6 0 18 0 19 0 0 0 2 1 0
预测:     0 0 0 5 0 0 0 0 1 0 0 4 0 0 1 0 0 0 0 0 2 1 0 0 0 0 1 0 18 0 0 0 0 0 0 0 1 6 0 18 0 19 0 0 0 2 1 0
准确率:    1.0000 (48/48)
----------------------------------------
⏳ 验证无提升 (验证准确率: 0.9682 ≤ 0.9686)，patience: 3/50

======================================================================
🚀 Epoch 69/200
======================================================================
📚 开始训练阶段...
训练进度: 500/6065 损失=0.0226
训练进度: 1000/6065 损失=0.0303
训练进度: 1500/6065 损失=0.0054
训练进度: 2000/6065 损失=0.0119
训练进度: 2500/6065 损失=0.0222
训练进度: 3000/6065 损失=0.0236
训练进度: 3500/6065 损失=0.0075
训练进度: 4000/6065 损失=0.0309
训练进度: 4500/6065 损失=0.0251
训练进度: 5000/6065 损失=0.0335
训练进度: 5500/6065 损失=0.0170
训练进度: 6000/6065 损失=0.0190
训练进度: 6065/6065 损失=0.0074
✅ 训练完成，耗时: 109.5秒 (1.8分钟)

============================================================
📊 验证决策: Epoch 69/200
   验证间隔: 1
   是否验证: ✅ 是
   原因: 达到验证间隔 (0 == 0)
============================================================

🔍 开始验证...
验证进度: 500/686 损失=0.0661
验证进度: 686/686 损失=1.3120

📊 预测分布分析:
  - 预测的前5个类别: {np.int64(0): 282753, np.int64(1): 37040, np.int64(2): 14725, np.int64(3): 10683, np.int64(4): 8675}
  - 标签的前5个类别: {np.int64(0): 281232, np.int64(1): 36731, np.int64(2): 14789, np.int64(3): 10866, np.int64(4): 8585}
✅ 验证完成，耗时: 4.8秒 (0.1分钟)
训练损失: 0.0223
验证损失: 0.3736
验证准确率: 0.9685 (10618/10964) - 与Levenshtein高度相关
验证F1(加权): 0.9678 - 类别平衡更好
学习率: 0.000074
显存使用: 0.48GB (预留: 0.69GB)

生成的训练样本:
--------------------------------------------------------------------------------
输入:       WQJM MCMCNWHJ WLBWCJHWN WCQWTH WLBWCJHWN W<LWTH DMSQ
目标:     0 1 0 0 2 0 0 0 0 0 25 1 0 0 0 1 0 0 0 2 1 0 0 0 0 1 0 0 2 32 0 0 1 0 0 0 2 1 0 0 0 0 1 0 57 2 32 0 0 1 28 64 7
预测:     0 1 0 0 2 0 0 0 0 0 25 1 0 0 0 1 0 0 0 2 1 0 0 0 0 1 0 0 2 32 0 0 1 0 0 0 2 1 0 0 0 0 1 0 57 2 32 0 0 1 28 64 7
准确率:    1.0000 (53/53)
----------------------------------------
输入:       GBR> BNJ XV> MN GWK W>V<JW L>NC>
目标:     0 0 0 11 0 0 0 2 0 0 0 4 0 0 0 0 0 0 5 0 0 1 17 0 0 3 0 0 1 0 0 4 0
预测:     0 0 0 11 0 0 0 2 0 0 0 4 0 0 0 0 0 0 5 0 0 1 17 0 0 3 0 0 1 0 0 4 0
准确率:    1.0000 (33/33)
----------------------------------------
输入:       D>STQBL CMH> LJRX> >JLJN D>STQBLW BGDC> LQV
目标:     0 1 47 79 17 0 0 3 0 0 8 11 0 0 1 0 0 11 0 0 0 0 0 0 0 0 1 47 79 17 0 0 3 0 0 1 0 0 15 0 0 0 0 7
预测:     0 1 47 79 17 0 0 3 0 0 8 11 0 0 1 0 0 11 0 0 0 0 0 0 0 0 1 47 79 17 0 0 3 0 0 1 0 0 15 0 0 0 0 7
准确率:    1.0000 (44/44)
----------------------------------------

生成的验证样本:
--------------------------------------------------------------------------------
输入:       KLH NPCHWN B>R<> DB<LDBBJHWN DCBW >NWN WNYLWN
目标:     0 0 5 12 0 0 0 5 0 0 0 0 1 0 0 4 0 0 1 0 0 0 0 0 2 1 0 0 0 0 1 0 18 0 0 0 0 0 0 0 1 6 0 18 0 19
预测:     0 0 5 12 0 0 0 5 0 0 0 0 1 0 0 4 0 0 1 0 0 0 0 0 2 1 0 0 0 0 1 0 18 0 0 0 0 0 0 0 1 6 0 18 0 19
准确率:    1.0000 (46/46)
----------------------------------------
输入:       NPCHWN B>R<> DB<LDBBJHWN DCBW >NWN WNYLWN QDMJK
目标:     0 0 0 5 0 0 0 0 1 0 0 4 0 0 1 0 0 0 0 0 2 1 0 0 0 0 1 0 18 0 0 0 0 0 0 0 1 6 0 18 0 19 0 0 0 2 1 0
预测:     0 0 0 5 0 0 0 0 1 0 0 4 0 0 1 0 0 0 0 0 2 1 0 0 0 0 1 0 18 0 0 0 0 0 0 0 1 6 0 18 0 19 0 0 0 2 1 0
准确率:    1.0000 (48/48)
----------------------------------------
⏳ 验证无提升 (验证准确率: 0.9685 ≤ 0.9686)，patience: 4/50

======================================================================
🚀 Epoch 70/200
======================================================================
📚 开始训练阶段...
训练进度: 500/6065 损失=0.0262
训练进度: 1000/6065 损失=0.0232
训练进度: 1500/6065 损失=0.0068
训练进度: 2000/6065 损失=0.0262
训练进度: 2500/6065 损失=0.0126
训练进度: 3000/6065 损失=0.0058
训练进度: 3500/6065 损失=0.0411
训练进度: 4000/6065 损失=0.0206
训练进度: 4500/6065 损失=0.0162
训练进度: 5000/6065 损失=0.0097
训练进度: 5500/6065 损失=0.0056
训练进度: 6000/6065 损失=0.0127
训练进度: 6065/6065 损失=0.0489
✅ 训练完成，耗时: 109.6秒 (1.8分钟)

============================================================
📊 验证决策: Epoch 70/200
   验证间隔: 1
   是否验证: ✅ 是
   原因: 达到验证间隔 (0 == 0)
============================================================

🔍 开始验证...
验证进度: 500/686 损失=0.1218
验证进度: 686/686 损失=1.4642

📊 预测分布分析:
  - 预测的前5个类别: {np.int64(0): 282736, np.int64(1): 37017, np.int64(2): 14754, np.int64(3): 10674, np.int64(4): 8864}
  - 标签的前5个类别: {np.int64(0): 281232, np.int64(1): 36731, np.int64(2): 14789, np.int64(3): 10866, np.int64(4): 8585}
✅ 验证完成，耗时: 4.8秒 (0.1分钟)
训练损失: 0.0222
验证损失: 0.3675
验证准确率: 0.9686 (10619/10964) - 与Levenshtein高度相关
验证F1(加权): 0.9680 - 类别平衡更好
学习率: 0.000073
显存使用: 0.48GB (预留: 0.69GB)

生成的训练样本:
--------------------------------------------------------------------------------
输入:       BRJKH DMRJ> LMN> Q>M >NT BCWQ> W>N>
目标:     0 0 8 0 147 0 0 1 0 0 0 2 0 1 0 0 0 0 20 0 7 0 0 0 0 0 1 0 0 4 0 0 1 0 0 0
预测:     0 0 8 0 147 0 0 1 0 0 0 2 0 1 0 0 0 0 20 0 7 0 0 0 0 0 1 0 0 4 0 0 1 0 0 0
准确率:    1.0000 (36/36)
----------------------------------------
输入:       BMJ> WM> D<RBT CMC> N<WL LGW MCRJT>
目标:     0 1 24 9 0 0 1 0 0 0 1 0 0 3 26 0 0 0 4 0 0 6 8 0 53 0 1 0 2 0 0 0 0 2 9 0
预测:     0 1 24 9 0 0 1 0 0 0 1 0 0 3 26 0 0 0 4 0 0 6 8 0 53 0 1 0 2 0 0 0 0 2 9 0
准确率:    1.0000 (36/36)
----------------------------------------
输入:       CLJ BJCTH DJWM> TCKX VBT> WXRTH DBRNC>
目标:     0 0 0 2 0 0 0 2 1 0 0 1 0 0 4 0 0 6 0 0 3 0 0 2 9 0 0 1 0 13 1 0 0 1 0 84 0 4 0
预测:     0 0 0 2 0 0 0 2 1 0 0 1 0 0 4 0 0 6 0 0 3 0 0 2 9 0 0 1 0 13 1 0 0 1 0 84 0 4 0
准确率:    1.0000 (39/39)
----------------------------------------

生成的验证样本:
--------------------------------------------------------------------------------
输入:       KLH NPCHWN B>R<> DB<LDBBJHWN DCBW >NWN WNYLWN
目标:     0 0 5 12 0 0 0 5 0 0 0 0 1 0 0 4 0 0 1 0 0 0 0 0 2 1 0 0 0 0 1 0 18 0 0 0 0 0 0 0 1 6 0 18 0 19
预测:     0 0 5 12 0 0 0 5 0 0 0 0 1 0 0 4 0 0 1 0 0 0 0 0 2 1 0 0 0 0 1 0 18 0 0 0 0 0 0 0 1 6 0 18 0 19
准确率:    1.0000 (46/46)
----------------------------------------
输入:       NPCHWN B>R<> DB<LDBBJHWN DCBW >NWN WNYLWN QDMJK
目标:     0 0 0 5 0 0 0 0 1 0 0 4 0 0 1 0 0 0 0 0 2 1 0 0 0 0 1 0 18 0 0 0 0 0 0 0 1 6 0 18 0 19 0 0 0 2 1 0
预测:     0 0 0 5 0 0 0 0 1 0 0 4 0 0 1 0 0 0 0 0 2 1 0 0 0 0 1 0 18 0 0 0 0 0 0 0 1 6 0 18 0 19 0 0 0 2 1 0
准确率:    1.0000 (48/48)
----------------------------------------
⏳ 验证无提升 (验证准确率: 0.9686 ≤ 0.9686)，patience: 5/50

======================================================================
🚀 Epoch 71/200
======================================================================
📚 开始训练阶段...
训练进度: 500/6065 损失=0.0104
训练进度: 1000/6065 损失=0.0178
训练进度: 1500/6065 损失=0.0210
训练进度: 2000/6065 损失=0.0255
训练进度: 2500/6065 损失=0.0149
训练进度: 3000/6065 损失=0.0308
训练进度: 3500/6065 损失=0.0160
训练进度: 4000/6065 损失=0.0639
训练进度: 4500/6065 损失=0.0121
训练进度: 5000/6065 损失=0.0117
训练进度: 5500/6065 损失=0.0511
训练进度: 6000/6065 损失=0.0207
训练进度: 6065/6065 损失=0.0088
✅ 训练完成，耗时: 109.8秒 (1.8分钟)

============================================================
📊 验证决策: Epoch 71/200
   验证间隔: 1
   是否验证: ✅ 是
   原因: 达到验证间隔 (0 == 0)
============================================================

🔍 开始验证...
验证进度: 500/686 损失=0.2827
验证进度: 686/686 损失=1.5716

📊 预测分布分析:
  - 预测的前5个类别: {np.int64(0): 282783, np.int64(1): 37047, np.int64(2): 14620, np.int64(3): 10686, np.int64(4): 8979}
  - 标签的前5个类别: {np.int64(0): 281232, np.int64(1): 36731, np.int64(2): 14789, np.int64(3): 10866, np.int64(4): 8585}
✅ 验证完成，耗时: 4.8秒 (0.1分钟)
训练损失: 0.0217
验证损失: 0.3725
验证准确率: 0.9684 (10617/10964) - 与Levenshtein高度相关
验证F1(加权): 0.9677 - 类别平衡更好
学习率: 0.000072
显存使用: 0.48GB (预留: 0.69GB)

生成的训练样本:
--------------------------------------------------------------------------------
输入:       DSJM LVWBN> MRJ >PRJM BRK MR> QNJN>
目标:     0 1 20 0 40 0 1 0 0 0 4 0 0 0 56 0 0 0 0 0 0 2 0 0 0 16 0 0 111 0 0 0 0 0 4 0
预测:     0 1 20 0 40 0 1 0 0 0 4 0 0 0 56 0 0 0 0 0 0 2 0 0 0 16 0 0 111 0 0 0 0 0 4 0
准确率:    1.0000 (36/36)
----------------------------------------
输入:       >MLK B>WRCLM WCM> D>MH <RWB> BRT CLX
目标:     0 17 0 0 33 0 1 0 0 0 0 0 2 0 1 0 4 0 0 1 0 5 0 0 0 0 0 0 2 0 0 13 0 0 0 0 62
预测:     0 17 0 0 33 0 1 0 0 0 0 0 2 0 1 0 4 0 0 1 0 5 0 0 0 0 0 0 2 0 0 13 0 0 0 0 62
准确率:    1.0000 (37/37)
----------------------------------------
输入:       >N> W>MK W>XJK LMSGD LK <L >R<>
目标:     0 0 0 0 0 1 0 5 0 0 1 0 2 1 0 0 1 6 0 0 7 0 1 0 0 0 0 0 0 0 4 0
预测:     0 0 0 0 0 1 0 5 0 0 1 0 2 1 0 0 1 6 0 0 7 0 1 0 0 0 0 0 0 0 4 0
准确率:    1.0000 (32/32)
----------------------------------------

生成的验证样本:
--------------------------------------------------------------------------------
输入:       KLH NPCHWN B>R<> DB<LDBBJHWN DCBW >NWN WNYLWN
目标:     0 0 5 12 0 0 0 5 0 0 0 0 1 0 0 4 0 0 1 0 0 0 0 0 2 1 0 0 0 0 1 0 18 0 0 0 0 0 0 0 1 6 0 18 0 19
预测:     0 0 5 12 0 0 0 5 0 0 0 0 1 0 0 4 0 0 1 0 0 0 0 0 2 1 0 0 0 0 1 0 18 0 0 0 0 0 0 0 1 6 0 18 0 19
准确率:    1.0000 (46/46)
----------------------------------------
输入:       NPCHWN B>R<> DB<LDBBJHWN DCBW >NWN WNYLWN QDMJK
目标:     0 0 0 5 0 0 0 0 1 0 0 4 0 0 1 0 0 0 0 0 2 1 0 0 0 0 1 0 18 0 0 0 0 0 0 0 1 6 0 18 0 19 0 0 0 2 1 0
预测:     0 0 0 5 0 0 0 0 1 0 0 4 0 0 1 0 0 0 0 0 2 1 0 0 0 0 1 0 18 0 0 0 0 0 0 0 1 6 0 18 0 19 0 0 0 2 1 0
准确率:    1.0000 (48/48)
----------------------------------------
⏳ 验证无提升 (验证准确率: 0.9684 ≤ 0.9686)，patience: 6/50

======================================================================
🚀 Epoch 72/200
======================================================================
📚 开始训练阶段...
训练进度: 500/6065 损失=0.0201
训练进度: 1000/6065 损失=0.0189
训练进度: 1500/6065 损失=0.0277
训练进度: 2000/6065 损失=0.0065
训练进度: 2500/6065 损失=0.0187
训练进度: 3000/6065 损失=0.0214
训练进度: 3500/6065 损失=0.0088
训练进度: 4000/6065 损失=0.0127
训练进度: 4500/6065 损失=0.0201
训练进度: 5000/6065 损失=0.0089
训练进度: 5500/6065 损失=0.0099
训练进度: 6000/6065 损失=0.0074
训练进度: 6065/6065 损失=0.0114
✅ 训练完成，耗时: 109.7秒 (1.8分钟)

============================================================
📊 验证决策: Epoch 72/200
   验证间隔: 1
   是否验证: ✅ 是
   原因: 达到验证间隔 (0 == 0)
============================================================

🔍 开始验证...
验证进度: 500/686 损失=0.2857
验证进度: 686/686 损失=1.6427

📊 预测分布分析:
  - 预测的前5个类别: {np.int64(0): 282634, np.int64(1): 37036, np.int64(2): 14796, np.int64(3): 10724, np.int64(4): 8732}
  - 标签的前5个类别: {np.int64(0): 281232, np.int64(1): 36731, np.int64(2): 14789, np.int64(3): 10866, np.int64(4): 8585}
✅ 验证完成，耗时: 4.8秒 (0.1分钟)
训练损失: 0.0214
验证损失: 0.3804
验证准确率: 0.9681 (10614/10964) - 与Levenshtein高度相关
验证F1(加权): 0.9674 - 类别平衡更好
学习率: 0.000072
显存使用: 0.48GB (预留: 0.69GB)

生成的训练样本:
--------------------------------------------------------------------------------
输入:       BSVRH DJRJ<T> XD> BDBQ> >XRN> MQBLN T>NT>
目标:     0 1 0 0 5 12 0 1 0 0 0 13 9 0 0 0 2 0 0 1 0 0 15 0 0 0 0 38 4 0 0 6 0 0 7 19 0 0 0 70 23 0
预测:     0 1 0 0 5 12 0 1 0 0 0 13 9 0 0 0 2 0 0 1 0 0 15 0 0 0 0 38 4 0 0 6 0 0 7 19 0 0 0 70 23 0
准确率:    1.0000 (42/42)
----------------------------------------
输入:       W>RB< MNWN NHWJN LKWN LZR<> DXQL> WLM>KWLTKWN
目标:     0 1 0 0 0 2 0 0 57 22 0 0 6 0 0 3 12 0 1 0 0 0 0 1 0 0 4 0 0 1 0 0 4 0 0 1 1 0 0 8 0 13 32 0 0 0
预测:     0 1 0 0 0 2 0 0 57 22 0 0 6 0 0 3 12 0 1 0 0 0 0 1 0 0 4 0 0 1 0 0 4 0 0 1 1 0 0 8 0 13 32 0 0 0
准确率:    1.0000 (46/46)
----------------------------------------
输入:       MNN> >RB<JN CNJN <DM> DMVW L>R<> JTBT>
目标:     0 0 0 0 2 0 0 0 0 2 0 0 0 0 13 0 0 0 0 0 0 0 0 1 0 18 0 0 1 0 0 4 0 0 0 0 57 4 0
预测:     0 0 0 0 2 0 0 0 0 2 0 0 0 0 13 0 0 0 0 0 0 0 0 1 0 18 0 0 1 0 0 4 0 0 0 0 57 4 0
准确率:    1.0000 (39/39)
----------------------------------------

生成的验证样本:
--------------------------------------------------------------------------------
输入:       KLH NPCHWN B>R<> DB<LDBBJHWN DCBW >NWN WNYLWN
目标:     0 0 5 12 0 0 0 5 0 0 0 0 1 0 0 4 0 0 1 0 0 0 0 0 2 1 0 0 0 0 1 0 18 0 0 0 0 0 0 0 1 6 0 18 0 19
预测:     0 0 5 12 0 0 0 5 0 0 0 0 1 0 0 4 0 0 1 0 0 0 0 0 2 1 0 0 0 0 1 0 18 0 0 0 0 0 0 0 1 6 0 18 0 19
准确率:    1.0000 (46/46)
----------------------------------------
输入:       NPCHWN B>R<> DB<LDBBJHWN DCBW >NWN WNYLWN QDMJK
目标:     0 0 0 5 0 0 0 0 1 0 0 4 0 0 1 0 0 0 0 0 2 1 0 0 0 0 1 0 18 0 0 0 0 0 0 0 1 6 0 18 0 19 0 0 0 2 1 0
预测:     0 0 0 5 0 0 0 0 1 0 0 4 0 0 1 0 0 0 0 0 2 1 0 0 0 0 1 0 18 0 0 0 0 0 0 0 1 6 0 18 0 19 0 0 0 2 1 0
准确率:    1.0000 (48/48)
----------------------------------------
⏳ 验证无提升 (验证准确率: 0.9681 ≤ 0.9686)，patience: 7/50

======================================================================
🚀 Epoch 73/200
======================================================================
📚 开始训练阶段...
训练进度: 500/6065 损失=0.0384
训练进度: 1000/6065 损失=0.0260
训练进度: 1500/6065 损失=0.0353
训练进度: 2000/6065 损失=0.0368
训练进度: 2500/6065 损失=0.0136
训练进度: 3000/6065 损失=0.0328
训练进度: 3500/6065 损失=0.0078
训练进度: 4000/6065 损失=0.0208
训练进度: 4500/6065 损失=0.0238
训练进度: 5000/6065 损失=0.0294
训练进度: 5500/6065 损失=0.0213
训练进度: 6000/6065 损失=0.0283
训练进度: 6065/6065 损失=0.0445
✅ 训练完成，耗时: 110.0秒 (1.8分钟)

============================================================
📊 验证决策: Epoch 73/200
   验证间隔: 1
   是否验证: ✅ 是
   原因: 达到验证间隔 (0 == 0)
============================================================

🔍 开始验证...
验证进度: 500/686 损失=0.2567
验证进度: 686/686 损失=1.5490

📊 预测分布分析:
  - 预测的前5个类别: {np.int64(0): 282996, np.int64(1): 37008, np.int64(2): 14646, np.int64(3): 10765, np.int64(4): 8861}
  - 标签的前5个类别: {np.int64(0): 281232, np.int64(1): 36731, np.int64(2): 14789, np.int64(3): 10866, np.int64(4): 8585}
✅ 验证完成，耗时: 4.8秒 (0.1分钟)
训练损失: 0.0208
验证损失: 0.3755
验证准确率: 0.9686 (10619/10964) - 与Levenshtein高度相关
验证F1(加权): 0.9679 - 类别平衡更好
学习率: 0.000071
显存使用: 0.47GB (预留: 0.69GB)

生成的训练样本:
--------------------------------------------------------------------------------
输入:       BJCT> WHC> CBWQ SKLWT> D<BDJ >LHH D>BWK
目标:     0 0 0 2 9 0 0 1 0 4 0 6 0 8 0 3 0 0 0 0 2 9 0 0 1 0 0 22 0 0 0 0 5 0 0 1 0 8 5 0
预测:     0 0 0 2 9 0 0 1 0 4 0 6 0 8 0 3 0 0 0 0 2 9 0 0 1 0 0 22 0 0 0 0 5 0 0 1 0 8 5 0
准确率:    1.0000 (40/40)
----------------------------------------
输入:       DBZQ CB<JN MLKJN DMPSQN HWJ KRWT> D>JDJHWN
目标:     0 1 0 0 2 0 0 0 2 0 0 0 0 0 2 0 0 0 1 6 0 0 7 19 0 0 0 80 0 0 57 2 23 0 0 35 0 0 2 1 0 0 0
预测:     0 1 0 0 2 0 0 0 2 0 0 0 0 0 2 0 0 0 1 6 0 0 7 19 0 0 0 80 0 0 57 2 23 0 0 35 0 0 2 1 0 0 0
准确率:    1.0000 (43/43)
----------------------------------------
输入:       MN QDM >LH> WMSRHB >LH> LM<BDH HC>
目标:     0 0 0 0 0 0 2 0 0 0 4 0 0 1 6 17 0 0 7 0 0 0 4 0 0 1 6 0 0 74 0 0 0 4 0
预测:     0 0 0 0 0 0 2 0 0 0 4 0 0 1 6 17 0 0 7 0 0 0 4 0 0 1 6 0 0 74 0 0 0 4 0
准确率:    1.0000 (35/35)
----------------------------------------

生成的验证样本:
--------------------------------------------------------------------------------
输入:       KLH NPCHWN B>R<> DB<LDBBJHWN DCBW >NWN WNYLWN
目标:     0 0 5 12 0 0 0 5 0 0 0 0 1 0 0 4 0 0 1 0 0 0 0 0 2 1 0 0 0 0 1 0 18 0 0 0 0 0 0 0 1 6 0 18 0 19
预测:     0 0 5 12 0 0 0 5 0 0 0 0 1 0 0 4 0 0 1 0 0 0 0 0 2 1 0 0 0 0 1 0 18 0 0 0 0 0 0 0 1 6 0 18 0 19
准确率:    1.0000 (46/46)
----------------------------------------
输入:       NPCHWN B>R<> DB<LDBBJHWN DCBW >NWN WNYLWN QDMJK
目标:     0 0 0 5 0 0 0 0 1 0 0 4 0 0 1 0 0 0 0 0 2 1 0 0 0 0 1 0 18 0 0 0 0 0 0 0 1 6 0 18 0 19 0 0 0 2 1 0
预测:     0 0 0 5 0 0 0 0 1 0 0 4 0 0 1 0 0 0 0 0 2 1 0 0 0 0 1 0 18 0 0 0 0 0 0 0 1 6 0 18 0 19 0 0 0 2 1 0
准确率:    1.0000 (48/48)
----------------------------------------
⏳ 验证无提升 (验证准确率: 0.9686 ≤ 0.9686)，patience: 8/50

======================================================================
🚀 Epoch 74/200
======================================================================
📚 开始训练阶段...
训练进度: 500/6065 损失=0.0186
训练进度: 1000/6065 损失=0.0162
训练进度: 1500/6065 损失=0.0042
训练进度: 2000/6065 损失=0.0216
训练进度: 2500/6065 损失=0.0269
训练进度: 3000/6065 损失=0.0165
训练进度: 3500/6065 损失=0.0273
训练进度: 4000/6065 损失=0.0033
训练进度: 4500/6065 损失=0.0354
训练进度: 5000/6065 损失=0.0372
训练进度: 5500/6065 损失=0.0265
训练进度: 6000/6065 损失=0.0151
训练进度: 6065/6065 损失=0.0145
✅ 训练完成，耗时: 110.1秒 (1.8分钟)

============================================================
📊 验证决策: Epoch 74/200
   验证间隔: 1
   是否验证: ✅ 是
   原因: 达到验证间隔 (0 == 0)
============================================================

🔍 开始验证...
验证进度: 500/686 损失=0.0593
验证进度: 686/686 损失=1.2202

📊 预测分布分析:
  - 预测的前5个类别: {np.int64(0): 282539, np.int64(1): 37166, np.int64(2): 14638, np.int64(3): 10913, np.int64(4): 9020}
  - 标签的前5个类别: {np.int64(0): 281232, np.int64(1): 36731, np.int64(2): 14789, np.int64(3): 10866, np.int64(4): 8585}
✅ 验证完成，耗时: 4.8秒 (0.1分钟)
训练损失: 0.0205
验证损失: 0.3747
验证准确率: 0.9688 (10621/10964) - 与Levenshtein高度相关
验证F1(加权): 0.9680 - 类别平衡更好
学习率: 0.000070
显存使用: 0.48GB (预留: 0.69GB)

生成的训练样本:
--------------------------------------------------------------------------------
输入:       THDJNJ WTTRSJNJ TPQJNJ MN PX> HN> DVCJW
目标:     0 6 0 304 1 0 0 0 1 6 0 0 0 51 0 0 0 102 0 48 1 0 0 0 0 0 0 0 4 0 0 0 0 0 0 1 0 0 3 19
预测:     0 6 0 304 1 0 0 0 1 6 0 0 0 51 0 0 0 102 0 48 1 0 0 0 0 0 0 0 4 0 0 0 0 0 0 1 0 0 3 19
准确率:    1.0000 (40/40)
----------------------------------------
输入:       QR> LQR> MN SWP TXWMH DMYRJN W<DM>
目标:     0 0 248 0 0 1 0 248 0 0 0 0 0 0 0 2 0 0 0 0 5 12 0 1 0 0 0 0 2 0 1 0 0 0 0
预测:     0 0 248 0 0 1 0 248 0 0 0 0 0 0 0 2 0 0 0 0 5 12 0 1 0 0 0 0 2 0 1 0 0 0 0
准确率:    1.0000 (35/35)
----------------------------------------
输入:       W>MR >BJMLK MRJ> >P <M> ZKJ> QVL
目标:     0 1 0 0 3 0 0 0 0 0 0 2 0 0 0 0 2 0 0 0 0 0 15 0 0 0 0 15 0 0 0 0 7
预测:     0 1 0 0 3 0 0 0 0 0 0 2 0 0 0 0 2 0 0 0 0 0 15 0 0 0 0 15 0 0 0 0 7
准确率:    1.0000 (33/33)
----------------------------------------

生成的验证样本:
--------------------------------------------------------------------------------
输入:       KLH NPCHWN B>R<> DB<LDBBJHWN DCBW >NWN WNYLWN
目标:     0 0 5 12 0 0 0 5 0 0 0 0 1 0 0 4 0 0 1 0 0 0 0 0 2 1 0 0 0 0 1 0 18 0 0 0 0 0 0 0 1 6 0 18 0 19
预测:     0 0 5 12 0 0 0 5 0 0 0 0 1 0 0 4 0 0 1 0 0 0 0 0 2 1 0 0 0 0 1 0 18 0 0 0 0 0 0 0 1 6 0 18 0 19
准确率:    1.0000 (46/46)
----------------------------------------
输入:       NPCHWN B>R<> DB<LDBBJHWN DCBW >NWN WNYLWN QDMJK
目标:     0 0 0 5 0 0 0 0 1 0 0 4 0 0 1 0 0 0 0 0 2 1 0 0 0 0 1 0 18 0 0 0 0 0 0 0 1 6 0 18 0 19 0 0 0 2 1 0
预测:     0 0 0 5 0 0 0 0 1 0 0 4 0 0 1 0 0 0 0 0 2 1 0 0 0 0 1 0 18 0 0 0 0 0 0 0 1 6 0 18 0 19 0 0 0 2 1 0
准确率:    1.0000 (48/48)
----------------------------------------
💾 保存新的最佳模型！验证准确率: 0.9688 (F1: 0.9680) (Epoch 74)

======================================================================
🚀 Epoch 75/200
======================================================================
📚 开始训练阶段...
训练进度: 500/6065 损失=0.0077
训练进度: 1000/6065 损失=0.0088
训练进度: 1500/6065 损失=0.0068
训练进度: 2000/6065 损失=0.0213
训练进度: 2500/6065 损失=0.0099
训练进度: 3000/6065 损失=0.0182
训练进度: 3500/6065 损失=0.0119
训练进度: 4000/6065 损失=0.0367
训练进度: 4500/6065 损失=0.0332
训练进度: 5000/6065 损失=0.0214
训练进度: 5500/6065 损失=0.0160
训练进度: 6000/6065 损失=0.0312
训练进度: 6065/6065 损失=0.0101
✅ 训练完成，耗时: 110.2秒 (1.8分钟)

============================================================
📊 验证决策: Epoch 75/200
   验证间隔: 1
   是否验证: ✅ 是
   原因: 达到验证间隔 (0 == 0)
============================================================

🔍 开始验证...
验证进度: 500/686 损失=0.0337
验证进度: 686/686 损失=1.5878

📊 预测分布分析:
  - 预测的前5个类别: {np.int64(0): 282586, np.int64(1): 37002, np.int64(2): 14732, np.int64(3): 10767, np.int64(4): 8962}
  - 标签的前5个类别: {np.int64(0): 281232, np.int64(1): 36731, np.int64(2): 14789, np.int64(3): 10866, np.int64(4): 8585}
✅ 验证完成，耗时: 4.8秒 (0.1分钟)
训练损失: 0.0202
验证损失: 0.3847
验证准确率: 0.9682 (10615/10964) - 与Levenshtein高度相关
验证F1(加权): 0.9675 - 类别平衡更好
学习率: 0.000070
显存使用: 0.48GB (预留: 0.69GB)

生成的训练样本:
--------------------------------------------------------------------------------
输入:       DDWJD W>MLK >XZJ> BRH BTRH BCNT XD<SR>
目标:     0 1 0 0 0 2 0 1 17 0 0 33 0 0 0 0 0 2 0 0 5 0 0 0 0 1 0 0 1 0 13 0 0 0 0 0 0 2 0
预测:     0 1 0 0 0 2 0 1 17 0 0 33 0 0 0 0 0 2 0 0 5 0 0 0 0 1 0 0 1 0 13 0 0 0 0 0 0 2 0
准确率:    1.0000 (39/39)
----------------------------------------
输入:       RBJTJHJ DBR LLJH J<> WBR LLJH JBC
目标:     0 0 0 3 181 0 0 0 0 1 0 2 0 38 0 5 0 0 0 10 3 0 1 0 2 0 38 0 5 0 0 0 0 3
预测:     0 0 0 3 181 0 0 0 0 1 0 2 0 38 0 5 0 0 0 10 3 0 1 0 2 0 38 0 5 0 0 0 0 3
准确率:    1.0000 (34/34)
----------------------------------------
输入:       L> N>KWL MNH NMWS> XD NHW> LBWKN>
目标:     0 0 0 0 6 0 8 0 3 0 0 1 0 0 0 0 0 4 0 0 0 2 0 6 0 10 3 0 1 0 0 0 11 0
预测:     0 0 0 0 6 0 8 0 3 0 0 1 0 0 0 0 0 4 0 0 0 2 0 6 0 10 3 0 1 0 0 0 11 0
准确率:    1.0000 (34/34)
----------------------------------------

生成的验证样本:
--------------------------------------------------------------------------------
输入:       KLH NPCHWN B>R<> DB<LDBBJHWN DCBW >NWN WNYLWN
目标:     0 0 5 12 0 0 0 5 0 0 0 0 1 0 0 4 0 0 1 0 0 0 0 0 2 1 0 0 0 0 1 0 18 0 0 0 0 0 0 0 1 6 0 18 0 19
预测:     0 0 5 12 0 0 0 5 0 0 0 0 1 0 0 4 0 0 1 0 0 0 0 0 2 1 0 0 0 0 1 0 18 0 0 0 0 0 0 0 1 6 0 18 0 19
准确率:    1.0000 (46/46)
----------------------------------------
输入:       NPCHWN B>R<> DB<LDBBJHWN DCBW >NWN WNYLWN QDMJK
目标:     0 0 0 5 0 0 0 0 1 0 0 4 0 0 1 0 0 0 0 0 2 1 0 0 0 0 1 0 18 0 0 0 0 0 0 0 1 6 0 18 0 19 0 0 0 2 1 0
预测:     0 0 0 5 0 0 0 0 1 0 0 4 0 0 1 0 0 0 0 0 2 1 0 0 0 0 1 0 18 0 0 0 0 0 0 0 1 6 0 18 0 19 0 0 0 2 1 0
准确率:    1.0000 (48/48)
----------------------------------------
⏳ 验证无提升 (验证准确率: 0.9682 ≤ 0.9688)，patience: 1/50

======================================================================
🚀 Epoch 76/200
======================================================================
📚 开始训练阶段...
训练进度: 500/6065 损失=0.0032
训练进度: 1000/6065 损失=0.0084
训练进度: 1500/6065 损失=0.0237
训练进度: 2000/6065 损失=0.0153
训练进度: 2500/6065 损失=0.0247
训练进度: 3000/6065 损失=0.0142
训练进度: 3500/6065 损失=0.0309
训练进度: 4000/6065 损失=0.0042
训练进度: 4500/6065 损失=0.0161
训练进度: 5000/6065 损失=0.0628
训练进度: 5500/6065 损失=0.0321
训练进度: 6000/6065 损失=0.0201
训练进度: 6065/6065 损失=0.0068
✅ 训练完成，耗时: 110.2秒 (1.8分钟)

============================================================
📊 验证决策: Epoch 76/200
   验证间隔: 1
   是否验证: ✅ 是
   原因: 达到验证间隔 (0 == 0)
============================================================

🔍 开始验证...
验证进度: 500/686 损失=0.1555
验证进度: 686/686 损失=1.5028

📊 预测分布分析:
  - 预测的前5个类别: {np.int64(0): 282605, np.int64(1): 37102, np.int64(2): 14732, np.int64(3): 10806, np.int64(4): 8937}
  - 标签的前5个类别: {np.int64(0): 281232, np.int64(1): 36731, np.int64(2): 14789, np.int64(3): 10866, np.int64(4): 8585}
✅ 验证完成，耗时: 4.8秒 (0.1分钟)
训练损失: 0.0200
验证损失: 0.3864
验证准确率: 0.9682 (10615/10964) - 与Levenshtein高度相关
验证F1(加权): 0.9675 - 类别平衡更好
学习率: 0.000069
显存使用: 0.48GB (预留: 0.69GB)

生成的训练样本:
--------------------------------------------------------------------------------
输入:       DN<RWQ MN QDM MDJNJ> W>TXZJ LH ML>KH
目标:     0 1 6 0 8 0 3 0 0 0 0 0 0 2 0 0 0 0 0 11 0 0 1 0 14 0 0 3 0 1 0 0 0 0 0 5 0
预测:     0 1 6 0 8 0 3 0 0 0 0 0 0 2 0 0 0 0 0 11 0 0 1 0 14 0 0 3 0 1 0 0 0 0 0 5 0
准确率:    1.0000 (37/37)
----------------------------------------
输入:       DL> T>KLWN MNH WL> TTQRBWN LH DL>
目标:     0 1 0 0 0 6 0 0 3 0 0 0 0 1 0 0 1 0 0 0 21 14 0 0 3 0 19 0 1 0 0 1 0 0
预测:     0 1 0 0 0 6 0 0 3 0 0 0 0 1 0 0 1 0 0 0 21 14 0 0 3 0 19 0 1 0 0 1 0 0
准确率:    1.0000 (34/34)
----------------------------------------
输入:       WL>HRWN BLLJ> HW W>MR LHWN QWMW PWQW
目标:     0 1 1 0 0 0 0 2 0 1 38 0 4 0 0 0 12 0 1 0 0 3 0 1 0 0 0 6 0 0 3 0 34 8 0 3 0
预测:     0 1 1 0 0 0 0 2 0 1 38 0 4 0 0 0 12 0 1 0 0 3 0 1 0 0 0 6 0 0 3 0 34 8 0 3 0
准确率:    1.0000 (37/37)
----------------------------------------

生成的验证样本:
--------------------------------------------------------------------------------
输入:       KLH NPCHWN B>R<> DB<LDBBJHWN DCBW >NWN WNYLWN
目标:     0 0 5 12 0 0 0 5 0 0 0 0 1 0 0 4 0 0 1 0 0 0 0 0 2 1 0 0 0 0 1 0 18 0 0 0 0 0 0 0 1 6 0 18 0 19
预测:     0 0 5 12 0 0 0 5 0 0 0 0 1 0 0 4 0 0 1 0 0 0 0 0 2 1 0 0 0 0 1 0 18 0 0 0 0 0 0 0 1 6 0 18 0 19
准确率:    1.0000 (46/46)
----------------------------------------
输入:       NPCHWN B>R<> DB<LDBBJHWN DCBW >NWN WNYLWN QDMJK
目标:     0 0 0 5 0 0 0 0 1 0 0 4 0 0 1 0 0 0 0 0 2 1 0 0 0 0 1 0 18 0 0 0 0 0 0 0 1 6 0 18 0 19 0 0 0 2 1 0
预测:     0 0 0 5 0 0 0 0 1 0 0 4 0 0 1 0 0 0 0 0 2 1 0 0 0 0 1 0 18 0 0 0 0 0 0 0 1 6 0 18 0 19 0 0 0 2 1 0
准确率:    1.0000 (48/48)
----------------------------------------
⏳ 验证无提升 (验证准确率: 0.9682 ≤ 0.9688)，patience: 2/50

======================================================================
🚀 Epoch 77/200
======================================================================
📚 开始训练阶段...
训练进度: 500/6065 损失=0.0068
训练进度: 1000/6065 损失=0.0288
训练进度: 1500/6065 损失=0.0071
训练进度: 2000/6065 损失=0.0310
训练进度: 2500/6065 损失=0.0185
训练进度: 3000/6065 损失=0.0062
训练进度: 3500/6065 损失=0.0108
训练进度: 4000/6065 损失=0.0096
训练进度: 4500/6065 损失=0.0107
训练进度: 5000/6065 损失=0.0060
训练进度: 5500/6065 损失=0.0263
训练进度: 6000/6065 损失=0.0182
训练进度: 6065/6065 损失=0.0094
✅ 训练完成，耗时: 110.3秒 (1.8分钟)

============================================================
📊 验证决策: Epoch 77/200
   验证间隔: 1
   是否验证: ✅ 是
   原因: 达到验证间隔 (0 == 0)
============================================================

🔍 开始验证...
验证进度: 500/686 损失=0.3603
验证进度: 686/686 损失=1.8117

📊 预测分布分析:
  - 预测的前5个类别: {np.int64(0): 282969, np.int64(1): 37033, np.int64(2): 14658, np.int64(3): 10678, np.int64(4): 8955}
  - 标签的前5个类别: {np.int64(0): 281232, np.int64(1): 36731, np.int64(2): 14789, np.int64(3): 10866, np.int64(4): 8585}
✅ 验证完成，耗时: 4.8秒 (0.1分钟)
训练损失: 0.0195
验证损失: 0.3847
验证准确率: 0.9687 (10620/10964) - 与Levenshtein高度相关
验证F1(加权): 0.9679 - 类别平衡更好
学习率: 0.000068
显存使用: 0.47GB (预留: 0.69GB)

生成的训练样本:
--------------------------------------------------------------------------------
输入:       LY<R WMRJ> >XT <L SDWM W<L <MWR>
目标:     0 1 0 0 62 0 1 0 0 0 2 0 72 0 3 0 0 0 0 0 0 0 2 0 1 0 0 0 0 0 0 0 2
预测:     0 1 0 0 62 0 1 0 0 0 2 0 72 0 3 0 0 0 0 0 0 0 2 0 1 0 0 0 0 0 0 0 2
准确率:    1.0000 (33/33)
----------------------------------------
输入:       NPQWN MKJL SDRJKWN LM<BD <MH TKTWC> CLXW
目标:     0 34 0 3 0 0 0 0 0 0 0 0 0 0 2 1 0 0 0 0 1 6 0 0 7 0 0 1 0 0 0 0 0 0 4 0 6 0 0 3 0
预测:     0 34 0 3 0 0 0 0 0 0 0 0 0 0 2 1 0 0 0 0 1 6 0 0 7 0 0 1 0 0 0 0 0 0 4 0 6 0 0 3 0
准确率:    1.0000 (41/41)
----------------------------------------
输入:       <L HW> <ZJZ> WBQL> DXJL> DLXH MDJNT>
目标:     0 0 53 0 0 10 3 0 0 8 0 43 27 0 1 1 0 11 0 0 1 0 0 11 0 0 0 0 29 12 0 0 0 0 13 9 0
预测:     0 0 53 0 0 10 3 0 0 8 0 43 27 0 1 1 0 11 0 0 1 0 0 11 0 0 0 0 29 12 0 0 0 0 13 9 0
准确率:    1.0000 (37/37)
----------------------------------------

生成的验证样本:
--------------------------------------------------------------------------------
输入:       KLH NPCHWN B>R<> DB<LDBBJHWN DCBW >NWN WNYLWN
目标:     0 0 5 12 0 0 0 5 0 0 0 0 1 0 0 4 0 0 1 0 0 0 0 0 2 1 0 0 0 0 1 0 18 0 0 0 0 0 0 0 1 6 0 18 0 19
预测:     0 0 5 12 0 0 0 5 0 0 0 0 1 0 0 4 0 0 1 0 0 0 0 0 2 1 0 0 0 0 1 0 18 0 0 0 0 0 0 0 1 6 0 18 0 19
准确率:    1.0000 (46/46)
----------------------------------------
输入:       NPCHWN B>R<> DB<LDBBJHWN DCBW >NWN WNYLWN QDMJK
目标:     0 0 0 5 0 0 0 0 1 0 0 4 0 0 1 0 0 0 0 0 2 1 0 0 0 0 1 0 18 0 0 0 0 0 0 0 1 6 0 18 0 19 0 0 0 2 1 0
预测:     0 0 0 5 0 0 0 0 1 0 0 4 0 0 1 0 0 0 0 0 2 1 0 0 0 0 1 0 18 0 0 0 0 0 0 0 1 6 0 18 0 19 0 0 0 2 1 0
准确率:    1.0000 (48/48)
----------------------------------------
⏳ 验证无提升 (验证准确率: 0.9687 ≤ 0.9688)，patience: 3/50

======================================================================
🚀 Epoch 78/200
======================================================================
📚 开始训练阶段...
训练进度: 500/6065 损失=0.0304
训练进度: 1000/6065 损失=0.0200
训练进度: 1500/6065 损失=0.0131
训练进度: 2000/6065 损失=0.0145
训练进度: 2500/6065 损失=0.0229
训练进度: 3000/6065 损失=0.0105
训练进度: 3500/6065 损失=0.0086
训练进度: 4000/6065 损失=0.0586
训练进度: 4500/6065 损失=0.0180
训练进度: 5000/6065 损失=0.0224
训练进度: 5500/6065 损失=0.0279
训练进度: 6000/6065 损失=0.0333
训练进度: 6065/6065 损失=0.0542
✅ 训练完成，耗时: 110.2秒 (1.8分钟)

============================================================
📊 验证决策: Epoch 78/200
   验证间隔: 1
   是否验证: ✅ 是
   原因: 达到验证间隔 (0 == 0)
============================================================

🔍 开始验证...
验证进度: 500/686 损失=0.2863
验证进度: 686/686 损失=1.5440

📊 预测分布分析:
  - 预测的前5个类别: {np.int64(0): 282669, np.int64(1): 37036, np.int64(2): 14808, np.int64(3): 10868, np.int64(4): 8741}
  - 标签的前5个类别: {np.int64(0): 281232, np.int64(1): 36731, np.int64(2): 14789, np.int64(3): 10866, np.int64(4): 8585}
✅ 验证完成，耗时: 4.8秒 (0.1分钟)
训练损失: 0.0191
验证损失: 0.3883
验证准确率: 0.9684 (10617/10964) - 与Levenshtein高度相关
验证F1(加权): 0.9678 - 类别平衡更好
学习率: 0.000067
显存使用: 0.48GB (预留: 0.69GB)

生成的训练样本:
--------------------------------------------------------------------------------
输入:       MRJ> >JK SKR> MQBLT> T<VPNJ MRJ> L>
目标:     0 0 0 0 2 0 0 0 0 0 0 0 4 0 0 6 0 0 7 9 78 0 28 0 0 29 0 0 0 0 0 0 2 0 0 0
预测:     0 0 0 0 2 0 0 0 0 0 0 0 4 0 0 6 0 0 7 9 78 0 28 0 0 29 0 0 0 0 0 0 2 0 0 0
准确率:    1.0000 (36/36)
----------------------------------------
输入:       BNJ BNJMJN LWQBLHWN MN GB< BJWM> DTRJN
目标:     0 0 2 0 0 0 0 0 0 0 2 0 0 0 0 0 1 0 0 0 0 0 0 0 0 0 2 0 1 0 0 4 0 0 1 0 2 0 12
预测:     0 0 2 0 0 0 0 0 0 0 2 0 0 0 0 0 1 0 0 0 0 0 0 0 0 0 2 0 1 0 0 4 0 0 1 0 2 0 12
准确率:    1.0000 (39/39)
----------------------------------------
输入:       CLM> BSR> WDM> <L MDBXH DMRJ> >LHK
目标:     0 0 0 82 0 0 0 0 4 0 0 1 0 4 0 0 0 0 0 0 0 0 5 0 0 1 0 0 0 2 0 0 0 5 0
预测:     0 0 0 82 0 0 0 0 4 0 0 1 0 4 0 0 0 0 0 0 0 0 5 0 0 1 0 0 0 2 0 0 0 5 0
准确率:    1.0000 (35/35)
----------------------------------------

生成的验证样本:
--------------------------------------------------------------------------------
输入:       KLH NPCHWN B>R<> DB<LDBBJHWN DCBW >NWN WNYLWN
目标:     0 0 5 12 0 0 0 5 0 0 0 0 1 0 0 4 0 0 1 0 0 0 0 0 2 1 0 0 0 0 1 0 18 0 0 0 0 0 0 0 1 6 0 18 0 19
预测:     0 0 5 12 0 0 0 5 0 0 0 0 1 0 0 4 0 0 1 0 0 0 0 0 2 1 0 0 0 0 1 0 18 0 0 0 0 0 0 0 1 6 0 18 0 19
准确率:    1.0000 (46/46)
----------------------------------------
输入:       NPCHWN B>R<> DB<LDBBJHWN DCBW >NWN WNYLWN QDMJK
目标:     0 0 0 5 0 0 0 0 1 0 0 4 0 0 1 0 0 0 0 0 2 1 0 0 0 0 1 0 18 0 0 0 0 0 0 0 1 6 0 18 0 19 0 0 0 2 1 0
预测:     0 0 0 5 0 0 0 0 1 0 0 4 0 0 1 0 0 0 0 0 2 1 0 0 0 0 1 0 18 0 0 0 0 0 0 0 1 6 0 18 0 19 0 0 0 2 1 0
准确率:    1.0000 (48/48)
----------------------------------------
⏳ 验证无提升 (验证准确率: 0.9684 ≤ 0.9688)，patience: 4/50

======================================================================
🚀 Epoch 79/200
======================================================================
📚 开始训练阶段...
训练进度: 500/6065 损失=0.0127
训练进度: 1000/6065 损失=0.0084
训练进度: 1500/6065 损失=0.0214
训练进度: 2000/6065 损失=0.0138
训练进度: 2500/6065 损失=0.0178
训练进度: 3000/6065 损失=0.0077
训练进度: 3500/6065 损失=0.0149
训练进度: 4000/6065 损失=0.0306
训练进度: 4500/6065 损失=0.0125
训练进度: 5000/6065 损失=0.0182
训练进度: 5500/6065 损失=0.0518
训练进度: 6000/6065 损失=0.0114
训练进度: 6065/6065 损失=0.0306
✅ 训练完成，耗时: 110.1秒 (1.8分钟)

============================================================
📊 验证决策: Epoch 79/200
   验证间隔: 1
   是否验证: ✅ 是
   原因: 达到验证间隔 (0 == 0)
============================================================

🔍 开始验证...
验证进度: 500/686 损失=0.1177
验证进度: 686/686 损失=1.6773

📊 预测分布分析:
  - 预测的前5个类别: {np.int64(0): 282694, np.int64(1): 37048, np.int64(2): 14738, np.int64(3): 10849, np.int64(4): 8809}
  - 标签的前5个类别: {np.int64(0): 281232, np.int64(1): 36731, np.int64(2): 14789, np.int64(3): 10866, np.int64(4): 8585}
✅ 验证完成，耗时: 4.8秒 (0.1分钟)
训练损失: 0.0188
验证损失: 0.3874
验证准确率: 0.9685 (10618/10964) - 与Levenshtein高度相关
验证F1(加权): 0.9679 - 类别平衡更好
学习率: 0.000067
显存使用: 0.48GB (预留: 0.69GB)

生成的训练样本:
--------------------------------------------------------------------------------
输入:       QVJL> MN >JSRJL TLTJN GBRJN MVL D>MRJN
目标:     0 0 8 0 65 27 0 0 0 0 0 0 0 0 0 2 0 0 0 2 0 0 0 0 0 2 0 0 0 0 0 0 0 1 0 0 7 0 0
预测:     0 0 8 0 65 27 0 0 0 0 0 0 0 0 0 2 0 0 0 2 0 0 0 0 0 2 0 0 0 0 0 0 0 1 0 0 7 0 0
准确率:    1.0000 (39/39)
----------------------------------------
输入:       NTXBCWN KM> DJWMT> KRJN HWW DM<JHWN MTTR<N
目标:     0 21 14 0 0 3 0 0 0 0 0 0 0 1 0 0 2 23 0 0 0 42 0 0 0 0 18 0 0 0 0 13 1 0 0 0 0 21 14 0 0 128 0
预测:     0 21 14 0 0 3 0 0 0 0 0 0 0 1 0 0 2 23 0 0 0 42 0 0 0 0 18 0 0 0 0 13 1 0 0 0 0 21 14 0 0 128 0
准确率:    1.0000 (43/43)
----------------------------------------
输入:       <BDWHJ D<BD WBRK >LH> LJWM> CBJ<J> WQDCH
目标:     0 0 0 104 1 0 0 0 1 0 0 3 0 1 0 0 16 0 0 0 4 0 0 1 0 0 4 0 0 0 0 0 0 4 0 0 1 0 0 51 0
预测:     0 0 0 104 1 0 0 0 1 0 0 3 0 1 0 0 16 0 0 0 4 0 0 1 0 0 4 0 0 0 0 0 0 4 0 0 1 0 0 51 0
准确率:    1.0000 (41/41)
----------------------------------------

生成的验证样本:
--------------------------------------------------------------------------------
输入:       KLH NPCHWN B>R<> DB<LDBBJHWN DCBW >NWN WNYLWN
目标:     0 0 5 12 0 0 0 5 0 0 0 0 1 0 0 4 0 0 1 0 0 0 0 0 2 1 0 0 0 0 1 0 18 0 0 0 0 0 0 0 1 6 0 18 0 19
预测:     0 0 5 12 0 0 0 5 0 0 0 0 1 0 0 4 0 0 1 0 0 0 0 0 2 1 0 0 0 0 1 0 18 0 0 0 0 0 0 0 1 6 0 18 0 19
准确率:    1.0000 (46/46)
----------------------------------------
输入:       NPCHWN B>R<> DB<LDBBJHWN DCBW >NWN WNYLWN QDMJK
目标:     0 0 0 5 0 0 0 0 1 0 0 4 0 0 1 0 0 0 0 0 2 1 0 0 0 0 1 0 18 0 0 0 0 0 0 0 1 6 0 18 0 19 0 0 0 2 1 0
预测:     0 0 0 5 0 0 0 0 1 0 0 4 0 0 1 0 0 0 0 0 2 1 0 0 0 0 1 0 18 0 0 0 0 0 0 0 1 6 0 18 0 19 0 0 0 2 1 0
准确率:    1.0000 (48/48)
----------------------------------------
⏳ 验证无提升 (验证准确率: 0.9685 ≤ 0.9688)，patience: 5/50

======================================================================
🚀 Epoch 80/200
======================================================================
📚 开始训练阶段...
训练进度: 500/6065 损失=0.0072
训练进度: 1000/6065 损失=0.0201
训练进度: 1500/6065 损失=0.0174
训练进度: 2000/6065 损失=0.0286
训练进度: 2500/6065 损失=0.0208
训练进度: 3000/6065 损失=0.0062
训练进度: 3500/6065 损失=0.0240
训练进度: 4000/6065 损失=0.0231
训练进度: 4500/6065 损失=0.0318
训练进度: 5000/6065 损失=0.0191
训练进度: 5500/6065 损失=0.0335
训练进度: 6000/6065 损失=0.0206
训练进度: 6065/6065 损失=0.0130
✅ 训练完成，耗时: 110.2秒 (1.8分钟)

============================================================
📊 验证决策: Epoch 80/200
   验证间隔: 1
   是否验证: ✅ 是
   原因: 达到验证间隔 (0 == 0)
============================================================

🔍 开始验证...
验证进度: 500/686 损失=0.2181
验证进度: 686/686 损失=1.6223

📊 预测分布分析:
  - 预测的前5个类别: {np.int64(0): 282372, np.int64(1): 36998, np.int64(2): 14715, np.int64(3): 10659, np.int64(4): 8678}
  - 标签的前5个类别: {np.int64(0): 281232, np.int64(1): 36731, np.int64(2): 14789, np.int64(3): 10866, np.int64(4): 8585}
✅ 验证完成，耗时: 4.8秒 (0.1分钟)
训练损失: 0.0185
验证损失: 0.3781
验证准确率: 0.9682 (10615/10964) - 与Levenshtein高度相关
验证F1(加权): 0.9678 - 类别平衡更好
学习率: 0.000066
显存使用: 0.48GB (预留: 0.69GB)

生成的训练样本:
--------------------------------------------------------------------------------
输入:       BPWMK MVWL DB>JD> TQJPT> >PQK MRJ> MN
目标:     0 1 0 0 5 0 0 0 8 0 0 0 1 35 0 0 4 0 0 0 8 0 7 9 27 0 72 0 29 0 0 0 0 0 2 0 0 0
预测:     0 1 0 0 5 0 0 0 8 0 0 0 1 35 0 0 4 0 0 0 8 0 7 9 27 0 72 0 29 0 0 0 0 0 2 0 0 0
准确率:    1.0000 (38/38)
----------------------------------------
输入:       WMCLWTH WPJRMWHJ WKLHWN M>NWHJ T<BD DNXC> W<BD
目标:     0 1 0 0 10 2 32 0 0 1 0 0 0 25 1 0 0 0 1 0 5 0 0 0 0 0 0 25 1 0 0 0 6 0 0 3 0 1 0 0 4 0 0 36 0 0 3
预测:     0 1 0 0 10 2 32 0 0 1 0 0 0 25 1 0 0 0 1 0 5 0 0 0 0 0 0 25 1 0 0 0 6 0 0 3 0 1 0 0 4 0 0 36 0 0 3
准确率:    1.0000 (47/47)
----------------------------------------
输入:       KSJ> DQBWT> WXZ> WH> JBC >PJ >R<>
目标:     0 0 0 15 0 0 1 60 0 2 9 0 0 1 0 10 3 0 1 0 0 0 0 0 80 0 54 2 0 0 0 0 4 0
预测:     0 0 0 15 0 0 1 60 0 2 9 0 0 1 0 10 3 0 1 0 0 0 0 0 80 0 54 2 0 0 0 0 4 0
准确率:    1.0000 (34/34)
----------------------------------------

生成的验证样本:
--------------------------------------------------------------------------------
输入:       KLH NPCHWN B>R<> DB<LDBBJHWN DCBW >NWN WNYLWN
目标:     0 0 5 12 0 0 0 5 0 0 0 0 1 0 0 4 0 0 1 0 0 0 0 0 2 1 0 0 0 0 1 0 18 0 0 0 0 0 0 0 1 6 0 18 0 19
预测:     0 0 5 12 0 0 0 5 0 0 0 0 1 0 0 4 0 0 1 0 0 0 0 0 2 1 0 0 0 0 1 0 18 0 0 0 0 0 0 0 1 6 0 18 0 19
准确率:    1.0000 (46/46)
----------------------------------------
输入:       NPCHWN B>R<> DB<LDBBJHWN DCBW >NWN WNYLWN QDMJK
目标:     0 0 0 5 0 0 0 0 1 0 0 4 0 0 1 0 0 0 0 0 2 1 0 0 0 0 1 0 18 0 0 0 0 0 0 0 1 6 0 18 0 19 0 0 0 2 1 0
预测:     0 0 0 5 0 0 0 0 1 0 0 4 0 0 1 0 0 0 0 0 2 1 0 0 0 0 1 0 18 0 0 0 0 0 0 0 1 6 0 18 0 19 0 0 0 2 1 0
准确率:    1.0000 (48/48)
----------------------------------------
⏳ 验证无提升 (验证准确率: 0.9682 ≤ 0.9688)，patience: 6/50

======================================================================
🚀 Epoch 81/200
======================================================================
📚 开始训练阶段...
训练进度: 500/6065 损失=0.0453
训练进度: 1000/6065 损失=0.0069
训练进度: 1500/6065 损失=0.0167
训练进度: 2000/6065 损失=0.0164
训练进度: 2500/6065 损失=0.0169
训练进度: 3000/6065 损失=0.0119
训练进度: 3500/6065 损失=0.0079
训练进度: 4000/6065 损失=0.0119
训练进度: 4500/6065 损失=0.0111
训练进度: 5000/6065 损失=0.0048
训练进度: 5500/6065 损失=0.0035
训练进度: 6000/6065 损失=0.0178
训练进度: 6065/6065 损失=0.0241
✅ 训练完成，耗时: 110.1秒 (1.8分钟)

============================================================
📊 验证决策: Epoch 81/200
   验证间隔: 1
   是否验证: ✅ 是
   原因: 达到验证间隔 (0 == 0)
============================================================

🔍 开始验证...
验证进度: 500/686 损失=0.1813
验证进度: 686/686 损失=1.6923

📊 预测分布分析:
  - 预测的前5个类别: {np.int64(0): 282426, np.int64(1): 36955, np.int64(2): 14709, np.int64(3): 10844, np.int64(4): 8987}
  - 标签的前5个类别: {np.int64(0): 281232, np.int64(1): 36731, np.int64(2): 14789, np.int64(3): 10866, np.int64(4): 8585}
✅ 验证完成，耗时: 4.8秒 (0.1分钟)
训练损失: 0.0181
验证损失: 0.3947
验证准确率: 0.9685 (10618/10964) - 与Levenshtein高度相关
验证F1(加权): 0.9679 - 类别平衡更好
学习率: 0.000065
显存使用: 0.48GB (预留: 0.69GB)

生成的训练样本:
--------------------------------------------------------------------------------
输入:       BJCT> TWRQ >NJN >PWHJ DB<LH WTWKM >NJN
目标:     0 0 0 2 9 0 0 142 0 0 33 0 0 0 0 0 0 54 25 1 0 0 0 1 0 0 5 12 0 1 142 0 0 3 0 0 0 0 0
预测:     0 0 0 2 9 0 0 142 0 0 33 0 0 0 0 0 0 54 25 1 0 0 0 1 0 0 5 12 0 1 142 0 0 3 0 0 0 0 0
准确率:    1.0000 (39/39)
----------------------------------------
输入:       DDN NGR W>WMN WYJR BTKLT> WB>RGWN> WBYWB<>
目标:     0 1 0 2 0 0 0 22 0 1 0 0 0 2 0 1 0 0 2 0 1 0 0 13 9 0 0 1 1 0 0 0 0 4 0 0 1 1 0 0 0 4 0
预测:     0 1 0 2 0 0 0 22 0 1 0 0 0 2 0 1 0 0 2 0 1 0 0 13 9 0 0 1 1 0 0 0 0 4 0 0 1 1 0 0 0 4 0
准确率:    1.0000 (43/43)
----------------------------------------
输入:       B>R<> D<BRJN >NTWN JWRDNN LM>RTH W>MR MRJ>
目标:     0 1 0 0 4 0 0 1 0 0 7 0 0 0 0 0 0 0 0 0 0 0 0 0 0 2 0 1 73 0 0 74 12 0 1 0 0 3 0 0 0 0 2
预测:     0 1 0 0 4 0 0 1 0 0 7 0 0 0 0 0 0 0 0 0 0 0 0 0 0 2 0 1 73 0 0 74 12 0 1 0 0 3 0 0 0 0 2
准确率:    1.0000 (43/43)
----------------------------------------

生成的验证样本:
--------------------------------------------------------------------------------
输入:       KLH NPCHWN B>R<> DB<LDBBJHWN DCBW >NWN WNYLWN
目标:     0 0 5 12 0 0 0 5 0 0 0 0 1 0 0 4 0 0 1 0 0 0 0 0 2 1 0 0 0 0 1 0 18 0 0 0 0 0 0 0 1 6 0 18 0 19
预测:     0 0 5 12 0 0 0 5 0 0 0 0 1 0 0 4 0 0 1 0 0 0 0 0 2 1 0 0 0 0 1 0 18 0 0 0 0 0 0 0 1 6 0 18 0 19
准确率:    1.0000 (46/46)
----------------------------------------
输入:       NPCHWN B>R<> DB<LDBBJHWN DCBW >NWN WNYLWN QDMJK
目标:     0 0 0 5 0 0 0 0 1 0 0 4 0 0 1 0 0 0 0 0 2 1 0 0 0 0 1 0 18 0 0 0 0 0 0 0 1 6 0 18 0 19 0 0 0 2 1 0
预测:     0 0 0 5 0 0 0 0 1 0 0 4 0 0 1 0 0 0 0 0 2 1 0 0 0 0 1 0 18 0 0 0 0 0 0 0 1 6 0 18 0 19 0 0 0 2 1 0
准确率:    1.0000 (48/48)
----------------------------------------
⏳ 验证无提升 (验证准确率: 0.9685 ≤ 0.9688)，patience: 7/50

======================================================================
🚀 Epoch 82/200
======================================================================
📚 开始训练阶段...
训练进度: 500/6065 损失=0.0104
训练进度: 1000/6065 损失=0.0225
训练进度: 1500/6065 损失=0.0132
训练进度: 2000/6065 损失=0.0343
训练进度: 2500/6065 损失=0.0248
训练进度: 3000/6065 损失=0.0104
训练进度: 3500/6065 损失=0.0208
训练进度: 4000/6065 损失=0.0326
训练进度: 4500/6065 损失=0.0149
训练进度: 5000/6065 损失=0.0215
训练进度: 5500/6065 损失=0.0178
训练进度: 6000/6065 损失=0.0067
训练进度: 6065/6065 损失=0.0134
✅ 训练完成，耗时: 110.0秒 (1.8分钟)

============================================================
📊 验证决策: Epoch 82/200
   验证间隔: 1
   是否验证: ✅ 是
   原因: 达到验证间隔 (0 == 0)
============================================================

🔍 开始验证...
验证进度: 500/686 损失=0.1036
验证进度: 686/686 损失=1.4693

📊 预测分布分析:
  - 预测的前5个类别: {np.int64(0): 282728, np.int64(1): 37051, np.int64(2): 14707, np.int64(3): 10740, np.int64(4): 8635}
  - 标签的前5个类别: {np.int64(0): 281232, np.int64(1): 36731, np.int64(2): 14789, np.int64(3): 10866, np.int64(4): 8585}
✅ 验证完成，耗时: 4.8秒 (0.1分钟)
训练损失: 0.0178
验证损失: 0.3932
验证准确率: 0.9688 (10621/10964) - 与Levenshtein高度相关
验证F1(加权): 0.9681 - 类别平衡更好
学习率: 0.000064
显存使用: 0.48GB (预留: 0.69GB)

生成的训练样本:
--------------------------------------------------------------------------------
输入:       DBVNT ZLT B<JNJH NDWN MRJ> BJNJ WLK
目标:     0 1 0 0 3 26 0 0 53 92 0 1 0 0 2 1 12 0 6 0 0 3 0 0 0 0 2 0 0 0 2 0 0 1 1 0
预测:     0 1 0 0 3 26 0 0 53 92 0 1 0 0 2 1 12 0 6 0 0 3 0 0 0 0 2 0 0 0 2 0 0 1 1 0
准确率:    1.0000 (36/36)
----------------------------------------
输入:       VWBN> D<WL> <MHWN L> <MR <M> DMKS
目标:     0 0 0 0 11 0 0 1 0 0 15 0 0 0 1 0 0 0 0 0 0 0 0 0 7 0 0 15 0 0 1 6 0 298
预测:     0 0 0 0 11 0 0 1 0 0 15 0 0 0 1 0 0 0 0 0 0 0 0 0 7 0 0 15 0 0 1 6 0 298
准确率:    1.0000 (34/34)
----------------------------------------
输入:       >GR> WKL >NC >JK <BDWHJ MCKX QDMWHJ
目标:     0 0 0 4 0 0 1 0 2 0 0 0 2 0 0 0 0 0 0 0 104 1 0 0 8 0 0 0 7 0 0 0 25 1 0 0
预测:     0 0 0 4 0 0 1 0 2 0 0 0 2 0 0 0 0 0 0 0 104 1 0 0 8 0 0 0 7 0 0 0 25 1 0 0
准确率:    1.0000 (36/36)
----------------------------------------

生成的验证样本:
--------------------------------------------------------------------------------
输入:       KLH NPCHWN B>R<> DB<LDBBJHWN DCBW >NWN WNYLWN
目标:     0 0 5 12 0 0 0 5 0 0 0 0 1 0 0 4 0 0 1 0 0 0 0 0 2 1 0 0 0 0 1 0 18 0 0 0 0 0 0 0 1 6 0 18 0 19
预测:     0 0 5 12 0 0 0 5 0 0 0 0 1 0 0 4 0 0 1 0 0 0 0 0 2 1 0 0 0 0 1 0 18 0 0 0 0 0 0 0 1 6 0 18 0 19
准确率:    1.0000 (46/46)
----------------------------------------
输入:       NPCHWN B>R<> DB<LDBBJHWN DCBW >NWN WNYLWN QDMJK
目标:     0 0 0 5 0 0 0 0 1 0 0 4 0 0 1 0 0 0 0 0 2 1 0 0 0 0 1 0 18 0 0 0 0 0 0 0 1 6 0 18 0 19 0 0 0 2 1 0
预测:     0 0 0 5 0 0 0 0 1 0 0 4 0 0 1 0 0 0 0 0 2 1 0 0 0 0 1 0 18 0 0 0 0 0 0 0 1 6 0 18 0 19 0 0 0 2 1 0
准确率:    1.0000 (48/48)
----------------------------------------
⏳ 验证无提升 (验证准确率: 0.9688 ≤ 0.9688)，patience: 8/50

======================================================================
🚀 Epoch 83/200
======================================================================
📚 开始训练阶段...
训练进度: 500/6065 损失=0.0062
训练进度: 1000/6065 损失=0.0048
训练进度: 1500/6065 损失=0.0214
训练进度: 2000/6065 损失=0.0089
训练进度: 2500/6065 损失=0.0264
训练进度: 3000/6065 损失=0.0085
训练进度: 3500/6065 损失=0.0148
训练进度: 4000/6065 损失=0.0207
训练进度: 4500/6065 损失=0.0113
训练进度: 5000/6065 损失=0.0169
训练进度: 5500/6065 损失=0.0225
训练进度: 6000/6065 损失=0.0199
训练进度: 6065/6065 损失=0.0136
✅ 训练完成，耗时: 109.9秒 (1.8分钟)

============================================================
📊 验证决策: Epoch 83/200
   验证间隔: 1
   是否验证: ✅ 是
   原因: 达到验证间隔 (0 == 0)
============================================================

🔍 开始验证...
验证进度: 500/686 损失=0.2537
验证进度: 686/686 损失=1.6600

📊 预测分布分析:
  - 预测的前5个类别: {np.int64(0): 282769, np.int64(1): 36997, np.int64(2): 14694, np.int64(3): 10775, np.int64(4): 8963}
  - 标签的前5个类别: {np.int64(0): 281232, np.int64(1): 36731, np.int64(2): 14789, np.int64(3): 10866, np.int64(4): 8585}
✅ 验证完成，耗时: 4.8秒 (0.1分钟)
训练损失: 0.0174
验证损失: 0.3900
验证准确率: 0.9686 (10619/10964) - 与Levenshtein高度相关
验证F1(加权): 0.9679 - 类别平衡更好
学习率: 0.000064
显存使用: 0.48GB (预留: 0.69GB)

生成的训练样本:
--------------------------------------------------------------------------------
输入:       DJ<W LKWN BXQL> WNTMLWN BTJK WBTJHWN D<BDJK
目标:     0 1 0 18 0 0 1 0 0 0 0 1 0 0 4 0 0 1 21 14 0 18 0 0 0 38 2 1 0 0 1 38 2 1 0 0 0 0 1 0 0 22 1 0
预测:     0 1 0 18 0 0 1 0 0 0 0 1 0 0 4 0 0 1 21 14 0 18 0 0 0 38 2 1 0 0 1 38 2 1 0 0 0 0 1 0 0 22 1 0
准确率:    1.0000 (44/44)
----------------------------------------
输入:       KTJBJN BSPR DBRJMJN DMLK> D>JSRJL WCKB JWRB<M
目标:     0 0 8 0 7 0 27 0 1 0 0 2 0 0 0 0 0 0 0 2 0 1 0 0 11 0 0 1 0 0 0 0 0 2 0 1 0 0 3 0 0 0 0 0 0 2
预测:     0 0 8 0 7 0 27 0 1 0 0 2 0 0 0 0 0 0 0 2 0 1 0 0 11 0 0 1 0 0 0 0 0 2 0 1 0 0 3 0 0 0 0 0 0 2
准确率:    1.0000 (46/46)
----------------------------------------
输入:       BMRJ> SBRT >JKN >MRJN >NTWN LNPCJ NWDJ
目标:     0 1 0 0 0 2 0 0 0 3 19 0 0 0 0 0 0 0 0 7 0 0 0 0 0 0 0 0 0 1 0 0 5 0 6 0 0 3 0
预测:     0 1 0 0 0 2 0 0 0 3 19 0 0 0 0 0 0 0 0 7 0 0 0 0 0 0 0 0 0 1 0 0 5 0 6 0 0 3 0
准确率:    1.0000 (39/39)
----------------------------------------

生成的验证样本:
--------------------------------------------------------------------------------
输入:       KLH NPCHWN B>R<> DB<LDBBJHWN DCBW >NWN WNYLWN
目标:     0 0 5 12 0 0 0 5 0 0 0 0 1 0 0 4 0 0 1 0 0 0 0 0 2 1 0 0 0 0 1 0 18 0 0 0 0 0 0 0 1 6 0 18 0 19
预测:     0 0 5 12 0 0 0 5 0 0 0 0 1 0 0 4 0 0 1 0 0 0 0 0 2 1 0 0 0 0 1 0 18 0 0 0 0 0 0 0 1 6 0 18 0 19
准确率:    1.0000 (46/46)
----------------------------------------
输入:       NPCHWN B>R<> DB<LDBBJHWN DCBW >NWN WNYLWN QDMJK
目标:     0 0 0 5 0 0 0 0 1 0 0 4 0 0 1 0 0 0 0 0 2 1 0 0 0 0 1 0 18 0 0 0 0 0 0 0 1 6 0 18 0 19 0 0 0 2 1 0
预测:     0 0 0 5 0 0 0 0 1 0 0 4 0 0 1 0 0 0 0 0 2 1 0 0 0 0 1 0 18 0 0 0 0 0 0 0 1 6 0 18 0 19 0 0 0 2 1 0
准确率:    1.0000 (48/48)
----------------------------------------
⏳ 验证无提升 (验证准确率: 0.9686 ≤ 0.9688)，patience: 9/50

======================================================================
🚀 Epoch 84/200
======================================================================
📚 开始训练阶段...
训练进度: 500/6065 损失=0.0116
训练进度: 1000/6065 损失=0.0013
训练进度: 1500/6065 损失=0.0361
训练进度: 2000/6065 损失=0.0064
训练进度: 2500/6065 损失=0.0135
训练进度: 3000/6065 损失=0.0208
训练进度: 3500/6065 损失=0.0188
训练进度: 4000/6065 损失=0.0341
训练进度: 4500/6065 损失=0.0180
训练进度: 5000/6065 损失=0.0193
训练进度: 5500/6065 损失=0.0263
训练进度: 6000/6065 损失=0.0273
训练进度: 6065/6065 损失=0.0100
✅ 训练完成，耗时: 109.8秒 (1.8分钟)

============================================================
📊 验证决策: Epoch 84/200
   验证间隔: 1
   是否验证: ✅ 是
   原因: 达到验证间隔 (0 == 0)
============================================================

🔍 开始验证...
验证进度: 500/686 损失=0.1176
验证进度: 686/686 损失=1.7031

📊 预测分布分析:
  - 预测的前5个类别: {np.int64(0): 282839, np.int64(1): 37073, np.int64(2): 14743, np.int64(3): 10748, np.int64(4): 8991}
  - 标签的前5个类别: {np.int64(0): 281232, np.int64(1): 36731, np.int64(2): 14789, np.int64(3): 10866, np.int64(4): 8585}
✅ 验证完成，耗时: 4.8秒 (0.1分钟)
训练损失: 0.0171
验证损失: 0.3961
验证准确率: 0.9691 (10625/10964) - 与Levenshtein高度相关
验证F1(加权): 0.9685 - 类别平衡更好
学习率: 0.000063
显存使用: 0.48GB (预留: 0.69GB)

生成的训练样本:
--------------------------------------------------------------------------------
输入:       >P MN D>CTKX >SQP> B>JDH >MR LHWN
目标:     0 0 0 0 0 12 0 1 47 39 0 0 3 0 0 0 0 4 0 0 35 0 0 5 0 0 0 0 7 0 1 0 0 0
预测:     0 0 0 0 0 12 0 1 47 39 0 0 3 0 0 0 0 4 0 0 35 0 0 5 0 0 0 0 7 0 1 0 0 0
准确率:    1.0000 (34/34)
----------------------------------------
输入:       WKD HW> CPR> >CTRJW GBR> LM>ZL HNWN
目标:     0 1 0 0 0 0 10 3 0 0 0 15 0 0 47 39 0 0 3 0 0 0 0 11 0 0 1 6 0 0 7 0 0 0 0 0
预测:     0 1 0 0 0 0 10 3 0 0 0 15 0 0 47 39 0 0 3 0 0 0 0 11 0 0 1 6 0 0 7 0 0 0 0 0
准确率:    1.0000 (36/36)
----------------------------------------
输入:       PR<WN D<MH BXBWCJ> BJT MRH W>MR LHWN
目标:     0 0 0 0 0 2 0 1 0 1 0 0 1 0 0 0 8 4 0 0 0 0 2 0 0 56 0 0 1 0 0 3 0 1 0 0 0
预测:     0 0 0 0 0 2 0 1 0 1 0 0 1 0 0 0 8 4 0 0 0 0 2 0 0 56 0 0 1 0 0 3 0 1 0 0 0
准确率:    1.0000 (37/37)
----------------------------------------

生成的验证样本:
--------------------------------------------------------------------------------
输入:       KLH NPCHWN B>R<> DB<LDBBJHWN DCBW >NWN WNYLWN
目标:     0 0 5 12 0 0 0 5 0 0 0 0 1 0 0 4 0 0 1 0 0 0 0 0 2 1 0 0 0 0 1 0 18 0 0 0 0 0 0 0 1 6 0 18 0 19
预测:     0 0 5 12 0 0 0 5 0 0 0 0 1 0 0 4 0 0 1 0 0 0 0 0 2 1 0 0 0 0 1 0 18 0 0 0 0 0 0 0 1 6 0 18 0 19
准确率:    1.0000 (46/46)
----------------------------------------
输入:       NPCHWN B>R<> DB<LDBBJHWN DCBW >NWN WNYLWN QDMJK
目标:     0 0 0 5 0 0 0 0 1 0 0 4 0 0 1 0 0 0 0 0 2 1 0 0 0 0 1 0 18 0 0 0 0 0 0 0 1 6 0 18 0 19 0 0 0 2 1 0
预测:     0 0 0 5 0 0 0 0 1 0 0 4 0 0 1 0 0 0 0 0 2 1 0 0 0 0 1 0 18 0 0 0 0 0 0 0 1 6 0 18 0 19 0 0 0 2 1 0
准确率:    1.0000 (48/48)
----------------------------------------
💾 保存新的最佳模型！验证准确率: 0.9691 (F1: 0.9685) (Epoch 84)

======================================================================
🚀 Epoch 85/200
======================================================================
📚 开始训练阶段...
训练进度: 500/6065 损失=0.0077
训练进度: 1000/6065 损失=0.0035
训练进度: 1500/6065 损失=0.0036
训练进度: 2000/6065 损失=0.0429
训练进度: 2500/6065 损失=0.0263
训练进度: 3000/6065 损失=0.0171
训练进度: 3500/6065 损失=0.0176
训练进度: 4000/6065 损失=0.0216
训练进度: 4500/6065 损失=0.0059
训练进度: 5000/6065 损失=0.0225
训练进度: 5500/6065 损失=0.0121
训练进度: 6000/6065 损失=0.0039
训练进度: 6065/6065 损失=0.0151
✅ 训练完成，耗时: 109.7秒 (1.8分钟)

============================================================
📊 验证决策: Epoch 85/200
   验证间隔: 1
   是否验证: ✅ 是
   原因: 达到验证间隔 (0 == 0)
============================================================

🔍 开始验证...
验证进度: 500/686 损失=0.2347
验证进度: 686/686 损失=1.4674

📊 预测分布分析:
  - 预测的前5个类别: {np.int64(0): 282800, np.int64(1): 37100, np.int64(2): 14772, np.int64(3): 10761, np.int64(4): 8796}
  - 标签的前5个类别: {np.int64(0): 281232, np.int64(1): 36731, np.int64(2): 14789, np.int64(3): 10866, np.int64(4): 8585}
✅ 验证完成，耗时: 4.8秒 (0.1分钟)
训练损失: 0.0166
验证损失: 0.4074
验证准确率: 0.9681 (10614/10964) - 与Levenshtein高度相关
验证F1(加权): 0.9674 - 类别平衡更好
学习率: 0.000062
显存使用: 0.48GB (预留: 0.69GB)

生成的训练样本:
--------------------------------------------------------------------------------
输入:       BH MN >JDJ TB<JHJ >N L> >JTJWHJ
目标:     0 1 0 0 0 0 8 0 0 2 46 6 0 0 3 1 0 0 0 0 0 0 0 0 0 68 0 0 86 0 0 0
预测:     0 1 0 0 0 0 8 0 0 2 46 6 0 0 3 1 0 0 0 0 0 0 0 0 0 68 0 0 86 0 0 0
准确率:    1.0000 (32/32)
----------------------------------------
输入:       BGWH DQRJT> W<RQW LTMN KLHWN GBR> WNC>
目标:     0 1 0 5 12 0 1 0 0 22 9 0 0 1 0 0 3 0 0 1 0 0 0 0 0 5 0 0 0 0 0 0 11 0 0 1 0 11 0
预测:     0 1 0 5 12 0 1 0 0 22 9 0 0 1 0 0 3 0 0 1 0 0 0 0 0 5 0 0 0 0 0 0 11 0 0 1 0 11 0
准确率:    1.0000 (39/39)
----------------------------------------
输入:       D>TNVR DNSG> BGWH DWKRNK BRK JWNN LMDJNTN
目标:     0 1 0 14 0 0 16 0 1 6 0 10 3 0 1 0 5 0 0 0 0 0 0 5 0 6 0 0 3 0 0 0 0 2 0 1 0 0 0 13 1 0
预测:     0 1 0 14 0 0 16 0 1 6 0 10 3 0 1 0 5 0 0 0 0 0 0 5 0 6 0 0 3 0 0 0 0 2 0 1 0 0 0 13 1 0
准确率:    1.0000 (42/42)
----------------------------------------

生成的验证样本:
--------------------------------------------------------------------------------
输入:       KLH NPCHWN B>R<> DB<LDBBJHWN DCBW >NWN WNYLWN
目标:     0 0 5 12 0 0 0 5 0 0 0 0 1 0 0 4 0 0 1 0 0 0 0 0 2 1 0 0 0 0 1 0 18 0 0 0 0 0 0 0 1 6 0 18 0 19
预测:     0 0 5 12 0 0 0 5 0 0 0 0 1 0 0 4 0 0 1 0 0 0 0 0 2 1 0 0 0 0 1 0 18 0 0 0 0 0 0 0 1 6 0 18 0 19
准确率:    1.0000 (46/46)
----------------------------------------
输入:       NPCHWN B>R<> DB<LDBBJHWN DCBW >NWN WNYLWN QDMJK
目标:     0 0 0 5 0 0 0 0 1 0 0 4 0 0 1 0 0 0 0 0 2 1 0 0 0 0 1 0 18 0 0 0 0 0 0 0 1 6 0 18 0 19 0 0 0 2 1 0
预测:     0 0 0 5 0 0 0 0 1 0 0 4 0 0 1 0 0 0 0 0 2 1 0 0 0 0 1 0 18 0 0 0 0 0 0 0 1 6 0 18 0 19 0 0 0 2 1 0
准确率:    1.0000 (48/48)
----------------------------------------
⏳ 验证无提升 (验证准确率: 0.9681 ≤ 0.9691)，patience: 1/50

======================================================================
🚀 Epoch 86/200
======================================================================
📚 开始训练阶段...
训练进度: 500/6065 损失=0.0192
训练进度: 1000/6065 损失=0.0145
训练进度: 1500/6065 损失=0.0263
训练进度: 2000/6065 损失=0.0115
训练进度: 2500/6065 损失=0.0120
训练进度: 3000/6065 损失=0.0407
训练进度: 3500/6065 损失=0.0164
训练进度: 4000/6065 损失=0.0144
训练进度: 4500/6065 损失=0.0312
训练进度: 5000/6065 损失=0.0136
训练进度: 5500/6065 损失=0.0098
训练进度: 6000/6065 损失=0.0094
训练进度: 6065/6065 损失=0.0126
✅ 训练完成，耗时: 109.7秒 (1.8分钟)

============================================================
📊 验证决策: Epoch 86/200
   验证间隔: 1
   是否验证: ✅ 是
   原因: 达到验证间隔 (0 == 0)
============================================================

🔍 开始验证...
验证进度: 500/686 损失=0.3320
验证进度: 686/686 损失=1.5525

📊 预测分布分析:
  - 预测的前5个类别: {np.int64(0): 282713, np.int64(1): 37022, np.int64(2): 14675, np.int64(3): 10879, np.int64(4): 8874}
  - 标签的前5个类别: {np.int64(0): 281232, np.int64(1): 36731, np.int64(2): 14789, np.int64(3): 10866, np.int64(4): 8585}
✅ 验证完成，耗时: 4.8秒 (0.1分钟)
训练损失: 0.0162
验证损失: 0.4027
验证准确率: 0.9684 (10617/10964) - 与Levenshtein高度相关
验证F1(加权): 0.9677 - 类别平衡更好
学习率: 0.000061
显存使用: 0.48GB (预留: 0.69GB)

生成的训练样本:
--------------------------------------------------------------------------------
输入:       WYR TRJN <MWD> DNXC> RWMH D<MWD> XD
目标:     0 1 31 116 0 0 2 0 12 0 0 0 0 11 0 0 1 0 0 4 0 0 0 0 37 0 0 1 0 0 0 4 0 0 0 2
预测:     0 1 31 116 0 0 2 0 12 0 0 0 0 11 0 0 1 0 0 4 0 0 0 0 37 0 0 1 0 0 0 4 0 0 0 2
准确率:    1.0000 (36/36)
----------------------------------------
输入:       ZR<H ><L <MH LMYRJN WHLJN CMH> DBNJ
目标:     0 0 0 5 0 0 17 0 53 0 0 1 0 0 1 0 0 0 0 2 0 1 0 0 0 0 0 0 8 11 0 0 1 0 2 0
预测:     0 0 0 5 0 0 17 0 53 0 0 1 0 0 1 0 0 0 0 2 0 1 0 0 0 0 0 0 8 11 0 0 1 0 2 0
准确率:    1.0000 (36/36)
----------------------------------------
输入:       DJLN >JK XLM> HJ WB<JNJ HJ B<WT>
目标:     0 0 0 1 0 0 0 0 0 0 0 0 15 0 0 0 26 0 1 1 0 0 2 12 0 0 26 0 0 0 2 9 0
预测:     0 0 0 1 0 0 0 0 0 0 0 0 15 0 0 0 26 0 1 1 0 0 2 12 0 0 26 0 0 0 2 9 0
准确率:    1.0000 (33/33)
----------------------------------------

生成的验证样本:
--------------------------------------------------------------------------------
输入:       KLH NPCHWN B>R<> DB<LDBBJHWN DCBW >NWN WNYLWN
目标:     0 0 5 12 0 0 0 5 0 0 0 0 1 0 0 4 0 0 1 0 0 0 0 0 2 1 0 0 0 0 1 0 18 0 0 0 0 0 0 0 1 6 0 18 0 19
预测:     0 0 5 12 0 0 0 5 0 0 0 0 1 0 0 4 0 0 1 0 0 0 0 0 2 1 0 0 0 0 1 0 18 0 0 0 0 0 0 0 1 6 0 18 0 19
准确率:    1.0000 (46/46)
----------------------------------------
输入:       NPCHWN B>R<> DB<LDBBJHWN DCBW >NWN WNYLWN QDMJK
目标:     0 0 0 5 0 0 0 0 1 0 0 4 0 0 1 0 0 0 0 0 2 1 0 0 0 0 1 0 18 0 0 0 0 0 0 0 1 6 0 18 0 19 0 0 0 2 1 0
预测:     0 0 0 5 0 0 0 0 1 0 0 4 0 0 1 0 0 0 0 0 2 1 0 0 0 0 1 0 18 0 0 0 0 0 0 0 1 6 0 18 0 19 0 0 0 2 1 0
准确率:    1.0000 (48/48)
----------------------------------------
⏳ 验证无提升 (验证准确率: 0.9684 ≤ 0.9691)，patience: 2/50

======================================================================
🚀 Epoch 87/200
======================================================================
📚 开始训练阶段...
训练进度: 500/6065 损失=0.0398
训练进度: 1000/6065 损失=0.0135
训练进度: 1500/6065 损失=0.0270
训练进度: 2000/6065 损失=0.0043
训练进度: 2500/6065 损失=0.0166
训练进度: 3000/6065 损失=0.0100
训练进度: 3500/6065 损失=0.0203
训练进度: 4000/6065 损失=0.0108
训练进度: 4500/6065 损失=0.0227
训练进度: 5000/6065 损失=0.0177
训练进度: 5500/6065 损失=0.0032
训练进度: 6000/6065 损失=0.0222
训练进度: 6065/6065 损失=0.0057
✅ 训练完成，耗时: 110.0秒 (1.8分钟)

============================================================
📊 验证决策: Epoch 87/200
   验证间隔: 1
   是否验证: ✅ 是
   原因: 达到验证间隔 (0 == 0)
============================================================

🔍 开始验证...
验证进度: 500/686 损失=0.2364
验证进度: 686/686 损失=1.5226

📊 预测分布分析:
  - 预测的前5个类别: {np.int64(0): 283141, np.int64(1): 37056, np.int64(2): 14711, np.int64(3): 10713, np.int64(4): 8772}
  - 标签的前5个类别: {np.int64(0): 281232, np.int64(1): 36731, np.int64(2): 14789, np.int64(3): 10866, np.int64(4): 8585}
✅ 验证完成，耗时: 4.8秒 (0.1分钟)
训练损失: 0.0159
验证损失: 0.4154
验证准确率: 0.9682 (10615/10964) - 与Levenshtein高度相关
验证F1(加权): 0.9674 - 类别平衡更好
学习率: 0.000061
显存使用: 0.47GB (预留: 0.69GB)

生成的训练样本:
--------------------------------------------------------------------------------
输入:       WRGL> DGBR> D<MH WSMW QDMJHWN LML<S W>MR
目标:     0 1 0 0 11 0 0 1 0 0 11 0 0 1 0 1 0 0 1 31 3 0 0 0 0 2 1 0 0 0 0 1 6 0 0 7 0 1 0 0 3
预测:     0 1 0 0 11 0 0 1 0 0 11 0 0 1 0 1 0 0 1 31 3 0 0 0 0 2 1 0 0 0 0 1 6 0 0 7 0 1 0 0 3
准确率:    1.0000 (41/41)
----------------------------------------
输入:       HWT RBT> L>LH> MRD> TLT> JWMJN WCRJ
目标:     0 0 18 26 0 0 2 9 0 0 1 0 0 4 0 0 0 0 0 2 0 0 0 2 0 0 0 0 2 0 0 0 1 0 0 16
预测:     0 0 18 26 0 0 2 9 0 0 1 0 0 4 0 0 0 0 0 2 0 0 0 2 0 0 0 0 2 0 0 0 1 0 0 16
准确率:    1.0000 (36/36)
----------------------------------------
输入:       LMWBDW MN QDMJKWN <MM> DRWRBJN W<CJNJN MNKWN
目标:     0 1 68 0 0 7 0 0 0 0 0 0 0 2 1 0 0 0 0 0 8 30 0 0 1 0 0 0 2 0 0 0 1 0 8 0 7 0 27 0 0 1 0 0 0
预测:     0 1 68 0 0 7 0 0 0 0 0 0 0 2 1 0 0 0 0 0 8 30 0 0 1 0 0 0 2 0 0 0 1 0 8 0 7 0 27 0 0 1 0 0 0
准确率:    1.0000 (45/45)
----------------------------------------

生成的验证样本:
--------------------------------------------------------------------------------
输入:       KLH NPCHWN B>R<> DB<LDBBJHWN DCBW >NWN WNYLWN
目标:     0 0 5 12 0 0 0 5 0 0 0 0 1 0 0 4 0 0 1 0 0 0 0 0 2 1 0 0 0 0 1 0 18 0 0 0 0 0 0 0 1 6 0 18 0 19
预测:     0 0 5 12 0 0 0 5 0 0 0 0 1 0 0 4 0 0 1 0 0 0 0 0 2 1 0 0 0 0 1 0 18 0 0 0 0 0 0 0 1 6 0 18 0 19
准确率:    1.0000 (46/46)
----------------------------------------
输入:       NPCHWN B>R<> DB<LDBBJHWN DCBW >NWN WNYLWN QDMJK
目标:     0 0 0 5 0 0 0 0 1 0 0 4 0 0 1 0 0 0 0 0 2 1 0 0 0 0 1 0 18 0 0 0 0 0 0 0 1 6 0 18 0 19 0 0 0 2 1 0
预测:     0 0 0 5 0 0 0 0 1 0 0 4 0 0 1 0 0 0 0 0 2 1 0 0 0 0 1 0 18 0 0 0 0 0 0 0 1 6 0 18 0 19 0 0 0 2 1 0
准确率:    1.0000 (48/48)
----------------------------------------
⏳ 验证无提升 (验证准确率: 0.9682 ≤ 0.9691)，patience: 3/50

======================================================================
🚀 Epoch 88/200
======================================================================
📚 开始训练阶段...
训练进度: 500/6065 损失=0.0090
训练进度: 1000/6065 损失=0.0025
训练进度: 1500/6065 损失=0.0183
训练进度: 2000/6065 损失=0.0059
训练进度: 2500/6065 损失=0.0294
训练进度: 3000/6065 损失=0.0114
训练进度: 3500/6065 损失=0.0284
训练进度: 4000/6065 损失=0.0245
训练进度: 4500/6065 损失=0.0078
训练进度: 5000/6065 损失=0.0108
训练进度: 5500/6065 损失=0.0094
训练进度: 6000/6065 损失=0.0278
训练进度: 6065/6065 损失=0.0121
✅ 训练完成，耗时: 110.1秒 (1.8分钟)

============================================================
📊 验证决策: Epoch 88/200
   验证间隔: 1
   是否验证: ✅ 是
   原因: 达到验证间隔 (0 == 0)
============================================================

🔍 开始验证...
验证进度: 500/686 损失=0.1184
验证进度: 686/686 损失=1.5650

📊 预测分布分析:
  - 预测的前5个类别: {np.int64(0): 282723, np.int64(1): 37043, np.int64(2): 14656, np.int64(3): 10689, np.int64(4): 8919}
  - 标签的前5个类别: {np.int64(0): 281232, np.int64(1): 36731, np.int64(2): 14789, np.int64(3): 10866, np.int64(4): 8585}
✅ 验证完成，耗时: 4.8秒 (0.1分钟)
训练损失: 0.0157
验证损失: 0.4078
验证准确率: 0.9685 (10618/10964) - 与Levenshtein高度相关
验证F1(加权): 0.9678 - 类别平衡更好
学习率: 0.000060
显存使用: 0.48GB (预留: 0.69GB)

生成的训练样本:
--------------------------------------------------------------------------------
输入:       D>DWM WL> >CKX WNSB LBRH BWKRH DHW
目标:     0 1 0 0 0 2 0 1 0 0 8 0 0 0 3 0 1 0 0 3 0 1 0 5 0 0 0 0 0 5 0 0 1 0 0
预测:     0 1 0 0 0 2 0 1 0 0 8 0 0 0 3 0 1 0 0 3 0 1 0 5 0 0 0 0 0 5 0 0 1 0 0
准确率:    1.0000 (35/35)
----------------------------------------
输入:       D>JSRJL WPRCWHJ W>MR LH >LJC< SB QCT>
目标:     0 1 0 0 0 0 0 2 0 1 0 0 69 1 0 0 0 1 0 0 3 0 1 0 0 0 0 0 0 2 34 0 3 0 0 106 9 0
预测:     0 1 0 0 0 0 0 2 0 1 0 0 69 1 0 0 0 1 0 0 3 0 1 0 0 0 0 0 0 2 34 0 3 0 0 106 9 0
准确率:    1.0000 (38/38)
----------------------------------------
输入:       MRJ> >LHK MN QDMJK DBZDJQWTJ ><LNJ MRJ>
目标:     0 0 0 0 2 0 0 0 5 0 0 0 0 0 0 0 2 1 0 0 1 1 0 0 0 0 2 1 0 0 17 0 143 0 0 0 0 0 0 2
预测:     0 0 0 0 2 0 0 0 5 0 0 0 0 0 0 0 2 1 0 0 1 1 0 0 0 0 2 1 0 0 17 0 143 0 0 0 0 0 0 2
准确率:    1.0000 (40/40)
----------------------------------------

生成的验证样本:
--------------------------------------------------------------------------------
输入:       KLH NPCHWN B>R<> DB<LDBBJHWN DCBW >NWN WNYLWN
目标:     0 0 5 12 0 0 0 5 0 0 0 0 1 0 0 4 0 0 1 0 0 0 0 0 2 1 0 0 0 0 1 0 18 0 0 0 0 0 0 0 1 6 0 18 0 19
预测:     0 0 5 12 0 0 0 5 0 0 0 0 1 0 0 4 0 0 1 0 0 0 0 0 2 1 0 0 0 0 1 0 18 0 0 0 0 0 0 0 1 6 0 18 0 19
准确率:    1.0000 (46/46)
----------------------------------------
输入:       NPCHWN B>R<> DB<LDBBJHWN DCBW >NWN WNYLWN QDMJK
目标:     0 0 0 5 0 0 0 0 1 0 0 4 0 0 1 0 0 0 0 0 2 1 0 0 0 0 1 0 18 0 0 0 0 0 0 0 1 6 0 18 0 19 0 0 0 2 1 0
预测:     0 0 0 5 0 0 0 0 1 0 0 4 0 0 1 0 0 0 0 0 2 1 0 0 0 0 1 0 18 0 0 0 0 0 0 0 1 6 0 18 0 19 0 0 0 2 1 0
准确率:    1.0000 (48/48)
----------------------------------------
⏳ 验证无提升 (验证准确率: 0.9685 ≤ 0.9691)，patience: 4/50

======================================================================
🚀 Epoch 89/200
======================================================================
📚 开始训练阶段...
训练进度: 500/6065 损失=0.0077
训练进度: 1000/6065 损失=0.0130
训练进度: 1500/6065 损失=0.0017
训练进度: 2000/6065 损失=0.0151
训练进度: 2500/6065 损失=0.0043
训练进度: 3000/6065 损失=0.0160
训练进度: 3500/6065 损失=0.0166
训练进度: 4000/6065 损失=0.0073
训练进度: 4500/6065 损失=0.0439
训练进度: 5000/6065 损失=0.0140
训练进度: 5500/6065 损失=0.0119
训练进度: 6000/6065 损失=0.0065
训练进度: 6065/6065 损失=0.0081
✅ 训练完成，耗时: 109.9秒 (1.8分钟)

============================================================
📊 验证决策: Epoch 89/200
   验证间隔: 1
   是否验证: ✅ 是
   原因: 达到验证间隔 (0 == 0)
============================================================

🔍 开始验证...
验证进度: 500/686 损失=0.1784
验证进度: 686/686 损失=1.7725

📊 预测分布分析:
  - 预测的前5个类别: {np.int64(0): 282836, np.int64(1): 37068, np.int64(2): 14746, np.int64(3): 10889, np.int64(4): 8933}
  - 标签的前5个类别: {np.int64(0): 281232, np.int64(1): 36731, np.int64(2): 14789, np.int64(3): 10866, np.int64(4): 8585}
✅ 验证完成，耗时: 4.8秒 (0.1分钟)
训练损失: 0.0154
验证损失: 0.4166
验证准确率: 0.9686 (10619/10964) - 与Levenshtein高度相关
验证F1(加权): 0.9678 - 类别平衡更好
学习率: 0.000059
显存使用: 0.48GB (预留: 0.69GB)

生成的训练样本:
--------------------------------------------------------------------------------
输入:       SGWD LMRJ> BDRT> QDJCT> DJLH QLH DMRJ>
目标:     6 0 8 0 3 0 1 0 0 0 2 0 1 0 13 9 0 0 0 0 0 2 9 0 0 0 0 1 0 0 0 5 0 0 1 0 0 0 2
预测:     6 0 8 0 3 0 1 0 0 0 2 0 1 0 13 9 0 0 0 0 0 2 9 0 0 0 0 1 0 0 0 5 0 0 1 0 0 0 2
准确率:    1.0000 (39/39)
----------------------------------------
输入:       MVL DTXWN XJ> DL<LM <LMJN MRJ> GJR
目标:     0 0 0 0 0 1 6 161 0 0 0 0 11 0 0 1 1 0 0 2 0 0 0 2 0 0 0 0 0 0 2 0 0 0 0
预测:     0 0 0 0 0 1 6 161 0 0 0 0 11 0 0 1 1 0 0 2 0 0 0 2 0 0 0 0 0 0 2 0 0 0 0
准确率:    1.0000 (35/35)
----------------------------------------
输入:       MRJ> >LHH DMRJ >BRHM VJB QDMJ JWMN>
目标:     0 0 0 0 2 0 0 0 5 0 0 1 0 56 0 0 0 0 0 0 2 6 20 0 77 0 0 0 2 46 0 0 0 0 4 0
预测:     0 0 0 0 2 0 0 0 5 0 0 1 0 56 0 0 0 0 0 0 2 6 20 0 77 0 0 0 2 46 0 0 0 0 4 0
准确率:    1.0000 (36/36)
----------------------------------------

生成的验证样本:
--------------------------------------------------------------------------------
输入:       KLH NPCHWN B>R<> DB<LDBBJHWN DCBW >NWN WNYLWN
目标:     0 0 5 12 0 0 0 5 0 0 0 0 1 0 0 4 0 0 1 0 0 0 0 0 2 1 0 0 0 0 1 0 18 0 0 0 0 0 0 0 1 6 0 18 0 19
预测:     0 0 5 12 0 0 0 5 0 0 0 0 1 0 0 4 0 0 1 0 0 0 0 0 2 1 0 0 0 0 1 0 18 0 0 0 0 0 0 0 1 6 0 18 0 19
准确率:    1.0000 (46/46)
----------------------------------------
输入:       NPCHWN B>R<> DB<LDBBJHWN DCBW >NWN WNYLWN QDMJK
目标:     0 0 0 5 0 0 0 0 1 0 0 4 0 0 1 0 0 0 0 0 2 1 0 0 0 0 1 0 18 0 0 0 0 0 0 0 1 6 0 18 0 19 0 0 0 2 1 0
预测:     0 0 0 5 0 0 0 0 1 0 0 4 0 0 1 0 0 0 0 0 2 1 0 0 0 0 1 0 18 0 0 0 0 0 0 0 1 6 0 18 0 19 0 0 0 2 1 0
准确率:    1.0000 (48/48)
----------------------------------------
⏳ 验证无提升 (验证准确率: 0.9686 ≤ 0.9691)，patience: 5/50

======================================================================
🚀 Epoch 90/200
======================================================================
📚 开始训练阶段...
训练进度: 500/6065 损失=0.0072
训练进度: 1000/6065 损失=0.0141
训练进度: 1500/6065 损失=0.0251
训练进度: 2000/6065 损失=0.0161
训练进度: 2500/6065 损失=0.0211
训练进度: 3000/6065 损失=0.0197
训练进度: 3500/6065 损失=0.0051
训练进度: 4000/6065 损失=0.0112
训练进度: 4500/6065 损失=0.0063
训练进度: 5000/6065 损失=0.0230
训练进度: 5500/6065 损失=0.0389
训练进度: 6000/6065 损失=0.0126
训练进度: 6065/6065 损失=0.0473
✅ 训练完成，耗时: 109.9秒 (1.8分钟)

============================================================
📊 验证决策: Epoch 90/200
   验证间隔: 1
   是否验证: ✅ 是
   原因: 达到验证间隔 (0 == 0)
============================================================

🔍 开始验证...
验证进度: 500/686 损失=0.3877
验证进度: 686/686 损失=1.9144

📊 预测分布分析:
  - 预测的前5个类别: {np.int64(0): 283074, np.int64(1): 36990, np.int64(2): 14716, np.int64(3): 10843, np.int64(4): 9031}
  - 标签的前5个类别: {np.int64(0): 281232, np.int64(1): 36731, np.int64(2): 14789, np.int64(3): 10866, np.int64(4): 8585}
✅ 验证完成，耗时: 4.8秒 (0.1分钟)
训练损失: 0.0150
验证损失: 0.4186
验证准确率: 0.9690 (10624/10964) - 与Levenshtein高度相关
验证F1(加权): 0.9682 - 类别平衡更好
学习率: 0.000058
显存使用: 0.48GB (预留: 0.69GB)

生成的训练样本:
--------------------------------------------------------------------------------
输入:       DMLP HW> LH JWJD< KHN> BRM <LWT>
目标:     0 1 52 0 41 0 0 10 3 0 1 0 0 0 0 0 0 2 0 0 0 4 0 0 0 0 0 0 0 57 2 23 0
预测:     0 1 52 0 41 0 0 10 3 0 1 0 0 0 0 0 0 2 0 0 0 4 0 0 0 0 0 0 0 57 2 23 0
准确率:    1.0000 (33/33)
----------------------------------------
输入:       WH> <M> QC> QDL> HW HC> CBWQJNJ
目标:     0 1 0 0 0 0 15 0 0 0 138 0 0 0 0 4 0 0 0 0 0 0 4 0 6 0 8 0 48 1 0 0
预测:     0 1 0 0 0 0 15 0 0 0 138 0 0 0 0 4 0 0 0 0 0 0 4 0 6 0 8 0 48 1 0 0
准确率:    1.0000 (32/32)
----------------------------------------
输入:       DBXJN XNN DXLT> DMYRJ> L<NJHWN RGMJN LN
目标:     0 0 0 7 0 0 0 0 0 0 0 0 0 13 23 0 0 1 0 0 0 11 0 0 1 38 2 1 0 0 0 0 0 0 7 0 0 0 1 0
预测:     0 0 0 7 0 0 0 0 0 0 0 0 0 13 23 0 0 1 0 0 0 11 0 0 1 38 2 1 0 0 0 0 0 0 7 0 0 0 1 0
准确率:    1.0000 (40/40)
----------------------------------------

生成的验证样本:
--------------------------------------------------------------------------------
输入:       KLH NPCHWN B>R<> DB<LDBBJHWN DCBW >NWN WNYLWN
目标:     0 0 5 12 0 0 0 5 0 0 0 0 1 0 0 4 0 0 1 0 0 0 0 0 2 1 0 0 0 0 1 0 18 0 0 0 0 0 0 0 1 6 0 18 0 19
预测:     0 0 5 12 0 0 0 5 0 0 0 0 1 0 0 4 0 0 1 0 0 0 0 0 2 1 0 0 0 0 1 0 18 0 0 0 0 0 0 0 1 6 0 18 0 19
准确率:    1.0000 (46/46)
----------------------------------------
输入:       NPCHWN B>R<> DB<LDBBJHWN DCBW >NWN WNYLWN QDMJK
目标:     0 0 0 5 0 0 0 0 1 0 0 4 0 0 1 0 0 0 0 0 2 1 0 0 0 0 1 0 18 0 0 0 0 0 0 0 1 6 0 18 0 19 0 0 0 2 1 0
预测:     0 0 0 5 0 0 0 0 1 0 0 4 0 0 1 0 0 0 0 0 2 1 0 0 0 0 1 0 18 0 0 0 0 0 0 0 1 6 0 18 0 19 0 0 0 2 1 0
准确率:    1.0000 (48/48)
----------------------------------------
⏳ 验证无提升 (验证准确率: 0.9690 ≤ 0.9691)，patience: 6/50

======================================================================
🚀 Epoch 91/200
======================================================================
📚 开始训练阶段...
训练进度: 500/6065 损失=0.0043
训练进度: 1000/6065 损失=0.0188
训练进度: 1500/6065 损失=0.0049
训练进度: 2000/6065 损失=0.0050
训练进度: 2500/6065 损失=0.0130
训练进度: 3000/6065 损失=0.0124
训练进度: 3500/6065 损失=0.0179
训练进度: 4000/6065 损失=0.0103
训练进度: 4500/6065 损失=0.0161
训练进度: 5000/6065 损失=0.0101
训练进度: 5500/6065 损失=0.0063
训练进度: 6000/6065 损失=0.0251
训练进度: 6065/6065 损失=0.0112
✅ 训练完成，耗时: 109.3秒 (1.8分钟)

============================================================
📊 验证决策: Epoch 91/200
   验证间隔: 1
   是否验证: ✅ 是
   原因: 达到验证间隔 (0 == 0)
============================================================

🔍 开始验证...
验证进度: 500/686 损失=0.1838
验证进度: 686/686 损失=1.8820

📊 预测分布分析:
  - 预测的前5个类别: {np.int64(0): 282909, np.int64(1): 37072, np.int64(2): 14674, np.int64(3): 10866, np.int64(4): 8848}
  - 标签的前5个类别: {np.int64(0): 281232, np.int64(1): 36731, np.int64(2): 14789, np.int64(3): 10866, np.int64(4): 8585}
✅ 验证完成，耗时: 4.8秒 (0.1分钟)
训练损失: 0.0149
验证损失: 0.4224
验证准确率: 0.9686 (10619/10964) - 与Levenshtein高度相关
验证F1(加权): 0.9679 - 类别平衡更好
学习率: 0.000058
显存使用: 0.48GB (预留: 0.69GB)

生成的训练样本:
--------------------------------------------------------------------------------
输入:       WNKSW >NWN CB<JN GBRJN WSMW RJCJHWN BMSN>
目标:     0 1 0 0 33 0 0 0 0 0 0 0 0 0 0 0 2 0 0 0 2 0 0 0 1 31 3 0 0 0 0 2 1 0 0 0 0 1 0 0 61 0
预测:     0 1 0 0 33 0 0 0 0 0 0 0 0 0 0 0 2 0 0 0 2 0 0 0 1 31 3 0 0 0 0 2 1 0 0 0 0 1 0 0 61 0
准确率:    1.0000 (42/42)
----------------------------------------
输入:       WQRB >NWN LWTH W>WCV >JSRJL JMJNH WSMH
目标:     0 1 0 0 16 0 0 0 0 0 0 0 0 1 0 0 1 50 0 0 3 0 0 0 0 0 0 2 0 0 0 0 5 0 0 1 31 29 12
预测:     0 1 0 0 16 0 0 0 0 0 0 0 0 1 0 0 1 50 0 0 3 0 0 0 0 0 0 2 0 0 0 0 5 0 0 1 31 29 12
准确率:    1.0000 (39/39)
----------------------------------------
输入:       WNPQ <WG MLK> DMTNJN L>WR<N HW WKLH
目标:     0 1 0 0 3 0 0 0 2 0 0 0 4 0 0 1 0 0 0 0 2 0 1 0 0 0 5 0 0 0 0 0 1 0 5 0
预测:     0 1 0 0 3 0 0 0 2 0 0 0 4 0 0 1 0 0 0 0 2 0 1 0 0 0 5 0 0 0 0 0 1 0 5 0
准确率:    1.0000 (36/36)
----------------------------------------

生成的验证样本:
--------------------------------------------------------------------------------
输入:       KLH NPCHWN B>R<> DB<LDBBJHWN DCBW >NWN WNYLWN
目标:     0 0 5 12 0 0 0 5 0 0 0 0 1 0 0 4 0 0 1 0 0 0 0 0 2 1 0 0 0 0 1 0 18 0 0 0 0 0 0 0 1 6 0 18 0 19
预测:     0 0 5 12 0 0 0 5 0 0 0 0 1 0 0 4 0 0 1 0 0 0 0 0 2 1 0 0 0 0 1 0 18 0 0 0 0 0 0 0 1 6 0 18 0 19
准确率:    1.0000 (46/46)
----------------------------------------
输入:       NPCHWN B>R<> DB<LDBBJHWN DCBW >NWN WNYLWN QDMJK
目标:     0 0 0 5 0 0 0 0 1 0 0 4 0 0 1 0 0 0 0 0 2 1 0 0 0 0 1 0 18 0 0 0 0 0 0 0 1 6 0 18 0 19 0 0 0 2 1 0
预测:     0 0 0 5 0 0 0 0 1 0 0 4 0 0 1 0 0 0 0 0 2 1 0 0 0 0 1 0 18 0 0 0 0 0 0 0 1 6 0 18 0 19 0 0 0 2 1 0
准确率:    1.0000 (48/48)
----------------------------------------
⏳ 验证无提升 (验证准确率: 0.9686 ≤ 0.9691)，patience: 7/50

======================================================================
🚀 Epoch 92/200
======================================================================
📚 开始训练阶段...
训练进度: 500/6065 损失=0.0150
训练进度: 1000/6065 损失=0.0052
训练进度: 1500/6065 损失=0.0148
训练进度: 2000/6065 损失=0.0104
训练进度: 2500/6065 损失=0.0091
训练进度: 3000/6065 损失=0.0060
训练进度: 3500/6065 损失=0.0145
训练进度: 4000/6065 损失=0.0060
训练进度: 4500/6065 损失=0.0143
训练进度: 5000/6065 损失=0.0120
训练进度: 5500/6065 损失=0.0182
训练进度: 6000/6065 损失=0.0086
训练进度: 6065/6065 损失=0.0130
✅ 训练完成，耗时: 109.6秒 (1.8分钟)

============================================================
📊 验证决策: Epoch 92/200
   验证间隔: 1
   是否验证: ✅ 是
   原因: 达到验证间隔 (0 == 0)
============================================================

🔍 开始验证...
验证进度: 500/686 损失=0.1261
验证进度: 686/686 损失=1.8585

📊 预测分布分析:
  - 预测的前5个类别: {np.int64(0): 282815, np.int64(1): 37070, np.int64(2): 14708, np.int64(3): 10789, np.int64(4): 8677}
  - 标签的前5个类别: {np.int64(0): 281232, np.int64(1): 36731, np.int64(2): 14789, np.int64(3): 10866, np.int64(4): 8585}
✅ 验证完成，耗时: 4.8秒 (0.1分钟)
训练损失: 0.0146
验证损失: 0.4244
验证准确率: 0.9683 (10616/10964) - 与Levenshtein高度相关
验证F1(加权): 0.9677 - 类别平衡更好
学习率: 0.000057
显存使用: 0.48GB (预留: 0.69GB)

生成的训练样本:
--------------------------------------------------------------------------------
输入:       WMN RCJT> KD JTBW TMN L> DXLW
目标:     0 1 0 0 0 38 0 2 9 0 0 0 0 0 0 0 3 0 0 0 0 0 0 0 0 0 0 0 3 0
预测:     0 1 0 0 0 38 0 2 9 0 0 0 0 0 0 0 3 0 0 0 0 0 0 0 0 0 0 0 3 0
准确率:    1.0000 (30/30)
----------------------------------------
输入:       G<> WB<> RXM> L> CM<T >DN> TMN
目标:     0 0 10 3 0 1 0 10 7 0 0 0 30 0 0 0 0 0 0 0 3 26 0 0 0 4 0 0 0 0 0
预测:     0 0 10 3 0 1 0 10 7 0 0 0 30 0 0 0 0 0 0 0 3 26 0 0 0 4 0 0 0 0 0
准确率:    1.0000 (31/31)
----------------------------------------
输入:       LH MWC> CPJR >MRT TWB L> MWSP
目标:     0 1 0 0 0 0 0 2 0 0 0 0 2 0 0 0 3 12 0 0 0 0 0 0 0 0 63 0 0 7
预测:     0 1 0 0 0 0 0 2 0 0 0 0 2 0 0 0 3 12 0 0 0 0 0 0 0 0 63 0 0 7
准确率:    1.0000 (30/30)
----------------------------------------

生成的验证样本:
--------------------------------------------------------------------------------
输入:       KLH NPCHWN B>R<> DB<LDBBJHWN DCBW >NWN WNYLWN
目标:     0 0 5 12 0 0 0 5 0 0 0 0 1 0 0 4 0 0 1 0 0 0 0 0 2 1 0 0 0 0 1 0 18 0 0 0 0 0 0 0 1 6 0 18 0 19
预测:     0 0 5 12 0 0 0 5 0 0 0 0 1 0 0 4 0 0 1 0 0 0 0 0 2 1 0 0 0 0 1 0 18 0 0 0 0 0 0 0 1 6 0 18 0 19
准确率:    1.0000 (46/46)
----------------------------------------
输入:       NPCHWN B>R<> DB<LDBBJHWN DCBW >NWN WNYLWN QDMJK
目标:     0 0 0 5 0 0 0 0 1 0 0 4 0 0 1 0 0 0 0 0 2 1 0 0 0 0 1 0 18 0 0 0 0 0 0 0 1 6 0 18 0 19 0 0 0 2 1 0
预测:     0 0 0 5 0 0 0 0 1 0 0 4 0 0 1 0 0 0 0 0 2 1 0 0 0 0 1 0 18 0 0 0 0 0 0 0 1 6 0 18 0 19 0 0 0 2 1 0
准确率:    1.0000 (48/48)
----------------------------------------
⏳ 验证无提升 (验证准确率: 0.9683 ≤ 0.9691)，patience: 8/50

======================================================================
🚀 Epoch 93/200
======================================================================
📚 开始训练阶段...
训练进度: 500/6065 损失=0.0151
训练进度: 1000/6065 损失=0.0066
训练进度: 1500/6065 损失=0.0028
训练进度: 2000/6065 损失=0.0054
训练进度: 2500/6065 损失=0.0115
训练进度: 3000/6065 损失=0.0133
训练进度: 3500/6065 损失=0.0451
训练进度: 4000/6065 损失=0.0194
训练进度: 4500/6065 损失=0.0053
训练进度: 5000/6065 损失=0.0020
训练进度: 5500/6065 损失=0.0103
训练进度: 6000/6065 损失=0.0176
训练进度: 6065/6065 损失=0.0119
✅ 训练完成，耗时: 109.4秒 (1.8分钟)

============================================================
📊 验证决策: Epoch 93/200
   验证间隔: 1
   是否验证: ✅ 是
   原因: 达到验证间隔 (0 == 0)
============================================================

🔍 开始验证...
验证进度: 500/686 损失=0.1922
验证进度: 686/686 损失=1.7864

📊 预测分布分析:
  - 预测的前5个类别: {np.int64(0): 282633, np.int64(1): 37086, np.int64(2): 14770, np.int64(3): 10826, np.int64(4): 8812}
  - 标签的前5个类别: {np.int64(0): 281232, np.int64(1): 36731, np.int64(2): 14789, np.int64(3): 10866, np.int64(4): 8585}
✅ 验证完成，耗时: 4.8秒 (0.1分钟)
训练损失: 0.0141
验证损失: 0.4192
验证准确率: 0.9686 (10619/10964) - 与Levenshtein高度相关
验证F1(加权): 0.9679 - 类别平衡更好
学习率: 0.000056
显存使用: 0.48GB (预留: 0.69GB)

生成的训练样本:
--------------------------------------------------------------------------------
输入:       BXRN W>MR MRJ> L>BRM ZL LK MN
目标:     0 1 0 0 2 0 1 0 0 3 0 0 0 0 2 0 1 0 0 0 2 21 0 3 0 1 0 0 0 0
预测:     0 1 0 0 2 0 1 0 0 3 0 0 0 0 2 0 1 0 0 0 2 21 0 3 0 1 0 0 0 0
准确率:    1.0000 (30/30)
----------------------------------------
输入:       MRJ> <RS> DSLQT LH L> TXWT MNH
目标:     0 0 0 0 2 0 0 0 4 0 0 1 0 0 3 12 0 1 12 0 0 0 0 34 8 0 3 0 0 1 12
预测:     0 0 0 0 2 0 0 0 4 0 0 1 0 0 3 12 0 1 12 0 0 0 0 34 8 0 3 0 0 1 12
准确率:    1.0000 (31/31)
----------------------------------------
输入:       RXM <LJ MRJ> XZJ MWKK> DJLJ MN
目标:     6 0 0 3 0 0 1 0 0 0 0 0 2 6 0 0 3 0 0 0 0 4 0 0 0 0 1 0 0 0 0
预测:     6 0 0 3 0 0 1 0 0 0 0 0 2 6 0 0 3 0 0 0 0 4 0 0 0 0 1 0 0 0 0
准确率:    1.0000 (31/31)
----------------------------------------

生成的验证样本:
--------------------------------------------------------------------------------
输入:       KLH NPCHWN B>R<> DB<LDBBJHWN DCBW >NWN WNYLWN
目标:     0 0 5 12 0 0 0 5 0 0 0 0 1 0 0 4 0 0 1 0 0 0 0 0 2 1 0 0 0 0 1 0 18 0 0 0 0 0 0 0 1 6 0 18 0 19
预测:     0 0 5 12 0 0 0 5 0 0 0 0 1 0 0 4 0 0 1 0 0 0 0 0 2 1 0 0 0 0 1 0 18 0 0 0 0 0 0 0 1 6 0 18 0 19
准确率:    1.0000 (46/46)
----------------------------------------
输入:       NPCHWN B>R<> DB<LDBBJHWN DCBW >NWN WNYLWN QDMJK
目标:     0 0 0 5 0 0 0 0 1 0 0 4 0 0 1 0 0 0 0 0 2 1 0 0 0 0 1 0 18 0 0 0 0 0 0 0 1 6 0 18 0 19 0 0 0 2 1 0
预测:     0 0 0 5 0 0 0 0 1 0 0 4 0 0 1 0 0 0 0 0 2 1 0 0 0 0 1 0 18 0 0 0 0 0 0 0 1 6 0 18 0 19 0 0 0 2 1 0
准确率:    1.0000 (48/48)
----------------------------------------
⏳ 验证无提升 (验证准确率: 0.9686 ≤ 0.9691)，patience: 9/50

======================================================================
🚀 Epoch 94/200
======================================================================
📚 开始训练阶段...
训练进度: 500/6065 损失=0.0140
训练进度: 1000/6065 损失=0.0204
训练进度: 1500/6065 损失=0.0056
训练进度: 2000/6065 损失=0.0224
训练进度: 2500/6065 损失=0.0020
训练进度: 3000/6065 损失=0.0151
训练进度: 3500/6065 损失=0.0125
训练进度: 4000/6065 损失=0.0274
训练进度: 4500/6065 损失=0.0107
训练进度: 5000/6065 损失=0.0188
训练进度: 5500/6065 损失=0.0069
训练进度: 6000/6065 损失=0.0130
训练进度: 6065/6065 损失=0.0141
✅ 训练完成，耗时: 109.2秒 (1.8分钟)

============================================================
📊 验证决策: Epoch 94/200
   验证间隔: 1
   是否验证: ✅ 是
   原因: 达到验证间隔 (0 == 0)
============================================================

🔍 开始验证...
验证进度: 500/686 损失=0.1313
验证进度: 686/686 损失=1.7790

📊 预测分布分析:
  - 预测的前5个类别: {np.int64(0): 282677, np.int64(1): 37069, np.int64(2): 14677, np.int64(3): 10871, np.int64(4): 8751}
  - 标签的前5个类别: {np.int64(0): 281232, np.int64(1): 36731, np.int64(2): 14789, np.int64(3): 10866, np.int64(4): 8585}
✅ 验证完成，耗时: 4.8秒 (0.1分钟)
训练损失: 0.0139
验证损失: 0.4249
验证准确率: 0.9683 (10616/10964) - 与Levenshtein高度相关
验证F1(加权): 0.9677 - 类别平衡更好
学习率: 0.000055
显存使用: 0.48GB (预留: 0.69GB)

生成的训练样本:
--------------------------------------------------------------------------------
输入:       D><BD LKWN BJCT> W>LH> D>BWKWN BRMC> >MR
目标:     0 1 6 0 0 3 0 1 0 0 0 0 0 0 2 9 0 0 1 0 0 4 0 0 1 0 8 5 0 0 0 0 1 0 0 4 0 0 0 0 3
预测:     0 1 6 0 0 3 0 1 0 0 0 0 0 0 2 9 0 0 1 0 0 4 0 0 1 0 8 5 0 0 0 0 1 0 0 4 0 0 0 0 3
准确率:    1.0000 (41/41)
----------------------------------------
输入:       DH> TLT ZBNJN DGLT BJ WL> XWJTNJ
目标:     0 1 0 0 0 0 0 2 0 0 0 2 0 0 0 0 0 3 89 0 1 0 0 1 0 0 0 0 0 3 32 0 0
预测:     0 1 0 0 0 0 0 2 0 0 0 2 0 0 0 0 0 3 89 0 1 0 0 1 0 0 0 0 0 3 32 0 0
准确率:    1.0000 (33/33)
----------------------------------------
输入:       KLH KRK> XD GWCM> >JK TJB> KWLH
目标:     0 0 5 0 0 0 0 15 0 0 0 2 0 8 0 31 4 0 0 0 0 0 0 20 0 110 27 0 8 0 5 0
预测:     0 0 5 0 0 0 0 15 0 0 0 2 0 8 0 31 4 0 0 0 0 0 0 20 0 110 27 0 8 0 5 0
准确率:    1.0000 (32/32)
----------------------------------------

生成的验证样本:
--------------------------------------------------------------------------------
输入:       KLH NPCHWN B>R<> DB<LDBBJHWN DCBW >NWN WNYLWN
目标:     0 0 5 12 0 0 0 5 0 0 0 0 1 0 0 4 0 0 1 0 0 0 0 0 2 1 0 0 0 0 1 0 18 0 0 0 0 0 0 0 1 6 0 18 0 19
预测:     0 0 5 12 0 0 0 5 0 0 0 0 1 0 0 4 0 0 1 0 0 0 0 0 2 1 0 0 0 0 1 0 18 0 0 0 0 0 0 0 1 6 0 18 0 19
准确率:    1.0000 (46/46)
----------------------------------------
输入:       NPCHWN B>R<> DB<LDBBJHWN DCBW >NWN WNYLWN QDMJK
目标:     0 0 0 5 0 0 0 0 1 0 0 4 0 0 1 0 0 0 0 0 2 1 0 0 0 0 1 0 18 0 0 0 0 0 0 0 1 6 0 18 0 19 0 0 0 2 1 0
预测:     0 0 0 5 0 0 0 0 1 0 0 4 0 0 1 0 0 0 0 0 2 1 0 0 0 0 1 0 18 0 0 0 0 0 0 0 1 6 0 18 0 19 0 0 0 2 1 0
准确率:    1.0000 (48/48)
----------------------------------------
⏳ 验证无提升 (验证准确率: 0.9683 ≤ 0.9691)，patience: 10/50

======================================================================
🚀 Epoch 95/200
======================================================================
📚 开始训练阶段...
训练进度: 500/6065 损失=0.0039
训练进度: 1000/6065 损失=0.0087
训练进度: 1500/6065 损失=0.0125
训练进度: 2000/6065 损失=0.0023
训练进度: 2500/6065 损失=0.0120
训练进度: 3000/6065 损失=0.0122
训练进度: 3500/6065 损失=0.0221
训练进度: 4000/6065 损失=0.0038
训练进度: 4500/6065 损失=0.0436
训练进度: 5000/6065 损失=0.0045
训练进度: 5500/6065 损失=0.0085
训练进度: 6000/6065 损失=0.0167
训练进度: 6065/6065 损失=0.0089
✅ 训练完成，耗时: 110.3秒 (1.8分钟)

============================================================
📊 验证决策: Epoch 95/200
   验证间隔: 1
   是否验证: ✅ 是
   原因: 达到验证间隔 (0 == 0)
============================================================

🔍 开始验证...
验证进度: 500/686 损失=0.2500
验证进度: 686/686 损失=1.6999

📊 预测分布分析:
  - 预测的前5个类别: {np.int64(0): 282974, np.int64(1): 37078, np.int64(2): 14627, np.int64(3): 10883, np.int64(4): 8931}
  - 标签的前5个类别: {np.int64(0): 281232, np.int64(1): 36731, np.int64(2): 14789, np.int64(3): 10866, np.int64(4): 8585}
✅ 验证完成，耗时: 4.8秒 (0.1分钟)
训练损失: 0.0136
验证损失: 0.4321
验证准确率: 0.9686 (10619/10964) - 与Levenshtein高度相关
验证F1(加权): 0.9678 - 类别平衡更好
学习率: 0.000055
显存使用: 0.48GB (预留: 0.69GB)

生成的训练样本:
--------------------------------------------------------------------------------
输入:       <SRJN HW> WXD> CNJN YDQJ> KD >MLK
目标:     0 0 0 0 0 2 0 0 10 3 0 1 0 2 0 0 0 13 0 0 0 0 0 0 0 2 0 0 0 0 17 0 0 33
预测:     0 0 0 0 0 2 0 0 10 3 0 1 0 2 0 0 0 13 0 0 0 0 0 0 0 2 0 0 0 0 17 0 0 33
准确率:    1.0000 (34/34)
----------------------------------------
输入:       >NWN WNPTLJ L> >WBD LJTBJ BJT CMC
目标:     0 0 0 0 0 0 1 0 0 0 0 2 0 0 0 0 59 0 0 3 0 1 0 0 7 0 0 0 0 2 0 0 0 62
预测:     0 0 0 0 0 0 1 0 0 0 0 2 0 0 0 0 59 0 0 3 0 1 0 0 7 0 0 0 0 2 0 0 0 62
准确率:    1.0000 (34/34)
----------------------------------------
输入:       NZBNWN LTWR> XJ> WNPLGWN KSPH W>P DMJT>
目标:     0 6 0 0 33 0 19 0 1 0 0 4 0 0 0 15 0 0 1 6 0 0 3 0 0 0 0 0 5 0 0 1 0 0 0 1 20 0 43 27
预测:     0 6 0 0 33 0 19 0 1 0 0 4 0 0 0 15 0 0 1 6 0 0 3 0 0 0 0 0 5 0 0 1 0 0 0 1 20 0 43 27
准确率:    1.0000 (40/40)
----------------------------------------

生成的验证样本:
--------------------------------------------------------------------------------
输入:       KLH NPCHWN B>R<> DB<LDBBJHWN DCBW >NWN WNYLWN
目标:     0 0 5 12 0 0 0 5 0 0 0 0 1 0 0 4 0 0 1 0 0 0 0 0 2 1 0 0 0 0 1 0 18 0 0 0 0 0 0 0 1 6 0 18 0 19
预测:     0 0 5 12 0 0 0 5 0 0 0 0 1 0 0 4 0 0 1 0 0 0 0 0 2 1 0 0 0 0 1 0 18 0 0 0 0 0 0 0 1 6 0 18 0 19
准确率:    1.0000 (46/46)
----------------------------------------
输入:       NPCHWN B>R<> DB<LDBBJHWN DCBW >NWN WNYLWN QDMJK
目标:     0 0 0 5 0 0 0 0 1 0 0 4 0 0 1 0 0 0 0 0 2 1 0 0 0 0 1 0 18 0 0 0 0 0 0 0 1 6 0 18 0 19 0 0 0 2 1 0
预测:     0 0 0 5 0 0 0 0 1 0 0 4 0 0 1 0 0 0 0 0 2 1 0 0 0 0 1 0 18 0 0 0 0 0 0 0 1 6 0 18 0 19 0 0 0 2 1 0
准确率:    1.0000 (48/48)
----------------------------------------
⏳ 验证无提升 (验证准确率: 0.9686 ≤ 0.9691)，patience: 11/50

======================================================================
🚀 Epoch 96/200
======================================================================
📚 开始训练阶段...
训练进度: 500/6065 损失=0.0227
训练进度: 1000/6065 损失=0.0031
训练进度: 1500/6065 损失=0.0065
训练进度: 2000/6065 损失=0.0086
训练进度: 2500/6065 损失=0.0061
训练进度: 3000/6065 损失=0.0375
训练进度: 3500/6065 损失=0.0050
训练进度: 4000/6065 损失=0.0030
训练进度: 4500/6065 损失=0.0163
训练进度: 5000/6065 损失=0.0024
训练进度: 5500/6065 损失=0.0285
训练进度: 6000/6065 损失=0.0467
训练进度: 6065/6065 损失=0.0061
✅ 训练完成，耗时: 109.8秒 (1.8分钟)

============================================================
📊 验证决策: Epoch 96/200
   验证间隔: 1
   是否验证: ✅ 是
   原因: 达到验证间隔 (0 == 0)
============================================================

🔍 开始验证...
验证进度: 500/686 损失=0.2775
验证进度: 686/686 损失=1.7625

📊 预测分布分析:
  - 预测的前5个类别: {np.int64(0): 282819, np.int64(1): 37002, np.int64(2): 14778, np.int64(3): 10818, np.int64(4): 9049}
  - 标签的前5个类别: {np.int64(0): 281232, np.int64(1): 36731, np.int64(2): 14789, np.int64(3): 10866, np.int64(4): 8585}
✅ 验证完成，耗时: 4.8秒 (0.1分钟)
训练损失: 0.0134
验证损失: 0.4232
验证准确率: 0.9689 (10623/10964) - 与Levenshtein高度相关
验证F1(加权): 0.9681 - 类别平衡更好
学习率: 0.000054
显存使用: 0.48GB (预留: 0.69GB)

生成的训练样本:
--------------------------------------------------------------------------------
输入:       >NT WL> CBQ >NT L>TR> MVL XMCJN
目标:     0 0 0 0 0 1 0 0 0 0 0 7 0 0 0 0 0 1 0 0 4 0 0 0 0 0 0 0 0 2 0 0
预测:     0 0 0 0 0 1 0 0 0 0 0 7 0 0 0 0 0 1 0 0 4 0 0 0 0 0 0 0 0 2 0 0
准确率:    1.0000 (32/32)
----------------------------------------
输入:       PWQDN> DMPQD >N> LK JWMN> DNV>B LK
目标:     0 0 0 0 0 11 0 0 1 6 0 0 41 0 0 0 0 0 1 0 0 0 0 0 4 0 0 1 6 0 0 3 0 1 0
预测:     0 0 0 0 0 11 0 0 1 6 0 0 41 0 0 0 0 0 1 0 0 0 0 0 4 0 0 1 6 0 0 3 0 1 0
准确率:    1.0000 (35/35)
----------------------------------------
输入:       DCWLVNH WHW HN> MTQR> NMWS> >MR LJ
目标:     0 1 0 0 0 0 5 0 0 1 0 0 0 0 0 0 0 21 14 0 10 7 0 0 0 0 4 0 0 0 0 3 0 1 0
预测:     0 1 0 0 0 0 5 0 0 1 0 0 0 0 0 0 0 21 14 0 10 7 0 0 0 0 4 0 0 0 0 3 0 1 0
准确率:    1.0000 (35/35)
----------------------------------------

生成的验证样本:
--------------------------------------------------------------------------------
输入:       KLH NPCHWN B>R<> DB<LDBBJHWN DCBW >NWN WNYLWN
目标:     0 0 5 12 0 0 0 5 0 0 0 0 1 0 0 4 0 0 1 0 0 0 0 0 2 1 0 0 0 0 1 0 18 0 0 0 0 0 0 0 1 6 0 18 0 19
预测:     0 0 5 12 0 0 0 5 0 0 0 0 1 0 0 4 0 0 1 0 0 0 0 0 2 1 0 0 0 0 1 0 18 0 0 0 0 0 0 0 1 6 0 18 0 19
准确率:    1.0000 (46/46)
----------------------------------------
输入:       NPCHWN B>R<> DB<LDBBJHWN DCBW >NWN WNYLWN QDMJK
目标:     0 0 0 5 0 0 0 0 1 0 0 4 0 0 1 0 0 0 0 0 2 1 0 0 0 0 1 0 18 0 0 0 0 0 0 0 1 6 0 18 0 19 0 0 0 2 1 0
预测:     0 0 0 5 0 0 0 0 1 0 0 4 0 0 1 0 0 0 0 0 2 1 0 0 0 0 1 0 18 0 0 0 0 0 0 0 1 6 0 18 0 19 0 0 0 2 1 0
准确率:    1.0000 (48/48)
----------------------------------------
⏳ 验证无提升 (验证准确率: 0.9689 ≤ 0.9691)，patience: 12/50

======================================================================
🚀 Epoch 97/200
======================================================================
📚 开始训练阶段...
训练进度: 500/6065 损失=0.0130
训练进度: 1000/6065 损失=0.0105
训练进度: 1500/6065 损失=0.0124
训练进度: 2000/6065 损失=0.0299
训练进度: 2500/6065 损失=0.0074
训练进度: 3000/6065 损失=0.0143
训练进度: 3500/6065 损失=0.0128
训练进度: 4000/6065 损失=0.0039
训练进度: 4500/6065 损失=0.0218
训练进度: 5000/6065 损失=0.0066
训练进度: 5500/6065 损失=0.0363
训练进度: 6000/6065 损失=0.0289
训练进度: 6065/6065 损失=0.0152
✅ 训练完成，耗时: 110.1秒 (1.8分钟)

============================================================
📊 验证决策: Epoch 97/200
   验证间隔: 1
   是否验证: ✅ 是
   原因: 达到验证间隔 (0 == 0)
============================================================

🔍 开始验证...
验证进度: 500/686 损失=0.1815
验证进度: 686/686 损失=1.5533

📊 预测分布分析:
  - 预测的前5个类别: {np.int64(0): 282930, np.int64(1): 37077, np.int64(2): 14657, np.int64(3): 10792, np.int64(4): 8859}
  - 标签的前5个类别: {np.int64(0): 281232, np.int64(1): 36731, np.int64(2): 14789, np.int64(3): 10866, np.int64(4): 8585}
✅ 验证完成，耗时: 4.8秒 (0.1分钟)
训练损失: 0.0133
验证损失: 0.4316
验证准确率: 0.9689 (10622/10964) - 与Levenshtein高度相关
验证F1(加权): 0.9681 - 类别平衡更好
学习率: 0.000053
显存使用: 0.47GB (预留: 0.69GB)

生成的训练样本:
--------------------------------------------------------------------------------
输入:       >KWTHWN WCBQW KLHWN PWQDNWHJ DMRJ> >LHHWN W<BDW
目标:     0 0 0 0 1 0 0 0 0 1 0 0 3 0 0 0 5 0 0 0 0 0 0 0 0 25 1 0 0 0 1 0 0 0 2 0 0 0 5 0 0 0 0 1 0 0 3 0
预测:     0 0 0 0 1 0 0 0 0 1 0 0 3 0 0 0 5 0 0 0 0 0 0 0 0 25 1 0 0 0 1 0 0 0 2 0 0 0 5 0 0 0 0 1 0 0 3 0
准确率:    1.0000 (48/48)
----------------------------------------
输入:       WTTL MVRK <L >R<> DJHBT L<MK LJWRTN>
目标:     0 1 34 0 3 0 0 0 5 0 0 0 0 0 0 0 4 0 0 1 0 0 3 12 0 1 0 37 0 0 1 0 0 0 0 4 0
预测:     0 1 34 0 3 0 0 0 5 0 0 0 0 0 0 0 4 0 0 1 0 0 3 12 0 1 0 37 0 0 1 0 0 0 0 4 0
准确率:    1.0000 (37/37)
----------------------------------------
输入:       BTWLT> >WDJ DXSK XJJHJN MN >BDN> BSXRT>
目标:     0 0 0 0 2 23 0 0 50 0 0 3 0 1 0 0 3 0 0 2 1 0 0 0 0 0 0 0 0 0 0 4 0 0 1 0 0 13 165 0
预测:     0 0 0 0 2 23 0 0 50 0 0 3 0 1 0 0 3 0 0 2 1 0 0 0 0 0 0 0 0 0 0 4 0 0 1 0 0 13 165 0
准确率:    1.0000 (40/40)
----------------------------------------

生成的验证样本:
--------------------------------------------------------------------------------
输入:       KLH NPCHWN B>R<> DB<LDBBJHWN DCBW >NWN WNYLWN
目标:     0 0 5 12 0 0 0 5 0 0 0 0 1 0 0 4 0 0 1 0 0 0 0 0 2 1 0 0 0 0 1 0 18 0 0 0 0 0 0 0 1 6 0 18 0 19
预测:     0 0 5 12 0 0 0 5 0 0 0 0 1 0 0 4 0 0 1 0 0 0 0 0 2 1 0 0 0 0 1 0 18 0 0 0 0 0 0 0 1 6 0 18 0 19
准确率:    1.0000 (46/46)
----------------------------------------
输入:       NPCHWN B>R<> DB<LDBBJHWN DCBW >NWN WNYLWN QDMJK
目标:     0 0 0 5 0 0 0 0 1 0 0 4 0 0 1 0 0 0 0 0 2 1 0 0 0 0 1 0 18 0 0 0 0 0 0 0 1 6 0 18 0 19 0 0 0 2 1 0
预测:     0 0 0 5 0 0 0 0 1 0 0 4 0 0 1 0 0 0 0 0 2 1 0 0 0 0 1 0 18 0 0 0 0 0 0 0 1 6 0 18 0 19 0 0 0 2 1 0
准确率:    1.0000 (48/48)
----------------------------------------
⏳ 验证无提升 (验证准确率: 0.9689 ≤ 0.9691)，patience: 13/50

======================================================================
🚀 Epoch 98/200
======================================================================
📚 开始训练阶段...
训练进度: 500/6065 损失=0.0085
训练进度: 1000/6065 损失=0.0140
训练进度: 1500/6065 损失=0.0268
训练进度: 2000/6065 损失=0.0065
训练进度: 2500/6065 损失=0.0126
训练进度: 3000/6065 损失=0.0241
训练进度: 3500/6065 损失=0.0052
训练进度: 4000/6065 损失=0.0246
训练进度: 4500/6065 损失=0.0308
训练进度: 5000/6065 损失=0.0129
训练进度: 5500/6065 损失=0.0042
训练进度: 6000/6065 损失=0.0069
训练进度: 6065/6065 损失=0.0197
✅ 训练完成，耗时: 109.7秒 (1.8分钟)

============================================================
📊 验证决策: Epoch 98/200
   验证间隔: 1
   是否验证: ✅ 是
   原因: 达到验证间隔 (0 == 0)
============================================================

🔍 开始验证...
验证进度: 500/686 损失=0.3017
验证进度: 686/686 损失=1.4582

📊 预测分布分析:
  - 预测的前5个类别: {np.int64(0): 282893, np.int64(1): 37078, np.int64(2): 14708, np.int64(3): 10667, np.int64(4): 8794}
  - 标签的前5个类别: {np.int64(0): 281232, np.int64(1): 36731, np.int64(2): 14789, np.int64(3): 10866, np.int64(4): 8585}
✅ 验证完成，耗时: 4.8秒 (0.1分钟)
训练损失: 0.0128
验证损失: 0.4333
验证准确率: 0.9684 (10617/10964) - 与Levenshtein高度相关
验证F1(加权): 0.9677 - 类别平衡更好
学习率: 0.000052
显存使用: 0.48GB (预留: 0.69GB)

生成的训练样本:
--------------------------------------------------------------------------------
输入:       CB< TWRT> VBT> CB< >NJN CNJN WCB<
目标:     0 0 0 2 0 0 0 13 23 0 0 0 2 23 0 0 0 0 2 0 0 0 0 0 0 0 13 0 0 0 1 0 0 2
预测:     0 0 0 2 0 0 0 13 23 0 0 0 2 23 0 0 0 0 2 0 0 0 0 0 0 0 13 0 0 0 1 0 0 2
准确率:    1.0000 (34/34)
----------------------------------------
输入:       LPTGM> DL> >MRH MRJ> M> DMLL NBJ>
目标:     0 1 0 0 0 4 0 0 1 0 0 0 0 0 29 0 0 0 0 0 2 0 0 0 0 1 0 0 16 0 0 0 4 0
预测:     0 1 0 0 0 4 0 0 1 0 0 0 0 0 29 0 0 0 0 0 2 0 0 0 0 1 0 0 16 0 0 0 4 0
准确率:    1.0000 (34/34)
----------------------------------------
输入:       >MLK WTLT> JRXJN >MLK B>WRCLM WCM> D>MH
目标:     0 17 0 0 33 0 1 0 0 2 0 0 0 0 2 0 0 0 17 0 0 33 0 1 0 0 0 0 0 2 0 1 0 4 0 0 1 0 5 0
预测:     0 17 0 0 33 0 1 0 0 2 0 0 0 0 2 0 0 0 17 0 0 33 0 1 0 0 0 0 0 2 0 1 0 4 0 0 1 0 5 0
准确率:    1.0000 (40/40)
----------------------------------------

生成的验证样本:
--------------------------------------------------------------------------------
输入:       KLH NPCHWN B>R<> DB<LDBBJHWN DCBW >NWN WNYLWN
目标:     0 0 5 12 0 0 0 5 0 0 0 0 1 0 0 4 0 0 1 0 0 0 0 0 2 1 0 0 0 0 1 0 18 0 0 0 0 0 0 0 1 6 0 18 0 19
预测:     0 0 5 12 0 0 0 5 0 0 0 0 1 0 0 4 0 0 1 0 0 0 0 0 2 1 0 0 0 0 1 0 18 0 0 0 0 0 0 0 1 6 0 18 0 19
准确率:    1.0000 (46/46)
----------------------------------------
输入:       NPCHWN B>R<> DB<LDBBJHWN DCBW >NWN WNYLWN QDMJK
目标:     0 0 0 5 0 0 0 0 1 0 0 4 0 0 1 0 0 0 0 0 2 1 0 0 0 0 1 0 18 0 0 0 0 0 0 0 1 6 0 18 0 19 0 0 0 2 1 0
预测:     0 0 0 5 0 0 0 0 1 0 0 4 0 0 1 0 0 0 0 0 2 1 0 0 0 0 1 0 18 0 0 0 0 0 0 0 1 6 0 18 0 19 0 0 0 2 1 0
准确率:    1.0000 (48/48)
----------------------------------------
⏳ 验证无提升 (验证准确率: 0.9684 ≤ 0.9691)，patience: 14/50

======================================================================
🚀 Epoch 99/200
======================================================================
📚 开始训练阶段...
训练进度: 500/6065 损失=0.0331
训练进度: 1000/6065 损失=0.0063
训练进度: 1500/6065 损失=0.0060
训练进度: 2000/6065 损失=0.0079
训练进度: 2500/6065 损失=0.0210
训练进度: 3000/6065 损失=0.0050
训练进度: 3500/6065 损失=0.0110
训练进度: 4000/6065 损失=0.0293
训练进度: 4500/6065 损失=0.0126
训练进度: 5000/6065 损失=0.0016
训练进度: 5500/6065 损失=0.0333
训练进度: 6000/6065 损失=0.0032
训练进度: 6065/6065 损失=0.0085
✅ 训练完成，耗时: 109.9秒 (1.8分钟)

============================================================
📊 验证决策: Epoch 99/200
   验证间隔: 1
   是否验证: ✅ 是
   原因: 达到验证间隔 (0 == 0)
============================================================

🔍 开始验证...
验证进度: 500/686 损失=0.1895
验证进度: 686/686 损失=1.7066

📊 预测分布分析:
  - 预测的前5个类别: {np.int64(0): 283001, np.int64(1): 37079, np.int64(2): 14760, np.int64(3): 10759, np.int64(4): 8763}
  - 标签的前5个类别: {np.int64(0): 281232, np.int64(1): 36731, np.int64(2): 14789, np.int64(3): 10866, np.int64(4): 8585}
✅ 验证完成，耗时: 4.8秒 (0.1分钟)
训练损失: 0.0127
验证损失: 0.4350
验证准确率: 0.9688 (10621/10964) - 与Levenshtein高度相关
验证F1(加权): 0.9680 - 类别平衡更好
学习率: 0.000051
显存使用: 0.47GB (预留: 0.69GB)

生成的训练样本:
--------------------------------------------------------------------------------
输入:       <DM> D>P LBJTH DMRJM> NXRB BQRB> >P
目标:     0 0 0 0 0 0 1 0 0 0 1 0 0 5 0 0 1 6 20 0 43 78 0 44 0 0 3 0 1 0 0 15 0 0 0 0
预测:     0 0 0 0 0 0 1 0 0 0 1 0 0 5 0 0 1 6 20 0 43 78 0 44 0 0 3 0 1 0 0 30 0 0 0 0
准确率:    0.9722 (35/36)
----------------------------------------
输入:       MWC> W>HRWN MBVLJN >NTWN L<M> MN <BDHWN
目标:     0 0 0 0 2 0 1 0 0 0 0 2 0 6 0 0 7 0 19 0 0 0 0 0 0 0 1 0 15 0 0 0 0 0 0 0 98 0 0 0
预测:     0 0 0 0 2 0 1 0 0 0 0 2 0 6 0 0 7 0 19 0 0 0 0 0 0 0 1 0 15 0 0 0 0 0 0 0 98 0 0 0
准确率:    1.0000 (40/40)
----------------------------------------
输入:       RBT> WMRJRT> DVB W>MR L>BWHJ BRKJNJ >P
目标:     0 0 2 9 0 0 1 0 8 0 7 9 27 0 1 0 2 0 1 0 0 3 0 1 0 8 5 0 0 6 0 0 48 67 0 0 0 0 0
预测:     0 0 2 9 0 0 1 0 8 0 7 9 27 0 1 0 2 0 1 0 0 3 0 1 0 8 5 0 0 6 0 0 48 67 0 0 0 0 0
准确率:    1.0000 (39/39)
----------------------------------------

生成的验证样本:
--------------------------------------------------------------------------------
输入:       KLH NPCHWN B>R<> DB<LDBBJHWN DCBW >NWN WNYLWN
目标:     0 0 5 12 0 0 0 5 0 0 0 0 1 0 0 4 0 0 1 0 0 0 0 0 2 1 0 0 0 0 1 0 18 0 0 0 0 0 0 0 1 6 0 18 0 19
预测:     0 0 5 12 0 0 0 5 0 0 0 0 1 0 0 4 0 0 1 0 0 0 0 0 2 1 0 0 0 0 1 0 18 0 0 0 0 0 0 0 1 6 0 18 0 19
准确率:    1.0000 (46/46)
----------------------------------------
输入:       NPCHWN B>R<> DB<LDBBJHWN DCBW >NWN WNYLWN QDMJK
目标:     0 0 0 5 0 0 0 0 1 0 0 4 0 0 1 0 0 0 0 0 2 1 0 0 0 0 1 0 18 0 0 0 0 0 0 0 1 6 0 18 0 19 0 0 0 2 1 0
预测:     0 0 0 5 0 0 0 0 1 0 0 4 0 0 1 0 0 0 0 0 2 1 0 0 0 0 1 0 18 0 0 0 0 0 0 0 1 6 0 18 0 19 0 0 0 2 1 0
准确率:    1.0000 (48/48)
----------------------------------------
⏳ 验证无提升 (验证准确率: 0.9688 ≤ 0.9691)，patience: 15/50

======================================================================
🚀 Epoch 100/200
======================================================================
📚 开始训练阶段...
训练进度: 500/6065 损失=0.0105
训练进度: 1000/6065 损失=0.0218
训练进度: 1500/6065 损失=0.0058
训练进度: 2000/6065 损失=0.0272
训练进度: 2500/6065 损失=0.0084
训练进度: 3000/6065 损失=0.0109
训练进度: 3500/6065 损失=0.0038
训练进度: 4000/6065 损失=0.0045
训练进度: 4500/6065 损失=0.0087
训练进度: 5000/6065 损失=0.0103
训练进度: 5500/6065 损失=0.0157
训练进度: 6000/6065 损失=0.0086
训练进度: 6065/6065 损失=0.0061
✅ 训练完成，耗时: 110.2秒 (1.8分钟)

============================================================
📊 验证决策: Epoch 100/200
   验证间隔: 1
   是否验证: ✅ 是
   原因: 达到验证间隔 (0 == 0)
============================================================

🔍 开始验证...
验证进度: 500/686 损失=0.4286
验证进度: 686/686 损失=1.5820

📊 预测分布分析:
  - 预测的前5个类别: {np.int64(0): 282958, np.int64(1): 37063, np.int64(2): 14741, np.int64(3): 10777, np.int64(4): 8743}
  - 标签的前5个类别: {np.int64(0): 281232, np.int64(1): 36731, np.int64(2): 14789, np.int64(3): 10866, np.int64(4): 8585}
✅ 验证完成，耗时: 4.8秒 (0.1分钟)
训练损失: 0.0123
验证损失: 0.4375
验证准确率: 0.9688 (10621/10964) - 与Levenshtein高度相关
验证F1(加权): 0.9680 - 类别平衡更好
学习率: 0.000051
显存使用: 0.47GB (预留: 0.69GB)

生成的训练样本:
--------------------------------------------------------------------------------
输入:       MJTJHWN >W QBRJN LHWN KD XJJN >W
目标:     0 20 0 7 124 0 0 0 0 0 0 0 0 0 7 0 0 0 1 0 0 0 0 0 0 0 0 42 0 0 0 0 0
预测:     0 20 0 7 124 0 0 0 0 0 0 0 0 0 7 0 0 0 1 0 0 0 0 0 0 0 0 42 0 0 0 0 0
准确率:    1.0000 (33/33)
----------------------------------------
输入:       ZDJQ> DNCTM<WN K>N> DBHWN B<JN HWW <L
目标:     0 0 0 0 11 0 0 1 45 39 0 0 3 0 0 0 0 0 11 0 0 1 1 0 0 0 0 0 0 7 0 0 0 18 0 0 0 0
预测:     0 0 0 0 11 0 0 1 45 39 0 0 3 0 0 0 0 0 11 0 0 1 1 0 0 0 0 0 0 7 0 0 0 18 0 0 0 0
准确率:    1.0000 (38/38)
----------------------------------------
输入:       KLHWN B<LDBBJ PRWQW MNJ KL <BDJ CWQR>
目标:     0 0 5 0 0 0 0 0 0 0 0 0 2 46 6 0 8 0 3 0 0 0 1 0 0 0 2 0 0 0 7 0 0 0 0 0 4 0
预测:     0 0 5 0 0 0 0 0 0 0 0 0 2 46 6 0 8 0 3 0 0 0 1 0 0 0 2 0 0 0 7 0 0 0 0 0 4 0
准确率:    1.0000 (38/38)
----------------------------------------

生成的验证样本:
--------------------------------------------------------------------------------
输入:       KLH NPCHWN B>R<> DB<LDBBJHWN DCBW >NWN WNYLWN
目标:     0 0 5 12 0 0 0 5 0 0 0 0 1 0 0 4 0 0 1 0 0 0 0 0 2 1 0 0 0 0 1 0 18 0 0 0 0 0 0 0 1 6 0 18 0 19
预测:     0 0 5 12 0 0 0 5 0 0 0 0 1 0 0 4 0 0 1 0 0 0 0 0 2 1 0 0 0 0 1 0 18 0 0 0 0 0 0 0 1 6 0 18 0 19
准确率:    1.0000 (46/46)
----------------------------------------
输入:       NPCHWN B>R<> DB<LDBBJHWN DCBW >NWN WNYLWN QDMJK
目标:     0 0 0 5 0 0 0 0 1 0 0 4 0 0 1 0 0 0 0 0 2 1 0 0 0 0 1 0 18 0 0 0 0 0 0 0 1 6 0 18 0 19 0 0 0 2 1 0
预测:     0 0 0 5 0 0 0 0 1 0 0 4 0 0 1 0 0 0 0 0 2 1 0 0 0 0 1 0 18 0 0 0 0 0 0 0 1 6 0 18 0 19 0 0 0 2 1 0
准确率:    1.0000 (48/48)
----------------------------------------
⏳ 验证无提升 (验证准确率: 0.9688 ≤ 0.9691)，patience: 16/50

======================================================================
🚀 Epoch 101/200
======================================================================
📚 开始训练阶段...
训练进度: 500/6065 损失=0.0019
训练进度: 1000/6065 损失=0.0121
训练进度: 1500/6065 损失=0.0332
训练进度: 2000/6065 损失=0.0252
训练进度: 2500/6065 损失=0.0118
训练进度: 3000/6065 损失=0.0188
训练进度: 3500/6065 损失=0.0197
训练进度: 4000/6065 损失=0.0050
训练进度: 4500/6065 损失=0.0314
训练进度: 5000/6065 损失=0.0027
训练进度: 5500/6065 损失=0.0058
训练进度: 6000/6065 损失=0.0258
训练进度: 6065/6065 损失=0.0183
✅ 训练完成，耗时: 109.8秒 (1.8分钟)

============================================================
📊 验证决策: Epoch 101/200
   验证间隔: 1
   是否验证: ✅ 是
   原因: 达到验证间隔 (0 == 0)
============================================================

🔍 开始验证...
验证进度: 500/686 损失=0.4561
验证进度: 686/686 损失=1.5394

📊 预测分布分析:
  - 预测的前5个类别: {np.int64(0): 282811, np.int64(1): 37089, np.int64(2): 14708, np.int64(3): 10747, np.int64(4): 8803}
  - 标签的前5个类别: {np.int64(0): 281232, np.int64(1): 36731, np.int64(2): 14789, np.int64(3): 10866, np.int64(4): 8585}
✅ 验证完成，耗时: 4.8秒 (0.1分钟)
训练损失: 0.0122
验证损失: 0.4343
验证准确率: 0.9688 (10622/10964) - 与Levenshtein高度相关
验证F1(加权): 0.9681 - 类别平衡更好
学习率: 0.000050
显存使用: 0.48GB (预留: 0.69GB)

生成的训练样本:
--------------------------------------------------------------------------------
输入:       BJTH DMRJ> M>N> KLHWN D<BJDJN LB<L> WLDXLT>
目标:     0 0 0 5 0 0 1 0 0 0 2 0 0 0 11 0 0 0 5 0 0 0 0 1 0 8 0 7 0 27 0 1 0 0 4 0 0 1 1 0 0 13 23 0
预测:     0 0 0 5 0 0 1 0 0 0 2 0 0 0 11 0 0 0 5 0 0 0 0 1 0 8 0 7 0 27 0 1 0 0 4 0 0 1 1 0 0 13 23 0
准确率:    1.0000 (44/44)
----------------------------------------
输入:       GNB JWRDNN WQ<W KLHWN DBJT >PRJM W>XDW
目标:     0 0 0 2 0 0 0 0 0 0 2 0 1 0 18 0 0 0 5 0 0 0 0 1 0 0 2 0 0 0 0 0 2 0 1 0 0 3 0
预测:     0 0 0 2 0 0 0 0 0 0 2 0 1 0 18 0 0 0 5 0 0 0 0 1 0 0 2 0 0 0 0 0 2 0 1 0 0 3 0
准确率:    1.0000 (39/39)
----------------------------------------
输入:       DN>BDWN W>JLJN DMCTXRJN W>JLJN DVCJN MN QDMJK
目标:     0 1 6 0 0 3 0 0 0 1 0 0 0 0 0 0 1 45 39 0 0 7 0 0 0 1 0 0 0 0 0 0 1 0 42 0 0 0 0 0 0 0 0 2 1 0
预测:     0 1 6 0 0 3 0 0 0 1 0 0 0 0 0 0 1 45 39 0 0 7 0 0 0 1 0 0 0 0 0 0 1 0 42 0 0 0 0 0 0 0 0 2 1 0
准确率:    1.0000 (46/46)
----------------------------------------

生成的验证样本:
--------------------------------------------------------------------------------
输入:       KLH NPCHWN B>R<> DB<LDBBJHWN DCBW >NWN WNYLWN
目标:     0 0 5 12 0 0 0 5 0 0 0 0 1 0 0 4 0 0 1 0 0 0 0 0 2 1 0 0 0 0 1 0 18 0 0 0 0 0 0 0 1 6 0 18 0 19
预测:     0 0 5 12 0 0 0 5 0 0 0 0 1 0 0 4 0 0 1 0 0 0 0 0 2 1 0 0 0 0 1 0 18 0 0 0 0 0 0 0 1 6 0 18 0 19
准确率:    1.0000 (46/46)
----------------------------------------
输入:       NPCHWN B>R<> DB<LDBBJHWN DCBW >NWN WNYLWN QDMJK
目标:     0 0 0 5 0 0 0 0 1 0 0 4 0 0 1 0 0 0 0 0 2 1 0 0 0 0 1 0 18 0 0 0 0 0 0 0 1 6 0 18 0 19 0 0 0 2 1 0
预测:     0 0 0 5 0 0 0 0 1 0 0 4 0 0 1 0 0 0 0 0 2 1 0 0 0 0 1 0 18 0 0 0 0 0 0 0 1 6 0 18 0 19 0 0 0 2 1 0
准确率:    1.0000 (48/48)
----------------------------------------
⏳ 验证无提升 (验证准确率: 0.9688 ≤ 0.9691)，patience: 17/50

======================================================================
🚀 Epoch 102/200
======================================================================
📚 开始训练阶段...
训练进度: 500/6065 损失=0.0190
训练进度: 1000/6065 损失=0.0020
训练进度: 1500/6065 损失=0.0036
训练进度: 2000/6065 损失=0.0190
训练进度: 2500/6065 损失=0.0033
训练进度: 3000/6065 损失=0.0267
训练进度: 3500/6065 损失=0.0229
训练进度: 4000/6065 损失=0.0085
训练进度: 4500/6065 损失=0.0142
训练进度: 5000/6065 损失=0.0073
训练进度: 5500/6065 损失=0.0128
训练进度: 6000/6065 损失=0.0179
训练进度: 6065/6065 损失=0.0271
✅ 训练完成，耗时: 109.8秒 (1.8分钟)

============================================================
📊 验证决策: Epoch 102/200
   验证间隔: 1
   是否验证: ✅ 是
   原因: 达到验证间隔 (0 == 0)
============================================================

🔍 开始验证...
验证进度: 500/686 损失=0.2716
验证进度: 686/686 损失=1.7558

📊 预测分布分析:
  - 预测的前5个类别: {np.int64(0): 282726, np.int64(1): 37044, np.int64(2): 14750, np.int64(3): 10761, np.int64(4): 8903}
  - 标签的前5个类别: {np.int64(0): 281232, np.int64(1): 36731, np.int64(2): 14789, np.int64(3): 10866, np.int64(4): 8585}
✅ 验证完成，耗时: 4.8秒 (0.1分钟)
训练损失: 0.0116
验证损失: 0.4361
验证准确率: 0.9691 (10624/10964) - 与Levenshtein高度相关
验证F1(加权): 0.9684 - 类别平衡更好
学习率: 0.000049
显存使用: 0.48GB (预留: 0.69GB)

生成的训练样本:
--------------------------------------------------------------------------------
输入:       WCPR XNWK L>LH> WLJTWHJ MVL DNSBH >LH>
目标:     0 1 0 0 3 0 0 0 0 2 0 1 0 0 4 0 0 1 58 0 10 5 0 0 0 0 0 0 0 1 0 0 29 0 0 0 0 4 0
预测:     0 1 0 0 3 0 0 0 0 2 0 1 0 0 4 0 0 1 58 0 10 5 0 0 0 0 0 0 0 1 0 0 29 0 0 0 0 4 0
准确率:    1.0000 (39/39)
----------------------------------------
输入:       DNPJSWN HD> CQLW HWW BBKT> LM>MR HWW
目标:     0 1 6 0 0 3 0 0 0 0 0 0 0 0 0 3 0 0 0 18 0 0 1 0 13 9 0 0 1 6 0 0 7 0 0 18 0
预测:     0 1 6 0 0 3 0 0 0 0 0 0 0 0 0 3 0 0 0 18 0 0 1 0 13 9 0 0 1 6 0 0 7 0 0 18 0
准确率:    1.0000 (37/37)
----------------------------------------
输入:       PTGM> W>SHD BKWN CMJ> W>R<> MVL DJD<
目标:     0 0 0 0 11 0 0 1 6 0 0 16 0 1 0 0 0 0 0 24 9 0 0 1 0 0 4 0 0 0 0 0 0 1 0 0 7
预测:     0 0 0 0 11 0 0 1 6 0 0 16 0 1 0 0 0 0 0 24 9 0 0 1 0 0 4 0 0 0 0 0 0 1 0 0 7
准确率:    1.0000 (37/37)
----------------------------------------

生成的验证样本:
--------------------------------------------------------------------------------
输入:       KLH NPCHWN B>R<> DB<LDBBJHWN DCBW >NWN WNYLWN
目标:     0 0 5 12 0 0 0 5 0 0 0 0 1 0 0 4 0 0 1 0 0 0 0 0 2 1 0 0 0 0 1 0 18 0 0 0 0 0 0 0 1 6 0 18 0 19
预测:     0 0 5 12 0 0 0 5 0 0 0 0 1 0 0 4 0 0 1 0 0 0 0 0 2 1 0 0 0 0 1 0 18 0 0 0 0 0 0 0 1 6 0 18 0 19
准确率:    1.0000 (46/46)
----------------------------------------
输入:       NPCHWN B>R<> DB<LDBBJHWN DCBW >NWN WNYLWN QDMJK
目标:     0 0 0 5 0 0 0 0 1 0 0 4 0 0 1 0 0 0 0 0 2 1 0 0 0 0 1 0 18 0 0 0 0 0 0 0 1 6 0 18 0 19 0 0 0 2 1 0
预测:     0 0 0 5 0 0 0 0 1 0 0 4 0 0 1 0 0 0 0 0 2 1 0 0 0 0 1 0 18 0 0 0 0 0 0 0 1 6 0 18 0 19 0 0 0 2 1 0
准确率:    1.0000 (48/48)
----------------------------------------
⏳ 验证无提升 (验证准确率: 0.9691 ≤ 0.9691)，patience: 18/50

======================================================================
🚀 Epoch 103/200
======================================================================
📚 开始训练阶段...
训练进度: 500/6065 损失=0.0051
训练进度: 1000/6065 损失=0.0194
训练进度: 1500/6065 损失=0.0085
训练进度: 2000/6065 损失=0.0065
训练进度: 2500/6065 损失=0.0184
训练进度: 3000/6065 损失=0.0026
训练进度: 3500/6065 损失=0.0072
训练进度: 4000/6065 损失=0.0031
训练进度: 4500/6065 损失=0.0223
训练进度: 5000/6065 损失=0.0086
训练进度: 5500/6065 损失=0.0340
训练进度: 6000/6065 损失=0.0104
训练进度: 6065/6065 损失=0.0141
✅ 训练完成，耗时: 110.0秒 (1.8分钟)

============================================================
📊 验证决策: Epoch 103/200
   验证间隔: 1
   是否验证: ✅ 是
   原因: 达到验证间隔 (0 == 0)
============================================================

🔍 开始验证...
验证进度: 500/686 损失=0.3172
验证进度: 686/686 损失=1.9594

📊 预测分布分析:
  - 预测的前5个类别: {np.int64(0): 283136, np.int64(1): 37070, np.int64(2): 14774, np.int64(3): 10633, np.int64(4): 9019}
  - 标签的前5个类别: {np.int64(0): 281232, np.int64(1): 36731, np.int64(2): 14789, np.int64(3): 10866, np.int64(4): 8585}
✅ 验证完成，耗时: 4.8秒 (0.1分钟)
训练损失: 0.0116
验证损失: 0.4491
验证准确率: 0.9685 (10619/10964) - 与Levenshtein高度相关
验证F1(加权): 0.9677 - 类别平衡更好
学习率: 0.000048
显存使用: 0.48GB (预留: 0.69GB)

生成的训练样本:
--------------------------------------------------------------------------------
输入:       HKN> >L> >N >JK <PR> HW DDRJ>
目标:     0 0 0 0 0 0 88 0 0 0 0 0 0 0 0 0 0 0 0 4 0 0 0 12 0 1 0 0 43 0
预测:     0 0 0 0 0 0 88 0 0 0 0 0 0 0 0 0 0 0 0 4 0 0 0 12 0 1 0 0 43 0
准确率:    1.0000 (30/30)
----------------------------------------
输入:       HW> >JK M> DQNV HW> DLM> L>
目标:     0 0 10 3 0 0 0 0 0 0 0 0 1 0 0 3 0 0 10 3 0 0 0 0 0 0 0 0
预测:     0 0 10 3 0 0 0 0 0 0 0 0 1 0 0 3 0 0 10 3 0 0 0 0 0 0 0 0
准确率:    1.0000 (28/28)
----------------------------------------
输入:       XZNJ H> HJ BJT RQM LBJT GDR
目标:     0 0 186 0 0 0 0 0 0 0 12 0 0 66 0 0 0 0 2 0 1 0 66 0 0 0 0 2
预测:     0 0 186 0 0 0 0 0 0 0 12 0 0 66 0 0 0 0 2 0 1 0 66 0 0 0 0 2
准确率:    1.0000 (28/28)
----------------------------------------

生成的验证样本:
--------------------------------------------------------------------------------
输入:       KLH NPCHWN B>R<> DB<LDBBJHWN DCBW >NWN WNYLWN
目标:     0 0 5 12 0 0 0 5 0 0 0 0 1 0 0 4 0 0 1 0 0 0 0 0 2 1 0 0 0 0 1 0 18 0 0 0 0 0 0 0 1 6 0 18 0 19
预测:     0 0 5 12 0 0 0 5 0 0 0 0 1 0 0 4 0 0 1 0 0 0 0 0 2 1 0 0 0 0 1 0 18 0 0 0 0 0 0 0 1 6 0 18 0 19
准确率:    1.0000 (46/46)
----------------------------------------
输入:       NPCHWN B>R<> DB<LDBBJHWN DCBW >NWN WNYLWN QDMJK
目标:     0 0 0 5 0 0 0 0 1 0 0 4 0 0 1 0 0 0 0 0 2 1 0 0 0 0 1 0 18 0 0 0 0 0 0 0 1 6 0 18 0 19 0 0 0 2 1 0
预测:     0 0 0 5 0 0 0 0 1 0 0 4 0 0 1 0 0 0 0 0 2 1 0 0 0 0 1 0 18 0 0 0 0 0 0 0 1 6 0 18 0 19 0 0 0 2 1 0
准确率:    1.0000 (48/48)
----------------------------------------
⏳ 验证无提升 (验证准确率: 0.9685 ≤ 0.9691)，patience: 19/50

======================================================================
🚀 Epoch 104/200
======================================================================
📚 开始训练阶段...
训练进度: 500/6065 损失=0.0065
训练进度: 1000/6065 损失=0.0182
训练进度: 1500/6065 损失=0.0294
训练进度: 2000/6065 损失=0.0049
训练进度: 2500/6065 损失=0.0228
训练进度: 3000/6065 损失=0.0116
训练进度: 3500/6065 损失=0.0038
训练进度: 4000/6065 损失=0.0100
训练进度: 4500/6065 损失=0.0013
训练进度: 5000/6065 损失=0.0127
训练进度: 5500/6065 损失=0.0093
训练进度: 6000/6065 损失=0.0130
训练进度: 6065/6065 损失=0.0015
✅ 训练完成，耗时: 110.0秒 (1.8分钟)

============================================================
📊 验证决策: Epoch 104/200
   验证间隔: 1
   是否验证: ✅ 是
   原因: 达到验证间隔 (0 == 0)
============================================================

🔍 开始验证...
验证进度: 500/686 损失=0.2813
验证进度: 686/686 损失=1.7331

📊 预测分布分析:
  - 预测的前5个类别: {np.int64(0): 282871, np.int64(1): 37027, np.int64(2): 14765, np.int64(3): 10825, np.int64(4): 8715}
  - 标签的前5个类别: {np.int64(0): 281232, np.int64(1): 36731, np.int64(2): 14789, np.int64(3): 10866, np.int64(4): 8585}
✅ 验证完成，耗时: 4.8秒 (0.1分钟)
训练损失: 0.0113
验证损失: 0.4429
验证准确率: 0.9691 (10625/10964) - 与Levenshtein高度相关
验证F1(加权): 0.9684 - 类别平衡更好
学习率: 0.000048
显存使用: 0.48GB (预留: 0.69GB)

生成的训练样本:
--------------------------------------------------------------------------------
输入:       TWB NXC >P LN GJR GDCN WHC>
目标:     0 0 0 0 0 44 0 130 0 0 0 0 1 0 0 0 0 0 0 0 0 29 0 0 1 0 4 0
预测:     0 0 0 0 0 44 0 130 0 0 0 0 1 0 0 0 0 0 0 0 0 29 0 0 1 0 4 0
准确率:    1.0000 (28/28)
----------------------------------------
输入:       L> >TMLJ XMC> BCB> HW BKL DBJT
目标:     0 0 0 0 0 14 0 0 3 0 0 0 4 0 8 8 8 8 12 0 0 0 0 1 0 2 8 8 8 8 12
预测:     0 0 0 0 0 14 0 0 3 0 0 0 4 0 8 8 8 8 12 0 0 0 0 1 0 2 8 8 8 8 12
准确率:    1.0000 (31/31)
----------------------------------------
输入:       XNN LH MVL DZBNN >P >KL KSPN
目标:     0 0 0 0 0 1 0 0 0 0 0 0 1 0 0 157 0 0 0 0 0 0 0 3 0 0 0 5 0
预测:     0 0 0 0 0 1 0 0 0 0 0 0 1 0 0 157 0 0 0 0 0 0 0 3 0 0 0 5 0
准确率:    1.0000 (29/29)
----------------------------------------

生成的验证样本:
--------------------------------------------------------------------------------
输入:       KLH NPCHWN B>R<> DB<LDBBJHWN DCBW >NWN WNYLWN
目标:     0 0 5 12 0 0 0 5 0 0 0 0 1 0 0 4 0 0 1 0 0 0 0 0 2 1 0 0 0 0 1 0 18 0 0 0 0 0 0 0 1 6 0 18 0 19
预测:     0 0 5 12 0 0 0 5 0 0 0 0 1 0 0 4 0 0 1 0 0 0 0 0 2 1 0 0 0 0 1 0 18 0 0 0 0 0 0 0 1 6 0 18 0 19
准确率:    1.0000 (46/46)
----------------------------------------
输入:       NPCHWN B>R<> DB<LDBBJHWN DCBW >NWN WNYLWN QDMJK
目标:     0 0 0 5 0 0 0 0 1 0 0 4 0 0 1 0 0 0 0 0 2 1 0 0 0 0 1 0 18 0 0 0 0 0 0 0 1 6 0 18 0 19 0 0 0 2 1 0
预测:     0 0 0 5 0 0 0 0 1 0 0 4 0 0 1 0 0 0 0 0 2 1 0 0 0 0 1 0 18 0 0 0 0 0 0 0 1 6 0 18 0 19 0 0 0 2 1 0
准确率:    1.0000 (48/48)
----------------------------------------
⏳ 验证无提升 (验证准确率: 0.9691 ≤ 0.9691)，patience: 20/50

======================================================================
🚀 Epoch 105/200
======================================================================
📚 开始训练阶段...
训练进度: 500/6065 损失=0.0022
训练进度: 1000/6065 损失=0.0116
训练进度: 1500/6065 损失=0.0060
训练进度: 2000/6065 损失=0.0035
训练进度: 2500/6065 损失=0.0154
训练进度: 3000/6065 损失=0.0049
训练进度: 3500/6065 损失=0.0007
训练进度: 4000/6065 损失=0.0137
训练进度: 4500/6065 损失=0.0155
训练进度: 5000/6065 损失=0.0176
训练进度: 5500/6065 损失=0.0021
训练进度: 6000/6065 损失=0.0073
训练进度: 6065/6065 损失=0.0030
✅ 训练完成，耗时: 110.1秒 (1.8分钟)

============================================================
📊 验证决策: Epoch 105/200
   验证间隔: 1
   是否验证: ✅ 是
   原因: 达到验证间隔 (0 == 0)
============================================================

🔍 开始验证...
验证进度: 500/686 损失=0.2911
验证进度: 686/686 损失=1.9377

📊 预测分布分析:
  - 预测的前5个类别: {np.int64(0): 282868, np.int64(1): 37006, np.int64(2): 14733, np.int64(3): 10878, np.int64(4): 8837}
  - 标签的前5个类别: {np.int64(0): 281232, np.int64(1): 36731, np.int64(2): 14789, np.int64(3): 10866, np.int64(4): 8585}
✅ 验证完成，耗时: 4.8秒 (0.1分钟)
训练损失: 0.0112
验证损失: 0.4501
验证准确率: 0.9690 (10624/10964) - 与Levenshtein高度相关
验证F1(加权): 0.9682 - 类别平衡更好
学习率: 0.000047
显存使用: 0.47GB (预留: 0.69GB)

生成的训练样本:
--------------------------------------------------------------------------------
输入:       CNJN WMJT WXJ> QJNN CB<JN CNJN W>WLD
目标:     0 0 13 0 0 0 1 20 0 3 0 1 0 10 3 0 0 0 0 2 0 0 0 2 0 0 0 0 13 0 0 0 1 50 0 0 3
预测:     0 0 13 0 0 0 1 20 0 3 0 1 0 10 3 0 0 0 0 2 0 0 0 2 0 0 0 0 13 0 0 0 1 50 0 0 3
准确率:    1.0000 (37/37)
----------------------------------------
输入:       DHJMNWTH HJ TXJWHJ W>P HW MHJMN HW
目标:     0 1 0 0 0 0 2 1 0 0 0 12 0 112 0 94 0 0 0 0 1 0 0 0 0 0 0 6 0 0 0 109 0 0 0
预测:     0 1 0 0 0 0 2 1 0 0 0 12 0 112 0 94 0 0 0 0 1 0 0 0 0 0 0 6 0 0 0 109 0 0 0
准确率:    1.0000 (35/35)
----------------------------------------
输入:       WPSLT TRTJN LWX> DK>P> >JK QDMJT> WSLQT
目标:     0 1 0 0 3 0 0 0 2 0 0 0 0 0 0 11 0 0 1 0 0 4 0 0 0 0 0 0 0 0 0 2 23 0 0 1 0 0 3 0
预测:     0 1 0 0 3 0 0 0 2 0 0 0 0 0 0 11 0 0 1 0 0 4 0 0 0 0 0 0 0 0 0 2 23 0 0 1 0 0 3 0
准确率:    1.0000 (40/40)
----------------------------------------

生成的验证样本:
--------------------------------------------------------------------------------
输入:       KLH NPCHWN B>R<> DB<LDBBJHWN DCBW >NWN WNYLWN
目标:     0 0 5 12 0 0 0 5 0 0 0 0 1 0 0 4 0 0 1 0 0 0 0 0 2 1 0 0 0 0 1 0 18 0 0 0 0 0 0 0 1 6 0 18 0 19
预测:     0 0 5 12 0 0 0 5 0 0 0 0 1 0 0 4 0 0 1 0 0 0 0 0 2 1 0 0 0 0 1 0 18 0 0 0 0 0 0 0 1 6 0 18 0 19
准确率:    1.0000 (46/46)
----------------------------------------
输入:       NPCHWN B>R<> DB<LDBBJHWN DCBW >NWN WNYLWN QDMJK
目标:     0 0 0 5 0 0 0 0 1 0 0 4 0 0 1 0 0 0 0 0 2 1 0 0 0 0 1 0 18 0 0 0 0 0 0 0 1 6 0 18 0 19 0 0 0 2 1 0
预测:     0 0 0 5 0 0 0 0 1 0 0 4 0 0 1 0 0 0 0 0 2 1 0 0 0 0 1 0 18 0 0 0 0 0 0 0 1 6 0 18 0 19 0 0 0 2 1 0
准确率:    1.0000 (48/48)
----------------------------------------
⏳ 验证无提升 (验证准确率: 0.9690 ≤ 0.9691)，patience: 21/50

======================================================================
🚀 Epoch 106/200
======================================================================
📚 开始训练阶段...
训练进度: 500/6065 损失=0.0172
训练进度: 1000/6065 损失=0.0093
训练进度: 1500/6065 损失=0.0036
训练进度: 2000/6065 损失=0.0136
训练进度: 2500/6065 损失=0.0019
训练进度: 3000/6065 损失=0.0020
训练进度: 3500/6065 损失=0.0052
训练进度: 4000/6065 损失=0.0047
训练进度: 4500/6065 损失=0.0168
训练进度: 5000/6065 损失=0.0035
训练进度: 5500/6065 损失=0.0033
训练进度: 6000/6065 损失=0.0137
训练进度: 6065/6065 损失=0.0135
✅ 训练完成，耗时: 109.6秒 (1.8分钟)

============================================================
📊 验证决策: Epoch 106/200
   验证间隔: 1
   是否验证: ✅ 是
   原因: 达到验证间隔 (0 == 0)
============================================================

🔍 开始验证...
验证进度: 500/686 损失=0.1573
验证进度: 686/686 损失=1.7525

📊 预测分布分析:
  - 预测的前5个类别: {np.int64(0): 282814, np.int64(1): 37038, np.int64(2): 14785, np.int64(3): 10909, np.int64(4): 8773}
  - 标签的前5个类别: {np.int64(0): 281232, np.int64(1): 36731, np.int64(2): 14789, np.int64(3): 10866, np.int64(4): 8585}
✅ 验证完成，耗时: 4.8秒 (0.1分钟)
训练损失: 0.0107
验证损失: 0.4494
验证准确率: 0.9687 (10621/10964) - 与Levenshtein高度相关
验证F1(加权): 0.9680 - 类别平衡更好
学习率: 0.000046
显存使用: 0.48GB (预留: 0.69GB)

生成的训练样本:
--------------------------------------------------------------------------------
输入:       WLDRT> DBJTH DMRJ> GWJT> WL>SVW> DBJT> WCDR
目标:     0 1 1 0 13 9 0 0 1 0 0 5 0 0 1 0 0 0 2 0 0 0 2 9 0 0 1 1 0 0 0 4 0 0 1 0 0 4 0 0 1 0 0 16
预测:     0 1 1 0 13 9 0 0 1 0 0 5 0 0 1 0 0 0 2 0 0 0 2 9 0 0 1 1 0 0 0 4 0 0 1 0 0 4 0 0 1 0 0 16
准确率:    1.0000 (44/44)
----------------------------------------
输入:       LNPC> DJLJ CWZBJNJ MVL RXMJK MVL DL>
目标:     0 1 0 0 4 0 0 0 0 1 0 6 0 0 0 48 1 0 0 0 0 0 0 0 0 0 22 1 0 0 0 0 0 0 1 0 0
预测:     0 1 0 0 4 0 0 0 0 1 0 6 0 0 0 48 1 0 0 0 0 0 0 0 0 0 22 1 0 0 0 0 0 0 1 0 0
准确率:    1.0000 (37/37)
----------------------------------------
输入:       DND<WN >JK M> DJD<N DLJT >LH> LBR
目标:     0 1 52 0 3 0 0 0 0 0 0 0 0 0 0 1 0 0 3 0 0 1 58 0 24 0 0 0 4 0 0 1 0 22
预测:     0 1 52 0 3 0 0 0 0 0 0 0 0 0 0 1 0 0 3 0 0 1 58 0 24 0 0 0 4 0 0 1 0 22
准确率:    1.0000 (34/34)
----------------------------------------

生成的验证样本:
--------------------------------------------------------------------------------
输入:       KLH NPCHWN B>R<> DB<LDBBJHWN DCBW >NWN WNYLWN
目标:     0 0 5 12 0 0 0 5 0 0 0 0 1 0 0 4 0 0 1 0 0 0 0 0 2 1 0 0 0 0 1 0 18 0 0 0 0 0 0 0 1 6 0 18 0 19
预测:     0 0 5 12 0 0 0 5 0 0 0 0 1 0 0 4 0 0 1 0 0 0 0 0 2 1 0 0 0 0 1 0 18 0 0 0 0 0 0 0 1 6 0 18 0 19
准确率:    1.0000 (46/46)
----------------------------------------
输入:       NPCHWN B>R<> DB<LDBBJHWN DCBW >NWN WNYLWN QDMJK
目标:     0 0 0 5 0 0 0 0 1 0 0 4 0 0 1 0 0 0 0 0 2 1 0 0 0 0 1 0 18 0 0 0 0 0 0 0 1 6 0 18 0 19 0 0 0 2 1 0
预测:     0 0 0 5 0 0 0 0 1 0 0 4 0 0 1 0 0 0 0 0 2 1 0 0 0 0 1 0 18 0 0 0 0 0 0 0 1 6 0 18 0 19 0 0 0 2 1 0
准确率:    1.0000 (48/48)
----------------------------------------
⏳ 验证无提升 (验证准确率: 0.9687 ≤ 0.9691)，patience: 22/50

======================================================================
🚀 Epoch 107/200
======================================================================
📚 开始训练阶段...
训练进度: 500/6065 损失=0.0064
训练进度: 1000/6065 损失=0.0029
训练进度: 1500/6065 损失=0.0125
训练进度: 2000/6065 损失=0.0063
训练进度: 2500/6065 损失=0.0193
训练进度: 3000/6065 损失=0.0324
训练进度: 3500/6065 损失=0.0158
训练进度: 4000/6065 损失=0.0128
训练进度: 4500/6065 损失=0.0023
训练进度: 5000/6065 损失=0.0053
训练进度: 5500/6065 损失=0.0044
训练进度: 6000/6065 损失=0.0009
训练进度: 6065/6065 损失=0.0074
✅ 训练完成，耗时: 109.8秒 (1.8分钟)

============================================================
📊 验证决策: Epoch 107/200
   验证间隔: 1
   是否验证: ✅ 是
   原因: 达到验证间隔 (0 == 0)
============================================================

🔍 开始验证...
验证进度: 500/686 损失=0.1645
验证进度: 686/686 损失=1.8139

📊 预测分布分析:
  - 预测的前5个类别: {np.int64(0): 282946, np.int64(1): 37069, np.int64(2): 14632, np.int64(3): 10766, np.int64(4): 8920}
  - 标签的前5个类别: {np.int64(0): 281232, np.int64(1): 36731, np.int64(2): 14789, np.int64(3): 10866, np.int64(4): 8585}
✅ 验证完成，耗时: 4.8秒 (0.1分钟)
训练损失: 0.0106
验证损失: 0.4554
验证准确率: 0.9692 (10626/10964) - 与Levenshtein高度相关
验证F1(加权): 0.9685 - 类别平衡更好
学习率: 0.000045
显存使用: 0.47GB (预留: 0.69GB)

生成的训练样本:
--------------------------------------------------------------------------------
输入:       >DNJK DGL> R>Z> MWBD HJMNWTH WL> NCKX
目标:     0 0 0 2 1 0 0 1 0 10 7 0 0 0 4 0 0 68 0 0 7 0 0 0 0 0 2 1 0 0 1 0 0 0 6 0 0 3
预测:     0 0 0 2 1 0 0 1 0 10 7 0 0 0 4 0 0 68 0 0 7 0 0 0 0 0 2 1 0 0 1 0 0 0 6 0 0 3
准确率:    1.0000 (38/38)
----------------------------------------
输入:       WL> CM<WHJ LMWC> MN KRJWT RWX> WMN
目标:     0 1 0 0 0 0 0 3 1 0 0 0 1 0 0 0 2 0 0 0 0 0 0 0 2 0 0 0 0 4 0 0 1 0 0
预测:     0 1 0 0 0 0 0 3 1 0 0 0 1 0 0 0 2 0 0 0 0 0 0 0 2 0 0 0 0 4 0 0 1 0 0
准确率:    1.0000 (35/35)
----------------------------------------
输入:       MNW <BD> HN> D<BDTWN L> JD<JN >NTWN
目标:     0 0 71 0 0 0 0 55 0 0 0 0 0 0 1 0 0 3 0 0 0 0 0 0 0 0 0 7 0 0 0 0 0 0 0 0
预测:     0 0 71 0 0 0 0 55 0 0 0 0 0 0 1 0 0 3 0 0 0 0 0 0 0 0 0 7 0 0 0 0 0 0 0 0
准确率:    1.0000 (36/36)
----------------------------------------

生成的验证样本:
--------------------------------------------------------------------------------
输入:       KLH NPCHWN B>R<> DB<LDBBJHWN DCBW >NWN WNYLWN
目标:     0 0 5 12 0 0 0 5 0 0 0 0 1 0 0 4 0 0 1 0 0 0 0 0 2 1 0 0 0 0 1 0 18 0 0 0 0 0 0 0 1 6 0 18 0 19
预测:     0 0 5 12 0 0 0 5 0 0 0 0 1 0 0 4 0 0 1 0 0 0 0 0 2 1 0 0 0 0 1 0 18 0 0 0 0 0 0 0 1 6 0 18 0 19
准确率:    1.0000 (46/46)
----------------------------------------
输入:       NPCHWN B>R<> DB<LDBBJHWN DCBW >NWN WNYLWN QDMJK
目标:     0 0 0 5 0 0 0 0 1 0 0 4 0 0 1 0 0 0 0 0 2 1 0 0 0 0 1 0 18 0 0 0 0 0 0 0 1 6 0 18 0 19 0 0 0 2 1 0
预测:     0 0 0 5 0 0 0 0 1 0 0 4 0 0 1 0 0 0 0 0 2 1 0 0 0 0 1 0 18 0 0 0 0 0 0 0 1 6 0 18 0 19 0 0 0 2 1 0
准确率:    1.0000 (48/48)
----------------------------------------
💾 保存新的最佳模型！验证准确率: 0.9692 (F1: 0.9685) (Epoch 107)

======================================================================
🚀 Epoch 108/200
======================================================================
📚 开始训练阶段...
训练进度: 500/6065 损失=0.0068
训练进度: 1000/6065 损失=0.0011
训练进度: 1500/6065 损失=0.0070
训练进度: 2000/6065 损失=0.0060
训练进度: 2500/6065 损失=0.0294
训练进度: 3000/6065 损失=0.0130
训练进度: 3500/6065 损失=0.0014
训练进度: 4000/6065 损失=0.0068
训练进度: 4500/6065 损失=0.0100
训练进度: 5000/6065 损失=0.0246
训练进度: 5500/6065 损失=0.0113
训练进度: 6000/6065 损失=0.0009
训练进度: 6065/6065 损失=0.0107
✅ 训练完成，耗时: 110.2秒 (1.8分钟)

============================================================
📊 验证决策: Epoch 108/200
   验证间隔: 1
   是否验证: ✅ 是
   原因: 达到验证间隔 (0 == 0)
============================================================

🔍 开始验证...
验证进度: 500/686 损失=0.2410
验证进度: 686/686 损失=1.7650

📊 预测分布分析:
  - 预测的前5个类别: {np.int64(0): 282962, np.int64(1): 37101, np.int64(2): 14809, np.int64(3): 10733, np.int64(4): 8686}
  - 标签的前5个类别: {np.int64(0): 281232, np.int64(1): 36731, np.int64(2): 14789, np.int64(3): 10866, np.int64(4): 8585}
✅ 验证完成，耗时: 4.9秒 (0.1分钟)
训练损失: 0.0103
验证损失: 0.4601
验证准确率: 0.9689 (10623/10964) - 与Levenshtein高度相关
验证F1(加权): 0.9682 - 类别平衡更好
学习率: 0.000044
显存使用: 0.48GB (预留: 0.69GB)

生成的训练样本:
--------------------------------------------------------------------------------
输入:       NRD> LPQ<T> WHW> DKD HNWN BXQL> QM
目标:     0 6 0 10 3 0 1 0 0 13 9 0 0 1 0 10 3 0 1 0 0 0 0 0 0 0 0 1 0 0 4 0 0 31 3
预测:     0 6 0 10 3 0 1 0 0 13 9 0 0 1 0 10 3 0 1 0 0 0 0 0 0 0 0 1 0 0 4 0 0 31 3
准确率:    1.0000 (35/35)
----------------------------------------
输入:       >WRD<> MNK WMN BJTK W>MR LH MXR
目标:     0 0 0 0 0 11 0 0 0 1 0 0 1 0 0 0 0 0 5 0 0 1 0 0 3 0 1 0 0 0 0 0
预测:     0 0 0 0 0 11 0 0 0 1 0 0 1 0 0 0 0 0 5 0 0 1 0 0 3 0 1 0 0 0 0 0
准确率:    1.0000 (32/32)
----------------------------------------
输入:       BWKR> DB<JR> WQM PR<WN BLLJ> HW WKLHWN
目标:     0 8 0 31 11 0 0 1 0 0 0 4 0 0 1 31 3 0 0 0 0 0 2 0 1 38 0 4 0 0 0 0 0 1 0 5 0 0 0
预测:     0 8 0 31 11 0 0 1 0 0 0 4 0 0 1 31 3 0 0 0 0 0 2 0 1 38 0 4 0 0 0 0 0 1 0 5 0 0 0
准确率:    1.0000 (39/39)
----------------------------------------

生成的验证样本:
--------------------------------------------------------------------------------
输入:       KLH NPCHWN B>R<> DB<LDBBJHWN DCBW >NWN WNYLWN
目标:     0 0 5 12 0 0 0 5 0 0 0 0 1 0 0 4 0 0 1 0 0 0 0 0 2 1 0 0 0 0 1 0 18 0 0 0 0 0 0 0 1 6 0 18 0 19
预测:     0 0 5 12 0 0 0 5 0 0 0 0 1 0 0 4 0 0 1 0 0 0 0 0 2 1 0 0 0 0 1 0 18 0 0 0 0 0 0 0 1 6 0 18 0 19
准确率:    1.0000 (46/46)
----------------------------------------
输入:       NPCHWN B>R<> DB<LDBBJHWN DCBW >NWN WNYLWN QDMJK
目标:     0 0 0 5 0 0 0 0 1 0 0 4 0 0 1 0 0 0 0 0 2 1 0 0 0 0 1 0 18 0 0 0 0 0 0 0 1 6 0 18 0 19 0 0 0 2 1 0
预测:     0 0 0 5 0 0 0 0 1 0 0 4 0 0 1 0 0 0 0 0 2 1 0 0 0 0 1 0 18 0 0 0 0 0 0 0 1 6 0 18 0 19 0 0 0 2 1 0
准确率:    1.0000 (48/48)
----------------------------------------
⏳ 验证无提升 (验证准确率: 0.9689 ≤ 0.9692)，patience: 1/50

======================================================================
🚀 Epoch 109/200
======================================================================
📚 开始训练阶段...
训练进度: 500/6065 损失=0.0006
训练进度: 1000/6065 损失=0.0182
训练进度: 1500/6065 损失=0.0037
训练进度: 2000/6065 损失=0.0029
训练进度: 2500/6065 损失=0.0103
训练进度: 3000/6065 损失=0.0047
训练进度: 3500/6065 损失=0.0186
训练进度: 4000/6065 损失=0.0054
训练进度: 4500/6065 损失=0.0181
训练进度: 5000/6065 损失=0.0073
训练进度: 5500/6065 损失=0.0013
训练进度: 6000/6065 损失=0.0228
训练进度: 6065/6065 损失=0.0169
✅ 训练完成，耗时: 110.1秒 (1.8分钟)

============================================================
📊 验证决策: Epoch 109/200
   验证间隔: 1
   是否验证: ✅ 是
   原因: 达到验证间隔 (0 == 0)
============================================================

🔍 开始验证...
验证进度: 500/686 损失=0.2345
验证进度: 686/686 损失=1.9180

📊 预测分布分析:
  - 预测的前5个类别: {np.int64(0): 283058, np.int64(1): 37065, np.int64(2): 14629, np.int64(3): 10817, np.int64(4): 8954}
  - 标签的前5个类别: {np.int64(0): 281232, np.int64(1): 36731, np.int64(2): 14789, np.int64(3): 10866, np.int64(4): 8585}
✅ 验证完成，耗时: 4.8秒 (0.1分钟)
训练损失: 0.0102
验证损失: 0.4641
验证准确率: 0.9689 (10622/10964) - 与Levenshtein高度相关
验证F1(加权): 0.9680 - 类别平衡更好
学习率: 0.000044
显存使用: 0.48GB (预留: 0.69GB)

生成的训练样本:
--------------------------------------------------------------------------------
输入:       D>JCM<JL WHLJN CMHJHWN BDJRJHWN WBVJRJHWN TR<SR RWRBNJN
目标:     0 1 0 0 0 0 0 0 2 0 1 0 0 0 0 0 0 8 2 1 0 0 0 0 1 0 0 2 1 0 0 0 0 1 1 0 0 2 1 0 0 0 0 0 118 0 0 2 0 0 0 0 8 2 0 0
预测:     0 1 0 0 0 0 0 0 2 0 1 0 0 0 0 0 0 8 2 1 0 0 0 0 1 0 0 2 1 0 0 0 0 1 1 0 0 2 1 0 0 0 0 0 118 0 0 2 0 0 0 0 8 2 0 0
准确率:    1.0000 (56/56)
----------------------------------------
输入:       >CKB W>DMK MVL D>NT MRJ> BLXWDJ BCLJ>
目标:     0 6 0 0 3 0 1 6 0 0 3 0 0 0 0 0 1 0 0 0 0 0 0 0 2 0 1 0 0 0 2 0 0 1 0 0 4 0
预测:     0 6 0 0 3 0 1 6 0 0 3 0 0 0 0 0 1 0 0 0 0 0 0 0 2 0 1 0 0 0 2 0 0 1 0 0 4 0
准确率:    1.0000 (38/38)
----------------------------------------
输入:       DBNWHJ <MH WKLH XJWT> WKLH B<JR> WKLH
目标:     0 1 0 25 1 0 0 0 0 1 0 0 1 0 5 12 0 0 0 13 9 0 0 1 0 5 12 0 0 0 0 4 0 0 1 0 5 12
预测:     0 1 0 25 1 0 0 0 0 1 0 0 1 0 5 12 0 0 0 13 9 0 0 1 0 5 12 0 0 0 0 4 0 0 1 0 5 12
准确率:    1.0000 (38/38)
----------------------------------------

生成的验证样本:
--------------------------------------------------------------------------------
输入:       KLH NPCHWN B>R<> DB<LDBBJHWN DCBW >NWN WNYLWN
目标:     0 0 5 12 0 0 0 5 0 0 0 0 1 0 0 4 0 0 1 0 0 0 0 0 2 1 0 0 0 0 1 0 18 0 0 0 0 0 0 0 1 6 0 18 0 19
预测:     0 0 5 12 0 0 0 5 0 0 0 0 1 0 0 4 0 0 1 0 0 0 0 0 2 1 0 0 0 0 1 0 18 0 0 0 0 0 0 0 1 6 0 18 0 19
准确率:    1.0000 (46/46)
----------------------------------------
输入:       NPCHWN B>R<> DB<LDBBJHWN DCBW >NWN WNYLWN QDMJK
目标:     0 0 0 5 0 0 0 0 1 0 0 4 0 0 1 0 0 0 0 0 2 1 0 0 0 0 1 0 18 0 0 0 0 0 0 0 1 6 0 18 0 19 0 0 0 2 1 0
预测:     0 0 0 5 0 0 0 0 1 0 0 4 0 0 1 0 0 0 0 0 2 1 0 0 0 0 1 0 18 0 0 0 0 0 0 0 1 6 0 18 0 19 0 0 0 2 1 0
准确率:    1.0000 (48/48)
----------------------------------------
⏳ 验证无提升 (验证准确率: 0.9689 ≤ 0.9692)，patience: 2/50

======================================================================
🚀 Epoch 110/200
======================================================================
📚 开始训练阶段...
训练进度: 500/6065 损失=0.0159
训练进度: 1000/6065 损失=0.0030
训练进度: 1500/6065 损失=0.0231
训练进度: 2000/6065 损失=0.0021
训练进度: 2500/6065 损失=0.0133
训练进度: 3000/6065 损失=0.0060
训练进度: 3500/6065 损失=0.0154
训练进度: 4000/6065 损失=0.0082
训练进度: 4500/6065 损失=0.0234
训练进度: 5000/6065 损失=0.0132
训练进度: 5500/6065 损失=0.0210
训练进度: 6000/6065 损失=0.0517
训练进度: 6065/6065 损失=0.0047
✅ 训练完成，耗时: 109.7秒 (1.8分钟)

============================================================
📊 验证决策: Epoch 110/200
   验证间隔: 1
   是否验证: ✅ 是
   原因: 达到验证间隔 (0 == 0)
============================================================

🔍 开始验证...
验证进度: 500/686 损失=0.2669
验证进度: 686/686 损失=1.7553

📊 预测分布分析:
  - 预测的前5个类别: {np.int64(0): 282959, np.int64(1): 37080, np.int64(2): 14735, np.int64(3): 10823, np.int64(4): 8859}
  - 标签的前5个类别: {np.int64(0): 281232, np.int64(1): 36731, np.int64(2): 14789, np.int64(3): 10866, np.int64(4): 8585}
✅ 验证完成，耗时: 4.8秒 (0.1分钟)
训练损失: 0.0100
验证损失: 0.4616
验证准确率: 0.9687 (10620/10964) - 与Levenshtein高度相关
验证F1(加权): 0.9679 - 类别平衡更好
学习率: 0.000043
显存使用: 0.47GB (预留: 0.69GB)

生成的训练样本:
--------------------------------------------------------------------------------
输入:       >LHK WDM> DDBXJK NT>CD <L MDBXH DMRJ>
目标:     0 0 0 5 0 0 1 0 4 0 0 1 0 0 22 1 0 0 21 14 0 0 3 0 0 0 0 0 0 0 5 0 0 1 0 0 0 2
预测:     0 0 0 5 0 0 1 0 4 0 0 1 0 0 22 1 0 0 21 14 0 0 3 0 0 0 0 0 0 0 5 0 0 1 0 0 0 2
准确率:    1.0000 (38/38)
----------------------------------------
输入:       W>CTJ MN XMRH WRWJ W>TGLJ BGW MCKNH
目标:     0 1 17 0 0 3 0 0 0 0 0 0 5 0 0 1 0 0 3 0 1 0 14 0 0 3 0 1 0 2 0 0 0 0 5 0
预测:     0 1 17 0 0 3 0 0 0 0 0 0 5 0 0 1 0 0 3 0 1 0 14 0 0 3 0 1 0 2 0 0 0 0 5 0
准确率:    1.0000 (36/36)
----------------------------------------
输入:       LHWN GD<WN >N> C>LT> XD> C>L >N>
目标:     0 1 0 0 0 0 0 0 0 0 2 0 0 0 0 0 0 0 13 9 0 0 0 2 0 0 0 0 7 0 0 0 0
预测:     0 1 0 0 0 0 0 0 0 0 2 0 0 0 0 0 0 0 13 9 0 0 0 2 0 0 0 0 7 0 0 0 0
准确率:    1.0000 (33/33)
----------------------------------------

生成的验证样本:
--------------------------------------------------------------------------------
输入:       KLH NPCHWN B>R<> DB<LDBBJHWN DCBW >NWN WNYLWN
目标:     0 0 5 12 0 0 0 5 0 0 0 0 1 0 0 4 0 0 1 0 0 0 0 0 2 1 0 0 0 0 1 0 18 0 0 0 0 0 0 0 1 6 0 18 0 19
预测:     0 0 5 12 0 0 0 5 0 0 0 0 1 0 0 4 0 0 1 0 0 0 0 0 2 1 0 0 0 0 1 0 18 0 0 0 0 0 0 0 1 6 0 18 0 19
准确率:    1.0000 (46/46)
----------------------------------------
输入:       NPCHWN B>R<> DB<LDBBJHWN DCBW >NWN WNYLWN QDMJK
目标:     0 0 0 5 0 0 0 0 1 0 0 4 0 0 1 0 0 0 0 0 2 1 0 0 0 0 1 0 18 0 0 0 0 0 0 0 1 6 0 18 0 19 0 0 0 2 1 0
预测:     0 0 0 5 0 0 0 0 1 0 0 4 0 0 1 0 0 0 0 0 2 1 0 0 0 0 1 0 18 0 0 0 0 0 0 0 1 6 0 18 0 19 0 0 0 2 1 0
准确率:    1.0000 (48/48)
----------------------------------------
⏳ 验证无提升 (验证准确率: 0.9687 ≤ 0.9692)，patience: 3/50

======================================================================
🚀 Epoch 111/200
======================================================================
📚 开始训练阶段...
训练进度: 500/6065 损失=0.0019
训练进度: 1000/6065 损失=0.0047
训练进度: 1500/6065 损失=0.0009
训练进度: 2000/6065 损失=0.0064
训练进度: 2500/6065 损失=0.0064
训练进度: 3000/6065 损失=0.0049
训练进度: 3500/6065 损失=0.0014
训练进度: 4000/6065 损失=0.0029
训练进度: 4500/6065 损失=0.0030
训练进度: 5000/6065 损失=0.0027
训练进度: 5500/6065 损失=0.0109
训练进度: 6000/6065 损失=0.0096
训练进度: 6065/6065 损失=0.0020
✅ 训练完成，耗时: 109.7秒 (1.8分钟)

============================================================
📊 验证决策: Epoch 111/200
   验证间隔: 1
   是否验证: ✅ 是
   原因: 达到验证间隔 (0 == 0)
============================================================

🔍 开始验证...
验证进度: 500/686 损失=0.1931
验证进度: 686/686 损失=1.8162

📊 预测分布分析:
  - 预测的前5个类别: {np.int64(0): 283031, np.int64(1): 37082, np.int64(2): 14738, np.int64(3): 10781, np.int64(4): 8762}
  - 标签的前5个类别: {np.int64(0): 281232, np.int64(1): 36731, np.int64(2): 14789, np.int64(3): 10866, np.int64(4): 8585}
✅ 验证完成，耗时: 4.8秒 (0.1分钟)
训练损失: 0.0097
验证损失: 0.4591
验证准确率: 0.9692 (10626/10964) - 与Levenshtein高度相关
验证F1(加权): 0.9685 - 类别平衡更好
学习率: 0.000042
显存使用: 0.48GB (预留: 0.69GB)

生成的训练样本:
--------------------------------------------------------------------------------
输入:       BH RXMJH >JLJN DRXMJN XJ> WDB<JN LH
目标:     0 1 12 0 0 0 7 1 12 0 0 0 0 0 0 0 1 0 0 7 0 0 0 0 11 0 0 1 1 0 42 0 0 0 1 12
预测:     0 1 12 0 0 0 7 1 12 0 0 0 0 0 0 0 1 0 0 7 0 0 0 0 11 0 0 1 1 0 42 0 0 0 1 12
准确率:    1.0000 (36/36)
----------------------------------------
输入:       W>N CBQ L>BWHJ M>T W>MRT L<BDJK D>N
目标:     0 1 0 0 0 0 0 7 0 1 0 8 5 0 0 0 20 0 7 0 1 0 0 3 12 0 1 0 0 22 1 0 0 1 0 0
预测:     0 1 0 0 0 0 0 7 0 1 0 8 5 0 0 0 20 0 7 0 1 0 0 3 12 0 1 0 0 22 1 0 0 1 0 0
准确率:    1.0000 (36/36)
----------------------------------------
输入:       >LH> >XRN> DL> JD<JN >NTWN LHWN WKD
目标:     0 0 0 11 0 0 0 0 38 11 0 0 1 0 0 0 0 0 7 0 0 0 0 0 0 0 0 0 1 0 0 0 0 1 0 0
预测:     0 0 0 11 0 0 0 0 38 11 0 0 1 0 0 0 0 0 7 0 0 0 0 0 0 0 0 0 1 0 0 0 0 1 0 0
准确率:    1.0000 (36/36)
----------------------------------------

生成的验证样本:
--------------------------------------------------------------------------------
输入:       KLH NPCHWN B>R<> DB<LDBBJHWN DCBW >NWN WNYLWN
目标:     0 0 5 12 0 0 0 5 0 0 0 0 1 0 0 4 0 0 1 0 0 0 0 0 2 1 0 0 0 0 1 0 18 0 0 0 0 0 0 0 1 6 0 18 0 19
预测:     0 0 5 12 0 0 0 5 0 0 0 0 1 0 0 4 0 0 1 0 0 0 0 0 2 1 0 0 0 0 1 0 18 0 0 0 0 0 0 0 1 6 0 18 0 19
准确率:    1.0000 (46/46)
----------------------------------------
输入:       NPCHWN B>R<> DB<LDBBJHWN DCBW >NWN WNYLWN QDMJK
目标:     0 0 0 5 0 0 0 0 1 0 0 4 0 0 1 0 0 0 0 0 2 1 0 0 0 0 1 0 18 0 0 0 0 0 0 0 1 6 0 18 0 19 0 0 0 2 1 0
预测:     0 0 0 5 0 0 0 0 1 0 0 4 0 0 1 0 0 0 0 0 2 1 0 0 0 0 1 0 18 0 0 0 0 0 0 0 1 6 0 18 0 19 0 0 0 2 1 0
准确率:    1.0000 (48/48)
----------------------------------------
⏳ 验证无提升 (验证准确率: 0.9692 ≤ 0.9692)，patience: 4/50

======================================================================
🚀 Epoch 112/200
======================================================================
📚 开始训练阶段...
训练进度: 500/6065 损失=0.0029
训练进度: 1000/6065 损失=0.0064
训练进度: 1500/6065 损失=0.0073
训练进度: 2000/6065 损失=0.0101
训练进度: 2500/6065 损失=0.0057
训练进度: 3000/6065 损失=0.0011
训练进度: 3500/6065 损失=0.0058
训练进度: 4000/6065 损失=0.0041
训练进度: 4500/6065 损失=0.0010
训练进度: 5000/6065 损失=0.0215
训练进度: 5500/6065 损失=0.0088
训练进度: 6000/6065 损失=0.0023
训练进度: 6065/6065 损失=0.0142
✅ 训练完成，耗时: 109.7秒 (1.8分钟)

============================================================
📊 验证决策: Epoch 112/200
   验证间隔: 1
   是否验证: ✅ 是
   原因: 达到验证间隔 (0 == 0)
============================================================

🔍 开始验证...
验证进度: 500/686 损失=0.2318
验证进度: 686/686 损失=1.9676

📊 预测分布分析:
  - 预测的前5个类别: {np.int64(0): 282751, np.int64(1): 37050, np.int64(2): 14735, np.int64(3): 10812, np.int64(4): 8737}
  - 标签的前5个类别: {np.int64(0): 281232, np.int64(1): 36731, np.int64(2): 14789, np.int64(3): 10866, np.int64(4): 8585}
✅ 验证完成，耗时: 4.9秒 (0.1分钟)
训练损失: 0.0097
验证损失: 0.4668
验证准确率: 0.9689 (10622/10964) - 与Levenshtein高度相关
验证F1(加权): 0.9683 - 类别平衡更好
学习率: 0.000041
显存使用: 0.48GB (预留: 0.69GB)

生成的训练样本:
--------------------------------------------------------------------------------
输入:       NHPWK K>B> DJLH LRJCH W<L QRQPT> DJLH
目标:     0 6 0 8 0 3 0 0 0 4 0 0 0 0 1 0 0 1 0 0 5 0 0 1 0 0 0 0 0 0 13 9 0 0 0 0 1 0
预测:     0 6 0 8 0 3 0 0 0 4 0 0 0 0 1 0 0 1 0 0 5 0 0 1 0 0 0 0 0 0 13 9 0 0 0 0 1 0
准确率:    1.0000 (38/38)
----------------------------------------
输入:       WM>S> JWNN MKRZ WM>S> BK>T> <ZJZ>JT S<R
目标:     0 1 6 0 10 41 0 0 0 0 2 0 6 0 0 7 0 1 6 0 10 41 0 1 0 13 9 0 0 0 0 0 0 0 0 0 0 0 0 7
预测:     0 1 6 0 10 41 0 0 0 0 2 0 6 0 0 7 0 1 6 0 10 41 0 1 0 13 9 0 0 0 0 0 0 0 0 0 0 0 0 7
准确率:    1.0000 (40/40)
----------------------------------------
输入:       HW DKLHWN >LP LPGR> GJ NXM WLMJT>
目标:     0 0 0 0 1 0 5 0 0 0 10 0 0 16 0 1 0 0 11 0 0 0 232 0 0 0 16 0 1 1 20 0 65 27
预测:     0 0 0 0 1 0 5 0 0 0 10 0 0 16 0 1 0 0 11 0 0 0 232 0 0 0 16 0 1 1 20 0 65 27
准确率:    1.0000 (34/34)
----------------------------------------

生成的验证样本:
--------------------------------------------------------------------------------
输入:       KLH NPCHWN B>R<> DB<LDBBJHWN DCBW >NWN WNYLWN
目标:     0 0 5 12 0 0 0 5 0 0 0 0 1 0 0 4 0 0 1 0 0 0 0 0 2 1 0 0 0 0 1 0 18 0 0 0 0 0 0 0 1 6 0 18 0 19
预测:     0 0 5 12 0 0 0 5 0 0 0 0 1 0 0 4 0 0 1 0 0 0 0 0 2 1 0 0 0 0 1 0 18 0 0 0 0 0 0 0 1 6 0 18 0 19
准确率:    1.0000 (46/46)
----------------------------------------
输入:       NPCHWN B>R<> DB<LDBBJHWN DCBW >NWN WNYLWN QDMJK
目标:     0 0 0 5 0 0 0 0 1 0 0 4 0 0 1 0 0 0 0 0 2 1 0 0 0 0 1 0 18 0 0 0 0 0 0 0 1 6 0 18 0 19 0 0 0 2 1 0
预测:     0 0 0 5 0 0 0 0 1 0 0 4 0 0 1 0 0 0 0 0 2 1 0 0 0 0 1 0 18 0 0 0 0 0 0 0 1 6 0 18 0 19 0 0 0 2 1 0
准确率:    1.0000 (48/48)
----------------------------------------
⏳ 验证无提升 (验证准确率: 0.9689 ≤ 0.9692)，patience: 5/50

======================================================================
🚀 Epoch 113/200
======================================================================
📚 开始训练阶段...
训练进度: 500/6065 损失=0.0042
训练进度: 1000/6065 损失=0.0106
训练进度: 1500/6065 损失=0.0238
训练进度: 2000/6065 损失=0.0011
训练进度: 2500/6065 损失=0.0011
训练进度: 3000/6065 损失=0.0246
训练进度: 3500/6065 损失=0.0021
训练进度: 4000/6065 损失=0.0037
训练进度: 4500/6065 损失=0.0236
训练进度: 5000/6065 损失=0.0021
训练进度: 5500/6065 损失=0.0021
训练进度: 6000/6065 损失=0.0144
训练进度: 6065/6065 损失=0.0147
✅ 训练完成，耗时: 110.3秒 (1.8分钟)

============================================================
📊 验证决策: Epoch 113/200
   验证间隔: 1
   是否验证: ✅ 是
   原因: 达到验证间隔 (0 == 0)
============================================================

🔍 开始验证...
验证进度: 500/686 损失=0.1920
验证进度: 686/686 损失=1.7334

📊 预测分布分析:
  - 预测的前5个类别: {np.int64(0): 283063, np.int64(1): 37058, np.int64(2): 14668, np.int64(3): 10696, np.int64(4): 8874}
  - 标签的前5个类别: {np.int64(0): 281232, np.int64(1): 36731, np.int64(2): 14789, np.int64(3): 10866, np.int64(4): 8585}
✅ 验证完成，耗时: 4.9秒 (0.1分钟)
训练损失: 0.0093
验证损失: 0.4767
验证准确率: 0.9687 (10620/10964) - 与Levenshtein高度相关
验证F1(加权): 0.9679 - 类别平衡更好
学习率: 0.000041
显存使用: 0.48GB (预留: 0.69GB)

生成的训练样本:
--------------------------------------------------------------------------------
输入:       >JSXQ W>TB>C PTGM> VB B<JNJ >BRHM <L
目标:     0 0 0 0 0 2 0 1 0 14 0 0 3 0 0 0 0 4 0 0 0 2 0 1 0 0 2 0 0 0 0 0 0 2 0 0 0
预测:     0 0 0 0 0 2 0 1 0 14 0 0 3 0 0 0 0 4 0 0 0 2 0 1 0 0 2 0 0 0 0 0 0 2 0 0 0
准确率:    1.0000 (37/37)
----------------------------------------
输入:       >MR> L<LT> DLM> NPN> BXNGT> WNHW> MWM>
目标:     0 0 0 15 0 0 1 0 70 9 0 0 0 0 0 0 0 6 0 10 3 0 1 0 0 13 9 0 0 1 6 0 10 3 0 0 0 4 0
预测:     0 0 0 15 0 0 1 0 70 9 0 0 0 0 0 0 0 6 0 10 3 0 1 0 0 13 9 0 0 1 6 0 10 3 0 0 0 4 0
准确率:    1.0000 (39/39)
----------------------------------------
输入:       MLK> W>CBX CMK MRJ> BKLJWM W>CT<> CMK
目标:     0 0 0 4 0 0 1 6 0 0 16 0 0 5 0 0 0 0 0 2 0 1 0 5 0 0 2 0 1 45 39 0 10 16 0 0 5 0
预测:     0 0 0 4 0 0 1 6 0 0 16 0 0 5 0 0 0 0 0 2 0 1 0 5 0 0 2 0 1 45 39 0 10 16 0 0 5 0
准确率:    1.0000 (38/38)
----------------------------------------

生成的验证样本:
--------------------------------------------------------------------------------
输入:       KLH NPCHWN B>R<> DB<LDBBJHWN DCBW >NWN WNYLWN
目标:     0 0 5 12 0 0 0 5 0 0 0 0 1 0 0 4 0 0 1 0 0 0 0 0 2 1 0 0 0 0 1 0 18 0 0 0 0 0 0 0 1 6 0 18 0 19
预测:     0 0 5 12 0 0 0 5 0 0 0 0 1 0 0 4 0 0 1 0 0 0 0 0 2 1 0 0 0 0 1 0 18 0 0 0 0 0 0 0 1 6 0 18 0 19
准确率:    1.0000 (46/46)
----------------------------------------
输入:       NPCHWN B>R<> DB<LDBBJHWN DCBW >NWN WNYLWN QDMJK
目标:     0 0 0 5 0 0 0 0 1 0 0 4 0 0 1 0 0 0 0 0 2 1 0 0 0 0 1 0 18 0 0 0 0 0 0 0 1 6 0 18 0 19 0 0 0 2 1 0
预测:     0 0 0 5 0 0 0 0 1 0 0 4 0 0 1 0 0 0 0 0 2 1 0 0 0 0 1 0 18 0 0 0 0 0 0 0 1 6 0 18 0 19 0 0 0 2 1 0
准确率:    1.0000 (48/48)
----------------------------------------
⏳ 验证无提升 (验证准确率: 0.9687 ≤ 0.9692)，patience: 6/50

======================================================================
🚀 Epoch 114/200
======================================================================
📚 开始训练阶段...
训练进度: 500/6065 损失=0.0036
训练进度: 1000/6065 损失=0.0035
训练进度: 1500/6065 损失=0.0068
训练进度: 2000/6065 损失=0.0148
训练进度: 2500/6065 损失=0.0267
训练进度: 3000/6065 损失=0.0036
训练进度: 3500/6065 损失=0.0156
训练进度: 4000/6065 损失=0.0301
训练进度: 4500/6065 损失=0.0011
训练进度: 5000/6065 损失=0.0044
训练进度: 5500/6065 损失=0.0091
训练进度: 6000/6065 损失=0.0071
训练进度: 6065/6065 损失=0.0041
✅ 训练完成，耗时: 110.4秒 (1.8分钟)

============================================================
📊 验证决策: Epoch 114/200
   验证间隔: 1
   是否验证: ✅ 是
   原因: 达到验证间隔 (0 == 0)
============================================================

🔍 开始验证...
验证进度: 500/686 损失=0.3551
验证进度: 686/686 损失=1.7295

📊 预测分布分析:
  - 预测的前5个类别: {np.int64(0): 282985, np.int64(1): 37099, np.int64(2): 14715, np.int64(3): 10801, np.int64(4): 8879}
  - 标签的前5个类别: {np.int64(0): 281232, np.int64(1): 36731, np.int64(2): 14789, np.int64(3): 10866, np.int64(4): 8585}
✅ 验证完成，耗时: 4.9秒 (0.1分钟)
训练损失: 0.0092
验证损失: 0.4702
验证准确率: 0.9690 (10623/10964) - 与Levenshtein高度相关
验证F1(加权): 0.9682 - 类别平衡更好
学习率: 0.000040
显存使用: 0.48GB (预留: 0.69GB)

生成的训练样本:
--------------------------------------------------------------------------------
输入:       CWM<WNJ ZDJQ> WNPR< BSRKWN >JK CWCN> W>JK
目标:     6 8 0 0 3 1 0 0 0 0 0 0 11 0 0 1 6 0 0 3 0 0 0 5 0 0 0 0 0 0 0 0 0 0 0 11 0 0 1 0 0 0
预测:     6 8 0 0 3 1 0 0 0 0 0 0 11 0 0 1 6 0 0 3 0 0 0 5 0 0 0 0 0 0 0 0 0 0 0 11 0 0 1 0 0 0
准确率:    1.0000 (42/42)
----------------------------------------
输入:       DRCJ<> T>BD LMN> >CT<LJW <MM> W>MWT> >THGJJN
目标:     0 1 0 0 0 11 0 0 44 0 0 3 0 1 0 0 0 0 47 39 17 0 0 116 0 0 0 8 30 0 0 1 31 57 2 23 0 0 0 14 0 0 3 0 89
预测:     0 1 0 0 0 11 0 0 44 0 0 3 0 1 0 0 0 0 47 39 17 0 0 116 0 0 0 8 30 0 0 1 31 57 2 23 0 0 0 14 0 0 3 0 89
准确率:    1.0000 (45/45)
----------------------------------------
输入:       WN>MRWN <L MN> <BD MRJ> HKN> L>R<>
目标:     0 1 6 0 0 3 0 0 0 0 0 0 0 0 0 0 0 0 3 0 0 0 0 2 0 0 0 0 0 0 1 0 0 4 0
预测:     0 1 6 0 0 3 0 0 0 0 0 0 0 0 0 0 0 0 3 0 0 0 0 2 0 0 0 0 0 0 1 0 0 4 0
准确率:    1.0000 (35/35)
----------------------------------------

生成的验证样本:
--------------------------------------------------------------------------------
输入:       KLH NPCHWN B>R<> DB<LDBBJHWN DCBW >NWN WNYLWN
目标:     0 0 5 12 0 0 0 5 0 0 0 0 1 0 0 4 0 0 1 0 0 0 0 0 2 1 0 0 0 0 1 0 18 0 0 0 0 0 0 0 1 6 0 18 0 19
预测:     0 0 5 12 0 0 0 5 0 0 0 0 1 0 0 4 0 0 1 0 0 0 0 0 2 1 0 0 0 0 1 0 18 0 0 0 0 0 0 0 1 6 0 18 0 19
准确率:    1.0000 (46/46)
----------------------------------------
输入:       NPCHWN B>R<> DB<LDBBJHWN DCBW >NWN WNYLWN QDMJK
目标:     0 0 0 5 0 0 0 0 1 0 0 4 0 0 1 0 0 0 0 0 2 1 0 0 0 0 1 0 18 0 0 0 0 0 0 0 1 6 0 18 0 19 0 0 0 2 1 0
预测:     0 0 0 5 0 0 0 0 1 0 0 4 0 0 1 0 0 0 0 0 2 1 0 0 0 0 1 0 18 0 0 0 0 0 0 0 1 6 0 18 0 19 0 0 0 2 1 0
准确率:    1.0000 (48/48)
----------------------------------------
⏳ 验证无提升 (验证准确率: 0.9690 ≤ 0.9692)，patience: 7/50

======================================================================
🚀 Epoch 115/200
======================================================================
📚 开始训练阶段...
训练进度: 500/6065 损失=0.0025
训练进度: 1000/6065 损失=0.0345
训练进度: 1500/6065 损失=0.0150
训练进度: 2000/6065 损失=0.0090
训练进度: 2500/6065 损失=0.0101
训练进度: 3000/6065 损失=0.0035
训练进度: 3500/6065 损失=0.0099
训练进度: 4000/6065 损失=0.0053
训练进度: 4500/6065 损失=0.0021
训练进度: 5000/6065 损失=0.0013
训练进度: 5500/6065 损失=0.0040
训练进度: 6000/6065 损失=0.0037
训练进度: 6065/6065 损失=0.0210
✅ 训练完成，耗时: 109.7秒 (1.8分钟)

============================================================
📊 验证决策: Epoch 115/200
   验证间隔: 1
   是否验证: ✅ 是
   原因: 达到验证间隔 (0 == 0)
============================================================

🔍 开始验证...
验证进度: 500/686 损失=0.2162
验证进度: 686/686 损失=1.8776

📊 预测分布分析:
  - 预测的前5个类别: {np.int64(0): 283098, np.int64(1): 37037, np.int64(2): 14723, np.int64(3): 10760, np.int64(4): 8772}
  - 标签的前5个类别: {np.int64(0): 281232, np.int64(1): 36731, np.int64(2): 14789, np.int64(3): 10866, np.int64(4): 8585}
✅ 验证完成，耗时: 4.9秒 (0.1分钟)
训练损失: 0.0089
验证损失: 0.4701
验证准确率: 0.9691 (10624/10964) - 与Levenshtein高度相关
验证F1(加权): 0.9682 - 类别平衡更好
学习率: 0.000039
显存使用: 0.48GB (预留: 0.69GB)

生成的训练样本:
--------------------------------------------------------------------------------
输入:       MVL DTKJLJN HWW <L <BDJHWN WXJLTN> CM<
目标:     0 0 0 0 0 1 0 8 0 7 0 27 0 0 18 0 0 0 0 0 0 0 62 1 0 0 0 0 1 0 0 0 0 4 0 0 0 0 7
预测:     0 0 0 0 0 1 0 8 0 7 0 27 0 0 18 0 0 0 0 0 0 0 62 1 0 0 0 0 1 0 0 0 0 4 0 0 0 0 7
准确率:    1.0000 (39/39)
----------------------------------------
输入:       XMR> DYB<WN >BWHJ WHLJN BNJ <N> DJCWN
目标:     0 0 0 11 0 0 1 0 0 0 0 2 0 0 8 5 0 0 0 1 0 0 0 0 0 0 2 0 0 0 0 2 0 0 0 0 0 2
预测:     0 0 0 11 0 0 1 0 0 0 0 2 0 0 8 5 0 0 0 1 0 0 0 0 0 0 2 0 0 0 0 2 0 0 0 0 0 2
准确率:    1.0000 (38/38)
----------------------------------------
输入:       >MLK B>WRCLM WCM> D>MH YWB> MN BRCB<
目标:     0 17 0 0 33 0 1 0 0 0 0 0 2 0 1 0 4 0 0 1 0 5 0 0 0 0 0 22 0 0 0 0 0 0 0 0 2
预测:     0 17 0 0 33 0 1 0 0 0 0 0 2 0 1 0 4 0 0 1 0 5 0 0 0 0 0 22 0 0 0 0 0 0 0 0 2
准确率:    1.0000 (37/37)
----------------------------------------

生成的验证样本:
--------------------------------------------------------------------------------
输入:       KLH NPCHWN B>R<> DB<LDBBJHWN DCBW >NWN WNYLWN
目标:     0 0 5 12 0 0 0 5 0 0 0 0 1 0 0 4 0 0 1 0 0 0 0 0 2 1 0 0 0 0 1 0 18 0 0 0 0 0 0 0 1 6 0 18 0 19
预测:     0 0 5 12 0 0 0 5 0 0 0 0 1 0 0 4 0 0 1 0 0 0 0 0 2 1 0 0 0 0 1 0 18 0 0 0 0 0 0 0 1 6 0 18 0 19
准确率:    1.0000 (46/46)
----------------------------------------
输入:       NPCHWN B>R<> DB<LDBBJHWN DCBW >NWN WNYLWN QDMJK
目标:     0 0 0 5 0 0 0 0 1 0 0 4 0 0 1 0 0 0 0 0 2 1 0 0 0 0 1 0 18 0 0 0 0 0 0 0 1 6 0 18 0 19 0 0 0 2 1 0
预测:     0 0 0 5 0 0 0 0 1 0 0 4 0 0 1 0 0 0 0 0 2 1 0 0 0 0 1 0 18 0 0 0 0 0 0 0 1 6 0 18 0 19 0 0 0 2 1 0
准确率:    1.0000 (48/48)
----------------------------------------
⏳ 验证无提升 (验证准确率: 0.9691 ≤ 0.9692)，patience: 8/50

======================================================================
🚀 Epoch 116/200
======================================================================
📚 开始训练阶段...
训练进度: 500/6065 损失=0.0022
训练进度: 1000/6065 损失=0.0048
训练进度: 1500/6065 损失=0.0018
训练进度: 2000/6065 损失=0.0480
训练进度: 2500/6065 损失=0.0224
训练进度: 3000/6065 损失=0.0018
训练进度: 3500/6065 损失=0.0268
训练进度: 4000/6065 损失=0.0057
训练进度: 4500/6065 损失=0.0159
训练进度: 5000/6065 损失=0.0196
训练进度: 5500/6065 损失=0.0015
训练进度: 6000/6065 损失=0.0231
训练进度: 6065/6065 损失=0.0017
✅ 训练完成，耗时: 109.7秒 (1.8分钟)

============================================================
📊 验证决策: Epoch 116/200
   验证间隔: 1
   是否验证: ✅ 是
   原因: 达到验证间隔 (0 == 0)
============================================================

🔍 开始验证...
验证进度: 500/686 损失=0.4818
验证进度: 686/686 损失=1.8495

📊 预测分布分析:
  - 预测的前5个类别: {np.int64(0): 283158, np.int64(1): 37055, np.int64(2): 14672, np.int64(3): 10830, np.int64(4): 8890}
  - 标签的前5个类别: {np.int64(0): 281232, np.int64(1): 36731, np.int64(2): 14789, np.int64(3): 10866, np.int64(4): 8585}
✅ 验证完成，耗时: 4.8秒 (0.1分钟)
训练损失: 0.0085
验证损失: 0.4774
验证准确率: 0.9690 (10623/10964) - 与Levenshtein高度相关
验证F1(加权): 0.9681 - 类别平衡更好
学习率: 0.000038
显存使用: 0.48GB (预留: 0.69GB)

生成的训练样本:
--------------------------------------------------------------------------------
输入:       W>KLT <LT> WQJS> WK>P> W<PR> WMJ> DBX>RJT>
目标:     0 1 0 0 3 26 0 0 70 9 0 0 1 0 0 11 0 0 1 0 0 11 0 0 1 0 0 4 0 0 1 24 9 0 0 1 1 0 0 0 22 9 0
预测:     0 1 0 0 3 26 0 0 70 9 0 0 1 0 0 11 0 0 1 0 0 11 0 0 1 0 0 4 0 0 1 24 9 0 0 1 1 0 0 0 22 9 0
准确率:    1.0000 (43/43)
----------------------------------------
输入:       BRXMJK MRJ> L> >BHT DQRJT LK NBHTWN
目标:     0 1 0 0 22 1 0 0 0 0 0 2 0 0 0 0 6 0 0 3 0 1 0 0 3 0 0 1 0 0 6 0 0 3 0 0
预测:     0 1 0 0 22 1 0 0 0 0 0 2 0 0 0 0 6 0 0 3 0 1 0 0 3 0 0 1 0 0 6 0 0 3 0 0
准确率:    1.0000 (36/36)
----------------------------------------
输入:       BJC> WL> NQWMWN CBHRN> QDM <JNJK SNJT
目标:     0 0 0 4 0 0 1 0 0 0 6 0 0 3 0 0 0 0 0 0 0 11 0 0 0 0 2 0 0 0 2 1 0 0 0 0 3 12
预测:     0 0 0 4 0 0 1 0 0 0 6 0 0 3 0 0 0 0 0 0 0 11 0 0 0 0 2 0 0 0 2 1 0 0 0 0 3 12
准确率:    1.0000 (38/38)
----------------------------------------

生成的验证样本:
--------------------------------------------------------------------------------
输入:       KLH NPCHWN B>R<> DB<LDBBJHWN DCBW >NWN WNYLWN
目标:     0 0 5 12 0 0 0 5 0 0 0 0 1 0 0 4 0 0 1 0 0 0 0 0 2 1 0 0 0 0 1 0 18 0 0 0 0 0 0 0 1 6 0 18 0 19
预测:     0 0 5 12 0 0 0 5 0 0 0 0 1 0 0 4 0 0 1 0 0 0 0 0 2 1 0 0 0 0 1 0 18 0 0 0 0 0 0 0 1 6 0 18 0 19
准确率:    1.0000 (46/46)
----------------------------------------
输入:       NPCHWN B>R<> DB<LDBBJHWN DCBW >NWN WNYLWN QDMJK
目标:     0 0 0 5 0 0 0 0 1 0 0 4 0 0 1 0 0 0 0 0 2 1 0 0 0 0 1 0 18 0 0 0 0 0 0 0 1 6 0 18 0 19 0 0 0 2 1 0
预测:     0 0 0 5 0 0 0 0 1 0 0 4 0 0 1 0 0 0 0 0 2 1 0 0 0 0 1 0 18 0 0 0 0 0 0 0 1 6 0 18 0 19 0 0 0 2 1 0
准确率:    1.0000 (48/48)
----------------------------------------
⏳ 验证无提升 (验证准确率: 0.9690 ≤ 0.9692)，patience: 9/50

======================================================================
🚀 Epoch 117/200
======================================================================
📚 开始训练阶段...
训练进度: 500/6065 损失=0.0181
训练进度: 1000/6065 损失=0.0013
训练进度: 1500/6065 损失=0.0105
训练进度: 2000/6065 损失=0.0046
训练进度: 2500/6065 损失=0.0090
训练进度: 3000/6065 损失=0.0040
训练进度: 3500/6065 损失=0.0279
训练进度: 4000/6065 损失=0.0124
训练进度: 4500/6065 损失=0.0031
训练进度: 5000/6065 损失=0.0006
训练进度: 5500/6065 损失=0.0075
训练进度: 6000/6065 损失=0.0059
训练进度: 6065/6065 损失=0.0014
✅ 训练完成，耗时: 109.6秒 (1.8分钟)

============================================================
📊 验证决策: Epoch 117/200
   验证间隔: 1
   是否验证: ✅ 是
   原因: 达到验证间隔 (0 == 0)
============================================================

🔍 开始验证...
验证进度: 500/686 损失=0.0804
验证进度: 686/686 损失=1.6538

📊 预测分布分析:
  - 预测的前5个类别: {np.int64(0): 282941, np.int64(1): 37046, np.int64(2): 14756, np.int64(3): 10894, np.int64(4): 8925}
  - 标签的前5个类别: {np.int64(0): 281232, np.int64(1): 36731, np.int64(2): 14789, np.int64(3): 10866, np.int64(4): 8585}
✅ 验证完成，耗时: 4.8秒 (0.1分钟)
训练损失: 0.0085
验证损失: 0.4767
验证准确率: 0.9689 (10623/10964) - 与Levenshtein高度相关
验证F1(加权): 0.9682 - 类别平衡更好
学习率: 0.000038
显存使用: 0.48GB (预留: 0.69GB)

生成的训练样本:
--------------------------------------------------------------------------------
输入:       DKR> WNQBT> LM>XJW ZR<> <L >PJ KLH
目标:     0 0 0 30 0 0 1 0 0 2 23 0 0 1 6 17 0 42 0 0 0 0 4 0 0 0 0 0 54 2 0 0 0 5 12
预测:     0 0 0 30 0 0 1 0 0 2 23 0 0 1 6 17 0 42 0 0 0 0 4 0 0 0 0 0 54 2 0 0 0 5 12
准确率:    1.0000 (35/35)
----------------------------------------
输入:       MN MYRJN L> HW> HN> PTGM> D>MRN
目标:     0 0 0 0 0 0 0 0 2 0 0 0 0 0 10 3 0 0 0 0 0 0 0 0 4 0 0 1 0 0 3 0
预测:     0 0 0 0 0 0 0 0 2 0 0 0 0 0 10 3 0 0 0 0 0 0 0 0 4 0 0 1 0 0 3 0
准确率:    1.0000 (32/32)
----------------------------------------
输入:       <BDJ >BRHM MDM D<BD >N> W>BRHM MHW>
目标:     0 0 0 37 0 0 0 0 0 0 2 0 0 0 2 0 1 0 0 7 0 0 0 0 0 1 0 0 0 0 2 0 6 0 10 7
预测:     0 0 0 37 0 0 0 0 0 0 2 0 0 0 2 0 1 0 0 7 0 0 0 0 0 1 0 0 0 0 2 0 6 0 10 7
准确率:    1.0000 (36/36)
----------------------------------------

生成的验证样本:
--------------------------------------------------------------------------------
输入:       KLH NPCHWN B>R<> DB<LDBBJHWN DCBW >NWN WNYLWN
目标:     0 0 5 12 0 0 0 5 0 0 0 0 1 0 0 4 0 0 1 0 0 0 0 0 2 1 0 0 0 0 1 0 18 0 0 0 0 0 0 0 1 6 0 18 0 19
预测:     0 0 5 12 0 0 0 5 0 0 0 0 1 0 0 4 0 0 1 0 0 0 0 0 2 1 0 0 0 0 1 0 18 0 0 0 0 0 0 0 1 6 0 18 0 19
准确率:    1.0000 (46/46)
----------------------------------------
输入:       NPCHWN B>R<> DB<LDBBJHWN DCBW >NWN WNYLWN QDMJK
目标:     0 0 0 5 0 0 0 0 1 0 0 4 0 0 1 0 0 0 0 0 2 1 0 0 0 0 1 0 18 0 0 0 0 0 0 0 1 6 0 18 0 19 0 0 0 2 1 0
预测:     0 0 0 5 0 0 0 0 1 0 0 4 0 0 1 0 0 0 0 0 2 1 0 0 0 0 1 0 18 0 0 0 0 0 0 0 1 6 0 18 0 19 0 0 0 2 1 0
准确率:    1.0000 (48/48)
----------------------------------------
⏳ 验证无提升 (验证准确率: 0.9689 ≤ 0.9692)，patience: 10/50

======================================================================
🚀 Epoch 118/200
======================================================================
📚 开始训练阶段...
训练进度: 500/6065 损失=0.0012
训练进度: 1000/6065 损失=0.0139
训练进度: 1500/6065 损失=0.0006
训练进度: 2000/6065 损失=0.0103
训练进度: 2500/6065 损失=0.0009
训练进度: 3000/6065 损失=0.0056
训练进度: 3500/6065 损失=0.0125
训练进度: 4000/6065 损失=0.0134
训练进度: 4500/6065 损失=0.0016
训练进度: 5000/6065 损失=0.0011
训练进度: 5500/6065 损失=0.0110
训练进度: 6000/6065 损失=0.0036
训练进度: 6065/6065 损失=0.0031
✅ 训练完成，耗时: 109.2秒 (1.8分钟)

============================================================
📊 验证决策: Epoch 118/200
   验证间隔: 1
   是否验证: ✅ 是
   原因: 达到验证间隔 (0 == 0)
============================================================

🔍 开始验证...
验证进度: 500/686 损失=0.2969
验证进度: 686/686 损失=1.9749

📊 预测分布分析:
  - 预测的前5个类别: {np.int64(0): 283053, np.int64(1): 37102, np.int64(2): 14664, np.int64(3): 10827, np.int64(4): 8847}
  - 标签的前5个类别: {np.int64(0): 281232, np.int64(1): 36731, np.int64(2): 14789, np.int64(3): 10866, np.int64(4): 8585}
✅ 验证完成，耗时: 4.8秒 (0.1分钟)
训练损失: 0.0080
验证损失: 0.4856
验证准确率: 0.9689 (10623/10964) - 与Levenshtein高度相关
验证F1(加权): 0.9681 - 类别平衡更好
学习率: 0.000037
显存使用: 0.48GB (预留: 0.69GB)

生成的训练样本:
--------------------------------------------------------------------------------
输入:       DTHW> W>MTJ D<BD >NC DCPJR BSJM HW
目标:     0 1 44 0 10 3 0 1 0 0 0 0 0 1 0 0 7 0 0 0 2 0 1 0 0 0 2 0 0 8 0 122 0 0 0
预测:     0 1 44 0 10 3 0 1 0 0 0 0 0 1 0 0 7 0 0 0 2 0 1 0 0 0 2 0 0 8 0 122 0 0 0
准确率:    1.0000 (35/35)
----------------------------------------
输入:       NXZ> WNCBX DLJT TMN QYWMWT> N<WL NXZ>
目标:     0 44 0 10 3 0 1 44 0 0 3 0 1 58 0 24 0 0 0 0 0 0 0 0 0 2 9 0 0 44 8 0 53 0 44 0 10 3
预测:     0 44 0 10 3 0 1 44 0 0 3 0 1 58 0 24 0 0 0 0 0 0 0 0 0 2 9 0 0 44 8 0 53 0 44 0 10 3
准确率:    1.0000 (38/38)
----------------------------------------
输入:       BTR<> DQRS> WTWLT> BTR<> DBJT RHV> WVRW
目标:     0 1 0 0 4 0 0 1 0 0 4 0 0 1 0 0 0 4 0 0 1 0 0 4 0 0 1 0 0 2 0 0 0 30 0 0 93 0 3 0
预测:     0 1 0 0 4 0 0 1 0 0 4 0 0 1 0 0 0 4 0 0 1 0 0 4 0 0 1 0 0 2 0 0 0 30 0 0 93 0 3 0
准确率:    1.0000 (40/40)
----------------------------------------

生成的验证样本:
--------------------------------------------------------------------------------
输入:       KLH NPCHWN B>R<> DB<LDBBJHWN DCBW >NWN WNYLWN
目标:     0 0 5 12 0 0 0 5 0 0 0 0 1 0 0 4 0 0 1 0 0 0 0 0 2 1 0 0 0 0 1 0 18 0 0 0 0 0 0 0 1 6 0 18 0 19
预测:     0 0 5 12 0 0 0 5 0 0 0 0 1 0 0 4 0 0 1 0 0 0 0 0 2 1 0 0 0 0 1 0 18 0 0 0 0 0 0 0 1 6 0 18 0 19
准确率:    1.0000 (46/46)
----------------------------------------
输入:       NPCHWN B>R<> DB<LDBBJHWN DCBW >NWN WNYLWN QDMJK
目标:     0 0 0 5 0 0 0 0 1 0 0 4 0 0 1 0 0 0 0 0 2 1 0 0 0 0 1 0 18 0 0 0 0 0 0 0 1 6 0 18 0 19 0 0 0 2 1 0
预测:     0 0 0 5 0 0 0 0 1 0 0 4 0 0 1 0 0 0 0 0 2 1 0 0 0 0 1 0 18 0 0 0 0 0 0 0 1 6 0 18 0 19 0 0 0 2 1 0
准确率:    1.0000 (48/48)
----------------------------------------
⏳ 验证无提升 (验证准确率: 0.9689 ≤ 0.9692)，patience: 11/50

======================================================================
🚀 Epoch 119/200
======================================================================
📚 开始训练阶段...
训练进度: 500/6065 损失=0.0237
训练进度: 1000/6065 损失=0.0133
训练进度: 1500/6065 损失=0.0101
训练进度: 2000/6065 损失=0.0005
训练进度: 2500/6065 损失=0.0139
训练进度: 3000/6065 损失=0.0019
训练进度: 3500/6065 损失=0.0036
训练进度: 4000/6065 损失=0.0094
训练进度: 4500/6065 损失=0.0061
训练进度: 5000/6065 损失=0.0058
训练进度: 5500/6065 损失=0.0052
训练进度: 6000/6065 损失=0.0056
训练进度: 6065/6065 损失=0.0032
✅ 训练完成，耗时: 109.3秒 (1.8分钟)

============================================================
📊 验证决策: Epoch 119/200
   验证间隔: 1
   是否验证: ✅ 是
   原因: 达到验证间隔 (0 == 0)
============================================================

🔍 开始验证...
验证进度: 500/686 损失=0.2313
验证进度: 686/686 损失=1.7632

📊 预测分布分析:
  - 预测的前5个类别: {np.int64(0): 283075, np.int64(1): 37065, np.int64(2): 14713, np.int64(3): 10735, np.int64(4): 8868}
  - 标签的前5个类别: {np.int64(0): 281232, np.int64(1): 36731, np.int64(2): 14789, np.int64(3): 10866, np.int64(4): 8585}
✅ 验证完成，耗时: 4.8秒 (0.1分钟)
训练损失: 0.0081
验证损失: 0.4820
验证准确率: 0.9689 (10623/10964) - 与Levenshtein高度相关
验证F1(加权): 0.9682 - 类别平衡更好
学习率: 0.000036
显存使用: 0.48GB (预留: 0.69GB)

生成的训练样本:
--------------------------------------------------------------------------------
输入:       D>NT BGWH <BDH DMRJ> DDXJL HW D<BD
目标:     0 1 0 0 0 0 1 0 5 0 0 0 0 37 0 0 1 0 0 0 2 0 1 0 8 0 40 0 0 0 0 1 0 0 7
预测:     0 1 0 0 0 0 1 0 5 0 0 0 0 37 0 0 1 0 0 0 2 0 1 0 8 0 40 0 0 0 0 1 0 0 7
准确率:    1.0000 (35/35)
----------------------------------------
输入:       BJT MLK> WQM MLK> BLLJ> W>MR L<BDWHJ
目标:     0 0 0 2 0 0 0 4 0 0 1 31 3 0 0 0 4 0 0 1 38 0 4 0 0 1 0 0 3 0 1 0 0 69 1 0 0
预测:     0 0 0 2 0 0 0 4 0 0 1 31 3 0 0 0 4 0 0 1 38 0 4 0 0 1 0 0 3 0 1 0 0 69 1 0 0
准确率:    1.0000 (37/37)
----------------------------------------
输入:       >PQKWN MRJ> B>JDH TQJPT> WPRQKWN MN BJT
目标:     0 72 0 29 0 0 0 0 0 0 0 2 0 35 0 0 5 0 0 0 8 0 7 9 27 0 1 0 0 29 0 0 0 0 0 0 0 0 0 2
预测:     0 72 0 29 0 0 0 0 0 0 0 2 0 35 0 0 5 0 0 0 8 0 7 9 27 0 1 0 0 29 0 0 0 0 0 0 0 0 0 2
准确率:    1.0000 (40/40)
----------------------------------------

生成的验证样本:
--------------------------------------------------------------------------------
输入:       KLH NPCHWN B>R<> DB<LDBBJHWN DCBW >NWN WNYLWN
目标:     0 0 5 12 0 0 0 5 0 0 0 0 1 0 0 4 0 0 1 0 0 0 0 0 2 1 0 0 0 0 1 0 18 0 0 0 0 0 0 0 1 6 0 18 0 19
预测:     0 0 5 12 0 0 0 5 0 0 0 0 1 0 0 4 0 0 1 0 0 0 0 0 2 1 0 0 0 0 1 0 18 0 0 0 0 0 0 0 1 6 0 18 0 19
准确率:    1.0000 (46/46)
----------------------------------------
输入:       NPCHWN B>R<> DB<LDBBJHWN DCBW >NWN WNYLWN QDMJK
目标:     0 0 0 5 0 0 0 0 1 0 0 4 0 0 1 0 0 0 0 0 2 1 0 0 0 0 1 0 18 0 0 0 0 0 0 0 1 6 0 18 0 19 0 0 0 2 1 0
预测:     0 0 0 5 0 0 0 0 1 0 0 4 0 0 1 0 0 0 0 0 2 1 0 0 0 0 1 0 18 0 0 0 0 0 0 0 1 6 0 18 0 19 0 0 0 2 1 0
准确率:    1.0000 (48/48)
----------------------------------------
⏳ 验证无提升 (验证准确率: 0.9689 ≤ 0.9692)，patience: 12/50

======================================================================
🚀 Epoch 120/200
======================================================================
📚 开始训练阶段...
训练进度: 500/6065 损失=0.0083
训练进度: 1000/6065 损失=0.0055
训练进度: 1500/6065 损失=0.0072
训练进度: 2000/6065 损失=0.0007
训练进度: 2500/6065 损失=0.0055
训练进度: 3000/6065 损失=0.0230
训练进度: 3500/6065 损失=0.0061
训练进度: 4000/6065 损失=0.0086
训练进度: 4500/6065 损失=0.0036
训练进度: 5000/6065 损失=0.0076
训练进度: 5500/6065 损失=0.0237
训练进度: 6000/6065 损失=0.0060
训练进度: 6065/6065 损失=0.0044
✅ 训练完成，耗时: 109.9秒 (1.8分钟)

============================================================
📊 验证决策: Epoch 120/200
   验证间隔: 1
   是否验证: ✅ 是
   原因: 达到验证间隔 (0 == 0)
============================================================

🔍 开始验证...
验证进度: 500/686 损失=0.2087
验证进度: 686/686 损失=1.7948

📊 预测分布分析:
  - 预测的前5个类别: {np.int64(0): 283175, np.int64(1): 36991, np.int64(2): 14671, np.int64(3): 10785, np.int64(4): 8952}
  - 标签的前5个类别: {np.int64(0): 281232, np.int64(1): 36731, np.int64(2): 14789, np.int64(3): 10866, np.int64(4): 8585}
✅ 验证完成，耗时: 4.8秒 (0.1分钟)
训练损失: 0.0078
验证损失: 0.4867
验证准确率: 0.9690 (10624/10964) - 与Levenshtein高度相关
验证F1(加权): 0.9682 - 类别平衡更好
学习率: 0.000035
显存使用: 0.48GB (预留: 0.69GB)

生成的训练样本:
--------------------------------------------------------------------------------
输入:       CWBX> LCM> DJLH SGWD LMRJ> BDRT> QDJCT>
目标:     0 0 0 0 4 0 0 1 0 4 0 0 0 0 1 0 6 0 8 0 3 0 1 0 0 0 2 0 1 0 13 9 0 0 0 0 0 2 9 0
预测:     0 0 0 0 4 0 0 1 0 4 0 0 0 0 1 0 6 0 8 0 3 0 1 0 0 0 2 0 1 0 13 9 0 0 0 0 0 2 9 0
准确率:    1.0000 (40/40)
----------------------------------------
输入:       W>TVNP VB W>ZL BTR PTKR> >JK D<BDW
目标:     0 1 0 14 0 0 16 0 0 2 0 1 0 0 3 0 0 0 0 0 0 0 0 11 0 0 0 0 0 0 1 0 0 3 0
预测:     0 1 0 14 0 0 16 0 0 2 0 1 0 0 3 0 0 0 0 0 0 0 0 11 0 0 0 0 0 0 1 0 0 3 0
准确率:    1.0000 (35/35)
----------------------------------------
输入:       D>JTJT <L MYRJ> L> >JT> >NJN <LJK
目标:     0 1 59 0 0 3 0 0 0 0 0 0 0 0 11 0 0 0 0 0 68 0 10 3 0 0 0 0 0 0 0 8 1 0
预测:     0 1 59 0 0 3 0 0 0 0 0 0 0 0 11 0 0 0 0 0 68 0 10 3 0 0 0 0 0 0 0 8 1 0
准确率:    1.0000 (34/34)
----------------------------------------

生成的验证样本:
--------------------------------------------------------------------------------
输入:       KLH NPCHWN B>R<> DB<LDBBJHWN DCBW >NWN WNYLWN
目标:     0 0 5 12 0 0 0 5 0 0 0 0 1 0 0 4 0 0 1 0 0 0 0 0 2 1 0 0 0 0 1 0 18 0 0 0 0 0 0 0 1 6 0 18 0 19
预测:     0 0 5 12 0 0 0 5 0 0 0 0 1 0 0 4 0 0 1 0 0 0 0 0 2 1 0 0 0 0 1 0 18 0 0 0 0 0 0 0 1 6 0 18 0 19
准确率:    1.0000 (46/46)
----------------------------------------
输入:       NPCHWN B>R<> DB<LDBBJHWN DCBW >NWN WNYLWN QDMJK
目标:     0 0 0 5 0 0 0 0 1 0 0 4 0 0 1 0 0 0 0 0 2 1 0 0 0 0 1 0 18 0 0 0 0 0 0 0 1 6 0 18 0 19 0 0 0 2 1 0
预测:     0 0 0 5 0 0 0 0 1 0 0 4 0 0 1 0 0 0 0 0 2 1 0 0 0 0 1 0 18 0 0 0 0 0 0 0 1 6 0 18 0 19 0 0 0 2 1 0
准确率:    1.0000 (48/48)
----------------------------------------
⏳ 验证无提升 (验证准确率: 0.9690 ≤ 0.9692)，patience: 13/50

======================================================================
🚀 Epoch 121/200
======================================================================
📚 开始训练阶段...
训练进度: 500/6065 损失=0.0152
训练进度: 1000/6065 损失=0.0016
训练进度: 1500/6065 损失=0.0038
训练进度: 2000/6065 损失=0.0048
训练进度: 2500/6065 损失=0.0057
训练进度: 3000/6065 损失=0.0003
训练进度: 3500/6065 损失=0.0046
训练进度: 4000/6065 损失=0.0022
训练进度: 4500/6065 损失=0.0153
训练进度: 5000/6065 损失=0.0052
训练进度: 5500/6065 损失=0.0006
训练进度: 6000/6065 损失=0.0159
训练进度: 6065/6065 损失=0.0085
✅ 训练完成，耗时: 109.7秒 (1.8分钟)

============================================================
📊 验证决策: Epoch 121/200
   验证间隔: 1
   是否验证: ✅ 是
   原因: 达到验证间隔 (0 == 0)
============================================================

🔍 开始验证...
验证进度: 500/686 损失=0.3116
验证进度: 686/686 损失=1.8915

📊 预测分布分析:
  - 预测的前5个类别: {np.int64(0): 283018, np.int64(1): 37089, np.int64(2): 14646, np.int64(3): 10857, np.int64(4): 8893}
  - 标签的前5个类别: {np.int64(0): 281232, np.int64(1): 36731, np.int64(2): 14789, np.int64(3): 10866, np.int64(4): 8585}
✅ 验证完成，耗时: 4.8秒 (0.1分钟)
训练损失: 0.0077
验证损失: 0.4872
验证准确率: 0.9689 (10623/10964) - 与Levenshtein高度相关
验证F1(加权): 0.9681 - 类别平衡更好
学习率: 0.000035
显存使用: 0.48GB (预留: 0.69GB)

生成的训练样本:
--------------------------------------------------------------------------------
输入:       HRK> XTNJK WBNJK WBNTK WKL D>JT LK
目标:     0 0 0 0 0 0 0 0 2 1 0 0 1 0 2 1 0 0 1 0 22 32 0 0 1 0 2 0 1 0 0 24 0 1 0
预测:     0 0 0 0 0 0 0 0 2 1 0 0 1 0 2 1 0 0 1 0 22 32 0 0 1 0 2 0 1 0 0 24 0 1 0
准确率:    1.0000 (35/35)
----------------------------------------
输入:       JHB LCLJMWN QJS> D>RZ> WQJS> DCRWJN> >JK
目标:     0 0 0 7 0 1 0 0 0 0 0 2 0 0 0 11 0 0 1 0 0 4 0 0 1 0 0 11 0 0 1 0 0 0 0 4 0 0 0 0 0
预测:     0 0 0 7 0 1 0 0 0 0 0 2 0 0 0 11 0 0 1 0 0 4 0 0 1 0 0 11 0 0 1 0 0 0 0 4 0 0 0 0 0
准确率:    1.0000 (41/41)
----------------------------------------
输入:       NLBC >NWN KHN> BTRH MN BNWHJ DN<WL
目标:     0 6 0 0 3 0 0 0 0 0 0 0 0 4 0 0 0 0 1 0 0 0 0 0 0 25 1 0 0 0 1 6 8 0 53
预测:     0 6 0 0 3 0 0 0 0 0 0 0 0 4 0 0 0 0 1 0 0 0 0 0 0 25 1 0 0 0 1 6 8 0 53
准确率:    1.0000 (35/35)
----------------------------------------

生成的验证样本:
--------------------------------------------------------------------------------
输入:       KLH NPCHWN B>R<> DB<LDBBJHWN DCBW >NWN WNYLWN
目标:     0 0 5 12 0 0 0 5 0 0 0 0 1 0 0 4 0 0 1 0 0 0 0 0 2 1 0 0 0 0 1 0 18 0 0 0 0 0 0 0 1 6 0 18 0 19
预测:     0 0 5 12 0 0 0 5 0 0 0 0 1 0 0 4 0 0 1 0 0 0 0 0 2 1 0 0 0 0 1 0 18 0 0 0 0 0 0 0 1 6 0 18 0 19
准确率:    1.0000 (46/46)
----------------------------------------
输入:       NPCHWN B>R<> DB<LDBBJHWN DCBW >NWN WNYLWN QDMJK
目标:     0 0 0 5 0 0 0 0 1 0 0 4 0 0 1 0 0 0 0 0 2 1 0 0 0 0 1 0 18 0 0 0 0 0 0 0 1 6 0 18 0 19 0 0 0 2 1 0
预测:     0 0 0 5 0 0 0 0 1 0 0 4 0 0 1 0 0 0 0 0 2 1 0 0 0 0 1 0 18 0 0 0 0 0 0 0 1 6 0 18 0 19 0 0 0 2 1 0
准确率:    1.0000 (48/48)
----------------------------------------
⏳ 验证无提升 (验证准确率: 0.9689 ≤ 0.9692)，patience: 14/50

======================================================================
🚀 Epoch 122/200
======================================================================
📚 开始训练阶段...
训练进度: 500/6065 损失=0.0268
训练进度: 1000/6065 损失=0.0032
训练进度: 1500/6065 损失=0.0126
训练进度: 2000/6065 损失=0.0029
训练进度: 2500/6065 损失=0.0056
训练进度: 3000/6065 损失=0.0021
训练进度: 3500/6065 损失=0.0114
训练进度: 4000/6065 损失=0.0048
训练进度: 4500/6065 损失=0.0049
训练进度: 5000/6065 损失=0.0041
训练进度: 5500/6065 损失=0.0140
训练进度: 6000/6065 损失=0.0015
训练进度: 6065/6065 损失=0.0011
✅ 训练完成，耗时: 109.5秒 (1.8分钟)

============================================================
📊 验证决策: Epoch 122/200
   验证间隔: 1
   是否验证: ✅ 是
   原因: 达到验证间隔 (0 == 0)
============================================================

🔍 开始验证...
验证进度: 500/686 损失=0.4032
验证进度: 686/686 损失=1.7837

📊 预测分布分析:
  - 预测的前5个类别: {np.int64(0): 283189, np.int64(1): 37065, np.int64(2): 14715, np.int64(3): 10829, np.int64(4): 9015}
  - 标签的前5个类别: {np.int64(0): 281232, np.int64(1): 36731, np.int64(2): 14789, np.int64(3): 10866, np.int64(4): 8585}
✅ 验证完成，耗时: 4.8秒 (0.1分钟)
训练损失: 0.0075
验证损失: 0.4940
验证准确率: 0.9689 (10622/10964) - 与Levenshtein高度相关
验证F1(加权): 0.9680 - 类别平衡更好
学习率: 0.000034
显存使用: 0.48GB (预留: 0.69GB)

生成的训练样本:
--------------------------------------------------------------------------------
输入:       W>CTBX BPR<WN WBKLH XJLH WBMRKBTH WBPRCWHJ WND<WN
目标:     0 1 45 39 0 0 16 0 1 0 0 0 0 2 0 1 1 0 5 0 0 0 0 5 0 0 1 1 0 0 0 13 32 0 0 1 1 0 0 69 1 0 0 0 1 52 0 3 0 0
预测:     0 1 45 39 0 0 16 0 1 0 0 0 0 2 0 1 1 0 5 0 0 0 0 5 0 0 1 1 0 0 0 13 32 0 0 1 1 0 0 69 1 0 0 0 1 52 0 3 0 0
准确率:    1.0000 (50/50)
----------------------------------------
输入:       W>MR MRJ> >LHH DMRJ >BRHM VJB QDMJ
目标:     0 1 0 0 3 0 0 0 0 2 0 0 0 5 0 0 1 0 56 0 0 0 0 0 0 2 6 20 0 77 0 0 0 2 46
预测:     0 1 0 0 3 0 0 0 0 2 0 0 0 5 0 0 1 0 56 0 0 0 0 0 0 2 6 20 0 77 0 0 0 2 46
准确率:    1.0000 (35/35)
----------------------------------------
输入:       DXLTH WL> >STRD XWJTH <WTR> WGXK >P
目标:     0 0 0 3 67 0 0 1 0 0 0 47 79 0 0 16 0 0 0 3 1 0 0 0 0 0 4 0 0 1 0 0 3 0 0 0
预测:     0 0 0 3 67 0 0 1 0 0 0 47 79 0 0 16 0 0 0 3 1 0 0 0 0 0 4 0 0 1 0 0 3 0 0 0
准确率:    1.0000 (36/36)
----------------------------------------

生成的验证样本:
--------------------------------------------------------------------------------
输入:       KLH NPCHWN B>R<> DB<LDBBJHWN DCBW >NWN WNYLWN
目标:     0 0 5 12 0 0 0 5 0 0 0 0 1 0 0 4 0 0 1 0 0 0 0 0 2 1 0 0 0 0 1 0 18 0 0 0 0 0 0 0 1 6 0 18 0 19
预测:     0 0 5 12 0 0 0 5 0 0 0 0 1 0 0 4 0 0 1 0 0 0 0 0 2 1 0 0 0 0 1 0 18 0 0 0 0 0 0 0 1 6 0 18 0 19
准确率:    1.0000 (46/46)
----------------------------------------
输入:       NPCHWN B>R<> DB<LDBBJHWN DCBW >NWN WNYLWN QDMJK
目标:     0 0 0 5 0 0 0 0 1 0 0 4 0 0 1 0 0 0 0 0 2 1 0 0 0 0 1 0 18 0 0 0 0 0 0 0 1 6 0 18 0 19 0 0 0 2 1 0
预测:     0 0 0 5 0 0 0 0 1 0 0 4 0 0 1 0 0 0 0 0 2 1 0 0 0 0 1 0 18 0 0 0 0 0 0 0 1 6 0 18 0 19 0 0 0 2 1 0
准确率:    1.0000 (48/48)
----------------------------------------
⏳ 验证无提升 (验证准确率: 0.9689 ≤ 0.9692)，patience: 15/50

======================================================================
🚀 Epoch 123/200
======================================================================
📚 开始训练阶段...
训练进度: 500/6065 损失=0.0035
训练进度: 1000/6065 损失=0.0183
训练进度: 1500/6065 损失=0.0166
训练进度: 2000/6065 损失=0.0005
训练进度: 2500/6065 损失=0.0044
训练进度: 3000/6065 损失=0.0218
训练进度: 3500/6065 损失=0.0038
训练进度: 4000/6065 损失=0.0002
训练进度: 4500/6065 损失=0.0037
训练进度: 5000/6065 损失=0.0013
训练进度: 5500/6065 损失=0.0165
训练进度: 6000/6065 损失=0.0005
训练进度: 6065/6065 损失=0.0144
✅ 训练完成，耗时: 109.4秒 (1.8分钟)

============================================================
📊 验证决策: Epoch 123/200
   验证间隔: 1
   是否验证: ✅ 是
   原因: 达到验证间隔 (0 == 0)
============================================================

🔍 开始验证...
验证进度: 500/686 损失=0.1529
验证进度: 686/686 损失=1.8146

📊 预测分布分析:
  - 预测的前5个类别: {np.int64(0): 283131, np.int64(1): 37020, np.int64(2): 14687, np.int64(3): 10786, np.int64(4): 8863}
  - 标签的前5个类别: {np.int64(0): 281232, np.int64(1): 36731, np.int64(2): 14789, np.int64(3): 10866, np.int64(4): 8585}
✅ 验证完成，耗时: 4.8秒 (0.1分钟)
训练损失: 0.0074
验证损失: 0.4983
验证准确率: 0.9691 (10625/10964) - 与Levenshtein高度相关
验证F1(加权): 0.9683 - 类别平衡更好
学习率: 0.000033
显存使用: 0.48GB (预留: 0.69GB)

生成的训练样本:
--------------------------------------------------------------------------------
输入:       VB WYLJW BNJ >JSRJL QDM MRJ> W>MRW
目标:     0 0 2 0 1 0 0 3 19 0 0 2 0 0 0 0 0 0 0 2 0 0 0 2 0 0 0 0 2 0 1 0 0 3 0
预测:     0 0 2 0 1 0 0 3 19 0 0 2 0 0 0 0 0 0 0 2 0 0 0 2 0 0 0 0 2 0 1 0 0 3 0
准确率:    1.0000 (35/35)
----------------------------------------
输入:       LXM> W>MRT LB<LH H> JD<> >N> DNBJH
目标:     0 0 0 4 0 0 1 0 0 3 26 0 1 0 0 5 12 0 0 0 0 0 0 7 0 0 0 0 0 0 1 0 0 5 0
预测:     0 0 0 4 0 0 1 0 0 3 26 0 1 0 0 5 12 0 0 0 0 0 0 7 0 0 0 0 0 0 1 0 0 5 0
准确率:    1.0000 (35/35)
----------------------------------------
输入:       CQWT> QDM PR<WN W>MR SWRXNJ MDKR >N>
目标:     0 0 57 2 23 0 0 0 0 2 0 0 0 0 0 2 0 1 0 0 3 0 0 0 0 0 5 0 0 6 0 0 41 0 0 0 0
预测:     0 0 57 2 23 0 0 0 0 2 0 0 0 0 0 2 0 1 0 0 3 0 0 0 0 0 5 0 0 6 0 0 41 0 0 0 0
准确率:    1.0000 (37/37)
----------------------------------------

生成的验证样本:
--------------------------------------------------------------------------------
输入:       KLH NPCHWN B>R<> DB<LDBBJHWN DCBW >NWN WNYLWN
目标:     0 0 5 12 0 0 0 5 0 0 0 0 1 0 0 4 0 0 1 0 0 0 0 0 2 1 0 0 0 0 1 0 18 0 0 0 0 0 0 0 1 6 0 18 0 19
预测:     0 0 5 12 0 0 0 5 0 0 0 0 1 0 0 4 0 0 1 0 0 0 0 0 2 1 0 0 0 0 1 0 18 0 0 0 0 0 0 0 1 6 0 18 0 19
准确率:    1.0000 (46/46)
----------------------------------------
输入:       NPCHWN B>R<> DB<LDBBJHWN DCBW >NWN WNYLWN QDMJK
目标:     0 0 0 5 0 0 0 0 1 0 0 4 0 0 1 0 0 0 0 0 2 1 0 0 0 0 1 0 18 0 0 0 0 0 0 0 1 6 0 18 0 19 0 0 0 2 1 0
预测:     0 0 0 5 0 0 0 0 1 0 0 4 0 0 1 0 0 0 0 0 2 1 0 0 0 0 1 0 18 0 0 0 0 0 0 0 1 6 0 18 0 19 0 0 0 2 1 0
准确率:    1.0000 (48/48)
----------------------------------------
⏳ 验证无提升 (验证准确率: 0.9691 ≤ 0.9692)，patience: 16/50

======================================================================
🚀 Epoch 124/200
======================================================================
📚 开始训练阶段...
训练进度: 500/6065 损失=0.0013
训练进度: 1000/6065 损失=0.0158
训练进度: 1500/6065 损失=0.0004
训练进度: 2000/6065 损失=0.0068
训练进度: 2500/6065 损失=0.0012
训练进度: 3000/6065 损失=0.0017
训练进度: 3500/6065 损失=0.0005
训练进度: 4000/6065 损失=0.0115
训练进度: 4500/6065 损失=0.0055
训练进度: 5000/6065 损失=0.0169
训练进度: 5500/6065 损失=0.0116
训练进度: 6000/6065 损失=0.0023
训练进度: 6065/6065 损失=0.0046
✅ 训练完成，耗时: 109.5秒 (1.8分钟)

============================================================
📊 验证决策: Epoch 124/200
   验证间隔: 1
   是否验证: ✅ 是
   原因: 达到验证间隔 (0 == 0)
============================================================

🔍 开始验证...
验证进度: 500/686 损失=0.1440
验证进度: 686/686 损失=1.7639

📊 预测分布分析:
  - 预测的前5个类别: {np.int64(0): 283026, np.int64(1): 37084, np.int64(2): 14675, np.int64(3): 10846, np.int64(4): 8910}
  - 标签的前5个类别: {np.int64(0): 281232, np.int64(1): 36731, np.int64(2): 14789, np.int64(3): 10866, np.int64(4): 8585}
✅ 验证完成，耗时: 4.8秒 (0.1分钟)
训练损失: 0.0071
验证损失: 0.5000
验证准确率: 0.9691 (10624/10964) - 与Levenshtein高度相关
验证F1(加权): 0.9683 - 类别平衡更好
学习率: 0.000032
显存使用: 0.48GB (预留: 0.69GB)

生成的训练样本:
--------------------------------------------------------------------------------
输入:       W>ZL XZ>JL L>WR<H WCQL QWRBN> B>JDH MN
目标:     0 1 0 0 3 0 0 0 0 0 2 0 1 0 0 0 5 0 0 1 0 0 3 0 0 0 0 0 4 0 0 35 0 0 5 0 0 0 0
预测:     0 1 0 0 3 0 0 0 0 0 2 0 1 0 0 0 5 0 0 1 0 0 3 0 0 0 0 0 4 0 0 35 0 0 5 0 0 0 0
准确率:    1.0000 (39/39)
----------------------------------------
输入:       W>MR MRJ> LQ>JN >JK> HW HBJL >XWK
目标:     0 1 0 0 3 0 0 0 0 2 0 1 0 0 0 2 0 0 0 0 0 0 0 0 0 0 0 0 2 0 0 8 5 0
预测:     0 1 0 0 3 0 0 0 0 2 0 1 0 0 0 2 0 0 0 0 0 0 0 0 0 0 0 0 2 0 0 8 5 0
准确率:    1.0000 (34/34)
----------------------------------------
输入:       DMYRJN MLL MRJ> <M MWC> W>MR LH
目标:     0 1 0 0 0 0 2 0 0 0 16 0 0 0 0 2 0 0 0 0 0 0 0 2 0 1 0 0 3 0 1 0
预测:     0 1 0 0 0 0 2 0 0 0 16 0 0 0 0 2 0 0 0 0 0 0 0 2 0 1 0 0 3 0 1 0
准确率:    1.0000 (32/32)
----------------------------------------

生成的验证样本:
--------------------------------------------------------------------------------
输入:       KLH NPCHWN B>R<> DB<LDBBJHWN DCBW >NWN WNYLWN
目标:     0 0 5 12 0 0 0 5 0 0 0 0 1 0 0 4 0 0 1 0 0 0 0 0 2 1 0 0 0 0 1 0 18 0 0 0 0 0 0 0 1 6 0 18 0 19
预测:     0 0 5 12 0 0 0 5 0 0 0 0 1 0 0 4 0 0 1 0 0 0 0 0 2 1 0 0 0 0 1 0 18 0 0 0 0 0 0 0 1 6 0 18 0 19
准确率:    1.0000 (46/46)
----------------------------------------
输入:       NPCHWN B>R<> DB<LDBBJHWN DCBW >NWN WNYLWN QDMJK
目标:     0 0 0 5 0 0 0 0 1 0 0 4 0 0 1 0 0 0 0 0 2 1 0 0 0 0 1 0 18 0 0 0 0 0 0 0 1 6 0 18 0 19 0 0 0 2 1 0
预测:     0 0 0 5 0 0 0 0 1 0 0 4 0 0 1 0 0 0 0 0 2 1 0 0 0 0 1 0 18 0 0 0 0 0 0 0 1 6 0 18 0 19 0 0 0 2 1 0
准确率:    1.0000 (48/48)
----------------------------------------
⏳ 验证无提升 (验证准确率: 0.9691 ≤ 0.9692)，patience: 17/50

======================================================================
🚀 Epoch 125/200
======================================================================
📚 开始训练阶段...
训练进度: 500/6065 损失=0.0002
训练进度: 1000/6065 损失=0.0005
训练进度: 1500/6065 损失=0.0047
训练进度: 2000/6065 损失=0.0264
训练进度: 2500/6065 损失=0.0089
训练进度: 3000/6065 损失=0.0019
训练进度: 3500/6065 损失=0.0020
训练进度: 4000/6065 损失=0.0009
训练进度: 4500/6065 损失=0.0191
训练进度: 5000/6065 损失=0.0118
训练进度: 5500/6065 损失=0.0013
训练进度: 6000/6065 损失=0.0124
训练进度: 6065/6065 损失=0.0001
✅ 训练完成，耗时: 109.2秒 (1.8分钟)

============================================================
📊 验证决策: Epoch 125/200
   验证间隔: 1
   是否验证: ✅ 是
   原因: 达到验证间隔 (0 == 0)
============================================================

🔍 开始验证...
验证进度: 500/686 损失=0.0712
验证进度: 686/686 损失=1.7309

📊 预测分布分析:
  - 预测的前5个类别: {np.int64(0): 283164, np.int64(1): 37033, np.int64(2): 14676, np.int64(3): 10807, np.int64(4): 8935}
  - 标签的前5个类别: {np.int64(0): 281232, np.int64(1): 36731, np.int64(2): 14789, np.int64(3): 10866, np.int64(4): 8585}
✅ 验证完成，耗时: 4.8秒 (0.1分钟)
训练损失: 0.0069
验证损失: 0.4968
验证准确率: 0.9693 (10626/10964) - 与Levenshtein高度相关
验证F1(加权): 0.9685 - 类别平衡更好
学习率: 0.000032
显存使用: 0.48GB (预留: 0.69GB)

生成的训练样本:
--------------------------------------------------------------------------------
输入:       SJM DMN >JTJ> <BJD L> H> >NNQ>
目标:     6 20 0 3 0 1 0 0 0 0 0 24 9 0 0 0 8 0 40 0 0 0 0 0 0 0 0 0 0 0 2
预测:     6 20 0 3 0 1 0 0 0 0 0 24 9 0 0 0 8 0 40 0 0 0 0 0 0 0 0 0 0 0 2
准确率:    1.0000 (31/31)
----------------------------------------
输入:       SPTH KD XDR WXCL LH >RB< ZQZQN
目标:     0 0 13 1 0 0 0 0 0 0 0 49 0 1 0 0 3 0 1 0 0 0 0 0 2 0 0 0 0 13 0
预测:     0 0 13 1 0 0 0 0 0 0 0 49 0 1 0 0 3 0 1 0 0 0 0 0 2 0 0 0 0 13 0
准确率:    1.0000 (31/31)
----------------------------------------
输入:       <L >PJ KLH >R<> WKL >JLN D>JT
目标:     0 0 0 0 54 2 0 0 0 5 12 0 0 0 4 0 0 1 0 2 0 0 0 0 2 0 1 0 0 24
预测:     0 0 0 0 54 2 0 0 0 5 12 0 0 0 4 0 0 1 0 2 0 0 0 0 2 0 1 0 0 24
准确率:    1.0000 (30/30)
----------------------------------------

生成的验证样本:
--------------------------------------------------------------------------------
输入:       KLH NPCHWN B>R<> DB<LDBBJHWN DCBW >NWN WNYLWN
目标:     0 0 5 12 0 0 0 5 0 0 0 0 1 0 0 4 0 0 1 0 0 0 0 0 2 1 0 0 0 0 1 0 18 0 0 0 0 0 0 0 1 6 0 18 0 19
预测:     0 0 5 12 0 0 0 5 0 0 0 0 1 0 0 4 0 0 1 0 0 0 0 0 2 1 0 0 0 0 1 0 18 0 0 0 0 0 0 0 1 6 0 18 0 19
准确率:    1.0000 (46/46)
----------------------------------------
输入:       NPCHWN B>R<> DB<LDBBJHWN DCBW >NWN WNYLWN QDMJK
目标:     0 0 0 5 0 0 0 0 1 0 0 4 0 0 1 0 0 0 0 0 2 1 0 0 0 0 1 0 18 0 0 0 0 0 0 0 1 6 0 18 0 19 0 0 0 2 1 0
预测:     0 0 0 5 0 0 0 0 1 0 0 4 0 0 1 0 0 0 0 0 2 1 0 0 0 0 1 0 18 0 0 0 0 0 0 0 1 6 0 18 0 19 0 0 0 2 1 0
准确率:    1.0000 (48/48)
----------------------------------------
💾 保存新的最佳模型！验证准确率: 0.9693 (F1: 0.9685) (Epoch 125)

======================================================================
🚀 Epoch 126/200
======================================================================
📚 开始训练阶段...
训练进度: 500/6065 损失=0.0012
训练进度: 1000/6065 损失=0.0011
训练进度: 1500/6065 损失=0.0085
训练进度: 2000/6065 损失=0.0123
训练进度: 2500/6065 损失=0.0142
训练进度: 3000/6065 损失=0.0093
训练进度: 3500/6065 损失=0.0015
训练进度: 4000/6065 损失=0.0049
训练进度: 4500/6065 损失=0.0021
训练进度: 5000/6065 损失=0.0009
训练进度: 5500/6065 损失=0.0021
训练进度: 6000/6065 损失=0.0104
训练进度: 6065/6065 损失=0.0089
✅ 训练完成，耗时: 109.5秒 (1.8分钟)

============================================================
📊 验证决策: Epoch 126/200
   验证间隔: 1
   是否验证: ✅ 是
   原因: 达到验证间隔 (0 == 0)
============================================================

🔍 开始验证...
验证进度: 500/686 损失=0.3531
验证进度: 686/686 损失=1.8947

📊 预测分布分析:
  - 预测的前5个类别: {np.int64(0): 283162, np.int64(1): 37018, np.int64(2): 14692, np.int64(3): 10726, np.int64(4): 8819}
  - 标签的前5个类别: {np.int64(0): 281232, np.int64(1): 36731, np.int64(2): 14789, np.int64(3): 10866, np.int64(4): 8585}
✅ 验证完成，耗时: 4.8秒 (0.1分钟)
训练损失: 0.0068
验证损失: 0.5039
验证准确率: 0.9689 (10623/10964) - 与Levenshtein高度相关
验证F1(加权): 0.9681 - 类别平衡更好
学习率: 0.000031
显存使用: 0.48GB (预留: 0.69GB)

生成的训练样本:
--------------------------------------------------------------------------------
输入:       TVPJSWN L>JLJN D>T>MR LKWN TSBWN MN XJLTN>
目标:     0 190 17 0 0 3 0 0 0 1 0 0 0 0 0 0 1 0 14 0 0 80 0 1 0 0 0 0 34 0 3 0 0 0 0 0 0 0 0 0 0 4 0
预测:     0 190 17 0 0 3 0 0 0 1 0 0 0 0 0 0 1 0 14 0 0 80 0 1 0 0 0 0 34 0 3 0 0 0 0 0 0 0 0 0 0 4 0
准确率:    1.0000 (43/43)
----------------------------------------
输入:       RB> SGJT XKMT> WMXCBT> MN THWM> RB>
目标:     0 0 4 0 0 0 0 3 26 0 0 0 13 9 0 0 1 0 0 0 13 9 0 0 0 0 0 0 0 0 4 0 0 0 4 0
预测:     0 0 4 0 0 0 0 3 26 0 0 0 13 9 0 0 1 0 0 0 13 9 0 0 0 0 0 0 0 0 4 0 0 0 4 0
准确率:    1.0000 (36/36)
----------------------------------------
输入:       LKL DTKJLJN <LWHJ MRJ> M> SGJW >LWYJ
目标:     0 1 0 2 0 1 0 8 0 7 0 27 0 0 8 1 0 0 0 0 0 0 2 0 0 0 0 0 0 3 0 0 0 0 0 2 46
预测:     0 1 0 2 0 1 0 8 0 7 0 27 0 0 8 1 0 0 0 0 0 0 2 0 0 0 0 0 0 3 0 0 0 0 0 2 46
准确率:    1.0000 (37/37)
----------------------------------------

生成的验证样本:
--------------------------------------------------------------------------------
输入:       KLH NPCHWN B>R<> DB<LDBBJHWN DCBW >NWN WNYLWN
目标:     0 0 5 12 0 0 0 5 0 0 0 0 1 0 0 4 0 0 1 0 0 0 0 0 2 1 0 0 0 0 1 0 18 0 0 0 0 0 0 0 1 6 0 18 0 19
预测:     0 0 5 12 0 0 0 5 0 0 0 0 1 0 0 4 0 0 1 0 0 0 0 0 2 1 0 0 0 0 1 0 18 0 0 0 0 0 0 0 1 6 0 18 0 19
准确率:    1.0000 (46/46)
----------------------------------------
输入:       NPCHWN B>R<> DB<LDBBJHWN DCBW >NWN WNYLWN QDMJK
目标:     0 0 0 5 0 0 0 0 1 0 0 4 0 0 1 0 0 0 0 0 2 1 0 0 0 0 1 0 18 0 0 0 0 0 0 0 1 6 0 18 0 19 0 0 0 2 1 0
预测:     0 0 0 5 0 0 0 0 1 0 0 4 0 0 1 0 0 0 0 0 2 1 0 0 0 0 1 0 18 0 0 0 0 0 0 0 1 6 0 18 0 19 0 0 0 2 1 0
准确率:    1.0000 (48/48)
----------------------------------------
⏳ 验证无提升 (验证准确率: 0.9689 ≤ 0.9693)，patience: 1/50

======================================================================
🚀 Epoch 127/200
======================================================================
📚 开始训练阶段...
训练进度: 500/6065 损失=0.0016
训练进度: 1000/6065 损失=0.0163
训练进度: 1500/6065 损失=0.0050
训练进度: 2000/6065 损失=0.0129
训练进度: 2500/6065 损失=0.0006
训练进度: 3000/6065 损失=0.0135
训练进度: 3500/6065 损失=0.0180
训练进度: 4000/6065 损失=0.0091
训练进度: 4500/6065 损失=0.0187
训练进度: 5000/6065 损失=0.0261
训练进度: 5500/6065 损失=0.0012
训练进度: 6000/6065 损失=0.0015
训练进度: 6065/6065 损失=0.0092
✅ 训练完成，耗时: 109.5秒 (1.8分钟)

============================================================
📊 验证决策: Epoch 127/200
   验证间隔: 1
   是否验证: ✅ 是
   原因: 达到验证间隔 (0 == 0)
============================================================

🔍 开始验证...
验证进度: 500/686 损失=0.0786
验证进度: 686/686 损失=1.9742

📊 预测分布分析:
  - 预测的前5个类别: {np.int64(0): 283131, np.int64(1): 37033, np.int64(2): 14674, np.int64(3): 10720, np.int64(4): 8932}
  - 标签的前5个类别: {np.int64(0): 281232, np.int64(1): 36731, np.int64(2): 14789, np.int64(3): 10866, np.int64(4): 8585}
✅ 验证完成，耗时: 4.8秒 (0.1分钟)
训练损失: 0.0067
验证损失: 0.5044
验证准确率: 0.9692 (10626/10964) - 与Levenshtein高度相关
验证F1(加权): 0.9684 - 类别平衡更好
学习率: 0.000030
显存使用: 0.48GB (预留: 0.69GB)

生成的训练样本:
--------------------------------------------------------------------------------
输入:       WKLHJN >JLJN D>N N<BD NYLXN L> HKN>
目标:     0 1 0 5 0 0 0 0 0 0 0 0 0 0 1 0 0 0 6 0 0 3 0 6 0 0 3 12 0 0 0 0 0 0 0 0
预测:     0 1 0 5 0 0 0 0 0 0 0 0 0 0 1 0 0 0 6 0 0 3 0 6 0 0 3 12 0 0 0 0 0 0 0 0
准确率:    1.0000 (36/36)
----------------------------------------
输入:       LBJTH DMRJM> NXRB BQRB> >P L>XJKWN PKRW
目标:     0 1 0 0 5 0 0 1 6 20 0 43 78 0 44 0 0 3 0 1 0 0 30 0 0 0 0 0 1 0 2 1 0 0 0 0 0 0 3 0
预测:     0 1 0 0 5 0 0 1 6 20 0 43 78 0 44 0 0 3 0 1 0 0 30 0 0 0 0 0 1 0 2 1 0 0 0 0 0 0 3 0
准确率:    1.0000 (40/40)
----------------------------------------
输入:       TTNVRWN >L> >P >XRNJT> >MR HW> LKWN
目标:     0 21 14 0 0 3 0 19 0 0 0 0 0 0 0 0 0 0 0 0 2 23 0 0 0 0 3 0 0 10 3 0 1 0 0 0
预测:     0 21 14 0 0 3 0 19 0 0 0 0 0 0 0 0 0 0 0 0 2 23 0 0 0 0 3 0 0 10 3 0 1 0 0 0
准确率:    1.0000 (36/36)
----------------------------------------

生成的验证样本:
--------------------------------------------------------------------------------
输入:       KLH NPCHWN B>R<> DB<LDBBJHWN DCBW >NWN WNYLWN
目标:     0 0 5 12 0 0 0 5 0 0 0 0 1 0 0 4 0 0 1 0 0 0 0 0 2 1 0 0 0 0 1 0 18 0 0 0 0 0 0 0 1 6 0 18 0 19
预测:     0 0 5 12 0 0 0 5 0 0 0 0 1 0 0 4 0 0 1 0 0 0 0 0 2 1 0 0 0 0 1 0 18 0 0 0 0 0 0 0 1 6 0 18 0 19
准确率:    1.0000 (46/46)
----------------------------------------
输入:       NPCHWN B>R<> DB<LDBBJHWN DCBW >NWN WNYLWN QDMJK
目标:     0 0 0 5 0 0 0 0 1 0 0 4 0 0 1 0 0 0 0 0 2 1 0 0 0 0 1 0 18 0 0 0 0 0 0 0 1 6 0 18 0 19 0 0 0 2 1 0
预测:     0 0 0 5 0 0 0 0 1 0 0 4 0 0 1 0 0 0 0 0 2 1 0 0 0 0 1 0 18 0 0 0 0 0 0 0 1 6 0 18 0 19 0 0 0 2 1 0
准确率:    1.0000 (48/48)
----------------------------------------
⏳ 验证无提升 (验证准确率: 0.9692 ≤ 0.9693)，patience: 2/50

======================================================================
🚀 Epoch 128/200
======================================================================
📚 开始训练阶段...
训练进度: 500/6065 损失=0.0063
训练进度: 1000/6065 损失=0.0019
训练进度: 1500/6065 损失=0.0044
训练进度: 2000/6065 损失=0.0010
训练进度: 2500/6065 损失=0.0044
训练进度: 3000/6065 损失=0.0072
训练进度: 3500/6065 损失=0.0013
训练进度: 4000/6065 损失=0.0021
训练进度: 4500/6065 损失=0.0023
训练进度: 5000/6065 损失=0.0028
训练进度: 5500/6065 损失=0.0027
训练进度: 6000/6065 损失=0.0110
训练进度: 6065/6065 损失=0.0236
✅ 训练完成，耗时: 109.7秒 (1.8分钟)

============================================================
📊 验证决策: Epoch 128/200
   验证间隔: 1
   是否验证: ✅ 是
   原因: 达到验证间隔 (0 == 0)
============================================================

🔍 开始验证...
验证进度: 500/686 损失=0.0973
验证进度: 686/686 损失=1.9717

📊 预测分布分析:
  - 预测的前5个类别: {np.int64(0): 283014, np.int64(1): 37040, np.int64(2): 14704, np.int64(3): 10781, np.int64(4): 8896}
  - 标签的前5个类别: {np.int64(0): 281232, np.int64(1): 36731, np.int64(2): 14789, np.int64(3): 10866, np.int64(4): 8585}
✅ 验证完成，耗时: 4.8秒 (0.1分钟)
训练损失: 0.0066
验证损失: 0.5112
验证准确率: 0.9692 (10626/10964) - 与Levenshtein高度相关
验证F1(加权): 0.9684 - 类别平衡更好
学习率: 0.000030
显存使用: 0.48GB (预留: 0.69GB)

生成的训练样本:
--------------------------------------------------------------------------------
输入:       QRJ B>DNJ <M> W>MR MN DDXJL WRTJT
目标:     6 0 0 3 0 1 0 0 2 0 0 0 15 0 0 36 0 0 3 0 0 12 0 1 0 8 0 40 0 1 0 8 0 40
预测:     6 0 0 3 0 1 0 0 2 0 0 0 15 0 0 36 0 0 3 0 0 12 0 1 0 8 0 40 0 1 0 8 0 40
准确率:    1.0000 (34/34)
----------------------------------------
输入:       SMK> DS>M> <BDW TXJT <SRJN DPJN TRJN
目标:     0 0 0 30 0 0 1 0 0 4 0 0 0 0 3 0 0 0 8 0 0 0 0 0 2 0 0 0 0 2 0 0 0 0 2 0 12
预测:     0 0 0 30 0 0 1 0 0 4 0 0 0 0 3 0 0 0 8 0 0 0 0 0 2 0 0 0 0 2 0 0 0 0 2 0 12
准确率:    1.0000 (37/37)
----------------------------------------
输入:       QDM DN>T> JWMH DMRJ> LMHPKW BNJ> <L
目标:     0 0 0 2 0 1 6 0 10 3 0 0 0 5 0 0 1 0 0 0 2 0 1 28 0 0 7 0 0 0 2 9 0 0 0 0
预测:     0 0 0 2 0 1 6 0 10 3 0 0 0 5 0 0 1 0 0 0 2 0 1 28 0 0 7 0 0 0 2 9 0 0 0 0
准确率:    1.0000 (36/36)
----------------------------------------

生成的验证样本:
--------------------------------------------------------------------------------
输入:       KLH NPCHWN B>R<> DB<LDBBJHWN DCBW >NWN WNYLWN
目标:     0 0 5 12 0 0 0 5 0 0 0 0 1 0 0 4 0 0 1 0 0 0 0 0 2 1 0 0 0 0 1 0 18 0 0 0 0 0 0 0 1 6 0 18 0 19
预测:     0 0 5 12 0 0 0 5 0 0 0 0 1 0 0 4 0 0 1 0 0 0 0 0 2 1 0 0 0 0 1 0 18 0 0 0 0 0 0 0 1 6 0 18 0 19
准确率:    1.0000 (46/46)
----------------------------------------
输入:       NPCHWN B>R<> DB<LDBBJHWN DCBW >NWN WNYLWN QDMJK
目标:     0 0 0 5 0 0 0 0 1 0 0 4 0 0 1 0 0 0 0 0 2 1 0 0 0 0 1 0 18 0 0 0 0 0 0 0 1 6 0 18 0 19 0 0 0 2 1 0
预测:     0 0 0 5 0 0 0 0 1 0 0 4 0 0 1 0 0 0 0 0 2 1 0 0 0 0 1 0 18 0 0 0 0 0 0 0 1 6 0 18 0 19 0 0 0 2 1 0
准确率:    1.0000 (48/48)
----------------------------------------
⏳ 验证无提升 (验证准确率: 0.9692 ≤ 0.9693)，patience: 3/50

======================================================================
🚀 Epoch 129/200
======================================================================
📚 开始训练阶段...
训练进度: 500/6065 损失=0.0086
训练进度: 1000/6065 损失=0.0012
训练进度: 1500/6065 损失=0.0014
训练进度: 2000/6065 损失=0.0017
训练进度: 2500/6065 损失=0.0148
训练进度: 3000/6065 损失=0.0073
训练进度: 3500/6065 损失=0.0062
训练进度: 4000/6065 损失=0.0006
训练进度: 4500/6065 损失=0.0100
训练进度: 5000/6065 损失=0.0059
训练进度: 5500/6065 损失=0.0011
训练进度: 6000/6065 损失=0.0130
训练进度: 6065/6065 损失=0.0008
✅ 训练完成，耗时: 109.4秒 (1.8分钟)

============================================================
📊 验证决策: Epoch 129/200
   验证间隔: 1
   是否验证: ✅ 是
   原因: 达到验证间隔 (0 == 0)
============================================================

🔍 开始验证...
验证进度: 500/686 损失=0.1151
验证进度: 686/686 损失=1.8813

📊 预测分布分析:
  - 预测的前5个类别: {np.int64(0): 283172, np.int64(1): 37069, np.int64(2): 14679, np.int64(3): 10732, np.int64(4): 9050}
  - 标签的前5个类别: {np.int64(0): 281232, np.int64(1): 36731, np.int64(2): 14789, np.int64(3): 10866, np.int64(4): 8585}
✅ 验证完成，耗时: 4.8秒 (0.1分钟)
训练损失: 0.0064
验证损失: 0.5075
验证准确率: 0.9695 (10629/10964) - 与Levenshtein高度相关
验证F1(加权): 0.9686 - 类别平衡更好
学习率: 0.000029
显存使用: 0.47GB (预留: 0.69GB)

生成的训练样本:
--------------------------------------------------------------------------------
输入:       BNJK MNK MN DTB<> >NT MNHWN BKL
目标:     0 0 2 1 0 0 0 1 0 0 0 0 0 1 6 0 10 3 0 0 0 0 0 0 1 0 0 0 0 1 0 2
预测:     0 0 2 1 0 0 0 1 0 0 0 0 0 1 6 0 10 3 0 0 0 0 0 0 1 0 0 0 0 1 0 2
准确率:    1.0000 (32/32)
----------------------------------------
输入:       JWMN> LMRJ> JWMN> L> MCKXJN >NTWN LH
目标:     0 0 0 0 4 0 0 1 0 0 0 2 0 0 0 0 4 0 0 0 0 0 28 0 0 7 0 0 0 0 0 0 0 0 0 1 0
预测:     0 0 0 0 4 0 0 1 0 0 0 2 0 0 0 0 4 0 0 0 0 0 28 0 0 7 0 0 0 0 0 0 0 0 0 1 0
准确率:    1.0000 (37/37)
----------------------------------------
输入:       >N> D>HPWK <MK W>T> LBJTK WL> >KWL
目标:     0 0 0 0 0 1 6 0 8 0 3 0 0 1 0 0 1 21 10 3 0 1 0 0 5 0 0 1 0 0 0 21 8 0 3
预测:     0 0 0 0 0 1 6 0 8 0 3 0 0 1 0 0 1 21 10 3 0 1 0 0 5 0 0 1 0 0 0 21 8 0 3
准确率:    1.0000 (35/35)
----------------------------------------

生成的验证样本:
--------------------------------------------------------------------------------
输入:       KLH NPCHWN B>R<> DB<LDBBJHWN DCBW >NWN WNYLWN
目标:     0 0 5 12 0 0 0 5 0 0 0 0 1 0 0 4 0 0 1 0 0 0 0 0 2 1 0 0 0 0 1 0 18 0 0 0 0 0 0 0 1 6 0 18 0 19
预测:     0 0 5 12 0 0 0 5 0 0 0 0 1 0 0 4 0 0 1 0 0 0 0 0 2 1 0 0 0 0 1 0 18 0 0 0 0 0 0 0 1 6 0 18 0 19
准确率:    1.0000 (46/46)
----------------------------------------
输入:       NPCHWN B>R<> DB<LDBBJHWN DCBW >NWN WNYLWN QDMJK
目标:     0 0 0 5 0 0 0 0 1 0 0 4 0 0 1 0 0 0 0 0 2 1 0 0 0 0 1 0 18 0 0 0 0 0 0 0 1 6 0 18 0 19 0 0 0 2 1 0
预测:     0 0 0 5 0 0 0 0 1 0 0 4 0 0 1 0 0 0 0 0 2 1 0 0 0 0 1 0 18 0 0 0 0 0 0 0 1 6 0 18 0 19 0 0 0 2 1 0
准确率:    1.0000 (48/48)
----------------------------------------
💾 保存新的最佳模型！验证准确率: 0.9695 (F1: 0.9686) (Epoch 129)

======================================================================
🚀 Epoch 130/200
======================================================================
📚 开始训练阶段...
训练进度: 500/6065 损失=0.0009
训练进度: 1000/6065 损失=0.0009
训练进度: 1500/6065 损失=0.0032
训练进度: 2000/6065 损失=0.0024
训练进度: 2500/6065 损失=0.0013
训练进度: 3000/6065 损失=0.0096
训练进度: 3500/6065 损失=0.0057
训练进度: 4000/6065 损失=0.0043
训练进度: 4500/6065 损失=0.0078
训练进度: 5000/6065 损失=0.0023
训练进度: 5500/6065 损失=0.0073
训练进度: 6000/6065 损失=0.0087
训练进度: 6065/6065 损失=0.0025
✅ 训练完成，耗时: 109.7秒 (1.8分钟)

============================================================
📊 验证决策: Epoch 130/200
   验证间隔: 1
   是否验证: ✅ 是
   原因: 达到验证间隔 (0 == 0)
============================================================

🔍 开始验证...
验证进度: 500/686 损失=0.3470
验证进度: 686/686 损失=2.0246

📊 预测分布分析:
  - 预测的前5个类别: {np.int64(0): 283183, np.int64(1): 37044, np.int64(2): 14683, np.int64(3): 10744, np.int64(4): 8910}
  - 标签的前5个类别: {np.int64(0): 281232, np.int64(1): 36731, np.int64(2): 14789, np.int64(3): 10866, np.int64(4): 8585}
✅ 验证完成，耗时: 4.9秒 (0.1分钟)
训练损失: 0.0062
验证损失: 0.5101
验证准确率: 0.9691 (10625/10964) - 与Levenshtein高度相关
验证F1(加权): 0.9683 - 类别平衡更好
学习率: 0.000028
显存使用: 0.47GB (预留: 0.69GB)

生成的训练样本:
--------------------------------------------------------------------------------
输入:       WBKJNH MTQRB LCPJRT> WMZDHR MN SNJT> WMVL
目标:     0 1 1 0 0 5 0 0 21 14 0 0 41 0 1 0 0 0 2 23 0 0 1 45 85 0 0 7 0 0 0 0 0 0 7 23 0 0 1 0 0 0
预测:     0 1 1 0 0 5 0 0 21 14 0 0 41 0 1 0 0 0 2 23 0 0 1 45 85 0 0 7 0 0 0 0 0 0 7 23 0 0 1 0 0 0
准确率:    1.0000 (42/42)
----------------------------------------
输入:       CLM> L<LM MN QDM MRJ> WSLQ BNJ>
目标:     0 0 0 15 0 0 1 0 0 2 0 0 0 0 0 0 2 0 0 0 0 2 0 1 0 0 3 0 0 0 0 2
预测:     0 0 0 15 0 0 1 0 0 2 0 0 0 0 0 0 2 0 0 0 0 2 0 1 0 0 3 0 0 0 0 2
准确率:    1.0000 (32/32)
----------------------------------------
输入:       W>N LBJC RJC KLHJN YBWT> DMTB<JN LXJ>
目标:     0 1 0 0 0 1 0 0 2 0 0 0 2 0 0 5 0 0 0 0 0 0 2 23 0 0 1 21 14 0 0 7 0 0 1 0 11 0
预测:     0 1 0 0 0 1 0 0 2 0 0 0 2 0 0 5 0 0 0 0 0 0 2 23 0 0 1 21 14 0 0 7 0 0 1 0 11 0
准确率:    1.0000 (38/38)
----------------------------------------

生成的验证样本:
--------------------------------------------------------------------------------
输入:       KLH NPCHWN B>R<> DB<LDBBJHWN DCBW >NWN WNYLWN
目标:     0 0 5 12 0 0 0 5 0 0 0 0 1 0 0 4 0 0 1 0 0 0 0 0 2 1 0 0 0 0 1 0 18 0 0 0 0 0 0 0 1 6 0 18 0 19
预测:     0 0 5 12 0 0 0 5 0 0 0 0 1 0 0 4 0 0 1 0 0 0 0 0 2 1 0 0 0 0 1 0 18 0 0 0 0 0 0 0 1 6 0 18 0 19
准确率:    1.0000 (46/46)
----------------------------------------
输入:       NPCHWN B>R<> DB<LDBBJHWN DCBW >NWN WNYLWN QDMJK
目标:     0 0 0 5 0 0 0 0 1 0 0 4 0 0 1 0 0 0 0 0 2 1 0 0 0 0 1 0 18 0 0 0 0 0 0 0 1 6 0 18 0 19 0 0 0 2 1 0
预测:     0 0 0 5 0 0 0 0 1 0 0 4 0 0 1 0 0 0 0 0 2 1 0 0 0 0 1 0 18 0 0 0 0 0 0 0 1 6 0 18 0 19 0 0 0 2 1 0
准确率:    1.0000 (48/48)
----------------------------------------
⏳ 验证无提升 (验证准确率: 0.9691 ≤ 0.9695)，patience: 1/50

======================================================================
🚀 Epoch 131/200
======================================================================
📚 开始训练阶段...
训练进度: 500/6065 损失=0.0003
训练进度: 1000/6065 损失=0.0257
训练进度: 1500/6065 损失=0.0068
训练进度: 2000/6065 损失=0.0035
训练进度: 2500/6065 损失=0.0008
训练进度: 3000/6065 损失=0.0007
训练进度: 3500/6065 损失=0.0100
训练进度: 4000/6065 损失=0.0010
训练进度: 4500/6065 损失=0.0011
训练进度: 5000/6065 损失=0.0013
训练进度: 5500/6065 损失=0.0026
训练进度: 6000/6065 损失=0.0144
训练进度: 6065/6065 损失=0.0053
✅ 训练完成，耗时: 109.5秒 (1.8分钟)

============================================================
📊 验证决策: Epoch 131/200
   验证间隔: 1
   是否验证: ✅ 是
   原因: 达到验证间隔 (0 == 0)
============================================================

🔍 开始验证...
验证进度: 500/686 损失=0.0969
验证进度: 686/686 损失=2.0697

📊 预测分布分析:
  - 预测的前5个类别: {np.int64(0): 283149, np.int64(1): 37057, np.int64(2): 14697, np.int64(3): 10694, np.int64(4): 8794}
  - 标签的前5个类别: {np.int64(0): 281232, np.int64(1): 36731, np.int64(2): 14789, np.int64(3): 10866, np.int64(4): 8585}
✅ 验证完成，耗时: 4.8秒 (0.1分钟)
训练损失: 0.0060
验证损失: 0.5135
验证准确率: 0.9691 (10625/10964) - 与Levenshtein高度相关
验证F1(加权): 0.9683 - 类别平衡更好
学习率: 0.000027
显存使用: 0.47GB (预留: 0.69GB)

生成的训练样本:
--------------------------------------------------------------------------------
输入:       WKD HW> VHR> MGXK BHWN >LJ> W>MR
目标:     0 1 0 0 0 0 10 3 0 0 0 4 0 0 6 0 0 41 0 1 0 0 0 0 0 0 0 2 0 1 0 0 7
预测:     0 1 0 0 0 0 10 3 0 0 0 4 0 0 6 0 0 41 0 1 0 0 0 0 0 0 0 2 0 1 0 0 7
准确率:    1.0000 (33/33)
----------------------------------------
输入:       W>RB<JN SMKJN DS>M> TRJN SMKJN TXJT DP>
目标:     0 1 0 0 0 2 0 0 0 0 0 22 0 0 0 1 0 0 4 0 0 0 2 0 12 0 0 0 22 0 0 0 0 8 0 0 0 0 4 0
预测:     0 1 0 0 0 2 0 0 0 0 0 22 0 0 0 1 0 0 4 0 0 0 2 0 12 0 0 0 22 0 0 0 0 8 0 0 0 0 4 0
准确率:    1.0000 (40/40)
----------------------------------------
输入:       CLJ HW> JM> BYLWT> >P JBC> BTJBWT>
目标:     0 0 0 33 0 0 10 3 0 0 4 0 0 1 0 0 2 9 0 0 0 0 0 0 0 15 0 0 1 0 0 0 2 9 0
预测:     0 0 0 33 0 0 10 3 0 0 4 0 0 1 0 0 2 9 0 0 0 0 0 0 0 15 0 0 1 0 0 0 2 9 0
准确率:    1.0000 (35/35)
----------------------------------------

生成的验证样本:
--------------------------------------------------------------------------------
输入:       KLH NPCHWN B>R<> DB<LDBBJHWN DCBW >NWN WNYLWN
目标:     0 0 5 12 0 0 0 5 0 0 0 0 1 0 0 4 0 0 1 0 0 0 0 0 2 1 0 0 0 0 1 0 18 0 0 0 0 0 0 0 1 6 0 18 0 19
预测:     0 0 5 12 0 0 0 5 0 0 0 0 1 0 0 4 0 0 1 0 0 0 0 0 2 1 0 0 0 0 1 0 18 0 0 0 0 0 0 0 1 6 0 18 0 19
准确率:    1.0000 (46/46)
----------------------------------------
输入:       NPCHWN B>R<> DB<LDBBJHWN DCBW >NWN WNYLWN QDMJK
目标:     0 0 0 5 0 0 0 0 1 0 0 4 0 0 1 0 0 0 0 0 2 1 0 0 0 0 1 0 18 0 0 0 0 0 0 0 1 6 0 18 0 19 0 0 0 2 1 0
预测:     0 0 0 5 0 0 0 0 1 0 0 4 0 0 1 0 0 0 0 0 2 1 0 0 0 0 1 0 18 0 0 0 0 0 0 0 1 6 0 18 0 19 0 0 0 2 1 0
准确率:    1.0000 (48/48)
----------------------------------------
⏳ 验证无提升 (验证准确率: 0.9691 ≤ 0.9695)，patience: 2/50

======================================================================
🚀 Epoch 132/200
======================================================================
📚 开始训练阶段...
训练进度: 500/6065 损失=0.0040
训练进度: 1000/6065 损失=0.0070
训练进度: 1500/6065 损失=0.0038
训练进度: 2000/6065 损失=0.0069
训练进度: 2500/6065 损失=0.0034
训练进度: 3000/6065 损失=0.0008
训练进度: 3500/6065 损失=0.0094
训练进度: 4000/6065 损失=0.0070
训练进度: 4500/6065 损失=0.0058
训练进度: 5000/6065 损失=0.0321
训练进度: 5500/6065 损失=0.0136
训练进度: 6000/6065 损失=0.0023
训练进度: 6065/6065 损失=0.0023
✅ 训练完成，耗时: 109.8秒 (1.8分钟)

============================================================
📊 验证决策: Epoch 132/200
   验证间隔: 1
   是否验证: ✅ 是
   原因: 达到验证间隔 (0 == 0)
============================================================

🔍 开始验证...
验证进度: 500/686 损失=0.1812
验证进度: 686/686 损失=2.1476

📊 预测分布分析:
  - 预测的前5个类别: {np.int64(0): 283294, np.int64(1): 37037, np.int64(2): 14634, np.int64(3): 10807, np.int64(4): 8980}
  - 标签的前5个类别: {np.int64(0): 281232, np.int64(1): 36731, np.int64(2): 14789, np.int64(3): 10866, np.int64(4): 8585}
✅ 验证完成，耗时: 4.9秒 (0.1分钟)
训练损失: 0.0059
验证损失: 0.5210
验证准确率: 0.9693 (10626/10964) - 与Levenshtein高度相关
验证F1(加权): 0.9684 - 类别平衡更好
学习率: 0.000027
显存使用: 0.48GB (预留: 0.69GB)

生成的训练样本:
--------------------------------------------------------------------------------
输入:       LWV W>XDW ML>K> B>JDH WB>JD> D>NTTH WB>JD>
目标:     0 0 0 22 0 1 0 0 3 0 0 0 0 0 11 0 0 35 0 0 5 0 0 1 35 0 0 4 0 0 1 0 0 13 1 0 0 1 35 0 0 4 0
预测:     0 0 0 22 0 1 0 0 3 0 0 0 0 0 11 0 0 35 0 0 5 0 0 1 35 0 0 4 0 0 1 0 0 13 1 0 0 1 35 0 0 4 0
准确率:    1.0000 (43/43)
----------------------------------------
输入:       LQNJN DNXC> >RB<JN MTRJN >XD> LQN> XD>
目标:     0 0 0 13 0 0 0 1 0 0 4 0 0 0 0 0 0 0 2 0 0 0 0 13 0 0 0 0 7 0 0 0 0 13 0 0 0 2 0
预测:     0 0 0 13 0 0 0 1 0 0 4 0 0 0 0 0 0 0 2 0 0 0 0 13 0 0 0 0 7 0 0 0 0 13 0 0 0 2 0
准确率:    1.0000 (39/39)
----------------------------------------
输入:       WZ<QW BNJ >JSRJL LMRJ> <L YBWT> DMDJN
目标:     0 1 0 0 3 0 0 0 2 0 0 0 0 0 0 0 2 0 1 0 0 0 2 0 0 0 0 0 0 2 9 0 0 1 0 0 0 2
预测:     0 1 0 0 3 0 0 0 2 0 0 0 0 0 0 0 2 0 1 0 0 0 2 0 0 0 0 0 0 2 9 0 0 1 0 0 0 2
准确率:    1.0000 (38/38)
----------------------------------------

生成的验证样本:
--------------------------------------------------------------------------------
输入:       KLH NPCHWN B>R<> DB<LDBBJHWN DCBW >NWN WNYLWN
目标:     0 0 5 12 0 0 0 5 0 0 0 0 1 0 0 4 0 0 1 0 0 0 0 0 2 1 0 0 0 0 1 0 18 0 0 0 0 0 0 0 1 6 0 18 0 19
预测:     0 0 5 12 0 0 0 5 0 0 0 0 1 0 0 4 0 0 1 0 0 0 0 0 2 1 0 0 0 0 1 0 18 0 0 0 0 0 0 0 1 6 0 18 0 19
准确率:    1.0000 (46/46)
----------------------------------------
输入:       NPCHWN B>R<> DB<LDBBJHWN DCBW >NWN WNYLWN QDMJK
目标:     0 0 0 5 0 0 0 0 1 0 0 4 0 0 1 0 0 0 0 0 2 1 0 0 0 0 1 0 18 0 0 0 0 0 0 0 1 6 0 18 0 19 0 0 0 2 1 0
预测:     0 0 0 5 0 0 0 0 1 0 0 4 0 0 1 0 0 0 0 0 2 1 0 0 0 0 1 0 18 0 0 0 0 0 0 0 1 6 0 18 0 19 0 0 0 2 1 0
准确率:    1.0000 (48/48)
----------------------------------------
⏳ 验证无提升 (验证准确率: 0.9693 ≤ 0.9695)，patience: 3/50

======================================================================
🚀 Epoch 133/200
======================================================================
📚 开始训练阶段...
训练进度: 500/6065 损失=0.0125
训练进度: 1000/6065 损失=0.0001
训练进度: 1500/6065 损失=0.0137
训练进度: 2000/6065 损失=0.0005
训练进度: 2500/6065 损失=0.0073
训练进度: 3000/6065 损失=0.0022
训练进度: 3500/6065 损失=0.0114
训练进度: 4000/6065 损失=0.0091
训练进度: 4500/6065 损失=0.0003
训练进度: 5000/6065 损失=0.0011
训练进度: 5500/6065 损失=0.0010
训练进度: 6000/6065 损失=0.0072
训练进度: 6065/6065 损失=0.0070
✅ 训练完成，耗时: 109.6秒 (1.8分钟)

============================================================
📊 验证决策: Epoch 133/200
   验证间隔: 1
   是否验证: ✅ 是
   原因: 达到验证间隔 (0 == 0)
============================================================

🔍 开始验证...
验证进度: 500/686 损失=0.3061
验证进度: 686/686 损失=2.0730

📊 预测分布分析:
  - 预测的前5个类别: {np.int64(0): 283239, np.int64(1): 37094, np.int64(2): 14694, np.int64(3): 10718, np.int64(4): 8823}
  - 标签的前5个类别: {np.int64(0): 281232, np.int64(1): 36731, np.int64(2): 14789, np.int64(3): 10866, np.int64(4): 8585}
✅ 验证完成，耗时: 4.8秒 (0.1分钟)
训练损失: 0.0057
验证损失: 0.5273
验证准确率: 0.9690 (10623/10964) - 与Levenshtein高度相关
验证F1(加权): 0.9681 - 类别平衡更好
学习率: 0.000026
显存使用: 0.47GB (预留: 0.69GB)

生成的训练样本:
--------------------------------------------------------------------------------
输入:       MTTBRW MTTBRJN MN QDMJN >JK DBQRB> QDMJ>
目标:     0 21 14 0 0 7 19 0 21 14 0 0 7 0 19 0 0 0 0 0 0 2 1 0 0 0 0 0 0 1 1 0 0 30 0 0 0 0 0 11 0
预测:     0 21 14 0 0 7 19 0 21 14 0 0 7 0 19 0 0 0 0 0 0 2 1 0 0 0 0 0 0 1 1 0 0 30 0 0 0 0 0 11 0
准确率:    1.0000 (41/41)
----------------------------------------
输入:       WB<NK DKR> QDC LMRJ> >LHK L> TPLWX
目标:     0 1 1 0 5 0 0 0 0 30 0 6 0 0 3 0 1 0 0 0 2 0 0 0 5 0 0 0 0 0 6 0 8 0 3
预测:     0 1 1 0 5 0 0 0 0 30 0 6 0 0 3 0 1 0 0 0 2 0 0 0 5 0 0 0 0 0 6 0 8 0 3
准确率:    1.0000 (35/35)
----------------------------------------
输入:       NWN BNBJWT> >TNVR LMHW> >JK MWC> RB>
目标:     0 0 0 22 0 1 0 0 0 2 9 0 0 0 14 0 0 16 0 1 6 0 10 7 0 0 0 0 0 0 0 0 2 0 0 4 0
预测:     0 0 0 22 0 1 0 0 0 2 9 0 0 0 14 0 0 16 0 1 6 0 10 7 0 0 0 0 0 0 0 0 2 0 0 4 0
准确率:    1.0000 (37/37)
----------------------------------------

生成的验证样本:
--------------------------------------------------------------------------------
输入:       KLH NPCHWN B>R<> DB<LDBBJHWN DCBW >NWN WNYLWN
目标:     0 0 5 12 0 0 0 5 0 0 0 0 1 0 0 4 0 0 1 0 0 0 0 0 2 1 0 0 0 0 1 0 18 0 0 0 0 0 0 0 1 6 0 18 0 19
预测:     0 0 5 12 0 0 0 5 0 0 0 0 1 0 0 4 0 0 1 0 0 0 0 0 2 1 0 0 0 0 1 0 18 0 0 0 0 0 0 0 1 6 0 18 0 19
准确率:    1.0000 (46/46)
----------------------------------------
输入:       NPCHWN B>R<> DB<LDBBJHWN DCBW >NWN WNYLWN QDMJK
目标:     0 0 0 5 0 0 0 0 1 0 0 4 0 0 1 0 0 0 0 0 2 1 0 0 0 0 1 0 18 0 0 0 0 0 0 0 1 6 0 18 0 19 0 0 0 2 1 0
预测:     0 0 0 5 0 0 0 0 1 0 0 4 0 0 1 0 0 0 0 0 2 1 0 0 0 0 1 0 18 0 0 0 0 0 0 0 1 6 0 18 0 19 0 0 0 2 1 0
准确率:    1.0000 (48/48)
----------------------------------------
⏳ 验证无提升 (验证准确率: 0.9690 ≤ 0.9695)，patience: 4/50

======================================================================
🚀 Epoch 134/200
======================================================================
📚 开始训练阶段...
训练进度: 500/6065 损失=0.0053
训练进度: 1000/6065 损失=0.0016
训练进度: 1500/6065 损失=0.0005
训练进度: 2000/6065 损失=0.0009
训练进度: 2500/6065 损失=0.0029
训练进度: 3000/6065 损失=0.0006
训练进度: 3500/6065 损失=0.0004
训练进度: 4000/6065 损失=0.0006
训练进度: 4500/6065 损失=0.0065
训练进度: 5000/6065 损失=0.0057
训练进度: 5500/6065 损失=0.0048
训练进度: 6000/6065 损失=0.0204
训练进度: 6065/6065 损失=0.0090
✅ 训练完成，耗时: 109.5秒 (1.8分钟)

============================================================
📊 验证决策: Epoch 134/200
   验证间隔: 1
   是否验证: ✅ 是
   原因: 达到验证间隔 (0 == 0)
============================================================

🔍 开始验证...
验证进度: 500/686 损失=0.3149
验证进度: 686/686 损失=2.0420

📊 预测分布分析:
  - 预测的前5个类别: {np.int64(0): 283233, np.int64(1): 37055, np.int64(2): 14657, np.int64(3): 10821, np.int64(4): 8826}
  - 标签的前5个类别: {np.int64(0): 281232, np.int64(1): 36731, np.int64(2): 14789, np.int64(3): 10866, np.int64(4): 8585}
✅ 验证完成，耗时: 4.8秒 (0.1分钟)
训练损失: 0.0057
验证损失: 0.5218
验证准确率: 0.9692 (10626/10964) - 与Levenshtein高度相关
验证F1(加权): 0.9683 - 类别平衡更好
学习率: 0.000025
显存使用: 0.48GB (预留: 0.69GB)

生成的训练样本:
--------------------------------------------------------------------------------
输入:       >TPLV LTMN MVL DL> MCKX >N> D><BD
目标:     6 0 14 0 0 16 0 1 0 0 0 0 0 0 0 0 1 0 0 0 28 0 0 7 0 0 0 0 0 1 6 0 0 3
预测:     6 0 14 0 0 16 0 1 0 0 0 0 0 0 0 0 1 0 0 0 28 0 0 7 0 0 0 0 0 1 6 0 0 3
准确率:    1.0000 (34/34)
----------------------------------------
输入:       DJHB LBN LRXJL BRTH WJLDT HLJN LJ<QWB
目标:     0 1 0 0 3 0 0 0 2 0 1 0 0 0 2 0 0 13 1 0 0 1 0 0 3 26 0 0 0 0 0 0 1 0 0 0 0 2
预测:     0 1 0 0 3 0 0 0 2 0 1 0 0 0 2 0 0 13 1 0 0 1 0 0 3 26 0 0 0 0 0 0 1 0 0 0 0 2
准确率:    1.0000 (38/38)
----------------------------------------
输入:       D>TR> HW PNW>JL MVL DXZJT ML>K> >PJN
目标:     0 1 0 0 4 0 0 0 12 0 0 0 0 0 0 2 0 0 0 0 0 1 0 0 3 0 0 0 0 0 4 0 0 54 2 0 0
预测:     0 1 0 0 4 0 0 0 12 0 0 0 0 0 0 2 0 0 0 0 0 1 0 0 3 0 0 0 0 0 4 0 0 54 2 0 0
准确率:    1.0000 (37/37)
----------------------------------------

生成的验证样本:
--------------------------------------------------------------------------------
输入:       KLH NPCHWN B>R<> DB<LDBBJHWN DCBW >NWN WNYLWN
目标:     0 0 5 12 0 0 0 5 0 0 0 0 1 0 0 4 0 0 1 0 0 0 0 0 2 1 0 0 0 0 1 0 18 0 0 0 0 0 0 0 1 6 0 18 0 19
预测:     0 0 5 12 0 0 0 5 0 0 0 0 1 0 0 4 0 0 1 0 0 0 0 0 2 1 0 0 0 0 1 0 18 0 0 0 0 0 0 0 1 6 0 18 0 19
准确率:    1.0000 (46/46)
----------------------------------------
输入:       NPCHWN B>R<> DB<LDBBJHWN DCBW >NWN WNYLWN QDMJK
目标:     0 0 0 5 0 0 0 0 1 0 0 4 0 0 1 0 0 0 0 0 2 1 0 0 0 0 1 0 18 0 0 0 0 0 0 0 1 6 0 18 0 19 0 0 0 2 1 0
预测:     0 0 0 5 0 0 0 0 1 0 0 4 0 0 1 0 0 0 0 0 2 1 0 0 0 0 1 0 18 0 0 0 0 0 0 0 1 6 0 18 0 19 0 0 0 2 1 0
准确率:    1.0000 (48/48)
----------------------------------------
⏳ 验证无提升 (验证准确率: 0.9692 ≤ 0.9695)，patience: 5/50

======================================================================
🚀 Epoch 135/200
======================================================================
📚 开始训练阶段...
训练进度: 500/6065 损失=0.0010
训练进度: 1000/6065 损失=0.0007
训练进度: 1500/6065 损失=0.0042
训练进度: 2000/6065 损失=0.0170
训练进度: 2500/6065 损失=0.0066
训练进度: 3000/6065 损失=0.0057
训练进度: 3500/6065 损失=0.0027
训练进度: 4000/6065 损失=0.0021
训练进度: 4500/6065 损失=0.0005
训练进度: 5000/6065 损失=0.0021
训练进度: 5500/6065 损失=0.0017
训练进度: 6000/6065 损失=0.0004
训练进度: 6065/6065 损失=0.0027
✅ 训练完成，耗时: 109.6秒 (1.8分钟)

============================================================
📊 验证决策: Epoch 135/200
   验证间隔: 1
   是否验证: ✅ 是
   原因: 达到验证间隔 (0 == 0)
============================================================

🔍 开始验证...
验证进度: 500/686 损失=0.2114
验证进度: 686/686 损失=2.0174

📊 预测分布分析:
  - 预测的前5个类别: {np.int64(0): 283014, np.int64(1): 37086, np.int64(2): 14744, np.int64(3): 10847, np.int64(4): 8931}
  - 标签的前5个类别: {np.int64(0): 281232, np.int64(1): 36731, np.int64(2): 14789, np.int64(3): 10866, np.int64(4): 8585}
✅ 验证完成，耗时: 4.8秒 (0.1分钟)
训练损失: 0.0053
验证损失: 0.5272
验证准确率: 0.9691 (10625/10964) - 与Levenshtein高度相关
验证F1(加权): 0.9683 - 类别平衡更好
学习率: 0.000025
显存使用: 0.48GB (预留: 0.69GB)

生成的训练样本:
--------------------------------------------------------------------------------
输入:       SGJ>T> WL> LBRJVWNJ> DL> NSBWN GBR> SGJ>>
目标:     0 0 0 0 2 23 0 0 1 0 0 0 1 0 0 0 0 0 0 11 0 0 1 0 0 0 34 0 3 0 0 0 0 0 11 0 0 0 0 0 11 0
预测:     0 0 0 0 2 23 0 0 1 0 0 0 1 0 0 0 0 0 0 11 0 0 1 0 0 0 34 0 3 0 0 0 0 0 11 0 0 0 0 0 11 0
准确率:    1.0000 (42/42)
----------------------------------------
输入:       B>WRX> WSLQW MN MYRJN W>TW L>R<> DKN<N
目标:     0 1 0 0 0 4 0 0 1 0 0 3 0 0 0 0 0 0 0 0 0 2 0 1 0 18 0 0 1 0 0 4 0 0 1 0 0 0 2
预测:     0 1 0 0 0 4 0 0 1 0 0 3 0 0 0 0 0 0 0 0 0 2 0 1 0 18 0 0 1 0 0 4 0 0 1 0 0 0 2
准确率:    1.0000 (39/39)
----------------------------------------
输入:       XWV> DTKLT> LMHW> <L MYNPT> MN L<L
目标:     0 0 0 4 0 0 1 0 0 13 9 0 0 1 6 0 10 7 0 0 0 0 0 0 0 13 9 0 0 0 0 0 1 0 0
预测:     0 0 0 4 0 0 1 0 0 13 9 0 0 1 6 0 10 7 0 0 0 0 0 0 0 13 9 0 0 0 0 0 1 0 0
准确率:    1.0000 (35/35)
----------------------------------------

生成的验证样本:
--------------------------------------------------------------------------------
输入:       KLH NPCHWN B>R<> DB<LDBBJHWN DCBW >NWN WNYLWN
目标:     0 0 5 12 0 0 0 5 0 0 0 0 1 0 0 4 0 0 1 0 0 0 0 0 2 1 0 0 0 0 1 0 18 0 0 0 0 0 0 0 1 6 0 18 0 19
预测:     0 0 5 12 0 0 0 5 0 0 0 0 1 0 0 4 0 0 1 0 0 0 0 0 2 1 0 0 0 0 1 0 18 0 0 0 0 0 0 0 1 6 0 18 0 19
准确率:    1.0000 (46/46)
----------------------------------------
输入:       NPCHWN B>R<> DB<LDBBJHWN DCBW >NWN WNYLWN QDMJK
目标:     0 0 0 5 0 0 0 0 1 0 0 4 0 0 1 0 0 0 0 0 2 1 0 0 0 0 1 0 18 0 0 0 0 0 0 0 1 6 0 18 0 19 0 0 0 2 1 0
预测:     0 0 0 5 0 0 0 0 1 0 0 4 0 0 1 0 0 0 0 0 2 1 0 0 0 0 1 0 18 0 0 0 0 0 0 0 1 6 0 18 0 19 0 0 0 2 1 0
准确率:    1.0000 (48/48)
----------------------------------------
⏳ 验证无提升 (验证准确率: 0.9691 ≤ 0.9695)，patience: 6/50

======================================================================
🚀 Epoch 136/200
======================================================================
📚 开始训练阶段...
训练进度: 500/6065 损失=0.0091
训练进度: 1000/6065 损失=0.0054
训练进度: 1500/6065 损失=0.0028
训练进度: 2000/6065 损失=0.0003
训练进度: 2500/6065 损失=0.0024
训练进度: 3000/6065 损失=0.0007
训练进度: 3500/6065 损失=0.0104
训练进度: 4000/6065 损失=0.0080
训练进度: 4500/6065 损失=0.0014
训练进度: 5000/6065 损失=0.0008
训练进度: 5500/6065 损失=0.0014
训练进度: 6000/6065 损失=0.0050
训练进度: 6065/6065 损失=0.0068
✅ 训练完成，耗时: 109.3秒 (1.8分钟)

============================================================
📊 验证决策: Epoch 136/200
   验证间隔: 1
   是否验证: ✅ 是
   原因: 达到验证间隔 (0 == 0)
============================================================

🔍 开始验证...
验证进度: 500/686 损失=0.1168
验证进度: 686/686 损失=2.1208

📊 预测分布分析:
  - 预测的前5个类别: {np.int64(0): 283197, np.int64(1): 37052, np.int64(2): 14691, np.int64(3): 10827, np.int64(4): 8807}
  - 标签的前5个类别: {np.int64(0): 281232, np.int64(1): 36731, np.int64(2): 14789, np.int64(3): 10866, np.int64(4): 8585}
✅ 验证完成，耗时: 4.9秒 (0.1分钟)
训练损失: 0.0052
验证损失: 0.5303
验证准确率: 0.9693 (10627/10964) - 与Levenshtein高度相关
验证F1(加权): 0.9685 - 类别平衡更好
学习率: 0.000024
显存使用: 0.47GB (预留: 0.69GB)

生成的训练样本:
--------------------------------------------------------------------------------
输入:       >NT LMMN> <PR> D>R<> >P ZR<K NTMN>
目标:     0 0 0 0 0 1 6 0 10 7 0 0 0 4 0 0 1 0 0 4 0 0 0 0 0 0 0 5 0 0 21 14 0 10 3
预测:     0 0 0 0 0 1 6 0 10 7 0 0 0 4 0 0 1 0 0 4 0 0 0 0 0 0 0 5 0 0 21 14 0 10 3
准确率:    1.0000 (35/35)
----------------------------------------
输入:       CNJN W>WLD LLMK WXJ> MTWCLX MN BTR
目标:     0 0 13 0 0 0 1 50 0 0 3 0 1 0 0 2 0 1 0 10 3 0 0 0 0 0 0 2 0 0 0 0 0 0 0
预测:     0 0 13 0 0 0 1 50 0 0 3 0 1 0 0 2 0 1 0 10 3 0 0 0 0 0 0 2 0 0 0 0 0 0 0
准确率:    1.0000 (35/35)
----------------------------------------
输入:       C>LT >N TXZJNJ KD MTDBR >N> MNK
目标:     0 0 0 3 12 0 0 0 0 6 0 0 29 0 0 0 0 0 0 21 14 0 0 41 0 0 0 0 0 0 1 0
预测:     0 0 0 3 12 0 0 0 0 6 0 0 29 0 0 0 0 0 0 21 14 0 0 41 0 0 0 0 0 0 1 0
准确率:    1.0000 (32/32)
----------------------------------------

生成的验证样本:
--------------------------------------------------------------------------------
输入:       KLH NPCHWN B>R<> DB<LDBBJHWN DCBW >NWN WNYLWN
目标:     0 0 5 12 0 0 0 5 0 0 0 0 1 0 0 4 0 0 1 0 0 0 0 0 2 1 0 0 0 0 1 0 18 0 0 0 0 0 0 0 1 6 0 18 0 19
预测:     0 0 5 12 0 0 0 5 0 0 0 0 1 0 0 4 0 0 1 0 0 0 0 0 2 1 0 0 0 0 1 0 18 0 0 0 0 0 0 0 1 6 0 18 0 19
准确率:    1.0000 (46/46)
----------------------------------------
输入:       NPCHWN B>R<> DB<LDBBJHWN DCBW >NWN WNYLWN QDMJK
目标:     0 0 0 5 0 0 0 0 1 0 0 4 0 0 1 0 0 0 0 0 2 1 0 0 0 0 1 0 18 0 0 0 0 0 0 0 1 6 0 18 0 19 0 0 0 2 1 0
预测:     0 0 0 5 0 0 0 0 1 0 0 4 0 0 1 0 0 0 0 0 2 1 0 0 0 0 1 0 18 0 0 0 0 0 0 0 1 6 0 18 0 19 0 0 0 2 1 0
准确率:    1.0000 (48/48)
----------------------------------------
⏳ 验证无提升 (验证准确率: 0.9693 ≤ 0.9695)，patience: 7/50

======================================================================
🚀 Epoch 137/200
======================================================================
📚 开始训练阶段...
训练进度: 500/6065 损失=0.0046
训练进度: 1000/6065 损失=0.0041
训练进度: 1500/6065 损失=0.0149
训练进度: 2000/6065 损失=0.0003
训练进度: 2500/6065 损失=0.0018
训练进度: 3000/6065 损失=0.0009
训练进度: 3500/6065 损失=0.0032
训练进度: 4000/6065 损失=0.0007
训练进度: 4500/6065 损失=0.0009
训练进度: 5000/6065 损失=0.0100
训练进度: 5500/6065 损失=0.0003
训练进度: 6000/6065 损失=0.0126
训练进度: 6065/6065 损失=0.0007
✅ 训练完成，耗时: 109.3秒 (1.8分钟)

============================================================
📊 验证决策: Epoch 137/200
   验证间隔: 1
   是否验证: ✅ 是
   原因: 达到验证间隔 (0 == 0)
============================================================

🔍 开始验证...
验证进度: 500/686 损失=0.2775
验证进度: 686/686 损失=2.0582

📊 预测分布分析:
  - 预测的前5个类别: {np.int64(0): 283143, np.int64(1): 37119, np.int64(2): 14691, np.int64(3): 10804, np.int64(4): 8943}
  - 标签的前5个类别: {np.int64(0): 281232, np.int64(1): 36731, np.int64(2): 14789, np.int64(3): 10866, np.int64(4): 8585}
✅ 验证完成，耗时: 4.9秒 (0.1分钟)
训练损失: 0.0052
验证损失: 0.5302
验证准确率: 0.9692 (10626/10964) - 与Levenshtein高度相关
验证F1(加权): 0.9683 - 类别平衡更好
学习率: 0.000023
显存使用: 0.48GB (预留: 0.69GB)

生成的训练样本:
--------------------------------------------------------------------------------
输入:       ZKL LG<L WL>XWHJ DL> NTBWN BCKJM WHW>
目标:     0 0 0 2 0 1 0 0 2 0 1 1 0 25 1 0 0 0 1 0 0 0 52 0 3 0 0 0 1 0 0 0 2 0 1 0 10 3
预测:     0 0 0 2 0 1 0 0 2 0 1 1 0 25 1 0 0 0 1 0 0 0 52 0 3 0 0 0 1 0 0 0 2 0 1 0 10 3
准确率:    1.0000 (38/38)
----------------------------------------
输入:       >TDKR D<DM> LMWT> >NC L> ZK> >RXQ
目标:     6 0 14 0 0 3 0 1 0 0 0 0 0 1 0 0 15 0 0 0 0 2 0 0 0 0 0 10 7 6 17 0 0 3
预测:     6 0 14 0 0 3 0 1 0 0 0 0 0 1 0 0 15 0 0 0 0 2 0 0 0 0 0 10 7 6 17 0 0 3
准确率:    1.0000 (34/34)
----------------------------------------
输入:       BTRTJN DR> DBJTH DMRJ> <QR MLK> WRHV
目标:     0 1 0 2 0 0 0 0 0 61 0 0 1 0 0 5 0 0 1 0 0 0 2 0 0 0 3 0 0 0 4 0 0 1 0 0 3
预测:     0 1 0 2 0 0 0 0 0 61 0 0 1 0 0 5 0 0 1 0 0 0 2 0 0 0 3 0 0 0 4 0 0 1 0 0 3
准确率:    1.0000 (37/37)
----------------------------------------

生成的验证样本:
--------------------------------------------------------------------------------
输入:       KLH NPCHWN B>R<> DB<LDBBJHWN DCBW >NWN WNYLWN
目标:     0 0 5 12 0 0 0 5 0 0 0 0 1 0 0 4 0 0 1 0 0 0 0 0 2 1 0 0 0 0 1 0 18 0 0 0 0 0 0 0 1 6 0 18 0 19
预测:     0 0 5 12 0 0 0 5 0 0 0 0 1 0 0 4 0 0 1 0 0 0 0 0 2 1 0 0 0 0 1 0 18 0 0 0 0 0 0 0 1 6 0 18 0 19
准确率:    1.0000 (46/46)
----------------------------------------
输入:       NPCHWN B>R<> DB<LDBBJHWN DCBW >NWN WNYLWN QDMJK
目标:     0 0 0 5 0 0 0 0 1 0 0 4 0 0 1 0 0 0 0 0 2 1 0 0 0 0 1 0 18 0 0 0 0 0 0 0 1 6 0 18 0 19 0 0 0 2 1 0
预测:     0 0 0 5 0 0 0 0 1 0 0 4 0 0 1 0 0 0 0 0 2 1 0 0 0 0 1 0 18 0 0 0 0 0 0 0 1 6 0 18 0 19 0 0 0 2 1 0
准确率:    1.0000 (48/48)
----------------------------------------
⏳ 验证无提升 (验证准确率: 0.9692 ≤ 0.9695)，patience: 8/50

======================================================================
🚀 Epoch 138/200
======================================================================
📚 开始训练阶段...
训练进度: 500/6065 损失=0.0027
训练进度: 1000/6065 损失=0.0006
训练进度: 1500/6065 损失=0.0029
训练进度: 2000/6065 损失=0.0001
训练进度: 2500/6065 损失=0.0003
训练进度: 3000/6065 损失=0.0009
训练进度: 3500/6065 损失=0.0041
训练进度: 4000/6065 损失=0.0031
训练进度: 4500/6065 损失=0.0012
训练进度: 5000/6065 损失=0.0002
训练进度: 5500/6065 损失=0.0147
训练进度: 6000/6065 损失=0.0008
训练进度: 6065/6065 损失=0.0044
✅ 训练完成，耗时: 109.3秒 (1.8分钟)

============================================================
📊 验证决策: Epoch 138/200
   验证间隔: 1
   是否验证: ✅ 是
   原因: 达到验证间隔 (0 == 0)
============================================================

🔍 开始验证...
验证进度: 500/686 损失=0.4860
验证进度: 686/686 损失=2.1641

📊 预测分布分析:
  - 预测的前5个类别: {np.int64(0): 283168, np.int64(1): 37103, np.int64(2): 14723, np.int64(3): 10779, np.int64(4): 8838}
  - 标签的前5个类别: {np.int64(0): 281232, np.int64(1): 36731, np.int64(2): 14789, np.int64(3): 10866, np.int64(4): 8585}
✅ 验证完成，耗时: 4.9秒 (0.1分钟)
训练损失: 0.0051
验证损失: 0.5374
验证准确率: 0.9691 (10625/10964) - 与Levenshtein高度相关
验证F1(加权): 0.9683 - 类别平衡更好
学习率: 0.000023
显存使用: 0.47GB (预留: 0.69GB)

生成的训练样本:
--------------------------------------------------------------------------------
输入:       LHWN WXJ> NWX MN BTR VWPN> TLTM>>
目标:     0 1 0 0 0 0 1 0 10 3 0 0 0 22 0 0 0 0 0 0 0 0 0 0 0 4 0 0 0 0 5 0 0 2
预测:     0 1 0 0 0 0 1 0 10 3 0 0 0 22 0 0 0 0 0 0 0 0 0 0 0 4 0 0 0 0 5 0 0 2
准确率:    1.0000 (34/34)
----------------------------------------
输入:       >STRD KD QRBJN <LJ MB>CN> LM>KL BSRJ
目标:     0 45 79 0 0 16 0 0 0 0 0 0 7 0 0 0 0 1 0 0 0 0 0 0 11 0 0 1 6 0 0 7 0 0 0 5 0
预测:     0 45 79 0 0 16 0 0 0 0 0 0 7 0 0 0 0 1 0 0 0 0 0 0 11 0 0 1 6 0 0 7 0 0 0 5 0
准确率:    1.0000 (37/37)
----------------------------------------
输入:       W>T> MWC> W>MR KLHWN PTGM> DTCBWXT> HD>
目标:     0 1 0 10 3 0 0 0 0 2 0 1 0 0 3 0 0 5 0 0 0 0 0 0 0 11 0 0 1 0 0 8 0 13 9 0 0 0 0 0
预测:     0 1 0 10 3 0 0 0 0 2 0 1 0 0 3 0 0 5 0 0 0 0 0 0 0 11 0 0 1 0 0 8 0 13 9 0 0 0 0 0
准确率:    1.0000 (40/40)
----------------------------------------

生成的验证样本:
--------------------------------------------------------------------------------
输入:       KLH NPCHWN B>R<> DB<LDBBJHWN DCBW >NWN WNYLWN
目标:     0 0 5 12 0 0 0 5 0 0 0 0 1 0 0 4 0 0 1 0 0 0 0 0 2 1 0 0 0 0 1 0 18 0 0 0 0 0 0 0 1 6 0 18 0 19
预测:     0 0 5 12 0 0 0 5 0 0 0 0 1 0 0 4 0 0 1 0 0 0 0 0 2 1 0 0 0 0 1 0 18 0 0 0 0 0 0 0 1 6 0 18 0 19
准确率:    1.0000 (46/46)
----------------------------------------
输入:       NPCHWN B>R<> DB<LDBBJHWN DCBW >NWN WNYLWN QDMJK
目标:     0 0 0 5 0 0 0 0 1 0 0 4 0 0 1 0 0 0 0 0 2 1 0 0 0 0 1 0 18 0 0 0 0 0 0 0 1 6 0 18 0 19 0 0 0 2 1 0
预测:     0 0 0 5 0 0 0 0 1 0 0 4 0 0 1 0 0 0 0 0 2 1 0 0 0 0 1 0 18 0 0 0 0 0 0 0 1 6 0 18 0 19 0 0 0 2 1 0
准确率:    1.0000 (48/48)
----------------------------------------
⏳ 验证无提升 (验证准确率: 0.9691 ≤ 0.9695)，patience: 9/50

======================================================================
🚀 Epoch 139/200
======================================================================
📚 开始训练阶段...
训练进度: 500/6065 损失=0.0061
训练进度: 1000/6065 损失=0.0009
训练进度: 1500/6065 损失=0.0216
训练进度: 2000/6065 损失=0.0062
训练进度: 2500/6065 损失=0.0210
训练进度: 3000/6065 损失=0.0003
训练进度: 3500/6065 损失=0.0274
训练进度: 4000/6065 损失=0.0028
训练进度: 4500/6065 损失=0.0037
训练进度: 5000/6065 损失=0.0030
训练进度: 5500/6065 损失=0.0003
训练进度: 6000/6065 损失=0.0067
训练进度: 6065/6065 损失=0.0005
✅ 训练完成，耗时: 109.4秒 (1.8分钟)

============================================================
📊 验证决策: Epoch 139/200
   验证间隔: 1
   是否验证: ✅ 是
   原因: 达到验证间隔 (0 == 0)
============================================================

🔍 开始验证...
验证进度: 500/686 损失=0.3313
验证进度: 686/686 损失=2.1731

📊 预测分布分析:
  - 预测的前5个类别: {np.int64(0): 283152, np.int64(1): 37077, np.int64(2): 14664, np.int64(3): 10786, np.int64(4): 8883}
  - 标签的前5个类别: {np.int64(0): 281232, np.int64(1): 36731, np.int64(2): 14789, np.int64(3): 10866, np.int64(4): 8585}
✅ 验证完成，耗时: 4.8秒 (0.1分钟)
训练损失: 0.0049
验证损失: 0.5420
验证准确率: 0.9688 (10621/10964) - 与Levenshtein高度相关
验证F1(加权): 0.9680 - 类别平衡更好
学习率: 0.000022
显存使用: 0.48GB (预留: 0.69GB)

生成的训练样本:
--------------------------------------------------------------------------------
输入:       D>MR LH WGB> MWC> GBR> DXJL> MN
目标:     0 1 0 0 3 0 1 0 0 1 0 10 3 0 0 0 0 2 0 0 0 11 0 0 1 0 0 4 0 0 0 0
预测:     0 1 0 0 3 0 1 0 0 1 0 10 3 0 0 0 0 2 0 0 0 11 0 0 1 0 0 4 0 0 0 0
准确率:    1.0000 (32/32)
----------------------------------------
输入:       KL JWMWHJ D>NWC TC<M>> WXMC CNJN WMJT
目标:     0 0 2 0 0 0 25 1 0 0 0 1 0 0 0 2 0 0 0 5 0 0 2 0 1 0 0 2 0 0 13 0 0 0 1 20 0 3
预测:     0 0 2 0 0 0 25 1 0 0 0 1 0 0 0 2 0 0 0 5 0 0 2 0 1 0 0 2 0 0 13 0 0 0 1 20 0 3
准确率:    1.0000 (38/38)
----------------------------------------
输入:       DNPQJN MN SVRJH TLT> QNJ MNRT> MN
目标:     0 1 0 0 7 0 0 0 0 0 0 0 0 2 1 12 0 0 0 2 0 0 0 108 0 0 0 0 13 9 0 0 0 0
预测:     0 1 0 0 7 0 0 0 0 0 0 0 0 2 1 12 0 0 0 2 0 0 0 108 0 0 0 0 13 9 0 0 0 0
准确率:    1.0000 (34/34)
----------------------------------------

生成的验证样本:
--------------------------------------------------------------------------------
输入:       KLH NPCHWN B>R<> DB<LDBBJHWN DCBW >NWN WNYLWN
目标:     0 0 5 12 0 0 0 5 0 0 0 0 1 0 0 4 0 0 1 0 0 0 0 0 2 1 0 0 0 0 1 0 18 0 0 0 0 0 0 0 1 6 0 18 0 19
预测:     0 0 5 12 0 0 0 5 0 0 0 0 1 0 0 4 0 0 1 0 0 0 0 0 2 1 0 0 0 0 1 0 18 0 0 0 0 0 0 0 1 6 0 18 0 19
准确率:    1.0000 (46/46)
----------------------------------------
输入:       NPCHWN B>R<> DB<LDBBJHWN DCBW >NWN WNYLWN QDMJK
目标:     0 0 0 5 0 0 0 0 1 0 0 4 0 0 1 0 0 0 0 0 2 1 0 0 0 0 1 0 18 0 0 0 0 0 0 0 1 6 0 18 0 19 0 0 0 2 1 0
预测:     0 0 0 5 0 0 0 0 1 0 0 4 0 0 1 0 0 0 0 0 2 1 0 0 0 0 1 0 18 0 0 0 0 0 0 0 1 6 0 18 0 19 0 0 0 2 1 0
准确率:    1.0000 (48/48)
----------------------------------------
⏳ 验证无提升 (验证准确率: 0.9688 ≤ 0.9695)，patience: 10/50

======================================================================
🚀 Epoch 140/200
======================================================================
📚 开始训练阶段...
训练进度: 500/6065 损失=0.0066
训练进度: 1000/6065 损失=0.0033
训练进度: 1500/6065 损失=0.0037
训练进度: 2000/6065 损失=0.0055
训练进度: 2500/6065 损失=0.0001
训练进度: 3000/6065 损失=0.0043
训练进度: 3500/6065 损失=0.0098
训练进度: 4000/6065 损失=0.0291
训练进度: 4500/6065 损失=0.0047
训练进度: 5000/6065 损失=0.0035
训练进度: 5500/6065 损失=0.0042
训练进度: 6000/6065 损失=0.0031
训练进度: 6065/6065 损失=0.0034
✅ 训练完成，耗时: 109.4秒 (1.8分钟)

============================================================
📊 验证决策: Epoch 140/200
   验证间隔: 1
   是否验证: ✅ 是
   原因: 达到验证间隔 (0 == 0)
============================================================

🔍 开始验证...
验证进度: 500/686 损失=0.2697
验证进度: 686/686 损失=2.1777

📊 预测分布分析:
  - 预测的前5个类别: {np.int64(0): 283226, np.int64(1): 37078, np.int64(2): 14718, np.int64(3): 10788, np.int64(4): 8926}
  - 标签的前5个类别: {np.int64(0): 281232, np.int64(1): 36731, np.int64(2): 14789, np.int64(3): 10866, np.int64(4): 8585}
✅ 验证完成，耗时: 4.9秒 (0.1分钟)
训练损失: 0.0049
验证损失: 0.5417
验证准确率: 0.9694 (10628/10964) - 与Levenshtein高度相关
验证F1(加权): 0.9685 - 类别平衡更好
学习率: 0.000022
显存使用: 0.48GB (预留: 0.69GB)

生成的训练样本:
--------------------------------------------------------------------------------
输入:       WXWJW LCM<J W>MRW LH H> <BDJK BGT
目标:     0 1 0 0 3 19 0 1 0 0 0 2 0 1 0 0 3 0 0 1 0 0 0 0 0 0 0 22 1 0 0 1 0 2
预测:     0 1 0 0 3 19 0 1 0 0 0 2 0 1 0 0 3 0 0 1 0 0 0 0 0 0 0 22 1 0 0 1 0 2
准确率:    1.0000 (34/34)
----------------------------------------
输入:       W>JSRJL SGJ>JN >JK XL> D<L SPT JM>
目标:     0 1 0 0 0 0 0 2 0 0 0 0 2 0 0 0 0 0 0 0 0 4 0 0 1 0 0 0 0 13 0 0 0 4 0
预测:     0 1 0 0 0 0 0 2 0 0 0 0 2 0 0 0 0 0 0 0 0 4 0 0 1 0 0 0 0 13 0 0 0 4 0
准确率:    1.0000 (35/35)
----------------------------------------
输入:       RWRBN> D>LJPZ B>R<> D>DWM HLJN BNJH D<D>
目标:     0 0 0 0 0 11 0 0 1 0 0 0 0 2 0 1 0 0 4 0 0 1 0 0 0 2 0 0 0 0 0 0 0 2 1 12 0 1 0 0 22
预测:     0 0 0 0 0 11 0 0 1 0 0 0 0 2 0 1 0 0 4 0 0 1 0 0 0 2 0 0 0 0 0 0 0 2 1 12 0 1 0 0 22
准确率:    1.0000 (41/41)
----------------------------------------

生成的验证样本:
--------------------------------------------------------------------------------
输入:       KLH NPCHWN B>R<> DB<LDBBJHWN DCBW >NWN WNYLWN
目标:     0 0 5 12 0 0 0 5 0 0 0 0 1 0 0 4 0 0 1 0 0 0 0 0 2 1 0 0 0 0 1 0 18 0 0 0 0 0 0 0 1 6 0 18 0 19
预测:     0 0 5 12 0 0 0 5 0 0 0 0 1 0 0 4 0 0 1 0 0 0 0 0 2 1 0 0 0 0 1 0 18 0 0 0 0 0 0 0 1 6 0 18 0 19
准确率:    1.0000 (46/46)
----------------------------------------
输入:       NPCHWN B>R<> DB<LDBBJHWN DCBW >NWN WNYLWN QDMJK
目标:     0 0 0 5 0 0 0 0 1 0 0 4 0 0 1 0 0 0 0 0 2 1 0 0 0 0 1 0 18 0 0 0 0 0 0 0 1 6 0 18 0 19 0 0 0 2 1 0
预测:     0 0 0 5 0 0 0 0 1 0 0 4 0 0 1 0 0 0 0 0 2 1 0 0 0 0 1 0 18 0 0 0 0 0 0 0 1 6 0 18 0 19 0 0 0 2 1 0
准确率:    1.0000 (48/48)
----------------------------------------
⏳ 验证无提升 (验证准确率: 0.9694 ≤ 0.9695)，patience: 11/50

======================================================================
🚀 Epoch 141/200
======================================================================
📚 开始训练阶段...
训练进度: 500/6065 损失=0.0014
训练进度: 1000/6065 损失=0.0097
训练进度: 1500/6065 损失=0.0004
训练进度: 2000/6065 损失=0.0005
训练进度: 2500/6065 损失=0.0168
训练进度: 3000/6065 损失=0.0011
训练进度: 3500/6065 损失=0.0073
训练进度: 4000/6065 损失=0.0149
训练进度: 4500/6065 损失=0.0002
训练进度: 5000/6065 损失=0.0023
训练进度: 5500/6065 损失=0.0022
训练进度: 6000/6065 损失=0.0014
训练进度: 6065/6065 损失=0.0331
✅ 训练完成，耗时: 109.5秒 (1.8分钟)

============================================================
📊 验证决策: Epoch 141/200
   验证间隔: 1
   是否验证: ✅ 是
   原因: 达到验证间隔 (0 == 0)
============================================================

🔍 开始验证...
验证进度: 500/686 损失=0.3403
验证进度: 686/686 损失=2.0300

📊 预测分布分析:
  - 预测的前5个类别: {np.int64(0): 283141, np.int64(1): 37060, np.int64(2): 14664, np.int64(3): 10739, np.int64(4): 8855}
  - 标签的前5个类别: {np.int64(0): 281232, np.int64(1): 36731, np.int64(2): 14789, np.int64(3): 10866, np.int64(4): 8585}
✅ 验证完成，耗时: 4.9秒 (0.1分钟)
训练损失: 0.0047
验证损失: 0.5367
验证准确率: 0.9693 (10627/10964) - 与Levenshtein高度相关
验证F1(加权): 0.9685 - 类别平衡更好
学习率: 0.000021
显存使用: 0.48GB (预留: 0.69GB)

生成的训练样本:
--------------------------------------------------------------------------------
输入:       HLJN >MRJN LH L> N>MR MRN ML>
目标:     0 0 0 0 0 0 0 0 7 0 0 0 1 0 0 0 0 0 6 0 0 3 0 0 56 0 0 0 61 0
预测:     0 0 0 0 0 0 0 0 7 0 0 0 1 0 0 0 0 0 6 0 0 3 0 0 56 0 0 0 61 0
准确率:    1.0000 (30/30)
----------------------------------------
输入:       H> MRJ L> JD< <MJ MN> >JT
目标:     0 0 0 0 0 56 0 0 0 0 0 0 0 7 0 0 1 0 0 0 0 0 0 0 0 24
预测:     0 0 0 0 0 56 0 0 0 0 0 0 0 7 0 0 1 0 0 0 0 0 0 0 0 24
准确率:    1.0000 (26/26)
----------------------------------------
输入:       GJR DMN L> MDM >JKN> >P WKM>
目标:     0 0 0 0 0 1 0 0 0 0 0 0 0 0 2 0 0 0 0 8 0 0 0 0 0 1 0 0 0
预测:     0 0 0 0 0 1 0 0 0 0 0 0 0 0 2 0 0 0 0 8 0 0 0 0 0 1 0 0 0
准确率:    1.0000 (29/29)
----------------------------------------

生成的验证样本:
--------------------------------------------------------------------------------
输入:       KLH NPCHWN B>R<> DB<LDBBJHWN DCBW >NWN WNYLWN
目标:     0 0 5 12 0 0 0 5 0 0 0 0 1 0 0 4 0 0 1 0 0 0 0 0 2 1 0 0 0 0 1 0 18 0 0 0 0 0 0 0 1 6 0 18 0 19
预测:     0 0 5 12 0 0 0 5 0 0 0 0 1 0 0 4 0 0 1 0 0 0 0 0 2 1 0 0 0 0 1 0 18 0 0 0 0 0 0 0 1 6 0 18 0 19
准确率:    1.0000 (46/46)
----------------------------------------
输入:       NPCHWN B>R<> DB<LDBBJHWN DCBW >NWN WNYLWN QDMJK
目标:     0 0 0 5 0 0 0 0 1 0 0 4 0 0 1 0 0 0 0 0 2 1 0 0 0 0 1 0 18 0 0 0 0 0 0 0 1 6 0 18 0 19 0 0 0 2 1 0
预测:     0 0 0 5 0 0 0 0 1 0 0 4 0 0 1 0 0 0 0 0 2 1 0 0 0 0 1 0 18 0 0 0 0 0 0 0 1 6 0 18 0 19 0 0 0 2 1 0
准确率:    1.0000 (48/48)
----------------------------------------
⏳ 验证无提升 (验证准确率: 0.9693 ≤ 0.9695)，patience: 12/50

======================================================================
🚀 Epoch 142/200
======================================================================
📚 开始训练阶段...
训练进度: 500/6065 损失=0.0145
训练进度: 1000/6065 损失=0.0003
训练进度: 1500/6065 损失=0.0004
训练进度: 2000/6065 损失=0.0009
训练进度: 2500/6065 损失=0.0028
训练进度: 3000/6065 损失=0.0003
训练进度: 3500/6065 损失=0.0002
训练进度: 4000/6065 损失=0.0083
训练进度: 4500/6065 损失=0.0032
训练进度: 5000/6065 损失=0.0033
训练进度: 5500/6065 损失=0.0029
训练进度: 6000/6065 损失=0.0005
训练进度: 6065/6065 损失=0.0032
✅ 训练完成，耗时: 109.5秒 (1.8分钟)

============================================================
📊 验证决策: Epoch 142/200
   验证间隔: 1
   是否验证: ✅ 是
   原因: 达到验证间隔 (0 == 0)
============================================================

🔍 开始验证...
验证进度: 500/686 损失=0.4710
验证进度: 686/686 损失=2.1241

📊 预测分布分析:
  - 预测的前5个类别: {np.int64(0): 283238, np.int64(1): 37090, np.int64(2): 14691, np.int64(3): 10760, np.int64(4): 8964}
  - 标签的前5个类别: {np.int64(0): 281232, np.int64(1): 36731, np.int64(2): 14789, np.int64(3): 10866, np.int64(4): 8585}
✅ 验证完成，耗时: 4.8秒 (0.1分钟)
训练损失: 0.0045
验证损失: 0.5502
验证准确率: 0.9691 (10625/10964) - 与Levenshtein高度相关
验证F1(加权): 0.9683 - 类别平衡更好
学习率: 0.000020
显存使用: 0.48GB (预留: 0.69GB)

生成的训练样本:
--------------------------------------------------------------------------------
输入:       HWW DJWM> <LJHWN <RB HW> W>N XCKT
目标:     0 0 18 0 0 1 0 0 4 0 0 0 8 1 0 0 0 0 0 0 7 0 0 10 3 0 1 0 0 0 0 0 33 26
预测:     0 0 18 0 0 1 0 0 4 0 0 0 8 1 0 0 0 0 0 0 7 0 0 10 3 0 1 0 0 0 0 0 33 26
准确率:    1.0000 (34/34)
----------------------------------------
输入:       BRH <WL <L >NTT >XWK WJBMJH W>QJM
目标:     0 0 5 0 6 8 0 53 0 0 0 0 0 0 13 0 0 0 8 5 0 0 1 0 0 125 67 12 0 1 17 20 0 3
预测:     0 0 5 0 6 8 0 53 0 0 0 0 0 0 13 0 0 0 8 5 0 0 1 0 0 125 67 12 0 1 17 20 0 3
准确率:    1.0000 (34/34)
----------------------------------------
输入:       WCRK> DPTGMWHJ D<WZJ> WKLMDM D<BD H> KTJBJN
目标:     0 1 0 0 4 0 0 1 0 0 0 25 1 0 0 0 1 0 0 0 0 2 0 1 0 5 0 0 2 0 1 0 0 3 0 0 0 0 0 8 0 7 0 27
预测:     0 1 0 0 4 0 0 1 0 0 0 25 1 0 0 0 1 0 0 0 0 2 0 1 0 5 0 0 2 0 1 0 0 3 0 0 0 0 0 8 0 7 0 27
准确率:    1.0000 (44/44)
----------------------------------------

生成的验证样本:
--------------------------------------------------------------------------------
输入:       KLH NPCHWN B>R<> DB<LDBBJHWN DCBW >NWN WNYLWN
目标:     0 0 5 12 0 0 0 5 0 0 0 0 1 0 0 4 0 0 1 0 0 0 0 0 2 1 0 0 0 0 1 0 18 0 0 0 0 0 0 0 1 6 0 18 0 19
预测:     0 0 5 12 0 0 0 5 0 0 0 0 1 0 0 4 0 0 1 0 0 0 0 0 2 1 0 0 0 0 1 0 18 0 0 0 0 0 0 0 1 6 0 18 0 19
准确率:    1.0000 (46/46)
----------------------------------------
输入:       NPCHWN B>R<> DB<LDBBJHWN DCBW >NWN WNYLWN QDMJK
目标:     0 0 0 5 0 0 0 0 1 0 0 4 0 0 1 0 0 0 0 0 2 1 0 0 0 0 1 0 18 0 0 0 0 0 0 0 1 6 0 18 0 19 0 0 0 2 1 0
预测:     0 0 0 5 0 0 0 0 1 0 0 4 0 0 1 0 0 0 0 0 2 1 0 0 0 0 1 0 18 0 0 0 0 0 0 0 1 6 0 18 0 19 0 0 0 2 1 0
准确率:    1.0000 (48/48)
----------------------------------------
⏳ 验证无提升 (验证准确率: 0.9691 ≤ 0.9695)，patience: 13/50

======================================================================
🚀 Epoch 143/200
======================================================================
📚 开始训练阶段...
训练进度: 500/6065 损失=0.0173
训练进度: 1000/6065 损失=0.0028
训练进度: 1500/6065 损失=0.0003
训练进度: 2000/6065 损失=0.0013
训练进度: 2500/6065 损失=0.0111
训练进度: 3000/6065 损失=0.0062
训练进度: 3500/6065 损失=0.0169
训练进度: 4000/6065 损失=0.0005
训练进度: 4500/6065 损失=0.0096
训练进度: 5000/6065 损失=0.0096
训练进度: 5500/6065 损失=0.0005
训练进度: 6000/6065 损失=0.0025
训练进度: 6065/6065 损失=0.0008
✅ 训练完成，耗时: 109.2秒 (1.8分钟)

============================================================
📊 验证决策: Epoch 143/200
   验证间隔: 1
   是否验证: ✅ 是
   原因: 达到验证间隔 (0 == 0)
============================================================

🔍 开始验证...
验证进度: 500/686 损失=0.3934
验证进度: 686/686 损失=2.0920

📊 预测分布分析:
  - 预测的前5个类别: {np.int64(0): 283295, np.int64(1): 37082, np.int64(2): 14693, np.int64(3): 10728, np.int64(4): 8914}
  - 标签的前5个类别: {np.int64(0): 281232, np.int64(1): 36731, np.int64(2): 14789, np.int64(3): 10866, np.int64(4): 8585}
✅ 验证完成，耗时: 4.9秒 (0.1分钟)
训练损失: 0.0045
验证损失: 0.5525
验证准确率: 0.9691 (10625/10964) - 与Levenshtein高度相关
验证F1(加权): 0.9682 - 类别平衡更好
学习率: 0.000020
显存使用: 0.48GB (预留: 0.69GB)

生成的训练样本:
--------------------------------------------------------------------------------
输入:       DJLJ >JTJK >NT MVL D<L VBT> DJLJ
目标:     0 0 0 1 0 0 0 0 0 5 0 0 0 0 0 0 0 0 0 0 1 0 0 0 0 2 23 0 0 0 0 1 0
预测:     0 0 0 1 0 0 0 0 0 5 0 0 0 0 0 0 0 0 0 0 1 0 0 0 0 2 23 0 0 0 0 1 0
准确率:    1.0000 (33/33)
----------------------------------------
输入:       SBR> W>TNXM KRK> MJT> LBC JWNN XC>
目标:     0 0 0 15 0 0 1 0 14 0 0 16 0 0 0 15 0 0 20 0 43 0 0 0 0 3 0 0 0 0 2 0 0 4 0
预测:     0 0 0 15 0 0 1 0 14 0 0 16 0 0 0 15 0 0 20 0 43 0 0 0 0 3 0 0 0 0 2 0 0 4 0
准确率:    1.0000 (35/35)
----------------------------------------
输入:       >BHJN MVL DTTBWN B>R<> DGCN MVL DMSLJN
目标:     0 0 8 2 1 0 0 0 0 0 0 1 52 0 3 0 0 0 1 0 0 4 0 0 1 0 0 2 0 0 0 0 0 1 28 0 42 0 0
预测:     0 0 8 2 1 0 0 0 0 0 0 1 52 0 3 0 0 0 1 0 0 4 0 0 1 0 0 2 0 0 0 0 0 1 28 0 42 0 0
准确率:    1.0000 (39/39)
----------------------------------------

生成的验证样本:
--------------------------------------------------------------------------------
输入:       KLH NPCHWN B>R<> DB<LDBBJHWN DCBW >NWN WNYLWN
目标:     0 0 5 12 0 0 0 5 0 0 0 0 1 0 0 4 0 0 1 0 0 0 0 0 2 1 0 0 0 0 1 0 18 0 0 0 0 0 0 0 1 6 0 18 0 19
预测:     0 0 5 12 0 0 0 5 0 0 0 0 1 0 0 4 0 0 1 0 0 0 0 0 2 1 0 0 0 0 1 0 18 0 0 0 0 0 0 0 1 6 0 18 0 19
准确率:    1.0000 (46/46)
----------------------------------------
输入:       NPCHWN B>R<> DB<LDBBJHWN DCBW >NWN WNYLWN QDMJK
目标:     0 0 0 5 0 0 0 0 1 0 0 4 0 0 1 0 0 0 0 0 2 1 0 0 0 0 1 0 18 0 0 0 0 0 0 0 1 6 0 18 0 19 0 0 0 2 1 0
预测:     0 0 0 5 0 0 0 0 1 0 0 4 0 0 1 0 0 0 0 0 2 1 0 0 0 0 1 0 18 0 0 0 0 0 0 0 1 6 0 18 0 19 0 0 0 2 1 0
准确率:    1.0000 (48/48)
----------------------------------------
⏳ 验证无提升 (验证准确率: 0.9691 ≤ 0.9695)，patience: 14/50

======================================================================
🚀 Epoch 144/200
======================================================================
📚 开始训练阶段...
训练进度: 500/6065 损失=0.0032
训练进度: 1000/6065 损失=0.0228
训练进度: 1500/6065 损失=0.0011
训练进度: 2000/6065 损失=0.0054
训练进度: 2500/6065 损失=0.0005
训练进度: 3000/6065 损失=0.0000
训练进度: 3500/6065 损失=0.0068
训练进度: 4000/6065 损失=0.0057
训练进度: 4500/6065 损失=0.0002
训练进度: 5000/6065 损失=0.0014
训练进度: 5500/6065 损失=0.0032
训练进度: 6000/6065 损失=0.0042
训练进度: 6065/6065 损失=0.0096
✅ 训练完成，耗时: 109.6秒 (1.8分钟)

============================================================
📊 验证决策: Epoch 144/200
   验证间隔: 1
   是否验证: ✅ 是
   原因: 达到验证间隔 (0 == 0)
============================================================

🔍 开始验证...
验证进度: 500/686 损失=0.4022
验证进度: 686/686 损失=2.0473

📊 预测分布分析:
  - 预测的前5个类别: {np.int64(0): 283229, np.int64(1): 37119, np.int64(2): 14722, np.int64(3): 10753, np.int64(4): 8915}
  - 标签的前5个类别: {np.int64(0): 281232, np.int64(1): 36731, np.int64(2): 14789, np.int64(3): 10866, np.int64(4): 8585}
✅ 验证完成，耗时: 4.9秒 (0.1分钟)
训练损失: 0.0043
验证损失: 0.5511
验证准确率: 0.9693 (10626/10964) - 与Levenshtein高度相关
验证F1(加权): 0.9683 - 类别平衡更好
学习率: 0.000019
显存使用: 0.48GB (预留: 0.69GB)

生成的训练样本:
--------------------------------------------------------------------------------
输入:       DXVJN HWJN WB<JN HWW <LJN MN HW
目标:     0 1 0 42 0 0 0 0 0 3 0 0 1 0 42 0 0 0 0 18 0 0 0 8 1 0 0 0 0 0 0 12
预测:     0 1 0 42 0 0 0 0 0 3 0 0 1 0 42 0 0 0 0 18 0 0 0 8 1 0 0 0 0 0 0 12
准确率:    1.0000 (32/32)
----------------------------------------
输入:       TWQLT> MN QLJL SRQT> JQD> NWR> HKN>
目标:     0 0 0 0 13 9 0 0 0 0 0 0 0 0 2 0 0 0 13 9 0 0 0 0 7 0 0 0 0 4 0 0 0 0 0 0
预测:     0 0 0 0 13 9 0 0 0 0 0 0 0 0 2 0 0 0 13 9 0 0 0 0 7 0 0 0 0 4 0 0 0 0 0 0
准确率:    1.0000 (36/36)
----------------------------------------
输入:       >R<> TD>> <SB> DMZDR< ZR<> LGNSH W>JLN>
目标:     0 0 0 4 0 0 0 0 4 0 0 0 0 4 0 0 1 45 85 0 0 49 0 0 0 4 0 0 1 0 0 5 0 0 1 0 0 0 4 0
预测:     0 0 0 4 0 0 0 0 4 0 0 0 0 4 0 0 1 45 85 0 0 49 0 0 0 4 0 0 1 0 0 5 0 0 1 0 0 0 4 0
准确率:    1.0000 (40/40)
----------------------------------------

生成的验证样本:
--------------------------------------------------------------------------------
输入:       KLH NPCHWN B>R<> DB<LDBBJHWN DCBW >NWN WNYLWN
目标:     0 0 5 12 0 0 0 5 0 0 0 0 1 0 0 4 0 0 1 0 0 0 0 0 2 1 0 0 0 0 1 0 18 0 0 0 0 0 0 0 1 6 0 18 0 19
预测:     0 0 5 12 0 0 0 5 0 0 0 0 1 0 0 4 0 0 1 0 0 0 0 0 2 1 0 0 0 0 1 0 18 0 0 0 0 0 0 0 1 6 0 18 0 19
准确率:    1.0000 (46/46)
----------------------------------------
输入:       NPCHWN B>R<> DB<LDBBJHWN DCBW >NWN WNYLWN QDMJK
目标:     0 0 0 5 0 0 0 0 1 0 0 4 0 0 1 0 0 0 0 0 2 1 0 0 0 0 1 0 18 0 0 0 0 0 0 0 1 6 0 18 0 19 0 0 0 2 1 0
预测:     0 0 0 5 0 0 0 0 1 0 0 4 0 0 1 0 0 0 0 0 2 1 0 0 0 0 1 0 18 0 0 0 0 0 0 0 1 6 0 18 0 19 0 0 0 2 1 0
准确率:    1.0000 (48/48)
----------------------------------------
⏳ 验证无提升 (验证准确率: 0.9693 ≤ 0.9695)，patience: 15/50

======================================================================
🚀 Epoch 145/200
======================================================================
📚 开始训练阶段...
训练进度: 500/6065 损失=0.0051
训练进度: 1000/6065 损失=0.0007
训练进度: 1500/6065 损失=0.0027
训练进度: 2000/6065 损失=0.0005
训练进度: 2500/6065 损失=0.0003
训练进度: 3000/6065 损失=0.0002
训练进度: 3500/6065 损失=0.0001
训练进度: 4000/6065 损失=0.0105
训练进度: 4500/6065 损失=0.0030
训练进度: 5000/6065 损失=0.0024
训练进度: 5500/6065 损失=0.0022
训练进度: 6000/6065 损失=0.0052
训练进度: 6065/6065 损失=0.0013
✅ 训练完成，耗时: 109.6秒 (1.8分钟)

============================================================
📊 验证决策: Epoch 145/200
   验证间隔: 1
   是否验证: ✅ 是
   原因: 达到验证间隔 (0 == 0)
============================================================

🔍 开始验证...
验证进度: 500/686 损失=0.4206
验证进度: 686/686 损失=2.0397

📊 预测分布分析:
  - 预测的前5个类别: {np.int64(0): 283194, np.int64(1): 37075, np.int64(2): 14700, np.int64(3): 10810, np.int64(4): 8938}
  - 标签的前5个类别: {np.int64(0): 281232, np.int64(1): 36731, np.int64(2): 14789, np.int64(3): 10866, np.int64(4): 8585}
✅ 验证完成，耗时: 4.8秒 (0.1分钟)
训练损失: 0.0042
验证损失: 0.5565
验证准确率: 0.9693 (10627/10964) - 与Levenshtein高度相关
验证F1(加权): 0.9685 - 类别平衡更好
学习率: 0.000018
显存使用: 0.48GB (预留: 0.69GB)

生成的训练样本:
--------------------------------------------------------------------------------
输入:       WLWV <L LY<R WMRJ> >XT <L SDWM
目标:     0 1 0 0 22 0 0 0 0 1 0 0 62 0 1 0 0 0 2 0 72 0 3 0 0 0 0 0 0 0 2
预测:     0 1 0 0 22 0 0 0 0 1 0 0 62 0 1 0 0 0 2 0 72 0 3 0 0 0 0 0 0 0 2
准确率:    1.0000 (31/31)
----------------------------------------
输入:       WLK JWMN> MVL HN> QR> CMH GL<D
目标:     0 1 1 0 0 0 0 0 4 0 0 0 0 0 0 0 0 0 0 0 10 3 0 0 5 0 0 0 0 0 2
预测:     0 1 1 0 0 0 0 0 4 0 0 0 0 0 0 0 0 0 0 0 10 3 0 0 5 0 0 0 0 0 2
准确率:    1.0000 (31/31)
----------------------------------------
输入:       LH WHWT >P MDM XWR BHJ D<BD
目标:     0 1 12 0 1 0 18 26 0 0 0 0 0 0 2 6 0 0 3 0 1 0 26 0 1 0 0 3
预测:     0 1 12 0 1 0 18 26 0 0 0 0 0 0 2 6 0 0 3 0 1 0 26 0 1 0 0 3
准确率:    1.0000 (28/28)
----------------------------------------

生成的验证样本:
--------------------------------------------------------------------------------
输入:       KLH NPCHWN B>R<> DB<LDBBJHWN DCBW >NWN WNYLWN
目标:     0 0 5 12 0 0 0 5 0 0 0 0 1 0 0 4 0 0 1 0 0 0 0 0 2 1 0 0 0 0 1 0 18 0 0 0 0 0 0 0 1 6 0 18 0 19
预测:     0 0 5 12 0 0 0 5 0 0 0 0 1 0 0 4 0 0 1 0 0 0 0 0 2 1 0 0 0 0 1 0 18 0 0 0 0 0 0 0 1 6 0 18 0 19
准确率:    1.0000 (46/46)
----------------------------------------
输入:       NPCHWN B>R<> DB<LDBBJHWN DCBW >NWN WNYLWN QDMJK
目标:     0 0 0 5 0 0 0 0 1 0 0 4 0 0 1 0 0 0 0 0 2 1 0 0 0 0 1 0 18 0 0 0 0 0 0 0 1 6 0 18 0 19 0 0 0 2 1 0
预测:     0 0 0 5 0 0 0 0 1 0 0 4 0 0 1 0 0 0 0 0 2 1 0 0 0 0 1 0 18 0 0 0 0 0 0 0 1 6 0 18 0 19 0 0 0 2 1 0
准确率:    1.0000 (48/48)
----------------------------------------
⏳ 验证无提升 (验证准确率: 0.9693 ≤ 0.9695)，patience: 16/50

======================================================================
🚀 Epoch 146/200
======================================================================
📚 开始训练阶段...
训练进度: 500/6065 损失=0.0003
训练进度: 1000/6065 损失=0.0099
训练进度: 1500/6065 损失=0.0011
训练进度: 2000/6065 损失=0.0021
训练进度: 2500/6065 损失=0.0081
训练进度: 3000/6065 损失=0.0004
训练进度: 3500/6065 损失=0.0008
训练进度: 4000/6065 损失=0.0007
训练进度: 4500/6065 损失=0.0030
训练进度: 5000/6065 损失=0.0007
训练进度: 5500/6065 损失=0.0040
训练进度: 6000/6065 损失=0.0002
训练进度: 6065/6065 损失=0.0003
✅ 训练完成，耗时: 109.3秒 (1.8分钟)

============================================================
📊 验证决策: Epoch 146/200
   验证间隔: 1
   是否验证: ✅ 是
   原因: 达到验证间隔 (0 == 0)
============================================================

🔍 开始验证...
验证进度: 500/686 损失=0.1712
验证进度: 686/686 损失=2.1322

📊 预测分布分析:
  - 预测的前5个类别: {np.int64(0): 283294, np.int64(1): 37051, np.int64(2): 14680, np.int64(3): 10686, np.int64(4): 8987}
  - 标签的前5个类别: {np.int64(0): 281232, np.int64(1): 36731, np.int64(2): 14789, np.int64(3): 10866, np.int64(4): 8585}
✅ 验证完成，耗时: 4.9秒 (0.1分钟)
训练损失: 0.0041
验证损失: 0.5578
验证准确率: 0.9693 (10627/10964) - 与Levenshtein高度相关
验证F1(加权): 0.9685 - 类别平衡更好
学习率: 0.000018
显存使用: 0.48GB (预留: 0.69GB)

生成的训练样本:
--------------------------------------------------------------------------------
输入:       MRJ> >LHJ >N <BDT HD> >N >JT
目标:     0 0 0 0 2 0 0 0 5 0 0 0 0 0 0 0 3 0 0 0 0 0 0 0 0 0 0 0 24
预测:     0 0 0 0 2 0 0 0 5 0 0 0 0 0 0 0 3 0 0 0 0 0 0 0 0 0 0 0 24
准确率:    1.0000 (29/29)
----------------------------------------
输入:       LBR> HJ BR> DXJ> XZNJ H> HJ
目标:     0 1 60 4 0 0 0 26 0 60 4 0 0 1 0 15 0 0 0 186 0 0 0 0 0 0 0 12
预测:     0 1 60 4 0 0 0 26 0 60 4 0 0 1 0 15 0 0 0 186 0 0 0 0 0 0 0 12
准确率:    1.0000 (28/28)
----------------------------------------
输入:       KLH >WDJ LK MN> KMJR >NT <L
目标:     0 0 5 0 0 50 0 0 3 0 1 0 0 0 0 0 0 0 8 0 40 0 0 0 0 0 0 0
预测:     0 0 5 0 0 50 0 0 3 0 1 0 0 0 0 0 0 0 8 0 40 0 0 0 0 0 0 0
准确率:    1.0000 (28/28)
----------------------------------------

生成的验证样本:
--------------------------------------------------------------------------------
输入:       KLH NPCHWN B>R<> DB<LDBBJHWN DCBW >NWN WNYLWN
目标:     0 0 5 12 0 0 0 5 0 0 0 0 1 0 0 4 0 0 1 0 0 0 0 0 2 1 0 0 0 0 1 0 18 0 0 0 0 0 0 0 1 6 0 18 0 19
预测:     0 0 5 12 0 0 0 5 0 0 0 0 1 0 0 4 0 0 1 0 0 0 0 0 2 1 0 0 0 0 1 0 18 0 0 0 0 0 0 0 1 6 0 18 0 19
准确率:    1.0000 (46/46)
----------------------------------------
输入:       NPCHWN B>R<> DB<LDBBJHWN DCBW >NWN WNYLWN QDMJK
目标:     0 0 0 5 0 0 0 0 1 0 0 4 0 0 1 0 0 0 0 0 2 1 0 0 0 0 1 0 18 0 0 0 0 0 0 0 1 6 0 18 0 19 0 0 0 2 1 0
预测:     0 0 0 5 0 0 0 0 1 0 0 4 0 0 1 0 0 0 0 0 2 1 0 0 0 0 1 0 18 0 0 0 0 0 0 0 1 6 0 18 0 19 0 0 0 2 1 0
准确率:    1.0000 (48/48)
----------------------------------------
⏳ 验证无提升 (验证准确率: 0.9693 ≤ 0.9695)，patience: 17/50

======================================================================
🚀 Epoch 147/200
======================================================================
📚 开始训练阶段...
训练进度: 500/6065 损失=0.0013
训练进度: 1000/6065 损失=0.0043
训练进度: 1500/6065 损失=0.0012
训练进度: 2000/6065 损失=0.0007
训练进度: 2500/6065 损失=0.0004
训练进度: 3000/6065 损失=0.0008
训练进度: 3500/6065 损失=0.0004
训练进度: 4000/6065 损失=0.0002
训练进度: 4500/6065 损失=0.0119
训练进度: 5000/6065 损失=0.0009
训练进度: 5500/6065 损失=0.0006
训练进度: 6000/6065 损失=0.0002
训练进度: 6065/6065 损失=0.0006
✅ 训练完成，耗时: 109.3秒 (1.8分钟)

============================================================
📊 验证决策: Epoch 147/200
   验证间隔: 1
   是否验证: ✅ 是
   原因: 达到验证间隔 (0 == 0)
============================================================

🔍 开始验证...
验证进度: 500/686 损失=0.4513
验证进度: 686/686 损失=2.0958

📊 预测分布分析:
  - 预测的前5个类别: {np.int64(0): 283339, np.int64(1): 37073, np.int64(2): 14686, np.int64(3): 10744, np.int64(4): 8930}
  - 标签的前5个类别: {np.int64(0): 281232, np.int64(1): 36731, np.int64(2): 14789, np.int64(3): 10866, np.int64(4): 8585}
✅ 验证完成，耗时: 4.8秒 (0.1分钟)
训练损失: 0.0041
验证损失: 0.5608
验证准确率: 0.9695 (10629/10964) - 与Levenshtein高度相关
验证F1(加权): 0.9686 - 类别平衡更好
学习率: 0.000017
显存使用: 0.48GB (预留: 0.69GB)

生成的训练样本:
--------------------------------------------------------------------------------
输入:       MLK> W>TJBW <M> PTGM> LMLK> W>MRW LH
目标:     0 0 0 4 0 0 1 17 20 0 33 0 0 0 15 0 0 0 0 0 4 0 0 1 0 0 4 0 0 1 0 0 3 0 0 1 0
预测:     0 0 0 4 0 0 1 17 20 0 33 0 0 0 15 0 0 0 0 0 4 0 0 1 0 0 4 0 0 1 0 0 3 0 0 1 0
准确率:    1.0000 (37/37)
----------------------------------------
输入:       MLK> D>TWR WHW> LH HWC< <BD> W>JTJ
目标:     0 0 0 4 0 0 1 0 0 0 2 0 1 0 10 3 0 1 0 0 0 0 0 2 0 0 0 15 0 0 1 59 0 0 3
预测:     0 0 0 4 0 0 1 0 0 0 2 0 1 0 10 3 0 1 0 0 0 0 0 2 0 0 0 15 0 0 1 59 0 0 3
准确率:    1.0000 (35/35)
----------------------------------------
输入:       >JK DJWMN> WHC> MRJ> >LH> D>JSRJL VR
目标:     0 0 0 0 0 1 0 0 0 4 0 0 1 0 4 0 0 0 0 0 2 0 0 0 4 0 0 1 0 0 0 0 0 2 34 0 3
预测:     0 0 0 0 0 1 0 0 0 4 0 0 1 0 4 0 0 0 0 0 2 0 0 0 4 0 0 1 0 0 0 0 0 2 34 0 3
准确率:    1.0000 (37/37)
----------------------------------------

生成的验证样本:
--------------------------------------------------------------------------------
输入:       KLH NPCHWN B>R<> DB<LDBBJHWN DCBW >NWN WNYLWN
目标:     0 0 5 12 0 0 0 5 0 0 0 0 1 0 0 4 0 0 1 0 0 0 0 0 2 1 0 0 0 0 1 0 18 0 0 0 0 0 0 0 1 6 0 18 0 19
预测:     0 0 5 12 0 0 0 5 0 0 0 0 1 0 0 4 0 0 1 0 0 0 0 0 2 1 0 0 0 0 1 0 18 0 0 0 0 0 0 0 1 6 0 18 0 19
准确率:    1.0000 (46/46)
----------------------------------------
输入:       NPCHWN B>R<> DB<LDBBJHWN DCBW >NWN WNYLWN QDMJK
目标:     0 0 0 5 0 0 0 0 1 0 0 4 0 0 1 0 0 0 0 0 2 1 0 0 0 0 1 0 18 0 0 0 0 0 0 0 1 6 0 18 0 19 0 0 0 2 1 0
预测:     0 0 0 5 0 0 0 0 1 0 0 4 0 0 1 0 0 0 0 0 2 1 0 0 0 0 1 0 18 0 0 0 0 0 0 0 1 6 0 18 0 19 0 0 0 2 1 0
准确率:    1.0000 (48/48)
----------------------------------------
💾 保存新的最佳模型！验证准确率: 0.9695 (F1: 0.9686) (Epoch 147)

======================================================================
🚀 Epoch 148/200
======================================================================
📚 开始训练阶段...
训练进度: 500/6065 损失=0.0188
训练进度: 1000/6065 损失=0.0046
训练进度: 1500/6065 损失=0.0005
训练进度: 2000/6065 损失=0.0052
训练进度: 2500/6065 损失=0.0030
训练进度: 3000/6065 损失=0.0021
训练进度: 3500/6065 损失=0.0010
训练进度: 4000/6065 损失=0.0011
训练进度: 4500/6065 损失=0.0008
训练进度: 5000/6065 损失=0.0012
训练进度: 5500/6065 损失=0.0128
训练进度: 6000/6065 损失=0.0088
训练进度: 6065/6065 损失=0.0017
✅ 训练完成，耗时: 109.4秒 (1.8分钟)

============================================================
📊 验证决策: Epoch 148/200
   验证间隔: 1
   是否验证: ✅ 是
   原因: 达到验证间隔 (0 == 0)
============================================================

🔍 开始验证...
验证进度: 500/686 损失=0.3764
验证进度: 686/686 损失=2.0347

📊 预测分布分析:
  - 预测的前5个类别: {np.int64(0): 283127, np.int64(1): 37042, np.int64(2): 14715, np.int64(3): 10712, np.int64(4): 8961}
  - 标签的前5个类别: {np.int64(0): 281232, np.int64(1): 36731, np.int64(2): 14789, np.int64(3): 10866, np.int64(4): 8585}
✅ 验证完成，耗时: 4.9秒 (0.1分钟)
训练损失: 0.0041
验证损失: 0.5622
验证准确率: 0.9692 (10625/10964) - 与Levenshtein高度相关
验证F1(加权): 0.9684 - 类别平衡更好
学习率: 0.000017
显存使用: 0.48GB (预留: 0.69GB)

生成的训练样本:
--------------------------------------------------------------------------------
输入:       DCMJ CMH >JSR>JL W>QJM MRJ> QJM> <MHWN
目标:     0 1 0 188 16 0 0 5 0 0 0 0 0 8 0 0 2 0 1 17 20 0 3 0 0 0 0 2 0 0 0 4 0 0 0 1 0 0 0
预测:     0 1 0 188 16 0 0 5 0 0 0 0 0 8 0 0 2 0 1 17 20 0 3 0 0 0 0 2 0 0 0 4 0 0 0 1 0 0 0
准确率:    1.0000 (39/39)
----------------------------------------
输入:       NCKX RXM> B<JNJ MRN WNHW> <BD> LPR<WN
目标:     0 112 0 0 3 0 0 0 30 0 0 1 0 0 2 0 0 0 56 0 0 1 44 0 10 3 0 0 0 30 0 0 1 0 0 0 0 2
预测:     0 112 0 0 3 0 0 0 30 0 0 1 0 0 2 0 0 0 56 0 0 1 44 0 10 3 0 0 0 30 0 0 1 0 0 0 0 2
准确率:    1.0000 (38/38)
----------------------------------------
输入:       >PJHWN <L >R<> WXZ> JWSP L>XWHJ W>CTWD<
目标:     0 54 2 1 0 0 0 0 0 0 0 0 0 4 0 0 1 0 10 3 0 0 0 0 2 0 1 0 25 1 0 0 0 1 47 39 50 0 0 3
预测:     0 54 2 1 0 0 0 0 0 0 0 0 0 4 0 0 1 0 10 3 0 0 0 0 2 0 1 0 25 1 0 0 0 1 47 39 50 0 0 3
准确率:    1.0000 (40/40)
----------------------------------------

生成的验证样本:
--------------------------------------------------------------------------------
输入:       KLH NPCHWN B>R<> DB<LDBBJHWN DCBW >NWN WNYLWN
目标:     0 0 5 12 0 0 0 5 0 0 0 0 1 0 0 4 0 0 1 0 0 0 0 0 2 1 0 0 0 0 1 0 18 0 0 0 0 0 0 0 1 6 0 18 0 19
预测:     0 0 5 12 0 0 0 5 0 0 0 0 1 0 0 4 0 0 1 0 0 0 0 0 2 1 0 0 0 0 1 0 18 0 0 0 0 0 0 0 1 6 0 18 0 19
准确率:    1.0000 (46/46)
----------------------------------------
输入:       NPCHWN B>R<> DB<LDBBJHWN DCBW >NWN WNYLWN QDMJK
目标:     0 0 0 5 0 0 0 0 1 0 0 4 0 0 1 0 0 0 0 0 2 1 0 0 0 0 1 0 18 0 0 0 0 0 0 0 1 6 0 18 0 19 0 0 0 2 1 0
预测:     0 0 0 5 0 0 0 0 1 0 0 4 0 0 1 0 0 0 0 0 2 1 0 0 0 0 1 0 18 0 0 0 0 0 0 0 1 6 0 18 0 19 0 0 0 2 1 0
准确率:    1.0000 (48/48)
----------------------------------------
⏳ 验证无提升 (验证准确率: 0.9692 ≤ 0.9695)，patience: 1/50

======================================================================
🚀 Epoch 149/200
======================================================================
📚 开始训练阶段...
训练进度: 500/6065 损失=0.0040
训练进度: 1000/6065 损失=0.0003
训练进度: 1500/6065 损失=0.0015
训练进度: 2000/6065 损失=0.0020
训练进度: 2500/6065 损失=0.0044
训练进度: 3000/6065 损失=0.0019
训练进度: 3500/6065 损失=0.0005
训练进度: 4000/6065 损失=0.0125
训练进度: 4500/6065 损失=0.0063
训练进度: 5000/6065 损失=0.0068
训练进度: 5500/6065 损失=0.0017
训练进度: 6000/6065 损失=0.0004
训练进度: 6065/6065 损失=0.0050
✅ 训练完成，耗时: 109.7秒 (1.8分钟)

============================================================
📊 验证决策: Epoch 149/200
   验证间隔: 1
   是否验证: ✅ 是
   原因: 达到验证间隔 (0 == 0)
============================================================

🔍 开始验证...
验证进度: 500/686 损失=0.3594
验证进度: 686/686 损失=2.0922

📊 预测分布分析:
  - 预测的前5个类别: {np.int64(0): 283187, np.int64(1): 37014, np.int64(2): 14650, np.int64(3): 10752, np.int64(4): 8861}
  - 标签的前5个类别: {np.int64(0): 281232, np.int64(1): 36731, np.int64(2): 14789, np.int64(3): 10866, np.int64(4): 8585}
✅ 验证完成，耗时: 4.9秒 (0.1分钟)
训练损失: 0.0039
验证损失: 0.5592
验证准确率: 0.9694 (10628/10964) - 与Levenshtein高度相关
验证F1(加权): 0.9686 - 类别平衡更好
学习率: 0.000016
显存使用: 0.48GB (预留: 0.69GB)

生成的训练样本:
--------------------------------------------------------------------------------
输入:       W>BQ> >NWN LK TMN WLMN D>MR LK
目标:     0 1 6 0 10 3 0 0 0 0 0 0 1 0 0 0 0 0 0 1 1 0 12 0 1 21 0 3 0 1 0
预测:     0 1 6 0 10 3 0 0 0 0 0 0 1 0 0 0 0 0 0 1 1 0 12 0 1 21 0 3 0 1 0
准确率:    1.0000 (31/31)
----------------------------------------
输入:       LH >LH> L> NTQR> TWB CMK J<QWB
目标:     0 1 0 0 0 0 4 0 0 0 0 0 21 14 0 10 3 0 0 0 0 0 0 5 0 0 0 0 0 0 2
预测:     0 1 0 0 0 0 4 0 0 0 0 0 21 14 0 10 3 0 0 0 0 0 0 5 0 0 0 0 0 0 2
准确率:    1.0000 (31/31)
----------------------------------------
输入:       BTR <MRJ W<CN <M> DBTR <MRJ MN
目标:     0 0 0 0 0 0 0 0 2 0 1 0 0 3 0 0 15 0 0 1 0 0 0 0 0 0 0 2 0 0 0
预测:     0 0 0 0 0 0 0 0 2 0 1 0 0 3 0 0 15 0 0 1 0 0 0 0 0 0 0 2 0 0 0
准确率:    1.0000 (31/31)
----------------------------------------

生成的验证样本:
--------------------------------------------------------------------------------
输入:       KLH NPCHWN B>R<> DB<LDBBJHWN DCBW >NWN WNYLWN
目标:     0 0 5 12 0 0 0 5 0 0 0 0 1 0 0 4 0 0 1 0 0 0 0 0 2 1 0 0 0 0 1 0 18 0 0 0 0 0 0 0 1 6 0 18 0 19
预测:     0 0 5 12 0 0 0 5 0 0 0 0 1 0 0 4 0 0 1 0 0 0 0 0 2 1 0 0 0 0 1 0 18 0 0 0 0 0 0 0 1 6 0 18 0 19
准确率:    1.0000 (46/46)
----------------------------------------
输入:       NPCHWN B>R<> DB<LDBBJHWN DCBW >NWN WNYLWN QDMJK
目标:     0 0 0 5 0 0 0 0 1 0 0 4 0 0 1 0 0 0 0 0 2 1 0 0 0 0 1 0 18 0 0 0 0 0 0 0 1 6 0 18 0 19 0 0 0 2 1 0
预测:     0 0 0 5 0 0 0 0 1 0 0 4 0 0 1 0 0 0 0 0 2 1 0 0 0 0 1 0 18 0 0 0 0 0 0 0 1 6 0 18 0 19 0 0 0 2 1 0
准确率:    1.0000 (48/48)
----------------------------------------
⏳ 验证无提升 (验证准确率: 0.9694 ≤ 0.9695)，patience: 2/50

======================================================================
🚀 Epoch 150/200
======================================================================
📚 开始训练阶段...
训练进度: 500/6065 损失=0.0069
训练进度: 1000/6065 损失=0.0003
训练进度: 1500/6065 损失=0.0049
训练进度: 2000/6065 损失=0.0002
训练进度: 2500/6065 损失=0.0342
训练进度: 3000/6065 损失=0.0026
训练进度: 3500/6065 损失=0.0137
训练进度: 4000/6065 损失=0.0030
训练进度: 4500/6065 损失=0.0070
训练进度: 5000/6065 损失=0.0012
训练进度: 5500/6065 损失=0.0008
训练进度: 6000/6065 损失=0.0006
训练进度: 6065/6065 损失=0.0020
✅ 训练完成，耗时: 109.6秒 (1.8分钟)

============================================================
📊 验证决策: Epoch 150/200
   验证间隔: 1
   是否验证: ✅ 是
   原因: 达到验证间隔 (0 == 0)
============================================================

🔍 开始验证...
验证进度: 500/686 损失=0.4087
验证进度: 686/686 损失=2.1281

📊 预测分布分析:
  - 预测的前5个类别: {np.int64(0): 283186, np.int64(1): 37035, np.int64(2): 14649, np.int64(3): 10753, np.int64(4): 8973}
  - 标签的前5个类别: {np.int64(0): 281232, np.int64(1): 36731, np.int64(2): 14789, np.int64(3): 10866, np.int64(4): 8585}
✅ 验证完成，耗时: 4.8秒 (0.1分钟)
训练损失: 0.0038
验证损失: 0.5678
验证准确率: 0.9694 (10628/10964) - 与Levenshtein高度相关
验证F1(加权): 0.9686 - 类别平衡更好
学习率: 0.000016
显存使用: 0.48GB (预留: 0.69GB)

生成的训练样本:
--------------------------------------------------------------------------------
输入:       CPJR >N CRJR>JT >JTWHJ PTGM> W>T<BDT VNPWT>
目标:     0 0 0 0 2 0 0 0 0 0 0 0 0 0 0 0 0 0 0 10 5 0 0 0 0 0 0 4 0 0 1 0 14 0 0 3 0 0 0 0 0 2 9 0
预测:     0 0 0 0 2 0 0 0 0 0 0 0 0 0 0 0 0 0 0 10 5 0 0 0 0 0 0 4 0 0 1 0 14 0 0 3 0 0 0 0 0 2 9 0
准确率:    1.0000 (44/44)
----------------------------------------
输入:       DMLL <MH >LH> W>BRHM BR TC<JN HW>
目标:     0 1 0 0 16 0 0 1 0 0 0 0 4 0 0 1 0 0 0 0 2 0 0 2 0 0 0 2 0 0 0 0 10 3
预测:     0 1 0 0 16 0 0 1 0 0 0 0 4 0 0 1 0 0 0 0 2 0 0 2 0 0 0 2 0 0 0 0 10 3
准确率:    1.0000 (34/34)
----------------------------------------
输入:       CM<T MRJ> QL> DB<WTJ KD Q<> >N>
目标:     0 0 0 3 12 0 0 0 0 2 0 0 4 0 0 1 0 0 2 1 0 0 0 0 0 0 10 7 0 0 0 0
预测:     0 0 0 3 12 0 0 0 0 2 0 0 4 0 0 1 0 0 2 1 0 0 0 0 0 0 10 7 0 0 0 0
准确率:    1.0000 (32/32)
----------------------------------------

生成的验证样本:
--------------------------------------------------------------------------------
输入:       KLH NPCHWN B>R<> DB<LDBBJHWN DCBW >NWN WNYLWN
目标:     0 0 5 12 0 0 0 5 0 0 0 0 1 0 0 4 0 0 1 0 0 0 0 0 2 1 0 0 0 0 1 0 18 0 0 0 0 0 0 0 1 6 0 18 0 19
预测:     0 0 5 12 0 0 0 5 0 0 0 0 1 0 0 4 0 0 1 0 0 0 0 0 2 1 0 0 0 0 1 0 18 0 0 0 0 0 0 0 1 6 0 18 0 19
准确率:    1.0000 (46/46)
----------------------------------------
输入:       NPCHWN B>R<> DB<LDBBJHWN DCBW >NWN WNYLWN QDMJK
目标:     0 0 0 5 0 0 0 0 1 0 0 4 0 0 1 0 0 0 0 0 2 1 0 0 0 0 1 0 18 0 0 0 0 0 0 0 1 6 0 18 0 19 0 0 0 2 1 0
预测:     0 0 0 5 0 0 0 0 1 0 0 4 0 0 1 0 0 0 0 0 2 1 0 0 0 0 1 0 18 0 0 0 0 0 0 0 1 6 0 18 0 19 0 0 0 2 1 0
准确率:    1.0000 (48/48)
----------------------------------------
⏳ 验证无提升 (验证准确率: 0.9694 ≤ 0.9695)，patience: 3/50

======================================================================
🚀 Epoch 151/200
======================================================================
📚 开始训练阶段...
训练进度: 500/6065 损失=0.0064
训练进度: 1000/6065 损失=0.0046
训练进度: 1500/6065 损失=0.0004
训练进度: 2000/6065 损失=0.0023
训练进度: 2500/6065 损失=0.0072
训练进度: 3000/6065 损失=0.0061
训练进度: 3500/6065 损失=0.0002
训练进度: 4000/6065 损失=0.0121
训练进度: 4500/6065 损失=0.0002
训练进度: 5000/6065 损失=0.0092
训练进度: 5500/6065 损失=0.0001
训练进度: 6000/6065 损失=0.0017
训练进度: 6065/6065 损失=0.0010
✅ 训练完成，耗时: 109.7秒 (1.8分钟)

============================================================
📊 验证决策: Epoch 151/200
   验证间隔: 1
   是否验证: ✅ 是
   原因: 达到验证间隔 (0 == 0)
============================================================

🔍 开始验证...
验证进度: 500/686 损失=0.2884
验证进度: 686/686 损失=2.1833

📊 预测分布分析:
  - 预测的前5个类别: {np.int64(0): 283288, np.int64(1): 37015, np.int64(2): 14667, np.int64(3): 10746, np.int64(4): 8838}
  - 标签的前5个类别: {np.int64(0): 281232, np.int64(1): 36731, np.int64(2): 14789, np.int64(3): 10866, np.int64(4): 8585}
✅ 验证完成，耗时: 4.9秒 (0.1分钟)
训练损失: 0.0037
验证损失: 0.5709
验证准确率: 0.9693 (10627/10964) - 与Levenshtein高度相关
验证F1(加权): 0.9685 - 类别平衡更好
学习率: 0.000015
显存使用: 0.48GB (预留: 0.69GB)

生成的训练样本:
--------------------------------------------------------------------------------
输入:       D<CNT MNN KLHJN >CLM >NJN MRJ> >LHN
目标:     0 1 0 0 3 26 0 0 1 0 0 0 5 0 0 0 0 17 0 0 3 0 0 0 0 0 0 0 0 0 2 0 0 0 5 0
预测:     0 1 0 0 3 26 0 0 1 0 0 0 5 0 0 0 0 17 0 0 3 0 0 0 0 0 0 0 0 0 2 0 0 0 5 0
准确率:    1.0000 (36/36)
----------------------------------------
输入:       BQWRBN> D>ZL QDMJ WBTRKN >XZ> >PWHJ KBR
目标:     0 1 0 0 0 0 4 0 0 1 0 0 7 0 0 0 2 46 0 1 0 0 1 0 0 0 6 0 10 3 0 54 25 1 0 0 0 0 0 0
预测:     0 1 0 0 0 0 4 0 0 1 0 0 7 0 0 0 2 46 0 1 0 0 1 0 0 0 6 0 10 3 0 54 25 1 0 0 0 0 0 0
准确率:    1.0000 (40/40)
----------------------------------------
输入:       WBJTKJ W<MRJ >JK> D<MR> >NTJ MVL DQR>
目标:     0 1 0 0 5 0 0 0 36 0 0 3 0 0 0 0 0 0 0 1 0 0 7 0 0 0 0 0 0 0 0 0 0 0 1 0 10 3
预测:     0 1 0 0 5 0 0 0 36 0 0 3 0 0 0 0 0 0 0 1 0 0 7 0 0 0 0 0 0 0 0 0 0 0 1 0 10 3
准确率:    1.0000 (38/38)
----------------------------------------

生成的验证样本:
--------------------------------------------------------------------------------
输入:       KLH NPCHWN B>R<> DB<LDBBJHWN DCBW >NWN WNYLWN
目标:     0 0 5 12 0 0 0 5 0 0 0 0 1 0 0 4 0 0 1 0 0 0 0 0 2 1 0 0 0 0 1 0 18 0 0 0 0 0 0 0 1 6 0 18 0 19
预测:     0 0 5 12 0 0 0 5 0 0 0 0 1 0 0 4 0 0 1 0 0 0 0 0 2 1 0 0 0 0 1 0 18 0 0 0 0 0 0 0 1 6 0 18 0 19
准确率:    1.0000 (46/46)
----------------------------------------
输入:       NPCHWN B>R<> DB<LDBBJHWN DCBW >NWN WNYLWN QDMJK
目标:     0 0 0 5 0 0 0 0 1 0 0 4 0 0 1 0 0 0 0 0 2 1 0 0 0 0 1 0 18 0 0 0 0 0 0 0 1 6 0 18 0 19 0 0 0 2 1 0
预测:     0 0 0 5 0 0 0 0 1 0 0 4 0 0 1 0 0 0 0 0 2 1 0 0 0 0 1 0 18 0 0 0 0 0 0 0 1 6 0 18 0 19 0 0 0 2 1 0
准确率:    1.0000 (48/48)
----------------------------------------
⏳ 验证无提升 (验证准确率: 0.9693 ≤ 0.9695)，patience: 4/50

======================================================================
🚀 Epoch 152/200
======================================================================
📚 开始训练阶段...
训练进度: 500/6065 损失=0.0342
训练进度: 1000/6065 损失=0.0073
训练进度: 1500/6065 损失=0.0019
训练进度: 2000/6065 损失=0.0004
训练进度: 2500/6065 损失=0.0007
训练进度: 3000/6065 损失=0.0002
训练进度: 3500/6065 损失=0.0017
训练进度: 4000/6065 损失=0.0065
训练进度: 4500/6065 损失=0.0025
训练进度: 5000/6065 损失=0.0005
训练进度: 5500/6065 损失=0.0004
训练进度: 6000/6065 损失=0.0013
训练进度: 6065/6065 损失=0.0034
✅ 训练完成，耗时: 109.9秒 (1.8分钟)

============================================================
📊 验证决策: Epoch 152/200
   验证间隔: 1
   是否验证: ✅ 是
   原因: 达到验证间隔 (0 == 0)
============================================================

🔍 开始验证...
验证进度: 500/686 损失=0.2945
验证进度: 686/686 损失=2.2108

📊 预测分布分析:
  - 预测的前5个类别: {np.int64(0): 283245, np.int64(1): 37081, np.int64(2): 14662, np.int64(3): 10807, np.int64(4): 8912}
  - 标签的前5个类别: {np.int64(0): 281232, np.int64(1): 36731, np.int64(2): 14789, np.int64(3): 10866, np.int64(4): 8585}
✅ 验证完成，耗时: 4.8秒 (0.1分钟)
训练损失: 0.0036
验证损失: 0.5752
验证准确率: 0.9693 (10627/10964) - 与Levenshtein高度相关
验证F1(加权): 0.9684 - 类别平衡更好
学习率: 0.000015
显存使用: 0.48GB (预留: 0.69GB)

生成的训练样本:
--------------------------------------------------------------------------------
输入:       QRJWHJ W>N YB> >NT LM SJM DMN
目标:     6 0 0 86 0 0 0 0 1 0 0 0 0 10 7 0 0 0 0 0 0 0 6 20 0 3 0 1 0 0
预测:     6 0 0 86 0 0 0 0 1 0 0 0 0 10 7 0 0 0 0 0 0 0 6 20 0 3 0 1 0 0
准确率:    1.0000 (30/30)
----------------------------------------
输入:       LJ D>MR LK MLK> BJNJ WLK W>MR
目标:     0 1 0 0 1 21 0 3 0 1 0 0 0 0 4 0 0 0 0 5 0 0 1 1 0 0 1 0 0 3
预测:     0 1 0 0 1 21 0 3 0 1 0 0 0 0 4 0 0 0 0 5 0 0 1 1 0 0 1 0 0 3
准确率:    1.0000 (30/30)
----------------------------------------
输入:       QRWB N> >MWCK BRJ >N >NT HW
目标:     6 0 8 0 3 0 0 0 0 6 0 0 29 0 0 0 5 0 0 0 0 0 0 0 0 0 0 0
预测:     6 0 8 0 3 0 0 0 0 6 0 0 29 0 0 0 5 0 0 0 0 0 0 0 0 0 0 0
准确率:    1.0000 (28/28)
----------------------------------------

生成的验证样本:
--------------------------------------------------------------------------------
输入:       KLH NPCHWN B>R<> DB<LDBBJHWN DCBW >NWN WNYLWN
目标:     0 0 5 12 0 0 0 5 0 0 0 0 1 0 0 4 0 0 1 0 0 0 0 0 2 1 0 0 0 0 1 0 18 0 0 0 0 0 0 0 1 6 0 18 0 19
预测:     0 0 5 12 0 0 0 5 0 0 0 0 1 0 0 4 0 0 1 0 0 0 0 0 2 1 0 0 0 0 1 0 18 0 0 0 0 0 0 0 1 6 0 18 0 19
准确率:    1.0000 (46/46)
----------------------------------------
输入:       NPCHWN B>R<> DB<LDBBJHWN DCBW >NWN WNYLWN QDMJK
目标:     0 0 0 5 0 0 0 0 1 0 0 4 0 0 1 0 0 0 0 0 2 1 0 0 0 0 1 0 18 0 0 0 0 0 0 0 1 6 0 18 0 19 0 0 0 2 1 0
预测:     0 0 0 5 0 0 0 0 1 0 0 4 0 0 1 0 0 0 0 0 2 1 0 0 0 0 1 0 18 0 0 0 0 0 0 0 1 6 0 18 0 19 0 0 0 2 1 0
准确率:    1.0000 (48/48)
----------------------------------------
⏳ 验证无提升 (验证准确率: 0.9693 ≤ 0.9695)，patience: 5/50

======================================================================
🚀 Epoch 153/200
======================================================================
📚 开始训练阶段...
训练进度: 500/6065 损失=0.0136
训练进度: 1000/6065 损失=0.0174
训练进度: 1500/6065 损失=0.0001
训练进度: 2000/6065 损失=0.0005
训练进度: 2500/6065 损失=0.0138
训练进度: 3000/6065 损失=0.0017
训练进度: 3500/6065 损失=0.0028
训练进度: 4000/6065 损失=0.0018
训练进度: 4500/6065 损失=0.0001
训练进度: 5000/6065 损失=0.0019
训练进度: 5500/6065 损失=0.0017
训练进度: 6000/6065 损失=0.0012
训练进度: 6065/6065 损失=0.0008
✅ 训练完成，耗时: 109.9秒 (1.8分钟)

============================================================
📊 验证决策: Epoch 153/200
   验证间隔: 1
   是否验证: ✅ 是
   原因: 达到验证间隔 (0 == 0)
============================================================

🔍 开始验证...
验证进度: 500/686 损失=0.3522
验证进度: 686/686 损失=2.2943

📊 预测分布分析:
  - 预测的前5个类别: {np.int64(0): 283246, np.int64(1): 37033, np.int64(2): 14701, np.int64(3): 10731, np.int64(4): 8941}
  - 标签的前5个类别: {np.int64(0): 281232, np.int64(1): 36731, np.int64(2): 14789, np.int64(3): 10866, np.int64(4): 8585}
✅ 验证完成，耗时: 4.9秒 (0.1分钟)
训练损失: 0.0035
验证损失: 0.5747
验证准确率: 0.9696 (10630/10964) - 与Levenshtein高度相关
验证F1(加权): 0.9687 - 类别平衡更好
学习率: 0.000014
显存使用: 0.48GB (预留: 0.69GB)

生成的训练样本:
--------------------------------------------------------------------------------
输入:       HW >MRJN LH CLM WH> RXJL BRTH
目标:     0 0 0 0 0 0 7 0 0 0 1 0 0 0 0 3 0 1 0 0 0 0 0 0 2 0 0 13 1 0
预测:     0 0 0 0 0 0 7 0 0 0 1 0 0 0 0 3 0 1 0 0 0 0 0 0 2 0 0 13 1 0
准确率:    1.0000 (30/30)
----------------------------------------
输入:       LK MN TJB> VRP> DQR>> MWRB >NT
目标:     0 1 0 0 0 0 0 20 0 132 27 0 0 0 30 0 0 1 0 0 4 0 0 63 0 0 7 0 0 0 0
预测:     0 1 0 0 0 0 0 20 0 132 27 0 0 0 30 0 0 1 0 0 4 0 0 63 0 0 7 0 0 0 0
准确率:    1.0000 (31/31)
----------------------------------------
输入:       >N DBRK HJ >W L> W>CTWD<H W>MR
目标:     0 0 0 0 1 0 5 0 0 0 12 0 0 0 0 0 0 0 1 47 39 50 0 0 29 12 0 1 0 0 3
预测:     0 0 0 0 1 0 5 0 0 0 12 0 0 0 0 0 0 0 1 47 39 50 0 0 29 12 0 1 0 0 3
准确率:    1.0000 (31/31)
----------------------------------------

生成的验证样本:
--------------------------------------------------------------------------------
输入:       KLH NPCHWN B>R<> DB<LDBBJHWN DCBW >NWN WNYLWN
目标:     0 0 5 12 0 0 0 5 0 0 0 0 1 0 0 4 0 0 1 0 0 0 0 0 2 1 0 0 0 0 1 0 18 0 0 0 0 0 0 0 1 6 0 18 0 19
预测:     0 0 5 12 0 0 0 5 0 0 0 0 1 0 0 4 0 0 1 0 0 0 0 0 2 1 0 0 0 0 1 0 18 0 0 0 0 0 0 0 1 6 0 18 0 19
准确率:    1.0000 (46/46)
----------------------------------------
输入:       NPCHWN B>R<> DB<LDBBJHWN DCBW >NWN WNYLWN QDMJK
目标:     0 0 0 5 0 0 0 0 1 0 0 4 0 0 1 0 0 0 0 0 2 1 0 0 0 0 1 0 18 0 0 0 0 0 0 0 1 6 0 18 0 19 0 0 0 2 1 0
预测:     0 0 0 5 0 0 0 0 1 0 0 4 0 0 1 0 0 0 0 0 2 1 0 0 0 0 1 0 18 0 0 0 0 0 0 0 1 6 0 18 0 19 0 0 0 2 1 0
准确率:    1.0000 (48/48)
----------------------------------------
💾 保存新的最佳模型！验证准确率: 0.9696 (F1: 0.9687) (Epoch 153)

======================================================================
🚀 Epoch 154/200
======================================================================
📚 开始训练阶段...
训练进度: 500/6065 损失=0.0010
训练进度: 1000/6065 损失=0.0154
训练进度: 1500/6065 损失=0.0010
训练进度: 2000/6065 损失=0.0013
训练进度: 2500/6065 损失=0.0090
训练进度: 3000/6065 损失=0.0004
训练进度: 3500/6065 损失=0.0084
训练进度: 4000/6065 损失=0.0150
训练进度: 4500/6065 损失=0.0068
训练进度: 5000/6065 损失=0.0000
训练进度: 5500/6065 损失=0.0045
训练进度: 6000/6065 损失=0.0007
训练进度: 6065/6065 损失=0.0074
✅ 训练完成，耗时: 109.7秒 (1.8分钟)

============================================================
📊 验证决策: Epoch 154/200
   验证间隔: 1
   是否验证: ✅ 是
   原因: 达到验证间隔 (0 == 0)
============================================================

🔍 开始验证...
验证进度: 500/686 损失=0.3837
验证进度: 686/686 损失=2.2290

📊 预测分布分析:
  - 预测的前5个类别: {np.int64(0): 283198, np.int64(1): 37073, np.int64(2): 14678, np.int64(3): 10800, np.int64(4): 8908}
  - 标签的前5个类别: {np.int64(0): 281232, np.int64(1): 36731, np.int64(2): 14789, np.int64(3): 10866, np.int64(4): 8585}
✅ 验证完成，耗时: 4.8秒 (0.1分钟)
训练损失: 0.0034
验证损失: 0.5740
验证准确率: 0.9696 (10630/10964) - 与Levenshtein高度相关
验证F1(加权): 0.9688 - 类别平衡更好
学习率: 0.000013
显存使用: 0.48GB (预留: 0.69GB)

生成的训练样本:
--------------------------------------------------------------------------------
输入:       WQCTK WPWQ LDBR> WYWD YJD> W<BD BWCL>
目标:     0 1 0 0 5 0 0 93 8 0 3 0 1 0 0 15 0 0 36 0 0 3 0 0 0 15 0 0 36 0 0 3 0 0 0 0 4 0
预测:     0 1 0 0 5 0 0 93 8 0 3 0 1 0 0 15 0 0 36 0 0 3 0 0 0 15 0 0 36 0 0 3 0 0 0 0 4 0
准确率:    1.0000 (38/38)
----------------------------------------
输入:       PVJR> WBJWM> CBJ<J> <D<>D> HW LMRJ> PVJR>
目标:     0 0 0 0 4 0 0 1 1 0 0 4 0 0 0 0 0 0 4 0 0 0 0 0 0 4 0 0 0 0 0 1 0 0 0 2 0 0 0 0 4 0
预测:     0 0 0 0 4 0 0 1 1 0 0 4 0 0 0 0 0 0 4 0 0 0 0 0 0 4 0 0 0 0 0 1 0 0 0 2 0 0 0 0 4 0
准确率:    1.0000 (42/42)
----------------------------------------
输入:       >RJMT QLJ WQ<JT CBQH LBCH B>JDJ W<RQ
目标:     0 17 20 0 3 0 0 0 5 0 0 1 0 0 3 0 0 0 0 29 0 0 0 0 37 0 0 35 0 0 2 46 0 1 0 0 3
预测:     0 17 20 0 3 0 0 0 5 0 0 1 0 0 3 0 0 0 0 29 0 0 0 0 37 0 0 35 0 0 2 46 0 1 0 0 3
准确率:    1.0000 (37/37)
----------------------------------------

生成的验证样本:
--------------------------------------------------------------------------------
输入:       KLH NPCHWN B>R<> DB<LDBBJHWN DCBW >NWN WNYLWN
目标:     0 0 5 12 0 0 0 5 0 0 0 0 1 0 0 4 0 0 1 0 0 0 0 0 2 1 0 0 0 0 1 0 18 0 0 0 0 0 0 0 1 6 0 18 0 19
预测:     0 0 5 12 0 0 0 5 0 0 0 0 1 0 0 4 0 0 1 0 0 0 0 0 2 1 0 0 0 0 1 0 18 0 0 0 0 0 0 0 1 6 0 18 0 19
准确率:    1.0000 (46/46)
----------------------------------------
输入:       NPCHWN B>R<> DB<LDBBJHWN DCBW >NWN WNYLWN QDMJK
目标:     0 0 0 5 0 0 0 0 1 0 0 4 0 0 1 0 0 0 0 0 2 1 0 0 0 0 1 0 18 0 0 0 0 0 0 0 1 6 0 18 0 19 0 0 0 2 1 0
预测:     0 0 0 5 0 0 0 0 1 0 0 4 0 0 1 0 0 0 0 0 2 1 0 0 0 0 1 0 18 0 0 0 0 0 0 0 1 6 0 18 0 19 0 0 0 2 1 0
准确率:    1.0000 (48/48)
----------------------------------------
💾 保存新的最佳模型！验证准确率: 0.9696 (F1: 0.9688) (Epoch 154)

======================================================================
🚀 Epoch 155/200
======================================================================
📚 开始训练阶段...
训练进度: 500/6065 损失=0.0004
训练进度: 1000/6065 损失=0.0044
训练进度: 1500/6065 损失=0.0004
训练进度: 2000/6065 损失=0.0027
训练进度: 2500/6065 损失=0.0003
训练进度: 3000/6065 损失=0.0096
训练进度: 3500/6065 损失=0.0036
训练进度: 4000/6065 损失=0.0021
训练进度: 4500/6065 损失=0.0119
训练进度: 5000/6065 损失=0.0038
训练进度: 5500/6065 损失=0.0001
训练进度: 6000/6065 损失=0.0006
训练进度: 6065/6065 损失=0.0352
✅ 训练完成，耗时: 109.5秒 (1.8分钟)

============================================================
📊 验证决策: Epoch 155/200
   验证间隔: 1
   是否验证: ✅ 是
   原因: 达到验证间隔 (0 == 0)
============================================================

🔍 开始验证...
验证进度: 500/686 损失=0.4064
验证进度: 686/686 损失=2.1764

📊 预测分布分析:
  - 预测的前5个类别: {np.int64(0): 283143, np.int64(1): 37055, np.int64(2): 14626, np.int64(3): 10725, np.int64(4): 8987}
  - 标签的前5个类别: {np.int64(0): 281232, np.int64(1): 36731, np.int64(2): 14789, np.int64(3): 10866, np.int64(4): 8585}
✅ 验证完成，耗时: 4.8秒 (0.1分钟)
训练损失: 0.0034
验证损失: 0.5826
验证准确率: 0.9694 (10628/10964) - 与Levenshtein高度相关
验证F1(加权): 0.9686 - 类别平衡更好
学习率: 0.000013
显存使用: 0.48GB (预留: 0.69GB)

生成的训练样本:
--------------------------------------------------------------------------------
输入:       G<T> LCMJ> XRW BCWPR> DVLJ> WBQWMT> DBNJHWN
目标:     0 0 13 9 0 0 1 0 24 9 0 0 31 3 0 0 1 0 0 0 11 0 0 1 0 24 9 0 0 1 1 0 0 13 23 0 0 1 0 2 1 0 0 0
预测:     0 0 13 9 0 0 1 0 24 9 0 0 31 3 0 0 1 0 0 0 11 0 0 1 0 24 9 0 0 1 1 0 0 13 23 0 0 1 0 2 1 0 0 0
准确率:    1.0000 (44/44)
----------------------------------------
输入:       MRJ> LJ<QWB HPWK L>R<> D>BHJK WLTWLDTK W>HW>
目标:     0 0 0 0 2 0 1 0 0 0 0 2 6 0 8 0 3 0 1 0 0 4 0 0 1 0 8 2 1 0 0 1 1 0 0 0 13 32 0 0 1 6 0 10 3
预测:     0 0 0 0 2 0 1 0 0 0 0 2 6 0 8 0 3 0 1 0 0 4 0 0 1 0 8 2 1 0 0 1 1 0 0 0 13 32 0 0 1 6 0 10 3
准确率:    1.0000 (45/45)
----------------------------------------
输入:       BH HW XZJNH LK>NWT> DRGJZ> <L XWBTN
目标:     0 1 0 0 0 12 0 0 0 3 1 0 0 1 0 0 0 2 9 0 0 1 0 8 0 7 27 0 0 0 0 0 0 13 32 0
预测:     0 1 0 0 0 12 0 0 0 3 1 0 0 1 0 0 0 2 9 0 0 1 0 8 0 7 27 0 0 0 0 0 0 13 32 0
准确率:    1.0000 (36/36)
----------------------------------------

生成的验证样本:
--------------------------------------------------------------------------------
输入:       KLH NPCHWN B>R<> DB<LDBBJHWN DCBW >NWN WNYLWN
目标:     0 0 5 12 0 0 0 5 0 0 0 0 1 0 0 4 0 0 1 0 0 0 0 0 2 1 0 0 0 0 1 0 18 0 0 0 0 0 0 0 1 6 0 18 0 19
预测:     0 0 5 12 0 0 0 5 0 0 0 0 1 0 0 4 0 0 1 0 0 0 0 0 2 1 0 0 0 0 1 0 18 0 0 0 0 0 0 0 1 6 0 18 0 19
准确率:    1.0000 (46/46)
----------------------------------------
输入:       NPCHWN B>R<> DB<LDBBJHWN DCBW >NWN WNYLWN QDMJK
目标:     0 0 0 5 0 0 0 0 1 0 0 4 0 0 1 0 0 0 0 0 2 1 0 0 0 0 1 0 18 0 0 0 0 0 0 0 1 6 0 18 0 19 0 0 0 2 1 0
预测:     0 0 0 5 0 0 0 0 1 0 0 4 0 0 1 0 0 0 0 0 2 1 0 0 0 0 1 0 18 0 0 0 0 0 0 0 1 6 0 18 0 19 0 0 0 2 1 0
准确率:    1.0000 (48/48)
----------------------------------------
⏳ 验证无提升 (验证准确率: 0.9694 ≤ 0.9696)，patience: 1/50

======================================================================
🚀 Epoch 156/200
======================================================================
📚 开始训练阶段...
训练进度: 500/6065 损失=0.0063
训练进度: 1000/6065 损失=0.0015
训练进度: 1500/6065 损失=0.0001
训练进度: 2000/6065 损失=0.0002
训练进度: 2500/6065 损失=0.0094
训练进度: 3000/6065 损失=0.0108
训练进度: 3500/6065 损失=0.0028
训练进度: 4000/6065 损失=0.0140
训练进度: 4500/6065 损失=0.0013
训练进度: 5000/6065 损失=0.0073
训练进度: 5500/6065 损失=0.0046
训练进度: 6000/6065 损失=0.0001
训练进度: 6065/6065 损失=0.0002
✅ 训练完成，耗时: 109.3秒 (1.8分钟)

============================================================
📊 验证决策: Epoch 156/200
   验证间隔: 1
   是否验证: ✅ 是
   原因: 达到验证间隔 (0 == 0)
============================================================

🔍 开始验证...
验证进度: 500/686 损失=0.4897
验证进度: 686/686 损失=2.2274

📊 预测分布分析:
  - 预测的前5个类别: {np.int64(0): 283250, np.int64(1): 37047, np.int64(2): 14672, np.int64(3): 10719, np.int64(4): 8954}
  - 标签的前5个类别: {np.int64(0): 281232, np.int64(1): 36731, np.int64(2): 14789, np.int64(3): 10866, np.int64(4): 8585}
✅ 验证完成，耗时: 4.8秒 (0.1分钟)
训练损失: 0.0032
验证损失: 0.5810
验证准确率: 0.9695 (10629/10964) - 与Levenshtein高度相关
验证F1(加权): 0.9686 - 类别平衡更好
学习率: 0.000012
显存使用: 0.48GB (预留: 0.69GB)

生成的训练样本:
--------------------------------------------------------------------------------
输入:       L> TDXLWN WL> TZW<WN MN QDMJHWN MVL
目标:     0 0 0 0 6 0 0 3 0 0 0 1 0 0 0 6 0 0 3 0 0 0 0 0 0 0 0 2 1 0 0 0 0 0 0 0
预测:     0 0 0 0 6 0 0 3 0 0 0 1 0 0 0 6 0 0 3 0 0 0 0 0 0 0 0 2 1 0 0 0 0 0 0 0
准确率:    1.0000 (36/36)
----------------------------------------
输入:       HN> LBJTJ L> T<BDWN Y<R> HN> H>
目标:     0 0 0 0 0 1 0 0 5 0 0 0 0 0 6 0 0 3 0 0 0 0 0 15 0 0 0 0 0 0 0 0
预测:     0 0 0 0 0 1 0 0 5 0 0 0 0 0 6 0 0 3 0 0 0 0 0 15 0 0 0 0 0 0 0 0
准确率:    1.0000 (32/32)
----------------------------------------
输入:       TYWDJWHJ WL> TRDWP BTRH MVL D>TPLV >JK
目标:     0 6 0 0 48 35 0 0 0 0 1 0 0 0 6 0 8 0 3 0 0 0 1 0 0 0 0 0 0 1 0 14 0 0 3 0 0 0 0
预测:     0 6 0 0 48 35 0 0 0 0 1 0 0 0 6 0 8 0 3 0 0 0 1 0 0 0 0 0 0 1 0 14 0 0 3 0 0 0 0
准确率:    1.0000 (39/39)
----------------------------------------

生成的验证样本:
--------------------------------------------------------------------------------
输入:       KLH NPCHWN B>R<> DB<LDBBJHWN DCBW >NWN WNYLWN
目标:     0 0 5 12 0 0 0 5 0 0 0 0 1 0 0 4 0 0 1 0 0 0 0 0 2 1 0 0 0 0 1 0 18 0 0 0 0 0 0 0 1 6 0 18 0 19
预测:     0 0 5 12 0 0 0 5 0 0 0 0 1 0 0 4 0 0 1 0 0 0 0 0 2 1 0 0 0 0 1 0 18 0 0 0 0 0 0 0 1 6 0 18 0 19
准确率:    1.0000 (46/46)
----------------------------------------
输入:       NPCHWN B>R<> DB<LDBBJHWN DCBW >NWN WNYLWN QDMJK
目标:     0 0 0 5 0 0 0 0 1 0 0 4 0 0 1 0 0 0 0 0 2 1 0 0 0 0 1 0 18 0 0 0 0 0 0 0 1 6 0 18 0 19 0 0 0 2 1 0
预测:     0 0 0 5 0 0 0 0 1 0 0 4 0 0 1 0 0 0 0 0 2 1 0 0 0 0 1 0 18 0 0 0 0 0 0 0 1 6 0 18 0 19 0 0 0 2 1 0
准确率:    1.0000 (48/48)
----------------------------------------
⏳ 验证无提升 (验证准确率: 0.9695 ≤ 0.9696)，patience: 2/50

======================================================================
🚀 Epoch 157/200
======================================================================
📚 开始训练阶段...
训练进度: 500/6065 损失=0.0001
训练进度: 1000/6065 损失=0.0045
训练进度: 1500/6065 损失=0.0011
训练进度: 2000/6065 损失=0.0023
训练进度: 2500/6065 损失=0.0005
训练进度: 3000/6065 损失=0.0032
训练进度: 3500/6065 损失=0.0003
训练进度: 4000/6065 损失=0.0059
训练进度: 4500/6065 损失=0.0082
训练进度: 5000/6065 损失=0.0000
训练进度: 5500/6065 损失=0.0157
训练进度: 6000/6065 损失=0.0002
训练进度: 6065/6065 损失=0.0001
✅ 训练完成，耗时: 109.5秒 (1.8分钟)

============================================================
📊 验证决策: Epoch 157/200
   验证间隔: 1
   是否验证: ✅ 是
   原因: 达到验证间隔 (0 == 0)
============================================================

🔍 开始验证...
验证进度: 500/686 损失=0.3599
验证进度: 686/686 损失=2.3194

📊 预测分布分析:
  - 预测的前5个类别: {np.int64(0): 283277, np.int64(1): 37068, np.int64(2): 14681, np.int64(3): 10726, np.int64(4): 8998}
  - 标签的前5个类别: {np.int64(0): 281232, np.int64(1): 36731, np.int64(2): 14789, np.int64(3): 10866, np.int64(4): 8585}
✅ 验证完成，耗时: 4.9秒 (0.1分钟)
训练损失: 0.0032
验证损失: 0.5852
验证准确率: 0.9696 (10630/10964) - 与Levenshtein高度相关
验证F1(加权): 0.9687 - 类别平衡更好
学习率: 0.000012
显存使用: 0.47GB (预留: 0.69GB)

生成的训练样本:
--------------------------------------------------------------------------------
输入:       <ZJL> TKLT> W>RGWN> WYWB<> DZXWRJT> KRWB> <BD>
目标:     0 0 8 0 43 27 0 0 0 13 9 0 0 1 0 0 0 0 4 0 0 1 0 0 0 4 0 0 1 0 0 0 0 2 9 0 0 0 0 0 4 0 0 0 0 55 0
预测:     0 0 8 0 43 27 0 0 0 13 9 0 0 1 0 0 0 0 4 0 0 1 0 0 0 4 0 0 1 0 0 0 0 2 9 0 0 0 0 0 4 0 0 0 0 55 0
准确率:    1.0000 (47/47)
----------------------------------------
输入:       DWKJTHWN W>STDRW BB<L TMR WKM>N> D>JSR>JL MDJQ
目标:     0 0 0 8 2 32 0 0 0 0 1 47 79 0 0 33 0 0 1 0 0 2 0 0 0 2 0 1 0 0 0 4 0 0 1 0 0 0 8 0 0 2 0 28 20 0 7
预测:     0 0 0 8 2 32 0 0 0 0 1 47 79 0 0 33 0 0 1 0 0 2 0 0 0 2 0 1 0 0 0 4 0 0 1 0 0 0 8 0 0 2 0 28 20 0 7
准确率:    1.0000 (47/47)
----------------------------------------
输入:       BQDMJT> LMMR <BWR> WKD >ZLN LBJT BWT>
目标:     0 1 0 0 0 2 9 0 0 1 6 31 49 0 0 0 0 4 0 0 1 0 0 0 0 0 3 0 0 1 0 0 2 0 0 0 15 0
预测:     0 1 0 0 0 2 9 0 0 1 6 31 49 0 0 0 0 4 0 0 1 0 0 0 0 0 3 0 0 1 0 0 2 0 0 0 15 0
准确率:    1.0000 (38/38)
----------------------------------------

生成的验证样本:
--------------------------------------------------------------------------------
输入:       KLH NPCHWN B>R<> DB<LDBBJHWN DCBW >NWN WNYLWN
目标:     0 0 5 12 0 0 0 5 0 0 0 0 1 0 0 4 0 0 1 0 0 0 0 0 2 1 0 0 0 0 1 0 18 0 0 0 0 0 0 0 1 6 0 18 0 19
预测:     0 0 5 12 0 0 0 5 0 0 0 0 1 0 0 4 0 0 1 0 0 0 0 0 2 1 0 0 0 0 1 0 18 0 0 0 0 0 0 0 1 6 0 18 0 19
准确率:    1.0000 (46/46)
----------------------------------------
输入:       NPCHWN B>R<> DB<LDBBJHWN DCBW >NWN WNYLWN QDMJK
目标:     0 0 0 5 0 0 0 0 1 0 0 4 0 0 1 0 0 0 0 0 2 1 0 0 0 0 1 0 18 0 0 0 0 0 0 0 1 6 0 18 0 19 0 0 0 2 1 0
预测:     0 0 0 5 0 0 0 0 1 0 0 4 0 0 1 0 0 0 0 0 2 1 0 0 0 0 1 0 18 0 0 0 0 0 0 0 1 6 0 18 0 19 0 0 0 2 1 0
准确率:    1.0000 (48/48)
----------------------------------------
⏳ 验证无提升 (验证准确率: 0.9696 ≤ 0.9696)，patience: 3/50

======================================================================
🚀 Epoch 158/200
======================================================================
📚 开始训练阶段...
训练进度: 500/6065 损失=0.0059
训练进度: 1000/6065 损失=0.0015
训练进度: 1500/6065 损失=0.0011
训练进度: 2000/6065 损失=0.0019
训练进度: 2500/6065 损失=0.0036
训练进度: 3000/6065 损失=0.0003
训练进度: 3500/6065 损失=0.0005
训练进度: 4000/6065 损失=0.0060
训练进度: 4500/6065 损失=0.0041
训练进度: 5000/6065 损失=0.0120
训练进度: 5500/6065 损失=0.0044
训练进度: 6000/6065 损失=0.0059
训练进度: 6065/6065 损失=0.0261
✅ 训练完成，耗时: 109.9秒 (1.8分钟)

============================================================
📊 验证决策: Epoch 158/200
   验证间隔: 1
   是否验证: ✅ 是
   原因: 达到验证间隔 (0 == 0)
============================================================

🔍 开始验证...
验证进度: 500/686 损失=0.4956
验证进度: 686/686 损失=2.1873

📊 预测分布分析:
  - 预测的前5个类别: {np.int64(0): 283286, np.int64(1): 37052, np.int64(2): 14650, np.int64(3): 10831, np.int64(4): 8996}
  - 标签的前5个类别: {np.int64(0): 281232, np.int64(1): 36731, np.int64(2): 14789, np.int64(3): 10866, np.int64(4): 8585}
✅ 验证完成，耗时: 4.9秒 (0.1分钟)
训练损失: 0.0032
验证损失: 0.5857
验证准确率: 0.9695 (10629/10964) - 与Levenshtein高度相关
验证F1(加权): 0.9686 - 类别平衡更好
学习率: 0.000011
显存使用: 0.48GB (预留: 0.69GB)

生成的训练样本:
--------------------------------------------------------------------------------
输入:       WKL D<BD MCLM L> HKN> RCJ<> >L>
目标:     0 1 0 2 0 1 0 0 7 0 6 0 0 41 0 0 0 0 0 0 0 0 0 0 0 0 11 0 0 0 0 0
预测:     0 1 0 2 0 1 0 0 7 0 6 0 0 41 0 0 0 0 0 0 0 0 0 0 0 0 11 0 0 0 0 0
准确率:    1.0000 (32/32)
----------------------------------------
输入:       WNXT LH LM<L <MHWN LTRCJC LM<RQ MN
目标:     0 1 0 0 3 0 1 12 0 1 6 0 83 0 0 1 0 0 0 0 1 0 0 0 0 2 0 1 6 0 0 7 0 0 0
预测:     0 1 0 0 3 0 1 12 0 1 6 0 83 0 0 1 0 0 0 0 1 0 0 0 0 2 0 1 6 0 0 7 0 0 0
准确率:    1.0000 (35/35)
----------------------------------------
输入:       LJWMN> WHPKW NPQW MN QDM PR<WN W>MRW
目标:     0 1 0 0 0 4 0 0 1 0 0 3 0 0 0 0 3 0 0 0 0 0 0 0 2 0 0 0 0 0 2 0 1 0 0 3 0
预测:     0 1 0 0 0 4 0 0 1 0 0 3 0 0 0 0 3 0 0 0 0 0 0 0 2 0 0 0 0 0 2 0 1 0 0 3 0
准确率:    1.0000 (37/37)
----------------------------------------

生成的验证样本:
--------------------------------------------------------------------------------
输入:       KLH NPCHWN B>R<> DB<LDBBJHWN DCBW >NWN WNYLWN
目标:     0 0 5 12 0 0 0 5 0 0 0 0 1 0 0 4 0 0 1 0 0 0 0 0 2 1 0 0 0 0 1 0 18 0 0 0 0 0 0 0 1 6 0 18 0 19
预测:     0 0 5 12 0 0 0 5 0 0 0 0 1 0 0 4 0 0 1 0 0 0 0 0 2 1 0 0 0 0 1 0 18 0 0 0 0 0 0 0 1 6 0 18 0 19
准确率:    1.0000 (46/46)
----------------------------------------
输入:       NPCHWN B>R<> DB<LDBBJHWN DCBW >NWN WNYLWN QDMJK
目标:     0 0 0 5 0 0 0 0 1 0 0 4 0 0 1 0 0 0 0 0 2 1 0 0 0 0 1 0 18 0 0 0 0 0 0 0 1 6 0 18 0 19 0 0 0 2 1 0
预测:     0 0 0 5 0 0 0 0 1 0 0 4 0 0 1 0 0 0 0 0 2 1 0 0 0 0 1 0 18 0 0 0 0 0 0 0 1 6 0 18 0 19 0 0 0 2 1 0
准确率:    1.0000 (48/48)
----------------------------------------
⏳ 验证无提升 (验证准确率: 0.9695 ≤ 0.9696)，patience: 4/50

======================================================================
🚀 Epoch 159/200
======================================================================
📚 开始训练阶段...
训练进度: 500/6065 损失=0.0041
训练进度: 1000/6065 损失=0.0007
训练进度: 1500/6065 损失=0.0038
训练进度: 2000/6065 损失=0.0038
训练进度: 2500/6065 损失=0.0009
训练进度: 3000/6065 损失=0.0004
训练进度: 3500/6065 损失=0.0004
训练进度: 4000/6065 损失=0.0033
训练进度: 4500/6065 损失=0.0058
训练进度: 5000/6065 损失=0.0002
训练进度: 5500/6065 损失=0.0004
训练进度: 6000/6065 损失=0.0075
训练进度: 6065/6065 损失=0.0027
✅ 训练完成，耗时: 110.0秒 (1.8分钟)

============================================================
📊 验证决策: Epoch 159/200
   验证间隔: 1
   是否验证: ✅ 是
   原因: 达到验证间隔 (0 == 0)
============================================================

🔍 开始验证...
验证进度: 500/686 损失=0.4568
验证进度: 686/686 损失=2.2950

📊 预测分布分析:
  - 预测的前5个类别: {np.int64(0): 283321, np.int64(1): 37051, np.int64(2): 14698, np.int64(3): 10742, np.int64(4): 8902}
  - 标签的前5个类别: {np.int64(0): 281232, np.int64(1): 36731, np.int64(2): 14789, np.int64(3): 10866, np.int64(4): 8585}
✅ 验证完成，耗时: 4.9秒 (0.1分钟)
训练损失: 0.0031
验证损失: 0.5885
验证准确率: 0.9697 (10631/10964) - 与Levenshtein高度相关
验证F1(加权): 0.9688 - 类别平衡更好
学习率: 0.000011
显存使用: 0.48GB (预留: 0.69GB)

生成的训练样本:
--------------------------------------------------------------------------------
输入:       L> NTB>C B<JNJ MRJ MVL DL> MCKX>
目标:     0 0 0 0 21 14 0 0 3 0 1 0 0 2 0 0 0 56 0 0 0 0 0 0 1 0 0 0 28 0 0 7 0
预测:     0 0 0 0 21 14 0 0 3 0 1 0 0 2 0 0 0 56 0 0 0 0 0 0 1 0 0 0 28 0 0 7 0
准确率:    1.0000 (33/33)
----------------------------------------
输入:       LJWRTN> DQBR> TMN >TQBR >BRHM WSR> >NTTH
目标:     0 1 0 0 0 0 4 0 0 1 0 0 15 0 0 0 0 0 0 0 14 0 0 3 0 0 0 0 0 2 0 1 0 0 2 0 0 0 13 1 0
预测:     0 1 0 0 0 0 4 0 0 1 0 0 15 0 0 0 0 0 0 0 14 0 0 3 0 0 0 0 0 2 0 1 0 0 2 0 0 0 13 1 0
准确率:    1.0000 (41/41)
----------------------------------------
输入:       MRJ> >LHK HW <BR QDMJK WHW NWBD
目标:     0 0 0 0 2 0 0 0 5 0 0 0 0 0 0 0 7 0 0 0 2 1 0 0 1 0 0 0 68 0 0 3
预测:     0 0 0 0 2 0 0 0 5 0 0 0 0 0 0 0 7 0 0 0 2 1 0 0 1 0 0 0 68 0 0 3
准确率:    1.0000 (32/32)
----------------------------------------

生成的验证样本:
--------------------------------------------------------------------------------
输入:       KLH NPCHWN B>R<> DB<LDBBJHWN DCBW >NWN WNYLWN
目标:     0 0 5 12 0 0 0 5 0 0 0 0 1 0 0 4 0 0 1 0 0 0 0 0 2 1 0 0 0 0 1 0 18 0 0 0 0 0 0 0 1 6 0 18 0 19
预测:     0 0 5 12 0 0 0 5 0 0 0 0 1 0 0 4 0 0 1 0 0 0 0 0 2 1 0 0 0 0 1 0 18 0 0 0 0 0 0 0 1 6 0 18 0 19
准确率:    1.0000 (46/46)
----------------------------------------
输入:       NPCHWN B>R<> DB<LDBBJHWN DCBW >NWN WNYLWN QDMJK
目标:     0 0 0 5 0 0 0 0 1 0 0 4 0 0 1 0 0 0 0 0 2 1 0 0 0 0 1 0 18 0 0 0 0 0 0 0 1 6 0 18 0 19 0 0 0 2 1 0
预测:     0 0 0 5 0 0 0 0 1 0 0 4 0 0 1 0 0 0 0 0 2 1 0 0 0 0 1 0 18 0 0 0 0 0 0 0 1 6 0 18 0 19 0 0 0 2 1 0
准确率:    1.0000 (48/48)
----------------------------------------
💾 保存新的最佳模型！验证准确率: 0.9697 (F1: 0.9688) (Epoch 159)

======================================================================
🚀 Epoch 160/200
======================================================================
📚 开始训练阶段...
训练进度: 500/6065 损失=0.0091
训练进度: 1000/6065 损失=0.0118
训练进度: 1500/6065 损失=0.0059
训练进度: 2000/6065 损失=0.0048
训练进度: 2500/6065 损失=0.0001
训练进度: 3000/6065 损失=0.0038
训练进度: 3500/6065 损失=0.0038
训练进度: 4000/6065 损失=0.0080
训练进度: 4500/6065 损失=0.0004
训练进度: 5000/6065 损失=0.0001
训练进度: 5500/6065 损失=0.0001
训练进度: 6000/6065 损失=0.0033
训练进度: 6065/6065 损失=0.0008
✅ 训练完成，耗时: 109.9秒 (1.8分钟)

============================================================
📊 验证决策: Epoch 160/200
   验证间隔: 1
   是否验证: ✅ 是
   原因: 达到验证间隔 (0 == 0)
============================================================

🔍 开始验证...
验证进度: 500/686 损失=0.4305
验证进度: 686/686 损失=2.2955

📊 预测分布分析:
  - 预测的前5个类别: {np.int64(0): 283342, np.int64(1): 37055, np.int64(2): 14662, np.int64(3): 10737, np.int64(4): 9045}
  - 标签的前5个类别: {np.int64(0): 281232, np.int64(1): 36731, np.int64(2): 14789, np.int64(3): 10866, np.int64(4): 8585}
✅ 验证完成，耗时: 4.9秒 (0.1分钟)
训练损失: 0.0030
验证损失: 0.5891
验证准确率: 0.9696 (10630/10964) - 与Levenshtein高度相关
验证F1(加权): 0.9687 - 类别平衡更好
学习率: 0.000011
显存使用: 0.47GB (预留: 0.69GB)

生成的训练样本:
--------------------------------------------------------------------------------
输入:       LRMC> WC>LW BMRJ> W>MRJN NWSP TWB LMQRBW
目标:     0 1 0 0 4 0 0 1 0 0 3 0 0 1 0 0 0 2 0 1 0 0 7 0 0 0 142 0 0 3 0 0 0 0 0 1 6 0 0 7 19
预测:     0 1 0 0 4 0 0 1 0 0 3 0 0 1 0 0 0 2 0 1 0 0 7 0 0 0 142 0 0 3 0 0 0 0 0 1 6 0 0 7 19
准确率:    1.0000 (41/41)
----------------------------------------
输入:       ZR<H DNMRWD GNBR> JHB MLK> MLK> VB>
目标:     0 0 0 5 0 0 1 0 0 0 0 2 0 0 0 0 4 0 0 0 0 3 0 0 0 4 0 0 0 0 55 0 0 0 4 0
预测:     0 0 0 5 0 0 1 0 0 0 0 2 0 0 0 0 4 0 0 0 0 3 0 0 0 4 0 0 0 0 55 0 0 0 4 0
准确率:    1.0000 (36/36)
----------------------------------------
输入:       L> JTB >L> >N BNMWSH DMRJ> YBJN>
目标:     0 0 0 0 0 0 3 0 88 0 0 0 0 0 0 1 0 0 0 5 0 0 1 0 0 0 2 0 0 0 0 4 0
预测:     0 0 0 0 0 0 3 0 88 0 0 0 0 0 0 1 0 0 0 5 0 0 1 0 0 0 2 0 0 0 0 4 0
准确率:    1.0000 (33/33)
----------------------------------------

生成的验证样本:
--------------------------------------------------------------------------------
输入:       KLH NPCHWN B>R<> DB<LDBBJHWN DCBW >NWN WNYLWN
目标:     0 0 5 12 0 0 0 5 0 0 0 0 1 0 0 4 0 0 1 0 0 0 0 0 2 1 0 0 0 0 1 0 18 0 0 0 0 0 0 0 1 6 0 18 0 19
预测:     0 0 5 12 0 0 0 5 0 0 0 0 1 0 0 4 0 0 1 0 0 0 0 0 2 1 0 0 0 0 1 0 18 0 0 0 0 0 0 0 1 6 0 18 0 19
准确率:    1.0000 (46/46)
----------------------------------------
输入:       NPCHWN B>R<> DB<LDBBJHWN DCBW >NWN WNYLWN QDMJK
目标:     0 0 0 5 0 0 0 0 1 0 0 4 0 0 1 0 0 0 0 0 2 1 0 0 0 0 1 0 18 0 0 0 0 0 0 0 1 6 0 18 0 19 0 0 0 2 1 0
预测:     0 0 0 5 0 0 0 0 1 0 0 4 0 0 1 0 0 0 0 0 2 1 0 0 0 0 1 0 18 0 0 0 0 0 0 0 1 6 0 18 0 19 0 0 0 2 1 0
准确率:    1.0000 (48/48)
----------------------------------------
⏳ 验证无提升 (验证准确率: 0.9696 ≤ 0.9697)，patience: 1/50

======================================================================
🚀 Epoch 161/200
======================================================================
📚 开始训练阶段...
训练进度: 500/6065 损失=0.0000
训练进度: 1000/6065 损失=0.0044
训练进度: 1500/6065 损失=0.0000
训练进度: 2000/6065 损失=0.0004
训练进度: 2500/6065 损失=0.0001
训练进度: 3000/6065 损失=0.0005
训练进度: 3500/6065 损失=0.0004
训练进度: 4000/6065 损失=0.0001
训练进度: 4500/6065 损失=0.0009
训练进度: 5000/6065 损失=0.0053
训练进度: 5500/6065 损失=0.0051
训练进度: 6000/6065 损失=0.0020
训练进度: 6065/6065 损失=0.0049
✅ 训练完成，耗时: 110.0秒 (1.8分钟)

============================================================
📊 验证决策: Epoch 161/200
   验证间隔: 1
   是否验证: ✅ 是
   原因: 达到验证间隔 (0 == 0)
============================================================

🔍 开始验证...
验证进度: 500/686 损失=0.5554
验证进度: 686/686 损失=2.1335

📊 预测分布分析:
  - 预测的前5个类别: {np.int64(0): 283191, np.int64(1): 37076, np.int64(2): 14707, np.int64(3): 10770, np.int64(4): 8982}
  - 标签的前5个类别: {np.int64(0): 281232, np.int64(1): 36731, np.int64(2): 14789, np.int64(3): 10866, np.int64(4): 8585}
✅ 验证完成，耗时: 4.9秒 (0.1分钟)
训练损失: 0.0030
验证损失: 0.5915
验证准确率: 0.9696 (10630/10964) - 与Levenshtein高度相关
验证F1(加权): 0.9687 - 类别平衡更好
学习率: 0.000010
显存使用: 0.47GB (预留: 0.69GB)

生成的训练样本:
--------------------------------------------------------------------------------
输入:       WLPSLJ K>P> LMZBN QJS> WK>P> PSJLT> LMBDQ
目标:     0 1 1 0 0 7 0 0 0 0 11 0 0 1 6 0 0 49 0 0 0 11 0 0 1 0 0 11 0 0 0 8 0 7 23 27 0 1 6 0 0 7
预测:     0 1 1 0 0 7 0 0 0 0 11 0 0 1 6 0 0 49 0 0 0 11 0 0 1 0 0 11 0 0 0 8 0 7 23 27 0 1 6 0 0 7
准确率:    1.0000 (42/42)
----------------------------------------
输入:       BJD LWXM> D>BDN> QR> LN LTJBWT> WBJD
目标:     0 1 0 2 0 0 0 0 4 0 0 1 0 0 0 4 0 0 0 42 0 0 1 0 0 1 0 0 0 2 9 0 0 1 1 0 2
预测:     0 1 0 2 0 0 0 0 4 0 0 1 0 0 0 4 0 0 0 42 0 0 1 0 0 1 0 0 0 2 9 0 0 1 1 0 2
准确率:    1.0000 (37/37)
----------------------------------------
输入:       LKWN TMN LMMLLW <MKWN W>TW<D TMN LBNJ
目标:     0 1 0 0 0 0 0 0 0 0 1 6 0 0 7 19 0 0 1 0 0 0 0 1 21 14 0 0 77 0 0 0 0 0 1 0 2 0
预测:     0 1 0 0 0 0 0 0 0 0 1 6 0 0 7 19 0 0 1 0 0 0 0 1 21 14 0 0 77 0 0 0 0 0 1 0 2 0
准确率:    1.0000 (38/38)
----------------------------------------

生成的验证样本:
--------------------------------------------------------------------------------
输入:       KLH NPCHWN B>R<> DB<LDBBJHWN DCBW >NWN WNYLWN
目标:     0 0 5 12 0 0 0 5 0 0 0 0 1 0 0 4 0 0 1 0 0 0 0 0 2 1 0 0 0 0 1 0 18 0 0 0 0 0 0 0 1 6 0 18 0 19
预测:     0 0 5 12 0 0 0 5 0 0 0 0 1 0 0 4 0 0 1 0 0 0 0 0 2 1 0 0 0 0 1 0 18 0 0 0 0 0 0 0 1 6 0 18 0 19
准确率:    1.0000 (46/46)
----------------------------------------
输入:       NPCHWN B>R<> DB<LDBBJHWN DCBW >NWN WNYLWN QDMJK
目标:     0 0 0 5 0 0 0 0 1 0 0 4 0 0 1 0 0 0 0 0 2 1 0 0 0 0 1 0 18 0 0 0 0 0 0 0 1 6 0 18 0 19 0 0 0 2 1 0
预测:     0 0 0 5 0 0 0 0 1 0 0 4 0 0 1 0 0 0 0 0 2 1 0 0 0 0 1 0 18 0 0 0 0 0 0 0 1 6 0 18 0 19 0 0 0 2 1 0
准确率:    1.0000 (48/48)
----------------------------------------
⏳ 验证无提升 (验证准确率: 0.9696 ≤ 0.9697)，patience: 2/50

======================================================================
🚀 Epoch 162/200
======================================================================
📚 开始训练阶段...
训练进度: 500/6065 损失=0.0006
训练进度: 1000/6065 损失=0.0033
训练进度: 1500/6065 损失=0.0019
训练进度: 2000/6065 损失=0.0033
训练进度: 2500/6065 损失=0.0012
训练进度: 3000/6065 损失=0.0012
训练进度: 3500/6065 损失=0.0015
训练进度: 4000/6065 损失=0.0070
训练进度: 4500/6065 损失=0.0041
训练进度: 5000/6065 损失=0.0029
训练进度: 5500/6065 损失=0.0061
训练进度: 6000/6065 损失=0.0002
训练进度: 6065/6065 损失=0.0002
✅ 训练完成，耗时: 109.8秒 (1.8分钟)

============================================================
📊 验证决策: Epoch 162/200
   验证间隔: 1
   是否验证: ✅ 是
   原因: 达到验证间隔 (0 == 0)
============================================================

🔍 开始验证...
验证进度: 500/686 损失=0.4319
验证进度: 686/686 损失=2.1329

📊 预测分布分析:
  - 预测的前5个类别: {np.int64(0): 283248, np.int64(1): 37087, np.int64(2): 14728, np.int64(3): 10800, np.int64(4): 8919}
  - 标签的前5个类别: {np.int64(0): 281232, np.int64(1): 36731, np.int64(2): 14789, np.int64(3): 10866, np.int64(4): 8585}
✅ 验证完成，耗时: 4.9秒 (0.1分钟)
训练损失: 0.0028
验证损失: 0.5938
验证准确率: 0.9697 (10631/10964) - 与Levenshtein高度相关
验证F1(加权): 0.9688 - 类别平衡更好
学习率: 0.000010
显存使用: 0.48GB (预留: 0.69GB)

生成的训练样本:
--------------------------------------------------------------------------------
输入:       <DM> L<LM CMJ> MCT<JN CWBXH D>LH> W<BD
目标:     0 0 0 0 0 0 1 0 0 2 0 0 24 9 0 0 45 39 0 42 0 19 0 0 0 0 5 0 0 1 0 0 4 0 0 1 0 0 62
预测:     0 0 0 0 0 0 1 0 0 2 0 0 24 9 0 0 45 39 0 42 0 19 0 0 0 0 5 0 0 1 0 0 4 0 0 1 0 0 62
准确率:    1.0000 (39/39)
----------------------------------------
输入:       PWRQN> GLJ>JT M>MRH DMRJ> M>MR> HW DKJ>
目标:     0 0 0 0 0 4 0 0 0 0 0 0 0 0 0 0 0 0 5 0 0 1 0 0 0 2 0 0 0 0 4 0 0 0 12 0 0 0 43 27
预测:     0 0 0 0 0 4 0 0 0 0 0 0 0 0 0 0 0 0 5 0 0 1 0 0 0 2 0 0 0 0 4 0 0 0 12 0 0 0 43 27
准确率:    1.0000 (40/40)
----------------------------------------
输入:       >KWTJ NQJM LH MRJ> >LHK LH HWJTWN
目标:     0 0 0 0 1 0 0 28 20 0 3 0 1 0 0 0 0 0 2 0 0 0 5 0 0 1 0 0 0 0 3 0 0 0
预测:     0 0 0 0 1 0 0 28 20 0 3 0 1 0 0 0 0 0 2 0 0 0 5 0 0 1 0 0 0 0 3 0 0 0
准确率:    1.0000 (34/34)
----------------------------------------

生成的验证样本:
--------------------------------------------------------------------------------
输入:       KLH NPCHWN B>R<> DB<LDBBJHWN DCBW >NWN WNYLWN
目标:     0 0 5 12 0 0 0 5 0 0 0 0 1 0 0 4 0 0 1 0 0 0 0 0 2 1 0 0 0 0 1 0 18 0 0 0 0 0 0 0 1 6 0 18 0 19
预测:     0 0 5 12 0 0 0 5 0 0 0 0 1 0 0 4 0 0 1 0 0 0 0 0 2 1 0 0 0 0 1 0 18 0 0 0 0 0 0 0 1 6 0 18 0 19
准确率:    1.0000 (46/46)
----------------------------------------
输入:       NPCHWN B>R<> DB<LDBBJHWN DCBW >NWN WNYLWN QDMJK
目标:     0 0 0 5 0 0 0 0 1 0 0 4 0 0 1 0 0 0 0 0 2 1 0 0 0 0 1 0 18 0 0 0 0 0 0 0 1 6 0 18 0 19 0 0 0 2 1 0
预测:     0 0 0 5 0 0 0 0 1 0 0 4 0 0 1 0 0 0 0 0 2 1 0 0 0 0 1 0 18 0 0 0 0 0 0 0 1 6 0 18 0 19 0 0 0 2 1 0
准确率:    1.0000 (48/48)
----------------------------------------
💾 保存新的最佳模型！验证准确率: 0.9697 (F1: 0.9688) (Epoch 162)

======================================================================
🚀 Epoch 163/200
======================================================================
📚 开始训练阶段...
训练进度: 500/6065 损失=0.0229
训练进度: 1000/6065 损失=0.0014
训练进度: 1500/6065 损失=0.0004
训练进度: 2000/6065 损失=0.0001
训练进度: 2500/6065 损失=0.0165
训练进度: 3000/6065 损失=0.0013
训练进度: 3500/6065 损失=0.0002
训练进度: 4000/6065 损失=0.0003
训练进度: 4500/6065 损失=0.0024
训练进度: 5000/6065 损失=0.0034
训练进度: 5500/6065 损失=0.0005
训练进度: 6000/6065 损失=0.0002
训练进度: 6065/6065 损失=0.0095
✅ 训练完成，耗时: 109.8秒 (1.8分钟)

============================================================
📊 验证决策: Epoch 163/200
   验证间隔: 1
   是否验证: ✅ 是
   原因: 达到验证间隔 (0 == 0)
============================================================

🔍 开始验证...
验证进度: 500/686 损失=0.5659
验证进度: 686/686 损失=2.0939

📊 预测分布分析:
  - 预测的前5个类别: {np.int64(0): 283312, np.int64(1): 37057, np.int64(2): 14722, np.int64(3): 10735, np.int64(4): 8942}
  - 标签的前5个类别: {np.int64(0): 281232, np.int64(1): 36731, np.int64(2): 14789, np.int64(3): 10866, np.int64(4): 8585}
✅ 验证完成，耗时: 4.9秒 (0.1分钟)
训练损失: 0.0027
验证损失: 0.5968
验证准确率: 0.9696 (10631/10964) - 与Levenshtein高度相关
验证F1(加权): 0.9688 - 类别平衡更好
学习率: 0.000009
显存使用: 0.48GB (预留: 0.69GB)

生成的训练样本:
--------------------------------------------------------------------------------
输入:       >NWN WL> CD> >NWN MN QDMWHJ <DM>
目标:     0 0 0 0 0 0 1 0 0 0 0 10 3 0 0 0 0 0 0 0 0 0 0 0 25 1 0 0 0 0 0 0 0
预测:     0 0 0 0 0 0 1 0 0 0 0 10 3 0 0 0 0 0 0 0 0 0 0 0 25 1 0 0 0 0 0 0 0
准确率:    1.0000 (33/33)
----------------------------------------
输入:       >TXJL DL> T>KWL DM> MVL DDM> NPC>
目标:     6 0 14 0 0 77 0 1 0 0 0 6 0 8 0 3 0 0 4 0 0 0 0 0 0 1 0 4 0 0 0 0 4 0
预测:     6 0 14 0 0 77 0 1 0 0 0 6 0 8 0 3 0 0 4 0 0 0 0 0 0 1 0 4 0 0 0 0 4 0
准确率:    1.0000 (34/34)
----------------------------------------
输入:       WT>RTJH WTTB BH WT>MR >QJM <LJ MLK>
目标:     0 1 73 0 0 48 1 12 0 1 52 0 3 0 1 12 0 1 6 0 0 3 6 17 20 0 3 0 0 1 0 0 0 0 4 0
预测:     0 1 73 0 0 48 1 12 0 1 52 0 3 0 1 12 0 1 6 0 0 3 6 17 20 0 3 0 0 1 0 0 0 0 4 0
准确率:    1.0000 (36/36)
----------------------------------------

生成的验证样本:
--------------------------------------------------------------------------------
输入:       KLH NPCHWN B>R<> DB<LDBBJHWN DCBW >NWN WNYLWN
目标:     0 0 5 12 0 0 0 5 0 0 0 0 1 0 0 4 0 0 1 0 0 0 0 0 2 1 0 0 0 0 1 0 18 0 0 0 0 0 0 0 1 6 0 18 0 19
预测:     0 0 5 12 0 0 0 5 0 0 0 0 1 0 0 4 0 0 1 0 0 0 0 0 2 1 0 0 0 0 1 0 18 0 0 0 0 0 0 0 1 6 0 18 0 19
准确率:    1.0000 (46/46)
----------------------------------------
输入:       NPCHWN B>R<> DB<LDBBJHWN DCBW >NWN WNYLWN QDMJK
目标:     0 0 0 5 0 0 0 0 1 0 0 4 0 0 1 0 0 0 0 0 2 1 0 0 0 0 1 0 18 0 0 0 0 0 0 0 1 6 0 18 0 19 0 0 0 2 1 0
预测:     0 0 0 5 0 0 0 0 1 0 0 4 0 0 1 0 0 0 0 0 2 1 0 0 0 0 1 0 18 0 0 0 0 0 0 0 1 6 0 18 0 19 0 0 0 2 1 0
准确率:    1.0000 (48/48)
----------------------------------------
⏳ 验证无提升 (验证准确率: 0.9696 ≤ 0.9697)，patience: 1/50

======================================================================
🚀 Epoch 164/200
======================================================================
📚 开始训练阶段...
训练进度: 500/6065 损失=0.0080
训练进度: 1000/6065 损失=0.0000
训练进度: 1500/6065 损失=0.0001
训练进度: 2000/6065 损失=0.0004
训练进度: 2500/6065 损失=0.0011
训练进度: 3000/6065 损失=0.0007
训练进度: 3500/6065 损失=0.0007
训练进度: 4000/6065 损失=0.0002
训练进度: 4500/6065 损失=0.0007
训练进度: 5000/6065 损失=0.0010
训练进度: 5500/6065 损失=0.0088
训练进度: 6000/6065 损失=0.0005
训练进度: 6065/6065 损失=0.0042
✅ 训练完成，耗时: 109.9秒 (1.8分钟)

============================================================
📊 验证决策: Epoch 164/200
   验证间隔: 1
   是否验证: ✅ 是
   原因: 达到验证间隔 (0 == 0)
============================================================

🔍 开始验证...
验证进度: 500/686 损失=0.4181
验证进度: 686/686 损失=2.1573

📊 预测分布分析:
  - 预测的前5个类别: {np.int64(0): 283252, np.int64(1): 37049, np.int64(2): 14707, np.int64(3): 10759, np.int64(4): 8946}
  - 标签的前5个类别: {np.int64(0): 281232, np.int64(1): 36731, np.int64(2): 14789, np.int64(3): 10866, np.int64(4): 8585}
✅ 验证完成，耗时: 4.9秒 (0.1分钟)
训练损失: 0.0027
验证损失: 0.5975
验证准确率: 0.9695 (10629/10964) - 与Levenshtein高度相关
验证F1(加权): 0.9687 - 类别平衡更好
学习率: 0.000009
显存使用: 0.48GB (预留: 0.69GB)

生成的训练样本:
--------------------------------------------------------------------------------
输入:       DBNJ J<QN LMWSR> TMN MJT >HRWN W>TQBR
目标:     0 1 0 2 0 0 0 0 0 2 0 1 0 0 0 0 2 0 0 0 0 0 20 0 3 0 0 0 0 0 2 0 1 0 14 0 0 3
预测:     0 1 0 2 0 0 0 0 0 2 0 1 0 0 0 0 2 0 0 0 0 0 20 0 3 0 0 0 0 0 2 0 1 0 14 0 0 3
准确率:    1.0000 (38/38)
----------------------------------------
输入:       W>SQPJH WXZWRJH WCWCNJH MNH NHWWN WCT> QNJN
目标:     0 1 0 0 0 2 1 12 0 1 0 0 0 2 1 12 0 1 0 0 0 2 1 12 0 0 1 12 0 6 0 18 0 0 0 1 0 2 0 0 0 108 0 0
预测:     0 1 0 0 0 2 1 12 0 1 0 0 0 2 1 12 0 1 0 0 0 2 1 12 0 0 1 12 0 6 0 18 0 0 0 1 0 2 0 0 0 108 0 0
准确率:    1.0000 (44/44)
----------------------------------------
输入:       QJMJN >JK DMLPJN LN KJNJHWN QLJL> WJQJR>
目标:     0 20 0 7 0 0 0 0 0 0 0 1 52 0 7 0 19 0 1 0 0 0 0 2 1 0 0 0 0 0 0 0 11 0 0 1 0 0 0 11 0
预测:     0 20 0 7 0 0 0 0 0 0 0 1 52 0 7 0 19 0 1 0 0 0 0 2 1 0 0 0 0 0 0 0 11 0 0 1 0 0 0 11 0
准确率:    1.0000 (41/41)
----------------------------------------

生成的验证样本:
--------------------------------------------------------------------------------
输入:       KLH NPCHWN B>R<> DB<LDBBJHWN DCBW >NWN WNYLWN
目标:     0 0 5 12 0 0 0 5 0 0 0 0 1 0 0 4 0 0 1 0 0 0 0 0 2 1 0 0 0 0 1 0 18 0 0 0 0 0 0 0 1 6 0 18 0 19
预测:     0 0 5 12 0 0 0 5 0 0 0 0 1 0 0 4 0 0 1 0 0 0 0 0 2 1 0 0 0 0 1 0 18 0 0 0 0 0 0 0 1 6 0 18 0 19
准确率:    1.0000 (46/46)
----------------------------------------
输入:       NPCHWN B>R<> DB<LDBBJHWN DCBW >NWN WNYLWN QDMJK
目标:     0 0 0 5 0 0 0 0 1 0 0 4 0 0 1 0 0 0 0 0 2 1 0 0 0 0 1 0 18 0 0 0 0 0 0 0 1 6 0 18 0 19 0 0 0 2 1 0
预测:     0 0 0 5 0 0 0 0 1 0 0 4 0 0 1 0 0 0 0 0 2 1 0 0 0 0 1 0 18 0 0 0 0 0 0 0 1 6 0 18 0 19 0 0 0 2 1 0
准确率:    1.0000 (48/48)
----------------------------------------
⏳ 验证无提升 (验证准确率: 0.9695 ≤ 0.9697)，patience: 2/50

======================================================================
🚀 Epoch 165/200
======================================================================
📚 开始训练阶段...
训练进度: 500/6065 损失=0.0033
训练进度: 1000/6065 损失=0.0000
训练进度: 1500/6065 损失=0.0032
训练进度: 2000/6065 损失=0.0007
训练进度: 2500/6065 损失=0.0006
训练进度: 3000/6065 损失=0.0002
训练进度: 3500/6065 损失=0.0001
训练进度: 4000/6065 损失=0.0019
训练进度: 4500/6065 损失=0.0001
训练进度: 5000/6065 损失=0.0001
训练进度: 5500/6065 损失=0.0028
训练进度: 6000/6065 损失=0.0003
训练进度: 6065/6065 损失=0.0031
✅ 训练完成，耗时: 110.0秒 (1.8分钟)

============================================================
📊 验证决策: Epoch 165/200
   验证间隔: 1
   是否验证: ✅ 是
   原因: 达到验证间隔 (0 == 0)
============================================================

🔍 开始验证...
验证进度: 500/686 损失=0.4832
验证进度: 686/686 损失=2.2608

📊 预测分布分析:
  - 预测的前5个类别: {np.int64(0): 283269, np.int64(1): 37084, np.int64(2): 14696, np.int64(3): 10759, np.int64(4): 8958}
  - 标签的前5个类别: {np.int64(0): 281232, np.int64(1): 36731, np.int64(2): 14789, np.int64(3): 10866, np.int64(4): 8585}
✅ 验证完成，耗时: 4.9秒 (0.1分钟)
训练损失: 0.0026
验证损失: 0.6024
验证准确率: 0.9696 (10630/10964) - 与Levenshtein高度相关
验证F1(加权): 0.9687 - 类别平衡更好
学习率: 0.000008
显存使用: 0.48GB (预留: 0.69GB)

生成的训练样本:
--------------------------------------------------------------------------------
输入:       W>PQK MRJ> >LHK HKN> N<BD MRJ> >LHK
目标:     0 1 72 0 29 0 0 0 0 0 2 0 0 0 5 0 0 0 0 0 0 0 6 0 0 3 0 0 0 0 2 0 0 0 5 0
预测:     0 1 72 0 29 0 0 0 0 0 2 0 0 0 5 0 0 0 0 0 0 0 6 0 0 3 0 0 0 0 2 0 0 0 5 0
准确率:    1.0000 (36/36)
----------------------------------------
输入:       >JK BBT> D<JN> WBVLL> DKNPJK STRJNJ MN
目标:     0 0 0 0 0 0 13 9 0 0 1 0 0 4 0 0 1 1 0 0 4 0 0 1 0 0 2 1 0 6 0 0 48 67 0 0 0 0 0
预测:     0 0 0 0 0 0 13 9 0 0 1 0 0 4 0 0 1 1 0 0 4 0 0 1 0 0 2 1 0 6 0 0 48 67 0 0 0 0 0
准确率:    1.0000 (39/39)
----------------------------------------
输入:       ZWJT> NHWWN WNHWWN TMNJ> DPJN WSMKJHWN DS>M>
目标:     0 0 0 2 23 0 0 6 0 18 0 0 0 1 6 0 18 0 0 0 0 0 8 0 2 0 0 2 0 0 0 1 0 0 22 1 0 0 0 0 1 0 0 4 0
预测:     0 0 0 2 23 0 0 6 0 18 0 0 0 1 6 0 18 0 0 0 0 0 8 0 2 0 0 2 0 0 0 1 0 0 22 1 0 0 0 0 1 0 0 4 0
准确率:    1.0000 (45/45)
----------------------------------------

生成的验证样本:
--------------------------------------------------------------------------------
输入:       KLH NPCHWN B>R<> DB<LDBBJHWN DCBW >NWN WNYLWN
目标:     0 0 5 12 0 0 0 5 0 0 0 0 1 0 0 4 0 0 1 0 0 0 0 0 2 1 0 0 0 0 1 0 18 0 0 0 0 0 0 0 1 6 0 18 0 19
预测:     0 0 5 12 0 0 0 5 0 0 0 0 1 0 0 4 0 0 1 0 0 0 0 0 2 1 0 0 0 0 1 0 18 0 0 0 0 0 0 0 1 6 0 18 0 19
准确率:    1.0000 (46/46)
----------------------------------------
输入:       NPCHWN B>R<> DB<LDBBJHWN DCBW >NWN WNYLWN QDMJK
目标:     0 0 0 5 0 0 0 0 1 0 0 4 0 0 1 0 0 0 0 0 2 1 0 0 0 0 1 0 18 0 0 0 0 0 0 0 1 6 0 18 0 19 0 0 0 2 1 0
预测:     0 0 0 5 0 0 0 0 1 0 0 4 0 0 1 0 0 0 0 0 2 1 0 0 0 0 1 0 18 0 0 0 0 0 0 0 1 6 0 18 0 19 0 0 0 2 1 0
准确率:    1.0000 (48/48)
----------------------------------------
⏳ 验证无提升 (验证准确率: 0.9696 ≤ 0.9697)，patience: 3/50

======================================================================
🚀 Epoch 166/200
======================================================================
📚 开始训练阶段...
训练进度: 500/6065 损失=0.0004
训练进度: 1000/6065 损失=0.0004
训练进度: 1500/6065 损失=0.0031
训练进度: 2000/6065 损失=0.0001
训练进度: 2500/6065 损失=0.0007
训练进度: 3000/6065 损失=0.0218
训练进度: 3500/6065 损失=0.0006
训练进度: 4000/6065 损失=0.0005
训练进度: 4500/6065 损失=0.0008
训练进度: 5000/6065 损失=0.0001
训练进度: 5500/6065 损失=0.0001
训练进度: 6000/6065 损失=0.0001
训练进度: 6065/6065 损失=0.0078
✅ 训练完成，耗时: 109.8秒 (1.8分钟)

============================================================
📊 验证决策: Epoch 166/200
   验证间隔: 1
   是否验证: ✅ 是
   原因: 达到验证间隔 (0 == 0)
============================================================

🔍 开始验证...
验证进度: 500/686 损失=0.4399
验证进度: 686/686 损失=2.2542

📊 预测分布分析:
  - 预测的前5个类别: {np.int64(0): 283275, np.int64(1): 37084, np.int64(2): 14736, np.int64(3): 10781, np.int64(4): 8960}
  - 标签的前5个类别: {np.int64(0): 281232, np.int64(1): 36731, np.int64(2): 14789, np.int64(3): 10866, np.int64(4): 8585}
✅ 验证完成，耗时: 4.9秒 (0.1分钟)
训练损失: 0.0026
验证损失: 0.6031
验证准确率: 0.9695 (10629/10964) - 与Levenshtein高度相关
验证F1(加权): 0.9686 - 类别平衡更好
学习率: 0.000008
显存使用: 0.48GB (预留: 0.69GB)

生成的训练样本:
--------------------------------------------------------------------------------
输入:       >NTT> <MRN HWJN BBJT> XD WJLDT <MH
目标:     0 0 0 13 9 0 0 0 0 7 0 0 0 0 3 0 0 1 0 0 4 0 0 0 2 0 1 0 0 3 0 0 0 1 12
预测:     0 0 0 13 9 0 0 0 0 7 0 0 0 0 3 0 0 1 0 0 4 0 0 0 2 0 1 0 0 3 0 0 0 1 12
准确率:    1.0000 (35/35)
----------------------------------------
输入:       CB<> DKR> WNQBT> WMN B<JR> DL> HWT
目标:     0 0 0 2 0 0 0 0 30 0 0 1 0 0 2 23 0 0 1 0 0 0 0 0 0 4 0 0 1 0 0 0 0 18 26
预测:     0 0 0 2 0 0 0 0 30 0 0 1 0 0 2 23 0 0 1 0 0 0 0 0 0 4 0 0 1 0 0 0 0 18 26
准确率:    1.0000 (35/35)
----------------------------------------
输入:       >R<> DJHB LKWN MRJ> >LHKWN B<BR> DJWRDNN
目标:     0 0 0 4 0 0 1 0 0 7 0 1 0 0 0 0 0 0 0 2 0 0 0 5 0 0 0 0 1 0 0 15 0 0 1 0 0 0 0 0 2
预测:     0 0 0 4 0 0 1 0 0 7 0 1 0 0 0 0 0 0 0 2 0 0 0 5 0 0 0 0 1 0 0 15 0 0 1 0 0 0 0 0 2
准确率:    1.0000 (41/41)
----------------------------------------

生成的验证样本:
--------------------------------------------------------------------------------
输入:       KLH NPCHWN B>R<> DB<LDBBJHWN DCBW >NWN WNYLWN
目标:     0 0 5 12 0 0 0 5 0 0 0 0 1 0 0 4 0 0 1 0 0 0 0 0 2 1 0 0 0 0 1 0 18 0 0 0 0 0 0 0 1 6 0 18 0 19
预测:     0 0 5 12 0 0 0 5 0 0 0 0 1 0 0 4 0 0 1 0 0 0 0 0 2 1 0 0 0 0 1 0 18 0 0 0 0 0 0 0 1 6 0 18 0 19
准确率:    1.0000 (46/46)
----------------------------------------
输入:       NPCHWN B>R<> DB<LDBBJHWN DCBW >NWN WNYLWN QDMJK
目标:     0 0 0 5 0 0 0 0 1 0 0 4 0 0 1 0 0 0 0 0 2 1 0 0 0 0 1 0 18 0 0 0 0 0 0 0 1 6 0 18 0 19 0 0 0 2 1 0
预测:     0 0 0 5 0 0 0 0 1 0 0 4 0 0 1 0 0 0 0 0 2 1 0 0 0 0 1 0 18 0 0 0 0 0 0 0 1 6 0 18 0 19 0 0 0 2 1 0
准确率:    1.0000 (48/48)
----------------------------------------
⏳ 验证无提升 (验证准确率: 0.9695 ≤ 0.9697)，patience: 4/50

======================================================================
🚀 Epoch 167/200
======================================================================
📚 开始训练阶段...
训练进度: 500/6065 损失=0.0014
训练进度: 1000/6065 损失=0.0023
训练进度: 1500/6065 损失=0.0000
训练进度: 2000/6065 损失=0.0008
训练进度: 2500/6065 损失=0.0002
训练进度: 3000/6065 损失=0.0001
训练进度: 3500/6065 损失=0.0004
训练进度: 4000/6065 损失=0.0006
训练进度: 4500/6065 损失=0.0046
训练进度: 5000/6065 损失=0.0050
训练进度: 5500/6065 损失=0.0009
训练进度: 6000/6065 损失=0.0047
训练进度: 6065/6065 损失=0.0002
✅ 训练完成，耗时: 109.7秒 (1.8分钟)

============================================================
📊 验证决策: Epoch 167/200
   验证间隔: 1
   是否验证: ✅ 是
   原因: 达到验证间隔 (0 == 0)
============================================================

🔍 开始验证...
验证进度: 500/686 损失=0.5354
验证进度: 686/686 损失=2.2331

📊 预测分布分析:
  - 预测的前5个类别: {np.int64(0): 283281, np.int64(1): 37078, np.int64(2): 14697, np.int64(3): 10837, np.int64(4): 8999}
  - 标签的前5个类别: {np.int64(0): 281232, np.int64(1): 36731, np.int64(2): 14789, np.int64(3): 10866, np.int64(4): 8585}
✅ 验证完成，耗时: 4.9秒 (0.1分钟)
训练损失: 0.0026
验证损失: 0.6076
验证准确率: 0.9696 (10630/10964) - 与Levenshtein高度相关
验证F1(加权): 0.9687 - 类别平衡更好
学习率: 0.000008
显存使用: 0.48GB (预留: 0.69GB)

生成的训练样本:
--------------------------------------------------------------------------------
输入:       BRC< MLK> D<MWR> WCN>B MLK> D>DM> WCM>JR
目标:     0 0 0 0 2 0 0 0 4 0 0 1 0 0 0 0 2 0 1 0 0 0 2 0 0 0 4 0 0 1 0 0 0 22 0 1 0 0 0 0 2
预测:     0 0 0 0 2 0 0 0 4 0 0 1 0 0 0 0 2 0 1 0 0 0 2 0 0 0 4 0 0 1 0 0 0 22 0 1 0 0 0 0 2
准确率:    1.0000 (41/41)
----------------------------------------
输入:       >TR> HW QDJC> W>MR >N> >N> >LHH
目标:     0 0 0 4 0 0 0 0 0 0 0 0 4 0 0 1 0 0 3 0 0 0 0 0 0 0 0 0 0 0 5 0
预测:     0 0 0 4 0 0 0 0 0 0 0 0 4 0 0 1 0 0 3 0 0 0 0 0 0 0 0 0 0 0 5 0
准确率:    1.0000 (32/32)
----------------------------------------
输入:       WLXMCJN D<MK WNXTT NWRH D>LH> MN CMJ>
目标:     0 1 1 0 0 0 0 2 0 1 0 1 0 0 1 0 0 3 26 0 0 0 5 0 0 1 0 0 4 0 0 0 0 0 0 24 9 0
预测:     0 1 1 0 0 0 0 2 0 1 0 1 0 0 1 0 0 3 26 0 0 0 5 0 0 1 0 0 4 0 0 0 0 0 0 24 9 0
准确率:    1.0000 (38/38)
----------------------------------------

生成的验证样本:
--------------------------------------------------------------------------------
输入:       KLH NPCHWN B>R<> DB<LDBBJHWN DCBW >NWN WNYLWN
目标:     0 0 5 12 0 0 0 5 0 0 0 0 1 0 0 4 0 0 1 0 0 0 0 0 2 1 0 0 0 0 1 0 18 0 0 0 0 0 0 0 1 6 0 18 0 19
预测:     0 0 5 12 0 0 0 5 0 0 0 0 1 0 0 4 0 0 1 0 0 0 0 0 2 1 0 0 0 0 1 0 18 0 0 0 0 0 0 0 1 6 0 18 0 19
准确率:    1.0000 (46/46)
----------------------------------------
输入:       NPCHWN B>R<> DB<LDBBJHWN DCBW >NWN WNYLWN QDMJK
目标:     0 0 0 5 0 0 0 0 1 0 0 4 0 0 1 0 0 0 0 0 2 1 0 0 0 0 1 0 18 0 0 0 0 0 0 0 1 6 0 18 0 19 0 0 0 2 1 0
预测:     0 0 0 5 0 0 0 0 1 0 0 4 0 0 1 0 0 0 0 0 2 1 0 0 0 0 1 0 18 0 0 0 0 0 0 0 1 6 0 18 0 19 0 0 0 2 1 0
准确率:    1.0000 (48/48)
----------------------------------------
⏳ 验证无提升 (验证准确率: 0.9696 ≤ 0.9697)，patience: 5/50

======================================================================
🚀 Epoch 168/200
======================================================================
📚 开始训练阶段...
训练进度: 500/6065 损失=0.0004
训练进度: 1000/6065 损失=0.0008
训练进度: 1500/6065 损失=0.0041
训练进度: 2000/6065 损失=0.0014
训练进度: 2500/6065 损失=0.0015
训练进度: 3000/6065 损失=0.0028
训练进度: 3500/6065 损失=0.0001
训练进度: 4000/6065 损失=0.0001
训练进度: 4500/6065 损失=0.0003
训练进度: 5000/6065 损失=0.0004
训练进度: 5500/6065 损失=0.0002
训练进度: 6000/6065 损失=0.0001
训练进度: 6065/6065 损失=0.0050
✅ 训练完成，耗时: 109.9秒 (1.8分钟)

============================================================
📊 验证决策: Epoch 168/200
   验证间隔: 1
   是否验证: ✅ 是
   原因: 达到验证间隔 (0 == 0)
============================================================

🔍 开始验证...
验证进度: 500/686 损失=0.5426
验证进度: 686/686 损失=2.1964

📊 预测分布分析:
  - 预测的前5个类别: {np.int64(0): 283211, np.int64(1): 37093, np.int64(2): 14707, np.int64(3): 10753, np.int64(4): 8986}
  - 标签的前5个类别: {np.int64(0): 281232, np.int64(1): 36731, np.int64(2): 14789, np.int64(3): 10866, np.int64(4): 8585}
✅ 验证完成，耗时: 4.9秒 (0.1分钟)
训练损失: 0.0025
验证损失: 0.6084
验证准确率: 0.9695 (10629/10964) - 与Levenshtein高度相关
验证F1(加权): 0.9686 - 类别平衡更好
学习率: 0.000007
显存使用: 0.48GB (预留: 0.69GB)

生成的训练样本:
--------------------------------------------------------------------------------
输入:       L> ><BR W<DKJL <M> MDBXJN HWW WSJMJN
目标:     0 0 0 0 17 0 0 3 0 1 0 0 0 0 0 0 0 15 0 0 6 0 0 7 0 19 0 0 18 0 0 1 20 0 7 0 0
预测:     0 0 0 0 17 0 0 3 0 1 0 0 0 0 0 0 0 15 0 0 6 0 0 7 0 19 0 0 18 0 0 1 20 0 7 0 0
准确率:    1.0000 (37/37)
----------------------------------------
输入:       >JDWHJ MVL DMNC> HW> BWKR> WBRK J<QWB
目标:     8 0 0 25 1 0 0 0 0 0 0 0 1 0 0 0 2 0 0 10 3 0 0 0 0 4 0 0 1 0 0 16 0 0 0 0 0 2
预测:     8 0 0 25 1 0 0 0 0 0 0 0 1 0 0 0 2 0 0 10 3 0 0 0 0 4 0 0 1 0 0 16 0 0 0 0 0 2
准确率:    1.0000 (38/38)
----------------------------------------
输入:       <BRTWN <L <BDKWN W>MRW HKN> T<BD >JK
目标:     0 0 0 3 0 0 0 0 0 0 0 0 0 37 0 0 0 0 1 0 0 3 0 0 0 0 0 0 0 6 0 0 3 0 0 0 0
预测:     0 0 0 3 0 0 0 0 0 0 0 0 0 37 0 0 0 0 1 0 0 3 0 0 0 0 0 0 0 6 0 0 3 0 0 0 0
准确率:    1.0000 (37/37)
----------------------------------------

生成的验证样本:
--------------------------------------------------------------------------------
输入:       KLH NPCHWN B>R<> DB<LDBBJHWN DCBW >NWN WNYLWN
目标:     0 0 5 12 0 0 0 5 0 0 0 0 1 0 0 4 0 0 1 0 0 0 0 0 2 1 0 0 0 0 1 0 18 0 0 0 0 0 0 0 1 6 0 18 0 19
预测:     0 0 5 12 0 0 0 5 0 0 0 0 1 0 0 4 0 0 1 0 0 0 0 0 2 1 0 0 0 0 1 0 18 0 0 0 0 0 0 0 1 6 0 18 0 19
准确率:    1.0000 (46/46)
----------------------------------------
输入:       NPCHWN B>R<> DB<LDBBJHWN DCBW >NWN WNYLWN QDMJK
目标:     0 0 0 5 0 0 0 0 1 0 0 4 0 0 1 0 0 0 0 0 2 1 0 0 0 0 1 0 18 0 0 0 0 0 0 0 1 6 0 18 0 19 0 0 0 2 1 0
预测:     0 0 0 5 0 0 0 0 1 0 0 4 0 0 1 0 0 0 0 0 2 1 0 0 0 0 1 0 18 0 0 0 0 0 0 0 1 6 0 18 0 19 0 0 0 2 1 0
准确率:    1.0000 (48/48)
----------------------------------------
⏳ 验证无提升 (验证准确率: 0.9695 ≤ 0.9697)，patience: 6/50

======================================================================
🚀 Epoch 169/200
======================================================================
📚 开始训练阶段...
训练进度: 500/6065 损失=0.0005
训练进度: 1000/6065 损失=0.0001
训练进度: 1500/6065 损失=0.0287
训练进度: 2000/6065 损失=0.0036
训练进度: 2500/6065 损失=0.0047
训练进度: 3000/6065 损失=0.0012
训练进度: 3500/6065 损失=0.0014
训练进度: 4000/6065 损失=0.0003
训练进度: 4500/6065 损失=0.0122
训练进度: 5000/6065 损失=0.0065
训练进度: 5500/6065 损失=0.0005
训练进度: 6000/6065 损失=0.0209
训练进度: 6065/6065 损失=0.0004
✅ 训练完成，耗时: 109.5秒 (1.8分钟)

============================================================
📊 验证决策: Epoch 169/200
   验证间隔: 1
   是否验证: ✅ 是
   原因: 达到验证间隔 (0 == 0)
============================================================

🔍 开始验证...
验证进度: 500/686 损失=0.5835
验证进度: 686/686 损失=2.1747

📊 预测分布分析:
  - 预测的前5个类别: {np.int64(0): 283265, np.int64(1): 37059, np.int64(2): 14705, np.int64(3): 10754, np.int64(4): 9018}
  - 标签的前5个类别: {np.int64(0): 281232, np.int64(1): 36731, np.int64(2): 14789, np.int64(3): 10866, np.int64(4): 8585}
✅ 验证完成，耗时: 4.9秒 (0.1分钟)
训练损失: 0.0025
验证损失: 0.6061
验证准确率: 0.9696 (10630/10964) - 与Levenshtein高度相关
验证F1(加权): 0.9687 - 类别平衡更好
学习率: 0.000007
显存使用: 0.48GB (预留: 0.69GB)

生成的训练样本:
--------------------------------------------------------------------------------
输入:       LH >MJR LJ GJR BDWKT> >XRT> DBLQ>
目标:     0 1 12 0 0 8 0 40 0 1 0 0 0 0 0 0 1 0 0 2 9 0 0 0 0 126 9 0 0 1 0 0 49 0
预测:     0 1 12 0 0 8 0 40 0 1 0 0 0 0 0 0 1 0 0 2 9 0 0 0 0 126 9 0 0 1 0 0 49 0
准确率:    1.0000 (34/34)
----------------------------------------
输入:       HN> MVL DKLHWN QPJSJN B>WYR> WL<DN ZBNHWN
目标:     0 0 0 0 0 0 0 0 0 1 0 5 0 0 0 0 0 8 0 7 0 27 0 1 0 0 0 4 0 0 1 1 0 0 2 0 0 0 5 0 0 0
预测:     0 0 0 0 0 0 0 0 0 1 0 5 0 0 0 0 0 8 0 7 0 27 0 1 0 0 0 4 0 0 1 1 0 0 2 0 0 0 5 0 0 0
准确率:    1.0000 (42/42)
----------------------------------------
输入:       >ZDHRW L> TSQWN LVWR> WL> TTQRBWN LCPWLWHJ
目标:     6 47 85 0 0 3 0 0 0 0 0 6 64 3 0 0 0 1 0 0 4 0 0 1 0 0 0 21 14 0 0 3 0 0 0 1 0 0 0 25 1 0 0
预测:     6 47 85 0 0 3 0 0 0 0 0 6 64 3 0 0 0 1 0 0 4 0 0 1 0 0 0 21 14 0 0 3 0 0 0 1 0 0 0 25 1 0 0
准确率:    1.0000 (43/43)
----------------------------------------

生成的验证样本:
--------------------------------------------------------------------------------
输入:       KLH NPCHWN B>R<> DB<LDBBJHWN DCBW >NWN WNYLWN
目标:     0 0 5 12 0 0 0 5 0 0 0 0 1 0 0 4 0 0 1 0 0 0 0 0 2 1 0 0 0 0 1 0 18 0 0 0 0 0 0 0 1 6 0 18 0 19
预测:     0 0 5 12 0 0 0 5 0 0 0 0 1 0 0 4 0 0 1 0 0 0 0 0 2 1 0 0 0 0 1 0 18 0 0 0 0 0 0 0 1 6 0 18 0 19
准确率:    1.0000 (46/46)
----------------------------------------
输入:       NPCHWN B>R<> DB<LDBBJHWN DCBW >NWN WNYLWN QDMJK
目标:     0 0 0 5 0 0 0 0 1 0 0 4 0 0 1 0 0 0 0 0 2 1 0 0 0 0 1 0 18 0 0 0 0 0 0 0 1 6 0 18 0 19 0 0 0 2 1 0
预测:     0 0 0 5 0 0 0 0 1 0 0 4 0 0 1 0 0 0 0 0 2 1 0 0 0 0 1 0 18 0 0 0 0 0 0 0 1 6 0 18 0 19 0 0 0 2 1 0
准确率:    1.0000 (48/48)
----------------------------------------
⏳ 验证无提升 (验证准确率: 0.9696 ≤ 0.9697)，patience: 7/50

======================================================================
🚀 Epoch 170/200
======================================================================
📚 开始训练阶段...
训练进度: 500/6065 损失=0.0001
训练进度: 1000/6065 损失=0.0002
训练进度: 1500/6065 损失=0.0001
训练进度: 2000/6065 损失=0.0000
训练进度: 2500/6065 损失=0.0003
训练进度: 3000/6065 损失=0.0051
训练进度: 3500/6065 损失=0.0006
训练进度: 4000/6065 损失=0.0000
训练进度: 4500/6065 损失=0.0008
训练进度: 5000/6065 损失=0.0038
训练进度: 5500/6065 损失=0.0156
训练进度: 6000/6065 损失=0.0010
训练进度: 6065/6065 损失=0.0015
✅ 训练完成，耗时: 109.8秒 (1.8分钟)

============================================================
📊 验证决策: Epoch 170/200
   验证间隔: 1
   是否验证: ✅ 是
   原因: 达到验证间隔 (0 == 0)
============================================================

🔍 开始验证...
验证进度: 500/686 损失=0.5338
验证进度: 686/686 损失=2.1947

📊 预测分布分析:
  - 预测的前5个类别: {np.int64(0): 283355, np.int64(1): 37076, np.int64(2): 14695, np.int64(3): 10800, np.int64(4): 8934}
  - 标签的前5个类别: {np.int64(0): 281232, np.int64(1): 36731, np.int64(2): 14789, np.int64(3): 10866, np.int64(4): 8585}
✅ 验证完成，耗时: 4.9秒 (0.1分钟)
训练损失: 0.0025
验证损失: 0.6130
验证准确率: 0.9696 (10630/10964) - 与Levenshtein高度相关
验证F1(加权): 0.9687 - 类别平衡更好
学习率: 0.000006
显存使用: 0.48GB (预留: 0.69GB)

生成的训练样本:
--------------------------------------------------------------------------------
输入:       PRYWP> DJLK HDJRWT> BJMJN> DJLK LCWLM> YLWT>
目标:     0 0 0 0 0 4 0 0 0 0 1 0 0 0 0 0 0 2 9 0 0 1 0 0 0 4 0 0 0 0 1 0 0 1 0 0 0 4 0 0 0 0 2 9 0
预测:     0 0 0 0 0 4 0 0 0 0 1 0 0 0 0 0 0 2 9 0 0 1 0 0 0 4 0 0 0 0 1 0 0 1 0 0 0 4 0 0 0 0 2 9 0
准确率:    1.0000 (45/45)
----------------------------------------
输入:       LHWN XVJT ZBNT> HD> MRJ> ZDJQ W>N>
目标:     0 1 0 0 0 0 0 0 3 0 0 0 0 13 9 0 0 0 0 0 0 0 0 0 2 0 0 0 0 2 0 1 0 0 0
预测:     0 1 0 0 0 0 0 0 3 0 0 0 0 13 9 0 0 0 0 0 0 0 0 0 2 0 0 0 0 2 0 1 0 0 0
准确率:    1.0000 (35/35)
----------------------------------------
输入:       LJ KLHJN RWRBT> D<BD >LJC< WKD MCT<>
目标:     0 1 0 0 0 5 0 0 0 0 0 0 0 2 23 0 0 1 0 0 3 0 0 0 0 0 2 0 1 0 0 0 45 39 0 10 41
预测:     0 1 0 0 0 5 0 0 0 0 0 0 0 2 23 0 0 1 0 0 3 0 0 0 0 0 2 0 1 0 0 0 45 39 0 10 41
准确率:    1.0000 (37/37)
----------------------------------------

生成的验证样本:
--------------------------------------------------------------------------------
输入:       KLH NPCHWN B>R<> DB<LDBBJHWN DCBW >NWN WNYLWN
目标:     0 0 5 12 0 0 0 5 0 0 0 0 1 0 0 4 0 0 1 0 0 0 0 0 2 1 0 0 0 0 1 0 18 0 0 0 0 0 0 0 1 6 0 18 0 19
预测:     0 0 5 12 0 0 0 5 0 0 0 0 1 0 0 4 0 0 1 0 0 0 0 0 2 1 0 0 0 0 1 0 18 0 0 0 0 0 0 0 1 6 0 18 0 19
准确率:    1.0000 (46/46)
----------------------------------------
输入:       NPCHWN B>R<> DB<LDBBJHWN DCBW >NWN WNYLWN QDMJK
目标:     0 0 0 5 0 0 0 0 1 0 0 4 0 0 1 0 0 0 0 0 2 1 0 0 0 0 1 0 18 0 0 0 0 0 0 0 1 6 0 18 0 19 0 0 0 2 1 0
预测:     0 0 0 5 0 0 0 0 1 0 0 4 0 0 1 0 0 0 0 0 2 1 0 0 0 0 1 0 18 0 0 0 0 0 0 0 1 6 0 18 0 19 0 0 0 2 1 0
准确率:    1.0000 (48/48)
----------------------------------------
⏳ 验证无提升 (验证准确率: 0.9696 ≤ 0.9697)，patience: 8/50

======================================================================
🚀 Epoch 171/200
======================================================================
📚 开始训练阶段...
训练进度: 500/6065 损失=0.0001
训练进度: 1000/6065 损失=0.0005
训练进度: 1500/6065 损失=0.0035
训练进度: 2000/6065 损失=0.0006
训练进度: 2500/6065 损失=0.0019
训练进度: 3000/6065 损失=0.0005
训练进度: 3500/6065 损失=0.0173
训练进度: 4000/6065 损失=0.0009
训练进度: 4500/6065 损失=0.0011
训练进度: 5000/6065 损失=0.0057
训练进度: 5500/6065 损失=0.0007
训练进度: 6000/6065 损失=0.0012
训练进度: 6065/6065 损失=0.0099
✅ 训练完成，耗时: 109.7秒 (1.8分钟)

============================================================
📊 验证决策: Epoch 171/200
   验证间隔: 1
   是否验证: ✅ 是
   原因: 达到验证间隔 (0 == 0)
============================================================

🔍 开始验证...
验证进度: 500/686 损失=0.5744
验证进度: 686/686 损失=2.2557

📊 预测分布分析:
  - 预测的前5个类别: {np.int64(0): 283207, np.int64(1): 37082, np.int64(2): 14732, np.int64(3): 10814, np.int64(4): 8913}
  - 标签的前5个类别: {np.int64(0): 281232, np.int64(1): 36731, np.int64(2): 14789, np.int64(3): 10866, np.int64(4): 8585}
✅ 验证完成，耗时: 4.9秒 (0.1分钟)
训练损失: 0.0024
验证损失: 0.6083
验证准确率: 0.9694 (10628/10964) - 与Levenshtein高度相关
验证F1(加权): 0.9686 - 类别平衡更好
学习率: 0.000006
显存使用: 0.48GB (预留: 0.69GB)

生成的训练样本:
--------------------------------------------------------------------------------
输入:       >CBQK <DM> D><BD MDM D>MRT LK W>TT<JR
目标:     0 6 0 0 29 0 0 0 0 0 0 0 1 6 0 0 3 0 0 0 2 0 1 0 0 3 0 0 1 0 0 1 0 76 17 20 0 3
预测:     0 6 0 0 29 0 0 0 0 0 0 0 1 6 0 0 3 0 0 0 2 0 1 0 0 3 0 0 1 0 0 1 0 76 17 20 0 3
准确率:    1.0000 (38/38)
----------------------------------------
输入:       XD> DL> THW> >R<> XRB> WTSG> <LJK
目标:     0 0 2 0 0 1 0 0 0 6 0 10 3 0 0 0 4 0 0 0 0 62 0 0 1 28 0 10 3 0 0 8 1 0
预测:     0 0 2 0 0 1 0 0 0 6 0 10 3 0 0 0 4 0 0 0 0 62 0 0 1 28 0 10 3 0 0 8 1 0
准确率:    1.0000 (34/34)
----------------------------------------
输入:       >B> LSWG>> D<MM> WL> NTQR> TWB CMK
目标:     0 0 4 0 0 1 0 0 0 4 0 0 1 0 8 30 0 0 1 0 0 0 21 14 0 10 3 0 0 0 0 0 0 5 0
预测:     0 0 4 0 0 1 0 0 0 4 0 0 1 0 8 30 0 0 1 0 0 0 21 14 0 10 3 0 0 0 0 0 0 5 0
准确率:    1.0000 (35/35)
----------------------------------------

生成的验证样本:
--------------------------------------------------------------------------------
输入:       KLH NPCHWN B>R<> DB<LDBBJHWN DCBW >NWN WNYLWN
目标:     0 0 5 12 0 0 0 5 0 0 0 0 1 0 0 4 0 0 1 0 0 0 0 0 2 1 0 0 0 0 1 0 18 0 0 0 0 0 0 0 1 6 0 18 0 19
预测:     0 0 5 12 0 0 0 5 0 0 0 0 1 0 0 4 0 0 1 0 0 0 0 0 2 1 0 0 0 0 1 0 18 0 0 0 0 0 0 0 1 6 0 18 0 19
准确率:    1.0000 (46/46)
----------------------------------------
输入:       NPCHWN B>R<> DB<LDBBJHWN DCBW >NWN WNYLWN QDMJK
目标:     0 0 0 5 0 0 0 0 1 0 0 4 0 0 1 0 0 0 0 0 2 1 0 0 0 0 1 0 18 0 0 0 0 0 0 0 1 6 0 18 0 19 0 0 0 2 1 0
预测:     0 0 0 5 0 0 0 0 1 0 0 4 0 0 1 0 0 0 0 0 2 1 0 0 0 0 1 0 18 0 0 0 0 0 0 0 1 6 0 18 0 19 0 0 0 2 1 0
准确率:    1.0000 (48/48)
----------------------------------------
⏳ 验证无提升 (验证准确率: 0.9694 ≤ 0.9697)，patience: 9/50

======================================================================
🚀 Epoch 172/200
======================================================================
📚 开始训练阶段...
训练进度: 500/6065 损失=0.0001
训练进度: 1000/6065 损失=0.0012
训练进度: 1500/6065 损失=0.0003
训练进度: 2000/6065 损失=0.0001
训练进度: 2500/6065 损失=0.0002
训练进度: 3000/6065 损失=0.0001
训练进度: 3500/6065 损失=0.0141
训练进度: 4000/6065 损失=0.0004
训练进度: 4500/6065 损失=0.0013
训练进度: 5000/6065 损失=0.0005
训练进度: 5500/6065 损失=0.0001
训练进度: 6000/6065 损失=0.0056
训练进度: 6065/6065 损失=0.0013
✅ 训练完成，耗时: 109.7秒 (1.8分钟)

============================================================
📊 验证决策: Epoch 172/200
   验证间隔: 1
   是否验证: ✅ 是
   原因: 达到验证间隔 (0 == 0)
============================================================

🔍 开始验证...
验证进度: 500/686 损失=0.6490
验证进度: 686/686 损失=2.2149

📊 预测分布分析:
  - 预测的前5个类别: {np.int64(0): 283390, np.int64(1): 37083, np.int64(2): 14711, np.int64(3): 10772, np.int64(4): 8989}
  - 标签的前5个类别: {np.int64(0): 281232, np.int64(1): 36731, np.int64(2): 14789, np.int64(3): 10866, np.int64(4): 8585}
✅ 验证完成，耗时: 4.9秒 (0.1分钟)
训练损失: 0.0024
验证损失: 0.6126
验证准确率: 0.9696 (10630/10964) - 与Levenshtein高度相关
验证F1(加权): 0.9686 - 类别平衡更好
学习率: 0.000006
显存使用: 0.48GB (预留: 0.69GB)

生成的训练样本:
--------------------------------------------------------------------------------
输入:       DDL> JWTRN RWGZ> RB> NKRZ LN >JKN
目标:     0 1 1 0 0 0 0 0 0 0 2 0 8 0 31 4 0 0 0 4 0 0 28 0 0 3 0 1 0 0 0 0 0 0
预测:     0 1 1 0 0 0 0 0 0 0 2 0 8 0 31 4 0 0 0 4 0 0 28 0 0 3 0 1 0 0 0 0 0 0
准确率:    1.0000 (34/34)
----------------------------------------
输入:       >R<> DMYRJN WPRQKWN MN BJT <BDWT> DNV<JK
目标:     0 0 0 4 0 0 1 0 0 0 0 2 0 1 0 0 29 0 0 0 0 0 0 0 0 0 2 0 0 0 0 2 9 0 0 1 28 0 0 29 0
预测:     0 0 0 4 0 0 1 0 0 0 0 2 0 1 0 0 29 0 0 0 0 0 0 0 0 0 2 0 0 0 0 2 9 0 0 1 28 0 0 29 0
准确率:    1.0000 (41/41)
----------------------------------------
输入:       >BJ <L >PJKWN WCD> NPCH MN QBWL
目标:     0 0 5 0 0 0 0 0 54 2 1 0 0 0 0 1 0 10 3 0 0 0 5 0 0 0 0 0 31 8 0 2
预测:     0 0 5 0 0 0 0 0 54 2 1 0 0 0 0 1 0 10 3 0 0 0 5 0 0 0 0 0 31 8 0 2
准确率:    1.0000 (32/32)
----------------------------------------

生成的验证样本:
--------------------------------------------------------------------------------
输入:       KLH NPCHWN B>R<> DB<LDBBJHWN DCBW >NWN WNYLWN
目标:     0 0 5 12 0 0 0 5 0 0 0 0 1 0 0 4 0 0 1 0 0 0 0 0 2 1 0 0 0 0 1 0 18 0 0 0 0 0 0 0 1 6 0 18 0 19
预测:     0 0 5 12 0 0 0 5 0 0 0 0 1 0 0 4 0 0 1 0 0 0 0 0 2 1 0 0 0 0 1 0 18 0 0 0 0 0 0 0 1 6 0 18 0 19
准确率:    1.0000 (46/46)
----------------------------------------
输入:       NPCHWN B>R<> DB<LDBBJHWN DCBW >NWN WNYLWN QDMJK
目标:     0 0 0 5 0 0 0 0 1 0 0 4 0 0 1 0 0 0 0 0 2 1 0 0 0 0 1 0 18 0 0 0 0 0 0 0 1 6 0 18 0 19 0 0 0 2 1 0
预测:     0 0 0 5 0 0 0 0 1 0 0 4 0 0 1 0 0 0 0 0 2 1 0 0 0 0 1 0 18 0 0 0 0 0 0 0 1 6 0 18 0 19 0 0 0 2 1 0
准确率:    1.0000 (48/48)
----------------------------------------
⏳ 验证无提升 (验证准确率: 0.9696 ≤ 0.9697)，patience: 10/50

======================================================================
🚀 Epoch 173/200
======================================================================
📚 开始训练阶段...
训练进度: 500/6065 损失=0.0066
训练进度: 1000/6065 损失=0.0001
训练进度: 1500/6065 损失=0.0002
训练进度: 2000/6065 损失=0.0000
训练进度: 2500/6065 损失=0.0001
训练进度: 3000/6065 损失=0.0009
训练进度: 3500/6065 损失=0.0001
训练进度: 4000/6065 损失=0.0090
训练进度: 4500/6065 损失=0.0001
训练进度: 5000/6065 损失=0.0001
训练进度: 5500/6065 损失=0.0000
训练进度: 6000/6065 损失=0.0000
训练进度: 6065/6065 损失=0.0011
✅ 训练完成，耗时: 109.6秒 (1.8分钟)

============================================================
📊 验证决策: Epoch 173/200
   验证间隔: 1
   是否验证: ✅ 是
   原因: 达到验证间隔 (0 == 0)
============================================================

🔍 开始验证...
验证进度: 500/686 损失=0.4998
验证进度: 686/686 损失=2.2095

📊 预测分布分析:
  - 预测的前5个类别: {np.int64(0): 283268, np.int64(1): 37091, np.int64(2): 14673, np.int64(3): 10770, np.int64(4): 8914}
  - 标签的前5个类别: {np.int64(0): 281232, np.int64(1): 36731, np.int64(2): 14789, np.int64(3): 10866, np.int64(4): 8585}
✅ 验证完成，耗时: 4.9秒 (0.1分钟)
训练损失: 0.0023
验证损失: 0.6127
验证准确率: 0.9695 (10629/10964) - 与Levenshtein高度相关
验证F1(加权): 0.9687 - 类别平衡更好
学习率: 0.000005
显存使用: 0.48GB (预留: 0.69GB)

生成的训练样本:
--------------------------------------------------------------------------------
输入:       DL> T>MR LJ >L> >N CRJRT> BCMH
目标:     0 1 0 0 0 6 0 0 3 0 1 0 0 0 0 0 0 0 0 0 0 8 0 49 9 27 0 1 0 5 0
预测:     0 1 0 0 0 6 0 0 3 0 1 0 0 0 0 0 0 0 0 0 0 8 0 49 9 27 0 1 0 5 0
准确率:    1.0000 (31/31)
----------------------------------------
输入:       BN >P >NT >P BRK >P BR
目标:     0 1 0 0 0 0 0 0 0 0 0 0 0 0 0 5 0 0 0 0 0 0 2
预测:     0 1 0 0 0 0 0 0 0 0 0 0 0 0 0 5 0 0 0 0 0 0 2
准确率:    1.0000 (23/23)
----------------------------------------
输入:       WMN BTR TLT CNJN >PQ KLH M<SR>
目标:     0 1 0 0 0 0 0 0 0 0 0 2 0 0 13 0 0 6 72 0 3 0 0 5 0 0 0 0 0 4 0
预测:     0 1 0 0 0 0 0 0 0 0 0 2 0 0 13 0 0 6 72 0 3 0 0 5 0 0 0 0 0 4 0
准确率:    1.0000 (31/31)
----------------------------------------

生成的验证样本:
--------------------------------------------------------------------------------
输入:       KLH NPCHWN B>R<> DB<LDBBJHWN DCBW >NWN WNYLWN
目标:     0 0 5 12 0 0 0 5 0 0 0 0 1 0 0 4 0 0 1 0 0 0 0 0 2 1 0 0 0 0 1 0 18 0 0 0 0 0 0 0 1 6 0 18 0 19
预测:     0 0 5 12 0 0 0 5 0 0 0 0 1 0 0 4 0 0 1 0 0 0 0 0 2 1 0 0 0 0 1 0 18 0 0 0 0 0 0 0 1 6 0 18 0 19
准确率:    1.0000 (46/46)
----------------------------------------
输入:       NPCHWN B>R<> DB<LDBBJHWN DCBW >NWN WNYLWN QDMJK
目标:     0 0 0 5 0 0 0 0 1 0 0 4 0 0 1 0 0 0 0 0 2 1 0 0 0 0 1 0 18 0 0 0 0 0 0 0 1 6 0 18 0 19 0 0 0 2 1 0
预测:     0 0 0 5 0 0 0 0 1 0 0 4 0 0 1 0 0 0 0 0 2 1 0 0 0 0 1 0 18 0 0 0 0 0 0 0 1 6 0 18 0 19 0 0 0 2 1 0
准确率:    1.0000 (48/48)
----------------------------------------
⏳ 验证无提升 (验证准确率: 0.9695 ≤ 0.9697)，patience: 11/50

======================================================================
🚀 Epoch 174/200
======================================================================
📚 开始训练阶段...
训练进度: 500/6065 损失=0.0013
训练进度: 1000/6065 损失=0.0053
训练进度: 1500/6065 损失=0.0035
训练进度: 2000/6065 损失=0.0001
训练进度: 2500/6065 损失=0.0097
训练进度: 3000/6065 损失=0.0003
训练进度: 3500/6065 损失=0.0081
训练进度: 4000/6065 损失=0.0007
训练进度: 4500/6065 损失=0.0018
训练进度: 5000/6065 损失=0.0003
训练进度: 5500/6065 损失=0.0002
训练进度: 6000/6065 损失=0.0002
训练进度: 6065/6065 损失=0.0001
✅ 训练完成，耗时: 109.9秒 (1.8分钟)

============================================================
📊 验证决策: Epoch 174/200
   验证间隔: 1
   是否验证: ✅ 是
   原因: 达到验证间隔 (0 == 0)
============================================================

🔍 开始验证...
验证进度: 500/686 损失=0.5178
验证进度: 686/686 损失=2.3115

📊 预测分布分析:
  - 预测的前5个类别: {np.int64(0): 283328, np.int64(1): 37085, np.int64(2): 14703, np.int64(3): 10778, np.int64(4): 8907}
  - 标签的前5个类别: {np.int64(0): 281232, np.int64(1): 36731, np.int64(2): 14789, np.int64(3): 10866, np.int64(4): 8585}
✅ 验证完成，耗时: 4.9秒 (0.1分钟)
训练损失: 0.0022
验证损失: 0.6150
验证准确率: 0.9696 (10630/10964) - 与Levenshtein高度相关
验证F1(加权): 0.9687 - 类别平衡更好
学习率: 0.000005
显存使用: 0.48GB (预留: 0.69GB)

生成的训练样本:
--------------------------------------------------------------------------------
输入:       DPYX> HW LMRJ> W><BR B>R<> DMYRJN BLLJ>
目标:     0 1 0 0 4 0 0 0 0 0 1 0 0 0 2 0 1 6 0 0 3 0 1 0 0 4 0 0 1 0 0 0 0 2 0 1 38 0 4 0
预测:     0 1 0 0 4 0 0 0 0 0 1 0 0 0 2 0 1 6 0 0 3 0 1 0 0 4 0 0 1 0 0 0 0 2 0 1 38 0 4 0
准确率:    1.0000 (40/40)
----------------------------------------
输入:       <L TR<> WDCWHJ <M> BTR<> WMJT >JK
目标:     0 0 0 0 0 0 4 0 0 1 31 3 1 0 0 0 0 15 0 0 1 0 0 4 0 0 1 20 0 3 0 0 0 0
预测:     0 0 0 0 0 0 4 0 0 1 31 3 1 0 0 0 0 15 0 0 1 0 0 4 0 0 1 20 0 3 0 0 0 0
准确率:    1.0000 (34/34)
----------------------------------------
输入:       >T> MN >WRX> DBJT BLWV> DM<WNJN >MR
目标:     0 0 10 7 0 0 0 0 0 0 0 4 0 0 1 0 0 2 0 0 0 0 4 0 0 1 0 0 0 0 0 2 0 0 0 7
预测:     0 0 10 7 0 0 0 0 0 0 0 4 0 0 1 0 0 2 0 0 0 0 4 0 0 1 0 0 0 0 0 2 0 0 0 7
准确率:    1.0000 (36/36)
----------------------------------------

生成的验证样本:
--------------------------------------------------------------------------------
输入:       KLH NPCHWN B>R<> DB<LDBBJHWN DCBW >NWN WNYLWN
目标:     0 0 5 12 0 0 0 5 0 0 0 0 1 0 0 4 0 0 1 0 0 0 0 0 2 1 0 0 0 0 1 0 18 0 0 0 0 0 0 0 1 6 0 18 0 19
预测:     0 0 5 12 0 0 0 5 0 0 0 0 1 0 0 4 0 0 1 0 0 0 0 0 2 1 0 0 0 0 1 0 18 0 0 0 0 0 0 0 1 6 0 18 0 19
准确率:    1.0000 (46/46)
----------------------------------------
输入:       NPCHWN B>R<> DB<LDBBJHWN DCBW >NWN WNYLWN QDMJK
目标:     0 0 0 5 0 0 0 0 1 0 0 4 0 0 1 0 0 0 0 0 2 1 0 0 0 0 1 0 18 0 0 0 0 0 0 0 1 6 0 18 0 19 0 0 0 2 1 0
预测:     0 0 0 5 0 0 0 0 1 0 0 4 0 0 1 0 0 0 0 0 2 1 0 0 0 0 1 0 18 0 0 0 0 0 0 0 1 6 0 18 0 19 0 0 0 2 1 0
准确率:    1.0000 (48/48)
----------------------------------------
⏳ 验证无提升 (验证准确率: 0.9696 ≤ 0.9697)，patience: 12/50

======================================================================
🚀 Epoch 175/200
======================================================================
📚 开始训练阶段...
训练进度: 500/6065 损失=0.0012
训练进度: 1000/6065 损失=0.0024
训练进度: 1500/6065 损失=0.0015
训练进度: 2000/6065 损失=0.0001
训练进度: 2500/6065 损失=0.0010
训练进度: 3000/6065 损失=0.0017
训练进度: 3500/6065 损失=0.0021
训练进度: 4000/6065 损失=0.0058
训练进度: 4500/6065 损失=0.0010
训练进度: 5000/6065 损失=0.0000
训练进度: 5500/6065 损失=0.0002
训练进度: 6000/6065 损失=0.0006
训练进度: 6065/6065 损失=0.0004
✅ 训练完成，耗时: 109.9秒 (1.8分钟)

============================================================
📊 验证决策: Epoch 175/200
   验证间隔: 1
   是否验证: ✅ 是
   原因: 达到验证间隔 (0 == 0)
============================================================

🔍 开始验证...
验证进度: 500/686 损失=0.6207
验证进度: 686/686 损失=2.2638

📊 预测分布分析:
  - 预测的前5个类别: {np.int64(0): 283381, np.int64(1): 37059, np.int64(2): 14695, np.int64(3): 10803, np.int64(4): 8978}
  - 标签的前5个类别: {np.int64(0): 281232, np.int64(1): 36731, np.int64(2): 14789, np.int64(3): 10866, np.int64(4): 8585}
✅ 验证完成，耗时: 4.9秒 (0.1分钟)
训练损失: 0.0022
验证损失: 0.6183
验证准确率: 0.9696 (10630/10964) - 与Levenshtein高度相关
验证F1(加权): 0.9687 - 类别平衡更好
学习率: 0.000005
显存使用: 0.48GB (预留: 0.69GB)

生成的训练样本:
--------------------------------------------------------------------------------
输入:       GLP> DXTM> GLWP TRTJN K>P> <L CMH>
目标:     0 0 0 30 0 0 1 0 0 4 0 6 0 8 0 3 0 0 2 0 0 0 0 0 0 11 0 0 0 0 0 0 8 11 0
预测:     0 0 0 30 0 0 1 0 0 4 0 6 0 8 0 3 0 0 2 0 0 0 0 0 0 11 0 0 0 0 0 0 8 11 0
准确率:    1.0000 (35/35)
----------------------------------------
输入:       WXPRW TMN <BDWHJ D>JSXQ BR> W>BJMLK >T>
目标:     0 1 0 0 3 0 0 0 0 0 0 0 0 69 1 0 0 0 1 0 0 0 0 2 0 60 4 0 0 1 0 0 0 0 0 2 0 0 10 3
预测:     0 1 0 0 3 0 0 0 0 0 0 0 0 69 1 0 0 0 1 0 0 0 0 2 0 60 4 0 0 1 0 0 0 0 0 2 0 0 10 3
准确率:    1.0000 (40/40)
----------------------------------------
输入:       MRJ> >LH> DJLJ BPWQDN> HW DPQDT WKNWCT>
目标:     0 0 0 0 2 0 0 0 4 0 0 0 0 1 0 0 1 0 0 0 0 4 0 0 0 0 0 1 0 0 3 89 0 1 0 0 0 13 9 0
预测:     0 0 0 0 2 0 0 0 4 0 0 0 0 1 0 0 1 0 0 0 0 4 0 0 0 0 0 1 0 0 3 89 0 1 0 0 0 13 9 0
准确率:    1.0000 (40/40)
----------------------------------------

生成的验证样本:
--------------------------------------------------------------------------------
输入:       KLH NPCHWN B>R<> DB<LDBBJHWN DCBW >NWN WNYLWN
目标:     0 0 5 12 0 0 0 5 0 0 0 0 1 0 0 4 0 0 1 0 0 0 0 0 2 1 0 0 0 0 1 0 18 0 0 0 0 0 0 0 1 6 0 18 0 19
预测:     0 0 5 12 0 0 0 5 0 0 0 0 1 0 0 4 0 0 1 0 0 0 0 0 2 1 0 0 0 0 1 0 18 0 0 0 0 0 0 0 1 6 0 18 0 19
准确率:    1.0000 (46/46)
----------------------------------------
输入:       NPCHWN B>R<> DB<LDBBJHWN DCBW >NWN WNYLWN QDMJK
目标:     0 0 0 5 0 0 0 0 1 0 0 4 0 0 1 0 0 0 0 0 2 1 0 0 0 0 1 0 18 0 0 0 0 0 0 0 1 6 0 18 0 19 0 0 0 2 1 0
预测:     0 0 0 5 0 0 0 0 1 0 0 4 0 0 1 0 0 0 0 0 2 1 0 0 0 0 1 0 18 0 0 0 0 0 0 0 1 6 0 18 0 19 0 0 0 2 1 0
准确率:    1.0000 (48/48)
----------------------------------------
⏳ 验证无提升 (验证准确率: 0.9696 ≤ 0.9697)，patience: 13/50

======================================================================
🚀 Epoch 176/200
======================================================================
📚 开始训练阶段...
训练进度: 500/6065 损失=0.0009
训练进度: 1000/6065 损失=0.0009
训练进度: 1500/6065 损失=0.0001
训练进度: 2000/6065 损失=0.0067
训练进度: 2500/6065 损失=0.0001
训练进度: 3000/6065 损失=0.0001
训练进度: 3500/6065 损失=0.0122
训练进度: 4000/6065 损失=0.0010
训练进度: 4500/6065 损失=0.0055
训练进度: 5000/6065 损失=0.0009
训练进度: 5500/6065 损失=0.0128
训练进度: 6000/6065 损失=0.0005
训练进度: 6065/6065 损失=0.0002
✅ 训练完成，耗时: 109.8秒 (1.8分钟)

============================================================
📊 验证决策: Epoch 176/200
   验证间隔: 1
   是否验证: ✅ 是
   原因: 达到验证间隔 (0 == 0)
============================================================

🔍 开始验证...
验证进度: 500/686 损失=0.5649
验证进度: 686/686 损失=2.2337

📊 预测分布分析:
  - 预测的前5个类别: {np.int64(0): 283308, np.int64(1): 37063, np.int64(2): 14686, np.int64(3): 10755, np.int64(4): 8979}
  - 标签的前5个类别: {np.int64(0): 281232, np.int64(1): 36731, np.int64(2): 14789, np.int64(3): 10866, np.int64(4): 8585}
✅ 验证完成，耗时: 4.9秒 (0.1分钟)
训练损失: 0.0021
验证损失: 0.6221
验证准确率: 0.9696 (10630/10964) - 与Levenshtein高度相关
验证F1(加权): 0.9687 - 类别平衡更好
学习率: 0.000005
显存使用: 0.48GB (预留: 0.69GB)

生成的训练样本:
--------------------------------------------------------------------------------
输入:       XBJBH >M> DSGJ>> XDJT DPNW Y>DJH SGJ>>
目标:     0 0 8 0 147 0 0 0 4 0 0 1 0 0 0 11 0 0 0 0 3 26 0 1 0 18 0 0 10 0 2 1 12 0 0 0 0 11 0
预测:     0 0 8 0 147 0 0 0 4 0 0 1 0 0 0 11 0 0 0 0 3 26 0 1 0 18 0 0 10 0 2 1 12 0 0 0 0 11 0
准确率:    1.0000 (39/39)
----------------------------------------
输入:       PS<TJ >N> Q<JT MVL DCM<TNJ >LH> YLJ
目标:     0 0 0 13 32 0 0 0 0 0 0 0 0 3 0 0 0 0 0 0 1 0 0 3 32 0 0 0 0 0 4 0 6 0 0 3
预测:     0 0 0 13 32 0 0 0 0 0 0 0 0 3 0 0 0 0 0 0 1 0 0 3 32 0 0 0 0 0 4 0 6 0 0 3
准确率:    1.0000 (36/36)
----------------------------------------
输入:       HNWN L> QWLT> DQMX> GMRT WL> QRN>
目标:     0 0 0 0 12 0 0 0 0 0 0 13 9 0 0 1 0 0 4 0 0 0 0 3 26 0 1 0 0 0 0 0 4 0
预测:     0 0 0 0 12 0 0 0 0 0 0 13 9 0 0 1 0 0 4 0 0 0 0 3 26 0 1 0 0 0 0 0 4 0
准确率:    1.0000 (34/34)
----------------------------------------

生成的验证样本:
--------------------------------------------------------------------------------
输入:       KLH NPCHWN B>R<> DB<LDBBJHWN DCBW >NWN WNYLWN
目标:     0 0 5 12 0 0 0 5 0 0 0 0 1 0 0 4 0 0 1 0 0 0 0 0 2 1 0 0 0 0 1 0 18 0 0 0 0 0 0 0 1 6 0 18 0 19
预测:     0 0 5 12 0 0 0 5 0 0 0 0 1 0 0 4 0 0 1 0 0 0 0 0 2 1 0 0 0 0 1 0 18 0 0 0 0 0 0 0 1 6 0 18 0 19
准确率:    1.0000 (46/46)
----------------------------------------
输入:       NPCHWN B>R<> DB<LDBBJHWN DCBW >NWN WNYLWN QDMJK
目标:     0 0 0 5 0 0 0 0 1 0 0 4 0 0 1 0 0 0 0 0 2 1 0 0 0 0 1 0 18 0 0 0 0 0 0 0 1 6 0 18 0 19 0 0 0 2 1 0
预测:     0 0 0 5 0 0 0 0 1 0 0 4 0 0 1 0 0 0 0 0 2 1 0 0 0 0 1 0 18 0 0 0 0 0 0 0 1 6 0 18 0 19 0 0 0 2 1 0
准确率:    1.0000 (48/48)
----------------------------------------
⏳ 验证无提升 (验证准确率: 0.9696 ≤ 0.9697)，patience: 14/50

======================================================================
🚀 Epoch 177/200
======================================================================
📚 开始训练阶段...
训练进度: 500/6065 损失=0.0001
训练进度: 1000/6065 损失=0.0000
训练进度: 1500/6065 损失=0.0002
训练进度: 2000/6065 损失=0.0002
训练进度: 2500/6065 损失=0.0009
训练进度: 3000/6065 损失=0.0022
训练进度: 3500/6065 损失=0.0014
训练进度: 4000/6065 损失=0.0001
训练进度: 4500/6065 损失=0.0020
训练进度: 5000/6065 损失=0.0008
训练进度: 5500/6065 损失=0.0001
训练进度: 6000/6065 损失=0.0079
训练进度: 6065/6065 损失=0.0013
✅ 训练完成，耗时: 109.7秒 (1.8分钟)

============================================================
📊 验证决策: Epoch 177/200
   验证间隔: 1
   是否验证: ✅ 是
   原因: 达到验证间隔 (0 == 0)
============================================================

🔍 开始验证...
验证进度: 500/686 损失=0.5166
验证进度: 686/686 损失=2.2575

📊 预测分布分析:
  - 预测的前5个类别: {np.int64(0): 283265, np.int64(1): 37078, np.int64(2): 14708, np.int64(3): 10765, np.int64(4): 8981}
  - 标签的前5个类别: {np.int64(0): 281232, np.int64(1): 36731, np.int64(2): 14789, np.int64(3): 10866, np.int64(4): 8585}
✅ 验证完成，耗时: 4.9秒 (0.1分钟)
训练损失: 0.0021
验证损失: 0.6228
验证准确率: 0.9696 (10630/10964) - 与Levenshtein高度相关
验证F1(加权): 0.9687 - 类别平衡更好
学习率: 0.000004
显存使用: 0.48GB (预留: 0.69GB)

生成的训练样本:
--------------------------------------------------------------------------------
输入:       W>MR >BRHM MVL D>MRT DLM> LJT DXLTH
目标:     0 1 0 0 3 0 0 0 0 0 2 0 0 0 0 0 1 0 0 3 0 0 0 0 0 0 0 58 0 24 0 0 0 13 1 0
预测:     0 1 0 0 3 0 0 0 0 0 2 0 0 0 0 0 1 0 0 3 0 0 0 0 0 0 0 58 0 24 0 0 0 13 1 0
准确率:    1.0000 (36/36)
----------------------------------------
输入:       WMWC> NSB MCKNH WNQCH LH LBR MN
目标:     0 1 0 0 0 2 0 0 0 3 0 0 0 0 5 0 0 1 0 0 29 0 0 1 0 0 1 0 22 0 0 0
预测:     0 1 0 0 0 2 0 0 0 3 0 0 0 0 5 0 0 1 0 0 29 0 0 1 0 0 1 0 22 0 0 0
准确率:    1.0000 (32/32)
----------------------------------------
输入:       QCJC> >JK QCJCWTH WZ<WR> >JK Z<WRWTH WTMHW
目标:     0 0 0 0 4 0 0 0 0 0 0 0 0 0 0 2 1 0 0 1 0 0 0 4 0 0 0 0 0 0 0 0 0 0 2 1 0 0 1 0 0 33 0
预测:     0 0 0 0 4 0 0 0 0 0 0 0 0 0 0 2 1 0 0 1 0 0 0 4 0 0 0 0 0 0 0 0 0 0 2 1 0 0 1 0 0 33 0
准确率:    1.0000 (43/43)
----------------------------------------

生成的验证样本:
--------------------------------------------------------------------------------
输入:       KLH NPCHWN B>R<> DB<LDBBJHWN DCBW >NWN WNYLWN
目标:     0 0 5 12 0 0 0 5 0 0 0 0 1 0 0 4 0 0 1 0 0 0 0 0 2 1 0 0 0 0 1 0 18 0 0 0 0 0 0 0 1 6 0 18 0 19
预测:     0 0 5 12 0 0 0 5 0 0 0 0 1 0 0 4 0 0 1 0 0 0 0 0 2 1 0 0 0 0 1 0 18 0 0 0 0 0 0 0 1 6 0 18 0 19
准确率:    1.0000 (46/46)
----------------------------------------
输入:       NPCHWN B>R<> DB<LDBBJHWN DCBW >NWN WNYLWN QDMJK
目标:     0 0 0 5 0 0 0 0 1 0 0 4 0 0 1 0 0 0 0 0 2 1 0 0 0 0 1 0 18 0 0 0 0 0 0 0 1 6 0 18 0 19 0 0 0 2 1 0
预测:     0 0 0 5 0 0 0 0 1 0 0 4 0 0 1 0 0 0 0 0 2 1 0 0 0 0 1 0 18 0 0 0 0 0 0 0 1 6 0 18 0 19 0 0 0 2 1 0
准确率:    1.0000 (48/48)
----------------------------------------
⏳ 验证无提升 (验证准确率: 0.9696 ≤ 0.9697)，patience: 15/50

======================================================================
🚀 Epoch 178/200
======================================================================
📚 开始训练阶段...
训练进度: 500/6065 损失=0.0036
训练进度: 1000/6065 损失=0.0025
训练进度: 1500/6065 损失=0.0021
训练进度: 2000/6065 损失=0.0003
训练进度: 2500/6065 损失=0.0000
训练进度: 3000/6065 损失=0.0170
训练进度: 3500/6065 损失=0.0008
训练进度: 4000/6065 损失=0.0001
训练进度: 4500/6065 损失=0.0000
训练进度: 5000/6065 损失=0.0015
训练进度: 5500/6065 损失=0.0000
训练进度: 6000/6065 损失=0.0093
训练进度: 6065/6065 损失=0.0007
✅ 训练完成，耗时: 110.0秒 (1.8分钟)

============================================================
📊 验证决策: Epoch 178/200
   验证间隔: 1
   是否验证: ✅ 是
   原因: 达到验证间隔 (0 == 0)
============================================================

🔍 开始验证...
验证进度: 500/686 损失=0.4789
验证进度: 686/686 损失=2.2837

📊 预测分布分析:
  - 预测的前5个类别: {np.int64(0): 283255, np.int64(1): 37084, np.int64(2): 14685, np.int64(3): 10805, np.int64(4): 8946}
  - 标签的前5个类别: {np.int64(0): 281232, np.int64(1): 36731, np.int64(2): 14789, np.int64(3): 10866, np.int64(4): 8585}
✅ 验证完成，耗时: 4.9秒 (0.1分钟)
训练损失: 0.0022
验证损失: 0.6199
验证准确率: 0.9696 (10630/10964) - 与Levenshtein高度相关
验证F1(加权): 0.9687 - 类别平衡更好
学习率: 0.000004
显存使用: 0.48GB (预留: 0.69GB)

生成的训练样本:
--------------------------------------------------------------------------------
输入:       MN> N>MR LH >JK K>P> YXNT> DRMJ>
目标:     0 0 0 0 0 6 0 0 3 0 1 0 0 0 0 0 0 0 0 4 0 0 0 0 2 9 0 0 1 0 0 7 27
预测:     0 0 0 0 0 6 0 0 3 0 1 0 0 0 0 0 0 0 0 4 0 0 0 0 2 9 0 0 1 0 0 7 27
准确率:    1.0000 (33/33)
----------------------------------------
输入:       <BD TR<> WSWKR> LKSPK WLDHBK <BD >NT
目标:     6 0 0 16 0 0 0 11 0 0 1 0 0 0 11 0 0 1 0 0 5 0 0 1 1 0 0 5 0 0 0 0 7 0 0 0 0
预测:     6 0 0 16 0 0 0 11 0 0 1 0 0 0 11 0 0 1 0 0 5 0 0 1 1 0 0 5 0 0 0 0 7 0 0 0 0
准确率:    1.0000 (37/37)
----------------------------------------
输入:       MRJ> >LHJ LMCM< B<WT> WYLWT> D<BDK MYL>
目标:     0 0 0 0 2 0 0 0 5 0 0 1 6 0 0 7 0 0 0 2 9 0 0 1 0 0 2 9 0 0 1 0 0 37 0 0 6 0 10 41
预测:     0 0 0 0 2 0 0 0 5 0 0 1 6 0 0 7 0 0 0 2 9 0 0 1 0 0 2 9 0 0 1 0 0 37 0 0 6 0 10 41
准确率:    1.0000 (40/40)
----------------------------------------

生成的验证样本:
--------------------------------------------------------------------------------
输入:       KLH NPCHWN B>R<> DB<LDBBJHWN DCBW >NWN WNYLWN
目标:     0 0 5 12 0 0 0 5 0 0 0 0 1 0 0 4 0 0 1 0 0 0 0 0 2 1 0 0 0 0 1 0 18 0 0 0 0 0 0 0 1 6 0 18 0 19
预测:     0 0 5 12 0 0 0 5 0 0 0 0 1 0 0 4 0 0 1 0 0 0 0 0 2 1 0 0 0 0 1 0 18 0 0 0 0 0 0 0 1 6 0 18 0 19
准确率:    1.0000 (46/46)
----------------------------------------
输入:       NPCHWN B>R<> DB<LDBBJHWN DCBW >NWN WNYLWN QDMJK
目标:     0 0 0 5 0 0 0 0 1 0 0 4 0 0 1 0 0 0 0 0 2 1 0 0 0 0 1 0 18 0 0 0 0 0 0 0 1 6 0 18 0 19 0 0 0 2 1 0
预测:     0 0 0 5 0 0 0 0 1 0 0 4 0 0 1 0 0 0 0 0 2 1 0 0 0 0 1 0 18 0 0 0 0 0 0 0 1 6 0 18 0 19 0 0 0 2 1 0
准确率:    1.0000 (48/48)
----------------------------------------
⏳ 验证无提升 (验证准确率: 0.9696 ≤ 0.9697)，patience: 16/50

======================================================================
🚀 Epoch 179/200
======================================================================
📚 开始训练阶段...
训练进度: 500/6065 损失=0.0002
训练进度: 1000/6065 损失=0.0018
训练进度: 1500/6065 损失=0.0143
训练进度: 2000/6065 损失=0.0001
训练进度: 2500/6065 损失=0.0087
训练进度: 3000/6065 损失=0.0001
训练进度: 3500/6065 损失=0.0003
训练进度: 4000/6065 损失=0.0002
训练进度: 4500/6065 损失=0.0006
训练进度: 5000/6065 损失=0.0057
训练进度: 5500/6065 损失=0.0000
训练进度: 6000/6065 损失=0.0104
训练进度: 6065/6065 损失=0.0000
✅ 训练完成，耗时: 109.5秒 (1.8分钟)

============================================================
📊 验证决策: Epoch 179/200
   验证间隔: 1
   是否验证: ✅ 是
   原因: 达到验证间隔 (0 == 0)
============================================================

🔍 开始验证...
验证进度: 500/686 损失=0.5265
验证进度: 686/686 损失=2.2827

📊 预测分布分析:
  - 预测的前5个类别: {np.int64(0): 283337, np.int64(1): 37080, np.int64(2): 14683, np.int64(3): 10792, np.int64(4): 8942}
  - 标签的前5个类别: {np.int64(0): 281232, np.int64(1): 36731, np.int64(2): 14789, np.int64(3): 10866, np.int64(4): 8585}
✅ 验证完成，耗时: 4.9秒 (0.1分钟)
训练损失: 0.0021
验证损失: 0.6220
验证准确率: 0.9696 (10631/10964) - 与Levenshtein高度相关
验证F1(加权): 0.9687 - 类别平衡更好
学习率: 0.000004
显存使用: 0.48GB (预留: 0.69GB)

生成的训练样本:
--------------------------------------------------------------------------------
输入:       W<L <BDJK W<L <MK WNPRQ >WRD<> MNK
目标:     0 1 0 0 0 0 0 22 1 0 0 1 0 0 0 0 37 0 0 1 28 0 0 3 0 0 0 0 0 11 0 0 0 1 0
预测:     0 1 0 0 0 0 0 22 1 0 0 1 0 0 0 0 37 0 0 1 28 0 0 3 0 0 0 0 0 11 0 0 0 1 0
准确率:    1.0000 (35/35)
----------------------------------------
输入:       VWBWHJ LB<LH MNJN> GJR DCNJ> DXJWHJ ><JPJN
目标:     0 0 0 25 1 0 0 0 1 0 0 5 12 0 0 0 0 4 0 0 0 0 0 0 1 0 13 9 0 0 1 0 25 1 0 0 8 0 20 0 49 0 27
预测:     0 0 0 25 1 0 0 0 1 0 0 5 12 0 0 0 0 4 0 0 0 0 0 0 1 0 13 9 0 0 1 0 25 1 0 0 8 0 20 0 49 0 27
准确率:    1.0000 (43/43)
----------------------------------------
输入:       WMN> VBWTHWN WMN> BJCWTHWN MNJN> DJWMWHJ DBRNC>
目标:     0 1 0 0 0 0 0 0 2 1 0 0 0 0 1 0 0 0 0 0 0 0 2 1 0 0 0 0 0 0 0 4 0 0 1 0 0 25 1 0 0 0 1 0 84 0 4 0
预测:     0 1 0 0 0 0 0 0 2 1 0 0 0 0 1 0 0 0 0 0 0 0 2 1 0 0 0 0 0 0 0 4 0 0 1 0 0 25 1 0 0 0 1 0 84 0 4 0
准确率:    1.0000 (48/48)
----------------------------------------

生成的验证样本:
--------------------------------------------------------------------------------
输入:       KLH NPCHWN B>R<> DB<LDBBJHWN DCBW >NWN WNYLWN
目标:     0 0 5 12 0 0 0 5 0 0 0 0 1 0 0 4 0 0 1 0 0 0 0 0 2 1 0 0 0 0 1 0 18 0 0 0 0 0 0 0 1 6 0 18 0 19
预测:     0 0 5 12 0 0 0 5 0 0 0 0 1 0 0 4 0 0 1 0 0 0 0 0 2 1 0 0 0 0 1 0 18 0 0 0 0 0 0 0 1 6 0 18 0 19
准确率:    1.0000 (46/46)
----------------------------------------
输入:       NPCHWN B>R<> DB<LDBBJHWN DCBW >NWN WNYLWN QDMJK
目标:     0 0 0 5 0 0 0 0 1 0 0 4 0 0 1 0 0 0 0 0 2 1 0 0 0 0 1 0 18 0 0 0 0 0 0 0 1 6 0 18 0 19 0 0 0 2 1 0
预测:     0 0 0 5 0 0 0 0 1 0 0 4 0 0 1 0 0 0 0 0 2 1 0 0 0 0 1 0 18 0 0 0 0 0 0 0 1 6 0 18 0 19 0 0 0 2 1 0
准确率:    1.0000 (48/48)
----------------------------------------
⏳ 验证无提升 (验证准确率: 0.9696 ≤ 0.9697)，patience: 17/50

======================================================================
🚀 Epoch 180/200
======================================================================
📚 开始训练阶段...
训练进度: 500/6065 损失=0.0001
训练进度: 1000/6065 损失=0.0001
训练进度: 1500/6065 损失=0.0001
训练进度: 2000/6065 损失=0.0000
训练进度: 2500/6065 损失=0.0074
训练进度: 3000/6065 损失=0.0000
训练进度: 3500/6065 损失=0.0015
训练进度: 4000/6065 损失=0.0004
训练进度: 4500/6065 损失=0.0003
训练进度: 5000/6065 损失=0.0000
训练进度: 5500/6065 损失=0.0000
训练进度: 6000/6065 损失=0.0018
训练进度: 6065/6065 损失=0.0020
✅ 训练完成，耗时: 109.5秒 (1.8分钟)

============================================================
📊 验证决策: Epoch 180/200
   验证间隔: 1
   是否验证: ✅ 是
   原因: 达到验证间隔 (0 == 0)
============================================================

🔍 开始验证...
验证进度: 500/686 损失=0.4460
验证进度: 686/686 损失=2.3214

📊 预测分布分析:
  - 预测的前5个类别: {np.int64(0): 283278, np.int64(1): 37054, np.int64(2): 14690, np.int64(3): 10761, np.int64(4): 8992}
  - 标签的前5个类别: {np.int64(0): 281232, np.int64(1): 36731, np.int64(2): 14789, np.int64(3): 10866, np.int64(4): 8585}
✅ 验证完成，耗时: 4.9秒 (0.1分钟)
训练损失: 0.0021
验证损失: 0.6222
验证准确率: 0.9696 (10631/10964) - 与Levenshtein高度相关
验证F1(加权): 0.9688 - 类别平衡更好
学习率: 0.000003
显存使用: 0.48GB (预留: 0.69GB)

生成的训练样本:
--------------------------------------------------------------------------------
输入:       KL NPC> BQLJL MTR<J> L> TSG> LH
目标:     0 0 2 0 0 0 4 0 0 1 0 0 0 2 0 21 14 0 0 7 0 0 0 0 0 28 0 10 3 0 1 12
预测:     0 0 2 0 0 0 4 0 0 1 0 0 0 2 0 21 14 0 0 7 0 0 0 0 0 28 0 10 3 0 1 12
准确率:    1.0000 (32/32)
----------------------------------------
输入:       MNH LYPR> >JK DPQD >NWN MWC> WL>
目标:     0 0 1 0 0 1 0 0 4 0 0 0 0 0 0 1 0 0 16 0 0 0 0 0 0 0 0 0 2 0 1 0 0
预测:     0 0 1 0 0 1 0 0 4 0 0 0 0 0 0 1 0 0 16 0 0 0 0 0 0 0 0 0 2 0 1 0 0
准确率:    1.0000 (33/33)
----------------------------------------
输入:       WLBCT LBWCJ >RMLWTH WCDR JHWD> GDJ> D<Z>
目标:     0 1 0 0 3 26 0 0 0 0 2 0 0 0 0 0 0 2 1 12 0 1 0 0 16 0 0 0 0 0 2 0 0 0 4 0 0 1 0 11 0
预测:     0 1 0 0 3 26 0 0 0 0 2 0 0 0 0 0 0 2 1 12 0 1 0 0 16 0 0 0 0 0 2 0 0 0 4 0 0 1 0 11 0
准确率:    1.0000 (41/41)
----------------------------------------

生成的验证样本:
--------------------------------------------------------------------------------
输入:       KLH NPCHWN B>R<> DB<LDBBJHWN DCBW >NWN WNYLWN
目标:     0 0 5 12 0 0 0 5 0 0 0 0 1 0 0 4 0 0 1 0 0 0 0 0 2 1 0 0 0 0 1 0 18 0 0 0 0 0 0 0 1 6 0 18 0 19
预测:     0 0 5 12 0 0 0 5 0 0 0 0 1 0 0 4 0 0 1 0 0 0 0 0 2 1 0 0 0 0 1 0 18 0 0 0 0 0 0 0 1 6 0 18 0 19
准确率:    1.0000 (46/46)
----------------------------------------
输入:       NPCHWN B>R<> DB<LDBBJHWN DCBW >NWN WNYLWN QDMJK
目标:     0 0 0 5 0 0 0 0 1 0 0 4 0 0 1 0 0 0 0 0 2 1 0 0 0 0 1 0 18 0 0 0 0 0 0 0 1 6 0 18 0 19 0 0 0 2 1 0
预测:     0 0 0 5 0 0 0 0 1 0 0 4 0 0 1 0 0 0 0 0 2 1 0 0 0 0 1 0 18 0 0 0 0 0 0 0 1 6 0 18 0 19 0 0 0 2 1 0
准确率:    1.0000 (48/48)
----------------------------------------
⏳ 验证无提升 (验证准确率: 0.9696 ≤ 0.9697)，patience: 18/50

======================================================================
🚀 Epoch 181/200
======================================================================
📚 开始训练阶段...
训练进度: 500/6065 损失=0.0009
训练进度: 1000/6065 损失=0.0009
训练进度: 1500/6065 损失=0.0107
训练进度: 2000/6065 损失=0.0000
训练进度: 2500/6065 损失=0.0011
训练进度: 3000/6065 损失=0.0004
训练进度: 3500/6065 损失=0.0002
训练进度: 4000/6065 损失=0.0029
训练进度: 4500/6065 损失=0.0041
训练进度: 5000/6065 损失=0.0002
训练进度: 5500/6065 损失=0.0011
训练进度: 6000/6065 损失=0.0011
训练进度: 6065/6065 损失=0.0001
✅ 训练完成，耗时: 110.1秒 (1.8分钟)

============================================================
📊 验证决策: Epoch 181/200
   验证间隔: 1
   是否验证: ✅ 是
   原因: 达到验证间隔 (0 == 0)
============================================================

🔍 开始验证...
验证进度: 500/686 损失=0.4737
验证进度: 686/686 损失=2.2906

📊 预测分布分析:
  - 预测的前5个类别: {np.int64(0): 283210, np.int64(1): 37091, np.int64(2): 14693, np.int64(3): 10776, np.int64(4): 8933}
  - 标签的前5个类别: {np.int64(0): 281232, np.int64(1): 36731, np.int64(2): 14789, np.int64(3): 10866, np.int64(4): 8585}
✅ 验证完成，耗时: 4.9秒 (0.1分钟)
训练损失: 0.0021
验证损失: 0.6219
验证准确率: 0.9695 (10629/10964) - 与Levenshtein高度相关
验证F1(加权): 0.9687 - 类别平衡更好
学习率: 0.000003
显存使用: 0.48GB (预留: 0.69GB)

生成的训练样本:
--------------------------------------------------------------------------------
输入:       HJ WKWRHNJH D>JTJ MRJ> <LJH KBRJT> WMLX>
目标:     0 0 26 0 1 0 0 0 0 2 1 12 0 1 59 0 0 3 0 0 0 0 2 0 0 8 1 12 0 0 0 0 2 9 0 0 1 0 0 4 0
预测:     0 0 26 0 1 0 0 0 0 2 1 12 0 1 59 0 0 3 0 0 0 0 2 0 0 8 1 12 0 0 0 0 2 9 0 0 1 0 0 4 0
准确率:    1.0000 (41/41)
----------------------------------------
输入:       LBN LJ<QWB H> JGR> HN> WH> QJMT>
目标:     0 0 0 2 0 1 0 0 0 0 2 0 0 0 0 0 0 4 0 0 0 0 0 0 1 0 0 0 0 0 13 9 0
预测:     0 0 0 2 0 1 0 0 0 0 2 0 0 0 0 0 0 4 0 0 0 0 0 0 1 0 0 0 0 0 13 9 0
准确率:    1.0000 (33/33)
----------------------------------------
输入:       WTLT CNJN WMJT W>TQBR BCMJR WQM MN
目标:     0 1 0 0 2 0 0 13 0 0 0 1 20 0 3 0 1 0 14 0 0 3 0 1 0 0 0 2 0 1 31 3 0 0 0
预测:     0 1 0 0 2 0 0 13 0 0 0 1 20 0 3 0 1 0 14 0 0 3 0 1 0 0 0 2 0 1 31 3 0 0 0
准确率:    1.0000 (35/35)
----------------------------------------

生成的验证样本:
--------------------------------------------------------------------------------
输入:       KLH NPCHWN B>R<> DB<LDBBJHWN DCBW >NWN WNYLWN
目标:     0 0 5 12 0 0 0 5 0 0 0 0 1 0 0 4 0 0 1 0 0 0 0 0 2 1 0 0 0 0 1 0 18 0 0 0 0 0 0 0 1 6 0 18 0 19
预测:     0 0 5 12 0 0 0 5 0 0 0 0 1 0 0 4 0 0 1 0 0 0 0 0 2 1 0 0 0 0 1 0 18 0 0 0 0 0 0 0 1 6 0 18 0 19
准确率:    1.0000 (46/46)
----------------------------------------
输入:       NPCHWN B>R<> DB<LDBBJHWN DCBW >NWN WNYLWN QDMJK
目标:     0 0 0 5 0 0 0 0 1 0 0 4 0 0 1 0 0 0 0 0 2 1 0 0 0 0 1 0 18 0 0 0 0 0 0 0 1 6 0 18 0 19 0 0 0 2 1 0
预测:     0 0 0 5 0 0 0 0 1 0 0 4 0 0 1 0 0 0 0 0 2 1 0 0 0 0 1 0 18 0 0 0 0 0 0 0 1 6 0 18 0 19 0 0 0 2 1 0
准确率:    1.0000 (48/48)
----------------------------------------
⏳ 验证无提升 (验证准确率: 0.9695 ≤ 0.9697)，patience: 19/50

======================================================================
🚀 Epoch 182/200
======================================================================
📚 开始训练阶段...
训练进度: 500/6065 损失=0.0005
训练进度: 1000/6065 损失=0.0002
训练进度: 1500/6065 损失=0.0001
训练进度: 2000/6065 损失=0.0001
训练进度: 2500/6065 损失=0.0002
训练进度: 3000/6065 损失=0.0002
训练进度: 3500/6065 损失=0.0001
训练进度: 4000/6065 损失=0.0004
训练进度: 4500/6065 损失=0.0007
训练进度: 5000/6065 损失=0.0000
训练进度: 5500/6065 损失=0.0001
训练进度: 6000/6065 损失=0.0002
训练进度: 6065/6065 损失=0.0000
✅ 训练完成，耗时: 110.4秒 (1.8分钟)

============================================================
📊 验证决策: Epoch 182/200
   验证间隔: 1
   是否验证: ✅ 是
   原因: 达到验证间隔 (0 == 0)
============================================================

🔍 开始验证...
验证进度: 500/686 损失=0.4274
验证进度: 686/686 损失=2.3220

📊 预测分布分析:
  - 预测的前5个类别: {np.int64(0): 283245, np.int64(1): 37065, np.int64(2): 14691, np.int64(3): 10801, np.int64(4): 8909}
  - 标签的前5个类别: {np.int64(0): 281232, np.int64(1): 36731, np.int64(2): 14789, np.int64(3): 10866, np.int64(4): 8585}
✅ 验证完成，耗时: 4.9秒 (0.1分钟)
训练损失: 0.0020
验证损失: 0.6233
验证准确率: 0.9695 (10629/10964) - 与Levenshtein高度相关
验证F1(加权): 0.9686 - 类别平衡更好
学习率: 0.000003
显存使用: 0.48GB (预留: 0.69GB)

生成的训练样本:
--------------------------------------------------------------------------------
输入:       W<BD QDSWHJ LTCMCTH W>JRWHJ WQRDLWHJ WMCLWTH WPJRMWHJ
目标:     0 36 0 0 3 0 0 0 25 1 0 0 0 1 0 0 0 13 1 0 0 1 0 0 69 1 0 0 0 1 0 0 0 25 1 0 0 0 1 0 0 10 2 32 0 0 1 0 0 0 25 1 0 0
预测:     0 36 0 0 3 0 0 0 25 1 0 0 0 1 0 0 0 13 1 0 0 1 0 0 69 1 0 0 0 1 0 0 0 25 1 0 0 0 1 0 0 10 2 32 0 0 1 0 0 0 25 1 0 0
准确率:    1.0000 (54/54)
----------------------------------------
输入:       MTDKR LKWN >LH> >SQW GRMJ MK> <MKWN
目标:     0 21 14 0 0 7 0 1 0 0 0 0 0 0 4 0 6 17 64 3 0 0 0 0 2 46 0 0 0 0 0 0 1 0 0 0
预测:     0 21 14 0 0 7 0 1 0 0 0 0 0 0 4 0 6 17 64 3 0 0 0 0 2 46 0 0 0 0 0 0 1 0 0 0
准确率:    1.0000 (36/36)
----------------------------------------
输入:       BRJK >NT BQRJT> BRJK >NT BXQL> BRJKJN
目标:     0 0 8 0 40 0 0 0 0 0 1 0 0 22 9 0 0 0 8 0 40 0 0 0 0 0 1 0 0 4 0 0 0 8 0 7 0 27
预测:     0 0 8 0 40 0 0 0 0 0 1 0 0 22 9 0 0 0 8 0 40 0 0 0 0 0 1 0 0 4 0 0 0 8 0 7 0 27
准确率:    1.0000 (38/38)
----------------------------------------

生成的验证样本:
--------------------------------------------------------------------------------
输入:       KLH NPCHWN B>R<> DB<LDBBJHWN DCBW >NWN WNYLWN
目标:     0 0 5 12 0 0 0 5 0 0 0 0 1 0 0 4 0 0 1 0 0 0 0 0 2 1 0 0 0 0 1 0 18 0 0 0 0 0 0 0 1 6 0 18 0 19
预测:     0 0 5 12 0 0 0 5 0 0 0 0 1 0 0 4 0 0 1 0 0 0 0 0 2 1 0 0 0 0 1 0 18 0 0 0 0 0 0 0 1 6 0 18 0 19
准确率:    1.0000 (46/46)
----------------------------------------
输入:       NPCHWN B>R<> DB<LDBBJHWN DCBW >NWN WNYLWN QDMJK
目标:     0 0 0 5 0 0 0 0 1 0 0 4 0 0 1 0 0 0 0 0 2 1 0 0 0 0 1 0 18 0 0 0 0 0 0 0 1 6 0 18 0 19 0 0 0 2 1 0
预测:     0 0 0 5 0 0 0 0 1 0 0 4 0 0 1 0 0 0 0 0 2 1 0 0 0 0 1 0 18 0 0 0 0 0 0 0 1 6 0 18 0 19 0 0 0 2 1 0
准确率:    1.0000 (48/48)
----------------------------------------
⏳ 验证无提升 (验证准确率: 0.9695 ≤ 0.9697)，patience: 20/50

======================================================================
🚀 Epoch 183/200
======================================================================
📚 开始训练阶段...
训练进度: 500/6065 损失=0.0000
训练进度: 1000/6065 损失=0.0001
训练进度: 1500/6065 损失=0.0001
训练进度: 2000/6065 损失=0.0006
训练进度: 2500/6065 损失=0.0008
训练进度: 3000/6065 损失=0.0003
训练进度: 3500/6065 损失=0.0000
训练进度: 4000/6065 损失=0.0000
训练进度: 4500/6065 损失=0.0004
训练进度: 5000/6065 损失=0.0004
训练进度: 5500/6065 损失=0.0102
训练进度: 6000/6065 损失=0.0018
训练进度: 6065/6065 损失=0.0002
✅ 训练完成，耗时: 110.2秒 (1.8分钟)

============================================================
📊 验证决策: Epoch 183/200
   验证间隔: 1
   是否验证: ✅ 是
   原因: 达到验证间隔 (0 == 0)
============================================================

🔍 开始验证...
验证进度: 500/686 损失=0.4930
验证进度: 686/686 损失=2.3118

📊 预测分布分析:
  - 预测的前5个类别: {np.int64(0): 283310, np.int64(1): 37079, np.int64(2): 14678, np.int64(3): 10797, np.int64(4): 8971}
  - 标签的前5个类别: {np.int64(0): 281232, np.int64(1): 36731, np.int64(2): 14789, np.int64(3): 10866, np.int64(4): 8585}
✅ 验证完成，耗时: 4.9秒 (0.1分钟)
训练损失: 0.0020
验证损失: 0.6254
验证准确率: 0.9695 (10629/10964) - 与Levenshtein高度相关
验证F1(加权): 0.9686 - 类别平衡更好
学习率: 0.000003
显存使用: 0.48GB (预留: 0.69GB)

生成的训练样本:
--------------------------------------------------------------------------------
输入:       DJLN NQR> HNWN >T<RQLW WNPLW XNN DJN
目标:     0 0 0 1 0 0 44 0 10 3 0 0 0 0 0 0 0 14 0 0 0 3 19 0 1 0 0 3 0 0 0 0 0 0 0 0 0
预测:     0 0 0 1 0 0 44 0 10 3 0 0 0 0 0 0 0 14 0 0 0 3 19 0 1 0 0 3 0 0 0 0 0 0 0 0 0
准确率:    1.0000 (37/37)
----------------------------------------
输入:       WTLT> LJLWN WYLJ JWNN QDM MRJ> >LHH
目标:     0 1 0 0 2 0 0 0 0 10 2 0 0 1 0 0 16 0 0 0 0 2 0 0 0 2 0 0 0 0 2 0 0 0 5 0
预测:     0 1 0 0 2 0 0 0 0 10 2 0 0 1 0 0 16 0 0 0 0 2 0 0 0 2 0 0 0 0 2 0 0 0 5 0
准确率:    1.0000 (36/36)
----------------------------------------
输入:       W>MR JWNN VB KRJT LJ <DM> LMWT>
目标:     0 1 0 0 3 0 0 0 0 2 0 0 2 0 0 0 3 26 0 1 0 0 0 0 0 0 0 1 0 0 15 0
预测:     0 1 0 0 3 0 0 0 0 2 0 0 2 0 0 0 3 26 0 1 0 0 0 0 0 0 0 1 0 0 15 0
准确率:    1.0000 (32/32)
----------------------------------------

生成的验证样本:
--------------------------------------------------------------------------------
输入:       KLH NPCHWN B>R<> DB<LDBBJHWN DCBW >NWN WNYLWN
目标:     0 0 5 12 0 0 0 5 0 0 0 0 1 0 0 4 0 0 1 0 0 0 0 0 2 1 0 0 0 0 1 0 18 0 0 0 0 0 0 0 1 6 0 18 0 19
预测:     0 0 5 12 0 0 0 5 0 0 0 0 1 0 0 4 0 0 1 0 0 0 0 0 2 1 0 0 0 0 1 0 18 0 0 0 0 0 0 0 1 6 0 18 0 19
准确率:    1.0000 (46/46)
----------------------------------------
输入:       NPCHWN B>R<> DB<LDBBJHWN DCBW >NWN WNYLWN QDMJK
目标:     0 0 0 5 0 0 0 0 1 0 0 4 0 0 1 0 0 0 0 0 2 1 0 0 0 0 1 0 18 0 0 0 0 0 0 0 1 6 0 18 0 19 0 0 0 2 1 0
预测:     0 0 0 5 0 0 0 0 1 0 0 4 0 0 1 0 0 0 0 0 2 1 0 0 0 0 1 0 18 0 0 0 0 0 0 0 1 6 0 18 0 19 0 0 0 2 1 0
准确率:    1.0000 (48/48)
----------------------------------------
⏳ 验证无提升 (验证准确率: 0.9695 ≤ 0.9697)，patience: 21/50

======================================================================
🚀 Epoch 184/200
======================================================================
📚 开始训练阶段...
训练进度: 500/6065 损失=0.0001
训练进度: 1000/6065 损失=0.0001
训练进度: 1500/6065 损失=0.0000
训练进度: 2000/6065 损失=0.0008
训练进度: 2500/6065 损失=0.0015
训练进度: 3000/6065 损失=0.0004
训练进度: 3500/6065 损失=0.0147
训练进度: 4000/6065 损失=0.0001
训练进度: 4500/6065 损失=0.0038
训练进度: 5000/6065 损失=0.0004
训练进度: 5500/6065 损失=0.0035
训练进度: 6000/6065 损失=0.0001
训练进度: 6065/6065 损失=0.0210
✅ 训练完成，耗时: 109.7秒 (1.8分钟)

============================================================
📊 验证决策: Epoch 184/200
   验证间隔: 1
   是否验证: ✅ 是
   原因: 达到验证间隔 (0 == 0)
============================================================

🔍 开始验证...
验证进度: 500/686 损失=0.4163
验证进度: 686/686 损失=2.3067

📊 预测分布分析:
  - 预测的前5个类别: {np.int64(0): 283294, np.int64(1): 37077, np.int64(2): 14681, np.int64(3): 10781, np.int64(4): 8941}
  - 标签的前5个类别: {np.int64(0): 281232, np.int64(1): 36731, np.int64(2): 14789, np.int64(3): 10866, np.int64(4): 8585}
✅ 验证完成，耗时: 4.9秒 (0.1分钟)
训练损失: 0.0019
验证损失: 0.6265
验证准确率: 0.9695 (10629/10964) - 与Levenshtein高度相关
验证F1(加权): 0.9686 - 类别平衡更好
学习率: 0.000003
显存使用: 0.48GB (预留: 0.69GB)

生成的训练样本:
--------------------------------------------------------------------------------
输入:       W>WLD BR> WQR> CMH NWX W>MR HN>
目标:     0 1 50 0 0 3 0 0 4 0 0 1 0 10 3 0 0 5 0 0 0 0 22 0 1 0 0 3 0 0 0 0
预测:     0 1 50 0 0 3 0 0 4 0 0 1 0 10 3 0 0 5 0 0 0 0 22 0 1 0 0 3 0 0 0 0
准确率:    1.0000 (32/32)
----------------------------------------
输入:       WXZJTWN VNPWTHWN WDXLTHWN DQJS> WDK>P> WDS>M> WDDHB>
目标:     0 1 0 0 3 0 0 0 0 0 0 0 2 32 0 0 0 0 1 0 0 13 32 0 0 0 0 1 0 0 4 0 0 1 1 0 0 4 0 0 1 1 0 0 4 0 0 1 1 0 0 4 0
预测:     0 1 0 0 3 0 0 0 0 0 0 0 2 32 0 0 0 0 1 0 0 13 32 0 0 0 0 1 0 0 4 0 0 1 1 0 0 4 0 0 1 1 0 0 4 0 0 1 1 0 0 4 0
准确率:    1.0000 (53/53)
----------------------------------------
输入:       HWJN HWW CB<JN GBRJN WRWRBN> DQRJT> MRBJN
目标:     0 0 42 0 0 0 0 18 0 0 0 0 0 0 2 0 0 0 2 0 0 0 1 0 0 0 0 11 0 0 1 0 0 22 9 0 0 6 0 42 0 19
预测:     0 0 42 0 0 0 0 18 0 0 0 0 0 0 2 0 0 0 2 0 0 0 1 0 0 0 0 11 0 0 1 0 0 22 9 0 0 6 0 42 0 19
准确率:    1.0000 (42/42)
----------------------------------------

生成的验证样本:
--------------------------------------------------------------------------------
输入:       KLH NPCHWN B>R<> DB<LDBBJHWN DCBW >NWN WNYLWN
目标:     0 0 5 12 0 0 0 5 0 0 0 0 1 0 0 4 0 0 1 0 0 0 0 0 2 1 0 0 0 0 1 0 18 0 0 0 0 0 0 0 1 6 0 18 0 19
预测:     0 0 5 12 0 0 0 5 0 0 0 0 1 0 0 4 0 0 1 0 0 0 0 0 2 1 0 0 0 0 1 0 18 0 0 0 0 0 0 0 1 6 0 18 0 19
准确率:    1.0000 (46/46)
----------------------------------------
输入:       NPCHWN B>R<> DB<LDBBJHWN DCBW >NWN WNYLWN QDMJK
目标:     0 0 0 5 0 0 0 0 1 0 0 4 0 0 1 0 0 0 0 0 2 1 0 0 0 0 1 0 18 0 0 0 0 0 0 0 1 6 0 18 0 19 0 0 0 2 1 0
预测:     0 0 0 5 0 0 0 0 1 0 0 4 0 0 1 0 0 0 0 0 2 1 0 0 0 0 1 0 18 0 0 0 0 0 0 0 1 6 0 18 0 19 0 0 0 2 1 0
准确率:    1.0000 (48/48)
----------------------------------------
⏳ 验证无提升 (验证准确率: 0.9695 ≤ 0.9697)，patience: 22/50

======================================================================
🚀 Epoch 185/200
======================================================================
📚 开始训练阶段...
训练进度: 500/6065 损失=0.0008
训练进度: 1000/6065 损失=0.0000
训练进度: 1500/6065 损失=0.0003
训练进度: 2000/6065 损失=0.0109
训练进度: 2500/6065 损失=0.0002
训练进度: 3000/6065 损失=0.0005
训练进度: 3500/6065 损失=0.0000
训练进度: 4000/6065 损失=0.0001
训练进度: 4500/6065 损失=0.0053
训练进度: 5000/6065 损失=0.0028
训练进度: 5500/6065 损失=0.0021
训练进度: 6000/6065 损失=0.0001
训练进度: 6065/6065 损失=0.0008
✅ 训练完成，耗时: 109.9秒 (1.8分钟)

============================================================
📊 验证决策: Epoch 185/200
   验证间隔: 1
   是否验证: ✅ 是
   原因: 达到验证间隔 (0 == 0)
============================================================

🔍 开始验证...
验证进度: 500/686 损失=0.4418
验证进度: 686/686 损失=2.3048

📊 预测分布分析:
  - 预测的前5个类别: {np.int64(0): 283323, np.int64(1): 37081, np.int64(2): 14700, np.int64(3): 10782, np.int64(4): 8953}
  - 标签的前5个类别: {np.int64(0): 281232, np.int64(1): 36731, np.int64(2): 14789, np.int64(3): 10866, np.int64(4): 8585}
✅ 验证完成，耗时: 4.9秒 (0.1分钟)
训练损失: 0.0020
验证损失: 0.6284
验证准确率: 0.9696 (10630/10964) - 与Levenshtein高度相关
验证F1(加权): 0.9687 - 类别平衡更好
学习率: 0.000002
显存使用: 0.47GB (预留: 0.69GB)

生成的训练样本:
--------------------------------------------------------------------------------
输入:       <LJHJN >LH> SLQ TNN> BRWGZ> DJLH WNWR>
目标:     0 0 8 1 0 0 0 0 0 0 4 0 0 0 0 3 0 0 0 4 0 0 1 0 0 0 4 0 0 0 0 1 0 0 1 0 0 4 0
预测:     0 0 8 1 0 0 0 0 0 0 4 0 0 0 0 3 0 0 0 4 0 0 1 0 0 0 4 0 0 0 0 1 0 0 1 0 0 4 0
准确率:    1.0000 (39/39)
----------------------------------------
输入:       XBL >LH> QWRJ> DPQ<T> >TDKR >LH> L>BRHM
目标:     0 0 0 3 0 0 0 4 0 0 0 0 100 9 0 0 1 0 0 13 9 0 0 0 14 0 0 3 0 0 0 4 0 0 1 0 0 0 0 2
预测:     0 0 0 3 0 0 0 4 0 0 0 0 100 9 0 0 1 0 0 13 9 0 0 0 14 0 0 3 0 0 0 4 0 0 1 0 0 0 0 2
准确率:    1.0000 (40/40)
----------------------------------------
输入:       LMQBRW QVJL> WQVL KL DKR> B>DWM MVL
目标:     0 1 6 0 0 7 19 0 0 8 0 65 27 0 1 0 0 16 0 0 2 0 0 0 15 0 0 1 0 0 0 2 0 0 0 0
预测:     0 1 6 0 0 7 19 0 0 8 0 65 27 0 1 0 0 16 0 0 2 0 0 0 15 0 0 1 0 0 0 2 0 0 0 0
准确率:    1.0000 (36/36)
----------------------------------------

生成的验证样本:
--------------------------------------------------------------------------------
输入:       KLH NPCHWN B>R<> DB<LDBBJHWN DCBW >NWN WNYLWN
目标:     0 0 5 12 0 0 0 5 0 0 0 0 1 0 0 4 0 0 1 0 0 0 0 0 2 1 0 0 0 0 1 0 18 0 0 0 0 0 0 0 1 6 0 18 0 19
预测:     0 0 5 12 0 0 0 5 0 0 0 0 1 0 0 4 0 0 1 0 0 0 0 0 2 1 0 0 0 0 1 0 18 0 0 0 0 0 0 0 1 6 0 18 0 19
准确率:    1.0000 (46/46)
----------------------------------------
输入:       NPCHWN B>R<> DB<LDBBJHWN DCBW >NWN WNYLWN QDMJK
目标:     0 0 0 5 0 0 0 0 1 0 0 4 0 0 1 0 0 0 0 0 2 1 0 0 0 0 1 0 18 0 0 0 0 0 0 0 1 6 0 18 0 19 0 0 0 2 1 0
预测:     0 0 0 5 0 0 0 0 1 0 0 4 0 0 1 0 0 0 0 0 2 1 0 0 0 0 1 0 18 0 0 0 0 0 0 0 1 6 0 18 0 19 0 0 0 2 1 0
准确率:    1.0000 (48/48)
----------------------------------------
⏳ 验证无提升 (验证准确率: 0.9696 ≤ 0.9697)，patience: 23/50

======================================================================
🚀 Epoch 186/200
======================================================================
📚 开始训练阶段...
训练进度: 500/6065 损失=0.0001
训练进度: 1000/6065 损失=0.0367
训练进度: 1500/6065 损失=0.0004
训练进度: 2000/6065 损失=0.0003
训练进度: 2500/6065 损失=0.0004
训练进度: 3000/6065 损失=0.0001
训练进度: 3500/6065 损失=0.0000
训练进度: 4000/6065 损失=0.0050
训练进度: 4500/6065 损失=0.0001
训练进度: 5000/6065 损失=0.0085
训练进度: 5500/6065 损失=0.0001
训练进度: 6000/6065 损失=0.0002
训练进度: 6065/6065 损失=0.0094
✅ 训练完成，耗时: 109.9秒 (1.8分钟)

============================================================
📊 验证决策: Epoch 186/200
   验证间隔: 1
   是否验证: ✅ 是
   原因: 达到验证间隔 (0 == 0)
============================================================

🔍 开始验证...
验证进度: 500/686 损失=0.4351
验证进度: 686/686 损失=2.2775

📊 预测分布分析:
  - 预测的前5个类别: {np.int64(0): 283264, np.int64(1): 37071, np.int64(2): 14698, np.int64(3): 10797, np.int64(4): 8940}
  - 标签的前5个类别: {np.int64(0): 281232, np.int64(1): 36731, np.int64(2): 14789, np.int64(3): 10866, np.int64(4): 8585}
✅ 验证完成，耗时: 4.9秒 (0.1分钟)
训练损失: 0.0019
验证损失: 0.6296
验证准确率: 0.9696 (10630/10964) - 与Levenshtein高度相关
验证F1(加权): 0.9687 - 类别平衡更好
学习率: 0.000002
显存使用: 0.48GB (预留: 0.69GB)

生成的训练样本:
--------------------------------------------------------------------------------
输入:       DJNK >NT PSQT W>STRHB W><BR QVM> MN
目标:     0 0 0 37 0 0 0 0 0 0 0 0 3 12 0 1 47 79 17 0 0 3 0 1 17 0 0 3 0 0 0 4 0 0 0 0
预测:     0 0 0 37 0 0 0 0 0 0 0 0 3 12 0 1 47 79 17 0 0 3 0 1 17 0 0 3 0 0 0 4 0 0 0 0
准确率:    1.0000 (36/36)
----------------------------------------
输入:       HW D>SGJ <CQ L>LH> WLMJT> HRMS GJR
目标:     0 0 0 0 1 17 0 0 3 0 0 0 7 0 1 0 0 4 0 0 1 1 20 0 65 27 0 0 0 0 2 0 0 0 0
预测:     0 0 0 0 1 17 0 0 3 0 0 0 7 0 1 0 0 4 0 0 1 1 20 0 65 27 0 0 0 0 2 0 0 0 0
准确率:    1.0000 (35/35)
----------------------------------------
输入:       W>JTBW KN<NJ> BJNTHWN BGZR WZBWLWN L> >WBD
目标:     0 35 0 0 0 3 0 0 0 0 0 0 11 0 0 0 0 2 32 0 0 0 0 1 0 0 62 0 1 0 0 0 0 0 2 0 0 0 0 59 0 0 3
预测:     0 35 0 0 0 3 0 0 0 0 0 0 11 0 0 0 0 2 32 0 0 0 0 1 0 0 62 0 1 0 0 0 0 0 2 0 0 0 0 59 0 0 3
准确率:    1.0000 (43/43)
----------------------------------------

生成的验证样本:
--------------------------------------------------------------------------------
输入:       KLH NPCHWN B>R<> DB<LDBBJHWN DCBW >NWN WNYLWN
目标:     0 0 5 12 0 0 0 5 0 0 0 0 1 0 0 4 0 0 1 0 0 0 0 0 2 1 0 0 0 0 1 0 18 0 0 0 0 0 0 0 1 6 0 18 0 19
预测:     0 0 5 12 0 0 0 5 0 0 0 0 1 0 0 4 0 0 1 0 0 0 0 0 2 1 0 0 0 0 1 0 18 0 0 0 0 0 0 0 1 6 0 18 0 19
准确率:    1.0000 (46/46)
----------------------------------------
输入:       NPCHWN B>R<> DB<LDBBJHWN DCBW >NWN WNYLWN QDMJK
目标:     0 0 0 5 0 0 0 0 1 0 0 4 0 0 1 0 0 0 0 0 2 1 0 0 0 0 1 0 18 0 0 0 0 0 0 0 1 6 0 18 0 19 0 0 0 2 1 0
预测:     0 0 0 5 0 0 0 0 1 0 0 4 0 0 1 0 0 0 0 0 2 1 0 0 0 0 1 0 18 0 0 0 0 0 0 0 1 6 0 18 0 19 0 0 0 2 1 0
准确率:    1.0000 (48/48)
----------------------------------------
⏳ 验证无提升 (验证准确率: 0.9696 ≤ 0.9697)，patience: 24/50

======================================================================
🚀 Epoch 187/200
======================================================================
📚 开始训练阶段...
训练进度: 500/6065 损失=0.0027
训练进度: 1000/6065 损失=0.0002
训练进度: 1500/6065 损失=0.0002
训练进度: 2000/6065 损失=0.0001
训练进度: 2500/6065 损失=0.0008
训练进度: 3000/6065 损失=0.0001
训练进度: 3500/6065 损失=0.0001
训练进度: 4000/6065 损失=0.0001
训练进度: 4500/6065 损失=0.0030
训练进度: 5000/6065 损失=0.0015
训练进度: 5500/6065 损失=0.0024
训练进度: 6000/6065 损失=0.0001
训练进度: 6065/6065 损失=0.0003
✅ 训练完成，耗时: 109.8秒 (1.8分钟)

============================================================
📊 验证决策: Epoch 187/200
   验证间隔: 1
   是否验证: ✅ 是
   原因: 达到验证间隔 (0 == 0)
============================================================

🔍 开始验证...
验证进度: 500/686 损失=0.4387
验证进度: 686/686 损失=2.2956

📊 预测分布分析:
  - 预测的前5个类别: {np.int64(0): 283283, np.int64(1): 37078, np.int64(2): 14701, np.int64(3): 10809, np.int64(4): 8919}
  - 标签的前5个类别: {np.int64(0): 281232, np.int64(1): 36731, np.int64(2): 14789, np.int64(3): 10866, np.int64(4): 8585}
✅ 验证完成，耗时: 4.9秒 (0.1分钟)
训练损失: 0.0018
验证损失: 0.6310
验证准确率: 0.9696 (10630/10964) - 与Levenshtein高度相关
验证F1(加权): 0.9687 - 类别平衡更好
学习率: 0.000002
显存使用: 0.48GB (预留: 0.69GB)

生成的训练样本:
--------------------------------------------------------------------------------
输入:       >LJ<ZR BGNBRWTH NSB LH TLT> >JQRJN BVNN>
目标:     0 0 0 0 0 0 2 0 1 0 0 0 0 2 1 0 0 0 0 3 0 1 0 0 0 0 2 0 0 0 0 0 2 0 0 0 1 0 0 15 0
预测:     0 0 0 0 0 0 2 0 1 0 0 0 0 2 1 0 0 0 0 3 0 1 0 0 0 0 2 0 0 0 0 0 2 0 0 0 1 0 0 15 0
准确率:    1.0000 (41/41)
----------------------------------------
输入:       <LT> DBM<LN> DTR<> DPWRQN> DBQRJT> D<L SMLH
目标:     0 0 70 9 0 0 1 1 0 0 0 4 0 0 1 0 0 4 0 0 1 0 0 0 0 4 0 0 1 1 0 0 22 9 0 0 1 0 0 0 0 0 5 0
预测:     0 0 70 9 0 0 1 1 0 0 0 4 0 0 1 0 0 4 0 0 1 0 0 0 0 4 0 0 1 1 0 0 22 9 0 0 1 0 0 0 0 0 5 0
准确率:    1.0000 (44/44)
----------------------------------------
输入:       NWBDKWN WNGMRKWN WTCTQLWN MN >R<> D<>L >NT
目标:     0 68 0 0 29 0 0 0 0 1 6 0 0 51 0 0 0 0 1 45 39 0 0 3 0 0 0 0 0 0 0 0 4 0 0 1 8 0 83 0 0 0 0
预测:     0 68 0 0 29 0 0 0 0 1 6 0 0 51 0 0 0 0 1 45 39 0 0 3 0 0 0 0 0 0 0 0 4 0 0 1 8 0 83 0 0 0 0
准确率:    1.0000 (43/43)
----------------------------------------

生成的验证样本:
--------------------------------------------------------------------------------
输入:       KLH NPCHWN B>R<> DB<LDBBJHWN DCBW >NWN WNYLWN
目标:     0 0 5 12 0 0 0 5 0 0 0 0 1 0 0 4 0 0 1 0 0 0 0 0 2 1 0 0 0 0 1 0 18 0 0 0 0 0 0 0 1 6 0 18 0 19
预测:     0 0 5 12 0 0 0 5 0 0 0 0 1 0 0 4 0 0 1 0 0 0 0 0 2 1 0 0 0 0 1 0 18 0 0 0 0 0 0 0 1 6 0 18 0 19
准确率:    1.0000 (46/46)
----------------------------------------
输入:       NPCHWN B>R<> DB<LDBBJHWN DCBW >NWN WNYLWN QDMJK
目标:     0 0 0 5 0 0 0 0 1 0 0 4 0 0 1 0 0 0 0 0 2 1 0 0 0 0 1 0 18 0 0 0 0 0 0 0 1 6 0 18 0 19 0 0 0 2 1 0
预测:     0 0 0 5 0 0 0 0 1 0 0 4 0 0 1 0 0 0 0 0 2 1 0 0 0 0 1 0 18 0 0 0 0 0 0 0 1 6 0 18 0 19 0 0 0 2 1 0
准确率:    1.0000 (48/48)
----------------------------------------
⏳ 验证无提升 (验证准确率: 0.9696 ≤ 0.9697)，patience: 25/50

======================================================================
🚀 Epoch 188/200
======================================================================
📚 开始训练阶段...
训练进度: 500/6065 损失=0.0003
训练进度: 1000/6065 损失=0.0028
训练进度: 1500/6065 损失=0.0001
训练进度: 2000/6065 损失=0.0000
训练进度: 2500/6065 损失=0.0001
训练进度: 3000/6065 损失=0.0032
训练进度: 3500/6065 损失=0.0003
训练进度: 4000/6065 损失=0.0001
训练进度: 4500/6065 损失=0.0002
训练进度: 5000/6065 损失=0.0000
训练进度: 5500/6065 损失=0.0001
训练进度: 6000/6065 损失=0.0008
训练进度: 6065/6065 损失=0.0003
✅ 训练完成，耗时: 110.0秒 (1.8分钟)

============================================================
📊 验证决策: Epoch 188/200
   验证间隔: 1
   是否验证: ✅ 是
   原因: 达到验证间隔 (0 == 0)
============================================================

🔍 开始验证...
验证进度: 500/686 损失=0.4468
验证进度: 686/686 损失=2.2806

📊 预测分布分析:
  - 预测的前5个类别: {np.int64(0): 283278, np.int64(1): 37086, np.int64(2): 14705, np.int64(3): 10781, np.int64(4): 8961}
  - 标签的前5个类别: {np.int64(0): 281232, np.int64(1): 36731, np.int64(2): 14789, np.int64(3): 10866, np.int64(4): 8585}
✅ 验证完成，耗时: 4.9秒 (0.1分钟)
训练损失: 0.0018
验证损失: 0.6318
验证准确率: 0.9696 (10631/10964) - 与Levenshtein高度相关
验证F1(加权): 0.9687 - 类别平衡更好
学习率: 0.000002
显存使用: 0.48GB (预留: 0.69GB)

生成的训练样本:
--------------------------------------------------------------------------------
输入:       LKRJH> MDJNT> XZTH W>TRHBT D>JK VBX> Q>M
目标:     0 1 0 8 0 43 27 0 0 0 0 13 9 0 0 0 18 90 0 0 1 0 14 0 0 3 26 0 1 0 0 0 0 0 0 15 0 0 20 0 7
预测:     0 1 0 8 0 43 27 0 0 0 0 13 9 0 0 0 18 90 0 0 1 0 14 0 0 3 26 0 1 0 0 0 0 0 0 15 0 0 20 0 7
准确率:    1.0000 (41/41)
----------------------------------------
输入:       WL> NCM< LKHN> DQ>M LMCMCW TMN QDM
目标:     0 1 0 0 0 6 0 0 3 0 1 0 0 4 0 0 1 20 0 7 0 1 6 0 0 49 19 0 0 0 0 0 0 0 2
预测:     0 1 0 0 0 6 0 0 3 0 1 0 0 4 0 0 1 20 0 7 0 1 6 0 0 49 19 0 0 0 0 0 0 0 2
准确率:    1.0000 (35/35)
----------------------------------------
输入:       JTBJN W>NCJ BBL PLXJN LSKWT BNWT W>NCJ
目标:     0 0 0 7 0 0 0 1 0 0 2 0 0 0 0 2 0 0 0 7 0 0 0 1 0 0 0 2 0 0 0 0 2 0 1 0 0 2 0
预测:     0 0 0 7 0 0 0 1 0 0 2 0 0 0 0 2 0 0 0 7 0 0 0 1 0 0 0 2 0 0 0 0 2 0 1 0 0 2 0
准确率:    1.0000 (39/39)
----------------------------------------

生成的验证样本:
--------------------------------------------------------------------------------
输入:       KLH NPCHWN B>R<> DB<LDBBJHWN DCBW >NWN WNYLWN
目标:     0 0 5 12 0 0 0 5 0 0 0 0 1 0 0 4 0 0 1 0 0 0 0 0 2 1 0 0 0 0 1 0 18 0 0 0 0 0 0 0 1 6 0 18 0 19
预测:     0 0 5 12 0 0 0 5 0 0 0 0 1 0 0 4 0 0 1 0 0 0 0 0 2 1 0 0 0 0 1 0 18 0 0 0 0 0 0 0 1 6 0 18 0 19
准确率:    1.0000 (46/46)
----------------------------------------
输入:       NPCHWN B>R<> DB<LDBBJHWN DCBW >NWN WNYLWN QDMJK
目标:     0 0 0 5 0 0 0 0 1 0 0 4 0 0 1 0 0 0 0 0 2 1 0 0 0 0 1 0 18 0 0 0 0 0 0 0 1 6 0 18 0 19 0 0 0 2 1 0
预测:     0 0 0 5 0 0 0 0 1 0 0 4 0 0 1 0 0 0 0 0 2 1 0 0 0 0 1 0 18 0 0 0 0 0 0 0 1 6 0 18 0 19 0 0 0 2 1 0
准确率:    1.0000 (48/48)
----------------------------------------
⏳ 验证无提升 (验证准确率: 0.9696 ≤ 0.9697)，patience: 26/50

======================================================================
🚀 Epoch 189/200
======================================================================
📚 开始训练阶段...
训练进度: 500/6065 损失=0.0033
训练进度: 1000/6065 损失=0.0002
训练进度: 1500/6065 损失=0.0002
训练进度: 2000/6065 损失=0.0017
训练进度: 2500/6065 损失=0.0002
训练进度: 3000/6065 损失=0.0000
训练进度: 3500/6065 损失=0.0002
训练进度: 4000/6065 损失=0.0001
训练进度: 4500/6065 损失=0.0008
训练进度: 5000/6065 损失=0.0075
训练进度: 5500/6065 损失=0.0002
训练进度: 6000/6065 损失=0.0001
训练进度: 6065/6065 损失=0.0000
✅ 训练完成，耗时: 110.0秒 (1.8分钟)

============================================================
📊 验证决策: Epoch 189/200
   验证间隔: 1
   是否验证: ✅ 是
   原因: 达到验证间隔 (0 == 0)
============================================================

🔍 开始验证...
验证进度: 500/686 损失=0.4989
验证进度: 686/686 损失=2.2561

📊 预测分布分析:
  - 预测的前5个类别: {np.int64(0): 283283, np.int64(1): 37080, np.int64(2): 14690, np.int64(3): 10784, np.int64(4): 8964}
  - 标签的前5个类别: {np.int64(0): 281232, np.int64(1): 36731, np.int64(2): 14789, np.int64(3): 10866, np.int64(4): 8585}
✅ 验证完成，耗时: 4.9秒 (0.1分钟)
训练损失: 0.0018
验证损失: 0.6325
验证准确率: 0.9696 (10630/10964) - 与Levenshtein高度相关
验证F1(加权): 0.9687 - 类别平衡更好
学习率: 0.000002
显存使用: 0.47GB (预留: 0.69GB)

生成的训练样本:
--------------------------------------------------------------------------------
输入:       QRJT> DGB> MRJ> MN KLHWN CBV> D>JSRJL
目标:     0 0 0 22 9 0 0 1 0 10 3 0 0 0 0 2 0 0 0 0 0 5 0 0 0 0 0 0 11 0 0 1 0 0 0 0 0 2
预测:     0 0 0 22 9 0 0 1 0 10 3 0 0 0 0 2 0 0 0 0 0 5 0 0 0 0 0 0 11 0 0 1 0 0 0 0 0 2
准确率:    1.0000 (38/38)
----------------------------------------
输入:       JTJR MN KLHWN BNWHJ MVL DBR SJBWT>
目标:     0 0 0 0 2 0 0 0 0 0 5 0 0 0 0 0 25 1 0 0 0 0 0 0 0 1 0 2 0 0 0 0 2 9 0
预测:     0 0 0 0 2 0 0 0 0 0 5 0 0 0 0 0 25 1 0 0 0 0 0 0 0 1 0 2 0 0 0 0 2 9 0
准确率:    1.0000 (35/35)
----------------------------------------
输入:       DPR<WN DL> ND<JWHJ DNTXZWN <BDWHJ TXJT CMJ>
目标:     0 1 0 0 0 0 2 0 1 0 0 0 52 0 48 35 0 0 0 0 1 21 14 0 18 0 0 0 0 0 104 1 0 0 0 0 8 0 0 0 0 24 9 0
预测:     0 1 0 0 0 0 2 0 1 0 0 0 52 0 48 35 0 0 0 0 1 21 14 0 18 0 0 0 0 0 104 1 0 0 0 0 8 0 0 0 0 24 9 0
准确率:    1.0000 (44/44)
----------------------------------------

生成的验证样本:
--------------------------------------------------------------------------------
输入:       KLH NPCHWN B>R<> DB<LDBBJHWN DCBW >NWN WNYLWN
目标:     0 0 5 12 0 0 0 5 0 0 0 0 1 0 0 4 0 0 1 0 0 0 0 0 2 1 0 0 0 0 1 0 18 0 0 0 0 0 0 0 1 6 0 18 0 19
预测:     0 0 5 12 0 0 0 5 0 0 0 0 1 0 0 4 0 0 1 0 0 0 0 0 2 1 0 0 0 0 1 0 18 0 0 0 0 0 0 0 1 6 0 18 0 19
准确率:    1.0000 (46/46)
----------------------------------------
输入:       NPCHWN B>R<> DB<LDBBJHWN DCBW >NWN WNYLWN QDMJK
目标:     0 0 0 5 0 0 0 0 1 0 0 4 0 0 1 0 0 0 0 0 2 1 0 0 0 0 1 0 18 0 0 0 0 0 0 0 1 6 0 18 0 19 0 0 0 2 1 0
预测:     0 0 0 5 0 0 0 0 1 0 0 4 0 0 1 0 0 0 0 0 2 1 0 0 0 0 1 0 18 0 0 0 0 0 0 0 1 6 0 18 0 19 0 0 0 2 1 0
准确率:    1.0000 (48/48)
----------------------------------------
⏳ 验证无提升 (验证准确率: 0.9696 ≤ 0.9697)，patience: 27/50

======================================================================
🚀 Epoch 190/200
======================================================================
📚 开始训练阶段...
训练进度: 500/6065 损失=0.0033
训练进度: 1000/6065 损失=0.0002
训练进度: 1500/6065 损失=0.0001
训练进度: 2000/6065 损失=0.0002
训练进度: 2500/6065 损失=0.0001
训练进度: 3000/6065 损失=0.0072
训练进度: 3500/6065 损失=0.0006
训练进度: 4000/6065 损失=0.0059
训练进度: 4500/6065 损失=0.0001
训练进度: 5000/6065 损失=0.0002
训练进度: 5500/6065 损失=0.0025
训练进度: 6000/6065 损失=0.0009
训练进度: 6065/6065 损失=0.0003
✅ 训练完成，耗时: 109.6秒 (1.8分钟)

============================================================
📊 验证决策: Epoch 190/200
   验证间隔: 1
   是否验证: ✅ 是
   原因: 达到验证间隔 (0 == 0)
============================================================

🔍 开始验证...
验证进度: 500/686 损失=0.5081
验证进度: 686/686 损失=2.2764

📊 预测分布分析:
  - 预测的前5个类别: {np.int64(0): 283302, np.int64(1): 37084, np.int64(2): 14704, np.int64(3): 10774, np.int64(4): 8931}
  - 标签的前5个类别: {np.int64(0): 281232, np.int64(1): 36731, np.int64(2): 14789, np.int64(3): 10866, np.int64(4): 8585}
✅ 验证完成，耗时: 4.9秒 (0.1分钟)
训练损失: 0.0018
验证损失: 0.6340
验证准确率: 0.9696 (10630/10964) - 与Levenshtein高度相关
验证F1(加权): 0.9687 - 类别平衡更好
学习率: 0.000002
显存使用: 0.48GB (预留: 0.69GB)

生成的训练样本:
--------------------------------------------------------------------------------
输入:       BNJ >JSRJL WZLW PLWXW QDM MRJ> >JKN>
目标:     0 0 2 0 0 0 0 0 0 0 2 0 121 0 3 0 6 0 8 0 3 0 0 0 0 2 0 0 0 0 2 0 0 0 107 0 0
预测:     0 0 2 0 0 0 0 0 0 0 2 0 121 0 3 0 6 0 8 0 3 0 0 0 0 2 0 0 0 0 2 0 0 0 107 0 0
准确率:    1.0000 (37/37)
----------------------------------------
输入:       NTRGM WKD NPTX GBR> GWB> >W NXPWR
目标:     0 21 14 0 0 3 0 1 0 0 0 6 0 0 3 0 0 0 4 0 0 0 0 4 0 0 0 0 0 6 0 8 0 3
预测:     0 21 14 0 0 3 0 1 0 0 0 6 0 0 3 0 0 0 4 0 0 0 0 4 0 0 0 0 0 6 0 8 0 3
准确率:    1.0000 (34/34)
----------------------------------------
输入:       WHWW KL JWMWHJ DCJT TC<M>> WTRT<SR> CNJN
目标:     0 1 0 18 0 0 0 2 0 0 0 25 1 0 0 0 1 0 0 2 0 0 0 5 0 0 2 0 1 0 2 134 0 0 0 2 0 0 13 0 0
预测:     0 1 0 18 0 0 0 2 0 0 0 25 1 0 0 0 1 0 0 2 0 0 0 5 0 0 2 0 1 0 2 134 0 0 0 2 0 0 13 0 0
准确率:    1.0000 (41/41)
----------------------------------------

生成的验证样本:
--------------------------------------------------------------------------------
输入:       KLH NPCHWN B>R<> DB<LDBBJHWN DCBW >NWN WNYLWN
目标:     0 0 5 12 0 0 0 5 0 0 0 0 1 0 0 4 0 0 1 0 0 0 0 0 2 1 0 0 0 0 1 0 18 0 0 0 0 0 0 0 1 6 0 18 0 19
预测:     0 0 5 12 0 0 0 5 0 0 0 0 1 0 0 4 0 0 1 0 0 0 0 0 2 1 0 0 0 0 1 0 18 0 0 0 0 0 0 0 1 6 0 18 0 19
准确率:    1.0000 (46/46)
----------------------------------------
输入:       NPCHWN B>R<> DB<LDBBJHWN DCBW >NWN WNYLWN QDMJK
目标:     0 0 0 5 0 0 0 0 1 0 0 4 0 0 1 0 0 0 0 0 2 1 0 0 0 0 1 0 18 0 0 0 0 0 0 0 1 6 0 18 0 19 0 0 0 2 1 0
预测:     0 0 0 5 0 0 0 0 1 0 0 4 0 0 1 0 0 0 0 0 2 1 0 0 0 0 1 0 18 0 0 0 0 0 0 0 1 6 0 18 0 19 0 0 0 2 1 0
准确率:    1.0000 (48/48)
----------------------------------------
⏳ 验证无提升 (验证准确率: 0.9696 ≤ 0.9697)，patience: 28/50

======================================================================
🚀 Epoch 191/200
======================================================================
📚 开始训练阶段...
训练进度: 500/6065 损失=0.0004
训练进度: 1000/6065 损失=0.0005
训练进度: 1500/6065 损失=0.0006
训练进度: 2000/6065 损失=0.0000
训练进度: 2500/6065 损失=0.0003
训练进度: 3000/6065 损失=0.0002
训练进度: 3500/6065 损失=0.0000
训练进度: 4000/6065 损失=0.0111
训练进度: 4500/6065 损失=0.0004
训练进度: 5000/6065 损失=0.0001
训练进度: 5500/6065 损失=0.0002
训练进度: 6000/6065 损失=0.0000
训练进度: 6065/6065 损失=0.0007
✅ 训练完成，耗时: 109.4秒 (1.8分钟)

============================================================
📊 验证决策: Epoch 191/200
   验证间隔: 1
   是否验证: ✅ 是
   原因: 达到验证间隔 (0 == 0)
============================================================

🔍 开始验证...
验证进度: 500/686 损失=0.5840
验证进度: 686/686 损失=2.2765

📊 预测分布分析:
  - 预测的前5个类别: {np.int64(0): 283297, np.int64(1): 37082, np.int64(2): 14697, np.int64(3): 10761, np.int64(4): 8974}
  - 标签的前5个类别: {np.int64(0): 281232, np.int64(1): 36731, np.int64(2): 14789, np.int64(3): 10866, np.int64(4): 8585}
✅ 验证完成，耗时: 5.0秒 (0.1分钟)
训练损失: 0.0018
验证损失: 0.6333
验证准确率: 0.9697 (10631/10964) - 与Levenshtein高度相关
验证F1(加权): 0.9688 - 类别平衡更好
学习率: 0.000002
显存使用: 0.47GB (预留: 0.69GB)

生成的训练样本:
--------------------------------------------------------------------------------
输入:       <L YWRH WBK> <L YWRH TWB W>MR
目标:     0 0 0 0 0 0 5 0 0 1 0 10 3 0 0 0 0 0 0 5 0 0 0 0 0 0 1 0 0 3
预测:     0 0 0 0 0 0 5 0 0 1 0 10 3 0 0 0 0 0 0 5 0 0 0 0 0 0 1 0 0 3
准确率:    1.0000 (30/30)
----------------------------------------
输入:       MN DMZJ< >JKN> DYB> HW MZJ< LH
目标:     0 0 12 0 1 28 20 0 7 0 0 0 0 8 0 0 1 0 10 7 0 0 0 0 28 20 0 7 0 1 0
预测:     0 0 12 0 1 28 20 0 7 0 0 0 0 8 0 0 1 0 10 7 0 0 0 0 28 20 0 7 0 1 0
准确率:    1.0000 (31/31)
----------------------------------------
输入:       WL> KL M>N DDHB> >W M>N> DKSP>
目标:     0 1 0 0 0 0 2 0 0 0 2 0 1 0 0 4 0 0 0 0 0 0 0 11 0 0 1 0 0 4 0
预测:     0 1 0 0 0 0 2 0 0 0 2 0 1 0 0 4 0 0 0 0 0 0 0 11 0 0 1 0 0 4 0
准确率:    1.0000 (31/31)
----------------------------------------

生成的验证样本:
--------------------------------------------------------------------------------
输入:       KLH NPCHWN B>R<> DB<LDBBJHWN DCBW >NWN WNYLWN
目标:     0 0 5 12 0 0 0 5 0 0 0 0 1 0 0 4 0 0 1 0 0 0 0 0 2 1 0 0 0 0 1 0 18 0 0 0 0 0 0 0 1 6 0 18 0 19
预测:     0 0 5 12 0 0 0 5 0 0 0 0 1 0 0 4 0 0 1 0 0 0 0 0 2 1 0 0 0 0 1 0 18 0 0 0 0 0 0 0 1 6 0 18 0 19
准确率:    1.0000 (46/46)
----------------------------------------
输入:       NPCHWN B>R<> DB<LDBBJHWN DCBW >NWN WNYLWN QDMJK
目标:     0 0 0 5 0 0 0 0 1 0 0 4 0 0 1 0 0 0 0 0 2 1 0 0 0 0 1 0 18 0 0 0 0 0 0 0 1 6 0 18 0 19 0 0 0 2 1 0
预测:     0 0 0 5 0 0 0 0 1 0 0 4 0 0 1 0 0 0 0 0 2 1 0 0 0 0 1 0 18 0 0 0 0 0 0 0 1 6 0 18 0 19 0 0 0 2 1 0
准确率:    1.0000 (48/48)
----------------------------------------
💾 保存新的最佳模型！验证准确率: 0.9697 (F1: 0.9688) (Epoch 191)

======================================================================
🚀 Epoch 192/200
======================================================================
📚 开始训练阶段...
训练进度: 500/6065 损失=0.0009
训练进度: 1000/6065 损失=0.0001
训练进度: 1500/6065 损失=0.0003
训练进度: 2000/6065 损失=0.0031
训练进度: 2500/6065 损失=0.0231
训练进度: 3000/6065 损失=0.0004
训练进度: 3500/6065 损失=0.0016
训练进度: 4000/6065 损失=0.0001
训练进度: 4500/6065 损失=0.0001
训练进度: 5000/6065 损失=0.0003
训练进度: 5500/6065 损失=0.0001
训练进度: 6000/6065 损失=0.0017
训练进度: 6065/6065 损失=0.0002
✅ 训练完成，耗时: 109.4秒 (1.8分钟)

============================================================
📊 验证决策: Epoch 192/200
   验证间隔: 1
   是否验证: ✅ 是
   原因: 达到验证间隔 (0 == 0)
============================================================

🔍 开始验证...
验证进度: 500/686 损失=0.4740
验证进度: 686/686 损失=2.2610

📊 预测分布分析:
  - 预测的前5个类别: {np.int64(0): 283299, np.int64(1): 37087, np.int64(2): 14704, np.int64(3): 10803, np.int64(4): 8921}
  - 标签的前5个类别: {np.int64(0): 281232, np.int64(1): 36731, np.int64(2): 14789, np.int64(3): 10866, np.int64(4): 8585}
✅ 验证完成，耗时: 4.9秒 (0.1分钟)
训练损失: 0.0019
验证损失: 0.6343
验证准确率: 0.9696 (10630/10964) - 与Levenshtein高度相关
验证F1(加权): 0.9687 - 类别平衡更好
学习率: 0.000001
显存使用: 0.48GB (预留: 0.69GB)

生成的训练样本:
--------------------------------------------------------------------------------
输入:       <KW WLJTBJ YJDWN WLXBL WL>JZBL WLXLB> WL>PQ
目标:     0 0 0 2 0 1 1 0 0 7 0 0 0 0 8 0 2 0 1 1 0 0 283 0 1 1 0 0 0 0 2 0 1 1 0 0 0 2 0 1 1 0 0 2
预测:     0 0 0 2 0 1 1 0 0 7 0 0 0 0 8 0 2 0 1 1 0 0 283 0 1 1 0 0 0 0 2 0 1 1 0 0 0 2 0 1 1 0 0 2
准确率:    1.0000 (44/44)
----------------------------------------
输入:       L> TCLMNJ BNPCT> D>LWYJ MVL DQMW <LJ
目标:     0 0 0 0 28 0 0 29 0 0 0 1 0 0 2 23 0 0 1 0 0 0 2 46 0 0 0 0 0 1 31 3 0 0 0 1 0
预测:     0 0 0 0 28 0 0 29 0 0 0 1 0 0 2 23 0 0 1 0 0 0 2 46 0 0 0 0 0 1 31 3 0 0 0 1 0
准确率:    1.0000 (37/37)
----------------------------------------
输入:       D>DWM W>ZL MLK> D>JSRJL WMLK> DJHWD> WMLK>
目标:     0 1 0 0 0 2 0 1 0 0 3 0 0 0 4 0 0 1 0 0 0 0 0 2 0 1 0 0 4 0 0 1 0 0 0 0 2 0 1 0 0 4 0
预测:     0 1 0 0 0 2 0 1 0 0 3 0 0 0 4 0 0 1 0 0 0 0 0 2 0 1 0 0 4 0 0 1 0 0 0 0 2 0 1 0 0 4 0
准确率:    1.0000 (43/43)
----------------------------------------

生成的验证样本:
--------------------------------------------------------------------------------
输入:       KLH NPCHWN B>R<> DB<LDBBJHWN DCBW >NWN WNYLWN
目标:     0 0 5 12 0 0 0 5 0 0 0 0 1 0 0 4 0 0 1 0 0 0 0 0 2 1 0 0 0 0 1 0 18 0 0 0 0 0 0 0 1 6 0 18 0 19
预测:     0 0 5 12 0 0 0 5 0 0 0 0 1 0 0 4 0 0 1 0 0 0 0 0 2 1 0 0 0 0 1 0 18 0 0 0 0 0 0 0 1 6 0 18 0 19
准确率:    1.0000 (46/46)
----------------------------------------
输入:       NPCHWN B>R<> DB<LDBBJHWN DCBW >NWN WNYLWN QDMJK
目标:     0 0 0 5 0 0 0 0 1 0 0 4 0 0 1 0 0 0 0 0 2 1 0 0 0 0 1 0 18 0 0 0 0 0 0 0 1 6 0 18 0 19 0 0 0 2 1 0
预测:     0 0 0 5 0 0 0 0 1 0 0 4 0 0 1 0 0 0 0 0 2 1 0 0 0 0 1 0 18 0 0 0 0 0 0 0 1 6 0 18 0 19 0 0 0 2 1 0
准确率:    1.0000 (48/48)
----------------------------------------
⏳ 验证无提升 (验证准确率: 0.9696 ≤ 0.9697)，patience: 1/50

======================================================================
🚀 Epoch 193/200
======================================================================
📚 开始训练阶段...
训练进度: 500/6065 损失=0.0054
训练进度: 1000/6065 损失=0.0008
训练进度: 1500/6065 损失=0.0000
训练进度: 2000/6065 损失=0.0002
训练进度: 2500/6065 损失=0.0001
训练进度: 3000/6065 损失=0.0000
训练进度: 3500/6065 损失=0.0008
训练进度: 4000/6065 损失=0.0005
训练进度: 4500/6065 损失=0.0000
训练进度: 5000/6065 损失=0.0000
训练进度: 5500/6065 损失=0.0001
训练进度: 6000/6065 损失=0.0015
训练进度: 6065/6065 损失=0.0027
✅ 训练完成，耗时: 109.6秒 (1.8分钟)

============================================================
📊 验证决策: Epoch 193/200
   验证间隔: 1
   是否验证: ✅ 是
   原因: 达到验证间隔 (0 == 0)
============================================================

🔍 开始验证...
验证进度: 500/686 损失=0.4771
验证进度: 686/686 损失=2.2681

📊 预测分布分析:
  - 预测的前5个类别: {np.int64(0): 283246, np.int64(1): 37085, np.int64(2): 14705, np.int64(3): 10789, np.int64(4): 8967}
  - 标签的前5个类别: {np.int64(0): 281232, np.int64(1): 36731, np.int64(2): 14789, np.int64(3): 10866, np.int64(4): 8585}
✅ 验证完成，耗时: 4.9秒 (0.1分钟)
训练损失: 0.0017
验证损失: 0.6351
验证准确率: 0.9696 (10630/10964) - 与Levenshtein高度相关
验证F1(加权): 0.9687 - 类别平衡更好
学习率: 0.000001
显存使用: 0.48GB (预留: 0.69GB)

生成的训练样本:
--------------------------------------------------------------------------------
输入:       VL> WQDM NDWB<L DHWJW GD<WN WKLH <M>
目标:     0 0 4 0 0 1 0 0 77 0 0 0 0 0 38 2 0 1 0 99 0 0 0 0 0 0 0 2 0 1 0 5 0 0 0 15 0
预测:     0 0 4 0 0 1 0 0 77 0 0 0 0 0 38 2 0 1 0 99 0 0 0 0 0 0 0 2 0 1 0 5 0 0 0 15 0
准确率:    1.0000 (37/37)
----------------------------------------
输入:       L<GL> D<BDW W>WQDH BNWR> WCPH BCWPJN> <DM>
目标:     0 1 0 0 15 0 0 1 0 0 3 0 0 1 50 0 0 29 0 0 1 0 0 4 0 0 1 31 29 0 0 1 0 0 0 0 4 0 0 0 0 0 0
预测:     0 1 0 0 15 0 0 1 0 0 3 0 0 1 50 0 0 29 0 0 1 0 0 4 0 0 1 31 29 0 0 1 0 0 0 0 4 0 0 0 0 0 0
准确率:    1.0000 (43/43)
----------------------------------------
输入:       X>R> NPLXWN WGBR> SKWLTN> KD MTRD> L>
目标:     0 0 0 129 0 0 6 0 0 3 0 0 0 1 0 0 4 0 0 0 0 0 0 0 4 0 0 0 0 0 21 14 0 10 7 0 0 0
预测:     0 0 0 129 0 0 6 0 0 3 0 0 0 1 0 0 4 0 0 0 0 0 0 0 4 0 0 0 0 0 21 14 0 10 7 0 0 0
准确率:    1.0000 (38/38)
----------------------------------------

生成的验证样本:
--------------------------------------------------------------------------------
输入:       KLH NPCHWN B>R<> DB<LDBBJHWN DCBW >NWN WNYLWN
目标:     0 0 5 12 0 0 0 5 0 0 0 0 1 0 0 4 0 0 1 0 0 0 0 0 2 1 0 0 0 0 1 0 18 0 0 0 0 0 0 0 1 6 0 18 0 19
预测:     0 0 5 12 0 0 0 5 0 0 0 0 1 0 0 4 0 0 1 0 0 0 0 0 2 1 0 0 0 0 1 0 18 0 0 0 0 0 0 0 1 6 0 18 0 19
准确率:    1.0000 (46/46)
----------------------------------------
输入:       NPCHWN B>R<> DB<LDBBJHWN DCBW >NWN WNYLWN QDMJK
目标:     0 0 0 5 0 0 0 0 1 0 0 4 0 0 1 0 0 0 0 0 2 1 0 0 0 0 1 0 18 0 0 0 0 0 0 0 1 6 0 18 0 19 0 0 0 2 1 0
预测:     0 0 0 5 0 0 0 0 1 0 0 4 0 0 1 0 0 0 0 0 2 1 0 0 0 0 1 0 18 0 0 0 0 0 0 0 1 6 0 18 0 19 0 0 0 2 1 0
准确率:    1.0000 (48/48)
----------------------------------------
⏳ 验证无提升 (验证准确率: 0.9696 ≤ 0.9697)，patience: 2/50

======================================================================
🚀 Epoch 194/200
======================================================================
📚 开始训练阶段...
训练进度: 500/6065 损失=0.0004
训练进度: 1000/6065 损失=0.0000
训练进度: 1500/6065 损失=0.0000
训练进度: 2000/6065 损失=0.0000
训练进度: 2500/6065 损失=0.0001
训练进度: 3000/6065 损失=0.0000
训练进度: 3500/6065 损失=0.0024
训练进度: 4000/6065 损失=0.0000
训练进度: 4500/6065 损失=0.0001
训练进度: 5000/6065 损失=0.0002
训练进度: 5500/6065 损失=0.0008
训练进度: 6000/6065 损失=0.0004
训练进度: 6065/6065 损失=0.0004
✅ 训练完成，耗时: 109.6秒 (1.8分钟)

============================================================
📊 验证决策: Epoch 194/200
   验证间隔: 1
   是否验证: ✅ 是
   原因: 达到验证间隔 (0 == 0)
============================================================

🔍 开始验证...
验证进度: 500/686 损失=0.4623
验证进度: 686/686 损失=2.2770

📊 预测分布分析:
  - 预测的前5个类别: {np.int64(0): 283238, np.int64(1): 37079, np.int64(2): 14707, np.int64(3): 10775, np.int64(4): 8946}
  - 标签的前5个类别: {np.int64(0): 281232, np.int64(1): 36731, np.int64(2): 14789, np.int64(3): 10866, np.int64(4): 8585}
✅ 验证完成，耗时: 4.9秒 (0.1分钟)
训练损失: 0.0019
验证损失: 0.6350
验证准确率: 0.9697 (10631/10964) - 与Levenshtein高度相关
验证F1(加权): 0.9688 - 类别平衡更好
学习率: 0.000001
显存使用: 0.48GB (预留: 0.69GB)

生成的训练样本:
--------------------------------------------------------------------------------
输入:       WDJNWHJ DPQD L>BHJN WNHWWN PTGM> HLJN DB<JT
目标:     0 1 0 0 69 1 0 0 0 1 0 0 16 0 1 0 8 2 1 0 0 1 6 0 18 0 0 0 0 0 0 11 0 0 0 0 0 0 0 1 0 0 3 0
预测:     0 1 0 0 69 1 0 0 0 1 0 0 16 0 1 0 8 2 1 0 0 1 6 0 18 0 0 0 0 0 0 11 0 0 0 0 0 0 0 1 0 0 3 0
准确率:    1.0000 (44/44)
----------------------------------------
输入:       WZLW >R<W >MRJN LH L> MCKXJNN <DM>
目标:     0 121 0 3 0 6 17 0 18 0 0 0 0 7 0 0 0 1 0 0 0 0 0 28 0 0 7 87 0 0 0 0 0 0 0
预测:     0 121 0 3 0 6 17 0 18 0 0 0 0 7 0 0 0 1 0 0 0 0 0 28 0 0 7 87 0 0 0 0 0 0 0
准确率:    1.0000 (35/35)
----------------------------------------
输入:       BKLHJN QWRJK >L> TVR WT<BD KWLHWN PTGM>
目标:     0 1 0 5 0 0 0 0 0 0 100 1 0 0 0 0 0 0 34 0 3 0 1 6 0 0 3 0 8 0 5 0 0 0 0 0 0 0 11 0
预测:     0 1 0 5 0 0 0 0 0 0 100 1 0 0 0 0 0 0 34 0 3 0 1 6 0 0 3 0 8 0 5 0 0 0 0 0 0 0 11 0
准确率:    1.0000 (40/40)
----------------------------------------

生成的验证样本:
--------------------------------------------------------------------------------
输入:       KLH NPCHWN B>R<> DB<LDBBJHWN DCBW >NWN WNYLWN
目标:     0 0 5 12 0 0 0 5 0 0 0 0 1 0 0 4 0 0 1 0 0 0 0 0 2 1 0 0 0 0 1 0 18 0 0 0 0 0 0 0 1 6 0 18 0 19
预测:     0 0 5 12 0 0 0 5 0 0 0 0 1 0 0 4 0 0 1 0 0 0 0 0 2 1 0 0 0 0 1 0 18 0 0 0 0 0 0 0 1 6 0 18 0 19
准确率:    1.0000 (46/46)
----------------------------------------
输入:       NPCHWN B>R<> DB<LDBBJHWN DCBW >NWN WNYLWN QDMJK
目标:     0 0 0 5 0 0 0 0 1 0 0 4 0 0 1 0 0 0 0 0 2 1 0 0 0 0 1 0 18 0 0 0 0 0 0 0 1 6 0 18 0 19 0 0 0 2 1 0
预测:     0 0 0 5 0 0 0 0 1 0 0 4 0 0 1 0 0 0 0 0 2 1 0 0 0 0 1 0 18 0 0 0 0 0 0 0 1 6 0 18 0 19 0 0 0 2 1 0
准确率:    1.0000 (48/48)
----------------------------------------
⏳ 验证无提升 (验证准确率: 0.9697 ≤ 0.9697)，patience: 3/50

======================================================================
🚀 Epoch 195/200
======================================================================
📚 开始训练阶段...
训练进度: 500/6065 损失=0.0001
训练进度: 1000/6065 损失=0.0134
训练进度: 1500/6065 损失=0.0001
训练进度: 2000/6065 损失=0.0001
训练进度: 2500/6065 损失=0.0038
训练进度: 3000/6065 损失=0.0005
训练进度: 3500/6065 损失=0.0003
训练进度: 4000/6065 损失=0.0132
训练进度: 4500/6065 损失=0.0001
训练进度: 5000/6065 损失=0.0016
训练进度: 5500/6065 损失=0.0000
训练进度: 6000/6065 损失=0.0005
训练进度: 6065/6065 损失=0.0004
✅ 训练完成，耗时: 109.8秒 (1.8分钟)

============================================================
📊 验证决策: Epoch 195/200
   验证间隔: 1
   是否验证: ✅ 是
   原因: 达到验证间隔 (0 == 0)
============================================================

🔍 开始验证...
验证进度: 500/686 损失=0.4870
验证进度: 686/686 损失=2.2886

📊 预测分布分析:
  - 预测的前5个类别: {np.int64(0): 283269, np.int64(1): 37085, np.int64(2): 14707, np.int64(3): 10762, np.int64(4): 8961}
  - 标签的前5个类别: {np.int64(0): 281232, np.int64(1): 36731, np.int64(2): 14789, np.int64(3): 10866, np.int64(4): 8585}
✅ 验证完成，耗时: 4.8秒 (0.1分钟)
训练损失: 0.0018
验证损失: 0.6363
验证准确率: 0.9696 (10630/10964) - 与Levenshtein高度相关
验证F1(加权): 0.9687 - 类别平衡更好
学习率: 0.000001
显存使用: 0.47GB (预留: 0.69GB)

生成的训练样本:
--------------------------------------------------------------------------------
输入:       BH B>WR DKLDJ> WNSBW LHWN >BRM WNXWR
目标:     0 1 12 0 1 0 0 2 0 1 0 0 0 11 0 0 1 0 0 3 0 0 1 0 0 0 0 0 0 0 2 0 1 0 0 0 2
预测:     0 1 12 0 1 0 0 2 0 1 0 0 0 11 0 0 1 0 0 3 0 0 1 0 0 0 0 0 0 0 2 0 1 0 0 0 2
准确率:    1.0000 (37/37)
----------------------------------------
输入:       MCTRJ> BTJBWT> XZ> LBNT <MM> DKPR BDXLT>
目标:     0 45 39 0 0 7 0 0 1 0 0 0 2 9 0 0 0 10 3 0 1 0 22 12 0 0 8 30 0 0 1 0 0 7 0 1 0 0 13 23 0
预测:     0 45 39 0 0 7 0 0 1 0 0 0 2 9 0 0 0 10 3 0 1 0 22 12 0 0 8 30 0 0 1 0 0 7 0 1 0 0 13 23 0
准确率:    1.0000 (41/41)
----------------------------------------
输入:       BNJ >JSRJL CR> >NWN >NC LJRTWTH WLMCKNH
目标:     0 0 2 0 0 0 0 0 0 0 2 0 0 10 3 0 0 0 0 0 0 0 0 2 0 1 0 0 0 2 1 0 0 1 1 0 0 0 5 0
预测:     0 0 2 0 0 0 0 0 0 0 2 0 0 10 3 0 0 0 0 0 0 0 0 2 0 1 0 0 0 2 1 0 0 1 1 0 0 0 5 0
准确率:    1.0000 (40/40)
----------------------------------------

生成的验证样本:
--------------------------------------------------------------------------------
输入:       KLH NPCHWN B>R<> DB<LDBBJHWN DCBW >NWN WNYLWN
目标:     0 0 5 12 0 0 0 5 0 0 0 0 1 0 0 4 0 0 1 0 0 0 0 0 2 1 0 0 0 0 1 0 18 0 0 0 0 0 0 0 1 6 0 18 0 19
预测:     0 0 5 12 0 0 0 5 0 0 0 0 1 0 0 4 0 0 1 0 0 0 0 0 2 1 0 0 0 0 1 0 18 0 0 0 0 0 0 0 1 6 0 18 0 19
准确率:    1.0000 (46/46)
----------------------------------------
输入:       NPCHWN B>R<> DB<LDBBJHWN DCBW >NWN WNYLWN QDMJK
目标:     0 0 0 5 0 0 0 0 1 0 0 4 0 0 1 0 0 0 0 0 2 1 0 0 0 0 1 0 18 0 0 0 0 0 0 0 1 6 0 18 0 19 0 0 0 2 1 0
预测:     0 0 0 5 0 0 0 0 1 0 0 4 0 0 1 0 0 0 0 0 2 1 0 0 0 0 1 0 18 0 0 0 0 0 0 0 1 6 0 18 0 19 0 0 0 2 1 0
准确率:    1.0000 (48/48)
----------------------------------------
⏳ 验证无提升 (验证准确率: 0.9696 ≤ 0.9697)，patience: 4/50

======================================================================
🚀 Epoch 196/200
======================================================================
📚 开始训练阶段...
训练进度: 500/6065 损失=0.0059
训练进度: 1000/6065 损失=0.0000
训练进度: 1500/6065 损失=0.0001
训练进度: 2000/6065 损失=0.0051
训练进度: 2500/6065 损失=0.0001
训练进度: 3000/6065 损失=0.0005
训练进度: 3500/6065 损失=0.0001
训练进度: 4000/6065 损失=0.0002
训练进度: 4500/6065 损失=0.0000
训练进度: 5000/6065 损失=0.0006
训练进度: 5500/6065 损失=0.0000
训练进度: 6000/6065 损失=0.0006
训练进度: 6065/6065 损失=0.0002
✅ 训练完成，耗时: 109.9秒 (1.8分钟)

============================================================
📊 验证决策: Epoch 196/200
   验证间隔: 1
   是否验证: ✅ 是
   原因: 达到验证间隔 (0 == 0)
============================================================

🔍 开始验证...
验证进度: 500/686 损失=0.4397
验证进度: 686/686 损失=2.2877

📊 预测分布分析:
  - 预测的前5个类别: {np.int64(0): 283259, np.int64(1): 37075, np.int64(2): 14695, np.int64(3): 10763, np.int64(4): 8979}
  - 标签的前5个类别: {np.int64(0): 281232, np.int64(1): 36731, np.int64(2): 14789, np.int64(3): 10866, np.int64(4): 8585}
✅ 验证完成，耗时: 4.9秒 (0.1分钟)
训练损失: 0.0017
验证损失: 0.6365
验证准确率: 0.9696 (10631/10964) - 与Levenshtein高度相关
验证F1(加权): 0.9688 - 类别平衡更好
学习率: 0.000001
显存使用: 0.48GB (预留: 0.69GB)

生成的训练样本:
--------------------------------------------------------------------------------
输入:       CTJTJ> LXM> DTRJN JWMJN TBW >NC B>TRH
目标:     0 0 0 0 0 4 0 0 0 0 4 0 0 1 0 2 0 12 0 0 0 2 0 0 52 0 3 0 0 0 0 2 0 1 0 0 5 0
预测:     0 0 0 0 0 4 0 0 0 0 4 0 0 1 0 2 0 12 0 0 0 2 0 0 52 0 3 0 0 0 0 2 0 1 0 0 5 0
准确率:    1.0000 (38/38)
----------------------------------------
输入:       CMJ< LHWN WJWNJ> W<BRJ> WBRBRJ> WVJJ> DHNWN
目标:     0 0 8 0 40 0 1 0 0 0 0 1 0 0 2 9 0 0 1 0 0 0 11 0 0 1 0 0 0 0 11 0 0 1 0 0 11 0 0 1 0 0 0 0
预测:     0 0 8 0 40 0 1 0 0 0 0 1 0 0 2 9 0 0 1 0 0 0 11 0 0 1 0 0 0 0 11 0 0 1 0 0 11 0 0 1 0 0 0 0
准确率:    1.0000 (44/44)
----------------------------------------
输入:       DN<LKWN WNTL LKWN >R<HWN JWRTN> >JK DJWMN>
目标:     0 1 6 0 143 0 0 0 0 1 0 0 3 0 1 0 0 0 0 0 0 5 0 0 0 0 0 0 0 0 4 0 0 0 0 0 0 1 0 0 0 4 0
预测:     0 1 6 0 143 0 0 0 0 1 0 0 3 0 1 0 0 0 0 0 0 5 0 0 0 0 0 0 0 0 4 0 0 0 0 0 0 1 0 0 0 4 0
准确率:    1.0000 (43/43)
----------------------------------------

生成的验证样本:
--------------------------------------------------------------------------------
输入:       KLH NPCHWN B>R<> DB<LDBBJHWN DCBW >NWN WNYLWN
目标:     0 0 5 12 0 0 0 5 0 0 0 0 1 0 0 4 0 0 1 0 0 0 0 0 2 1 0 0 0 0 1 0 18 0 0 0 0 0 0 0 1 6 0 18 0 19
预测:     0 0 5 12 0 0 0 5 0 0 0 0 1 0 0 4 0 0 1 0 0 0 0 0 2 1 0 0 0 0 1 0 18 0 0 0 0 0 0 0 1 6 0 18 0 19
准确率:    1.0000 (46/46)
----------------------------------------
输入:       NPCHWN B>R<> DB<LDBBJHWN DCBW >NWN WNYLWN QDMJK
目标:     0 0 0 5 0 0 0 0 1 0 0 4 0 0 1 0 0 0 0 0 2 1 0 0 0 0 1 0 18 0 0 0 0 0 0 0 1 6 0 18 0 19 0 0 0 2 1 0
预测:     0 0 0 5 0 0 0 0 1 0 0 4 0 0 1 0 0 0 0 0 2 1 0 0 0 0 1 0 18 0 0 0 0 0 0 0 1 6 0 18 0 19 0 0 0 2 1 0
准确率:    1.0000 (48/48)
----------------------------------------
⏳ 验证无提升 (验证准确率: 0.9696 ≤ 0.9697)，patience: 5/50

======================================================================
🚀 Epoch 197/200
======================================================================
📚 开始训练阶段...
训练进度: 500/6065 损失=0.0006
训练进度: 1000/6065 损失=0.0037
训练进度: 1500/6065 损失=0.0001
训练进度: 2000/6065 损失=0.0000
训练进度: 2500/6065 损失=0.0005
训练进度: 3000/6065 损失=0.0062
训练进度: 3500/6065 损失=0.0001
训练进度: 4000/6065 损失=0.0002
训练进度: 4500/6065 损失=0.0018
训练进度: 5000/6065 损失=0.0010
训练进度: 5500/6065 损失=0.0001
训练进度: 6000/6065 损失=0.0000
训练进度: 6065/6065 损失=0.0005
✅ 训练完成，耗时: 110.1秒 (1.8分钟)

============================================================
📊 验证决策: Epoch 197/200
   验证间隔: 1
   是否验证: ✅ 是
   原因: 达到验证间隔 (0 == 0)
============================================================

🔍 开始验证...
验证进度: 500/686 损失=0.4850
验证进度: 686/686 损失=2.2662

📊 预测分布分析:
  - 预测的前5个类别: {np.int64(0): 283275, np.int64(1): 37083, np.int64(2): 14686, np.int64(3): 10770, np.int64(4): 8966}
  - 标签的前5个类别: {np.int64(0): 281232, np.int64(1): 36731, np.int64(2): 14789, np.int64(3): 10866, np.int64(4): 8585}
✅ 验证完成，耗时: 4.9秒 (0.1分钟)
训练损失: 0.0017
验证损失: 0.6371
验证准确率: 0.9696 (10630/10964) - 与Levenshtein高度相关
验证F1(加权): 0.9687 - 类别平衡更好
学习率: 0.000001
显存使用: 0.47GB (预留: 0.69GB)

生成的训练样本:
--------------------------------------------------------------------------------
输入:       D<>L >NT LWTJ W>MR >N> >CDR GDJ>
目标:     0 1 8 0 83 0 0 0 0 0 0 0 1 0 0 1 0 0 3 0 0 0 0 0 6 0 0 16 0 0 0 4 0
预测:     0 1 8 0 83 0 0 0 0 0 0 0 1 0 0 1 0 0 3 0 0 0 0 0 6 0 0 16 0 0 0 4 0
准确率:    1.0000 (33/33)
----------------------------------------
输入:       WB<RW BJCT> MN BJNTKWN WKD NCTKX GBR>
目标:     0 36 0 0 3 19 0 0 0 2 9 0 0 0 0 0 0 0 2 32 0 0 0 0 1 0 0 0 45 39 0 0 3 0 0 0 4 0
预测:     0 36 0 0 3 19 0 0 0 2 9 0 0 0 0 0 0 0 2 32 0 0 0 0 1 0 0 0 45 39 0 0 3 0 0 0 4 0
准确率:    1.0000 (38/38)
----------------------------------------
输入:       CPR >NNQ> <BD> LN DNXWJK MVL MN>
目标:     0 0 0 7 0 0 0 0 0 2 0 0 0 7 0 0 1 0 0 1 6 0 0 29 0 0 0 0 0 0 0 0 0
预测:     0 0 0 7 0 0 0 0 0 2 0 0 0 7 0 0 1 0 0 1 6 0 0 29 0 0 0 0 0 0 0 0 0
准确率:    1.0000 (33/33)
----------------------------------------

生成的验证样本:
--------------------------------------------------------------------------------
输入:       KLH NPCHWN B>R<> DB<LDBBJHWN DCBW >NWN WNYLWN
目标:     0 0 5 12 0 0 0 5 0 0 0 0 1 0 0 4 0 0 1 0 0 0 0 0 2 1 0 0 0 0 1 0 18 0 0 0 0 0 0 0 1 6 0 18 0 19
预测:     0 0 5 12 0 0 0 5 0 0 0 0 1 0 0 4 0 0 1 0 0 0 0 0 2 1 0 0 0 0 1 0 18 0 0 0 0 0 0 0 1 6 0 18 0 19
准确率:    1.0000 (46/46)
----------------------------------------
输入:       NPCHWN B>R<> DB<LDBBJHWN DCBW >NWN WNYLWN QDMJK
目标:     0 0 0 5 0 0 0 0 1 0 0 4 0 0 1 0 0 0 0 0 2 1 0 0 0 0 1 0 18 0 0 0 0 0 0 0 1 6 0 18 0 19 0 0 0 2 1 0
预测:     0 0 0 5 0 0 0 0 1 0 0 4 0 0 1 0 0 0 0 0 2 1 0 0 0 0 1 0 18 0 0 0 0 0 0 0 1 6 0 18 0 19 0 0 0 2 1 0
准确率:    1.0000 (48/48)
----------------------------------------
⏳ 验证无提升 (验证准确率: 0.9696 ≤ 0.9697)，patience: 6/50

======================================================================
🚀 Epoch 198/200
======================================================================
📚 开始训练阶段...
训练进度: 500/6065 损失=0.0002
训练进度: 1000/6065 损失=0.0000
训练进度: 1500/6065 损失=0.0050
训练进度: 2000/6065 损失=0.0002
训练进度: 2500/6065 损失=0.0028
训练进度: 3000/6065 损失=0.0004
训练进度: 3500/6065 损失=0.0014
训练进度: 4000/6065 损失=0.0001
训练进度: 4500/6065 损失=0.0000
训练进度: 5000/6065 损失=0.0000
训练进度: 5500/6065 损失=0.0000
训练进度: 6000/6065 损失=0.0000
训练进度: 6065/6065 损失=0.0000
✅ 训练完成，耗时: 109.9秒 (1.8分钟)

============================================================
📊 验证决策: Epoch 198/200
   验证间隔: 1
   是否验证: ✅ 是
   原因: 达到验证间隔 (0 == 0)
============================================================

🔍 开始验证...
验证进度: 500/686 损失=0.4539
验证进度: 686/686 损失=2.2807

📊 预测分布分析:
  - 预测的前5个类别: {np.int64(0): 283276, np.int64(1): 37082, np.int64(2): 14697, np.int64(3): 10787, np.int64(4): 8987}
  - 标签的前5个类别: {np.int64(0): 281232, np.int64(1): 36731, np.int64(2): 14789, np.int64(3): 10866, np.int64(4): 8585}
✅ 验证完成，耗时: 4.9秒 (0.1分钟)
训练损失: 0.0018
验证损失: 0.6372
验证准确率: 0.9696 (10630/10964) - 与Levenshtein高度相关
验证F1(加权): 0.9687 - 类别平衡更好
学习率: 0.000001
显存使用: 0.48GB (预留: 0.69GB)

生成的训练样本:
--------------------------------------------------------------------------------
输入:       DMSKN> LXM> DXSD> XJJHWN DMSKN> WDKL> LH
目标:     0 1 0 0 0 11 0 0 0 0 4 0 0 1 0 0 4 0 0 0 2 1 0 0 0 0 1 0 0 0 11 0 0 1 1 0 10 7 0 1 0
预测:     0 1 0 0 0 11 0 0 0 0 4 0 0 1 0 0 4 0 0 0 2 1 0 0 0 0 1 0 0 0 11 0 0 1 1 0 10 7 0 1 0
准确率:    1.0000 (41/41)
----------------------------------------
输入:       T>ZLWN L> T>ZLWN SRJQ>JT TC>L >NTT> MN
目标:     0 6 0 0 3 0 0 0 0 0 0 6 0 0 3 0 0 0 0 0 0 0 0 0 0 0 6 0 0 3 0 0 0 13 9 0 0 0 0
预测:     0 6 0 0 3 0 0 0 0 0 0 6 0 0 3 0 0 0 0 0 0 0 0 0 0 0 6 0 0 3 0 0 0 13 9 0 0 0 0
准确率:    1.0000 (39/39)
----------------------------------------
输入:       W>JTB >CJR BJNT KN<NJ> JTBJ >R<> MVL
目标:     0 35 0 0 0 3 0 0 0 0 2 0 0 0 2 12 0 0 0 0 0 11 0 0 0 0 7 0 0 0 0 4 0 0 0 0 0
预测:     0 35 0 0 0 3 0 0 0 0 2 0 0 0 2 12 0 0 0 0 0 11 0 0 0 0 7 0 0 0 0 4 0 0 0 0 0
准确率:    1.0000 (37/37)
----------------------------------------

生成的验证样本:
--------------------------------------------------------------------------------
输入:       KLH NPCHWN B>R<> DB<LDBBJHWN DCBW >NWN WNYLWN
目标:     0 0 5 12 0 0 0 5 0 0 0 0 1 0 0 4 0 0 1 0 0 0 0 0 2 1 0 0 0 0 1 0 18 0 0 0 0 0 0 0 1 6 0 18 0 19
预测:     0 0 5 12 0 0 0 5 0 0 0 0 1 0 0 4 0 0 1 0 0 0 0 0 2 1 0 0 0 0 1 0 18 0 0 0 0 0 0 0 1 6 0 18 0 19
准确率:    1.0000 (46/46)
----------------------------------------
输入:       NPCHWN B>R<> DB<LDBBJHWN DCBW >NWN WNYLWN QDMJK
目标:     0 0 0 5 0 0 0 0 1 0 0 4 0 0 1 0 0 0 0 0 2 1 0 0 0 0 1 0 18 0 0 0 0 0 0 0 1 6 0 18 0 19 0 0 0 2 1 0
预测:     0 0 0 5 0 0 0 0 1 0 0 4 0 0 1 0 0 0 0 0 2 1 0 0 0 0 1 0 18 0 0 0 0 0 0 0 1 6 0 18 0 19 0 0 0 2 1 0
准确率:    1.0000 (48/48)
----------------------------------------
⏳ 验证无提升 (验证准确率: 0.9696 ≤ 0.9697)，patience: 7/50

======================================================================
🚀 Epoch 199/200
======================================================================
📚 开始训练阶段...
训练进度: 500/6065 损失=0.0010
训练进度: 1000/6065 损失=0.0001
训练进度: 1500/6065 损失=0.0000
训练进度: 2000/6065 损失=0.0064
训练进度: 2500/6065 损失=0.0000
训练进度: 3000/6065 损失=0.0015
训练进度: 3500/6065 损失=0.0000
训练进度: 4000/6065 损失=0.0001
训练进度: 4500/6065 损失=0.0001
训练进度: 5000/6065 损失=0.0002
训练进度: 5500/6065 损失=0.0000
训练进度: 6000/6065 损失=0.0004
训练进度: 6065/6065 损失=0.0011
✅ 训练完成，耗时: 109.3秒 (1.8分钟)

============================================================
📊 验证决策: Epoch 199/200
   验证间隔: 1
   是否验证: ✅ 是
   原因: 达到验证间隔 (0 == 0)
============================================================

🔍 开始验证...
验证进度: 500/686 损失=0.4385
验证进度: 686/686 损失=2.3025

📊 预测分布分析:
  - 预测的前5个类别: {np.int64(0): 283295, np.int64(1): 37079, np.int64(2): 14698, np.int64(3): 10792, np.int64(4): 8976}
  - 标签的前5个类别: {np.int64(0): 281232, np.int64(1): 36731, np.int64(2): 14789, np.int64(3): 10866, np.int64(4): 8585}
✅ 验证完成，耗时: 4.8秒 (0.1分钟)
训练损失: 0.0017
验证损失: 0.6377
验证准确率: 0.9696 (10630/10964) - 与Levenshtein高度相关
验证F1(加权): 0.9687 - 类别平衡更好
学习率: 0.000001
显存使用: 0.48GB (预留: 0.69GB)

生成的训练样本:
--------------------------------------------------------------------------------
输入:       XD <BRJ> ZK> LN LMLK> QLN MRHB
目标:     0 0 2 0 0 0 0 4 0 0 0 10 7 0 1 0 0 1 0 0 11 0 0 0 5 0 0 6 0 0 41
预测:     0 0 2 0 0 0 0 4 0 0 0 10 7 0 1 0 0 1 0 0 11 0 0 0 5 0 0 6 0 0 41
准确率:    1.0000 (31/31)
----------------------------------------
输入:       MVRP WL>> WL> DXL MN QDM MRJ>
目标:     0 6 0 0 41 0 1 0 10 3 0 1 0 0 0 0 0 3 0 0 0 0 0 0 2 0 0 0 0 2
预测:     0 6 0 0 41 0 1 0 10 3 0 1 0 0 0 0 0 3 0 0 0 0 0 0 2 0 0 0 0 2
准确率:    1.0000 (30/30)
----------------------------------------
输入:       MJTTK >NC MNN L> NKL> QBRH MNK
目标:     0 20 0 7 124 0 0 0 0 2 0 0 1 0 0 0 0 0 6 0 10 3 0 0 0 37 0 0 0 1 0
预测:     0 20 0 7 124 0 0 0 0 2 0 0 1 0 0 0 0 0 6 0 10 3 0 0 0 37 0 0 0 1 0
准确率:    1.0000 (31/31)
----------------------------------------

生成的验证样本:
--------------------------------------------------------------------------------
输入:       KLH NPCHWN B>R<> DB<LDBBJHWN DCBW >NWN WNYLWN
目标:     0 0 5 12 0 0 0 5 0 0 0 0 1 0 0 4 0 0 1 0 0 0 0 0 2 1 0 0 0 0 1 0 18 0 0 0 0 0 0 0 1 6 0 18 0 19
预测:     0 0 5 12 0 0 0 5 0 0 0 0 1 0 0 4 0 0 1 0 0 0 0 0 2 1 0 0 0 0 1 0 18 0 0 0 0 0 0 0 1 6 0 18 0 19
准确率:    1.0000 (46/46)
----------------------------------------
输入:       NPCHWN B>R<> DB<LDBBJHWN DCBW >NWN WNYLWN QDMJK
目标:     0 0 0 5 0 0 0 0 1 0 0 4 0 0 1 0 0 0 0 0 2 1 0 0 0 0 1 0 18 0 0 0 0 0 0 0 1 6 0 18 0 19 0 0 0 2 1 0
预测:     0 0 0 5 0 0 0 0 1 0 0 4 0 0 1 0 0 0 0 0 2 1 0 0 0 0 1 0 18 0 0 0 0 0 0 0 1 6 0 18 0 19 0 0 0 2 1 0
准确率:    1.0000 (48/48)
----------------------------------------
⏳ 验证无提升 (验证准确率: 0.9696 ≤ 0.9697)，patience: 8/50

======================================================================
🚀 Epoch 200/200
======================================================================
📚 开始训练阶段...
训练进度: 500/6065 损失=0.0011
训练进度: 1000/6065 损失=0.0000
训练进度: 1500/6065 损失=0.0369
训练进度: 2000/6065 损失=0.0002
训练进度: 2500/6065 损失=0.0016
训练进度: 3000/6065 损失=0.0000
训练进度: 3500/6065 损失=0.0000
训练进度: 4000/6065 损失=0.0001
训练进度: 4500/6065 损失=0.0084
训练进度: 5000/6065 损失=0.0001
训练进度: 5500/6065 损失=0.0002
训练进度: 6000/6065 损失=0.0000
训练进度: 6065/6065 损失=0.0001
✅ 训练完成，耗时: 109.6秒 (1.8分钟)

============================================================
📊 验证决策: Epoch 200/200
   验证间隔: 1
   是否验证: ✅ 是
   原因: 最后一个epoch
============================================================

🔍 开始验证...
验证进度: 500/686 损失=0.4641
验证进度: 686/686 损失=2.2853

📊 预测分布分析:
  - 预测的前5个类别: {np.int64(0): 283309, np.int64(1): 37079, np.int64(2): 14701, np.int64(3): 10782, np.int64(4): 8977}
  - 标签的前5个类别: {np.int64(0): 281232, np.int64(1): 36731, np.int64(2): 14789, np.int64(3): 10866, np.int64(4): 8585}
✅ 验证完成，耗时: 4.9秒 (0.1分钟)
训练损失: 0.0018
验证损失: 0.6373
验证准确率: 0.9696 (10631/10964) - 与Levenshtein高度相关
验证F1(加权): 0.9688 - 类别平衡更好
学习率: 0.000001
显存使用: 0.48GB (预留: 0.69GB)

生成的训练样本:
--------------------------------------------------------------------------------
输入:       QVJR HW> TMN MN SQ> >P >>R
目标:     0 0 8 0 40 0 0 10 3 0 0 0 0 0 0 0 0 0 11 0 0 0 0 0 0 0 2
预测:     0 0 8 0 40 0 0 10 3 0 0 0 0 0 0 0 0 0 11 0 0 0 0 0 0 0 2
准确率:    1.0000 (27/27)
----------------------------------------
输入:       WBKL BJT JCN D<L GB YRTN MN
目标:     0 1 1 0 2 0 0 0 2 0 0 0 2 0 1 0 0 0 54 2 0 0 0 0 2 0 0 0
预测:     0 1 1 0 2 0 0 0 2 0 0 0 2 0 1 0 0 0 54 2 0 0 0 0 2 0 0 0
准确率:    1.0000 (28/28)
----------------------------------------
输入:       HW> RXJQ L> HW> BCMJ> HW DT>MR
目标:     0 0 10 3 0 0 8 0 40 0 0 0 0 0 10 3 0 1 0 24 9 0 0 0 0 0 1 6 0 0 3
预测:     0 0 10 3 0 0 8 0 40 0 0 0 0 0 10 3 0 1 0 24 9 0 0 0 0 0 1 6 0 0 3
准确率:    1.0000 (31/31)
----------------------------------------

生成的验证样本:
--------------------------------------------------------------------------------
输入:       KLH NPCHWN B>R<> DB<LDBBJHWN DCBW >NWN WNYLWN
目标:     0 0 5 12 0 0 0 5 0 0 0 0 1 0 0 4 0 0 1 0 0 0 0 0 2 1 0 0 0 0 1 0 18 0 0 0 0 0 0 0 1 6 0 18 0 19
预测:     0 0 5 12 0 0 0 5 0 0 0 0 1 0 0 4 0 0 1 0 0 0 0 0 2 1 0 0 0 0 1 0 18 0 0 0 0 0 0 0 1 6 0 18 0 19
准确率:    1.0000 (46/46)
----------------------------------------
输入:       NPCHWN B>R<> DB<LDBBJHWN DCBW >NWN WNYLWN QDMJK
目标:     0 0 0 5 0 0 0 0 1 0 0 4 0 0 1 0 0 0 0 0 2 1 0 0 0 0 1 0 18 0 0 0 0 0 0 0 1 6 0 18 0 19 0 0 0 2 1 0
预测:     0 0 0 5 0 0 0 0 1 0 0 4 0 0 1 0 0 0 0 0 2 1 0 0 0 0 1 0 18 0 0 0 0 0 0 0 1 6 0 18 0 19 0 0 0 2 1 0
准确率:    1.0000 (48/48)
----------------------------------------
⏳ 验证无提升 (验证准确率: 0.9696 ≤ 0.9697)，patience: 9/50

📄 训练状态已保存到: outputs/mdlm_train_20260129_032233_seed3407/training_status.json

==================================================
训练结束摘要
==================================================
状态: completed
完成轮数: 200/200
最佳验证准确率: 0.9697
最佳模型轮数: 191
最终显存使用: 0.48GB
==================================================
⏱️  训练耗时: 382.2 分钟

📥 加载最佳模型进行最终评估...
评估中:   0%|          | 0/680 [00:00<?, ?it/s]评估中:   3%|▎         | 20/680 [00:00<00:03, 196.96it/s]评估中:   7%|▋         | 48/680 [00:00<00:02, 244.67it/s]评估中:  11%|█         | 76/680 [00:00<00:02, 259.26it/s]评估中:  15%|█▌        | 104/680 [00:00<00:02, 267.31it/s]评估中:  20%|█▉        | 133/680 [00:00<00:02, 272.62it/s]评估中:  24%|██▍       | 162/680 [00:00<00:01, 276.09it/s]评估中:  28%|██▊       | 191/680 [00:00<00:01, 278.66it/s]评估中:  32%|███▏      | 219/680 [00:00<00:01, 278.57it/s]评估中:  36%|███▋      | 247/680 [00:00<00:01, 278.45it/s]评估中:  41%|████      | 276/680 [00:01<00:01, 279.24it/s]评估中:  45%|████▍     | 305/680 [00:01<00:01, 280.20it/s]评估中:  49%|████▉     | 334/680 [00:01<00:01, 280.98it/s]评估中:  53%|█████▎    | 363/680 [00:01<00:01, 281.41it/s]评估中:  58%|█████▊    | 392/680 [00:01<00:01, 278.90it/s]评估中:  62%|██████▏   | 421/680 [00:01<00:00, 280.57it/s]评估中:  66%|██████▌   | 450/680 [00:01<00:00, 282.64it/s]评估中:  70%|███████   | 479/680 [00:01<00:00, 282.56it/s]评估中:  75%|███████▍  | 508/680 [00:01<00:00, 281.77it/s]评估中:  79%|███████▉  | 537/680 [00:01<00:00, 283.03it/s]评估中:  83%|████████▎ | 566/680 [00:02<00:00, 283.19it/s]评估中:  88%|████████▊ | 595/680 [00:02<00:00, 283.11it/s]评估中:  92%|█████████▏| 624/680 [00:02<00:00, 283.09it/s]评估中:  96%|█████████▌| 653/680 [00:02<00:00, 282.12it/s]评估中: 100%|██████████| 680/680 [00:02<00:00, 277.86it/s]

生成的测试样本:
--------------------------------------------------------------------------------
输入:      WBHLJN KLHJN NJX> B<JT LJ DB>JN> JWTRN>
目标:     0 1 1 0 0 0 0 0 0 5 0 0 0 0 0 0 4 0 0 0 0 3 0 0 1 0 0 1 1 0 0 0 0 0 0 0 0 0 4 0
预测:     0 1 1 0 0 0 0 0 0 5 0 0 0 0 0 0 4 0 0 0 0 3 0 0 1 0 0 1 1 0 0 0 0 0 0 0 0 0 4 0
----------------------------------------
输入:      KLHJN NJX> B<JT LJ DB>JN> JWTRN> >CR>
目标:     0 0 5 0 0 0 0 0 0 4 0 0 0 0 3 0 0 1 0 0 1 1 0 0 0 0 0 0 0 0 0 4 0 0 6 0 10 3
预测:     0 0 5 0 0 0 0 0 0 4 0 0 0 0 3 0 0 1 0 0 1 1 0 0 0 0 0 0 0 0 0 4 0 0 6 0 10 3
----------------------------------------
输入:      NJX> B<JT LJ DB>JN> JWTRN> >CR> HJDJN
目标:     0 0 0 4 0 0 0 0 3 0 0 1 0 0 1 1 0 0 0 0 0 0 0 0 0 4 0 0 6 0 10 3 0 0 0 0 0 0
预测:     0 0 0 4 0 0 0 0 3 0 0 1 0 0 1 1 0 0 0 0 0 0 0 0 0 4 0 0 6 0 10 3 0 0 0 0 0 0
----------------------------------------
输入:      B<JT LJ DB>JN> JWTRN> >CR> HJDJN PQDNJ
目标:     0 0 0 3 0 0 1 0 0 1 1 0 0 0 0 0 0 0 0 0 4 0 0 6 0 10 3 0 0 0 0 0 0 0 0 0 29 0 0
预测:     0 0 0 3 0 0 1 0 0 1 1 0 0 0 0 0 0 0 0 0 4 0 0 6 0 10 3 0 0 0 0 0 0 0 0 0 51 0 0
----------------------------------------
输入:      LJ DB>JN> JWTRN> >CR> HJDJN PQDNJ MR>
目标:     0 1 0 0 1 1 0 0 0 0 0 0 0 0 0 4 0 0 6 0 10 3 0 0 0 0 0 0 0 0 0 29 0 0 0 0 0 2
预测:     0 1 0 0 1 1 0 0 0 0 0 0 0 0 0 4 0 0 6 0 10 3 0 0 0 0 0 0 0 0 0 51 0 0 0 0 111 0
----------------------------------------
   - 🎯 最终测试结果:
   - ✅ 测试准确率: 0.9707 (393,096/404,962)
📁 测试结果将保存到: outputs/mdlm_train_20260129_032233_seed3407/results

📝 保存mdlm模型预测结果（最长序列: 56字符，使用批量评估结果）...
✅ 预测结果已保存到: outputs/mdlm_train_20260129_032233_seed3407/results/mdlm_predictions_20260129_032233.out
   预测行数: 10869
   原始行数: 10869

📊 运行还原管道和Levenshtein评估...
   ⚠️  还原和Levenshtein评估失败: No module named 'restore_pipeline'
Traceback (most recent call last):
  File "<REMOTE_PATH>", line 2476, in main
    from restore_pipeline import run_full_pipeline
ModuleNotFoundError: No module named 'restore_pipeline'

💾 文件保存路径:
   输出目录: outputs/mdlm_train_20260129_032233_seed3407
   ├── mdlm_model.pt
   ├── data/
   │   ├── patterns.csv
   │   ├── test.in
   │   ├── test.out
   │   └── dataset_info.json
   ├── tensorboard/
   ├── plots/
   │   └── mdlm_training_history.png
   └── results/
       ├── mdlm_results_20260129_032233.json
       ├── vocab_20260129_032233.json
       ├── mdlm_predictions_20260129_032233.out
       └── mdlm_test_report_20260129_032233.json

🎉 mdlm模型训练完成！
🧹 内存清理完成
