🎲 随机种子: 8888
📁 使用数据子目录: ./data/s4_on_s2
🚀 开始训练 mdlm 模型...
📁 输出目录: outputs/mdlm_train_20260129_032238_seed8888
  ✓ 复制patterns.csv
  ✓ 复制test.in
  ✓ 复制test.out
  ✓ 复制train.in
  ✓ 复制train.out
  ✓ 复制val.in
  ✓ 复制val.out
  ✓ 创建数据集信息文件
🚀 使用CUDA GPU: NVIDIA GeForce RTX 4090 D
🔧 强制使用设备: cuda
📂 正在加载数据...
ℹ️ 数据加载: 创建优化的数据加载器...
ℹ️ 数据加载: 使用 mdlm 模型的词汇表，大小: 40
ℹ️ 文件读取: 内存映射读取成功，共97048行
ℹ️ 文件读取: 内存映射读取成功，共97048行
ℹ️ 数据处理: 开始处理数据...
ℹ️ 数据处理: 使用4个线程并行处理97048行数据
ℹ️ 数据统计: 数据处理完成: 97048/97048 行成功处理 (100.0%)
ℹ️ 数据处理: 开始处理数据...
ℹ️ 数据处理: 使用4个线程并行处理10964行数据
ℹ️ 数据统计: 数据处理完成: 10964/10964 行成功处理 (100.0%)
ℹ️ 数据处理: 开始处理数据...
ℹ️ 数据处理: 使用4个线程并行处理10869行数据
ℹ️ 数据统计: 数据处理完成: 10869/10869 行成功处理 (100.0%)
ℹ️ 数据加载: 使用智能批处理采样器
ℹ️ 数据加载: 数据加载器优化设置:
ℹ️ 数据加载:   缓存: 禁用
ℹ️ 数据加载:   智能批处理: 启用
ℹ️ 数据加载:   工作线程数: 1
ℹ️ 数据加载:   内存锁定: 启用
📊 分析数据集...
ℹ️ 数据统计: ✅ 从训练数据统计到 329 个类别（标签范围: 0 ~ 328）
ℹ️ 数据统计: 📝 注意：使用训练集类别数，验证时可能遇到训练集独有类别
[DEBUG] 实际num_classes = 329
⚖️  计算类别权重...
📦 从缓存读取类别权重: data/s4_on_s2/class_weights_cache_329.pkl
   权重范围: 1.000 - 2.000
✅ 类别权重加载成功（从缓存）
✅ 类别权重计算完成，num_classes=329
📊 数据统计:
   词汇表大小: 40
   分类类别数: 329
   训练批次: 6065
   验证批次: 686
   测试批次: 680
   批次大小: 16
   最大序列长度: 64
🏗️  创建mdlm模型...
ℹ️ 创建 mdlm 模型...
MDLM模型构建完成:
  统一词汇表大小: 373
  输入字符: 40, 标签: 329
  模型维度: 768
  层数: 5
ℹ️ 初始化 MDLMModel - vocab_size: 373, num_classes: 329
ℹ️ 模型创建成功:
ℹ️   - 类型: mdlm
ℹ️   - 总参数: 28,201,589
ℹ️   - 可训练参数: 28,201,589
ℹ️   - 设备: cuda:0
🔢 模型参数:
   总参数量: 28,201,589
   可训练参数: 28,201,589
   模型大小: 107.6 MB
🎯 创建训练器...
✅ 使用FocalLoss + 类别权重处理数据不平衡问题
   权重张量形状: torch.Size([329])
   权重范围: 1.000 - 2.000
🚀 开始训练...
开始训练，共200个epoch...
模型参数量: 28,201,589 (可训练: 28,201,589)
早停指标: 验证准确率 (与Levenshtein相关性高)
GPU: NVIDIA GeForce RTX 4090 D, 显存: 25.3GB
估算训练内存需求: 451MB (0.4GB)
📊 参数统计: 平均范数=12.38, 大范数参数=33个

======================================================================
🚀 Epoch 1/200
======================================================================
📚 开始训练阶段...
训练进度: 500/6065 损失=1.5122
训练进度: 1000/6065 损失=0.8555
训练进度: 1500/6065 损失=0.6382
训练进度: 2000/6065 损失=0.4976
训练进度: 2500/6065 损失=0.4290
训练进度: 3000/6065 损失=0.5030
训练进度: 3500/6065 损失=0.3946
训练进度: 4000/6065 损失=0.2664
训练进度: 4500/6065 损失=0.2992
训练进度: 5000/6065 损失=0.3329
训练进度: 5500/6065 损失=0.3368
训练进度: 6000/6065 损失=0.3159
训练进度: 6065/6065 损失=0.3836
✅ 训练完成，耗时: 109.9秒 (1.8分钟)

============================================================
📊 验证决策: Epoch 1/200
   验证间隔: 1
   是否验证: ✅ 是
   原因: 第一个epoch
============================================================

🔍 开始验证...
验证进度: 500/686 损失=0.1676
验证进度: 686/686 损失=0.3753

📊 预测分布分析:
  - 预测的前5个类别: {np.int64(0): 275927, np.int64(1): 37928, np.int64(2): 14455, np.int64(3): 11270, np.int64(4): 10931}
  - 标签的前5个类别: {np.int64(0): 281232, np.int64(1): 36731, np.int64(2): 14789, np.int64(3): 10866, np.int64(4): 8585}
✅ 验证完成，耗时: 4.7秒 (0.1分钟)
训练损失: 0.6444
验证损失: 0.2693
验证准确率: 0.9345 (10245/10964) - 与Levenshtein高度相关
验证F1(加权): 0.9331 - 类别平衡更好
学习率: 0.000100
显存使用: 0.48GB (预留: 0.67GB)

生成的训练样本:
--------------------------------------------------------------------------------
输入:       NV<JKWN XZQJ> MVL DL> MCKX LMPYJWTKWN MN
目标:     0 28 0 0 29 0 0 0 0 0 0 0 0 2 0 0 0 0 0 1 0 0 8 0 0 0 7 0 1 6 0 0 7 0 67 0 0 0 0 0 0
预测:     0 6 0 0 29 0 0 0 0 0 0 0 4 0 0 0 0 0 0 1 0 0 0 28 0 0 7 0 1 6 0 0 7 2 67 0 0 0 0 0 0
准确率:    0.8537 (35/41)
----------------------------------------
输入:       DL<JN MJ> B>JDJHWN LPWMHWN >PRWQKWN W>CLM LMDJNJ>
目标:     0 1 31 7 0 0 0 24 9 0 0 35 0 0 2 1 0 0 0 0 1 0 0 5 0 0 0 0 6 0 8 0 29 0 0 0 0 1 17 0 0 3 0 1 0 0 0 0 11 0
预测:     0 1 1 7 0 2 0 24 9 0 0 35 0 0 2 1 0 0 0 0 1 0 0 5 0 0 0 0 6 0 8 0 5 0 0 0 0 1 17 0 0 3 0 1 0 0 0 0 11 0
准确率:    0.9400 (47/50)
----------------------------------------
输入:       >JSRJL <L BNJ BNJMJN BJWM> TLJTJ> W>STDRW
目标:     0 0 0 0 0 0 2 0 0 0 0 0 2 0 0 0 0 0 0 0 2 0 1 0 0 4 0 0 0 0 0 0 4 0 0 1 47 79 0 0 33 0
预测:     0 0 0 0 0 0 2 0 0 0 0 0 2 0 0 0 0 0 0 0 2 0 1 0 0 4 0 0 0 0 0 0 4 0 0 1 47 79 0 0 3 19
准确率:    0.9524 (40/42)
----------------------------------------

生成的验证样本:
--------------------------------------------------------------------------------
输入:       LTCBWXT> MNW HN> D>CKX LMV<> WL> V<>
目标:     0 1 0 0 8 0 13 9 0 0 0 71 0 0 0 0 0 0 35 0 0 0 3 0 1 6 0 10 7 0 1 0 0 0 0 10 3
预测:     0 1 0 0 8 0 13 9 0 0 0 71 0 0 0 0 0 0 1 28 0 0 3 0 1 6 0 10 7 0 1 0 0 0 0 10 7
准确率:    0.9189 (34/37)
----------------------------------------
输入:       MNW HN> D>CKX LMV<> WL> V<> WLMB>CW
目标:     0 0 71 0 0 0 0 0 0 35 0 0 0 3 0 1 6 0 10 7 0 1 0 0 0 0 10 3 0 1 1 28 0 0 7 0
预测:     0 0 71 0 0 0 0 0 0 1 28 0 0 3 0 1 6 0 10 7 0 1 0 0 0 0 10 7 0 1 1 6 0 0 7 19
准确率:    0.8611 (31/36)
----------------------------------------
💾 保存新的最佳模型！验证准确率: 0.9345 (F1: 0.9331) (Epoch 1)

======================================================================
🚀 Epoch 2/200
======================================================================
📚 开始训练阶段...
训练进度: 500/6065 损失=0.2846
训练进度: 1000/6065 损失=0.3026
训练进度: 1500/6065 损失=0.3290
训练进度: 2000/6065 损失=0.2223
训练进度: 2500/6065 损失=0.2069
训练进度: 3000/6065 损失=0.1519
训练进度: 3500/6065 损失=0.2636
训练进度: 4000/6065 损失=0.2510
训练进度: 4500/6065 损失=0.2608
训练进度: 5000/6065 损失=0.1989
训练进度: 5500/6065 损失=0.2199
训练进度: 6000/6065 损失=0.2066
训练进度: 6065/6065 损失=0.1902
✅ 训练完成，耗时: 109.3秒 (1.8分钟)

============================================================
📊 验证决策: Epoch 2/200
   验证间隔: 1
   是否验证: ✅ 是
   原因: 达到验证间隔 (0 == 0)
============================================================

🔍 开始验证...
验证进度: 500/686 损失=0.0890
验证进度: 686/686 损失=0.3730

📊 预测分布分析:
  - 预测的前5个类别: {np.int64(0): 279845, np.int64(1): 37456, np.int64(2): 14618, np.int64(3): 11039, np.int64(4): 8563}
  - 标签的前5个类别: {np.int64(0): 281232, np.int64(1): 36731, np.int64(2): 14789, np.int64(3): 10866, np.int64(4): 8585}
✅ 验证完成，耗时: 4.7秒 (0.1分钟)
训练损失: 0.2473
验证损失: 0.2203
验证准确率: 0.9509 (10425/10964) - 与Levenshtein高度相关
验证F1(加权): 0.9503 - 类别平衡更好
学习率: 0.000100
显存使用: 0.48GB (预留: 0.67GB)

生成的训练样本:
--------------------------------------------------------------------------------
输入:       DMRJ> WL> XCBJN <M GBR> DJHBJN LHWN
目标:     0 1 0 0 0 2 0 1 0 0 0 0 0 7 0 0 0 0 0 0 0 0 11 0 0 1 0 0 7 0 0 0 1 0 0 0
预测:     0 1 0 0 0 2 0 1 0 0 0 0 0 7 0 0 0 0 0 0 0 0 11 0 0 1 0 0 7 0 0 0 1 0 0 0
准确率:    1.0000 (36/36)
----------------------------------------
输入:       >JK DMCKXW >CKXH SLQN >JDWHJ MN NKSWHJ
目标:     0 0 0 0 0 1 6 0 0 48 2 8 0 0 0 29 12 0 0 0 7 0 8 0 0 25 1 0 0 0 0 0 0 0 0 25 1 0 0
预测:     0 0 0 0 0 1 28 0 0 7 0 8 17 0 0 29 0 0 0 0 3 0 8 0 0 25 1 0 0 0 0 0 0 0 0 25 1 0 0
准确率:    0.8462 (33/39)
----------------------------------------
输入:       M<SRJHWN CQLW QRBW LH NDRJHWN DNDRW HWW
目标:     0 0 0 0 2 1 0 0 0 0 0 0 3 0 0 0 0 3 0 0 1 0 0 0 0 2 1 0 0 0 0 1 0 0 33 0 0 0 18 0
预测:     0 0 0 0 2 1 0 0 0 0 0 0 3 0 0 0 0 3 0 0 1 0 0 0 0 2 1 0 0 0 0 1 0 0 33 0 0 0 18 0
准确率:    1.0000 (40/40)
----------------------------------------

生成的验证样本:
--------------------------------------------------------------------------------
输入:       LTCBWXT> MNW HN> D>CKX LMV<> WL> V<>
目标:     0 1 0 0 8 0 13 9 0 0 0 71 0 0 0 0 0 0 35 0 0 0 3 0 1 6 0 10 7 0 1 0 0 0 0 10 3
预测:     0 1 0 0 8 0 13 9 0 0 0 71 0 0 0 0 0 0 1 17 0 0 3 0 1 6 0 10 7 0 1 0 0 0 0 10 7
准确率:    0.9189 (34/37)
----------------------------------------
输入:       MNW HN> D>CKX LMV<> WL> V<> WLMB>CW
目标:     0 0 71 0 0 0 0 0 0 35 0 0 0 3 0 1 6 0 10 7 0 1 0 0 0 0 10 3 0 1 1 28 0 0 7 0
预测:     0 0 71 0 0 0 0 0 0 1 17 0 0 3 0 1 6 0 10 7 0 1 0 0 0 0 10 3 0 1 1 28 0 0 7 19
准确率:    0.9167 (33/36)
----------------------------------------
💾 保存新的最佳模型！验证准确率: 0.9509 (F1: 0.9503) (Epoch 2)

======================================================================
🚀 Epoch 3/200
======================================================================
📚 开始训练阶段...
训练进度: 500/6065 损失=0.1780
训练进度: 1000/6065 损失=0.1378
训练进度: 1500/6065 损失=0.2462
训练进度: 2000/6065 损失=0.1593
训练进度: 2500/6065 损失=0.1459
训练进度: 3000/6065 损失=0.1378
训练进度: 3500/6065 损失=0.1819
训练进度: 4000/6065 损失=0.1565
训练进度: 4500/6065 损失=0.2093
训练进度: 5000/6065 损失=0.1810
训练进度: 5500/6065 损失=0.2527
训练进度: 6000/6065 损失=0.1445
训练进度: 6065/6065 损失=0.1960
✅ 训练完成，耗时: 109.1秒 (1.8分钟)

============================================================
📊 验证决策: Epoch 3/200
   验证间隔: 1
   是否验证: ✅ 是
   原因: 达到验证间隔 (0 == 0)
============================================================

🔍 开始验证...
验证进度: 500/686 损失=0.1075
验证进度: 686/686 损失=0.3997

📊 预测分布分析:
  - 预测的前5个类别: {np.int64(0): 281126, np.int64(1): 37380, np.int64(2): 14691, np.int64(3): 11240, np.int64(4): 9093}
  - 标签的前5个类别: {np.int64(0): 281232, np.int64(1): 36731, np.int64(2): 14789, np.int64(3): 10866, np.int64(4): 8585}
✅ 验证完成，耗时: 4.7秒 (0.1分钟)
训练损失: 0.1883
验证损失: 0.2036
验证准确率: 0.9584 (10507/10964) - 与Levenshtein高度相关
验证F1(加权): 0.9573 - 类别平衡更好
学习率: 0.000100
显存使用: 0.48GB (预留: 0.67GB)

生成的训练样本:
--------------------------------------------------------------------------------
输入:       MN> TCLM >P<> LKLB> >W MN> NCLM
目标:     0 0 0 0 0 44 0 0 3 0 0 0 4 0 0 1 0 0 4 0 0 0 0 0 0 0 0 0 6 0 0 3
预测:     0 0 0 0 0 28 0 0 3 0 6 0 10 3 0 1 0 0 4 0 0 0 0 0 0 0 0 0 28 0 0 3
准确率:    0.8438 (27/32)
----------------------------------------
输入:       WRXMWHJ DN>TWN WL> HW> RXJQ CWLMH DDJNH
目标:     0 1 0 0 96 1 0 0 0 1 6 0 18 0 0 0 1 0 0 0 0 10 3 0 0 8 0 40 0 0 0 0 5 0 0 1 0 0 37 0
预测:     0 1 0 0 69 1 0 0 0 1 6 0 18 0 0 0 1 0 0 0 0 10 3 0 0 8 0 40 0 0 0 0 5 0 0 1 0 0 37 0
准确率:    0.9750 (39/40)
----------------------------------------
输入:       <MH LMYRJN WHLJN CMH> DBNJ >JSRJL D<LW
目标:     0 0 1 0 0 1 0 0 0 0 2 0 1 0 0 0 0 0 0 8 11 0 0 1 0 2 0 0 0 0 0 0 0 2 0 1 0 53 0
预测:     0 0 1 0 0 1 0 0 0 0 2 0 1 0 0 0 0 0 0 8 11 0 0 1 0 2 0 0 0 0 0 0 0 2 0 1 0 53 0
准确率:    1.0000 (39/39)
----------------------------------------

生成的验证样本:
--------------------------------------------------------------------------------
输入:       LTCBWXT> MNW HN> D>CKX LMV<> WL> V<>
目标:     0 1 0 0 8 0 13 9 0 0 0 71 0 0 0 0 0 0 35 0 0 0 3 0 1 6 0 10 7 0 1 0 0 0 0 10 3
预测:     0 1 0 0 8 0 13 9 0 0 0 71 0 0 0 0 0 0 1 17 0 0 3 0 1 6 0 10 7 0 1 0 0 0 0 10 7
准确率:    0.9189 (34/37)
----------------------------------------
输入:       MNW HN> D>CKX LMV<> WL> V<> WLMB>CW
目标:     0 0 71 0 0 0 0 0 0 35 0 0 0 3 0 1 6 0 10 7 0 1 0 0 0 0 10 3 0 1 1 28 0 0 7 0
预测:     0 0 71 0 0 0 0 0 0 1 17 0 0 3 0 1 6 0 10 7 0 1 0 0 0 0 10 3 0 1 1 28 0 0 7 19
准确率:    0.9167 (33/36)
----------------------------------------
💾 保存新的最佳模型！验证准确率: 0.9584 (F1: 0.9573) (Epoch 3)

======================================================================
🚀 Epoch 4/200
======================================================================
📚 开始训练阶段...
训练进度: 500/6065 损失=0.1094
训练进度: 1000/6065 损失=0.1921
训练进度: 1500/6065 损失=0.1925
训练进度: 2000/6065 损失=0.1486
训练进度: 2500/6065 损失=0.2435
训练进度: 3000/6065 损失=0.2002
训练进度: 3500/6065 损失=0.2038
训练进度: 4000/6065 损失=0.1491
训练进度: 4500/6065 损失=0.1124
训练进度: 5000/6065 损失=0.1506
训练进度: 5500/6065 损失=0.1470
训练进度: 6000/6065 损失=0.2532
训练进度: 6065/6065 损失=0.1491
✅ 训练完成，耗时: 108.7秒 (1.8分钟)

============================================================
📊 验证决策: Epoch 4/200
   验证间隔: 1
   是否验证: ✅ 是
   原因: 达到验证间隔 (0 == 0)
============================================================

🔍 开始验证...
验证进度: 500/686 损失=0.0772
验证进度: 686/686 损失=0.3416

📊 预测分布分析:
  - 预测的前5个类别: {np.int64(0): 279725, np.int64(1): 37509, np.int64(2): 14759, np.int64(3): 11016, np.int64(4): 8869}
  - 标签的前5个类别: {np.int64(0): 281232, np.int64(1): 36731, np.int64(2): 14789, np.int64(3): 10866, np.int64(4): 8585}
✅ 验证完成，耗时: 4.7秒 (0.1分钟)
训练损失: 0.1577
验证损失: 0.1979
验证准确率: 0.9600 (10524/10964) - 与Levenshtein高度相关
验证F1(加权): 0.9596 - 类别平衡更好
学习率: 0.000100
显存使用: 0.48GB (预留: 0.67GB)

生成的训练样本:
--------------------------------------------------------------------------------
输入:       D>R<> WKLMDM DCBQ BRD> W>RJM MWC> XWVRH
目标:     0 1 0 0 4 0 0 1 0 5 0 0 2 0 1 0 0 3 0 0 0 15 0 0 1 17 20 0 3 0 0 0 0 2 0 0 0 0 5 0
预测:     0 1 0 0 4 0 0 1 0 5 0 0 2 0 1 0 0 3 0 0 0 15 0 0 1 17 20 0 3 0 0 0 0 2 0 0 0 0 5 0
准确率:    1.0000 (40/40)
----------------------------------------
输入:       BYPR> KD SLQ QWRBN> WH> MJ> >TJN
目标:     0 1 0 0 4 0 0 0 0 0 0 0 3 0 0 0 0 0 4 0 0 1 0 0 0 24 9 0 0 0 42 0 0
预测:     0 1 0 0 4 0 0 0 0 0 0 0 7 0 0 0 0 0 4 0 0 1 0 0 0 24 9 0 0 0 42 3 0
准确率:    0.9394 (31/33)
----------------------------------------
输入:       DTD<WN D>N> >N> MRJ> DMQDC >N> LKWN
目标:     0 1 52 0 3 0 0 0 1 0 0 0 0 0 0 0 0 0 0 0 2 0 1 6 0 0 41 0 0 0 0 0 1 0 0 0
预测:     0 1 52 0 3 0 0 0 1 0 0 0 0 0 0 0 0 0 0 0 2 0 1 6 0 0 41 0 0 0 0 0 1 0 0 0
准确率:    1.0000 (36/36)
----------------------------------------

生成的验证样本:
--------------------------------------------------------------------------------
输入:       LTCBWXT> MNW HN> D>CKX LMV<> WL> V<>
目标:     0 1 0 0 8 0 13 9 0 0 0 71 0 0 0 0 0 0 35 0 0 0 3 0 1 6 0 10 7 0 1 0 0 0 0 10 3
预测:     0 1 0 0 8 0 13 9 0 0 0 71 0 0 0 0 0 0 35 0 0 0 3 0 1 6 0 10 7 0 1 0 0 0 0 10 7
准确率:    0.9730 (36/37)
----------------------------------------
输入:       MNW HN> D>CKX LMV<> WL> V<> WLMB>CW
目标:     0 0 71 0 0 0 0 0 0 35 0 0 0 3 0 1 6 0 10 7 0 1 0 0 0 0 10 3 0 1 1 28 0 0 7 0
预测:     0 0 71 0 0 0 0 0 0 1 17 0 0 3 0 1 6 0 10 7 0 1 0 0 0 0 10 3 0 1 1 28 0 0 7 19
准确率:    0.9167 (33/36)
----------------------------------------
💾 保存新的最佳模型！验证准确率: 0.9600 (F1: 0.9596) (Epoch 4)

======================================================================
🚀 Epoch 5/200
======================================================================
📚 开始训练阶段...
训练进度: 500/6065 损失=0.1112
训练进度: 1000/6065 损失=0.1834
训练进度: 1500/6065 损失=0.1085
训练进度: 2000/6065 损失=0.1387
训练进度: 2500/6065 损失=0.1552
训练进度: 3000/6065 损失=0.1417
训练进度: 3500/6065 损失=0.1029
训练进度: 4000/6065 损失=0.0848
训练进度: 4500/6065 损失=0.1845
训练进度: 5000/6065 损失=0.0898
训练进度: 5500/6065 损失=0.2610
训练进度: 6000/6065 损失=0.1513
训练进度: 6065/6065 损失=0.1032
✅ 训练完成，耗时: 108.4秒 (1.8分钟)

============================================================
📊 验证决策: Epoch 5/200
   验证间隔: 1
   是否验证: ✅ 是
   原因: 达到验证间隔 (0 == 0)
============================================================

🔍 开始验证...
验证进度: 500/686 损失=0.0897
验证进度: 686/686 损失=0.4663

📊 预测分布分析:
  - 预测的前5个类别: {np.int64(0): 281761, np.int64(1): 37240, np.int64(2): 15000, np.int64(3): 10929, np.int64(4): 9039}
  - 标签的前5个类别: {np.int64(0): 281232, np.int64(1): 36731, np.int64(2): 14789, np.int64(3): 10866, np.int64(4): 8585}
✅ 验证完成，耗时: 4.6秒 (0.1分钟)
训练损失: 0.1385
验证损失: 0.2010
验证准确率: 0.9626 (10553/10964) - 与Levenshtein高度相关
验证F1(加权): 0.9614 - 类别平衡更好
学习率: 0.000100
显存使用: 0.48GB (预留: 0.67GB)

生成的训练样本:
--------------------------------------------------------------------------------
输入:       LQRJT> <CJNT> WBCNT> RBJ<JT> LMLK> XZQJ> HJ
目标:     0 1 0 0 22 9 0 0 0 8 0 7 9 27 0 1 1 0 13 9 0 0 0 0 0 0 2 9 0 0 1 0 0 4 0 0 0 0 0 0 2 0 0 12
预测:     0 1 0 0 22 9 0 0 0 8 0 2 9 27 0 1 1 0 13 9 0 0 0 0 0 0 2 9 0 0 1 0 0 4 0 0 0 0 0 0 2 0 0 26
准确率:    0.9545 (42/44)
----------------------------------------
输入:       DML> TQNWT> N<WL NSB LVLJ> DWMJ> DML>
目标:     0 1 0 42 0 0 0 0 0 2 9 0 0 44 8 0 53 0 119 0 3 0 1 0 24 9 0 0 0 0 0 4 0 0 1 0 42 0
预测:     0 1 0 42 0 0 0 0 0 2 9 0 0 44 8 0 53 0 119 0 3 0 1 0 24 9 0 0 0 0 0 4 0 0 1 0 61 0
准确率:    0.9737 (37/38)
----------------------------------------
输入:       >LH> LJWM> CBJ<J> WQDCH MVL DBH >TTNJX
目标:     0 0 0 4 0 0 1 0 0 4 0 0 0 0 0 0 4 0 0 1 0 0 51 0 0 0 0 0 0 1 1 0 0 0 76 17 20 0 3
预测:     0 0 0 4 0 0 1 0 0 4 0 0 0 0 0 0 4 0 0 1 0 0 51 0 0 0 0 0 0 1 1 0 0 0 76 17 20 0 3
准确率:    1.0000 (39/39)
----------------------------------------

生成的验证样本:
--------------------------------------------------------------------------------
输入:       LTCBWXT> MNW HN> D>CKX LMV<> WL> V<>
目标:     0 1 0 0 8 0 13 9 0 0 0 71 0 0 0 0 0 0 35 0 0 0 3 0 1 6 0 10 7 0 1 0 0 0 0 10 3
预测:     0 1 0 0 8 0 13 9 0 0 0 71 0 0 0 0 0 0 1 17 0 0 3 0 1 6 0 10 7 0 1 0 0 0 0 10 3
准确率:    0.9459 (35/37)
----------------------------------------
输入:       MNW HN> D>CKX LMV<> WL> V<> WLMB>CW
目标:     0 0 71 0 0 0 0 0 0 35 0 0 0 3 0 1 6 0 10 7 0 1 0 0 0 0 10 3 0 1 1 28 0 0 7 0
预测:     0 0 71 0 0 0 0 0 0 1 17 0 0 3 0 1 6 0 10 7 0 1 0 0 0 0 10 3 0 1 1 28 0 0 7 0
准确率:    0.9444 (34/36)
----------------------------------------
💾 保存新的最佳模型！验证准确率: 0.9626 (F1: 0.9614) (Epoch 5)

======================================================================
🚀 Epoch 6/200
======================================================================
📚 开始训练阶段...
训练进度: 500/6065 损失=0.1466
训练进度: 1000/6065 损失=0.1179
训练进度: 1500/6065 损失=0.0919
训练进度: 2000/6065 损失=0.1613
训练进度: 2500/6065 损失=0.1186
训练进度: 3000/6065 损失=0.0846
训练进度: 3500/6065 损失=0.1010
训练进度: 4000/6065 损失=0.1565
训练进度: 4500/6065 损失=0.1684
训练进度: 5000/6065 损失=0.1001
训练进度: 5500/6065 损失=0.1149
训练进度: 6000/6065 损失=0.1171
训练进度: 6065/6065 损失=0.1013
✅ 训练完成，耗时: 109.5秒 (1.8分钟)

============================================================
📊 验证决策: Epoch 6/200
   验证间隔: 1
   是否验证: ✅ 是
   原因: 达到验证间隔 (0 == 0)
============================================================

🔍 开始验证...
验证进度: 500/686 损失=0.0444
验证进度: 686/686 损失=0.3917

📊 预测分布分析:
  - 预测的前5个类别: {np.int64(0): 280580, np.int64(1): 37001, np.int64(2): 14823, np.int64(3): 10515, np.int64(4): 8618}
  - 标签的前5个类别: {np.int64(0): 281232, np.int64(1): 36731, np.int64(2): 14789, np.int64(3): 10866, np.int64(4): 8585}
✅ 验证完成，耗时: 4.7秒 (0.1分钟)
训练损失: 0.1249
验证损失: 0.1961
验证准确率: 0.9625 (10552/10964) - 与Levenshtein高度相关
验证F1(加权): 0.9624 - 类别平衡更好
学习率: 0.000100
显存使用: 0.48GB (预留: 0.67GB)

生成的训练样本:
--------------------------------------------------------------------------------
输入:       LH GBR> SB> CLM LK KWL MDM
目标:     0 1 0 0 0 0 4 0 0 0 4 0 0 0 0 22 0 1 0 0 8 0 2 0 0 0 2
预测:     0 1 0 0 0 0 4 0 0 0 4 0 0 0 0 22 0 1 0 0 8 0 2 0 0 0 2
准确率:    1.0000 (27/27)
----------------------------------------
输入:       >JT LJ L> TTKL <L XJLK LM>ZL
目标:     0 0 0 24 0 1 0 0 0 0 0 6 0 0 3 0 0 0 0 0 0 5 0 0 1 6 0 0 7
预测:     0 0 0 24 0 1 0 0 0 0 0 6 0 0 3 0 0 0 0 0 0 5 0 0 1 6 0 0 7
准确率:    1.0000 (29/29)
----------------------------------------
输入:       KL MN DMCKX LH WNPQ Q>JN MN
目标:     0 0 2 0 0 12 0 1 28 0 0 7 0 1 0 0 1 0 0 3 0 0 0 0 2 0 0 0
预测:     0 0 2 0 0 12 0 1 28 0 0 7 0 1 0 0 1 0 0 3 0 0 0 0 2 0 0 0
准确率:    1.0000 (28/28)
----------------------------------------

生成的验证样本:
--------------------------------------------------------------------------------
输入:       LTCBWXT> MNW HN> D>CKX LMV<> WL> V<>
目标:     0 1 0 0 8 0 13 9 0 0 0 71 0 0 0 0 0 0 35 0 0 0 3 0 1 6 0 10 7 0 1 0 0 0 0 10 3
预测:     0 1 0 0 8 0 13 9 0 0 0 71 0 0 0 0 0 0 1 28 0 0 3 0 1 6 0 10 7 0 1 0 0 0 0 10 3
准确率:    0.9459 (35/37)
----------------------------------------
输入:       MNW HN> D>CKX LMV<> WL> V<> WLMB>CW
目标:     0 0 71 0 0 0 0 0 0 35 0 0 0 3 0 1 6 0 10 7 0 1 0 0 0 0 10 3 0 1 1 28 0 0 7 0
预测:     0 0 71 0 0 0 0 0 0 1 28 0 0 3 0 1 6 0 10 7 0 1 0 0 0 0 10 3 0 1 1 28 0 0 7 0
准确率:    0.9444 (34/36)
----------------------------------------
⏳ 验证无提升 (验证准确率: 0.9625 ≤ 0.9626)，patience: 1/50

======================================================================
🚀 Epoch 7/200
======================================================================
📚 开始训练阶段...
训练进度: 500/6065 损失=0.1327
训练进度: 1000/6065 损失=0.1014
训练进度: 1500/6065 损失=0.0751
训练进度: 2000/6065 损失=0.1399
训练进度: 2500/6065 损失=0.0984
训练进度: 3000/6065 损失=0.1161
训练进度: 3500/6065 损失=0.1095
训练进度: 4000/6065 损失=0.1620
训练进度: 4500/6065 损失=0.0652
训练进度: 5000/6065 损失=0.1385
训练进度: 5500/6065 损失=0.1034
训练进度: 6000/6065 损失=0.0828
训练进度: 6065/6065 损失=0.0587
✅ 训练完成，耗时: 110.1秒 (1.8分钟)

============================================================
📊 验证决策: Epoch 7/200
   验证间隔: 1
   是否验证: ✅ 是
   原因: 达到验证间隔 (0 == 0)
============================================================

🔍 开始验证...
验证进度: 500/686 损失=0.0739
验证进度: 686/686 损失=0.4217

📊 预测分布分析:
  - 预测的前5个类别: {np.int64(0): 281023, np.int64(1): 37280, np.int64(2): 14732, np.int64(3): 10992, np.int64(4): 8859}
  - 标签的前5个类别: {np.int64(0): 281232, np.int64(1): 36731, np.int64(2): 14789, np.int64(3): 10866, np.int64(4): 8585}
✅ 验证完成，耗时: 4.7秒 (0.1分钟)
训练损失: 0.1148
验证损失: 0.2022
验证准确率: 0.9647 (10576/10964) - 与Levenshtein高度相关
验证F1(加权): 0.9640 - 类别平衡更好
学习率: 0.000100
显存使用: 0.48GB (预留: 0.67GB)

生成的训练样本:
--------------------------------------------------------------------------------
输入:       >JK MSQT> DXL> BRGLWHJ DGBR> QCJC> HKN>
目标:     0 0 0 0 0 0 0 13 9 0 0 1 0 4 0 0 1 0 0 25 1 0 0 0 1 0 0 4 0 0 0 8 0 43 27 0 0 0 0 0
预测:     0 0 0 0 0 0 0 13 9 0 0 1 0 4 0 0 1 0 0 25 1 0 0 0 1 0 0 4 0 0 0 8 0 43 27 0 0 0 0 0
准确率:    1.0000 (40/40)
----------------------------------------
输入:       L> MBYRJN >NTWN MN LBNJKWN >L> >JK
目标:     0 0 0 0 6 0 0 7 0 19 0 0 0 0 0 0 0 0 0 0 0 0 70 1 0 0 0 0 88 0 0 0 0 0 0
预测:     0 0 0 0 6 0 0 7 0 19 0 0 0 0 0 0 0 0 0 0 1 0 2 1 0 0 0 0 0 0 0 0 0 0 0
准确率:    0.9143 (32/35)
----------------------------------------
输入:       DMVNP XBRH >PN MCTM< LK WMHLK QDMJK
目标:     0 1 6 0 0 41 0 0 0 5 0 0 0 75 0 0 45 39 0 0 7 0 1 0 0 1 6 0 0 41 0 0 0 2 1 0
预测:     0 1 6 0 0 41 0 0 0 5 0 0 0 75 0 0 45 39 0 0 7 0 1 0 0 1 6 0 0 41 0 0 0 2 1 0
准确率:    1.0000 (36/36)
----------------------------------------

生成的验证样本:
--------------------------------------------------------------------------------
输入:       LTCBWXT> MNW HN> D>CKX LMV<> WL> V<>
目标:     0 1 0 0 8 0 13 9 0 0 0 71 0 0 0 0 0 0 35 0 0 0 3 0 1 6 0 10 7 0 1 0 0 0 0 10 3
预测:     0 1 0 0 8 0 13 9 0 0 0 71 0 0 0 0 0 0 1 17 0 0 3 0 1 6 0 10 7 0 1 0 0 0 0 10 7
准确率:    0.9189 (34/37)
----------------------------------------
输入:       MNW HN> D>CKX LMV<> WL> V<> WLMB>CW
目标:     0 0 71 0 0 0 0 0 0 35 0 0 0 3 0 1 6 0 10 7 0 1 0 0 0 0 10 3 0 1 1 28 0 0 7 0
预测:     0 0 71 0 0 0 0 0 0 1 17 0 0 3 0 1 6 0 10 7 0 1 0 0 0 0 10 3 0 1 1 28 0 0 7 0
准确率:    0.9444 (34/36)
----------------------------------------
💾 保存新的最佳模型！验证准确率: 0.9647 (F1: 0.9640) (Epoch 7)

======================================================================
🚀 Epoch 8/200
======================================================================
📚 开始训练阶段...
训练进度: 500/6065 损失=0.1243
训练进度: 1000/6065 损失=0.0789
训练进度: 1500/6065 损失=0.1040
训练进度: 2000/6065 损失=0.0979
训练进度: 2500/6065 损失=0.0704
训练进度: 3000/6065 损失=0.1164
训练进度: 3500/6065 损失=0.1420
训练进度: 4000/6065 损失=0.1361
训练进度: 4500/6065 损失=0.1664
训练进度: 5000/6065 损失=0.0765
训练进度: 5500/6065 损失=0.0638
训练进度: 6000/6065 损失=0.1891
训练进度: 6065/6065 损失=0.1000
✅ 训练完成，耗时: 110.0秒 (1.8分钟)

============================================================
📊 验证决策: Epoch 8/200
   验证间隔: 1
   是否验证: ✅ 是
   原因: 达到验证间隔 (0 == 0)
============================================================

🔍 开始验证...
验证进度: 500/686 损失=0.0550
验证进度: 686/686 损失=0.4048

📊 预测分布分析:
  - 预测的前5个类别: {np.int64(0): 281328, np.int64(1): 36966, np.int64(2): 15153, np.int64(3): 10643, np.int64(4): 8838}
  - 标签的前5个类别: {np.int64(0): 281232, np.int64(1): 36731, np.int64(2): 14789, np.int64(3): 10866, np.int64(4): 8585}
✅ 验证完成，耗时: 4.7秒 (0.1分钟)
训练损失: 0.1064
验证损失: 0.2016
验证准确率: 0.9647 (10576/10964) - 与Levenshtein高度相关
验证F1(加权): 0.9641 - 类别平衡更好
学习率: 0.000100
显存使用: 0.48GB (预留: 0.67GB)

生成的训练样本:
--------------------------------------------------------------------------------
输入:       WLPVJR> WSLQT NWR> MN K>P> W>KLT BSR>
目标:     0 1 1 0 0 0 4 0 0 1 0 0 3 26 0 0 0 4 0 0 0 0 0 0 0 4 0 0 1 0 0 3 26 0 0 0 4 0
预测:     0 1 1 0 0 0 4 0 0 1 0 0 3 26 0 0 0 4 0 0 0 0 0 0 0 4 0 0 1 0 0 3 26 0 0 0 4 0
准确率:    1.0000 (38/38)
----------------------------------------
输入:       LKWN NPCH XLP NPCH WKD GMRW LM<BD
目标:     0 1 0 0 0 0 0 0 5 0 0 0 0 2 0 0 0 5 0 0 1 0 0 0 0 0 3 19 0 1 6 0 0 7
预测:     0 1 0 0 0 0 0 0 5 0 0 0 0 2 0 0 0 5 0 0 1 0 0 0 0 0 3 19 0 1 6 0 0 7
准确率:    1.0000 (34/34)
----------------------------------------
输入:       XZW DNBJ> <ZJZ> HW PRCW D>LH> BSJM>
目标:     0 0 18 0 0 1 0 0 4 0 0 0 8 0 7 27 0 0 0 0 0 0 3 0 0 1 0 0 4 0 0 0 8 0 49 27
预测:     0 0 18 0 0 1 0 0 4 0 0 0 8 0 7 27 0 0 0 0 0 0 3 0 0 1 0 0 4 0 0 0 8 0 49 27
准确率:    1.0000 (36/36)
----------------------------------------

生成的验证样本:
--------------------------------------------------------------------------------
输入:       LTCBWXT> MNW HN> D>CKX LMV<> WL> V<>
目标:     0 1 0 0 8 0 13 9 0 0 0 71 0 0 0 0 0 0 35 0 0 0 3 0 1 6 0 10 7 0 1 0 0 0 0 10 3
预测:     0 1 0 0 8 0 13 9 0 0 0 71 0 0 0 0 0 0 1 17 0 0 3 0 1 6 0 10 7 0 1 0 0 0 0 10 3
准确率:    0.9459 (35/37)
----------------------------------------
输入:       MNW HN> D>CKX LMV<> WL> V<> WLMB>CW
目标:     0 0 71 0 0 0 0 0 0 35 0 0 0 3 0 1 6 0 10 7 0 1 0 0 0 0 10 3 0 1 1 28 0 0 7 0
预测:     0 0 81 0 0 0 0 0 0 1 17 0 0 3 0 1 6 0 10 7 0 1 0 0 0 0 10 3 0 1 1 28 0 0 7 0
准确率:    0.9167 (33/36)
----------------------------------------
⏳ 验证无提升 (验证准确率: 0.9647 ≤ 0.9647)，patience: 1/50

======================================================================
🚀 Epoch 9/200
======================================================================
📚 开始训练阶段...
训练进度: 500/6065 损失=0.0823
训练进度: 1000/6065 损失=0.0562
训练进度: 1500/6065 损失=0.0459
训练进度: 2000/6065 损失=0.1283
训练进度: 2500/6065 损失=0.1266
训练进度: 3000/6065 损失=0.1100
训练进度: 3500/6065 损失=0.1241
训练进度: 4000/6065 损失=0.1237
训练进度: 4500/6065 损失=0.0933
训练进度: 5000/6065 损失=0.1212
训练进度: 5500/6065 损失=0.0667
训练进度: 6000/6065 损失=0.1088
训练进度: 6065/6065 损失=0.0821
✅ 训练完成，耗时: 109.4秒 (1.8分钟)

============================================================
📊 验证决策: Epoch 9/200
   验证间隔: 1
   是否验证: ✅ 是
   原因: 达到验证间隔 (0 == 0)
============================================================

🔍 开始验证...
验证进度: 500/686 损失=0.0663
验证进度: 686/686 损失=0.3787

📊 预测分布分析:
  - 预测的前5个类别: {np.int64(0): 280668, np.int64(1): 37133, np.int64(2): 15015, np.int64(3): 10785, np.int64(4): 9249}
  - 标签的前5个类别: {np.int64(0): 281232, np.int64(1): 36731, np.int64(2): 14789, np.int64(3): 10866, np.int64(4): 8585}
✅ 验证完成，耗时: 4.7秒 (0.1分钟)
训练损失: 0.0992
验证损失: 0.2110
验证准确率: 0.9642 (10571/10964) - 与Levenshtein高度相关
验证F1(加权): 0.9638 - 类别平衡更好
学习率: 0.000100
显存使用: 0.48GB (预留: 0.67GB)

生成的训练样本:
--------------------------------------------------------------------------------
输入:       >JLJN D>MR >N> LK <L HD> >JT
目标:     0 0 0 0 0 0 0 1 0 0 7 0 0 0 0 0 1 0 0 0 0 0 0 0 0 0 0 0 24
预测:     0 0 0 0 0 0 0 1 0 0 7 0 0 0 0 0 1 0 0 0 0 0 0 0 0 0 0 0 24
准确率:    1.0000 (29/29)
----------------------------------------
输入:       GJR BXD DRG >W BXD TXWM CWJ>JT
目标:     0 0 0 0 0 1 0 2 0 0 0 2 0 0 0 0 1 0 2 0 0 0 0 2 0 0 0 0 0 0 0
预测:     0 0 0 0 0 1 0 2 0 0 0 2 0 0 0 0 1 0 2 0 0 0 0 2 0 0 0 0 0 0 0
准确率:    1.0000 (31/31)
----------------------------------------
输入:       ZL L<N> WSB LJ MN TMN TRJN
目标:     21 0 3 0 1 0 4 0 0 93 0 3 0 1 0 0 0 0 0 0 0 0 0 0 2 0 12
预测:     21 0 3 0 1 0 4 0 0 93 0 3 0 1 0 0 0 0 0 0 0 0 0 0 2 0 12
准确率:    1.0000 (27/27)
----------------------------------------

生成的验证样本:
--------------------------------------------------------------------------------
输入:       LTCBWXT> MNW HN> D>CKX LMV<> WL> V<>
目标:     0 1 0 0 8 0 13 9 0 0 0 71 0 0 0 0 0 0 35 0 0 0 3 0 1 6 0 10 7 0 1 0 0 0 0 10 3
预测:     0 1 0 0 8 0 13 9 0 0 0 71 0 0 0 0 0 0 35 17 0 0 3 0 1 6 0 10 7 0 1 0 0 0 0 10 3
准确率:    0.9730 (36/37)
----------------------------------------
输入:       MNW HN> D>CKX LMV<> WL> V<> WLMB>CW
目标:     0 0 71 0 0 0 0 0 0 35 0 0 0 3 0 1 6 0 10 7 0 1 0 0 0 0 10 3 0 1 1 28 0 0 7 0
预测:     0 0 71 0 0 0 0 0 0 35 17 0 0 3 0 1 6 0 10 7 0 1 0 0 0 0 10 3 0 1 1 28 0 0 7 0
准确率:    0.9722 (35/36)
----------------------------------------
⏳ 验证无提升 (验证准确率: 0.9642 ≤ 0.9647)，patience: 2/50

======================================================================
🚀 Epoch 10/200
======================================================================
📚 开始训练阶段...
训练进度: 500/6065 损失=0.0693
训练进度: 1000/6065 损失=0.0479
训练进度: 1500/6065 损失=0.1013
训练进度: 2000/6065 损失=0.0826
训练进度: 2500/6065 损失=0.0849
训练进度: 3000/6065 损失=0.0821
训练进度: 3500/6065 损失=0.0733
训练进度: 4000/6065 损失=0.1079
训练进度: 4500/6065 损失=0.0571
训练进度: 5000/6065 损失=0.0546
训练进度: 5500/6065 损失=0.1030
训练进度: 6000/6065 损失=0.0668
训练进度: 6065/6065 损失=0.0956
✅ 训练完成，耗时: 109.3秒 (1.8分钟)

============================================================
📊 验证决策: Epoch 10/200
   验证间隔: 1
   是否验证: ✅ 是
   原因: 达到验证间隔 (0 == 0)
============================================================

🔍 开始验证...
验证进度: 500/686 损失=0.0462
验证进度: 686/686 损失=0.4772

📊 预测分布分析:
  - 预测的前5个类别: {np.int64(0): 281525, np.int64(1): 37102, np.int64(2): 14800, np.int64(3): 10860, np.int64(4): 8831}
  - 标签的前5个类别: {np.int64(0): 281232, np.int64(1): 36731, np.int64(2): 14789, np.int64(3): 10866, np.int64(4): 8585}
✅ 验证完成，耗时: 4.7秒 (0.1分钟)
训练损失: 0.0937
验证损失: 0.2161
验证准确率: 0.9643 (10573/10964) - 与Levenshtein高度相关
验证F1(加权): 0.9638 - 类别平衡更好
学习率: 0.000099
显存使用: 0.48GB (预留: 0.67GB)

生成的训练样本:
--------------------------------------------------------------------------------
输入:       >NWN LMWKL> DHB> W<BDW PRS> DTKLT> W>RGWN>
目标:     0 0 0 0 0 0 1 0 0 0 11 0 0 0 0 4 0 0 1 0 0 3 0 0 0 0 55 0 0 1 0 0 13 9 0 0 1 0 0 0 0 4 0
预测:     0 0 0 0 0 0 1 0 0 0 11 0 0 0 0 4 0 0 1 0 0 3 0 0 0 0 55 0 0 1 0 0 13 9 0 0 1 0 0 0 0 4 0
准确率:    1.0000 (43/43)
----------------------------------------
输入:       HW DBVB> VB> D>KRZ >GR> VB> NTTGR
目标:     0 0 0 0 1 1 0 4 0 0 0 15 0 0 1 17 0 0 3 0 0 0 4 0 0 0 4 0 0 21 14 0 0 77
预测:     0 0 0 0 1 1 0 4 0 0 0 4 0 0 1 17 0 0 3 0 0 0 4 0 0 0 4 0 0 21 14 0 0 77
准确率:    0.9706 (33/34)
----------------------------------------
输入:       D>CTBJW RXM> >P CLM> NHW> LKWN <HJD
目标:     0 1 47 39 0 0 3 0 0 0 0 30 0 0 0 0 0 0 0 15 0 0 6 0 10 3 0 1 0 0 0 0 0 8 0 40
预测:     0 1 47 39 0 0 3 0 0 0 0 30 0 0 0 0 0 0 0 15 0 0 6 0 10 3 0 1 0 0 0 0 0 8 0 40
准确率:    1.0000 (36/36)
----------------------------------------

生成的验证样本:
--------------------------------------------------------------------------------
输入:       LTCBWXT> MNW HN> D>CKX LMV<> WL> V<>
目标:     0 1 0 0 8 0 13 9 0 0 0 71 0 0 0 0 0 0 35 0 0 0 3 0 1 6 0 10 7 0 1 0 0 0 0 10 3
预测:     0 1 0 0 8 0 13 9 0 0 0 81 0 0 0 0 0 0 1 17 0 0 3 0 1 6 0 10 7 0 1 0 0 0 0 10 7
准确率:    0.8919 (33/37)
----------------------------------------
输入:       MNW HN> D>CKX LMV<> WL> V<> WLMB>CW
目标:     0 0 71 0 0 0 0 0 0 35 0 0 0 3 0 1 6 0 10 7 0 1 0 0 0 0 10 3 0 1 1 28 0 0 7 0
预测:     0 0 71 0 0 0 0 0 0 1 17 0 0 3 0 1 6 0 10 7 0 1 0 0 0 0 10 7 0 1 1 28 0 0 7 0
准确率:    0.9167 (33/36)
----------------------------------------
⏳ 验证无提升 (验证准确率: 0.9643 ≤ 0.9647)，patience: 3/50

======================================================================
🚀 Epoch 11/200
======================================================================
📚 开始训练阶段...
训练进度: 500/6065 损失=0.0777
训练进度: 1000/6065 损失=0.0502
训练进度: 1500/6065 损失=0.0685
训练进度: 2000/6065 损失=0.0586
训练进度: 2500/6065 损失=0.0987
训练进度: 3000/6065 损失=0.1160
训练进度: 3500/6065 损失=0.0719
训练进度: 4000/6065 损失=0.1118
训练进度: 4500/6065 损失=0.0839
训练进度: 5000/6065 损失=0.0976
训练进度: 5500/6065 损失=0.0553
训练进度: 6000/6065 损失=0.0841
训练进度: 6065/6065 损失=0.0679
✅ 训练完成，耗时: 109.3秒 (1.8分钟)

============================================================
📊 验证决策: Epoch 11/200
   验证间隔: 1
   是否验证: ✅ 是
   原因: 达到验证间隔 (0 == 0)
============================================================

🔍 开始验证...
验证进度: 500/686 损失=0.0553
验证进度: 686/686 损失=0.4474

📊 预测分布分析:
  - 预测的前5个类别: {np.int64(0): 281433, np.int64(1): 36972, np.int64(2): 14859, np.int64(3): 11027, np.int64(4): 8847}
  - 标签的前5个类别: {np.int64(0): 281232, np.int64(1): 36731, np.int64(2): 14789, np.int64(3): 10866, np.int64(4): 8585}
✅ 验证完成，耗时: 4.7秒 (0.1分钟)
训练损失: 0.0887
验证损失: 0.2173
验证准确率: 0.9656 (10587/10964) - 与Levenshtein高度相关
验证F1(加权): 0.9651 - 类别平衡更好
学习率: 0.000099
显存使用: 0.48GB (预留: 0.67GB)

生成的训练样本:
--------------------------------------------------------------------------------
输入:       <JN> BNJN> SMJK> DSLQ BCWR> W>TXRJW <MH
目标:     0 0 0 4 0 0 0 0 0 4 0 0 0 8 0 43 27 0 1 0 0 7 0 1 0 0 4 0 0 1 0 14 0 0 3 0 0 0 1 0
预测:     0 0 0 4 0 0 1 0 0 4 0 0 0 8 0 43 27 0 1 0 0 3 0 1 0 0 4 0 0 1 0 14 0 0 3 0 0 0 1 0
准确率:    0.9500 (38/40)
----------------------------------------
输入:       LMML> MJ> W<LJMT> D>MR LH >RKNJ LJ
目标:     0 1 6 0 10 7 0 24 9 0 0 1 0 0 0 2 9 0 0 1 21 0 3 0 1 12 6 17 0 0 3 0 0 1 0
预测:     0 1 6 0 10 7 0 24 9 0 0 1 0 0 0 2 9 0 0 1 21 0 3 0 1 12 6 17 0 0 3 0 0 1 0
准确率:    1.0000 (35/35)
----------------------------------------
输入:       BCMH DMRJ> W>MR MJK> XZJT L>JSRJL MBDR
目标:     0 1 0 5 0 0 1 0 0 0 2 0 1 0 0 3 0 0 0 0 2 0 0 0 3 0 0 1 0 0 0 0 0 2 0 6 0 0 109
预测:     0 1 0 5 0 0 1 0 0 0 2 0 1 0 0 3 0 0 0 0 2 0 0 0 3 0 0 1 0 0 0 0 0 2 0 6 0 0 109
准确率:    1.0000 (39/39)
----------------------------------------

生成的验证样本:
--------------------------------------------------------------------------------
输入:       LTCBWXT> MNW HN> D>CKX LMV<> WL> V<>
目标:     0 1 0 0 8 0 13 9 0 0 0 71 0 0 0 0 0 0 35 0 0 0 3 0 1 6 0 10 7 0 1 0 0 0 0 10 3
预测:     0 1 0 0 8 0 13 9 0 0 0 71 0 0 0 0 0 0 1 17 0 0 3 0 1 6 0 10 7 0 1 0 0 0 0 10 7
准确率:    0.9189 (34/37)
----------------------------------------
输入:       MNW HN> D>CKX LMV<> WL> V<> WLMB>CW
目标:     0 0 71 0 0 0 0 0 0 35 0 0 0 3 0 1 6 0 10 7 0 1 0 0 0 0 10 3 0 1 1 28 0 0 7 0
预测:     0 0 71 0 0 0 0 0 0 1 17 0 0 3 0 1 6 0 10 7 0 1 0 0 0 0 10 3 0 1 1 28 0 0 7 0
准确率:    0.9444 (34/36)
----------------------------------------
💾 保存新的最佳模型！验证准确率: 0.9656 (F1: 0.9651) (Epoch 11)

======================================================================
🚀 Epoch 12/200
======================================================================
📚 开始训练阶段...
训练进度: 500/6065 损失=0.1106
训练进度: 1000/6065 损失=0.0574
训练进度: 1500/6065 损失=0.0611
训练进度: 2000/6065 损失=0.1122
训练进度: 2500/6065 损失=0.1037
训练进度: 3000/6065 损失=0.0431
训练进度: 3500/6065 损失=0.0544
训练进度: 4000/6065 损失=0.0532
训练进度: 4500/6065 损失=0.0466
训练进度: 5000/6065 损失=0.0778
训练进度: 5500/6065 损失=0.0897
训练进度: 6000/6065 损失=0.0828
训练进度: 6065/6065 损失=0.1261
✅ 训练完成，耗时: 109.4秒 (1.8分钟)

============================================================
📊 验证决策: Epoch 12/200
   验证间隔: 1
   是否验证: ✅ 是
   原因: 达到验证间隔 (0 == 0)
============================================================

🔍 开始验证...
验证进度: 500/686 损失=0.0343
验证进度: 686/686 损失=0.3907

📊 预测分布分析:
  - 预测的前5个类别: {np.int64(0): 280841, np.int64(1): 37152, np.int64(2): 14616, np.int64(3): 10616, np.int64(4): 8910}
  - 标签的前5个类别: {np.int64(0): 281232, np.int64(1): 36731, np.int64(2): 14789, np.int64(3): 10866, np.int64(4): 8585}
✅ 验证完成，耗时: 4.7秒 (0.1分钟)
训练损失: 0.0847
验证损失: 0.2201
验证准确率: 0.9648 (10577/10964) - 与Levenshtein高度相关
验证F1(加权): 0.9645 - 类别平衡更好
学习率: 0.000099
显存使用: 0.48GB (预留: 0.67GB)

生成的训练样本:
--------------------------------------------------------------------------------
输入:       MN <BDH MN XQL> BRMC> WGBR> MN
目标:     0 0 0 0 0 0 98 0 0 0 0 0 0 0 4 0 0 1 0 0 4 0 0 1 0 0 4 0 0 0 0
预测:     0 0 0 0 0 0 98 0 0 0 0 0 0 0 4 0 0 1 0 0 4 0 0 1 0 0 4 0 0 0 0
准确率:    1.0000 (31/31)
----------------------------------------
输入:       >P LH W>MR JHWD> LTMR KLTH TBJ
目标:     0 0 0 0 1 0 0 1 0 0 3 0 0 0 0 0 2 0 1 0 0 2 0 0 13 1 0 52 0 3 0
预测:     0 0 0 0 1 0 0 1 0 0 3 0 0 0 0 0 2 0 1 0 0 2 0 0 13 1 0 52 0 3 0
准确率:    1.0000 (31/31)
----------------------------------------
输入:       HN> L> JHBTH LCL> BRJ WL> >WSP
目标:     0 0 0 0 0 0 0 0 0 0 3 1 12 0 1 0 0 2 0 0 5 0 0 1 0 0 0 50 0 0 3
预测:     0 0 0 0 0 0 0 0 0 0 3 1 12 0 1 0 0 2 0 0 5 0 0 1 0 0 0 50 0 0 3
准确率:    1.0000 (31/31)
----------------------------------------

生成的验证样本:
--------------------------------------------------------------------------------
输入:       LTCBWXT> MNW HN> D>CKX LMV<> WL> V<>
目标:     0 1 0 0 8 0 13 9 0 0 0 71 0 0 0 0 0 0 35 0 0 0 3 0 1 6 0 10 7 0 1 0 0 0 0 10 3
预测:     0 1 0 0 8 0 13 9 0 0 0 81 0 0 0 0 0 0 1 17 0 0 3 0 1 6 0 10 7 0 1 0 0 0 0 10 3
准确率:    0.9189 (34/37)
----------------------------------------
输入:       MNW HN> D>CKX LMV<> WL> V<> WLMB>CW
目标:     0 0 71 0 0 0 0 0 0 35 0 0 0 3 0 1 6 0 10 7 0 1 0 0 0 0 10 3 0 1 1 28 0 0 7 0
预测:     0 0 81 0 0 0 0 0 0 1 17 0 0 3 0 1 6 0 10 7 0 1 0 0 0 0 10 3 0 1 1 28 0 0 7 0
准确率:    0.9167 (33/36)
----------------------------------------
⏳ 验证无提升 (验证准确率: 0.9648 ≤ 0.9656)，patience: 1/50

======================================================================
🚀 Epoch 13/200
======================================================================
📚 开始训练阶段...
训练进度: 500/6065 损失=0.0561
训练进度: 1000/6065 损失=0.0734
训练进度: 1500/6065 损失=0.1068
训练进度: 2000/6065 损失=0.0462
训练进度: 2500/6065 损失=0.0827
训练进度: 3000/6065 损失=0.0575
训练进度: 3500/6065 损失=0.0861
训练进度: 4000/6065 损失=0.1564
训练进度: 4500/6065 损失=0.0545
训练进度: 5000/6065 损失=0.1014
训练进度: 5500/6065 损失=0.0672
训练进度: 6000/6065 损失=0.1002
训练进度: 6065/6065 损失=0.0736
✅ 训练完成，耗时: 109.3秒 (1.8分钟)

============================================================
📊 验证决策: Epoch 13/200
   验证间隔: 1
   是否验证: ✅ 是
   原因: 达到验证间隔 (0 == 0)
============================================================

🔍 开始验证...
验证进度: 500/686 损失=0.0462
验证进度: 686/686 损失=0.4478

📊 预测分布分析:
  - 预测的前5个类别: {np.int64(0): 281420, np.int64(1): 37099, np.int64(2): 14750, np.int64(3): 10718, np.int64(4): 9011}
  - 标签的前5个类别: {np.int64(0): 281232, np.int64(1): 36731, np.int64(2): 14789, np.int64(3): 10866, np.int64(4): 8585}
✅ 验证完成，耗时: 4.7秒 (0.1分钟)
训练损失: 0.0807
验证损失: 0.2247
验证准确率: 0.9654 (10584/10964) - 与Levenshtein高度相关
验证F1(加权): 0.9650 - 类别平衡更好
学习率: 0.000099
显存使用: 0.48GB (预留: 0.67GB)

生成的训练样本:
--------------------------------------------------------------------------------
输入:       WMTPNQJN WSVJN BTR >LH> >XRN> WPLXJN LHWN
目标:     0 1 21 14 0 0 7 0 19 0 1 0 42 0 0 0 0 0 0 0 0 0 11 0 0 0 0 38 11 0 0 1 0 0 7 0 0 0 1 0 0 0
预测:     0 1 21 14 0 0 7 0 19 0 1 0 42 0 0 0 0 0 0 0 0 0 11 0 0 0 0 38 11 0 0 1 0 0 7 0 0 0 1 0 0 0
准确率:    1.0000 (42/42)
----------------------------------------
输入:       DMRJ> HWJ> HWT <LJHWN LBJCT> >JK D>MR
目标:     0 1 0 0 0 2 0 0 0 7 0 0 0 18 26 0 0 8 1 0 0 0 0 1 0 0 2 9 0 0 0 0 0 0 1 0 0 3
预测:     0 1 0 0 0 2 0 0 0 7 0 0 0 18 26 0 0 8 1 0 0 0 0 1 0 0 2 9 0 0 0 0 0 0 1 0 0 3
准确率:    1.0000 (38/38)
----------------------------------------
输入:       BLLJ> HW W>MR LHWN QWMW PWQW MN
目标:     0 1 38 0 4 0 0 0 12 0 1 0 0 3 0 1 0 0 0 6 0 0 3 0 34 8 0 3 0 0 0 0
预测:     0 1 38 0 4 0 0 0 12 0 1 0 0 3 0 1 0 0 0 6 0 0 3 0 34 8 0 3 0 0 0 0
准确率:    1.0000 (32/32)
----------------------------------------

生成的验证样本:
--------------------------------------------------------------------------------
输入:       LTCBWXT> MNW HN> D>CKX LMV<> WL> V<>
目标:     0 1 0 0 8 0 13 9 0 0 0 71 0 0 0 0 0 0 35 0 0 0 3 0 1 6 0 10 7 0 1 0 0 0 0 10 3
预测:     0 1 0 0 8 0 13 9 0 0 0 81 0 0 0 0 0 0 1 17 0 0 3 0 1 6 0 10 7 0 1 0 0 0 0 10 3
准确率:    0.9189 (34/37)
----------------------------------------
输入:       MNW HN> D>CKX LMV<> WL> V<> WLMB>CW
目标:     0 0 71 0 0 0 0 0 0 35 0 0 0 3 0 1 6 0 10 7 0 1 0 0 0 0 10 3 0 1 1 28 0 0 7 0
预测:     0 0 81 0 0 0 0 0 0 1 0 0 0 3 0 1 6 0 10 7 0 1 0 0 0 0 10 3 0 1 1 28 0 0 7 0
准确率:    0.9444 (34/36)
----------------------------------------
⏳ 验证无提升 (验证准确率: 0.9654 ≤ 0.9656)，patience: 2/50

======================================================================
🚀 Epoch 14/200
======================================================================
📚 开始训练阶段...
训练进度: 500/6065 损失=0.0607
训练进度: 1000/6065 损失=0.0750
训练进度: 1500/6065 损失=0.0603
训练进度: 2000/6065 损失=0.0527
训练进度: 2500/6065 损失=0.0681
训练进度: 3000/6065 损失=0.0478
训练进度: 3500/6065 损失=0.0918
训练进度: 4000/6065 损失=0.0737
训练进度: 4500/6065 损失=0.0507
训练进度: 5000/6065 损失=0.1003
训练进度: 5500/6065 损失=0.0805
训练进度: 6000/6065 损失=0.0250
训练进度: 6065/6065 损失=0.0994
✅ 训练完成，耗时: 109.5秒 (1.8分钟)

============================================================
📊 验证决策: Epoch 14/200
   验证间隔: 1
   是否验证: ✅ 是
   原因: 达到验证间隔 (0 == 0)
============================================================

🔍 开始验证...
验证进度: 500/686 损失=0.0353
验证进度: 686/686 损失=0.3910

📊 预测分布分析:
  - 预测的前5个类别: {np.int64(0): 281995, np.int64(1): 37061, np.int64(2): 14693, np.int64(3): 10737, np.int64(4): 8749}
  - 标签的前5个类别: {np.int64(0): 281232, np.int64(1): 36731, np.int64(2): 14789, np.int64(3): 10866, np.int64(4): 8585}
✅ 验证完成，耗时: 4.7秒 (0.1分钟)
训练损失: 0.0774
验证损失: 0.2271
验证准确率: 0.9661 (10592/10964) - 与Levenshtein高度相关
验证F1(加权): 0.9657 - 类别平衡更好
学习率: 0.000099
显存使用: 0.47GB (预留: 0.67GB)

生成的训练样本:
--------------------------------------------------------------------------------
输入:       MRJ> LMWC> W<BDW PRZWM> DPDT> <BD> ZQJR>
目标:     0 0 0 0 2 0 1 0 0 0 2 0 1 0 0 3 0 0 0 0 0 0 4 0 0 1 0 13 9 0 0 0 0 55 0 0 0 8 0 43 27
预测:     0 0 0 0 2 0 1 0 0 0 2 0 1 0 0 3 0 0 0 0 0 0 4 0 0 1 0 13 9 0 0 0 0 55 0 0 0 8 0 43 27
准确率:    1.0000 (41/41)
----------------------------------------
输入:       >MR MNW QL> HN> DQRJT> >CTGCT W<D
目标:     0 0 0 7 0 0 81 0 0 0 4 0 0 0 0 0 0 1 0 0 22 9 0 0 47 39 0 0 3 26 0 1 0 0
预测:     0 0 0 7 0 0 71 0 0 0 4 0 0 0 0 0 0 1 0 0 22 9 0 0 47 39 0 0 3 26 0 1 0 0
准确率:    0.9706 (33/34)
----------------------------------------
输入:       P>RJ >JLN> DBMY<TH DPRDJS> >MR >LH> DL>
目标:     0 0 0 2 0 0 0 0 0 4 0 0 1 1 0 0 13 1 0 0 1 0 0 0 0 4 0 0 0 0 3 0 0 0 4 0 0 1 0 0
预测:     0 0 0 2 0 0 0 0 0 4 0 0 1 1 0 0 13 1 0 0 1 0 0 0 0 4 0 0 0 0 3 0 0 0 4 0 0 1 0 0
准确率:    1.0000 (40/40)
----------------------------------------

生成的验证样本:
--------------------------------------------------------------------------------
输入:       LTCBWXT> MNW HN> D>CKX LMV<> WL> V<>
目标:     0 1 0 0 8 0 13 9 0 0 0 71 0 0 0 0 0 0 35 0 0 0 3 0 1 6 0 10 7 0 1 0 0 0 0 10 3
预测:     0 1 0 0 8 0 13 9 0 0 0 71 0 0 0 0 0 0 1 17 0 0 3 0 1 6 0 10 7 0 1 0 0 0 0 10 3
准确率:    0.9459 (35/37)
----------------------------------------
输入:       MNW HN> D>CKX LMV<> WL> V<> WLMB>CW
目标:     0 0 71 0 0 0 0 0 0 35 0 0 0 3 0 1 6 0 10 7 0 1 0 0 0 0 10 3 0 1 1 28 0 0 7 0
预测:     0 0 71 0 0 0 0 0 0 1 17 0 0 3 0 1 6 0 10 7 0 1 0 0 0 0 10 7 0 1 1 28 0 0 7 0
准确率:    0.9167 (33/36)
----------------------------------------
💾 保存新的最佳模型！验证准确率: 0.9661 (F1: 0.9657) (Epoch 14)

======================================================================
🚀 Epoch 15/200
======================================================================
📚 开始训练阶段...
训练进度: 500/6065 损失=0.1153
训练进度: 1000/6065 损失=0.1386
训练进度: 1500/6065 损失=0.0377
训练进度: 2000/6065 损失=0.0775
训练进度: 2500/6065 损失=0.0794
训练进度: 3000/6065 损失=0.1057
训练进度: 3500/6065 损失=0.0661
训练进度: 4000/6065 损失=0.0943
训练进度: 4500/6065 损失=0.0887
训练进度: 5000/6065 损失=0.0677
训练进度: 5500/6065 损失=0.0740
训练进度: 6000/6065 损失=0.0823
训练进度: 6065/6065 损失=0.0578
✅ 训练完成，耗时: 109.2秒 (1.8分钟)

============================================================
📊 验证决策: Epoch 15/200
   验证间隔: 1
   是否验证: ✅ 是
   原因: 达到验证间隔 (0 == 0)
============================================================

🔍 开始验证...
验证进度: 500/686 损失=0.0592
验证进度: 686/686 损失=0.3365

📊 预测分布分析:
  - 预测的前5个类别: {np.int64(0): 280705, np.int64(1): 37084, np.int64(2): 14748, np.int64(3): 10789, np.int64(4): 8734}
  - 标签的前5个类别: {np.int64(0): 281232, np.int64(1): 36731, np.int64(2): 14789, np.int64(3): 10866, np.int64(4): 8585}
✅ 验证完成，耗时: 4.7秒 (0.1分钟)
训练损失: 0.0745
验证损失: 0.2298
验证准确率: 0.9650 (10579/10964) - 与Levenshtein高度相关
验证F1(加权): 0.9648 - 类别平衡更好
学习率: 0.000099
显存使用: 0.47GB (预留: 0.67GB)

生成的训练样本:
--------------------------------------------------------------------------------
输入:       WCNJ MN TMN WXPRW BR> >XRT> WL>
目标:     0 1 0 0 16 0 0 0 0 0 0 0 0 1 0 0 3 0 0 60 4 0 0 0 0 126 9 0 0 1 0 0
预测:     0 1 0 0 16 0 0 0 0 0 0 0 0 1 0 0 3 0 0 60 4 0 0 0 0 126 9 0 0 1 0 0
准确率:    1.0000 (32/32)
----------------------------------------
输入:       M>MRH DMRJ> M>MR> HW DKJ> S>M> GBJ>
目标:     0 0 0 0 5 0 0 1 0 0 0 2 0 0 0 0 4 0 0 0 12 0 0 0 43 27 0 0 0 4 0 0 0 0 43 27
预测:     0 0 0 0 5 0 0 1 0 0 0 2 0 0 0 0 4 0 0 0 12 0 0 0 43 27 0 0 0 4 0 0 0 0 43 27
准确率:    1.0000 (36/36)
----------------------------------------
输入:       WHKN> <BD LJ MJK> W>GRNJ WHWJT LH
目标:     0 1 0 0 0 0 0 0 0 3 0 1 0 0 0 0 0 2 0 1 0 0 120 0 0 0 1 0 0 3 0 0 1 0
预测:     0 1 0 0 0 0 6 0 0 3 0 1 0 0 0 0 0 2 0 1 0 0 120 0 0 0 1 0 0 3 0 0 1 0
准确率:    0.9706 (33/34)
----------------------------------------

生成的验证样本:
--------------------------------------------------------------------------------
输入:       LTCBWXT> MNW HN> D>CKX LMV<> WL> V<>
目标:     0 1 0 0 8 0 13 9 0 0 0 71 0 0 0 0 0 0 35 0 0 0 3 0 1 6 0 10 7 0 1 0 0 0 0 10 3
预测:     0 1 0 0 8 0 13 9 0 0 0 71 0 0 0 0 0 0 1 17 0 0 3 0 1 6 0 10 7 0 1 0 0 0 0 10 7
准确率:    0.9189 (34/37)
----------------------------------------
输入:       MNW HN> D>CKX LMV<> WL> V<> WLMB>CW
目标:     0 0 71 0 0 0 0 0 0 35 0 0 0 3 0 1 6 0 10 7 0 1 0 0 0 0 10 3 0 1 1 28 0 0 7 0
预测:     0 0 71 0 0 0 0 0 0 1 17 0 0 3 0 1 6 0 10 7 0 1 0 0 0 0 10 3 0 1 1 28 0 0 7 0
准确率:    0.9444 (34/36)
----------------------------------------
⏳ 验证无提升 (验证准确率: 0.9650 ≤ 0.9661)，patience: 1/50

======================================================================
🚀 Epoch 16/200
======================================================================
📚 开始训练阶段...
训练进度: 500/6065 损失=0.0261
训练进度: 1000/6065 损失=0.0523
训练进度: 1500/6065 损失=0.0792
训练进度: 2000/6065 损失=0.0953
训练进度: 2500/6065 损失=0.0882
训练进度: 3000/6065 损失=0.0680
训练进度: 3500/6065 损失=0.0373
训练进度: 4000/6065 损失=0.0605
训练进度: 4500/6065 损失=0.0671
训练进度: 5000/6065 损失=0.0593
训练进度: 5500/6065 损失=0.0304
训练进度: 6000/6065 损失=0.0577
训练进度: 6065/6065 损失=0.0583
✅ 训练完成，耗时: 109.4秒 (1.8分钟)

============================================================
📊 验证决策: Epoch 16/200
   验证间隔: 1
   是否验证: ✅ 是
   原因: 达到验证间隔 (0 == 0)
============================================================

🔍 开始验证...
验证进度: 500/686 损失=0.0243
验证进度: 686/686 损失=0.5215

📊 预测分布分析:
  - 预测的前5个类别: {np.int64(0): 281250, np.int64(1): 37045, np.int64(2): 14958, np.int64(3): 10889, np.int64(4): 9011}
  - 标签的前5个类别: {np.int64(0): 281232, np.int64(1): 36731, np.int64(2): 14789, np.int64(3): 10866, np.int64(4): 8585}
✅ 验证完成，耗时: 4.7秒 (0.1分钟)
训练损失: 0.0712
验证损失: 0.2296
验证准确率: 0.9665 (10596/10964) - 与Levenshtein高度相关
验证F1(加权): 0.9660 - 类别平衡更好
学习率: 0.000098
显存使用: 0.48GB (预留: 0.67GB)

生成的训练样本:
--------------------------------------------------------------------------------
输入:       WJHBH L>MH W>MR LH >LJ> XZJ DXJ>
目标:     0 1 0 0 29 0 0 1 0 5 0 0 1 0 0 3 0 1 12 0 0 0 0 2 6 0 0 139 0 1 0 10 3
预测:     0 1 0 0 29 0 0 1 0 5 0 0 1 0 0 3 0 1 12 0 0 0 0 2 6 0 0 3 0 1 0 10 3
准确率:    0.9697 (32/33)
----------------------------------------
输入:       KST> LB<JRHWN WTQNW QWRBN> <D <>L JWSP
目标:     0 0 70 9 0 0 1 0 0 0 5 0 0 0 0 1 0 0 3 19 0 0 0 0 0 4 0 0 0 0 0 8 0 83 0 0 0 0 2
预测:     0 0 70 9 0 0 1 0 0 0 5 0 0 0 0 1 0 0 3 19 0 0 0 0 0 4 0 0 0 0 0 8 0 83 0 0 0 0 2
准确率:    1.0000 (39/39)
----------------------------------------
输入:       WKLH XJLH <L >WRCLM WCR> <LJH WBN>
目标:     0 1 0 5 0 0 0 0 5 0 0 0 0 0 0 0 0 0 0 2 0 1 0 10 3 0 0 8 1 12 0 1 0 10 3
预测:     0 1 0 5 0 0 0 0 5 0 0 0 0 0 0 0 0 0 0 2 0 1 0 10 3 0 0 8 1 12 0 1 0 10 3
准确率:    1.0000 (35/35)
----------------------------------------

生成的验证样本:
--------------------------------------------------------------------------------
输入:       LTCBWXT> MNW HN> D>CKX LMV<> WL> V<>
目标:     0 1 0 0 8 0 13 9 0 0 0 71 0 0 0 0 0 0 35 0 0 0 3 0 1 6 0 10 7 0 1 0 0 0 0 10 3
预测:     0 1 0 0 8 0 13 9 0 0 0 71 0 0 0 0 0 0 1 17 0 0 3 0 1 6 0 10 7 0 1 0 0 0 0 10 3
准确率:    0.9459 (35/37)
----------------------------------------
输入:       MNW HN> D>CKX LMV<> WL> V<> WLMB>CW
目标:     0 0 71 0 0 0 0 0 0 35 0 0 0 3 0 1 6 0 10 7 0 1 0 0 0 0 10 3 0 1 1 28 0 0 7 0
预测:     0 0 71 0 0 0 0 0 0 1 17 0 0 3 0 1 6 0 10 7 0 1 0 0 0 0 10 7 0 1 1 28 0 0 7 0
准确率:    0.9167 (33/36)
----------------------------------------
💾 保存新的最佳模型！验证准确率: 0.9665 (F1: 0.9660) (Epoch 16)

======================================================================
🚀 Epoch 17/200
======================================================================
📚 开始训练阶段...
训练进度: 500/6065 损失=0.0798
训练进度: 1000/6065 损失=0.0511
训练进度: 1500/6065 损失=0.0753
训练进度: 2000/6065 损失=0.0709
训练进度: 2500/6065 损失=0.0666
训练进度: 3000/6065 损失=0.0878
训练进度: 3500/6065 损失=0.0958
训练进度: 4000/6065 损失=0.0603
训练进度: 4500/6065 损失=0.0577
训练进度: 5000/6065 损失=0.0910
训练进度: 5500/6065 损失=0.0685
训练进度: 6000/6065 损失=0.0733
训练进度: 6065/6065 损失=0.0385
✅ 训练完成，耗时: 109.1秒 (1.8分钟)

============================================================
📊 验证决策: Epoch 17/200
   验证间隔: 1
   是否验证: ✅ 是
   原因: 达到验证间隔 (0 == 0)
============================================================

🔍 开始验证...
验证进度: 500/686 损失=0.0540
验证进度: 686/686 损失=0.5010

📊 预测分布分析:
  - 预测的前5个类别: {np.int64(0): 281453, np.int64(1): 37070, np.int64(2): 14726, np.int64(3): 10719, np.int64(4): 8717}
  - 标签的前5个类别: {np.int64(0): 281232, np.int64(1): 36731, np.int64(2): 14789, np.int64(3): 10866, np.int64(4): 8585}
✅ 验证完成，耗时: 4.7秒 (0.1分钟)
训练损失: 0.0691
验证损失: 0.2360
验证准确率: 0.9653 (10584/10964) - 与Levenshtein高度相关
验证F1(加权): 0.9651 - 类别平衡更好
学习率: 0.000098
显存使用: 0.48GB (预留: 0.67GB)

生成的训练样本:
--------------------------------------------------------------------------------
输入:       MRJ W>STRHBT W>XTT QWLTH <L >JDJH W>CQJTH
目标:     0 0 56 0 0 1 47 79 17 0 0 3 26 0 1 72 0 3 26 0 0 0 13 1 12 0 0 0 8 0 0 2 1 12 0 1 17 0 0 3 90 0
预测:     0 0 56 0 0 1 47 79 17 0 0 3 26 0 1 72 0 3 26 0 0 0 13 1 12 0 0 0 8 0 0 2 1 12 0 1 17 0 0 3 90 0
准确率:    1.0000 (42/42)
----------------------------------------
输入:       LH TKLT> W>RGWN> WYWB<> DZXWRJT> WBWY> WS<R>
目标:     0 1 0 0 0 0 13 9 0 0 1 0 0 0 0 4 0 0 1 0 0 0 4 0 0 1 0 0 0 0 2 9 0 0 1 0 0 4 0 0 1 0 0 15 0
预测:     0 1 0 0 0 0 13 9 0 0 1 0 0 0 0 4 0 0 1 0 0 0 4 0 0 1 0 0 0 0 2 9 0 0 1 0 0 4 0 0 1 0 0 15 0
准确率:    1.0000 (45/45)
----------------------------------------
输入:       SGJ>T> W<BD> W>MHT> W>TN> WGML> WXMR> WCM<
目标:     0 0 0 0 2 23 0 0 1 0 0 82 0 0 1 0 57 22 23 0 0 1 0 0 11 0 0 1 0 0 11 0 0 1 0 0 11 0 0 1 0 0 3
预测:     0 0 0 0 2 23 0 0 1 0 0 82 0 0 1 0 57 22 23 0 0 1 0 0 11 0 0 1 0 0 11 0 0 1 0 0 11 0 0 1 0 0 3
准确率:    1.0000 (43/43)
----------------------------------------

生成的验证样本:
--------------------------------------------------------------------------------
输入:       LTCBWXT> MNW HN> D>CKX LMV<> WL> V<>
目标:     0 1 0 0 8 0 13 9 0 0 0 71 0 0 0 0 0 0 35 0 0 0 3 0 1 6 0 10 7 0 1 0 0 0 0 10 3
预测:     0 1 0 0 8 0 13 9 0 0 0 71 0 0 0 0 0 0 1 28 0 0 3 0 1 6 0 10 7 0 1 0 0 0 0 10 3
准确率:    0.9459 (35/37)
----------------------------------------
输入:       MNW HN> D>CKX LMV<> WL> V<> WLMB>CW
目标:     0 0 71 0 0 0 0 0 0 35 0 0 0 3 0 1 6 0 10 7 0 1 0 0 0 0 10 3 0 1 1 28 0 0 7 0
预测:     0 0 71 0 0 0 0 0 0 1 17 0 0 3 0 1 6 0 10 7 0 1 0 0 0 0 10 3 0 1 1 28 0 0 7 0
准确率:    0.9444 (34/36)
----------------------------------------
⏳ 验证无提升 (验证准确率: 0.9653 ≤ 0.9665)，patience: 1/50

======================================================================
🚀 Epoch 18/200
======================================================================
📚 开始训练阶段...
训练进度: 500/6065 损失=0.0430
训练进度: 1000/6065 损失=0.0489
训练进度: 1500/6065 损失=0.0664
训练进度: 2000/6065 损失=0.1060
训练进度: 2500/6065 损失=0.0385
训练进度: 3000/6065 损失=0.0662
训练进度: 3500/6065 损失=0.0759
训练进度: 4000/6065 损失=0.0982
训练进度: 4500/6065 损失=0.0857
训练进度: 5000/6065 损失=0.1177
训练进度: 5500/6065 损失=0.0558
训练进度: 6000/6065 损失=0.0562
训练进度: 6065/6065 损失=0.0553
✅ 训练完成，耗时: 109.2秒 (1.8分钟)

============================================================
📊 验证决策: Epoch 18/200
   验证间隔: 1
   是否验证: ✅ 是
   原因: 达到验证间隔 (0 == 0)
============================================================

🔍 开始验证...
验证进度: 500/686 损失=0.0254
验证进度: 686/686 损失=0.4559

📊 预测分布分析:
  - 预测的前5个类别: {np.int64(0): 281712, np.int64(1): 37001, np.int64(2): 14816, np.int64(3): 10668, np.int64(4): 8596}
  - 标签的前5个类别: {np.int64(0): 281232, np.int64(1): 36731, np.int64(2): 14789, np.int64(3): 10866, np.int64(4): 8585}
✅ 验证完成，耗时: 4.7秒 (0.1分钟)
训练损失: 0.0669
验证损失: 0.2368
验证准确率: 0.9663 (10594/10964) - 与Levenshtein高度相关
验证F1(加权): 0.9659 - 类别平衡更好
学习率: 0.000098
显存使用: 0.48GB (预留: 0.67GB)

生成的训练样本:
--------------------------------------------------------------------------------
输入:       BYPR> WSLQ LVWR> DSJNJ >JKN> DPQDH MRJ>
目标:     0 1 0 0 4 0 0 1 0 0 3 0 1 0 0 4 0 0 1 0 0 0 2 0 0 0 107 0 0 0 1 0 0 51 0 0 0 0 0 2
预测:     0 1 0 0 4 0 0 1 0 0 3 0 1 0 0 4 0 0 1 0 0 0 2 0 0 0 107 0 0 0 1 0 0 51 0 0 0 0 0 2
准确率:    1.0000 (40/40)
----------------------------------------
输入:       XDRWHJ L<RB> WLVWR> WLCPL> WLTJMN> WLSPRJ JM>
目标:     0 0 0 25 1 0 0 0 1 0 0 0 2 0 1 1 0 0 4 0 0 1 1 0 0 55 0 0 1 1 0 0 0 4 0 0 1 1 0 0 62 0 0 0 4 0
预测:     0 0 0 25 1 0 0 0 1 0 0 0 2 0 1 1 0 0 4 0 0 1 1 0 0 55 0 0 1 1 0 0 0 4 0 0 1 1 0 0 62 0 0 0 4 0
准确率:    1.0000 (46/46)
----------------------------------------
输入:       <JNJHWN H> CRJ> SRWBWT> D>SLJNN WPXZWT> DMNN
目标:     0 0 0 2 1 0 0 0 0 0 0 0 0 0 7 0 0 0 0 0 0 2 9 0 0 1 17 0 0 3 8 0 0 1 0 0 0 2 9 0 0 1 0 1 0
预测:     0 0 0 2 1 0 0 0 0 0 0 0 0 0 7 0 0 0 0 0 0 2 9 0 0 1 17 0 0 3 8 0 0 1 0 0 0 2 9 0 0 1 0 1 0
准确率:    1.0000 (45/45)
----------------------------------------

生成的验证样本:
--------------------------------------------------------------------------------
输入:       LTCBWXT> MNW HN> D>CKX LMV<> WL> V<>
目标:     0 1 0 0 8 0 13 9 0 0 0 71 0 0 0 0 0 0 35 0 0 0 3 0 1 6 0 10 7 0 1 0 0 0 0 10 3
预测:     0 1 0 0 8 0 13 9 0 0 0 71 0 0 0 0 0 0 1 17 0 0 3 0 1 6 0 10 7 0 1 0 0 0 0 10 7
准确率:    0.9189 (34/37)
----------------------------------------
输入:       MNW HN> D>CKX LMV<> WL> V<> WLMB>CW
目标:     0 0 71 0 0 0 0 0 0 35 0 0 0 3 0 1 6 0 10 7 0 1 0 0 0 0 10 3 0 1 1 28 0 0 7 0
预测:     0 0 71 0 0 0 0 0 0 1 17 0 0 3 0 1 6 0 10 7 0 1 0 0 0 0 10 3 0 1 1 28 0 0 7 0
准确率:    0.9444 (34/36)
----------------------------------------
⏳ 验证无提升 (验证准确率: 0.9663 ≤ 0.9665)，patience: 2/50

======================================================================
🚀 Epoch 19/200
======================================================================
📚 开始训练阶段...
训练进度: 500/6065 损失=0.0454
训练进度: 1000/6065 损失=0.0814
训练进度: 1500/6065 损失=0.0473
训练进度: 2000/6065 损失=0.0501
训练进度: 2500/6065 损失=0.0476
训练进度: 3000/6065 损失=0.0475
训练进度: 3500/6065 损失=0.0387
训练进度: 4000/6065 损失=0.0408
训练进度: 4500/6065 损失=0.0826
训练进度: 5000/6065 损失=0.0610
训练进度: 5500/6065 损失=0.0527
训练进度: 6000/6065 损失=0.0534
训练进度: 6065/6065 损失=0.1404
✅ 训练完成，耗时: 109.8秒 (1.8分钟)

============================================================
📊 验证决策: Epoch 19/200
   验证间隔: 1
   是否验证: ✅ 是
   原因: 达到验证间隔 (0 == 0)
============================================================

🔍 开始验证...
验证进度: 500/686 损失=0.0314
验证进度: 686/686 损失=0.4133

📊 预测分布分析:
  - 预测的前5个类别: {np.int64(0): 281275, np.int64(1): 37052, np.int64(2): 14821, np.int64(3): 10709, np.int64(4): 8815}
  - 标签的前5个类别: {np.int64(0): 281232, np.int64(1): 36731, np.int64(2): 14789, np.int64(3): 10866, np.int64(4): 8585}
✅ 验证完成，耗时: 4.7秒 (0.1分钟)
训练损失: 0.0647
验证损失: 0.2410
验证准确率: 0.9668 (10599/10964) - 与Levenshtein高度相关
验证F1(加权): 0.9664 - 类别平衡更好
学习率: 0.000098
显存使用: 0.48GB (预留: 0.67GB)

生成的训练样本:
--------------------------------------------------------------------------------
输入:       <LWHJ B<LH D>NTT> WNTL >JK DPSQJN DJN>
目标:     0 0 8 1 0 0 0 0 0 5 12 0 1 0 0 13 9 0 0 1 34 0 3 0 0 0 0 0 1 0 0 7 0 0 0 0 0 82 0
预测:     0 0 8 1 0 0 0 0 0 5 12 0 1 0 0 13 9 0 0 1 34 0 3 0 0 0 0 0 1 0 0 7 0 0 0 0 0 15 0
准确率:    0.9744 (38/39)
----------------------------------------
输入:       DQNW V<M> WR<JN> >WDJW LH >P LJV>
目标:     0 1 0 18 0 0 0 0 4 0 0 1 0 0 0 4 0 0 50 0 0 3 0 0 1 0 0 0 0 0 20 0 65 27
预测:     0 1 0 18 0 0 0 0 4 0 0 1 0 0 0 4 0 0 50 0 0 3 0 0 1 0 0 0 0 0 20 0 65 27
准确率:    1.0000 (34/34)
----------------------------------------
输入:       NWKRJT> WCMH D>XRN> >LJ<ZR MVL D>LH> D>BHJ
目标:     0 0 0 0 0 2 9 0 0 1 0 5 0 0 1 0 0 38 4 0 0 0 0 0 0 0 2 0 0 0 0 0 1 0 0 4 0 0 1 0 8 2 46
预测:     0 0 0 0 0 2 9 0 0 1 0 5 0 0 1 0 0 38 4 0 0 0 0 0 0 0 2 0 0 0 0 0 1 0 0 4 0 0 1 0 8 2 46
准确率:    1.0000 (43/43)
----------------------------------------

生成的验证样本:
--------------------------------------------------------------------------------
输入:       LTCBWXT> MNW HN> D>CKX LMV<> WL> V<>
目标:     0 1 0 0 8 0 13 9 0 0 0 71 0 0 0 0 0 0 35 0 0 0 3 0 1 6 0 10 7 0 1 0 0 0 0 10 3
预测:     0 1 0 0 8 0 13 9 0 0 0 71 0 0 0 0 0 0 1 28 0 0 3 0 1 6 0 10 7 0 1 0 0 0 0 10 7
准确率:    0.9189 (34/37)
----------------------------------------
输入:       MNW HN> D>CKX LMV<> WL> V<> WLMB>CW
目标:     0 0 71 0 0 0 0 0 0 35 0 0 0 3 0 1 6 0 10 7 0 1 0 0 0 0 10 3 0 1 1 28 0 0 7 0
预测:     0 0 71 0 0 0 0 0 0 1 17 0 0 3 0 1 6 0 10 7 0 1 0 0 0 0 10 3 0 1 1 28 0 0 7 0
准确率:    0.9444 (34/36)
----------------------------------------
💾 保存新的最佳模型！验证准确率: 0.9668 (F1: 0.9664) (Epoch 19)

======================================================================
🚀 Epoch 20/200
======================================================================
📚 开始训练阶段...
训练进度: 500/6065 损失=0.0834
训练进度: 1000/6065 损失=0.0393
训练进度: 1500/6065 损失=0.0427
训练进度: 2000/6065 损失=0.0551
训练进度: 2500/6065 损失=0.0379
训练进度: 3000/6065 损失=0.0334
训练进度: 3500/6065 损失=0.0607
训练进度: 4000/6065 损失=0.0505
训练进度: 4500/6065 损失=0.0215
训练进度: 5000/6065 损失=0.0748
训练进度: 5500/6065 损失=0.0937
训练进度: 6000/6065 损失=0.0535
训练进度: 6065/6065 损失=0.0615
✅ 训练完成，耗时: 109.5秒 (1.8分钟)

============================================================
📊 验证决策: Epoch 20/200
   验证间隔: 1
   是否验证: ✅ 是
   原因: 达到验证间隔 (0 == 0)
============================================================

🔍 开始验证...
验证进度: 500/686 损失=0.0591
验证进度: 686/686 损失=0.4498

📊 预测分布分析:
  - 预测的前5个类别: {np.int64(0): 281571, np.int64(1): 37049, np.int64(2): 14847, np.int64(3): 10671, np.int64(4): 8664}
  - 标签的前5个类别: {np.int64(0): 281232, np.int64(1): 36731, np.int64(2): 14789, np.int64(3): 10866, np.int64(4): 8585}
✅ 验证完成，耗时: 4.7秒 (0.1分钟)
训练损失: 0.0627
验证损失: 0.2448
验证准确率: 0.9666 (10597/10964) - 与Levenshtein高度相关
验证F1(加权): 0.9662 - 类别平衡更好
学习率: 0.000098
显存使用: 0.48GB (预留: 0.67GB)

生成的训练样本:
--------------------------------------------------------------------------------
输入:       BR <BKWR W>MLK BTRH HDD WCM> DQRJTH
目标:     0 0 2 0 0 0 0 0 2 0 1 17 0 0 33 0 0 0 1 0 0 0 0 2 0 1 0 4 0 0 1 0 0 22 1 0
预测:     0 0 2 0 0 0 0 0 2 0 1 17 0 0 33 0 0 0 1 0 0 0 0 2 0 1 0 4 0 0 1 0 0 22 1 0
准确率:    1.0000 (36/36)
----------------------------------------
输入:       DCP<> DJMM> N>NQWN W>LP> DVMJRN BXL> WLGD
目标:     0 1 0 0 15 0 0 1 0 8 11 0 0 73 0 0 3 0 0 0 1 0 0 11 0 0 1 0 8 0 7 27 0 1 0 4 0 0 1 1 0 2
预测:     0 1 0 0 15 0 0 1 0 8 11 0 0 73 0 0 3 0 0 0 1 0 0 11 0 0 1 0 8 0 7 27 0 1 0 4 0 0 1 1 0 2
准确率:    1.0000 (42/42)
----------------------------------------
输入:       WLMXRB >R<TN WLD>SGJ QVJLJN WKD CPR LBHWN
目标:     0 1 1 28 0 0 7 0 0 0 2 32 0 0 1 1 1 17 0 0 3 0 0 8 0 7 0 27 0 1 0 0 0 0 0 3 0 0 5 0 0 0
预测:     0 1 1 28 0 0 7 0 0 0 2 32 0 0 1 1 1 17 0 0 3 0 0 8 0 7 0 27 0 1 0 0 0 0 0 3 0 0 5 0 0 0
准确率:    1.0000 (42/42)
----------------------------------------

生成的验证样本:
--------------------------------------------------------------------------------
输入:       LTCBWXT> MNW HN> D>CKX LMV<> WL> V<>
目标:     0 1 0 0 8 0 13 9 0 0 0 71 0 0 0 0 0 0 35 0 0 0 3 0 1 6 0 10 7 0 1 0 0 0 0 10 3
预测:     0 1 0 0 8 0 13 9 0 0 0 71 0 0 0 0 0 0 1 17 0 0 3 0 1 6 0 10 7 0 1 0 0 0 0 10 3
准确率:    0.9459 (35/37)
----------------------------------------
输入:       MNW HN> D>CKX LMV<> WL> V<> WLMB>CW
目标:     0 0 71 0 0 0 0 0 0 35 0 0 0 3 0 1 6 0 10 7 0 1 0 0 0 0 10 3 0 1 1 28 0 0 7 0
预测:     0 0 81 0 0 0 0 0 0 1 17 0 0 3 0 1 6 0 10 7 0 1 0 0 0 0 10 3 0 1 1 28 0 0 7 0
准确率:    0.9167 (33/36)
----------------------------------------
⏳ 验证无提升 (验证准确率: 0.9666 ≤ 0.9668)，patience: 1/50

======================================================================
🚀 Epoch 21/200
======================================================================
📚 开始训练阶段...
训练进度: 500/6065 损失=0.0438
训练进度: 1000/6065 损失=0.0636
训练进度: 1500/6065 损失=0.1023
训练进度: 2000/6065 损失=0.0823
训练进度: 2500/6065 损失=0.1125
训练进度: 3000/6065 损失=0.0528
训练进度: 3500/6065 损失=0.0607
训练进度: 4000/6065 损失=0.0290
训练进度: 4500/6065 损失=0.0241
训练进度: 5000/6065 损失=0.0366
训练进度: 5500/6065 损失=0.0823
训练进度: 6000/6065 损失=0.0695
训练进度: 6065/6065 损失=0.0586
✅ 训练完成，耗时: 108.9秒 (1.8分钟)

============================================================
📊 验证决策: Epoch 21/200
   验证间隔: 1
   是否验证: ✅ 是
   原因: 达到验证间隔 (0 == 0)
============================================================

🔍 开始验证...
验证进度: 500/686 损失=0.0844
验证进度: 686/686 损失=0.6440

📊 预测分布分析:
  - 预测的前5个类别: {np.int64(0): 281821, np.int64(1): 36973, np.int64(2): 14736, np.int64(3): 10848, np.int64(4): 9259}
  - 标签的前5个类别: {np.int64(0): 281232, np.int64(1): 36731, np.int64(2): 14789, np.int64(3): 10866, np.int64(4): 8585}
✅ 验证完成，耗时: 4.7秒 (0.1分钟)
训练损失: 0.0606
验证损失: 0.2524
验证准确率: 0.9670 (10602/10964) - 与Levenshtein高度相关
验证F1(加权): 0.9664 - 类别平衡更好
学习率: 0.000097
显存使用: 0.47GB (预留: 0.67GB)

生成的训练样本:
--------------------------------------------------------------------------------
输入:       DBNWHJ <MH WNTQDC HW WLBWCWHJ WBNWHJ WLBWC>
目标:     0 1 0 25 1 0 0 0 0 1 0 0 1 21 14 0 0 16 0 0 0 0 1 0 0 0 25 1 0 0 0 1 0 25 1 0 0 0 1 0 0 0 11 0
预测:     0 1 0 25 1 0 0 0 0 1 0 0 1 21 14 0 0 16 0 0 0 0 1 0 0 0 25 1 0 0 0 1 0 25 1 0 0 0 1 0 0 0 11 0
准确率:    1.0000 (44/44)
----------------------------------------
输入:       L> HW> >JK >XB D>TXCB LM<BD DBJC
目标:     0 0 0 0 0 10 3 0 0 0 0 0 0 0 2 0 1 0 14 0 0 16 0 1 6 0 0 7 0 1 0 0 2
预测:     0 0 0 0 0 10 3 0 0 0 0 0 0 0 2 0 1 0 14 0 0 16 0 1 6 0 0 7 0 1 0 0 2
准确率:    1.0000 (33/33)
----------------------------------------
输入:       BCMRJN <M MLK> D>JSRJL W>MLK JWRB<M BRH
目标:     0 1 0 0 0 0 2 0 0 0 0 0 0 11 0 0 1 0 0 0 0 0 2 0 1 17 0 0 33 0 0 0 0 0 0 2 0 0 5 0
预测:     0 1 0 0 0 0 2 0 0 0 0 0 0 4 0 0 1 0 0 0 0 0 2 0 1 17 0 0 33 0 0 0 0 0 0 2 0 0 5 0
准确率:    0.9750 (39/40)
----------------------------------------

生成的验证样本:
--------------------------------------------------------------------------------
输入:       LTCBWXT> MNW HN> D>CKX LMV<> WL> V<>
目标:     0 1 0 0 8 0 13 9 0 0 0 71 0 0 0 0 0 0 35 0 0 0 3 0 1 6 0 10 7 0 1 0 0 0 0 10 3
预测:     0 1 0 0 8 0 13 9 0 0 0 71 0 0 0 0 0 0 1 17 0 0 3 0 1 6 0 10 7 0 1 0 0 0 0 10 7
准确率:    0.9189 (34/37)
----------------------------------------
输入:       MNW HN> D>CKX LMV<> WL> V<> WLMB>CW
目标:     0 0 71 0 0 0 0 0 0 35 0 0 0 3 0 1 6 0 10 7 0 1 0 0 0 0 10 3 0 1 1 28 0 0 7 0
预测:     0 0 71 0 0 0 0 0 0 1 17 0 0 3 0 1 6 0 10 7 0 1 0 0 0 0 10 7 0 1 1 28 0 0 7 0
准确率:    0.9167 (33/36)
----------------------------------------
💾 保存新的最佳模型！验证准确率: 0.9670 (F1: 0.9664) (Epoch 21)

======================================================================
🚀 Epoch 22/200
======================================================================
📚 开始训练阶段...
训练进度: 500/6065 损失=0.0453
训练进度: 1000/6065 损失=0.0526
训练进度: 1500/6065 损失=0.0489
训练进度: 2000/6065 损失=0.0533
训练进度: 2500/6065 损失=0.0457
训练进度: 3000/6065 损失=0.0729
训练进度: 3500/6065 损失=0.0385
训练进度: 4000/6065 损失=0.0252
训练进度: 4500/6065 损失=0.0659
训练进度: 5000/6065 损失=0.0533
训练进度: 5500/6065 损失=0.0456
训练进度: 6000/6065 损失=0.0536
训练进度: 6065/6065 损失=0.0275
✅ 训练完成，耗时: 109.1秒 (1.8分钟)

============================================================
📊 验证决策: Epoch 22/200
   验证间隔: 1
   是否验证: ✅ 是
   原因: 达到验证间隔 (0 == 0)
============================================================

🔍 开始验证...
验证进度: 500/686 损失=0.0592
验证进度: 686/686 损失=0.6005

📊 预测分布分析:
  - 预测的前5个类别: {np.int64(0): 281456, np.int64(1): 37097, np.int64(2): 14751, np.int64(3): 11110, np.int64(4): 8742}
  - 标签的前5个类别: {np.int64(0): 281232, np.int64(1): 36731, np.int64(2): 14789, np.int64(3): 10866, np.int64(4): 8585}
✅ 验证完成，耗时: 4.7秒 (0.1分钟)
训练损失: 0.0590
验证损失: 0.2542
验证准确率: 0.9666 (10597/10964) - 与Levenshtein高度相关
验证F1(加权): 0.9661 - 类别平衡更好
学习率: 0.000097
显存使用: 0.48GB (预留: 0.67GB)

生成的训练样本:
--------------------------------------------------------------------------------
输入:       L> HW> LXM> WKPNT KLH >R<> DMYRJN
目标:     0 0 0 0 0 10 3 0 0 0 4 0 0 1 0 0 33 26 0 0 5 12 0 0 0 4 0 0 1 0 0 0 0 2
预测:     0 0 0 0 0 10 3 0 0 0 4 0 0 1 0 0 33 26 0 0 5 12 0 0 0 4 0 0 1 0 0 0 0 2
准确率:    1.0000 (34/34)
----------------------------------------
输入:       JW>C LKWL DQMW <LWHJ >NTWN DJNJN >NTWN
目标:     0 0 0 0 2 0 1 8 0 2 0 1 31 3 0 0 0 8 1 0 0 0 0 0 0 0 0 0 20 0 7 0 0 0 0 0 0 0 0
预测:     0 0 0 0 2 0 1 8 0 2 0 1 31 3 0 0 0 8 1 0 0 0 0 0 0 0 0 0 20 0 7 0 0 0 0 0 0 0 0
准确率:    1.0000 (39/39)
----------------------------------------
输入:       <LLT> RKB D>JKN NCM< KRK> PWRQNH SNJ>
目标:     0 0 0 13 23 0 0 0 0 16 0 1 0 0 0 0 0 6 0 0 3 0 0 0 15 0 0 0 0 0 0 5 0 0 0 0 7 0
预测:     0 0 0 13 23 0 0 0 0 16 0 1 0 0 0 0 0 6 0 0 3 0 0 0 15 0 0 0 0 0 0 5 0 0 0 0 7 27
准确率:    0.9737 (37/38)
----------------------------------------

生成的验证样本:
--------------------------------------------------------------------------------
输入:       LTCBWXT> MNW HN> D>CKX LMV<> WL> V<>
目标:     0 1 0 0 8 0 13 9 0 0 0 71 0 0 0 0 0 0 35 0 0 0 3 0 1 6 0 10 7 0 1 0 0 0 0 10 3
预测:     0 1 0 0 8 0 13 9 0 0 0 71 0 0 0 0 0 0 1 17 0 0 3 0 1 6 0 10 7 0 1 0 0 0 0 10 7
准确率:    0.9189 (34/37)
----------------------------------------
输入:       MNW HN> D>CKX LMV<> WL> V<> WLMB>CW
目标:     0 0 71 0 0 0 0 0 0 35 0 0 0 3 0 1 6 0 10 7 0 1 0 0 0 0 10 3 0 1 1 28 0 0 7 0
预测:     0 0 71 0 0 0 0 0 0 1 17 0 0 3 0 1 6 0 10 7 0 1 0 0 0 0 10 3 0 1 1 28 0 0 7 0
准确率:    0.9444 (34/36)
----------------------------------------
⏳ 验证无提升 (验证准确率: 0.9666 ≤ 0.9670)，patience: 1/50

======================================================================
🚀 Epoch 23/200
======================================================================
📚 开始训练阶段...
训练进度: 500/6065 损失=0.0477
训练进度: 1000/6065 损失=0.0538
训练进度: 1500/6065 损失=0.0247
训练进度: 2000/6065 损失=0.0661
训练进度: 2500/6065 损失=0.0370
训练进度: 3000/6065 损失=0.0574
训练进度: 3500/6065 损失=0.0862
训练进度: 4000/6065 损失=0.0264
训练进度: 4500/6065 损失=0.0630
训练进度: 5000/6065 损失=0.0936
训练进度: 5500/6065 损失=0.1013
训练进度: 6000/6065 损失=0.0498
训练进度: 6065/6065 损失=0.0642
✅ 训练完成，耗时: 109.0秒 (1.8分钟)

============================================================
📊 验证决策: Epoch 23/200
   验证间隔: 1
   是否验证: ✅ 是
   原因: 达到验证间隔 (0 == 0)
============================================================

🔍 开始验证...
验证进度: 500/686 损失=0.0674
验证进度: 686/686 损失=0.4455

📊 预测分布分析:
  - 预测的前5个类别: {np.int64(0): 281605, np.int64(1): 37138, np.int64(2): 14713, np.int64(3): 10716, np.int64(4): 8799}
  - 标签的前5个类别: {np.int64(0): 281232, np.int64(1): 36731, np.int64(2): 14789, np.int64(3): 10866, np.int64(4): 8585}
✅ 验证完成，耗时: 4.7秒 (0.1分钟)
训练损失: 0.0573
验证损失: 0.2520
验证准确率: 0.9666 (10598/10964) - 与Levenshtein高度相关
验证F1(加权): 0.9663 - 类别平衡更好
学习率: 0.000097
显存使用: 0.48GB (预留: 0.67GB)

生成的训练样本:
--------------------------------------------------------------------------------
输入:       D<BD PTGMWHJ D<LJ> W<L BQJM> <MH BBSRH
目标:     0 1 0 0 3 0 0 0 0 25 1 0 0 0 1 0 0 15 0 0 1 0 53 0 1 0 0 4 0 0 0 1 0 0 1 0 0 5 0
预测:     0 1 0 0 3 0 0 0 0 25 1 0 0 0 1 0 0 15 0 0 1 0 53 0 1 0 0 4 0 0 0 1 0 0 1 0 0 5 0
准确率:    1.0000 (39/39)
----------------------------------------
输入:       CLJMWN LBNJ> BR JWJD< W>MR LH ZL
目标:     0 0 0 0 0 0 2 0 1 0 0 0 2 0 0 2 0 0 0 0 0 2 0 1 0 0 3 0 1 0 21 0 3
预测:     0 0 0 0 0 0 2 0 1 0 0 0 2 0 0 2 0 0 0 0 0 2 0 1 0 0 3 0 1 0 21 0 3
准确率:    1.0000 (33/33)
----------------------------------------
输入:       LWV WQM L>WR<HWN WSGD <L >PWHJ <L
目标:     0 0 0 22 0 1 31 3 0 1 0 0 0 5 0 0 0 0 1 0 0 3 0 0 0 0 54 25 1 0 0 0 0 0
预测:     0 0 0 22 0 1 31 3 0 1 0 0 0 5 0 0 0 0 1 0 0 3 0 0 0 0 54 25 1 0 0 0 0 0
准确率:    1.0000 (34/34)
----------------------------------------

生成的验证样本:
--------------------------------------------------------------------------------
输入:       LTCBWXT> MNW HN> D>CKX LMV<> WL> V<>
目标:     0 1 0 0 8 0 13 9 0 0 0 71 0 0 0 0 0 0 35 0 0 0 3 0 1 6 0 10 7 0 1 0 0 0 0 10 3
预测:     0 1 0 0 8 0 13 9 0 0 0 71 0 0 0 0 0 0 1 17 0 0 3 0 1 6 0 10 7 0 1 0 0 0 0 10 7
准确率:    0.9189 (34/37)
----------------------------------------
输入:       MNW HN> D>CKX LMV<> WL> V<> WLMB>CW
目标:     0 0 71 0 0 0 0 0 0 35 0 0 0 3 0 1 6 0 10 7 0 1 0 0 0 0 10 3 0 1 1 28 0 0 7 0
预测:     0 0 71 0 0 0 0 0 0 1 17 0 0 3 0 1 6 0 10 7 0 1 0 0 0 0 10 3 0 1 1 28 0 0 7 0
准确率:    0.9444 (34/36)
----------------------------------------
⏳ 验证无提升 (验证准确率: 0.9666 ≤ 0.9670)，patience: 2/50

======================================================================
🚀 Epoch 24/200
======================================================================
📚 开始训练阶段...
训练进度: 500/6065 损失=0.0516
训练进度: 1000/6065 损失=0.0400
训练进度: 1500/6065 损失=0.0282
训练进度: 2000/6065 损失=0.0604
训练进度: 2500/6065 损失=0.0401
训练进度: 3000/6065 损失=0.0907
训练进度: 3500/6065 损失=0.0530
训练进度: 4000/6065 损失=0.0692
训练进度: 4500/6065 损失=0.0648
训练进度: 5000/6065 损失=0.0451
训练进度: 5500/6065 损失=0.0877
训练进度: 6000/6065 损失=0.0454
训练进度: 6065/6065 损失=0.0359
✅ 训练完成，耗时: 109.4秒 (1.8分钟)

============================================================
📊 验证决策: Epoch 24/200
   验证间隔: 1
   是否验证: ✅ 是
   原因: 达到验证间隔 (0 == 0)
============================================================

🔍 开始验证...
验证进度: 500/686 损失=0.0739
验证进度: 686/686 损失=0.4846

📊 预测分布分析:
  - 预测的前5个类别: {np.int64(0): 282040, np.int64(1): 36973, np.int64(2): 14792, np.int64(3): 10894, np.int64(4): 8859}
  - 标签的前5个类别: {np.int64(0): 281232, np.int64(1): 36731, np.int64(2): 14789, np.int64(3): 10866, np.int64(4): 8585}
✅ 验证完成，耗时: 4.7秒 (0.1分钟)
训练损失: 0.0555
验证损失: 0.2612
验证准确率: 0.9670 (10601/10964) - 与Levenshtein高度相关
验证F1(加权): 0.9663 - 类别平衡更好
学习率: 0.000097
显存使用: 0.48GB (预留: 0.67GB)

生成的训练样本:
--------------------------------------------------------------------------------
输入:       PTGM> BWRKT> WLWVT> DJHBT QDMJK WTTXCB BLBK
目标:     0 0 0 0 11 0 0 0 0 0 13 23 0 0 1 0 0 13 23 0 0 1 0 0 3 0 0 0 0 2 1 0 0 1 21 14 0 0 16 0 1 0 5 0
预测:     0 0 0 0 11 0 0 0 0 0 13 9 0 0 1 0 0 13 9 0 0 1 0 0 3 0 0 0 0 2 1 0 0 1 21 14 0 0 16 0 1 0 5 0
准确率:    0.9545 (42/44)
----------------------------------------
输入:       WCRKHWN T>KWL XJWT> DDBR> WHKN> T<BD LKRMJK
目标:     0 1 0 0 5 0 0 0 0 44 0 8 0 3 0 0 0 13 9 0 0 1 0 0 15 0 0 1 0 0 0 0 0 6 0 0 3 0 1 0 0 22 1 0
预测:     0 1 0 0 5 0 0 0 0 44 0 8 0 3 0 0 0 13 9 0 0 1 0 0 15 0 0 1 0 0 0 0 0 6 0 0 3 0 1 0 0 22 1 0
准确率:    1.0000 (44/44)
----------------------------------------
输入:       LMRJ> D>SQKWN MN >R<> DMYRJN BXJL> RB>
目标:     0 1 0 0 0 2 0 1 17 64 29 0 0 0 0 0 0 0 0 0 4 0 0 1 0 0 0 0 2 0 1 0 0 4 0 0 0 4 0
预测:     0 1 0 0 0 2 0 1 17 64 29 0 0 0 0 0 0 0 0 0 4 0 0 1 0 0 0 0 2 0 1 0 0 4 0 0 0 4 0
准确率:    1.0000 (39/39)
----------------------------------------

生成的验证样本:
--------------------------------------------------------------------------------
输入:       LTCBWXT> MNW HN> D>CKX LMV<> WL> V<>
目标:     0 1 0 0 8 0 13 9 0 0 0 71 0 0 0 0 0 0 35 0 0 0 3 0 1 6 0 10 7 0 1 0 0 0 0 10 3
预测:     0 1 0 0 8 0 13 9 0 0 0 71 0 0 0 0 0 0 1 17 0 0 3 0 1 6 0 10 7 0 1 0 0 0 0 10 3
准确率:    0.9459 (35/37)
----------------------------------------
输入:       MNW HN> D>CKX LMV<> WL> V<> WLMB>CW
目标:     0 0 71 0 0 0 0 0 0 35 0 0 0 3 0 1 6 0 10 7 0 1 0 0 0 0 10 3 0 1 1 28 0 0 7 0
预测:     0 0 71 0 0 0 0 0 0 1 17 0 0 3 0 1 6 0 10 7 0 1 0 0 0 0 10 3 0 1 1 28 0 0 7 0
准确率:    0.9444 (34/36)
----------------------------------------
⏳ 验证无提升 (验证准确率: 0.9670 ≤ 0.9670)，patience: 3/50

======================================================================
🚀 Epoch 25/200
======================================================================
📚 开始训练阶段...
训练进度: 500/6065 损失=0.0601
训练进度: 1000/6065 损失=0.0490
训练进度: 1500/6065 损失=0.0960
训练进度: 2000/6065 损失=0.0315
训练进度: 2500/6065 损失=0.0673
训练进度: 3000/6065 损失=0.0495
训练进度: 3500/6065 损失=0.0311
训练进度: 4000/6065 损失=0.0494
训练进度: 4500/6065 损失=0.0558
训练进度: 5000/6065 损失=0.0646
训练进度: 5500/6065 损失=0.0495
训练进度: 6000/6065 损失=0.0263
训练进度: 6065/6065 损失=0.0796
✅ 训练完成，耗时: 109.0秒 (1.8分钟)

============================================================
📊 验证决策: Epoch 25/200
   验证间隔: 1
   是否验证: ✅ 是
   原因: 达到验证间隔 (0 == 0)
============================================================

🔍 开始验证...
验证进度: 500/686 损失=0.0857
验证进度: 686/686 损失=0.4964

📊 预测分布分析:
  - 预测的前5个类别: {np.int64(0): 281736, np.int64(1): 37085, np.int64(2): 14834, np.int64(3): 10765, np.int64(4): 8704}
  - 标签的前5个类别: {np.int64(0): 281232, np.int64(1): 36731, np.int64(2): 14789, np.int64(3): 10866, np.int64(4): 8585}
✅ 验证完成，耗时: 4.7秒 (0.1分钟)
训练损失: 0.0541
验证损失: 0.2663
验证准确率: 0.9662 (10592/10964) - 与Levenshtein高度相关
验证F1(加权): 0.9658 - 类别平衡更好
学习率: 0.000096
显存使用: 0.48GB (预留: 0.67GB)

生成的训练样本:
--------------------------------------------------------------------------------
输入:       SMKJN TXJT DP> XD WTRJN SMKJN TXJT
目标:     0 0 0 22 0 0 0 0 8 0 0 0 0 4 0 0 0 2 0 1 0 2 0 12 0 0 0 22 0 0 0 0 8 0 0
预测:     0 0 0 22 0 0 0 0 8 0 0 0 0 4 0 0 0 2 0 1 0 2 0 12 0 0 0 22 0 0 0 0 8 0 0
准确率:    1.0000 (35/35)
----------------------------------------
输入:       MK> WM> DCDRTKWN KLKWN PWQW LKWN MK>
目标:     0 0 0 0 0 1 0 0 0 1 0 0 3 67 0 0 0 0 0 5 0 0 0 34 8 0 3 0 0 1 0 0 0 0 0 0 0
预测:     0 0 0 0 0 1 0 0 0 1 0 0 3 67 0 0 0 0 0 5 0 0 0 34 8 0 3 0 0 1 0 0 0 0 0 0 0
准确率:    1.0000 (37/37)
----------------------------------------
输入:       WQNJNHWN DQNW B>R<> DKN<N W>TW LMYRJN J<QWB
目标:     0 1 0 0 0 5 0 0 0 0 1 0 18 0 0 1 0 0 4 0 0 1 0 0 0 2 0 1 0 18 0 0 1 0 0 0 0 2 0 0 0 0 0 2
预测:     0 1 0 0 0 5 0 0 0 0 1 0 18 0 0 1 0 0 4 0 0 1 0 0 0 2 0 1 0 18 0 0 1 0 0 0 0 2 0 0 0 0 0 2
准确率:    1.0000 (44/44)
----------------------------------------

生成的验证样本:
--------------------------------------------------------------------------------
输入:       LTCBWXT> MNW HN> D>CKX LMV<> WL> V<>
目标:     0 1 0 0 8 0 13 9 0 0 0 71 0 0 0 0 0 0 35 0 0 0 3 0 1 6 0 10 7 0 1 0 0 0 0 10 3
预测:     0 1 0 0 8 0 13 9 0 0 0 71 0 0 0 0 0 0 1 17 0 0 3 0 1 6 0 10 7 0 1 0 0 0 0 10 7
准确率:    0.9189 (34/37)
----------------------------------------
输入:       MNW HN> D>CKX LMV<> WL> V<> WLMB>CW
目标:     0 0 71 0 0 0 0 0 0 35 0 0 0 3 0 1 6 0 10 7 0 1 0 0 0 0 10 3 0 1 1 28 0 0 7 0
预测:     0 0 71 0 0 0 0 0 0 1 17 0 0 3 0 1 6 0 10 7 0 1 0 0 0 0 10 7 0 1 1 28 0 0 7 0
准确率:    0.9167 (33/36)
----------------------------------------
⏳ 验证无提升 (验证准确率: 0.9662 ≤ 0.9670)，patience: 4/50

======================================================================
🚀 Epoch 26/200
======================================================================
📚 开始训练阶段...
训练进度: 500/6065 损失=0.0333
训练进度: 1000/6065 损失=0.0703
训练进度: 1500/6065 损失=0.0427
训练进度: 2000/6065 损失=0.0129
训练进度: 2500/6065 损失=0.0314
训练进度: 3000/6065 损失=0.0882
训练进度: 3500/6065 损失=0.0847
训练进度: 4000/6065 损失=0.0361
训练进度: 4500/6065 损失=0.0765
训练进度: 5000/6065 损失=0.0312
训练进度: 5500/6065 损失=0.0826
训练进度: 6000/6065 损失=0.0425
训练进度: 6065/6065 损失=0.0597
✅ 训练完成，耗时: 109.6秒 (1.8分钟)

============================================================
📊 验证决策: Epoch 26/200
   验证间隔: 1
   是否验证: ✅ 是
   原因: 达到验证间隔 (0 == 0)
============================================================

🔍 开始验证...
验证进度: 500/686 损失=0.0473
验证进度: 686/686 损失=0.5621

📊 预测分布分析:
  - 预测的前5个类别: {np.int64(0): 281918, np.int64(1): 37049, np.int64(2): 14834, np.int64(3): 10817, np.int64(4): 8632}
  - 标签的前5个类别: {np.int64(0): 281232, np.int64(1): 36731, np.int64(2): 14789, np.int64(3): 10866, np.int64(4): 8585}
✅ 验证完成，耗时: 4.7秒 (0.1分钟)
训练损失: 0.0527
验证损失: 0.2669
验证准确率: 0.9665 (10596/10964) - 与Levenshtein高度相关
验证F1(加权): 0.9660 - 类别平衡更好
学习率: 0.000096
显存使用: 0.48GB (预留: 0.67GB)

生成的训练样本:
--------------------------------------------------------------------------------
输入:       HLKW BJBC> BGW JM> WNSBT MRJM NBJT>
目标:     0 0 0 3 19 0 1 0 0 15 0 0 1 0 2 0 0 4 0 0 1 0 0 3 26 0 0 0 0 2 0 0 0 13 9 0
预测:     0 0 0 3 19 0 1 0 0 15 0 0 1 0 2 0 0 4 0 0 1 0 0 3 26 0 0 0 0 2 0 0 0 13 9 0
准确率:    1.0000 (36/36)
----------------------------------------
输入:       W>MRT <ZQTK WCWCPK WXWVRK DB>JDK WJHB LH
目标:     0 1 0 0 3 26 0 0 0 13 1 0 0 1 0 0 0 5 0 0 1 0 0 0 5 0 0 1 35 0 0 5 0 0 1 0 0 3 0 1 12
预测:     0 1 0 0 3 26 0 0 0 13 1 0 0 1 0 0 0 5 0 0 1 0 0 0 5 0 0 1 35 0 0 5 0 0 1 0 0 3 0 1 12
准确率:    1.0000 (41/41)
----------------------------------------
输入:       PCR XLMH XLMN WTMN <MN <LJM> <BRJ>
目标:     0 0 0 22 0 0 0 37 0 0 0 0 3 0 0 1 0 0 0 0 0 1 0 0 0 0 0 4 0 0 0 0 0 4 0
预测:     0 0 0 22 0 0 0 37 0 0 0 0 3 0 0 1 0 0 0 0 0 1 0 0 0 0 0 4 0 0 0 0 0 4 0
准确率:    1.0000 (35/35)
----------------------------------------

生成的验证样本:
--------------------------------------------------------------------------------
输入:       LTCBWXT> MNW HN> D>CKX LMV<> WL> V<>
目标:     0 1 0 0 8 0 13 9 0 0 0 71 0 0 0 0 0 0 35 0 0 0 3 0 1 6 0 10 7 0 1 0 0 0 0 10 3
预测:     0 1 0 0 8 0 13 9 0 0 0 71 0 0 0 0 0 0 1 17 0 0 3 0 1 6 0 10 7 0 1 0 0 0 0 10 3
准确率:    0.9459 (35/37)
----------------------------------------
输入:       MNW HN> D>CKX LMV<> WL> V<> WLMB>CW
目标:     0 0 71 0 0 0 0 0 0 35 0 0 0 3 0 1 6 0 10 7 0 1 0 0 0 0 10 3 0 1 1 28 0 0 7 0
预测:     0 0 71 0 0 0 0 0 0 1 17 0 0 3 0 1 6 0 10 7 0 1 0 0 0 0 10 3 0 1 1 28 0 0 7 0
准确率:    0.9444 (34/36)
----------------------------------------
⏳ 验证无提升 (验证准确率: 0.9665 ≤ 0.9670)，patience: 5/50

======================================================================
🚀 Epoch 27/200
======================================================================
📚 开始训练阶段...
训练进度: 500/6065 损失=0.0412
训练进度: 1000/6065 损失=0.0643
训练进度: 1500/6065 损失=0.0761
训练进度: 2000/6065 损失=0.0471
训练进度: 2500/6065 损失=0.0473
训练进度: 3000/6065 损失=0.0921
训练进度: 3500/6065 损失=0.0503
训练进度: 4000/6065 损失=0.0292
训练进度: 4500/6065 损失=0.0545
训练进度: 5000/6065 损失=0.0356
训练进度: 5500/6065 损失=0.0433
训练进度: 6000/6065 损失=0.0308
训练进度: 6065/6065 损失=0.0745
✅ 训练完成，耗时: 109.0秒 (1.8分钟)

============================================================
📊 验证决策: Epoch 27/200
   验证间隔: 1
   是否验证: ✅ 是
   原因: 达到验证间隔 (0 == 0)
============================================================

🔍 开始验证...
验证进度: 500/686 损失=0.0558
验证进度: 686/686 损失=0.3938

📊 预测分布分析:
  - 预测的前5个类别: {np.int64(0): 281712, np.int64(1): 37026, np.int64(2): 14863, np.int64(3): 10757, np.int64(4): 8860}
  - 标签的前5个类别: {np.int64(0): 281232, np.int64(1): 36731, np.int64(2): 14789, np.int64(3): 10866, np.int64(4): 8585}
✅ 验证完成，耗时: 4.7秒 (0.1分钟)
训练损失: 0.0514
验证损失: 0.2611
验证准确率: 0.9673 (10605/10964) - 与Levenshtein高度相关
验证F1(加权): 0.9670 - 类别平衡更好
学习率: 0.000096
显存使用: 0.48GB (预留: 0.67GB)

生成的训练样本:
--------------------------------------------------------------------------------
输入:       D>CBWQ LKWN MLJH DHD> >GRT> MN QDM
目标:     0 1 6 0 8 0 3 0 1 0 0 0 0 0 13 1 12 0 1 0 0 0 0 0 0 13 9 0 0 0 0 0 0 0 2
预测:     0 1 6 0 8 0 3 0 1 0 0 0 0 0 13 1 12 0 1 0 0 0 0 0 0 13 9 0 0 0 0 0 0 0 2
准确率:    1.0000 (35/35)
----------------------------------------
输入:       NXTJHWN RHV MLK> WLBC SQ> W>WKMW SDRWHJ
目标:     0 0 0 22 1 0 0 0 0 0 0 3 0 0 0 4 0 0 1 0 0 3 0 0 4 0 0 1 59 0 0 3 0 0 0 0 25 1 0 0
预测:     0 0 0 22 1 0 0 0 0 0 0 3 0 0 0 4 0 0 1 0 0 3 0 0 4 0 0 1 59 0 0 3 0 0 0 0 25 1 0 0
准确率:    1.0000 (40/40)
----------------------------------------
输入:       RXB<M BSB> DQJMJN HWW QDM >BWHJ KD
目标:     0 0 0 0 0 2 0 1 0 11 0 0 1 20 0 7 0 0 0 0 18 0 0 0 0 2 0 0 8 5 0 0 0 0 0
预测:     0 0 0 0 0 2 0 1 0 11 0 0 1 20 0 7 0 0 0 0 18 0 0 0 0 2 0 0 8 5 0 0 0 0 0
准确率:    1.0000 (35/35)
----------------------------------------

生成的验证样本:
--------------------------------------------------------------------------------
输入:       LTCBWXT> MNW HN> D>CKX LMV<> WL> V<>
目标:     0 1 0 0 8 0 13 9 0 0 0 71 0 0 0 0 0 0 35 0 0 0 3 0 1 6 0 10 7 0 1 0 0 0 0 10 3
预测:     0 1 0 0 8 0 13 9 0 0 0 71 0 0 0 0 0 0 1 17 0 0 3 0 1 6 0 10 7 0 1 0 0 0 0 10 7
准确率:    0.9189 (34/37)
----------------------------------------
输入:       MNW HN> D>CKX LMV<> WL> V<> WLMB>CW
目标:     0 0 71 0 0 0 0 0 0 35 0 0 0 3 0 1 6 0 10 7 0 1 0 0 0 0 10 3 0 1 1 28 0 0 7 0
预测:     0 0 71 0 0 0 0 0 0 1 17 0 0 3 0 1 6 0 10 7 0 1 0 0 0 0 10 7 0 1 1 28 0 0 7 0
准确率:    0.9167 (33/36)
----------------------------------------
💾 保存新的最佳模型！验证准确率: 0.9673 (F1: 0.9670) (Epoch 27)

======================================================================
🚀 Epoch 28/200
======================================================================
📚 开始训练阶段...
训练进度: 500/6065 损失=0.0368
训练进度: 1000/6065 损失=0.0441
训练进度: 1500/6065 损失=0.0515
训练进度: 2000/6065 损失=0.0544
训练进度: 2500/6065 损失=0.0465
训练进度: 3000/6065 损失=0.0743
训练进度: 3500/6065 损失=0.0496
训练进度: 4000/6065 损失=0.0407
训练进度: 4500/6065 损失=0.0633
训练进度: 5000/6065 损失=0.0242
训练进度: 5500/6065 损失=0.0400
训练进度: 6000/6065 损失=0.0535
训练进度: 6065/6065 损失=0.0381
✅ 训练完成，耗时: 108.1秒 (1.8分钟)

============================================================
📊 验证决策: Epoch 28/200
   验证间隔: 1
   是否验证: ✅ 是
   原因: 达到验证间隔 (0 == 0)
============================================================

🔍 开始验证...
验证进度: 500/686 损失=0.0526
验证进度: 686/686 损失=0.2643

📊 预测分布分析:
  - 预测的前5个类别: {np.int64(0): 281311, np.int64(1): 36983, np.int64(2): 14761, np.int64(3): 11023, np.int64(4): 8503}
  - 标签的前5个类别: {np.int64(0): 281232, np.int64(1): 36731, np.int64(2): 14789, np.int64(3): 10866, np.int64(4): 8585}
✅ 验证完成，耗时: 4.7秒 (0.1分钟)
训练损失: 0.0501
验证损失: 0.2680
验证准确率: 0.9666 (10597/10964) - 与Levenshtein高度相关
验证F1(加权): 0.9662 - 类别平衡更好
学习率: 0.000095
显存使用: 0.48GB (预留: 0.67GB)

生成的训练样本:
--------------------------------------------------------------------------------
输入:       LH L>JSXQ BRH WLBNJ DRWKTH D>BRHM JHB
目标:     0 1 0 0 1 0 0 0 0 2 0 0 5 0 0 1 1 0 2 0 0 0 0 0 13 1 0 0 1 0 0 0 0 2 0 0 0 3
预测:     0 1 0 0 1 0 0 0 0 2 0 0 5 0 0 1 1 0 2 0 0 0 0 0 13 1 0 0 1 0 0 0 0 2 0 0 0 3
准确率:    1.0000 (38/38)
----------------------------------------
输入:       >R<> DMYRJN WMN >R<> DKN<N W>TW KLHWN
目标:     0 0 0 4 0 0 1 0 0 0 0 2 0 1 0 0 0 0 0 4 0 0 1 0 0 0 2 0 1 0 18 0 0 0 5 0 0 0
预测:     0 0 0 4 0 0 1 0 0 0 0 2 0 1 0 0 0 0 0 4 0 0 1 0 0 0 2 0 1 0 18 0 0 0 5 0 0 0
准确率:    1.0000 (38/38)
----------------------------------------
输入:       >CKXW PQ<T> B>R<> DSN<R WJTBW TMN W>MRW
目标:     0 17 0 0 3 0 0 0 0 13 9 0 0 1 0 0 4 0 0 1 0 0 0 2 0 1 0 0 3 0 0 0 0 0 0 1 0 0 3 0
预测:     8 0 0 0 3 0 0 0 0 13 9 0 0 1 0 0 4 0 0 1 0 0 0 2 0 1 0 0 3 0 0 0 0 0 0 1 0 0 3 0
准确率:    0.9500 (38/40)
----------------------------------------

生成的验证样本:
--------------------------------------------------------------------------------
输入:       LTCBWXT> MNW HN> D>CKX LMV<> WL> V<>
目标:     0 1 0 0 8 0 13 9 0 0 0 71 0 0 0 0 0 0 35 0 0 0 3 0 1 6 0 10 7 0 1 0 0 0 0 10 3
预测:     0 1 0 0 8 0 13 9 0 0 0 71 0 0 0 0 0 0 1 17 0 0 3 0 1 6 0 10 7 0 1 0 0 0 0 10 3
准确率:    0.9459 (35/37)
----------------------------------------
输入:       MNW HN> D>CKX LMV<> WL> V<> WLMB>CW
目标:     0 0 71 0 0 0 0 0 0 35 0 0 0 3 0 1 6 0 10 7 0 1 0 0 0 0 10 3 0 1 1 28 0 0 7 0
预测:     0 0 71 0 0 0 0 0 0 1 17 0 0 3 0 1 6 0 10 7 0 1 0 0 0 0 10 3 0 1 1 28 0 0 7 0
准确率:    0.9444 (34/36)
----------------------------------------
⏳ 验证无提升 (验证准确率: 0.9666 ≤ 0.9673)，patience: 1/50

======================================================================
🚀 Epoch 29/200
======================================================================
📚 开始训练阶段...
训练进度: 500/6065 损失=0.0570
训练进度: 1000/6065 损失=0.0268
训练进度: 1500/6065 损失=0.1048
训练进度: 2000/6065 损失=0.0955
训练进度: 2500/6065 损失=0.0275
训练进度: 3000/6065 损失=0.0405
训练进度: 3500/6065 损失=0.0263
训练进度: 4000/6065 损失=0.1166
训练进度: 4500/6065 损失=0.0520
训练进度: 5000/6065 损失=0.0391
训练进度: 5500/6065 损失=0.0360
训练进度: 6000/6065 损失=0.0512
训练进度: 6065/6065 损失=0.0635
✅ 训练完成，耗时: 108.1秒 (1.8分钟)

============================================================
📊 验证决策: Epoch 29/200
   验证间隔: 1
   是否验证: ✅ 是
   原因: 达到验证间隔 (0 == 0)
============================================================

🔍 开始验证...
验证进度: 500/686 损失=0.0477
验证进度: 686/686 损失=0.5203

📊 预测分布分析:
  - 预测的前5个类别: {np.int64(0): 281695, np.int64(1): 36986, np.int64(2): 14857, np.int64(3): 10455, np.int64(4): 8665}
  - 标签的前5个类别: {np.int64(0): 281232, np.int64(1): 36731, np.int64(2): 14789, np.int64(3): 10866, np.int64(4): 8585}
✅ 验证完成，耗时: 4.7秒 (0.1分钟)
训练损失: 0.0486
验证损失: 0.2703
验证准确率: 0.9666 (10597/10964) - 与Levenshtein高度相关
验证F1(加权): 0.9662 - 类别平衡更好
学习率: 0.000095
显存使用: 0.48GB (预留: 0.67GB)

生成的训练样本:
--------------------------------------------------------------------------------
输入:       DMCKNZBN> WSB MN DMH DTWR> WRWS <L
目标:     0 1 0 0 0 5 0 0 4 0 0 93 0 3 0 0 0 0 0 5 0 0 1 0 0 4 0 0 36 8 0 115 0 0 0
预测:     0 1 0 0 0 5 0 0 4 0 0 93 0 3 0 0 0 0 0 5 0 0 1 0 0 4 0 0 36 8 0 115 0 0 0
准确率:    1.0000 (35/35)
----------------------------------------
输入:       >N DJN NHPWK MN BTRJ >RMJWHJ W>CLMJWHJ
目标:     0 0 0 0 0 0 0 0 6 0 8 0 3 0 0 0 0 0 0 1 0 0 6 0 0 86 0 0 0 0 1 28 0 0 48 35 0 0 0
预测:     0 0 0 0 0 0 0 0 6 0 8 0 3 0 0 0 0 0 0 1 0 0 6 0 0 86 0 0 0 0 1 28 0 0 48 35 0 0 0
准确率:    1.0000 (39/39)
----------------------------------------
输入:       DSJN WCQLW MN RPJDJN W>TW LMDBR> DSJNJ
目标:     0 1 0 0 22 0 1 0 0 3 0 0 0 0 0 0 0 0 0 0 2 0 1 0 18 0 0 1 0 0 0 4 0 0 1 0 0 0 2
预测:     0 1 0 0 22 0 1 0 0 3 0 0 0 0 0 0 0 0 0 0 2 0 1 0 18 0 0 1 0 0 0 4 0 0 1 0 0 0 2
准确率:    1.0000 (39/39)
----------------------------------------

生成的验证样本:
--------------------------------------------------------------------------------
输入:       LTCBWXT> MNW HN> D>CKX LMV<> WL> V<>
目标:     0 1 0 0 8 0 13 9 0 0 0 71 0 0 0 0 0 0 35 0 0 0 3 0 1 6 0 10 7 0 1 0 0 0 0 10 3
预测:     0 1 0 0 8 0 13 9 0 0 0 71 0 0 0 0 0 0 1 17 0 0 3 0 1 6 0 10 7 0 1 0 0 0 0 10 7
准确率:    0.9189 (34/37)
----------------------------------------
输入:       MNW HN> D>CKX LMV<> WL> V<> WLMB>CW
目标:     0 0 71 0 0 0 0 0 0 35 0 0 0 3 0 1 6 0 10 7 0 1 0 0 0 0 10 3 0 1 1 28 0 0 7 0
预测:     0 0 71 0 0 0 0 0 0 1 17 0 0 3 0 1 6 0 10 7 0 1 0 0 0 0 10 7 0 1 1 28 0 0 7 0
准确率:    0.9167 (33/36)
----------------------------------------
⏳ 验证无提升 (验证准确率: 0.9666 ≤ 0.9673)，patience: 2/50

======================================================================
🚀 Epoch 30/200
======================================================================
📚 开始训练阶段...
训练进度: 500/6065 损失=0.0593
训练进度: 1000/6065 损失=0.0492
训练进度: 1500/6065 损失=0.0395
训练进度: 2000/6065 损失=0.0395
训练进度: 2500/6065 损失=0.0581
训练进度: 3000/6065 损失=0.0589
训练进度: 3500/6065 损失=0.0230
训练进度: 4000/6065 损失=0.0751
训练进度: 4500/6065 损失=0.0680
训练进度: 5000/6065 损失=0.1320
训练进度: 5500/6065 损失=0.0561
训练进度: 6000/6065 损失=0.0692
训练进度: 6065/6065 损失=0.0823
✅ 训练完成，耗时: 108.4秒 (1.8分钟)

============================================================
📊 验证决策: Epoch 30/200
   验证间隔: 1
   是否验证: ✅ 是
   原因: 达到验证间隔 (0 == 0)
============================================================

🔍 开始验证...
验证进度: 500/686 损失=0.0185
验证进度: 686/686 损失=0.4582

📊 预测分布分析:
  - 预测的前5个类别: {np.int64(0): 281934, np.int64(1): 37116, np.int64(2): 14809, np.int64(3): 10738, np.int64(4): 8606}
  - 标签的前5个类别: {np.int64(0): 281232, np.int64(1): 36731, np.int64(2): 14789, np.int64(3): 10866, np.int64(4): 8585}
✅ 验证完成，耗时: 4.7秒 (0.1分钟)
训练损失: 0.0476
验证损失: 0.2802
验证准确率: 0.9670 (10602/10964) - 与Levenshtein高度相关
验证F1(加权): 0.9665 - 类别平衡更好
学习率: 0.000095
显存使用: 0.48GB (预留: 0.67GB)

生成的训练样本:
--------------------------------------------------------------------------------
输入:       XJ> WZR<J NPLWX <BDWT> LH NWD< LMRJ>
目标:     0 0 42 0 0 1 0 0 5 0 0 6 0 8 0 3 0 0 0 0 2 9 0 0 1 0 0 63 0 0 3 0 1 0 0 0 2
预测:     0 0 15 0 0 1 0 0 5 0 0 6 0 8 0 3 0 0 0 0 2 9 0 0 1 0 0 63 0 0 3 0 1 0 0 0 2
准确率:    0.9730 (36/37)
----------------------------------------
输入:       DXJLT> DBGW JM> MDJNT> XSJNT> JHB >TR>
目标:     0 1 0 0 2 23 0 0 1 1 0 2 0 0 4 0 0 0 0 0 13 23 0 0 0 8 0 49 23 27 0 0 0 3 0 0 0 4 0
预测:     0 1 8 0 2 23 0 0 1 1 0 2 0 0 4 0 0 0 0 0 13 23 0 0 0 8 0 49 23 27 0 0 0 3 0 0 0 4 0
准确率:    0.9744 (38/39)
----------------------------------------
输入:       D>DM> WCM>JR MLK> DYBW>JM WMLK> DBL< HJ
目标:     0 1 0 0 0 22 0 1 0 0 0 0 2 0 0 0 4 0 0 1 0 0 0 0 0 2 0 1 0 0 4 0 0 1 0 0 62 0 0 12
预测:     0 1 0 0 0 22 0 1 0 0 0 0 2 0 0 0 4 0 0 1 0 0 0 0 0 2 0 1 0 0 4 0 0 1 0 0 62 0 0 12
准确率:    1.0000 (40/40)
----------------------------------------

生成的验证样本:
--------------------------------------------------------------------------------
输入:       LTCBWXT> MNW HN> D>CKX LMV<> WL> V<>
目标:     0 1 0 0 8 0 13 9 0 0 0 71 0 0 0 0 0 0 35 0 0 0 3 0 1 6 0 10 7 0 1 0 0 0 0 10 3
预测:     0 1 0 0 8 0 13 9 0 0 0 71 0 0 0 0 0 0 1 17 0 0 3 0 1 6 0 10 7 0 1 0 0 0 0 10 3
准确率:    0.9459 (35/37)
----------------------------------------
输入:       MNW HN> D>CKX LMV<> WL> V<> WLMB>CW
目标:     0 0 71 0 0 0 0 0 0 35 0 0 0 3 0 1 6 0 10 7 0 1 0 0 0 0 10 3 0 1 1 28 0 0 7 0
预测:     0 0 71 0 0 0 0 0 0 1 17 0 0 3 0 1 6 0 10 7 0 1 0 0 0 0 10 3 0 1 1 28 0 0 7 0
准确率:    0.9444 (34/36)
----------------------------------------
⏳ 验证无提升 (验证准确率: 0.9670 ≤ 0.9673)，patience: 3/50

======================================================================
🚀 Epoch 31/200
======================================================================
📚 开始训练阶段...
训练进度: 500/6065 损失=0.0258
训练进度: 1000/6065 损失=0.0401
训练进度: 1500/6065 损失=0.0484
训练进度: 2000/6065 损失=0.0590
训练进度: 2500/6065 损失=0.0690
训练进度: 3000/6065 损失=0.0391
训练进度: 3500/6065 损失=0.0730
训练进度: 4000/6065 损失=0.0369
训练进度: 4500/6065 损失=0.0698
训练进度: 5000/6065 损失=0.0556
训练进度: 5500/6065 损失=0.0435
训练进度: 6000/6065 损失=0.0349
训练进度: 6065/6065 损失=0.0337
✅ 训练完成，耗时: 108.7秒 (1.8分钟)

============================================================
📊 验证决策: Epoch 31/200
   验证间隔: 1
   是否验证: ✅ 是
   原因: 达到验证间隔 (0 == 0)
============================================================

🔍 开始验证...
验证进度: 500/686 损失=0.0634
验证进度: 686/686 损失=0.4007

📊 预测分布分析:
  - 预测的前5个类别: {np.int64(0): 281845, np.int64(1): 37082, np.int64(2): 14803, np.int64(3): 10973, np.int64(4): 8758}
  - 标签的前5个类别: {np.int64(0): 281232, np.int64(1): 36731, np.int64(2): 14789, np.int64(3): 10866, np.int64(4): 8585}
✅ 验证完成，耗时: 4.7秒 (0.1分钟)
训练损失: 0.0465
验证损失: 0.2771
验证准确率: 0.9670 (10601/10964) - 与Levenshtein高度相关
验证F1(加权): 0.9664 - 类别平衡更好
学习率: 0.000094
显存使用: 0.48GB (预留: 0.67GB)

生成的训练样本:
--------------------------------------------------------------------------------
输入:       GBR> LMBT WQM W>ZL WMVJ LWQBL JBWS
目标:     0 0 0 4 0 0 1 6 31 7 0 1 31 3 0 1 0 0 3 0 1 0 0 3 0 0 0 0 0 0 0 0 0 0 2
预测:     0 0 0 4 0 0 1 6 31 7 0 1 31 3 0 1 0 0 3 0 1 0 0 3 0 0 0 0 0 0 0 0 0 0 2
准确率:    1.0000 (35/35)
----------------------------------------
输入:       >ZL> >NTJ LWTH JWMN> DL> RJC JRX>
目标:     0 0 0 7 0 0 0 0 0 0 0 0 0 1 0 0 0 0 0 4 0 0 1 0 0 0 0 0 2 0 0 0 4 0
预测:     0 0 0 7 0 0 0 0 0 0 0 0 0 1 0 0 0 0 0 4 0 0 1 0 0 0 0 0 2 0 0 0 4 0
准确率:    1.0000 (34/34)
----------------------------------------
输入:       LBJT >JL BXQL> >JK TLTJN GBRJN MN
目标:     0 1 0 0 2 0 0 0 22 0 1 0 0 4 0 0 0 0 0 0 0 0 2 0 0 0 0 0 2 0 0 0 0 0
预测:     0 1 0 0 2 0 0 0 22 0 1 0 0 4 0 0 0 0 0 0 0 0 2 0 0 0 0 0 2 0 0 0 0 0
准确率:    1.0000 (34/34)
----------------------------------------

生成的验证样本:
--------------------------------------------------------------------------------
输入:       LTCBWXT> MNW HN> D>CKX LMV<> WL> V<>
目标:     0 1 0 0 8 0 13 9 0 0 0 71 0 0 0 0 0 0 35 0 0 0 3 0 1 6 0 10 7 0 1 0 0 0 0 10 3
预测:     0 1 0 0 8 0 13 9 0 0 0 71 0 0 0 0 0 0 1 17 0 0 3 0 1 6 0 10 7 0 1 0 0 0 0 10 3
准确率:    0.9459 (35/37)
----------------------------------------
输入:       MNW HN> D>CKX LMV<> WL> V<> WLMB>CW
目标:     0 0 71 0 0 0 0 0 0 35 0 0 0 3 0 1 6 0 10 7 0 1 0 0 0 0 10 3 0 1 1 28 0 0 7 0
预测:     0 0 71 0 0 0 0 0 0 1 17 0 0 3 0 1 6 0 10 7 0 1 0 0 0 0 10 3 0 1 1 28 0 0 7 0
准确率:    0.9444 (34/36)
----------------------------------------
⏳ 验证无提升 (验证准确率: 0.9670 ≤ 0.9673)，patience: 4/50

======================================================================
🚀 Epoch 32/200
======================================================================
📚 开始训练阶段...
训练进度: 500/6065 损失=0.0521
训练进度: 1000/6065 损失=0.0583
训练进度: 1500/6065 损失=0.1034
训练进度: 2000/6065 损失=0.0372
训练进度: 2500/6065 损失=0.0446
训练进度: 3000/6065 损失=0.0619
训练进度: 3500/6065 损失=0.0451
训练进度: 4000/6065 损失=0.0489
训练进度: 4500/6065 损失=0.0533
训练进度: 5000/6065 损失=0.0225
训练进度: 5500/6065 损失=0.0754
训练进度: 6000/6065 损失=0.0578
训练进度: 6065/6065 损失=0.0511
✅ 训练完成，耗时: 108.8秒 (1.8分钟)

============================================================
📊 验证决策: Epoch 32/200
   验证间隔: 1
   是否验证: ✅ 是
   原因: 达到验证间隔 (0 == 0)
============================================================

🔍 开始验证...
验证进度: 500/686 损失=0.0892
验证进度: 686/686 损失=0.4181

📊 预测分布分析:
  - 预测的前5个类别: {np.int64(0): 281993, np.int64(1): 36985, np.int64(2): 14727, np.int64(3): 10820, np.int64(4): 8913}
  - 标签的前5个类别: {np.int64(0): 281232, np.int64(1): 36731, np.int64(2): 14789, np.int64(3): 10866, np.int64(4): 8585}
✅ 验证完成，耗时: 4.7秒 (0.1分钟)
训练损失: 0.0453
验证损失: 0.2800
验证准确率: 0.9675 (10607/10964) - 与Levenshtein高度相关
验证F1(加权): 0.9669 - 类别平衡更好
学习率: 0.000094
显存使用: 0.48GB (预留: 0.67GB)

生成的训练样本:
--------------------------------------------------------------------------------
输入:       DMYRJN WNHW> LKWN JWM> HN> LDWKRN> W<WBDWHJ
目标:     0 1 0 0 0 0 2 0 1 6 0 10 3 0 1 0 0 0 0 0 0 4 0 0 0 0 0 0 1 0 0 0 0 4 0 0 36 8 0 0 3 1 0 0
预测:     0 1 0 0 0 0 2 0 1 6 0 10 3 0 1 0 0 0 0 0 0 4 0 0 0 0 0 0 1 0 0 0 0 4 0 0 36 8 0 0 3 1 0 0
准确率:    1.0000 (44/44)
----------------------------------------
输入:       DXRB> WKLH BZTH KNC LGW CVXH W>WQDJH
目标:     0 1 0 0 15 0 0 1 0 5 12 0 0 13 1 12 6 0 0 16 0 1 0 2 0 0 0 5 12 0 1 50 0 0 48 1 12
预测:     0 1 0 0 15 0 0 1 0 5 12 0 0 13 1 12 6 0 0 16 0 1 0 2 0 0 0 5 12 0 1 50 0 0 48 1 12
准确率:    1.0000 (37/37)
----------------------------------------
输入:       TKSJTH LBSRH BMN> NDMK W>N NYL> QDMJ
目标:     0 0 0 0 2 1 0 0 1 0 0 5 0 0 1 0 0 0 0 6 0 0 3 0 1 0 0 0 6 0 10 16 0 0 0 2 46
预测:     0 0 0 0 2 1 0 0 1 0 0 5 0 0 1 0 0 0 0 6 0 0 3 0 1 0 0 0 6 0 10 16 0 0 0 2 46
准确率:    1.0000 (37/37)
----------------------------------------

生成的验证样本:
--------------------------------------------------------------------------------
输入:       LTCBWXT> MNW HN> D>CKX LMV<> WL> V<>
目标:     0 1 0 0 8 0 13 9 0 0 0 71 0 0 0 0 0 0 35 0 0 0 3 0 1 6 0 10 7 0 1 0 0 0 0 10 3
预测:     0 1 0 0 8 0 13 9 0 0 0 71 0 0 0 0 0 0 1 17 0 0 3 0 1 6 0 10 7 0 1 0 0 0 0 10 7
准确率:    0.9189 (34/37)
----------------------------------------
输入:       MNW HN> D>CKX LMV<> WL> V<> WLMB>CW
目标:     0 0 71 0 0 0 0 0 0 35 0 0 0 3 0 1 6 0 10 7 0 1 0 0 0 0 10 3 0 1 1 28 0 0 7 0
预测:     0 0 71 0 0 0 0 0 0 1 17 0 0 3 0 1 6 0 10 7 0 1 0 0 0 0 10 7 0 1 1 28 0 0 7 0
准确率:    0.9167 (33/36)
----------------------------------------
💾 保存新的最佳模型！验证准确率: 0.9675 (F1: 0.9669) (Epoch 32)

======================================================================
🚀 Epoch 33/200
======================================================================
📚 开始训练阶段...
训练进度: 500/6065 损失=0.0237
训练进度: 1000/6065 损失=0.0289
训练进度: 1500/6065 损失=0.0743
训练进度: 2000/6065 损失=0.0228
训练进度: 2500/6065 损失=0.0451
训练进度: 3000/6065 损失=0.0260
训练进度: 3500/6065 损失=0.0336
训练进度: 4000/6065 损失=0.0614
训练进度: 4500/6065 损失=0.0163
训练进度: 5000/6065 损失=0.0244
训练进度: 5500/6065 损失=0.0354
训练进度: 6000/6065 损失=0.0459
训练进度: 6065/6065 损失=0.0417
✅ 训练完成，耗时: 108.9秒 (1.8分钟)

============================================================
📊 验证决策: Epoch 33/200
   验证间隔: 1
   是否验证: ✅ 是
   原因: 达到验证间隔 (0 == 0)
============================================================

🔍 开始验证...
验证进度: 500/686 损失=0.0970
验证进度: 686/686 损失=0.5536

📊 预测分布分析:
  - 预测的前5个类别: {np.int64(0): 281738, np.int64(1): 37177, np.int64(2): 14757, np.int64(3): 10736, np.int64(4): 8901}
  - 标签的前5个类别: {np.int64(0): 281232, np.int64(1): 36731, np.int64(2): 14789, np.int64(3): 10866, np.int64(4): 8585}
✅ 验证完成，耗时: 4.7秒 (0.1分钟)
训练损失: 0.0442
验证损失: 0.2943
验证准确率: 0.9668 (10599/10964) - 与Levenshtein高度相关
验证F1(加权): 0.9663 - 类别平衡更好
学习率: 0.000094
显存使用: 0.48GB (预留: 0.67GB)

生成的训练样本:
--------------------------------------------------------------------------------
输入:       MN XWRJB LVWR> DS<JR W<DM> LRQM DGJ>
目标:     0 0 0 0 0 0 0 0 2 0 1 0 0 4 0 0 1 0 0 0 2 0 1 0 0 0 0 0 1 0 0 2 0 1 0 0 2
预测:     0 0 0 0 0 0 0 0 2 0 1 0 0 4 0 0 1 0 0 0 2 0 1 0 0 0 0 0 1 0 0 2 0 1 0 0 2
准确率:    1.0000 (37/37)
----------------------------------------
输入:       D<NK B>R<> DJM> L>BHJK LMTL LK BRJK
目标:     0 1 0 5 0 0 1 0 0 4 0 0 1 0 10 3 0 1 0 8 2 1 0 0 1 34 0 7 0 1 0 0 0 8 0 40
预测:     0 1 0 5 0 0 1 0 0 4 0 0 1 0 10 3 0 1 0 8 2 1 0 0 1 34 0 7 0 1 0 0 0 8 0 40
准确率:    1.0000 (36/36)
----------------------------------------
输入:       WDCMW<> WL> >CKXW HWW >BH> BXNGT> LMMLLW
目标:     0 1 1 0 0 0 11 0 0 1 0 0 0 17 0 0 3 0 0 0 18 0 0 0 8 11 0 0 1 0 0 13 23 0 0 1 6 0 0 7 19
预测:     0 1 1 0 0 0 11 0 0 1 0 0 0 17 0 0 3 0 0 0 18 0 0 0 8 11 0 0 1 0 0 13 9 0 0 1 6 0 0 7 19
准确率:    0.9756 (40/41)
----------------------------------------

生成的验证样本:
--------------------------------------------------------------------------------
输入:       LTCBWXT> MNW HN> D>CKX LMV<> WL> V<>
目标:     0 1 0 0 8 0 13 9 0 0 0 71 0 0 0 0 0 0 35 0 0 0 3 0 1 6 0 10 7 0 1 0 0 0 0 10 3
预测:     0 1 0 0 8 0 13 9 0 0 0 71 0 0 0 0 0 0 1 17 0 0 3 0 1 6 0 10 7 0 1 0 0 0 0 10 7
准确率:    0.9189 (34/37)
----------------------------------------
输入:       MNW HN> D>CKX LMV<> WL> V<> WLMB>CW
目标:     0 0 71 0 0 0 0 0 0 35 0 0 0 3 0 1 6 0 10 7 0 1 0 0 0 0 10 3 0 1 1 28 0 0 7 0
预测:     0 0 71 0 0 0 0 0 0 1 17 0 0 3 0 1 6 0 10 7 0 1 0 0 0 0 10 3 0 1 1 28 0 0 7 0
准确率:    0.9444 (34/36)
----------------------------------------
⏳ 验证无提升 (验证准确率: 0.9668 ≤ 0.9675)，patience: 1/50

======================================================================
🚀 Epoch 34/200
======================================================================
📚 开始训练阶段...
训练进度: 500/6065 损失=0.0382
训练进度: 1000/6065 损失=0.0606
训练进度: 1500/6065 损失=0.0514
训练进度: 2000/6065 损失=0.0333
训练进度: 2500/6065 损失=0.0340
训练进度: 3000/6065 损失=0.0370
训练进度: 3500/6065 损失=0.1303
训练进度: 4000/6065 损失=0.0243
训练进度: 4500/6065 损失=0.0331
训练进度: 5000/6065 损失=0.0564
训练进度: 5500/6065 损失=0.0417
训练进度: 6000/6065 损失=0.0810
训练进度: 6065/6065 损失=0.0125
✅ 训练完成，耗时: 109.6秒 (1.8分钟)

============================================================
📊 验证决策: Epoch 34/200
   验证间隔: 1
   是否验证: ✅ 是
   原因: 达到验证间隔 (0 == 0)
============================================================

🔍 开始验证...
验证进度: 500/686 损失=0.1223
验证进度: 686/686 损失=0.5293

📊 预测分布分析:
  - 预测的前5个类别: {np.int64(0): 281786, np.int64(1): 37004, np.int64(2): 14730, np.int64(3): 10857, np.int64(4): 8924}
  - 标签的前5个类别: {np.int64(0): 281232, np.int64(1): 36731, np.int64(2): 14789, np.int64(3): 10866, np.int64(4): 8585}
✅ 验证完成，耗时: 4.7秒 (0.1分钟)
训练损失: 0.0435
验证损失: 0.2799
验证准确率: 0.9679 (10612/10964) - 与Levenshtein高度相关
验证F1(加权): 0.9674 - 类别平衡更好
学习率: 0.000093
显存使用: 0.48GB (预留: 0.67GB)

生成的训练样本:
--------------------------------------------------------------------------------
输入:       MWC> W>TW LWTH >HRWN WKLHWN RWRBN> DKNWCT>
目标:     0 0 0 0 2 0 1 0 18 0 0 0 0 1 0 0 0 0 0 0 2 0 1 0 5 0 0 0 0 0 0 0 0 11 0 0 1 0 0 0 13 9 0
预测:     0 0 0 0 2 0 1 0 18 0 0 0 0 1 0 0 0 0 0 0 2 0 1 0 5 0 0 0 0 0 0 0 0 11 0 0 1 0 0 0 13 9 0
准确率:    1.0000 (43/43)
----------------------------------------
输入:       DMYRJN W>KL TWRT> MXJLT> WBJCT> LCB< TWRT>
目标:     0 1 0 0 0 0 2 0 1 0 0 80 0 0 0 13 23 0 0 0 0 0 2 23 0 0 1 0 0 2 23 0 0 1 0 0 2 0 0 0 13 23 0
预测:     0 1 0 0 0 0 2 0 1 0 0 80 0 0 0 13 23 0 0 0 0 0 2 23 0 0 1 0 0 2 23 0 0 1 0 0 2 0 0 0 13 23 0
准确率:    1.0000 (43/43)
----------------------------------------
输入:       WBKL ZBN QNJVJN >NWN WRHJBJN WMMRXJN D>MR
目标:     0 1 1 0 2 0 0 0 2 0 0 8 0 7 0 27 0 0 0 0 0 0 1 0 8 0 7 0 27 0 1 28 0 0 7 0 0 0 1 0 0 3
预测:     0 1 1 0 2 0 0 0 2 0 0 8 0 7 0 27 0 0 0 0 0 0 1 0 8 0 7 0 27 0 1 28 0 0 7 0 0 0 1 0 0 3
准确率:    1.0000 (42/42)
----------------------------------------

生成的验证样本:
--------------------------------------------------------------------------------
输入:       LTCBWXT> MNW HN> D>CKX LMV<> WL> V<>
目标:     0 1 0 0 8 0 13 9 0 0 0 71 0 0 0 0 0 0 35 0 0 0 3 0 1 6 0 10 7 0 1 0 0 0 0 10 3
预测:     0 1 0 0 8 0 13 9 0 0 0 71 0 0 0 0 0 0 1 17 0 0 3 0 1 6 0 10 7 0 1 0 0 0 0 10 7
准确率:    0.9189 (34/37)
----------------------------------------
输入:       MNW HN> D>CKX LMV<> WL> V<> WLMB>CW
目标:     0 0 71 0 0 0 0 0 0 35 0 0 0 3 0 1 6 0 10 7 0 1 0 0 0 0 10 3 0 1 1 28 0 0 7 0
预测:     0 0 71 0 0 0 0 0 0 1 17 0 0 3 0 1 6 0 10 7 0 1 0 0 0 0 10 3 0 1 1 28 0 0 7 0
准确率:    0.9444 (34/36)
----------------------------------------
💾 保存新的最佳模型！验证准确率: 0.9679 (F1: 0.9674) (Epoch 34)

======================================================================
🚀 Epoch 35/200
======================================================================
📚 开始训练阶段...
训练进度: 500/6065 损失=0.0631
训练进度: 1000/6065 损失=0.0933
训练进度: 1500/6065 损失=0.0219
训练进度: 2000/6065 损失=0.0375
训练进度: 2500/6065 损失=0.0519
训练进度: 3000/6065 损失=0.0596
训练进度: 3500/6065 损失=0.0240
训练进度: 4000/6065 损失=0.0300
训练进度: 4500/6065 损失=0.0317
训练进度: 5000/6065 损失=0.0847
训练进度: 5500/6065 损失=0.0366
训练进度: 6000/6065 损失=0.0542
训练进度: 6065/6065 损失=0.0365
✅ 训练完成，耗时: 109.5秒 (1.8分钟)

============================================================
📊 验证决策: Epoch 35/200
   验证间隔: 1
   是否验证: ✅ 是
   原因: 达到验证间隔 (0 == 0)
============================================================

🔍 开始验证...
验证进度: 500/686 损失=0.0771
验证进度: 686/686 损失=0.6729

📊 预测分布分析:
  - 预测的前5个类别: {np.int64(0): 281597, np.int64(1): 37121, np.int64(2): 14786, np.int64(3): 10926, np.int64(4): 8772}
  - 标签的前5个类别: {np.int64(0): 281232, np.int64(1): 36731, np.int64(2): 14789, np.int64(3): 10866, np.int64(4): 8585}
✅ 验证完成，耗时: 4.7秒 (0.1分钟)
训练损失: 0.0425
验证损失: 0.2922
验证准确率: 0.9663 (10595/10964) - 与Levenshtein高度相关
验证F1(加权): 0.9659 - 类别平衡更好
学习率: 0.000093
显存使用: 0.48GB (预留: 0.67GB)

生成的训练样本:
--------------------------------------------------------------------------------
输入:       MN LGW WQRM CT>SWHJ DBJT> BNSR> DCRWJN>
目标:     0 0 0 0 1 0 2 0 1 0 0 3 0 0 0 0 96 1 0 0 0 1 0 0 4 0 0 1 0 0 11 0 0 1 0 0 0 0 4 0
预测:     0 0 0 0 1 0 2 0 1 0 0 3 0 0 0 0 96 1 0 0 0 1 0 0 4 0 0 1 0 0 11 0 0 1 0 0 0 0 4 0
准确率:    1.0000 (40/40)
----------------------------------------
输入:       MVL DNSBH >LH> WXJ> MTWCLX M>> WTMN>JN
目标:     0 0 0 0 0 1 0 0 29 0 0 0 0 4 0 0 1 0 10 3 0 0 0 0 0 0 2 0 0 0 2 0 1 0 0 0 2 0 0
预测:     0 0 0 0 0 1 0 0 29 0 0 0 0 4 0 0 1 0 10 3 0 0 0 0 0 0 2 0 0 0 2 0 1 0 0 0 2 0 0
准确率:    1.0000 (39/39)
----------------------------------------
输入:       >NC WNBRK LRXMH DLJL> YBWT> DL> DJN
目标:     0 0 0 2 0 1 6 0 0 16 0 1 0 0 74 0 0 0 0 0 2 0 0 0 0 2 9 0 0 1 0 0 0 0 0 0
预测:     0 0 0 2 0 1 6 0 0 16 0 1 0 0 74 0 0 0 0 0 2 0 0 0 0 2 9 0 0 1 0 0 0 0 0 0
准确率:    1.0000 (36/36)
----------------------------------------

生成的验证样本:
--------------------------------------------------------------------------------
输入:       LTCBWXT> MNW HN> D>CKX LMV<> WL> V<>
目标:     0 1 0 0 8 0 13 9 0 0 0 71 0 0 0 0 0 0 35 0 0 0 3 0 1 6 0 10 7 0 1 0 0 0 0 10 3
预测:     0 1 0 0 8 0 13 9 0 0 0 71 0 0 0 0 0 0 1 17 0 0 3 0 1 6 0 10 7 0 1 0 0 0 0 10 3
准确率:    0.9459 (35/37)
----------------------------------------
输入:       MNW HN> D>CKX LMV<> WL> V<> WLMB>CW
目标:     0 0 71 0 0 0 0 0 0 35 0 0 0 3 0 1 6 0 10 7 0 1 0 0 0 0 10 3 0 1 1 28 0 0 7 0
预测:     0 0 71 0 0 0 0 0 0 1 17 0 0 3 0 1 6 0 10 7 0 1 0 0 0 0 10 3 0 1 1 28 0 0 7 0
准确率:    0.9444 (34/36)
----------------------------------------
⏳ 验证无提升 (验证准确率: 0.9663 ≤ 0.9679)，patience: 1/50

======================================================================
🚀 Epoch 36/200
======================================================================
📚 开始训练阶段...
训练进度: 500/6065 损失=0.0465
训练进度: 1000/6065 损失=0.0575
训练进度: 1500/6065 损失=0.0385
训练进度: 2000/6065 损失=0.0464
训练进度: 2500/6065 损失=0.0275
训练进度: 3000/6065 损失=0.0611
训练进度: 3500/6065 损失=0.0119
训练进度: 4000/6065 损失=0.0219
训练进度: 4500/6065 损失=0.0672
训练进度: 5000/6065 损失=0.0891
训练进度: 5500/6065 损失=0.0340
训练进度: 6000/6065 损失=0.0919
训练进度: 6065/6065 损失=0.0780
✅ 训练完成，耗时: 109.4秒 (1.8分钟)

============================================================
📊 验证决策: Epoch 36/200
   验证间隔: 1
   是否验证: ✅ 是
   原因: 达到验证间隔 (0 == 0)
============================================================

🔍 开始验证...
验证进度: 500/686 损失=0.1187
验证进度: 686/686 损失=0.4523

📊 预测分布分析:
  - 预测的前5个类别: {np.int64(0): 282232, np.int64(1): 37109, np.int64(2): 14790, np.int64(3): 10775, np.int64(4): 8932}
  - 标签的前5个类别: {np.int64(0): 281232, np.int64(1): 36731, np.int64(2): 14789, np.int64(3): 10866, np.int64(4): 8585}
✅ 验证完成，耗时: 4.7秒 (0.1分钟)
训练损失: 0.0411
验证损失: 0.2918
验证准确率: 0.9679 (10611/10964) - 与Levenshtein高度相关
验证F1(加权): 0.9672 - 类别平衡更好
学习率: 0.000092
显存使用: 0.48GB (预留: 0.67GB)

生成的训练样本:
--------------------------------------------------------------------------------
输入:       BHJ X>RWT> DJHJB> LHWN MN >LH> MVL
目标:     0 1 0 26 0 0 0 0 2 9 0 0 1 0 8 0 7 27 0 1 0 0 0 0 0 0 0 0 0 4 0 0 0 0 0
预测:     0 1 0 26 0 0 0 0 2 9 0 0 1 0 8 0 7 27 0 1 0 0 0 0 0 0 0 0 0 4 0 0 0 0 0
准确率:    1.0000 (35/35)
----------------------------------------
输入:       MRJ LS<JR >MR LH <SW >CBWQ LWTK
目标:     0 0 56 0 0 1 0 0 0 2 0 0 0 7 0 1 0 0 0 0 2 0 6 0 8 0 3 0 0 0 1 0
预测:     0 0 56 0 0 1 0 0 0 2 0 0 0 7 0 1 0 0 0 0 2 0 6 0 8 0 3 0 0 0 1 0
准确率:    1.0000 (32/32)
----------------------------------------
输入:       LGWH MNJN> DJWMT> PLG LHWN DNHWWN QJMJN
目标:     0 1 0 5 12 0 0 0 0 4 0 0 1 0 0 2 23 0 0 0 0 7 0 1 0 0 0 0 1 6 0 18 0 0 0 20 0 7 0 0
预测:     0 1 0 5 12 0 0 0 0 4 0 0 1 0 0 2 23 0 0 0 0 7 0 1 0 0 0 0 1 6 0 18 0 0 0 20 0 7 0 0
准确率:    1.0000 (40/40)
----------------------------------------

生成的验证样本:
--------------------------------------------------------------------------------
输入:       LTCBWXT> MNW HN> D>CKX LMV<> WL> V<>
目标:     0 1 0 0 8 0 13 9 0 0 0 71 0 0 0 0 0 0 35 0 0 0 3 0 1 6 0 10 7 0 1 0 0 0 0 10 3
预测:     0 1 0 0 8 0 13 9 0 0 0 71 0 0 0 0 0 0 1 17 0 0 3 0 1 6 0 10 7 0 1 0 0 0 0 10 7
准确率:    0.9189 (34/37)
----------------------------------------
输入:       MNW HN> D>CKX LMV<> WL> V<> WLMB>CW
目标:     0 0 71 0 0 0 0 0 0 35 0 0 0 3 0 1 6 0 10 7 0 1 0 0 0 0 10 3 0 1 1 28 0 0 7 0
预测:     0 0 71 0 0 0 0 0 0 1 17 0 0 3 0 1 6 0 10 7 0 1 0 0 0 0 10 3 0 1 1 28 0 0 7 0
准确率:    0.9444 (34/36)
----------------------------------------
⏳ 验证无提升 (验证准确率: 0.9679 ≤ 0.9679)，patience: 2/50

======================================================================
🚀 Epoch 37/200
======================================================================
📚 开始训练阶段...
训练进度: 500/6065 损失=0.0399
训练进度: 1000/6065 损失=0.0280
训练进度: 1500/6065 损失=0.0271
训练进度: 2000/6065 损失=0.0913
训练进度: 2500/6065 损失=0.0385
训练进度: 3000/6065 损失=0.0283
训练进度: 3500/6065 损失=0.0244
训练进度: 4000/6065 损失=0.0209
训练进度: 4500/6065 损失=0.0526
训练进度: 5000/6065 损失=0.0330
训练进度: 5500/6065 损失=0.0597
训练进度: 6000/6065 损失=0.0457
训练进度: 6065/6065 损失=0.0439
✅ 训练完成，耗时: 109.5秒 (1.8分钟)

============================================================
📊 验证决策: Epoch 37/200
   验证间隔: 1
   是否验证: ✅ 是
   原因: 达到验证间隔 (0 == 0)
============================================================

🔍 开始验证...
验证进度: 500/686 损失=0.0879
验证进度: 686/686 损失=0.5123

📊 预测分布分析:
  - 预测的前5个类别: {np.int64(0): 281793, np.int64(1): 37087, np.int64(2): 14842, np.int64(3): 10743, np.int64(4): 8544}
  - 标签的前5个类别: {np.int64(0): 281232, np.int64(1): 36731, np.int64(2): 14789, np.int64(3): 10866, np.int64(4): 8585}
✅ 验证完成，耗时: 4.7秒 (0.1分钟)
训练损失: 0.0404
验证损失: 0.2971
验证准确率: 0.9670 (10601/10964) - 与Levenshtein高度相关
验证F1(加权): 0.9666 - 类别平衡更好
学习率: 0.000092
显存使用: 0.48GB (预留: 0.67GB)

生成的训练样本:
--------------------------------------------------------------------------------
输入:       MLK> D>JSRJL >MLK XZQJ> BR >XZ MLK>
目标:     0 0 0 4 0 0 1 0 0 0 0 0 2 0 17 0 0 33 0 0 0 0 0 2 0 0 2 0 0 0 2 0 0 0 4 0
预测:     0 0 0 4 0 0 1 0 0 0 0 0 2 0 17 0 0 33 0 0 0 0 0 2 0 0 2 0 0 0 2 0 0 0 4 0
准确率:    1.0000 (36/36)
----------------------------------------
输入:       HLJN KWLHJN LWVT> WNDRKNK WNRDPNK <DM> DNWBDNK
目标:     0 0 0 0 0 0 8 0 5 0 0 0 0 0 0 13 23 0 0 1 28 0 0 3 32 0 0 1 6 0 0 3 32 0 0 0 0 0 0 0 1 68 0 0 3 32 0
预测:     0 0 0 0 0 0 8 0 5 0 0 0 0 0 0 13 23 0 0 1 28 0 0 3 32 0 0 1 6 0 0 3 32 0 0 0 0 0 0 0 1 68 0 0 3 32 0
准确率:    1.0000 (47/47)
----------------------------------------
输入:       WVM> <LWT> DSMW BHJN KHN> BSM> MN
目标:     0 1 0 0 77 0 0 57 2 23 0 0 1 31 3 0 0 1 0 0 0 0 0 0 11 0 0 0 0 11 0 0 0 0
预测:     0 1 0 0 77 0 0 57 2 23 0 0 1 31 3 0 0 1 0 0 0 0 0 0 11 0 0 0 0 11 0 0 0 0
准确率:    1.0000 (34/34)
----------------------------------------

生成的验证样本:
--------------------------------------------------------------------------------
输入:       LTCBWXT> MNW HN> D>CKX LMV<> WL> V<>
目标:     0 1 0 0 8 0 13 9 0 0 0 71 0 0 0 0 0 0 35 0 0 0 3 0 1 6 0 10 7 0 1 0 0 0 0 10 3
预测:     0 1 0 0 8 0 13 9 0 0 0 71 0 0 0 0 0 0 1 17 0 0 3 0 1 6 0 10 7 0 1 0 0 0 0 10 7
准确率:    0.9189 (34/37)
----------------------------------------
输入:       MNW HN> D>CKX LMV<> WL> V<> WLMB>CW
目标:     0 0 71 0 0 0 0 0 0 35 0 0 0 3 0 1 6 0 10 7 0 1 0 0 0 0 10 3 0 1 1 28 0 0 7 0
预测:     0 0 71 0 0 0 0 0 0 1 17 0 0 3 0 1 6 0 10 7 0 1 0 0 0 0 10 7 0 1 1 28 0 0 7 0
准确率:    0.9167 (33/36)
----------------------------------------
⏳ 验证无提升 (验证准确率: 0.9670 ≤ 0.9679)，patience: 3/50

======================================================================
🚀 Epoch 38/200
======================================================================
📚 开始训练阶段...
训练进度: 500/6065 损失=0.0556
训练进度: 1000/6065 损失=0.0637
训练进度: 1500/6065 损失=0.0263
训练进度: 2000/6065 损失=0.0285
训练进度: 2500/6065 损失=0.0187
训练进度: 3000/6065 损失=0.0103
训练进度: 3500/6065 损失=0.0391
训练进度: 4000/6065 损失=0.0575
训练进度: 4500/6065 损失=0.0890
训练进度: 5000/6065 损失=0.0180
训练进度: 5500/6065 损失=0.0354
训练进度: 6000/6065 损失=0.0448
训练进度: 6065/6065 损失=0.0304
✅ 训练完成，耗时: 109.4秒 (1.8分钟)

============================================================
📊 验证决策: Epoch 38/200
   验证间隔: 1
   是否验证: ✅ 是
   原因: 达到验证间隔 (0 == 0)
============================================================

🔍 开始验证...
验证进度: 500/686 损失=0.0683
验证进度: 686/686 损失=0.6845

📊 预测分布分析:
  - 预测的前5个类别: {np.int64(0): 281662, np.int64(1): 37163, np.int64(2): 14865, np.int64(3): 10972, np.int64(4): 8904}
  - 标签的前5个类别: {np.int64(0): 281232, np.int64(1): 36731, np.int64(2): 14789, np.int64(3): 10866, np.int64(4): 8585}
✅ 验证完成，耗时: 4.7秒 (0.1分钟)
训练损失: 0.0394
验证损失: 0.2908
验证准确率: 0.9667 (10598/10964) - 与Levenshtein高度相关
验证F1(加权): 0.9662 - 类别平衡更好
学习率: 0.000092
显存使用: 0.48GB (预留: 0.67GB)

生成的训练样本:
--------------------------------------------------------------------------------
输入:       WNXZWN WPTX MRJ> <JNJHWN WXZW WH> BGW
目标:     0 1 6 0 18 0 0 0 1 0 0 3 0 0 0 0 2 0 0 0 2 1 0 0 0 0 1 0 18 0 0 1 0 0 0 1 0 2
预测:     0 1 6 0 18 0 0 0 1 0 0 3 0 0 0 0 2 0 0 0 2 1 0 0 0 0 1 0 18 0 0 1 0 0 0 1 0 2
准确率:    1.0000 (38/38)
----------------------------------------
输入:       D<L WXDJ BGNWNJHJN >WDJ LH JLDT> DB<WLJHJN
目标:     0 1 0 0 0 1 0 0 3 0 1 0 0 0 2 1 0 0 0 0 50 0 0 3 0 1 0 0 0 0 22 23 0 0 1 1 0 0 127 1 0 0 0
预测:     0 1 0 0 0 1 0 0 3 0 1 0 0 0 2 1 0 0 0 0 50 0 0 3 0 1 0 0 0 0 22 23 0 0 1 1 0 0 127 1 0 0 0
准确率:    1.0000 (43/43)
----------------------------------------
输入:       WLJT QL W>P L> DY>T WHPK L>WR<H
目标:     0 1 58 0 24 0 0 2 0 1 0 0 0 0 0 0 1 20 0 7 0 1 0 0 3 0 1 0 0 0 5 0
预测:     0 1 58 0 24 0 0 2 0 1 0 0 0 0 0 0 1 20 0 7 0 1 0 0 3 0 1 0 0 0 5 0
准确率:    1.0000 (32/32)
----------------------------------------

生成的验证样本:
--------------------------------------------------------------------------------
输入:       LTCBWXT> MNW HN> D>CKX LMV<> WL> V<>
目标:     0 1 0 0 8 0 13 9 0 0 0 71 0 0 0 0 0 0 35 0 0 0 3 0 1 6 0 10 7 0 1 0 0 0 0 10 3
预测:     0 1 0 0 8 0 13 9 0 0 0 71 0 0 0 0 0 0 1 17 0 0 3 0 1 6 0 10 7 0 1 0 0 0 0 10 7
准确率:    0.9189 (34/37)
----------------------------------------
输入:       MNW HN> D>CKX LMV<> WL> V<> WLMB>CW
目标:     0 0 71 0 0 0 0 0 0 35 0 0 0 3 0 1 6 0 10 7 0 1 0 0 0 0 10 3 0 1 1 28 0 0 7 0
预测:     0 0 71 0 0 0 0 0 0 1 17 0 0 3 0 1 6 0 10 7 0 1 0 0 0 0 10 3 0 1 1 28 0 0 7 0
准确率:    0.9444 (34/36)
----------------------------------------
⏳ 验证无提升 (验证准确率: 0.9667 ≤ 0.9679)，patience: 4/50

======================================================================
🚀 Epoch 39/200
======================================================================
📚 开始训练阶段...
训练进度: 500/6065 损失=0.0536
训练进度: 1000/6065 损失=0.0330
训练进度: 1500/6065 损失=0.0165
训练进度: 2000/6065 损失=0.0171
训练进度: 2500/6065 损失=0.0534
训练进度: 3000/6065 损失=0.0334
训练进度: 3500/6065 损失=0.0149
训练进度: 4000/6065 损失=0.0378
训练进度: 4500/6065 损失=0.0309
训练进度: 5000/6065 损失=0.0710
训练进度: 5500/6065 损失=0.0331
训练进度: 6000/6065 损失=0.0564
训练进度: 6065/6065 损失=0.0164
✅ 训练完成，耗时: 109.7秒 (1.8分钟)

============================================================
📊 验证决策: Epoch 39/200
   验证间隔: 1
   是否验证: ✅ 是
   原因: 达到验证间隔 (0 == 0)
============================================================

🔍 开始验证...
验证进度: 500/686 损失=0.0691
验证进度: 686/686 损失=0.4753

📊 预测分布分析:
  - 预测的前5个类别: {np.int64(0): 282317, np.int64(1): 37094, np.int64(2): 14717, np.int64(3): 10638, np.int64(4): 8723}
  - 标签的前5个类别: {np.int64(0): 281232, np.int64(1): 36731, np.int64(2): 14789, np.int64(3): 10866, np.int64(4): 8585}
✅ 验证完成，耗时: 4.7秒 (0.1分钟)
训练损失: 0.0390
验证损失: 0.3036
验证准确率: 0.9675 (10607/10964) - 与Levenshtein高度相关
验证F1(加权): 0.9670 - 类别平衡更好
学习率: 0.000091
显存使用: 0.48GB (预留: 0.67GB)

生成的训练样本:
--------------------------------------------------------------------------------
输入:       BZR<K KLHWN <MM> D>R<> XLP DCM<T BQLJ
目标:     0 1 0 0 5 0 0 0 5 0 0 0 0 0 8 30 0 0 1 0 0 4 0 0 0 0 2 0 1 0 0 3 12 0 1 0 5 0
预测:     0 1 0 0 5 0 0 0 5 0 0 0 0 0 8 30 0 0 1 0 0 4 0 0 0 0 2 0 1 0 0 3 12 0 1 0 5 0
准确率:    1.0000 (38/38)
----------------------------------------
输入:       KLHWN XVHWHJ DJWRB<M BR NBV D>XVJ L>JSRJL
目标:     0 0 5 0 0 0 0 0 0 25 1 0 0 0 1 0 0 0 0 0 2 0 0 2 0 0 0 2 0 1 17 0 0 3 0 1 0 0 0 0 0 2
预测:     0 0 5 0 0 0 0 0 0 25 1 0 0 0 1 0 0 0 0 0 2 0 0 2 0 0 0 2 0 1 17 0 0 3 0 1 0 0 0 0 0 2
准确率:    1.0000 (42/42)
----------------------------------------
输入:       <DM> LWTH BH WB<LTH V<J >TRHJN MNJ
目标:     0 0 0 0 0 0 0 0 1 12 0 1 0 0 1 1 0 13 1 12 0 0 0 80 0 0 0 5 0 0 0 0 0 0 22
预测:     0 0 0 0 0 0 0 0 1 12 0 1 0 0 1 1 0 13 1 12 0 0 0 80 0 0 0 5 0 0 0 0 0 0 22
准确率:    1.0000 (35/35)
----------------------------------------

生成的验证样本:
--------------------------------------------------------------------------------
输入:       LTCBWXT> MNW HN> D>CKX LMV<> WL> V<>
目标:     0 1 0 0 8 0 13 9 0 0 0 71 0 0 0 0 0 0 35 0 0 0 3 0 1 6 0 10 7 0 1 0 0 0 0 10 3
预测:     0 1 0 0 8 0 13 9 0 0 0 71 0 0 0 0 0 0 1 17 0 0 3 0 1 6 0 10 7 0 1 0 0 0 0 10 7
准确率:    0.9189 (34/37)
----------------------------------------
输入:       MNW HN> D>CKX LMV<> WL> V<> WLMB>CW
目标:     0 0 71 0 0 0 0 0 0 35 0 0 0 3 0 1 6 0 10 7 0 1 0 0 0 0 10 3 0 1 1 28 0 0 7 0
预测:     0 0 71 0 0 0 0 0 0 1 17 0 0 3 0 1 6 0 10 7 0 1 0 0 0 0 10 7 0 1 1 28 0 0 7 0
准确率:    0.9167 (33/36)
----------------------------------------
⏳ 验证无提升 (验证准确率: 0.9675 ≤ 0.9679)，patience: 5/50

======================================================================
🚀 Epoch 40/200
======================================================================
📚 开始训练阶段...
训练进度: 500/6065 损失=0.0336
训练进度: 1000/6065 损失=0.0504
训练进度: 1500/6065 损失=0.0271
训练进度: 2000/6065 损失=0.0537
训练进度: 2500/6065 损失=0.0474
训练进度: 3000/6065 损失=0.0497
训练进度: 3500/6065 损失=0.0619
训练进度: 4000/6065 损失=0.0333
训练进度: 4500/6065 损失=0.0956
训练进度: 5000/6065 损失=0.0235
训练进度: 5500/6065 损失=0.0310
训练进度: 6000/6065 损失=0.0232
训练进度: 6065/6065 损失=0.0709
✅ 训练完成，耗时: 109.6秒 (1.8分钟)

============================================================
📊 验证决策: Epoch 40/200
   验证间隔: 1
   是否验证: ✅ 是
   原因: 达到验证间隔 (0 == 0)
============================================================

🔍 开始验证...
验证进度: 500/686 损失=0.0853
验证进度: 686/686 损失=0.6000

📊 预测分布分析:
  - 预测的前5个类别: {np.int64(0): 282194, np.int64(1): 37054, np.int64(2): 14845, np.int64(3): 10911, np.int64(4): 8720}
  - 标签的前5个类别: {np.int64(0): 281232, np.int64(1): 36731, np.int64(2): 14789, np.int64(3): 10866, np.int64(4): 8585}
✅ 验证完成，耗时: 4.7秒 (0.1分钟)
训练损失: 0.0379
验证损失: 0.3029
验证准确率: 0.9681 (10614/10964) - 与Levenshtein高度相关
验证F1(加权): 0.9676 - 类别平衡更好
学习率: 0.000091
显存使用: 0.48GB (预留: 0.67GB)

生成的训练样本:
--------------------------------------------------------------------------------
输入:       JHW>C MLK> D>JSR>JL WBK> <L >PWHJ W>MR
目标:     0 0 0 0 0 2 0 0 0 4 0 0 1 0 0 0 8 0 0 2 0 1 0 10 3 0 0 0 0 54 25 1 0 0 0 1 0 0 3
预测:     0 0 0 0 0 2 0 0 0 4 0 0 1 0 0 0 8 0 0 2 0 1 0 10 3 0 0 0 0 54 25 1 0 0 0 1 0 0 3
准确率:    1.0000 (39/39)
----------------------------------------
输入:       SPJN> DXJRM V<N DHB> MN >WPJR W>JTJ
目标:     0 0 0 0 61 0 0 1 0 0 0 2 0 0 0 326 0 0 0 4 0 0 0 0 0 0 0 0 0 2 0 1 59 0 0 3
预测:     0 0 0 0 61 0 0 1 0 0 0 2 0 0 0 49 0 0 0 4 0 0 0 0 0 0 0 0 0 2 0 1 59 0 0 3
准确率:    0.9722 (35/36)
----------------------------------------
输入:       D>WMN> HW DBVB> VB> D>KRZ >GR> VB>
目标:     0 1 0 0 0 4 0 0 0 0 0 1 1 0 4 0 0 0 15 0 0 1 17 0 0 3 0 0 0 4 0 0 0 4 0
预测:     0 1 0 0 0 4 0 0 0 0 0 1 1 0 4 0 0 0 15 0 0 1 17 0 0 3 0 0 0 4 0 0 0 15 0
准确率:    0.9714 (34/35)
----------------------------------------

生成的验证样本:
--------------------------------------------------------------------------------
输入:       LTCBWXT> MNW HN> D>CKX LMV<> WL> V<>
目标:     0 1 0 0 8 0 13 9 0 0 0 71 0 0 0 0 0 0 35 0 0 0 3 0 1 6 0 10 7 0 1 0 0 0 0 10 3
预测:     0 1 0 0 8 0 13 9 0 0 0 71 0 0 0 0 0 0 1 17 0 0 3 0 1 6 0 10 7 0 1 0 0 0 0 10 7
准确率:    0.9189 (34/37)
----------------------------------------
输入:       MNW HN> D>CKX LMV<> WL> V<> WLMB>CW
目标:     0 0 71 0 0 0 0 0 0 35 0 0 0 3 0 1 6 0 10 7 0 1 0 0 0 0 10 3 0 1 1 28 0 0 7 0
预测:     0 0 71 0 0 0 0 0 0 1 17 0 0 3 0 1 6 0 10 7 0 1 0 0 0 0 10 3 0 1 1 28 0 0 7 0
准确率:    0.9444 (34/36)
----------------------------------------
💾 保存新的最佳模型！验证准确率: 0.9681 (F1: 0.9676) (Epoch 40)

======================================================================
🚀 Epoch 41/200
======================================================================
📚 开始训练阶段...
训练进度: 500/6065 损失=0.0634
训练进度: 1000/6065 损失=0.0310
训练进度: 1500/6065 损失=0.0446
训练进度: 2000/6065 损失=0.0196
训练进度: 2500/6065 损失=0.0430
训练进度: 3000/6065 损失=0.0408
训练进度: 3500/6065 损失=0.0267
训练进度: 4000/6065 损失=0.0392
训练进度: 4500/6065 损失=0.0277
训练进度: 5000/6065 损失=0.0233
训练进度: 5500/6065 损失=0.0375
训练进度: 6000/6065 损失=0.0288
训练进度: 6065/6065 损失=0.0231
✅ 训练完成，耗时: 109.6秒 (1.8分钟)

============================================================
📊 验证决策: Epoch 41/200
   验证间隔: 1
   是否验证: ✅ 是
   原因: 达到验证间隔 (0 == 0)
============================================================

🔍 开始验证...
验证进度: 500/686 损失=0.1398
验证进度: 686/686 损失=0.6529

📊 预测分布分析:
  - 预测的前5个类别: {np.int64(0): 282130, np.int64(1): 37059, np.int64(2): 14724, np.int64(3): 10538, np.int64(4): 8968}
  - 标签的前5个类别: {np.int64(0): 281232, np.int64(1): 36731, np.int64(2): 14789, np.int64(3): 10866, np.int64(4): 8585}
✅ 验证完成，耗时: 4.7秒 (0.1分钟)
训练损失: 0.0370
验证损失: 0.3000
验证准确率: 0.9680 (10613/10964) - 与Levenshtein高度相关
验证F1(加权): 0.9674 - 类别平衡更好
学习率: 0.000090
显存使用: 0.48GB (预留: 0.67GB)

生成的训练样本:
--------------------------------------------------------------------------------
输入:       MVL D>NT JD< >NT PWLXN> DPLXTK W>MR
目标:     0 0 0 0 0 1 0 0 0 0 0 0 7 0 0 0 0 0 0 0 0 0 4 0 0 1 0 0 3 1 0 0 1 0 0 3
预测:     0 0 0 0 0 1 0 0 0 0 0 0 7 0 0 0 0 0 0 0 0 0 4 0 0 1 0 0 3 1 0 0 1 0 0 3
准确率:    1.0000 (36/36)
----------------------------------------
输入:       >JKN> DHLJN KLHWN XWLMN> MTJLDJN MNH MKJL
目标:     0 0 0 0 8 0 0 1 0 0 0 0 0 0 5 0 0 0 0 0 0 0 0 11 0 0 21 14 0 0 7 0 0 0 0 1 12 0 0 0 0 0
预测:     0 0 0 0 8 0 0 1 0 0 0 0 0 0 5 0 0 0 0 0 0 0 0 11 0 0 21 14 0 0 7 0 0 0 0 1 12 0 0 0 0 0
准确率:    1.0000 (42/42)
----------------------------------------
输入:       LH SRJD> WQM >ZL W<L LCMRJN WHW
目标:     0 1 0 0 0 0 0 4 0 0 1 31 3 0 0 0 3 0 1 0 53 0 1 0 0 0 0 2 0 1 0 0
预测:     0 1 0 0 0 0 0 4 0 0 1 31 3 0 0 0 3 0 1 0 53 0 1 0 0 0 0 2 0 1 0 0
准确率:    1.0000 (32/32)
----------------------------------------

生成的验证样本:
--------------------------------------------------------------------------------
输入:       LTCBWXT> MNW HN> D>CKX LMV<> WL> V<>
目标:     0 1 0 0 8 0 13 9 0 0 0 71 0 0 0 0 0 0 35 0 0 0 3 0 1 6 0 10 7 0 1 0 0 0 0 10 3
预测:     0 1 0 0 8 0 13 9 0 0 0 71 0 0 0 0 0 0 1 17 0 0 3 0 1 6 0 10 7 0 1 0 0 0 0 10 7
准确率:    0.9189 (34/37)
----------------------------------------
输入:       MNW HN> D>CKX LMV<> WL> V<> WLMB>CW
目标:     0 0 71 0 0 0 0 0 0 35 0 0 0 3 0 1 6 0 10 7 0 1 0 0 0 0 10 3 0 1 1 28 0 0 7 0
预测:     0 0 71 0 0 0 0 0 0 1 17 0 0 3 0 1 6 0 10 7 0 1 0 0 0 0 10 3 0 1 1 28 0 0 7 0
准确率:    0.9444 (34/36)
----------------------------------------
⏳ 验证无提升 (验证准确率: 0.9680 ≤ 0.9681)，patience: 1/50

======================================================================
🚀 Epoch 42/200
======================================================================
📚 开始训练阶段...
训练进度: 500/6065 损失=0.0293
训练进度: 1000/6065 损失=0.0378
训练进度: 1500/6065 损失=0.0345
训练进度: 2000/6065 损失=0.0273
训练进度: 2500/6065 损失=0.0154
训练进度: 3000/6065 损失=0.0413
训练进度: 3500/6065 损失=0.0263
训练进度: 4000/6065 损失=0.0224
训练进度: 4500/6065 损失=0.0099
训练进度: 5000/6065 损失=0.0484
训练进度: 5500/6065 损失=0.0197
训练进度: 6000/6065 损失=0.0287
训练进度: 6065/6065 损失=0.0320
✅ 训练完成，耗时: 109.7秒 (1.8分钟)

============================================================
📊 验证决策: Epoch 42/200
   验证间隔: 1
   是否验证: ✅ 是
   原因: 达到验证间隔 (0 == 0)
============================================================

🔍 开始验证...
验证进度: 500/686 损失=0.0894
验证进度: 686/686 损失=0.6370

📊 预测分布分析:
  - 预测的前5个类别: {np.int64(0): 282375, np.int64(1): 37066, np.int64(2): 14862, np.int64(3): 10729, np.int64(4): 8999}
  - 标签的前5个类别: {np.int64(0): 281232, np.int64(1): 36731, np.int64(2): 14789, np.int64(3): 10866, np.int64(4): 8585}
✅ 验证完成，耗时: 4.8秒 (0.1分钟)
训练损失: 0.0363
验证损失: 0.3074
验证准确率: 0.9681 (10614/10964) - 与Levenshtein高度相关
验证F1(加权): 0.9673 - 类别平衡更好
学习率: 0.000090
显存使用: 0.48GB (预留: 0.67GB)

生成的训练样本:
--------------------------------------------------------------------------------
输入:       CNJN WMJT WHW> NWX BR XMCM>> CNJN
目标:     0 0 13 0 0 0 1 20 0 3 0 1 0 10 3 0 0 0 22 0 0 2 0 0 0 5 0 0 2 0 0 13 0 0
预测:     0 0 13 0 0 0 1 20 0 3 0 1 0 10 3 0 0 0 22 0 0 2 0 0 0 5 0 0 2 0 0 13 0 0
准确率:    1.0000 (34/34)
----------------------------------------
输入:       DMYRJN WNHW> <L BNJNC> W<L B<JR> CWXN>
目标:     0 1 0 0 0 0 2 0 1 6 0 10 3 0 0 0 0 0 2 75 0 4 0 0 1 0 0 0 0 0 0 4 0 0 0 0 0 4 0
预测:     0 1 0 0 0 0 2 0 1 6 0 10 3 0 0 0 0 0 2 75 0 4 0 0 1 0 0 0 0 0 0 4 0 0 0 0 0 4 0
准确率:    1.0000 (39/39)
----------------------------------------
输入:       DJLDT L>BRHM MGXK W>MRT L>BRHM >PQJH L>MT>
目标:     0 1 0 0 3 26 0 1 0 0 0 0 2 0 6 0 0 41 0 1 0 0 3 26 0 1 0 0 0 0 2 6 72 0 48 1 12 0 1 0 70 9 0
预测:     0 1 0 0 3 26 0 1 0 0 0 0 2 0 6 0 0 41 0 1 0 0 3 26 0 1 0 0 0 0 2 6 72 0 48 1 12 0 1 0 70 9 0
准确率:    1.0000 (43/43)
----------------------------------------

生成的验证样本:
--------------------------------------------------------------------------------
输入:       LTCBWXT> MNW HN> D>CKX LMV<> WL> V<>
目标:     0 1 0 0 8 0 13 9 0 0 0 71 0 0 0 0 0 0 35 0 0 0 3 0 1 6 0 10 7 0 1 0 0 0 0 10 3
预测:     0 1 0 0 8 0 13 9 0 0 0 71 0 0 0 0 0 0 1 17 0 0 3 0 1 6 0 10 7 0 1 0 0 0 0 10 7
准确率:    0.9189 (34/37)
----------------------------------------
输入:       MNW HN> D>CKX LMV<> WL> V<> WLMB>CW
目标:     0 0 71 0 0 0 0 0 0 35 0 0 0 3 0 1 6 0 10 7 0 1 0 0 0 0 10 3 0 1 1 28 0 0 7 0
预测:     0 0 71 0 0 0 0 0 0 1 17 0 0 3 0 1 6 0 10 7 0 1 0 0 0 0 10 7 0 1 1 28 0 0 7 0
准确率:    0.9167 (33/36)
----------------------------------------
💾 保存新的最佳模型！验证准确率: 0.9681 (F1: 0.9673) (Epoch 42)

======================================================================
🚀 Epoch 43/200
======================================================================
📚 开始训练阶段...
训练进度: 500/6065 损失=0.0298
训练进度: 1000/6065 损失=0.0380
训练进度: 1500/6065 损失=0.0435
训练进度: 2000/6065 损失=0.0286
训练进度: 2500/6065 损失=0.0174
训练进度: 3000/6065 损失=0.0553
训练进度: 3500/6065 损失=0.0459
训练进度: 4000/6065 损失=0.0505
训练进度: 4500/6065 损失=0.0171
训练进度: 5000/6065 损失=0.0247
训练进度: 5500/6065 损失=0.0299
训练进度: 6000/6065 损失=0.0714
训练进度: 6065/6065 损失=0.0339
✅ 训练完成，耗时: 109.3秒 (1.8分钟)

============================================================
📊 验证决策: Epoch 43/200
   验证间隔: 1
   是否验证: ✅ 是
   原因: 达到验证间隔 (0 == 0)
============================================================

🔍 开始验证...
验证进度: 500/686 损失=0.0377
验证进度: 686/686 损失=0.7362

📊 预测分布分析:
  - 预测的前5个类别: {np.int64(0): 282014, np.int64(1): 37068, np.int64(2): 14724, np.int64(3): 10993, np.int64(4): 8810}
  - 标签的前5个类别: {np.int64(0): 281232, np.int64(1): 36731, np.int64(2): 14789, np.int64(3): 10866, np.int64(4): 8585}
✅ 验证完成，耗时: 4.7秒 (0.1分钟)
训练损失: 0.0355
验证损失: 0.3067
验证准确率: 0.9682 (10615/10964) - 与Levenshtein高度相关
验证F1(加权): 0.9676 - 类别平衡更好
学习率: 0.000089
显存使用: 0.48GB (预留: 0.67GB)

生成的训练样本:
--------------------------------------------------------------------------------
输入:       LHWN <WDRN> HNWN DBJD XC> WSMMN> MTGMRJN
目标:     0 1 0 0 0 0 0 0 0 0 11 0 0 0 0 0 0 0 1 1 0 2 0 0 11 0 0 1 0 0 0 11 0 0 21 14 0 0 7 0 0
预测:     0 1 0 0 0 0 0 0 0 0 11 0 0 0 0 0 0 0 1 1 0 2 0 0 11 0 0 1 0 0 0 11 0 0 21 14 0 0 7 0 0
准确率:    1.0000 (41/41)
----------------------------------------
输入:       QRB W>LBC >NWN KWTJNJT> WMCWX >NWN >JK
目标:     6 0 0 16 0 36 17 0 0 3 0 0 0 0 0 0 0 0 0 0 57 2 23 0 0 36 0 8 0 33 0 0 0 0 0 0 0 0 0
预测:     6 0 0 16 0 36 17 0 0 3 0 0 0 0 0 0 0 0 0 0 57 2 23 0 0 36 0 8 0 33 0 0 0 0 0 0 0 0 0
准确率:    1.0000 (39/39)
----------------------------------------
输入:       MDM MVL DL> XJB> <LJMT> XVH> DMWT>
目标:     0 0 0 2 0 0 0 0 0 1 0 0 0 20 0 7 0 0 0 0 0 2 9 0 0 0 0 4 0 0 1 0 0 15 0
预测:     0 0 0 2 0 0 0 0 0 1 0 0 0 20 0 7 0 0 0 0 0 2 9 0 0 0 0 4 0 0 1 0 0 15 0
准确率:    1.0000 (35/35)
----------------------------------------

生成的验证样本:
--------------------------------------------------------------------------------
输入:       LTCBWXT> MNW HN> D>CKX LMV<> WL> V<>
目标:     0 1 0 0 8 0 13 9 0 0 0 71 0 0 0 0 0 0 35 0 0 0 3 0 1 6 0 10 7 0 1 0 0 0 0 10 3
预测:     0 1 0 0 8 0 13 9 0 0 0 71 0 0 0 0 0 0 1 17 0 0 3 0 1 6 0 10 7 0 1 0 0 0 0 10 3
准确率:    0.9459 (35/37)
----------------------------------------
输入:       MNW HN> D>CKX LMV<> WL> V<> WLMB>CW
目标:     0 0 71 0 0 0 0 0 0 35 0 0 0 3 0 1 6 0 10 7 0 1 0 0 0 0 10 3 0 1 1 28 0 0 7 0
预测:     0 0 71 0 0 0 0 0 0 1 28 0 0 3 0 1 6 0 10 7 0 1 0 0 0 0 10 3 0 1 1 28 0 0 7 0
准确率:    0.9444 (34/36)
----------------------------------------
💾 保存新的最佳模型！验证准确率: 0.9682 (F1: 0.9676) (Epoch 43)

======================================================================
🚀 Epoch 44/200
======================================================================
📚 开始训练阶段...
训练进度: 500/6065 损失=0.0447
训练进度: 1000/6065 损失=0.0496
训练进度: 1500/6065 损失=0.0202
训练进度: 2000/6065 损失=0.0472
训练进度: 2500/6065 损失=0.0106
训练进度: 3000/6065 损失=0.0362
训练进度: 3500/6065 损失=0.0385
训练进度: 4000/6065 损失=0.0460
训练进度: 4500/6065 损失=0.0498
训练进度: 5000/6065 损失=0.0136
训练进度: 5500/6065 损失=0.0210
训练进度: 6000/6065 损失=0.0268
训练进度: 6065/6065 损失=0.0510
✅ 训练完成，耗时: 109.0秒 (1.8分钟)

============================================================
📊 验证决策: Epoch 44/200
   验证间隔: 1
   是否验证: ✅ 是
   原因: 达到验证间隔 (0 == 0)
============================================================

🔍 开始验证...
验证进度: 500/686 损失=0.1385
验证进度: 686/686 损失=0.5353

📊 预测分布分析:
  - 预测的前5个类别: {np.int64(0): 282192, np.int64(1): 37038, np.int64(2): 14767, np.int64(3): 10835, np.int64(4): 8741}
  - 标签的前5个类别: {np.int64(0): 281232, np.int64(1): 36731, np.int64(2): 14789, np.int64(3): 10866, np.int64(4): 8585}
✅ 验证完成，耗时: 4.7秒 (0.1分钟)
训练损失: 0.0350
验证损失: 0.3135
验证准确率: 0.9676 (10608/10964) - 与Levenshtein高度相关
验证F1(加权): 0.9669 - 类别平衡更好
学习率: 0.000089
显存使用: 0.48GB (预留: 0.67GB)

生成的训练样本:
--------------------------------------------------------------------------------
输入:       MRJ> DMH BRJCH DPG< BTRJN GBRJN DZDJQJN
目标:     0 0 0 0 2 0 0 5 0 0 1 0 0 5 0 0 1 0 0 3 0 1 0 2 0 12 0 0 0 2 0 0 0 1 0 0 0 2 0 0
预测:     0 0 0 0 2 0 0 5 0 0 1 0 0 5 0 0 1 0 0 3 0 1 0 2 0 12 0 0 0 2 0 0 0 1 0 0 0 2 0 0
准确率:    1.0000 (40/40)
----------------------------------------
输入:       >BJMLK W<RQ MN QDMWHJ WNPLW QVJL> SGJ>>
目标:     0 0 0 0 0 0 2 0 1 0 0 3 0 0 0 0 0 0 25 1 0 0 0 1 0 0 3 0 0 0 8 0 65 27 0 0 0 0 11 0
预测:     0 0 0 0 0 0 2 0 1 0 0 3 0 0 0 0 0 0 25 1 0 0 0 1 0 0 3 0 0 0 8 0 65 27 0 0 0 0 11 0
准确率:    1.0000 (40/40)
----------------------------------------
输入:       DL> >TW L<WDRNH DMRJ> BGBR> TTBRK MN
目标:     0 1 0 0 0 0 18 0 0 1 0 0 0 0 5 0 0 1 0 0 0 2 0 1 0 0 11 0 0 91 14 0 0 16 0 0 0
预测:     0 1 0 0 0 0 18 0 0 1 0 0 0 0 5 0 0 1 0 0 0 2 0 1 0 0 11 0 0 91 14 0 0 16 0 0 0
准确率:    1.0000 (37/37)
----------------------------------------

生成的验证样本:
--------------------------------------------------------------------------------
输入:       LTCBWXT> MNW HN> D>CKX LMV<> WL> V<>
目标:     0 1 0 0 8 0 13 9 0 0 0 71 0 0 0 0 0 0 35 0 0 0 3 0 1 6 0 10 7 0 1 0 0 0 0 10 3
预测:     0 1 0 0 8 0 13 9 0 0 0 71 0 0 0 0 0 0 1 17 0 0 3 0 1 6 0 10 7 0 1 0 0 0 0 10 7
准确率:    0.9189 (34/37)
----------------------------------------
输入:       MNW HN> D>CKX LMV<> WL> V<> WLMB>CW
目标:     0 0 71 0 0 0 0 0 0 35 0 0 0 3 0 1 6 0 10 7 0 1 0 0 0 0 10 3 0 1 1 28 0 0 7 0
预测:     0 0 71 0 0 0 0 0 0 1 17 0 0 3 0 1 6 0 10 7 0 1 0 0 0 0 10 3 0 1 1 28 0 0 7 0
准确率:    0.9444 (34/36)
----------------------------------------
⏳ 验证无提升 (验证准确率: 0.9676 ≤ 0.9682)，patience: 1/50

======================================================================
🚀 Epoch 45/200
======================================================================
📚 开始训练阶段...
训练进度: 500/6065 损失=0.0427
训练进度: 1000/6065 损失=0.0184
训练进度: 1500/6065 损失=0.0287
训练进度: 2000/6065 损失=0.0245
训练进度: 2500/6065 损失=0.0373
训练进度: 3000/6065 损失=0.0456
训练进度: 3500/6065 损失=0.0169
训练进度: 4000/6065 损失=0.0420
训练进度: 4500/6065 损失=0.0312
训练进度: 5000/6065 损失=0.0180
训练进度: 5500/6065 损失=0.0235
训练进度: 6000/6065 损失=0.0301
训练进度: 6065/6065 损失=0.0276
✅ 训练完成，耗时: 108.9秒 (1.8分钟)

============================================================
📊 验证决策: Epoch 45/200
   验证间隔: 1
   是否验证: ✅ 是
   原因: 达到验证间隔 (0 == 0)
============================================================

🔍 开始验证...
验证进度: 500/686 损失=0.0808
验证进度: 686/686 损失=0.6531

📊 预测分布分析:
  - 预测的前5个类别: {np.int64(0): 281920, np.int64(1): 37094, np.int64(2): 14812, np.int64(3): 10735, np.int64(4): 8900}
  - 标签的前5个类别: {np.int64(0): 281232, np.int64(1): 36731, np.int64(2): 14789, np.int64(3): 10866, np.int64(4): 8585}
✅ 验证完成，耗时: 4.7秒 (0.1分钟)
训练损失: 0.0340
验证损失: 0.3153
验证准确率: 0.9672 (10603/10964) - 与Levenshtein高度相关
验证F1(加权): 0.9667 - 类别平衡更好
学习率: 0.000088
显存使用: 0.48GB (预留: 0.67GB)

生成的训练样本:
--------------------------------------------------------------------------------
输入:       WHC> L> TKR> LKWN WL> NT>BC B<JNJKWN
目标:     0 1 0 4 0 0 0 0 0 44 0 10 3 0 1 0 0 0 0 1 0 0 0 21 177 0 60 3 0 1 0 0 2 1 0 0 0
预测:     0 1 0 4 0 0 0 0 0 44 0 10 3 0 1 0 0 0 0 1 0 0 0 21 177 0 60 3 0 1 0 0 2 1 0 0 0
准确率:    1.0000 (37/37)
----------------------------------------
输入:       HKN> T<BD LKLHWN DPWHJ DMCKN> W<BD DP>
目标:     0 0 0 0 0 0 6 0 0 3 0 1 0 5 0 0 0 0 0 25 1 0 0 0 1 0 0 0 4 0 0 36 0 0 3 0 0 4 0
预测:     0 0 0 0 0 0 6 0 0 3 0 1 0 5 0 0 0 0 0 25 1 0 0 0 1 0 0 0 4 0 0 36 0 0 3 0 0 4 0
准确率:    1.0000 (39/39)
----------------------------------------
输入:       >W M>N> DKSP> MN KSP> D<>L LBJTH
目标:     0 0 0 0 0 0 11 0 0 1 0 0 4 0 0 0 0 0 0 0 4 0 0 1 8 0 83 0 1 0 0 5 0
预测:     0 0 0 0 0 0 11 0 0 1 0 0 4 0 0 0 0 0 0 0 4 0 0 1 8 0 83 0 1 0 0 5 0
准确率:    1.0000 (33/33)
----------------------------------------

生成的验证样本:
--------------------------------------------------------------------------------
输入:       LTCBWXT> MNW HN> D>CKX LMV<> WL> V<>
目标:     0 1 0 0 8 0 13 9 0 0 0 71 0 0 0 0 0 0 35 0 0 0 3 0 1 6 0 10 7 0 1 0 0 0 0 10 3
预测:     0 1 0 0 8 0 13 9 0 0 0 71 0 0 0 0 0 0 1 17 0 0 3 0 1 6 0 10 7 0 1 0 0 0 0 10 7
准确率:    0.9189 (34/37)
----------------------------------------
输入:       MNW HN> D>CKX LMV<> WL> V<> WLMB>CW
目标:     0 0 71 0 0 0 0 0 0 35 0 0 0 3 0 1 6 0 10 7 0 1 0 0 0 0 10 3 0 1 1 28 0 0 7 0
预测:     0 0 71 0 0 0 0 0 0 1 17 0 0 3 0 1 6 0 10 7 0 1 0 0 0 0 10 3 0 1 1 28 0 0 7 0
准确率:    0.9444 (34/36)
----------------------------------------
⏳ 验证无提升 (验证准确率: 0.9672 ≤ 0.9682)，patience: 2/50

======================================================================
🚀 Epoch 46/200
======================================================================
📚 开始训练阶段...
训练进度: 500/6065 损失=0.0773
训练进度: 1000/6065 损失=0.0365
训练进度: 1500/6065 损失=0.0138
训练进度: 2000/6065 损失=0.0140
训练进度: 2500/6065 损失=0.0106
训练进度: 3000/6065 损失=0.0422
训练进度: 3500/6065 损失=0.0294
训练进度: 4000/6065 损失=0.0165
训练进度: 4500/6065 损失=0.0401
训练进度: 5000/6065 损失=0.0356
训练进度: 5500/6065 损失=0.0252
训练进度: 6000/6065 损失=0.0124
训练进度: 6065/6065 损失=0.0309
✅ 训练完成，耗时: 109.0秒 (1.8分钟)

============================================================
📊 验证决策: Epoch 46/200
   验证间隔: 1
   是否验证: ✅ 是
   原因: 达到验证间隔 (0 == 0)
============================================================

🔍 开始验证...
验证进度: 500/686 损失=0.1213
验证进度: 686/686 损失=0.5656

📊 预测分布分析:
  - 预测的前5个类别: {np.int64(0): 282064, np.int64(1): 37092, np.int64(2): 14722, np.int64(3): 10849, np.int64(4): 8872}
  - 标签的前5个类别: {np.int64(0): 281232, np.int64(1): 36731, np.int64(2): 14789, np.int64(3): 10866, np.int64(4): 8585}
✅ 验证完成，耗时: 4.7秒 (0.1分钟)
训练损失: 0.0335
验证损失: 0.3212
验证准确率: 0.9678 (10611/10964) - 与Levenshtein高度相关
验证F1(加权): 0.9672 - 类别平衡更好
学习率: 0.000088
显存使用: 0.48GB (预留: 0.67GB)

生成的训练样本:
--------------------------------------------------------------------------------
输入:       B>JD> DBZWZ> WBZW >NWN W>CLM >NWN B>JD>
目标:     0 35 0 0 4 0 0 1 0 0 0 11 0 0 1 0 162 0 0 0 0 0 0 0 1 17 0 0 3 0 0 0 0 0 0 35 0 0 4 0
预测:     0 35 0 0 4 0 0 1 0 0 0 11 0 0 1 0 162 0 0 0 0 0 0 0 1 17 0 0 3 0 0 0 0 0 0 35 0 0 4 0
准确率:    1.0000 (40/40)
----------------------------------------
输入:       MDBR> DSJN LMCQLNJHWN <L MLT PWMH DMRJ>
目标:     0 0 0 0 4 0 0 1 0 0 22 0 1 0 0 0 0 2 1 0 0 0 0 0 0 0 0 13 0 0 0 0 5 0 0 1 0 0 0 2
预测:     0 0 0 0 4 0 0 1 0 0 22 0 1 0 0 0 0 2 1 0 0 0 0 0 0 0 0 13 0 0 0 0 5 0 0 1 0 0 0 2
准确率:    1.0000 (40/40)
----------------------------------------
输入:       DQRJT> HJ BPWM> DSJP> XRWBJH WLKL D>JT
目标:     0 1 0 0 22 9 0 0 0 26 0 1 0 0 4 0 0 1 0 0 4 0 6 0 8 0 48 1 12 0 1 1 0 2 0 1 0 0 24
预测:     0 1 0 0 22 9 0 0 0 26 0 1 0 0 4 0 0 1 0 0 4 0 6 0 8 0 48 1 12 0 1 1 0 2 0 1 0 0 24
准确率:    1.0000 (39/39)
----------------------------------------

生成的验证样本:
--------------------------------------------------------------------------------
输入:       LTCBWXT> MNW HN> D>CKX LMV<> WL> V<>
目标:     0 1 0 0 8 0 13 9 0 0 0 71 0 0 0 0 0 0 35 0 0 0 3 0 1 6 0 10 7 0 1 0 0 0 0 10 3
预测:     0 1 0 0 8 0 13 9 0 0 0 71 0 0 0 0 0 0 1 17 0 0 3 0 1 6 0 10 7 0 1 0 0 0 0 10 3
准确率:    0.9459 (35/37)
----------------------------------------
输入:       MNW HN> D>CKX LMV<> WL> V<> WLMB>CW
目标:     0 0 71 0 0 0 0 0 0 35 0 0 0 3 0 1 6 0 10 7 0 1 0 0 0 0 10 3 0 1 1 28 0 0 7 0
预测:     0 0 71 0 0 0 0 0 0 1 17 0 0 3 0 1 6 0 10 7 0 1 0 0 0 0 10 3 0 1 1 28 0 0 7 0
准确率:    0.9444 (34/36)
----------------------------------------
⏳ 验证无提升 (验证准确率: 0.9678 ≤ 0.9682)，patience: 3/50

======================================================================
🚀 Epoch 47/200
======================================================================
📚 开始训练阶段...
训练进度: 500/6065 损失=0.0216
训练进度: 1000/6065 损失=0.0279
训练进度: 1500/6065 损失=0.0405
训练进度: 2000/6065 损失=0.0188
训练进度: 2500/6065 损失=0.0319
训练进度: 3000/6065 损失=0.0783
训练进度: 3500/6065 损失=0.0232
训练进度: 4000/6065 损失=0.0373
训练进度: 4500/6065 损失=0.0432
训练进度: 5000/6065 损失=0.0357
训练进度: 5500/6065 损失=0.0109
训练进度: 6000/6065 损失=0.0132
训练进度: 6065/6065 损失=0.0324
✅ 训练完成，耗时: 109.0秒 (1.8分钟)

============================================================
📊 验证决策: Epoch 47/200
   验证间隔: 1
   是否验证: ✅ 是
   原因: 达到验证间隔 (0 == 0)
============================================================

🔍 开始验证...
验证进度: 500/686 损失=0.1743
验证进度: 686/686 损失=0.6620

📊 预测分布分析:
  - 预测的前5个类别: {np.int64(0): 282190, np.int64(1): 37029, np.int64(2): 14843, np.int64(3): 10881, np.int64(4): 8731}
  - 标签的前5个类别: {np.int64(0): 281232, np.int64(1): 36731, np.int64(2): 14789, np.int64(3): 10866, np.int64(4): 8585}
✅ 验证完成，耗时: 4.7秒 (0.1分钟)
训练损失: 0.0329
验证损失: 0.3141
验证准确率: 0.9679 (10611/10964) - 与Levenshtein高度相关
验证F1(加权): 0.9672 - 类别平衡更好
学习率: 0.000087
显存使用: 0.48GB (预留: 0.67GB)

生成的训练样本:
--------------------------------------------------------------------------------
输入:       CPRT LJ >BRK LMRJ> DMLKNJ W>P BLJLWT>
目标:     0 0 0 3 26 0 1 0 0 6 0 0 16 0 1 0 0 0 2 0 1 0 0 120 0 0 0 1 0 0 0 1 0 0 10 2 23 0
预测:     0 0 0 3 26 0 1 0 0 6 0 0 16 0 1 0 0 0 2 0 1 0 0 120 0 0 0 1 0 0 0 1 0 0 10 2 23 0
准确率:    1.0000 (38/38)
----------------------------------------
输入:       WHC> KRKWNJ WSMW <JNJHWN DNRMWNNJ B>R<> DMJN
目标:     0 1 0 4 0 0 0 0 3 1 0 0 0 1 31 3 0 0 0 0 2 1 0 0 0 0 1 28 0 18 0 1 0 0 0 1 0 0 4 0 0 0 0 7 0
预测:     0 1 0 4 0 0 0 0 3 1 0 0 0 1 31 3 0 0 0 0 2 1 0 0 0 0 1 28 0 18 0 1 0 0 0 1 0 0 4 0 0 0 0 7 0
准确率:    1.0000 (45/45)
----------------------------------------
输入:       B<WBH MNJ DJN >LY DTQN>JT NCM<JWHJ >NC
目标:     0 1 0 0 5 12 0 0 0 22 0 0 0 0 0 0 0 7 0 1 0 0 0 0 0 0 0 6 0 0 48 35 0 0 0 0 0 0 2
预测:     0 1 0 0 5 12 0 0 0 22 0 0 0 0 0 0 0 7 0 1 0 0 0 0 0 0 0 6 0 0 48 35 0 0 0 0 0 0 2
准确率:    1.0000 (39/39)
----------------------------------------

生成的验证样本:
--------------------------------------------------------------------------------
输入:       LTCBWXT> MNW HN> D>CKX LMV<> WL> V<>
目标:     0 1 0 0 8 0 13 9 0 0 0 71 0 0 0 0 0 0 35 0 0 0 3 0 1 6 0 10 7 0 1 0 0 0 0 10 3
预测:     0 1 0 0 8 0 13 9 0 0 0 71 0 0 0 0 0 0 1 17 0 0 3 0 1 6 0 10 7 0 1 0 0 0 0 10 7
准确率:    0.9189 (34/37)
----------------------------------------
输入:       MNW HN> D>CKX LMV<> WL> V<> WLMB>CW
目标:     0 0 71 0 0 0 0 0 0 35 0 0 0 3 0 1 6 0 10 7 0 1 0 0 0 0 10 3 0 1 1 28 0 0 7 0
预测:     0 0 71 0 0 0 0 0 0 1 17 0 0 3 0 1 6 0 10 7 0 1 0 0 0 0 10 3 0 1 1 28 0 0 7 0
准确率:    0.9444 (34/36)
----------------------------------------
⏳ 验证无提升 (验证准确率: 0.9679 ≤ 0.9682)，patience: 4/50

======================================================================
🚀 Epoch 48/200
======================================================================
📚 开始训练阶段...
训练进度: 500/6065 损失=0.0208
训练进度: 1000/6065 损失=0.0554
训练进度: 1500/6065 损失=0.0339
训练进度: 2000/6065 损失=0.0138
训练进度: 2500/6065 损失=0.0235
训练进度: 3000/6065 损失=0.0054
训练进度: 3500/6065 损失=0.0352
训练进度: 4000/6065 损失=0.0425
训练进度: 4500/6065 损失=0.0433
训练进度: 5000/6065 损失=0.0306
训练进度: 5500/6065 损失=0.0352
训练进度: 6000/6065 损失=0.0194
训练进度: 6065/6065 损失=0.0354
✅ 训练完成，耗时: 108.8秒 (1.8分钟)

============================================================
📊 验证决策: Epoch 48/200
   验证间隔: 1
   是否验证: ✅ 是
   原因: 达到验证间隔 (0 == 0)
============================================================

🔍 开始验证...
验证进度: 500/686 损失=0.1159
验证进度: 686/686 损失=0.5988

📊 预测分布分析:
  - 预测的前5个类别: {np.int64(0): 282142, np.int64(1): 37070, np.int64(2): 14731, np.int64(3): 10813, np.int64(4): 9066}
  - 标签的前5个类别: {np.int64(0): 281232, np.int64(1): 36731, np.int64(2): 14789, np.int64(3): 10866, np.int64(4): 8585}
✅ 验证完成，耗时: 4.7秒 (0.1分钟)
训练损失: 0.0319
验证损失: 0.3279
验证准确率: 0.9676 (10608/10964) - 与Levenshtein高度相关
验证F1(加权): 0.9670 - 类别平衡更好
学习率: 0.000087
显存使用: 0.48GB (预留: 0.67GB)

生成的训练样本:
--------------------------------------------------------------------------------
输入:       WXLP B<L> L>RMLT> WTHW> L>LH> >JK BR>
目标:     0 1 0 0 62 0 0 0 4 0 0 1 0 0 0 13 23 0 0 1 6 0 10 3 0 1 0 0 4 0 0 0 0 0 0 0 4 0
预测:     0 1 0 0 62 0 0 0 4 0 0 1 0 0 0 13 23 0 0 1 6 0 10 3 0 1 0 0 4 0 0 0 0 0 0 0 4 0
准确率:    1.0000 (38/38)
----------------------------------------
输入:       >NTT> BTMNT MN BNT PLCTJ> WSLQ WXWJ
目标:     0 0 0 13 9 0 0 1 0 0 0 2 0 0 0 0 0 2 12 0 0 0 0 0 11 0 0 1 0 0 3 0 1 0 0 16
预测:     0 0 0 13 9 0 0 1 0 0 0 2 0 0 0 0 0 2 12 0 0 0 0 0 11 0 0 1 0 0 3 0 1 0 0 16
准确率:    1.0000 (36/36)
----------------------------------------
输入:       WBVNT WKD XZT DBVNT ZLT MRTH B<JNJH
目标:     0 1 0 0 3 26 0 1 0 0 0 0 18 26 0 1 0 0 3 26 0 0 53 92 0 0 13 1 12 0 1 0 0 2 1 12
预测:     0 1 0 0 3 26 0 1 0 0 0 0 18 26 0 1 0 0 3 26 0 0 53 92 0 0 13 1 12 0 1 0 0 2 1 12
准确率:    1.0000 (36/36)
----------------------------------------

生成的验证样本:
--------------------------------------------------------------------------------
输入:       LTCBWXT> MNW HN> D>CKX LMV<> WL> V<>
目标:     0 1 0 0 8 0 13 9 0 0 0 71 0 0 0 0 0 0 35 0 0 0 3 0 1 6 0 10 7 0 1 0 0 0 0 10 3
预测:     0 1 0 0 8 0 13 9 0 0 0 71 0 0 0 0 0 0 1 17 0 0 3 0 1 6 0 10 7 0 1 0 0 0 0 10 7
准确率:    0.9189 (34/37)
----------------------------------------
输入:       MNW HN> D>CKX LMV<> WL> V<> WLMB>CW
目标:     0 0 71 0 0 0 0 0 0 35 0 0 0 3 0 1 6 0 10 7 0 1 0 0 0 0 10 3 0 1 1 28 0 0 7 0
预测:     0 0 71 0 0 0 0 0 0 1 17 0 0 3 0 1 6 0 10 7 0 1 0 0 0 0 10 3 0 1 1 28 0 0 7 0
准确率:    0.9444 (34/36)
----------------------------------------
⏳ 验证无提升 (验证准确率: 0.9676 ≤ 0.9682)，patience: 5/50

======================================================================
🚀 Epoch 49/200
======================================================================
📚 开始训练阶段...
训练进度: 500/6065 损失=0.0301
训练进度: 1000/6065 损失=0.0157
训练进度: 1500/6065 损失=0.0844
训练进度: 2000/6065 损失=0.0302
训练进度: 2500/6065 损失=0.0755
训练进度: 3000/6065 损失=0.0187
训练进度: 3500/6065 损失=0.0230
训练进度: 4000/6065 损失=0.0322
训练进度: 4500/6065 损失=0.0483
训练进度: 5000/6065 损失=0.0272
训练进度: 5500/6065 损失=0.0454
训练进度: 6000/6065 损失=0.0472
训练进度: 6065/6065 损失=0.0205
✅ 训练完成，耗时: 108.6秒 (1.8分钟)

============================================================
📊 验证决策: Epoch 49/200
   验证间隔: 1
   是否验证: ✅ 是
   原因: 达到验证间隔 (0 == 0)
============================================================

🔍 开始验证...
验证进度: 500/686 损失=0.1190
验证进度: 686/686 损失=0.5842

📊 预测分布分析:
  - 预测的前5个类别: {np.int64(0): 282151, np.int64(1): 37104, np.int64(2): 14662, np.int64(3): 10881, np.int64(4): 8933}
  - 标签的前5个类别: {np.int64(0): 281232, np.int64(1): 36731, np.int64(2): 14789, np.int64(3): 10866, np.int64(4): 8585}
✅ 验证完成，耗时: 4.7秒 (0.1分钟)
训练损失: 0.0315
验证损失: 0.3264
验证准确率: 0.9675 (10608/10964) - 与Levenshtein高度相关
验证F1(加权): 0.9670 - 类别平衡更好
学习率: 0.000086
显存使用: 0.48GB (预留: 0.67GB)

生成的训练样本:
--------------------------------------------------------------------------------
输入:       BR >BRHM XTH DNBJWT <L NCWHJ LH
目标:     0 0 2 0 0 0 0 0 2 0 0 5 0 0 1 0 0 0 0 2 0 0 0 0 0 25 1 0 0 0 1 0
预测:     0 0 2 0 0 0 0 0 2 0 0 5 0 0 1 0 0 0 0 2 0 0 0 0 0 25 1 0 0 0 1 0
准确率:    1.0000 (32/32)
----------------------------------------
输入:       D>R<> MN Z<WR> W<DM> LRB> WKLHWN RBJ
目标:     0 1 0 0 4 0 0 0 0 0 0 0 0 4 0 0 1 0 0 0 0 0 1 0 4 0 0 1 0 5 0 0 0 0 0 2 0
预测:     0 1 0 0 4 0 0 0 0 0 0 0 0 4 0 0 1 0 0 0 0 0 1 0 4 0 0 1 0 5 0 0 0 0 0 2 0
准确率:    1.0000 (37/37)
----------------------------------------
输入:       XMC JRJ<N NHWJN MDBQN XD> BXD> WXMC
目标:     0 0 0 2 0 0 0 0 13 0 0 6 0 0 3 12 0 6 0 0 7 19 0 0 2 0 0 1 0 2 0 0 1 0 0 2
预测:     0 0 0 2 0 0 0 0 13 0 0 6 0 0 3 12 0 6 0 0 7 19 0 0 2 0 0 1 0 2 0 0 1 0 0 2
准确率:    1.0000 (36/36)
----------------------------------------

生成的验证样本:
--------------------------------------------------------------------------------
输入:       LTCBWXT> MNW HN> D>CKX LMV<> WL> V<>
目标:     0 1 0 0 8 0 13 9 0 0 0 71 0 0 0 0 0 0 35 0 0 0 3 0 1 6 0 10 7 0 1 0 0 0 0 10 3
预测:     0 1 0 0 8 0 13 9 0 0 0 71 0 0 0 0 0 0 1 17 0 0 3 0 1 6 0 10 7 0 1 0 0 0 0 10 7
准确率:    0.9189 (34/37)
----------------------------------------
输入:       MNW HN> D>CKX LMV<> WL> V<> WLMB>CW
目标:     0 0 71 0 0 0 0 0 0 35 0 0 0 3 0 1 6 0 10 7 0 1 0 0 0 0 10 3 0 1 1 28 0 0 7 0
预测:     0 0 71 0 0 0 0 0 0 1 17 0 0 3 0 1 6 0 10 7 0 1 0 0 0 0 10 3 0 1 1 28 0 0 7 0
准确率:    0.9444 (34/36)
----------------------------------------
⏳ 验证无提升 (验证准确率: 0.9675 ≤ 0.9682)，patience: 6/50

======================================================================
🚀 Epoch 50/200
======================================================================
📚 开始训练阶段...
训练进度: 500/6065 损失=0.0387
训练进度: 1000/6065 损失=0.0471
训练进度: 1500/6065 损失=0.0376
训练进度: 2000/6065 损失=0.0508
训练进度: 2500/6065 损失=0.0605
训练进度: 3000/6065 损失=0.0353
训练进度: 3500/6065 损失=0.0432
训练进度: 4000/6065 损失=0.0295
训练进度: 4500/6065 损失=0.0374
训练进度: 5000/6065 损失=0.0284
训练进度: 5500/6065 损失=0.0574
训练进度: 6000/6065 损失=0.0584
训练进度: 6065/6065 损失=0.0343
✅ 训练完成，耗时: 108.6秒 (1.8分钟)

============================================================
📊 验证决策: Epoch 50/200
   验证间隔: 1
   是否验证: ✅ 是
   原因: 达到验证间隔 (0 == 0)
============================================================

🔍 开始验证...
验证进度: 500/686 损失=0.2217
验证进度: 686/686 损失=0.6382

📊 预测分布分析:
  - 预测的前5个类别: {np.int64(0): 282117, np.int64(1): 37053, np.int64(2): 14760, np.int64(3): 10717, np.int64(4): 9109}
  - 标签的前5个类别: {np.int64(0): 281232, np.int64(1): 36731, np.int64(2): 14789, np.int64(3): 10866, np.int64(4): 8585}
✅ 验证完成，耗时: 4.7秒 (0.1分钟)
训练损失: 0.0310
验证损失: 0.3260
验证准确率: 0.9676 (10608/10964) - 与Levenshtein高度相关
验证F1(加权): 0.9670 - 类别平衡更好
学习率: 0.000086
显存使用: 0.48GB (预留: 0.67GB)

生成的训练样本:
--------------------------------------------------------------------------------
输入:       RDP HW> KL >NC XBRH NGD HW>
目标:     0 0 0 3 0 0 10 3 0 0 2 0 0 0 2 0 0 0 5 0 0 0 0 7 0 0 10 3
预测:     0 0 0 3 0 0 10 3 0 0 2 0 0 0 2 0 0 0 5 0 0 0 0 7 0 0 10 3
准确率:    1.0000 (28/28)
----------------------------------------
输入:       XWJ >NWN >MRJN LH MN> N<BD LK
目标:     0 0 0 16 0 0 0 0 0 0 0 0 7 0 0 0 1 0 0 0 0 0 0 44 0 0 3 0 1 0
预测:     0 0 0 16 0 0 0 0 0 0 0 0 7 0 0 0 1 0 0 0 0 0 0 44 0 0 3 0 1 0
准确率:    1.0000 (30/30)
----------------------------------------
输入:       TQW> BR XDXS NVR M>N> WHJ JTB>
目标:     0 0 0 0 2 0 0 2 0 0 0 0 2 0 0 0 7 0 0 0 11 0 0 1 0 12 0 0 0 7 0
预测:     0 0 0 0 2 0 0 2 0 0 0 0 2 0 0 0 7 0 0 0 11 0 0 1 0 12 0 0 0 7 0
准确率:    1.0000 (31/31)
----------------------------------------

生成的验证样本:
--------------------------------------------------------------------------------
输入:       LTCBWXT> MNW HN> D>CKX LMV<> WL> V<>
目标:     0 1 0 0 8 0 13 9 0 0 0 71 0 0 0 0 0 0 35 0 0 0 3 0 1 6 0 10 7 0 1 0 0 0 0 10 3
预测:     0 1 0 0 8 0 13 9 0 0 0 71 0 0 0 0 0 0 1 28 0 0 3 0 1 6 0 10 7 0 1 0 0 0 0 10 7
准确率:    0.9189 (34/37)
----------------------------------------
输入:       MNW HN> D>CKX LMV<> WL> V<> WLMB>CW
目标:     0 0 71 0 0 0 0 0 0 35 0 0 0 3 0 1 6 0 10 7 0 1 0 0 0 0 10 3 0 1 1 28 0 0 7 0
预测:     0 0 71 0 0 0 0 0 0 1 28 0 0 3 0 1 6 0 10 7 0 1 0 0 0 0 10 7 0 1 1 28 0 0 7 0
准确率:    0.9167 (33/36)
----------------------------------------
⏳ 验证无提升 (验证准确率: 0.9676 ≤ 0.9682)，patience: 7/50

======================================================================
🚀 Epoch 51/200
======================================================================
📚 开始训练阶段...
训练进度: 500/6065 损失=0.0294
训练进度: 1000/6065 损失=0.0350
训练进度: 1500/6065 损失=0.0158
训练进度: 2000/6065 损失=0.0283
训练进度: 2500/6065 损失=0.0159
训练进度: 3000/6065 损失=0.0327
训练进度: 3500/6065 损失=0.0348
训练进度: 4000/6065 损失=0.0421
训练进度: 4500/6065 损失=0.0192
训练进度: 5000/6065 损失=0.0297
训练进度: 5500/6065 损失=0.0181
训练进度: 6000/6065 损失=0.0258
训练进度: 6065/6065 损失=0.0145
✅ 训练完成，耗时: 108.7秒 (1.8分钟)

============================================================
📊 验证决策: Epoch 51/200
   验证间隔: 1
   是否验证: ✅ 是
   原因: 达到验证间隔 (0 == 0)
============================================================

🔍 开始验证...
验证进度: 500/686 损失=0.2023
验证进度: 686/686 损失=0.6601

📊 预测分布分析:
  - 预测的前5个类别: {np.int64(0): 282467, np.int64(1): 36905, np.int64(2): 14743, np.int64(3): 10821, np.int64(4): 8921}
  - 标签的前5个类别: {np.int64(0): 281232, np.int64(1): 36731, np.int64(2): 14789, np.int64(3): 10866, np.int64(4): 8585}
✅ 验证完成，耗时: 4.7秒 (0.1分钟)
训练损失: 0.0300
验证损失: 0.3372
验证准确率: 0.9679 (10612/10964) - 与Levenshtein高度相关
验证F1(加权): 0.9673 - 类别平衡更好
学习率: 0.000085
显存使用: 0.48GB (预留: 0.67GB)

生成的训练样本:
--------------------------------------------------------------------------------
输入:       >WRX> WL> HWT HD> QRJT> TW BTRJ
目标:     0 0 0 0 4 0 0 1 0 0 0 0 18 26 0 0 0 0 0 0 0 22 9 0 21 18 0 0 0 0 1 0
预测:     0 0 0 0 4 0 0 1 0 0 0 0 18 26 0 0 0 0 0 0 0 22 9 0 21 18 0 0 0 0 1 0
准确率:    1.0000 (32/32)
----------------------------------------
输入:       DL> NXJBK VJBWT> L> TVN B>NTTK DL>
目标:     0 1 0 0 0 6 20 0 51 0 0 0 0 0 2 9 0 0 0 0 0 6 0 135 0 1 0 0 13 1 0 0 1 0 0
预测:     0 1 0 0 0 6 20 0 51 0 0 0 0 0 2 9 0 0 0 0 0 6 0 135 0 1 0 0 13 1 0 0 1 0 0
准确率:    1.0000 (35/35)
----------------------------------------
输入:       ZDJQWT> HWJ W>P TR<SR NBJJN NHWWN GRMJHWN
目标:     0 0 0 0 0 2 9 0 0 0 0 80 0 1 0 0 0 0 118 0 0 2 0 0 0 2 0 0 0 6 0 18 0 0 0 0 0 2 1 0 0 0
预测:     0 0 0 0 0 2 9 0 0 0 0 80 0 1 0 0 0 0 118 0 0 2 0 0 0 2 0 0 0 6 0 18 0 0 0 0 0 2 1 0 0 0
准确率:    1.0000 (42/42)
----------------------------------------

生成的验证样本:
--------------------------------------------------------------------------------
输入:       LTCBWXT> MNW HN> D>CKX LMV<> WL> V<>
目标:     0 1 0 0 8 0 13 9 0 0 0 71 0 0 0 0 0 0 35 0 0 0 3 0 1 6 0 10 7 0 1 0 0 0 0 10 3
预测:     0 1 0 0 8 0 13 9 0 0 0 71 0 0 0 0 0 0 1 17 0 0 3 0 1 6 0 10 7 0 1 0 0 0 0 10 7
准确率:    0.9189 (34/37)
----------------------------------------
输入:       MNW HN> D>CKX LMV<> WL> V<> WLMB>CW
目标:     0 0 71 0 0 0 0 0 0 35 0 0 0 3 0 1 6 0 10 7 0 1 0 0 0 0 10 3 0 1 1 28 0 0 7 0
预测:     0 0 71 0 0 0 0 0 0 1 17 0 0 3 0 1 6 0 10 7 0 1 0 0 0 0 10 3 0 1 1 28 0 0 7 0
准确率:    0.9444 (34/36)
----------------------------------------
⏳ 验证无提升 (验证准确率: 0.9679 ≤ 0.9682)，patience: 8/50

======================================================================
🚀 Epoch 52/200
======================================================================
📚 开始训练阶段...
训练进度: 500/6065 损失=0.0107
训练进度: 1000/6065 损失=0.0072
训练进度: 1500/6065 损失=0.0574
训练进度: 2000/6065 损失=0.0332
训练进度: 2500/6065 损失=0.0377
训练进度: 3000/6065 损失=0.0301
训练进度: 3500/6065 损失=0.0157
训练进度: 4000/6065 损失=0.0388
训练进度: 4500/6065 损失=0.0283
训练进度: 5000/6065 损失=0.0557
训练进度: 5500/6065 损失=0.0075
训练进度: 6000/6065 损失=0.0634
训练进度: 6065/6065 损失=0.0156
✅ 训练完成，耗时: 108.4秒 (1.8分钟)

============================================================
📊 验证决策: Epoch 52/200
   验证间隔: 1
   是否验证: ✅ 是
   原因: 达到验证间隔 (0 == 0)
============================================================

🔍 开始验证...
验证进度: 500/686 损失=0.1073
验证进度: 686/686 损失=0.7113

📊 预测分布分析:
  - 预测的前5个类别: {np.int64(0): 282403, np.int64(1): 36975, np.int64(2): 14698, np.int64(3): 10814, np.int64(4): 9136}
  - 标签的前5个类别: {np.int64(0): 281232, np.int64(1): 36731, np.int64(2): 14789, np.int64(3): 10866, np.int64(4): 8585}
✅ 验证完成，耗时: 4.7秒 (0.1分钟)
训练损失: 0.0296
验证损失: 0.3301
验证准确率: 0.9680 (10612/10964) - 与Levenshtein高度相关
验证F1(加权): 0.9674 - 类别平衡更好
学习率: 0.000084
显存使用: 0.48GB (预留: 0.67GB)

生成的训练样本:
--------------------------------------------------------------------------------
输入:       DBJC QDM MRJ> >JK D<BDW DBJT >XB
目标:     0 1 0 0 2 0 0 0 2 0 0 0 0 2 0 0 0 0 0 1 0 0 3 0 0 1 0 0 2 0 0 0 2
预测:     0 1 0 0 2 0 0 0 2 0 0 0 0 2 0 0 0 0 0 1 0 0 3 0 0 1 0 0 2 0 0 0 2
准确率:    1.0000 (33/33)
----------------------------------------
输入:       <QRT> WBVNT LJ> WJLDT BR> WQRT CMH
目标:     0 0 0 62 9 0 0 1 0 0 3 26 0 0 0 2 0 1 0 0 3 26 0 0 4 0 0 1 0 18 26 0 0 5 0
预测:     0 0 0 62 9 0 0 1 0 0 3 26 0 0 0 2 0 1 0 0 3 26 0 0 4 0 0 1 0 18 26 0 0 5 0
准确率:    1.0000 (35/35)
----------------------------------------
输入:       WPG< BH WQVWLJHJ W><BR DM> ZKJ> D>CD
目标:     0 36 0 0 3 0 1 0 0 36 0 8 0 86 0 0 0 0 36 17 0 0 3 0 0 4 0 0 0 0 15 0 0 1 0 0 3
预测:     0 36 0 0 3 0 1 0 0 36 0 8 0 86 0 0 0 0 36 17 0 0 3 0 0 4 0 0 0 0 15 0 0 1 0 0 3
准确率:    1.0000 (37/37)
----------------------------------------

生成的验证样本:
--------------------------------------------------------------------------------
输入:       LTCBWXT> MNW HN> D>CKX LMV<> WL> V<>
目标:     0 1 0 0 8 0 13 9 0 0 0 71 0 0 0 0 0 0 35 0 0 0 3 0 1 6 0 10 7 0 1 0 0 0 0 10 3
预测:     0 1 0 0 8 0 13 9 0 0 0 71 0 0 0 0 0 0 1 17 0 0 3 0 1 6 0 10 7 0 1 0 0 0 0 10 7
准确率:    0.9189 (34/37)
----------------------------------------
输入:       MNW HN> D>CKX LMV<> WL> V<> WLMB>CW
目标:     0 0 71 0 0 0 0 0 0 35 0 0 0 3 0 1 6 0 10 7 0 1 0 0 0 0 10 3 0 1 1 28 0 0 7 0
预测:     0 0 71 0 0 0 0 0 0 1 17 0 0 3 0 1 6 0 10 7 0 1 0 0 0 0 10 3 0 1 1 28 0 0 7 0
准确率:    0.9444 (34/36)
----------------------------------------
⏳ 验证无提升 (验证准确率: 0.9680 ≤ 0.9682)，patience: 9/50

======================================================================
🚀 Epoch 53/200
======================================================================
📚 开始训练阶段...
训练进度: 500/6065 损失=0.0111
训练进度: 1000/6065 损失=0.0233
训练进度: 1500/6065 损失=0.0208
训练进度: 2000/6065 损失=0.0161
训练进度: 2500/6065 损失=0.0157
训练进度: 3000/6065 损失=0.0165
训练进度: 3500/6065 损失=0.0445
训练进度: 4000/6065 损失=0.0383
训练进度: 4500/6065 损失=0.0278
训练进度: 5000/6065 损失=0.0355
训练进度: 5500/6065 损失=0.0178
训练进度: 6000/6065 损失=0.0416
训练进度: 6065/6065 损失=0.0385
✅ 训练完成，耗时: 108.1秒 (1.8分钟)

============================================================
📊 验证决策: Epoch 53/200
   验证间隔: 1
   是否验证: ✅ 是
   原因: 达到验证间隔 (0 == 0)
============================================================

🔍 开始验证...
验证进度: 500/686 损失=0.1769
验证进度: 686/686 损失=0.5819

📊 预测分布分析:
  - 预测的前5个类别: {np.int64(0): 282152, np.int64(1): 37127, np.int64(2): 14811, np.int64(3): 10812, np.int64(4): 8909}
  - 标签的前5个类别: {np.int64(0): 281232, np.int64(1): 36731, np.int64(2): 14789, np.int64(3): 10866, np.int64(4): 8585}
✅ 验证完成，耗时: 4.7秒 (0.1分钟)
训练损失: 0.0289
验证损失: 0.3356
验证准确率: 0.9677 (10610/10964) - 与Levenshtein高度相关
验证F1(加权): 0.9672 - 类别平衡更好
学习率: 0.000084
显存使用: 0.48GB (预留: 0.67GB)

生成的训练样本:
--------------------------------------------------------------------------------
输入:       LJHWD> BPTKRWHJ MVLHN> HKN> >MR MRJ> >LH>
目标:     0 1 0 0 0 0 2 0 1 0 0 0 25 1 0 0 0 0 0 1 0 0 0 0 0 0 0 0 0 0 0 7 0 0 0 0 2 0 0 0 4 0
预测:     0 1 0 0 0 0 2 0 1 0 0 0 25 1 0 0 0 0 0 1 0 0 0 0 0 0 0 0 0 0 0 7 0 0 0 0 2 0 0 0 4 0
准确率:    1.0000 (42/42)
----------------------------------------
输入:       XD TRJYN XD> LWQBL XD> HKN> <BDW
目标:     0 0 2 0 0 8 0 7 27 0 0 2 0 0 0 0 0 0 0 0 0 2 0 0 0 0 0 0 0 0 0 3 0
预测:     0 0 2 0 0 8 0 7 27 0 0 2 0 0 0 0 0 0 0 0 0 2 0 0 0 0 0 0 0 0 0 3 0
准确率:    1.0000 (33/33)
----------------------------------------
输入:       TCBWQ BRTH BDMWTH HKN> >MR TWB BRDJYN
目标:     0 6 0 8 0 3 0 0 13 1 0 0 1 0 0 2 1 0 0 0 0 0 0 0 0 0 3 0 0 0 0 0 0 0 0 0 0 2
预测:     0 6 0 8 0 3 0 0 13 1 0 0 1 0 0 2 1 0 0 0 0 0 0 0 0 0 3 0 0 0 0 0 0 0 0 0 0 2
准确率:    1.0000 (38/38)
----------------------------------------

生成的验证样本:
--------------------------------------------------------------------------------
输入:       LTCBWXT> MNW HN> D>CKX LMV<> WL> V<>
目标:     0 1 0 0 8 0 13 9 0 0 0 71 0 0 0 0 0 0 35 0 0 0 3 0 1 6 0 10 7 0 1 0 0 0 0 10 3
预测:     0 1 0 0 8 0 13 9 0 0 0 71 0 0 0 0 0 0 1 17 0 0 3 0 1 6 0 10 7 0 1 0 0 0 0 10 7
准确率:    0.9189 (34/37)
----------------------------------------
输入:       MNW HN> D>CKX LMV<> WL> V<> WLMB>CW
目标:     0 0 71 0 0 0 0 0 0 35 0 0 0 3 0 1 6 0 10 7 0 1 0 0 0 0 10 3 0 1 1 28 0 0 7 0
预测:     0 0 71 0 0 0 0 0 0 1 17 0 0 3 0 1 6 0 10 7 0 1 0 0 0 0 10 3 0 1 1 28 0 0 7 0
准确率:    0.9444 (34/36)
----------------------------------------
⏳ 验证无提升 (验证准确率: 0.9677 ≤ 0.9682)，patience: 10/50

======================================================================
🚀 Epoch 54/200
======================================================================
📚 开始训练阶段...
训练进度: 500/6065 损失=0.0627
训练进度: 1000/6065 损失=0.0163
训练进度: 1500/6065 损失=0.0183
训练进度: 2000/6065 损失=0.0187
训练进度: 2500/6065 损失=0.0211
训练进度: 3000/6065 损失=0.0614
训练进度: 3500/6065 损失=0.0256
训练进度: 4000/6065 损失=0.0175
训练进度: 4500/6065 损失=0.0175
训练进度: 5000/6065 损失=0.0236
训练进度: 5500/6065 损失=0.0326
训练进度: 6000/6065 损失=0.0214
训练进度: 6065/6065 损失=0.0123
✅ 训练完成，耗时: 108.3秒 (1.8分钟)

============================================================
📊 验证决策: Epoch 54/200
   验证间隔: 1
   是否验证: ✅ 是
   原因: 达到验证间隔 (0 == 0)
============================================================

🔍 开始验证...
验证进度: 500/686 损失=0.1534
验证进度: 686/686 损失=0.5458

📊 预测分布分析:
  - 预测的前5个类别: {np.int64(0): 282646, np.int64(1): 37081, np.int64(2): 14551, np.int64(3): 10854, np.int64(4): 8828}
  - 标签的前5个类别: {np.int64(0): 281232, np.int64(1): 36731, np.int64(2): 14789, np.int64(3): 10866, np.int64(4): 8585}
✅ 验证完成，耗时: 4.7秒 (0.1分钟)
训练损失: 0.0287
验证损失: 0.3397
验证准确率: 0.9684 (10618/10964) - 与Levenshtein高度相关
验证F1(加权): 0.9677 - 类别平衡更好
学习率: 0.000083
显存使用: 0.48GB (预留: 0.67GB)

生成的训练样本:
--------------------------------------------------------------------------------
输入:       <L PRYWPJHWN >TTRJM MRJ> B<WCNK NZMR WNCBX
目标:     0 0 0 0 0 0 0 0 2 1 0 0 0 0 0 76 17 20 0 3 0 0 0 0 2 0 1 0 0 0 5 0 0 44 0 0 3 0 1 44 0 0 16
预测:     0 0 0 0 0 0 0 0 2 1 0 0 0 0 0 76 17 20 0 3 0 0 0 0 2 0 1 0 0 0 5 0 0 44 0 0 3 0 1 44 0 0 16
准确率:    1.0000 (43/43)
----------------------------------------
输入:       DM>C <WJR> BXCWK> WL> TSQ >WRXK LRJC
目标:     0 1 20 0 7 0 0 0 0 4 0 0 1 0 0 0 4 0 0 1 0 0 0 28 64 3 0 0 0 0 5 0 0 1 0 0 2
预测:     0 1 20 0 7 0 0 0 0 4 0 0 1 0 0 0 4 0 0 1 0 0 0 28 64 3 0 0 0 0 5 0 0 1 0 0 2
准确率:    1.0000 (37/37)
----------------------------------------
输入:       WJLD L> NMWSJWT> GWB> XPR WXVH WNPL
目标:     0 1 0 0 3 0 0 0 0 0 0 0 0 0 2 9 0 0 0 0 4 0 0 0 0 3 0 1 0 252 0 0 1 0 0 3
预测:     0 1 0 0 3 0 0 0 0 0 0 0 0 0 2 9 0 0 0 0 4 0 0 0 0 3 0 1 0 252 0 0 1 0 0 3
准确率:    1.0000 (36/36)
----------------------------------------

生成的验证样本:
--------------------------------------------------------------------------------
输入:       LTCBWXT> MNW HN> D>CKX LMV<> WL> V<>
目标:     0 1 0 0 8 0 13 9 0 0 0 71 0 0 0 0 0 0 35 0 0 0 3 0 1 6 0 10 7 0 1 0 0 0 0 10 3
预测:     0 1 0 0 8 0 13 9 0 0 0 71 0 0 0 0 0 0 1 17 0 0 3 0 1 6 0 10 7 0 1 0 0 0 0 10 7
准确率:    0.9189 (34/37)
----------------------------------------
输入:       MNW HN> D>CKX LMV<> WL> V<> WLMB>CW
目标:     0 0 71 0 0 0 0 0 0 35 0 0 0 3 0 1 6 0 10 7 0 1 0 0 0 0 10 3 0 1 1 28 0 0 7 0
预测:     0 0 71 0 0 0 0 0 0 1 17 0 0 3 0 1 6 0 10 7 0 1 0 0 0 0 10 3 0 1 1 28 0 0 7 0
准确率:    0.9444 (34/36)
----------------------------------------
💾 保存新的最佳模型！验证准确率: 0.9684 (F1: 0.9677) (Epoch 54)

======================================================================
🚀 Epoch 55/200
======================================================================
📚 开始训练阶段...
训练进度: 500/6065 损失=0.0215
训练进度: 1000/6065 损失=0.0186
训练进度: 1500/6065 损失=0.0242
训练进度: 2000/6065 损失=0.0270
训练进度: 2500/6065 损失=0.0318
训练进度: 3000/6065 损失=0.0448
训练进度: 3500/6065 损失=0.0253
训练进度: 4000/6065 损失=0.0171
训练进度: 4500/6065 损失=0.0273
训练进度: 5000/6065 损失=0.0374
训练进度: 5500/6065 损失=0.0735
训练进度: 6000/6065 损失=0.0361
训练进度: 6065/6065 损失=0.0134
✅ 训练完成，耗时: 108.0秒 (1.8分钟)

============================================================
📊 验证决策: Epoch 55/200
   验证间隔: 1
   是否验证: ✅ 是
   原因: 达到验证间隔 (0 == 0)
============================================================

🔍 开始验证...
验证进度: 500/686 损失=0.1182
验证进度: 686/686 损失=0.7723

📊 预测分布分析:
  - 预测的前5个类别: {np.int64(0): 282232, np.int64(1): 37141, np.int64(2): 14761, np.int64(3): 10710, np.int64(4): 9065}
  - 标签的前5个类别: {np.int64(0): 281232, np.int64(1): 36731, np.int64(2): 14789, np.int64(3): 10866, np.int64(4): 8585}
✅ 验证完成，耗时: 4.7秒 (0.1分钟)
训练损失: 0.0280
验证损失: 0.3352
验证准确率: 0.9681 (10614/10964) - 与Levenshtein高度相关
验证F1(加权): 0.9675 - 类别平衡更好
学习率: 0.000083
显存使用: 0.48GB (预留: 0.67GB)

生成的训练样本:
--------------------------------------------------------------------------------
输入:       MWC> W<L >LJ> DYMW MN LXM> JWMT>
目标:     0 0 0 0 2 0 1 0 0 0 0 0 0 2 0 1 31 33 0 0 0 0 0 0 0 4 0 0 0 0 2 23 0
预测:     0 0 0 0 2 0 1 0 0 0 0 0 0 2 0 1 31 33 0 0 0 0 0 0 0 4 0 0 0 0 2 23 0
准确率:    1.0000 (33/33)
----------------------------------------
输入:       W>P MCTWT> HWJN LHWN WL> >JK Y<R>
目标:     0 1 0 0 0 0 0 0 2 23 0 0 0 0 7 0 0 1 0 0 0 0 1 0 0 0 0 0 0 0 0 0 15 0
预测:     0 1 0 0 0 0 0 0 2 23 0 0 0 0 7 0 0 1 0 0 0 0 1 0 0 0 0 0 0 0 0 0 15 0
准确率:    1.0000 (34/34)
----------------------------------------
输入:       >N> LK B>WRX> HD> D>ZL >NT >CRR
目标:     0 0 0 0 0 1 0 0 1 0 0 0 4 0 0 0 0 0 0 1 0 0 7 0 0 0 0 0 28 0 0 33
预测:     0 0 0 0 0 1 0 0 1 0 0 0 4 0 0 0 0 0 0 1 0 0 7 0 0 0 0 0 28 0 0 33
准确率:    1.0000 (32/32)
----------------------------------------

生成的验证样本:
--------------------------------------------------------------------------------
输入:       LTCBWXT> MNW HN> D>CKX LMV<> WL> V<>
目标:     0 1 0 0 8 0 13 9 0 0 0 71 0 0 0 0 0 0 35 0 0 0 3 0 1 6 0 10 7 0 1 0 0 0 0 10 3
预测:     0 1 0 0 8 0 13 9 0 0 0 71 0 0 0 0 0 0 1 17 0 0 3 0 1 6 0 10 7 0 1 0 0 0 0 10 7
准确率:    0.9189 (34/37)
----------------------------------------
输入:       MNW HN> D>CKX LMV<> WL> V<> WLMB>CW
目标:     0 0 71 0 0 0 0 0 0 35 0 0 0 3 0 1 6 0 10 7 0 1 0 0 0 0 10 3 0 1 1 28 0 0 7 0
预测:     0 0 71 0 0 0 0 0 0 1 17 0 0 3 0 1 6 0 10 7 0 1 0 0 0 0 10 3 0 1 1 28 0 0 7 0
准确率:    0.9444 (34/36)
----------------------------------------
⏳ 验证无提升 (验证准确率: 0.9681 ≤ 0.9684)，patience: 1/50

======================================================================
🚀 Epoch 56/200
======================================================================
📚 开始训练阶段...
训练进度: 500/6065 损失=0.0280
训练进度: 1000/6065 损失=0.0069
训练进度: 1500/6065 损失=0.0376
训练进度: 2000/6065 损失=0.0186
训练进度: 2500/6065 损失=0.0194
训练进度: 3000/6065 损失=0.0237
训练进度: 3500/6065 损失=0.0366
训练进度: 4000/6065 损失=0.0569
训练进度: 4500/6065 损失=0.0481
训练进度: 5000/6065 损失=0.0260
训练进度: 5500/6065 损失=0.0057
训练进度: 6000/6065 损失=0.0337
训练进度: 6065/6065 损失=0.0263
✅ 训练完成，耗时: 108.5秒 (1.8分钟)

============================================================
📊 验证决策: Epoch 56/200
   验证间隔: 1
   是否验证: ✅ 是
   原因: 达到验证间隔 (0 == 0)
============================================================

🔍 开始验证...
验证进度: 500/686 损失=0.0994
验证进度: 686/686 损失=0.7102

📊 预测分布分析:
  - 预测的前5个类别: {np.int64(0): 282296, np.int64(1): 37014, np.int64(2): 14694, np.int64(3): 10711, np.int64(4): 9025}
  - 标签的前5个类别: {np.int64(0): 281232, np.int64(1): 36731, np.int64(2): 14789, np.int64(3): 10866, np.int64(4): 8585}
✅ 验证完成，耗时: 4.7秒 (0.1分钟)
训练损失: 0.0277
验证损失: 0.3355
验证准确率: 0.9684 (10617/10964) - 与Levenshtein高度相关
验证F1(加权): 0.9678 - 类别平衡更好
学习率: 0.000082
显存使用: 0.48GB (预留: 0.67GB)

生成的训练样本:
--------------------------------------------------------------------------------
输入:       LGNSH WMN KLH RXC> D>R<> LGNSWHJ TRJN
目标:     0 1 0 0 5 12 0 1 0 0 0 0 5 0 0 0 0 15 0 0 1 0 0 4 0 0 1 0 0 25 1 0 0 0 0 2 0 12
预测:     0 1 0 0 5 12 0 1 0 0 0 0 5 0 0 0 0 15 0 0 1 0 0 4 0 0 1 0 0 25 1 0 0 0 0 2 0 12
准确率:    1.0000 (38/38)
----------------------------------------
输入:       DRB HW SGJ <WHDNH CGCTH WL> >TXTXT
目标:     0 1 0 2 0 0 12 0 0 0 13 0 0 0 0 0 5 0 0 0 0 3 1 0 0 1 0 0 0 0 14 0 0 0 16
预测:     0 1 0 2 0 0 12 0 0 0 13 0 0 0 0 0 5 0 0 0 0 3 1 0 0 1 0 0 0 0 14 0 0 0 16
准确率:    1.0000 (35/35)
----------------------------------------
输入:       DMYRJN LXJT> W>MR LHJN MVL MN> <BDTJN
目标:     0 1 0 0 0 0 2 0 1 0 13 23 0 0 1 0 0 3 0 1 0 0 0 0 0 0 0 0 0 0 0 0 0 0 3 0 0 0
预测:     0 1 0 0 0 0 2 0 1 0 13 23 0 0 1 0 0 3 0 1 0 0 0 0 0 0 0 0 0 0 0 0 0 0 3 0 0 0
准确率:    1.0000 (38/38)
----------------------------------------

生成的验证样本:
--------------------------------------------------------------------------------
输入:       LTCBWXT> MNW HN> D>CKX LMV<> WL> V<>
目标:     0 1 0 0 8 0 13 9 0 0 0 71 0 0 0 0 0 0 35 0 0 0 3 0 1 6 0 10 7 0 1 0 0 0 0 10 3
预测:     0 1 0 0 8 0 13 9 0 0 0 71 0 0 0 0 0 0 1 17 0 0 3 0 1 6 0 10 7 0 1 0 0 0 0 10 7
准确率:    0.9189 (34/37)
----------------------------------------
输入:       MNW HN> D>CKX LMV<> WL> V<> WLMB>CW
目标:     0 0 71 0 0 0 0 0 0 35 0 0 0 3 0 1 6 0 10 7 0 1 0 0 0 0 10 3 0 1 1 28 0 0 7 0
预测:     0 0 71 0 0 0 0 0 0 1 17 0 0 3 0 1 6 0 10 7 0 1 0 0 0 0 10 7 0 1 1 28 0 0 7 0
准确率:    0.9167 (33/36)
----------------------------------------
⏳ 验证无提升 (验证准确率: 0.9684 ≤ 0.9684)，patience: 2/50

======================================================================
🚀 Epoch 57/200
======================================================================
📚 开始训练阶段...
训练进度: 500/6065 损失=0.0408
训练进度: 1000/6065 损失=0.0290
训练进度: 1500/6065 损失=0.0093
训练进度: 2000/6065 损失=0.0177
训练进度: 2500/6065 损失=0.0079
训练进度: 3000/6065 损失=0.0208
训练进度: 3500/6065 损失=0.0136
训练进度: 4000/6065 损失=0.0192
训练进度: 4500/6065 损失=0.0125
训练进度: 5000/6065 损失=0.0160
训练进度: 5500/6065 损失=0.0189
训练进度: 6000/6065 损失=0.0178
训练进度: 6065/6065 损失=0.0116
✅ 训练完成，耗时: 108.6秒 (1.8分钟)

============================================================
📊 验证决策: Epoch 57/200
   验证间隔: 1
   是否验证: ✅ 是
   原因: 达到验证间隔 (0 == 0)
============================================================

🔍 开始验证...
验证进度: 500/686 损失=0.1058
验证进度: 686/686 损失=0.6255

📊 预测分布分析:
  - 预测的前5个类别: {np.int64(0): 282425, np.int64(1): 37012, np.int64(2): 14731, np.int64(3): 10769, np.int64(4): 9135}
  - 标签的前5个类别: {np.int64(0): 281232, np.int64(1): 36731, np.int64(2): 14789, np.int64(3): 10866, np.int64(4): 8585}
✅ 验证完成，耗时: 4.7秒 (0.1分钟)
训练损失: 0.0266
验证损失: 0.3472
验证准确率: 0.9680 (10612/10964) - 与Levenshtein高度相关
验证F1(加权): 0.9673 - 类别平衡更好
学习率: 0.000082
显存使用: 0.48GB (预留: 0.67GB)

生成的训练样本:
--------------------------------------------------------------------------------
输入:       DXL WZ>< MN QDM XJLK MVL DL>
目标:     0 0 0 7 0 1 20 0 7 0 0 0 0 0 0 2 0 0 0 5 0 0 0 0 0 0 1 0 0
预测:     0 0 0 7 0 1 20 0 7 0 0 0 0 0 0 2 0 0 0 5 0 0 0 0 0 0 1 0 0
准确率:    1.0000 (29/29)
----------------------------------------
输入:       MMLL HW H> >P HW NPWQ L>WR<K
目标:     0 6 0 0 41 0 0 0 0 0 0 0 0 0 0 0 0 0 34 8 0 3 0 1 0 0 0 5 0
预测:     0 6 0 0 41 0 0 0 0 0 0 0 0 0 0 0 0 0 34 8 0 3 0 1 0 0 0 5 0
准确率:    1.0000 (29/29)
----------------------------------------
输入:       WL> HPK <DM> DJBCW MJ> MN >R<>
目标:     0 1 0 0 0 0 0 3 0 0 0 0 0 0 1 0 0 3 0 0 24 9 0 0 0 0 0 0 0 4 0
预测:     0 1 0 0 0 0 0 3 0 0 0 0 0 0 1 0 0 3 0 0 24 9 0 0 0 0 0 0 0 4 0
准确率:    1.0000 (31/31)
----------------------------------------

生成的验证样本:
--------------------------------------------------------------------------------
输入:       LTCBWXT> MNW HN> D>CKX LMV<> WL> V<>
目标:     0 1 0 0 8 0 13 9 0 0 0 71 0 0 0 0 0 0 35 0 0 0 3 0 1 6 0 10 7 0 1 0 0 0 0 10 3
预测:     0 1 0 0 8 0 13 9 0 0 0 71 0 0 0 0 0 0 1 17 0 0 3 0 1 6 0 10 7 0 1 0 0 0 0 10 7
准确率:    0.9189 (34/37)
----------------------------------------
输入:       MNW HN> D>CKX LMV<> WL> V<> WLMB>CW
目标:     0 0 71 0 0 0 0 0 0 35 0 0 0 3 0 1 6 0 10 7 0 1 0 0 0 0 10 3 0 1 1 28 0 0 7 0
预测:     0 0 71 0 0 0 0 0 0 1 17 0 0 3 0 1 6 0 10 7 0 1 0 0 0 0 10 7 0 1 1 28 0 0 7 0
准确率:    0.9167 (33/36)
----------------------------------------
⏳ 验证无提升 (验证准确率: 0.9680 ≤ 0.9684)，patience: 3/50

======================================================================
🚀 Epoch 58/200
======================================================================
📚 开始训练阶段...
训练进度: 500/6065 损失=0.0117
训练进度: 1000/6065 损失=0.0097
训练进度: 1500/6065 损失=0.0189
训练进度: 2000/6065 损失=0.0042
训练进度: 2500/6065 损失=0.0248
训练进度: 3000/6065 损失=0.0072
训练进度: 3500/6065 损失=0.0399
训练进度: 4000/6065 损失=0.0196
训练进度: 4500/6065 损失=0.0198
训练进度: 5000/6065 损失=0.0302
训练进度: 5500/6065 损失=0.0292
训练进度: 6000/6065 损失=0.0182
训练进度: 6065/6065 损失=0.0079
✅ 训练完成，耗时: 108.8秒 (1.8分钟)

============================================================
📊 验证决策: Epoch 58/200
   验证间隔: 1
   是否验证: ✅ 是
   原因: 达到验证间隔 (0 == 0)
============================================================

🔍 开始验证...
验证进度: 500/686 损失=0.1500
验证进度: 686/686 损失=0.8794

📊 预测分布分析:
  - 预测的前5个类别: {np.int64(0): 282062, np.int64(1): 36998, np.int64(2): 14721, np.int64(3): 10869, np.int64(4): 9127}
  - 标签的前5个类别: {np.int64(0): 281232, np.int64(1): 36731, np.int64(2): 14789, np.int64(3): 10866, np.int64(4): 8585}
✅ 验证完成，耗时: 4.7秒 (0.1分钟)
训练损失: 0.0265
验证损失: 0.3459
验证准确率: 0.9677 (10609/10964) - 与Levenshtein高度相关
验证F1(加权): 0.9670 - 类别平衡更好
学习率: 0.000081
显存使用: 0.48GB (预留: 0.67GB)

生成的训练样本:
--------------------------------------------------------------------------------
输入:       MRJ> >RJMT NPC> DJLJ >LH> <LJK >TTKLT
目标:     0 0 0 0 2 0 17 20 0 3 0 0 0 0 4 0 0 0 0 1 0 0 0 0 4 0 0 0 8 1 0 0 0 14 0 0 3 0
预测:     0 0 0 0 2 0 17 20 0 3 0 0 0 0 4 0 0 0 0 1 0 0 0 0 4 0 0 0 8 1 0 0 0 14 0 0 3 0
准确率:    1.0000 (38/38)
----------------------------------------
输入:       >JK XD> >STXPW WNPLW >N TCR> <LJ
目标:     0 0 0 0 0 0 2 0 0 47 79 0 0 3 19 0 1 0 0 3 0 0 0 0 0 44 0 10 3 0 0 1 0
预测:     0 0 0 0 0 0 2 0 0 47 79 0 0 3 19 0 1 0 0 3 0 0 0 0 0 44 0 10 3 0 0 1 0
准确率:    1.0000 (33/33)
----------------------------------------
输入:       DWMJ> HW HN> DMWKK> DLJL> >NWN GJR
目标:     0 0 0 0 4 0 0 0 12 0 0 0 0 0 1 0 0 0 4 0 0 0 0 0 11 0 0 0 0 0 0 0 0 0 0
预测:     0 0 0 0 4 0 0 0 12 0 0 0 0 0 1 0 0 0 4 0 0 0 0 0 11 0 0 0 0 0 0 0 0 0 0
准确率:    1.0000 (35/35)
----------------------------------------

生成的验证样本:
--------------------------------------------------------------------------------
输入:       LTCBWXT> MNW HN> D>CKX LMV<> WL> V<>
目标:     0 1 0 0 8 0 13 9 0 0 0 71 0 0 0 0 0 0 35 0 0 0 3 0 1 6 0 10 7 0 1 0 0 0 0 10 3
预测:     0 1 0 0 8 0 13 9 0 0 0 71 0 0 0 0 0 0 1 17 0 0 3 0 1 6 0 10 7 0 1 0 0 0 0 10 7
准确率:    0.9189 (34/37)
----------------------------------------
输入:       MNW HN> D>CKX LMV<> WL> V<> WLMB>CW
目标:     0 0 71 0 0 0 0 0 0 35 0 0 0 3 0 1 6 0 10 7 0 1 0 0 0 0 10 3 0 1 1 28 0 0 7 0
预测:     0 0 71 0 0 0 0 0 0 1 17 0 0 3 0 1 6 0 10 7 0 1 0 0 0 0 10 7 0 1 1 28 0 0 7 0
准确率:    0.9167 (33/36)
----------------------------------------
⏳ 验证无提升 (验证准确率: 0.9677 ≤ 0.9684)，patience: 4/50

======================================================================
🚀 Epoch 59/200
======================================================================
📚 开始训练阶段...
训练进度: 500/6065 损失=0.0084
训练进度: 1000/6065 损失=0.0088
训练进度: 1500/6065 损失=0.0132
训练进度: 2000/6065 损失=0.0096
训练进度: 2500/6065 损失=0.0127
训练进度: 3000/6065 损失=0.0515
训练进度: 3500/6065 损失=0.0233
训练进度: 4000/6065 损失=0.0197
训练进度: 4500/6065 损失=0.0278
训练进度: 5000/6065 损失=0.0357
训练进度: 5500/6065 损失=0.0306
训练进度: 6000/6065 损失=0.0372
训练进度: 6065/6065 损失=0.0222
✅ 训练完成，耗时: 109.5秒 (1.8分钟)

============================================================
📊 验证决策: Epoch 59/200
   验证间隔: 1
   是否验证: ✅ 是
   原因: 达到验证间隔 (0 == 0)
============================================================

🔍 开始验证...
验证进度: 500/686 损失=0.1501
验证进度: 686/686 损失=0.8622

📊 预测分布分析:
  - 预测的前5个类别: {np.int64(0): 282641, np.int64(1): 37089, np.int64(2): 14721, np.int64(3): 10855, np.int64(4): 8997}
  - 标签的前5个类别: {np.int64(0): 281232, np.int64(1): 36731, np.int64(2): 14789, np.int64(3): 10866, np.int64(4): 8585}
✅ 验证完成，耗时: 4.8秒 (0.1分钟)
训练损失: 0.0261
验证损失: 0.3500
验证准确率: 0.9678 (10610/10964) - 与Levenshtein高度相关
验证F1(加权): 0.9671 - 类别平衡更好
学习率: 0.000080
显存使用: 0.48GB (预留: 0.67GB)

生成的训练样本:
--------------------------------------------------------------------------------
输入:       LWT TGLTPLSR MLK> D>TWR W>MR <BDK >N>
目标:     0 0 0 0 0 0 0 0 0 0 0 0 2 0 0 0 4 0 0 1 0 0 0 2 0 1 0 0 3 0 0 0 37 0 0 0 0 0
预测:     0 0 0 0 0 0 0 0 0 0 0 0 2 0 0 0 4 0 0 1 0 0 0 2 0 1 0 0 3 0 0 0 37 0 0 0 0 0
准确率:    1.0000 (38/38)
----------------------------------------
输入:       >XRN> WKD JLDT RXJL LJWSP >MR J<QWB
目标:     0 0 0 38 4 0 0 1 0 0 0 0 0 3 26 0 0 0 0 2 0 1 0 0 0 2 0 0 0 3 0 0 0 0 0 2
预测:     0 0 0 38 4 0 0 1 0 0 0 0 0 3 26 0 0 0 0 2 0 1 0 0 0 2 0 0 0 3 0 0 0 0 0 2
准确率:    1.0000 (36/36)
----------------------------------------
输入:       >TXCBTWN <LJ BJCT> W>LH> >TXCBH LVBT> DN<BD
目标:     0 0 14 0 0 3 0 0 19 0 0 1 0 0 0 0 2 9 0 0 1 0 0 4 0 0 0 14 0 0 51 12 0 1 0 150 9 0 0 1 6 0 0 3
预测:     0 0 14 0 0 3 0 0 19 0 0 1 0 0 0 0 2 9 0 0 1 0 0 4 0 0 0 14 0 0 51 12 0 1 0 150 9 0 0 1 6 0 0 3
准确率:    1.0000 (44/44)
----------------------------------------

生成的验证样本:
--------------------------------------------------------------------------------
输入:       LTCBWXT> MNW HN> D>CKX LMV<> WL> V<>
目标:     0 1 0 0 8 0 13 9 0 0 0 71 0 0 0 0 0 0 35 0 0 0 3 0 1 6 0 10 7 0 1 0 0 0 0 10 3
预测:     0 1 0 0 8 0 13 9 0 0 0 71 0 0 0 0 0 0 1 17 0 0 3 0 1 6 0 10 7 0 1 0 0 0 0 10 7
准确率:    0.9189 (34/37)
----------------------------------------
输入:       MNW HN> D>CKX LMV<> WL> V<> WLMB>CW
目标:     0 0 71 0 0 0 0 0 0 35 0 0 0 3 0 1 6 0 10 7 0 1 0 0 0 0 10 3 0 1 1 28 0 0 7 0
预测:     0 0 71 0 0 0 0 0 0 1 17 0 0 3 0 1 6 0 10 7 0 1 0 0 0 0 10 3 0 1 1 28 0 0 7 0
准确率:    0.9444 (34/36)
----------------------------------------
⏳ 验证无提升 (验证准确率: 0.9678 ≤ 0.9684)，patience: 5/50

======================================================================
🚀 Epoch 60/200
======================================================================
📚 开始训练阶段...
训练进度: 500/6065 损失=0.0319
训练进度: 1000/6065 损失=0.0619
训练进度: 1500/6065 损失=0.0307
训练进度: 2000/6065 损失=0.0287
训练进度: 2500/6065 损失=0.0180
训练进度: 3000/6065 损失=0.0386
训练进度: 3500/6065 损失=0.0072
训练进度: 4000/6065 损失=0.0385
训练进度: 4500/6065 损失=0.0348
训练进度: 5000/6065 损失=0.0222
训练进度: 5500/6065 损失=0.0522
训练进度: 6000/6065 损失=0.0164
训练进度: 6065/6065 损失=0.0130
✅ 训练完成，耗时: 108.7秒 (1.8分钟)

============================================================
📊 验证决策: Epoch 60/200
   验证间隔: 1
   是否验证: ✅ 是
   原因: 达到验证间隔 (0 == 0)
============================================================

🔍 开始验证...
验证进度: 500/686 损失=0.1094
验证进度: 686/686 损失=0.8787

📊 预测分布分析:
  - 预测的前5个类别: {np.int64(0): 282018, np.int64(1): 36994, np.int64(2): 14644, np.int64(3): 10879, np.int64(4): 9012}
  - 标签的前5个类别: {np.int64(0): 281232, np.int64(1): 36731, np.int64(2): 14789, np.int64(3): 10866, np.int64(4): 8585}
✅ 验证完成，耗时: 4.8秒 (0.1分钟)
训练损失: 0.0254
验证损失: 0.3520
验证准确率: 0.9677 (10610/10964) - 与Levenshtein高度相关
验证F1(加权): 0.9673 - 类别平衡更好
学习率: 0.000080
显存使用: 0.48GB (预留: 0.67GB)

生成的训练样本:
--------------------------------------------------------------------------------
输入:       MJ> W>TKSJW VWR> WSP KL BSR DRXC
目标:     0 24 9 0 0 1 0 14 0 0 3 19 0 0 0 11 0 0 1 31 116 0 0 2 0 0 0 2 0 1 0 0 7
预测:     0 24 9 0 0 1 0 14 0 0 3 19 0 0 0 11 0 0 1 31 116 0 0 2 0 0 0 2 0 1 0 0 7
准确率:    1.0000 (33/33)
----------------------------------------
输入:       LMCRJT> DMDJN WKD CM< GD<WN TC<JTH DXLM>
目标:     0 1 0 0 0 2 9 0 0 1 0 0 0 2 0 1 0 0 0 0 0 3 0 0 0 0 0 2 0 0 0 0 2 1 0 0 1 0 0 15 0
预测:     0 1 0 0 0 2 9 0 0 1 0 0 0 2 0 1 0 0 0 0 0 3 0 0 0 0 0 2 0 0 0 0 2 1 0 0 1 0 0 15 0
准确率:    1.0000 (41/41)
----------------------------------------
输入:       B>R<> WCQLW MN TMN CRBT> DDN MN
目标:     0 1 0 0 4 0 0 1 0 0 3 0 0 0 0 0 0 0 0 0 0 0 13 9 0 0 1 0 2 0 0 0
预测:     0 1 0 0 4 0 0 1 0 0 3 0 0 0 0 0 0 0 0 0 0 0 13 9 0 0 1 0 2 0 0 0
准确率:    1.0000 (32/32)
----------------------------------------

生成的验证样本:
--------------------------------------------------------------------------------
输入:       LTCBWXT> MNW HN> D>CKX LMV<> WL> V<>
目标:     0 1 0 0 8 0 13 9 0 0 0 71 0 0 0 0 0 0 35 0 0 0 3 0 1 6 0 10 7 0 1 0 0 0 0 10 3
预测:     0 1 0 0 8 0 13 9 0 0 0 71 0 0 0 0 0 0 1 17 0 0 3 0 1 6 0 10 7 0 1 0 0 0 0 10 7
准确率:    0.9189 (34/37)
----------------------------------------
输入:       MNW HN> D>CKX LMV<> WL> V<> WLMB>CW
目标:     0 0 71 0 0 0 0 0 0 35 0 0 0 3 0 1 6 0 10 7 0 1 0 0 0 0 10 3 0 1 1 28 0 0 7 0
预测:     0 0 71 0 0 0 0 0 0 1 17 0 0 3 0 1 6 0 10 7 0 1 0 0 0 0 10 7 0 1 1 28 0 0 7 0
准确率:    0.9167 (33/36)
----------------------------------------
⏳ 验证无提升 (验证准确率: 0.9677 ≤ 0.9684)，patience: 6/50

======================================================================
🚀 Epoch 61/200
======================================================================
📚 开始训练阶段...
训练进度: 500/6065 损失=0.0497
训练进度: 1000/6065 损失=0.0153
训练进度: 1500/6065 损失=0.0138
训练进度: 2000/6065 损失=0.0230
训练进度: 2500/6065 损失=0.0182
训练进度: 3000/6065 损失=0.0149
训练进度: 3500/6065 损失=0.0294
训练进度: 4000/6065 损失=0.0431
训练进度: 4500/6065 损失=0.0097
训练进度: 5000/6065 损失=0.0119
训练进度: 5500/6065 损失=0.0144
训练进度: 6000/6065 损失=0.0095
训练进度: 6065/6065 损失=0.0174
✅ 训练完成，耗时: 108.5秒 (1.8分钟)

============================================================
📊 验证决策: Epoch 61/200
   验证间隔: 1
   是否验证: ✅ 是
   原因: 达到验证间隔 (0 == 0)
============================================================

🔍 开始验证...
验证进度: 500/686 损失=0.1059
验证进度: 686/686 损失=0.7725

📊 预测分布分析:
  - 预测的前5个类别: {np.int64(0): 282304, np.int64(1): 37038, np.int64(2): 14697, np.int64(3): 10877, np.int64(4): 8825}
  - 标签的前5个类别: {np.int64(0): 281232, np.int64(1): 36731, np.int64(2): 14789, np.int64(3): 10866, np.int64(4): 8585}
✅ 验证完成，耗时: 4.7秒 (0.1分钟)
训练损失: 0.0248
验证损失: 0.3474
验证准确率: 0.9682 (10615/10964) - 与Levenshtein高度相关
验证F1(加权): 0.9677 - 类别平衡更好
学习率: 0.000079
显存使用: 0.48GB (预留: 0.67GB)

生成的训练样本:
--------------------------------------------------------------------------------
输入:       XZJ LKLHWN <BDWHJ DMRJ> RWRB> D<BD VRW
目标:     0 0 0 80 0 1 0 5 0 0 0 0 0 0 104 1 0 0 0 1 0 0 0 2 0 0 0 0 11 0 0 1 0 0 3 34 0 3 0
预测:     0 0 0 80 0 1 0 5 0 0 0 0 0 0 104 1 0 0 0 1 0 0 0 2 0 0 0 0 11 0 0 1 0 0 3 34 0 3 0
准确率:    1.0000 (39/39)
----------------------------------------
输入:       BNJ >JSRJL >JK DPQD MRJ> LMWC> WL>HRWN
目标:     0 0 2 0 0 0 0 0 0 0 2 0 0 0 0 0 1 0 0 16 0 0 0 0 2 0 1 0 0 0 2 0 1 1 0 0 0 0 2
预测:     0 0 2 0 0 0 0 0 0 0 2 0 0 0 0 0 1 0 0 16 0 0 0 0 2 0 1 0 0 0 2 0 1 1 0 0 0 0 2
准确率:    1.0000 (39/39)
----------------------------------------
输入:       W>MRJN MN XD MN CBV> D>JSR>JL DL>
目标:     0 1 0 0 7 0 0 0 0 12 0 0 2 0 0 0 0 0 0 11 0 0 1 0 0 0 8 0 0 2 0 1 0 0
预测:     0 1 0 0 7 0 0 0 0 12 0 0 2 0 0 0 0 0 0 11 0 0 1 0 0 0 8 0 0 2 0 1 0 0
准确率:    1.0000 (34/34)
----------------------------------------

生成的验证样本:
--------------------------------------------------------------------------------
输入:       LTCBWXT> MNW HN> D>CKX LMV<> WL> V<>
目标:     0 1 0 0 8 0 13 9 0 0 0 71 0 0 0 0 0 0 35 0 0 0 3 0 1 6 0 10 7 0 1 0 0 0 0 10 3
预测:     0 1 0 0 8 0 13 9 0 0 0 71 0 0 0 0 0 0 1 17 0 0 3 0 1 6 0 10 7 0 1 0 0 0 0 10 7
准确率:    0.9189 (34/37)
----------------------------------------
输入:       MNW HN> D>CKX LMV<> WL> V<> WLMB>CW
目标:     0 0 71 0 0 0 0 0 0 35 0 0 0 3 0 1 6 0 10 7 0 1 0 0 0 0 10 3 0 1 1 28 0 0 7 0
预测:     0 0 71 0 0 0 0 0 0 1 17 0 0 3 0 1 6 0 10 7 0 1 0 0 0 0 10 3 0 1 1 28 0 0 7 0
准确率:    0.9444 (34/36)
----------------------------------------
⏳ 验证无提升 (验证准确率: 0.9682 ≤ 0.9684)，patience: 7/50

======================================================================
🚀 Epoch 62/200
======================================================================
📚 开始训练阶段...
训练进度: 500/6065 损失=0.0309
训练进度: 1000/6065 损失=0.0576
训练进度: 1500/6065 损失=0.0228
训练进度: 2000/6065 损失=0.0193
训练进度: 2500/6065 损失=0.0105
训练进度: 3000/6065 损失=0.0200
训练进度: 3500/6065 损失=0.0268
训练进度: 4000/6065 损失=0.0352
训练进度: 4500/6065 损失=0.0309
训练进度: 5000/6065 损失=0.0703
训练进度: 5500/6065 损失=0.0499
训练进度: 6000/6065 损失=0.0213
训练进度: 6065/6065 损失=0.0291
✅ 训练完成，耗时: 107.9秒 (1.8分钟)

============================================================
📊 验证决策: Epoch 62/200
   验证间隔: 1
   是否验证: ✅ 是
   原因: 达到验证间隔 (0 == 0)
============================================================

🔍 开始验证...
验证进度: 500/686 损失=0.1258
验证进度: 686/686 损失=0.7800

📊 预测分布分析:
  - 预测的前5个类别: {np.int64(0): 282732, np.int64(1): 37081, np.int64(2): 14718, np.int64(3): 10839, np.int64(4): 8861}
  - 标签的前5个类别: {np.int64(0): 281232, np.int64(1): 36731, np.int64(2): 14789, np.int64(3): 10866, np.int64(4): 8585}
✅ 验证完成，耗时: 4.7秒 (0.1分钟)
训练损失: 0.0248
验证损失: 0.3577
验证准确率: 0.9681 (10614/10964) - 与Levenshtein高度相关
验证F1(加权): 0.9673 - 类别平衡更好
学习率: 0.000078
显存使用: 0.48GB (预留: 0.67GB)

生成的训练样本:
--------------------------------------------------------------------------------
输入:       GBR> MWC> D>SQN MN >R<> DMYRJN L>
目标:     0 0 0 4 0 0 0 0 0 2 0 1 17 64 29 0 0 0 0 0 0 0 4 0 0 1 0 0 0 0 2 0 0 0
预测:     0 0 0 4 0 0 0 0 0 2 0 1 17 64 29 0 0 0 0 0 0 0 4 0 0 1 0 0 0 0 2 0 0 0
准确率:    1.0000 (34/34)
----------------------------------------
输入:       NKJLT> BLB> WBLB> MLLJN BJCT> N<V> MRJ>
目标:     0 0 0 0 2 23 0 0 1 0 4 0 0 1 1 0 4 0 0 0 0 7 0 0 0 0 0 2 23 0 0 6 0 10 3 0 0 0 0 2
预测:     0 0 0 0 2 23 0 0 1 0 4 0 0 1 1 0 4 0 0 0 0 7 0 0 0 0 0 2 23 0 0 6 0 10 3 0 0 0 0 2
准确率:    1.0000 (40/40)
----------------------------------------
输入:       <QT LKWN W>MRW LH QCJC> DGL<D LNPTX
目标:     0 31 3 26 0 1 0 0 0 0 1 0 0 3 0 0 1 0 0 0 0 0 11 0 0 1 0 0 0 2 0 1 0 0 0 2
预测:     0 31 3 26 0 1 0 0 0 0 1 0 0 3 0 0 1 0 0 0 0 0 11 0 0 1 0 0 0 2 0 1 0 0 0 2
准确率:    1.0000 (36/36)
----------------------------------------

生成的验证样本:
--------------------------------------------------------------------------------
输入:       LTCBWXT> MNW HN> D>CKX LMV<> WL> V<>
目标:     0 1 0 0 8 0 13 9 0 0 0 71 0 0 0 0 0 0 35 0 0 0 3 0 1 6 0 10 7 0 1 0 0 0 0 10 3
预测:     0 1 0 0 8 0 13 9 0 0 0 71 0 0 0 0 0 0 1 17 0 0 3 0 1 6 0 10 7 0 1 0 0 0 0 10 7
准确率:    0.9189 (34/37)
----------------------------------------
输入:       MNW HN> D>CKX LMV<> WL> V<> WLMB>CW
目标:     0 0 71 0 0 0 0 0 0 35 0 0 0 3 0 1 6 0 10 7 0 1 0 0 0 0 10 3 0 1 1 28 0 0 7 0
预测:     0 0 71 0 0 0 0 0 0 1 17 0 0 3 0 1 6 0 10 7 0 1 0 0 0 0 10 7 0 1 1 28 0 0 7 0
准确率:    0.9167 (33/36)
----------------------------------------
⏳ 验证无提升 (验证准确率: 0.9681 ≤ 0.9684)，patience: 8/50

======================================================================
🚀 Epoch 63/200
======================================================================
📚 开始训练阶段...
训练进度: 500/6065 损失=0.0075
训练进度: 1000/6065 损失=0.0229
训练进度: 1500/6065 损失=0.0239
训练进度: 2000/6065 损失=0.0210
训练进度: 2500/6065 损失=0.0425
训练进度: 3000/6065 损失=0.0331
训练进度: 3500/6065 损失=0.0143
训练进度: 4000/6065 损失=0.0346
训练进度: 4500/6065 损失=0.0095
训练进度: 5000/6065 损失=0.0183
训练进度: 5500/6065 损失=0.0510
训练进度: 6000/6065 损失=0.0205
训练进度: 6065/6065 损失=0.0266
✅ 训练完成，耗时: 108.4秒 (1.8分钟)

============================================================
📊 验证决策: Epoch 63/200
   验证间隔: 1
   是否验证: ✅ 是
   原因: 达到验证间隔 (0 == 0)
============================================================

🔍 开始验证...
验证进度: 500/686 损失=0.1145
验证进度: 686/686 损失=0.8185

📊 预测分布分析:
  - 预测的前5个类别: {np.int64(0): 282631, np.int64(1): 37127, np.int64(2): 14687, np.int64(3): 10681, np.int64(4): 8867}
  - 标签的前5个类别: {np.int64(0): 281232, np.int64(1): 36731, np.int64(2): 14789, np.int64(3): 10866, np.int64(4): 8585}
✅ 验证完成，耗时: 4.7秒 (0.1分钟)
训练损失: 0.0240
验证损失: 0.3581
验证准确率: 0.9680 (10613/10964) - 与Levenshtein高度相关
验证F1(加权): 0.9673 - 类别平衡更好
学习率: 0.000078
显存使用: 0.48GB (预留: 0.67GB)

生成的训练样本:
--------------------------------------------------------------------------------
输入:       JRJ<N DBQW XD> BXD> W<BDW T>NT> DTKLT>
目标:     0 0 0 0 13 0 0 0 0 3 19 0 0 2 0 0 1 0 2 0 0 1 0 0 3 0 0 0 0 70 23 0 0 1 0 0 13 9 0
预测:     0 0 0 0 13 0 0 0 0 3 19 0 0 2 0 0 1 0 2 0 0 1 0 0 3 0 0 0 0 70 23 0 0 1 0 0 13 9 0
准确率:    1.0000 (39/39)
----------------------------------------
输入:       JWCPV SLQ >N> >KWTK W<MJ >JK <MK
目标:     0 0 0 0 0 2 0 0 0 7 0 0 0 0 0 0 0 0 1 0 0 1 0 37 0 0 0 0 0 0 0 37 0
预测:     0 0 0 0 0 2 0 0 0 7 0 0 0 0 0 0 0 0 1 0 0 1 0 37 0 0 0 0 0 0 0 37 0
准确率:    1.0000 (33/33)
----------------------------------------
输入:       >R<> HD> MDBXJHWN <QRW WL> CM<TWN LQLJ
目标:     0 0 0 4 0 0 0 0 0 0 0 0 0 2 1 0 0 0 6 0 0 3 0 0 1 0 0 0 0 0 3 0 0 0 0 1 0 5 0
预测:     0 0 0 4 0 0 0 0 0 0 0 0 0 2 1 0 0 0 6 0 0 3 0 0 1 0 0 0 0 0 3 0 0 0 0 1 0 5 0
准确率:    1.0000 (39/39)
----------------------------------------

生成的验证样本:
--------------------------------------------------------------------------------
输入:       LTCBWXT> MNW HN> D>CKX LMV<> WL> V<>
目标:     0 1 0 0 8 0 13 9 0 0 0 71 0 0 0 0 0 0 35 0 0 0 3 0 1 6 0 10 7 0 1 0 0 0 0 10 3
预测:     0 1 0 0 8 0 13 9 0 0 0 71 0 0 0 0 0 0 1 17 0 0 3 0 1 6 0 10 7 0 1 0 0 0 0 10 7
准确率:    0.9189 (34/37)
----------------------------------------
输入:       MNW HN> D>CKX LMV<> WL> V<> WLMB>CW
目标:     0 0 71 0 0 0 0 0 0 35 0 0 0 3 0 1 6 0 10 7 0 1 0 0 0 0 10 3 0 1 1 28 0 0 7 0
预测:     0 0 71 0 0 0 0 0 0 1 17 0 0 3 0 1 6 0 10 7 0 1 0 0 0 0 10 7 0 1 1 28 0 0 7 0
准确率:    0.9167 (33/36)
----------------------------------------
⏳ 验证无提升 (验证准确率: 0.9680 ≤ 0.9684)，patience: 9/50

======================================================================
🚀 Epoch 64/200
======================================================================
📚 开始训练阶段...
训练进度: 500/6065 损失=0.0192
训练进度: 1000/6065 损失=0.0190
训练进度: 1500/6065 损失=0.0307
训练进度: 2000/6065 损失=0.0353
训练进度: 2500/6065 损失=0.0092
训练进度: 3000/6065 损失=0.0260
训练进度: 3500/6065 损失=0.0487
训练进度: 4000/6065 损失=0.0194
训练进度: 4500/6065 损失=0.0207
训练进度: 5000/6065 损失=0.0302
训练进度: 5500/6065 损失=0.0241
训练进度: 6000/6065 损失=0.0246
训练进度: 6065/6065 损失=0.0183
✅ 训练完成，耗时: 108.4秒 (1.8分钟)

============================================================
📊 验证决策: Epoch 64/200
   验证间隔: 1
   是否验证: ✅ 是
   原因: 达到验证间隔 (0 == 0)
============================================================

🔍 开始验证...
验证进度: 500/686 损失=0.1640
验证进度: 686/686 损失=0.6287

📊 预测分布分析:
  - 预测的前5个类别: {np.int64(0): 282361, np.int64(1): 37089, np.int64(2): 14755, np.int64(3): 10947, np.int64(4): 8865}
  - 标签的前5个类别: {np.int64(0): 281232, np.int64(1): 36731, np.int64(2): 14789, np.int64(3): 10866, np.int64(4): 8585}
✅ 验证完成，耗时: 4.8秒 (0.1分钟)
训练损失: 0.0235
验证损失: 0.3627
验证准确率: 0.9680 (10613/10964) - 与Levenshtein高度相关
验证F1(加权): 0.9673 - 类别平衡更好
学习率: 0.000077
显存使用: 0.47GB (预留: 0.67GB)

生成的训练样本:
--------------------------------------------------------------------------------
输入:       WBXD XD MNHWN MN >TRWT> SGJ YBJN>
目标:     0 1 1 0 2 0 0 2 0 0 1 0 0 0 0 0 0 0 0 0 8 2 23 0 0 0 0 13 0 0 0 0 4 0
预测:     0 1 1 0 2 0 0 2 0 0 1 0 0 0 0 0 0 0 0 0 8 2 23 0 0 0 0 13 0 0 0 0 4 0
准确率:    1.0000 (34/34)
----------------------------------------
输入:       >KXD> >JK VBJ> W>JK >JL> T>KLJWHJ BLXWD
目标:     0 0 0 0 0 0 0 0 0 0 0 0 0 4 0 0 1 0 0 0 0 0 0 15 0 0 6 0 0 48 35 0 0 0 0 1 0 0 0 2
预测:     0 0 0 0 2 0 0 0 0 0 0 0 0 4 0 0 1 0 0 0 0 0 0 15 0 0 6 0 0 48 35 0 0 0 0 1 0 0 0 2
准确率:    0.9750 (39/40)
----------------------------------------
输入:       DBNJ >NC> MTDBRJN BHJN KD BH BJWM>
目标:     0 1 0 2 0 0 0 0 4 0 0 21 14 0 0 7 0 19 0 1 0 0 0 0 0 0 0 1 0 0 1 0 0 4 0
预测:     0 1 0 2 0 0 0 0 4 0 0 21 14 0 0 7 0 19 0 1 0 0 0 0 0 0 0 1 0 0 1 0 0 4 0
准确率:    1.0000 (35/35)
----------------------------------------

生成的验证样本:
--------------------------------------------------------------------------------
输入:       LTCBWXT> MNW HN> D>CKX LMV<> WL> V<>
目标:     0 1 0 0 8 0 13 9 0 0 0 71 0 0 0 0 0 0 35 0 0 0 3 0 1 6 0 10 7 0 1 0 0 0 0 10 3
预测:     0 1 0 0 8 0 13 9 0 0 0 71 0 0 0 0 0 0 1 17 0 0 3 0 1 6 0 10 7 0 1 0 0 0 0 10 7
准确率:    0.9189 (34/37)
----------------------------------------
输入:       MNW HN> D>CKX LMV<> WL> V<> WLMB>CW
目标:     0 0 71 0 0 0 0 0 0 35 0 0 0 3 0 1 6 0 10 7 0 1 0 0 0 0 10 3 0 1 1 28 0 0 7 0
预测:     0 0 71 0 0 0 0 0 0 1 17 0 0 3 0 1 6 0 10 7 0 1 0 0 0 0 10 7 0 1 1 28 0 0 7 0
准确率:    0.9167 (33/36)
----------------------------------------
⏳ 验证无提升 (验证准确率: 0.9680 ≤ 0.9684)，patience: 10/50

======================================================================
🚀 Epoch 65/200
======================================================================
📚 开始训练阶段...
训练进度: 500/6065 损失=0.0163
训练进度: 1000/6065 损失=0.0178
训练进度: 1500/6065 损失=0.0326
训练进度: 2000/6065 损失=0.0215
训练进度: 2500/6065 损失=0.0138
训练进度: 3000/6065 损失=0.0158
训练进度: 3500/6065 损失=0.0168
训练进度: 4000/6065 损失=0.0282
训练进度: 4500/6065 损失=0.0079
训练进度: 5000/6065 损失=0.0265
训练进度: 5500/6065 损失=0.0157
训练进度: 6000/6065 损失=0.0085
训练进度: 6065/6065 损失=0.0053
✅ 训练完成，耗时: 108.4秒 (1.8分钟)

============================================================
📊 验证决策: Epoch 65/200
   验证间隔: 1
   是否验证: ✅ 是
   原因: 达到验证间隔 (0 == 0)
============================================================

🔍 开始验证...
验证进度: 500/686 损失=0.0714
验证进度: 686/686 损失=0.8169

📊 预测分布分析:
  - 预测的前5个类别: {np.int64(0): 282266, np.int64(1): 37049, np.int64(2): 14685, np.int64(3): 10745, np.int64(4): 9010}
  - 标签的前5个类别: {np.int64(0): 281232, np.int64(1): 36731, np.int64(2): 14789, np.int64(3): 10866, np.int64(4): 8585}
✅ 验证完成，耗时: 4.8秒 (0.1分钟)
训练损失: 0.0230
验证损失: 0.3600
验证准确率: 0.9682 (10614/10964) - 与Levenshtein高度相关
验证F1(加权): 0.9676 - 类别平衡更好
学习率: 0.000076
显存使用: 0.48GB (预留: 0.67GB)

生成的训练样本:
--------------------------------------------------------------------------------
输入:       LSML> WGBR> DN<BD BMRXWT> WL> NCM< LKHN>
目标:     0 1 0 0 4 0 0 1 0 0 4 0 0 1 6 0 0 3 0 1 0 0 0 2 9 0 0 1 0 0 0 6 0 0 3 0 1 0 0 4 0
预测:     0 1 0 0 4 0 0 1 0 0 4 0 0 1 6 0 0 3 0 1 0 0 0 2 9 0 0 1 0 0 0 6 0 0 3 0 1 0 0 4 0
准确率:    1.0000 (41/41)
----------------------------------------
输入:       >NTWN LH MNW DD>N <L >PWHJ <DM>
目标:     0 0 0 0 0 0 0 1 0 0 0 71 0 0 1 20 0 7 0 0 0 0 54 25 1 0 0 0 0 0 0 0
预测:     0 0 0 0 0 0 0 1 0 0 0 71 0 0 1 20 0 7 0 0 0 0 54 25 1 0 0 0 0 0 0 0
准确率:    1.0000 (32/32)
----------------------------------------
输入:       MLKWN MN DBJT >PRJM MLKWT> XNPJT> W>P
目标:     0 0 0 0 2 0 0 0 0 0 1 0 0 2 0 0 0 0 0 2 0 0 0 0 2 9 0 0 0 0 0 2 9 0 0 1 0 0
预测:     0 0 0 0 2 0 0 0 0 0 1 0 0 2 0 0 0 0 0 2 0 0 0 0 2 9 0 0 0 0 0 2 9 0 0 1 0 0
准确率:    1.0000 (38/38)
----------------------------------------

生成的验证样本:
--------------------------------------------------------------------------------
输入:       LTCBWXT> MNW HN> D>CKX LMV<> WL> V<>
目标:     0 1 0 0 8 0 13 9 0 0 0 71 0 0 0 0 0 0 35 0 0 0 3 0 1 6 0 10 7 0 1 0 0 0 0 10 3
预测:     0 1 0 0 8 0 13 9 0 0 0 71 0 0 0 0 0 0 1 17 0 0 3 0 1 6 0 10 7 0 1 0 0 0 0 10 7
准确率:    0.9189 (34/37)
----------------------------------------
输入:       MNW HN> D>CKX LMV<> WL> V<> WLMB>CW
目标:     0 0 71 0 0 0 0 0 0 35 0 0 0 3 0 1 6 0 10 7 0 1 0 0 0 0 10 3 0 1 1 28 0 0 7 0
预测:     0 0 71 0 0 0 0 0 0 1 17 0 0 3 0 1 6 0 10 7 0 1 0 0 0 0 10 3 0 1 1 28 0 0 7 0
准确率:    0.9444 (34/36)
----------------------------------------
⏳ 验证无提升 (验证准确率: 0.9682 ≤ 0.9684)，patience: 11/50

======================================================================
🚀 Epoch 66/200
======================================================================
📚 开始训练阶段...
训练进度: 500/6065 损失=0.0190
训练进度: 1000/6065 损失=0.0083
训练进度: 1500/6065 损失=0.0234
训练进度: 2000/6065 损失=0.0140
训练进度: 2500/6065 损失=0.0311
训练进度: 3000/6065 损失=0.0534
训练进度: 3500/6065 损失=0.0122
训练进度: 4000/6065 损失=0.0437
训练进度: 4500/6065 损失=0.0101
训练进度: 5000/6065 损失=0.0152
训练进度: 5500/6065 损失=0.0131
训练进度: 6000/6065 损失=0.0137
训练进度: 6065/6065 损失=0.0189
✅ 训练完成，耗时: 108.3秒 (1.8分钟)

============================================================
📊 验证决策: Epoch 66/200
   验证间隔: 1
   是否验证: ✅ 是
   原因: 达到验证间隔 (0 == 0)
============================================================

🔍 开始验证...
验证进度: 500/686 损失=0.1352
验证进度: 686/686 损失=0.8880

📊 预测分布分析:
  - 预测的前5个类别: {np.int64(0): 282397, np.int64(1): 37075, np.int64(2): 14684, np.int64(3): 10740, np.int64(4): 9049}
  - 标签的前5个类别: {np.int64(0): 281232, np.int64(1): 36731, np.int64(2): 14789, np.int64(3): 10866, np.int64(4): 8585}
✅ 验证完成，耗时: 4.7秒 (0.1分钟)
训练损失: 0.0226
验证损失: 0.3678
验证准确率: 0.9680 (10613/10964) - 与Levenshtein高度相关
验证F1(加权): 0.9673 - 类别平衡更好
学习率: 0.000076
显存使用: 0.48GB (预留: 0.67GB)

生成的训练样本:
--------------------------------------------------------------------------------
输入:       KL WCMH LSW<RNH L> CLM HNW DJN
目标:     0 0 2 0 1 0 5 0 0 1 0 0 0 0 5 0 0 0 0 0 0 0 7 0 0 81 0 0 0 0 0
预测:     0 0 2 0 1 0 5 0 0 1 0 0 0 0 5 0 0 0 0 0 0 0 7 0 0 81 0 0 0 0 0
准确率:    1.0000 (31/31)
----------------------------------------
输入:       HJ LJT LH PRWS DL> KJN> HWT
目标:     0 0 12 0 58 0 24 0 1 12 0 0 0 0 2 0 1 0 0 0 0 0 4 0 0 0 18 26
预测:     0 0 12 0 58 0 24 0 1 12 0 0 0 0 2 0 1 0 0 0 0 0 4 0 0 0 18 26
准确率:    1.0000 (28/28)
----------------------------------------
输入:       LWQDM JTBW BH <M> DRB WSGJ WRM
目标:     0 0 0 0 0 0 0 0 0 3 0 0 1 12 0 0 15 0 0 1 0 2 0 1 0 0 13 0 1 0 2
预测:     0 0 0 0 0 0 0 0 0 3 0 0 1 12 0 0 15 0 0 1 0 2 0 1 0 0 13 0 1 0 2
准确率:    1.0000 (31/31)
----------------------------------------

生成的验证样本:
--------------------------------------------------------------------------------
输入:       LTCBWXT> MNW HN> D>CKX LMV<> WL> V<>
目标:     0 1 0 0 8 0 13 9 0 0 0 71 0 0 0 0 0 0 35 0 0 0 3 0 1 6 0 10 7 0 1 0 0 0 0 10 3
预测:     0 1 0 0 8 0 13 9 0 0 0 71 0 0 0 0 0 0 1 17 0 0 3 0 1 6 0 10 7 0 1 0 0 0 0 10 7
准确率:    0.9189 (34/37)
----------------------------------------
输入:       MNW HN> D>CKX LMV<> WL> V<> WLMB>CW
目标:     0 0 71 0 0 0 0 0 0 35 0 0 0 3 0 1 6 0 10 7 0 1 0 0 0 0 10 3 0 1 1 28 0 0 7 0
预测:     0 0 71 0 0 0 0 0 0 1 17 0 0 3 0 1 6 0 10 7 0 1 0 0 0 0 10 3 0 1 1 28 0 0 7 0
准确率:    0.9444 (34/36)
----------------------------------------
⏳ 验证无提升 (验证准确率: 0.9680 ≤ 0.9684)，patience: 12/50

======================================================================
🚀 Epoch 67/200
======================================================================
📚 开始训练阶段...
训练进度: 500/6065 损失=0.0639
训练进度: 1000/6065 损失=0.0143
训练进度: 1500/6065 损失=0.0256
训练进度: 2000/6065 损失=0.0122
训练进度: 2500/6065 损失=0.0094
训练进度: 3000/6065 损失=0.0107
训练进度: 3500/6065 损失=0.0165
训练进度: 4000/6065 损失=0.0359
训练进度: 4500/6065 损失=0.0096
训练进度: 5000/6065 损失=0.0125
训练进度: 5500/6065 损失=0.0178
训练进度: 6000/6065 损失=0.0014
训练进度: 6065/6065 损失=0.0025
✅ 训练完成，耗时: 109.2秒 (1.8分钟)

============================================================
📊 验证决策: Epoch 67/200
   验证间隔: 1
   是否验证: ✅ 是
   原因: 达到验证间隔 (0 == 0)
============================================================

🔍 开始验证...
验证进度: 500/686 损失=0.0516
验证进度: 686/686 损失=0.8518

📊 预测分布分析:
  - 预测的前5个类别: {np.int64(0): 282554, np.int64(1): 37044, np.int64(2): 14702, np.int64(3): 10825, np.int64(4): 8793}
  - 标签的前5个类别: {np.int64(0): 281232, np.int64(1): 36731, np.int64(2): 14789, np.int64(3): 10866, np.int64(4): 8585}
✅ 验证完成，耗时: 4.8秒 (0.1分钟)
训练损失: 0.0220
验证损失: 0.3645
验证准确率: 0.9681 (10614/10964) - 与Levenshtein高度相关
验证F1(加权): 0.9675 - 类别平衡更好
学习率: 0.000075
显存使用: 0.48GB (预留: 0.67GB)

生成的训练样本:
--------------------------------------------------------------------------------
输入:       LKJ W>NTJ >JMJTJ W>P >MRTJ B>DNJ HW
目标:     0 1 0 0 0 1 0 0 0 0 8 0 0 0 3 0 0 0 1 0 0 0 0 0 3 0 0 0 1 0 0 2 46 0 0 12
预测:     0 1 0 0 0 1 0 0 0 0 8 0 0 0 3 0 0 0 1 0 0 0 0 0 3 0 0 0 1 0 0 2 46 0 0 12
准确率:    1.0000 (36/36)
----------------------------------------
输入:       KLH XJWT> D>R<> W<L KLH PRXT> DCMJ>
目标:     0 0 5 12 0 0 0 13 9 0 0 1 0 0 4 0 0 1 0 0 0 0 5 12 0 0 0 13 9 0 0 1 0 24 9 0
预测:     0 0 5 12 0 0 0 13 9 0 0 1 0 0 4 0 0 1 0 0 0 0 5 12 0 0 0 13 9 0 0 1 0 24 9 0
准确率:    1.0000 (36/36)
----------------------------------------
输入:       RMRM RJC> DJLJ <L B<LDBBJ <L B<LDBBJ
目标:     0 0 0 0 3 0 0 0 4 0 0 0 0 1 0 0 0 0 0 0 0 0 0 0 2 46 0 0 0 0 0 0 0 0 0 2 46
预测:     0 0 0 0 3 0 0 0 4 0 0 0 0 1 0 0 0 0 0 0 0 0 0 0 2 46 0 0 0 0 0 0 0 0 0 2 46
准确率:    1.0000 (37/37)
----------------------------------------

生成的验证样本:
--------------------------------------------------------------------------------
输入:       LTCBWXT> MNW HN> D>CKX LMV<> WL> V<>
目标:     0 1 0 0 8 0 13 9 0 0 0 71 0 0 0 0 0 0 35 0 0 0 3 0 1 6 0 10 7 0 1 0 0 0 0 10 3
预测:     0 1 0 0 8 0 13 9 0 0 0 71 0 0 0 0 0 0 1 17 0 0 3 0 1 6 0 10 7 0 1 0 0 0 0 10 7
准确率:    0.9189 (34/37)
----------------------------------------
输入:       MNW HN> D>CKX LMV<> WL> V<> WLMB>CW
目标:     0 0 71 0 0 0 0 0 0 35 0 0 0 3 0 1 6 0 10 7 0 1 0 0 0 0 10 3 0 1 1 28 0 0 7 0
预测:     0 0 71 0 0 0 0 0 0 1 17 0 0 3 0 1 6 0 10 7 0 1 0 0 0 0 10 3 0 1 1 28 0 0 7 0
准确率:    0.9444 (34/36)
----------------------------------------
⏳ 验证无提升 (验证准确率: 0.9681 ≤ 0.9684)，patience: 13/50

======================================================================
🚀 Epoch 68/200
======================================================================
📚 开始训练阶段...
训练进度: 500/6065 损失=0.0089
训练进度: 1000/6065 损失=0.0218
训练进度: 1500/6065 损失=0.0260
训练进度: 2000/6065 损失=0.0219
训练进度: 2500/6065 损失=0.0109
训练进度: 3000/6065 损失=0.0231
训练进度: 3500/6065 损失=0.0463
训练进度: 4000/6065 损失=0.0178
训练进度: 4500/6065 损失=0.0268
训练进度: 5000/6065 损失=0.0070
训练进度: 5500/6065 损失=0.0313
训练进度: 6000/6065 损失=0.0618
训练进度: 6065/6065 损失=0.0286
✅ 训练完成，耗时: 109.2秒 (1.8分钟)

============================================================
📊 验证决策: Epoch 68/200
   验证间隔: 1
   是否验证: ✅ 是
   原因: 达到验证间隔 (0 == 0)
============================================================

🔍 开始验证...
验证进度: 500/686 损失=0.1845
验证进度: 686/686 损失=0.7950

📊 预测分布分析:
  - 预测的前5个类别: {np.int64(0): 282151, np.int64(1): 37082, np.int64(2): 14716, np.int64(3): 10898, np.int64(4): 8966}
  - 标签的前5个类别: {np.int64(0): 281232, np.int64(1): 36731, np.int64(2): 14789, np.int64(3): 10866, np.int64(4): 8585}
✅ 验证完成，耗时: 4.8秒 (0.1分钟)
训练损失: 0.0216
验证损失: 0.3650
验证准确率: 0.9681 (10614/10964) - 与Levenshtein高度相关
验证F1(加权): 0.9675 - 类别平衡更好
学习率: 0.000074
显存使用: 0.48GB (预留: 0.67GB)

生成的训练样本:
--------------------------------------------------------------------------------
输入:       MLK> DMYRJN WNPQ JWSP MN QDM PR<WN
目标:     0 0 0 4 0 0 1 0 0 0 0 2 0 1 0 0 3 0 0 0 0 2 0 0 0 0 0 0 2 0 0 0 0 0 2
预测:     0 0 0 4 0 0 1 0 0 0 0 2 0 1 0 0 3 0 0 0 0 2 0 0 0 0 0 0 2 0 0 0 0 0 2
准确率:    1.0000 (35/35)
----------------------------------------
输入:       BH MN >JDJ TB<JHJ >N L> >JTJWHJ
目标:     0 1 0 0 0 0 8 0 0 2 46 6 0 0 3 1 0 0 0 0 0 0 0 0 0 68 0 0 86 0 0 0
预测:     0 1 0 0 0 0 8 0 0 2 46 6 0 0 3 1 0 0 0 0 0 0 0 0 0 68 0 0 86 0 0 0
准确率:    1.0000 (32/32)
----------------------------------------
输入:       SLQ <MHWN W<N> WTWR> WQNJN> DSGJ VB
目标:     0 0 0 3 0 0 1 0 0 0 0 1 0 4 0 0 1 0 0 11 0 0 1 0 0 0 4 0 0 1 0 0 13 0 0 2
预测:     0 0 0 3 0 0 1 0 0 0 0 1 0 4 0 0 1 0 0 11 0 0 1 0 0 0 4 0 0 1 0 0 13 0 0 2
准确率:    1.0000 (36/36)
----------------------------------------

生成的验证样本:
--------------------------------------------------------------------------------
输入:       LTCBWXT> MNW HN> D>CKX LMV<> WL> V<>
目标:     0 1 0 0 8 0 13 9 0 0 0 71 0 0 0 0 0 0 35 0 0 0 3 0 1 6 0 10 7 0 1 0 0 0 0 10 3
预测:     0 1 0 0 8 0 13 9 0 0 0 71 0 0 0 0 0 0 1 17 0 0 3 0 1 6 0 10 7 0 1 0 0 0 0 10 7
准确率:    0.9189 (34/37)
----------------------------------------
输入:       MNW HN> D>CKX LMV<> WL> V<> WLMB>CW
目标:     0 0 71 0 0 0 0 0 0 35 0 0 0 3 0 1 6 0 10 7 0 1 0 0 0 0 10 3 0 1 1 28 0 0 7 0
预测:     0 0 71 0 0 0 0 0 0 1 17 0 0 3 0 1 6 0 10 7 0 1 0 0 0 0 10 7 0 1 1 28 0 0 7 0
准确率:    0.9167 (33/36)
----------------------------------------
⏳ 验证无提升 (验证准确率: 0.9681 ≤ 0.9684)，patience: 14/50

======================================================================
🚀 Epoch 69/200
======================================================================
📚 开始训练阶段...
训练进度: 500/6065 损失=0.0045
训练进度: 1000/6065 损失=0.0112
训练进度: 1500/6065 损失=0.0390
训练进度: 2000/6065 损失=0.0275
训练进度: 2500/6065 损失=0.0170
训练进度: 3000/6065 损失=0.0228
训练进度: 3500/6065 损失=0.0204
训练进度: 4000/6065 损失=0.0327
训练进度: 4500/6065 损失=0.0177
训练进度: 5000/6065 损失=0.0207
训练进度: 5500/6065 损失=0.0115
训练进度: 6000/6065 损失=0.0178
训练进度: 6065/6065 损失=0.0102
✅ 训练完成，耗时: 108.9秒 (1.8分钟)

============================================================
📊 验证决策: Epoch 69/200
   验证间隔: 1
   是否验证: ✅ 是
   原因: 达到验证间隔 (0 == 0)
============================================================

🔍 开始验证...
验证进度: 500/686 损失=0.1954
验证进度: 686/686 损失=0.7875

📊 预测分布分析:
  - 预测的前5个类别: {np.int64(0): 282430, np.int64(1): 37078, np.int64(2): 14692, np.int64(3): 10954, np.int64(4): 9036}
  - 标签的前5个类别: {np.int64(0): 281232, np.int64(1): 36731, np.int64(2): 14789, np.int64(3): 10866, np.int64(4): 8585}
✅ 验证完成，耗时: 4.8秒 (0.1分钟)
训练损失: 0.0213
验证损失: 0.3774
验证准确率: 0.9680 (10613/10964) - 与Levenshtein高度相关
验证F1(加权): 0.9674 - 类别平衡更好
学习率: 0.000074
显存使用: 0.48GB (预留: 0.67GB)

生成的训练样本:
--------------------------------------------------------------------------------
输入:       XC> WY<R> >T<VP <LJM> DXZW SBJHWN JTJR
目标:     0 0 4 0 0 1 0 0 15 0 0 0 14 0 0 3 0 0 0 0 11 0 0 1 0 18 0 0 0 2 1 0 0 0 0 0 0 0 2
预测:     0 0 4 0 0 1 0 0 15 0 0 0 14 0 0 3 0 0 0 0 11 0 0 1 0 18 0 0 0 2 1 0 0 0 0 0 0 0 2
准确率:    1.0000 (39/39)
----------------------------------------
输入:       W>SG> ZR<K MVL >BRHM <BDJ WBN> TMN
目标:     0 1 28 0 10 3 0 0 0 5 0 0 0 0 0 0 0 0 0 0 2 0 0 0 37 0 0 1 0 10 3 0 0 0 0
预测:     0 1 28 0 10 3 0 0 0 5 0 0 0 0 0 0 0 0 0 0 2 0 0 0 37 0 0 1 0 10 3 0 0 0 0
准确率:    1.0000 (35/35)
----------------------------------------
输入:       W>NHR CRGJH QDM MRJ> >JK DPQD MRJ>
目标:     0 1 17 0 0 33 0 0 0 2 1 12 0 0 0 2 0 0 0 0 2 0 0 0 0 0 1 0 0 16 0 0 0 0 2
预测:     0 1 17 0 0 33 0 0 0 2 1 12 0 0 0 2 0 0 0 0 2 0 0 0 0 0 1 0 0 16 0 0 0 0 2
准确率:    1.0000 (35/35)
----------------------------------------

生成的验证样本:
--------------------------------------------------------------------------------
输入:       LTCBWXT> MNW HN> D>CKX LMV<> WL> V<>
目标:     0 1 0 0 8 0 13 9 0 0 0 71 0 0 0 0 0 0 35 0 0 0 3 0 1 6 0 10 7 0 1 0 0 0 0 10 3
预测:     0 1 0 0 8 0 13 9 0 0 0 71 0 0 0 0 0 0 1 17 0 0 3 0 1 6 0 10 7 0 1 0 0 0 0 10 7
准确率:    0.9189 (34/37)
----------------------------------------
输入:       MNW HN> D>CKX LMV<> WL> V<> WLMB>CW
目标:     0 0 71 0 0 0 0 0 0 35 0 0 0 3 0 1 6 0 10 7 0 1 0 0 0 0 10 3 0 1 1 28 0 0 7 0
预测:     0 0 71 0 0 0 0 0 0 1 17 0 0 3 0 1 6 0 10 7 0 1 0 0 0 0 10 7 0 1 1 28 0 0 7 0
准确率:    0.9167 (33/36)
----------------------------------------
⏳ 验证无提升 (验证准确率: 0.9680 ≤ 0.9684)，patience: 15/50

======================================================================
🚀 Epoch 70/200
======================================================================
📚 开始训练阶段...
训练进度: 500/6065 损失=0.0208
训练进度: 1000/6065 损失=0.0289
训练进度: 1500/6065 损失=0.0161
训练进度: 2000/6065 损失=0.0183
训练进度: 2500/6065 损失=0.0375
训练进度: 3000/6065 损失=0.0386
训练进度: 3500/6065 损失=0.0385
训练进度: 4000/6065 损失=0.0251
训练进度: 4500/6065 损失=0.0252
训练进度: 5000/6065 损失=0.0334
训练进度: 5500/6065 损失=0.0129
训练进度: 6000/6065 损失=0.0261
训练进度: 6065/6065 损失=0.0116
✅ 训练完成，耗时: 108.8秒 (1.8分钟)

============================================================
📊 验证决策: Epoch 70/200
   验证间隔: 1
   是否验证: ✅ 是
   原因: 达到验证间隔 (0 == 0)
============================================================

🔍 开始验证...
验证进度: 500/686 损失=0.1075
验证进度: 686/686 损失=0.8857

📊 预测分布分析:
  - 预测的前5个类别: {np.int64(0): 282429, np.int64(1): 37056, np.int64(2): 14750, np.int64(3): 10629, np.int64(4): 9114}
  - 标签的前5个类别: {np.int64(0): 281232, np.int64(1): 36731, np.int64(2): 14789, np.int64(3): 10866, np.int64(4): 8585}
✅ 验证完成，耗时: 4.8秒 (0.1分钟)
训练损失: 0.0208
验证损失: 0.3715
验证准确率: 0.9684 (10617/10964) - 与Levenshtein高度相关
验证F1(加权): 0.9677 - 类别平衡更好
学习率: 0.000073
显存使用: 0.48GB (预留: 0.67GB)

生成的训练样本:
--------------------------------------------------------------------------------
输入:       KLH >R<> W>WCV >JDH WNSBH W><LH LWTH
目标:     0 0 5 12 0 0 0 4 0 0 1 50 0 0 3 8 0 0 5 0 0 1 0 0 29 12 0 1 17 0 143 12 0 0 0 1 0
预测:     0 0 5 12 0 0 0 4 0 0 1 50 0 0 3 8 0 0 5 0 0 1 0 0 29 12 0 1 17 0 143 12 0 0 0 1 0
准确率:    1.0000 (37/37)
----------------------------------------
输入:       W>WKMW SDRWHJ >KWTH >TWRJ> DG>JN HWW HNDWJ>
目标:     0 1 59 0 0 3 0 0 0 0 25 1 0 0 0 0 0 0 1 0 0 0 0 0 0 11 0 0 1 0 42 0 0 0 0 18 0 0 0 0 0 0 11 0
预测:     0 1 59 0 0 3 0 0 0 0 25 1 0 0 0 0 0 0 1 0 0 0 0 0 0 11 0 0 1 0 42 0 0 0 0 18 0 0 0 0 0 0 11 0
准确率:    1.0000 (44/44)
----------------------------------------
输入:       TLP >NWN >WRX> VBT> DN>ZLWN BH WTTL
目标:     0 52 0 16 0 0 0 0 0 0 0 0 0 4 0 0 0 2 9 0 0 1 6 0 0 3 0 0 0 1 12 0 1 34 0 3
预测:     0 52 0 16 0 0 0 0 0 0 0 0 0 4 0 0 0 2 9 0 0 1 6 0 0 3 0 0 0 1 12 0 1 34 0 3
准确率:    1.0000 (36/36)
----------------------------------------

生成的验证样本:
--------------------------------------------------------------------------------
输入:       LTCBWXT> MNW HN> D>CKX LMV<> WL> V<>
目标:     0 1 0 0 8 0 13 9 0 0 0 71 0 0 0 0 0 0 35 0 0 0 3 0 1 6 0 10 7 0 1 0 0 0 0 10 3
预测:     0 1 0 0 8 0 13 9 0 0 0 71 0 0 0 0 0 0 1 17 0 0 3 0 1 6 0 10 7 0 1 0 0 0 0 10 7
准确率:    0.9189 (34/37)
----------------------------------------
输入:       MNW HN> D>CKX LMV<> WL> V<> WLMB>CW
目标:     0 0 71 0 0 0 0 0 0 35 0 0 0 3 0 1 6 0 10 7 0 1 0 0 0 0 10 3 0 1 1 28 0 0 7 0
预测:     0 0 71 0 0 0 0 0 0 1 17 0 0 3 0 1 6 0 10 7 0 1 0 0 0 0 10 3 0 1 1 28 0 0 7 0
准确率:    0.9444 (34/36)
----------------------------------------
⏳ 验证无提升 (验证准确率: 0.9684 ≤ 0.9684)，patience: 16/50

======================================================================
🚀 Epoch 71/200
======================================================================
📚 开始训练阶段...
训练进度: 500/6065 损失=0.0066
训练进度: 1000/6065 损失=0.0122
训练进度: 1500/6065 损失=0.0133
训练进度: 2000/6065 损失=0.0244
训练进度: 2500/6065 损失=0.0108
训练进度: 3000/6065 损失=0.0104
训练进度: 3500/6065 损失=0.0047
训练进度: 4000/6065 损失=0.0227
训练进度: 4500/6065 损失=0.0134
训练进度: 5000/6065 损失=0.0139
训练进度: 5500/6065 损失=0.0205
训练进度: 6000/6065 损失=0.0112
训练进度: 6065/6065 损失=0.0073
✅ 训练完成，耗时: 108.7秒 (1.8分钟)

============================================================
📊 验证决策: Epoch 71/200
   验证间隔: 1
   是否验证: ✅ 是
   原因: 达到验证间隔 (0 == 0)
============================================================

🔍 开始验证...
验证进度: 500/686 损失=0.1842
验证进度: 686/686 损失=0.8900

📊 预测分布分析:
  - 预测的前5个类别: {np.int64(0): 282633, np.int64(1): 37040, np.int64(2): 14734, np.int64(3): 10852, np.int64(4): 9063}
  - 标签的前5个类别: {np.int64(0): 281232, np.int64(1): 36731, np.int64(2): 14789, np.int64(3): 10866, np.int64(4): 8585}
✅ 验证完成，耗时: 4.8秒 (0.1分钟)
训练损失: 0.0204
验证损失: 0.3761
验证准确率: 0.9686 (10619/10964) - 与Levenshtein高度相关
验证F1(加权): 0.9679 - 类别平衡更好
学习率: 0.000072
显存使用: 0.48GB (预留: 0.67GB)

生成的训练样本:
--------------------------------------------------------------------------------
输入:       MLP LHWN >JKN> NDXLWN LMRJ> WHWW PLXJN
目标:     0 52 0 41 0 1 0 0 0 0 0 0 0 8 0 0 6 0 0 3 0 0 0 1 0 0 0 2 0 1 0 18 0 0 0 0 7 0 0
预测:     0 52 0 41 0 1 0 0 0 0 0 0 0 8 0 0 6 0 0 3 0 0 0 1 0 0 0 2 0 1 0 18 0 0 0 0 7 0 0
准确率:    1.0000 (39/39)
----------------------------------------
输入:       <LM W>STKL BCNJ> DDRDRJN C>L L>BWK WNXWJK
目标:     0 0 0 2 0 36 47 79 0 0 33 0 1 0 13 9 0 0 1 0 5 0 2 0 0 0 0 0 7 0 1 0 8 5 0 0 1 6 0 0 29 0
预测:     0 0 0 2 0 36 47 79 0 0 33 0 1 0 13 9 0 0 1 0 5 0 2 0 0 0 0 0 7 0 1 0 8 5 0 0 1 6 0 0 29 0
准确率:    1.0000 (42/42)
----------------------------------------
输入:       WCRK> DPTGMWHJ DPQXJ> WKLMDM D<BD H> KTJBJN
目标:     0 1 0 0 4 0 0 1 0 0 0 25 1 0 0 0 1 0 0 0 0 2 0 1 0 5 0 0 2 0 1 0 0 3 0 0 0 0 0 8 0 7 0 27
预测:     0 1 0 0 4 0 0 1 0 0 0 25 1 0 0 0 1 0 0 0 0 2 0 1 0 5 0 0 2 0 1 0 0 3 0 0 0 0 0 8 0 7 0 27
准确率:    1.0000 (44/44)
----------------------------------------

生成的验证样本:
--------------------------------------------------------------------------------
输入:       LTCBWXT> MNW HN> D>CKX LMV<> WL> V<>
目标:     0 1 0 0 8 0 13 9 0 0 0 71 0 0 0 0 0 0 35 0 0 0 3 0 1 6 0 10 7 0 1 0 0 0 0 10 3
预测:     0 1 0 0 8 0 13 9 0 0 0 71 0 0 0 0 0 0 1 17 0 0 3 0 1 6 0 10 7 0 1 0 0 0 0 10 7
准确率:    0.9189 (34/37)
----------------------------------------
输入:       MNW HN> D>CKX LMV<> WL> V<> WLMB>CW
目标:     0 0 71 0 0 0 0 0 0 35 0 0 0 3 0 1 6 0 10 7 0 1 0 0 0 0 10 3 0 1 1 28 0 0 7 0
预测:     0 0 71 0 0 0 0 0 0 1 17 0 0 3 0 1 6 0 10 7 0 1 0 0 0 0 10 3 0 1 1 28 0 0 7 0
准确率:    0.9444 (34/36)
----------------------------------------
💾 保存新的最佳模型！验证准确率: 0.9686 (F1: 0.9679) (Epoch 71)

======================================================================
🚀 Epoch 72/200
======================================================================
📚 开始训练阶段...
训练进度: 500/6065 损失=0.0159
训练进度: 1000/6065 损失=0.0301
训练进度: 1500/6065 损失=0.0241
训练进度: 2000/6065 损失=0.0194
训练进度: 2500/6065 损失=0.0077
训练进度: 3000/6065 损失=0.0188
训练进度: 3500/6065 损失=0.0102
训练进度: 4000/6065 损失=0.0080
训练进度: 4500/6065 损失=0.0171
训练进度: 5000/6065 损失=0.0071
训练进度: 5500/6065 损失=0.0047
训练进度: 6000/6065 损失=0.0177
训练进度: 6065/6065 损失=0.0324
✅ 训练完成，耗时: 109.1秒 (1.8分钟)

============================================================
📊 验证决策: Epoch 72/200
   验证间隔: 1
   是否验证: ✅ 是
   原因: 达到验证间隔 (0 == 0)
============================================================

🔍 开始验证...
验证进度: 500/686 损失=0.1954
验证进度: 686/686 损失=0.8538

📊 预测分布分析:
  - 预测的前5个类别: {np.int64(0): 282825, np.int64(1): 37016, np.int64(2): 14716, np.int64(3): 10873, np.int64(4): 9242}
  - 标签的前5个类别: {np.int64(0): 281232, np.int64(1): 36731, np.int64(2): 14789, np.int64(3): 10866, np.int64(4): 8585}
✅ 验证完成，耗时: 4.8秒 (0.1分钟)
训练损失: 0.0200
验证损失: 0.3812
验证准确率: 0.9688 (10622/10964) - 与Levenshtein高度相关
验证F1(加权): 0.9680 - 类别平衡更好
学习率: 0.000072
显存使用: 0.48GB (预留: 0.67GB)

生成的训练样本:
--------------------------------------------------------------------------------
输入:       CQWL >WBLJHJ L>MH WCQL VLJ> >WBLH L>MH
目标:     6 0 8 0 3 6 50 0 0 86 0 0 0 0 1 0 5 0 0 1 0 0 3 0 0 57 4 0 0 50 0 0 29 0 0 1 0 5 0
预测:     6 0 8 0 3 6 50 0 0 86 0 0 0 0 1 0 5 0 0 1 0 0 3 0 0 57 4 0 0 50 0 0 29 0 0 1 0 5 0
准确率:    1.0000 (39/39)
----------------------------------------
输入:       DB<WT> DJLJ BYPR> >QWM QDMJK WTXZJNJ MVL
目标:     0 1 0 0 2 9 0 0 0 0 1 0 0 1 0 0 4 0 6 17 0 0 3 0 0 0 2 1 0 0 1 6 0 0 29 0 0 0 0 0 0
预测:     0 1 0 0 2 9 0 0 0 0 1 0 0 1 0 0 4 0 6 17 0 0 3 0 0 0 2 1 0 0 1 6 0 0 29 0 0 0 0 0 0
准确率:    1.0000 (41/41)
----------------------------------------
输入:       >N NHW> >LH> <MJ WNNVRNJ B>WRX> HD>
目标:     0 0 0 0 6 0 10 3 0 0 0 4 0 0 0 1 0 0 1 6 0 0 51 0 0 0 1 0 0 0 4 0 0 0 0 0
预测:     0 0 0 0 6 0 10 3 0 0 0 4 0 0 0 1 0 0 1 6 0 0 51 0 0 0 1 0 0 0 4 0 0 0 0 0
准确率:    1.0000 (36/36)
----------------------------------------

生成的验证样本:
--------------------------------------------------------------------------------
输入:       LTCBWXT> MNW HN> D>CKX LMV<> WL> V<>
目标:     0 1 0 0 8 0 13 9 0 0 0 71 0 0 0 0 0 0 35 0 0 0 3 0 1 6 0 10 7 0 1 0 0 0 0 10 3
预测:     0 1 0 0 8 0 13 9 0 0 0 71 0 0 0 0 0 0 1 17 0 0 3 0 1 6 0 10 7 0 1 0 0 0 0 10 7
准确率:    0.9189 (34/37)
----------------------------------------
输入:       MNW HN> D>CKX LMV<> WL> V<> WLMB>CW
目标:     0 0 71 0 0 0 0 0 0 35 0 0 0 3 0 1 6 0 10 7 0 1 0 0 0 0 10 3 0 1 1 28 0 0 7 0
预测:     0 0 71 0 0 0 0 0 0 1 17 0 0 3 0 1 6 0 10 7 0 1 0 0 0 0 10 3 0 1 1 28 0 0 7 0
准确率:    0.9444 (34/36)
----------------------------------------
💾 保存新的最佳模型！验证准确率: 0.9688 (F1: 0.9680) (Epoch 72)

======================================================================
🚀 Epoch 73/200
======================================================================
📚 开始训练阶段...
训练进度: 500/6065 损失=0.0058
训练进度: 1000/6065 损失=0.0150
训练进度: 1500/6065 损失=0.0090
训练进度: 2000/6065 损失=0.0129
训练进度: 2500/6065 损失=0.0595
训练进度: 3000/6065 损失=0.0102
训练进度: 3500/6065 损失=0.0457
训练进度: 4000/6065 损失=0.0112
训练进度: 4500/6065 损失=0.0185
训练进度: 5000/6065 损失=0.0242
训练进度: 5500/6065 损失=0.0169
训练进度: 6000/6065 损失=0.0385
训练进度: 6065/6065 损失=0.0260
✅ 训练完成，耗时: 109.2秒 (1.8分钟)

============================================================
📊 验证决策: Epoch 73/200
   验证间隔: 1
   是否验证: ✅ 是
   原因: 达到验证间隔 (0 == 0)
============================================================

🔍 开始验证...
验证进度: 500/686 损失=0.1490
验证进度: 686/686 损失=0.8611

📊 预测分布分析:
  - 预测的前5个类别: {np.int64(0): 282691, np.int64(1): 36996, np.int64(2): 14825, np.int64(3): 10761, np.int64(4): 9055}
  - 标签的前5个类别: {np.int64(0): 281232, np.int64(1): 36731, np.int64(2): 14789, np.int64(3): 10866, np.int64(4): 8585}
✅ 验证完成，耗时: 4.8秒 (0.1分钟)
训练损失: 0.0195
验证损失: 0.3806
验证准确率: 0.9687 (10620/10964) - 与Levenshtein高度相关
验证F1(加权): 0.9679 - 类别平衡更好
学习率: 0.000071
显存使用: 0.48GB (预留: 0.67GB)

生成的训练样本:
--------------------------------------------------------------------------------
输入:       BYBJNHWN WKWL RGT> DXC> HPK> LDJN> DTCNJQ>
目标:     0 1 0 0 0 5 0 0 0 0 1 8 0 2 0 0 13 9 0 0 1 0 11 0 0 0 0 7 0 0 1 0 0 15 0 0 1 0 0 0 0 4 0
预测:     0 1 0 0 0 5 0 0 0 0 1 8 0 2 0 0 13 9 0 0 1 0 11 0 0 0 0 7 0 0 1 0 0 15 0 0 1 0 0 0 0 4 0
准确率:    1.0000 (43/43)
----------------------------------------
输入:       >TBQJW WXZ>WNJ PLGW NXT> DJLJ HNWN LHWN
目标:     0 0 14 0 0 3 19 0 1 0 10 3 1 0 0 0 0 0 3 19 0 0 0 30 0 0 0 0 1 0 0 0 0 0 0 0 1 0 0 0
预测:     0 0 14 0 0 3 19 0 1 0 10 3 1 0 0 0 0 0 3 19 0 0 0 30 0 0 0 0 1 0 0 0 0 0 0 0 1 0 0 0
准确率:    1.0000 (40/40)
----------------------------------------
输入:       B<WTH MRJ> >LHJ LMCM< B<WT> WYLWT> D<BDK
目标:     0 0 0 2 1 0 0 0 0 0 2 0 0 0 5 0 0 1 6 0 0 7 0 0 0 2 9 0 0 1 0 0 2 9 0 0 1 0 0 37 0
预测:     0 0 0 2 1 0 0 0 0 0 2 0 0 0 5 0 0 1 6 0 0 7 0 0 0 2 9 0 0 1 0 0 2 9 0 0 1 0 0 37 0
准确率:    1.0000 (41/41)
----------------------------------------

生成的验证样本:
--------------------------------------------------------------------------------
输入:       LTCBWXT> MNW HN> D>CKX LMV<> WL> V<>
目标:     0 1 0 0 8 0 13 9 0 0 0 71 0 0 0 0 0 0 35 0 0 0 3 0 1 6 0 10 7 0 1 0 0 0 0 10 3
预测:     0 1 0 0 8 0 13 9 0 0 0 71 0 0 0 0 0 0 1 17 0 0 3 0 1 6 0 10 7 0 1 0 0 0 0 10 7
准确率:    0.9189 (34/37)
----------------------------------------
输入:       MNW HN> D>CKX LMV<> WL> V<> WLMB>CW
目标:     0 0 71 0 0 0 0 0 0 35 0 0 0 3 0 1 6 0 10 7 0 1 0 0 0 0 10 3 0 1 1 28 0 0 7 0
预测:     0 0 71 0 0 0 0 0 0 1 17 0 0 3 0 1 6 0 10 7 0 1 0 0 0 0 10 7 0 1 1 28 0 0 7 0
准确率:    0.9167 (33/36)
----------------------------------------
⏳ 验证无提升 (验证准确率: 0.9687 ≤ 0.9688)，patience: 1/50

======================================================================
🚀 Epoch 74/200
======================================================================
📚 开始训练阶段...
训练进度: 500/6065 损失=0.0095
训练进度: 1000/6065 损失=0.0085
训练进度: 1500/6065 损失=0.0068
训练进度: 2000/6065 损失=0.0105
训练进度: 2500/6065 损失=0.0062
训练进度: 3000/6065 损失=0.0215
训练进度: 3500/6065 损失=0.0041
训练进度: 4000/6065 损失=0.0057
训练进度: 4500/6065 损失=0.0133
训练进度: 5000/6065 损失=0.0114
训练进度: 5500/6065 损失=0.0408
训练进度: 6000/6065 损失=0.0032
训练进度: 6065/6065 损失=0.0181
✅ 训练完成，耗时: 108.9秒 (1.8分钟)

============================================================
📊 验证决策: Epoch 74/200
   验证间隔: 1
   是否验证: ✅ 是
   原因: 达到验证间隔 (0 == 0)
============================================================

🔍 开始验证...
验证进度: 500/686 损失=0.1355
验证进度: 686/686 损失=0.8041

📊 预测分布分析:
  - 预测的前5个类别: {np.int64(0): 282696, np.int64(1): 37025, np.int64(2): 14781, np.int64(3): 10808, np.int64(4): 9076}
  - 标签的前5个类别: {np.int64(0): 281232, np.int64(1): 36731, np.int64(2): 14789, np.int64(3): 10866, np.int64(4): 8585}
✅ 验证完成，耗时: 4.8秒 (0.1分钟)
训练损失: 0.0196
验证损失: 0.3742
验证准确率: 0.9688 (10621/10964) - 与Levenshtein高度相关
验证F1(加权): 0.9680 - 类别平衡更好
学习率: 0.000070
显存使用: 0.48GB (预留: 0.67GB)

生成的训练样本:
--------------------------------------------------------------------------------
输入:       XNN DJN >MRN LH <WJD> LM HN>
目标:     0 0 0 0 0 0 0 0 0 0 0 3 0 0 1 0 0 0 0 0 0 2 0 0 0 0 0 0 0
预测:     0 0 0 0 0 0 0 0 0 0 0 3 0 0 1 0 0 0 0 0 0 2 0 0 0 0 0 0 0
准确率:    1.0000 (29/29)
----------------------------------------
输入:       L> NXTJNN MVL DGBR> >MR LN DL>
目标:     0 0 0 0 0 0 7 87 0 0 0 0 0 0 0 1 0 0 4 0 0 0 0 3 0 1 0 0 1 0 0
预测:     0 0 0 0 0 0 7 87 0 0 0 0 0 0 0 1 0 0 4 0 0 0 0 3 0 1 0 0 1 0 0
准确率:    1.0000 (31/31)
----------------------------------------
输入:       >MRT LH XJT> L> TDXLJN MVL D>P
目标:     0 0 0 3 26 0 1 12 0 0 13 9 0 0 0 0 0 6 0 0 3 0 0 0 0 0 0 0 1 0 0
预测:     0 0 0 3 26 0 1 12 0 0 13 9 0 0 0 0 0 6 0 0 3 0 0 0 0 0 0 0 1 0 0
准确率:    1.0000 (31/31)
----------------------------------------

生成的验证样本:
--------------------------------------------------------------------------------
输入:       LTCBWXT> MNW HN> D>CKX LMV<> WL> V<>
目标:     0 1 0 0 8 0 13 9 0 0 0 71 0 0 0 0 0 0 35 0 0 0 3 0 1 6 0 10 7 0 1 0 0 0 0 10 3
预测:     0 1 0 0 8 0 13 9 0 0 0 71 0 0 0 0 0 0 1 17 0 0 3 0 1 6 0 10 7 0 1 0 0 0 0 10 7
准确率:    0.9189 (34/37)
----------------------------------------
输入:       MNW HN> D>CKX LMV<> WL> V<> WLMB>CW
目标:     0 0 71 0 0 0 0 0 0 35 0 0 0 3 0 1 6 0 10 7 0 1 0 0 0 0 10 3 0 1 1 28 0 0 7 0
预测:     0 0 71 0 0 0 0 0 0 1 17 0 0 3 0 1 6 0 10 7 0 1 0 0 0 0 10 3 0 1 1 28 0 0 7 0
准确率:    0.9444 (34/36)
----------------------------------------
⏳ 验证无提升 (验证准确率: 0.9688 ≤ 0.9688)，patience: 2/50

======================================================================
🚀 Epoch 75/200
======================================================================
📚 开始训练阶段...
训练进度: 500/6065 损失=0.0068
训练进度: 1000/6065 损失=0.0462
训练进度: 1500/6065 损失=0.0035
训练进度: 2000/6065 损失=0.0183
训练进度: 2500/6065 损失=0.0088
训练进度: 3000/6065 损失=0.0073
训练进度: 3500/6065 损失=0.0293
训练进度: 4000/6065 损失=0.0226
训练进度: 4500/6065 损失=0.0112
训练进度: 5000/6065 损失=0.0227
训练进度: 5500/6065 损失=0.0094
训练进度: 6000/6065 损失=0.0075
训练进度: 6065/6065 损失=0.0082
✅ 训练完成，耗时: 108.7秒 (1.8分钟)

============================================================
📊 验证决策: Epoch 75/200
   验证间隔: 1
   是否验证: ✅ 是
   原因: 达到验证间隔 (0 == 0)
============================================================

🔍 开始验证...
验证进度: 500/686 损失=0.1724
验证进度: 686/686 损失=0.8711

📊 预测分布分析:
  - 预测的前5个类别: {np.int64(0): 282471, np.int64(1): 37090, np.int64(2): 14807, np.int64(3): 11038, np.int64(4): 8924}
  - 标签的前5个类别: {np.int64(0): 281232, np.int64(1): 36731, np.int64(2): 14789, np.int64(3): 10866, np.int64(4): 8585}
✅ 验证完成，耗时: 4.8秒 (0.1分钟)
训练损失: 0.0189
验证损失: 0.3881
验证准确率: 0.9680 (10613/10964) - 与Levenshtein高度相关
验证F1(加权): 0.9673 - 类别平衡更好
学习率: 0.000070
显存使用: 0.48GB (预留: 0.67GB)

生成的训练样本:
--------------------------------------------------------------------------------
输入:       LQRB> HC> <L MN HW >TTKLT DMRDT
目标:     0 1 0 0 15 0 0 0 4 0 0 0 0 0 0 12 0 0 0 0 0 14 0 0 3 12 0 1 0 0 3 12
预测:     0 1 0 0 15 0 0 0 4 0 0 0 0 0 0 12 0 0 0 0 0 14 0 0 3 12 0 1 0 0 3 12
准确率:    1.0000 (32/32)
----------------------------------------
输入:       WHNWN MJ> DNSB >NT MN NHR> NHWWN
目标:     0 1 0 0 0 12 0 24 9 0 0 1 0 0 7 0 0 0 0 0 0 0 0 0 0 4 0 0 6 0 18 0 0
预测:     0 1 0 0 0 12 0 24 9 0 0 1 0 0 7 0 0 0 0 0 0 0 0 0 0 4 0 0 6 0 18 0 0
准确率:    1.0000 (33/33)
----------------------------------------
输入:       >PWHJ M> D<>L HW> DNMLL <MH WKNC
目标:     0 54 25 1 0 0 0 0 0 0 1 8 0 83 0 0 10 3 0 1 6 0 0 16 0 0 1 0 0 1 0 0 16
预测:     0 54 25 1 0 0 0 0 0 0 1 8 0 83 0 0 10 3 0 1 6 0 0 16 0 0 1 0 0 1 0 0 16
准确率:    1.0000 (33/33)
----------------------------------------

生成的验证样本:
--------------------------------------------------------------------------------
输入:       LTCBWXT> MNW HN> D>CKX LMV<> WL> V<>
目标:     0 1 0 0 8 0 13 9 0 0 0 71 0 0 0 0 0 0 35 0 0 0 3 0 1 6 0 10 7 0 1 0 0 0 0 10 3
预测:     0 1 0 0 8 0 13 9 0 0 0 71 0 0 0 0 0 0 1 17 0 0 3 0 1 6 0 10 7 0 1 0 0 0 0 10 7
准确率:    0.9189 (34/37)
----------------------------------------
输入:       MNW HN> D>CKX LMV<> WL> V<> WLMB>CW
目标:     0 0 71 0 0 0 0 0 0 35 0 0 0 3 0 1 6 0 10 7 0 1 0 0 0 0 10 3 0 1 1 28 0 0 7 0
预测:     0 0 71 0 0 0 0 0 0 1 17 0 0 3 0 1 6 0 10 7 0 1 0 0 0 0 10 3 0 1 1 28 0 0 7 0
准确率:    0.9444 (34/36)
----------------------------------------
⏳ 验证无提升 (验证准确率: 0.9680 ≤ 0.9688)，patience: 3/50

======================================================================
🚀 Epoch 76/200
======================================================================
📚 开始训练阶段...
训练进度: 500/6065 损失=0.0236
训练进度: 1000/6065 损失=0.0054
训练进度: 1500/6065 损失=0.0316
训练进度: 2000/6065 损失=0.0349
训练进度: 2500/6065 损失=0.0046
训练进度: 3000/6065 损失=0.0296
训练进度: 3500/6065 损失=0.0231
训练进度: 4000/6065 损失=0.0192
训练进度: 4500/6065 损失=0.0214
训练进度: 5000/6065 损失=0.0037
训练进度: 5500/6065 损失=0.0145
训练进度: 6000/6065 损失=0.0149
训练进度: 6065/6065 损失=0.0169
✅ 训练完成，耗时: 108.9秒 (1.8分钟)

============================================================
📊 验证决策: Epoch 76/200
   验证间隔: 1
   是否验证: ✅ 是
   原因: 达到验证间隔 (0 == 0)
============================================================

🔍 开始验证...
验证进度: 500/686 损失=0.2261
验证进度: 686/686 损失=0.8351

📊 预测分布分析:
  - 预测的前5个类别: {np.int64(0): 282566, np.int64(1): 37122, np.int64(2): 14685, np.int64(3): 10766, np.int64(4): 8815}
  - 标签的前5个类别: {np.int64(0): 281232, np.int64(1): 36731, np.int64(2): 14789, np.int64(3): 10866, np.int64(4): 8585}
✅ 验证完成，耗时: 4.8秒 (0.1分钟)
训练损失: 0.0186
验证损失: 0.3899
验证准确率: 0.9676 (10608/10964) - 与Levenshtein高度相关
验证F1(加权): 0.9669 - 类别平衡更好
学习率: 0.000069
显存使用: 0.48GB (预留: 0.67GB)

生成的训练样本:
--------------------------------------------------------------------------------
输入:       WLKJ MXJN >MRJ DXTH >N> MVL DNV>B
目标:     0 1 1 0 0 0 28 0 42 0 6 0 0 3 0 0 75 13 1 0 0 0 0 0 0 0 0 0 0 1 6 0 0 3
预测:     0 1 1 0 0 0 28 0 42 0 6 0 0 3 0 0 75 13 1 0 0 0 0 0 0 0 0 0 0 1 6 0 0 3
准确率:    1.0000 (34/34)
----------------------------------------
输入:       >JDK DT<BD <DM> DNWBDK W<DM> DNSJPK B<GL
目标:     8 0 0 5 0 0 1 6 0 0 3 0 0 0 0 0 0 1 68 0 0 29 0 0 1 0 0 0 0 0 1 28 20 0 197 0 0 1 0 0 0
预测:     8 0 0 5 0 0 1 6 0 0 3 0 0 0 0 0 0 1 68 0 0 29 0 0 1 0 0 0 0 0 1 28 20 0 197 0 0 1 0 0 0
准确率:    1.0000 (41/41)
----------------------------------------
输入:       DL> TB< XZ> >NT D>JT <WL> WRWGZ>
目标:     0 1 0 0 0 0 0 7 0 0 10 7 0 0 0 0 0 1 0 0 24 0 0 0 15 0 0 1 0 0 0 4 0
预测:     0 1 0 0 0 0 0 7 0 0 10 7 0 0 0 0 0 1 0 0 24 0 0 0 15 0 0 1 0 0 0 4 0
准确率:    1.0000 (33/33)
----------------------------------------

生成的验证样本:
--------------------------------------------------------------------------------
输入:       LTCBWXT> MNW HN> D>CKX LMV<> WL> V<>
目标:     0 1 0 0 8 0 13 9 0 0 0 71 0 0 0 0 0 0 35 0 0 0 3 0 1 6 0 10 7 0 1 0 0 0 0 10 3
预测:     0 1 0 0 8 0 13 9 0 0 0 71 0 0 0 0 0 0 1 17 0 0 3 0 1 6 0 10 7 0 1 0 0 0 0 10 7
准确率:    0.9189 (34/37)
----------------------------------------
输入:       MNW HN> D>CKX LMV<> WL> V<> WLMB>CW
目标:     0 0 71 0 0 0 0 0 0 35 0 0 0 3 0 1 6 0 10 7 0 1 0 0 0 0 10 3 0 1 1 28 0 0 7 0
预测:     0 0 71 0 0 0 0 0 0 1 17 0 0 3 0 1 6 0 10 7 0 1 0 0 0 0 10 7 0 1 1 28 0 0 7 0
准确率:    0.9167 (33/36)
----------------------------------------
⏳ 验证无提升 (验证准确率: 0.9676 ≤ 0.9688)，patience: 4/50

======================================================================
🚀 Epoch 77/200
======================================================================
📚 开始训练阶段...
训练进度: 500/6065 损失=0.0201
训练进度: 1000/6065 损失=0.0225
训练进度: 1500/6065 损失=0.0252
训练进度: 2000/6065 损失=0.0186
训练进度: 2500/6065 损失=0.0136
训练进度: 3000/6065 损失=0.0117
训练进度: 3500/6065 损失=0.0222
训练进度: 4000/6065 损失=0.0483
训练进度: 4500/6065 损失=0.0380
训练进度: 5000/6065 损失=0.0461
训练进度: 5500/6065 损失=0.0167
训练进度: 6000/6065 损失=0.0063
训练进度: 6065/6065 损失=0.0386
✅ 训练完成，耗时: 109.3秒 (1.8分钟)

============================================================
📊 验证决策: Epoch 77/200
   验证间隔: 1
   是否验证: ✅ 是
   原因: 达到验证间隔 (0 == 0)
============================================================

🔍 开始验证...
验证进度: 500/686 损失=0.2318
验证进度: 686/686 损失=0.9059

📊 预测分布分析:
  - 预测的前5个类别: {np.int64(0): 282638, np.int64(1): 37082, np.int64(2): 14817, np.int64(3): 10945, np.int64(4): 8847}
  - 标签的前5个类别: {np.int64(0): 281232, np.int64(1): 36731, np.int64(2): 14789, np.int64(3): 10866, np.int64(4): 8585}
✅ 验证完成，耗时: 4.8秒 (0.1分钟)
训练损失: 0.0183
验证损失: 0.3909
验证准确率: 0.9685 (10618/10964) - 与Levenshtein高度相关
验证F1(加权): 0.9678 - 类别平衡更好
学习率: 0.000068
显存使用: 0.48GB (预留: 0.67GB)

生成的训练样本:
--------------------------------------------------------------------------------
输入:       WNXGWN LJ BMDBR> W>MR PR<WN MNW MRJ>
目标:     0 1 6 0 203 0 19 0 1 0 0 1 0 0 0 4 0 0 1 0 0 3 0 0 0 0 0 2 0 0 71 0 0 0 0 0 2
预测:     0 1 6 0 203 0 19 0 1 0 0 1 0 0 0 4 0 0 1 0 0 3 0 0 0 0 0 2 0 0 71 0 0 0 0 0 2
准确率:    1.0000 (37/37)
----------------------------------------
输入:       JRJ<T> XD> BXD> BQWRQS> WNHW> MCKN> XD
目标:     0 0 0 0 13 23 0 0 0 2 0 0 1 0 2 0 0 1 0 0 0 0 11 0 0 1 6 0 10 3 0 0 0 0 4 0 0 0 2
预测:     0 0 0 0 13 23 0 0 0 2 0 0 1 0 2 0 0 1 0 0 0 0 11 0 0 1 6 0 10 3 0 0 0 0 4 0 0 0 2
准确率:    1.0000 (39/39)
----------------------------------------
输入:       RMT> WKD MRJM HW> MWC> >JDWHJ TQP
目标:     0 0 13 9 0 0 1 0 0 0 28 20 0 7 0 0 10 3 0 0 0 0 2 8 0 0 25 1 0 0 0 0 0 7
预测:     0 0 13 9 0 0 1 0 0 0 28 20 0 7 0 0 10 3 0 0 0 0 2 8 0 0 25 1 0 0 0 0 0 7
准确率:    1.0000 (34/34)
----------------------------------------

生成的验证样本:
--------------------------------------------------------------------------------
输入:       LTCBWXT> MNW HN> D>CKX LMV<> WL> V<>
目标:     0 1 0 0 8 0 13 9 0 0 0 71 0 0 0 0 0 0 35 0 0 0 3 0 1 6 0 10 7 0 1 0 0 0 0 10 3
预测:     0 1 0 0 8 0 13 9 0 0 0 71 0 0 0 0 0 0 1 17 0 0 3 0 1 6 0 10 7 0 1 0 0 0 0 10 7
准确率:    0.9189 (34/37)
----------------------------------------
输入:       MNW HN> D>CKX LMV<> WL> V<> WLMB>CW
目标:     0 0 71 0 0 0 0 0 0 35 0 0 0 3 0 1 6 0 10 7 0 1 0 0 0 0 10 3 0 1 1 28 0 0 7 0
预测:     0 0 71 0 0 0 0 0 0 1 17 0 0 3 0 1 6 0 10 7 0 1 0 0 0 0 10 7 0 1 1 28 0 0 7 0
准确率:    0.9167 (33/36)
----------------------------------------
⏳ 验证无提升 (验证准确率: 0.9685 ≤ 0.9688)，patience: 5/50

======================================================================
🚀 Epoch 78/200
======================================================================
📚 开始训练阶段...
训练进度: 500/6065 损失=0.0070
训练进度: 1000/6065 损失=0.0308
训练进度: 1500/6065 损失=0.0077
训练进度: 2000/6065 损失=0.0325
训练进度: 2500/6065 损失=0.0373
训练进度: 3000/6065 损失=0.0177
训练进度: 3500/6065 损失=0.0107
训练进度: 4000/6065 损失=0.0067
训练进度: 4500/6065 损失=0.0115
训练进度: 5000/6065 损失=0.0344
训练进度: 5500/6065 损失=0.0132
训练进度: 6000/6065 损失=0.0066
训练进度: 6065/6065 损失=0.0216
✅ 训练完成，耗时: 109.4秒 (1.8分钟)

============================================================
📊 验证决策: Epoch 78/200
   验证间隔: 1
   是否验证: ✅ 是
   原因: 达到验证间隔 (0 == 0)
============================================================

🔍 开始验证...
验证进度: 500/686 损失=0.1418
验证进度: 686/686 损失=0.9213

📊 预测分布分析:
  - 预测的前5个类别: {np.int64(0): 282515, np.int64(1): 37090, np.int64(2): 14717, np.int64(3): 10839, np.int64(4): 8676}
  - 标签的前5个类别: {np.int64(0): 281232, np.int64(1): 36731, np.int64(2): 14789, np.int64(3): 10866, np.int64(4): 8585}
✅ 验证完成，耗时: 4.8秒 (0.1分钟)
训练损失: 0.0177
验证损失: 0.3937
验证准确率: 0.9679 (10612/10964) - 与Levenshtein高度相关
验证F1(加权): 0.9673 - 类别平衡更好
学习率: 0.000067
显存使用: 0.48GB (预留: 0.67GB)

生成的训练样本:
--------------------------------------------------------------------------------
输入:       BVWCJ> >JK >RJ> BDJR> DJLH KMN LMXVP
目标:     0 1 0 0 0 4 0 0 0 0 0 0 0 0 4 0 0 1 0 0 4 0 0 0 0 1 0 0 0 0 7 0 1 6 0 0 7
预测:     0 1 0 0 0 4 0 0 0 0 0 0 0 0 4 0 0 1 0 0 4 0 0 0 0 1 0 0 0 0 7 0 1 6 0 0 7
准确率:    1.0000 (37/37)
----------------------------------------
输入:       L> >TKSJT MNH BXJWHJ <BD PRJCT> WBMWTH
目标:     0 0 0 0 0 14 0 0 3 92 0 0 1 0 0 1 0 25 1 0 0 0 0 0 3 0 0 8 0 7 23 27 0 1 1 0 0 37 0
预测:     0 0 0 0 0 14 0 0 3 92 0 0 1 0 0 1 0 25 1 0 0 0 0 0 3 0 0 8 0 7 23 27 0 1 1 0 0 37 0
准确率:    1.0000 (39/39)
----------------------------------------
输入:       DNHWWN PLXJN LPTKR> WNHWWN MZNJN WNHWWN QVLJN
目标:     0 1 6 0 18 0 0 0 0 0 7 0 0 0 1 0 0 0 11 0 0 1 6 0 18 0 0 0 6 0 42 0 19 0 1 6 0 18 0 0 0 0 0 7 0 0
预测:     0 1 6 0 18 0 0 0 0 0 7 0 0 0 1 0 0 0 11 0 0 1 6 0 18 0 0 0 6 0 42 0 19 0 1 6 0 18 0 0 0 0 0 7 0 0
准确率:    1.0000 (46/46)
----------------------------------------

生成的验证样本:
--------------------------------------------------------------------------------
输入:       LTCBWXT> MNW HN> D>CKX LMV<> WL> V<>
目标:     0 1 0 0 8 0 13 9 0 0 0 71 0 0 0 0 0 0 35 0 0 0 3 0 1 6 0 10 7 0 1 0 0 0 0 10 3
预测:     0 1 0 0 8 0 13 9 0 0 0 71 0 0 0 0 0 0 1 17 0 0 3 0 1 6 0 10 7 0 1 0 0 0 0 10 7
准确率:    0.9189 (34/37)
----------------------------------------
输入:       MNW HN> D>CKX LMV<> WL> V<> WLMB>CW
目标:     0 0 71 0 0 0 0 0 0 35 0 0 0 3 0 1 6 0 10 7 0 1 0 0 0 0 10 3 0 1 1 28 0 0 7 0
预测:     0 0 71 0 0 0 0 0 0 1 17 0 0 3 0 1 6 0 10 7 0 1 0 0 0 0 10 3 0 1 1 28 0 0 7 0
准确率:    0.9444 (34/36)
----------------------------------------
⏳ 验证无提升 (验证准确率: 0.9679 ≤ 0.9688)，patience: 6/50

======================================================================
🚀 Epoch 79/200
======================================================================
📚 开始训练阶段...
训练进度: 500/6065 损失=0.0303
训练进度: 1000/6065 损失=0.0196
训练进度: 1500/6065 损失=0.0259
训练进度: 2000/6065 损失=0.0043
训练进度: 2500/6065 损失=0.0153
训练进度: 3000/6065 损失=0.0094
训练进度: 3500/6065 损失=0.0177
训练进度: 4000/6065 损失=0.0132
训练进度: 4500/6065 损失=0.0125
训练进度: 5000/6065 损失=0.0342
训练进度: 5500/6065 损失=0.0292
训练进度: 6000/6065 损失=0.0349
训练进度: 6065/6065 损失=0.0160
✅ 训练完成，耗时: 109.4秒 (1.8分钟)

============================================================
📊 验证决策: Epoch 79/200
   验证间隔: 1
   是否验证: ✅ 是
   原因: 达到验证间隔 (0 == 0)
============================================================

🔍 开始验证...
验证进度: 500/686 损失=0.2193
验证进度: 686/686 损失=0.7654

📊 预测分布分析:
  - 预测的前5个类别: {np.int64(0): 282806, np.int64(1): 37070, np.int64(2): 14674, np.int64(3): 10867, np.int64(4): 8938}
  - 标签的前5个类别: {np.int64(0): 281232, np.int64(1): 36731, np.int64(2): 14789, np.int64(3): 10866, np.int64(4): 8585}
✅ 验证完成，耗时: 4.8秒 (0.1分钟)
训练损失: 0.0174
验证损失: 0.3935
验证准确率: 0.9686 (10619/10964) - 与Levenshtein高度相关
验证F1(加权): 0.9678 - 类别平衡更好
学习率: 0.000067
显存使用: 0.48GB (预留: 0.67GB)

生成的训练样本:
--------------------------------------------------------------------------------
输入:       W>MR J<QWB LPR<WN JWMJ CNJ TWTBWTJ M>>
目标:     0 1 0 0 3 0 0 0 0 0 2 0 1 0 0 0 0 2 0 0 0 2 0 0 0 13 46 0 0 0 0 0 2 1 0 0 0 0 2
预测:     0 1 0 0 3 0 0 0 0 0 2 0 1 0 0 0 0 2 0 0 0 2 0 0 0 13 46 0 0 0 0 0 2 1 0 0 0 0 2
准确率:    1.0000 (39/39)
----------------------------------------
输入:       L>LHJHWN DL> NHWWN LK TWQLT> WLMWC> >MR
目标:     0 1 0 0 2 1 0 0 0 0 1 0 0 0 6 0 18 0 0 0 1 0 0 0 0 0 13 9 0 0 1 1 0 0 0 2 0 0 0 3
预测:     0 1 0 0 2 1 0 0 0 0 1 0 0 0 6 0 18 0 0 0 1 0 0 0 0 0 13 9 0 0 1 1 0 0 0 2 0 0 0 3
准确率:    1.0000 (40/40)
----------------------------------------
输入:       MN QDMWHJ LJT DQLJL WSGJ QDMWHJ WLJT
目标:     0 0 0 0 0 0 25 1 0 0 0 58 0 24 0 1 0 0 0 2 0 1 0 0 13 0 0 0 25 1 0 0 0 1 58 0 24
预测:     0 0 0 0 0 0 25 1 0 0 0 58 0 24 0 1 0 0 0 2 0 1 0 0 13 0 0 0 25 1 0 0 0 1 58 0 24
准确率:    1.0000 (37/37)
----------------------------------------

生成的验证样本:
--------------------------------------------------------------------------------
输入:       LTCBWXT> MNW HN> D>CKX LMV<> WL> V<>
目标:     0 1 0 0 8 0 13 9 0 0 0 71 0 0 0 0 0 0 35 0 0 0 3 0 1 6 0 10 7 0 1 0 0 0 0 10 3
预测:     0 1 0 0 8 0 13 9 0 0 0 71 0 0 0 0 0 0 1 17 0 0 3 0 1 6 0 10 7 0 1 0 0 0 0 10 7
准确率:    0.9189 (34/37)
----------------------------------------
输入:       MNW HN> D>CKX LMV<> WL> V<> WLMB>CW
目标:     0 0 71 0 0 0 0 0 0 35 0 0 0 3 0 1 6 0 10 7 0 1 0 0 0 0 10 3 0 1 1 28 0 0 7 0
预测:     0 0 71 0 0 0 0 0 0 1 17 0 0 3 0 1 6 0 10 7 0 1 0 0 0 0 10 3 0 1 1 28 0 0 7 0
准确率:    0.9444 (34/36)
----------------------------------------
⏳ 验证无提升 (验证准确率: 0.9686 ≤ 0.9688)，patience: 7/50

======================================================================
🚀 Epoch 80/200
======================================================================
📚 开始训练阶段...
训练进度: 500/6065 损失=0.0108
训练进度: 1000/6065 损失=0.0062
训练进度: 1500/6065 损失=0.0321
训练进度: 2000/6065 损失=0.0186
训练进度: 2500/6065 损失=0.0159
训练进度: 3000/6065 损失=0.0326
训练进度: 3500/6065 损失=0.0132
训练进度: 4000/6065 损失=0.0116
训练进度: 4500/6065 损失=0.0221
训练进度: 5000/6065 损失=0.0282
训练进度: 5500/6065 损失=0.0351
训练进度: 6000/6065 损失=0.0110
训练进度: 6065/6065 损失=0.0121
✅ 训练完成，耗时: 108.8秒 (1.8分钟)

============================================================
📊 验证决策: Epoch 80/200
   验证间隔: 1
   是否验证: ✅ 是
   原因: 达到验证间隔 (0 == 0)
============================================================

🔍 开始验证...
验证进度: 500/686 损失=0.1136
验证进度: 686/686 损失=0.8794

📊 预测分布分析:
  - 预测的前5个类别: {np.int64(0): 282628, np.int64(1): 37049, np.int64(2): 14812, np.int64(3): 10710, np.int64(4): 8882}
  - 标签的前5个类别: {np.int64(0): 281232, np.int64(1): 36731, np.int64(2): 14789, np.int64(3): 10866, np.int64(4): 8585}
✅ 验证完成，耗时: 4.8秒 (0.1分钟)
训练损失: 0.0175
验证损失: 0.3979
验证准确率: 0.9685 (10618/10964) - 与Levenshtein高度相关
验证F1(加权): 0.9677 - 类别平衡更好
学习率: 0.000066
显存使用: 0.48GB (预留: 0.67GB)

生成的训练样本:
--------------------------------------------------------------------------------
输入:       JRTW >NWN W>WBDW >NWN MN QDMJHWN WJTBW
目标:     0 0 0 3 0 0 0 0 0 0 0 1 59 0 0 3 0 0 0 0 0 0 0 0 0 0 0 0 2 1 0 0 0 0 1 0 0 3 0
预测:     0 0 0 3 0 0 0 0 0 0 0 1 59 0 0 3 0 0 0 0 0 0 0 0 0 0 0 0 2 1 0 0 0 0 1 0 0 3 0
准确率:    1.0000 (39/39)
----------------------------------------
输入:       MN >JDK >PRXTJHJ WL> TYWDJWHJ WL> TRDWP
目标:     0 0 0 8 0 0 5 0 0 17 0 0 3 141 0 0 0 0 1 0 0 0 6 0 0 48 35 0 0 0 0 1 0 0 0 6 0 8 0 3
预测:     0 0 0 8 0 0 5 0 0 17 0 0 3 141 0 0 0 0 1 0 0 0 6 0 0 48 35 0 0 0 0 1 0 0 0 6 0 8 0 3
准确率:    1.0000 (40/40)
----------------------------------------
输入:       NPCTKWN WTSB KSP> DXWSJ> MN BNJ >JSR>JL
目标:     0 0 0 2 32 0 0 0 0 1 34 0 3 0 0 0 4 0 0 1 0 0 0 4 0 0 0 0 0 0 2 0 0 0 0 0 8 0 0 2
预测:     0 0 0 2 32 0 0 0 0 1 34 0 3 0 0 0 4 0 0 1 0 0 0 4 0 0 0 0 0 0 2 0 0 0 0 0 8 0 0 2
准确率:    1.0000 (40/40)
----------------------------------------

生成的验证样本:
--------------------------------------------------------------------------------
输入:       LTCBWXT> MNW HN> D>CKX LMV<> WL> V<>
目标:     0 1 0 0 8 0 13 9 0 0 0 71 0 0 0 0 0 0 35 0 0 0 3 0 1 6 0 10 7 0 1 0 0 0 0 10 3
预测:     0 1 0 0 8 0 13 9 0 0 0 71 0 0 0 0 0 0 1 17 0 0 3 0 1 6 0 10 7 0 1 0 0 0 0 10 7
准确率:    0.9189 (34/37)
----------------------------------------
输入:       MNW HN> D>CKX LMV<> WL> V<> WLMB>CW
目标:     0 0 71 0 0 0 0 0 0 35 0 0 0 3 0 1 6 0 10 7 0 1 0 0 0 0 10 3 0 1 1 28 0 0 7 0
预测:     0 0 71 0 0 0 0 0 0 1 17 0 0 3 0 1 6 0 10 7 0 1 0 0 0 0 10 7 0 1 1 28 0 0 7 0
准确率:    0.9167 (33/36)
----------------------------------------
⏳ 验证无提升 (验证准确率: 0.9685 ≤ 0.9688)，patience: 8/50

======================================================================
🚀 Epoch 81/200
======================================================================
📚 开始训练阶段...
训练进度: 500/6065 损失=0.0139
训练进度: 1000/6065 损失=0.0121
训练进度: 1500/6065 损失=0.0104
训练进度: 2000/6065 损失=0.0221
训练进度: 2500/6065 损失=0.0295
训练进度: 3000/6065 损失=0.0289
训练进度: 3500/6065 损失=0.0048
训练进度: 4000/6065 损失=0.0111
训练进度: 4500/6065 损失=0.0117
训练进度: 5000/6065 损失=0.0399
训练进度: 5500/6065 损失=0.0118
训练进度: 6000/6065 损失=0.0056
训练进度: 6065/6065 损失=0.0098
✅ 训练完成，耗时: 108.2秒 (1.8分钟)

============================================================
📊 验证决策: Epoch 81/200
   验证间隔: 1
   是否验证: ✅ 是
   原因: 达到验证间隔 (0 == 0)
============================================================

🔍 开始验证...
验证进度: 500/686 损失=0.1641
验证进度: 686/686 损失=0.8262

📊 预测分布分析:
  - 预测的前5个类别: {np.int64(0): 282763, np.int64(1): 37098, np.int64(2): 14720, np.int64(3): 10844, np.int64(4): 8891}
  - 标签的前5个类别: {np.int64(0): 281232, np.int64(1): 36731, np.int64(2): 14789, np.int64(3): 10866, np.int64(4): 8585}
✅ 验证完成，耗时: 4.8秒 (0.1分钟)
训练损失: 0.0168
验证损失: 0.4099
验证准确率: 0.9681 (10614/10964) - 与Levenshtein高度相关
验证F1(加权): 0.9673 - 类别平衡更好
学习率: 0.000065
显存使用: 0.47GB (预留: 0.67GB)

生成的训练样本:
--------------------------------------------------------------------------------
输入:       DXZJN LJ MJQW BJ MLLW BSPWT> >NJDW
目标:     0 1 0 42 0 0 0 1 0 0 20 0 3 19 0 1 0 0 0 0 3 19 0 1 0 57 2 23 0 0 17 20 0 3 0
预测:     0 1 0 42 0 0 0 1 0 0 20 0 3 19 0 1 0 0 0 0 3 19 0 1 0 57 2 23 0 0 17 20 0 3 0
准确率:    1.0000 (35/35)
----------------------------------------
输入:       HMJN> WKLW> T<BD LHWN L>JQR> WLCWBX> W>LBC
目标:     0 0 0 0 11 0 0 1 0 0 11 0 0 6 0 0 3 0 1 0 0 0 0 1 0 0 0 4 0 0 1 1 0 0 0 4 0 0 36 17 0 0 3
预测:     0 0 0 0 11 0 0 1 0 0 11 0 0 6 0 0 3 0 1 0 0 0 0 1 0 0 0 4 0 0 1 1 0 0 0 4 0 0 36 17 0 0 3
准确率:    1.0000 (43/43)
----------------------------------------
输入:       NHW> JDJ< LK LBR MN MCRJT> WPWQ
目标:     0 6 0 10 3 0 0 8 0 7 0 1 0 0 1 0 22 0 0 0 0 0 0 0 2 9 0 0 233 8 0 3
预测:     0 6 0 10 3 0 0 8 0 7 0 1 0 0 1 0 22 0 0 0 0 0 0 0 2 9 0 0 233 8 0 3
准确率:    1.0000 (32/32)
----------------------------------------

生成的验证样本:
--------------------------------------------------------------------------------
输入:       LTCBWXT> MNW HN> D>CKX LMV<> WL> V<>
目标:     0 1 0 0 8 0 13 9 0 0 0 71 0 0 0 0 0 0 35 0 0 0 3 0 1 6 0 10 7 0 1 0 0 0 0 10 3
预测:     0 1 0 0 8 0 13 9 0 0 0 71 0 0 0 0 0 0 1 17 0 0 3 0 1 6 0 10 7 0 1 0 0 0 0 10 7
准确率:    0.9189 (34/37)
----------------------------------------
输入:       MNW HN> D>CKX LMV<> WL> V<> WLMB>CW
目标:     0 0 71 0 0 0 0 0 0 35 0 0 0 3 0 1 6 0 10 7 0 1 0 0 0 0 10 3 0 1 1 28 0 0 7 0
预测:     0 0 71 0 0 0 0 0 0 1 17 0 0 3 0 1 6 0 10 7 0 1 0 0 0 0 10 7 0 1 1 28 0 0 7 0
准确率:    0.9167 (33/36)
----------------------------------------
⏳ 验证无提升 (验证准确率: 0.9681 ≤ 0.9688)，patience: 9/50

======================================================================
🚀 Epoch 82/200
======================================================================
📚 开始训练阶段...
训练进度: 500/6065 损失=0.0076
训练进度: 1000/6065 损失=0.0018
训练进度: 1500/6065 损失=0.0058
训练进度: 2000/6065 损失=0.0155
训练进度: 2500/6065 损失=0.0244
训练进度: 3000/6065 损失=0.0065
训练进度: 3500/6065 损失=0.0049
训练进度: 4000/6065 损失=0.0057
训练进度: 4500/6065 损失=0.0077
训练进度: 5000/6065 损失=0.0201
训练进度: 5500/6065 损失=0.0045
训练进度: 6000/6065 损失=0.0413
训练进度: 6065/6065 损失=0.0221
✅ 训练完成，耗时: 108.4秒 (1.8分钟)

============================================================
📊 验证决策: Epoch 82/200
   验证间隔: 1
   是否验证: ✅ 是
   原因: 达到验证间隔 (0 == 0)
============================================================

🔍 开始验证...
验证进度: 500/686 损失=0.1632
验证进度: 686/686 损失=0.8751

📊 预测分布分析:
  - 预测的前5个类别: {np.int64(0): 282521, np.int64(1): 37026, np.int64(2): 14793, np.int64(3): 10752, np.int64(4): 8886}
  - 标签的前5个类别: {np.int64(0): 281232, np.int64(1): 36731, np.int64(2): 14789, np.int64(3): 10866, np.int64(4): 8585}
✅ 验证完成，耗时: 4.8秒 (0.1分钟)
训练损失: 0.0165
验证损失: 0.4063
验证准确率: 0.9679 (10612/10964) - 与Levenshtein高度相关
验证F1(加权): 0.9673 - 类别平衡更好
学习率: 0.000064
显存使用: 0.48GB (预留: 0.67GB)

生成的训练样本:
--------------------------------------------------------------------------------
输入:       KD XDR W<BD LH >RB< ZQZQN DDHB>
目标:     0 0 0 0 0 0 49 0 36 0 0 3 0 1 0 0 0 0 0 2 0 0 0 0 13 0 0 1 0 0 4 0
预测:     0 0 0 0 0 0 49 0 36 0 0 3 0 1 0 0 0 0 0 2 0 0 0 0 13 0 0 1 0 0 4 0
准确率:    1.0000 (32/32)
----------------------------------------
输入:       RBWT> W>JQR> NQJMWN CM> WMN TRJHWN MN
目标:     0 0 0 2 9 0 0 1 0 0 0 4 0 0 28 20 0 3 0 0 0 0 4 0 0 1 0 0 0 0 2 32 0 0 0 0 0 12
预测:     0 0 0 2 9 0 0 1 0 0 0 4 0 0 28 20 0 3 0 0 0 0 4 0 0 1 0 0 0 0 2 32 0 0 0 0 0 12
准确率:    1.0000 (38/38)
----------------------------------------
输入:       W<DM> LJM> D<RB> JM> DMLX> DTXJT >CDWD
目标:     0 1 0 0 0 0 0 1 0 4 0 0 1 0 0 0 2 0 0 4 0 0 1 0 0 4 0 0 1 0 8 0 0 0 0 0 0 0 2
预测:     0 1 0 0 0 0 0 1 0 4 0 0 1 0 0 0 2 0 0 4 0 0 1 0 0 4 0 0 1 0 8 0 0 0 0 0 0 0 2
准确率:    1.0000 (39/39)
----------------------------------------

生成的验证样本:
--------------------------------------------------------------------------------
输入:       LTCBWXT> MNW HN> D>CKX LMV<> WL> V<>
目标:     0 1 0 0 8 0 13 9 0 0 0 71 0 0 0 0 0 0 35 0 0 0 3 0 1 6 0 10 7 0 1 0 0 0 0 10 3
预测:     0 1 0 0 8 0 13 9 0 0 0 71 0 0 0 0 0 0 1 17 0 0 3 0 1 6 0 10 7 0 1 0 0 0 0 10 7
准确率:    0.9189 (34/37)
----------------------------------------
输入:       MNW HN> D>CKX LMV<> WL> V<> WLMB>CW
目标:     0 0 71 0 0 0 0 0 0 35 0 0 0 3 0 1 6 0 10 7 0 1 0 0 0 0 10 3 0 1 1 28 0 0 7 0
预测:     0 0 71 0 0 0 0 0 0 1 17 0 0 3 0 1 6 0 10 7 0 1 0 0 0 0 10 7 0 1 1 28 0 0 7 0
准确率:    0.9167 (33/36)
----------------------------------------
⏳ 验证无提升 (验证准确率: 0.9679 ≤ 0.9688)，patience: 10/50

======================================================================
🚀 Epoch 83/200
======================================================================
📚 开始训练阶段...
训练进度: 500/6065 损失=0.0191
训练进度: 1000/6065 损失=0.0201
训练进度: 1500/6065 损失=0.0185
训练进度: 2000/6065 损失=0.0099
训练进度: 2500/6065 损失=0.0075
训练进度: 3000/6065 损失=0.0116
训练进度: 3500/6065 损失=0.0093
训练进度: 4000/6065 损失=0.0048
训练进度: 4500/6065 损失=0.0160
训练进度: 5000/6065 损失=0.0068
训练进度: 5500/6065 损失=0.0052
训练进度: 6000/6065 损失=0.0082
训练进度: 6065/6065 损失=0.0139
✅ 训练完成，耗时: 108.8秒 (1.8分钟)

============================================================
📊 验证决策: Epoch 83/200
   验证间隔: 1
   是否验证: ✅ 是
   原因: 达到验证间隔 (0 == 0)
============================================================

🔍 开始验证...
验证进度: 500/686 损失=0.1885
验证进度: 686/686 损失=0.7928

📊 预测分布分析:
  - 预测的前5个类别: {np.int64(0): 282630, np.int64(1): 37003, np.int64(2): 14743, np.int64(3): 10850, np.int64(4): 8842}
  - 标签的前5个类别: {np.int64(0): 281232, np.int64(1): 36731, np.int64(2): 14789, np.int64(3): 10866, np.int64(4): 8585}
✅ 验证完成，耗时: 4.8秒 (0.1分钟)
训练损失: 0.0164
验证损失: 0.4010
验证准确率: 0.9686 (10619/10964) - 与Levenshtein高度相关
验证F1(加权): 0.9679 - 类别平衡更好
学习率: 0.000064
显存使用: 0.48GB (预留: 0.67GB)

生成的训练样本:
--------------------------------------------------------------------------------
输入:       YLWT> WKWL B<WT> DTHW> LKL >NC LKLH
目标:     0 0 0 2 9 0 0 1 8 0 2 0 0 0 2 9 0 0 1 44 0 10 3 0 1 0 2 0 0 0 2 0 1 0 5 0
预测:     0 0 0 2 9 0 0 1 8 0 2 0 0 0 2 9 0 0 1 44 0 10 3 0 1 0 2 0 0 0 2 0 1 0 5 0
准确率:    1.0000 (36/36)
----------------------------------------
输入:       DLKL >NC PTJX RXMH MWHBTH DMRJ> >NTT>
目标:     0 1 1 0 2 0 0 0 2 0 0 8 0 40 0 0 0 37 12 0 0 0 0 13 1 0 0 1 0 0 0 2 0 0 0 13 9 0
预测:     0 1 1 0 2 0 0 0 2 0 0 8 0 40 0 0 0 37 12 0 0 0 0 13 1 0 0 1 0 0 0 2 0 0 0 13 9 0
准确率:    1.0000 (38/38)
----------------------------------------
输入:       WBNWHJ MNH >JDJHWN WRGLJHWN M> D<>LJN LMCKNZBN>
目标:     0 1 0 25 1 0 0 0 0 1 12 8 0 0 2 1 0 0 0 0 1 0 0 2 1 0 0 0 0 0 0 0 1 8 0 83 0 0 0 1 0 0 0 5 0 0 4 0
预测:     0 1 0 25 1 0 0 0 0 1 12 8 0 0 2 1 0 0 0 0 1 0 0 2 1 0 0 0 0 0 0 0 1 8 0 83 0 0 0 1 0 0 0 5 0 0 4 0
准确率:    1.0000 (48/48)
----------------------------------------

生成的验证样本:
--------------------------------------------------------------------------------
输入:       LTCBWXT> MNW HN> D>CKX LMV<> WL> V<>
目标:     0 1 0 0 8 0 13 9 0 0 0 71 0 0 0 0 0 0 35 0 0 0 3 0 1 6 0 10 7 0 1 0 0 0 0 10 3
预测:     0 1 0 0 8 0 13 9 0 0 0 71 0 0 0 0 0 0 1 17 0 0 3 0 1 6 0 10 7 0 1 0 0 0 0 10 7
准确率:    0.9189 (34/37)
----------------------------------------
输入:       MNW HN> D>CKX LMV<> WL> V<> WLMB>CW
目标:     0 0 71 0 0 0 0 0 0 35 0 0 0 3 0 1 6 0 10 7 0 1 0 0 0 0 10 3 0 1 1 28 0 0 7 0
预测:     0 0 71 0 0 0 0 0 0 1 17 0 0 3 0 1 6 0 10 7 0 1 0 0 0 0 10 7 0 1 1 28 0 0 7 0
准确率:    0.9167 (33/36)
----------------------------------------
⏳ 验证无提升 (验证准确率: 0.9686 ≤ 0.9688)，patience: 11/50

======================================================================
🚀 Epoch 84/200
======================================================================
📚 开始训练阶段...
训练进度: 500/6065 损失=0.0266
训练进度: 1000/6065 损失=0.0344
训练进度: 1500/6065 损失=0.0194
训练进度: 2000/6065 损失=0.0339
训练进度: 2500/6065 损失=0.0489
训练进度: 3000/6065 损失=0.0368
训练进度: 3500/6065 损失=0.0068
训练进度: 4000/6065 损失=0.0459
训练进度: 4500/6065 损失=0.0037
训练进度: 5000/6065 损失=0.0057
训练进度: 5500/6065 损失=0.0134
训练进度: 6000/6065 损失=0.0226
训练进度: 6065/6065 损失=0.0057
✅ 训练完成，耗时: 108.3秒 (1.8分钟)

============================================================
📊 验证决策: Epoch 84/200
   验证间隔: 1
   是否验证: ✅ 是
   原因: 达到验证间隔 (0 == 0)
============================================================

🔍 开始验证...
验证进度: 500/686 损失=0.1117
验证进度: 686/686 损失=0.9185

📊 预测分布分析:
  - 预测的前5个类别: {np.int64(0): 282545, np.int64(1): 36987, np.int64(2): 14814, np.int64(3): 10845, np.int64(4): 9068}
  - 标签的前5个类别: {np.int64(0): 281232, np.int64(1): 36731, np.int64(2): 14789, np.int64(3): 10866, np.int64(4): 8585}
✅ 验证完成，耗时: 4.8秒 (0.1分钟)
训练损失: 0.0160
验证损失: 0.4033
验证准确率: 0.9684 (10617/10964) - 与Levenshtein高度相关
验证F1(加权): 0.9677 - 类别平衡更好
学习率: 0.000063
显存使用: 0.48GB (预留: 0.67GB)

生成的训练样本:
--------------------------------------------------------------------------------
输入:       MDM >JKN> >P WKM> DCPR L<BWD> HKN
目标:     0 0 0 2 0 0 0 0 8 0 0 0 0 0 1 0 0 0 0 1 0 0 7 0 1 0 0 0 4 0 0 0 0 60
预测:     0 0 0 2 0 0 0 0 8 0 0 0 0 0 1 0 0 0 0 1 0 0 7 0 1 0 0 0 4 0 0 0 0 60
准确率:    1.0000 (34/34)
----------------------------------------
输入:       HNWN BVNPWT> MTDBRJN >L> >JK <SB> DXM>
目标:     0 0 0 0 0 0 1 0 0 0 2 23 0 0 21 14 0 0 7 0 19 0 0 0 0 0 0 0 0 0 0 0 4 0 0 1 0 10 7
预测:     0 0 0 0 0 0 1 0 0 0 2 23 0 0 21 14 0 0 7 0 19 0 0 0 0 0 0 0 0 0 0 0 4 0 0 1 0 10 7
准确率:    1.0000 (39/39)
----------------------------------------
输入:       >TTKL <LWHJ W>RMJH >W MNW QRJHJ WL>
目标:     0 0 14 0 0 3 0 0 8 1 0 0 0 1 17 0 0 29 0 0 0 0 0 0 71 0 0 0 0 29 0 0 0 1 0 0
预测:     0 0 14 0 0 3 0 0 8 1 0 0 0 1 17 0 0 29 0 0 0 0 0 0 71 0 0 0 0 29 0 0 0 1 0 0
准确率:    1.0000 (36/36)
----------------------------------------

生成的验证样本:
--------------------------------------------------------------------------------
输入:       LTCBWXT> MNW HN> D>CKX LMV<> WL> V<>
目标:     0 1 0 0 8 0 13 9 0 0 0 71 0 0 0 0 0 0 35 0 0 0 3 0 1 6 0 10 7 0 1 0 0 0 0 10 3
预测:     0 1 0 0 8 0 13 9 0 0 0 71 0 0 0 0 0 0 1 17 0 0 3 0 1 6 0 10 7 0 1 0 0 0 0 10 7
准确率:    0.9189 (34/37)
----------------------------------------
输入:       MNW HN> D>CKX LMV<> WL> V<> WLMB>CW
目标:     0 0 71 0 0 0 0 0 0 35 0 0 0 3 0 1 6 0 10 7 0 1 0 0 0 0 10 3 0 1 1 28 0 0 7 0
预测:     0 0 71 0 0 0 0 0 0 1 17 0 0 3 0 1 6 0 10 7 0 1 0 0 0 0 10 3 0 1 1 28 0 0 7 0
准确率:    0.9444 (34/36)
----------------------------------------
⏳ 验证无提升 (验证准确率: 0.9684 ≤ 0.9688)，patience: 12/50

======================================================================
🚀 Epoch 85/200
======================================================================
📚 开始训练阶段...
训练进度: 500/6065 损失=0.0091
训练进度: 1000/6065 损失=0.0135
训练进度: 1500/6065 损失=0.0060
训练进度: 2000/6065 损失=0.0165
训练进度: 2500/6065 损失=0.0152
训练进度: 3000/6065 损失=0.0145
训练进度: 3500/6065 损失=0.0172
训练进度: 4000/6065 损失=0.0202
训练进度: 4500/6065 损失=0.0220
训练进度: 5000/6065 损失=0.0049
训练进度: 5500/6065 损失=0.0060
训练进度: 6000/6065 损失=0.0349
训练进度: 6065/6065 损失=0.0269
✅ 训练完成，耗时: 108.0秒 (1.8分钟)

============================================================
📊 验证决策: Epoch 85/200
   验证间隔: 1
   是否验证: ✅ 是
   原因: 达到验证间隔 (0 == 0)
============================================================

🔍 开始验证...
验证进度: 500/686 损失=0.1264
验证进度: 686/686 损失=0.8616

📊 预测分布分析:
  - 预测的前5个类别: {np.int64(0): 283071, np.int64(1): 37023, np.int64(2): 14750, np.int64(3): 10772, np.int64(4): 8882}
  - 标签的前5个类别: {np.int64(0): 281232, np.int64(1): 36731, np.int64(2): 14789, np.int64(3): 10866, np.int64(4): 8585}
✅ 验证完成，耗时: 4.8秒 (0.1分钟)
训练损失: 0.0156
验证损失: 0.4172
验证准确率: 0.9683 (10616/10964) - 与Levenshtein高度相关
验证F1(加权): 0.9674 - 类别平衡更好
学习率: 0.000062
显存使用: 0.47GB (预留: 0.67GB)

生成的训练样本:
--------------------------------------------------------------------------------
输入:       <BDK W>MR >LJC< XJ HW MRJ> DQMT
目标:     0 0 0 37 0 0 1 0 0 3 0 0 0 0 0 2 0 0 22 0 0 0 0 0 0 0 2 0 1 31 3 0
预测:     0 0 0 37 0 0 1 0 0 3 0 0 0 0 0 2 0 0 22 0 0 0 0 0 0 0 2 0 1 31 3 0
准确率:    1.0000 (32/32)
----------------------------------------
输入:       DMYRJN WQR> PR<WN LMWC> WL>HRWN W>MR LHWN
目标:     0 1 0 0 0 0 2 0 1 0 10 3 0 0 0 0 0 2 0 1 0 0 0 2 0 1 1 0 0 0 0 2 0 1 0 0 3 0 1 0 0 0
预测:     0 1 0 0 0 0 2 0 1 0 10 3 0 0 0 0 0 2 0 1 0 0 0 2 0 1 1 0 0 0 0 2 0 1 0 0 3 0 1 0 0 0
准确率:    1.0000 (42/42)
----------------------------------------
输入:       NXC> WT>KWL WTSB< WTBRK LMRJ> >LHK B>R<>
目标:     0 0 0 4 0 0 1 6 0 8 0 3 0 1 6 0 0 3 0 1 6 0 0 16 0 1 0 0 0 2 0 0 0 5 0 0 1 0 0 4 0
预测:     0 0 0 4 0 0 1 6 0 8 0 3 0 1 6 0 0 3 0 1 6 0 0 16 0 1 0 0 0 2 0 0 0 5 0 0 1 0 0 4 0
准确率:    1.0000 (41/41)
----------------------------------------

生成的验证样本:
--------------------------------------------------------------------------------
输入:       LTCBWXT> MNW HN> D>CKX LMV<> WL> V<>
目标:     0 1 0 0 8 0 13 9 0 0 0 71 0 0 0 0 0 0 35 0 0 0 3 0 1 6 0 10 7 0 1 0 0 0 0 10 3
预测:     0 1 0 0 8 0 13 9 0 0 0 71 0 0 0 0 0 0 1 17 0 0 3 0 1 6 0 10 7 0 1 0 0 0 0 10 7
准确率:    0.9189 (34/37)
----------------------------------------
输入:       MNW HN> D>CKX LMV<> WL> V<> WLMB>CW
目标:     0 0 71 0 0 0 0 0 0 35 0 0 0 3 0 1 6 0 10 7 0 1 0 0 0 0 10 3 0 1 1 28 0 0 7 0
预测:     0 0 71 0 0 0 0 0 0 1 17 0 0 3 0 1 6 0 10 7 0 1 0 0 0 0 10 3 0 1 1 28 0 0 7 0
准确率:    0.9444 (34/36)
----------------------------------------
⏳ 验证无提升 (验证准确率: 0.9683 ≤ 0.9688)，patience: 13/50

======================================================================
🚀 Epoch 86/200
======================================================================
📚 开始训练阶段...
训练进度: 500/6065 损失=0.0007
训练进度: 1000/6065 损失=0.0253
训练进度: 1500/6065 损失=0.0082
训练进度: 2000/6065 损失=0.0333
训练进度: 2500/6065 损失=0.0029
训练进度: 3000/6065 损失=0.0079
训练进度: 3500/6065 损失=0.0109
训练进度: 4000/6065 损失=0.0092
训练进度: 4500/6065 损失=0.0181
训练进度: 5000/6065 损失=0.0083
训练进度: 5500/6065 损失=0.0300
训练进度: 6000/6065 损失=0.0230
训练进度: 6065/6065 损失=0.0195
✅ 训练完成，耗时: 108.7秒 (1.8分钟)

============================================================
📊 验证决策: Epoch 86/200
   验证间隔: 1
   是否验证: ✅ 是
   原因: 达到验证间隔 (0 == 0)
============================================================

🔍 开始验证...
验证进度: 500/686 损失=0.1393
验证进度: 686/686 损失=0.8817

📊 预测分布分析:
  - 预测的前5个类别: {np.int64(0): 282695, np.int64(1): 37039, np.int64(2): 14822, np.int64(3): 10966, np.int64(4): 8955}
  - 标签的前5个类别: {np.int64(0): 281232, np.int64(1): 36731, np.int64(2): 14789, np.int64(3): 10866, np.int64(4): 8585}
✅ 验证完成，耗时: 4.8秒 (0.1分钟)
训练损失: 0.0153
验证损失: 0.4129
验证准确率: 0.9687 (10620/10964) - 与Levenshtein高度相关
验证F1(加权): 0.9679 - 类别平衡更好
学习率: 0.000061
显存使用: 0.48GB (预留: 0.67GB)

生成的训练样本:
--------------------------------------------------------------------------------
输入:       >WRCLM WCRK> DPTGMWHJ DJW>C WKL MDM D<BD
目标:     0 0 0 0 0 0 2 0 1 0 0 4 0 0 1 0 0 0 25 1 0 0 0 1 0 0 0 2 0 1 0 2 0 0 0 2 0 1 0 0 3
预测:     0 0 0 0 0 0 2 0 1 0 0 4 0 0 1 0 0 0 25 1 0 0 0 1 0 0 0 2 0 1 0 2 0 0 0 2 0 1 0 0 3
准确率:    1.0000 (41/41)
----------------------------------------
输入:       NHPK MRJ> >LHK CBJTK WNRXM <LJK WNTWB
目标:     0 28 0 0 3 0 0 0 0 2 0 0 0 5 0 0 0 0 22 1 0 0 1 6 0 0 16 0 0 8 1 0 0 1 6 0 0 33
预测:     0 28 0 0 3 0 0 0 0 2 0 0 0 5 0 0 0 0 22 1 0 0 1 6 0 0 16 0 0 8 1 0 0 1 6 0 0 33
准确率:    1.0000 (38/38)
----------------------------------------
输入:       WBM>NJ RGT> JHB TWQLT> MN QLJL SRQT>
目标:     0 1 1 0 0 2 0 0 0 13 9 0 0 0 0 7 0 0 0 0 13 9 0 0 0 0 0 0 0 0 2 0 0 0 13 9 0
预测:     0 1 1 0 0 2 0 0 0 13 9 0 0 0 0 7 0 0 0 0 13 9 0 0 0 0 0 0 0 0 2 0 0 0 13 9 0
准确率:    1.0000 (37/37)
----------------------------------------

生成的验证样本:
--------------------------------------------------------------------------------
输入:       LTCBWXT> MNW HN> D>CKX LMV<> WL> V<>
目标:     0 1 0 0 8 0 13 9 0 0 0 71 0 0 0 0 0 0 35 0 0 0 3 0 1 6 0 10 7 0 1 0 0 0 0 10 3
预测:     0 1 0 0 8 0 13 9 0 0 0 71 0 0 0 0 0 0 1 17 0 0 3 0 1 6 0 10 7 0 1 0 0 0 0 10 7
准确率:    0.9189 (34/37)
----------------------------------------
输入:       MNW HN> D>CKX LMV<> WL> V<> WLMB>CW
目标:     0 0 71 0 0 0 0 0 0 35 0 0 0 3 0 1 6 0 10 7 0 1 0 0 0 0 10 3 0 1 1 28 0 0 7 0
预测:     0 0 71 0 0 0 0 0 0 1 17 0 0 3 0 1 6 0 10 7 0 1 0 0 0 0 10 3 0 1 1 28 0 0 7 0
准确率:    0.9444 (34/36)
----------------------------------------
⏳ 验证无提升 (验证准确率: 0.9687 ≤ 0.9688)，patience: 14/50

======================================================================
🚀 Epoch 87/200
======================================================================
📚 开始训练阶段...
训练进度: 500/6065 损失=0.0113
训练进度: 1000/6065 损失=0.0137
训练进度: 1500/6065 损失=0.0150
训练进度: 2000/6065 损失=0.0237
训练进度: 2500/6065 损失=0.0203
训练进度: 3000/6065 损失=0.0314
训练进度: 3500/6065 损失=0.0028
训练进度: 4000/6065 损失=0.0088
训练进度: 4500/6065 损失=0.0084
训练进度: 5000/6065 损失=0.0269
训练进度: 5500/6065 损失=0.0045
训练进度: 6000/6065 损失=0.0137
训练进度: 6065/6065 损失=0.0277
✅ 训练完成，耗时: 108.1秒 (1.8分钟)

============================================================
📊 验证决策: Epoch 87/200
   验证间隔: 1
   是否验证: ✅ 是
   原因: 达到验证间隔 (0 == 0)
============================================================

🔍 开始验证...
验证进度: 500/686 损失=0.1897
验证进度: 686/686 损失=0.8731

📊 预测分布分析:
  - 预测的前5个类别: {np.int64(0): 282886, np.int64(1): 37044, np.int64(2): 14706, np.int64(3): 10987, np.int64(4): 9015}
  - 标签的前5个类别: {np.int64(0): 281232, np.int64(1): 36731, np.int64(2): 14789, np.int64(3): 10866, np.int64(4): 8585}
✅ 验证完成，耗时: 4.8秒 (0.1分钟)
训练损失: 0.0148
验证损失: 0.4180
验证准确率: 0.9686 (10620/10964) - 与Levenshtein高度相关
验证F1(加权): 0.9678 - 类别平衡更好
学习率: 0.000061
显存使用: 0.48GB (预留: 0.67GB)

生成的训练样本:
--------------------------------------------------------------------------------
输入:       HW WKWL D>JT LH WQM W<BR NHR>
目标:     0 0 0 0 1 8 0 2 0 1 0 0 24 0 1 0 0 1 31 3 0 1 0 0 3 0 0 0 4 0
预测:     0 0 0 0 1 8 0 2 0 1 0 0 24 0 1 0 0 1 31 3 0 1 0 0 3 0 0 0 4 0
准确率:    1.0000 (30/30)
----------------------------------------
输入:       >N DJN LJT BH MVL DXD HW
目标:     0 0 0 0 0 0 0 0 58 0 24 0 1 0 0 0 0 0 0 1 0 2 0 0 0
预测:     0 0 0 0 0 0 0 0 58 0 24 0 1 0 0 0 0 0 0 1 0 2 0 0 0
准确率:    1.0000 (25/25)
----------------------------------------
输入:       >NTJ XW>JNJ >N >JT LN >TR> BJT
目标:     0 0 0 0 0 6 0 10 3 67 0 0 0 0 0 0 0 0 24 0 1 0 0 0 0 4 0 0 0 0 2
预测:     0 0 0 0 0 6 0 10 3 67 0 0 0 0 0 0 0 0 24 0 1 0 0 0 0 4 0 0 0 0 2
准确率:    1.0000 (31/31)
----------------------------------------

生成的验证样本:
--------------------------------------------------------------------------------
输入:       LTCBWXT> MNW HN> D>CKX LMV<> WL> V<>
目标:     0 1 0 0 8 0 13 9 0 0 0 71 0 0 0 0 0 0 35 0 0 0 3 0 1 6 0 10 7 0 1 0 0 0 0 10 3
预测:     0 1 0 0 8 0 13 9 0 0 0 71 0 0 0 0 0 0 1 17 0 0 3 0 1 6 0 10 7 0 1 0 0 0 0 10 7
准确率:    0.9189 (34/37)
----------------------------------------
输入:       MNW HN> D>CKX LMV<> WL> V<> WLMB>CW
目标:     0 0 71 0 0 0 0 0 0 35 0 0 0 3 0 1 6 0 10 7 0 1 0 0 0 0 10 3 0 1 1 28 0 0 7 0
预测:     0 0 71 0 0 0 0 0 0 1 17 0 0 3 0 1 6 0 10 7 0 1 0 0 0 0 10 3 0 1 1 28 0 0 7 0
准确率:    0.9444 (34/36)
----------------------------------------
⏳ 验证无提升 (验证准确率: 0.9686 ≤ 0.9688)，patience: 15/50

======================================================================
🚀 Epoch 88/200
======================================================================
📚 开始训练阶段...
训练进度: 500/6065 损失=0.0250
训练进度: 1000/6065 损失=0.0269
训练进度: 1500/6065 损失=0.0096
训练进度: 2000/6065 损失=0.0193
训练进度: 2500/6065 损失=0.0250
训练进度: 3000/6065 损失=0.0236
训练进度: 3500/6065 损失=0.0323
训练进度: 4000/6065 损失=0.0027
训练进度: 4500/6065 损失=0.0104
训练进度: 5000/6065 损失=0.0270
训练进度: 5500/6065 损失=0.0059
训练进度: 6000/6065 损失=0.0033
训练进度: 6065/6065 损失=0.0114
✅ 训练完成，耗时: 108.5秒 (1.8分钟)

============================================================
📊 验证决策: Epoch 88/200
   验证间隔: 1
   是否验证: ✅ 是
   原因: 达到验证间隔 (0 == 0)
============================================================

🔍 开始验证...
验证进度: 500/686 损失=0.1605
验证进度: 686/686 损失=0.8157

📊 预测分布分析:
  - 预测的前5个类别: {np.int64(0): 282709, np.int64(1): 37040, np.int64(2): 14753, np.int64(3): 10813, np.int64(4): 8956}
  - 标签的前5个类别: {np.int64(0): 281232, np.int64(1): 36731, np.int64(2): 14789, np.int64(3): 10866, np.int64(4): 8585}
✅ 验证完成，耗时: 4.9秒 (0.1分钟)
训练损失: 0.0148
验证损失: 0.4115
验证准确率: 0.9684 (10617/10964) - 与Levenshtein高度相关
验证F1(加权): 0.9677 - 类别平衡更好
学习率: 0.000060
显存使用: 0.48GB (预留: 0.67GB)

生成的训练样本:
--------------------------------------------------------------------------------
输入:       LJ HWJ L> TDXQNJ WL> TCBQNJ >LH>
目标:     0 1 0 6 0 0 3 0 0 0 0 6 0 0 29 0 0 0 1 0 0 0 6 0 0 29 0 0 0 0 0 4 0
预测:     0 1 0 6 0 0 3 0 0 0 0 6 0 0 29 0 0 0 1 0 0 0 6 0 0 29 0 0 0 0 0 4 0
准确率:    1.0000 (33/33)
----------------------------------------
输入:       ZNJT> DJTB> BPLCT >WRXT> W>MRW LJT HRK>
目标:     0 0 0 13 9 0 0 1 0 0 7 0 0 1 0 0 13 0 0 0 0 0 2 23 0 0 1 0 0 3 0 0 58 0 24 0 0 0 0 0
预测:     0 0 0 13 9 0 0 1 0 0 7 0 0 1 0 0 13 0 0 0 0 0 2 23 0 0 1 0 0 3 0 0 58 0 24 0 0 0 0 0
准确率:    1.0000 (40/40)
----------------------------------------
输入:       DJLJ >CT<> KLHJN TDMRT> DJLK >XD> W>RWZ
目标:     0 0 0 1 0 0 45 39 0 10 16 0 0 5 0 0 0 0 0 0 0 13 9 0 0 0 0 1 0 0 6 0 10 3 0 1 6 0 0 3
预测:     0 0 0 1 0 0 45 39 0 10 16 0 0 5 0 0 0 0 0 0 0 13 9 0 0 0 0 1 0 0 6 0 10 3 0 1 6 0 0 3
准确率:    1.0000 (40/40)
----------------------------------------

生成的验证样本:
--------------------------------------------------------------------------------
输入:       LTCBWXT> MNW HN> D>CKX LMV<> WL> V<>
目标:     0 1 0 0 8 0 13 9 0 0 0 71 0 0 0 0 0 0 35 0 0 0 3 0 1 6 0 10 7 0 1 0 0 0 0 10 3
预测:     0 1 0 0 8 0 13 9 0 0 0 71 0 0 0 0 0 0 1 17 0 0 3 0 1 6 0 10 7 0 1 0 0 0 0 10 7
准确率:    0.9189 (34/37)
----------------------------------------
输入:       MNW HN> D>CKX LMV<> WL> V<> WLMB>CW
目标:     0 0 71 0 0 0 0 0 0 35 0 0 0 3 0 1 6 0 10 7 0 1 0 0 0 0 10 3 0 1 1 28 0 0 7 0
预测:     0 0 71 0 0 0 0 0 0 1 17 0 0 3 0 1 6 0 10 7 0 1 0 0 0 0 10 3 0 1 1 28 0 0 7 0
准确率:    0.9444 (34/36)
----------------------------------------
⏳ 验证无提升 (验证准确率: 0.9684 ≤ 0.9688)，patience: 16/50

======================================================================
🚀 Epoch 89/200
======================================================================
📚 开始训练阶段...
训练进度: 500/6065 损失=0.0094
训练进度: 1000/6065 损失=0.0131
训练进度: 1500/6065 损失=0.0100
训练进度: 2000/6065 损失=0.0071
训练进度: 2500/6065 损失=0.0152
训练进度: 3000/6065 损失=0.0042
训练进度: 3500/6065 损失=0.0348
训练进度: 4000/6065 损失=0.0096
训练进度: 4500/6065 损失=0.0245
训练进度: 5000/6065 损失=0.0086
训练进度: 5500/6065 损失=0.0147
训练进度: 6000/6065 损失=0.0086
训练进度: 6065/6065 损失=0.0114
✅ 训练完成，耗时: 108.8秒 (1.8分钟)

============================================================
📊 验证决策: Epoch 89/200
   验证间隔: 1
   是否验证: ✅ 是
   原因: 达到验证间隔 (0 == 0)
============================================================

🔍 开始验证...
验证进度: 500/686 损失=0.1993
验证进度: 686/686 损失=0.9456

📊 预测分布分析:
  - 预测的前5个类别: {np.int64(0): 282757, np.int64(1): 37056, np.int64(2): 14772, np.int64(3): 10829, np.int64(4): 8992}
  - 标签的前5个类别: {np.int64(0): 281232, np.int64(1): 36731, np.int64(2): 14789, np.int64(3): 10866, np.int64(4): 8585}
✅ 验证完成，耗时: 4.8秒 (0.1分钟)
训练损失: 0.0144
验证损失: 0.4220
验证准确率: 0.9683 (10616/10964) - 与Levenshtein高度相关
验证F1(加权): 0.9676 - 类别平衡更好
学习率: 0.000059
显存使用: 0.48GB (预留: 0.67GB)

生成的训练样本:
--------------------------------------------------------------------------------
输入:       LWX> DSHDWT> B>JDH LWX> DKTJBN MN TRJHWN
目标:     0 0 0 11 0 0 1 0 0 0 2 9 0 0 35 0 0 5 0 0 0 0 11 0 0 1 0 8 0 7 27 0 0 0 0 0 2 32 0 0 0
预测:     0 0 0 11 0 0 1 0 0 0 2 9 0 0 35 0 0 5 0 0 0 0 11 0 0 1 0 8 0 7 27 0 0 0 0 0 2 32 0 0 0
准确率:    1.0000 (41/41)
----------------------------------------
输入:       LWT CRR> DQJMJN HWW BH >JNW HKJL
目标:     0 0 0 0 0 0 0 4 0 0 1 20 0 7 0 0 0 0 18 0 0 1 0 0 0 0 81 0 0 0 0 0 0
预测:     0 0 0 0 0 0 0 4 0 0 1 20 0 7 0 0 0 0 18 0 0 1 0 0 0 0 81 0 0 0 0 0 0
准确率:    1.0000 (33/33)
----------------------------------------
输入:       G>R> WL> NQRMJH BSKR> WL> NKMN <LJH
目标:     0 0 0 4 0 0 1 0 0 0 6 0 0 48 67 12 0 1 0 0 11 0 0 1 0 0 0 28 0 0 3 0 0 8 1 12
预测:     0 0 0 4 0 0 1 0 0 0 6 0 0 48 67 12 0 1 0 0 11 0 0 1 0 0 0 28 0 0 3 0 0 8 1 12
准确率:    1.0000 (36/36)
----------------------------------------

生成的验证样本:
--------------------------------------------------------------------------------
输入:       LTCBWXT> MNW HN> D>CKX LMV<> WL> V<>
目标:     0 1 0 0 8 0 13 9 0 0 0 71 0 0 0 0 0 0 35 0 0 0 3 0 1 6 0 10 7 0 1 0 0 0 0 10 3
预测:     0 1 0 0 8 0 13 9 0 0 0 71 0 0 0 0 0 0 1 17 0 0 3 0 1 6 0 10 7 0 1 0 0 0 0 10 7
准确率:    0.9189 (34/37)
----------------------------------------
输入:       MNW HN> D>CKX LMV<> WL> V<> WLMB>CW
目标:     0 0 71 0 0 0 0 0 0 35 0 0 0 3 0 1 6 0 10 7 0 1 0 0 0 0 10 3 0 1 1 28 0 0 7 0
预测:     0 0 71 0 0 0 0 0 0 1 17 0 0 3 0 1 6 0 10 7 0 1 0 0 0 0 10 3 0 1 1 28 0 0 7 0
准确率:    0.9444 (34/36)
----------------------------------------
⏳ 验证无提升 (验证准确率: 0.9683 ≤ 0.9688)，patience: 17/50

======================================================================
🚀 Epoch 90/200
======================================================================
📚 开始训练阶段...
训练进度: 500/6065 损失=0.0127
训练进度: 1000/6065 损失=0.0032
训练进度: 1500/6065 损失=0.0074
训练进度: 2000/6065 损失=0.0194
训练进度: 2500/6065 损失=0.0661
训练进度: 3000/6065 损失=0.0230
训练进度: 3500/6065 损失=0.0207
训练进度: 4000/6065 损失=0.0216
训练进度: 4500/6065 损失=0.0127
训练进度: 5000/6065 损失=0.0030
训练进度: 5500/6065 损失=0.0233
训练进度: 6000/6065 损失=0.0152
训练进度: 6065/6065 损失=0.0042
✅ 训练完成，耗时: 108.5秒 (1.8分钟)

============================================================
📊 验证决策: Epoch 90/200
   验证间隔: 1
   是否验证: ✅ 是
   原因: 达到验证间隔 (0 == 0)
============================================================

🔍 开始验证...
验证进度: 500/686 损失=0.2690
验证进度: 686/686 损失=0.9061

📊 预测分布分析:
  - 预测的前5个类别: {np.int64(0): 282989, np.int64(1): 36979, np.int64(2): 14756, np.int64(3): 10891, np.int64(4): 8969}
  - 标签的前5个类别: {np.int64(0): 281232, np.int64(1): 36731, np.int64(2): 14789, np.int64(3): 10866, np.int64(4): 8585}
✅ 验证完成，耗时: 4.8秒 (0.1分钟)
训练损失: 0.0139
验证损失: 0.4270
验证准确率: 0.9685 (10618/10964) - 与Levenshtein高度相关
验证F1(加权): 0.9676 - 类别平衡更好
学习率: 0.000058
显存使用: 0.48GB (预留: 0.67GB)

生成的训练样本:
--------------------------------------------------------------------------------
输入:       DMLK> DWJD DBBJTH DMRJ> WQMW RHV> GBR>
目标:     0 1 0 0 4 0 0 0 0 0 2 0 1 1 0 0 5 0 0 1 0 0 0 2 0 1 31 3 0 0 0 0 30 0 0 0 0 4 0
预测:     0 1 0 0 4 0 0 0 0 0 2 0 1 1 0 0 5 0 0 1 0 0 0 2 0 1 31 3 0 0 0 0 30 0 0 0 0 4 0
准确率:    1.0000 (39/39)
----------------------------------------
输入:       MBCLW MBCL BMJ> >L> KD MVWJ BNWR>
目标:     0 6 0 0 7 19 0 6 0 0 41 0 1 24 9 0 0 88 0 0 0 0 0 0 6 0 0 109 0 1 0 0 4 0
预测:     0 6 0 0 7 19 0 6 0 0 41 0 1 24 9 0 0 88 0 0 0 0 0 0 6 0 0 109 0 1 0 0 4 0
准确率:    1.0000 (34/34)
----------------------------------------
输入:       WRWGZ> DJLK D<L XVJ> L> MTMCXN> HW
目标:     0 1 8 0 31 4 0 0 0 0 1 0 0 1 0 0 0 0 0 30 0 0 0 0 0 0 0 0 0 0 4 0 0 0 0
预测:     0 1 8 0 31 4 0 0 0 0 1 0 0 1 0 0 0 0 0 30 0 0 0 0 0 0 0 0 0 0 4 0 0 0 0
准确率:    1.0000 (35/35)
----------------------------------------

生成的验证样本:
--------------------------------------------------------------------------------
输入:       LTCBWXT> MNW HN> D>CKX LMV<> WL> V<>
目标:     0 1 0 0 8 0 13 9 0 0 0 71 0 0 0 0 0 0 35 0 0 0 3 0 1 6 0 10 7 0 1 0 0 0 0 10 3
预测:     0 1 0 0 8 0 13 9 0 0 0 71 0 0 0 0 0 0 1 17 0 0 3 0 1 6 0 10 7 0 1 0 0 0 0 10 7
准确率:    0.9189 (34/37)
----------------------------------------
输入:       MNW HN> D>CKX LMV<> WL> V<> WLMB>CW
目标:     0 0 71 0 0 0 0 0 0 35 0 0 0 3 0 1 6 0 10 7 0 1 0 0 0 0 10 3 0 1 1 28 0 0 7 0
预测:     0 0 71 0 0 0 0 0 0 1 17 0 0 3 0 1 6 0 10 7 0 1 0 0 0 0 10 3 0 1 1 28 0 0 7 0
准确率:    0.9444 (34/36)
----------------------------------------
⏳ 验证无提升 (验证准确率: 0.9685 ≤ 0.9688)，patience: 18/50

======================================================================
🚀 Epoch 91/200
======================================================================
📚 开始训练阶段...
训练进度: 500/6065 损失=0.0117
训练进度: 1000/6065 损失=0.0119
训练进度: 1500/6065 损失=0.0175
训练进度: 2000/6065 损失=0.0007
训练进度: 2500/6065 损失=0.0199
训练进度: 3000/6065 损失=0.0058
训练进度: 3500/6065 损失=0.0068
训练进度: 4000/6065 损失=0.0122
训练进度: 4500/6065 损失=0.0105
训练进度: 5000/6065 损失=0.0142
训练进度: 5500/6065 损失=0.0108
训练进度: 6000/6065 损失=0.0054
训练进度: 6065/6065 损失=0.0008
✅ 训练完成，耗时: 108.7秒 (1.8分钟)

============================================================
📊 验证决策: Epoch 91/200
   验证间隔: 1
   是否验证: ✅ 是
   原因: 达到验证间隔 (0 == 0)
============================================================

🔍 开始验证...
验证进度: 500/686 损失=0.1331
验证进度: 686/686 损失=0.9256

📊 预测分布分析:
  - 预测的前5个类别: {np.int64(0): 282575, np.int64(1): 37054, np.int64(2): 14834, np.int64(3): 10938, np.int64(4): 8935}
  - 标签的前5个类别: {np.int64(0): 281232, np.int64(1): 36731, np.int64(2): 14789, np.int64(3): 10866, np.int64(4): 8585}
✅ 验证完成，耗时: 4.8秒 (0.1分钟)
训练损失: 0.0136
验证损失: 0.4232
验证准确率: 0.9687 (10621/10964) - 与Levenshtein高度相关
验证F1(加权): 0.9680 - 类别平衡更好
学习率: 0.000058
显存使用: 0.48GB (预留: 0.67GB)

生成的训练样本:
--------------------------------------------------------------------------------
输入:       >TW LMYRJN LMMR MN JWSP MVL D<CN
目标:     0 0 18 0 0 1 0 0 0 0 2 0 1 6 31 49 0 0 0 0 0 0 0 2 0 0 0 0 0 1 0 0 3
预测:     0 0 18 0 0 1 0 0 0 0 2 0 1 6 31 49 0 0 0 0 0 0 0 2 0 0 0 0 0 1 0 0 3
准确率:    1.0000 (33/33)
----------------------------------------
输入:       WLRWRBN> DMDJNT> WHWW M>TJN WTLTJN WTRJN WBTRHWN
目标:     0 1 1 0 0 0 0 11 0 0 1 0 0 0 13 9 0 0 1 0 18 0 0 0 0 0 0 2 0 1 0 0 0 0 2 0 1 0 2 0 12 0 1 0 0 1 0 0 0
预测:     0 1 1 0 0 0 0 11 0 0 1 0 0 0 13 9 0 0 1 0 18 0 0 0 0 0 0 2 0 1 0 0 0 0 2 0 1 0 2 0 12 0 1 0 0 1 0 0 0
准确率:    1.0000 (49/49)
----------------------------------------
输入:       L> JD<TN <L >LH> MTPLG> HWT >LW
目标:     0 0 0 0 0 0 13 1 0 0 0 0 0 0 0 4 0 0 21 14 0 0 7 0 0 0 18 26 0 0 0 0
预测:     0 0 0 0 0 0 13 1 0 0 0 0 0 0 0 4 0 0 21 14 0 0 7 0 0 0 18 26 0 0 0 0
准确率:    1.0000 (32/32)
----------------------------------------

生成的验证样本:
--------------------------------------------------------------------------------
输入:       LTCBWXT> MNW HN> D>CKX LMV<> WL> V<>
目标:     0 1 0 0 8 0 13 9 0 0 0 71 0 0 0 0 0 0 35 0 0 0 3 0 1 6 0 10 7 0 1 0 0 0 0 10 3
预测:     0 1 0 0 8 0 13 9 0 0 0 71 0 0 0 0 0 0 1 17 0 0 3 0 1 6 0 10 7 0 1 0 0 0 0 10 7
准确率:    0.9189 (34/37)
----------------------------------------
输入:       MNW HN> D>CKX LMV<> WL> V<> WLMB>CW
目标:     0 0 71 0 0 0 0 0 0 35 0 0 0 3 0 1 6 0 10 7 0 1 0 0 0 0 10 3 0 1 1 28 0 0 7 0
预测:     0 0 71 0 0 0 0 0 0 1 17 0 0 3 0 1 6 0 10 7 0 1 0 0 0 0 10 3 0 1 1 28 0 0 7 0
准确率:    0.9444 (34/36)
----------------------------------------
⏳ 验证无提升 (验证准确率: 0.9687 ≤ 0.9688)，patience: 19/50

======================================================================
🚀 Epoch 92/200
======================================================================
📚 开始训练阶段...
训练进度: 500/6065 损失=0.0029
训练进度: 1000/6065 损失=0.0155
训练进度: 1500/6065 损失=0.0048
训练进度: 2000/6065 损失=0.0298
训练进度: 2500/6065 损失=0.0069
训练进度: 3000/6065 损失=0.0349
训练进度: 3500/6065 损失=0.0005
训练进度: 4000/6065 损失=0.0106
训练进度: 4500/6065 损失=0.0221
训练进度: 5000/6065 损失=0.0127
训练进度: 5500/6065 损失=0.0085
训练进度: 6000/6065 损失=0.0047
训练进度: 6065/6065 损失=0.0060
✅ 训练完成，耗时: 108.7秒 (1.8分钟)

============================================================
📊 验证决策: Epoch 92/200
   验证间隔: 1
   是否验证: ✅ 是
   原因: 达到验证间隔 (0 == 0)
============================================================

🔍 开始验证...
验证进度: 500/686 损失=0.1433
验证进度: 686/686 损失=1.0158

📊 预测分布分析:
  - 预测的前5个类别: {np.int64(0): 282526, np.int64(1): 37053, np.int64(2): 14740, np.int64(3): 10788, np.int64(4): 8824}
  - 标签的前5个类别: {np.int64(0): 281232, np.int64(1): 36731, np.int64(2): 14789, np.int64(3): 10866, np.int64(4): 8585}
✅ 验证完成，耗时: 4.8秒 (0.1分钟)
训练损失: 0.0134
验证损失: 0.4294
验证准确率: 0.9685 (10619/10964) - 与Levenshtein高度相关
验证F1(加权): 0.9679 - 类别平衡更好
学习率: 0.000057
显存使用: 0.48GB (预留: 0.67GB)

生成的训练样本:
--------------------------------------------------------------------------------
输入:       NTLKWN LRXM> QDM GBR> WNCDR <MKWN L>XWKWN
目标:     0 34 0 29 0 0 0 0 1 0 0 30 0 0 0 0 2 0 0 0 4 0 0 1 6 0 0 16 0 0 1 0 0 0 0 1 0 8 5 0 0 0
预测:     0 34 0 29 0 0 0 0 1 0 0 30 0 0 0 0 2 0 0 0 4 0 0 1 6 0 0 16 0 0 1 0 0 0 0 1 0 8 5 0 0 0
准确率:    1.0000 (42/42)
----------------------------------------
输入:       TBN> L<M> LMRMJW LBN> >JK D>TMLJ W>JK
目标:     0 0 0 4 0 0 1 0 15 0 0 1 28 0 0 7 0 0 0 0 137 0 0 0 0 0 0 1 0 0 0 8 0 0 1 0 0 0
预测:     0 0 0 4 0 0 1 0 15 0 0 1 28 0 0 7 0 0 0 0 137 0 0 0 0 0 0 1 0 0 0 8 0 0 1 0 0 0
准确率:    1.0000 (38/38)
----------------------------------------
输入:       QNJN> VB> JHB MRJ LLCNJ >GR> WBSPWTJ
目标:     0 0 0 0 4 0 0 0 4 0 0 0 0 3 0 0 56 0 0 1 0 0 5 0 0 0 0 4 0 0 1 1 0 57 2 32 0
预测:     0 0 0 0 4 0 0 0 4 0 0 0 0 3 0 0 56 0 0 1 0 0 5 0 0 0 0 4 0 0 1 1 0 57 2 32 0
准确率:    1.0000 (37/37)
----------------------------------------

生成的验证样本:
--------------------------------------------------------------------------------
输入:       LTCBWXT> MNW HN> D>CKX LMV<> WL> V<>
目标:     0 1 0 0 8 0 13 9 0 0 0 71 0 0 0 0 0 0 35 0 0 0 3 0 1 6 0 10 7 0 1 0 0 0 0 10 3
预测:     0 1 0 0 8 0 13 9 0 0 0 71 0 0 0 0 0 0 1 17 0 0 3 0 1 6 0 10 7 0 1 0 0 0 0 10 7
准确率:    0.9189 (34/37)
----------------------------------------
输入:       MNW HN> D>CKX LMV<> WL> V<> WLMB>CW
目标:     0 0 71 0 0 0 0 0 0 35 0 0 0 3 0 1 6 0 10 7 0 1 0 0 0 0 10 3 0 1 1 28 0 0 7 0
预测:     0 0 71 0 0 0 0 0 0 1 17 0 0 3 0 1 6 0 10 7 0 1 0 0 0 0 10 3 0 1 1 28 0 0 7 0
准确率:    0.9444 (34/36)
----------------------------------------
⏳ 验证无提升 (验证准确率: 0.9685 ≤ 0.9688)，patience: 20/50

======================================================================
🚀 Epoch 93/200
======================================================================
📚 开始训练阶段...
训练进度: 500/6065 损失=0.0421
训练进度: 1000/6065 损失=0.0254
训练进度: 1500/6065 损失=0.0063
训练进度: 2000/6065 损失=0.0153
训练进度: 2500/6065 损失=0.0152
训练进度: 3000/6065 损失=0.0069
训练进度: 3500/6065 损失=0.0293
训练进度: 4000/6065 损失=0.0136
训练进度: 4500/6065 损失=0.0054
训练进度: 5000/6065 损失=0.0411
训练进度: 5500/6065 损失=0.0073
训练进度: 6000/6065 损失=0.0444
训练进度: 6065/6065 损失=0.0294
✅ 训练完成，耗时: 108.6秒 (1.8分钟)

============================================================
📊 验证决策: Epoch 93/200
   验证间隔: 1
   是否验证: ✅ 是
   原因: 达到验证间隔 (0 == 0)
============================================================

🔍 开始验证...
验证进度: 500/686 损失=0.1018
验证进度: 686/686 损失=1.1191

📊 预测分布分析:
  - 预测的前5个类别: {np.int64(0): 282689, np.int64(1): 36990, np.int64(2): 14857, np.int64(3): 10960, np.int64(4): 8928}
  - 标签的前5个类别: {np.int64(0): 281232, np.int64(1): 36731, np.int64(2): 14789, np.int64(3): 10866, np.int64(4): 8585}
✅ 验证完成，耗时: 4.8秒 (0.1分钟)
训练损失: 0.0131
验证损失: 0.4284
验证准确率: 0.9688 (10621/10964) - 与Levenshtein高度相关
验证F1(加权): 0.9680 - 类别平衡更好
学习率: 0.000056
显存使用: 0.48GB (预留: 0.67GB)

生成的训练样本:
--------------------------------------------------------------------------------
输入:       MRJ> >LHHWN KLHWN JWMT> DXJJN >NTWN B>R<>
目标:     0 0 0 0 2 0 0 0 5 0 0 0 0 0 5 0 0 0 0 0 0 2 23 0 0 1 0 2 0 0 0 0 0 0 0 0 0 1 0 0 4 0
预测:     0 0 0 0 2 0 0 0 5 0 0 0 0 0 5 0 0 0 0 0 0 2 23 0 0 1 0 2 0 0 0 0 0 0 0 0 0 1 0 0 4 0
准确率:    1.0000 (42/42)
----------------------------------------
输入:       DJLHWN BLCN> DJLHWN NKWLTNJN HWW MRT> D>SPS
目标:     0 0 0 1 0 0 0 0 1 0 0 11 0 0 0 0 1 0 0 0 0 0 0 0 0 0 2 0 0 0 0 18 0 0 0 164 9 0 0 1 0 0 0 2
预测:     0 0 0 1 0 0 0 0 1 0 0 11 0 0 0 0 1 0 0 0 0 0 0 0 0 0 2 0 0 0 0 18 0 0 0 164 9 0 0 1 0 0 0 2
准确率:    1.0000 (44/44)
----------------------------------------
输入:       WMDM DJTR MN JRJ<T> DMCKN> PLGH DJRJ<T>
目标:     0 1 0 0 2 0 1 0 0 7 0 0 0 0 0 0 0 13 23 0 0 1 0 0 0 4 0 0 0 0 37 12 0 1 0 0 0 13 9 0
预测:     0 1 0 0 2 0 1 0 0 7 0 0 0 0 0 0 0 13 23 0 0 1 0 0 0 4 0 0 0 0 37 12 0 1 0 0 0 13 9 0
准确率:    1.0000 (40/40)
----------------------------------------

生成的验证样本:
--------------------------------------------------------------------------------
输入:       LTCBWXT> MNW HN> D>CKX LMV<> WL> V<>
目标:     0 1 0 0 8 0 13 9 0 0 0 71 0 0 0 0 0 0 35 0 0 0 3 0 1 6 0 10 7 0 1 0 0 0 0 10 3
预测:     0 1 0 0 8 0 13 9 0 0 0 71 0 0 0 0 0 0 1 17 0 0 3 0 1 6 0 10 7 0 1 0 0 0 0 10 7
准确率:    0.9189 (34/37)
----------------------------------------
输入:       MNW HN> D>CKX LMV<> WL> V<> WLMB>CW
目标:     0 0 71 0 0 0 0 0 0 35 0 0 0 3 0 1 6 0 10 7 0 1 0 0 0 0 10 3 0 1 1 28 0 0 7 0
预测:     0 0 71 0 0 0 0 0 0 1 17 0 0 3 0 1 6 0 10 7 0 1 0 0 0 0 10 3 0 1 1 28 0 0 7 0
准确率:    0.9444 (34/36)
----------------------------------------
⏳ 验证无提升 (验证准确率: 0.9688 ≤ 0.9688)，patience: 21/50

======================================================================
🚀 Epoch 94/200
======================================================================
📚 开始训练阶段...
训练进度: 500/6065 损失=0.0028
训练进度: 1000/6065 损失=0.0034
训练进度: 1500/6065 损失=0.0480
训练进度: 2000/6065 损失=0.0134
训练进度: 2500/6065 损失=0.0117
训练进度: 3000/6065 损失=0.0248
训练进度: 3500/6065 损失=0.0252
训练进度: 4000/6065 损失=0.0826
训练进度: 4500/6065 损失=0.0164
训练进度: 5000/6065 损失=0.0075
训练进度: 5500/6065 损失=0.0361
训练进度: 6000/6065 损失=0.0110
训练进度: 6065/6065 损失=0.0517
✅ 训练完成，耗时: 108.5秒 (1.8分钟)

============================================================
📊 验证决策: Epoch 94/200
   验证间隔: 1
   是否验证: ✅ 是
   原因: 达到验证间隔 (0 == 0)
============================================================

🔍 开始验证...
验证进度: 500/686 损失=0.1483
验证进度: 686/686 损失=0.8764

📊 预测分布分析:
  - 预测的前5个类别: {np.int64(0): 282683, np.int64(1): 37046, np.int64(2): 14786, np.int64(3): 10871, np.int64(4): 8944}
  - 标签的前5个类别: {np.int64(0): 281232, np.int64(1): 36731, np.int64(2): 14789, np.int64(3): 10866, np.int64(4): 8585}
✅ 验证完成，耗时: 4.8秒 (0.1分钟)
训练损失: 0.0130
验证损失: 0.4279
验证准确率: 0.9685 (10618/10964) - 与Levenshtein高度相关
验证F1(加权): 0.9677 - 类别平衡更好
学习率: 0.000055
显存使用: 0.48GB (预留: 0.67GB)

生成的训练样本:
--------------------------------------------------------------------------------
输入:       KD HNWN XRT> L> MTDKRJN >L> >JK
目标:     0 0 0 0 0 0 0 0 0 0 13 9 0 0 0 0 0 21 14 0 0 7 0 19 0 0 0 0 0 0 0 0
预测:     0 0 0 0 0 0 0 0 0 0 13 9 0 0 0 0 0 21 14 0 0 7 0 19 0 0 0 0 0 0 0 0
准确率:    1.0000 (32/32)
----------------------------------------
输入:       <LM> QCTJ JHBT B<NN> WTHW> >T> DQJM>
目标:     0 0 0 4 0 0 0 106 1 0 0 0 0 3 0 0 1 0 0 11 0 0 1 44 0 10 3 0 0 4 0 0 1 0 0 4 0
预测:     0 0 0 4 0 0 0 106 1 0 0 0 0 3 0 0 1 0 0 11 0 0 1 44 0 10 3 0 0 4 0 0 1 0 0 4 0
准确率:    1.0000 (37/37)
----------------------------------------
输入:       MNH WNHW> LBKWN CLM <M MRJ> >LHN
目标:     0 0 1 0 0 1 6 0 10 3 0 0 5 0 0 0 0 0 0 62 0 0 0 0 0 0 0 2 0 0 0 5 0
预测:     0 0 1 0 0 1 6 0 10 3 0 0 5 0 0 0 0 0 0 62 0 0 0 0 0 0 0 2 0 0 0 5 0
准确率:    1.0000 (33/33)
----------------------------------------

生成的验证样本:
--------------------------------------------------------------------------------
输入:       LTCBWXT> MNW HN> D>CKX LMV<> WL> V<>
目标:     0 1 0 0 8 0 13 9 0 0 0 71 0 0 0 0 0 0 35 0 0 0 3 0 1 6 0 10 7 0 1 0 0 0 0 10 3
预测:     0 1 0 0 8 0 13 9 0 0 0 71 0 0 0 0 0 0 1 17 0 0 3 0 1 6 0 10 7 0 1 0 0 0 0 10 7
准确率:    0.9189 (34/37)
----------------------------------------
输入:       MNW HN> D>CKX LMV<> WL> V<> WLMB>CW
目标:     0 0 71 0 0 0 0 0 0 35 0 0 0 3 0 1 6 0 10 7 0 1 0 0 0 0 10 3 0 1 1 28 0 0 7 0
预测:     0 0 71 0 0 0 0 0 0 1 17 0 0 3 0 1 6 0 10 7 0 1 0 0 0 0 10 3 0 1 1 28 0 0 7 0
准确率:    0.9444 (34/36)
----------------------------------------
⏳ 验证无提升 (验证准确率: 0.9685 ≤ 0.9688)，patience: 22/50

======================================================================
🚀 Epoch 95/200
======================================================================
📚 开始训练阶段...
训练进度: 500/6065 损失=0.0115
训练进度: 1000/6065 损失=0.0104
训练进度: 1500/6065 损失=0.0473
训练进度: 2000/6065 损失=0.0049
训练进度: 2500/6065 损失=0.0049
训练进度: 3000/6065 损失=0.0029
训练进度: 3500/6065 损失=0.0025
训练进度: 4000/6065 损失=0.0058
训练进度: 4500/6065 损失=0.0042
训练进度: 5000/6065 损失=0.0115
训练进度: 5500/6065 损失=0.0101
训练进度: 6000/6065 损失=0.0052
训练进度: 6065/6065 损失=0.0082
✅ 训练完成，耗时: 108.4秒 (1.8分钟)

============================================================
📊 验证决策: Epoch 95/200
   验证间隔: 1
   是否验证: ✅ 是
   原因: 达到验证间隔 (0 == 0)
============================================================

🔍 开始验证...
验证进度: 500/686 损失=0.2338
验证进度: 686/686 损失=1.0341

📊 预测分布分析:
  - 预测的前5个类别: {np.int64(0): 282914, np.int64(1): 36995, np.int64(2): 14772, np.int64(3): 10955, np.int64(4): 9085}
  - 标签的前5个类别: {np.int64(0): 281232, np.int64(1): 36731, np.int64(2): 14789, np.int64(3): 10866, np.int64(4): 8585}
✅ 验证完成，耗时: 4.8秒 (0.1分钟)
训练损失: 0.0126
验证损失: 0.4372
验证准确率: 0.9683 (10616/10964) - 与Levenshtein高度相关
验证F1(加权): 0.9674 - 类别平衡更好
学习率: 0.000055
显存使用: 0.48GB (预留: 0.67GB)

生成的训练样本:
--------------------------------------------------------------------------------
输入:       WL>RMLT> WN>KLWN BQWRJK WNSB<WN W>MR QDM MRJ>
目标:     0 1 1 0 0 0 13 9 0 0 1 6 0 0 3 0 0 0 1 0 0 100 1 0 0 1 6 0 0 3 0 0 0 36 0 0 3 0 0 0 2 0 0 0 0 2
预测:     0 1 1 0 0 0 13 9 0 0 1 6 0 0 3 0 0 0 1 0 0 100 1 0 0 1 6 0 0 3 0 0 0 36 0 0 3 0 0 0 2 0 0 0 0 2
准确率:    1.0000 (46/46)
----------------------------------------
输入:       HN> >TPNW WCQWLW LKWN W<WLW LVWR> D>MWRJ>
目标:     0 0 0 0 6 0 14 0 18 0 0 36 0 8 0 3 0 0 1 0 0 0 0 36 8 0 53 0 0 1 0 0 4 0 0 1 0 0 0 0 11 0
预测:     0 0 0 0 6 0 14 0 18 0 0 36 0 8 0 3 0 0 1 0 0 0 0 36 8 0 53 0 0 1 0 0 4 0 0 1 0 0 0 0 11 0
准确率:    1.0000 (42/42)
----------------------------------------
输入:       DMCKN ZBN> W<BD DRT> LSVR> DRWX> DTJMN>
目标:     0 1 0 0 0 2 0 0 0 4 0 0 1 0 0 3 0 0 13 9 0 0 1 0 0 4 0 0 1 0 0 4 0 0 1 0 0 0 4 0
预测:     0 1 0 0 0 2 0 0 0 4 0 0 1 0 0 3 0 0 13 9 0 0 1 0 0 4 0 0 1 0 0 4 0 0 1 0 0 0 4 0
准确率:    1.0000 (40/40)
----------------------------------------

生成的验证样本:
--------------------------------------------------------------------------------
输入:       LTCBWXT> MNW HN> D>CKX LMV<> WL> V<>
目标:     0 1 0 0 8 0 13 9 0 0 0 71 0 0 0 0 0 0 35 0 0 0 3 0 1 6 0 10 7 0 1 0 0 0 0 10 3
预测:     0 1 0 0 8 0 13 9 0 0 0 71 0 0 0 0 0 0 1 17 0 0 3 0 1 6 0 10 7 0 1 0 0 0 0 10 7
准确率:    0.9189 (34/37)
----------------------------------------
输入:       MNW HN> D>CKX LMV<> WL> V<> WLMB>CW
目标:     0 0 71 0 0 0 0 0 0 35 0 0 0 3 0 1 6 0 10 7 0 1 0 0 0 0 10 3 0 1 1 28 0 0 7 0
预测:     0 0 71 0 0 0 0 0 0 1 17 0 0 3 0 1 6 0 10 7 0 1 0 0 0 0 10 3 0 1 1 28 0 0 7 0
准确率:    0.9444 (34/36)
----------------------------------------
⏳ 验证无提升 (验证准确率: 0.9683 ≤ 0.9688)，patience: 23/50

======================================================================
🚀 Epoch 96/200
======================================================================
📚 开始训练阶段...
训练进度: 500/6065 损失=0.0091
训练进度: 1000/6065 损失=0.0192
训练进度: 1500/6065 损失=0.0144
训练进度: 2000/6065 损失=0.0117
训练进度: 2500/6065 损失=0.0199
训练进度: 3000/6065 损失=0.0011
训练进度: 3500/6065 损失=0.0251
训练进度: 4000/6065 损失=0.0200
训练进度: 4500/6065 损失=0.0086
训练进度: 5000/6065 损失=0.0250
训练进度: 5500/6065 损失=0.0230
训练进度: 6000/6065 损失=0.0111
训练进度: 6065/6065 损失=0.0178
✅ 训练完成，耗时: 108.3秒 (1.8分钟)

============================================================
📊 验证决策: Epoch 96/200
   验证间隔: 1
   是否验证: ✅ 是
   原因: 达到验证间隔 (0 == 0)
============================================================

🔍 开始验证...
验证进度: 500/686 损失=0.2265
验证进度: 686/686 损失=0.8171

📊 预测分布分析:
  - 预测的前5个类别: {np.int64(0): 282715, np.int64(1): 37034, np.int64(2): 14805, np.int64(3): 10895, np.int64(4): 8976}
  - 标签的前5个类别: {np.int64(0): 281232, np.int64(1): 36731, np.int64(2): 14789, np.int64(3): 10866, np.int64(4): 8585}
✅ 验证完成，耗时: 4.8秒 (0.1分钟)
训练损失: 0.0124
验证损失: 0.4272
验证准确率: 0.9686 (10619/10964) - 与Levenshtein高度相关
验证F1(加权): 0.9679 - 类别平衡更好
学习率: 0.000054
显存使用: 0.48GB (预留: 0.67GB)

生成的训练样本:
--------------------------------------------------------------------------------
输入:       MRJ> WBVNT RPQ> >NTTH W>LYJN BNJH BKRSH
目标:     0 0 0 0 2 0 1 0 0 3 26 0 0 0 0 2 0 0 0 13 1 0 0 1 0 0 7 0 0 0 0 2 1 12 0 1 0 0 5 12
预测:     0 0 0 0 2 0 1 0 0 3 26 0 0 0 0 2 0 0 0 13 1 0 0 1 0 0 7 0 0 0 0 2 1 12 0 1 0 0 5 12
准确率:    1.0000 (40/40)
----------------------------------------
输入:       VWR> WVWR> MTGWZL HW> BNWR> <DM> LLB>
目标:     0 0 0 4 0 0 1 0 0 4 0 0 21 14 0 0 0 7 0 0 10 3 0 1 0 0 4 0 0 0 0 0 0 0 1 0 4 0
预测:     0 0 0 4 0 0 1 0 0 4 0 0 21 14 0 0 0 7 0 0 10 3 0 1 0 0 4 0 0 0 0 0 0 0 1 0 4 0
准确率:    1.0000 (38/38)
----------------------------------------
输入:       JRX> QDMJ> TCRJ WDBTRH MRXCWN DBH LM
目标:     0 0 0 4 0 0 0 0 0 4 0 0 0 0 0 2 0 1 1 0 0 1 0 0 0 0 0 0 0 2 0 1 1 0 0 0 0
预测:     0 0 0 4 0 0 0 0 0 4 0 0 0 0 0 2 0 1 1 0 0 1 0 0 0 0 0 0 0 2 0 1 1 0 0 0 0
准确率:    1.0000 (37/37)
----------------------------------------

生成的验证样本:
--------------------------------------------------------------------------------
输入:       LTCBWXT> MNW HN> D>CKX LMV<> WL> V<>
目标:     0 1 0 0 8 0 13 9 0 0 0 71 0 0 0 0 0 0 35 0 0 0 3 0 1 6 0 10 7 0 1 0 0 0 0 10 3
预测:     0 1 0 0 8 0 13 9 0 0 0 71 0 0 0 0 0 0 1 17 0 0 3 0 1 6 0 10 7 0 1 0 0 0 0 10 7
准确率:    0.9189 (34/37)
----------------------------------------
输入:       MNW HN> D>CKX LMV<> WL> V<> WLMB>CW
目标:     0 0 71 0 0 0 0 0 0 35 0 0 0 3 0 1 6 0 10 7 0 1 0 0 0 0 10 3 0 1 1 28 0 0 7 0
预测:     0 0 71 0 0 0 0 0 0 1 17 0 0 3 0 1 6 0 10 7 0 1 0 0 0 0 10 3 0 1 1 28 0 0 7 0
准确率:    0.9444 (34/36)
----------------------------------------
⏳ 验证无提升 (验证准确率: 0.9686 ≤ 0.9688)，patience: 24/50

======================================================================
🚀 Epoch 97/200
======================================================================
📚 开始训练阶段...
训练进度: 500/6065 损失=0.0035
训练进度: 1000/6065 损失=0.0091
训练进度: 1500/6065 损失=0.0218
训练进度: 2000/6065 损失=0.0031
训练进度: 2500/6065 损失=0.0132
训练进度: 3000/6065 损失=0.0111
训练进度: 3500/6065 损失=0.0050
训练进度: 4000/6065 损失=0.0283
训练进度: 4500/6065 损失=0.0073
训练进度: 5000/6065 损失=0.0019
训练进度: 5500/6065 损失=0.0099
训练进度: 6000/6065 损失=0.0059
训练进度: 6065/6065 损失=0.0220
✅ 训练完成，耗时: 108.3秒 (1.8分钟)

============================================================
📊 验证决策: Epoch 97/200
   验证间隔: 1
   是否验证: ✅ 是
   原因: 达到验证间隔 (0 == 0)
============================================================

🔍 开始验证...
验证进度: 500/686 损失=0.2002
验证进度: 686/686 损失=0.8563

📊 预测分布分析:
  - 预测的前5个类别: {np.int64(0): 282790, np.int64(1): 36967, np.int64(2): 14778, np.int64(3): 10907, np.int64(4): 9030}
  - 标签的前5个类别: {np.int64(0): 281232, np.int64(1): 36731, np.int64(2): 14789, np.int64(3): 10866, np.int64(4): 8585}
✅ 验证完成，耗时: 4.8秒 (0.1分钟)
训练损失: 0.0121
验证损失: 0.4420
验证准确率: 0.9682 (10615/10964) - 与Levenshtein高度相关
验证F1(加权): 0.9675 - 类别平衡更好
学习率: 0.000053
显存使用: 0.48GB (预留: 0.67GB)

生成的训练样本:
--------------------------------------------------------------------------------
输入:       L>MHT> WLBNJHJN QDMJT WLLJ> WLBNJH BTRHJN WLRXJL
目标:     0 1 0 8 2 23 0 0 1 1 0 2 1 0 0 0 0 0 0 0 0 0 0 1 1 0 0 2 0 1 1 0 2 1 12 0 0 0 1 0 0 0 0 1 1 0 0 0 2
预测:     0 1 0 8 2 23 0 0 1 1 0 2 1 0 0 0 0 0 0 0 0 0 0 1 1 0 0 2 0 1 1 0 2 1 12 0 0 0 1 0 0 0 0 1 1 0 0 0 2
准确率:    1.0000 (49/49)
----------------------------------------
输入:       >JK <PR> WJHBT LNC> TWQPK W>CLVT >NJN
目标:     0 0 0 0 0 0 0 4 0 0 1 0 0 3 12 0 75 47 61 0 0 0 0 0 5 0 0 1 17 0 0 3 12 0 0 0 0 0
预测:     0 0 0 0 0 0 0 4 0 0 1 0 0 3 12 0 75 47 61 0 0 0 0 0 5 0 0 1 17 0 0 3 12 0 0 0 0 0
准确率:    1.0000 (38/38)
----------------------------------------
输入:       DJHWD> WMLJTH RWX> D>LH> BXKMT> WBBWJN> WB>JD<T>
目标:     0 1 0 0 0 0 2 0 1 0 0 3 1 0 0 0 0 4 0 0 1 0 0 4 0 0 1 0 0 13 9 0 0 1 1 0 0 0 4 0 0 1 35 0 0 0 13 9 0
预测:     0 1 0 0 0 0 2 0 1 0 0 3 1 0 0 0 0 4 0 0 1 0 0 4 0 0 1 0 0 13 9 0 0 1 1 0 0 0 4 0 0 1 35 0 0 0 13 9 0
准确率:    1.0000 (49/49)
----------------------------------------

生成的验证样本:
--------------------------------------------------------------------------------
输入:       LTCBWXT> MNW HN> D>CKX LMV<> WL> V<>
目标:     0 1 0 0 8 0 13 9 0 0 0 71 0 0 0 0 0 0 35 0 0 0 3 0 1 6 0 10 7 0 1 0 0 0 0 10 3
预测:     0 1 0 0 8 0 13 9 0 0 0 71 0 0 0 0 0 0 1 17 0 0 3 0 1 6 0 10 7 0 1 0 0 0 0 10 7
准确率:    0.9189 (34/37)
----------------------------------------
输入:       MNW HN> D>CKX LMV<> WL> V<> WLMB>CW
目标:     0 0 71 0 0 0 0 0 0 35 0 0 0 3 0 1 6 0 10 7 0 1 0 0 0 0 10 3 0 1 1 28 0 0 7 0
预测:     0 0 71 0 0 0 0 0 0 1 17 0 0 3 0 1 6 0 10 7 0 1 0 0 0 0 10 3 0 1 1 28 0 0 7 0
准确率:    0.9444 (34/36)
----------------------------------------
⏳ 验证无提升 (验证准确率: 0.9682 ≤ 0.9688)，patience: 25/50

======================================================================
🚀 Epoch 98/200
======================================================================
📚 开始训练阶段...
训练进度: 500/6065 损失=0.0121
训练进度: 1000/6065 损失=0.0065
训练进度: 1500/6065 损失=0.0171
训练进度: 2000/6065 损失=0.0048
训练进度: 2500/6065 损失=0.0171
训练进度: 3000/6065 损失=0.0132
训练进度: 3500/6065 损失=0.0105
训练进度: 4000/6065 损失=0.0013
训练进度: 4500/6065 损失=0.0108
训练进度: 5000/6065 损失=0.0134
训练进度: 5500/6065 损失=0.0011
训练进度: 6000/6065 损失=0.0324
训练进度: 6065/6065 损失=0.0250
✅ 训练完成，耗时: 108.4秒 (1.8分钟)

============================================================
📊 验证决策: Epoch 98/200
   验证间隔: 1
   是否验证: ✅ 是
   原因: 达到验证间隔 (0 == 0)
============================================================

🔍 开始验证...
验证进度: 500/686 损失=0.2175
验证进度: 686/686 损失=0.8839

📊 预测分布分析:
  - 预测的前5个类别: {np.int64(0): 283002, np.int64(1): 37018, np.int64(2): 14789, np.int64(3): 10794, np.int64(4): 8910}
  - 标签的前5个类别: {np.int64(0): 281232, np.int64(1): 36731, np.int64(2): 14789, np.int64(3): 10866, np.int64(4): 8585}
✅ 验证完成，耗时: 4.8秒 (0.1分钟)
训练损失: 0.0117
验证损失: 0.4394
验证准确率: 0.9687 (10620/10964) - 与Levenshtein高度相关
验证F1(加权): 0.9680 - 类别平衡更好
学习率: 0.000052
显存使用: 0.48GB (预留: 0.67GB)

生成的训练样本:
--------------------------------------------------------------------------------
输入:       VLJ> LM<BDH L<BJDT> MVWL D>YVBJ HW> BBRT
目标:     0 0 0 4 0 0 1 6 0 0 74 12 0 1 0 8 0 7 9 27 0 0 8 0 0 0 1 47 97 0 0 3 0 0 10 3 0 1 0 13 0
预测:     0 0 0 4 0 0 1 6 0 0 74 12 0 1 0 8 0 7 9 27 0 0 8 0 0 0 1 47 97 0 0 3 0 0 10 3 0 1 0 13 0
准确率:    1.0000 (41/41)
----------------------------------------
输入:       >N> JWRDNN HN> >NTWN DJN <BRJN >NTWN
目标:     0 0 0 0 0 0 0 0 0 0 2 0 0 0 0 0 0 0 0 0 0 0 0 0 0 0 0 0 7 0 0 0 0 0 0 0 0
预测:     0 0 0 0 0 0 0 0 0 0 2 0 0 0 0 0 0 0 0 0 0 0 0 0 0 0 0 0 7 0 0 0 0 0 0 0 0
准确率:    1.0000 (37/37)
----------------------------------------
输入:       JWNN MVJ L>R<H WLTXWM> DBNJ <MH CR>
目标:     0 0 0 0 2 0 0 0 3 0 1 0 0 5 0 0 1 1 0 0 0 4 0 0 1 0 2 0 0 0 37 0 0 0 10 3
预测:     0 0 0 0 2 0 0 0 3 0 1 0 0 5 0 0 1 1 0 0 0 4 0 0 1 0 2 0 0 0 37 0 0 0 10 3
准确率:    1.0000 (36/36)
----------------------------------------

生成的验证样本:
--------------------------------------------------------------------------------
输入:       LTCBWXT> MNW HN> D>CKX LMV<> WL> V<>
目标:     0 1 0 0 8 0 13 9 0 0 0 71 0 0 0 0 0 0 35 0 0 0 3 0 1 6 0 10 7 0 1 0 0 0 0 10 3
预测:     0 1 0 0 8 0 13 9 0 0 0 71 0 0 0 0 0 0 1 17 0 0 3 0 1 6 0 10 7 0 1 0 0 0 0 10 7
准确率:    0.9189 (34/37)
----------------------------------------
输入:       MNW HN> D>CKX LMV<> WL> V<> WLMB>CW
目标:     0 0 71 0 0 0 0 0 0 35 0 0 0 3 0 1 6 0 10 7 0 1 0 0 0 0 10 3 0 1 1 28 0 0 7 0
预测:     0 0 71 0 0 0 0 0 0 1 17 0 0 3 0 1 6 0 10 7 0 1 0 0 0 0 10 3 0 1 1 28 0 0 7 0
准确率:    0.9444 (34/36)
----------------------------------------
⏳ 验证无提升 (验证准确率: 0.9687 ≤ 0.9688)，patience: 26/50

======================================================================
🚀 Epoch 99/200
======================================================================
📚 开始训练阶段...
训练进度: 500/6065 损失=0.0021
训练进度: 1000/6065 损失=0.0017
训练进度: 1500/6065 损失=0.0238
训练进度: 2000/6065 损失=0.0437
训练进度: 2500/6065 损失=0.0091
训练进度: 3000/6065 损失=0.0079
训练进度: 3500/6065 损失=0.0018
训练进度: 4000/6065 损失=0.0018
训练进度: 4500/6065 损失=0.0128
训练进度: 5000/6065 损失=0.0131
训练进度: 5500/6065 损失=0.0059
训练进度: 6000/6065 损失=0.0019
训练进度: 6065/6065 损失=0.0166
✅ 训练完成，耗时: 108.6秒 (1.8分钟)

============================================================
📊 验证决策: Epoch 99/200
   验证间隔: 1
   是否验证: ✅ 是
   原因: 达到验证间隔 (0 == 0)
============================================================

🔍 开始验证...
验证进度: 500/686 损失=0.2228
验证进度: 686/686 损失=0.9259

📊 预测分布分析:
  - 预测的前5个类别: {np.int64(0): 283006, np.int64(1): 37048, np.int64(2): 14735, np.int64(3): 10851, np.int64(4): 9000}
  - 标签的前5个类别: {np.int64(0): 281232, np.int64(1): 36731, np.int64(2): 14789, np.int64(3): 10866, np.int64(4): 8585}
✅ 验证完成，耗时: 4.8秒 (0.1分钟)
训练损失: 0.0115
验证损失: 0.4428
验证准确率: 0.9688 (10621/10964) - 与Levenshtein高度相关
验证F1(加权): 0.9680 - 类别平衡更好
学习率: 0.000051
显存使用: 0.48GB (预留: 0.67GB)

生成的训练样本:
--------------------------------------------------------------------------------
输入:       L>XB XS LJ MN MRJ> D>TL LK
目标:     0 1 0 0 2 0 31 3 0 1 0 0 0 0 0 0 0 0 2 0 1 34 0 3 0 1 0
预测:     0 1 0 0 2 0 31 3 0 1 0 0 0 0 0 0 0 0 2 0 1 34 0 3 0 1 0
准确率:    1.0000 (27/27)
----------------------------------------
输入:       >MR LH >N >NT L> >ZL >NT
目标:     0 0 0 7 0 1 0 0 0 0 0 0 0 0 0 0 0 0 0 0 7 0 0 0 0
预测:     0 0 0 7 0 1 0 0 0 0 0 0 0 0 0 0 0 0 0 0 7 0 0 0 0
准确率:    1.0000 (25/25)
----------------------------------------
输入:       LBNJ> BR JWJD< W>MR LH ZL PG<
目标:     0 1 0 0 0 2 0 0 2 0 0 0 0 0 2 0 1 0 0 3 0 1 0 21 0 3 6 0 0 3
预测:     0 1 0 0 0 2 0 0 2 0 0 0 0 0 2 0 1 0 0 3 0 1 0 21 0 3 6 0 0 3
准确率:    1.0000 (30/30)
----------------------------------------

生成的验证样本:
--------------------------------------------------------------------------------
输入:       LTCBWXT> MNW HN> D>CKX LMV<> WL> V<>
目标:     0 1 0 0 8 0 13 9 0 0 0 71 0 0 0 0 0 0 35 0 0 0 3 0 1 6 0 10 7 0 1 0 0 0 0 10 3
预测:     0 1 0 0 8 0 13 9 0 0 0 71 0 0 0 0 0 0 1 17 0 0 3 0 1 6 0 10 7 0 1 0 0 0 0 10 7
准确率:    0.9189 (34/37)
----------------------------------------
输入:       MNW HN> D>CKX LMV<> WL> V<> WLMB>CW
目标:     0 0 71 0 0 0 0 0 0 35 0 0 0 3 0 1 6 0 10 7 0 1 0 0 0 0 10 3 0 1 1 28 0 0 7 0
预测:     0 0 71 0 0 0 0 0 0 1 17 0 0 3 0 1 6 0 10 7 0 1 0 0 0 0 10 3 0 1 1 28 0 0 7 0
准确率:    0.9444 (34/36)
----------------------------------------
⏳ 验证无提升 (验证准确率: 0.9688 ≤ 0.9688)，patience: 27/50

======================================================================
🚀 Epoch 100/200
======================================================================
📚 开始训练阶段...
训练进度: 500/6065 损失=0.0298
训练进度: 1000/6065 损失=0.0294
训练进度: 1500/6065 损失=0.0103
训练进度: 2000/6065 损失=0.0020
训练进度: 2500/6065 损失=0.0094
训练进度: 3000/6065 损失=0.0147
训练进度: 3500/6065 损失=0.0015
训练进度: 4000/6065 损失=0.0016
训练进度: 4500/6065 损失=0.0063
训练进度: 5000/6065 损失=0.0237
训练进度: 5500/6065 损失=0.0034
训练进度: 6000/6065 损失=0.0012
训练进度: 6065/6065 损失=0.0087
✅ 训练完成，耗时: 109.0秒 (1.8分钟)

============================================================
📊 验证决策: Epoch 100/200
   验证间隔: 1
   是否验证: ✅ 是
   原因: 达到验证间隔 (0 == 0)
============================================================

🔍 开始验证...
验证进度: 500/686 损失=0.2006
验证进度: 686/686 损失=0.9803

📊 预测分布分析:
  - 预测的前5个类别: {np.int64(0): 282802, np.int64(1): 37098, np.int64(2): 14721, np.int64(3): 10844, np.int64(4): 8928}
  - 标签的前5个类别: {np.int64(0): 281232, np.int64(1): 36731, np.int64(2): 14789, np.int64(3): 10866, np.int64(4): 8585}
✅ 验证完成，耗时: 4.8秒 (0.1分钟)
训练损失: 0.0114
验证损失: 0.4488
验证准确率: 0.9681 (10614/10964) - 与Levenshtein高度相关
验证F1(加权): 0.9675 - 类别平衡更好
学习率: 0.000051
显存使用: 0.48GB (预留: 0.67GB)

生成的训练样本:
--------------------------------------------------------------------------------
输入:       QDMWHJ RXC> RJC XWBJHWN DBNJNC> G>JWTHWN W<BDJHWN
目标:     0 0 0 25 1 0 0 0 0 0 7 0 0 0 0 2 0 0 0 22 1 0 0 0 0 1 0 2 75 0 4 0 0 0 0 0 2 1 0 0 0 0 1 0 0 62 1 0 0 0
预测:     0 0 0 25 1 0 0 0 0 0 7 0 0 0 0 2 0 0 0 22 1 0 0 0 0 1 0 2 75 0 4 0 0 0 0 0 2 1 0 0 0 0 1 0 0 62 1 0 0 0
准确率:    1.0000 (50/50)
----------------------------------------
输入:       GWR> LKNWCTH DMRJ> >P L> <L <SR>
目标:     0 0 0 30 0 0 1 0 0 0 13 1 0 0 1 0 0 0 2 0 0 0 0 0 0 0 0 0 0 0 0 4 0
预测:     0 0 0 30 0 0 1 0 0 0 13 1 0 0 1 0 0 0 2 0 0 0 0 0 0 0 0 0 0 0 0 4 0
准确率:    1.0000 (33/33)
----------------------------------------
输入:       BH ML>KWHJ D>LH> W>MR J<QWB KD XZ>
目标:     0 1 0 0 0 0 0 25 1 0 0 0 1 0 0 4 0 0 1 0 0 3 0 0 0 0 0 2 0 0 0 0 0 10 3
预测:     0 1 0 0 0 0 0 25 1 0 0 0 1 0 0 4 0 0 1 0 0 3 0 0 0 0 0 2 0 0 0 0 0 10 3
准确率:    1.0000 (35/35)
----------------------------------------

生成的验证样本:
--------------------------------------------------------------------------------
输入:       LTCBWXT> MNW HN> D>CKX LMV<> WL> V<>
目标:     0 1 0 0 8 0 13 9 0 0 0 71 0 0 0 0 0 0 35 0 0 0 3 0 1 6 0 10 7 0 1 0 0 0 0 10 3
预测:     0 1 0 0 8 0 13 9 0 0 0 71 0 0 0 0 0 0 1 17 0 0 3 0 1 6 0 10 7 0 1 0 0 0 0 10 7
准确率:    0.9189 (34/37)
----------------------------------------
输入:       MNW HN> D>CKX LMV<> WL> V<> WLMB>CW
目标:     0 0 71 0 0 0 0 0 0 35 0 0 0 3 0 1 6 0 10 7 0 1 0 0 0 0 10 3 0 1 1 28 0 0 7 0
预测:     0 0 71 0 0 0 0 0 0 1 17 0 0 3 0 1 6 0 10 7 0 1 0 0 0 0 10 7 0 1 1 28 0 0 7 0
准确率:    0.9167 (33/36)
----------------------------------------
⏳ 验证无提升 (验证准确率: 0.9681 ≤ 0.9688)，patience: 28/50

======================================================================
🚀 Epoch 101/200
======================================================================
📚 开始训练阶段...
训练进度: 500/6065 损失=0.0076
训练进度: 1000/6065 损失=0.0031
训练进度: 1500/6065 损失=0.0052
训练进度: 2000/6065 损失=0.0108
训练进度: 2500/6065 损失=0.0076
训练进度: 3000/6065 损失=0.0042
训练进度: 3500/6065 损失=0.0156
训练进度: 4000/6065 损失=0.0020
训练进度: 4500/6065 损失=0.0025
训练进度: 5000/6065 损失=0.0240
训练进度: 5500/6065 损失=0.0089
训练进度: 6000/6065 损失=0.0016
训练进度: 6065/6065 损失=0.0024
✅ 训练完成，耗时: 108.5秒 (1.8分钟)

============================================================
📊 验证决策: Epoch 101/200
   验证间隔: 1
   是否验证: ✅ 是
   原因: 达到验证间隔 (0 == 0)
============================================================

🔍 开始验证...
验证进度: 500/686 损失=0.0998
验证进度: 686/686 损失=0.9516

📊 预测分布分析:
  - 预测的前5个类别: {np.int64(0): 282899, np.int64(1): 37011, np.int64(2): 14766, np.int64(3): 10886, np.int64(4): 9036}
  - 标签的前5个类别: {np.int64(0): 281232, np.int64(1): 36731, np.int64(2): 14789, np.int64(3): 10866, np.int64(4): 8585}
✅ 验证完成，耗时: 4.8秒 (0.1分钟)
训练损失: 0.0109
验证损失: 0.4524
验证准确率: 0.9685 (10618/10964) - 与Levenshtein高度相关
验证F1(加权): 0.9677 - 类别平衡更好
学习率: 0.000050
显存使用: 0.48GB (预留: 0.67GB)

生成的训练样本:
--------------------------------------------------------------------------------
输入:       WTCM< BQLH >JK KL MDM DMPQD >N>
目标:     0 1 6 0 0 3 0 1 0 5 0 0 0 0 0 0 0 2 0 0 0 2 0 1 6 0 0 41 0 0 0 0
预测:     0 1 6 0 0 3 0 1 0 5 0 0 0 0 0 0 0 2 0 0 0 2 0 1 6 0 0 41 0 0 0 0
准确率:    1.0000 (32/32)
----------------------------------------
输入:       L> HKJL NBS> >XJ BQLH DJWNN <BRJ>
目标:     0 0 0 0 0 0 0 0 0 6 0 10 16 0 0 2 46 0 1 0 5 0 0 1 0 0 0 2 0 0 0 0 4 0
预测:     0 0 0 0 0 0 0 0 0 6 0 10 16 0 0 2 46 0 1 0 5 0 0 1 0 0 0 2 0 0 0 0 4 0
准确率:    1.0000 (34/34)
----------------------------------------
输入:       BBSJMWT> DNCMCWNJHJ <D ZBN> W>TJHB LH DBYBJN
目标:     0 1 0 0 0 0 2 9 0 0 1 6 0 0 33 0 113 0 0 0 0 0 0 0 0 0 4 0 0 1 0 14 0 0 80 0 1 0 0 1 1 0 0 0 2
预测:     0 1 0 0 0 0 2 9 0 0 1 6 0 0 33 0 113 0 0 0 0 0 0 0 0 0 4 0 0 1 0 14 0 0 80 0 1 0 0 1 1 0 0 0 2
准确率:    1.0000 (45/45)
----------------------------------------

生成的验证样本:
--------------------------------------------------------------------------------
输入:       LTCBWXT> MNW HN> D>CKX LMV<> WL> V<>
目标:     0 1 0 0 8 0 13 9 0 0 0 71 0 0 0 0 0 0 35 0 0 0 3 0 1 6 0 10 7 0 1 0 0 0 0 10 3
预测:     0 1 0 0 8 0 13 9 0 0 0 71 0 0 0 0 0 0 1 17 0 0 3 0 1 6 0 10 7 0 1 0 0 0 0 10 7
准确率:    0.9189 (34/37)
----------------------------------------
输入:       MNW HN> D>CKX LMV<> WL> V<> WLMB>CW
目标:     0 0 71 0 0 0 0 0 0 35 0 0 0 3 0 1 6 0 10 7 0 1 0 0 0 0 10 3 0 1 1 28 0 0 7 0
预测:     0 0 71 0 0 0 0 0 0 1 17 0 0 3 0 1 6 0 10 7 0 1 0 0 0 0 10 3 0 1 1 28 0 0 7 0
准确率:    0.9444 (34/36)
----------------------------------------
⏳ 验证无提升 (验证准确率: 0.9685 ≤ 0.9688)，patience: 29/50

======================================================================
🚀 Epoch 102/200
======================================================================
📚 开始训练阶段...
训练进度: 500/6065 损失=0.0011
训练进度: 1000/6065 损失=0.0052
训练进度: 1500/6065 损失=0.0045
训练进度: 2000/6065 损失=0.0076
训练进度: 2500/6065 损失=0.0069
训练进度: 3000/6065 损失=0.0198
训练进度: 3500/6065 损失=0.0013
训练进度: 4000/6065 损失=0.0078
训练进度: 4500/6065 损失=0.0212
训练进度: 5000/6065 损失=0.0145
训练进度: 5500/6065 损失=0.0066
训练进度: 6000/6065 损失=0.0105
训练进度: 6065/6065 损失=0.0624
✅ 训练完成，耗时: 108.7秒 (1.8分钟)

============================================================
📊 验证决策: Epoch 102/200
   验证间隔: 1
   是否验证: ✅ 是
   原因: 达到验证间隔 (0 == 0)
============================================================

🔍 开始验证...
验证进度: 500/686 损失=0.2179
验证进度: 686/686 损失=0.9286

📊 预测分布分析:
  - 预测的前5个类别: {np.int64(0): 283115, np.int64(1): 37045, np.int64(2): 14800, np.int64(3): 10808, np.int64(4): 9020}
  - 标签的前5个类别: {np.int64(0): 281232, np.int64(1): 36731, np.int64(2): 14789, np.int64(3): 10866, np.int64(4): 8585}
✅ 验证完成，耗时: 4.8秒 (0.1分钟)
训练损失: 0.0109
验证损失: 0.4547
验证准确率: 0.9689 (10623/10964) - 与Levenshtein高度相关
验证F1(加权): 0.9681 - 类别平衡更好
学习率: 0.000049
显存使用: 0.47GB (预留: 0.67GB)

生成的训练样本:
--------------------------------------------------------------------------------
输入:       LHLJN <MM> MN QDMJK BQLJL QLJL L>
目标:     0 1 0 0 0 0 0 0 8 30 0 0 0 0 0 0 0 2 1 0 0 1 0 0 0 2 0 0 0 0 2 0 0 0
预测:     0 1 0 0 0 0 0 0 8 30 0 0 0 0 0 0 0 2 1 0 0 1 0 0 0 2 0 0 0 0 2 0 0 0
准确率:    1.0000 (34/34)
----------------------------------------
输入:       <L GB< WHLK KM>N> WMX> LKLH QRJT>
目标:     0 0 0 0 0 0 2 0 1 0 0 16 0 0 0 0 4 0 0 1 0 10 3 0 1 0 5 12 0 0 0 22 9 0
预测:     0 0 0 0 0 0 2 0 1 0 0 16 0 0 0 0 4 0 0 1 0 10 3 0 1 0 5 12 0 0 0 22 9 0
准确率:    1.0000 (34/34)
----------------------------------------
输入:       M>NWHJ WLQN> WBSS DJLH WSDR> DDRT> W<MWDJH
目标:     0 0 0 25 1 0 0 0 1 0 0 13 0 0 1 0 38 2 0 0 0 1 0 0 1 0 0 11 0 0 1 0 13 9 0 0 1 0 0 0 2 1 12
预测:     0 0 0 25 1 0 0 0 1 0 0 13 0 0 1 0 38 2 0 0 0 1 0 0 1 0 0 11 0 0 1 0 13 9 0 0 1 0 0 0 2 1 12
准确率:    1.0000 (43/43)
----------------------------------------

生成的验证样本:
--------------------------------------------------------------------------------
输入:       LTCBWXT> MNW HN> D>CKX LMV<> WL> V<>
目标:     0 1 0 0 8 0 13 9 0 0 0 71 0 0 0 0 0 0 35 0 0 0 3 0 1 6 0 10 7 0 1 0 0 0 0 10 3
预测:     0 1 0 0 8 0 13 9 0 0 0 71 0 0 0 0 0 0 1 17 0 0 3 0 1 6 0 10 7 0 1 0 0 0 0 10 7
准确率:    0.9189 (34/37)
----------------------------------------
输入:       MNW HN> D>CKX LMV<> WL> V<> WLMB>CW
目标:     0 0 71 0 0 0 0 0 0 35 0 0 0 3 0 1 6 0 10 7 0 1 0 0 0 0 10 3 0 1 1 28 0 0 7 0
预测:     0 0 71 0 0 0 0 0 0 1 17 0 0 3 0 1 6 0 10 7 0 1 0 0 0 0 10 3 0 1 1 28 0 0 7 0
准确率:    0.9444 (34/36)
----------------------------------------
💾 保存新的最佳模型！验证准确率: 0.9689 (F1: 0.9681) (Epoch 102)

======================================================================
🚀 Epoch 103/200
======================================================================
📚 开始训练阶段...
训练进度: 500/6065 损失=0.0008
训练进度: 1000/6065 损失=0.0417
训练进度: 1500/6065 损失=0.0122
训练进度: 2000/6065 损失=0.0051
训练进度: 2500/6065 损失=0.0058
训练进度: 3000/6065 损失=0.0018
训练进度: 3500/6065 损失=0.0028
训练进度: 4000/6065 损失=0.0113
训练进度: 4500/6065 损失=0.0046
训练进度: 5000/6065 损失=0.0053
训练进度: 5500/6065 损失=0.0030
训练进度: 6000/6065 损失=0.0076
训练进度: 6065/6065 损失=0.0021
✅ 训练完成，耗时: 109.0秒 (1.8分钟)

============================================================
📊 验证决策: Epoch 103/200
   验证间隔: 1
   是否验证: ✅ 是
   原因: 达到验证间隔 (0 == 0)
============================================================

🔍 开始验证...
验证进度: 500/686 损失=0.3063
验证进度: 686/686 损失=0.8265

📊 预测分布分析:
  - 预测的前5个类别: {np.int64(0): 282958, np.int64(1): 37055, np.int64(2): 14755, np.int64(3): 10897, np.int64(4): 9017}
  - 标签的前5个类别: {np.int64(0): 281232, np.int64(1): 36731, np.int64(2): 14789, np.int64(3): 10866, np.int64(4): 8585}
✅ 验证完成，耗时: 4.8秒 (0.1分钟)
训练损失: 0.0106
验证损失: 0.4549
验证准确率: 0.9688 (10621/10964) - 与Levenshtein高度相关
验证F1(加权): 0.9680 - 类别平衡更好
学习率: 0.000048
显存使用: 0.48GB (预留: 0.67GB)

生成的训练样本:
--------------------------------------------------------------------------------
输入:       WMWTN> WCWQP> WJRQN> WQMY> WZXL> KD NHW>
目标:     0 1 0 0 0 4 0 0 1 0 0 0 4 0 0 1 0 0 0 4 0 0 1 0 0 4 0 0 1 0 0 4 0 0 0 0 0 6 0 10 3
预测:     0 1 0 0 0 4 0 0 1 0 0 0 4 0 0 1 0 0 0 4 0 0 1 0 0 4 0 0 1 0 0 4 0 0 0 0 0 6 0 10 3
准确率:    1.0000 (41/41)
----------------------------------------
输入:       JWMJ XJWHJ WBCRWTH CRWT> >MJN>JT MTJHB> HWT
目标:     0 0 0 2 0 0 0 25 1 0 0 0 1 1 0 0 2 1 0 0 0 0 2 9 0 0 0 0 0 0 0 0 0 0 21 14 0 0 7 0 0 0 18 26
预测:     0 0 0 2 0 0 0 25 1 0 0 0 1 1 0 0 2 1 0 0 0 0 2 9 0 0 0 0 0 0 0 0 0 0 21 14 0 0 7 0 0 0 18 26
准确率:    1.0000 (44/44)
----------------------------------------
输入:       BPWM V<NH KSPN BMTQLH >HPKNJHJ B>JDN WKSP>
目标:     0 1 0 0 2 0 0 0 5 0 0 0 0 5 0 0 1 0 0 0 5 0 0 17 0 0 3 35 0 0 0 0 35 0 0 5 0 0 1 0 0 4 0
预测:     0 1 0 0 2 0 0 0 5 0 0 0 0 5 0 0 1 0 0 0 5 0 0 17 0 0 3 35 0 0 0 0 35 0 0 5 0 0 1 0 0 4 0
准确率:    1.0000 (43/43)
----------------------------------------

生成的验证样本:
--------------------------------------------------------------------------------
输入:       LTCBWXT> MNW HN> D>CKX LMV<> WL> V<>
目标:     0 1 0 0 8 0 13 9 0 0 0 71 0 0 0 0 0 0 35 0 0 0 3 0 1 6 0 10 7 0 1 0 0 0 0 10 3
预测:     0 1 0 0 8 0 13 9 0 0 0 71 0 0 0 0 0 0 1 17 0 0 3 0 1 6 0 10 7 0 1 0 0 0 0 10 7
准确率:    0.9189 (34/37)
----------------------------------------
输入:       MNW HN> D>CKX LMV<> WL> V<> WLMB>CW
目标:     0 0 71 0 0 0 0 0 0 35 0 0 0 3 0 1 6 0 10 7 0 1 0 0 0 0 10 3 0 1 1 28 0 0 7 0
预测:     0 0 71 0 0 0 0 0 0 1 17 0 0 3 0 1 6 0 10 7 0 1 0 0 0 0 10 7 0 1 1 28 0 0 7 0
准确率:    0.9167 (33/36)
----------------------------------------
⏳ 验证无提升 (验证准确率: 0.9688 ≤ 0.9689)，patience: 1/50

======================================================================
🚀 Epoch 104/200
======================================================================
📚 开始训练阶段...
训练进度: 500/6065 损失=0.0288
训练进度: 1000/6065 损失=0.0260
训练进度: 1500/6065 损失=0.0022
训练进度: 2000/6065 损失=0.0176
训练进度: 2500/6065 损失=0.0015
训练进度: 3000/6065 损失=0.0012
训练进度: 3500/6065 损失=0.0117
训练进度: 4000/6065 损失=0.0195
训练进度: 4500/6065 损失=0.0074
训练进度: 5000/6065 损失=0.0035
训练进度: 5500/6065 损失=0.0038
训练进度: 6000/6065 损失=0.0152
训练进度: 6065/6065 损失=0.0099
✅ 训练完成，耗时: 108.5秒 (1.8分钟)

============================================================
📊 验证决策: Epoch 104/200
   验证间隔: 1
   是否验证: ✅ 是
   原因: 达到验证间隔 (0 == 0)
============================================================

🔍 开始验证...
验证进度: 500/686 损失=0.2290
验证进度: 686/686 损失=0.9075

📊 预测分布分析:
  - 预测的前5个类别: {np.int64(0): 282801, np.int64(1): 37037, np.int64(2): 14721, np.int64(3): 10868, np.int64(4): 9037}
  - 标签的前5个类别: {np.int64(0): 281232, np.int64(1): 36731, np.int64(2): 14789, np.int64(3): 10866, np.int64(4): 8585}
✅ 验证完成，耗时: 4.8秒 (0.1分钟)
训练损失: 0.0104
验证损失: 0.4523
验证准确率: 0.9686 (10619/10964) - 与Levenshtein高度相关
验证F1(加权): 0.9678 - 类别平衡更好
学习率: 0.000048
显存使用: 0.48GB (预留: 0.67GB)

生成的训练样本:
--------------------------------------------------------------------------------
输入:       XKJM WSKWLTN DXJL BQRJT> GBR> PKN> WDNSB
目标:     0 0 0 0 2 0 1 0 0 0 0 0 2 0 0 8 0 209 0 1 0 0 22 9 0 0 0 0 4 0 0 0 0 4 0 0 1 1 0 0 7
预测:     0 0 0 0 2 0 1 0 0 0 0 0 2 0 0 8 0 209 0 1 0 0 22 9 0 0 0 0 4 0 0 0 0 4 0 0 1 1 0 0 7
准确率:    1.0000 (41/41)
----------------------------------------
输入:       MMLLJN HWJTWN CM<T GJR QLKWN MN LBR
目标:     0 6 0 0 7 0 19 0 0 0 3 0 0 0 0 0 0 3 0 0 0 0 0 0 0 5 0 0 0 0 0 0 0 1 0 22
预测:     0 6 0 0 7 0 19 0 0 0 3 0 0 0 0 0 0 3 0 0 0 0 0 0 0 5 0 0 0 0 0 0 0 1 0 22
准确率:    1.0000 (36/36)
----------------------------------------
输入:       GBR L>XWHJ CRJR>JT XJBJNN <L >XWN DXZJN
目标:     0 0 0 2 0 1 0 8 5 0 0 0 0 0 0 0 0 0 0 0 20 0 7 87 0 0 0 0 0 0 0 8 5 0 0 1 0 0 3 0
预测:     0 0 0 2 0 1 0 8 5 0 0 0 0 0 0 0 0 0 0 0 20 0 7 87 0 0 0 0 0 0 0 8 5 0 0 1 0 0 3 0
准确率:    1.0000 (40/40)
----------------------------------------

生成的验证样本:
--------------------------------------------------------------------------------
输入:       LTCBWXT> MNW HN> D>CKX LMV<> WL> V<>
目标:     0 1 0 0 8 0 13 9 0 0 0 71 0 0 0 0 0 0 35 0 0 0 3 0 1 6 0 10 7 0 1 0 0 0 0 10 3
预测:     0 1 0 0 8 0 13 9 0 0 0 71 0 0 0 0 0 0 1 17 0 0 3 0 1 6 0 10 7 0 1 0 0 0 0 10 7
准确率:    0.9189 (34/37)
----------------------------------------
输入:       MNW HN> D>CKX LMV<> WL> V<> WLMB>CW
目标:     0 0 71 0 0 0 0 0 0 35 0 0 0 3 0 1 6 0 10 7 0 1 0 0 0 0 10 3 0 1 1 28 0 0 7 0
预测:     0 0 71 0 0 0 0 0 0 1 17 0 0 3 0 1 6 0 10 7 0 1 0 0 0 0 10 7 0 1 1 28 0 0 7 0
准确率:    0.9167 (33/36)
----------------------------------------
⏳ 验证无提升 (验证准确率: 0.9686 ≤ 0.9689)，patience: 2/50

======================================================================
🚀 Epoch 105/200
======================================================================
📚 开始训练阶段...
训练进度: 500/6065 损失=0.0143
训练进度: 1000/6065 损失=0.0193
训练进度: 1500/6065 损失=0.0143
训练进度: 2000/6065 损失=0.0135
训练进度: 2500/6065 损失=0.0090
训练进度: 3000/6065 损失=0.0208
训练进度: 3500/6065 损失=0.0092
训练进度: 4000/6065 损失=0.0099
训练进度: 4500/6065 损失=0.0100
训练进度: 5000/6065 损失=0.0076
训练进度: 5500/6065 损失=0.0039
训练进度: 6000/6065 损失=0.0034
训练进度: 6065/6065 损失=0.0016
✅ 训练完成，耗时: 108.4秒 (1.8分钟)

============================================================
📊 验证决策: Epoch 105/200
   验证间隔: 1
   是否验证: ✅ 是
   原因: 达到验证间隔 (0 == 0)
============================================================

🔍 开始验证...
验证进度: 500/686 损失=0.1830
验证进度: 686/686 损失=0.8694

📊 预测分布分析:
  - 预测的前5个类别: {np.int64(0): 282767, np.int64(1): 37051, np.int64(2): 14784, np.int64(3): 10905, np.int64(4): 8985}
  - 标签的前5个类别: {np.int64(0): 281232, np.int64(1): 36731, np.int64(2): 14789, np.int64(3): 10866, np.int64(4): 8585}
✅ 验证完成，耗时: 4.8秒 (0.1分钟)
训练损失: 0.0102
验证损失: 0.4624
验证准确率: 0.9684 (10617/10964) - 与Levenshtein高度相关
验证F1(加权): 0.9676 - 类别平衡更好
学习率: 0.000047
显存使用: 0.48GB (预留: 0.67GB)

生成的训练样本:
--------------------------------------------------------------------------------
输入:       >CKXT RXM> B<JNJ HC> >N >CKXT RXM>
目标:     0 17 0 0 3 12 0 0 0 30 0 0 1 0 0 5 0 0 0 4 0 0 0 0 0 17 0 0 3 0 0 0 0 30 0
预测:     0 17 0 0 3 0 0 0 0 30 0 0 1 0 0 5 0 0 0 4 0 0 0 0 0 17 0 0 3 0 0 0 0 30 0
准确率:    0.9714 (34/35)
----------------------------------------
输入:       WXGJ WCWNJ W>YB<WN W<DJ W>RWD W>DRJ WBNJ
目标:     0 1 0 0 2 0 1 0 0 0 2 0 1 0 0 0 0 0 2 0 1 0 0 22 0 1 0 0 0 2 0 1 0 0 0 2 0 1 0 2 0
预测:     0 1 0 0 2 0 1 0 0 0 2 0 1 0 0 0 0 0 2 0 1 0 0 22 0 1 0 0 0 2 0 1 0 0 0 2 0 1 0 2 0
准确率:    1.0000 (41/41)
----------------------------------------
输入:       CM< >NWN >JK D>MR MRJ> LMWC> W>MR
目标:     0 0 0 3 0 0 0 0 0 0 0 0 0 0 1 0 0 3 0 0 0 0 2 0 1 0 0 0 2 0 1 0 0 3
预测:     0 0 0 3 0 0 0 0 0 0 0 0 0 0 1 0 0 3 0 0 0 0 2 0 1 0 0 0 2 0 1 0 0 3
准确率:    1.0000 (34/34)
----------------------------------------

生成的验证样本:
--------------------------------------------------------------------------------
输入:       LTCBWXT> MNW HN> D>CKX LMV<> WL> V<>
目标:     0 1 0 0 8 0 13 9 0 0 0 71 0 0 0 0 0 0 35 0 0 0 3 0 1 6 0 10 7 0 1 0 0 0 0 10 3
预测:     0 1 0 0 8 0 13 9 0 0 0 71 0 0 0 0 0 0 1 17 0 0 3 0 1 6 0 10 7 0 1 0 0 0 0 10 7
准确率:    0.9189 (34/37)
----------------------------------------
输入:       MNW HN> D>CKX LMV<> WL> V<> WLMB>CW
目标:     0 0 71 0 0 0 0 0 0 35 0 0 0 3 0 1 6 0 10 7 0 1 0 0 0 0 10 3 0 1 1 28 0 0 7 0
预测:     0 0 71 0 0 0 0 0 0 1 17 0 0 3 0 1 6 0 10 7 0 1 0 0 0 0 10 7 0 1 1 28 0 0 7 0
准确率:    0.9167 (33/36)
----------------------------------------
⏳ 验证无提升 (验证准确率: 0.9684 ≤ 0.9689)，patience: 3/50

======================================================================
🚀 Epoch 106/200
======================================================================
📚 开始训练阶段...
训练进度: 500/6065 损失=0.0140
训练进度: 1000/6065 损失=0.0074
训练进度: 1500/6065 损失=0.0059
训练进度: 2000/6065 损失=0.0040
训练进度: 2500/6065 损失=0.0016
训练进度: 3000/6065 损失=0.0209
训练进度: 3500/6065 损失=0.0086
训练进度: 4000/6065 损失=0.0290
训练进度: 4500/6065 损失=0.0088
训练进度: 5000/6065 损失=0.0127
训练进度: 5500/6065 损失=0.0111
训练进度: 6000/6065 损失=0.0302
训练进度: 6065/6065 损失=0.0126
✅ 训练完成，耗时: 108.2秒 (1.8分钟)

============================================================
📊 验证决策: Epoch 106/200
   验证间隔: 1
   是否验证: ✅ 是
   原因: 达到验证间隔 (0 == 0)
============================================================

🔍 开始验证...
验证进度: 500/686 损失=0.1352
验证进度: 686/686 损失=0.9102

📊 预测分布分析:
  - 预测的前5个类别: {np.int64(0): 283016, np.int64(1): 37030, np.int64(2): 14739, np.int64(3): 10778, np.int64(4): 8980}
  - 标签的前5个类别: {np.int64(0): 281232, np.int64(1): 36731, np.int64(2): 14789, np.int64(3): 10866, np.int64(4): 8585}
✅ 验证完成，耗时: 4.8秒 (0.1分钟)
训练损失: 0.0101
验证损失: 0.4578
验证准确率: 0.9685 (10618/10964) - 与Levenshtein高度相关
验证F1(加权): 0.9678 - 类别平衡更好
学习率: 0.000046
显存使用: 0.48GB (预留: 0.67GB)

生成的训练样本:
--------------------------------------------------------------------------------
输入:       WMRJ> JHB LCLJMWN XKMT> >JK D>MR LH
目标:     0 1 0 0 0 2 0 0 0 3 0 1 0 0 0 0 0 2 0 0 0 13 9 0 0 0 0 0 0 1 0 0 3 0 1 0
预测:     0 1 0 0 0 2 0 0 0 3 0 1 0 0 0 0 0 2 0 0 0 13 9 0 0 0 0 0 0 1 0 0 3 0 1 0
准确率:    1.0000 (36/36)
----------------------------------------
输入:       >XWHJ MVL D>TQRJ CWBQN> LMRJ> WMN NWKRJ>
目标:     0 0 8 5 0 0 0 0 0 0 0 1 0 14 0 0 3 0 0 0 0 0 4 0 0 1 0 0 0 2 0 1 0 0 0 0 0 0 0 4 0
预测:     0 0 8 5 0 0 0 0 0 0 0 1 0 14 0 0 3 0 0 0 0 0 4 0 0 1 0 0 0 2 0 1 0 0 0 0 0 0 0 4 0
准确率:    1.0000 (41/41)
----------------------------------------
输入:       TJMN> WPTWR> TSJM <L SVR> DGRBJ> W<BD
目标:     0 0 0 0 4 0 0 1 0 0 0 4 0 0 6 20 0 3 0 0 0 0 0 0 4 0 0 1 0 0 0 4 0 0 36 0 0 3
预测:     0 0 0 0 4 0 0 1 0 0 0 4 0 0 6 20 0 3 0 0 0 0 0 0 4 0 0 1 0 0 0 4 0 0 36 0 0 3
准确率:    1.0000 (38/38)
----------------------------------------

生成的验证样本:
--------------------------------------------------------------------------------
输入:       LTCBWXT> MNW HN> D>CKX LMV<> WL> V<>
目标:     0 1 0 0 8 0 13 9 0 0 0 71 0 0 0 0 0 0 35 0 0 0 3 0 1 6 0 10 7 0 1 0 0 0 0 10 3
预测:     0 1 0 0 8 0 13 9 0 0 0 71 0 0 0 0 0 0 1 17 0 0 3 0 1 6 0 10 7 0 1 0 0 0 0 10 7
准确率:    0.9189 (34/37)
----------------------------------------
输入:       MNW HN> D>CKX LMV<> WL> V<> WLMB>CW
目标:     0 0 71 0 0 0 0 0 0 35 0 0 0 3 0 1 6 0 10 7 0 1 0 0 0 0 10 3 0 1 1 28 0 0 7 0
预测:     0 0 71 0 0 0 0 0 0 1 17 0 0 3 0 1 6 0 10 7 0 1 0 0 0 0 10 3 0 1 1 28 0 0 7 0
准确率:    0.9444 (34/36)
----------------------------------------
⏳ 验证无提升 (验证准确率: 0.9685 ≤ 0.9689)，patience: 4/50

======================================================================
🚀 Epoch 107/200
======================================================================
📚 开始训练阶段...
训练进度: 500/6065 损失=0.0090
训练进度: 1000/6065 损失=0.0050
训练进度: 1500/6065 损失=0.0080
训练进度: 2000/6065 损失=0.0094
训练进度: 2500/6065 损失=0.0206
训练进度: 3000/6065 损失=0.0098
训练进度: 3500/6065 损失=0.0147
训练进度: 4000/6065 损失=0.0035
训练进度: 4500/6065 损失=0.0018
训练进度: 5000/6065 损失=0.0044
训练进度: 5500/6065 损失=0.0278
训练进度: 6000/6065 损失=0.0134
训练进度: 6065/6065 损失=0.0028
✅ 训练完成，耗时: 108.4秒 (1.8分钟)

============================================================
📊 验证决策: Epoch 107/200
   验证间隔: 1
   是否验证: ✅ 是
   原因: 达到验证间隔 (0 == 0)
============================================================

🔍 开始验证...
验证进度: 500/686 损失=0.1192
验证进度: 686/686 损失=0.7409

📊 预测分布分析:
  - 预测的前5个类别: {np.int64(0): 282872, np.int64(1): 37002, np.int64(2): 14852, np.int64(3): 10926, np.int64(4): 8775}
  - 标签的前5个类别: {np.int64(0): 281232, np.int64(1): 36731, np.int64(2): 14789, np.int64(3): 10866, np.int64(4): 8585}
✅ 验证完成，耗时: 4.8秒 (0.1分钟)
训练损失: 0.0098
验证损失: 0.4618
验证准确率: 0.9686 (10620/10964) - 与Levenshtein高度相关
验证F1(加权): 0.9679 - 类别平衡更好
学习率: 0.000045
显存使用: 0.48GB (预留: 0.67GB)

生成的训练样本:
--------------------------------------------------------------------------------
输入:       NPCH MWT> C>LT DLJM> NXT KD <RQ
目标:     0 0 0 5 0 0 0 0 15 0 0 0 0 3 26 0 1 1 0 4 0 0 0 0 3 0 0 0 0 0 0 7
预测:     0 0 0 5 0 0 0 0 15 0 0 0 0 3 26 0 1 1 0 4 0 0 0 0 3 0 0 0 0 0 0 7
准确率:    1.0000 (32/32)
----------------------------------------
输入:       GB> W>MT> MN GB> >XRN> DJTR B>WRK>
目标:     0 0 4 0 0 1 0 13 9 0 0 0 0 0 0 4 0 0 0 0 38 4 0 0 1 0 0 7 0 1 0 0 0 4 0
预测:     0 0 4 0 0 1 0 13 9 0 0 0 0 0 0 4 0 0 0 0 38 4 0 0 1 0 0 7 0 1 0 0 0 4 0
准确率:    1.0000 (35/35)
----------------------------------------
输入:       XJLTNWT> DHC> HPK> LMXJLWT> WKL <WCN> DHC>
目标:     0 0 0 0 0 0 2 9 0 0 1 0 4 0 0 0 0 7 0 0 1 0 0 0 0 2 9 0 0 1 0 2 0 0 0 0 4 0 0 1 0 4 0
预测:     0 0 0 0 0 0 2 9 0 0 1 0 4 0 0 0 0 7 0 0 1 0 0 0 0 2 9 0 0 1 0 2 0 0 0 0 4 0 0 1 0 4 0
准确率:    1.0000 (43/43)
----------------------------------------

生成的验证样本:
--------------------------------------------------------------------------------
输入:       LTCBWXT> MNW HN> D>CKX LMV<> WL> V<>
目标:     0 1 0 0 8 0 13 9 0 0 0 71 0 0 0 0 0 0 35 0 0 0 3 0 1 6 0 10 7 0 1 0 0 0 0 10 3
预测:     0 1 0 0 8 0 13 9 0 0 0 71 0 0 0 0 0 0 1 17 0 0 3 0 1 6 0 10 7 0 1 0 0 0 0 10 7
准确率:    0.9189 (34/37)
----------------------------------------
输入:       MNW HN> D>CKX LMV<> WL> V<> WLMB>CW
目标:     0 0 71 0 0 0 0 0 0 35 0 0 0 3 0 1 6 0 10 7 0 1 0 0 0 0 10 3 0 1 1 28 0 0 7 0
预测:     0 0 71 0 0 0 0 0 0 1 17 0 0 3 0 1 6 0 10 7 0 1 0 0 0 0 10 3 0 1 1 28 0 0 7 0
准确率:    0.9444 (34/36)
----------------------------------------
⏳ 验证无提升 (验证准确率: 0.9686 ≤ 0.9689)，patience: 5/50

======================================================================
🚀 Epoch 108/200
======================================================================
📚 开始训练阶段...
训练进度: 500/6065 损失=0.0039
训练进度: 1000/6065 损失=0.0025
训练进度: 1500/6065 损失=0.0053
训练进度: 2000/6065 损失=0.0015
训练进度: 2500/6065 损失=0.0015
训练进度: 3000/6065 损失=0.0073
训练进度: 3500/6065 损失=0.0254
训练进度: 4000/6065 损失=0.0032
训练进度: 4500/6065 损失=0.0064
训练进度: 5000/6065 损失=0.0017
训练进度: 5500/6065 损失=0.0052
训练进度: 6000/6065 损失=0.0151
训练进度: 6065/6065 损失=0.0019
✅ 训练完成，耗时: 108.3秒 (1.8分钟)

============================================================
📊 验证决策: Epoch 108/200
   验证间隔: 1
   是否验证: ✅ 是
   原因: 达到验证间隔 (0 == 0)
============================================================

🔍 开始验证...
验证进度: 500/686 损失=0.2315
验证进度: 686/686 损失=0.9721

📊 预测分布分析:
  - 预测的前5个类别: {np.int64(0): 282673, np.int64(1): 36977, np.int64(2): 14758, np.int64(3): 10820, np.int64(4): 9040}
  - 标签的前5个类别: {np.int64(0): 281232, np.int64(1): 36731, np.int64(2): 14789, np.int64(3): 10866, np.int64(4): 8585}
✅ 验证完成，耗时: 4.9秒 (0.1分钟)
训练损失: 0.0094
验证损失: 0.4628
验证准确率: 0.9686 (10619/10964) - 与Levenshtein高度相关
验证F1(加权): 0.9679 - 类别平衡更好
学习率: 0.000044
显存使用: 0.48GB (预留: 0.67GB)

生成的训练样本:
--------------------------------------------------------------------------------
输入:       <MRJ W<CN <M> DBTR <MRJ MN <M>
目标:     0 0 0 0 2 0 1 0 0 3 0 0 15 0 0 1 0 0 0 0 0 0 0 2 0 0 0 0 0 15 0
预测:     0 0 0 0 2 0 1 0 0 3 0 0 15 0 0 1 0 0 0 0 0 0 0 2 0 0 0 0 0 15 0
准确率:    1.0000 (31/31)
----------------------------------------
输入:       LMRJ >P XNN >P MN D>CTKX >SQP>
目标:     0 1 0 56 0 0 0 0 0 0 0 0 0 0 0 0 0 12 0 1 47 39 0 0 3 0 0 0 0 4 0
预测:     0 1 0 56 0 0 0 0 0 0 0 0 0 0 0 0 0 12 0 1 47 39 0 0 3 0 0 0 0 4 0
准确率:    1.0000 (31/31)
----------------------------------------
输入:       BLBH DL> TB< XZ> >NT D>JT <WL>
目标:     0 1 0 5 0 0 1 0 0 0 0 0 7 0 0 10 7 0 0 0 0 0 1 0 0 24 0 0 0 15 0
预测:     0 1 0 5 0 0 1 0 0 0 0 0 7 0 0 10 7 0 0 0 0 0 1 0 0 24 0 0 0 15 0
准确率:    1.0000 (31/31)
----------------------------------------

生成的验证样本:
--------------------------------------------------------------------------------
输入:       LTCBWXT> MNW HN> D>CKX LMV<> WL> V<>
目标:     0 1 0 0 8 0 13 9 0 0 0 71 0 0 0 0 0 0 35 0 0 0 3 0 1 6 0 10 7 0 1 0 0 0 0 10 3
预测:     0 1 0 0 8 0 13 9 0 0 0 71 0 0 0 0 0 0 1 17 0 0 3 0 1 6 0 10 7 0 1 0 0 0 0 10 7
准确率:    0.9189 (34/37)
----------------------------------------
输入:       MNW HN> D>CKX LMV<> WL> V<> WLMB>CW
目标:     0 0 71 0 0 0 0 0 0 35 0 0 0 3 0 1 6 0 10 7 0 1 0 0 0 0 10 3 0 1 1 28 0 0 7 0
预测:     0 0 71 0 0 0 0 0 0 1 17 0 0 3 0 1 6 0 10 7 0 1 0 0 0 0 10 3 0 1 1 28 0 0 7 0
准确率:    0.9444 (34/36)
----------------------------------------
⏳ 验证无提升 (验证准确率: 0.9686 ≤ 0.9689)，patience: 6/50

======================================================================
🚀 Epoch 109/200
======================================================================
📚 开始训练阶段...
训练进度: 500/6065 损失=0.0229
训练进度: 1000/6065 损失=0.0086
训练进度: 1500/6065 损失=0.0034
训练进度: 2000/6065 损失=0.0026
训练进度: 2500/6065 损失=0.0188
训练进度: 3000/6065 损失=0.0248
训练进度: 3500/6065 损失=0.0116
训练进度: 4000/6065 损失=0.0125
训练进度: 4500/6065 损失=0.0023
训练进度: 5000/6065 损失=0.0137
训练进度: 5500/6065 损失=0.0019
训练进度: 6000/6065 损失=0.0031
训练进度: 6065/6065 损失=0.0065
✅ 训练完成，耗时: 108.6秒 (1.8分钟)

============================================================
📊 验证决策: Epoch 109/200
   验证间隔: 1
   是否验证: ✅ 是
   原因: 达到验证间隔 (0 == 0)
============================================================

🔍 开始验证...
验证进度: 500/686 损失=0.1395
验证进度: 686/686 损失=0.9531

📊 预测分布分析:
  - 预测的前5个类别: {np.int64(0): 283009, np.int64(1): 36942, np.int64(2): 14792, np.int64(3): 10772, np.int64(4): 8829}
  - 标签的前5个类别: {np.int64(0): 281232, np.int64(1): 36731, np.int64(2): 14789, np.int64(3): 10866, np.int64(4): 8585}
✅ 验证完成，耗时: 4.9秒 (0.1分钟)
训练损失: 0.0094
验证损失: 0.4647
验证准确率: 0.9687 (10620/10964) - 与Levenshtein高度相关
验证F1(加权): 0.9679 - 类别平衡更好
学习率: 0.000044
显存使用: 0.47GB (预留: 0.67GB)

生成的训练样本:
--------------------------------------------------------------------------------
输入:       SVRWHJ HBJHJ TXJT CPWLWHJ DMDBX> MN LTXT
目标:     0 0 0 25 1 0 0 52 0 48 1 0 0 0 0 8 0 0 0 0 0 0 25 1 0 0 0 1 0 0 0 4 0 0 0 0 0 1 0 0 0
预测:     0 0 0 25 1 0 0 52 0 48 1 0 0 0 0 8 0 0 0 0 0 0 25 1 0 0 0 1 0 0 0 4 0 0 0 0 0 1 0 0 0
准确率:    1.0000 (41/41)
----------------------------------------
输入:       WHW SLQ B>WRX> WVLJ> DQDQ> NPQW MN
目标:     0 1 0 0 0 0 0 7 0 1 0 0 0 4 0 0 1 0 13 9 0 0 0 0 0 11 0 0 0 0 3 0 0 0 0
预测:     0 1 0 0 0 0 0 7 0 1 0 0 0 4 0 0 1 0 13 9 0 0 0 0 0 11 0 0 0 0 3 0 0 0 0
准确率:    1.0000 (35/35)
----------------------------------------
输入:       <QBT> DG>WTN> <QR MRJ> W>WBD MN >R<>
目标:     0 0 0 22 23 0 0 1 0 0 0 0 11 0 0 0 0 3 0 0 0 0 2 0 1 59 0 0 3 0 0 0 0 0 0 4 0
预测:     0 0 0 22 23 0 0 1 0 0 0 0 11 0 0 0 0 3 0 0 0 0 2 0 1 59 0 0 3 0 0 0 0 0 0 4 0
准确率:    1.0000 (37/37)
----------------------------------------

生成的验证样本:
--------------------------------------------------------------------------------
输入:       LTCBWXT> MNW HN> D>CKX LMV<> WL> V<>
目标:     0 1 0 0 8 0 13 9 0 0 0 71 0 0 0 0 0 0 35 0 0 0 3 0 1 6 0 10 7 0 1 0 0 0 0 10 3
预测:     0 1 0 0 8 0 13 9 0 0 0 71 0 0 0 0 0 0 1 17 0 0 3 0 1 6 0 10 7 0 1 0 0 0 0 10 7
准确率:    0.9189 (34/37)
----------------------------------------
输入:       MNW HN> D>CKX LMV<> WL> V<> WLMB>CW
目标:     0 0 71 0 0 0 0 0 0 35 0 0 0 3 0 1 6 0 10 7 0 1 0 0 0 0 10 3 0 1 1 28 0 0 7 0
预测:     0 0 71 0 0 0 0 0 0 1 17 0 0 3 0 1 6 0 10 7 0 1 0 0 0 0 10 3 0 1 1 28 0 0 7 0
准确率:    0.9444 (34/36)
----------------------------------------
⏳ 验证无提升 (验证准确率: 0.9687 ≤ 0.9689)，patience: 7/50

======================================================================
🚀 Epoch 110/200
======================================================================
📚 开始训练阶段...
训练进度: 500/6065 损失=0.0052
训练进度: 1000/6065 损失=0.0056
训练进度: 1500/6065 损失=0.0054
训练进度: 2000/6065 损失=0.0257
训练进度: 2500/6065 损失=0.0064
训练进度: 3000/6065 损失=0.0114
训练进度: 3500/6065 损失=0.0005
训练进度: 4000/6065 损失=0.0093
训练进度: 4500/6065 损失=0.0136
训练进度: 5000/6065 损失=0.0263
训练进度: 5500/6065 损失=0.0202
训练进度: 6000/6065 损失=0.0074
训练进度: 6065/6065 损失=0.0117
✅ 训练完成，耗时: 108.2秒 (1.8分钟)

============================================================
📊 验证决策: Epoch 110/200
   验证间隔: 1
   是否验证: ✅ 是
   原因: 达到验证间隔 (0 == 0)
============================================================

🔍 开始验证...
验证进度: 500/686 损失=0.1771
验证进度: 686/686 损失=0.9418

📊 预测分布分析:
  - 预测的前5个类别: {np.int64(0): 282631, np.int64(1): 37003, np.int64(2): 14767, np.int64(3): 10816, np.int64(4): 8855}
  - 标签的前5个类别: {np.int64(0): 281232, np.int64(1): 36731, np.int64(2): 14789, np.int64(3): 10866, np.int64(4): 8585}
✅ 验证完成，耗时: 4.8秒 (0.1分钟)
训练损失: 0.0091
验证损失: 0.4700
验证准确率: 0.9685 (10618/10964) - 与Levenshtein高度相关
验证F1(加权): 0.9678 - 类别平衡更好
学习率: 0.000043
显存使用: 0.48GB (预留: 0.67GB)

生成的训练样本:
--------------------------------------------------------------------------------
输入:       L> XD QMY> BKLH TXWM> DMYRJ> WQCJ
目标:     0 0 0 0 0 2 0 0 0 4 0 0 1 0 5 0 0 0 0 0 4 0 0 1 0 0 0 11 0 0 1 0 0 16
预测:     0 0 0 0 0 2 0 0 0 4 0 0 1 0 5 0 0 0 0 0 4 0 0 1 0 0 0 11 0 0 1 0 0 16
准确率:    1.0000 (34/34)
----------------------------------------
输入:       QDMJK L> >XRWB >NWN MN QDMJK BCNT>
目标:     0 0 0 2 1 0 0 0 0 0 6 0 8 0 3 0 0 0 0 0 0 0 0 0 0 0 2 1 0 0 1 0 13 9 0
预测:     0 0 0 2 1 0 0 0 0 0 6 0 8 0 3 0 0 0 0 0 0 0 0 0 0 0 2 1 0 0 1 0 13 9 0
准确率:    1.0000 (35/35)
----------------------------------------
输入:       MSKNWT> M>MRH DMRJ> <LWHJ NV>B WNPYJWHJ MN
目标:     0 0 0 0 0 2 9 0 0 0 0 0 5 0 0 1 0 0 0 2 0 0 8 1 0 0 0 6 0 0 3 0 1 6 0 0 133 0 0 0 0 0 0
预测:     0 0 0 0 0 2 9 0 0 0 0 0 5 0 0 1 0 0 0 2 0 0 8 1 0 0 0 6 0 0 3 0 1 6 0 0 133 0 0 0 0 0 0
准确率:    1.0000 (43/43)
----------------------------------------

生成的验证样本:
--------------------------------------------------------------------------------
输入:       LTCBWXT> MNW HN> D>CKX LMV<> WL> V<>
目标:     0 1 0 0 8 0 13 9 0 0 0 71 0 0 0 0 0 0 35 0 0 0 3 0 1 6 0 10 7 0 1 0 0 0 0 10 3
预测:     0 1 0 0 8 0 13 9 0 0 0 71 0 0 0 0 0 0 1 17 0 0 3 0 1 6 0 10 7 0 1 0 0 0 0 10 7
准确率:    0.9189 (34/37)
----------------------------------------
输入:       MNW HN> D>CKX LMV<> WL> V<> WLMB>CW
目标:     0 0 71 0 0 0 0 0 0 35 0 0 0 3 0 1 6 0 10 7 0 1 0 0 0 0 10 3 0 1 1 28 0 0 7 0
预测:     0 0 71 0 0 0 0 0 0 1 17 0 0 3 0 1 6 0 10 7 0 1 0 0 0 0 10 3 0 1 1 28 0 0 7 0
准确率:    0.9444 (34/36)
----------------------------------------
⏳ 验证无提升 (验证准确率: 0.9685 ≤ 0.9689)，patience: 8/50

======================================================================
🚀 Epoch 111/200
======================================================================
📚 开始训练阶段...
训练进度: 500/6065 损失=0.0003
训练进度: 1000/6065 损失=0.0038
训练进度: 1500/6065 损失=0.0043
训练进度: 2000/6065 损失=0.0008
训练进度: 2500/6065 损失=0.0024
训练进度: 3000/6065 损失=0.0055
训练进度: 3500/6065 损失=0.0111
训练进度: 4000/6065 损失=0.0034
训练进度: 4500/6065 损失=0.0123
训练进度: 5000/6065 损失=0.0225
训练进度: 5500/6065 损失=0.0011
训练进度: 6000/6065 损失=0.0019
训练进度: 6065/6065 损失=0.0016
✅ 训练完成，耗时: 108.5秒 (1.8分钟)

============================================================
📊 验证决策: Epoch 111/200
   验证间隔: 1
   是否验证: ✅ 是
   原因: 达到验证间隔 (0 == 0)
============================================================

🔍 开始验证...
验证进度: 500/686 损失=0.1374
验证进度: 686/686 损失=1.0680

📊 预测分布分析:
  - 预测的前5个类别: {np.int64(0): 282806, np.int64(1): 37027, np.int64(2): 14787, np.int64(3): 10927, np.int64(4): 8947}
  - 标签的前5个类别: {np.int64(0): 281232, np.int64(1): 36731, np.int64(2): 14789, np.int64(3): 10866, np.int64(4): 8585}
✅ 验证完成，耗时: 4.8秒 (0.1分钟)
训练损失: 0.0088
验证损失: 0.4660
验证准确率: 0.9687 (10621/10964) - 与Levenshtein高度相关
验证F1(加权): 0.9681 - 类别平衡更好
学习率: 0.000042
显存使用: 0.48GB (预留: 0.67GB)

生成的训练样本:
--------------------------------------------------------------------------------
输入:       LWTH WHW JTB <L RJC VWR> W>MR
目标:     0 0 0 1 0 0 1 0 0 0 0 0 7 0 0 0 0 0 0 2 0 0 0 4 0 0 1 0 0 3
预测:     0 0 0 1 0 0 1 0 0 0 0 0 7 0 0 0 0 0 0 2 0 0 0 4 0 0 1 0 0 3
准确率:    1.0000 (30/30)
----------------------------------------
输入:       L> GL> >BRHM LBRH D>NT HW >MR>
目标:     0 0 0 0 0 42 27 0 0 0 0 0 2 0 1 0 5 0 0 1 0 0 0 0 0 12 0 0 0 15 0
预测:     0 0 0 0 0 42 27 0 0 0 0 0 2 0 1 0 5 0 0 1 0 0 0 0 0 12 0 0 0 15 0
准确率:    1.0000 (31/31)
----------------------------------------
输入:       L> TTL LH DLM> BHWN NTKTC <MK
目标:     0 0 0 0 34 0 3 0 1 0 0 0 0 0 0 0 1 0 0 0 0 21 14 0 0 16 0 0 1 0
预测:     0 0 0 0 34 0 3 0 1 0 0 0 0 0 0 0 1 0 0 0 0 21 14 0 0 16 0 0 1 0
准确率:    1.0000 (30/30)
----------------------------------------

生成的验证样本:
--------------------------------------------------------------------------------
输入:       LTCBWXT> MNW HN> D>CKX LMV<> WL> V<>
目标:     0 1 0 0 8 0 13 9 0 0 0 71 0 0 0 0 0 0 35 0 0 0 3 0 1 6 0 10 7 0 1 0 0 0 0 10 3
预测:     0 1 0 0 8 0 13 9 0 0 0 71 0 0 0 0 0 0 1 17 0 0 3 0 1 6 0 10 7 0 1 0 0 0 0 10 7
准确率:    0.9189 (34/37)
----------------------------------------
输入:       MNW HN> D>CKX LMV<> WL> V<> WLMB>CW
目标:     0 0 71 0 0 0 0 0 0 35 0 0 0 3 0 1 6 0 10 7 0 1 0 0 0 0 10 3 0 1 1 28 0 0 7 0
预测:     0 0 71 0 0 0 0 0 0 1 17 0 0 3 0 1 6 0 10 7 0 1 0 0 0 0 10 3 0 1 1 28 0 0 7 0
准确率:    0.9444 (34/36)
----------------------------------------
⏳ 验证无提升 (验证准确率: 0.9687 ≤ 0.9689)，patience: 9/50

======================================================================
🚀 Epoch 112/200
======================================================================
📚 开始训练阶段...
训练进度: 500/6065 损失=0.0012
训练进度: 1000/6065 损失=0.0363
训练进度: 1500/6065 损失=0.0071
训练进度: 2000/6065 损失=0.0049
训练进度: 2500/6065 损失=0.0238
训练进度: 3000/6065 损失=0.0009
训练进度: 3500/6065 损失=0.0003
训练进度: 4000/6065 损失=0.0043
训练进度: 4500/6065 损失=0.0034
训练进度: 5000/6065 损失=0.0039
训练进度: 5500/6065 损失=0.0037
训练进度: 6000/6065 损失=0.0047
训练进度: 6065/6065 损失=0.0189
✅ 训练完成，耗时: 109.2秒 (1.8分钟)

============================================================
📊 验证决策: Epoch 112/200
   验证间隔: 1
   是否验证: ✅ 是
   原因: 达到验证间隔 (0 == 0)
============================================================

🔍 开始验证...
验证进度: 500/686 损失=0.2433
验证进度: 686/686 损失=0.8721

📊 预测分布分析:
  - 预测的前5个类别: {np.int64(0): 282851, np.int64(1): 36973, np.int64(2): 14775, np.int64(3): 10840, np.int64(4): 8792}
  - 标签的前5个类别: {np.int64(0): 281232, np.int64(1): 36731, np.int64(2): 14789, np.int64(3): 10866, np.int64(4): 8585}
✅ 验证完成，耗时: 4.9秒 (0.1分钟)
训练损失: 0.0087
验证损失: 0.4677
验证准确率: 0.9687 (10620/10964) - 与Levenshtein高度相关
验证F1(加权): 0.9680 - 类别平衡更好
学习率: 0.000041
显存使用: 0.48GB (预留: 0.67GB)

生成的训练样本:
--------------------------------------------------------------------------------
输入:       >NTT> LJWKBR BRT DDH WJLDT LH L>HRWN
目标:     0 0 0 13 9 0 0 1 0 0 0 0 2 0 0 13 0 0 0 5 0 0 1 0 0 3 26 0 1 0 0 1 0 0 0 0 2
预测:     0 0 0 13 9 0 0 1 0 0 0 0 2 0 0 13 0 0 0 5 0 0 1 0 0 3 26 0 1 0 0 1 0 0 0 0 2
准确率:    1.0000 (37/37)
----------------------------------------
输入:       DN<VR WNWHR> WNWR> WRWX> W>STNJT MN M>
目标:     0 1 6 0 0 3 0 1 0 0 0 4 0 0 1 0 0 4 0 0 1 0 0 4 0 0 35 8 8 8 8 8 12 0 0 0 0 0 0
预测:     0 1 6 0 0 3 0 1 0 0 0 4 0 0 1 0 0 4 0 0 1 0 0 4 0 0 35 8 8 8 8 8 12 0 0 0 0 0 0
准确率:    1.0000 (39/39)
----------------------------------------
输入:       DJWNN W>TVRP WC>L MWT> LNPCH W>MR MV>
目标:     0 1 0 0 0 2 0 1 0 14 0 0 16 0 1 0 0 3 0 0 0 15 0 0 1 0 0 5 0 0 1 0 0 3 0 0 10 7
预测:     0 1 0 0 0 2 0 1 0 14 0 0 16 0 1 0 0 3 0 0 0 15 0 0 1 0 0 5 0 0 1 0 0 3 0 0 10 7
准确率:    1.0000 (38/38)
----------------------------------------

生成的验证样本:
--------------------------------------------------------------------------------
输入:       LTCBWXT> MNW HN> D>CKX LMV<> WL> V<>
目标:     0 1 0 0 8 0 13 9 0 0 0 71 0 0 0 0 0 0 35 0 0 0 3 0 1 6 0 10 7 0 1 0 0 0 0 10 3
预测:     0 1 0 0 8 0 13 9 0 0 0 71 0 0 0 0 0 0 1 17 0 0 3 0 1 6 0 10 7 0 1 0 0 0 0 10 7
准确率:    0.9189 (34/37)
----------------------------------------
输入:       MNW HN> D>CKX LMV<> WL> V<> WLMB>CW
目标:     0 0 71 0 0 0 0 0 0 35 0 0 0 3 0 1 6 0 10 7 0 1 0 0 0 0 10 3 0 1 1 28 0 0 7 0
预测:     0 0 71 0 0 0 0 0 0 1 17 0 0 3 0 1 6 0 10 7 0 1 0 0 0 0 10 3 0 1 1 28 0 0 7 0
准确率:    0.9444 (34/36)
----------------------------------------
⏳ 验证无提升 (验证准确率: 0.9687 ≤ 0.9689)，patience: 10/50

======================================================================
🚀 Epoch 113/200
======================================================================
📚 开始训练阶段...
训练进度: 500/6065 损失=0.0060
训练进度: 1000/6065 损失=0.0066
训练进度: 1500/6065 损失=0.0130
训练进度: 2000/6065 损失=0.0067
训练进度: 2500/6065 损失=0.0157
训练进度: 3000/6065 损失=0.0075
训练进度: 3500/6065 损失=0.0091
训练进度: 4000/6065 损失=0.0057
训练进度: 4500/6065 损失=0.0013
训练进度: 5000/6065 损失=0.0076
训练进度: 5500/6065 损失=0.0093
训练进度: 6000/6065 损失=0.0062
训练进度: 6065/6065 损失=0.0069
✅ 训练完成，耗时: 108.9秒 (1.8分钟)

============================================================
📊 验证决策: Epoch 113/200
   验证间隔: 1
   是否验证: ✅ 是
   原因: 达到验证间隔 (0 == 0)
============================================================

🔍 开始验证...
验证进度: 500/686 损失=0.1934
验证进度: 686/686 损失=0.8380

📊 预测分布分析:
  - 预测的前5个类别: {np.int64(0): 282926, np.int64(1): 36960, np.int64(2): 14741, np.int64(3): 10924, np.int64(4): 8827}
  - 标签的前5个类别: {np.int64(0): 281232, np.int64(1): 36731, np.int64(2): 14789, np.int64(3): 10866, np.int64(4): 8585}
✅ 验证完成，耗时: 4.9秒 (0.1分钟)
训练损失: 0.0084
验证损失: 0.4791
验证准确率: 0.9684 (10617/10964) - 与Levenshtein高度相关
验证F1(加权): 0.9677 - 类别平衡更好
学习率: 0.000041
显存使用: 0.47GB (预留: 0.67GB)

生成的训练样本:
--------------------------------------------------------------------------------
输入:       BRMC> BM<RBJ CMC> >JK ZBN> DNPQT MN
目标:     0 1 0 0 4 0 0 1 0 0 0 2 0 0 0 0 4 0 0 0 0 0 0 0 0 4 0 0 1 0 0 3 12 0 0 0
预测:     0 1 0 0 4 0 0 1 0 0 0 2 0 0 0 0 4 0 0 0 0 0 0 0 0 4 0 0 1 0 0 3 12 0 0 0
准确率:    1.0000 (36/36)
----------------------------------------
输入:       D<WL> >JK KLB> DLKL BJ <>L WXVP
目标:     0 1 0 0 11 0 0 0 0 0 0 0 0 4 0 0 1 1 0 2 0 0 106 0 8 0 83 0 1 0 0 7
预测:     0 1 0 0 11 0 0 0 0 0 0 0 0 4 0 0 1 1 0 2 0 0 106 0 8 0 83 0 1 0 0 7
准确率:    1.0000 (32/32)
----------------------------------------
输入:       >JK TWLDTHWN <BD> D>WMN> K>P> GLJPT> GLP>
目标:     0 0 0 0 0 0 0 0 13 32 0 0 0 0 0 0 55 0 0 1 0 0 0 4 0 0 0 0 11 0 0 0 8 0 7 23 27 0 0 0 30 0
预测:     0 0 0 0 0 0 0 0 13 32 0 0 0 0 0 0 55 0 0 1 0 0 0 4 0 0 0 0 11 0 0 0 8 0 7 23 27 0 0 0 30 0
准确率:    1.0000 (42/42)
----------------------------------------

生成的验证样本:
--------------------------------------------------------------------------------
输入:       LTCBWXT> MNW HN> D>CKX LMV<> WL> V<>
目标:     0 1 0 0 8 0 13 9 0 0 0 71 0 0 0 0 0 0 35 0 0 0 3 0 1 6 0 10 7 0 1 0 0 0 0 10 3
预测:     0 1 0 0 8 0 13 9 0 0 0 71 0 0 0 0 0 0 1 17 0 0 3 0 1 6 0 10 7 0 1 0 0 0 0 10 7
准确率:    0.9189 (34/37)
----------------------------------------
输入:       MNW HN> D>CKX LMV<> WL> V<> WLMB>CW
目标:     0 0 71 0 0 0 0 0 0 35 0 0 0 3 0 1 6 0 10 7 0 1 0 0 0 0 10 3 0 1 1 28 0 0 7 0
预测:     0 0 71 0 0 0 0 0 0 1 17 0 0 3 0 1 6 0 10 7 0 1 0 0 0 0 10 3 0 1 1 28 0 0 7 0
准确率:    0.9444 (34/36)
----------------------------------------
⏳ 验证无提升 (验证准确率: 0.9684 ≤ 0.9689)，patience: 11/50

======================================================================
🚀 Epoch 114/200
======================================================================
📚 开始训练阶段...
训练进度: 500/6065 损失=0.0011
训练进度: 1000/6065 损失=0.0039
训练进度: 1500/6065 损失=0.0100
训练进度: 2000/6065 损失=0.0057
训练进度: 2500/6065 损失=0.0066
训练进度: 3000/6065 损失=0.0178
训练进度: 3500/6065 损失=0.0123
训练进度: 4000/6065 损失=0.0093
训练进度: 4500/6065 损失=0.0016
训练进度: 5000/6065 损失=0.0009
训练进度: 5500/6065 损失=0.0013
训练进度: 6000/6065 损失=0.0205
训练进度: 6065/6065 损失=0.0003
✅ 训练完成，耗时: 108.4秒 (1.8分钟)

============================================================
📊 验证决策: Epoch 114/200
   验证间隔: 1
   是否验证: ✅ 是
   原因: 达到验证间隔 (0 == 0)
============================================================

🔍 开始验证...
验证进度: 500/686 损失=0.1640
验证进度: 686/686 损失=0.8382

📊 预测分布分析:
  - 预测的前5个类别: {np.int64(0): 282781, np.int64(1): 37004, np.int64(2): 14763, np.int64(3): 10683, np.int64(4): 8868}
  - 标签的前5个类别: {np.int64(0): 281232, np.int64(1): 36731, np.int64(2): 14789, np.int64(3): 10866, np.int64(4): 8585}
✅ 验证完成，耗时: 4.8秒 (0.1分钟)
训练损失: 0.0083
验证损失: 0.4804
验证准确率: 0.9686 (10619/10964) - 与Levenshtein高度相关
验证F1(加权): 0.9679 - 类别平衡更好
学习率: 0.000040
显存使用: 0.48GB (预留: 0.67GB)

生成的训练样本:
--------------------------------------------------------------------------------
输入:       XD LTRTJN YJRTH WTRJN SMKJN TXJT DP>
目标:     0 0 2 0 1 0 2 0 0 0 0 0 0 2 32 0 0 1 0 2 0 12 0 0 0 22 0 0 0 0 8 0 0 0 0 4 0
预测:     0 0 2 0 1 0 2 0 0 0 0 0 0 2 32 0 0 1 0 2 0 12 0 0 0 22 0 0 0 0 8 0 0 0 0 4 0
准确率:    1.0000 (37/37)
----------------------------------------
输入:       MLK> D>DM> WCM>JR MLK> DYBW>JM WMLK> DBL<
目标:     0 0 0 4 0 0 1 0 0 0 22 0 1 0 0 0 0 2 0 0 0 4 0 0 1 0 0 0 0 0 2 0 1 0 0 4 0 0 1 0 0 62
预测:     0 0 0 4 0 0 1 0 0 0 22 0 1 0 0 0 0 2 0 0 0 4 0 0 1 0 0 0 0 0 2 0 1 0 0 4 0 0 1 0 0 62
准确率:    1.0000 (42/42)
----------------------------------------
输入:       >N >CKXT RXM> B<JNJK SB QWRBNJ MN
目标:     0 0 0 0 17 0 0 3 0 0 0 0 30 0 0 1 0 0 2 1 0 34 0 3 0 0 0 0 0 5 0 0 0 0
预测:     0 0 0 0 17 0 0 3 0 0 0 0 30 0 0 1 0 0 2 1 0 34 0 3 0 0 0 0 0 5 0 0 0 0
准确率:    1.0000 (34/34)
----------------------------------------

生成的验证样本:
--------------------------------------------------------------------------------
输入:       LTCBWXT> MNW HN> D>CKX LMV<> WL> V<>
目标:     0 1 0 0 8 0 13 9 0 0 0 71 0 0 0 0 0 0 35 0 0 0 3 0 1 6 0 10 7 0 1 0 0 0 0 10 3
预测:     0 1 0 0 8 0 13 9 0 0 0 71 0 0 0 0 0 0 1 17 0 0 3 0 1 6 0 10 7 0 1 0 0 0 0 10 7
准确率:    0.9189 (34/37)
----------------------------------------
输入:       MNW HN> D>CKX LMV<> WL> V<> WLMB>CW
目标:     0 0 71 0 0 0 0 0 0 35 0 0 0 3 0 1 6 0 10 7 0 1 0 0 0 0 10 3 0 1 1 28 0 0 7 0
预测:     0 0 71 0 0 0 0 0 0 1 17 0 0 3 0 1 6 0 10 7 0 1 0 0 0 0 10 7 0 1 1 28 0 0 7 0
准确率:    0.9167 (33/36)
----------------------------------------
⏳ 验证无提升 (验证准确率: 0.9686 ≤ 0.9689)，patience: 12/50

======================================================================
🚀 Epoch 115/200
======================================================================
📚 开始训练阶段...
训练进度: 500/6065 损失=0.0033
训练进度: 1000/6065 损失=0.0106
训练进度: 1500/6065 损失=0.0006
训练进度: 2000/6065 损失=0.0267
训练进度: 2500/6065 损失=0.0005
训练进度: 3000/6065 损失=0.0095
训练进度: 3500/6065 损失=0.0098
训练进度: 4000/6065 损失=0.0102
训练进度: 4500/6065 损失=0.0058
训练进度: 5000/6065 损失=0.0051
训练进度: 5500/6065 损失=0.0166
训练进度: 6000/6065 损失=0.0009
训练进度: 6065/6065 损失=0.0039
✅ 训练完成，耗时: 108.1秒 (1.8分钟)

============================================================
📊 验证决策: Epoch 115/200
   验证间隔: 1
   是否验证: ✅ 是
   原因: 达到验证间隔 (0 == 0)
============================================================

🔍 开始验证...
验证进度: 500/686 损失=0.1282
验证进度: 686/686 损失=0.7762

📊 预测分布分析:
  - 预测的前5个类别: {np.int64(0): 282632, np.int64(1): 36983, np.int64(2): 14710, np.int64(3): 10939, np.int64(4): 8879}
  - 标签的前5个类别: {np.int64(0): 281232, np.int64(1): 36731, np.int64(2): 14789, np.int64(3): 10866, np.int64(4): 8585}
✅ 验证完成，耗时: 4.8秒 (0.1分钟)
训练损失: 0.0079
验证损失: 0.4814
验证准确率: 0.9686 (10619/10964) - 与Levenshtein高度相关
验证F1(加权): 0.9679 - 类别平衡更好
学习率: 0.000039
显存使用: 0.48GB (预留: 0.67GB)

生成的训练样本:
--------------------------------------------------------------------------------
输入:       <MKWN L> TV<WN WL> TDXLWN L>LH> D<MM>
目标:     0 0 1 0 0 0 0 0 0 0 6 0 18 0 0 0 1 0 0 0 6 0 0 3 0 0 0 1 0 0 11 0 0 1 0 8 30 0
预测:     0 0 1 0 0 0 0 0 0 0 6 0 18 0 0 0 1 0 0 0 6 0 0 3 0 0 0 1 0 0 11 0 0 1 0 8 30 0
准确率:    1.0000 (38/38)
----------------------------------------
输入:       SRJQWT> MMLLJN GBR> <M XBRH BSPWT> MPLGT>
目标:     0 0 0 0 0 2 9 0 0 6 0 0 7 0 19 0 0 0 4 0 0 0 0 0 0 0 5 0 0 1 0 57 2 23 0 0 6 0 0 7 23 78
预测:     0 0 0 0 0 2 9 0 0 6 0 0 7 0 19 0 0 0 4 0 0 0 0 0 0 0 5 0 0 1 0 57 2 23 0 0 6 0 0 7 23 78
准确率:    1.0000 (42/42)
----------------------------------------
输入:       L> TTPN> LBSTRK WL> TQWM BKLH PQ<T>
目标:     0 0 0 0 21 14 0 10 3 0 1 0 0 0 5 0 0 1 0 0 0 6 0 0 3 0 1 0 5 12 0 0 0 13 9 0
预测:     0 0 0 0 21 14 0 10 3 0 1 0 0 0 5 0 0 1 0 0 0 6 0 0 3 0 1 0 5 12 0 0 0 13 9 0
准确率:    1.0000 (36/36)
----------------------------------------

生成的验证样本:
--------------------------------------------------------------------------------
输入:       LTCBWXT> MNW HN> D>CKX LMV<> WL> V<>
目标:     0 1 0 0 8 0 13 9 0 0 0 71 0 0 0 0 0 0 35 0 0 0 3 0 1 6 0 10 7 0 1 0 0 0 0 10 3
预测:     0 1 0 0 8 0 13 9 0 0 0 71 0 0 0 0 0 0 1 17 0 0 3 0 1 6 0 10 7 0 1 0 0 0 0 10 7
准确率:    0.9189 (34/37)
----------------------------------------
输入:       MNW HN> D>CKX LMV<> WL> V<> WLMB>CW
目标:     0 0 71 0 0 0 0 0 0 35 0 0 0 3 0 1 6 0 10 7 0 1 0 0 0 0 10 3 0 1 1 28 0 0 7 0
预测:     0 0 71 0 0 0 0 0 0 1 17 0 0 3 0 1 6 0 10 7 0 1 0 0 0 0 10 3 0 1 1 28 0 0 7 0
准确率:    0.9444 (34/36)
----------------------------------------
⏳ 验证无提升 (验证准确率: 0.9686 ≤ 0.9689)，patience: 13/50

======================================================================
🚀 Epoch 116/200
======================================================================
📚 开始训练阶段...
训练进度: 500/6065 损失=0.0121
训练进度: 1000/6065 损失=0.0041
训练进度: 1500/6065 损失=0.0081
训练进度: 2000/6065 损失=0.0066
训练进度: 2500/6065 损失=0.0005
训练进度: 3000/6065 损失=0.0006
训练进度: 3500/6065 损失=0.0007
训练进度: 4000/6065 损失=0.0051
训练进度: 4500/6065 损失=0.0013
训练进度: 5000/6065 损失=0.0092
训练进度: 5500/6065 损失=0.0203
训练进度: 6000/6065 损失=0.0104
训练进度: 6065/6065 损失=0.0033
✅ 训练完成，耗时: 108.4秒 (1.8分钟)

============================================================
📊 验证决策: Epoch 116/200
   验证间隔: 1
   是否验证: ✅ 是
   原因: 达到验证间隔 (0 == 0)
============================================================

🔍 开始验证...
验证进度: 500/686 损失=0.2442
验证进度: 686/686 损失=0.8571

📊 预测分布分析:
  - 预测的前5个类别: {np.int64(0): 282846, np.int64(1): 37041, np.int64(2): 14760, np.int64(3): 10867, np.int64(4): 9036}
  - 标签的前5个类别: {np.int64(0): 281232, np.int64(1): 36731, np.int64(2): 14789, np.int64(3): 10866, np.int64(4): 8585}
✅ 验证完成，耗时: 4.8秒 (0.1分钟)
训练损失: 0.0079
验证损失: 0.4820
验证准确率: 0.9687 (10621/10964) - 与Levenshtein高度相关
验证F1(加权): 0.9679 - 类别平衡更好
学习率: 0.000038
显存使用: 0.48GB (预留: 0.67GB)

生成的训练样本:
--------------------------------------------------------------------------------
输入:       MNW MCKX LMQM QDMWHJ MVL DQRBH DMRJ>
目标:     0 0 71 0 8 0 0 0 7 0 1 6 31 7 0 0 0 25 1 0 0 0 0 0 0 0 1 0 0 37 0 0 1 0 0 0 2
预测:     0 0 71 0 8 0 0 0 7 0 1 6 31 7 0 0 0 25 1 0 0 0 0 0 0 0 1 0 0 37 0 0 1 0 0 0 2
准确率:    1.0000 (37/37)
----------------------------------------
输入:       MVL D>JKN> DBLBWC> NPL SS> HKN> VNN>
目标:     0 0 0 0 0 1 0 0 107 0 0 0 1 1 0 0 0 4 0 0 0 0 7 0 0 4 0 0 0 0 0 0 0 0 0 15 0
预测:     0 0 0 0 0 1 0 0 107 0 0 0 1 1 0 0 0 4 0 0 0 0 7 0 0 4 0 0 0 0 0 0 0 0 0 15 0
准确率:    1.0000 (37/37)
----------------------------------------
输入:       TT> L> CBQ> >N> XLJWTJ W>BJ VB>
目标:     0 210 9 0 0 0 0 0 0 0 7 0 0 0 0 0 0 0 0 0 2 1 0 0 1 0 37 0 0 0 4 0
预测:     0 210 9 0 0 0 0 0 0 0 7 0 0 0 0 0 0 0 0 0 2 1 0 0 1 0 37 0 0 0 4 0
准确率:    1.0000 (32/32)
----------------------------------------

生成的验证样本:
--------------------------------------------------------------------------------
输入:       LTCBWXT> MNW HN> D>CKX LMV<> WL> V<>
目标:     0 1 0 0 8 0 13 9 0 0 0 71 0 0 0 0 0 0 35 0 0 0 3 0 1 6 0 10 7 0 1 0 0 0 0 10 3
预测:     0 1 0 0 8 0 13 9 0 0 0 71 0 0 0 0 0 0 1 17 0 0 3 0 1 6 0 10 7 0 1 0 0 0 0 10 7
准确率:    0.9189 (34/37)
----------------------------------------
输入:       MNW HN> D>CKX LMV<> WL> V<> WLMB>CW
目标:     0 0 71 0 0 0 0 0 0 35 0 0 0 3 0 1 6 0 10 7 0 1 0 0 0 0 10 3 0 1 1 28 0 0 7 0
预测:     0 0 71 0 0 0 0 0 0 1 17 0 0 3 0 1 6 0 10 7 0 1 0 0 0 0 10 3 0 1 1 28 0 0 7 0
准确率:    0.9444 (34/36)
----------------------------------------
⏳ 验证无提升 (验证准确率: 0.9687 ≤ 0.9689)，patience: 14/50

======================================================================
🚀 Epoch 117/200
======================================================================
📚 开始训练阶段...
训练进度: 500/6065 损失=0.0153
训练进度: 1000/6065 损失=0.0048
训练进度: 1500/6065 损失=0.0098
训练进度: 2000/6065 损失=0.0019
训练进度: 2500/6065 损失=0.0060
训练进度: 3000/6065 损失=0.0016
训练进度: 3500/6065 损失=0.0048
训练进度: 4000/6065 损失=0.0022
训练进度: 4500/6065 损失=0.0209
训练进度: 5000/6065 损失=0.0036
训练进度: 5500/6065 损失=0.0177
训练进度: 6000/6065 损失=0.0163
训练进度: 6065/6065 损失=0.0035
✅ 训练完成，耗时: 109.0秒 (1.8分钟)

============================================================
📊 验证决策: Epoch 117/200
   验证间隔: 1
   是否验证: ✅ 是
   原因: 达到验证间隔 (0 == 0)
============================================================

🔍 开始验证...
验证进度: 500/686 损失=0.1456
验证进度: 686/686 损失=0.9079

📊 预测分布分析:
  - 预测的前5个类别: {np.int64(0): 282873, np.int64(1): 37007, np.int64(2): 14725, np.int64(3): 10861, np.int64(4): 9003}
  - 标签的前5个类别: {np.int64(0): 281232, np.int64(1): 36731, np.int64(2): 14789, np.int64(3): 10866, np.int64(4): 8585}
✅ 验证完成，耗时: 4.8秒 (0.1分钟)
训练损失: 0.0077
验证损失: 0.4881
验证准确率: 0.9686 (10620/10964) - 与Levenshtein高度相关
验证F1(加权): 0.9679 - 类别平衡更好
学习率: 0.000038
显存使用: 0.48GB (预留: 0.67GB)

生成的训练样本:
--------------------------------------------------------------------------------
输入:       MRJ> WQR> MWC> LBYLJ>JL WL>LJHB WLKL GBR
目标:     0 0 0 0 2 0 1 0 10 3 0 0 0 0 2 0 1 0 0 0 0 0 0 2 0 1 1 0 0 0 0 2 0 1 1 0 2 0 0 0 2
预测:     0 0 0 0 2 0 1 0 10 3 0 0 0 0 2 0 1 0 0 0 0 0 0 2 0 1 1 0 0 0 0 2 0 1 1 0 2 0 0 0 2
准确率:    1.0000 (41/41)
----------------------------------------
输入:       LH WTSJM PTGM> BPWMH W>N> >HW> <M
目标:     0 1 0 0 1 6 20 0 3 0 0 0 0 11 0 0 1 0 0 5 0 0 1 0 0 0 0 6 0 10 3 0 0 0
预测:     0 1 0 0 1 6 20 0 3 0 0 0 0 11 0 0 1 0 0 5 0 0 1 0 0 0 0 6 0 10 3 0 0 0
准确率:    1.0000 (34/34)
----------------------------------------
输入:       HWT K>NWT> BQL> DXJL> CDRTH GZR> LK>B>
目标:     0 0 18 26 0 0 0 0 2 9 0 0 1 0 11 0 0 1 0 0 11 0 0 0 0 3 90 0 0 0 0 15 0 0 1 0 0 11 0
预测:     0 0 18 26 0 0 0 0 2 9 0 0 1 0 11 0 0 1 0 0 11 0 0 0 0 3 90 0 0 0 0 15 0 0 1 0 0 11 0
准确率:    1.0000 (39/39)
----------------------------------------

生成的验证样本:
--------------------------------------------------------------------------------
输入:       LTCBWXT> MNW HN> D>CKX LMV<> WL> V<>
目标:     0 1 0 0 8 0 13 9 0 0 0 71 0 0 0 0 0 0 35 0 0 0 3 0 1 6 0 10 7 0 1 0 0 0 0 10 3
预测:     0 1 0 0 8 0 13 9 0 0 0 71 0 0 0 0 0 0 1 17 0 0 3 0 1 6 0 10 7 0 1 0 0 0 0 10 7
准确率:    0.9189 (34/37)
----------------------------------------
输入:       MNW HN> D>CKX LMV<> WL> V<> WLMB>CW
目标:     0 0 71 0 0 0 0 0 0 35 0 0 0 3 0 1 6 0 10 7 0 1 0 0 0 0 10 3 0 1 1 28 0 0 7 0
预测:     0 0 71 0 0 0 0 0 0 1 17 0 0 3 0 1 6 0 10 7 0 1 0 0 0 0 10 3 0 1 1 28 0 0 7 0
准确率:    0.9444 (34/36)
----------------------------------------
⏳ 验证无提升 (验证准确率: 0.9686 ≤ 0.9689)，patience: 15/50

======================================================================
🚀 Epoch 118/200
======================================================================
📚 开始训练阶段...
训练进度: 500/6065 损失=0.0044
训练进度: 1000/6065 损失=0.0006
训练进度: 1500/6065 损失=0.0048
训练进度: 2000/6065 损失=0.0231
训练进度: 2500/6065 损失=0.0026
训练进度: 3000/6065 损失=0.0082
训练进度: 3500/6065 损失=0.0031
训练进度: 4000/6065 损失=0.0033
训练进度: 4500/6065 损失=0.0033
训练进度: 5000/6065 损失=0.0391
训练进度: 5500/6065 损失=0.0045
训练进度: 6000/6065 损失=0.0048
训练进度: 6065/6065 损失=0.0036
✅ 训练完成，耗时: 108.3秒 (1.8分钟)

============================================================
📊 验证决策: Epoch 118/200
   验证间隔: 1
   是否验证: ✅ 是
   原因: 达到验证间隔 (0 == 0)
============================================================

🔍 开始验证...
验证进度: 500/686 损失=0.2649
验证进度: 686/686 损失=0.9371

📊 预测分布分析:
  - 预测的前5个类别: {np.int64(0): 282970, np.int64(1): 37032, np.int64(2): 14770, np.int64(3): 10890, np.int64(4): 8754}
  - 标签的前5个类别: {np.int64(0): 281232, np.int64(1): 36731, np.int64(2): 14789, np.int64(3): 10866, np.int64(4): 8585}
✅ 验证完成，耗时: 4.8秒 (0.1分钟)
训练损失: 0.0074
验证损失: 0.4918
验证准确率: 0.9687 (10620/10964) - 与Levenshtein高度相关
验证F1(加权): 0.9679 - 类别平衡更好
学习率: 0.000037
显存使用: 0.48GB (预留: 0.67GB)

生成的训练样本:
--------------------------------------------------------------------------------
输入:       SWRXNJ HN> ZBN> WYLW QDM MRJ> >LHKWN
目标:     0 0 0 0 0 5 0 0 0 0 0 0 0 0 4 0 0 36 0 18 19 0 0 0 2 0 0 0 0 2 0 0 0 5 0 0 0
预测:     0 0 0 0 0 5 0 0 0 0 0 0 0 0 4 0 0 36 0 18 19 0 0 0 2 0 0 0 0 2 0 0 0 5 0 0 0
准确率:    1.0000 (37/37)
----------------------------------------
输入:       G<T> DSDWM WD<MWR> <LT QDMJ WXVHJHWN VB
目标:     0 0 13 9 0 0 1 0 0 0 2 0 1 1 0 0 0 0 2 0 0 53 26 0 0 0 2 46 0 1 0 0 2 1 0 0 0 0 0 2
预测:     0 0 13 9 0 0 1 0 0 0 2 0 1 1 0 0 0 0 2 0 0 53 26 0 0 0 2 46 0 1 0 0 2 1 0 0 0 0 0 2
准确率:    1.0000 (40/40)
----------------------------------------
输入:       WQDM NDWB<L DHWJW GD<WN WKLH <M> D<MH
目标:     0 1 0 0 77 0 0 0 0 0 38 2 0 1 0 99 0 0 0 0 0 0 0 2 0 1 0 5 0 0 0 15 0 0 1 0 1 0
预测:     0 1 0 0 77 0 0 0 0 0 38 2 0 1 0 99 0 0 0 0 0 0 0 2 0 1 0 5 0 0 0 15 0 0 1 0 1 0
准确率:    1.0000 (38/38)
----------------------------------------

生成的验证样本:
--------------------------------------------------------------------------------
输入:       LTCBWXT> MNW HN> D>CKX LMV<> WL> V<>
目标:     0 1 0 0 8 0 13 9 0 0 0 71 0 0 0 0 0 0 35 0 0 0 3 0 1 6 0 10 7 0 1 0 0 0 0 10 3
预测:     0 1 0 0 8 0 13 9 0 0 0 71 0 0 0 0 0 0 1 17 0 0 3 0 1 6 0 10 7 0 1 0 0 0 0 10 7
准确率:    0.9189 (34/37)
----------------------------------------
输入:       MNW HN> D>CKX LMV<> WL> V<> WLMB>CW
目标:     0 0 71 0 0 0 0 0 0 35 0 0 0 3 0 1 6 0 10 7 0 1 0 0 0 0 10 3 0 1 1 28 0 0 7 0
预测:     0 0 71 0 0 0 0 0 0 1 17 0 0 3 0 1 6 0 10 7 0 1 0 0 0 0 10 3 0 1 1 28 0 0 7 0
准确率:    0.9444 (34/36)
----------------------------------------
⏳ 验证无提升 (验证准确率: 0.9687 ≤ 0.9689)，patience: 16/50

======================================================================
🚀 Epoch 119/200
======================================================================
📚 开始训练阶段...
训练进度: 500/6065 损失=0.0014
训练进度: 1000/6065 损失=0.0030
训练进度: 1500/6065 损失=0.0041
训练进度: 2000/6065 损失=0.0223
训练进度: 2500/6065 损失=0.0121
训练进度: 3000/6065 损失=0.0045
训练进度: 3500/6065 损失=0.0208
训练进度: 4000/6065 损失=0.0011
训练进度: 4500/6065 损失=0.0162
训练进度: 5000/6065 损失=0.0027
训练进度: 5500/6065 损失=0.0009
训练进度: 6000/6065 损失=0.0113
训练进度: 6065/6065 损失=0.0088
✅ 训练完成，耗时: 108.6秒 (1.8分钟)

============================================================
📊 验证决策: Epoch 119/200
   验证间隔: 1
   是否验证: ✅ 是
   原因: 达到验证间隔 (0 == 0)
============================================================

🔍 开始验证...
验证进度: 500/686 损失=0.2126
验证进度: 686/686 损失=0.8314

📊 预测分布分析:
  - 预测的前5个类别: {np.int64(0): 282786, np.int64(1): 37034, np.int64(2): 14765, np.int64(3): 10859, np.int64(4): 8798}
  - 标签的前5个类别: {np.int64(0): 281232, np.int64(1): 36731, np.int64(2): 14789, np.int64(3): 10866, np.int64(4): 8585}
✅ 验证完成，耗时: 4.8秒 (0.1分钟)
训练损失: 0.0072
验证损失: 0.4948
验证准确率: 0.9688 (10621/10964) - 与Levenshtein高度相关
验证F1(加权): 0.9680 - 类别平衡更好
学习率: 0.000036
显存使用: 0.48GB (预留: 0.67GB)

生成的训练样本:
--------------------------------------------------------------------------------
输入:       BJCT> GJR >JT HRK> DB>TRN L> >JTJHJN
目标:     0 0 0 2 23 0 0 0 0 0 0 0 0 24 0 0 0 0 0 0 1 1 0 0 5 0 0 0 0 0 0 0 0 5 0 0 0
预测:     0 0 0 2 23 0 0 0 0 0 0 0 0 24 0 0 0 0 0 0 1 1 0 0 5 0 0 0 0 0 0 0 0 5 0 0 0
准确率:    1.0000 (37/37)
----------------------------------------
输入:       WGB> LH LWV KLH >R<> DJWRDNN WCQL
目标:     0 1 0 10 3 0 1 0 0 0 0 22 0 0 5 12 0 0 0 4 0 0 1 0 0 0 0 0 2 0 1 0 0 3
预测:     0 1 0 10 3 0 1 0 0 0 0 22 0 0 5 12 0 0 0 4 0 0 1 0 0 0 0 0 2 0 1 0 0 3
准确率:    1.0000 (34/34)
----------------------------------------
输入:       BNMWSH DMRJ> YBJNH WBNMWSH NTHG> >JMM> WLLJ>
目标:     0 1 0 0 0 5 0 0 1 0 0 0 2 0 0 0 0 5 0 0 1 1 0 0 0 5 0 0 21 14 0 10 16 0 0 0 0 4 0 0 1 38 0 4 0
预测:     0 1 0 0 0 5 0 0 1 0 0 0 2 0 0 0 0 5 0 0 1 1 0 0 0 5 0 0 21 14 0 10 16 0 0 0 0 4 0 0 1 38 0 4 0
准确率:    1.0000 (45/45)
----------------------------------------

生成的验证样本:
--------------------------------------------------------------------------------
输入:       LTCBWXT> MNW HN> D>CKX LMV<> WL> V<>
目标:     0 1 0 0 8 0 13 9 0 0 0 71 0 0 0 0 0 0 35 0 0 0 3 0 1 6 0 10 7 0 1 0 0 0 0 10 3
预测:     0 1 0 0 8 0 13 9 0 0 0 71 0 0 0 0 0 0 1 17 0 0 3 0 1 6 0 10 7 0 1 0 0 0 0 10 7
准确率:    0.9189 (34/37)
----------------------------------------
输入:       MNW HN> D>CKX LMV<> WL> V<> WLMB>CW
目标:     0 0 71 0 0 0 0 0 0 35 0 0 0 3 0 1 6 0 10 7 0 1 0 0 0 0 10 3 0 1 1 28 0 0 7 0
预测:     0 0 71 0 0 0 0 0 0 1 17 0 0 3 0 1 6 0 10 7 0 1 0 0 0 0 10 3 0 1 1 28 0 0 7 0
准确率:    0.9444 (34/36)
----------------------------------------
⏳ 验证无提升 (验证准确率: 0.9688 ≤ 0.9689)，patience: 17/50

======================================================================
🚀 Epoch 120/200
======================================================================
📚 开始训练阶段...
训练进度: 500/6065 损失=0.0055
训练进度: 1000/6065 损失=0.0007
训练进度: 1500/6065 损失=0.0035
训练进度: 2000/6065 损失=0.0047
训练进度: 2500/6065 损失=0.0023
训练进度: 3000/6065 损失=0.0041
训练进度: 3500/6065 损失=0.0091
训练进度: 4000/6065 损失=0.0146
训练进度: 4500/6065 损失=0.0070
训练进度: 5000/6065 损失=0.0127
训练进度: 5500/6065 损失=0.0213
训练进度: 6000/6065 损失=0.0099
训练进度: 6065/6065 损失=0.0053
✅ 训练完成，耗时: 108.6秒 (1.8分钟)

============================================================
📊 验证决策: Epoch 120/200
   验证间隔: 1
   是否验证: ✅ 是
   原因: 达到验证间隔 (0 == 0)
============================================================

🔍 开始验证...
验证进度: 500/686 损失=0.1485
验证进度: 686/686 损失=0.5885

📊 预测分布分析:
  - 预测的前5个类别: {np.int64(0): 282964, np.int64(1): 37005, np.int64(2): 14760, np.int64(3): 10812, np.int64(4): 8805}
  - 标签的前5个类别: {np.int64(0): 281232, np.int64(1): 36731, np.int64(2): 14789, np.int64(3): 10866, np.int64(4): 8585}
✅ 验证完成，耗时: 4.8秒 (0.1分钟)
训练损失: 0.0071
验证损失: 0.4928
验证准确率: 0.9689 (10623/10964) - 与Levenshtein高度相关
验证F1(加权): 0.9682 - 类别平衡更好
学习率: 0.000035
显存使用: 0.48GB (预留: 0.67GB)

生成的训练样本:
--------------------------------------------------------------------------------
输入:       KPN> WBVNNH BZ< >NWN BMLTH DMRJ> KL>
目标:     0 0 0 4 0 0 1 1 0 0 37 0 0 0 0 3 0 0 0 0 0 0 1 0 13 1 0 0 1 0 0 0 2 0 0 10 3
预测:     0 0 0 4 0 0 1 1 0 0 37 0 0 0 0 3 0 0 0 0 0 0 1 0 13 1 0 0 1 0 0 0 2 0 0 10 3
准确率:    1.0000 (37/37)
----------------------------------------
输入:       W>HRWN WXWR MSMKJN HWW >JDWHJ XD MK>
目标:     0 1 0 0 0 0 2 0 1 0 0 127 0 6 0 0 7 0 19 0 0 18 0 8 0 0 25 1 0 0 0 0 2 0 0 0 0
预测:     0 1 0 0 0 0 2 0 1 0 0 127 0 6 0 0 7 0 19 0 0 18 0 8 0 0 25 1 0 0 0 0 2 0 0 0 0
准确率:    1.0000 (37/37)
----------------------------------------
输入:       CW<JT> HWJT YB> LMCM< WMTL> DXKJM> L>
目标:     0 0 0 0 2 23 0 0 0 0 3 12 0 0 10 7 0 1 6 0 0 7 0 1 0 0 11 0 0 1 0 0 0 11 0 0 0 0
预测:     0 0 0 0 2 23 0 0 0 0 3 12 0 0 10 7 0 1 6 0 0 7 0 1 0 0 11 0 0 1 0 0 0 11 0 0 0 0
准确率:    1.0000 (38/38)
----------------------------------------

生成的验证样本:
--------------------------------------------------------------------------------
输入:       LTCBWXT> MNW HN> D>CKX LMV<> WL> V<>
目标:     0 1 0 0 8 0 13 9 0 0 0 71 0 0 0 0 0 0 35 0 0 0 3 0 1 6 0 10 7 0 1 0 0 0 0 10 3
预测:     0 1 0 0 8 0 13 9 0 0 0 71 0 0 0 0 0 0 1 17 0 0 3 0 1 6 0 10 7 0 1 0 0 0 0 10 7
准确率:    0.9189 (34/37)
----------------------------------------
输入:       MNW HN> D>CKX LMV<> WL> V<> WLMB>CW
目标:     0 0 71 0 0 0 0 0 0 35 0 0 0 3 0 1 6 0 10 7 0 1 0 0 0 0 10 3 0 1 1 28 0 0 7 0
预测:     0 0 71 0 0 0 0 0 0 1 17 0 0 3 0 1 6 0 10 7 0 1 0 0 0 0 10 7 0 1 1 28 0 0 7 0
准确率:    0.9167 (33/36)
----------------------------------------
⏳ 验证无提升 (验证准确率: 0.9689 ≤ 0.9689)，patience: 18/50

======================================================================
🚀 Epoch 121/200
======================================================================
📚 开始训练阶段...
训练进度: 500/6065 损失=0.0254
训练进度: 1000/6065 损失=0.0021
训练进度: 1500/6065 损失=0.0010
训练进度: 2000/6065 损失=0.0092
训练进度: 2500/6065 损失=0.0039
训练进度: 3000/6065 损失=0.0048
训练进度: 3500/6065 损失=0.0209
训练进度: 4000/6065 损失=0.0199
训练进度: 4500/6065 损失=0.0087
训练进度: 5000/6065 损失=0.0123
训练进度: 5500/6065 损失=0.0102
训练进度: 6000/6065 损失=0.0012
训练进度: 6065/6065 损失=0.0081
✅ 训练完成，耗时: 108.7秒 (1.8分钟)

============================================================
📊 验证决策: Epoch 121/200
   验证间隔: 1
   是否验证: ✅ 是
   原因: 达到验证间隔 (0 == 0)
============================================================

🔍 开始验证...
验证进度: 500/686 损失=0.2019
验证进度: 686/686 损失=0.8534

📊 预测分布分析:
  - 预测的前5个类别: {np.int64(0): 282950, np.int64(1): 36976, np.int64(2): 14779, np.int64(3): 10719, np.int64(4): 8881}
  - 标签的前5个类别: {np.int64(0): 281232, np.int64(1): 36731, np.int64(2): 14789, np.int64(3): 10866, np.int64(4): 8585}
✅ 验证完成，耗时: 4.8秒 (0.1分钟)
训练损失: 0.0069
验证损失: 0.4967
验证准确率: 0.9687 (10621/10964) - 与Levenshtein高度相关
验证F1(加权): 0.9680 - 类别平衡更好
学习率: 0.000035
显存使用: 0.48GB (预留: 0.67GB)

生成的训练样本:
--------------------------------------------------------------------------------
输入:       MJT WRM> B<RSH W<L W>XD TR<> B>PJ
目标:     0 20 0 3 0 1 0 10 40 0 1 0 0 5 0 0 1 0 53 0 1 0 0 3 0 0 0 4 0 0 1 54 2 0
预测:     0 20 0 3 0 1 0 10 40 0 1 0 0 5 0 0 1 0 53 0 1 0 0 3 0 0 0 4 0 0 1 54 2 0
准确率:    1.0000 (34/34)
----------------------------------------
输入:       WNHW> KD N>MRWN LKWN BNJKWN HN> PWLXN>
目标:     0 1 6 0 10 3 0 0 0 0 6 0 0 3 0 0 0 1 0 0 0 0 0 2 1 0 0 0 0 0 0 0 0 0 0 0 0 4 0
预测:     0 1 6 0 10 3 0 0 0 0 6 0 0 3 0 0 0 1 0 0 0 0 0 2 1 0 0 0 0 0 0 0 0 0 0 0 0 4 0
准确率:    1.0000 (39/39)
----------------------------------------
输入:       WS>T> DQMX> PVJR> WBSR> SM BSL> WMYLL>
目标:     0 1 0 13 9 0 0 1 0 0 4 0 0 0 0 0 4 0 0 1 0 0 4 0 0 31 3 0 1 0 4 0 0 1 0 0 0 4 0
预测:     0 1 0 13 9 0 0 1 0 0 4 0 0 0 0 0 4 0 0 1 0 0 4 0 0 31 3 0 1 0 4 0 0 1 0 0 0 4 0
准确率:    1.0000 (39/39)
----------------------------------------

生成的验证样本:
--------------------------------------------------------------------------------
输入:       LTCBWXT> MNW HN> D>CKX LMV<> WL> V<>
目标:     0 1 0 0 8 0 13 9 0 0 0 71 0 0 0 0 0 0 35 0 0 0 3 0 1 6 0 10 7 0 1 0 0 0 0 10 3
预测:     0 1 0 0 8 0 13 9 0 0 0 71 0 0 0 0 0 0 1 17 0 0 3 0 1 6 0 10 7 0 1 0 0 0 0 10 7
准确率:    0.9189 (34/37)
----------------------------------------
输入:       MNW HN> D>CKX LMV<> WL> V<> WLMB>CW
目标:     0 0 71 0 0 0 0 0 0 35 0 0 0 3 0 1 6 0 10 7 0 1 0 0 0 0 10 3 0 1 1 28 0 0 7 0
预测:     0 0 71 0 0 0 0 0 0 1 17 0 0 3 0 1 6 0 10 7 0 1 0 0 0 0 10 3 0 1 1 28 0 0 7 0
准确率:    0.9444 (34/36)
----------------------------------------
⏳ 验证无提升 (验证准确率: 0.9687 ≤ 0.9689)，patience: 19/50

======================================================================
🚀 Epoch 122/200
======================================================================
📚 开始训练阶段...
训练进度: 500/6065 损失=0.0249
训练进度: 1000/6065 损失=0.0036
训练进度: 1500/6065 损失=0.0053
训练进度: 2000/6065 损失=0.0166
训练进度: 2500/6065 损失=0.0392
训练进度: 3000/6065 损失=0.0224
训练进度: 3500/6065 损失=0.0011
训练进度: 4000/6065 损失=0.0026
训练进度: 4500/6065 损失=0.0217
训练进度: 5000/6065 损失=0.0123
训练进度: 5500/6065 损失=0.0008
训练进度: 6000/6065 损失=0.0173
训练进度: 6065/6065 损失=0.0008
✅ 训练完成，耗时: 108.5秒 (1.8分钟)

============================================================
📊 验证决策: Epoch 122/200
   验证间隔: 1
   是否验证: ✅ 是
   原因: 达到验证间隔 (0 == 0)
============================================================

🔍 开始验证...
验证进度: 500/686 损失=0.1646
验证进度: 686/686 损失=0.9914

📊 预测分布分析:
  - 预测的前5个类别: {np.int64(0): 282823, np.int64(1): 37032, np.int64(2): 14791, np.int64(3): 10925, np.int64(4): 8951}
  - 标签的前5个类别: {np.int64(0): 281232, np.int64(1): 36731, np.int64(2): 14789, np.int64(3): 10866, np.int64(4): 8585}
✅ 验证完成，耗时: 4.9秒 (0.1分钟)
训练损失: 0.0066
验证损失: 0.5104
验证准确率: 0.9687 (10620/10964) - 与Levenshtein高度相关
验证F1(加权): 0.9679 - 类别平衡更好
学习率: 0.000034
显存使用: 0.48GB (预留: 0.67GB)

生成的训练样本:
--------------------------------------------------------------------------------
输入:       KLHJN KSJT> WL> <ND> MN QDMWHJ KL
目标:     0 0 5 0 0 0 0 0 0 7 23 0 0 1 0 0 0 0 0 7 0 0 0 0 0 0 0 25 1 0 0 0 0 2
预测:     0 0 5 0 0 0 0 0 0 7 23 0 0 1 0 0 0 0 0 7 0 0 0 0 0 0 0 25 1 0 0 0 0 2
准确率:    1.0000 (34/34)
----------------------------------------
输入:       NHW> LK RB> W>JLP MNH BWJN> BCRWR>
目标:     0 6 0 10 3 0 1 0 0 0 2 0 0 168 0 0 0 3 0 0 1 0 0 0 0 0 4 0 0 1 0 0 0 4 0
预测:     0 6 0 10 3 0 1 0 0 0 2 0 0 168 0 0 0 3 0 0 1 0 0 0 0 0 4 0 0 1 0 0 0 4 0
准确率:    1.0000 (35/35)
----------------------------------------
输入:       BMYRJN HW WKLH BJT >BWHJ WXJ> JWSP
目标:     0 1 0 0 0 0 2 0 0 0 0 1 0 5 0 0 0 0 2 0 0 8 5 0 0 0 1 0 10 3 0 0 0 0 2
预测:     0 1 0 0 0 0 2 0 0 0 0 1 0 5 0 0 0 0 2 0 0 8 5 0 0 0 1 0 10 3 0 0 0 0 2
准确率:    1.0000 (35/35)
----------------------------------------

生成的验证样本:
--------------------------------------------------------------------------------
输入:       LTCBWXT> MNW HN> D>CKX LMV<> WL> V<>
目标:     0 1 0 0 8 0 13 9 0 0 0 71 0 0 0 0 0 0 35 0 0 0 3 0 1 6 0 10 7 0 1 0 0 0 0 10 3
预测:     0 1 0 0 8 0 13 9 0 0 0 71 0 0 0 0 0 0 1 17 0 0 3 0 1 6 0 10 7 0 1 0 0 0 0 10 7
准确率:    0.9189 (34/37)
----------------------------------------
输入:       MNW HN> D>CKX LMV<> WL> V<> WLMB>CW
目标:     0 0 71 0 0 0 0 0 0 35 0 0 0 3 0 1 6 0 10 7 0 1 0 0 0 0 10 3 0 1 1 28 0 0 7 0
预测:     0 0 71 0 0 0 0 0 0 1 17 0 0 3 0 1 6 0 10 7 0 1 0 0 0 0 10 3 0 1 1 28 0 0 7 0
准确率:    0.9444 (34/36)
----------------------------------------
⏳ 验证无提升 (验证准确率: 0.9687 ≤ 0.9689)，patience: 20/50

======================================================================
🚀 Epoch 123/200
======================================================================
📚 开始训练阶段...
训练进度: 500/6065 损失=0.0049
训练进度: 1000/6065 损失=0.0121
训练进度: 1500/6065 损失=0.0012
训练进度: 2000/6065 损失=0.0034
训练进度: 2500/6065 损失=0.0157
训练进度: 3000/6065 损失=0.0004
训练进度: 3500/6065 损失=0.0024
训练进度: 4000/6065 损失=0.0003
训练进度: 4500/6065 损失=0.0003
训练进度: 5000/6065 损失=0.0043
训练进度: 5500/6065 损失=0.0003
训练进度: 6000/6065 损失=0.0003
训练进度: 6065/6065 损失=0.0120
✅ 训练完成，耗时: 109.2秒 (1.8分钟)

============================================================
📊 验证决策: Epoch 123/200
   验证间隔: 1
   是否验证: ✅ 是
   原因: 达到验证间隔 (0 == 0)
============================================================

🔍 开始验证...
验证进度: 500/686 损失=0.1791
验证进度: 686/686 损失=0.9540

📊 预测分布分析:
  - 预测的前5个类别: {np.int64(0): 282948, np.int64(1): 36962, np.int64(2): 14772, np.int64(3): 10863, np.int64(4): 8949}
  - 标签的前5个类别: {np.int64(0): 281232, np.int64(1): 36731, np.int64(2): 14789, np.int64(3): 10866, np.int64(4): 8585}
✅ 验证完成，耗时: 4.8秒 (0.1分钟)
训练损失: 0.0066
验证损失: 0.5068
验证准确率: 0.9692 (10626/10964) - 与Levenshtein高度相关
验证F1(加权): 0.9684 - 类别平衡更好
学习率: 0.000033
显存使用: 0.48GB (预留: 0.67GB)

生成的训练样本:
--------------------------------------------------------------------------------
输入:       >NTJN DBKLH XJLJ PLXT L>BWKJN W>BWKJN DGL
目标:     0 0 0 20 0 0 0 1 1 0 5 0 0 0 0 5 0 0 0 0 3 0 0 1 0 8 5 0 0 12 0 1 0 8 5 0 0 12 0 0 0 16
预测:     0 0 0 20 0 0 0 1 1 0 5 0 0 0 0 5 0 0 0 0 3 0 0 1 0 8 5 0 0 12 0 1 0 8 5 0 0 12 0 0 0 16
准确率:    1.0000 (42/42)
----------------------------------------
输入:       WCDR >XB <L KLHWN BNJ >JSRJL WKNC
目标:     0 1 0 0 16 0 0 0 2 0 0 0 0 0 5 0 0 0 0 0 2 0 0 0 0 0 0 0 2 0 1 0 0 16
预测:     0 1 0 0 16 0 0 0 2 0 0 0 0 0 5 0 0 0 0 0 2 0 0 0 0 0 0 0 2 0 1 0 0 16
准确率:    1.0000 (34/34)
----------------------------------------
输入:       DPQD MRJ> LM<BD SBW MNKWN PWRCN> LMRJ>
目标:     0 1 0 0 16 0 0 0 0 2 0 1 6 0 0 7 34 0 3 0 0 0 1 0 0 0 0 0 0 0 0 4 0 0 1 0 0 0 2
预测:     0 1 0 0 16 0 0 0 0 2 0 1 6 0 0 7 34 0 3 0 0 0 1 0 0 0 0 0 0 0 0 4 0 0 1 0 0 0 2
准确率:    1.0000 (39/39)
----------------------------------------

生成的验证样本:
--------------------------------------------------------------------------------
输入:       LTCBWXT> MNW HN> D>CKX LMV<> WL> V<>
目标:     0 1 0 0 8 0 13 9 0 0 0 71 0 0 0 0 0 0 35 0 0 0 3 0 1 6 0 10 7 0 1 0 0 0 0 10 3
预测:     0 1 0 0 8 0 13 9 0 0 0 71 0 0 0 0 0 0 1 17 0 0 3 0 1 6 0 10 7 0 1 0 0 0 0 10 7
准确率:    0.9189 (34/37)
----------------------------------------
输入:       MNW HN> D>CKX LMV<> WL> V<> WLMB>CW
目标:     0 0 71 0 0 0 0 0 0 35 0 0 0 3 0 1 6 0 10 7 0 1 0 0 0 0 10 3 0 1 1 28 0 0 7 0
预测:     0 0 71 0 0 0 0 0 0 1 17 0 0 3 0 1 6 0 10 7 0 1 0 0 0 0 10 3 0 1 1 28 0 0 7 0
准确率:    0.9444 (34/36)
----------------------------------------
💾 保存新的最佳模型！验证准确率: 0.9692 (F1: 0.9684) (Epoch 123)

======================================================================
🚀 Epoch 124/200
======================================================================
📚 开始训练阶段...
训练进度: 500/6065 损失=0.0050
训练进度: 1000/6065 损失=0.0050
训练进度: 1500/6065 损失=0.0207
训练进度: 2000/6065 损失=0.0031
训练进度: 2500/6065 损失=0.0047
训练进度: 3000/6065 损失=0.0142
训练进度: 3500/6065 损失=0.0012
训练进度: 4000/6065 损失=0.0032
训练进度: 4500/6065 损失=0.0003
训练进度: 5000/6065 损失=0.0006
训练进度: 5500/6065 损失=0.0187
训练进度: 6000/6065 损失=0.0110
训练进度: 6065/6065 损失=0.0025
✅ 训练完成，耗时: 108.6秒 (1.8分钟)

============================================================
📊 验证决策: Epoch 124/200
   验证间隔: 1
   是否验证: ✅ 是
   原因: 达到验证间隔 (0 == 0)
============================================================

🔍 开始验证...
验证进度: 500/686 损失=0.1941
验证进度: 686/686 损失=0.9862

📊 预测分布分析:
  - 预测的前5个类别: {np.int64(0): 282924, np.int64(1): 36972, np.int64(2): 14803, np.int64(3): 10873, np.int64(4): 8857}
  - 标签的前5个类别: {np.int64(0): 281232, np.int64(1): 36731, np.int64(2): 14789, np.int64(3): 10866, np.int64(4): 8585}
✅ 验证完成，耗时: 4.8秒 (0.1分钟)
训练损失: 0.0063
验证损失: 0.5011
验证准确率: 0.9691 (10624/10964) - 与Levenshtein高度相关
验证F1(加权): 0.9683 - 类别平衡更好
学习率: 0.000032
显存使用: 0.48GB (预留: 0.67GB)

生成的训练样本:
--------------------------------------------------------------------------------
输入:       WLWJ WJHWD> W>JSKR WZBWLWN WBNJH DRXJL JWSP
目标:     0 1 0 0 2 0 1 0 0 0 0 2 0 1 0 0 0 0 2 0 1 0 0 0 0 0 2 0 1 0 2 1 12 0 1 0 0 0 2 0 0 0 0 2
预测:     0 1 0 0 2 0 1 0 0 0 0 2 0 1 0 0 0 0 2 0 1 0 0 0 0 0 2 0 1 0 2 1 12 0 1 0 0 0 2 0 0 0 0 2
准确率:    1.0000 (44/44)
----------------------------------------
输入:       DDQNS> >L> SGJ>JN >NWN NMWS> BMLKW MLKW
目标:     0 1 0 0 0 11 0 0 0 0 0 0 0 0 0 2 0 0 0 0 0 0 0 0 0 0 0 11 0 0 1 0 0 0 2 0 0 0 0 2
预测:     0 1 0 0 0 11 0 0 0 0 0 0 0 0 0 2 0 0 0 0 0 0 0 0 0 0 0 11 0 0 1 0 0 0 2 0 0 0 0 2
准确率:    1.0000 (40/40)
----------------------------------------
输入:       HKN> >MR MRJ> >LH> D>JSRJL H> MJT>
目标:     0 0 0 0 0 0 0 0 7 0 0 0 0 2 0 0 0 4 0 0 1 0 0 0 0 0 2 0 0 0 0 68 0 10 7
预测:     0 0 0 0 0 0 0 0 7 0 0 0 0 2 0 0 0 4 0 0 1 0 0 0 0 0 2 0 0 0 0 68 0 10 7
准确率:    1.0000 (35/35)
----------------------------------------

生成的验证样本:
--------------------------------------------------------------------------------
输入:       LTCBWXT> MNW HN> D>CKX LMV<> WL> V<>
目标:     0 1 0 0 8 0 13 9 0 0 0 71 0 0 0 0 0 0 35 0 0 0 3 0 1 6 0 10 7 0 1 0 0 0 0 10 3
预测:     0 1 0 0 8 0 13 9 0 0 0 71 0 0 0 0 0 0 1 17 0 0 3 0 1 6 0 10 7 0 1 0 0 0 0 10 7
准确率:    0.9189 (34/37)
----------------------------------------
输入:       MNW HN> D>CKX LMV<> WL> V<> WLMB>CW
目标:     0 0 71 0 0 0 0 0 0 35 0 0 0 3 0 1 6 0 10 7 0 1 0 0 0 0 10 3 0 1 1 28 0 0 7 0
预测:     0 0 71 0 0 0 0 0 0 1 17 0 0 3 0 1 6 0 10 7 0 1 0 0 0 0 10 3 0 1 1 28 0 0 7 0
准确率:    0.9444 (34/36)
----------------------------------------
⏳ 验证无提升 (验证准确率: 0.9691 ≤ 0.9692)，patience: 1/50

======================================================================
🚀 Epoch 125/200
======================================================================
📚 开始训练阶段...
训练进度: 500/6065 损失=0.0008
训练进度: 1000/6065 损失=0.0004
训练进度: 1500/6065 损失=0.0049
训练进度: 2000/6065 损失=0.0011
训练进度: 2500/6065 损失=0.0007
训练进度: 3000/6065 损失=0.0131
训练进度: 3500/6065 损失=0.0248
训练进度: 4000/6065 损失=0.0013
训练进度: 4500/6065 损失=0.0273
训练进度: 5000/6065 损失=0.0067
训练进度: 5500/6065 损失=0.0019
训练进度: 6000/6065 损失=0.0011
训练进度: 6065/6065 损失=0.0012
✅ 训练完成，耗时: 108.9秒 (1.8分钟)

============================================================
📊 验证决策: Epoch 125/200
   验证间隔: 1
   是否验证: ✅ 是
   原因: 达到验证间隔 (0 == 0)
============================================================

🔍 开始验证...
验证进度: 500/686 损失=0.2008
验证进度: 686/686 损失=1.1250

📊 预测分布分析:
  - 预测的前5个类别: {np.int64(0): 282684, np.int64(1): 37031, np.int64(2): 14823, np.int64(3): 10856, np.int64(4): 9070}
  - 标签的前5个类别: {np.int64(0): 281232, np.int64(1): 36731, np.int64(2): 14789, np.int64(3): 10866, np.int64(4): 8585}
✅ 验证完成，耗时: 4.9秒 (0.1分钟)
训练损失: 0.0063
验证损失: 0.5086
验证准确率: 0.9691 (10624/10964) - 与Levenshtein高度相关
验证F1(加权): 0.9683 - 类别平衡更好
学习率: 0.000032
显存使用: 0.48GB (预留: 0.67GB)

生成的训练样本:
--------------------------------------------------------------------------------
输入:       JD< D<JNWHJ D>LH> RWRBN XD BRBW BCMC>
目标:     0 0 0 7 0 1 0 0 25 1 0 0 0 1 0 0 4 0 0 0 0 0 2 0 0 0 2 0 1 0 0 22 0 1 0 0 4 0
预测:     0 0 0 7 0 1 0 0 25 1 0 0 0 1 0 0 4 0 0 0 0 0 2 0 0 0 2 0 1 0 0 22 0 1 0 0 4 0
准确率:    1.0000 (38/38)
----------------------------------------
输入:       BGB< >W BRMT> W<BRW W>ZLW W<RBT LHWN
目标:     0 1 0 0 2 0 0 0 0 1 0 13 9 0 0 1 0 0 3 0 0 1 0 0 3 0 0 1 0 0 3 26 0 1 0 0 0
预测:     0 1 0 0 2 0 0 0 0 1 0 13 9 0 0 1 0 0 3 0 0 1 0 0 3 0 0 1 0 0 3 26 0 1 0 0 0
准确率:    1.0000 (37/37)
----------------------------------------
输入:       DBR >NC> RMT> MNTH WTWL<H QDMWHJ RXC>
目标:     0 1 0 2 0 0 0 4 0 0 0 13 9 0 0 0 70 1 0 0 1 0 0 0 5 0 0 0 0 25 1 0 0 0 0 0 7 0
预测:     0 1 0 2 0 0 0 4 0 0 0 13 9 0 0 0 70 1 0 0 1 0 0 0 5 0 0 0 0 25 1 0 0 0 0 0 7 0
准确率:    1.0000 (38/38)
----------------------------------------

生成的验证样本:
--------------------------------------------------------------------------------
输入:       LTCBWXT> MNW HN> D>CKX LMV<> WL> V<>
目标:     0 1 0 0 8 0 13 9 0 0 0 71 0 0 0 0 0 0 35 0 0 0 3 0 1 6 0 10 7 0 1 0 0 0 0 10 3
预测:     0 1 0 0 8 0 13 9 0 0 0 71 0 0 0 0 0 0 1 17 0 0 3 0 1 6 0 10 7 0 1 0 0 0 0 10 7
准确率:    0.9189 (34/37)
----------------------------------------
输入:       MNW HN> D>CKX LMV<> WL> V<> WLMB>CW
目标:     0 0 71 0 0 0 0 0 0 35 0 0 0 3 0 1 6 0 10 7 0 1 0 0 0 0 10 3 0 1 1 28 0 0 7 0
预测:     0 0 71 0 0 0 0 0 0 1 17 0 0 3 0 1 6 0 10 7 0 1 0 0 0 0 10 3 0 1 1 28 0 0 7 0
准确率:    0.9444 (34/36)
----------------------------------------
⏳ 验证无提升 (验证准确率: 0.9691 ≤ 0.9692)，patience: 2/50

======================================================================
🚀 Epoch 126/200
======================================================================
📚 开始训练阶段...
训练进度: 500/6065 损失=0.0160
训练进度: 1000/6065 损失=0.0005
训练进度: 1500/6065 损失=0.0001
训练进度: 2000/6065 损失=0.0026
训练进度: 2500/6065 损失=0.0245
训练进度: 3000/6065 损失=0.0020
训练进度: 3500/6065 损失=0.0082
训练进度: 4000/6065 损失=0.0002
训练进度: 4500/6065 损失=0.0185
训练进度: 5000/6065 损失=0.0026
训练进度: 5500/6065 损失=0.0024
训练进度: 6000/6065 损失=0.0002
训练进度: 6065/6065 损失=0.0179
✅ 训练完成，耗时: 109.5秒 (1.8分钟)

============================================================
📊 验证决策: Epoch 126/200
   验证间隔: 1
   是否验证: ✅ 是
   原因: 达到验证间隔 (0 == 0)
============================================================

🔍 开始验证...
验证进度: 500/686 损失=0.2141
验证进度: 686/686 损失=0.9460

📊 预测分布分析:
  - 预测的前5个类别: {np.int64(0): 282839, np.int64(1): 37036, np.int64(2): 14788, np.int64(3): 10959, np.int64(4): 9023}
  - 标签的前5个类别: {np.int64(0): 281232, np.int64(1): 36731, np.int64(2): 14789, np.int64(3): 10866, np.int64(4): 8585}
✅ 验证完成，耗时: 4.8秒 (0.1分钟)
训练损失: 0.0060
验证损失: 0.5164
验证准确率: 0.9691 (10624/10964) - 与Levenshtein高度相关
验证F1(加权): 0.9683 - 类别平衡更好
学习率: 0.000031
显存使用: 0.48GB (预留: 0.67GB)

生成的训练样本:
--------------------------------------------------------------------------------
输入:       HW PWR<N> D>PRW< >NWN BZBN> DTMWV RGLHWN
目标:     0 0 0 0 0 0 0 0 4 0 0 1 6 0 8 0 3 0 0 0 0 0 0 1 0 0 4 0 0 1 6 0 0 3 0 0 0 5 0 0 0
预测:     0 0 0 0 0 0 0 0 4 0 0 1 6 0 8 0 3 0 0 0 0 0 0 1 0 0 4 0 0 1 6 0 0 3 0 0 0 5 0 0 0
准确率:    1.0000 (41/41)
----------------------------------------
输入:       QLH DMRJ> BXJL> QLH DMRJ> BRBWT P>JWT>
目标:     0 0 5 0 0 1 0 0 0 2 0 1 0 0 4 0 0 0 5 0 0 1 0 0 0 2 0 1 0 0 22 0 0 0 0 0 2 9 0
预测:     0 0 5 0 0 1 0 0 0 2 0 1 0 0 4 0 0 0 5 0 0 1 0 0 0 2 0 1 0 0 22 0 0 0 0 0 2 9 0
准确率:    1.0000 (39/39)
----------------------------------------
输入:       BCBJL> TRJY> MVL B<LDBBJ L> TCLMNJ BNPCT>
目标:     0 1 0 0 0 4 0 0 0 8 0 43 27 0 0 0 0 0 0 0 0 0 0 2 46 0 0 0 0 28 0 0 29 0 0 0 1 0 0 2 23 0
预测:     0 1 0 0 0 4 0 0 0 8 0 43 27 0 0 0 0 0 0 0 0 0 0 2 46 0 0 0 0 28 0 0 29 0 0 0 1 0 0 2 23 0
准确率:    1.0000 (42/42)
----------------------------------------

生成的验证样本:
--------------------------------------------------------------------------------
输入:       LTCBWXT> MNW HN> D>CKX LMV<> WL> V<>
目标:     0 1 0 0 8 0 13 9 0 0 0 71 0 0 0 0 0 0 35 0 0 0 3 0 1 6 0 10 7 0 1 0 0 0 0 10 3
预测:     0 1 0 0 8 0 13 9 0 0 0 71 0 0 0 0 0 0 1 17 0 0 3 0 1 6 0 10 7 0 1 0 0 0 0 10 3
准确率:    0.9459 (35/37)
----------------------------------------
输入:       MNW HN> D>CKX LMV<> WL> V<> WLMB>CW
目标:     0 0 71 0 0 0 0 0 0 35 0 0 0 3 0 1 6 0 10 7 0 1 0 0 0 0 10 3 0 1 1 28 0 0 7 0
预测:     0 0 71 0 0 0 0 0 0 1 17 0 0 3 0 1 6 0 10 7 0 1 0 0 0 0 10 3 0 1 1 28 0 0 7 0
准确率:    0.9444 (34/36)
----------------------------------------
⏳ 验证无提升 (验证准确率: 0.9691 ≤ 0.9692)，patience: 3/50

======================================================================
🚀 Epoch 127/200
======================================================================
📚 开始训练阶段...
训练进度: 500/6065 损失=0.0006
训练进度: 1000/6065 损失=0.0017
训练进度: 1500/6065 损失=0.0002
训练进度: 2000/6065 损失=0.0012
训练进度: 2500/6065 损失=0.0044
训练进度: 3000/6065 损失=0.0015
训练进度: 3500/6065 损失=0.0032
训练进度: 4000/6065 损失=0.0007
训练进度: 4500/6065 损失=0.0004
训练进度: 5000/6065 损失=0.0012
训练进度: 5500/6065 损失=0.0068
训练进度: 6000/6065 损失=0.0197
训练进度: 6065/6065 损失=0.0127
✅ 训练完成，耗时: 108.6秒 (1.8分钟)

============================================================
📊 验证决策: Epoch 127/200
   验证间隔: 1
   是否验证: ✅ 是
   原因: 达到验证间隔 (0 == 0)
============================================================

🔍 开始验证...
验证进度: 500/686 损失=0.1378
验证进度: 686/686 损失=0.9262

📊 预测分布分析:
  - 预测的前5个类别: {np.int64(0): 282950, np.int64(1): 37022, np.int64(2): 14753, np.int64(3): 10802, np.int64(4): 8864}
  - 标签的前5个类别: {np.int64(0): 281232, np.int64(1): 36731, np.int64(2): 14789, np.int64(3): 10866, np.int64(4): 8585}
✅ 验证完成，耗时: 4.8秒 (0.1分钟)
训练损失: 0.0061
验证损失: 0.5101
验证准确率: 0.9690 (10624/10964) - 与Levenshtein高度相关
验证F1(加权): 0.9683 - 类别平衡更好
学习率: 0.000030
显存使用: 0.48GB (预留: 0.67GB)

生成的训练样本:
--------------------------------------------------------------------------------
输入:       DBLBNN WDCTH LXWX> MXRB XRBT L>DWM W>RJMK
目标:     0 1 1 0 0 0 2 0 1 31 3 90 0 0 1 0 0 4 0 0 6 0 0 7 0 0 0 3 12 0 1 0 0 0 2 0 1 17 20 0 29 0
预测:     0 1 1 0 0 0 2 0 1 31 3 90 0 0 1 0 0 4 0 0 6 0 0 7 0 0 0 3 12 0 1 0 0 0 2 0 1 17 20 0 29 0
准确率:    1.0000 (42/42)
----------------------------------------
输入:       TR<> DBJTJ L>WR<J M> D>TJT BCLM> MN
目标:     0 0 0 4 0 0 1 0 0 5 0 0 1 0 0 0 5 0 0 0 0 0 1 0 0 3 0 0 1 0 0 15 0 0 0 0
预测:     0 0 0 4 0 0 1 0 0 5 0 0 1 0 0 0 5 0 0 0 0 0 1 0 0 3 0 0 1 0 0 15 0 0 0 0
准确率:    1.0000 (36/36)
----------------------------------------
输入:       WPTGM> DQC> MJTJN HWW LWT MWC> WPTGM>
目标:     0 1 0 0 0 4 0 0 1 0 10 40 0 68 0 42 0 0 0 0 18 0 0 0 0 0 0 0 0 0 2 0 1 0 0 0 4 0
预测:     0 1 0 0 0 4 0 0 1 0 10 40 0 68 0 42 0 0 0 0 18 0 0 0 0 0 0 0 0 0 2 0 1 0 0 0 4 0
准确率:    1.0000 (38/38)
----------------------------------------

生成的验证样本:
--------------------------------------------------------------------------------
输入:       LTCBWXT> MNW HN> D>CKX LMV<> WL> V<>
目标:     0 1 0 0 8 0 13 9 0 0 0 71 0 0 0 0 0 0 35 0 0 0 3 0 1 6 0 10 7 0 1 0 0 0 0 10 3
预测:     0 1 0 0 8 0 13 9 0 0 0 71 0 0 0 0 0 0 1 17 0 0 3 0 1 6 0 10 7 0 1 0 0 0 0 10 7
准确率:    0.9189 (34/37)
----------------------------------------
输入:       MNW HN> D>CKX LMV<> WL> V<> WLMB>CW
目标:     0 0 71 0 0 0 0 0 0 35 0 0 0 3 0 1 6 0 10 7 0 1 0 0 0 0 10 3 0 1 1 28 0 0 7 0
预测:     0 0 71 0 0 0 0 0 0 1 17 0 0 3 0 1 6 0 10 7 0 1 0 0 0 0 10 3 0 1 1 28 0 0 7 0
准确率:    0.9444 (34/36)
----------------------------------------
⏳ 验证无提升 (验证准确率: 0.9690 ≤ 0.9692)，patience: 4/50

======================================================================
🚀 Epoch 128/200
======================================================================
📚 开始训练阶段...
训练进度: 500/6065 损失=0.0114
训练进度: 1000/6065 损失=0.0061
训练进度: 1500/6065 损失=0.0004
训练进度: 2000/6065 损失=0.0037
训练进度: 2500/6065 损失=0.0041
训练进度: 3000/6065 损失=0.0081
训练进度: 3500/6065 损失=0.0016
训练进度: 4000/6065 损失=0.0020
训练进度: 4500/6065 损失=0.0003
训练进度: 5000/6065 损失=0.0005
训练进度: 5500/6065 损失=0.0219
训练进度: 6000/6065 损失=0.0001
训练进度: 6065/6065 损失=0.0125
✅ 训练完成，耗时: 108.7秒 (1.8分钟)

============================================================
📊 验证决策: Epoch 128/200
   验证间隔: 1
   是否验证: ✅ 是
   原因: 达到验证间隔 (0 == 0)
============================================================

🔍 开始验证...
验证进度: 500/686 损失=0.2195
验证进度: 686/686 损失=1.0201

📊 预测分布分析:
  - 预测的前5个类别: {np.int64(0): 282811, np.int64(1): 36961, np.int64(2): 14779, np.int64(3): 10920, np.int64(4): 8970}
  - 标签的前5个类别: {np.int64(0): 281232, np.int64(1): 36731, np.int64(2): 14789, np.int64(3): 10866, np.int64(4): 8585}
✅ 验证完成，耗时: 4.8秒 (0.1分钟)
训练损失: 0.0059
验证损失: 0.5216
验证准确率: 0.9689 (10622/10964) - 与Levenshtein高度相关
验证F1(加权): 0.9682 - 类别平衡更好
学习率: 0.000030
显存使用: 0.48GB (预留: 0.67GB)

生成的训练样本:
--------------------------------------------------------------------------------
输入:       DJHB LK MRJ> >LHK WL> TXWS <JNK
目标:     0 1 0 0 7 0 1 0 0 0 0 0 2 0 0 0 5 0 0 1 0 0 0 6 0 0 3 0 0 0 5 0
预测:     0 1 0 0 7 0 1 0 0 0 0 0 2 0 0 0 5 0 0 1 0 0 0 6 0 0 3 0 0 0 5 0
准确率:    1.0000 (32/32)
----------------------------------------
输入:       >NWC HJDJN CRJ LMQR> BCMH DMRJ> HNW
目标:     0 0 0 0 2 0 0 0 0 0 0 0 0 0 16 0 1 6 0 10 7 0 1 0 5 0 0 1 0 0 0 2 0 0 81 0
预测:     0 0 0 0 2 0 0 0 0 0 0 0 0 0 16 0 1 6 0 10 7 0 1 0 5 0 0 1 0 0 0 2 0 0 81 0
准确率:    1.0000 (36/36)
----------------------------------------
输入:       ZR< <LM> WNWBD MN QDMJK B<LDBB> D>MR
目标:     0 0 0 33 0 0 0 4 0 0 1 68 0 0 3 0 0 0 0 0 0 2 1 0 0 0 0 0 0 0 4 0 0 1 0 0 3
预测:     0 0 0 33 0 0 0 4 0 0 1 68 0 0 3 0 0 0 0 0 0 2 1 0 0 0 0 0 0 0 4 0 0 1 0 0 3
准确率:    1.0000 (37/37)
----------------------------------------

生成的验证样本:
--------------------------------------------------------------------------------
输入:       LTCBWXT> MNW HN> D>CKX LMV<> WL> V<>
目标:     0 1 0 0 8 0 13 9 0 0 0 71 0 0 0 0 0 0 35 0 0 0 3 0 1 6 0 10 7 0 1 0 0 0 0 10 3
预测:     0 1 0 0 8 0 13 9 0 0 0 71 0 0 0 0 0 0 1 17 0 0 3 0 1 6 0 10 7 0 1 0 0 0 0 10 7
准确率:    0.9189 (34/37)
----------------------------------------
输入:       MNW HN> D>CKX LMV<> WL> V<> WLMB>CW
目标:     0 0 71 0 0 0 0 0 0 35 0 0 0 3 0 1 6 0 10 7 0 1 0 0 0 0 10 3 0 1 1 28 0 0 7 0
预测:     0 0 71 0 0 0 0 0 0 1 17 0 0 3 0 1 6 0 10 7 0 1 0 0 0 0 10 3 0 1 1 28 0 0 7 0
准确率:    0.9444 (34/36)
----------------------------------------
⏳ 验证无提升 (验证准确率: 0.9689 ≤ 0.9692)，patience: 5/50

======================================================================
🚀 Epoch 129/200
======================================================================
📚 开始训练阶段...
训练进度: 500/6065 损失=0.0056
训练进度: 1000/6065 损失=0.0007
训练进度: 1500/6065 损失=0.0041
训练进度: 2000/6065 损失=0.0006
训练进度: 2500/6065 损失=0.0019
训练进度: 3000/6065 损失=0.0059
训练进度: 3500/6065 损失=0.0031
训练进度: 4000/6065 损失=0.0001
训练进度: 4500/6065 损失=0.0004
训练进度: 5000/6065 损失=0.0022
训练进度: 5500/6065 损失=0.0006
训练进度: 6000/6065 损失=0.0063
训练进度: 6065/6065 损失=0.0003
✅ 训练完成，耗时: 108.8秒 (1.8分钟)

============================================================
📊 验证决策: Epoch 129/200
   验证间隔: 1
   是否验证: ✅ 是
   原因: 达到验证间隔 (0 == 0)
============================================================

🔍 开始验证...
验证进度: 500/686 损失=0.1572
验证进度: 686/686 损失=1.0871

📊 预测分布分析:
  - 预测的前5个类别: {np.int64(0): 283009, np.int64(1): 36968, np.int64(2): 14747, np.int64(3): 10856, np.int64(4): 8876}
  - 标签的前5个类别: {np.int64(0): 281232, np.int64(1): 36731, np.int64(2): 14789, np.int64(3): 10866, np.int64(4): 8585}
✅ 验证完成，耗时: 4.8秒 (0.1分钟)
训练损失: 0.0056
验证损失: 0.5226
验证准确率: 0.9692 (10626/10964) - 与Levenshtein高度相关
验证F1(加权): 0.9685 - 类别平衡更好
学习率: 0.000029
显存使用: 0.48GB (预留: 0.67GB)

生成的训练样本:
--------------------------------------------------------------------------------
输入:       DL> NMWSJ >TRWT> MPRQJN LHWN MN NMWS>
目标:     0 1 0 0 0 0 0 0 2 0 0 0 0 8 2 23 0 0 28 0 0 7 0 0 0 1 0 0 0 0 0 0 0 0 0 0 4 0
预测:     0 1 0 0 0 0 0 0 2 0 0 0 0 8 2 23 0 0 28 0 0 7 0 0 0 1 0 0 0 0 0 0 0 0 0 0 4 0
准确率:    1.0000 (38/38)
----------------------------------------
输入:       ZK> >RXQ MN >NC> DCLJV LMQVL WL>
目标:     0 0 10 7 6 17 0 0 3 0 0 0 0 0 0 4 0 0 1 0 8 0 40 0 1 6 0 0 7 0 1 0 0
预测:     0 0 10 7 6 17 0 0 3 0 0 0 0 0 0 4 0 0 1 0 8 0 40 0 1 6 0 0 7 0 1 0 0
准确率:    1.0000 (33/33)
----------------------------------------
输入:       >NJN W<BDW MDM DCPJR B<JNJKWN WLGBR> HN>
目标:     0 0 0 0 0 0 36 0 0 3 0 0 0 0 2 0 1 0 0 0 2 0 1 0 0 2 1 0 0 0 0 1 1 0 0 4 0 0 0 0 0
预测:     0 0 0 0 0 0 36 0 0 3 0 0 0 0 2 0 1 0 0 0 2 0 1 0 0 2 1 0 0 0 0 1 1 0 0 4 0 0 0 0 0
准确率:    1.0000 (41/41)
----------------------------------------

生成的验证样本:
--------------------------------------------------------------------------------
输入:       LTCBWXT> MNW HN> D>CKX LMV<> WL> V<>
目标:     0 1 0 0 8 0 13 9 0 0 0 71 0 0 0 0 0 0 35 0 0 0 3 0 1 6 0 10 7 0 1 0 0 0 0 10 3
预测:     0 1 0 0 8 0 13 9 0 0 0 71 0 0 0 0 0 0 1 17 0 0 3 0 1 6 0 10 7 0 1 0 0 0 0 10 7
准确率:    0.9189 (34/37)
----------------------------------------
输入:       MNW HN> D>CKX LMV<> WL> V<> WLMB>CW
目标:     0 0 71 0 0 0 0 0 0 35 0 0 0 3 0 1 6 0 10 7 0 1 0 0 0 0 10 3 0 1 1 28 0 0 7 0
预测:     0 0 71 0 0 0 0 0 0 1 17 0 0 3 0 1 6 0 10 7 0 1 0 0 0 0 10 3 0 1 1 28 0 0 7 0
准确率:    0.9444 (34/36)
----------------------------------------
💾 保存新的最佳模型！验证准确率: 0.9692 (F1: 0.9685) (Epoch 129)

======================================================================
🚀 Epoch 130/200
======================================================================
📚 开始训练阶段...
训练进度: 500/6065 损失=0.0260
训练进度: 1000/6065 损失=0.0155
训练进度: 1500/6065 损失=0.0133
训练进度: 2000/6065 损失=0.0012
训练进度: 2500/6065 损失=0.0070
训练进度: 3000/6065 损失=0.0012
训练进度: 3500/6065 损失=0.0011
训练进度: 4000/6065 损失=0.0003
训练进度: 4500/6065 损失=0.0077
训练进度: 5000/6065 损失=0.0029
训练进度: 5500/6065 损失=0.0096
训练进度: 6000/6065 损失=0.0179
训练进度: 6065/6065 损失=0.0009
✅ 训练完成，耗时: 109.0秒 (1.8分钟)

============================================================
📊 验证决策: Epoch 130/200
   验证间隔: 1
   是否验证: ✅ 是
   原因: 达到验证间隔 (0 == 0)
============================================================

🔍 开始验证...
验证进度: 500/686 损失=0.1590
验证进度: 686/686 损失=1.0895

📊 预测分布分析:
  - 预测的前5个类别: {np.int64(0): 282998, np.int64(1): 36990, np.int64(2): 14760, np.int64(3): 10796, np.int64(4): 9018}
  - 标签的前5个类别: {np.int64(0): 281232, np.int64(1): 36731, np.int64(2): 14789, np.int64(3): 10866, np.int64(4): 8585}
✅ 验证完成，耗时: 4.8秒 (0.1分钟)
训练损失: 0.0056
验证损失: 0.5270
验证准确率: 0.9691 (10624/10964) - 与Levenshtein高度相关
验证F1(加权): 0.9682 - 类别平衡更好
学习率: 0.000028
显存使用: 0.47GB (预留: 0.67GB)

生成的训练样本:
--------------------------------------------------------------------------------
输入:       >R<> WDXLTKWN WZW<TKWN THW> <L KLH XJWT>
目标:     0 0 0 4 0 0 1 0 0 13 1 0 0 0 0 1 0 0 13 1 0 0 0 0 44 0 10 3 0 0 0 0 0 5 12 0 0 0 13 9 0
预测:     0 0 0 4 0 0 1 0 0 13 1 0 0 0 0 1 0 0 13 1 0 0 0 0 44 0 10 3 0 0 0 0 0 5 12 0 0 0 13 9 0
准确率:    1.0000 (41/41)
----------------------------------------
输入:       KWRHN WKL MXWN DL> KTJBN BKTB> HN>
目标:     0 0 0 0 0 2 0 1 0 2 0 0 0 13 0 0 1 0 0 0 0 8 0 7 27 0 1 0 0 15 0 0 0 0 0
预测:     0 0 0 0 0 2 0 1 0 2 0 0 0 13 0 0 1 0 0 0 0 8 0 7 27 0 1 0 0 15 0 0 0 0 0
准确率:    1.0000 (35/35)
----------------------------------------
输入:       D>JSRJL >MLK JWTM BR <WZJ> MLK> DJHWD>
目标:     0 1 0 0 0 0 0 2 0 17 0 0 33 0 0 0 0 2 0 0 2 0 0 0 0 0 2 0 0 0 4 0 0 1 0 0 0 0 2
预测:     0 1 0 0 0 0 0 2 0 17 0 0 33 0 0 0 0 2 0 0 2 0 0 0 0 0 2 0 0 0 4 0 0 1 0 0 0 0 2
准确率:    1.0000 (39/39)
----------------------------------------

生成的验证样本:
--------------------------------------------------------------------------------
输入:       LTCBWXT> MNW HN> D>CKX LMV<> WL> V<>
目标:     0 1 0 0 8 0 13 9 0 0 0 71 0 0 0 0 0 0 35 0 0 0 3 0 1 6 0 10 7 0 1 0 0 0 0 10 3
预测:     0 1 0 0 8 0 13 9 0 0 0 71 0 0 0 0 0 0 1 17 0 0 3 0 1 6 0 10 7 0 1 0 0 0 0 10 3
准确率:    0.9459 (35/37)
----------------------------------------
输入:       MNW HN> D>CKX LMV<> WL> V<> WLMB>CW
目标:     0 0 71 0 0 0 0 0 0 35 0 0 0 3 0 1 6 0 10 7 0 1 0 0 0 0 10 3 0 1 1 28 0 0 7 0
预测:     0 0 71 0 0 0 0 0 0 1 17 0 0 3 0 1 6 0 10 7 0 1 0 0 0 0 10 3 0 1 1 28 0 0 7 0
准确率:    0.9444 (34/36)
----------------------------------------
⏳ 验证无提升 (验证准确率: 0.9691 ≤ 0.9692)，patience: 1/50

======================================================================
🚀 Epoch 131/200
======================================================================
📚 开始训练阶段...
训练进度: 500/6065 损失=0.0009
训练进度: 1000/6065 损失=0.0008
训练进度: 1500/6065 损失=0.0001
训练进度: 2000/6065 损失=0.0102
训练进度: 2500/6065 损失=0.0143
训练进度: 3000/6065 损失=0.0026
训练进度: 3500/6065 损失=0.0031
训练进度: 4000/6065 损失=0.0091
训练进度: 4500/6065 损失=0.0030
训练进度: 5000/6065 损失=0.0096
训练进度: 5500/6065 损失=0.0003
训练进度: 6000/6065 损失=0.0034
训练进度: 6065/6065 损失=0.0108
✅ 训练完成，耗时: 108.8秒 (1.8分钟)

============================================================
📊 验证决策: Epoch 131/200
   验证间隔: 1
   是否验证: ✅ 是
   原因: 达到验证间隔 (0 == 0)
============================================================

🔍 开始验证...
验证进度: 500/686 损失=0.2056
验证进度: 686/686 损失=1.1997

📊 预测分布分析:
  - 预测的前5个类别: {np.int64(0): 283041, np.int64(1): 36961, np.int64(2): 14781, np.int64(3): 10919, np.int64(4): 8957}
  - 标签的前5个类别: {np.int64(0): 281232, np.int64(1): 36731, np.int64(2): 14789, np.int64(3): 10866, np.int64(4): 8585}
✅ 验证完成，耗时: 4.9秒 (0.1分钟)
训练损失: 0.0053
验证损失: 0.5314
验证准确率: 0.9691 (10625/10964) - 与Levenshtein高度相关
验证F1(加权): 0.9683 - 类别平衡更好
学习率: 0.000027
显存使用: 0.48GB (预留: 0.67GB)

生成的训练样本:
--------------------------------------------------------------------------------
输入:       JM> PTX JWNN PWMH K>N> NJNW> CM<T
目标:     0 0 4 0 0 0 0 3 0 0 0 0 2 0 0 0 5 0 0 0 0 4 0 0 0 0 0 0 2 0 0 0 3 26
预测:     0 0 4 0 0 0 0 3 0 0 0 0 2 0 0 0 5 0 0 0 0 4 0 0 0 0 0 0 2 0 0 0 3 26
准确率:    1.0000 (34/34)
----------------------------------------
输入:       <L DPLXW L<GL> D<BD >HRWN W>MR MRJ>
目标:     0 0 0 0 1 0 0 3 0 0 1 0 0 15 0 0 1 0 0 3 0 0 0 0 0 2 0 1 0 0 3 0 0 0 0 2
预测:     0 0 0 0 1 0 0 3 0 0 1 0 0 15 0 0 1 0 0 3 0 0 0 0 0 2 0 1 0 0 3 0 0 0 0 2
准确率:    1.0000 (36/36)
----------------------------------------
输入:       D>WLD LXNWK TMNM>> CNJN W>WLD BNJ> WBNT>
目标:     0 1 50 0 0 3 0 1 0 0 0 2 0 0 0 56 0 0 2 0 0 13 0 0 0 1 50 0 0 3 0 0 2 9 0 0 1 0 22 23 0
预测:     0 1 50 0 0 3 0 1 0 0 0 2 0 0 0 56 0 0 2 0 0 13 0 0 0 1 50 0 0 3 0 0 2 9 0 0 1 0 22 23 0
准确率:    1.0000 (41/41)
----------------------------------------

生成的验证样本:
--------------------------------------------------------------------------------
输入:       LTCBWXT> MNW HN> D>CKX LMV<> WL> V<>
目标:     0 1 0 0 8 0 13 9 0 0 0 71 0 0 0 0 0 0 35 0 0 0 3 0 1 6 0 10 7 0 1 0 0 0 0 10 3
预测:     0 1 0 0 8 0 13 9 0 0 0 71 0 0 0 0 0 0 1 17 0 0 3 0 1 6 0 10 7 0 1 0 0 0 0 10 7
准确率:    0.9189 (34/37)
----------------------------------------
输入:       MNW HN> D>CKX LMV<> WL> V<> WLMB>CW
目标:     0 0 71 0 0 0 0 0 0 35 0 0 0 3 0 1 6 0 10 7 0 1 0 0 0 0 10 3 0 1 1 28 0 0 7 0
预测:     0 0 71 0 0 0 0 0 0 1 17 0 0 3 0 1 6 0 10 7 0 1 0 0 0 0 10 3 0 1 1 28 0 0 7 0
准确率:    0.9444 (34/36)
----------------------------------------
⏳ 验证无提升 (验证准确率: 0.9691 ≤ 0.9692)，patience: 2/50

======================================================================
🚀 Epoch 132/200
======================================================================
📚 开始训练阶段...
训练进度: 500/6065 损失=0.0058
训练进度: 1000/6065 损失=0.0002
训练进度: 1500/6065 损失=0.0007
训练进度: 2000/6065 损失=0.0130
训练进度: 2500/6065 损失=0.0071
训练进度: 3000/6065 损失=0.0006
训练进度: 3500/6065 损失=0.0075
训练进度: 4000/6065 损失=0.0017
训练进度: 4500/6065 损失=0.0019
训练进度: 5000/6065 损失=0.0010
训练进度: 5500/6065 损失=0.0043
训练进度: 6000/6065 损失=0.0004
训练进度: 6065/6065 损失=0.0013
✅ 训练完成，耗时: 108.8秒 (1.8分钟)

============================================================
📊 验证决策: Epoch 132/200
   验证间隔: 1
   是否验证: ✅ 是
   原因: 达到验证间隔 (0 == 0)
============================================================

🔍 开始验证...
验证进度: 500/686 损失=0.2353
验证进度: 686/686 损失=1.0527

📊 预测分布分析:
  - 预测的前5个类别: {np.int64(0): 282821, np.int64(1): 37006, np.int64(2): 14791, np.int64(3): 10842, np.int64(4): 9043}
  - 标签的前5个类别: {np.int64(0): 281232, np.int64(1): 36731, np.int64(2): 14789, np.int64(3): 10866, np.int64(4): 8585}
✅ 验证完成，耗时: 4.8秒 (0.1分钟)
训练损失: 0.0052
验证损失: 0.5264
验证准确率: 0.9693 (10627/10964) - 与Levenshtein高度相关
验证F1(加权): 0.9686 - 类别平衡更好
学习率: 0.000027
显存使用: 0.48GB (预留: 0.67GB)

生成的训练样本:
--------------------------------------------------------------------------------
输入:       DYB> BXD> MN QWRJK >TR DCPJR LH
目标:     0 1 0 10 7 0 1 0 2 0 0 0 0 0 0 0 100 1 0 0 0 0 2 0 1 0 0 0 2 0 1 0
预测:     0 1 0 10 7 0 1 0 2 0 0 0 0 0 0 0 100 1 0 0 0 0 2 0 1 0 0 0 2 0 1 0
准确率:    1.0000 (32/32)
----------------------------------------
输入:       DLJT LKJ PWRQN> B>LHKJ W>NT MRJ> MSJ<NJ
目标:     0 1 58 0 24 0 1 0 0 0 0 0 0 0 4 0 0 1 0 0 5 0 0 0 1 0 0 0 0 0 0 0 2 0 0 0 0 0 5 0
预测:     0 1 58 0 24 0 1 0 0 0 0 0 0 0 4 0 0 1 0 0 5 0 0 0 1 0 0 0 0 0 0 0 2 0 0 0 0 0 5 0
准确率:    1.0000 (40/40)
----------------------------------------
输入:       MNK W>MR PR<WN LJWSP XZJ D>CLVTK <L
目标:     0 0 1 0 0 1 0 0 3 0 0 0 0 0 2 0 1 0 0 0 2 6 0 0 3 0 1 17 0 0 3 1 0 0 0 0
预测:     0 0 1 0 0 1 0 0 3 0 0 0 0 0 2 0 1 0 0 0 2 6 0 0 3 0 1 17 0 0 3 1 0 0 0 0
准确率:    1.0000 (36/36)
----------------------------------------

生成的验证样本:
--------------------------------------------------------------------------------
输入:       LTCBWXT> MNW HN> D>CKX LMV<> WL> V<>
目标:     0 1 0 0 8 0 13 9 0 0 0 71 0 0 0 0 0 0 35 0 0 0 3 0 1 6 0 10 7 0 1 0 0 0 0 10 3
预测:     0 1 0 0 8 0 13 9 0 0 0 71 0 0 0 0 0 0 1 17 0 0 3 0 1 6 0 10 7 0 1 0 0 0 0 10 3
准确率:    0.9459 (35/37)
----------------------------------------
输入:       MNW HN> D>CKX LMV<> WL> V<> WLMB>CW
目标:     0 0 71 0 0 0 0 0 0 35 0 0 0 3 0 1 6 0 10 7 0 1 0 0 0 0 10 3 0 1 1 28 0 0 7 0
预测:     0 0 71 0 0 0 0 0 0 1 17 0 0 3 0 1 6 0 10 7 0 1 0 0 0 0 10 3 0 1 1 28 0 0 7 0
准确率:    0.9444 (34/36)
----------------------------------------
💾 保存新的最佳模型！验证准确率: 0.9693 (F1: 0.9686) (Epoch 132)

======================================================================
🚀 Epoch 133/200
======================================================================
📚 开始训练阶段...
训练进度: 500/6065 损失=0.0010
训练进度: 1000/6065 损失=0.0020
训练进度: 1500/6065 损失=0.0007
训练进度: 2000/6065 损失=0.0003
训练进度: 2500/6065 损失=0.0095
训练进度: 3000/6065 损失=0.0012
训练进度: 3500/6065 损失=0.0094
训练进度: 4000/6065 损失=0.0012
训练进度: 4500/6065 损失=0.0132
训练进度: 5000/6065 损失=0.0057
训练进度: 5500/6065 损失=0.0118
训练进度: 6000/6065 损失=0.0036
训练进度: 6065/6065 损失=0.0017
✅ 训练完成，耗时: 108.4秒 (1.8分钟)

============================================================
📊 验证决策: Epoch 133/200
   验证间隔: 1
   是否验证: ✅ 是
   原因: 达到验证间隔 (0 == 0)
============================================================

🔍 开始验证...
验证进度: 500/686 损失=0.1868
验证进度: 686/686 损失=1.0872

📊 预测分布分析:
  - 预测的前5个类别: {np.int64(0): 283056, np.int64(1): 36982, np.int64(2): 14779, np.int64(3): 10982, np.int64(4): 9017}
  - 标签的前5个类别: {np.int64(0): 281232, np.int64(1): 36731, np.int64(2): 14789, np.int64(3): 10866, np.int64(4): 8585}
✅ 验证完成，耗时: 4.9秒 (0.1分钟)
训练损失: 0.0049
验证损失: 0.5389
验证准确率: 0.9691 (10625/10964) - 与Levenshtein高度相关
验证F1(加权): 0.9683 - 类别平衡更好
学习率: 0.000026
显存使用: 0.48GB (预留: 0.67GB)

生成的训练样本:
--------------------------------------------------------------------------------
输入:       <L VWR> WMN BTR TRJN JRXJN >TT
目标:     0 0 0 0 0 0 11 0 0 1 0 0 0 0 0 0 0 0 2 0 12 0 0 0 2 0 0 0 0 18 26
预测:     0 0 0 0 0 0 11 0 0 1 0 0 0 0 0 0 0 0 2 0 12 0 0 0 2 0 0 0 0 18 26
准确率:    1.0000 (31/31)
----------------------------------------
输入:       MLK> GBR> HW> DBRJR VB WKD GMR
目标:     0 0 0 4 0 0 0 0 4 0 0 0 10 3 0 1 0 8 0 40 0 0 2 0 1 0 0 0 0 0 3
预测:     0 0 0 4 0 0 0 0 4 0 0 0 10 3 0 1 0 8 0 40 0 0 2 0 1 0 0 0 0 0 3
准确率:    1.0000 (31/31)
----------------------------------------
输入:       LH M> LKJ HGR L> TDXLJN MVL
目标:     0 1 12 0 0 0 0 1 0 0 0 0 0 2 0 0 0 0 6 0 0 3 0 0 0 0 0 0
预测:     0 1 12 0 0 0 0 1 0 0 0 0 0 2 0 0 0 0 6 0 0 3 0 0 0 0 0 0
准确率:    1.0000 (28/28)
----------------------------------------

生成的验证样本:
--------------------------------------------------------------------------------
输入:       LTCBWXT> MNW HN> D>CKX LMV<> WL> V<>
目标:     0 1 0 0 8 0 13 9 0 0 0 71 0 0 0 0 0 0 35 0 0 0 3 0 1 6 0 10 7 0 1 0 0 0 0 10 3
预测:     0 1 0 0 8 0 13 9 0 0 0 71 0 0 0 0 0 0 1 17 0 0 3 0 1 6 0 10 7 0 1 0 0 0 0 10 7
准确率:    0.9189 (34/37)
----------------------------------------
输入:       MNW HN> D>CKX LMV<> WL> V<> WLMB>CW
目标:     0 0 71 0 0 0 0 0 0 35 0 0 0 3 0 1 6 0 10 7 0 1 0 0 0 0 10 3 0 1 1 28 0 0 7 0
预测:     0 0 71 0 0 0 0 0 0 1 17 0 0 3 0 1 6 0 10 7 0 1 0 0 0 0 10 3 0 1 1 28 0 0 7 0
准确率:    0.9444 (34/36)
----------------------------------------
⏳ 验证无提升 (验证准确率: 0.9691 ≤ 0.9693)，patience: 1/50

======================================================================
🚀 Epoch 134/200
======================================================================
📚 开始训练阶段...
训练进度: 500/6065 损失=0.0089
训练进度: 1000/6065 损失=0.0123
训练进度: 1500/6065 损失=0.0033
训练进度: 2000/6065 损失=0.0019
训练进度: 2500/6065 损失=0.0083
训练进度: 3000/6065 损失=0.0084
训练进度: 3500/6065 损失=0.0010
训练进度: 4000/6065 损失=0.0029
训练进度: 4500/6065 损失=0.0077
训练进度: 5000/6065 损失=0.0148
训练进度: 5500/6065 损失=0.0052
训练进度: 6000/6065 损失=0.0105
训练进度: 6065/6065 损失=0.0075
✅ 训练完成，耗时: 109.2秒 (1.8分钟)

============================================================
📊 验证决策: Epoch 134/200
   验证间隔: 1
   是否验证: ✅ 是
   原因: 达到验证间隔 (0 == 0)
============================================================

🔍 开始验证...
验证进度: 500/686 损失=0.1836
验证进度: 686/686 损失=1.1710

📊 预测分布分析:
  - 预测的前5个类别: {np.int64(0): 282935, np.int64(1): 37033, np.int64(2): 14781, np.int64(3): 10851, np.int64(4): 9061}
  - 标签的前5个类别: {np.int64(0): 281232, np.int64(1): 36731, np.int64(2): 14789, np.int64(3): 10866, np.int64(4): 8585}
✅ 验证完成，耗时: 4.9秒 (0.1分钟)
训练损失: 0.0050
验证损失: 0.5407
验证准确率: 0.9693 (10627/10964) - 与Levenshtein高度相关
验证F1(加权): 0.9684 - 类别平衡更好
学习率: 0.000025
显存使用: 0.48GB (预留: 0.67GB)

生成的训练样本:
--------------------------------------------------------------------------------
输入:       <BRW NXL> DZRD W<BRN NXL> DZRD WJWMT>
目标:     6 0 0 3 0 0 0 0 4 0 0 1 0 0 2 0 1 0 0 3 0 0 0 0 4 0 0 1 0 0 2 0 1 0 0 2 23 0
预测:     6 0 0 3 0 0 0 0 4 0 0 1 0 0 2 0 1 0 0 3 0 0 0 0 4 0 0 1 0 0 2 0 1 0 0 2 23 0
准确率:    1.0000 (38/38)
----------------------------------------
输入:       BYHJWN >WD<W B<MM> >MN> DJLH MVL DHW
目标:     0 1 0 0 0 0 2 6 50 0 0 3 0 0 1 0 8 30 0 0 0 0 30 0 0 0 0 1 0 0 0 0 0 0 1 0 0
预测:     0 1 0 0 0 0 2 6 50 0 0 3 0 0 1 0 8 30 0 0 0 0 30 0 0 0 0 1 0 0 0 0 0 0 1 0 0
准确率:    1.0000 (37/37)
----------------------------------------
输入:       W>MR MRJ> >LH> LXWJ> <L D<BDT HD>
目标:     0 1 0 0 3 0 0 0 0 2 0 0 0 4 0 0 1 0 0 15 0 0 0 0 0 1 0 0 3 12 0 0 0 0
预测:     0 1 0 0 3 0 0 0 0 2 0 0 0 4 0 0 1 0 0 15 0 0 0 0 0 1 0 0 3 12 0 0 0 0
准确率:    1.0000 (34/34)
----------------------------------------

生成的验证样本:
--------------------------------------------------------------------------------
输入:       LTCBWXT> MNW HN> D>CKX LMV<> WL> V<>
目标:     0 1 0 0 8 0 13 9 0 0 0 71 0 0 0 0 0 0 35 0 0 0 3 0 1 6 0 10 7 0 1 0 0 0 0 10 3
预测:     0 1 0 0 8 0 13 9 0 0 0 71 0 0 0 0 0 0 1 17 0 0 3 0 1 6 0 10 7 0 1 0 0 0 0 10 3
准确率:    0.9459 (35/37)
----------------------------------------
输入:       MNW HN> D>CKX LMV<> WL> V<> WLMB>CW
目标:     0 0 71 0 0 0 0 0 0 35 0 0 0 3 0 1 6 0 10 7 0 1 0 0 0 0 10 3 0 1 1 28 0 0 7 0
预测:     0 0 71 0 0 0 0 0 0 1 17 0 0 3 0 1 6 0 10 7 0 1 0 0 0 0 10 3 0 1 1 28 0 0 7 0
准确率:    0.9444 (34/36)
----------------------------------------
⏳ 验证无提升 (验证准确率: 0.9693 ≤ 0.9693)，patience: 2/50

======================================================================
🚀 Epoch 135/200
======================================================================
📚 开始训练阶段...
训练进度: 500/6065 损失=0.0043
训练进度: 1000/6065 损失=0.0093
训练进度: 1500/6065 损失=0.0022
训练进度: 2000/6065 损失=0.0004
训练进度: 2500/6065 损失=0.0024
训练进度: 3000/6065 损失=0.0118
训练进度: 3500/6065 损失=0.0013
训练进度: 4000/6065 损失=0.0005
训练进度: 4500/6065 损失=0.0016
训练进度: 5000/6065 损失=0.0004
训练进度: 5500/6065 损失=0.0024
训练进度: 6000/6065 损失=0.0134
训练进度: 6065/6065 损失=0.0177
✅ 训练完成，耗时: 109.6秒 (1.8分钟)

============================================================
📊 验证决策: Epoch 135/200
   验证间隔: 1
   是否验证: ✅ 是
   原因: 达到验证间隔 (0 == 0)
============================================================

🔍 开始验证...
验证进度: 500/686 损失=0.1607
验证进度: 686/686 损失=1.2344

📊 预测分布分析:
  - 预测的前5个类别: {np.int64(0): 283038, np.int64(1): 37029, np.int64(2): 14728, np.int64(3): 10916, np.int64(4): 8986}
  - 标签的前5个类别: {np.int64(0): 281232, np.int64(1): 36731, np.int64(2): 14789, np.int64(3): 10866, np.int64(4): 8585}
✅ 验证完成，耗时: 4.9秒 (0.1分钟)
训练损失: 0.0047
验证损失: 0.5430
验证准确率: 0.9692 (10626/10964) - 与Levenshtein高度相关
验证F1(加权): 0.9684 - 类别平衡更好
学习率: 0.000025
显存使用: 0.48GB (预留: 0.67GB)

生成的训练样本:
--------------------------------------------------------------------------------
输入:       MWC> W>MR LHWN MN BTR CB< CNJN
目标:     0 0 0 0 2 0 1 0 0 3 0 1 0 0 0 0 0 0 0 0 0 0 0 0 0 2 0 0 13 0 0
预测:     0 0 0 0 2 0 1 0 0 3 0 1 0 0 0 0 0 0 0 0 0 0 0 0 0 2 0 0 13 0 0
准确率:    1.0000 (31/31)
----------------------------------------
输入:       MVL DL> JHB >N> LK MN >R<HWN
目标:     0 0 0 0 0 1 0 0 0 0 0 7 0 0 0 0 0 1 0 0 0 0 0 0 0 5 0 0 0
预测:     0 0 0 0 0 1 0 0 0 0 0 7 0 0 0 0 0 1 0 0 0 0 0 0 0 5 0 0 0
准确率:    1.0000 (29/29)
----------------------------------------
输入:       LK MK> MVL DXBL <MK D>PQT MN
目标:     0 1 0 0 0 0 0 0 0 0 0 0 1 0 0 16 0 0 37 0 0 1 72 0 3 12 0 0 0
预测:     0 1 0 0 0 0 0 0 0 0 0 0 1 0 0 16 0 0 37 0 0 1 72 0 3 12 0 0 0
准确率:    1.0000 (29/29)
----------------------------------------

生成的验证样本:
--------------------------------------------------------------------------------
输入:       LTCBWXT> MNW HN> D>CKX LMV<> WL> V<>
目标:     0 1 0 0 8 0 13 9 0 0 0 71 0 0 0 0 0 0 35 0 0 0 3 0 1 6 0 10 7 0 1 0 0 0 0 10 3
预测:     0 1 0 0 8 0 13 9 0 0 0 71 0 0 0 0 0 0 1 17 0 0 3 0 1 6 0 10 7 0 1 0 0 0 0 10 3
准确率:    0.9459 (35/37)
----------------------------------------
输入:       MNW HN> D>CKX LMV<> WL> V<> WLMB>CW
目标:     0 0 71 0 0 0 0 0 0 35 0 0 0 3 0 1 6 0 10 7 0 1 0 0 0 0 10 3 0 1 1 28 0 0 7 0
预测:     0 0 71 0 0 0 0 0 0 1 17 0 0 3 0 1 6 0 10 7 0 1 0 0 0 0 10 3 0 1 1 28 0 0 7 0
准确率:    0.9444 (34/36)
----------------------------------------
⏳ 验证无提升 (验证准确率: 0.9692 ≤ 0.9693)，patience: 3/50

======================================================================
🚀 Epoch 136/200
======================================================================
📚 开始训练阶段...
训练进度: 500/6065 损失=0.0009
训练进度: 1000/6065 损失=0.0028
训练进度: 1500/6065 损失=0.0015
训练进度: 2000/6065 损失=0.0019
训练进度: 2500/6065 损失=0.0077
训练进度: 3000/6065 损失=0.0033
训练进度: 3500/6065 损失=0.0273
训练进度: 4000/6065 损失=0.0024
训练进度: 4500/6065 损失=0.0028
训练进度: 5000/6065 损失=0.0006
训练进度: 5500/6065 损失=0.0003
训练进度: 6000/6065 损失=0.0009
训练进度: 6065/6065 损失=0.0123
✅ 训练完成，耗时: 109.4秒 (1.8分钟)

============================================================
📊 验证决策: Epoch 136/200
   验证间隔: 1
   是否验证: ✅ 是
   原因: 达到验证间隔 (0 == 0)
============================================================

🔍 开始验证...
验证进度: 500/686 损失=0.1433
验证进度: 686/686 损失=1.1198

📊 预测分布分析:
  - 预测的前5个类别: {np.int64(0): 282810, np.int64(1): 37056, np.int64(2): 14762, np.int64(3): 10822, np.int64(4): 8863}
  - 标签的前5个类别: {np.int64(0): 281232, np.int64(1): 36731, np.int64(2): 14789, np.int64(3): 10866, np.int64(4): 8585}
✅ 验证完成，耗时: 4.9秒 (0.1分钟)
训练损失: 0.0047
验证损失: 0.5446
验证准确率: 0.9689 (10622/10964) - 与Levenshtein高度相关
验证F1(加权): 0.9682 - 类别平衡更好
学习率: 0.000024
显存使用: 0.48GB (预留: 0.67GB)

生成的训练样本:
--------------------------------------------------------------------------------
输入:       XLP D<BDT DCPJR QDMJ WKL DBLBJ <BDT
目标:     0 0 0 2 0 1 0 0 3 12 0 1 0 0 0 2 0 0 0 2 46 0 1 0 2 0 1 1 0 5 0 0 0 0 3 12
预测:     0 0 0 2 0 1 0 0 3 12 0 1 0 0 0 2 0 0 0 2 46 0 1 0 2 0 1 1 0 5 0 0 0 0 3 12
准确率:    1.0000 (36/36)
----------------------------------------
输入:       BMTQLJ QWDC> <SRJN ZWZJN MTQL> PLGWT MTQL>
目标:     0 1 0 0 0 2 0 0 0 0 0 4 0 0 0 0 2 0 0 0 0 0 2 0 0 0 0 0 0 4 0 0 0 0 0 22 0 0 0 0 0 4 0
预测:     0 1 0 0 0 2 0 0 0 0 0 4 0 0 0 0 2 0 0 0 0 0 2 0 0 0 0 0 0 4 0 0 0 0 0 22 0 0 0 0 0 4 0
准确率:    1.0000 (43/43)
----------------------------------------
输入:       MTDKR JWM> DNPQT BH MN MYRJN KLHWN
目标:     0 21 14 0 0 7 0 0 0 4 0 0 1 0 0 3 12 0 1 0 0 0 0 0 0 0 0 0 2 0 0 5 0 0 0
预测:     0 21 14 0 0 7 0 0 0 4 0 0 1 0 0 3 12 0 1 0 0 0 0 0 0 0 0 0 2 0 0 5 0 0 0
准确率:    1.0000 (35/35)
----------------------------------------

生成的验证样本:
--------------------------------------------------------------------------------
输入:       LTCBWXT> MNW HN> D>CKX LMV<> WL> V<>
目标:     0 1 0 0 8 0 13 9 0 0 0 71 0 0 0 0 0 0 35 0 0 0 3 0 1 6 0 10 7 0 1 0 0 0 0 10 3
预测:     0 1 0 0 8 0 13 9 0 0 0 71 0 0 0 0 0 0 1 17 0 0 3 0 1 6 0 10 7 0 1 0 0 0 0 10 7
准确率:    0.9189 (34/37)
----------------------------------------
输入:       MNW HN> D>CKX LMV<> WL> V<> WLMB>CW
目标:     0 0 71 0 0 0 0 0 0 35 0 0 0 3 0 1 6 0 10 7 0 1 0 0 0 0 10 3 0 1 1 28 0 0 7 0
预测:     0 0 71 0 0 0 0 0 0 1 17 0 0 3 0 1 6 0 10 7 0 1 0 0 0 0 10 3 0 1 1 28 0 0 7 0
准确率:    0.9444 (34/36)
----------------------------------------
⏳ 验证无提升 (验证准确率: 0.9689 ≤ 0.9693)，patience: 4/50

======================================================================
🚀 Epoch 137/200
======================================================================
📚 开始训练阶段...
训练进度: 500/6065 损失=0.0082
训练进度: 1000/6065 损失=0.0011
训练进度: 1500/6065 损失=0.0241
训练进度: 2000/6065 损失=0.0001
训练进度: 2500/6065 损失=0.0025
训练进度: 3000/6065 损失=0.0229
训练进度: 3500/6065 损失=0.0002
训练进度: 4000/6065 损失=0.0006
训练进度: 4500/6065 损失=0.0187
训练进度: 5000/6065 损失=0.0041
训练进度: 5500/6065 损失=0.0002
训练进度: 6000/6065 损失=0.0008
训练进度: 6065/6065 损失=0.0024
✅ 训练完成，耗时: 109.5秒 (1.8分钟)

============================================================
📊 验证决策: Epoch 137/200
   验证间隔: 1
   是否验证: ✅ 是
   原因: 达到验证间隔 (0 == 0)
============================================================

🔍 开始验证...
验证进度: 500/686 损失=0.2424
验证进度: 686/686 损失=1.1363

📊 预测分布分析:
  - 预测的前5个类别: {np.int64(0): 282975, np.int64(1): 37041, np.int64(2): 14745, np.int64(3): 10870, np.int64(4): 9096}
  - 标签的前5个类别: {np.int64(0): 281232, np.int64(1): 36731, np.int64(2): 14789, np.int64(3): 10866, np.int64(4): 8585}
✅ 验证完成，耗时: 4.9秒 (0.1分钟)
训练损失: 0.0045
验证损失: 0.5516
验证准确率: 0.9689 (10623/10964) - 与Levenshtein高度相关
验证F1(加权): 0.9681 - 类别平衡更好
学习率: 0.000023
显存使用: 0.48GB (预留: 0.67GB)

生成的训练样本:
--------------------------------------------------------------------------------
输入:       WL> TBHT LMWDJW BTWQLTK L> TKL> PTGM>
目标:     0 1 0 0 0 6 0 0 3 0 1 63 0 0 7 0 0 1 0 0 0 13 32 0 0 0 0 0 6 0 10 3 0 0 0 0 4 0
预测:     0 1 0 0 0 6 0 0 3 0 1 63 0 0 7 0 0 1 0 0 0 13 32 0 0 0 0 0 6 0 10 3 0 0 0 0 4 0
准确率:    1.0000 (38/38)
----------------------------------------
输入:       KD TSBWN HKJL HD> >GRTJ QR>WH BKNCJKWN
目标:     0 0 0 0 34 0 3 0 0 0 0 0 0 0 0 0 0 0 0 0 0 13 1 0 6 0 10 3 1 12 0 1 0 0 22 1 0 0 0
预测:     0 0 0 0 34 0 3 0 0 0 0 0 0 0 0 0 0 0 0 0 0 13 1 0 6 0 10 3 1 12 0 1 0 0 22 1 0 0 0
准确率:    1.0000 (39/39)
----------------------------------------
输入:       DBXVH> >CTDJ MN >TRH >JK MDM BZDJQWT>
目标:     0 1 1 0 0 11 0 0 47 39 0 0 3 0 0 0 0 0 0 5 0 0 0 0 0 0 0 0 2 0 1 0 0 0 0 2 9 0
预测:     0 1 1 0 0 11 0 0 47 39 0 0 3 0 0 0 0 0 0 5 0 0 0 0 0 0 0 0 2 0 1 0 0 0 0 2 9 0
准确率:    1.0000 (38/38)
----------------------------------------

生成的验证样本:
--------------------------------------------------------------------------------
输入:       LTCBWXT> MNW HN> D>CKX LMV<> WL> V<>
目标:     0 1 0 0 8 0 13 9 0 0 0 71 0 0 0 0 0 0 35 0 0 0 3 0 1 6 0 10 7 0 1 0 0 0 0 10 3
预测:     0 1 0 0 8 0 13 9 0 0 0 71 0 0 0 0 0 0 1 17 0 0 3 0 1 6 0 10 7 0 1 0 0 0 0 10 7
准确率:    0.9189 (34/37)
----------------------------------------
输入:       MNW HN> D>CKX LMV<> WL> V<> WLMB>CW
目标:     0 0 71 0 0 0 0 0 0 35 0 0 0 3 0 1 6 0 10 7 0 1 0 0 0 0 10 3 0 1 1 28 0 0 7 0
预测:     0 0 71 0 0 0 0 0 0 1 17 0 0 3 0 1 6 0 10 7 0 1 0 0 0 0 10 7 0 1 1 28 0 0 7 0
准确率:    0.9167 (33/36)
----------------------------------------
⏳ 验证无提升 (验证准确率: 0.9689 ≤ 0.9693)，patience: 5/50

======================================================================
🚀 Epoch 138/200
======================================================================
📚 开始训练阶段...
训练进度: 500/6065 损失=0.0079
训练进度: 1000/6065 损失=0.0062
训练进度: 1500/6065 损失=0.0063
训练进度: 2000/6065 损失=0.0001
训练进度: 2500/6065 损失=0.0009
训练进度: 3000/6065 损失=0.0007
训练进度: 3500/6065 损失=0.0048
训练进度: 4000/6065 损失=0.0057
训练进度: 4500/6065 损失=0.0192
训练进度: 5000/6065 损失=0.0029
训练进度: 5500/6065 损失=0.0010
训练进度: 6000/6065 损失=0.0015
训练进度: 6065/6065 损失=0.0134
✅ 训练完成，耗时: 108.4秒 (1.8分钟)

============================================================
📊 验证决策: Epoch 138/200
   验证间隔: 1
   是否验证: ✅ 是
   原因: 达到验证间隔 (0 == 0)
============================================================

🔍 开始验证...
验证进度: 500/686 损失=0.1778
验证进度: 686/686 损失=1.0172

📊 预测分布分析:
  - 预测的前5个类别: {np.int64(0): 282884, np.int64(1): 37026, np.int64(2): 14800, np.int64(3): 10887, np.int64(4): 8934}
  - 标签的前5个类别: {np.int64(0): 281232, np.int64(1): 36731, np.int64(2): 14789, np.int64(3): 10866, np.int64(4): 8585}
✅ 验证完成，耗时: 4.8秒 (0.1分钟)
训练损失: 0.0045
验证损失: 0.5476
验证准确率: 0.9690 (10623/10964) - 与Levenshtein高度相关
验证F1(加权): 0.9682 - 类别平衡更好
学习率: 0.000023
显存使用: 0.48GB (预留: 0.67GB)

生成的训练样本:
--------------------------------------------------------------------------------
输入:       >DXL MN BJCT> MVL D>NT <MJ CBVK
目标:     0 6 0 0 3 0 0 0 0 0 0 13 9 0 0 0 0 0 0 1 0 0 0 0 0 1 0 0 0 0 5 0
预测:     0 6 0 0 3 0 0 0 0 0 0 13 9 0 0 0 0 0 0 1 0 0 0 0 0 1 0 0 0 0 5 0
准确率:    1.0000 (32/32)
----------------------------------------
输入:       <LJHWN W>JKN> MHPK >NT >P> DXD MN
目标:     0 0 8 1 0 0 0 0 1 0 0 0 8 0 0 28 0 0 7 0 0 0 0 0 54 11 0 0 1 0 2 0 0 0
预测:     0 0 8 1 0 0 0 0 1 0 0 0 8 0 0 28 0 0 7 0 0 0 0 0 54 11 0 0 1 0 2 0 0 0
准确率:    1.0000 (34/34)
----------------------------------------
输入:       L> CLJV LH LB<LH QDMJ> DCBQH DNXDR
目标:     0 0 0 0 0 0 0 2 0 1 0 0 1 0 0 5 12 0 0 0 0 4 0 0 1 0 0 29 12 0 1 6 0 0 33
预测:     0 0 0 0 0 0 0 2 0 1 0 0 1 0 0 5 12 0 0 0 0 4 0 0 1 0 0 29 12 0 1 6 0 0 33
准确率:    1.0000 (35/35)
----------------------------------------

生成的验证样本:
--------------------------------------------------------------------------------
输入:       LTCBWXT> MNW HN> D>CKX LMV<> WL> V<>
目标:     0 1 0 0 8 0 13 9 0 0 0 71 0 0 0 0 0 0 35 0 0 0 3 0 1 6 0 10 7 0 1 0 0 0 0 10 3
预测:     0 1 0 0 8 0 13 9 0 0 0 71 0 0 0 0 0 0 1 17 0 0 3 0 1 6 0 10 7 0 1 0 0 0 0 10 7
准确率:    0.9189 (34/37)
----------------------------------------
输入:       MNW HN> D>CKX LMV<> WL> V<> WLMB>CW
目标:     0 0 71 0 0 0 0 0 0 35 0 0 0 3 0 1 6 0 10 7 0 1 0 0 0 0 10 3 0 1 1 28 0 0 7 0
预测:     0 0 71 0 0 0 0 0 0 1 17 0 0 3 0 1 6 0 10 7 0 1 0 0 0 0 10 3 0 1 1 28 0 0 7 0
准确率:    0.9444 (34/36)
----------------------------------------
⏳ 验证无提升 (验证准确率: 0.9690 ≤ 0.9693)，patience: 6/50

======================================================================
🚀 Epoch 139/200
======================================================================
📚 开始训练阶段...
训练进度: 500/6065 损失=0.0012
训练进度: 1000/6065 损失=0.0008
训练进度: 1500/6065 损失=0.0260
训练进度: 2000/6065 损失=0.0002
训练进度: 2500/6065 损失=0.0005
训练进度: 3000/6065 损失=0.0010
训练进度: 3500/6065 损失=0.0004
训练进度: 4000/6065 损失=0.0064
训练进度: 4500/6065 损失=0.0012
训练进度: 5000/6065 损失=0.0005
训练进度: 5500/6065 损失=0.0002
训练进度: 6000/6065 损失=0.0002
训练进度: 6065/6065 损失=0.0221
✅ 训练完成，耗时: 108.3秒 (1.8分钟)

============================================================
📊 验证决策: Epoch 139/200
   验证间隔: 1
   是否验证: ✅ 是
   原因: 达到验证间隔 (0 == 0)
============================================================

🔍 开始验证...
验证进度: 500/686 损失=0.2426
验证进度: 686/686 损失=1.0942

📊 预测分布分析:
  - 预测的前5个类别: {np.int64(0): 283022, np.int64(1): 37028, np.int64(2): 14795, np.int64(3): 10904, np.int64(4): 9035}
  - 标签的前5个类别: {np.int64(0): 281232, np.int64(1): 36731, np.int64(2): 14789, np.int64(3): 10866, np.int64(4): 8585}
✅ 验证完成，耗时: 4.8秒 (0.1分钟)
训练损失: 0.0042
验证损失: 0.5563
验证准确率: 0.9689 (10623/10964) - 与Levenshtein高度相关
验证F1(加权): 0.9680 - 类别平衡更好
学习率: 0.000022
显存使用: 0.48GB (预留: 0.67GB)

生成的训练样本:
--------------------------------------------------------------------------------
输入:       WN>RTWN >JKN> D>MRT MN JWMT> QDMJ> WXDJ
目标:     0 1 73 0 0 3 0 0 0 0 0 107 0 0 0 1 0 0 3 12 0 0 0 0 0 0 2 23 0 0 0 0 0 11 0 0 1 0 0 3
预测:     0 1 73 0 0 3 0 0 0 0 0 107 0 0 0 1 0 0 3 12 0 0 0 0 0 0 2 23 0 0 0 0 0 11 0 0 1 0 0 3
准确率:    1.0000 (40/40)
----------------------------------------
输入:       MN KL MDM DJN MCKX> LMPSW LSKL>
目标:     0 0 0 0 0 2 0 0 0 2 0 0 0 0 0 28 0 0 7 0 0 1 28 0 171 0 0 1 0 0 11 0
预测:     0 0 0 0 0 2 0 0 0 2 0 0 0 0 0 28 0 0 7 0 0 1 28 0 171 0 0 1 0 0 11 0
准确率:    1.0000 (32/32)
----------------------------------------
输入:       >L> BWKR> BR SNW>T> WL> LH DNSB
目标:     0 0 0 0 0 0 0 0 4 0 0 0 2 0 0 0 0 2 9 0 0 0 10 7 0 1 0 0 1 0 0 3
预测:     0 0 0 0 0 0 0 0 4 0 0 0 2 0 0 0 0 2 9 0 0 0 10 7 0 1 0 0 1 0 0 3
准确率:    1.0000 (32/32)
----------------------------------------

生成的验证样本:
--------------------------------------------------------------------------------
输入:       LTCBWXT> MNW HN> D>CKX LMV<> WL> V<>
目标:     0 1 0 0 8 0 13 9 0 0 0 71 0 0 0 0 0 0 35 0 0 0 3 0 1 6 0 10 7 0 1 0 0 0 0 10 3
预测:     0 1 0 0 8 0 13 9 0 0 0 71 0 0 0 0 0 0 1 17 0 0 3 0 1 6 0 10 7 0 1 0 0 0 0 10 7
准确率:    0.9189 (34/37)
----------------------------------------
输入:       MNW HN> D>CKX LMV<> WL> V<> WLMB>CW
目标:     0 0 71 0 0 0 0 0 0 35 0 0 0 3 0 1 6 0 10 7 0 1 0 0 0 0 10 3 0 1 1 28 0 0 7 0
预测:     0 0 71 0 0 0 0 0 0 1 17 0 0 3 0 1 6 0 10 7 0 1 0 0 0 0 10 3 0 1 1 28 0 0 7 0
准确率:    0.9444 (34/36)
----------------------------------------
⏳ 验证无提升 (验证准确率: 0.9689 ≤ 0.9693)，patience: 7/50

======================================================================
🚀 Epoch 140/200
======================================================================
📚 开始训练阶段...
训练进度: 500/6065 损失=0.0179
训练进度: 1000/6065 损失=0.0012
训练进度: 1500/6065 损失=0.0014
训练进度: 2000/6065 损失=0.0043
训练进度: 2500/6065 损失=0.0169
训练进度: 3000/6065 损失=0.0135
训练进度: 3500/6065 损失=0.0101
训练进度: 4000/6065 损失=0.0017
训练进度: 4500/6065 损失=0.0007
训练进度: 5000/6065 损失=0.0002
训练进度: 5500/6065 损失=0.0004
训练进度: 6000/6065 损失=0.0045
训练进度: 6065/6065 损失=0.0012
✅ 训练完成，耗时: 108.5秒 (1.8分钟)

============================================================
📊 验证决策: Epoch 140/200
   验证间隔: 1
   是否验证: ✅ 是
   原因: 达到验证间隔 (0 == 0)
============================================================

🔍 开始验证...
验证进度: 500/686 损失=0.1427
验证进度: 686/686 损失=1.1166

📊 预测分布分析:
  - 预测的前5个类别: {np.int64(0): 282897, np.int64(1): 37027, np.int64(2): 14759, np.int64(3): 10798, np.int64(4): 8998}
  - 标签的前5个类别: {np.int64(0): 281232, np.int64(1): 36731, np.int64(2): 14789, np.int64(3): 10866, np.int64(4): 8585}
✅ 验证完成，耗时: 4.8秒 (0.1分钟)
训练损失: 0.0043
验证损失: 0.5497
验证准确率: 0.9689 (10623/10964) - 与Levenshtein高度相关
验证F1(加权): 0.9682 - 类别平衡更好
学习率: 0.000022
显存使用: 0.48GB (预留: 0.67GB)

生成的训练样本:
--------------------------------------------------------------------------------
输入:       RB> WBXC> MN >LYH DDL> JWTRN RWGZ>
目标:     0 0 4 0 0 1 1 0 4 0 0 0 0 0 0 0 74 0 0 1 1 0 0 0 0 0 0 0 2 0 8 0 31 4 0
预测:     0 0 4 0 0 1 1 0 4 0 0 0 0 0 0 0 74 0 0 1 1 0 0 0 0 0 0 0 2 0 8 0 31 4 0
准确率:    1.0000 (35/35)
----------------------------------------
输入:       D><LT MN BJCT> GJRR MSTGP >NT >W
目标:     0 1 17 0 53 12 0 0 0 0 0 0 2 9 0 0 0 0 8 0 0 45 79 0 0 7 0 0 0 0 0 0 0
预测:     0 1 17 0 53 12 0 0 0 0 0 0 2 9 0 0 0 0 8 0 0 45 79 0 0 7 0 0 0 0 0 0 0
准确率:    1.0000 (33/33)
----------------------------------------
输入:       DK>P> LWX> DQJM> W>MR LJ MRJ> QWM
目标:     0 1 0 0 4 0 0 0 0 11 0 0 1 0 0 4 0 0 1 0 0 3 0 1 0 0 0 0 0 2 6 0 0 3
预测:     0 1 0 0 4 0 0 0 0 11 0 0 1 0 0 4 0 0 1 0 0 3 0 1 0 0 0 0 0 2 6 0 0 3
准确率:    1.0000 (34/34)
----------------------------------------

生成的验证样本:
--------------------------------------------------------------------------------
输入:       LTCBWXT> MNW HN> D>CKX LMV<> WL> V<>
目标:     0 1 0 0 8 0 13 9 0 0 0 71 0 0 0 0 0 0 35 0 0 0 3 0 1 6 0 10 7 0 1 0 0 0 0 10 3
预测:     0 1 0 0 8 0 13 9 0 0 0 71 0 0 0 0 0 0 1 17 0 0 3 0 1 6 0 10 7 0 1 0 0 0 0 10 7
准确率:    0.9189 (34/37)
----------------------------------------
输入:       MNW HN> D>CKX LMV<> WL> V<> WLMB>CW
目标:     0 0 71 0 0 0 0 0 0 35 0 0 0 3 0 1 6 0 10 7 0 1 0 0 0 0 10 3 0 1 1 28 0 0 7 0
预测:     0 0 71 0 0 0 0 0 0 1 17 0 0 3 0 1 6 0 10 7 0 1 0 0 0 0 10 3 0 1 1 28 0 0 7 0
准确率:    0.9444 (34/36)
----------------------------------------
⏳ 验证无提升 (验证准确率: 0.9689 ≤ 0.9693)，patience: 8/50

======================================================================
🚀 Epoch 141/200
======================================================================
📚 开始训练阶段...
训练进度: 500/6065 损失=0.0049
训练进度: 1000/6065 损失=0.0003
训练进度: 1500/6065 损失=0.0053
训练进度: 2000/6065 损失=0.0004
训练进度: 2500/6065 损失=0.0007
训练进度: 3000/6065 损失=0.0041
训练进度: 3500/6065 损失=0.0025
训练进度: 4000/6065 损失=0.0008
训练进度: 4500/6065 损失=0.0132
训练进度: 5000/6065 损失=0.0002
训练进度: 5500/6065 损失=0.0024
训练进度: 6000/6065 损失=0.0060
训练进度: 6065/6065 损失=0.0097
✅ 训练完成，耗时: 108.5秒 (1.8分钟)

============================================================
📊 验证决策: Epoch 141/200
   验证间隔: 1
   是否验证: ✅ 是
   原因: 达到验证间隔 (0 == 0)
============================================================

🔍 开始验证...
验证进度: 500/686 损失=0.1989
验证进度: 686/686 损失=1.2039

📊 预测分布分析:
  - 预测的前5个类别: {np.int64(0): 283042, np.int64(1): 37042, np.int64(2): 14840, np.int64(3): 10841, np.int64(4): 8987}
  - 标签的前5个类别: {np.int64(0): 281232, np.int64(1): 36731, np.int64(2): 14789, np.int64(3): 10866, np.int64(4): 8585}
✅ 验证完成，耗时: 4.9秒 (0.1分钟)
训练损失: 0.0041
验证损失: 0.5555
验证准确率: 0.9693 (10626/10964) - 与Levenshtein高度相关
验证F1(加权): 0.9684 - 类别平衡更好
学习率: 0.000021
显存使用: 0.47GB (预留: 0.67GB)

生成的训练样本:
--------------------------------------------------------------------------------
输入:       DXL> L> TZJ<JWHJ LB> XKJM> BMXCBT> DR<JNH
目标:     0 0 0 13 0 0 0 0 0 112 20 0 48 35 0 0 0 0 0 4 0 0 0 0 0 4 0 0 1 0 0 0 13 9 0 0 1 0 0 0 5 0
预测:     0 0 0 13 0 0 0 0 0 112 20 0 48 35 0 0 0 0 0 4 0 0 0 0 0 4 0 0 1 0 0 0 13 9 0 0 1 0 0 0 5 0
准确率:    1.0000 (42/42)
----------------------------------------
输入:       WNTVRPWN MYRJ> LMCT> MJ> MN NHR> W>MR
目标:     0 1 21 14 0 0 3 0 19 0 0 0 0 11 0 0 1 6 0 10 7 0 24 9 0 0 0 0 0 0 0 4 0 0 1 0 0 3
预测:     0 1 21 14 0 0 3 0 19 0 0 0 0 11 0 0 1 6 0 10 7 0 24 9 0 0 0 0 0 0 0 4 0 0 1 0 0 3
准确率:    1.0000 (38/38)
----------------------------------------
输入:       DMRJ> LM>MR SQ LWT XLQJ> KHN> RB>
目标:     0 1 0 0 0 2 0 1 6 0 0 7 6 64 3 0 0 0 0 0 0 0 0 0 2 0 0 0 4 0 0 0 4 0
预测:     0 1 0 0 0 2 0 1 6 0 0 7 6 64 3 0 0 0 0 0 0 0 0 0 2 0 0 0 4 0 0 0 4 0
准确率:    1.0000 (34/34)
----------------------------------------

生成的验证样本:
--------------------------------------------------------------------------------
输入:       LTCBWXT> MNW HN> D>CKX LMV<> WL> V<>
目标:     0 1 0 0 8 0 13 9 0 0 0 71 0 0 0 0 0 0 35 0 0 0 3 0 1 6 0 10 7 0 1 0 0 0 0 10 3
预测:     0 1 0 0 8 0 13 9 0 0 0 71 0 0 0 0 0 0 1 17 0 0 3 0 1 6 0 10 7 0 1 0 0 0 0 10 7
准确率:    0.9189 (34/37)
----------------------------------------
输入:       MNW HN> D>CKX LMV<> WL> V<> WLMB>CW
目标:     0 0 71 0 0 0 0 0 0 35 0 0 0 3 0 1 6 0 10 7 0 1 0 0 0 0 10 3 0 1 1 28 0 0 7 0
预测:     0 0 71 0 0 0 0 0 0 1 17 0 0 3 0 1 6 0 10 7 0 1 0 0 0 0 10 3 0 1 1 28 0 0 7 0
准确率:    0.9444 (34/36)
----------------------------------------
⏳ 验证无提升 (验证准确率: 0.9693 ≤ 0.9693)，patience: 9/50

======================================================================
🚀 Epoch 142/200
======================================================================
📚 开始训练阶段...
训练进度: 500/6065 损失=0.0068
训练进度: 1000/6065 损失=0.0002
训练进度: 1500/6065 损失=0.0013
训练进度: 2000/6065 损失=0.0012
训练进度: 2500/6065 损失=0.0021
训练进度: 3000/6065 损失=0.0047
训练进度: 3500/6065 损失=0.0003
训练进度: 4000/6065 损失=0.0002
训练进度: 4500/6065 损失=0.0283
训练进度: 5000/6065 损失=0.0047
训练进度: 5500/6065 损失=0.0009
训练进度: 6000/6065 损失=0.0334
训练进度: 6065/6065 损失=0.0003
✅ 训练完成，耗时: 108.1秒 (1.8分钟)

============================================================
📊 验证决策: Epoch 142/200
   验证间隔: 1
   是否验证: ✅ 是
   原因: 达到验证间隔 (0 == 0)
============================================================

🔍 开始验证...
验证进度: 500/686 损失=0.1398
验证进度: 686/686 损失=1.2150

📊 预测分布分析:
  - 预测的前5个类别: {np.int64(0): 282970, np.int64(1): 36993, np.int64(2): 14748, np.int64(3): 10838, np.int64(4): 9133}
  - 标签的前5个类别: {np.int64(0): 281232, np.int64(1): 36731, np.int64(2): 14789, np.int64(3): 10866, np.int64(4): 8585}
✅ 验证完成，耗时: 4.8秒 (0.1分钟)
训练损失: 0.0040
验证损失: 0.5569
验证准确率: 0.9692 (10625/10964) - 与Levenshtein高度相关
验证F1(加权): 0.9684 - 类别平衡更好
学习率: 0.000020
显存使用: 0.48GB (预留: 0.67GB)

生成的训练样本:
--------------------------------------------------------------------------------
输入:       WL>JSXQ WLJ<QWB W>WMJ JWSP LBNJ >JSRJL W>MR
目标:     0 1 1 0 0 0 0 2 0 1 1 0 0 0 0 2 0 1 50 0 0 3 0 0 0 0 2 0 1 0 2 0 0 0 0 0 0 0 2 0 1 0 0 3
预测:     0 1 1 0 0 0 0 2 0 1 1 0 0 0 0 2 0 1 50 0 0 3 0 0 0 0 2 0 1 0 2 0 0 0 0 0 0 0 2 0 1 0 0 3
准确率:    1.0000 (44/44)
----------------------------------------
输入:       KLH >R<> DJM> L>BHJK >N TVR KLHWN
目标:     0 0 5 12 0 0 0 4 0 0 1 0 10 3 0 1 0 8 2 1 0 0 0 0 0 34 0 3 0 0 5 0 0 0
预测:     0 0 5 12 0 0 0 4 0 0 1 0 10 3 0 1 0 8 2 1 0 0 0 0 0 34 0 3 0 0 5 0 0 0
准确率:    1.0000 (34/34)
----------------------------------------
输入:       HW> DCM< D>R<> MYVRJ> HPK HW> GWN>
目标:     0 0 10 3 0 1 0 0 3 0 1 0 0 4 0 0 45 97 0 0 7 19 0 0 0 7 0 0 10 3 0 0 0 4 0
预测:     0 0 10 3 0 1 0 0 3 0 1 0 0 4 0 0 45 97 0 0 7 19 0 0 0 7 0 0 10 3 0 0 0 4 0
准确率:    1.0000 (35/35)
----------------------------------------

生成的验证样本:
--------------------------------------------------------------------------------
输入:       LTCBWXT> MNW HN> D>CKX LMV<> WL> V<>
目标:     0 1 0 0 8 0 13 9 0 0 0 71 0 0 0 0 0 0 35 0 0 0 3 0 1 6 0 10 7 0 1 0 0 0 0 10 3
预测:     0 1 0 0 8 0 13 9 0 0 0 71 0 0 0 0 0 0 1 17 0 0 3 0 1 6 0 10 7 0 1 0 0 0 0 10 7
准确率:    0.9189 (34/37)
----------------------------------------
输入:       MNW HN> D>CKX LMV<> WL> V<> WLMB>CW
目标:     0 0 71 0 0 0 0 0 0 35 0 0 0 3 0 1 6 0 10 7 0 1 0 0 0 0 10 3 0 1 1 28 0 0 7 0
预测:     0 0 71 0 0 0 0 0 0 1 17 0 0 3 0 1 6 0 10 7 0 1 0 0 0 0 10 3 0 1 1 28 0 0 7 0
准确率:    0.9444 (34/36)
----------------------------------------
⏳ 验证无提升 (验证准确率: 0.9692 ≤ 0.9693)，patience: 10/50

======================================================================
🚀 Epoch 143/200
======================================================================
📚 开始训练阶段...
训练进度: 500/6065 损失=0.0015
训练进度: 1000/6065 损失=0.0108
训练进度: 1500/6065 损失=0.0146
训练进度: 2000/6065 损失=0.0041
训练进度: 2500/6065 损失=0.0001
训练进度: 3000/6065 损失=0.0031
训练进度: 3500/6065 损失=0.0023
训练进度: 4000/6065 损失=0.0150
训练进度: 4500/6065 损失=0.0002
训练进度: 5000/6065 损失=0.0004
训练进度: 5500/6065 损失=0.0005
训练进度: 6000/6065 损失=0.0197
训练进度: 6065/6065 损失=0.0056
✅ 训练完成，耗时: 108.4秒 (1.8分钟)

============================================================
📊 验证决策: Epoch 143/200
   验证间隔: 1
   是否验证: ✅ 是
   原因: 达到验证间隔 (0 == 0)
============================================================

🔍 开始验证...
验证进度: 500/686 损失=0.1555
验证进度: 686/686 损失=1.1599

📊 预测分布分析:
  - 预测的前5个类别: {np.int64(0): 283039, np.int64(1): 37038, np.int64(2): 14751, np.int64(3): 10850, np.int64(4): 9133}
  - 标签的前5个类别: {np.int64(0): 281232, np.int64(1): 36731, np.int64(2): 14789, np.int64(3): 10866, np.int64(4): 8585}
✅ 验证完成，耗时: 4.8秒 (0.1分钟)
训练损失: 0.0039
验证损失: 0.5650
验证准确率: 0.9694 (10628/10964) - 与Levenshtein高度相关
验证F1(加权): 0.9685 - 类别平衡更好
学习率: 0.000020
显存使用: 0.48GB (预留: 0.67GB)

生成的训练样本:
--------------------------------------------------------------------------------
输入:       LH J<QWB ZBN LJ JWMN> BWKRWTK W>MR
目标:     0 1 0 0 0 0 0 0 2 6 0 0 33 0 1 0 0 0 0 0 4 0 0 0 0 0 0 2 1 0 0 1 0 0 3
预测:     0 1 0 0 0 0 0 0 2 6 0 0 33 0 1 0 0 0 0 0 4 0 0 0 0 0 0 2 1 0 0 1 0 0 3
准确率:    1.0000 (35/35)
----------------------------------------
输入:       BTR JWMT> W>TKTCW BNJ <MWN <M BNJ
目标:     0 0 0 0 0 0 0 2 23 0 0 1 0 14 0 0 3 19 0 0 2 0 0 0 0 0 2 0 0 0 0 0 2 0
预测:     0 0 0 0 0 0 0 2 23 0 0 1 0 14 0 0 3 19 0 0 2 0 0 0 0 0 2 0 0 0 0 0 2 0
准确率:    1.0000 (34/34)
----------------------------------------
输入:       W<CJNT> W<BD L>BWHJ BJT BK> CB<> JWMJN
目标:     0 1 0 0 0 2 9 0 0 1 0 0 3 0 1 0 8 5 0 0 0 0 0 2 0 0 61 0 0 0 0 2 0 0 0 0 2 0 0
预测:     0 1 0 0 0 2 9 0 0 1 0 0 3 0 1 0 8 5 0 0 0 0 0 2 0 0 61 0 0 0 0 2 0 0 0 0 2 0 0
准确率:    1.0000 (39/39)
----------------------------------------

生成的验证样本:
--------------------------------------------------------------------------------
输入:       LTCBWXT> MNW HN> D>CKX LMV<> WL> V<>
目标:     0 1 0 0 8 0 13 9 0 0 0 71 0 0 0 0 0 0 35 0 0 0 3 0 1 6 0 10 7 0 1 0 0 0 0 10 3
预测:     0 1 0 0 8 0 13 9 0 0 0 71 0 0 0 0 0 0 1 17 0 0 3 0 1 6 0 10 7 0 1 0 0 0 0 10 7
准确率:    0.9189 (34/37)
----------------------------------------
输入:       MNW HN> D>CKX LMV<> WL> V<> WLMB>CW
目标:     0 0 71 0 0 0 0 0 0 35 0 0 0 3 0 1 6 0 10 7 0 1 0 0 0 0 10 3 0 1 1 28 0 0 7 0
预测:     0 0 71 0 0 0 0 0 0 1 17 0 0 3 0 1 6 0 10 7 0 1 0 0 0 0 10 3 0 1 1 28 0 0 7 0
准确率:    0.9444 (34/36)
----------------------------------------
💾 保存新的最佳模型！验证准确率: 0.9694 (F1: 0.9685) (Epoch 143)

======================================================================
🚀 Epoch 144/200
======================================================================
📚 开始训练阶段...
训练进度: 500/6065 损失=0.0001
训练进度: 1000/6065 损失=0.0002
训练进度: 1500/6065 损失=0.0027
训练进度: 2000/6065 损失=0.0021
训练进度: 2500/6065 损失=0.0019
训练进度: 3000/6065 损失=0.0006
训练进度: 3500/6065 损失=0.0004
训练进度: 4000/6065 损失=0.0004
训练进度: 4500/6065 损失=0.0009
训练进度: 5000/6065 损失=0.0002
训练进度: 5500/6065 损失=0.0034
训练进度: 6000/6065 损失=0.0019
训练进度: 6065/6065 损失=0.0038
✅ 训练完成，耗时: 108.2秒 (1.8分钟)

============================================================
📊 验证决策: Epoch 144/200
   验证间隔: 1
   是否验证: ✅ 是
   原因: 达到验证间隔 (0 == 0)
============================================================

🔍 开始验证...
验证进度: 500/686 损失=0.1578
验证进度: 686/686 损失=1.0838

📊 预测分布分析:
  - 预测的前5个类别: {np.int64(0): 283068, np.int64(1): 37023, np.int64(2): 14741, np.int64(3): 10797, np.int64(4): 9075}
  - 标签的前5个类别: {np.int64(0): 281232, np.int64(1): 36731, np.int64(2): 14789, np.int64(3): 10866, np.int64(4): 8585}
✅ 验证完成，耗时: 4.8秒 (0.1分钟)
训练损失: 0.0037
验证损失: 0.5713
验证准确率: 0.9690 (10624/10964) - 与Levenshtein高度相关
验证F1(加权): 0.9683 - 类别平衡更好
学习率: 0.000019
显存使用: 0.48GB (预留: 0.67GB)

生成的训练样本:
--------------------------------------------------------------------------------
输入:       RMC> W>RJM <JNWHJ WXZ> WH> GML> >TJN
目标:     0 0 0 4 0 0 1 17 20 0 3 0 0 0 25 1 0 0 0 1 0 10 3 0 1 0 0 0 0 0 11 0 0 0 42 0 0
预测:     0 0 0 4 0 0 1 17 20 0 3 0 0 0 25 1 0 0 0 1 0 10 3 0 1 0 0 0 0 0 11 0 0 0 42 0 0
准确率:    1.0000 (37/37)
----------------------------------------
输入:       BH BCRWR> DQR>> XDWT> RBT> WLJWM> >XRN>
目标:     0 1 0 0 1 0 0 0 4 0 0 1 0 0 4 0 0 0 0 13 9 0 0 0 2 9 0 0 1 1 0 0 4 0 0 0 0 38 4 0
预测:     0 1 0 0 1 0 0 0 4 0 0 1 0 0 4 0 0 0 0 13 9 0 0 0 2 9 0 0 1 1 0 0 4 0 0 0 0 38 4 0
准确率:    1.0000 (40/40)
----------------------------------------
输入:       WXD<SR KWKBJN SGDJN LJ W>CT<J L>BWHJ WL>XWHJ
目标:     0 1 0 5 0 0 2 0 0 0 0 2 0 0 0 0 0 7 0 0 0 1 0 0 1 47 39 0 0 16 0 1 0 8 5 0 0 0 1 1 0 25 1 0 0
预测:     0 1 0 5 0 0 2 0 0 0 0 2 0 0 0 0 0 7 0 0 0 1 0 0 1 47 39 0 0 16 0 1 0 8 5 0 0 0 1 1 0 25 1 0 0
准确率:    1.0000 (45/45)
----------------------------------------

生成的验证样本:
--------------------------------------------------------------------------------
输入:       LTCBWXT> MNW HN> D>CKX LMV<> WL> V<>
目标:     0 1 0 0 8 0 13 9 0 0 0 71 0 0 0 0 0 0 35 0 0 0 3 0 1 6 0 10 7 0 1 0 0 0 0 10 3
预测:     0 1 0 0 8 0 13 9 0 0 0 71 0 0 0 0 0 0 1 17 0 0 3 0 1 6 0 10 7 0 1 0 0 0 0 10 7
准确率:    0.9189 (34/37)
----------------------------------------
输入:       MNW HN> D>CKX LMV<> WL> V<> WLMB>CW
目标:     0 0 71 0 0 0 0 0 0 35 0 0 0 3 0 1 6 0 10 7 0 1 0 0 0 0 10 3 0 1 1 28 0 0 7 0
预测:     0 0 71 0 0 0 0 0 0 1 17 0 0 3 0 1 6 0 10 7 0 1 0 0 0 0 10 3 0 1 1 28 0 0 7 0
准确率:    0.9444 (34/36)
----------------------------------------
⏳ 验证无提升 (验证准确率: 0.9690 ≤ 0.9694)，patience: 1/50

======================================================================
🚀 Epoch 145/200
======================================================================
📚 开始训练阶段...
训练进度: 500/6065 损失=0.0001
训练进度: 1000/6065 损失=0.0257
训练进度: 1500/6065 损失=0.0079
训练进度: 2000/6065 损失=0.0001
训练进度: 2500/6065 损失=0.0005
训练进度: 3000/6065 损失=0.0007
训练进度: 3500/6065 损失=0.0161
训练进度: 4000/6065 损失=0.0019
训练进度: 4500/6065 损失=0.0000
训练进度: 5000/6065 损失=0.0006
训练进度: 5500/6065 损失=0.0015
训练进度: 6000/6065 损失=0.0047
训练进度: 6065/6065 损失=0.0005
✅ 训练完成，耗时: 108.0秒 (1.8分钟)

============================================================
📊 验证决策: Epoch 145/200
   验证间隔: 1
   是否验证: ✅ 是
   原因: 达到验证间隔 (0 == 0)
============================================================

🔍 开始验证...
验证进度: 500/686 损失=0.2037
验证进度: 686/686 损失=0.9826

📊 预测分布分析:
  - 预测的前5个类别: {np.int64(0): 283132, np.int64(1): 37030, np.int64(2): 14760, np.int64(3): 10885, np.int64(4): 8930}
  - 标签的前5个类别: {np.int64(0): 281232, np.int64(1): 36731, np.int64(2): 14789, np.int64(3): 10866, np.int64(4): 8585}
✅ 验证完成，耗时: 4.8秒 (0.1分钟)
训练损失: 0.0036
验证损失: 0.5685
验证准确率: 0.9690 (10623/10964) - 与Levenshtein高度相关
验证F1(加权): 0.9681 - 类别平衡更好
学习率: 0.000018
显存使用: 0.48GB (预留: 0.67GB)

生成的训练样本:
--------------------------------------------------------------------------------
输入:       D>NT >MRT LJ >SQJHJ L<M> HN> W>NT
目标:     0 1 0 0 0 0 0 0 3 12 0 1 0 6 17 64 86 0 0 0 0 1 0 15 0 0 0 0 0 0 1 0 0 0
预测:     0 1 0 0 0 0 0 0 3 12 0 1 0 6 17 64 86 0 0 0 0 1 0 15 0 0 0 0 0 0 1 0 0 0
准确率:    1.0000 (34/34)
----------------------------------------
输入:       W>MRJN MN> <BDN DCDRN L>JSRJL MN CW<BDN
目标:     0 1 0 0 7 0 0 0 0 0 0 0 0 0 3 0 0 1 0 0 51 0 0 1 0 0 0 0 0 2 0 0 0 0 0 0 0 0 5 0
预测:     0 1 0 0 7 0 0 0 0 0 0 0 0 0 3 0 0 1 0 0 51 0 0 1 0 0 0 0 0 2 0 0 0 0 0 0 0 0 5 0
准确率:    1.0000 (40/40)
----------------------------------------
输入:       BSPR DBRJMJN DMLK> D>JSR>JL HJDJN >TPLGW <M>
目标:     0 1 0 0 2 0 0 0 0 0 0 0 2 0 1 0 0 11 0 0 1 0 0 0 8 0 0 2 0 0 0 0 0 0 0 0 14 0 0 3 19 0 0 15 0
预测:     0 1 0 0 2 0 0 0 0 0 0 0 2 0 1 0 0 11 0 0 1 0 0 0 8 0 0 2 0 0 0 0 0 0 0 0 14 0 0 3 19 0 0 15 0
准确率:    1.0000 (45/45)
----------------------------------------

生成的验证样本:
--------------------------------------------------------------------------------
输入:       LTCBWXT> MNW HN> D>CKX LMV<> WL> V<>
目标:     0 1 0 0 8 0 13 9 0 0 0 71 0 0 0 0 0 0 35 0 0 0 3 0 1 6 0 10 7 0 1 0 0 0 0 10 3
预测:     0 1 0 0 8 0 13 9 0 0 0 71 0 0 0 0 0 0 1 17 0 0 3 0 1 6 0 10 7 0 1 0 0 0 0 10 7
准确率:    0.9189 (34/37)
----------------------------------------
输入:       MNW HN> D>CKX LMV<> WL> V<> WLMB>CW
目标:     0 0 71 0 0 0 0 0 0 35 0 0 0 3 0 1 6 0 10 7 0 1 0 0 0 0 10 3 0 1 1 28 0 0 7 0
预测:     0 0 71 0 0 0 0 0 0 1 17 0 0 3 0 1 6 0 10 7 0 1 0 0 0 0 10 3 0 1 1 28 0 0 7 0
准确率:    0.9444 (34/36)
----------------------------------------
⏳ 验证无提升 (验证准确率: 0.9690 ≤ 0.9694)，patience: 2/50

======================================================================
🚀 Epoch 146/200
======================================================================
📚 开始训练阶段...
训练进度: 500/6065 损失=0.0004
训练进度: 1000/6065 损失=0.0036
训练进度: 1500/6065 损失=0.0004
训练进度: 2000/6065 损失=0.0001
训练进度: 2500/6065 损失=0.0006
训练进度: 3000/6065 损失=0.0015
训练进度: 3500/6065 损失=0.0122
训练进度: 4000/6065 损失=0.0003
训练进度: 4500/6065 损失=0.0006
训练进度: 5000/6065 损失=0.0002
训练进度: 5500/6065 损失=0.0020
训练进度: 6000/6065 损失=0.0001
训练进度: 6065/6065 损失=0.0094
✅ 训练完成，耗时: 108.0秒 (1.8分钟)

============================================================
📊 验证决策: Epoch 146/200
   验证间隔: 1
   是否验证: ✅ 是
   原因: 达到验证间隔 (0 == 0)
============================================================

🔍 开始验证...
验证进度: 500/686 损失=0.1763
验证进度: 686/686 损失=0.9982

📊 预测分布分析:
  - 预测的前5个类别: {np.int64(0): 282954, np.int64(1): 37068, np.int64(2): 14753, np.int64(3): 10839, np.int64(4): 9001}
  - 标签的前5个类别: {np.int64(0): 281232, np.int64(1): 36731, np.int64(2): 14789, np.int64(3): 10866, np.int64(4): 8585}
✅ 验证完成，耗时: 4.8秒 (0.1分钟)
训练损失: 0.0035
验证损失: 0.5767
验证准确率: 0.9689 (10622/10964) - 与Levenshtein高度相关
验证F1(加权): 0.9681 - 类别平衡更好
学习率: 0.000018
显存使用: 0.48GB (预留: 0.67GB)

生成的训练样本:
--------------------------------------------------------------------------------
输入:       >MR> LH HB LJ BWRKT> D<L >R<>
目标:     0 0 0 7 0 0 1 0 52 0 3 0 1 0 0 0 0 0 13 9 0 0 1 0 0 0 0 0 4 0
预测:     0 0 0 7 0 0 1 0 52 0 3 0 1 0 0 0 0 0 13 9 0 0 1 0 0 0 0 0 4 0
准确率:    1.0000 (30/30)
----------------------------------------
输入:       MN DM<> DJLDT> XZ> SB> KD BKJN
目标:     0 0 0 0 0 0 61 0 0 1 0 0 7 23 0 0 0 10 3 0 0 11 0 0 0 0 0 0 42 0 0
预测:     0 0 0 0 0 0 61 0 0 1 0 0 7 23 0 0 0 10 3 0 0 11 0 0 0 0 0 0 42 0 0
准确率:    1.0000 (31/31)
----------------------------------------
输入:       W>N <BD DL> NWSP >KS QRJBK DL>
目标:     0 1 0 0 0 0 0 3 0 1 0 0 0 63 0 0 3 6 17 0 115 0 0 8 0 147 0 0 1 0 0
预测:     0 1 0 0 0 0 0 3 0 1 0 0 0 63 0 0 3 6 17 0 115 0 0 8 0 147 0 0 1 0 0
准确率:    1.0000 (31/31)
----------------------------------------

生成的验证样本:
--------------------------------------------------------------------------------
输入:       LTCBWXT> MNW HN> D>CKX LMV<> WL> V<>
目标:     0 1 0 0 8 0 13 9 0 0 0 71 0 0 0 0 0 0 35 0 0 0 3 0 1 6 0 10 7 0 1 0 0 0 0 10 3
预测:     0 1 0 0 8 0 13 9 0 0 0 71 0 0 0 0 0 0 1 17 0 0 3 0 1 6 0 10 7 0 1 0 0 0 0 10 7
准确率:    0.9189 (34/37)
----------------------------------------
输入:       MNW HN> D>CKX LMV<> WL> V<> WLMB>CW
目标:     0 0 71 0 0 0 0 0 0 35 0 0 0 3 0 1 6 0 10 7 0 1 0 0 0 0 10 3 0 1 1 28 0 0 7 0
预测:     0 0 71 0 0 0 0 0 0 1 17 0 0 3 0 1 6 0 10 7 0 1 0 0 0 0 10 3 0 1 1 28 0 0 7 0
准确率:    0.9444 (34/36)
----------------------------------------
⏳ 验证无提升 (验证准确率: 0.9689 ≤ 0.9694)，patience: 3/50

======================================================================
🚀 Epoch 147/200
======================================================================
📚 开始训练阶段...
训练进度: 500/6065 损失=0.0002
训练进度: 1000/6065 损失=0.0012
训练进度: 1500/6065 损失=0.0009
训练进度: 2000/6065 损失=0.0005
训练进度: 2500/6065 损失=0.0002
训练进度: 3000/6065 损失=0.0026
训练进度: 3500/6065 损失=0.0175
训练进度: 4000/6065 损失=0.0041
训练进度: 4500/6065 损失=0.0002
训练进度: 5000/6065 损失=0.0001
训练进度: 5500/6065 损失=0.0020
训练进度: 6000/6065 损失=0.0067
训练进度: 6065/6065 损失=0.0035
✅ 训练完成，耗时: 108.1秒 (1.8分钟)

============================================================
📊 验证决策: Epoch 147/200
   验证间隔: 1
   是否验证: ✅ 是
   原因: 达到验证间隔 (0 == 0)
============================================================

🔍 开始验证...
验证进度: 500/686 损失=0.1961
验证进度: 686/686 损失=0.9228

📊 预测分布分析:
  - 预测的前5个类别: {np.int64(0): 283123, np.int64(1): 36997, np.int64(2): 14716, np.int64(3): 10903, np.int64(4): 8945}
  - 标签的前5个类别: {np.int64(0): 281232, np.int64(1): 36731, np.int64(2): 14789, np.int64(3): 10866, np.int64(4): 8585}
✅ 验证完成，耗时: 4.8秒 (0.1分钟)
训练损失: 0.0035
验证损失: 0.5728
验证准确率: 0.9692 (10625/10964) - 与Levenshtein高度相关
验证F1(加权): 0.9683 - 类别平衡更好
学习率: 0.000017
显存使用: 0.48GB (预留: 0.67GB)

生成的训练样本:
--------------------------------------------------------------------------------
输入:       <LJ MRJ> MVLTKWN WL> CM<NJ W>MR LJ
目标:     0 0 1 0 0 0 0 0 2 0 0 0 8 1 0 0 0 0 1 0 0 0 0 0 29 0 0 0 1 0 0 3 0 1 0
预测:     0 0 1 0 0 0 0 0 2 0 0 0 8 1 0 0 0 0 1 0 0 0 0 0 29 0 0 0 1 0 0 3 0 1 0
准确率:    1.0000 (35/35)
----------------------------------------
输入:       MN >R<> DTJMN> WMJT XCWM W>MLK BTRH
目标:     0 0 0 0 0 0 4 0 0 1 0 0 0 4 0 0 1 20 0 3 0 0 0 0 2 0 1 17 0 0 33 0 0 0 1 0
预测:     0 0 0 0 0 0 4 0 0 1 0 0 0 4 0 0 1 20 0 3 0 0 0 0 2 0 1 17 0 0 33 0 0 0 1 0
准确率:    1.0000 (36/36)
----------------------------------------
输入:       LQJNJ> WLQNZJ> WLQDMWNJ> WLXTJ> WLPRZJ> WLGNBR> WL>MWRJ>
目标:     0 1 0 0 0 30 0 0 1 1 0 0 0 11 0 0 1 1 0 0 0 0 0 11 0 0 1 1 0 0 11 0 0 1 1 0 0 0 11 0 0 1 1 0 0 0 11 0 0 1 1 0 0 0 0 11 0
预测:     0 1 0 0 0 30 0 0 1 1 0 0 0 11 0 0 1 1 0 0 0 0 0 11 0 0 1 1 0 0 11 0 0 1 1 0 0 0 11 0 0 1 1 0 0 0 11 0 0 1 1 0 0 0 0 11 0
准确率:    1.0000 (57/57)
----------------------------------------

生成的验证样本:
--------------------------------------------------------------------------------
输入:       LTCBWXT> MNW HN> D>CKX LMV<> WL> V<>
目标:     0 1 0 0 8 0 13 9 0 0 0 71 0 0 0 0 0 0 35 0 0 0 3 0 1 6 0 10 7 0 1 0 0 0 0 10 3
预测:     0 1 0 0 8 0 13 9 0 0 0 71 0 0 0 0 0 0 1 17 0 0 3 0 1 6 0 10 7 0 1 0 0 0 0 10 7
准确率:    0.9189 (34/37)
----------------------------------------
输入:       MNW HN> D>CKX LMV<> WL> V<> WLMB>CW
目标:     0 0 71 0 0 0 0 0 0 35 0 0 0 3 0 1 6 0 10 7 0 1 0 0 0 0 10 3 0 1 1 28 0 0 7 0
预测:     0 0 71 0 0 0 0 0 0 1 17 0 0 3 0 1 6 0 10 7 0 1 0 0 0 0 10 3 0 1 1 28 0 0 7 0
准确率:    0.9444 (34/36)
----------------------------------------
⏳ 验证无提升 (验证准确率: 0.9692 ≤ 0.9694)，patience: 4/50

======================================================================
🚀 Epoch 148/200
======================================================================
📚 开始训练阶段...
训练进度: 500/6065 损失=0.0020
训练进度: 1000/6065 损失=0.0032
训练进度: 1500/6065 损失=0.0005
训练进度: 2000/6065 损失=0.0002
训练进度: 2500/6065 损失=0.0003
训练进度: 3000/6065 损失=0.0060
训练进度: 3500/6065 损失=0.0001
训练进度: 4000/6065 损失=0.0185
训练进度: 4500/6065 损失=0.0026
训练进度: 5000/6065 损失=0.0014
训练进度: 5500/6065 损失=0.0027
训练进度: 6000/6065 损失=0.0009
训练进度: 6065/6065 损失=0.0043
✅ 训练完成，耗时: 108.1秒 (1.8分钟)

============================================================
📊 验证决策: Epoch 148/200
   验证间隔: 1
   是否验证: ✅ 是
   原因: 达到验证间隔 (0 == 0)
============================================================

🔍 开始验证...
验证进度: 500/686 损失=0.1724
验证进度: 686/686 损失=1.0148

📊 预测分布分析:
  - 预测的前5个类别: {np.int64(0): 283006, np.int64(1): 36995, np.int64(2): 14811, np.int64(3): 10873, np.int64(4): 8954}
  - 标签的前5个类别: {np.int64(0): 281232, np.int64(1): 36731, np.int64(2): 14789, np.int64(3): 10866, np.int64(4): 8585}
✅ 验证完成，耗时: 4.9秒 (0.1分钟)
训练损失: 0.0034
验证损失: 0.5714
验证准确率: 0.9693 (10627/10964) - 与Levenshtein高度相关
验证F1(加权): 0.9685 - 类别平衡更好
学习率: 0.000017
显存使用: 0.48GB (预留: 0.67GB)

生成的训练样本:
--------------------------------------------------------------------------------
输入:       MN KLHWN <MM> LMWRTW >NWN MN JM>
目标:     0 0 0 0 0 5 0 0 0 0 0 8 30 0 0 1 63 0 0 7 0 0 0 0 0 0 0 0 0 0 0 4 0
预测:     0 0 0 0 0 5 0 0 0 0 0 8 30 0 0 1 63 0 0 7 0 0 0 0 0 0 0 0 0 0 0 4 0
准确率:    1.0000 (33/33)
----------------------------------------
输入:       W>CTPL DLJT DPRQ WM<DR CRJ HW> DLHWN
目标:     0 1 47 39 0 0 3 0 1 58 0 24 0 1 0 0 7 0 1 6 0 0 41 0 0 0 16 0 0 10 3 0 1 1 0 0 0
预测:     0 1 47 39 0 0 3 0 1 58 0 24 0 1 0 0 7 0 1 6 0 0 41 0 0 0 16 0 0 10 3 0 1 1 0 0 0
准确率:    1.0000 (37/37)
----------------------------------------
输入:       WG<THWN CM<T MN QDM MC<BDNJHWN MVL DJD<
目标:     0 1 0 13 1 0 0 0 0 0 0 3 0 0 0 0 0 0 0 2 0 0 0 0 0 0 2 1 0 0 0 0 0 0 0 0 1 0 0 7
预测:     0 1 0 13 1 0 0 0 0 0 0 3 0 0 0 0 0 0 0 2 0 0 0 0 0 0 2 1 0 0 0 0 0 0 0 0 1 0 0 7
准确率:    1.0000 (40/40)
----------------------------------------

生成的验证样本:
--------------------------------------------------------------------------------
输入:       LTCBWXT> MNW HN> D>CKX LMV<> WL> V<>
目标:     0 1 0 0 8 0 13 9 0 0 0 71 0 0 0 0 0 0 35 0 0 0 3 0 1 6 0 10 7 0 1 0 0 0 0 10 3
预测:     0 1 0 0 8 0 13 9 0 0 0 71 0 0 0 0 0 0 1 17 0 0 3 0 1 6 0 10 7 0 1 0 0 0 0 10 7
准确率:    0.9189 (34/37)
----------------------------------------
输入:       MNW HN> D>CKX LMV<> WL> V<> WLMB>CW
目标:     0 0 71 0 0 0 0 0 0 35 0 0 0 3 0 1 6 0 10 7 0 1 0 0 0 0 10 3 0 1 1 28 0 0 7 0
预测:     0 0 71 0 0 0 0 0 0 1 17 0 0 3 0 1 6 0 10 7 0 1 0 0 0 0 10 3 0 1 1 28 0 0 7 0
准确率:    0.9444 (34/36)
----------------------------------------
⏳ 验证无提升 (验证准确率: 0.9693 ≤ 0.9694)，patience: 5/50

======================================================================
🚀 Epoch 149/200
======================================================================
📚 开始训练阶段...
训练进度: 500/6065 损失=0.0009
训练进度: 1000/6065 损失=0.0026
训练进度: 1500/6065 损失=0.0027
训练进度: 2000/6065 损失=0.0001
训练进度: 2500/6065 损失=0.0003
训练进度: 3000/6065 损失=0.0035
训练进度: 3500/6065 损失=0.0003
训练进度: 4000/6065 损失=0.0064
训练进度: 4500/6065 损失=0.0002
训练进度: 5000/6065 损失=0.0005
训练进度: 5500/6065 损失=0.0012
训练进度: 6000/6065 损失=0.0001
训练进度: 6065/6065 损失=0.0007
✅ 训练完成，耗时: 108.4秒 (1.8分钟)

============================================================
📊 验证决策: Epoch 149/200
   验证间隔: 1
   是否验证: ✅ 是
   原因: 达到验证间隔 (0 == 0)
============================================================

🔍 开始验证...
验证进度: 500/686 损失=0.1698
验证进度: 686/686 损失=1.0266

📊 预测分布分析:
  - 预测的前5个类别: {np.int64(0): 282872, np.int64(1): 37019, np.int64(2): 14732, np.int64(3): 10896, np.int64(4): 9049}
  - 标签的前5个类别: {np.int64(0): 281232, np.int64(1): 36731, np.int64(2): 14789, np.int64(3): 10866, np.int64(4): 8585}
✅ 验证完成，耗时: 4.9秒 (0.1分钟)
训练损失: 0.0033
验证损失: 0.5744
验证准确率: 0.9692 (10626/10964) - 与Levenshtein高度相关
验证F1(加权): 0.9685 - 类别平衡更好
学习率: 0.000016
显存使用: 0.47GB (预留: 0.67GB)

生成的训练样本:
--------------------------------------------------------------------------------
输入:       W>P SPJN> DXJRM V<N DHB> MN >WPJR
目标:     0 1 0 0 0 0 0 0 61 0 0 1 0 0 0 2 0 0 0 326 0 0 0 4 0 0 0 0 0 0 0 0 0 2
预测:     0 1 0 0 0 0 0 0 61 0 0 1 0 0 0 2 0 0 0 326 0 0 0 4 0 0 0 0 0 0 0 0 0 2
准确率:    1.0000 (34/34)
----------------------------------------
输入:       HW> HW BRJ DJLDT W>MRT >NTT> HJ
目标:     0 0 10 3 0 0 12 0 0 5 0 0 1 0 0 3 0 0 1 0 0 3 26 0 0 0 13 9 0 0 0 26
预测:     0 0 10 3 0 0 12 0 0 5 0 0 1 0 0 3 0 0 1 0 0 3 26 0 0 0 13 9 0 0 0 26
准确率:    1.0000 (32/32)
----------------------------------------
输入:       WXZW PWRQNH DMRJ> D<BD LKWN JWMN> D>JKN>
目标:     0 36 0 18 0 0 0 0 0 0 5 0 0 1 0 0 0 2 0 1 0 0 7 0 1 0 0 0 0 0 0 0 4 0 0 1 0 0 107 0 0
预测:     0 36 0 18 0 0 0 0 0 0 5 0 0 1 0 0 0 2 0 1 0 0 7 0 1 0 0 0 0 0 0 0 4 0 0 1 0 0 107 0 0
准确率:    1.0000 (41/41)
----------------------------------------

生成的验证样本:
--------------------------------------------------------------------------------
输入:       LTCBWXT> MNW HN> D>CKX LMV<> WL> V<>
目标:     0 1 0 0 8 0 13 9 0 0 0 71 0 0 0 0 0 0 35 0 0 0 3 0 1 6 0 10 7 0 1 0 0 0 0 10 3
预测:     0 1 0 0 8 0 13 9 0 0 0 71 0 0 0 0 0 0 1 17 0 0 3 0 1 6 0 10 7 0 1 0 0 0 0 10 7
准确率:    0.9189 (34/37)
----------------------------------------
输入:       MNW HN> D>CKX LMV<> WL> V<> WLMB>CW
目标:     0 0 71 0 0 0 0 0 0 35 0 0 0 3 0 1 6 0 10 7 0 1 0 0 0 0 10 3 0 1 1 28 0 0 7 0
预测:     0 0 71 0 0 0 0 0 0 1 17 0 0 3 0 1 6 0 10 7 0 1 0 0 0 0 10 3 0 1 1 28 0 0 7 0
准确率:    0.9444 (34/36)
----------------------------------------
⏳ 验证无提升 (验证准确率: 0.9692 ≤ 0.9694)，patience: 6/50

======================================================================
🚀 Epoch 150/200
======================================================================
📚 开始训练阶段...
训练进度: 500/6065 损失=0.0003
训练进度: 1000/6065 损失=0.0041
训练进度: 1500/6065 损失=0.0107
训练进度: 2000/6065 损失=0.0002
训练进度: 2500/6065 损失=0.0020
训练进度: 3000/6065 损失=0.0016
训练进度: 3500/6065 损失=0.0004
训练进度: 4000/6065 损失=0.0026
训练进度: 4500/6065 损失=0.0027
训练进度: 5000/6065 损失=0.0004
训练进度: 5500/6065 损失=0.0005
训练进度: 6000/6065 损失=0.0182
训练进度: 6065/6065 损失=0.0007
✅ 训练完成，耗时: 108.5秒 (1.8分钟)

============================================================
📊 验证决策: Epoch 150/200
   验证间隔: 1
   是否验证: ✅ 是
   原因: 达到验证间隔 (0 == 0)
============================================================

🔍 开始验证...
验证进度: 500/686 损失=0.1819
验证进度: 686/686 损失=1.1694

📊 预测分布分析:
  - 预测的前5个类别: {np.int64(0): 283008, np.int64(1): 37053, np.int64(2): 14723, np.int64(3): 10900, np.int64(4): 9050}
  - 标签的前5个类别: {np.int64(0): 281232, np.int64(1): 36731, np.int64(2): 14789, np.int64(3): 10866, np.int64(4): 8585}
✅ 验证完成，耗时: 4.9秒 (0.1分钟)
训练损失: 0.0033
验证损失: 0.5791
验证准确率: 0.9694 (10628/10964) - 与Levenshtein高度相关
验证F1(加权): 0.9685 - 类别平衡更好
学习率: 0.000016
显存使用: 0.48GB (预留: 0.67GB)

生成的训练样本:
--------------------------------------------------------------------------------
输入:       <LJH PY> NDBR <SR> GBRJN LM>> LKLHWN
目标:     0 0 8 1 12 0 0 61 0 0 44 0 0 3 0 0 0 2 0 0 0 0 2 0 0 0 1 0 0 2 0 1 0 5 0 0 0
预测:     0 0 8 1 12 0 0 61 0 0 44 0 0 3 0 0 0 2 0 0 0 0 2 0 0 0 1 0 0 2 0 1 0 5 0 0 0
准确率:    1.0000 (37/37)
----------------------------------------
输入:       SN>> DL> TTKTC W<M TGR> <L T>GWRTH
目标:     0 0 0 4 0 0 1 0 0 0 21 14 0 0 16 0 1 0 0 0 0 0 4 0 0 0 0 0 0 0 0 0 13 1 0
预测:     0 0 0 4 0 0 1 0 0 0 21 14 0 0 16 0 1 0 0 0 0 0 4 0 0 0 0 0 0 0 0 0 13 1 0
准确率:    1.0000 (35/35)
----------------------------------------
输入:       T>ZL BTRH >KZN> GJR DGBR> D>WBD MNTH
目标:     0 6 0 0 3 0 0 0 1 0 0 38 1 0 4 0 0 0 0 0 0 1 0 0 4 0 0 1 59 0 0 3 0 0 70 1 0
预测:     0 6 0 0 3 0 0 0 1 0 0 38 1 0 4 0 0 0 0 0 0 1 0 0 4 0 0 1 59 0 0 3 0 0 70 1 0
准确率:    1.0000 (37/37)
----------------------------------------

生成的验证样本:
--------------------------------------------------------------------------------
输入:       LTCBWXT> MNW HN> D>CKX LMV<> WL> V<>
目标:     0 1 0 0 8 0 13 9 0 0 0 71 0 0 0 0 0 0 35 0 0 0 3 0 1 6 0 10 7 0 1 0 0 0 0 10 3
预测:     0 1 0 0 8 0 13 9 0 0 0 71 0 0 0 0 0 0 1 17 0 0 3 0 1 6 0 10 7 0 1 0 0 0 0 10 7
准确率:    0.9189 (34/37)
----------------------------------------
输入:       MNW HN> D>CKX LMV<> WL> V<> WLMB>CW
目标:     0 0 71 0 0 0 0 0 0 35 0 0 0 3 0 1 6 0 10 7 0 1 0 0 0 0 10 3 0 1 1 28 0 0 7 0
预测:     0 0 71 0 0 0 0 0 0 1 17 0 0 3 0 1 6 0 10 7 0 1 0 0 0 0 10 3 0 1 1 28 0 0 7 0
准确率:    0.9444 (34/36)
----------------------------------------
⏳ 验证无提升 (验证准确率: 0.9694 ≤ 0.9694)，patience: 7/50

======================================================================
🚀 Epoch 151/200
======================================================================
📚 开始训练阶段...
训练进度: 500/6065 损失=0.0003
训练进度: 1000/6065 损失=0.0020
训练进度: 1500/6065 损失=0.0014
训练进度: 2000/6065 损失=0.0001
训练进度: 2500/6065 损失=0.0072
训练进度: 3000/6065 损失=0.0004
训练进度: 3500/6065 损失=0.0002
训练进度: 4000/6065 损失=0.0012
训练进度: 4500/6065 损失=0.0012
训练进度: 5000/6065 损失=0.0000
训练进度: 5500/6065 损失=0.0102
训练进度: 6000/6065 损失=0.0001
训练进度: 6065/6065 损失=0.0011
✅ 训练完成，耗时: 108.9秒 (1.8分钟)

============================================================
📊 验证决策: Epoch 151/200
   验证间隔: 1
   是否验证: ✅ 是
   原因: 达到验证间隔 (0 == 0)
============================================================

🔍 开始验证...
验证进度: 500/686 损失=0.1313
验证进度: 686/686 损失=1.2128

📊 预测分布分析:
  - 预测的前5个类别: {np.int64(0): 282920, np.int64(1): 37064, np.int64(2): 14761, np.int64(3): 10837, np.int64(4): 9076}
  - 标签的前5个类别: {np.int64(0): 281232, np.int64(1): 36731, np.int64(2): 14789, np.int64(3): 10866, np.int64(4): 8585}
✅ 验证完成，耗时: 4.9秒 (0.1分钟)
训练损失: 0.0032
验证损失: 0.5847
验证准确率: 0.9692 (10625/10964) - 与Levenshtein高度相关
验证F1(加权): 0.9683 - 类别平衡更好
学习率: 0.000015
显存使用: 0.48GB (预留: 0.67GB)

生成的训练样本:
--------------------------------------------------------------------------------
输入:       CQLW QRBW LH NDRJHWN DNDRW HWW B>WLYNJHWN
目标:     0 0 0 3 0 0 0 0 3 0 0 1 0 0 0 0 2 1 0 0 0 0 1 0 0 33 0 0 0 18 0 0 1 0 0 0 0 2 1 0 0 0
预测:     0 0 0 3 0 0 0 0 3 0 0 1 0 0 0 0 2 1 0 0 0 0 1 0 0 33 0 0 0 18 0 0 1 0 0 0 0 2 1 0 0 0
准确率:    1.0000 (42/42)
----------------------------------------
输入:       WBR> >LH> TNJN> RWRB> WKL NPC> XJT>
目标:     0 1 0 10 3 0 0 0 4 0 0 0 0 0 11 0 0 0 0 0 11 0 0 1 0 2 0 0 0 4 0 0 0 22 9 0
预测:     0 1 0 10 3 0 0 0 4 0 0 0 0 0 11 0 0 0 0 0 11 0 0 1 0 2 0 0 0 4 0 0 0 22 9 0
准确率:    1.0000 (36/36)
----------------------------------------
输入:       HJ WMJTTK QBWR WCM< >BRHM L<PRWN WTQL
目标:     0 0 12 0 1 20 0 7 124 0 6 0 8 0 3 0 1 0 0 3 0 0 0 0 0 2 0 1 0 0 0 0 2 0 1 0 0 3
预测:     0 0 12 0 1 20 0 7 124 0 6 0 8 0 3 0 1 0 0 3 0 0 0 0 0 2 0 1 0 0 0 0 2 0 1 0 0 3
准确率:    1.0000 (38/38)
----------------------------------------

生成的验证样本:
--------------------------------------------------------------------------------
输入:       LTCBWXT> MNW HN> D>CKX LMV<> WL> V<>
目标:     0 1 0 0 8 0 13 9 0 0 0 71 0 0 0 0 0 0 35 0 0 0 3 0 1 6 0 10 7 0 1 0 0 0 0 10 3
预测:     0 1 0 0 8 0 13 9 0 0 0 71 0 0 0 0 0 0 1 17 0 0 3 0 1 6 0 10 7 0 1 0 0 0 0 10 7
准确率:    0.9189 (34/37)
----------------------------------------
输入:       MNW HN> D>CKX LMV<> WL> V<> WLMB>CW
目标:     0 0 71 0 0 0 0 0 0 35 0 0 0 3 0 1 6 0 10 7 0 1 0 0 0 0 10 3 0 1 1 28 0 0 7 0
预测:     0 0 71 0 0 0 0 0 0 1 17 0 0 3 0 1 6 0 10 7 0 1 0 0 0 0 10 3 0 1 1 28 0 0 7 0
准确率:    0.9444 (34/36)
----------------------------------------
⏳ 验证无提升 (验证准确率: 0.9692 ≤ 0.9694)，patience: 8/50

======================================================================
🚀 Epoch 152/200
======================================================================
📚 开始训练阶段...
训练进度: 500/6065 损失=0.0003
训练进度: 1000/6065 损失=0.0000
训练进度: 1500/6065 损失=0.0000
训练进度: 2000/6065 损失=0.0014
训练进度: 2500/6065 损失=0.0022
训练进度: 3000/6065 损失=0.0003
训练进度: 3500/6065 损失=0.0003
训练进度: 4000/6065 损失=0.0117
训练进度: 4500/6065 损失=0.0001
训练进度: 5000/6065 损失=0.0003
训练进度: 5500/6065 损失=0.0003
训练进度: 6000/6065 损失=0.0002
训练进度: 6065/6065 损失=0.0004
✅ 训练完成，耗时: 108.4秒 (1.8分钟)

============================================================
📊 验证决策: Epoch 152/200
   验证间隔: 1
   是否验证: ✅ 是
   原因: 达到验证间隔 (0 == 0)
============================================================

🔍 开始验证...
验证进度: 500/686 损失=0.1959
验证进度: 686/686 损失=1.1297

📊 预测分布分析:
  - 预测的前5个类别: {np.int64(0): 283040, np.int64(1): 37015, np.int64(2): 14764, np.int64(3): 10893, np.int64(4): 8959}
  - 标签的前5个类别: {np.int64(0): 281232, np.int64(1): 36731, np.int64(2): 14789, np.int64(3): 10866, np.int64(4): 8585}
✅ 验证完成，耗时: 4.9秒 (0.1分钟)
训练损失: 0.0030
验证损失: 0.5807
验证准确率: 0.9692 (10626/10964) - 与Levenshtein高度相关
验证F1(加权): 0.9684 - 类别平衡更好
学习率: 0.000015
显存使用: 0.48GB (预留: 0.67GB)

生成的训练样本:
--------------------------------------------------------------------------------
输入:       TJB> MN <WRL> DXDJW L>B> WGZJR> D>XCW
目标:     0 0 0 11 0 0 0 0 0 8 0 31 11 0 0 1 0 0 3 0 0 1 0 4 0 0 1 0 8 0 65 27 0 1 17 0 130 0
预测:     0 0 0 11 0 0 0 0 0 8 0 31 11 0 0 1 0 0 3 0 0 1 0 4 0 0 1 0 8 0 65 27 0 1 17 0 130 0
准确率:    1.0000 (38/38)
----------------------------------------
输入:       W>MR MRJ> LJ<QWB QWM SQ LBJT >JL
目标:     0 1 0 0 3 0 0 0 0 2 0 1 0 0 0 0 2 6 0 0 3 6 64 3 0 1 0 0 2 0 0 0 2
预测:     0 1 0 0 3 0 0 0 0 2 0 1 0 0 0 0 2 6 0 0 3 6 64 3 0 1 0 0 2 0 0 0 2
准确率:    1.0000 (33/33)
----------------------------------------
输入:       YDQJ> BJRX> XMJCJ> BTC<T> BH BJRX> <CN
目标:     0 0 0 0 0 2 0 1 0 0 4 0 0 0 0 0 0 4 0 0 1 0 0 2 9 0 0 1 0 0 1 0 0 4 0 0 0 0 3
预测:     0 0 0 0 0 2 0 1 0 0 4 0 0 0 0 0 0 4 0 0 1 0 0 2 9 0 0 1 0 0 1 0 0 4 0 0 0 0 3
准确率:    1.0000 (39/39)
----------------------------------------

生成的验证样本:
--------------------------------------------------------------------------------
输入:       LTCBWXT> MNW HN> D>CKX LMV<> WL> V<>
目标:     0 1 0 0 8 0 13 9 0 0 0 71 0 0 0 0 0 0 35 0 0 0 3 0 1 6 0 10 7 0 1 0 0 0 0 10 3
预测:     0 1 0 0 8 0 13 9 0 0 0 71 0 0 0 0 0 0 1 17 0 0 3 0 1 6 0 10 7 0 1 0 0 0 0 10 7
准确率:    0.9189 (34/37)
----------------------------------------
输入:       MNW HN> D>CKX LMV<> WL> V<> WLMB>CW
目标:     0 0 71 0 0 0 0 0 0 35 0 0 0 3 0 1 6 0 10 7 0 1 0 0 0 0 10 3 0 1 1 28 0 0 7 0
预测:     0 0 71 0 0 0 0 0 0 1 17 0 0 3 0 1 6 0 10 7 0 1 0 0 0 0 10 3 0 1 1 28 0 0 7 0
准确率:    0.9444 (34/36)
----------------------------------------
⏳ 验证无提升 (验证准确率: 0.9692 ≤ 0.9694)，patience: 9/50

======================================================================
🚀 Epoch 153/200
======================================================================
📚 开始训练阶段...
训练进度: 500/6065 损失=0.0009
训练进度: 1000/6065 损失=0.0000
训练进度: 1500/6065 损失=0.0001
训练进度: 2000/6065 损失=0.0040
训练进度: 2500/6065 损失=0.0010
训练进度: 3000/6065 损失=0.0068
训练进度: 3500/6065 损失=0.0000
训练进度: 4000/6065 损失=0.0001
训练进度: 4500/6065 损失=0.0003
训练进度: 5000/6065 损失=0.0004
训练进度: 5500/6065 损失=0.0069
训练进度: 6000/6065 损失=0.0057
训练进度: 6065/6065 损失=0.0005
✅ 训练完成，耗时: 108.3秒 (1.8分钟)

============================================================
📊 验证决策: Epoch 153/200
   验证间隔: 1
   是否验证: ✅ 是
   原因: 达到验证间隔 (0 == 0)
============================================================

🔍 开始验证...
验证进度: 500/686 损失=0.1782
验证进度: 686/686 损失=1.0589

📊 预测分布分析:
  - 预测的前5个类别: {np.int64(0): 282875, np.int64(1): 37041, np.int64(2): 14763, np.int64(3): 10875, np.int64(4): 9037}
  - 标签的前5个类别: {np.int64(0): 281232, np.int64(1): 36731, np.int64(2): 14789, np.int64(3): 10866, np.int64(4): 8585}
✅ 验证完成，耗时: 4.9秒 (0.1分钟)
训练损失: 0.0030
验证损失: 0.5809
验证准确率: 0.9693 (10627/10964) - 与Levenshtein高度相关
验证F1(加权): 0.9686 - 类别平衡更好
学习率: 0.000014
显存使用: 0.47GB (预留: 0.67GB)

生成的训练样本:
--------------------------------------------------------------------------------
输入:       TCBWQ BRTH BDMWTH HKN> >MR TWB BRDJYN
目标:     0 6 0 8 0 3 0 0 13 1 0 0 1 0 0 2 1 0 0 0 0 0 0 0 0 0 3 0 0 0 0 0 0 0 0 0 0 2
预测:     0 6 0 8 0 3 0 0 13 1 0 0 1 0 0 2 1 0 0 0 0 0 0 0 0 0 3 0 0 0 0 0 0 0 0 0 0 2
准确率:    1.0000 (38/38)
----------------------------------------
输入:       HWJ VLJ> WQR> MLK> DMYRJN LXJT> W>MR
目标:     0 0 0 80 0 0 24 9 0 0 1 0 10 3 0 0 0 4 0 0 1 0 0 0 0 2 0 1 0 13 23 0 0 1 0 0 3
预测:     0 0 0 80 0 0 24 9 0 0 1 0 10 3 0 0 0 4 0 0 1 0 0 0 0 2 0 1 0 13 23 0 0 1 0 0 3
准确率:    1.0000 (37/37)
----------------------------------------
输入:       <L QJMH WKWL DPQD >NWN MWC> <BDH
目标:     0 0 0 0 0 0 5 0 0 1 8 0 2 0 1 0 0 16 0 0 0 0 0 0 0 0 0 2 0 0 0 37 0
预测:     0 0 0 0 0 0 5 0 0 1 8 0 2 0 1 0 0 16 0 0 0 0 0 0 0 0 0 2 0 0 0 37 0
准确率:    1.0000 (33/33)
----------------------------------------

生成的验证样本:
--------------------------------------------------------------------------------
输入:       LTCBWXT> MNW HN> D>CKX LMV<> WL> V<>
目标:     0 1 0 0 8 0 13 9 0 0 0 71 0 0 0 0 0 0 35 0 0 0 3 0 1 6 0 10 7 0 1 0 0 0 0 10 3
预测:     0 1 0 0 8 0 13 9 0 0 0 71 0 0 0 0 0 0 1 17 0 0 3 0 1 6 0 10 7 0 1 0 0 0 0 10 7
准确率:    0.9189 (34/37)
----------------------------------------
输入:       MNW HN> D>CKX LMV<> WL> V<> WLMB>CW
目标:     0 0 71 0 0 0 0 0 0 35 0 0 0 3 0 1 6 0 10 7 0 1 0 0 0 0 10 3 0 1 1 28 0 0 7 0
预测:     0 0 71 0 0 0 0 0 0 1 17 0 0 3 0 1 6 0 10 7 0 1 0 0 0 0 10 3 0 1 1 28 0 0 7 0
准确率:    0.9444 (34/36)
----------------------------------------
⏳ 验证无提升 (验证准确率: 0.9693 ≤ 0.9694)，patience: 10/50

======================================================================
🚀 Epoch 154/200
======================================================================
📚 开始训练阶段...
训练进度: 500/6065 损失=0.0053
训练进度: 1000/6065 损失=0.0098
训练进度: 1500/6065 损失=0.0054
训练进度: 2000/6065 损失=0.0003
训练进度: 2500/6065 损失=0.0117
训练进度: 3000/6065 损失=0.0003
训练进度: 3500/6065 损失=0.0069
训练进度: 4000/6065 损失=0.0003
训练进度: 4500/6065 损失=0.0001
训练进度: 5000/6065 损失=0.0063
训练进度: 5500/6065 损失=0.0005
训练进度: 6000/6065 损失=0.0043
训练进度: 6065/6065 损失=0.0097
✅ 训练完成，耗时: 108.2秒 (1.8分钟)

============================================================
📊 验证决策: Epoch 154/200
   验证间隔: 1
   是否验证: ✅ 是
   原因: 达到验证间隔 (0 == 0)
============================================================

🔍 开始验证...
验证进度: 500/686 损失=0.1269
验证进度: 686/686 损失=1.1410

📊 预测分布分析:
  - 预测的前5个类别: {np.int64(0): 283098, np.int64(1): 37042, np.int64(2): 14700, np.int64(3): 10848, np.int64(4): 8946}
  - 标签的前5个类别: {np.int64(0): 281232, np.int64(1): 36731, np.int64(2): 14789, np.int64(3): 10866, np.int64(4): 8585}
✅ 验证完成，耗时: 4.8秒 (0.1分钟)
训练损失: 0.0030
验证损失: 0.5922
验证准确率: 0.9693 (10627/10964) - 与Levenshtein高度相关
验证F1(加权): 0.9686 - 类别平衡更好
学习率: 0.000013
显存使用: 0.48GB (预留: 0.67GB)

生成的训练样本:
--------------------------------------------------------------------------------
输入:       LKLNC TTJD< >NTT> DJN VBT> VWBWHJ LB<LH
目标:     0 1 0 84 0 2 0 91 14 0 0 3 0 0 0 13 9 0 0 0 0 0 0 0 2 9 0 0 0 0 25 1 0 0 0 1 0 0 5 12
预测:     0 1 0 84 0 2 0 91 14 0 0 3 0 0 0 13 9 0 0 0 0 0 0 0 2 9 0 0 0 0 25 1 0 0 0 1 0 0 5 12
准确率:    1.0000 (40/40)
----------------------------------------
输入:       KRWN KRWN WSRJT >R<> WXZ> PR<WN DHWT
目标:     0 0 10 22 0 0 0 10 22 0 0 1 0 0 33 26 0 0 0 4 0 0 1 0 10 3 0 0 0 0 0 2 0 1 0 18 26
预测:     0 0 10 22 0 0 0 10 22 0 0 1 0 0 33 26 0 0 0 4 0 0 1 0 10 3 0 0 0 0 0 2 0 1 0 18 26
准确率:    1.0000 (37/37)
----------------------------------------
输入:       >RXQH MN MCRJT> WQRJHJ MCKNZBN> WKL MN
目标:     0 17 0 0 29 0 0 0 0 0 0 0 0 2 9 0 0 1 0 94 0 0 0 0 0 0 0 5 0 0 4 0 0 1 0 2 0 0 12
预测:     0 17 0 0 29 0 0 0 0 0 0 0 0 2 9 0 0 1 0 94 0 0 0 0 0 0 0 5 0 0 4 0 0 1 0 2 0 0 12
准确率:    1.0000 (39/39)
----------------------------------------

生成的验证样本:
--------------------------------------------------------------------------------
输入:       LTCBWXT> MNW HN> D>CKX LMV<> WL> V<>
目标:     0 1 0 0 8 0 13 9 0 0 0 71 0 0 0 0 0 0 35 0 0 0 3 0 1 6 0 10 7 0 1 0 0 0 0 10 3
预测:     0 1 0 0 8 0 13 9 0 0 0 71 0 0 0 0 0 0 1 17 0 0 3 0 1 6 0 10 7 0 1 0 0 0 0 10 7
准确率:    0.9189 (34/37)
----------------------------------------
输入:       MNW HN> D>CKX LMV<> WL> V<> WLMB>CW
目标:     0 0 71 0 0 0 0 0 0 35 0 0 0 3 0 1 6 0 10 7 0 1 0 0 0 0 10 3 0 1 1 28 0 0 7 0
预测:     0 0 71 0 0 0 0 0 0 1 17 0 0 3 0 1 6 0 10 7 0 1 0 0 0 0 10 3 0 1 1 28 0 0 7 0
准确率:    0.9444 (34/36)
----------------------------------------
⏳ 验证无提升 (验证准确率: 0.9693 ≤ 0.9694)，patience: 11/50

======================================================================
🚀 Epoch 155/200
======================================================================
📚 开始训练阶段...
训练进度: 500/6065 损失=0.0007
训练进度: 1000/6065 损失=0.0018
训练进度: 1500/6065 损失=0.0001
训练进度: 2000/6065 损失=0.0031
训练进度: 2500/6065 损失=0.0004
训练进度: 3000/6065 损失=0.0000
训练进度: 3500/6065 损失=0.0003
训练进度: 4000/6065 损失=0.0089
训练进度: 4500/6065 损失=0.0016
训练进度: 5000/6065 损失=0.0002
训练进度: 5500/6065 损失=0.0004
训练进度: 6000/6065 损失=0.0225
训练进度: 6065/6065 损失=0.0001
✅ 训练完成，耗时: 107.9秒 (1.8分钟)

============================================================
📊 验证决策: Epoch 155/200
   验证间隔: 1
   是否验证: ✅ 是
   原因: 达到验证间隔 (0 == 0)
============================================================

🔍 开始验证...
验证进度: 500/686 损失=0.1420
验证进度: 686/686 损失=1.1195

📊 预测分布分析:
  - 预测的前5个类别: {np.int64(0): 283184, np.int64(1): 37016, np.int64(2): 14720, np.int64(3): 10851, np.int64(4): 9007}
  - 标签的前5个类别: {np.int64(0): 281232, np.int64(1): 36731, np.int64(2): 14789, np.int64(3): 10866, np.int64(4): 8585}
✅ 验证完成，耗时: 4.8秒 (0.1分钟)
训练损失: 0.0028
验证损失: 0.5991
验证准确率: 0.9691 (10625/10964) - 与Levenshtein高度相关
验证F1(加权): 0.9683 - 类别平衡更好
学习率: 0.000013
显存使用: 0.48GB (预留: 0.67GB)

生成的训练样本:
--------------------------------------------------------------------------------
输入:       >MR DL> HW> MN KJNH MSKL BRNC>
目标:     0 0 0 7 0 1 0 0 0 0 10 3 0 0 0 0 0 0 5 0 0 28 0 0 49 0 0 84 0 4 0
预测:     0 0 0 7 0 1 0 0 0 0 10 3 0 0 0 0 0 0 5 0 0 28 0 0 49 0 0 84 0 4 0
准确率:    1.0000 (31/31)
----------------------------------------
输入:       PWQ MN QDM >JQR> >RX> GJR <RY
目标:     34 8 0 3 0 0 0 0 0 0 2 0 0 0 0 4 0 0 0 0 4 0 0 0 0 0 0 0 0 3
预测:     34 8 0 3 0 0 0 0 0 0 2 0 0 0 0 4 0 0 0 0 4 0 0 0 0 0 0 0 0 3
准确率:    1.0000 (30/30)
----------------------------------------
输入:       C>LT> XD> C>L >N> MNKWN HBW LJ
目标:     0 0 0 13 9 0 0 0 2 0 0 0 0 7 0 0 0 0 0 0 1 0 0 0 52 0 3 0 0 1 0
预测:     0 0 0 13 9 0 0 0 2 0 0 0 0 7 0 0 0 0 0 0 1 0 0 0 52 0 3 0 0 1 0
准确率:    1.0000 (31/31)
----------------------------------------

生成的验证样本:
--------------------------------------------------------------------------------
输入:       LTCBWXT> MNW HN> D>CKX LMV<> WL> V<>
目标:     0 1 0 0 8 0 13 9 0 0 0 71 0 0 0 0 0 0 35 0 0 0 3 0 1 6 0 10 7 0 1 0 0 0 0 10 3
预测:     0 1 0 0 8 0 13 9 0 0 0 71 0 0 0 0 0 0 1 17 0 0 3 0 1 6 0 10 7 0 1 0 0 0 0 10 7
准确率:    0.9189 (34/37)
----------------------------------------
输入:       MNW HN> D>CKX LMV<> WL> V<> WLMB>CW
目标:     0 0 71 0 0 0 0 0 0 35 0 0 0 3 0 1 6 0 10 7 0 1 0 0 0 0 10 3 0 1 1 28 0 0 7 0
预测:     0 0 71 0 0 0 0 0 0 1 17 0 0 3 0 1 6 0 10 7 0 1 0 0 0 0 10 3 0 1 1 28 0 0 7 0
准确率:    0.9444 (34/36)
----------------------------------------
⏳ 验证无提升 (验证准确率: 0.9691 ≤ 0.9694)，patience: 12/50

======================================================================
🚀 Epoch 156/200
======================================================================
📚 开始训练阶段...
训练进度: 500/6065 损失=0.0013
训练进度: 1000/6065 损失=0.0023
训练进度: 1500/6065 损失=0.0161
训练进度: 2000/6065 损失=0.0121
训练进度: 2500/6065 损失=0.0008
训练进度: 3000/6065 损失=0.0000
训练进度: 3500/6065 损失=0.0020
训练进度: 4000/6065 损失=0.0000
训练进度: 4500/6065 损失=0.0039
训练进度: 5000/6065 损失=0.0002
训练进度: 5500/6065 损失=0.0069
训练进度: 6000/6065 损失=0.0017
训练进度: 6065/6065 损失=0.0023
✅ 训练完成，耗时: 108.2秒 (1.8分钟)

============================================================
📊 验证决策: Epoch 156/200
   验证间隔: 1
   是否验证: ✅ 是
   原因: 达到验证间隔 (0 == 0)
============================================================

🔍 开始验证...
验证进度: 500/686 损失=0.1691
验证进度: 686/686 损失=1.2196

📊 预测分布分析:
  - 预测的前5个类别: {np.int64(0): 283137, np.int64(1): 36990, np.int64(2): 14708, np.int64(3): 10891, np.int64(4): 8917}
  - 标签的前5个类别: {np.int64(0): 281232, np.int64(1): 36731, np.int64(2): 14789, np.int64(3): 10866, np.int64(4): 8585}
✅ 验证完成，耗时: 4.8秒 (0.1分钟)
训练损失: 0.0028
验证损失: 0.5956
验证准确率: 0.9692 (10626/10964) - 与Levenshtein高度相关
验证F1(加权): 0.9684 - 类别平衡更好
学习率: 0.000012
显存使用: 0.48GB (预留: 0.67GB)

生成的训练样本:
--------------------------------------------------------------------------------
输入:       HW HW GLWZ> RB> C>LT> DCLM> DJHB
目标:     0 0 12 0 0 0 0 0 0 0 4 0 0 0 4 0 0 0 0 13 9 0 0 1 0 0 15 0 0 1 0 0 7
预测:     0 0 12 0 0 0 0 0 0 0 4 0 0 0 4 0 0 0 0 13 9 0 0 1 0 0 15 0 0 1 0 0 7
准确率:    1.0000 (33/33)
----------------------------------------
输入:       DL> >TDJNW >JK DJNJHWN LVB> BRKW TBW<>
目标:     0 1 0 0 0 0 14 20 0 3 0 0 0 0 0 0 0 0 62 1 0 0 0 0 1 0 4 0 0 0 0 3 0 0 0 0 0 11 0
预测:     0 1 0 0 0 0 14 20 0 3 0 0 0 0 0 0 0 0 62 1 0 0 0 0 1 0 4 0 0 0 0 3 0 0 0 0 0 11 0
准确率:    1.0000 (39/39)
----------------------------------------
输入:       MWC> D>SQN MN >R<> DMYRJN L> JD<JNN
目标:     0 0 0 0 2 0 1 17 64 29 0 0 0 0 0 0 0 4 0 0 1 0 0 0 0 2 0 0 0 0 0 0 7 87 0 0
预测:     0 0 0 0 2 0 1 17 64 29 0 0 0 0 0 0 0 4 0 0 1 0 0 0 0 2 0 0 0 0 0 0 7 87 0 0
准确率:    1.0000 (36/36)
----------------------------------------

生成的验证样本:
--------------------------------------------------------------------------------
输入:       LTCBWXT> MNW HN> D>CKX LMV<> WL> V<>
目标:     0 1 0 0 8 0 13 9 0 0 0 71 0 0 0 0 0 0 35 0 0 0 3 0 1 6 0 10 7 0 1 0 0 0 0 10 3
预测:     0 1 0 0 8 0 13 9 0 0 0 71 0 0 0 0 0 0 1 17 0 0 3 0 1 6 0 10 7 0 1 0 0 0 0 10 7
准确率:    0.9189 (34/37)
----------------------------------------
输入:       MNW HN> D>CKX LMV<> WL> V<> WLMB>CW
目标:     0 0 71 0 0 0 0 0 0 35 0 0 0 3 0 1 6 0 10 7 0 1 0 0 0 0 10 3 0 1 1 28 0 0 7 0
预测:     0 0 71 0 0 0 0 0 0 1 17 0 0 3 0 1 6 0 10 7 0 1 0 0 0 0 10 3 0 1 1 28 0 0 7 0
准确率:    0.9444 (34/36)
----------------------------------------
⏳ 验证无提升 (验证准确率: 0.9692 ≤ 0.9694)，patience: 13/50

======================================================================
🚀 Epoch 157/200
======================================================================
📚 开始训练阶段...
训练进度: 500/6065 损失=0.0055
训练进度: 1000/6065 损失=0.0001
训练进度: 1500/6065 损失=0.0001
训练进度: 2000/6065 损失=0.0024
训练进度: 2500/6065 损失=0.0004
训练进度: 3000/6065 损失=0.0001
训练进度: 3500/6065 损失=0.0014
训练进度: 4000/6065 损失=0.0045
训练进度: 4500/6065 损失=0.0004
训练进度: 5000/6065 损失=0.0014
训练进度: 5500/6065 损失=0.0090
训练进度: 6000/6065 损失=0.0037
训练进度: 6065/6065 损失=0.0018
✅ 训练完成，耗时: 108.1秒 (1.8分钟)

============================================================
📊 验证决策: Epoch 157/200
   验证间隔: 1
   是否验证: ✅ 是
   原因: 达到验证间隔 (0 == 0)
============================================================

🔍 开始验证...
验证进度: 500/686 损失=0.1512
验证进度: 686/686 损失=1.1572

📊 预测分布分析:
  - 预测的前5个类别: {np.int64(0): 283086, np.int64(1): 37004, np.int64(2): 14734, np.int64(3): 10835, np.int64(4): 9011}
  - 标签的前5个类别: {np.int64(0): 281232, np.int64(1): 36731, np.int64(2): 14789, np.int64(3): 10866, np.int64(4): 8585}
✅ 验证完成，耗时: 4.9秒 (0.1分钟)
训练损失: 0.0026
验证损失: 0.6012
验证准确率: 0.9691 (10625/10964) - 与Levenshtein高度相关
验证F1(加权): 0.9683 - 类别平衡更好
学习率: 0.000012
显存使用: 0.48GB (预留: 0.67GB)

生成的训练样本:
--------------------------------------------------------------------------------
输入:       >JK YPR> MVL DH> XVJ> MLW QCT>
目标:     0 0 0 0 0 0 0 15 0 0 0 0 0 0 1 0 0 0 0 0 30 0 0 0 18 0 0 0 0 15 0
预测:     0 0 0 0 0 0 0 15 0 0 0 0 0 0 1 0 0 0 0 0 30 0 0 0 18 0 0 0 0 15 0
准确率:    1.0000 (31/31)
----------------------------------------
输入:       >NC> KCR> SKL> GJR MXSD <D L>
目标:     0 0 0 11 0 0 0 0 65 0 0 0 0 4 0 0 0 0 0 0 6 0 0 103 0 0 0 0 0 0
预测:     0 0 0 11 0 0 0 0 65 0 0 0 0 4 0 0 0 0 0 0 6 0 0 103 0 0 0 0 0 0
准确率:    1.0000 (30/30)
----------------------------------------
输入:       WXZJ MDM DBJC LH L> TTL LH
目标:     0 36 0 0 3 0 0 0 2 0 1 0 0 2 0 1 12 0 0 0 0 34 0 3 0 1 12
预测:     0 36 0 0 3 0 0 0 2 0 1 0 0 2 0 1 12 0 0 0 0 34 0 3 0 1 12
准确率:    1.0000 (27/27)
----------------------------------------

生成的验证样本:
--------------------------------------------------------------------------------
输入:       LTCBWXT> MNW HN> D>CKX LMV<> WL> V<>
目标:     0 1 0 0 8 0 13 9 0 0 0 71 0 0 0 0 0 0 35 0 0 0 3 0 1 6 0 10 7 0 1 0 0 0 0 10 3
预测:     0 1 0 0 8 0 13 9 0 0 0 71 0 0 0 0 0 0 1 17 0 0 3 0 1 6 0 10 7 0 1 0 0 0 0 10 7
准确率:    0.9189 (34/37)
----------------------------------------
输入:       MNW HN> D>CKX LMV<> WL> V<> WLMB>CW
目标:     0 0 71 0 0 0 0 0 0 35 0 0 0 3 0 1 6 0 10 7 0 1 0 0 0 0 10 3 0 1 1 28 0 0 7 0
预测:     0 0 71 0 0 0 0 0 0 1 17 0 0 3 0 1 6 0 10 7 0 1 0 0 0 0 10 3 0 1 1 28 0 0 7 0
准确率:    0.9444 (34/36)
----------------------------------------
⏳ 验证无提升 (验证准确率: 0.9691 ≤ 0.9694)，patience: 14/50

======================================================================
🚀 Epoch 158/200
======================================================================
📚 开始训练阶段...
训练进度: 500/6065 损失=0.0021
训练进度: 1000/6065 损失=0.0030
训练进度: 1500/6065 损失=0.0065
训练进度: 2000/6065 损失=0.0001
训练进度: 2500/6065 损失=0.0003
训练进度: 3000/6065 损失=0.0000
训练进度: 3500/6065 损失=0.0045
训练进度: 4000/6065 损失=0.0016
训练进度: 4500/6065 损失=0.0010
训练进度: 5000/6065 损失=0.0015
训练进度: 5500/6065 损失=0.0028
训练进度: 6000/6065 损失=0.0033
训练进度: 6065/6065 损失=0.0001
✅ 训练完成，耗时: 108.6秒 (1.8分钟)

============================================================
📊 验证决策: Epoch 158/200
   验证间隔: 1
   是否验证: ✅ 是
   原因: 达到验证间隔 (0 == 0)
============================================================

🔍 开始验证...
验证进度: 500/686 损失=0.1904
验证进度: 686/686 损失=1.0697

📊 预测分布分析:
  - 预测的前5个类别: {np.int64(0): 283139, np.int64(1): 36970, np.int64(2): 14699, np.int64(3): 10949, np.int64(4): 8967}
  - 标签的前5个类别: {np.int64(0): 281232, np.int64(1): 36731, np.int64(2): 14789, np.int64(3): 10866, np.int64(4): 8585}
✅ 验证完成，耗时: 5.0秒 (0.1分钟)
训练损失: 0.0026
验证损失: 0.6049
验证准确率: 0.9693 (10627/10964) - 与Levenshtein高度相关
验证F1(加权): 0.9685 - 类别平衡更好
学习率: 0.000011
显存使用: 0.48GB (预留: 0.67GB)

生成的训练样本:
--------------------------------------------------------------------------------
输入:       HW> RXJQ CWLM> DDJNH H> GJR XZJNN
目标:     0 0 10 3 0 0 8 0 40 0 0 0 0 4 0 0 1 0 0 37 0 0 0 0 0 0 0 0 0 0 42 87 0 0
预测:     0 0 10 3 0 0 8 0 40 0 0 0 0 4 0 0 1 0 0 37 0 0 0 0 0 0 0 0 0 0 42 87 0 0
准确率:    1.0000 (34/34)
----------------------------------------
输入:       >TR> BJT >BWKJ LMBT W>MRT LH BRT
目标:     0 0 0 4 0 0 0 0 2 0 0 8 5 0 0 0 1 6 31 7 0 1 0 0 3 26 0 1 0 0 0 13 0
预测:     0 0 0 4 0 0 0 0 2 0 0 8 5 0 0 0 1 6 31 7 0 1 0 0 3 26 0 1 0 0 0 13 0
准确率:    1.0000 (33/33)
----------------------------------------
输入:       WTHW> LHWN LQJM> DL<LM LH WLZR<H LDRJHWN
目标:     0 1 44 0 10 3 0 1 0 0 0 0 1 0 0 4 0 0 1 1 0 0 2 0 1 0 0 1 1 0 0 5 0 0 1 0 2 1 0 0 0
预测:     0 1 44 0 10 3 0 1 0 0 0 0 1 0 0 4 0 0 1 1 0 0 2 0 1 0 0 1 1 0 0 5 0 0 1 0 2 1 0 0 0
准确率:    1.0000 (41/41)
----------------------------------------

生成的验证样本:
--------------------------------------------------------------------------------
输入:       LTCBWXT> MNW HN> D>CKX LMV<> WL> V<>
目标:     0 1 0 0 8 0 13 9 0 0 0 71 0 0 0 0 0 0 35 0 0 0 3 0 1 6 0 10 7 0 1 0 0 0 0 10 3
预测:     0 1 0 0 8 0 13 9 0 0 0 71 0 0 0 0 0 0 1 17 0 0 3 0 1 6 0 10 7 0 1 0 0 0 0 10 7
准确率:    0.9189 (34/37)
----------------------------------------
输入:       MNW HN> D>CKX LMV<> WL> V<> WLMB>CW
目标:     0 0 71 0 0 0 0 0 0 35 0 0 0 3 0 1 6 0 10 7 0 1 0 0 0 0 10 3 0 1 1 28 0 0 7 0
预测:     0 0 71 0 0 0 0 0 0 1 17 0 0 3 0 1 6 0 10 7 0 1 0 0 0 0 10 3 0 1 1 28 0 0 7 0
准确率:    0.9444 (34/36)
----------------------------------------
⏳ 验证无提升 (验证准确率: 0.9693 ≤ 0.9694)，patience: 15/50

======================================================================
🚀 Epoch 159/200
======================================================================
📚 开始训练阶段...
训练进度: 500/6065 损失=0.0004
训练进度: 1000/6065 损失=0.0012
训练进度: 1500/6065 损失=0.0001
训练进度: 2000/6065 损失=0.0001
训练进度: 2500/6065 损失=0.0031
训练进度: 3000/6065 损失=0.0005
训练进度: 3500/6065 损失=0.0005
训练进度: 4000/6065 损失=0.0090
训练进度: 4500/6065 损失=0.0001
训练进度: 5000/6065 损失=0.0001
训练进度: 5500/6065 损失=0.0001
训练进度: 6000/6065 损失=0.0002
训练进度: 6065/6065 损失=0.0078
✅ 训练完成，耗时: 108.0秒 (1.8分钟)

============================================================
📊 验证决策: Epoch 159/200
   验证间隔: 1
   是否验证: ✅ 是
   原因: 达到验证间隔 (0 == 0)
============================================================

🔍 开始验证...
验证进度: 500/686 损失=0.2045
验证进度: 686/686 损失=1.1744

📊 预测分布分析:
  - 预测的前5个类别: {np.int64(0): 283078, np.int64(1): 37001, np.int64(2): 14780, np.int64(3): 10880, np.int64(4): 9082}
  - 标签的前5个类别: {np.int64(0): 281232, np.int64(1): 36731, np.int64(2): 14789, np.int64(3): 10866, np.int64(4): 8585}
✅ 验证完成，耗时: 4.8秒 (0.1分钟)
训练损失: 0.0025
验证损失: 0.6125
验证准确率: 0.9692 (10625/10964) - 与Levenshtein高度相关
验证F1(加权): 0.9683 - 类别平衡更好
学习率: 0.000011
显存使用: 0.48GB (预留: 0.67GB)

生成的训练样本:
--------------------------------------------------------------------------------
输入:       MN BSR> LBR MN BJT> WGRM> L>
目标:     0 0 0 0 0 0 4 0 0 1 0 22 0 0 0 0 0 0 4 0 0 1 0 0 4 0 0 0 0
预测:     0 0 0 0 0 0 4 0 0 1 0 22 0 0 0 0 0 0 4 0 0 1 0 0 4 0 0 0 0
准确率:    1.0000 (29/29)
----------------------------------------
输入:       MN <PRWN BR YXR WNTL LJ M<RT>
目标:     0 0 0 0 0 0 0 0 2 0 0 2 0 0 0 2 0 1 0 0 3 0 1 0 0 0 0 13 9 0
预测:     0 0 0 0 0 0 0 0 2 0 0 2 0 0 0 2 0 1 0 0 3 0 1 0 0 0 0 13 9 0
准确率:    1.0000 (30/30)
----------------------------------------
输入:       CMJ> L> MSJBRJN LK L> KN BJT>
目标:     0 0 24 9 0 0 0 0 0 6 8 0 0 7 0 78 0 1 0 0 0 0 0 0 0 0 0 0 4 0
预测:     0 0 24 9 0 0 0 0 0 6 8 0 0 7 0 78 0 1 0 0 0 0 0 0 0 0 0 0 4 0
准确率:    1.0000 (30/30)
----------------------------------------

生成的验证样本:
--------------------------------------------------------------------------------
输入:       LTCBWXT> MNW HN> D>CKX LMV<> WL> V<>
目标:     0 1 0 0 8 0 13 9 0 0 0 71 0 0 0 0 0 0 35 0 0 0 3 0 1 6 0 10 7 0 1 0 0 0 0 10 3
预测:     0 1 0 0 8 0 13 9 0 0 0 71 0 0 0 0 0 0 1 17 0 0 3 0 1 6 0 10 7 0 1 0 0 0 0 10 7
准确率:    0.9189 (34/37)
----------------------------------------
输入:       MNW HN> D>CKX LMV<> WL> V<> WLMB>CW
目标:     0 0 71 0 0 0 0 0 0 35 0 0 0 3 0 1 6 0 10 7 0 1 0 0 0 0 10 3 0 1 1 28 0 0 7 0
预测:     0 0 71 0 0 0 0 0 0 1 17 0 0 3 0 1 6 0 10 7 0 1 0 0 0 0 10 3 0 1 1 28 0 0 7 0
准确率:    0.9444 (34/36)
----------------------------------------
⏳ 验证无提升 (验证准确率: 0.9692 ≤ 0.9694)，patience: 16/50

======================================================================
🚀 Epoch 160/200
======================================================================
📚 开始训练阶段...
训练进度: 500/6065 损失=0.0069
训练进度: 1000/6065 损失=0.0006
训练进度: 1500/6065 损失=0.0002
训练进度: 2000/6065 损失=0.0005
训练进度: 2500/6065 损失=0.0003
训练进度: 3000/6065 损失=0.0000
训练进度: 3500/6065 损失=0.0037
训练进度: 4000/6065 损失=0.0025
训练进度: 4500/6065 损失=0.0000
训练进度: 5000/6065 损失=0.0001
训练进度: 5500/6065 损失=0.0027
训练进度: 6000/6065 损失=0.0067
训练进度: 6065/6065 损失=0.0182
✅ 训练完成，耗时: 107.8秒 (1.8分钟)

============================================================
📊 验证决策: Epoch 160/200
   验证间隔: 1
   是否验证: ✅ 是
   原因: 达到验证间隔 (0 == 0)
============================================================

🔍 开始验证...
验证进度: 500/686 损失=0.2002
验证进度: 686/686 损失=1.1311

📊 预测分布分析:
  - 预测的前5个类别: {np.int64(0): 283082, np.int64(1): 37043, np.int64(2): 14751, np.int64(3): 10915, np.int64(4): 8981}
  - 标签的前5个类别: {np.int64(0): 281232, np.int64(1): 36731, np.int64(2): 14789, np.int64(3): 10866, np.int64(4): 8585}
✅ 验证完成，耗时: 4.9秒 (0.1分钟)
训练损失: 0.0025
验证损失: 0.6133
验证准确率: 0.9691 (10624/10964) - 与Levenshtein高度相关
验证F1(加权): 0.9682 - 类别平衡更好
学习率: 0.000011
显存使用: 0.48GB (预留: 0.67GB)

生成的训练样本:
--------------------------------------------------------------------------------
输入:       DVCJW LJ MVL D>NT HW MSTRN> DJLJ
目标:     0 1 0 0 3 19 0 1 0 0 0 0 0 0 1 0 0 0 0 0 0 0 0 0 0 0 4 0 0 0 0 1 0
预测:     0 1 0 0 3 19 0 1 0 0 0 0 0 0 1 0 0 0 0 0 0 0 0 0 0 0 4 0 0 0 0 1 0
准确率:    1.0000 (33/33)
----------------------------------------
输入:       CLJMWN LBNJ> BR JWJD< WPG< BH WQVLH
目标:     0 0 0 0 0 0 2 0 1 0 0 0 2 0 0 2 0 0 0 0 0 2 0 1 0 0 3 0 1 0 0 1 0 0 29 0
预测:     0 0 0 0 0 0 2 0 1 0 0 0 2 0 0 2 0 0 0 0 0 2 0 1 0 0 3 0 1 0 0 1 0 0 29 0
准确率:    1.0000 (36/36)
----------------------------------------
输入:       NMLL <LJHWN BRWGZH WBXMTH NDLX >NWN >N>
目标:     0 6 0 0 16 0 0 8 1 0 0 0 0 1 0 0 0 5 0 0 1 1 0 13 1 0 0 6 0 0 16 0 0 0 0 0 0 0 0 0
预测:     0 6 0 0 16 0 0 8 1 0 0 0 0 1 0 0 0 5 0 0 1 1 0 13 1 0 0 6 0 0 16 0 0 0 0 0 0 0 0 0
准确率:    1.0000 (40/40)
----------------------------------------

生成的验证样本:
--------------------------------------------------------------------------------
输入:       LTCBWXT> MNW HN> D>CKX LMV<> WL> V<>
目标:     0 1 0 0 8 0 13 9 0 0 0 71 0 0 0 0 0 0 35 0 0 0 3 0 1 6 0 10 7 0 1 0 0 0 0 10 3
预测:     0 1 0 0 8 0 13 9 0 0 0 71 0 0 0 0 0 0 1 17 0 0 3 0 1 6 0 10 7 0 1 0 0 0 0 10 7
准确率:    0.9189 (34/37)
----------------------------------------
输入:       MNW HN> D>CKX LMV<> WL> V<> WLMB>CW
目标:     0 0 71 0 0 0 0 0 0 35 0 0 0 3 0 1 6 0 10 7 0 1 0 0 0 0 10 3 0 1 1 28 0 0 7 0
预测:     0 0 71 0 0 0 0 0 0 1 17 0 0 3 0 1 6 0 10 7 0 1 0 0 0 0 10 3 0 1 1 28 0 0 7 0
准确率:    0.9444 (34/36)
----------------------------------------
⏳ 验证无提升 (验证准确率: 0.9691 ≤ 0.9694)，patience: 17/50

======================================================================
🚀 Epoch 161/200
======================================================================
📚 开始训练阶段...
训练进度: 500/6065 损失=0.0043
训练进度: 1000/6065 损失=0.0001
训练进度: 1500/6065 损失=0.0011
训练进度: 2000/6065 损失=0.0006
训练进度: 2500/6065 损失=0.0000
训练进度: 3000/6065 损失=0.0181
训练进度: 3500/6065 损失=0.0055
训练进度: 4000/6065 损失=0.0007
训练进度: 4500/6065 损失=0.0002
训练进度: 5000/6065 损失=0.0008
训练进度: 5500/6065 损失=0.0003
训练进度: 6000/6065 损失=0.0229
训练进度: 6065/6065 损失=0.0001
✅ 训练完成，耗时: 107.7秒 (1.8分钟)

============================================================
📊 验证决策: Epoch 161/200
   验证间隔: 1
   是否验证: ✅ 是
   原因: 达到验证间隔 (0 == 0)
============================================================

🔍 开始验证...
验证进度: 500/686 损失=0.1637
验证进度: 686/686 损失=1.1822

📊 预测分布分析:
  - 预测的前5个类别: {np.int64(0): 283112, np.int64(1): 37016, np.int64(2): 14760, np.int64(3): 10897, np.int64(4): 9028}
  - 标签的前5个类别: {np.int64(0): 281232, np.int64(1): 36731, np.int64(2): 14789, np.int64(3): 10866, np.int64(4): 8585}
✅ 验证完成，耗时: 4.9秒 (0.1分钟)
训练损失: 0.0024
验证损失: 0.6107
验证准确率: 0.9693 (10627/10964) - 与Levenshtein高度相关
验证F1(加权): 0.9684 - 类别平衡更好
学习率: 0.000010
显存使用: 0.48GB (预留: 0.67GB)

生成的训练样本:
--------------------------------------------------------------------------------
输入:       HKN> >P XRC> BXRCJHWN W>SQW >WRD<> <L
目标:     0 0 0 0 0 0 0 0 0 0 0 30 0 0 1 0 0 2 1 0 0 0 0 1 17 64 3 0 0 0 0 0 0 11 0 0 0 0
预测:     0 0 0 0 0 0 0 0 0 0 0 30 0 0 1 0 0 2 1 0 0 0 0 1 17 64 3 0 0 0 0 0 0 11 0 0 0 0
准确率:    1.0000 (38/38)
----------------------------------------
输入:       M>KLH KJL> LRJC> MNJN NPCTKWN >NC LDBMCKNH
目标:     0 0 0 0 5 0 0 0 0 4 0 0 1 0 0 4 0 0 0 0 0 2 0 0 0 2 32 0 0 0 0 0 0 2 0 1 1 1 0 0 0 5 0
预测:     0 0 0 0 5 0 0 0 0 4 0 0 1 0 0 4 0 0 0 0 0 2 0 0 0 2 32 0 0 0 0 0 0 2 0 1 1 1 0 0 0 5 0
准确率:    1.0000 (43/43)
----------------------------------------
输入:       WMNHWN DJMJN> MTQRJN HNWN DM<DRJN LKJN> WMWSPJN
目标:     0 1 0 1 0 0 0 0 1 0 0 0 4 0 0 21 14 0 42 0 0 0 0 0 0 12 0 1 6 0 0 7 0 19 0 1 0 0 4 0 0 1 63 0 0 7 0 0
预测:     0 1 0 1 0 0 0 0 1 0 0 0 4 0 0 21 14 0 42 0 0 0 0 0 0 12 0 1 6 0 0 7 0 19 0 1 0 0 4 0 0 1 63 0 0 7 0 0
准确率:    1.0000 (48/48)
----------------------------------------

生成的验证样本:
--------------------------------------------------------------------------------
输入:       LTCBWXT> MNW HN> D>CKX LMV<> WL> V<>
目标:     0 1 0 0 8 0 13 9 0 0 0 71 0 0 0 0 0 0 35 0 0 0 3 0 1 6 0 10 7 0 1 0 0 0 0 10 3
预测:     0 1 0 0 8 0 13 9 0 0 0 71 0 0 0 0 0 0 1 17 0 0 3 0 1 6 0 10 7 0 1 0 0 0 0 10 7
准确率:    0.9189 (34/37)
----------------------------------------
输入:       MNW HN> D>CKX LMV<> WL> V<> WLMB>CW
目标:     0 0 71 0 0 0 0 0 0 35 0 0 0 3 0 1 6 0 10 7 0 1 0 0 0 0 10 3 0 1 1 28 0 0 7 0
预测:     0 0 71 0 0 0 0 0 0 1 17 0 0 3 0 1 6 0 10 7 0 1 0 0 0 0 10 3 0 1 1 28 0 0 7 0
准确率:    0.9444 (34/36)
----------------------------------------
⏳ 验证无提升 (验证准确率: 0.9693 ≤ 0.9694)，patience: 18/50

======================================================================
🚀 Epoch 162/200
======================================================================
📚 开始训练阶段...
训练进度: 500/6065 损失=0.0002
训练进度: 1000/6065 损失=0.0001
训练进度: 1500/6065 损失=0.0003
训练进度: 2000/6065 损失=0.0130
训练进度: 2500/6065 损失=0.0059
训练进度: 3000/6065 损失=0.0029
训练进度: 3500/6065 损失=0.0040
训练进度: 4000/6065 损失=0.0017
训练进度: 4500/6065 损失=0.0051
训练进度: 5000/6065 损失=0.0113
训练进度: 5500/6065 损失=0.0006
训练进度: 6000/6065 损失=0.0037
训练进度: 6065/6065 损失=0.0001
✅ 训练完成，耗时: 108.2秒 (1.8分钟)

============================================================
📊 验证决策: Epoch 162/200
   验证间隔: 1
   是否验证: ✅ 是
   原因: 达到验证间隔 (0 == 0)
============================================================

🔍 开始验证...
验证进度: 500/686 损失=0.1777
验证进度: 686/686 损失=1.2276

📊 预测分布分析:
  - 预测的前5个类别: {np.int64(0): 283046, np.int64(1): 37011, np.int64(2): 14762, np.int64(3): 10888, np.int64(4): 8966}
  - 标签的前5个类别: {np.int64(0): 281232, np.int64(1): 36731, np.int64(2): 14789, np.int64(3): 10866, np.int64(4): 8585}
✅ 验证完成，耗时: 5.0秒 (0.1分钟)
训练损失: 0.0024
验证损失: 0.6136
验证准确率: 0.9691 (10625/10964) - 与Levenshtein高度相关
验证F1(加权): 0.9683 - 类别平衡更好
学习率: 0.000010
显存使用: 0.47GB (预留: 0.67GB)

生成的训练样本:
--------------------------------------------------------------------------------
输入:       TCWJTK LMJTJW <WL> <L BNJ BNJK DNTTNXWN
目标:     0 0 0 0 2 1 0 0 1 68 0 0 7 0 0 0 0 15 0 0 0 0 0 0 2 0 0 0 2 1 0 0 1 21 76 17 31 3 0 0
预测:     0 0 0 0 2 1 0 0 1 68 0 0 7 0 0 0 0 15 0 0 0 0 0 0 2 0 0 0 2 1 0 0 1 21 76 17 31 3 0 0
准确率:    1.0000 (40/40)
----------------------------------------
输入:       TRTJN K>P> <L KTPTH DPDT> K>P> DDWKRN>
目标:     0 0 2 0 0 0 0 0 0 11 0 0 0 0 0 0 0 2 32 12 0 1 0 13 9 0 0 0 0 11 0 0 1 0 0 0 0 4 0
预测:     0 0 2 0 0 0 0 0 0 11 0 0 0 0 0 0 0 2 32 12 0 1 0 13 9 0 0 0 0 11 0 0 1 0 0 0 0 4 0
准确率:    1.0000 (39/39)
----------------------------------------
输入:       KNCJHJ L<M> GBR> WNC> W>JQRT> W<MWR> DBQWRJK
目标:     6 0 0 86 0 0 0 0 1 0 15 0 0 0 0 11 0 0 1 0 11 0 0 1 0 0 0 2 9 0 0 1 0 0 0 4 0 0 1 1 0 0 100 1 0
预测:     6 0 0 86 0 0 0 0 1 0 15 0 0 0 0 11 0 0 1 0 11 0 0 1 0 0 0 2 9 0 0 1 0 0 0 4 0 0 1 1 0 0 100 1 0
准确率:    1.0000 (45/45)
----------------------------------------

生成的验证样本:
--------------------------------------------------------------------------------
输入:       LTCBWXT> MNW HN> D>CKX LMV<> WL> V<>
目标:     0 1 0 0 8 0 13 9 0 0 0 71 0 0 0 0 0 0 35 0 0 0 3 0 1 6 0 10 7 0 1 0 0 0 0 10 3
预测:     0 1 0 0 8 0 13 9 0 0 0 71 0 0 0 0 0 0 1 17 0 0 3 0 1 6 0 10 7 0 1 0 0 0 0 10 7
准确率:    0.9189 (34/37)
----------------------------------------
输入:       MNW HN> D>CKX LMV<> WL> V<> WLMB>CW
目标:     0 0 71 0 0 0 0 0 0 35 0 0 0 3 0 1 6 0 10 7 0 1 0 0 0 0 10 3 0 1 1 28 0 0 7 0
预测:     0 0 71 0 0 0 0 0 0 1 17 0 0 3 0 1 6 0 10 7 0 1 0 0 0 0 10 3 0 1 1 28 0 0 7 0
准确率:    0.9444 (34/36)
----------------------------------------
⏳ 验证无提升 (验证准确率: 0.9691 ≤ 0.9694)，patience: 19/50

======================================================================
🚀 Epoch 163/200
======================================================================
📚 开始训练阶段...
训练进度: 500/6065 损失=0.0002
训练进度: 1000/6065 损失=0.0067
训练进度: 1500/6065 损失=0.0031
训练进度: 2000/6065 损失=0.0068
训练进度: 2500/6065 损失=0.0003
训练进度: 3000/6065 损失=0.0019
训练进度: 3500/6065 损失=0.0000
训练进度: 4000/6065 损失=0.0052
训练进度: 4500/6065 损失=0.0002
训练进度: 5000/6065 损失=0.0002
训练进度: 5500/6065 损失=0.0001
训练进度: 6000/6065 损失=0.0000
训练进度: 6065/6065 损失=0.0000
✅ 训练完成，耗时: 108.5秒 (1.8分钟)

============================================================
📊 验证决策: Epoch 163/200
   验证间隔: 1
   是否验证: ✅ 是
   原因: 达到验证间隔 (0 == 0)
============================================================

🔍 开始验证...
验证进度: 500/686 损失=0.1578
验证进度: 686/686 损失=1.2536

📊 预测分布分析:
  - 预测的前5个类别: {np.int64(0): 283097, np.int64(1): 37023, np.int64(2): 14763, np.int64(3): 10870, np.int64(4): 9019}
  - 标签的前5个类别: {np.int64(0): 281232, np.int64(1): 36731, np.int64(2): 14789, np.int64(3): 10866, np.int64(4): 8585}
✅ 验证完成，耗时: 4.9秒 (0.1分钟)
训练损失: 0.0023
验证损失: 0.6120
验证准确率: 0.9694 (10628/10964) - 与Levenshtein高度相关
验证F1(加权): 0.9686 - 类别平衡更好
学习率: 0.000009
显存使用: 0.48GB (预留: 0.67GB)

生成的训练样本:
--------------------------------------------------------------------------------
输入:       QDM B<LDBBJK B>WRX> XD> TPWQ <LJHWN WBCB<
目标:     0 0 0 2 0 0 0 0 0 0 2 1 0 0 1 0 0 0 4 0 0 0 2 0 0 34 8 0 3 0 0 8 1 0 0 0 0 1 1 0 0 2
预测:     0 0 0 2 0 0 0 0 0 0 2 1 0 0 1 0 0 0 4 0 0 0 2 0 0 34 8 0 3 0 0 8 1 0 0 0 0 1 1 0 0 2
准确率:    1.0000 (42/42)
----------------------------------------
输入:       LH >P VJBWT> WBK>NWTH MTLXM WBVJBWTH MTRXM
目标:     0 1 0 0 0 0 0 0 0 0 2 9 0 0 1 1 0 0 0 2 1 0 0 21 14 0 0 103 0 1 1 0 0 0 2 1 0 0 21 14 0 0 41
预测:     0 1 0 0 0 0 0 0 0 0 2 9 0 0 1 1 0 0 0 2 1 0 0 21 14 0 0 103 0 1 1 0 0 0 2 1 0 0 21 14 0 0 41
准确率:    1.0000 (43/43)
----------------------------------------
输入:       WLJTWHJ MVL DNSBH >LH> WXJ> MTWCLX M>>
目标:     0 1 58 0 10 5 0 0 0 0 0 0 0 1 0 0 29 0 0 0 0 4 0 0 1 0 10 3 0 0 0 0 0 0 2 0 0 0 2
预测:     0 1 58 0 10 5 0 0 0 0 0 0 0 1 0 0 29 0 0 0 0 4 0 0 1 0 10 3 0 0 0 0 0 0 2 0 0 0 2
准确率:    1.0000 (39/39)
----------------------------------------

生成的验证样本:
--------------------------------------------------------------------------------
输入:       LTCBWXT> MNW HN> D>CKX LMV<> WL> V<>
目标:     0 1 0 0 8 0 13 9 0 0 0 71 0 0 0 0 0 0 35 0 0 0 3 0 1 6 0 10 7 0 1 0 0 0 0 10 3
预测:     0 1 0 0 8 0 13 9 0 0 0 71 0 0 0 0 0 0 1 17 0 0 3 0 1 6 0 10 7 0 1 0 0 0 0 10 7
准确率:    0.9189 (34/37)
----------------------------------------
输入:       MNW HN> D>CKX LMV<> WL> V<> WLMB>CW
目标:     0 0 71 0 0 0 0 0 0 35 0 0 0 3 0 1 6 0 10 7 0 1 0 0 0 0 10 3 0 1 1 28 0 0 7 0
预测:     0 0 71 0 0 0 0 0 0 1 17 0 0 3 0 1 6 0 10 7 0 1 0 0 0 0 10 3 0 1 1 28 0 0 7 0
准确率:    0.9444 (34/36)
----------------------------------------
⏳ 验证无提升 (验证准确率: 0.9694 ≤ 0.9694)，patience: 20/50

======================================================================
🚀 Epoch 164/200
======================================================================
📚 开始训练阶段...
训练进度: 500/6065 损失=0.0017
训练进度: 1000/6065 损失=0.0001
训练进度: 1500/6065 损失=0.0024
训练进度: 2000/6065 损失=0.0029
训练进度: 2500/6065 损失=0.0007
训练进度: 3000/6065 损失=0.0182
训练进度: 3500/6065 损失=0.0000
训练进度: 4000/6065 损失=0.0001
训练进度: 4500/6065 损失=0.0000
训练进度: 5000/6065 损失=0.0001
训练进度: 5500/6065 损失=0.0045
训练进度: 6000/6065 损失=0.0133
训练进度: 6065/6065 损失=0.0001
✅ 训练完成，耗时: 108.3秒 (1.8分钟)

============================================================
📊 验证决策: Epoch 164/200
   验证间隔: 1
   是否验证: ✅ 是
   原因: 达到验证间隔 (0 == 0)
============================================================

🔍 开始验证...
验证进度: 500/686 损失=0.1698
验证进度: 686/686 损失=1.1922

📊 预测分布分析:
  - 预测的前5个类别: {np.int64(0): 283071, np.int64(1): 37018, np.int64(2): 14703, np.int64(3): 10808, np.int64(4): 8991}
  - 标签的前5个类别: {np.int64(0): 281232, np.int64(1): 36731, np.int64(2): 14789, np.int64(3): 10866, np.int64(4): 8585}
✅ 验证完成，耗时: 4.9秒 (0.1分钟)
训练损失: 0.0023
验证损失: 0.6147
验证准确率: 0.9693 (10627/10964) - 与Levenshtein高度相关
验证F1(加权): 0.9685 - 类别平衡更好
学习率: 0.000009
显存使用: 0.48GB (预留: 0.67GB)

生成的训练样本:
--------------------------------------------------------------------------------
输入:       <ZJL> <BDJHJ MRB< NHW> KD ><JP ZRT
目标:     0 0 8 0 43 27 6 0 0 48 1 0 0 0 6 0 0 109 0 6 0 10 3 0 0 0 0 0 0 0 2 0 0 0 2
预测:     0 0 8 0 43 27 6 0 0 48 1 0 0 0 6 0 0 109 0 6 0 10 3 0 0 0 0 0 0 0 2 0 0 0 2
准确率:    1.0000 (35/35)
----------------------------------------
输入:       ZKWTH WKD NTTBR <MK >JSRJL BQRB> DB<LDBB>
目标:     0 0 0 2 1 0 0 1 0 0 0 21 14 0 0 3 0 0 37 0 0 0 0 0 0 0 2 0 1 0 0 15 0 0 1 0 0 0 0 0 11 0
预测:     0 0 0 2 1 0 0 1 0 0 0 21 14 0 0 3 0 0 37 0 0 0 0 0 0 0 2 0 1 0 0 15 0 0 1 0 0 0 0 0 11 0
准确率:    1.0000 (42/42)
----------------------------------------
输入:       BCB< CNJ> DSB<> WNKNCWN KLH <BWR> DCNJ>
目标:     0 1 0 0 2 0 0 13 9 0 0 1 0 0 15 0 0 1 6 0 0 3 0 19 0 0 5 0 0 0 0 0 4 0 0 1 0 13 9 0
预测:     0 1 0 0 2 0 0 13 9 0 0 1 0 0 15 0 0 1 6 0 0 3 0 19 0 0 5 0 0 0 0 0 4 0 0 1 0 13 9 0
准确率:    1.0000 (40/40)
----------------------------------------

生成的验证样本:
--------------------------------------------------------------------------------
输入:       LTCBWXT> MNW HN> D>CKX LMV<> WL> V<>
目标:     0 1 0 0 8 0 13 9 0 0 0 71 0 0 0 0 0 0 35 0 0 0 3 0 1 6 0 10 7 0 1 0 0 0 0 10 3
预测:     0 1 0 0 8 0 13 9 0 0 0 71 0 0 0 0 0 0 1 17 0 0 3 0 1 6 0 10 7 0 1 0 0 0 0 10 7
准确率:    0.9189 (34/37)
----------------------------------------
输入:       MNW HN> D>CKX LMV<> WL> V<> WLMB>CW
目标:     0 0 71 0 0 0 0 0 0 35 0 0 0 3 0 1 6 0 10 7 0 1 0 0 0 0 10 3 0 1 1 28 0 0 7 0
预测:     0 0 71 0 0 0 0 0 0 1 17 0 0 3 0 1 6 0 10 7 0 1 0 0 0 0 10 3 0 1 1 28 0 0 7 0
准确率:    0.9444 (34/36)
----------------------------------------
⏳ 验证无提升 (验证准确率: 0.9693 ≤ 0.9694)，patience: 21/50

======================================================================
🚀 Epoch 165/200
======================================================================
📚 开始训练阶段...
训练进度: 500/6065 损失=0.0002
训练进度: 1000/6065 损失=0.0110
训练进度: 1500/6065 损失=0.0047
训练进度: 2000/6065 损失=0.0009
训练进度: 2500/6065 损失=0.0060
训练进度: 3000/6065 损失=0.0112
训练进度: 3500/6065 损失=0.0003
训练进度: 4000/6065 损失=0.0000
训练进度: 4500/6065 损失=0.0001
训练进度: 5000/6065 损失=0.0000
训练进度: 5500/6065 损失=0.0001
训练进度: 6000/6065 损失=0.0215
训练进度: 6065/6065 损失=0.0001
✅ 训练完成，耗时: 108.7秒 (1.8分钟)

============================================================
📊 验证决策: Epoch 165/200
   验证间隔: 1
   是否验证: ✅ 是
   原因: 达到验证间隔 (0 == 0)
============================================================

🔍 开始验证...
验证进度: 500/686 损失=0.1824
验证进度: 686/686 损失=1.2215

📊 预测分布分析:
  - 预测的前5个类别: {np.int64(0): 283036, np.int64(1): 37013, np.int64(2): 14743, np.int64(3): 10834, np.int64(4): 8991}
  - 标签的前5个类别: {np.int64(0): 281232, np.int64(1): 36731, np.int64(2): 14789, np.int64(3): 10866, np.int64(4): 8585}
✅ 验证完成，耗时: 4.9秒 (0.1分钟)
训练损失: 0.0022
验证损失: 0.6191
验证准确率: 0.9693 (10627/10964) - 与Levenshtein高度相关
验证F1(加权): 0.9685 - 类别平衡更好
学习率: 0.000008
显存使用: 0.48GB (预留: 0.67GB)

生成的训练样本:
--------------------------------------------------------------------------------
输入:       MNH HWT D>LH> WMKJL DLW MN >LH>
目标:     0 0 1 12 0 0 18 26 0 1 0 0 4 0 0 1 0 0 0 0 0 1 81 0 0 0 0 0 0 0 4 0
预测:     0 0 1 12 0 0 18 26 0 1 0 0 4 0 0 1 0 0 0 0 0 1 81 0 0 0 0 0 0 0 4 0
准确率:    1.0000 (32/32)
----------------------------------------
输入:       DL> HJMN >NWN WXWJWHJ KLHJN ML> D>MR
目标:     0 1 0 0 0 0 0 0 16 0 0 0 0 0 0 1 0 0 3 67 0 0 0 0 5 0 0 0 0 0 61 0 0 1 0 0 3
预测:     0 1 0 0 0 0 0 0 16 0 0 0 0 0 0 1 0 0 3 67 0 0 0 0 5 0 0 0 0 0 61 0 0 1 0 0 3
准确率:    1.0000 (37/37)
----------------------------------------
输入:       MCX> WPRW<J XWBTKJ W>NTJ WBNJKJ XJJ MN
目标:     0 0 0 4 0 0 36 0 8 0 3 0 0 0 0 13 1 0 0 0 1 0 0 0 0 0 1 0 2 1 0 0 6 0 0 139 0 0 0
预测:     0 0 0 4 0 0 36 0 8 0 3 0 0 0 0 13 1 0 0 0 1 0 0 0 0 0 1 0 2 1 0 0 6 0 0 139 0 0 0
准确率:    1.0000 (39/39)
----------------------------------------

生成的验证样本:
--------------------------------------------------------------------------------
输入:       LTCBWXT> MNW HN> D>CKX LMV<> WL> V<>
目标:     0 1 0 0 8 0 13 9 0 0 0 71 0 0 0 0 0 0 35 0 0 0 3 0 1 6 0 10 7 0 1 0 0 0 0 10 3
预测:     0 1 0 0 8 0 13 9 0 0 0 71 0 0 0 0 0 0 1 17 0 0 3 0 1 6 0 10 7 0 1 0 0 0 0 10 7
准确率:    0.9189 (34/37)
----------------------------------------
输入:       MNW HN> D>CKX LMV<> WL> V<> WLMB>CW
目标:     0 0 71 0 0 0 0 0 0 35 0 0 0 3 0 1 6 0 10 7 0 1 0 0 0 0 10 3 0 1 1 28 0 0 7 0
预测:     0 0 71 0 0 0 0 0 0 1 17 0 0 3 0 1 6 0 10 7 0 1 0 0 0 0 10 3 0 1 1 28 0 0 7 0
准确率:    0.9444 (34/36)
----------------------------------------
⏳ 验证无提升 (验证准确率: 0.9693 ≤ 0.9694)，patience: 22/50

======================================================================
🚀 Epoch 166/200
======================================================================
📚 开始训练阶段...
训练进度: 500/6065 损失=0.0006
训练进度: 1000/6065 损失=0.0000
训练进度: 1500/6065 损失=0.0012
训练进度: 2000/6065 损失=0.0003
训练进度: 2500/6065 损失=0.0002
训练进度: 3000/6065 损失=0.0001
训练进度: 3500/6065 损失=0.0027
训练进度: 4000/6065 损失=0.0003
训练进度: 4500/6065 损失=0.0004
训练进度: 5000/6065 损失=0.0000
训练进度: 5500/6065 损失=0.0008
训练进度: 6000/6065 损失=0.0011
训练进度: 6065/6065 损失=0.0014
✅ 训练完成，耗时: 108.8秒 (1.8分钟)

============================================================
📊 验证决策: Epoch 166/200
   验证间隔: 1
   是否验证: ✅ 是
   原因: 达到验证间隔 (0 == 0)
============================================================

🔍 开始验证...
验证进度: 500/686 损失=0.1840
验证进度: 686/686 损失=1.2110

📊 预测分布分析:
  - 预测的前5个类别: {np.int64(0): 283179, np.int64(1): 37021, np.int64(2): 14691, np.int64(3): 10778, np.int64(4): 9047}
  - 标签的前5个类别: {np.int64(0): 281232, np.int64(1): 36731, np.int64(2): 14789, np.int64(3): 10866, np.int64(4): 8585}
✅ 验证完成，耗时: 4.9秒 (0.1分钟)
训练损失: 0.0021
验证损失: 0.6255
验证准确率: 0.9692 (10626/10964) - 与Levenshtein高度相关
验证F1(加权): 0.9684 - 类别平衡更好
学习率: 0.000008
显存使用: 0.48GB (预留: 0.67GB)

生成的训练样本:
--------------------------------------------------------------------------------
输入:       WTWKLNJ BJT GWSJ WMPYJNJ >LH> TQJP> DTKJL
目标:     0 1 0 0 0 0 5 0 0 0 0 2 0 0 0 5 0 0 1 6 0 0 163 0 0 0 0 0 4 0 0 0 8 0 43 27 0 1 0 8 0 40
预测:     0 1 0 0 0 0 5 0 0 0 0 2 0 0 0 5 0 0 1 6 0 0 163 0 0 0 0 0 4 0 0 0 8 0 43 27 0 1 0 8 0 40
准确率:    1.0000 (42/42)
----------------------------------------
输入:       LVWR> DLM> TDRKNJ BJCT> W>MWT H> QRJT>
目标:     0 1 0 0 4 0 0 0 0 0 0 0 112 0 0 29 0 0 0 0 0 2 9 0 0 1 6 0 0 3 0 0 0 0 0 0 22 9 0
预测:     0 1 0 0 4 0 0 0 0 0 0 0 112 0 0 29 0 0 0 0 0 2 9 0 0 1 6 0 0 3 0 0 0 0 0 0 22 9 0
准确率:    1.0000 (39/39)
----------------------------------------
输入:       CTST MN> >JTWHJ BR >NC> DMTDKR >NT
目标:     0 0 60 3 89 0 0 0 0 0 0 0 10 5 0 0 0 0 2 0 0 0 4 0 0 1 21 14 0 0 41 0 0 0 0
预测:     0 0 60 3 89 0 0 0 0 0 0 0 10 5 0 0 0 0 2 0 0 0 4 0 0 1 21 14 0 0 41 0 0 0 0
准确率:    1.0000 (35/35)
----------------------------------------

生成的验证样本:
--------------------------------------------------------------------------------
输入:       LTCBWXT> MNW HN> D>CKX LMV<> WL> V<>
目标:     0 1 0 0 8 0 13 9 0 0 0 71 0 0 0 0 0 0 35 0 0 0 3 0 1 6 0 10 7 0 1 0 0 0 0 10 3
预测:     0 1 0 0 8 0 13 9 0 0 0 71 0 0 0 0 0 0 1 17 0 0 3 0 1 6 0 10 7 0 1 0 0 0 0 10 7
准确率:    0.9189 (34/37)
----------------------------------------
输入:       MNW HN> D>CKX LMV<> WL> V<> WLMB>CW
目标:     0 0 71 0 0 0 0 0 0 35 0 0 0 3 0 1 6 0 10 7 0 1 0 0 0 0 10 3 0 1 1 28 0 0 7 0
预测:     0 0 71 0 0 0 0 0 0 1 17 0 0 3 0 1 6 0 10 7 0 1 0 0 0 0 10 3 0 1 1 28 0 0 7 0
准确率:    0.9444 (34/36)
----------------------------------------
⏳ 验证无提升 (验证准确率: 0.9692 ≤ 0.9694)，patience: 23/50

======================================================================
🚀 Epoch 167/200
======================================================================
📚 开始训练阶段...
训练进度: 500/6065 损失=0.0031
训练进度: 1000/6065 损失=0.0011
训练进度: 1500/6065 损失=0.0007
训练进度: 2000/6065 损失=0.0001
训练进度: 2500/6065 损失=0.0003
训练进度: 3000/6065 损失=0.0011
训练进度: 3500/6065 损失=0.0020
训练进度: 4000/6065 损失=0.0090
训练进度: 4500/6065 损失=0.0003
训练进度: 5000/6065 损失=0.0003
训练进度: 5500/6065 损失=0.0198
训练进度: 6000/6065 损失=0.0123
训练进度: 6065/6065 损失=0.0079
✅ 训练完成，耗时: 108.9秒 (1.8分钟)

============================================================
📊 验证决策: Epoch 167/200
   验证间隔: 1
   是否验证: ✅ 是
   原因: 达到验证间隔 (0 == 0)
============================================================

🔍 开始验证...
验证进度: 500/686 损失=0.1815
验证进度: 686/686 损失=1.2456

📊 预测分布分析:
  - 预测的前5个类别: {np.int64(0): 283251, np.int64(1): 37028, np.int64(2): 14693, np.int64(3): 10840, np.int64(4): 9116}
  - 标签的前5个类别: {np.int64(0): 281232, np.int64(1): 36731, np.int64(2): 14789, np.int64(3): 10866, np.int64(4): 8585}
✅ 验证完成，耗时: 4.9秒 (0.1分钟)
训练损失: 0.0021
验证损失: 0.6256
验证准确率: 0.9694 (10628/10964) - 与Levenshtein高度相关
验证F1(加权): 0.9685 - 类别平衡更好
学习率: 0.000008
显存使用: 0.48GB (预留: 0.67GB)

生成的训练样本:
--------------------------------------------------------------------------------
输入:       DXCWK> S<> <L NHJR> WRGH WHRMS MLP
目标:     0 1 0 0 0 4 0 0 0 138 0 0 0 0 0 0 0 0 4 0 0 1 0 238 0 0 1 0 0 0 2 0 52 0 41
预测:     0 1 0 0 0 4 0 0 0 138 0 0 0 0 0 0 0 0 4 0 0 1 0 238 0 0 1 0 0 0 2 0 52 0 41
准确率:    1.0000 (35/35)
----------------------------------------
输入:       W<GLWN MLK> GBR> HW> DBRJR VB WKD
目标:     0 1 0 0 0 0 2 0 0 0 4 0 0 0 0 4 0 0 0 10 3 0 1 0 8 0 40 0 0 2 0 1 0 0
预测:     0 1 0 0 0 0 2 0 0 0 4 0 0 0 0 4 0 0 0 10 3 0 1 0 8 0 40 0 0 2 0 1 0 0
准确率:    1.0000 (34/34)
----------------------------------------
输入:       <DKJL JTBJN B>R<> W>TGLJ MRJ> <L >BRM
目标:     0 0 0 0 0 0 0 0 0 7 0 0 0 1 0 0 4 0 0 1 0 14 0 0 3 0 0 0 0 2 0 0 0 0 0 0 0 2
预测:     0 0 0 0 0 0 0 0 0 7 0 0 0 1 0 0 4 0 0 1 0 14 0 0 3 0 0 0 0 2 0 0 0 0 0 0 0 2
准确率:    1.0000 (38/38)
----------------------------------------

生成的验证样本:
--------------------------------------------------------------------------------
输入:       LTCBWXT> MNW HN> D>CKX LMV<> WL> V<>
目标:     0 1 0 0 8 0 13 9 0 0 0 71 0 0 0 0 0 0 35 0 0 0 3 0 1 6 0 10 7 0 1 0 0 0 0 10 3
预测:     0 1 0 0 8 0 13 9 0 0 0 71 0 0 0 0 0 0 1 17 0 0 3 0 1 6 0 10 7 0 1 0 0 0 0 10 7
准确率:    0.9189 (34/37)
----------------------------------------
输入:       MNW HN> D>CKX LMV<> WL> V<> WLMB>CW
目标:     0 0 71 0 0 0 0 0 0 35 0 0 0 3 0 1 6 0 10 7 0 1 0 0 0 0 10 3 0 1 1 28 0 0 7 0
预测:     0 0 71 0 0 0 0 0 0 1 17 0 0 3 0 1 6 0 10 7 0 1 0 0 0 0 10 3 0 1 1 28 0 0 7 0
准确率:    0.9444 (34/36)
----------------------------------------
💾 保存新的最佳模型！验证准确率: 0.9694 (F1: 0.9685) (Epoch 167)

======================================================================
🚀 Epoch 168/200
======================================================================
📚 开始训练阶段...
训练进度: 500/6065 损失=0.0000
训练进度: 1000/6065 损失=0.0004
训练进度: 1500/6065 损失=0.0000
训练进度: 2000/6065 损失=0.0006
训练进度: 2500/6065 损失=0.0000
训练进度: 3000/6065 损失=0.0003
训练进度: 3500/6065 损失=0.0029
训练进度: 4000/6065 损失=0.0001
训练进度: 4500/6065 损失=0.0001
训练进度: 5000/6065 损失=0.0058
训练进度: 5500/6065 损失=0.0001
训练进度: 6000/6065 损失=0.0000
训练进度: 6065/6065 损失=0.0022
✅ 训练完成，耗时: 108.9秒 (1.8分钟)

============================================================
📊 验证决策: Epoch 168/200
   验证间隔: 1
   是否验证: ✅ 是
   原因: 达到验证间隔 (0 == 0)
============================================================

🔍 开始验证...
验证进度: 500/686 损失=0.1849
验证进度: 686/686 损失=1.1643

📊 预测分布分析:
  - 预测的前5个类别: {np.int64(0): 283079, np.int64(1): 37029, np.int64(2): 14706, np.int64(3): 10841, np.int64(4): 8980}
  - 标签的前5个类别: {np.int64(0): 281232, np.int64(1): 36731, np.int64(2): 14789, np.int64(3): 10866, np.int64(4): 8585}
✅ 验证完成，耗时: 4.9秒 (0.1分钟)
训练损失: 0.0021
验证损失: 0.6268
验证准确率: 0.9692 (10626/10964) - 与Levenshtein高度相关
验证F1(加权): 0.9684 - 类别平衡更好
学习率: 0.000007
显存使用: 0.48GB (预留: 0.67GB)

生成的训练样本:
--------------------------------------------------------------------------------
输入:       MRJ> BCW<BDKJ WHW NHW> <RD> DBNJ >NC>
目标:     0 0 0 0 2 0 1 0 0 0 0 5 0 0 0 1 0 0 0 6 0 10 3 0 0 0 4 0 0 1 0 2 0 0 0 0 4 0
预测:     0 0 0 0 2 0 1 0 0 0 0 5 0 0 0 1 0 0 0 6 0 10 3 0 0 0 4 0 0 1 0 2 0 0 0 0 4 0
准确率:    1.0000 (38/38)
----------------------------------------
输入:       >KZN> GJR DKWR> BQ> <BDH DQJNJ> HKN>
目标:     0 38 1 0 4 0 0 0 0 0 0 1 0 0 4 0 0 0 10 7 0 0 0 98 0 0 1 0 0 0 4 0 0 0 0 0 0
预测:     0 38 1 0 4 0 0 0 0 0 0 1 0 0 4 0 0 0 10 7 0 0 0 98 0 0 1 0 0 0 4 0 0 0 0 0 0
准确率:    1.0000 (37/37)
----------------------------------------
输入:       XMRHWN W>ZLW MN TMN WPTX XD MNHWN
目标:     0 0 0 5 0 0 0 0 1 0 0 3 0 0 0 0 0 0 0 0 0 1 0 0 3 0 0 2 0 0 1 0 0 0
预测:     0 0 0 5 0 0 0 0 1 0 0 3 0 0 0 0 0 0 0 0 0 1 0 0 3 0 0 2 0 0 1 0 0 0
准确率:    1.0000 (34/34)
----------------------------------------

生成的验证样本:
--------------------------------------------------------------------------------
输入:       LTCBWXT> MNW HN> D>CKX LMV<> WL> V<>
目标:     0 1 0 0 8 0 13 9 0 0 0 71 0 0 0 0 0 0 35 0 0 0 3 0 1 6 0 10 7 0 1 0 0 0 0 10 3
预测:     0 1 0 0 8 0 13 9 0 0 0 71 0 0 0 0 0 0 1 17 0 0 3 0 1 6 0 10 7 0 1 0 0 0 0 10 7
准确率:    0.9189 (34/37)
----------------------------------------
输入:       MNW HN> D>CKX LMV<> WL> V<> WLMB>CW
目标:     0 0 71 0 0 0 0 0 0 35 0 0 0 3 0 1 6 0 10 7 0 1 0 0 0 0 10 3 0 1 1 28 0 0 7 0
预测:     0 0 71 0 0 0 0 0 0 1 17 0 0 3 0 1 6 0 10 7 0 1 0 0 0 0 10 3 0 1 1 28 0 0 7 0
准确率:    0.9444 (34/36)
----------------------------------------
⏳ 验证无提升 (验证准确率: 0.9692 ≤ 0.9694)，patience: 1/50

======================================================================
🚀 Epoch 169/200
======================================================================
📚 开始训练阶段...
训练进度: 500/6065 损失=0.0001
训练进度: 1000/6065 损失=0.0000
训练进度: 1500/6065 损失=0.0001
训练进度: 2000/6065 损失=0.0001
训练进度: 2500/6065 损失=0.0000
训练进度: 3000/6065 损失=0.0004
训练进度: 3500/6065 损失=0.0003
训练进度: 4000/6065 损失=0.0001
训练进度: 4500/6065 损失=0.0015
训练进度: 5000/6065 损失=0.0146
训练进度: 5500/6065 损失=0.0031
训练进度: 6000/6065 损失=0.0007
训练进度: 6065/6065 损失=0.0045
✅ 训练完成，耗时: 109.2秒 (1.8分钟)

============================================================
📊 验证决策: Epoch 169/200
   验证间隔: 1
   是否验证: ✅ 是
   原因: 达到验证间隔 (0 == 0)
============================================================

🔍 开始验证...
验证进度: 500/686 损失=0.1615
验证进度: 686/686 损失=1.2354

📊 预测分布分析:
  - 预测的前5个类别: {np.int64(0): 283066, np.int64(1): 36995, np.int64(2): 14737, np.int64(3): 10907, np.int64(4): 9068}
  - 标签的前5个类别: {np.int64(0): 281232, np.int64(1): 36731, np.int64(2): 14789, np.int64(3): 10866, np.int64(4): 8585}
✅ 验证完成，耗时: 4.9秒 (0.1分钟)
训练损失: 0.0021
验证损失: 0.6296
验证准确率: 0.9694 (10628/10964) - 与Levenshtein高度相关
验证F1(加权): 0.9686 - 类别平衡更好
学习率: 0.000007
显存使用: 0.48GB (预留: 0.67GB)

生成的训练样本:
--------------------------------------------------------------------------------
输入:       WTD<WNH >TL LKWN TLTJN >PQRSJN WTLTJN ZWGJN
目标:     0 1 52 0 3 0 1 12 0 34 0 3 0 1 0 0 0 0 0 0 2 0 0 0 0 0 0 0 2 0 0 0 1 0 0 2 0 0 0 0 0 2 0 0
预测:     0 1 52 0 3 0 1 12 0 34 0 3 0 1 0 0 0 0 0 0 2 0 0 0 0 0 0 0 2 0 0 0 1 0 0 2 0 0 0 0 0 2 0 0
准确率:    1.0000 (44/44)
----------------------------------------
输入:       L<LT> XLP BRH WQR> >BRHM CMH D>TR>
目标:     0 1 0 70 9 0 0 0 0 2 0 0 5 0 0 1 0 10 3 0 0 0 0 0 2 0 0 5 0 0 1 0 0 4 0
预测:     0 1 0 70 9 0 0 0 0 2 0 0 5 0 0 1 0 10 3 0 0 0 0 0 2 0 0 5 0 0 1 0 0 4 0
准确率:    1.0000 (35/35)
----------------------------------------
输入:       B>JDJ WLJT DRB BBJT> HN> MNJ WL>
目标:     0 35 0 0 2 46 0 1 58 0 24 0 1 0 2 0 1 0 0 4 0 0 0 0 0 0 0 1 0 0 1 0 0
预测:     0 35 0 0 2 46 0 1 58 0 24 0 1 0 2 0 1 0 0 4 0 0 0 0 0 0 0 1 0 0 1 0 0
准确率:    1.0000 (33/33)
----------------------------------------

生成的验证样本:
--------------------------------------------------------------------------------
输入:       LTCBWXT> MNW HN> D>CKX LMV<> WL> V<>
目标:     0 1 0 0 8 0 13 9 0 0 0 71 0 0 0 0 0 0 35 0 0 0 3 0 1 6 0 10 7 0 1 0 0 0 0 10 3
预测:     0 1 0 0 8 0 13 9 0 0 0 71 0 0 0 0 0 0 1 17 0 0 3 0 1 6 0 10 7 0 1 0 0 0 0 10 7
准确率:    0.9189 (34/37)
----------------------------------------
输入:       MNW HN> D>CKX LMV<> WL> V<> WLMB>CW
目标:     0 0 71 0 0 0 0 0 0 35 0 0 0 3 0 1 6 0 10 7 0 1 0 0 0 0 10 3 0 1 1 28 0 0 7 0
预测:     0 0 71 0 0 0 0 0 0 1 17 0 0 3 0 1 6 0 10 7 0 1 0 0 0 0 10 3 0 1 1 28 0 0 7 0
准确率:    0.9444 (34/36)
----------------------------------------
⏳ 验证无提升 (验证准确率: 0.9694 ≤ 0.9694)，patience: 2/50

======================================================================
🚀 Epoch 170/200
======================================================================
📚 开始训练阶段...
训练进度: 500/6065 损失=0.0165
训练进度: 1000/6065 损失=0.0034
训练进度: 1500/6065 损失=0.0001
训练进度: 2000/6065 损失=0.0000
训练进度: 2500/6065 损失=0.0005
训练进度: 3000/6065 损失=0.0001
训练进度: 3500/6065 损失=0.0001
训练进度: 4000/6065 损失=0.0020
训练进度: 4500/6065 损失=0.0002
训练进度: 5000/6065 损失=0.0001
训练进度: 5500/6065 损失=0.0083
训练进度: 6000/6065 损失=0.0002
训练进度: 6065/6065 损失=0.0000
✅ 训练完成，耗时: 109.0秒 (1.8分钟)

============================================================
📊 验证决策: Epoch 170/200
   验证间隔: 1
   是否验证: ✅ 是
   原因: 达到验证间隔 (0 == 0)
============================================================

🔍 开始验证...
验证进度: 500/686 损失=0.1616
验证进度: 686/686 损失=1.2472

📊 预测分布分析:
  - 预测的前5个类别: {np.int64(0): 283194, np.int64(1): 37005, np.int64(2): 14726, np.int64(3): 10874, np.int64(4): 9047}
  - 标签的前5个类别: {np.int64(0): 281232, np.int64(1): 36731, np.int64(2): 14789, np.int64(3): 10866, np.int64(4): 8585}
✅ 验证完成，耗时: 4.9秒 (0.1分钟)
训练损失: 0.0020
验证损失: 0.6338
验证准确率: 0.9693 (10627/10964) - 与Levenshtein高度相关
验证F1(加权): 0.9685 - 类别平衡更好
学习率: 0.000006
显存使用: 0.48GB (预留: 0.67GB)

生成的训练样本:
--------------------------------------------------------------------------------
输入:       D>R<> XLP DCM< >BRHM BQLJ WNVR NVWRTJ
目标:     0 1 0 0 4 0 0 0 0 2 0 1 0 0 3 0 0 0 0 0 2 0 1 0 5 0 0 1 0 0 3 0 0 0 0 13 32 0
预测:     0 1 0 0 4 0 0 0 0 2 0 1 0 0 3 0 0 0 0 0 2 0 1 0 5 0 0 1 0 0 3 0 0 0 0 13 32 0
准确率:    1.0000 (38/38)
----------------------------------------
输入:       WTLTJN CNJN BH BJWM> HN> NPQW KLHWN
目标:     0 1 0 0 2 0 0 0 0 13 0 0 0 1 0 0 1 0 0 4 0 0 0 0 0 0 0 0 3 0 0 0 5 0 0 0
预测:     0 1 0 0 2 0 0 0 0 13 0 0 0 1 0 0 1 0 0 4 0 0 0 0 0 0 0 0 3 0 0 0 5 0 0 0
准确率:    1.0000 (36/36)
----------------------------------------
输入:       NHR> WNTVRPWN MYRJ> LMCT> MJ> MN NHR>
目标:     0 0 0 4 0 0 1 21 14 0 0 3 0 19 0 0 0 0 11 0 0 1 6 0 10 7 0 24 9 0 0 0 0 0 0 0 4 0
预测:     0 0 0 4 0 0 1 21 14 0 0 3 0 19 0 0 0 0 11 0 0 1 6 0 10 7 0 24 9 0 0 0 0 0 0 0 4 0
准确率:    1.0000 (38/38)
----------------------------------------

生成的验证样本:
--------------------------------------------------------------------------------
输入:       LTCBWXT> MNW HN> D>CKX LMV<> WL> V<>
目标:     0 1 0 0 8 0 13 9 0 0 0 71 0 0 0 0 0 0 35 0 0 0 3 0 1 6 0 10 7 0 1 0 0 0 0 10 3
预测:     0 1 0 0 8 0 13 9 0 0 0 71 0 0 0 0 0 0 1 17 0 0 3 0 1 6 0 10 7 0 1 0 0 0 0 10 7
准确率:    0.9189 (34/37)
----------------------------------------
输入:       MNW HN> D>CKX LMV<> WL> V<> WLMB>CW
目标:     0 0 71 0 0 0 0 0 0 35 0 0 0 3 0 1 6 0 10 7 0 1 0 0 0 0 10 3 0 1 1 28 0 0 7 0
预测:     0 0 71 0 0 0 0 0 0 1 17 0 0 3 0 1 6 0 10 7 0 1 0 0 0 0 10 3 0 1 1 28 0 0 7 0
准确率:    0.9444 (34/36)
----------------------------------------
⏳ 验证无提升 (验证准确率: 0.9693 ≤ 0.9694)，patience: 3/50

======================================================================
🚀 Epoch 171/200
======================================================================
📚 开始训练阶段...
训练进度: 500/6065 损失=0.0001
训练进度: 1000/6065 损失=0.0034
训练进度: 1500/6065 损失=0.0001
训练进度: 2000/6065 损失=0.0001
训练进度: 2500/6065 损失=0.0000
训练进度: 3000/6065 损失=0.0001
训练进度: 3500/6065 损失=0.0003
训练进度: 4000/6065 损失=0.0014
训练进度: 4500/6065 损失=0.0001
训练进度: 5000/6065 损失=0.0002
训练进度: 5500/6065 损失=0.0052
训练进度: 6000/6065 损失=0.0002
训练进度: 6065/6065 损失=0.0001
✅ 训练完成，耗时: 108.9秒 (1.8分钟)

============================================================
📊 验证决策: Epoch 171/200
   验证间隔: 1
   是否验证: ✅ 是
   原因: 达到验证间隔 (0 == 0)
============================================================

🔍 开始验证...
验证进度: 500/686 损失=0.1774
验证进度: 686/686 损失=1.1463

📊 预测分布分析:
  - 预测的前5个类别: {np.int64(0): 283142, np.int64(1): 36987, np.int64(2): 14739, np.int64(3): 10832, np.int64(4): 8924}
  - 标签的前5个类别: {np.int64(0): 281232, np.int64(1): 36731, np.int64(2): 14789, np.int64(3): 10866, np.int64(4): 8585}
✅ 验证完成，耗时: 4.9秒 (0.1分钟)
训练损失: 0.0019
验证损失: 0.6371
验证准确率: 0.9692 (10626/10964) - 与Levenshtein高度相关
验证F1(加权): 0.9684 - 类别平衡更好
学习率: 0.000006
显存使用: 0.48GB (预留: 0.67GB)

生成的训练样本:
--------------------------------------------------------------------------------
输入:       <>D> HW LM RB> B>R<N WL> MY>
目标:     0 0 0 4 0 0 0 0 0 0 0 0 0 4 0 0 1 0 0 5 0 0 1 0 0 0 0 10 7
预测:     0 0 0 4 0 0 0 0 0 0 0 0 0 4 0 0 1 0 0 5 0 0 1 0 0 0 0 10 7
准确率:    1.0000 (29/29)
----------------------------------------
输入:       MVL DNQJM >P HW >RZ> >XRN> HW
目标:     0 0 0 0 0 1 28 20 0 3 0 0 0 0 0 0 0 0 0 15 0 0 0 0 38 4 0 0 0 0
预测:     0 0 0 0 0 1 28 20 0 3 0 0 0 0 0 0 0 0 0 15 0 0 0 0 38 4 0 0 0 0
准确率:    1.0000 (30/30)
----------------------------------------
输入:       YB> W>MR L>NTT MRH H> MRJ L>
目标:     0 0 10 3 0 1 0 0 3 0 1 0 0 13 0 0 0 56 0 0 0 0 0 0 56 0 0 0 0
预测:     0 0 10 3 0 1 0 0 3 0 1 0 0 13 0 0 0 56 0 0 0 0 0 0 56 0 0 0 0
准确率:    1.0000 (29/29)
----------------------------------------

生成的验证样本:
--------------------------------------------------------------------------------
输入:       LTCBWXT> MNW HN> D>CKX LMV<> WL> V<>
目标:     0 1 0 0 8 0 13 9 0 0 0 71 0 0 0 0 0 0 35 0 0 0 3 0 1 6 0 10 7 0 1 0 0 0 0 10 3
预测:     0 1 0 0 8 0 13 9 0 0 0 71 0 0 0 0 0 0 1 17 0 0 3 0 1 6 0 10 7 0 1 0 0 0 0 10 7
准确率:    0.9189 (34/37)
----------------------------------------
输入:       MNW HN> D>CKX LMV<> WL> V<> WLMB>CW
目标:     0 0 71 0 0 0 0 0 0 35 0 0 0 3 0 1 6 0 10 7 0 1 0 0 0 0 10 3 0 1 1 28 0 0 7 0
预测:     0 0 71 0 0 0 0 0 0 1 17 0 0 3 0 1 6 0 10 7 0 1 0 0 0 0 10 3 0 1 1 28 0 0 7 0
准确率:    0.9444 (34/36)
----------------------------------------
⏳ 验证无提升 (验证准确率: 0.9692 ≤ 0.9694)，patience: 4/50

======================================================================
🚀 Epoch 172/200
======================================================================
📚 开始训练阶段...
训练进度: 500/6065 损失=0.0006
训练进度: 1000/6065 损失=0.0002
训练进度: 1500/6065 损失=0.0003
训练进度: 2000/6065 损失=0.0002
训练进度: 2500/6065 损失=0.0001
训练进度: 3000/6065 损失=0.0004
训练进度: 3500/6065 损失=0.0081
训练进度: 4000/6065 损失=0.0063
训练进度: 4500/6065 损失=0.0056
训练进度: 5000/6065 损失=0.0002
训练进度: 5500/6065 损失=0.0122
训练进度: 6000/6065 损失=0.0000
训练进度: 6065/6065 损失=0.0002
✅ 训练完成，耗时: 109.0秒 (1.8分钟)

============================================================
📊 验证决策: Epoch 172/200
   验证间隔: 1
   是否验证: ✅ 是
   原因: 达到验证间隔 (0 == 0)
============================================================

🔍 开始验证...
验证进度: 500/686 损失=0.1545
验证进度: 686/686 损失=1.2348

📊 预测分布分析:
  - 预测的前5个类别: {np.int64(0): 283156, np.int64(1): 37005, np.int64(2): 14746, np.int64(3): 10824, np.int64(4): 8983}
  - 标签的前5个类别: {np.int64(0): 281232, np.int64(1): 36731, np.int64(2): 14789, np.int64(3): 10866, np.int64(4): 8585}
✅ 验证完成，耗时: 4.9秒 (0.1分钟)
训练损失: 0.0019
验证损失: 0.6351
验证准确率: 0.9694 (10628/10964) - 与Levenshtein高度相关
验证F1(加权): 0.9686 - 类别平衡更好
学习率: 0.000006
显存使用: 0.48GB (预留: 0.67GB)

生成的训练样本:
--------------------------------------------------------------------------------
输入:       MXR DN<BD MRJ> PTGM> HN> B>R<> W<BD
目标:     0 0 0 0 0 1 6 0 0 3 0 0 0 0 2 0 0 0 0 4 0 0 0 0 0 0 1 0 0 4 0 0 1 0 0 3
预测:     0 0 0 0 0 1 6 0 0 3 0 0 0 0 2 0 0 0 0 4 0 0 0 0 0 0 1 0 0 4 0 0 1 0 0 3
准确率:    1.0000 (36/36)
----------------------------------------
输入:       LMDBR> HN> LMXRB LKLH KNWCT> DBNJ >JSRJL
目标:     0 1 0 0 0 4 0 0 0 0 0 0 1 6 0 0 7 0 1 0 5 12 0 0 0 0 13 9 0 0 1 0 2 0 0 0 0 0 0 0 2
预测:     0 1 0 0 0 4 0 0 0 0 0 0 1 6 0 0 7 0 1 0 5 12 0 0 0 0 13 9 0 0 1 0 2 0 0 0 0 0 0 0 2
准确率:    1.0000 (41/41)
----------------------------------------
输入:       W>MR CMCWN TMWT NPCJ <M PLCTJ> WNGD
目标:     0 1 0 0 3 0 0 0 0 0 2 0 44 0 0 3 0 0 0 5 0 0 0 0 0 0 0 0 0 11 0 0 1 0 0 3
预测:     0 1 0 0 3 0 0 0 0 0 2 0 44 0 0 3 0 0 0 5 0 0 0 0 0 0 0 0 0 11 0 0 1 0 0 3
准确率:    1.0000 (36/36)
----------------------------------------

生成的验证样本:
--------------------------------------------------------------------------------
输入:       LTCBWXT> MNW HN> D>CKX LMV<> WL> V<>
目标:     0 1 0 0 8 0 13 9 0 0 0 71 0 0 0 0 0 0 35 0 0 0 3 0 1 6 0 10 7 0 1 0 0 0 0 10 3
预测:     0 1 0 0 8 0 13 9 0 0 0 71 0 0 0 0 0 0 1 17 0 0 3 0 1 6 0 10 7 0 1 0 0 0 0 10 7
准确率:    0.9189 (34/37)
----------------------------------------
输入:       MNW HN> D>CKX LMV<> WL> V<> WLMB>CW
目标:     0 0 71 0 0 0 0 0 0 35 0 0 0 3 0 1 6 0 10 7 0 1 0 0 0 0 10 3 0 1 1 28 0 0 7 0
预测:     0 0 71 0 0 0 0 0 0 1 17 0 0 3 0 1 6 0 10 7 0 1 0 0 0 0 10 3 0 1 1 28 0 0 7 0
准确率:    0.9444 (34/36)
----------------------------------------
⏳ 验证无提升 (验证准确率: 0.9694 ≤ 0.9694)，patience: 5/50

======================================================================
🚀 Epoch 173/200
======================================================================
📚 开始训练阶段...
训练进度: 500/6065 损失=0.0086
训练进度: 1000/6065 损失=0.0000
训练进度: 1500/6065 损失=0.0000
训练进度: 2000/6065 损失=0.0003
训练进度: 2500/6065 损失=0.0021
训练进度: 3000/6065 损失=0.0000
训练进度: 3500/6065 损失=0.0007
训练进度: 4000/6065 损失=0.0075
训练进度: 4500/6065 损失=0.0012
训练进度: 5000/6065 损失=0.0000
训练进度: 5500/6065 损失=0.0000
训练进度: 6000/6065 损失=0.0016
训练进度: 6065/6065 损失=0.0011
✅ 训练完成，耗时: 108.4秒 (1.8分钟)

============================================================
📊 验证决策: Epoch 173/200
   验证间隔: 1
   是否验证: ✅ 是
   原因: 达到验证间隔 (0 == 0)
============================================================

🔍 开始验证...
验证进度: 500/686 损失=0.1308
验证进度: 686/686 损失=1.2606

📊 预测分布分析:
  - 预测的前5个类别: {np.int64(0): 283094, np.int64(1): 37013, np.int64(2): 14746, np.int64(3): 10874, np.int64(4): 9032}
  - 标签的前5个类别: {np.int64(0): 281232, np.int64(1): 36731, np.int64(2): 14789, np.int64(3): 10866, np.int64(4): 8585}
✅ 验证完成，耗时: 4.9秒 (0.1分钟)
训练损失: 0.0019
验证损失: 0.6366
验证准确率: 0.9695 (10629/10964) - 与Levenshtein高度相关
验证F1(加权): 0.9687 - 类别平衡更好
学习率: 0.000005
显存使用: 0.48GB (预留: 0.67GB)

生成的训练样本:
--------------------------------------------------------------------------------
输入:       BRD> XSJN HW> VB DL> HW> >KWTH
目标:     0 0 0 15 0 0 0 8 0 122 0 0 10 3 0 0 2 0 1 0 0 0 0 10 3 0 0 0 0 1 0
预测:     0 0 0 15 0 0 0 8 0 122 0 0 10 3 0 0 2 0 1 0 0 0 0 10 3 0 0 0 0 1 0
准确率:    1.0000 (31/31)
----------------------------------------
输入:       <LJ W>N RDP >N> LHWN XD JWM
目标:     0 0 1 0 0 1 0 0 0 0 0 7 0 0 0 0 0 1 0 0 0 0 0 2 0 0 0 2
预测:     0 0 1 0 0 1 0 0 0 0 0 7 0 0 0 0 0 1 0 0 0 0 0 2 0 0 0 2
准确率:    1.0000 (28/28)
----------------------------------------
输入:       >T> HW HW PTGM> L> MLL MRJ>
目标:     0 0 10 3 0 0 0 0 0 12 0 0 0 0 4 0 0 0 0 0 0 0 16 0 0 0 0 2
预测:     0 0 10 3 0 0 0 0 0 12 0 0 0 0 4 0 0 0 0 0 0 0 16 0 0 0 0 2
准确率:    1.0000 (28/28)
----------------------------------------

生成的验证样本:
--------------------------------------------------------------------------------
输入:       LTCBWXT> MNW HN> D>CKX LMV<> WL> V<>
目标:     0 1 0 0 8 0 13 9 0 0 0 71 0 0 0 0 0 0 35 0 0 0 3 0 1 6 0 10 7 0 1 0 0 0 0 10 3
预测:     0 1 0 0 8 0 13 9 0 0 0 71 0 0 0 0 0 0 1 17 0 0 3 0 1 6 0 10 7 0 1 0 0 0 0 10 7
准确率:    0.9189 (34/37)
----------------------------------------
输入:       MNW HN> D>CKX LMV<> WL> V<> WLMB>CW
目标:     0 0 71 0 0 0 0 0 0 35 0 0 0 3 0 1 6 0 10 7 0 1 0 0 0 0 10 3 0 1 1 28 0 0 7 0
预测:     0 0 71 0 0 0 0 0 0 1 17 0 0 3 0 1 6 0 10 7 0 1 0 0 0 0 10 3 0 1 1 28 0 0 7 0
准确率:    0.9444 (34/36)
----------------------------------------
💾 保存新的最佳模型！验证准确率: 0.9695 (F1: 0.9687) (Epoch 173)

======================================================================
🚀 Epoch 174/200
======================================================================
📚 开始训练阶段...
训练进度: 500/6065 损失=0.0008
训练进度: 1000/6065 损失=0.0004
训练进度: 1500/6065 损失=0.0000
训练进度: 2000/6065 损失=0.0000
训练进度: 2500/6065 损失=0.0001
训练进度: 3000/6065 损失=0.0008
训练进度: 3500/6065 损失=0.0001
训练进度: 4000/6065 损失=0.0007
训练进度: 4500/6065 损失=0.0002
训练进度: 5000/6065 损失=0.0001
训练进度: 5500/6065 损失=0.0013
训练进度: 6000/6065 损失=0.0000
训练进度: 6065/6065 损失=0.0002
✅ 训练完成，耗时: 108.9秒 (1.8分钟)

============================================================
📊 验证决策: Epoch 174/200
   验证间隔: 1
   是否验证: ✅ 是
   原因: 达到验证间隔 (0 == 0)
============================================================

🔍 开始验证...
验证进度: 500/686 损失=0.1549
验证进度: 686/686 损失=1.2637

📊 预测分布分析:
  - 预测的前5个类别: {np.int64(0): 283092, np.int64(1): 37023, np.int64(2): 14736, np.int64(3): 10871, np.int64(4): 8988}
  - 标签的前5个类别: {np.int64(0): 281232, np.int64(1): 36731, np.int64(2): 14789, np.int64(3): 10866, np.int64(4): 8585}
✅ 验证完成，耗时: 4.9秒 (0.1分钟)
训练损失: 0.0018
验证损失: 0.6420
验证准确率: 0.9695 (10629/10964) - 与Levenshtein高度相关
验证F1(加权): 0.9687 - 类别平衡更好
学习率: 0.000005
显存使用: 0.48GB (预留: 0.67GB)

生成的训练样本:
--------------------------------------------------------------------------------
输入:       MNH DNKP HW> DLM> NXZWN XNPWT> DBNJ
目标:     0 0 1 0 0 1 0 0 7 0 0 10 3 0 0 0 0 0 0 6 0 18 0 0 0 0 0 0 2 9 0 0 1 0 2 0
预测:     0 0 1 0 0 1 0 0 7 0 0 10 3 0 0 0 0 0 0 6 0 18 0 0 0 0 0 0 2 9 0 0 1 0 2 0
准确率:    1.0000 (36/36)
----------------------------------------
输入:       D<BDJ >LHH D>BWK WBK> JWSP KD >MRW
目标:     0 1 0 0 22 0 0 0 0 5 0 0 1 0 8 5 0 0 1 0 10 3 0 0 0 0 2 0 0 0 0 0 0 3 0
预测:     0 1 0 0 22 0 0 0 0 5 0 0 1 0 8 5 0 0 1 0 10 3 0 0 0 0 2 0 0 0 0 0 0 3 0
准确率:    1.0000 (35/35)
----------------------------------------
输入:       W>TGLJ CT>SJH DTBJL MN K>TK MRJ> WMN
目标:     0 1 0 14 0 0 3 0 0 0 0 13 1 12 0 1 0 0 0 2 0 0 0 0 0 13 1 0 0 0 0 0 2 0 1 0 0
预测:     0 1 0 14 0 0 3 0 0 0 0 13 1 12 0 1 0 0 0 2 0 0 0 0 0 13 1 0 0 0 0 0 2 0 1 0 0
准确率:    1.0000 (37/37)
----------------------------------------

生成的验证样本:
--------------------------------------------------------------------------------
输入:       LTCBWXT> MNW HN> D>CKX LMV<> WL> V<>
目标:     0 1 0 0 8 0 13 9 0 0 0 71 0 0 0 0 0 0 35 0 0 0 3 0 1 6 0 10 7 0 1 0 0 0 0 10 3
预测:     0 1 0 0 8 0 13 9 0 0 0 71 0 0 0 0 0 0 1 17 0 0 3 0 1 6 0 10 7 0 1 0 0 0 0 10 7
准确率:    0.9189 (34/37)
----------------------------------------
输入:       MNW HN> D>CKX LMV<> WL> V<> WLMB>CW
目标:     0 0 71 0 0 0 0 0 0 35 0 0 0 3 0 1 6 0 10 7 0 1 0 0 0 0 10 3 0 1 1 28 0 0 7 0
预测:     0 0 71 0 0 0 0 0 0 1 17 0 0 3 0 1 6 0 10 7 0 1 0 0 0 0 10 3 0 1 1 28 0 0 7 0
准确率:    0.9444 (34/36)
----------------------------------------
⏳ 验证无提升 (验证准确率: 0.9695 ≤ 0.9695)，patience: 1/50

======================================================================
🚀 Epoch 175/200
======================================================================
📚 开始训练阶段...
训练进度: 500/6065 损失=0.0001
训练进度: 1000/6065 损失=0.0014
训练进度: 1500/6065 损失=0.0017
训练进度: 2000/6065 损失=0.0034
训练进度: 2500/6065 损失=0.0020
训练进度: 3000/6065 损失=0.0008
训练进度: 3500/6065 损失=0.0016
训练进度: 4000/6065 损失=0.0000
训练进度: 4500/6065 损失=0.0006
训练进度: 5000/6065 损失=0.0001
训练进度: 5500/6065 损失=0.0004
训练进度: 6000/6065 损失=0.0059
训练进度: 6065/6065 损失=0.0002
✅ 训练完成，耗时: 108.5秒 (1.8分钟)

============================================================
📊 验证决策: Epoch 175/200
   验证间隔: 1
   是否验证: ✅ 是
   原因: 达到验证间隔 (0 == 0)
============================================================

🔍 开始验证...
验证进度: 500/686 损失=0.1481
验证进度: 686/686 损失=1.1547

📊 预测分布分析:
  - 预测的前5个类别: {np.int64(0): 283063, np.int64(1): 37014, np.int64(2): 14761, np.int64(3): 10811, np.int64(4): 8994}
  - 标签的前5个类别: {np.int64(0): 281232, np.int64(1): 36731, np.int64(2): 14789, np.int64(3): 10866, np.int64(4): 8585}
✅ 验证完成，耗时: 4.9秒 (0.1分钟)
训练损失: 0.0018
验证损失: 0.6404
验证准确率: 0.9695 (10629/10964) - 与Levenshtein高度相关
验证F1(加权): 0.9686 - 类别平衡更好
学习率: 0.000005
显存使用: 0.48GB (预留: 0.67GB)

生成的训练样本:
--------------------------------------------------------------------------------
输入:       MWRB PWRQN> DMLKH W<BD VJBWT> LMCJXH LDWJD
目标:     0 63 0 0 7 0 0 0 0 0 4 0 0 1 0 0 5 0 0 1 0 0 3 0 0 0 0 2 9 0 0 1 0 8 0 172 0 0 1 0 0 0 2
预测:     0 63 0 0 7 0 0 0 0 0 4 0 0 1 0 0 5 0 0 1 0 0 3 0 0 0 0 2 9 0 0 1 0 8 0 172 0 0 1 0 0 0 2
准确率:    1.0000 (43/43)
----------------------------------------
输入:       WNTKTC >JK DPQDN MRJ> >LHN W>ZDJNTWN GBR
目标:     0 1 91 14 0 0 16 0 0 0 0 0 1 0 0 51 0 0 0 0 0 2 0 0 0 5 0 0 1 47 85 0 0 33 0 0 19 0 0 0 2
预测:     0 1 91 14 0 0 16 0 0 0 0 0 1 0 0 51 0 0 0 0 0 2 0 0 0 5 0 0 1 47 85 0 0 33 0 0 19 0 0 0 2
准确率:    1.0000 (41/41)
----------------------------------------
输入:       >JKN> DTRJN K>BJN JRT >JN> D>TRPJ DKLH
目标:     0 0 0 107 0 0 0 1 0 2 0 12 0 0 0 2 0 12 0 0 0 7 0 0 0 0 0 0 1 0 14 0 0 3 0 1 0 5 0
预测:     0 0 0 107 0 0 0 1 0 2 0 12 0 0 0 2 0 12 0 0 0 7 0 0 0 0 0 0 1 0 14 0 0 3 0 1 0 5 0
准确率:    1.0000 (39/39)
----------------------------------------

生成的验证样本:
--------------------------------------------------------------------------------
输入:       LTCBWXT> MNW HN> D>CKX LMV<> WL> V<>
目标:     0 1 0 0 8 0 13 9 0 0 0 71 0 0 0 0 0 0 35 0 0 0 3 0 1 6 0 10 7 0 1 0 0 0 0 10 3
预测:     0 1 0 0 8 0 13 9 0 0 0 71 0 0 0 0 0 0 1 17 0 0 3 0 1 6 0 10 7 0 1 0 0 0 0 10 7
准确率:    0.9189 (34/37)
----------------------------------------
输入:       MNW HN> D>CKX LMV<> WL> V<> WLMB>CW
目标:     0 0 71 0 0 0 0 0 0 35 0 0 0 3 0 1 6 0 10 7 0 1 0 0 0 0 10 3 0 1 1 28 0 0 7 0
预测:     0 0 71 0 0 0 0 0 0 1 17 0 0 3 0 1 6 0 10 7 0 1 0 0 0 0 10 3 0 1 1 28 0 0 7 0
准确率:    0.9444 (34/36)
----------------------------------------
⏳ 验证无提升 (验证准确率: 0.9695 ≤ 0.9695)，patience: 2/50

======================================================================
🚀 Epoch 176/200
======================================================================
📚 开始训练阶段...
训练进度: 500/6065 损失=0.0024
训练进度: 1000/6065 损失=0.0012
训练进度: 1500/6065 损失=0.0002
训练进度: 2000/6065 损失=0.0002
训练进度: 2500/6065 损失=0.0006
训练进度: 3000/6065 损失=0.0003
训练进度: 3500/6065 损失=0.0052
训练进度: 4000/6065 损失=0.0070
训练进度: 4500/6065 损失=0.0008
训练进度: 5000/6065 损失=0.0004
训练进度: 5500/6065 损失=0.0033
训练进度: 6000/6065 损失=0.0054
训练进度: 6065/6065 损失=0.0000
✅ 训练完成，耗时: 108.6秒 (1.8分钟)

============================================================
📊 验证决策: Epoch 176/200
   验证间隔: 1
   是否验证: ✅ 是
   原因: 达到验证间隔 (0 == 0)
============================================================

🔍 开始验证...
验证进度: 500/686 损失=0.1438
验证进度: 686/686 损失=1.2068

📊 预测分布分析:
  - 预测的前5个类别: {np.int64(0): 283068, np.int64(1): 36999, np.int64(2): 14718, np.int64(3): 10851, np.int64(4): 9028}
  - 标签的前5个类别: {np.int64(0): 281232, np.int64(1): 36731, np.int64(2): 14789, np.int64(3): 10866, np.int64(4): 8585}
✅ 验证完成，耗时: 4.9秒 (0.1分钟)
训练损失: 0.0018
验证损失: 0.6410
验证准确率: 0.9694 (10628/10964) - 与Levenshtein高度相关
验证F1(加权): 0.9686 - 类别平衡更好
学习率: 0.000005
显存使用: 0.48GB (预留: 0.67GB)

生成的训练样本:
--------------------------------------------------------------------------------
输入:       LJ XWNJNJ WCM< LYLWT> DJLJ BNJ> D>NC>
目标:     0 1 0 6 8 0 299 1 0 0 0 36 0 0 3 0 1 0 0 2 9 0 0 0 0 1 0 0 0 2 9 0 0 1 0 0 4 0
预测:     0 1 0 6 8 0 299 1 0 0 0 36 0 0 3 0 1 0 0 2 9 0 0 0 0 1 0 0 0 2 9 0 0 1 0 0 4 0
准确率:    1.0000 (38/38)
----------------------------------------
输入:       QC> QDL> C<T> XD> >SQ BJNTKWN W>WBDKWN
目标:     0 0 138 0 0 0 0 4 0 0 0 2 9 0 0 0 2 0 0 6 64 3 0 0 0 2 32 0 0 0 0 1 68 0 0 29 0 0 0
预测:     0 0 138 0 0 0 0 4 0 0 0 2 9 0 0 0 2 0 0 6 64 3 0 0 0 2 32 0 0 0 0 1 68 0 0 29 0 0 0
准确率:    1.0000 (39/39)
----------------------------------------
输入:       >JD> D>MWRJ> BSJPJ WBQCTJ WQR> J<QWB LBNWHJ
目标:     8 0 0 4 0 0 1 0 0 0 0 11 0 0 1 0 0 5 0 0 1 1 0 0 5 0 0 1 0 10 3 0 0 0 0 0 2 0 1 0 25 1 0 0
预测:     8 0 0 4 0 0 1 0 0 0 0 11 0 0 1 0 0 5 0 0 1 1 0 0 5 0 0 1 0 10 3 0 0 0 0 0 2 0 1 0 25 1 0 0
准确率:    1.0000 (44/44)
----------------------------------------

生成的验证样本:
--------------------------------------------------------------------------------
输入:       LTCBWXT> MNW HN> D>CKX LMV<> WL> V<>
目标:     0 1 0 0 8 0 13 9 0 0 0 71 0 0 0 0 0 0 35 0 0 0 3 0 1 6 0 10 7 0 1 0 0 0 0 10 3
预测:     0 1 0 0 8 0 13 9 0 0 0 71 0 0 0 0 0 0 1 17 0 0 3 0 1 6 0 10 7 0 1 0 0 0 0 10 7
准确率:    0.9189 (34/37)
----------------------------------------
输入:       MNW HN> D>CKX LMV<> WL> V<> WLMB>CW
目标:     0 0 71 0 0 0 0 0 0 35 0 0 0 3 0 1 6 0 10 7 0 1 0 0 0 0 10 3 0 1 1 28 0 0 7 0
预测:     0 0 71 0 0 0 0 0 0 1 17 0 0 3 0 1 6 0 10 7 0 1 0 0 0 0 10 3 0 1 1 28 0 0 7 0
准确率:    0.9444 (34/36)
----------------------------------------
⏳ 验证无提升 (验证准确率: 0.9694 ≤ 0.9695)，patience: 3/50

======================================================================
🚀 Epoch 177/200
======================================================================
📚 开始训练阶段...
训练进度: 500/6065 损失=0.0074
训练进度: 1000/6065 损失=0.0002
训练进度: 1500/6065 损失=0.0000
训练进度: 2000/6065 损失=0.0010
训练进度: 2500/6065 损失=0.0001
训练进度: 3000/6065 损失=0.0045
训练进度: 3500/6065 损失=0.0000
训练进度: 4000/6065 损失=0.0000
训练进度: 4500/6065 损失=0.0000
训练进度: 5000/6065 损失=0.0000
训练进度: 5500/6065 损失=0.0021
训练进度: 6000/6065 损失=0.0001
训练进度: 6065/6065 损失=0.0001
✅ 训练完成，耗时: 108.8秒 (1.8分钟)

============================================================
📊 验证决策: Epoch 177/200
   验证间隔: 1
   是否验证: ✅ 是
   原因: 达到验证间隔 (0 == 0)
============================================================

🔍 开始验证...
验证进度: 500/686 损失=0.1451
验证进度: 686/686 损失=1.2145

📊 预测分布分析:
  - 预测的前5个类别: {np.int64(0): 283075, np.int64(1): 37006, np.int64(2): 14720, np.int64(3): 10903, np.int64(4): 9069}
  - 标签的前5个类别: {np.int64(0): 281232, np.int64(1): 36731, np.int64(2): 14789, np.int64(3): 10866, np.int64(4): 8585}
✅ 验证完成，耗时: 4.9秒 (0.1分钟)
训练损失: 0.0017
验证损失: 0.6423
验证准确率: 0.9695 (10629/10964) - 与Levenshtein高度相关
验证F1(加权): 0.9687 - 类别平衡更好
学习率: 0.000004
显存使用: 0.48GB (预留: 0.67GB)

生成的训练样本:
--------------------------------------------------------------------------------
输入:       <Z> QRXT> WPJSKJT> WKL D>JT BHJN XWR>
目标:     0 0 11 0 0 0 0 2 23 0 0 1 0 0 0 0 2 23 0 0 1 0 2 0 1 0 0 24 0 1 0 0 0 0 0 0 15 0
预测:     0 0 11 0 0 0 0 2 23 0 0 1 0 0 0 0 2 23 0 0 1 0 2 0 1 0 0 24 0 1 0 0 0 0 0 0 15 0
准确率:    1.0000 (38/38)
----------------------------------------
输入:       >JSRJL BKL MCQLNJHWN W>L> MSTLQ> <NN> L>
目标:     0 0 0 0 0 0 2 0 1 0 2 0 0 0 0 0 2 1 0 0 0 0 1 88 0 0 0 45 79 0 0 7 19 0 0 0 4 0 0 0 0
预测:     0 0 0 0 0 0 2 0 1 0 2 0 0 0 0 0 2 1 0 0 0 0 1 88 0 0 0 45 79 0 0 7 19 0 0 0 4 0 0 0 0
准确率:    1.0000 (41/41)
----------------------------------------
输入:       LMSKR >R> BJD HNWN XLC> D>JT <MH
目标:     0 1 6 0 0 49 0 0 0 0 0 1 0 2 0 0 0 0 12 0 0 0 11 0 0 1 0 0 24 0 0 1 0
预测:     0 1 6 0 0 49 0 0 0 0 0 1 0 2 0 0 0 0 12 0 0 0 11 0 0 1 0 0 24 0 0 1 0
准确率:    1.0000 (33/33)
----------------------------------------

生成的验证样本:
--------------------------------------------------------------------------------
输入:       LTCBWXT> MNW HN> D>CKX LMV<> WL> V<>
目标:     0 1 0 0 8 0 13 9 0 0 0 71 0 0 0 0 0 0 35 0 0 0 3 0 1 6 0 10 7 0 1 0 0 0 0 10 3
预测:     0 1 0 0 8 0 13 9 0 0 0 71 0 0 0 0 0 0 1 17 0 0 3 0 1 6 0 10 7 0 1 0 0 0 0 10 7
准确率:    0.9189 (34/37)
----------------------------------------
输入:       MNW HN> D>CKX LMV<> WL> V<> WLMB>CW
目标:     0 0 71 0 0 0 0 0 0 35 0 0 0 3 0 1 6 0 10 7 0 1 0 0 0 0 10 3 0 1 1 28 0 0 7 0
预测:     0 0 71 0 0 0 0 0 0 1 17 0 0 3 0 1 6 0 10 7 0 1 0 0 0 0 10 3 0 1 1 28 0 0 7 0
准确率:    0.9444 (34/36)
----------------------------------------
⏳ 验证无提升 (验证准确率: 0.9695 ≤ 0.9695)，patience: 4/50

======================================================================
🚀 Epoch 178/200
======================================================================
📚 开始训练阶段...
训练进度: 500/6065 损失=0.0002
训练进度: 1000/6065 损失=0.0042
训练进度: 1500/6065 损失=0.0000
训练进度: 2000/6065 损失=0.0000
训练进度: 2500/6065 损失=0.0044
训练进度: 3000/6065 损失=0.0000
训练进度: 3500/6065 损失=0.0149
训练进度: 4000/6065 损失=0.0000
训练进度: 4500/6065 损失=0.0018
训练进度: 5000/6065 损失=0.0000
训练进度: 5500/6065 损失=0.0003
训练进度: 6000/6065 损失=0.0001
训练进度: 6065/6065 损失=0.0000
✅ 训练完成，耗时: 108.6秒 (1.8分钟)

============================================================
📊 验证决策: Epoch 178/200
   验证间隔: 1
   是否验证: ✅ 是
   原因: 达到验证间隔 (0 == 0)
============================================================

🔍 开始验证...
验证进度: 500/686 损失=0.1630
验证进度: 686/686 损失=1.2297

📊 预测分布分析:
  - 预测的前5个类别: {np.int64(0): 283033, np.int64(1): 37015, np.int64(2): 14706, np.int64(3): 10896, np.int64(4): 9016}
  - 标签的前5个类别: {np.int64(0): 281232, np.int64(1): 36731, np.int64(2): 14789, np.int64(3): 10866, np.int64(4): 8585}
✅ 验证完成，耗时: 4.8秒 (0.1分钟)
训练损失: 0.0018
验证损失: 0.6423
验证准确率: 0.9695 (10629/10964) - 与Levenshtein高度相关
验证F1(加权): 0.9687 - 类别平衡更好
学习率: 0.000004
显存使用: 0.48GB (预留: 0.67GB)

生成的训练样本:
--------------------------------------------------------------------------------
输入:       JWNN MN> JWMT> WNJNWJ> MNW XWBJHWN XCB
目标:     0 0 0 0 2 0 0 10 7 0 0 0 2 23 0 0 1 0 0 0 0 11 0 0 0 71 0 0 0 0 22 1 0 0 0 0 0 0 3
预测:     0 0 0 0 2 0 0 10 7 0 0 0 2 23 0 0 1 0 0 0 0 11 0 0 0 71 0 0 0 0 22 1 0 0 0 0 0 0 3
准确率:    1.0000 (39/39)
----------------------------------------
输入:       WMLK> CLJMWN NHW> BRJK WKWRSJH DDWJD NHW>
目标:     0 1 0 0 4 0 0 0 0 0 0 0 2 0 6 0 10 3 0 0 8 0 40 0 1 0 0 0 0 5 0 0 1 0 0 0 2 0 6 0 10 3
预测:     0 1 0 0 4 0 0 0 0 0 0 0 2 0 6 0 10 3 0 0 8 0 40 0 1 0 0 0 0 5 0 0 1 0 0 0 2 0 6 0 10 3
准确率:    1.0000 (42/42)
----------------------------------------
输入:       VB VB TR<SR RWRBNJN NWLD W>TLJWHJ L<M>
目标:     0 0 2 0 0 2 0 0 118 0 0 2 0 0 0 0 8 2 0 0 0 63 0 0 3 0 1 34 0 48 35 0 0 0 0 1 0 15 0
预测:     0 0 2 0 0 2 0 0 118 0 0 2 0 0 0 0 8 2 0 0 0 63 0 0 3 0 1 34 0 48 35 0 0 0 0 1 0 15 0
准确率:    1.0000 (39/39)
----------------------------------------

生成的验证样本:
--------------------------------------------------------------------------------
输入:       LTCBWXT> MNW HN> D>CKX LMV<> WL> V<>
目标:     0 1 0 0 8 0 13 9 0 0 0 71 0 0 0 0 0 0 35 0 0 0 3 0 1 6 0 10 7 0 1 0 0 0 0 10 3
预测:     0 1 0 0 8 0 13 9 0 0 0 71 0 0 0 0 0 0 1 17 0 0 3 0 1 6 0 10 7 0 1 0 0 0 0 10 7
准确率:    0.9189 (34/37)
----------------------------------------
输入:       MNW HN> D>CKX LMV<> WL> V<> WLMB>CW
目标:     0 0 71 0 0 0 0 0 0 35 0 0 0 3 0 1 6 0 10 7 0 1 0 0 0 0 10 3 0 1 1 28 0 0 7 0
预测:     0 0 71 0 0 0 0 0 0 1 17 0 0 3 0 1 6 0 10 7 0 1 0 0 0 0 10 3 0 1 1 28 0 0 7 0
准确率:    0.9444 (34/36)
----------------------------------------
⏳ 验证无提升 (验证准确率: 0.9695 ≤ 0.9695)，patience: 5/50

======================================================================
🚀 Epoch 179/200
======================================================================
📚 开始训练阶段...
训练进度: 500/6065 损失=0.0024
训练进度: 1000/6065 损失=0.0007
训练进度: 1500/6065 损失=0.0004
训练进度: 2000/6065 损失=0.0003
训练进度: 2500/6065 损失=0.0001
训练进度: 3000/6065 损失=0.0005
训练进度: 3500/6065 损失=0.0000
训练进度: 4000/6065 损失=0.0001
训练进度: 4500/6065 损失=0.0002
训练进度: 5000/6065 损失=0.0004
训练进度: 5500/6065 损失=0.0000
训练进度: 6000/6065 损失=0.0030
训练进度: 6065/6065 损失=0.0001
✅ 训练完成，耗时: 108.3秒 (1.8分钟)

============================================================
📊 验证决策: Epoch 179/200
   验证间隔: 1
   是否验证: ✅ 是
   原因: 达到验证间隔 (0 == 0)
============================================================

🔍 开始验证...
验证进度: 500/686 损失=0.1662
验证进度: 686/686 损失=1.2057

📊 预测分布分析:
  - 预测的前5个类别: {np.int64(0): 283134, np.int64(1): 37002, np.int64(2): 14739, np.int64(3): 10852, np.int64(4): 9017}
  - 标签的前5个类别: {np.int64(0): 281232, np.int64(1): 36731, np.int64(2): 14789, np.int64(3): 10866, np.int64(4): 8585}
✅ 验证完成，耗时: 4.8秒 (0.1分钟)
训练损失: 0.0018
验证损失: 0.6439
验证准确率: 0.9695 (10629/10964) - 与Levenshtein高度相关
验证F1(加权): 0.9686 - 类别平衡更好
学习率: 0.000004
显存使用: 0.48GB (预留: 0.67GB)

生成的训练样本:
--------------------------------------------------------------------------------
输入:       MN LWTKWN W>MRW LH MXZ> XZJN DHW>
目标:     0 0 0 0 0 0 1 0 0 0 0 1 0 0 3 0 0 1 0 0 6 0 10 7 0 0 0 3 0 0 1 0 10 3
预测:     0 0 0 0 0 0 1 0 0 0 0 1 0 0 3 0 0 1 0 0 6 0 10 7 0 0 0 3 0 0 1 0 10 3
准确率:    1.0000 (34/34)
----------------------------------------
输入:       DCKJNTK MLJ YHJWN MN RBWTK WMN >JQRK
目标:     0 1 0 0 0 13 1 0 6 0 0 16 0 0 0 0 0 2 0 0 0 0 0 0 2 1 0 0 1 0 0 0 0 0 0 5 0
预测:     0 1 0 0 0 13 1 0 6 0 0 16 0 0 0 0 0 2 0 0 0 0 0 0 2 1 0 0 1 0 0 0 0 0 0 5 0
准确率:    1.0000 (37/37)
----------------------------------------
输入:       GBRJN <L >R<> W>TXJLW TWB BNJ >JSRJL
目标:     0 0 0 2 0 0 0 0 0 0 0 0 4 0 0 1 0 14 0 0 33 19 0 0 0 0 0 0 2 0 0 0 0 0 0 0 2
预测:     0 0 0 2 0 0 0 0 0 0 0 0 4 0 0 1 0 14 0 0 33 19 0 0 0 0 0 0 2 0 0 0 0 0 0 0 2
准确率:    1.0000 (37/37)
----------------------------------------

生成的验证样本:
--------------------------------------------------------------------------------
输入:       LTCBWXT> MNW HN> D>CKX LMV<> WL> V<>
目标:     0 1 0 0 8 0 13 9 0 0 0 71 0 0 0 0 0 0 35 0 0 0 3 0 1 6 0 10 7 0 1 0 0 0 0 10 3
预测:     0 1 0 0 8 0 13 9 0 0 0 71 0 0 0 0 0 0 1 17 0 0 3 0 1 6 0 10 7 0 1 0 0 0 0 10 7
准确率:    0.9189 (34/37)
----------------------------------------
输入:       MNW HN> D>CKX LMV<> WL> V<> WLMB>CW
目标:     0 0 71 0 0 0 0 0 0 35 0 0 0 3 0 1 6 0 10 7 0 1 0 0 0 0 10 3 0 1 1 28 0 0 7 0
预测:     0 0 71 0 0 0 0 0 0 1 17 0 0 3 0 1 6 0 10 7 0 1 0 0 0 0 10 3 0 1 1 28 0 0 7 0
准确率:    0.9444 (34/36)
----------------------------------------
⏳ 验证无提升 (验证准确率: 0.9695 ≤ 0.9695)，patience: 6/50

======================================================================
🚀 Epoch 180/200
======================================================================
📚 开始训练阶段...
训练进度: 500/6065 损失=0.0003
训练进度: 1000/6065 损失=0.0000
训练进度: 1500/6065 损失=0.0001
训练进度: 2000/6065 损失=0.0119
训练进度: 2500/6065 损失=0.0058
训练进度: 3000/6065 损失=0.0001
训练进度: 3500/6065 损失=0.0003
训练进度: 4000/6065 损失=0.0037
训练进度: 4500/6065 损失=0.0001
训练进度: 5000/6065 损失=0.0002
训练进度: 5500/6065 损失=0.0001
训练进度: 6000/6065 损失=0.0001
训练进度: 6065/6065 损失=0.0019
✅ 训练完成，耗时: 107.9秒 (1.8分钟)

============================================================
📊 验证决策: Epoch 180/200
   验证间隔: 1
   是否验证: ✅ 是
   原因: 达到验证间隔 (0 == 0)
============================================================

🔍 开始验证...
验证进度: 500/686 损失=0.1884
验证进度: 686/686 损失=1.2290

📊 预测分布分析:
  - 预测的前5个类别: {np.int64(0): 283074, np.int64(1): 37020, np.int64(2): 14726, np.int64(3): 10914, np.int64(4): 9011}
  - 标签的前5个类别: {np.int64(0): 281232, np.int64(1): 36731, np.int64(2): 14789, np.int64(3): 10866, np.int64(4): 8585}
✅ 验证完成，耗时: 4.8秒 (0.1分钟)
训练损失: 0.0017
验证损失: 0.6481
验证准确率: 0.9693 (10627/10964) - 与Levenshtein高度相关
验证F1(加权): 0.9685 - 类别平衡更好
学习率: 0.000003
显存使用: 0.48GB (预留: 0.67GB)

生成的训练样本:
--------------------------------------------------------------------------------
输入:       T<QWR <QR> L> TTJQR BY<RH D>BWK MVL
目标:     0 44 0 8 0 3 0 0 0 15 0 0 0 0 0 21 14 0 0 16 0 1 0 0 37 0 0 1 0 8 5 0 0 0 0 0
预测:     0 44 0 8 0 3 0 0 0 15 0 0 0 0 0 21 14 0 0 16 0 1 0 0 37 0 0 1 0 8 5 0 0 0 0 0
准确率:    1.0000 (36/36)
----------------------------------------
输入:       WSKRH XLB> LMXWT> MVL DL> CMVH SJP>
目标:     0 1 0 0 120 12 0 0 0 15 0 0 1 0 0 13 9 0 0 0 0 0 0 1 0 0 0 0 0 29 0 0 0 0 4 0
预测:     0 1 0 0 120 12 0 0 0 15 0 0 1 0 0 13 9 0 0 0 0 0 0 1 0 0 0 0 0 29 0 0 0 0 4 0
准确率:    1.0000 (36/36)
----------------------------------------
输入:       >MR PTGM> HN> W>T> GD<WN LJWRDNN W<BR
目标:     0 0 0 3 0 0 0 0 4 0 0 0 0 0 0 1 0 10 3 0 0 0 0 0 2 0 1 0 0 0 0 0 2 0 1 0 0 3
预测:     0 0 0 3 0 0 0 0 4 0 0 0 0 0 0 1 0 10 3 0 0 0 0 0 2 0 1 0 0 0 0 0 2 0 1 0 0 3
准确率:    1.0000 (38/38)
----------------------------------------

生成的验证样本:
--------------------------------------------------------------------------------
输入:       LTCBWXT> MNW HN> D>CKX LMV<> WL> V<>
目标:     0 1 0 0 8 0 13 9 0 0 0 71 0 0 0 0 0 0 35 0 0 0 3 0 1 6 0 10 7 0 1 0 0 0 0 10 3
预测:     0 1 0 0 8 0 13 9 0 0 0 71 0 0 0 0 0 0 1 17 0 0 3 0 1 6 0 10 7 0 1 0 0 0 0 10 7
准确率:    0.9189 (34/37)
----------------------------------------
输入:       MNW HN> D>CKX LMV<> WL> V<> WLMB>CW
目标:     0 0 71 0 0 0 0 0 0 35 0 0 0 3 0 1 6 0 10 7 0 1 0 0 0 0 10 3 0 1 1 28 0 0 7 0
预测:     0 0 71 0 0 0 0 0 0 1 17 0 0 3 0 1 6 0 10 7 0 1 0 0 0 0 10 3 0 1 1 28 0 0 7 0
准确率:    0.9444 (34/36)
----------------------------------------
⏳ 验证无提升 (验证准确率: 0.9693 ≤ 0.9695)，patience: 7/50

======================================================================
🚀 Epoch 181/200
======================================================================
📚 开始训练阶段...
训练进度: 500/6065 损失=0.0003
训练进度: 1000/6065 损失=0.0006
训练进度: 1500/6065 损失=0.0015
训练进度: 2000/6065 损失=0.0025
训练进度: 2500/6065 损失=0.0051
训练进度: 3000/6065 损失=0.0002
训练进度: 3500/6065 损失=0.0004
训练进度: 4000/6065 损失=0.0000
训练进度: 4500/6065 损失=0.0004
训练进度: 5000/6065 损失=0.0002
训练进度: 5500/6065 损失=0.0059
训练进度: 6000/6065 损失=0.0001
训练进度: 6065/6065 损失=0.0006
✅ 训练完成，耗时: 108.1秒 (1.8分钟)

============================================================
📊 验证决策: Epoch 181/200
   验证间隔: 1
   是否验证: ✅ 是
   原因: 达到验证间隔 (0 == 0)
============================================================

🔍 开始验证...
验证进度: 500/686 损失=0.2057
验证进度: 686/686 损失=1.2349

📊 预测分布分析:
  - 预测的前5个类别: {np.int64(0): 283041, np.int64(1): 37011, np.int64(2): 14728, np.int64(3): 10935, np.int64(4): 9000}
  - 标签的前5个类别: {np.int64(0): 281232, np.int64(1): 36731, np.int64(2): 14789, np.int64(3): 10866, np.int64(4): 8585}
✅ 验证完成，耗时: 4.8秒 (0.1分钟)
训练损失: 0.0016
验证损失: 0.6479
验证准确率: 0.9693 (10627/10964) - 与Levenshtein高度相关
验证F1(加权): 0.9685 - 类别平衡更好
学习率: 0.000003
显存使用: 0.48GB (预留: 0.67GB)

生成的训练样本:
--------------------------------------------------------------------------------
输入:       >LHH D>BRHM >LHH D>JSXQ >LHH DJ<QWB CDRNJ
目标:     0 0 0 5 0 0 1 0 0 0 0 2 0 0 0 5 0 0 1 0 0 0 0 2 0 0 0 5 0 0 1 0 0 0 0 2 0 0 0 51 0 0
预测:     0 0 0 5 0 0 1 0 0 0 0 2 0 0 0 5 0 0 1 0 0 0 0 2 0 0 0 5 0 0 1 0 0 0 0 2 0 0 0 51 0 0
准确率:    1.0000 (42/42)
----------------------------------------
输入:       QR>WH BKNCJKWN BBVJLWT> WHWJTWN MTHGJN BH JTJR>JT
目标:     6 0 10 3 1 12 0 1 0 0 22 1 0 0 0 0 1 0 0 0 0 2 9 0 0 1 0 0 3 0 0 0 0 21 14 0 42 0 19 0 1 12 0 0 0 0 0 0 0 0
预测:     6 0 10 3 1 12 0 1 0 0 22 1 0 0 0 0 1 0 0 0 0 2 9 0 0 1 0 0 3 0 0 0 0 21 14 0 42 0 19 0 1 12 0 0 0 0 0 0 0 0
准确率:    1.0000 (50/50)
----------------------------------------
输入:       DL> TMWTWN W>MR XWJ> L>NTT> L> MMT
目标:     0 1 0 0 0 6 0 0 3 0 0 0 1 0 0 3 0 0 0 15 0 0 1 0 0 13 9 0 0 0 0 0 6 31 7
预测:     0 1 0 0 0 6 0 0 3 0 0 0 1 0 0 3 0 0 0 15 0 0 1 0 0 13 9 0 0 0 0 0 6 31 7
准确率:    1.0000 (35/35)
----------------------------------------

生成的验证样本:
--------------------------------------------------------------------------------
输入:       LTCBWXT> MNW HN> D>CKX LMV<> WL> V<>
目标:     0 1 0 0 8 0 13 9 0 0 0 71 0 0 0 0 0 0 35 0 0 0 3 0 1 6 0 10 7 0 1 0 0 0 0 10 3
预测:     0 1 0 0 8 0 13 9 0 0 0 71 0 0 0 0 0 0 1 17 0 0 3 0 1 6 0 10 7 0 1 0 0 0 0 10 7
准确率:    0.9189 (34/37)
----------------------------------------
输入:       MNW HN> D>CKX LMV<> WL> V<> WLMB>CW
目标:     0 0 71 0 0 0 0 0 0 35 0 0 0 3 0 1 6 0 10 7 0 1 0 0 0 0 10 3 0 1 1 28 0 0 7 0
预测:     0 0 71 0 0 0 0 0 0 1 17 0 0 3 0 1 6 0 10 7 0 1 0 0 0 0 10 3 0 1 1 28 0 0 7 0
准确率:    0.9444 (34/36)
----------------------------------------
⏳ 验证无提升 (验证准确率: 0.9693 ≤ 0.9695)，patience: 8/50

======================================================================
🚀 Epoch 182/200
======================================================================
📚 开始训练阶段...
训练进度: 500/6065 损失=0.0167
训练进度: 1000/6065 损失=0.0006
训练进度: 1500/6065 损失=0.0068
训练进度: 2000/6065 损失=0.0001
训练进度: 2500/6065 损失=0.0001
训练进度: 3000/6065 损失=0.0078
训练进度: 3500/6065 损失=0.0000
训练进度: 4000/6065 损失=0.0002
训练进度: 4500/6065 损失=0.0015
训练进度: 5000/6065 损失=0.0001
训练进度: 5500/6065 损失=0.0000
训练进度: 6000/6065 损失=0.0000
训练进度: 6065/6065 损失=0.0000
✅ 训练完成，耗时: 108.1秒 (1.8分钟)

============================================================
📊 验证决策: Epoch 182/200
   验证间隔: 1
   是否验证: ✅ 是
   原因: 达到验证间隔 (0 == 0)
============================================================

🔍 开始验证...
验证进度: 500/686 损失=0.1842
验证进度: 686/686 损失=1.2423

📊 预测分布分析:
  - 预测的前5个类别: {np.int64(0): 283102, np.int64(1): 37018, np.int64(2): 14689, np.int64(3): 10928, np.int64(4): 9034}
  - 标签的前5个类别: {np.int64(0): 281232, np.int64(1): 36731, np.int64(2): 14789, np.int64(3): 10866, np.int64(4): 8585}
✅ 验证完成，耗时: 4.8秒 (0.1分钟)
训练损失: 0.0015
验证损失: 0.6488
验证准确率: 0.9693 (10627/10964) - 与Levenshtein高度相关
验证F1(加权): 0.9685 - 类别平衡更好
学习率: 0.000003
显存使用: 0.47GB (预留: 0.67GB)

生成的训练样本:
--------------------------------------------------------------------------------
输入:       W<JJQ> LH TCBWXTH BDXLTH D>LH> LJT LMY<RW
目标:     0 1 20 8 0 7 27 0 1 0 0 0 0 8 0 13 1 12 0 1 0 0 13 1 0 0 1 0 0 4 0 0 58 0 24 0 1 6 0 0 7 19
预测:     0 1 20 8 0 7 27 0 1 0 0 0 0 8 0 13 1 12 0 1 0 0 13 1 0 0 1 0 0 4 0 0 58 0 24 0 1 6 0 0 7 19
准确率:    1.0000 (42/42)
----------------------------------------
输入:       QJWM> D<L <BD> DCLJMWN XMCM>> WXMCJN DCLJVJN
目标:     0 0 0 0 11 0 0 1 0 0 0 0 0 55 0 0 1 0 0 0 0 0 2 0 0 0 0 0 0 2 0 1 0 0 0 0 2 0 1 0 8 0 7 0 27
预测:     0 0 0 0 11 0 0 1 0 0 0 0 0 55 0 0 1 0 0 0 0 0 2 0 0 0 0 0 0 2 0 1 0 0 0 0 2 0 1 0 8 0 7 0 27
准确率:    1.0000 (45/45)
----------------------------------------
输入:       QLH DMRJ> >LHJ WHD> NWR> RBT> TWB
目标:     0 0 5 0 0 1 0 0 0 2 0 0 0 5 0 0 1 0 0 0 0 0 0 4 0 0 0 2 9 0 0 0 0 0
预测:     0 0 5 0 0 1 0 0 0 2 0 0 0 5 0 0 1 0 0 0 0 0 0 4 0 0 0 2 9 0 0 0 0 0
准确率:    1.0000 (34/34)
----------------------------------------

生成的验证样本:
--------------------------------------------------------------------------------
输入:       LTCBWXT> MNW HN> D>CKX LMV<> WL> V<>
目标:     0 1 0 0 8 0 13 9 0 0 0 71 0 0 0 0 0 0 35 0 0 0 3 0 1 6 0 10 7 0 1 0 0 0 0 10 3
预测:     0 1 0 0 8 0 13 9 0 0 0 71 0 0 0 0 0 0 1 17 0 0 3 0 1 6 0 10 7 0 1 0 0 0 0 10 7
准确率:    0.9189 (34/37)
----------------------------------------
输入:       MNW HN> D>CKX LMV<> WL> V<> WLMB>CW
目标:     0 0 71 0 0 0 0 0 0 35 0 0 0 3 0 1 6 0 10 7 0 1 0 0 0 0 10 3 0 1 1 28 0 0 7 0
预测:     0 0 71 0 0 0 0 0 0 1 17 0 0 3 0 1 6 0 10 7 0 1 0 0 0 0 10 3 0 1 1 28 0 0 7 0
准确率:    0.9444 (34/36)
----------------------------------------
⏳ 验证无提升 (验证准确率: 0.9693 ≤ 0.9695)，patience: 9/50

======================================================================
🚀 Epoch 183/200
======================================================================
📚 开始训练阶段...
训练进度: 500/6065 损失=0.0001
训练进度: 1000/6065 损失=0.0174
训练进度: 1500/6065 损失=0.0000
训练进度: 2000/6065 损失=0.0378
训练进度: 2500/6065 损失=0.0004
训练进度: 3000/6065 损失=0.0009
训练进度: 3500/6065 损失=0.0000
训练进度: 4000/6065 损失=0.0116
训练进度: 4500/6065 损失=0.0001
训练进度: 5000/6065 损失=0.0000
训练进度: 5500/6065 损失=0.0000
训练进度: 6000/6065 损失=0.0004
训练进度: 6065/6065 损失=0.0057
✅ 训练完成，耗时: 108.1秒 (1.8分钟)

============================================================
📊 验证决策: Epoch 183/200
   验证间隔: 1
   是否验证: ✅ 是
   原因: 达到验证间隔 (0 == 0)
============================================================

🔍 开始验证...
验证进度: 500/686 损失=0.1619
验证进度: 686/686 损失=1.1984

📊 预测分布分析:
  - 预测的前5个类别: {np.int64(0): 283074, np.int64(1): 37018, np.int64(2): 14721, np.int64(3): 10899, np.int64(4): 9005}
  - 标签的前5个类别: {np.int64(0): 281232, np.int64(1): 36731, np.int64(2): 14789, np.int64(3): 10866, np.int64(4): 8585}
✅ 验证完成，耗时: 4.8秒 (0.1分钟)
训练损失: 0.0016
验证损失: 0.6488
验证准确率: 0.9694 (10628/10964) - 与Levenshtein高度相关
验证F1(加权): 0.9686 - 类别平衡更好
学习率: 0.000003
显存使用: 0.48GB (预留: 0.67GB)

生成的训练样本:
--------------------------------------------------------------------------------
输入:       SGJ QDMWHJ DL> NHWWN QLWHJ D>LH> WBRD>
目标:     0 0 0 13 0 0 0 25 1 0 0 0 1 0 0 0 6 0 18 0 0 0 0 25 1 0 0 0 1 0 0 4 0 0 1 0 0 15 0
预测:     0 0 0 13 0 0 0 25 1 0 0 0 1 0 0 0 6 0 18 0 0 0 0 25 1 0 0 0 1 0 0 4 0 0 1 0 0 15 0
准确率:    1.0000 (39/39)
----------------------------------------
输入:       <LJ LWVT> WL> BWRKT> W>MRT LH >MH
目标:     0 0 1 0 0 0 0 13 23 0 0 1 0 0 0 0 0 0 13 23 0 0 1 0 0 3 26 0 1 0 0 0 5 0
预测:     0 0 1 0 0 0 0 13 23 0 0 1 0 0 0 0 0 0 13 23 0 0 1 0 0 3 26 0 1 0 0 0 5 0
准确率:    1.0000 (34/34)
----------------------------------------
输入:       DCMJ> MNW NTDKRNJ WB<M> SGJ>> L> >TJD<
目标:     0 1 0 24 9 0 0 0 71 0 0 21 14 0 0 29 0 0 0 1 1 0 15 0 0 0 0 0 4 0 0 0 0 0 21 14 0 0 3
预测:     0 1 0 24 9 0 0 0 71 0 0 21 14 0 0 29 0 0 0 1 1 0 15 0 0 0 0 0 4 0 0 0 0 0 21 14 0 0 3
准确率:    1.0000 (39/39)
----------------------------------------

生成的验证样本:
--------------------------------------------------------------------------------
输入:       LTCBWXT> MNW HN> D>CKX LMV<> WL> V<>
目标:     0 1 0 0 8 0 13 9 0 0 0 71 0 0 0 0 0 0 35 0 0 0 3 0 1 6 0 10 7 0 1 0 0 0 0 10 3
预测:     0 1 0 0 8 0 13 9 0 0 0 71 0 0 0 0 0 0 1 17 0 0 3 0 1 6 0 10 7 0 1 0 0 0 0 10 7
准确率:    0.9189 (34/37)
----------------------------------------
输入:       MNW HN> D>CKX LMV<> WL> V<> WLMB>CW
目标:     0 0 71 0 0 0 0 0 0 35 0 0 0 3 0 1 6 0 10 7 0 1 0 0 0 0 10 3 0 1 1 28 0 0 7 0
预测:     0 0 71 0 0 0 0 0 0 1 17 0 0 3 0 1 6 0 10 7 0 1 0 0 0 0 10 3 0 1 1 28 0 0 7 0
准确率:    0.9444 (34/36)
----------------------------------------
⏳ 验证无提升 (验证准确率: 0.9694 ≤ 0.9695)，patience: 10/50

======================================================================
🚀 Epoch 184/200
======================================================================
📚 开始训练阶段...
训练进度: 500/6065 损失=0.0037
训练进度: 1000/6065 损失=0.0000
训练进度: 1500/6065 损失=0.0021
训练进度: 2000/6065 损失=0.0004
训练进度: 2500/6065 损失=0.0033
训练进度: 3000/6065 损失=0.0001
训练进度: 3500/6065 损失=0.0000
训练进度: 4000/6065 损失=0.0087
训练进度: 4500/6065 损失=0.0001
训练进度: 5000/6065 损失=0.0000
训练进度: 5500/6065 损失=0.0022
训练进度: 6000/6065 损失=0.0013
训练进度: 6065/6065 损失=0.0000
✅ 训练完成，耗时: 108.1秒 (1.8分钟)

============================================================
📊 验证决策: Epoch 184/200
   验证间隔: 1
   是否验证: ✅ 是
   原因: 达到验证间隔 (0 == 0)
============================================================

🔍 开始验证...
验证进度: 500/686 损失=0.1641
验证进度: 686/686 损失=1.2197

📊 预测分布分析:
  - 预测的前5个类别: {np.int64(0): 283097, np.int64(1): 37009, np.int64(2): 14701, np.int64(3): 10884, np.int64(4): 9028}
  - 标签的前5个类别: {np.int64(0): 281232, np.int64(1): 36731, np.int64(2): 14789, np.int64(3): 10866, np.int64(4): 8585}
✅ 验证完成，耗时: 4.8秒 (0.1分钟)
训练损失: 0.0016
验证损失: 0.6504
验证准确率: 0.9695 (10629/10964) - 与Levenshtein高度相关
验证F1(加权): 0.9687 - 类别平衡更好
学习率: 0.000003
显存使用: 0.48GB (预留: 0.67GB)

生成的训练样本:
--------------------------------------------------------------------------------
输入:       S>BW W<LW BCNJ> <BR MN DLMHW> LSR>
目标:     0 0 0 3 0 0 1 0 53 0 0 1 0 13 9 0 0 0 0 3 0 0 0 0 1 1 6 0 10 7 0 1 0 0 2
预测:     0 0 0 3 0 0 1 0 53 0 0 1 0 13 9 0 0 0 0 3 0 0 0 0 1 1 6 0 10 7 0 1 0 0 2
准确率:    1.0000 (35/35)
----------------------------------------
输入:       WDMHJMN B<GL XSJR R<JN> HW DMXV> NPCH
目标:     0 1 1 6 0 0 0 109 0 1 0 0 0 0 0 8 0 40 0 0 0 0 4 0 0 0 0 0 1 6 0 10 41 0 0 0 5 0
预测:     0 1 1 6 0 0 0 109 0 1 0 0 0 0 0 8 0 40 0 0 0 0 4 0 0 0 0 0 1 6 0 10 41 0 0 0 5 0
准确率:    1.0000 (38/38)
----------------------------------------
输入:       TXWM> DKN<NJ> MN YJDWN DBM<LN> DGDR W<DM>
目标:     0 0 0 0 4 0 0 1 0 0 0 0 11 0 0 0 0 0 0 0 8 0 2 0 1 1 0 0 0 4 0 0 1 0 0 2 0 1 0 0 0 0
预测:     0 0 0 0 4 0 0 1 0 0 0 0 11 0 0 0 0 0 0 0 8 0 2 0 1 1 0 0 0 4 0 0 1 0 0 2 0 1 0 0 0 0
准确率:    1.0000 (42/42)
----------------------------------------

生成的验证样本:
--------------------------------------------------------------------------------
输入:       LTCBWXT> MNW HN> D>CKX LMV<> WL> V<>
目标:     0 1 0 0 8 0 13 9 0 0 0 71 0 0 0 0 0 0 35 0 0 0 3 0 1 6 0 10 7 0 1 0 0 0 0 10 3
预测:     0 1 0 0 8 0 13 9 0 0 0 71 0 0 0 0 0 0 1 17 0 0 3 0 1 6 0 10 7 0 1 0 0 0 0 10 7
准确率:    0.9189 (34/37)
----------------------------------------
输入:       MNW HN> D>CKX LMV<> WL> V<> WLMB>CW
目标:     0 0 71 0 0 0 0 0 0 35 0 0 0 3 0 1 6 0 10 7 0 1 0 0 0 0 10 3 0 1 1 28 0 0 7 0
预测:     0 0 71 0 0 0 0 0 0 1 17 0 0 3 0 1 6 0 10 7 0 1 0 0 0 0 10 3 0 1 1 28 0 0 7 0
准确率:    0.9444 (34/36)
----------------------------------------
⏳ 验证无提升 (验证准确率: 0.9695 ≤ 0.9695)，patience: 11/50

======================================================================
🚀 Epoch 185/200
======================================================================
📚 开始训练阶段...
训练进度: 500/6065 损失=0.0033
训练进度: 1000/6065 损失=0.0000
训练进度: 1500/6065 损失=0.0048
训练进度: 2000/6065 损失=0.0010
训练进度: 2500/6065 损失=0.0001
训练进度: 3000/6065 损失=0.0004
训练进度: 3500/6065 损失=0.0031
训练进度: 4000/6065 损失=0.0001
训练进度: 4500/6065 损失=0.0137
训练进度: 5000/6065 损失=0.0002
训练进度: 5500/6065 损失=0.0006
训练进度: 6000/6065 损失=0.0000
训练进度: 6065/6065 损失=0.0008
✅ 训练完成，耗时: 108.6秒 (1.8分钟)

============================================================
📊 验证决策: Epoch 185/200
   验证间隔: 1
   是否验证: ✅ 是
   原因: 达到验证间隔 (0 == 0)
============================================================

🔍 开始验证...
验证进度: 500/686 损失=0.1865
验证进度: 686/686 损失=1.2278

📊 预测分布分析:
  - 预测的前5个类别: {np.int64(0): 283055, np.int64(1): 37013, np.int64(2): 14722, np.int64(3): 10909, np.int64(4): 8985}
  - 标签的前5个类别: {np.int64(0): 281232, np.int64(1): 36731, np.int64(2): 14789, np.int64(3): 10866, np.int64(4): 8585}
✅ 验证完成，耗时: 4.9秒 (0.1分钟)
训练损失: 0.0016
验证损失: 0.6528
验证准确率: 0.9693 (10627/10964) - 与Levenshtein高度相关
验证F1(加权): 0.9685 - 类别平衡更好
学习率: 0.000002
显存使用: 0.48GB (预留: 0.67GB)

生成的训练样本:
--------------------------------------------------------------------------------
输入:       DSLQ MN JM> <VRW HWW BH >P
目标:     0 1 0 0 3 0 0 0 0 0 4 0 0 0 0 3 0 0 0 18 0 0 1 0 0 0 0
预测:     0 1 0 0 3 0 0 0 0 0 4 0 0 0 0 3 0 0 0 18 0 0 1 0 0 0 0
准确率:    1.0000 (27/27)
----------------------------------------
输入:       WL> C>LTH MN >JMK> HW WCMH L>
目标:     0 1 0 0 0 0 0 3 1 0 0 0 0 0 0 0 0 0 0 0 0 0 0 1 0 5 0 0 0 0
预测:     0 1 0 0 0 0 0 3 1 0 0 0 0 0 0 0 0 0 0 0 0 0 0 1 0 5 0 0 0 0
准确率:    1.0000 (30/30)
----------------------------------------
输入:       XBRTH HWJ> LH HJ L> HJ MDJN
目标:     0 0 0 2 1 0 0 0 0 7 0 0 1 12 0 0 12 0 0 0 0 0 12 0 0 0 0 12
预测:     0 0 0 2 1 0 0 0 0 7 0 0 1 12 0 0 12 0 0 0 0 0 12 0 0 0 0 12
准确率:    1.0000 (28/28)
----------------------------------------

生成的验证样本:
--------------------------------------------------------------------------------
输入:       LTCBWXT> MNW HN> D>CKX LMV<> WL> V<>
目标:     0 1 0 0 8 0 13 9 0 0 0 71 0 0 0 0 0 0 35 0 0 0 3 0 1 6 0 10 7 0 1 0 0 0 0 10 3
预测:     0 1 0 0 8 0 13 9 0 0 0 71 0 0 0 0 0 0 1 17 0 0 3 0 1 6 0 10 7 0 1 0 0 0 0 10 7
准确率:    0.9189 (34/37)
----------------------------------------
输入:       MNW HN> D>CKX LMV<> WL> V<> WLMB>CW
目标:     0 0 71 0 0 0 0 0 0 35 0 0 0 3 0 1 6 0 10 7 0 1 0 0 0 0 10 3 0 1 1 28 0 0 7 0
预测:     0 0 71 0 0 0 0 0 0 1 17 0 0 3 0 1 6 0 10 7 0 1 0 0 0 0 10 3 0 1 1 28 0 0 7 0
准确率:    0.9444 (34/36)
----------------------------------------
⏳ 验证无提升 (验证准确率: 0.9693 ≤ 0.9695)，patience: 12/50

======================================================================
🚀 Epoch 186/200
======================================================================
📚 开始训练阶段...
训练进度: 500/6065 损失=0.0005
训练进度: 1000/6065 损失=0.0000
训练进度: 1500/6065 损失=0.0001
训练进度: 2000/6065 损失=0.0000
训练进度: 2500/6065 损失=0.0001
训练进度: 3000/6065 损失=0.0008
训练进度: 3500/6065 损失=0.0000
训练进度: 4000/6065 损失=0.0008
训练进度: 4500/6065 损失=0.0031
训练进度: 5000/6065 损失=0.0001
训练进度: 5500/6065 损失=0.0001
训练进度: 6000/6065 损失=0.0004
训练进度: 6065/6065 损失=0.0002
✅ 训练完成，耗时: 108.1秒 (1.8分钟)

============================================================
📊 验证决策: Epoch 186/200
   验证间隔: 1
   是否验证: ✅ 是
   原因: 达到验证间隔 (0 == 0)
============================================================

🔍 开始验证...
验证进度: 500/686 损失=0.1724
验证进度: 686/686 损失=1.1824

📊 预测分布分析:
  - 预测的前5个类别: {np.int64(0): 283111, np.int64(1): 37004, np.int64(2): 14716, np.int64(3): 10873, np.int64(4): 9004}
  - 标签的前5个类别: {np.int64(0): 281232, np.int64(1): 36731, np.int64(2): 14789, np.int64(3): 10866, np.int64(4): 8585}
✅ 验证完成，耗时: 4.9秒 (0.1分钟)
训练损失: 0.0015
验证损失: 0.6525
验证准确率: 0.9695 (10629/10964) - 与Levenshtein高度相关
验证F1(加权): 0.9687 - 类别平衡更好
学习率: 0.000002
显存使用: 0.48GB (预留: 0.67GB)

生成的训练样本:
--------------------------------------------------------------------------------
输入:       XZW BNJ >LWHJM LBNT >NC> DCPJRN >NJN
目标:     0 0 18 0 0 0 2 0 0 0 0 0 0 0 2 0 1 0 2 12 0 0 0 4 0 0 1 0 0 0 2 0 0 0 0 0 0
预测:     0 0 18 0 0 0 2 0 0 0 0 0 0 0 2 0 1 0 2 12 0 0 0 4 0 0 1 0 0 0 2 0 0 0 0 0 0
准确率:    1.0000 (37/37)
----------------------------------------
输入:       >MJN DJRJ<T> XD> MCWXT> XD> LKLHJN JRJ<T>
目标:     0 0 13 0 0 0 1 0 0 0 13 9 0 0 0 2 0 0 31 8 0 13 9 0 0 0 2 0 0 1 0 5 0 0 0 0 0 0 0 13 23 0
预测:     0 0 13 0 0 0 1 0 0 0 13 9 0 0 0 2 0 0 31 8 0 13 9 0 0 0 2 0 0 1 0 5 0 0 0 0 0 0 0 13 23 0
准确率:    1.0000 (42/42)
----------------------------------------
输入:       WQM PR<WN BLLJ> HW WKLHWN <BDWHJ WKLHWN
目标:     0 1 31 3 0 0 0 0 0 2 0 1 38 0 4 0 0 0 0 0 1 0 5 0 0 0 0 0 0 69 1 0 0 0 1 0 5 0 0 0
预测:     0 1 31 3 0 0 0 0 0 2 0 1 38 0 4 0 0 0 0 0 1 0 5 0 0 0 0 0 0 69 1 0 0 0 1 0 5 0 0 0
准确率:    1.0000 (40/40)
----------------------------------------

生成的验证样本:
--------------------------------------------------------------------------------
输入:       LTCBWXT> MNW HN> D>CKX LMV<> WL> V<>
目标:     0 1 0 0 8 0 13 9 0 0 0 71 0 0 0 0 0 0 35 0 0 0 3 0 1 6 0 10 7 0 1 0 0 0 0 10 3
预测:     0 1 0 0 8 0 13 9 0 0 0 71 0 0 0 0 0 0 1 17 0 0 3 0 1 6 0 10 7 0 1 0 0 0 0 10 7
准确率:    0.9189 (34/37)
----------------------------------------
输入:       MNW HN> D>CKX LMV<> WL> V<> WLMB>CW
目标:     0 0 71 0 0 0 0 0 0 35 0 0 0 3 0 1 6 0 10 7 0 1 0 0 0 0 10 3 0 1 1 28 0 0 7 0
预测:     0 0 71 0 0 0 0 0 0 1 17 0 0 3 0 1 6 0 10 7 0 1 0 0 0 0 10 3 0 1 1 28 0 0 7 0
准确率:    0.9444 (34/36)
----------------------------------------
⏳ 验证无提升 (验证准确率: 0.9695 ≤ 0.9695)，patience: 13/50

======================================================================
🚀 Epoch 187/200
======================================================================
📚 开始训练阶段...
训练进度: 500/6065 损失=0.0001
训练进度: 1000/6065 损失=0.0000
训练进度: 1500/6065 损失=0.0109
训练进度: 2000/6065 损失=0.0009
训练进度: 2500/6065 损失=0.0004
训练进度: 3000/6065 损失=0.0000
训练进度: 3500/6065 损失=0.0212
训练进度: 4000/6065 损失=0.0006
训练进度: 4500/6065 损失=0.0000
训练进度: 5000/6065 损失=0.0000
训练进度: 5500/6065 损失=0.0016
训练进度: 6000/6065 损失=0.0006
训练进度: 6065/6065 损失=0.0000
✅ 训练完成，耗时: 108.5秒 (1.8分钟)

============================================================
📊 验证决策: Epoch 187/200
   验证间隔: 1
   是否验证: ✅ 是
   原因: 达到验证间隔 (0 == 0)
============================================================

🔍 开始验证...
验证进度: 500/686 损失=0.1800
验证进度: 686/686 损失=1.2435

📊 预测分布分析:
  - 预测的前5个类别: {np.int64(0): 283109, np.int64(1): 37002, np.int64(2): 14714, np.int64(3): 10857, np.int64(4): 9028}
  - 标签的前5个类别: {np.int64(0): 281232, np.int64(1): 36731, np.int64(2): 14789, np.int64(3): 10866, np.int64(4): 8585}
✅ 验证完成，耗时: 4.8秒 (0.1分钟)
训练损失: 0.0015
验证损失: 0.6541
验证准确率: 0.9694 (10628/10964) - 与Levenshtein高度相关
验证F1(加权): 0.9686 - 类别平衡更好
学习率: 0.000002
显存使用: 0.47GB (预留: 0.67GB)

生成的训练样本:
--------------------------------------------------------------------------------
输入:       CMJ> W>R<> WBRJK HW >LH> MRJM> D>CLM
目标:     0 0 24 9 0 0 1 0 0 4 0 0 1 0 8 0 40 0 0 0 0 0 0 4 0 0 6 20 0 43 78 0 1 17 0 0 3
预测:     0 0 24 9 0 0 1 0 0 4 0 0 1 0 8 0 40 0 0 0 0 0 0 4 0 0 6 20 0 43 78 0 1 17 0 0 3
准确率:    1.0000 (37/37)
----------------------------------------
输入:       >SR SJP> WL<L WQMW <L TXWM> WQDMW
目标:     0 0 0 7 0 0 0 4 0 0 1 0 0 0 0 1 31 3 0 0 0 0 0 0 0 0 4 0 0 1 0 0 33 19
预测:     0 0 0 7 0 0 0 4 0 0 1 0 0 0 0 1 31 3 0 0 0 0 0 0 0 0 4 0 0 1 0 0 33 19
准确率:    1.0000 (34/34)
----------------------------------------
输入:       JWMT> BJT >SJR> WXLMW XLM> TRJHWN GBR
目标:     0 0 0 2 23 0 0 0 0 2 0 0 8 0 65 27 0 1 0 0 3 0 0 0 0 30 0 0 0 2 32 0 0 0 0 0 0 2
预测:     0 0 0 2 23 0 0 0 0 2 0 0 8 0 65 27 0 1 0 0 3 0 0 0 0 30 0 0 0 2 32 0 0 0 0 0 0 2
准确率:    1.0000 (38/38)
----------------------------------------

生成的验证样本:
--------------------------------------------------------------------------------
输入:       LTCBWXT> MNW HN> D>CKX LMV<> WL> V<>
目标:     0 1 0 0 8 0 13 9 0 0 0 71 0 0 0 0 0 0 35 0 0 0 3 0 1 6 0 10 7 0 1 0 0 0 0 10 3
预测:     0 1 0 0 8 0 13 9 0 0 0 71 0 0 0 0 0 0 1 17 0 0 3 0 1 6 0 10 7 0 1 0 0 0 0 10 7
准确率:    0.9189 (34/37)
----------------------------------------
输入:       MNW HN> D>CKX LMV<> WL> V<> WLMB>CW
目标:     0 0 71 0 0 0 0 0 0 35 0 0 0 3 0 1 6 0 10 7 0 1 0 0 0 0 10 3 0 1 1 28 0 0 7 0
预测:     0 0 71 0 0 0 0 0 0 1 17 0 0 3 0 1 6 0 10 7 0 1 0 0 0 0 10 3 0 1 1 28 0 0 7 0
准确率:    0.9444 (34/36)
----------------------------------------
⏳ 验证无提升 (验证准确率: 0.9694 ≤ 0.9695)，patience: 14/50

======================================================================
🚀 Epoch 188/200
======================================================================
📚 开始训练阶段...
训练进度: 500/6065 损失=0.0200
训练进度: 1000/6065 损失=0.0000
训练进度: 1500/6065 损失=0.0000
训练进度: 2000/6065 损失=0.0054
训练进度: 2500/6065 损失=0.0018
训练进度: 3000/6065 损失=0.0029
训练进度: 3500/6065 损失=0.0020
训练进度: 4000/6065 损失=0.0001
训练进度: 4500/6065 损失=0.0086
训练进度: 5000/6065 损失=0.0001
训练进度: 5500/6065 损失=0.0012
训练进度: 6000/6065 损失=0.0013
训练进度: 6065/6065 损失=0.0041
✅ 训练完成，耗时: 108.2秒 (1.8分钟)

============================================================
📊 验证决策: Epoch 188/200
   验证间隔: 1
   是否验证: ✅ 是
   原因: 达到验证间隔 (0 == 0)
============================================================

🔍 开始验证...
验证进度: 500/686 损失=0.1771
验证进度: 686/686 损失=1.2096

📊 预测分布分析:
  - 预测的前5个类别: {np.int64(0): 283075, np.int64(1): 37019, np.int64(2): 14728, np.int64(3): 10881, np.int64(4): 8973}
  - 标签的前5个类别: {np.int64(0): 281232, np.int64(1): 36731, np.int64(2): 14789, np.int64(3): 10866, np.int64(4): 8585}
✅ 验证完成，耗时: 4.9秒 (0.1分钟)
训练损失: 0.0015
验证损失: 0.6551
验证准确率: 0.9694 (10628/10964) - 与Levenshtein高度相关
验证F1(加权): 0.9686 - 类别平衡更好
学习率: 0.000002
显存使用: 0.48GB (预留: 0.67GB)

生成的训练样本:
--------------------------------------------------------------------------------
输入:       BRD> XSJN HW> VB DL> HW> >KWTH
目标:     0 0 0 15 0 0 0 8 0 122 0 0 10 3 0 0 2 0 1 0 0 0 0 10 3 0 0 0 0 1 0
预测:     0 0 0 15 0 0 0 8 0 122 0 0 10 3 0 0 2 0 1 0 0 0 0 10 3 0 0 0 0 1 0
准确率:    1.0000 (31/31)
----------------------------------------
输入:       RXMK <TJQ> MVL DXDT> L> MV> LH
目标:     0 0 0 74 0 0 0 8 0 43 27 0 0 0 0 0 1 0 0 4 0 0 0 0 0 0 10 7 0 1 0
预测:     0 0 0 74 0 0 0 8 0 43 27 0 0 0 0 0 1 0 0 4 0 0 0 0 0 0 10 7 0 1 0
准确率:    1.0000 (31/31)
----------------------------------------
输入:       LH >N> >N> >LCDJ >LH> CPR QDMJ
目标:     0 1 0 0 0 0 0 0 0 0 0 0 0 5 0 0 22 0 0 0 4 0 6 0 0 3 0 0 0 2 46
预测:     0 1 0 0 0 0 0 0 0 0 0 0 0 5 0 0 22 0 0 0 4 0 6 0 0 3 0 0 0 2 46
准确率:    1.0000 (31/31)
----------------------------------------

生成的验证样本:
--------------------------------------------------------------------------------
输入:       LTCBWXT> MNW HN> D>CKX LMV<> WL> V<>
目标:     0 1 0 0 8 0 13 9 0 0 0 71 0 0 0 0 0 0 35 0 0 0 3 0 1 6 0 10 7 0 1 0 0 0 0 10 3
预测:     0 1 0 0 8 0 13 9 0 0 0 71 0 0 0 0 0 0 1 17 0 0 3 0 1 6 0 10 7 0 1 0 0 0 0 10 7
准确率:    0.9189 (34/37)
----------------------------------------
输入:       MNW HN> D>CKX LMV<> WL> V<> WLMB>CW
目标:     0 0 71 0 0 0 0 0 0 35 0 0 0 3 0 1 6 0 10 7 0 1 0 0 0 0 10 3 0 1 1 28 0 0 7 0
预测:     0 0 71 0 0 0 0 0 0 1 17 0 0 3 0 1 6 0 10 7 0 1 0 0 0 0 10 3 0 1 1 28 0 0 7 0
准确率:    0.9444 (34/36)
----------------------------------------
⏳ 验证无提升 (验证准确率: 0.9694 ≤ 0.9695)，patience: 15/50

======================================================================
🚀 Epoch 189/200
======================================================================
📚 开始训练阶段...
训练进度: 500/6065 损失=0.0002
训练进度: 1000/6065 损失=0.0008
训练进度: 1500/6065 损失=0.0000
训练进度: 2000/6065 损失=0.0001
训练进度: 2500/6065 损失=0.0001
训练进度: 3000/6065 损失=0.0007
训练进度: 3500/6065 损失=0.0001
训练进度: 4000/6065 损失=0.0003
训练进度: 4500/6065 损失=0.0000
训练进度: 5000/6065 损失=0.0002
训练进度: 5500/6065 损失=0.0008
训练进度: 6000/6065 损失=0.0000
训练进度: 6065/6065 损失=0.0000
✅ 训练完成，耗时: 108.2秒 (1.8分钟)

============================================================
📊 验证决策: Epoch 189/200
   验证间隔: 1
   是否验证: ✅ 是
   原因: 达到验证间隔 (0 == 0)
============================================================

🔍 开始验证...
验证进度: 500/686 损失=0.1710
验证进度: 686/686 损失=1.2416

📊 预测分布分析:
  - 预测的前5个类别: {np.int64(0): 283105, np.int64(1): 37018, np.int64(2): 14713, np.int64(3): 10853, np.int64(4): 9019}
  - 标签的前5个类别: {np.int64(0): 281232, np.int64(1): 36731, np.int64(2): 14789, np.int64(3): 10866, np.int64(4): 8585}
✅ 验证完成，耗时: 4.8秒 (0.1分钟)
训练损失: 0.0014
验证损失: 0.6551
验证准确率: 0.9694 (10628/10964) - 与Levenshtein高度相关
验证F1(加权): 0.9686 - 类别平衡更好
学习率: 0.000002
显存使用: 0.48GB (预留: 0.67GB)

生成的训练样本:
--------------------------------------------------------------------------------
输入:       >NWN WNKHNWN LJ W<BD LHWN PRZWM> DBWY>
目标:     0 0 0 0 0 0 1 6 0 0 33 0 19 0 1 0 0 36 0 0 3 0 1 0 0 0 0 0 0 0 0 11 0 0 1 0 0 4 0
预测:     0 0 0 0 0 0 1 6 0 0 33 0 19 0 1 0 0 36 0 0 3 0 1 0 0 0 0 0 0 0 0 11 0 0 1 0 0 4 0
准确率:    1.0000 (39/39)
----------------------------------------
输入:       MRJ> >LHH MN M<WHJ DNWN> W>MR QRJT
目标:     0 0 0 0 2 0 0 0 5 0 0 0 0 0 0 25 1 0 0 0 1 0 0 15 0 0 1 0 0 3 0 0 0 3 0
预测:     0 0 0 0 2 0 0 0 5 0 0 0 0 0 0 25 1 0 0 0 1 0 0 15 0 0 1 0 0 3 0 0 0 3 0
准确率:    1.0000 (35/35)
----------------------------------------
输入:       DL> >BVL QJMJ D<MKWN L<LM W>NTWN L>
目标:     0 1 0 0 0 6 0 0 16 0 0 0 5 0 0 1 0 1 0 0 0 0 1 0 0 2 0 1 0 0 0 0 0 0 0 0
预测:     0 1 0 0 0 6 0 0 16 0 0 0 5 0 0 1 0 1 0 0 0 0 1 0 0 2 0 1 0 0 0 0 0 0 0 0
准确率:    1.0000 (36/36)
----------------------------------------

生成的验证样本:
--------------------------------------------------------------------------------
输入:       LTCBWXT> MNW HN> D>CKX LMV<> WL> V<>
目标:     0 1 0 0 8 0 13 9 0 0 0 71 0 0 0 0 0 0 35 0 0 0 3 0 1 6 0 10 7 0 1 0 0 0 0 10 3
预测:     0 1 0 0 8 0 13 9 0 0 0 71 0 0 0 0 0 0 1 17 0 0 3 0 1 6 0 10 7 0 1 0 0 0 0 10 7
准确率:    0.9189 (34/37)
----------------------------------------
输入:       MNW HN> D>CKX LMV<> WL> V<> WLMB>CW
目标:     0 0 71 0 0 0 0 0 0 35 0 0 0 3 0 1 6 0 10 7 0 1 0 0 0 0 10 3 0 1 1 28 0 0 7 0
预测:     0 0 71 0 0 0 0 0 0 1 17 0 0 3 0 1 6 0 10 7 0 1 0 0 0 0 10 3 0 1 1 28 0 0 7 0
准确率:    0.9444 (34/36)
----------------------------------------
⏳ 验证无提升 (验证准确率: 0.9694 ≤ 0.9695)，patience: 16/50

======================================================================
🚀 Epoch 190/200
======================================================================
📚 开始训练阶段...
训练进度: 500/6065 损失=0.0004
训练进度: 1000/6065 损失=0.0001
训练进度: 1500/6065 损失=0.0040
训练进度: 2000/6065 损失=0.0002
训练进度: 2500/6065 损失=0.0000
训练进度: 3000/6065 损失=0.0000
训练进度: 3500/6065 损失=0.0004
训练进度: 4000/6065 损失=0.0000
训练进度: 4500/6065 损失=0.0006
训练进度: 5000/6065 损失=0.0002
训练进度: 5500/6065 损失=0.0000
训练进度: 6000/6065 损失=0.0000
训练进度: 6065/6065 损失=0.0025
✅ 训练完成，耗时: 108.2秒 (1.8分钟)

============================================================
📊 验证决策: Epoch 190/200
   验证间隔: 1
   是否验证: ✅ 是
   原因: 达到验证间隔 (0 == 0)
============================================================

🔍 开始验证...
验证进度: 500/686 损失=0.1746
验证进度: 686/686 损失=1.2452

📊 预测分布分析:
  - 预测的前5个类别: {np.int64(0): 283094, np.int64(1): 37024, np.int64(2): 14716, np.int64(3): 10853, np.int64(4): 9007}
  - 标签的前5个类别: {np.int64(0): 281232, np.int64(1): 36731, np.int64(2): 14789, np.int64(3): 10866, np.int64(4): 8585}
✅ 验证完成，耗时: 4.8秒 (0.1分钟)
训练损失: 0.0015
验证损失: 0.6555
验证准确率: 0.9694 (10628/10964) - 与Levenshtein高度相关
验证F1(加权): 0.9686 - 类别平衡更好
学习率: 0.000002
显存使用: 0.48GB (预留: 0.67GB)

生成的训练样本:
--------------------------------------------------------------------------------
输入:       >JSXQ LWT >BJMLK MLK> DPLCTJ> LGDR W>TXZJ
目标:     0 0 0 0 0 2 0 0 0 0 0 0 0 0 0 0 2 0 0 0 4 0 0 1 0 0 0 0 11 0 0 1 0 0 2 0 1 0 14 0 0 3
预测:     0 0 0 0 0 2 0 0 0 0 0 0 0 0 0 0 2 0 0 0 4 0 0 1 0 0 0 0 11 0 0 1 0 0 2 0 1 0 14 0 0 3
准确率:    1.0000 (42/42)
----------------------------------------
输入:       MRJ> >JT BH BHTT> >NTT> DMJQR> B<LH
目标:     0 0 0 0 2 0 0 0 24 0 1 12 0 0 0 13 9 0 0 0 0 13 9 0 0 1 6 0 0 7 19 0 0 0 5 12
预测:     0 0 0 0 2 0 0 0 24 0 1 12 0 0 0 13 9 0 0 0 0 13 9 0 0 1 6 0 0 7 19 0 0 0 5 12
准确率:    1.0000 (36/36)
----------------------------------------
输入:       BRJ PJLJPWS DLPWRS> HW DVW<JJ >CKXWH HD>
目标:     0 0 5 0 0 0 0 0 0 0 0 2 0 1 1 0 0 0 4 0 0 0 0 0 1 0 0 0 2 26 0 17 0 0 3 1 12 0 0 0 0
预测:     0 0 5 0 0 0 0 0 0 0 0 2 0 1 1 0 0 0 4 0 0 0 0 0 1 0 0 0 2 26 0 17 0 0 3 1 12 0 0 0 0
准确率:    1.0000 (41/41)
----------------------------------------

生成的验证样本:
--------------------------------------------------------------------------------
输入:       LTCBWXT> MNW HN> D>CKX LMV<> WL> V<>
目标:     0 1 0 0 8 0 13 9 0 0 0 71 0 0 0 0 0 0 35 0 0 0 3 0 1 6 0 10 7 0 1 0 0 0 0 10 3
预测:     0 1 0 0 8 0 13 9 0 0 0 71 0 0 0 0 0 0 1 17 0 0 3 0 1 6 0 10 7 0 1 0 0 0 0 10 7
准确率:    0.9189 (34/37)
----------------------------------------
输入:       MNW HN> D>CKX LMV<> WL> V<> WLMB>CW
目标:     0 0 71 0 0 0 0 0 0 35 0 0 0 3 0 1 6 0 10 7 0 1 0 0 0 0 10 3 0 1 1 28 0 0 7 0
预测:     0 0 71 0 0 0 0 0 0 1 17 0 0 3 0 1 6 0 10 7 0 1 0 0 0 0 10 3 0 1 1 28 0 0 7 0
准确率:    0.9444 (34/36)
----------------------------------------
⏳ 验证无提升 (验证准确率: 0.9694 ≤ 0.9695)，patience: 17/50

======================================================================
🚀 Epoch 191/200
======================================================================
📚 开始训练阶段...
训练进度: 500/6065 损失=0.0014
训练进度: 1000/6065 损失=0.0002
训练进度: 1500/6065 损失=0.0018
训练进度: 2000/6065 损失=0.0000
训练进度: 2500/6065 损失=0.0002
训练进度: 3000/6065 损失=0.0000
训练进度: 3500/6065 损失=0.0086
训练进度: 4000/6065 损失=0.0000
训练进度: 4500/6065 损失=0.0000
训练进度: 5000/6065 损失=0.0110
训练进度: 5500/6065 损失=0.0000
训练进度: 6000/6065 损失=0.0000
训练进度: 6065/6065 损失=0.0001
✅ 训练完成，耗时: 107.9秒 (1.8分钟)

============================================================
📊 验证决策: Epoch 191/200
   验证间隔: 1
   是否验证: ✅ 是
   原因: 达到验证间隔 (0 == 0)
============================================================

🔍 开始验证...
验证进度: 500/686 损失=0.1692
验证进度: 686/686 损失=1.2286

📊 预测分布分析:
  - 预测的前5个类别: {np.int64(0): 283091, np.int64(1): 37011, np.int64(2): 14712, np.int64(3): 10861, np.int64(4): 9034}
  - 标签的前5个类别: {np.int64(0): 281232, np.int64(1): 36731, np.int64(2): 14789, np.int64(3): 10866, np.int64(4): 8585}
✅ 验证完成，耗时: 4.9秒 (0.1分钟)
训练损失: 0.0015
验证损失: 0.6565
验证准确率: 0.9694 (10628/10964) - 与Levenshtein高度相关
验证F1(加权): 0.9686 - 类别平衡更好
学习率: 0.000002
显存使用: 0.48GB (预留: 0.67GB)

生成的训练样本:
--------------------------------------------------------------------------------
输入:       JWSP LMYRJN HW W>XWHJ WKL DSLQW <MH
目标:     0 0 0 0 2 0 1 0 0 0 0 2 0 0 0 0 1 0 25 1 0 0 0 1 0 2 0 1 0 0 3 0 0 0 1 0
预测:     0 0 0 0 2 0 1 0 0 0 0 2 0 0 0 0 1 0 25 1 0 0 0 1 0 2 0 1 0 0 3 0 0 0 1 0
准确率:    1.0000 (36/36)
----------------------------------------
输入:       HPK >WLD KL MDM MNH D>R<> >KZN>
目标:     0 0 0 3 0 50 0 0 3 0 0 2 0 0 0 2 0 0 1 12 0 1 0 0 4 0 0 38 1 0 4 0
预测:     0 0 0 3 0 50 0 0 3 0 0 2 0 0 0 2 0 0 1 12 0 1 0 0 4 0 0 38 1 0 4 0
准确率:    1.0000 (32/32)
----------------------------------------
输入:       W>KSK BRMC> W<N> LBN W>MR LJ<QWB BNT>
目标:     0 1 17 0 245 0 0 1 0 0 4 0 0 1 0 10 3 0 0 0 2 0 1 0 0 3 0 1 0 0 0 0 2 0 0 22 23 0
预测:     0 1 17 0 245 0 0 1 0 0 4 0 0 1 0 10 3 0 0 0 2 0 1 0 0 3 0 1 0 0 0 0 2 0 0 22 23 0
准确率:    1.0000 (38/38)
----------------------------------------

生成的验证样本:
--------------------------------------------------------------------------------
输入:       LTCBWXT> MNW HN> D>CKX LMV<> WL> V<>
目标:     0 1 0 0 8 0 13 9 0 0 0 71 0 0 0 0 0 0 35 0 0 0 3 0 1 6 0 10 7 0 1 0 0 0 0 10 3
预测:     0 1 0 0 8 0 13 9 0 0 0 71 0 0 0 0 0 0 1 17 0 0 3 0 1 6 0 10 7 0 1 0 0 0 0 10 7
准确率:    0.9189 (34/37)
----------------------------------------
输入:       MNW HN> D>CKX LMV<> WL> V<> WLMB>CW
目标:     0 0 71 0 0 0 0 0 0 35 0 0 0 3 0 1 6 0 10 7 0 1 0 0 0 0 10 3 0 1 1 28 0 0 7 0
预测:     0 0 71 0 0 0 0 0 0 1 17 0 0 3 0 1 6 0 10 7 0 1 0 0 0 0 10 3 0 1 1 28 0 0 7 0
准确率:    0.9444 (34/36)
----------------------------------------
⏳ 验证无提升 (验证准确率: 0.9694 ≤ 0.9695)，patience: 18/50

======================================================================
🚀 Epoch 192/200
======================================================================
📚 开始训练阶段...
训练进度: 500/6065 损失=0.0006
训练进度: 1000/6065 损失=0.0074
训练进度: 1500/6065 损失=0.0115
训练进度: 2000/6065 损失=0.0001
训练进度: 2500/6065 损失=0.0001
训练进度: 3000/6065 损失=0.0002
训练进度: 3500/6065 损失=0.0000
训练进度: 4000/6065 损失=0.0001
训练进度: 4500/6065 损失=0.0000
训练进度: 5000/6065 损失=0.0000
训练进度: 5500/6065 损失=0.0002
训练进度: 6000/6065 损失=0.0001
训练进度: 6065/6065 损失=0.0000
✅ 训练完成，耗时: 108.1秒 (1.8分钟)

============================================================
📊 验证决策: Epoch 192/200
   验证间隔: 1
   是否验证: ✅ 是
   原因: 达到验证间隔 (0 == 0)
============================================================

🔍 开始验证...
验证进度: 500/686 损失=0.1688
验证进度: 686/686 损失=1.2257

📊 预测分布分析:
  - 预测的前5个类别: {np.int64(0): 283083, np.int64(1): 37003, np.int64(2): 14716, np.int64(3): 10865, np.int64(4): 9027}
  - 标签的前5个类别: {np.int64(0): 281232, np.int64(1): 36731, np.int64(2): 14789, np.int64(3): 10866, np.int64(4): 8585}
✅ 验证完成，耗时: 4.9秒 (0.1分钟)
训练损失: 0.0014
验证损失: 0.6575
验证准确率: 0.9694 (10628/10964) - 与Levenshtein高度相关
验证F1(加权): 0.9686 - 类别平衡更好
学习率: 0.000001
显存使用: 0.48GB (预留: 0.67GB)

生成的训练样本:
--------------------------------------------------------------------------------
输入:       SBRHWN DZDJQ> L<LM LKL MN D<BD ZDJQWT>
目标:     0 0 0 37 0 0 0 0 1 0 0 0 11 0 0 1 0 0 2 0 1 0 2 0 0 12 0 1 0 0 7 0 0 0 0 0 2 9 0
预测:     0 0 0 37 0 0 0 0 1 0 0 0 11 0 0 1 0 0 2 0 1 0 2 0 0 12 0 1 0 0 7 0 0 0 0 0 2 9 0
准确率:    1.0000 (39/39)
----------------------------------------
输入:       LK GBR> MN KWRSJ> D>JSRJL W>N MHPK
目标:     0 1 0 0 0 0 4 0 0 0 0 0 0 0 0 0 4 0 0 1 0 0 0 0 0 2 0 1 0 0 0 6 0 0 7
预测:     0 1 0 0 0 0 4 0 0 0 0 0 0 0 0 0 4 0 0 1 0 0 0 0 0 2 0 1 0 0 0 6 0 0 7
准确率:    1.0000 (35/35)
----------------------------------------
输入:       DL<NJHWN >TQDCT BN HKN> L<NJN >TQDC BHWN
目标:     0 1 1 38 2 1 0 0 0 0 0 14 0 0 3 89 0 1 0 0 0 0 0 0 0 1 38 2 1 0 6 0 14 0 0 16 0 1 0 0 0
预测:     0 1 1 38 2 1 0 0 0 0 0 14 0 0 3 89 0 1 0 0 0 0 0 0 0 1 38 2 1 0 6 0 14 0 0 16 0 1 0 0 0
准确率:    1.0000 (41/41)
----------------------------------------

生成的验证样本:
--------------------------------------------------------------------------------
输入:       LTCBWXT> MNW HN> D>CKX LMV<> WL> V<>
目标:     0 1 0 0 8 0 13 9 0 0 0 71 0 0 0 0 0 0 35 0 0 0 3 0 1 6 0 10 7 0 1 0 0 0 0 10 3
预测:     0 1 0 0 8 0 13 9 0 0 0 71 0 0 0 0 0 0 1 17 0 0 3 0 1 6 0 10 7 0 1 0 0 0 0 10 7
准确率:    0.9189 (34/37)
----------------------------------------
输入:       MNW HN> D>CKX LMV<> WL> V<> WLMB>CW
目标:     0 0 71 0 0 0 0 0 0 35 0 0 0 3 0 1 6 0 10 7 0 1 0 0 0 0 10 3 0 1 1 28 0 0 7 0
预测:     0 0 71 0 0 0 0 0 0 1 17 0 0 3 0 1 6 0 10 7 0 1 0 0 0 0 10 3 0 1 1 28 0 0 7 0
准确率:    0.9444 (34/36)
----------------------------------------
⏳ 验证无提升 (验证准确率: 0.9694 ≤ 0.9695)，patience: 19/50

======================================================================
🚀 Epoch 193/200
======================================================================
📚 开始训练阶段...
训练进度: 500/6065 损失=0.0000
训练进度: 1000/6065 损失=0.0078
训练进度: 1500/6065 损失=0.0002
训练进度: 2000/6065 损失=0.0003
训练进度: 2500/6065 损失=0.0000
训练进度: 3000/6065 损失=0.0000
训练进度: 3500/6065 损失=0.0000
训练进度: 4000/6065 损失=0.0088
训练进度: 4500/6065 损失=0.0099
训练进度: 5000/6065 损失=0.0000
训练进度: 5500/6065 损失=0.0334
训练进度: 6000/6065 损失=0.0007
训练进度: 6065/6065 损失=0.0000
✅ 训练完成，耗时: 107.8秒 (1.8分钟)

============================================================
📊 验证决策: Epoch 193/200
   验证间隔: 1
   是否验证: ✅ 是
   原因: 达到验证间隔 (0 == 0)
============================================================

🔍 开始验证...
验证进度: 500/686 损失=0.1764
验证进度: 686/686 损失=1.2299

📊 预测分布分析:
  - 预测的前5个类别: {np.int64(0): 283123, np.int64(1): 37015, np.int64(2): 14713, np.int64(3): 10867, np.int64(4): 9009}
  - 标签的前5个类别: {np.int64(0): 281232, np.int64(1): 36731, np.int64(2): 14789, np.int64(3): 10866, np.int64(4): 8585}
✅ 验证完成，耗时: 4.8秒 (0.1分钟)
训练损失: 0.0015
验证损失: 0.6595
验证准确率: 0.9694 (10628/10964) - 与Levenshtein高度相关
验证F1(加权): 0.9686 - 类别平衡更好
学习率: 0.000001
显存使用: 0.48GB (预留: 0.67GB)

生成的训练样本:
--------------------------------------------------------------------------------
输入:       <L >PJHWN <L >R<> WXZ> JWSP L>XWHJ
目标:     0 0 0 0 54 2 1 0 0 0 0 0 0 0 0 0 4 0 0 1 0 10 3 0 0 0 0 2 0 1 0 25 1 0 0
预测:     0 0 0 0 54 2 1 0 0 0 0 0 0 0 0 0 4 0 0 1 0 10 3 0 0 0 0 2 0 1 0 25 1 0 0
准确率:    1.0000 (35/35)
----------------------------------------
输入:       STRW ZDJQ> DJN MN> <BD MRJ> BHJKL>
目标:     0 0 0 3 0 0 0 0 0 4 0 0 0 0 0 0 0 0 0 0 0 0 3 0 0 0 0 2 0 1 0 0 0 4 0
预测:     0 0 0 3 0 0 0 0 0 4 0 0 0 0 0 0 0 0 0 0 0 0 3 0 0 0 0 2 0 1 0 0 0 4 0
准确率:    1.0000 (35/35)
----------------------------------------
输入:       W>MR MLK> D>JSRJL LJWCPV L> >MRT LK
目标:     0 1 0 0 3 0 0 0 4 0 0 1 0 0 0 0 0 2 0 1 0 0 0 0 2 0 0 0 0 0 0 3 0 0 1 0
预测:     0 1 0 0 3 0 0 0 4 0 0 1 0 0 0 0 0 2 0 1 0 0 0 0 2 0 0 0 0 0 0 3 0 0 1 0
准确率:    1.0000 (36/36)
----------------------------------------

生成的验证样本:
--------------------------------------------------------------------------------
输入:       LTCBWXT> MNW HN> D>CKX LMV<> WL> V<>
目标:     0 1 0 0 8 0 13 9 0 0 0 71 0 0 0 0 0 0 35 0 0 0 3 0 1 6 0 10 7 0 1 0 0 0 0 10 3
预测:     0 1 0 0 8 0 13 9 0 0 0 71 0 0 0 0 0 0 1 17 0 0 3 0 1 6 0 10 7 0 1 0 0 0 0 10 7
准确率:    0.9189 (34/37)
----------------------------------------
输入:       MNW HN> D>CKX LMV<> WL> V<> WLMB>CW
目标:     0 0 71 0 0 0 0 0 0 35 0 0 0 3 0 1 6 0 10 7 0 1 0 0 0 0 10 3 0 1 1 28 0 0 7 0
预测:     0 0 71 0 0 0 0 0 0 1 17 0 0 3 0 1 6 0 10 7 0 1 0 0 0 0 10 3 0 1 1 28 0 0 7 0
准确率:    0.9444 (34/36)
----------------------------------------
⏳ 验证无提升 (验证准确率: 0.9694 ≤ 0.9695)，patience: 20/50

======================================================================
🚀 Epoch 194/200
======================================================================
📚 开始训练阶段...
训练进度: 500/6065 损失=0.0001
训练进度: 1000/6065 损失=0.0005
训练进度: 1500/6065 损失=0.0010
训练进度: 2000/6065 损失=0.0005
训练进度: 2500/6065 损失=0.0003
训练进度: 3000/6065 损失=0.0002
训练进度: 3500/6065 损失=0.0001
训练进度: 4000/6065 损失=0.0000
训练进度: 4500/6065 损失=0.0004
训练进度: 5000/6065 损失=0.0000
训练进度: 5500/6065 损失=0.0120
训练进度: 6000/6065 损失=0.0001
训练进度: 6065/6065 损失=0.0034
✅ 训练完成，耗时: 108.2秒 (1.8分钟)

============================================================
📊 验证决策: Epoch 194/200
   验证间隔: 1
   是否验证: ✅ 是
   原因: 达到验证间隔 (0 == 0)
============================================================

🔍 开始验证...
验证进度: 500/686 损失=0.1747
验证进度: 686/686 损失=1.2533

📊 预测分布分析:
  - 预测的前5个类别: {np.int64(0): 283089, np.int64(1): 37011, np.int64(2): 14718, np.int64(3): 10854, np.int64(4): 9045}
  - 标签的前5个类别: {np.int64(0): 281232, np.int64(1): 36731, np.int64(2): 14789, np.int64(3): 10866, np.int64(4): 8585}
✅ 验证完成，耗时: 4.8秒 (0.1分钟)
训练损失: 0.0014
验证损失: 0.6606
验证准确率: 0.9694 (10628/10964) - 与Levenshtein高度相关
验证F1(加权): 0.9686 - 类别平衡更好
学习率: 0.000001
显存使用: 0.48GB (预留: 0.67GB)

生成的训练样本:
--------------------------------------------------------------------------------
输入:       >LHK BDGLWT> MVL DL> MZK> MRJ> LMN
目标:     0 0 0 5 0 0 1 0 0 0 2 9 0 0 0 0 0 0 1 0 0 0 6 0 10 7 0 0 0 0 2 0 1 0 12
预测:     0 0 0 5 0 0 1 0 0 0 2 9 0 0 0 0 0 0 1 0 0 0 6 0 10 7 0 0 0 0 2 0 1 0 12
准确率:    1.0000 (35/35)
----------------------------------------
输入:       DR> HW WBNJ >JSRJL KBRW W>WLDW WSGJW
目标:     0 0 4 0 0 0 12 0 1 0 2 0 0 0 0 0 0 0 2 0 0 0 33 0 0 1 50 0 0 3 0 0 1 0 0 3 0
预测:     0 0 4 0 0 0 12 0 1 0 2 0 0 0 0 0 0 0 2 0 0 0 33 0 0 1 50 0 0 3 0 0 1 0 0 3 0
准确率:    1.0000 (37/37)
----------------------------------------
输入:       WLBNWHJ QJM> L<LM MN LWT BNJ >JSRJL
目标:     0 1 1 0 25 1 0 0 0 0 0 4 0 0 1 0 0 2 0 0 0 0 0 0 0 0 0 2 0 0 0 0 0 0 0 2
预测:     0 1 1 0 25 1 0 0 0 0 0 4 0 0 1 0 0 2 0 0 0 0 0 0 0 0 0 2 0 0 0 0 0 0 0 2
准确率:    1.0000 (36/36)
----------------------------------------

生成的验证样本:
--------------------------------------------------------------------------------
输入:       LTCBWXT> MNW HN> D>CKX LMV<> WL> V<>
目标:     0 1 0 0 8 0 13 9 0 0 0 71 0 0 0 0 0 0 35 0 0 0 3 0 1 6 0 10 7 0 1 0 0 0 0 10 3
预测:     0 1 0 0 8 0 13 9 0 0 0 71 0 0 0 0 0 0 1 17 0 0 3 0 1 6 0 10 7 0 1 0 0 0 0 10 7
准确率:    0.9189 (34/37)
----------------------------------------
输入:       MNW HN> D>CKX LMV<> WL> V<> WLMB>CW
目标:     0 0 71 0 0 0 0 0 0 35 0 0 0 3 0 1 6 0 10 7 0 1 0 0 0 0 10 3 0 1 1 28 0 0 7 0
预测:     0 0 71 0 0 0 0 0 0 1 17 0 0 3 0 1 6 0 10 7 0 1 0 0 0 0 10 3 0 1 1 28 0 0 7 0
准确率:    0.9444 (34/36)
----------------------------------------
⏳ 验证无提升 (验证准确率: 0.9694 ≤ 0.9695)，patience: 21/50

======================================================================
🚀 Epoch 195/200
======================================================================
📚 开始训练阶段...
训练进度: 500/6065 损失=0.0004
训练进度: 1000/6065 损失=0.0003
训练进度: 1500/6065 损失=0.0000
训练进度: 2000/6065 损失=0.0075
训练进度: 2500/6065 损失=0.0042
训练进度: 3000/6065 损失=0.0001
训练进度: 3500/6065 损失=0.0000
训练进度: 4000/6065 损失=0.0001
训练进度: 4500/6065 损失=0.0000
训练进度: 5000/6065 损失=0.0000
训练进度: 5500/6065 损失=0.0000
训练进度: 6000/6065 损失=0.0003
训练进度: 6065/6065 损失=0.0031
✅ 训练完成，耗时: 108.2秒 (1.8分钟)

============================================================
📊 验证决策: Epoch 195/200
   验证间隔: 1
   是否验证: ✅ 是
   原因: 达到验证间隔 (0 == 0)
============================================================

🔍 开始验证...
验证进度: 500/686 损失=0.1758
验证进度: 686/686 损失=1.2360

📊 预测分布分析:
  - 预测的前5个类别: {np.int64(0): 283109, np.int64(1): 37016, np.int64(2): 14711, np.int64(3): 10887, np.int64(4): 8995}
  - 标签的前5个类别: {np.int64(0): 281232, np.int64(1): 36731, np.int64(2): 14789, np.int64(3): 10866, np.int64(4): 8585}
✅ 验证完成，耗时: 4.8秒 (0.1分钟)
训练损失: 0.0014
验证损失: 0.6617
验证准确率: 0.9694 (10628/10964) - 与Levenshtein高度相关
验证F1(加权): 0.9685 - 类别平衡更好
学习率: 0.000001
显存使用: 0.48GB (预留: 0.67GB)

生成的训练样本:
--------------------------------------------------------------------------------
输入:       J<LN RB> QWRX HLJN BNJ >HLJBM> BRT
目标:     0 0 0 0 2 0 0 4 0 0 0 0 0 2 0 0 0 0 0 0 0 2 0 0 0 0 0 0 0 0 2 0 0 13 0
预测:     0 0 0 0 2 0 0 4 0 0 0 0 0 2 0 0 0 0 0 0 0 2 0 0 0 0 0 0 0 0 2 0 0 13 0
准确率:    1.0000 (35/35)
----------------------------------------
输入:       HJ MN MRWD> WD>MRJN BJCT> L> NDRKWNH
目标:     0 0 12 0 0 0 0 0 0 0 11 0 0 1 1 0 0 7 0 0 0 0 0 2 9 0 0 0 0 0 6 0 0 3 0 1 12
预测:     0 0 12 0 0 0 0 0 0 0 11 0 0 1 1 0 0 7 0 0 0 0 0 2 9 0 0 0 0 0 6 0 0 3 0 1 12
准确率:    1.0000 (37/37)
----------------------------------------
输入:       MVLTJ HW HW> <LJKWN W>TKTCW >NC> HNWN
目标:     0 0 0 8 1 0 0 0 0 0 0 10 3 0 0 8 1 0 0 0 0 1 0 14 0 0 3 19 0 0 0 11 0 0 0 0 0 0
预测:     0 0 0 8 1 0 0 0 0 0 0 10 3 0 0 8 1 0 0 0 0 1 0 14 0 0 3 19 0 0 0 11 0 0 0 0 0 0
准确率:    1.0000 (38/38)
----------------------------------------

生成的验证样本:
--------------------------------------------------------------------------------
输入:       LTCBWXT> MNW HN> D>CKX LMV<> WL> V<>
目标:     0 1 0 0 8 0 13 9 0 0 0 71 0 0 0 0 0 0 35 0 0 0 3 0 1 6 0 10 7 0 1 0 0 0 0 10 3
预测:     0 1 0 0 8 0 13 9 0 0 0 71 0 0 0 0 0 0 1 17 0 0 3 0 1 6 0 10 7 0 1 0 0 0 0 10 7
准确率:    0.9189 (34/37)
----------------------------------------
输入:       MNW HN> D>CKX LMV<> WL> V<> WLMB>CW
目标:     0 0 71 0 0 0 0 0 0 35 0 0 0 3 0 1 6 0 10 7 0 1 0 0 0 0 10 3 0 1 1 28 0 0 7 0
预测:     0 0 71 0 0 0 0 0 0 1 17 0 0 3 0 1 6 0 10 7 0 1 0 0 0 0 10 3 0 1 1 28 0 0 7 0
准确率:    0.9444 (34/36)
----------------------------------------
⏳ 验证无提升 (验证准确率: 0.9694 ≤ 0.9695)，patience: 22/50

======================================================================
🚀 Epoch 196/200
======================================================================
📚 开始训练阶段...
训练进度: 500/6065 损失=0.0001
训练进度: 1000/6065 损失=0.0000
训练进度: 1500/6065 损失=0.0001
训练进度: 2000/6065 损失=0.0021
训练进度: 2500/6065 损失=0.0000
训练进度: 3000/6065 损失=0.0000
训练进度: 3500/6065 损失=0.0006
训练进度: 4000/6065 损失=0.0001
训练进度: 4500/6065 损失=0.0001
训练进度: 5000/6065 损失=0.0001
训练进度: 5500/6065 损失=0.0004
训练进度: 6000/6065 损失=0.0000
训练进度: 6065/6065 损失=0.0004
✅ 训练完成，耗时: 108.1秒 (1.8分钟)

============================================================
📊 验证决策: Epoch 196/200
   验证间隔: 1
   是否验证: ✅ 是
   原因: 达到验证间隔 (0 == 0)
============================================================

🔍 开始验证...
验证进度: 500/686 损失=0.1697
验证进度: 686/686 损失=1.2427

📊 预测分布分析:
  - 预测的前5个类别: {np.int64(0): 283112, np.int64(1): 37016, np.int64(2): 14716, np.int64(3): 10876, np.int64(4): 9004}
  - 标签的前5个类别: {np.int64(0): 281232, np.int64(1): 36731, np.int64(2): 14789, np.int64(3): 10866, np.int64(4): 8585}
✅ 验证完成，耗时: 4.8秒 (0.1分钟)
训练损失: 0.0014
验证损失: 0.6607
验证准确率: 0.9694 (10628/10964) - 与Levenshtein高度相关
验证F1(加权): 0.9686 - 类别平衡更好
学习率: 0.000001
显存使用: 0.48GB (预留: 0.67GB)

生成的训练样本:
--------------------------------------------------------------------------------
输入:       L> TZJ<JWHJ LB> XKJM> BMXCBT> DR<JNH >JK
目标:     0 0 0 0 112 20 0 48 35 0 0 0 0 0 4 0 0 0 0 0 4 0 0 1 0 0 0 13 9 0 0 1 0 0 0 5 0 0 0 0 0
预测:     0 0 0 0 112 20 0 48 35 0 0 0 0 0 4 0 0 0 0 0 4 0 0 1 0 0 0 13 9 0 0 1 0 0 0 5 0 0 0 0 0
准确率:    1.0000 (41/41)
----------------------------------------
输入:       HLJN CBJ<J> WBXD XD MNHWN MN >TRWT>
目标:     0 0 0 0 0 0 0 0 0 0 11 0 0 1 1 0 2 0 0 2 0 0 1 0 0 0 0 0 0 0 0 0 8 2 23 0
预测:     0 0 0 0 0 0 0 0 0 0 11 0 0 1 1 0 2 0 0 2 0 0 1 0 0 0 0 0 0 0 0 0 8 2 23 0
准确率:    1.0000 (36/36)
----------------------------------------
输入:       WJ<QWB JHB L<SW LML<S LXM> WBWCL> DVLPX>
目标:     0 1 0 0 0 0 2 0 0 0 3 0 1 0 0 2 0 1 6 0 0 7 0 0 0 4 0 0 1 0 0 0 4 0 0 1 0 0 0 11 0
预测:     0 1 0 0 0 0 2 0 0 0 3 0 1 0 0 2 0 1 6 0 0 7 0 0 0 4 0 0 1 0 0 0 4 0 0 1 0 0 0 11 0
准确率:    1.0000 (41/41)
----------------------------------------

生成的验证样本:
--------------------------------------------------------------------------------
输入:       LTCBWXT> MNW HN> D>CKX LMV<> WL> V<>
目标:     0 1 0 0 8 0 13 9 0 0 0 71 0 0 0 0 0 0 35 0 0 0 3 0 1 6 0 10 7 0 1 0 0 0 0 10 3
预测:     0 1 0 0 8 0 13 9 0 0 0 71 0 0 0 0 0 0 1 17 0 0 3 0 1 6 0 10 7 0 1 0 0 0 0 10 7
准确率:    0.9189 (34/37)
----------------------------------------
输入:       MNW HN> D>CKX LMV<> WL> V<> WLMB>CW
目标:     0 0 71 0 0 0 0 0 0 35 0 0 0 3 0 1 6 0 10 7 0 1 0 0 0 0 10 3 0 1 1 28 0 0 7 0
预测:     0 0 71 0 0 0 0 0 0 1 17 0 0 3 0 1 6 0 10 7 0 1 0 0 0 0 10 3 0 1 1 28 0 0 7 0
准确率:    0.9444 (34/36)
----------------------------------------
⏳ 验证无提升 (验证准确率: 0.9694 ≤ 0.9695)，patience: 23/50

======================================================================
🚀 Epoch 197/200
======================================================================
📚 开始训练阶段...
训练进度: 500/6065 损失=0.0000
训练进度: 1000/6065 损失=0.0000
训练进度: 1500/6065 损失=0.0001
训练进度: 2000/6065 损失=0.0000
训练进度: 2500/6065 损失=0.0004
训练进度: 3000/6065 损失=0.0001
训练进度: 3500/6065 损失=0.0000
训练进度: 4000/6065 损失=0.0002
训练进度: 4500/6065 损失=0.0002
训练进度: 5000/6065 损失=0.0001
训练进度: 5500/6065 损失=0.0000
训练进度: 6000/6065 损失=0.0000
训练进度: 6065/6065 损失=0.0000
✅ 训练完成，耗时: 108.7秒 (1.8分钟)

============================================================
📊 验证决策: Epoch 197/200
   验证间隔: 1
   是否验证: ✅ 是
   原因: 达到验证间隔 (0 == 0)
============================================================

🔍 开始验证...
验证进度: 500/686 损失=0.1752
验证进度: 686/686 损失=1.2375

📊 预测分布分析:
  - 预测的前5个类别: {np.int64(0): 283096, np.int64(1): 37008, np.int64(2): 14714, np.int64(3): 10886, np.int64(4): 8985}
  - 标签的前5个类别: {np.int64(0): 281232, np.int64(1): 36731, np.int64(2): 14789, np.int64(3): 10866, np.int64(4): 8585}
✅ 验证完成，耗时: 4.9秒 (0.1分钟)
训练损失: 0.0014
验证损失: 0.6602
验证准确率: 0.9694 (10628/10964) - 与Levenshtein高度相关
验证F1(加权): 0.9686 - 类别平衡更好
学习率: 0.000001
显存使用: 0.48GB (预留: 0.67GB)

生成的训练样本:
--------------------------------------------------------------------------------
输入:       L>LH> D>JSRJL WTXJT RGLWHJ >JK <BD> DLBT>
目标:     0 1 0 0 4 0 0 1 0 0 0 0 0 2 0 1 0 8 0 0 0 0 0 25 1 0 0 0 0 0 0 0 0 0 55 0 0 1 0 240 9 0
预测:     0 1 0 0 4 0 0 1 0 0 0 0 0 2 0 1 0 8 0 0 0 0 0 25 1 0 0 0 0 0 0 0 0 0 55 0 0 1 0 240 9 0
准确率:    1.0000 (42/42)
----------------------------------------
输入:       BJTK TGRW< RJCH WTSB VPRJH WTCLX M>N>
目标:     0 0 0 5 0 0 6 0 8 0 3 0 0 0 5 12 0 1 34 0 3 0 0 0 2 1 12 0 1 28 0 0 3 0 0 0 11 0
预测:     0 0 0 5 0 0 6 0 8 0 3 0 0 0 5 12 0 1 34 0 3 0 0 0 2 1 12 0 1 28 0 0 3 0 0 0 11 0
准确率:    1.0000 (38/38)
----------------------------------------
输入:       DL> TSB >NTT> LBRJ MN BNT KN<NJ>
目标:     0 1 0 0 0 34 0 3 0 0 0 13 9 0 0 1 0 5 0 0 0 0 0 0 2 12 0 0 0 0 0 11 0
预测:     0 1 0 0 0 34 0 3 0 0 0 13 9 0 0 1 0 5 0 0 0 0 0 0 2 12 0 0 0 0 0 11 0
准确率:    1.0000 (33/33)
----------------------------------------

生成的验证样本:
--------------------------------------------------------------------------------
输入:       LTCBWXT> MNW HN> D>CKX LMV<> WL> V<>
目标:     0 1 0 0 8 0 13 9 0 0 0 71 0 0 0 0 0 0 35 0 0 0 3 0 1 6 0 10 7 0 1 0 0 0 0 10 3
预测:     0 1 0 0 8 0 13 9 0 0 0 71 0 0 0 0 0 0 1 17 0 0 3 0 1 6 0 10 7 0 1 0 0 0 0 10 7
准确率:    0.9189 (34/37)
----------------------------------------
输入:       MNW HN> D>CKX LMV<> WL> V<> WLMB>CW
目标:     0 0 71 0 0 0 0 0 0 35 0 0 0 3 0 1 6 0 10 7 0 1 0 0 0 0 10 3 0 1 1 28 0 0 7 0
预测:     0 0 71 0 0 0 0 0 0 1 17 0 0 3 0 1 6 0 10 7 0 1 0 0 0 0 10 3 0 1 1 28 0 0 7 0
准确率:    0.9444 (34/36)
----------------------------------------
⏳ 验证无提升 (验证准确率: 0.9694 ≤ 0.9695)，patience: 24/50

======================================================================
🚀 Epoch 198/200
======================================================================
📚 开始训练阶段...
训练进度: 500/6065 损失=0.0003
训练进度: 1000/6065 损失=0.0025
训练进度: 1500/6065 损失=0.0246
训练进度: 2000/6065 损失=0.0006
训练进度: 2500/6065 损失=0.0000
训练进度: 3000/6065 损失=0.0015
训练进度: 3500/6065 损失=0.0008
训练进度: 4000/6065 损失=0.0006
训练进度: 4500/6065 损失=0.0008
训练进度: 5000/6065 损失=0.0000
训练进度: 5500/6065 损失=0.0079
训练进度: 6000/6065 损失=0.0000
训练进度: 6065/6065 损失=0.0003
✅ 训练完成，耗时: 108.4秒 (1.8分钟)

============================================================
📊 验证决策: Epoch 198/200
   验证间隔: 1
   是否验证: ✅ 是
   原因: 达到验证间隔 (0 == 0)
============================================================

🔍 开始验证...
验证进度: 500/686 损失=0.1722
验证进度: 686/686 损失=1.2397

📊 预测分布分析:
  - 预测的前5个类别: {np.int64(0): 283069, np.int64(1): 37020, np.int64(2): 14711, np.int64(3): 10875, np.int64(4): 9015}
  - 标签的前5个类别: {np.int64(0): 281232, np.int64(1): 36731, np.int64(2): 14789, np.int64(3): 10866, np.int64(4): 8585}
✅ 验证完成，耗时: 4.8秒 (0.1分钟)
训练损失: 0.0014
验证损失: 0.6619
验证准确率: 0.9694 (10628/10964) - 与Levenshtein高度相关
验证F1(加权): 0.9686 - 类别平衡更好
学习率: 0.000001
显存使用: 0.48GB (预留: 0.67GB)

生成的训练样本:
--------------------------------------------------------------------------------
输入:       B<NN> D>>JR>S MN ZHR> DJLH QDMWHJ <NNWHJ
目标:     0 1 0 0 11 0 0 1 0 8 0 146 8 0 0 0 0 0 0 0 15 0 0 0 0 1 0 0 0 0 25 1 0 0 0 0 0 25 1 0 0
预测:     0 1 0 0 11 0 0 1 0 8 0 146 8 0 0 0 0 0 0 0 15 0 0 0 0 1 0 0 0 0 25 1 0 0 0 0 0 25 1 0 0
准确率:    1.0000 (41/41)
----------------------------------------
输入:       WLJWM> >XRN> PQD MRJ> >LH> LTWL<> BMSQJ
目标:     0 1 1 0 0 4 0 0 0 0 38 4 0 0 0 0 3 0 0 0 0 2 0 0 0 4 0 0 1 0 0 0 4 0 0 1 0 0 2 0
预测:     0 1 1 0 0 4 0 0 0 0 38 4 0 0 0 0 3 0 0 0 0 2 0 0 0 4 0 0 1 0 0 0 4 0 0 1 0 0 2 0
准确率:    1.0000 (40/40)
----------------------------------------
输入:       DQVL LSJXWN MLK> D>MWRJ> DJTB HW> BXCBWN
目标:     0 1 0 0 3 0 1 0 0 0 0 2 0 0 0 4 0 0 1 0 0 0 0 11 0 0 1 0 0 7 0 0 10 3 0 1 0 0 0 0 2
预测:     0 1 0 0 3 0 1 0 0 0 0 2 0 0 0 4 0 0 1 0 0 0 0 11 0 0 1 0 0 7 0 0 10 3 0 1 0 0 0 0 2
准确率:    1.0000 (41/41)
----------------------------------------

生成的验证样本:
--------------------------------------------------------------------------------
输入:       LTCBWXT> MNW HN> D>CKX LMV<> WL> V<>
目标:     0 1 0 0 8 0 13 9 0 0 0 71 0 0 0 0 0 0 35 0 0 0 3 0 1 6 0 10 7 0 1 0 0 0 0 10 3
预测:     0 1 0 0 8 0 13 9 0 0 0 71 0 0 0 0 0 0 1 17 0 0 3 0 1 6 0 10 7 0 1 0 0 0 0 10 7
准确率:    0.9189 (34/37)
----------------------------------------
输入:       MNW HN> D>CKX LMV<> WL> V<> WLMB>CW
目标:     0 0 71 0 0 0 0 0 0 35 0 0 0 3 0 1 6 0 10 7 0 1 0 0 0 0 10 3 0 1 1 28 0 0 7 0
预测:     0 0 71 0 0 0 0 0 0 1 17 0 0 3 0 1 6 0 10 7 0 1 0 0 0 0 10 3 0 1 1 28 0 0 7 0
准确率:    0.9444 (34/36)
----------------------------------------
⏳ 验证无提升 (验证准确率: 0.9694 ≤ 0.9695)，patience: 25/50

======================================================================
🚀 Epoch 199/200
======================================================================
📚 开始训练阶段...
训练进度: 500/6065 损失=0.0003
训练进度: 1000/6065 损失=0.0001
训练进度: 1500/6065 损失=0.0002
训练进度: 2000/6065 损失=0.0221
训练进度: 2500/6065 损失=0.0000
训练进度: 3000/6065 损失=0.0000
训练进度: 3500/6065 损失=0.0137
训练进度: 4000/6065 损失=0.0000
训练进度: 4500/6065 损失=0.0042
训练进度: 5000/6065 损失=0.0069
训练进度: 5500/6065 损失=0.0047
训练进度: 6000/6065 损失=0.0000
训练进度: 6065/6065 损失=0.0000
✅ 训练完成，耗时: 108.3秒 (1.8分钟)

============================================================
📊 验证决策: Epoch 199/200
   验证间隔: 1
   是否验证: ✅ 是
   原因: 达到验证间隔 (0 == 0)
============================================================

🔍 开始验证...
验证进度: 500/686 损失=0.1650
验证进度: 686/686 损失=1.2683

📊 预测分布分析:
  - 预测的前5个类别: {np.int64(0): 283089, np.int64(1): 37012, np.int64(2): 14709, np.int64(3): 10871, np.int64(4): 9026}
  - 标签的前5个类别: {np.int64(0): 281232, np.int64(1): 36731, np.int64(2): 14789, np.int64(3): 10866, np.int64(4): 8585}
✅ 验证完成，耗时: 4.9秒 (0.1分钟)
训练损失: 0.0013
验证损失: 0.6626
验证准确率: 0.9694 (10628/10964) - 与Levenshtein高度相关
验证F1(加权): 0.9686 - 类别平衡更好
学习率: 0.000001
显存使用: 0.48GB (预留: 0.67GB)

生成的训练样本:
--------------------------------------------------------------------------------
输入:       DXZ> D>BJL KRK> MN SKH BK> KRK>
目标:     0 1 0 10 7 0 1 0 8 0 122 0 0 0 15 0 0 0 0 0 0 5 0 0 0 42 0 0 0 0 15 0
预测:     0 1 0 10 7 0 1 0 8 0 122 0 0 0 15 0 0 0 0 0 0 5 0 0 0 42 0 0 0 0 15 0
准确率:    1.0000 (32/32)
----------------------------------------
输入:       BNJ >JSRJL W>TPNJ LK> WLK> WXZ> DLJT
目标:     0 0 2 0 0 0 0 0 0 0 2 0 1 0 14 0 0 3 0 1 0 0 0 1 1 0 0 0 1 0 10 3 0 1 58 0 24
预测:     0 0 2 0 0 0 0 0 0 0 2 0 1 0 14 0 0 3 0 1 0 0 0 1 1 0 0 0 1 0 10 3 0 1 58 0 24
准确率:    1.0000 (37/37)
----------------------------------------
输入:       C>L L<BDWHJ W>MR >JT LKWN >B> >W
目标:     0 0 0 7 0 1 0 0 69 1 0 0 0 1 0 0 3 0 0 0 24 0 1 0 0 0 0 0 4 0 0 0 0
预测:     0 0 0 7 0 1 0 0 69 1 0 0 0 1 0 0 3 0 0 0 24 0 1 0 0 0 0 0 4 0 0 0 0
准确率:    1.0000 (33/33)
----------------------------------------

生成的验证样本:
--------------------------------------------------------------------------------
输入:       LTCBWXT> MNW HN> D>CKX LMV<> WL> V<>
目标:     0 1 0 0 8 0 13 9 0 0 0 71 0 0 0 0 0 0 35 0 0 0 3 0 1 6 0 10 7 0 1 0 0 0 0 10 3
预测:     0 1 0 0 8 0 13 9 0 0 0 71 0 0 0 0 0 0 1 17 0 0 3 0 1 6 0 10 7 0 1 0 0 0 0 10 7
准确率:    0.9189 (34/37)
----------------------------------------
输入:       MNW HN> D>CKX LMV<> WL> V<> WLMB>CW
目标:     0 0 71 0 0 0 0 0 0 35 0 0 0 3 0 1 6 0 10 7 0 1 0 0 0 0 10 3 0 1 1 28 0 0 7 0
预测:     0 0 71 0 0 0 0 0 0 1 17 0 0 3 0 1 6 0 10 7 0 1 0 0 0 0 10 3 0 1 1 28 0 0 7 0
准确率:    0.9444 (34/36)
----------------------------------------
⏳ 验证无提升 (验证准确率: 0.9694 ≤ 0.9695)，patience: 26/50

======================================================================
🚀 Epoch 200/200
======================================================================
📚 开始训练阶段...
训练进度: 500/6065 损失=0.0000
训练进度: 1000/6065 损失=0.0000
训练进度: 1500/6065 损失=0.0068
训练进度: 2000/6065 损失=0.0000
训练进度: 2500/6065 损失=0.0000
训练进度: 3000/6065 损失=0.0001
训练进度: 3500/6065 损失=0.0010
训练进度: 4000/6065 损失=0.0002
训练进度: 4500/6065 损失=0.0001
训练进度: 5000/6065 损失=0.0000
训练进度: 5500/6065 损失=0.0002
训练进度: 6000/6065 损失=0.0000
训练进度: 6065/6065 损失=0.0000
✅ 训练完成，耗时: 108.2秒 (1.8分钟)

============================================================
📊 验证决策: Epoch 200/200
   验证间隔: 1
   是否验证: ✅ 是
   原因: 最后一个epoch
============================================================

🔍 开始验证...
验证进度: 500/686 损失=0.1682
验证进度: 686/686 损失=1.2614

📊 预测分布分析:
  - 预测的前5个类别: {np.int64(0): 283097, np.int64(1): 37018, np.int64(2): 14712, np.int64(3): 10869, np.int64(4): 9033}
  - 标签的前5个类别: {np.int64(0): 281232, np.int64(1): 36731, np.int64(2): 14789, np.int64(3): 10866, np.int64(4): 8585}
✅ 验证完成，耗时: 4.8秒 (0.1分钟)
训练损失: 0.0014
验证损失: 0.6636
验证准确率: 0.9694 (10628/10964) - 与Levenshtein高度相关
验证F1(加权): 0.9686 - 类别平衡更好
学习率: 0.000001
显存使用: 0.48GB (预留: 0.67GB)

生成的训练样本:
--------------------------------------------------------------------------------
输入:       XKJMJHWN KSJ> >JLJN DM<QMJN DN>MRWN MDM QVJN>JT
目标:     0 0 0 0 2 1 0 0 0 0 0 42 9 27 0 0 0 0 0 0 0 1 6 0 0 7 0 19 0 1 6 0 0 3 0 0 0 0 0 2 0 0 0 0 0 0 0 0
预测:     0 0 0 0 2 1 0 0 0 0 0 42 9 27 0 0 0 0 0 0 0 1 6 0 0 7 0 19 0 1 6 0 0 3 0 0 0 0 0 2 0 0 0 0 0 0 0 0
准确率:    1.0000 (48/48)
----------------------------------------
输入:       LLCN> MTRWRBN> LHNWN D>MRW LLCNN MWRBJNN SPWT>
目标:     0 1 0 0 4 0 0 0 0 0 0 0 0 4 0 0 1 0 0 0 0 0 1 0 0 3 0 0 1 0 0 5 0 0 63 0 0 7 87 0 0 0 0 57 2 23 0
预测:     0 1 0 0 4 0 0 0 0 0 0 0 0 4 0 0 1 0 0 0 0 0 1 0 0 3 0 0 1 0 0 5 0 0 63 0 0 7 87 0 0 0 0 57 2 23 0
准确率:    1.0000 (47/47)
----------------------------------------
输入:       DN>TWN MN >R<> RXJQT> WNXZWN MXWTH D>R<>
目标:     0 1 6 0 18 0 0 0 0 0 0 0 0 4 0 0 0 0 0 2 9 0 0 1 6 0 18 0 0 0 0 0 13 32 12 0 1 0 0 4 0
预测:     0 1 6 0 18 0 0 0 0 0 0 0 0 4 0 0 0 0 0 2 9 0 0 1 6 0 18 0 0 0 0 0 13 32 12 0 1 0 0 4 0
准确率:    1.0000 (41/41)
----------------------------------------

生成的验证样本:
--------------------------------------------------------------------------------
输入:       LTCBWXT> MNW HN> D>CKX LMV<> WL> V<>
目标:     0 1 0 0 8 0 13 9 0 0 0 71 0 0 0 0 0 0 35 0 0 0 3 0 1 6 0 10 7 0 1 0 0 0 0 10 3
预测:     0 1 0 0 8 0 13 9 0 0 0 71 0 0 0 0 0 0 1 17 0 0 3 0 1 6 0 10 7 0 1 0 0 0 0 10 7
准确率:    0.9189 (34/37)
----------------------------------------
输入:       MNW HN> D>CKX LMV<> WL> V<> WLMB>CW
目标:     0 0 71 0 0 0 0 0 0 35 0 0 0 3 0 1 6 0 10 7 0 1 0 0 0 0 10 3 0 1 1 28 0 0 7 0
预测:     0 0 71 0 0 0 0 0 0 1 17 0 0 3 0 1 6 0 10 7 0 1 0 0 0 0 10 3 0 1 1 28 0 0 7 0
准确率:    0.9444 (34/36)
----------------------------------------
⏳ 验证无提升 (验证准确率: 0.9694 ≤ 0.9695)，patience: 27/50

📄 训练状态已保存到: outputs/mdlm_train_20260129_032238_seed8888/training_status.json

==================================================
训练结束摘要
==================================================
状态: completed
完成轮数: 200/200
最佳验证准确率: 0.9695
最佳模型轮数: 173
最终显存使用: 0.48GB
==================================================
⏱️  训练耗时: 378.7 分钟

📥 加载最佳模型进行最终评估...
评估中:   0%|          | 0/680 [00:00<?, ?it/s]评估中:   2%|▏         | 15/680 [00:00<00:13, 48.61it/s]评估中:   6%|▌         | 40/680 [00:00<00:05, 112.00it/s]评估中:  10%|█         | 69/680 [00:00<00:03, 165.95it/s]评估中:  14%|█▍        | 98/680 [00:00<00:02, 202.00it/s]评估中:  19%|█▊        | 127/680 [00:00<00:02, 226.88it/s]评估中:  23%|██▎       | 156/680 [00:00<00:02, 243.76it/s]评估中:  27%|██▋       | 185/680 [00:00<00:01, 256.29it/s]评估中:  31%|███▏      | 214/680 [00:01<00:01, 265.25it/s]评估中:  36%|███▌      | 243/680 [00:01<00:01, 270.06it/s]评估中:  40%|████      | 272/680 [00:01<00:01, 273.34it/s]评估中:  44%|████▍     | 301/680 [00:01<00:01, 276.22it/s]评估中:  49%|████▊     | 330/680 [00:01<00:01, 276.81it/s]评估中:  53%|█████▎    | 359/680 [00:01<00:01, 279.65it/s]评估中:  57%|█████▋    | 388/680 [00:01<00:01, 281.80it/s]评估中:  61%|██████▏   | 417/680 [00:01<00:00, 282.05it/s]评估中:  66%|██████▌   | 446/680 [00:01<00:00, 284.04it/s]评估中:  70%|██████▉   | 475/680 [00:01<00:00, 282.90it/s]评估中:  74%|███████▍  | 504/680 [00:02<00:00, 283.66it/s]评估中:  78%|███████▊  | 533/680 [00:02<00:00, 283.12it/s]评估中:  83%|████████▎ | 562/680 [00:02<00:00, 284.60it/s]评估中:  87%|████████▋ | 591/680 [00:02<00:00, 284.43it/s]评估中:  91%|█████████ | 620/680 [00:02<00:00, 282.48it/s]评估中:  95%|█████████▌| 649/680 [00:02<00:00, 283.06it/s]评估中: 100%|█████████▉| 678/680 [00:02<00:00, 283.85it/s]评估中: 100%|██████████| 680/680 [00:02<00:00, 254.98it/s]

生成的测试样本:
--------------------------------------------------------------------------------
输入:      WRGZ N<MN W>ZL W>MR >N> >MRT DMPQ
目标:     0 1 0 0 3 0 0 0 0 2 0 1 0 0 3 0 1 0 0 3 0 0 0 0 0 0 0 3 0 0 1 34 0 7
预测:     0 1 0 0 3 0 0 0 0 2 0 1 0 0 3 0 1 0 0 3 0 0 0 0 0 0 0 3 0 0 1 102 0 7
----------------------------------------
输入:      N<MN W>ZL W>MR >N> >MRT DMPQ NPWQ
目标:     0 0 0 0 2 0 1 0 0 3 0 1 0 0 3 0 0 0 0 0 0 0 3 0 0 1 34 0 7 0 34 8 0 3
预测:     0 0 0 0 2 0 1 0 0 3 0 1 0 0 3 0 0 0 0 0 0 0 3 0 0 1 102 0 7 0 34 8 0 3
----------------------------------------
输入:      W>ZL W>MR >N> >MRT DMPQ NPWQ LWTJ
目标:     0 1 0 0 3 0 1 0 0 3 0 0 0 0 0 0 0 3 0 0 1 34 0 7 0 34 8 0 3 0 0 0 1 0
预测:     0 1 0 0 3 0 1 0 0 3 0 0 0 0 0 0 0 3 0 0 1 102 0 7 0 34 8 0 3 0 0 0 1 0
----------------------------------------
输入:      W>MR >N> >MRT DMPQ NPWQ LWTJ WNQWM
目标:     0 1 0 0 3 0 0 0 0 0 0 0 3 0 0 1 34 0 7 0 34 8 0 3 0 0 0 1 0 0 1 6 0 0 3
预测:     0 1 0 0 3 0 0 0 0 0 0 0 3 0 0 1 102 0 7 0 34 8 0 3 0 0 0 1 0 0 1 6 0 0 3
----------------------------------------
输入:      >N> >MRT DMPQ NPWQ LWTJ WNQWM WNQR>
目标:     0 0 0 0 0 0 0 3 0 0 1 34 0 7 0 34 8 0 3 0 0 0 1 0 0 1 6 0 0 3 0 1 6 0 10 3
预测:     0 0 0 0 0 0 0 3 0 0 1 102 0 7 0 34 8 0 3 0 0 0 1 0 0 1 6 0 0 3 0 1 6 0 10 3
----------------------------------------
   - 🎯 最终测试结果:
   - ✅ 测试准确率: 0.9721 (393,653/404,962)
📁 测试结果将保存到: outputs/mdlm_train_20260129_032238_seed8888/results

📝 保存mdlm模型预测结果（最长序列: 56字符，使用批量评估结果）...
✅ 预测结果已保存到: outputs/mdlm_train_20260129_032238_seed8888/results/mdlm_predictions_20260129_032238.out
   预测行数: 10869
   原始行数: 10869

📊 运行还原管道和Levenshtein评估...
   ⚠️  还原和Levenshtein评估失败: No module named 'restore_pipeline'
Traceback (most recent call last):
  File "<REMOTE_PATH>", line 2476, in main
    from restore_pipeline import run_full_pipeline
ModuleNotFoundError: No module named 'restore_pipeline'

💾 文件保存路径:
   输出目录: outputs/mdlm_train_20260129_032238_seed8888
   ├── mdlm_model.pt
   ├── data/
   │   ├── patterns.csv
   │   ├── test.in
   │   ├── test.out
   │   └── dataset_info.json
   ├── tensorboard/
   ├── plots/
   │   └── mdlm_training_history.png
   └── results/
       ├── mdlm_results_20260129_032238.json
       ├── vocab_20260129_032238.json
       ├── mdlm_predictions_20260129_032238.out
       └── mdlm_test_report_20260129_032238.json

🎉 mdlm模型训练完成！
🧹 内存清理完成
