🎲 随机种子: 123
📁 使用数据子目录: ./data/s4_on_s2
🚀 开始训练 mdlm 模型...
📁 输出目录: outputs/mdlm_train_20260129_032214_seed123
  ✓ 复制patterns.csv
  ✓ 复制test.in
  ✓ 复制test.out
  ✓ 复制train.in
  ✓ 复制train.out
  ✓ 复制val.in
  ✓ 复制val.out
  ✓ 创建数据集信息文件
🚀 使用CUDA GPU: NVIDIA GeForce RTX 4090 D
🔧 强制使用设备: cuda
📂 正在加载数据...
ℹ️ 数据加载: 创建优化的数据加载器...
ℹ️ 数据加载: 使用 mdlm 模型的词汇表，大小: 40
ℹ️ 文件读取: 内存映射读取成功，共97048行
ℹ️ 文件读取: 内存映射读取成功，共97048行
ℹ️ 数据处理: 开始处理数据...
ℹ️ 数据处理: 使用4个线程并行处理97048行数据
ℹ️ 数据统计: 数据处理完成: 97048/97048 行成功处理 (100.0%)
ℹ️ 数据处理: 开始处理数据...
ℹ️ 数据处理: 使用4个线程并行处理10964行数据
ℹ️ 数据统计: 数据处理完成: 10964/10964 行成功处理 (100.0%)
ℹ️ 数据处理: 开始处理数据...
ℹ️ 数据处理: 使用4个线程并行处理10869行数据
ℹ️ 数据统计: 数据处理完成: 10869/10869 行成功处理 (100.0%)
ℹ️ 数据加载: 使用智能批处理采样器
ℹ️ 数据加载: 数据加载器优化设置:
ℹ️ 数据加载:   缓存: 禁用
ℹ️ 数据加载:   智能批处理: 启用
ℹ️ 数据加载:   工作线程数: 1
ℹ️ 数据加载:   内存锁定: 启用
📊 分析数据集...
ℹ️ 数据统计: ✅ 从训练数据统计到 329 个类别（标签范围: 0 ~ 328）
ℹ️ 数据统计: 📝 注意：使用训练集类别数，验证时可能遇到训练集独有类别
[DEBUG] 实际num_classes = 329
⚖️  计算类别权重...
📦 从缓存读取类别权重: data/s4_on_s2/class_weights_cache_329.pkl
   权重范围: 1.000 - 2.000
✅ 类别权重加载成功（从缓存）
✅ 类别权重计算完成，num_classes=329
📊 数据统计:
   词汇表大小: 40
   分类类别数: 329
   训练批次: 6065
   验证批次: 686
   测试批次: 680
   批次大小: 16
   最大序列长度: 64
🏗️  创建mdlm模型...
ℹ️ 创建 mdlm 模型...
MDLM模型构建完成:
  统一词汇表大小: 373
  输入字符: 40, 标签: 329
  模型维度: 768
  层数: 5
ℹ️ 初始化 MDLMModel - vocab_size: 373, num_classes: 329
ℹ️ 模型创建成功:
ℹ️   - 类型: mdlm
ℹ️   - 总参数: 28,201,589
ℹ️   - 可训练参数: 28,201,589
ℹ️   - 设备: cuda:0
🔢 模型参数:
   总参数量: 28,201,589
   可训练参数: 28,201,589
   模型大小: 107.6 MB
🎯 创建训练器...
✅ 使用FocalLoss + 类别权重处理数据不平衡问题
   权重张量形状: torch.Size([329])
   权重范围: 1.000 - 2.000
🚀 开始训练...
开始训练，共200个epoch...
模型参数量: 28,201,589 (可训练: 28,201,589)
早停指标: 验证准确率 (与Levenshtein相关性高)
GPU: NVIDIA GeForce RTX 4090 D, 显存: 25.3GB
估算训练内存需求: 451MB (0.4GB)
📊 参数统计: 平均范数=12.38, 大范数参数=33个

======================================================================
🚀 Epoch 1/200
======================================================================
📚 开始训练阶段...
训练进度: 500/6065 损失=1.5268
训练进度: 1000/6065 损失=1.0040
训练进度: 1500/6065 损失=0.7564
训练进度: 2000/6065 损失=0.5086
训练进度: 2500/6065 损失=0.3689
训练进度: 3000/6065 损失=0.4434
训练进度: 3500/6065 损失=0.3909
训练进度: 4000/6065 损失=0.3825
训练进度: 4500/6065 损失=0.3061
训练进度: 5000/6065 损失=0.3655
训练进度: 5500/6065 损失=0.2324
训练进度: 6000/6065 损失=0.3447
训练进度: 6065/6065 损失=0.2370
✅ 训练完成，耗时: 112.0秒 (1.9分钟)

============================================================
📊 验证决策: Epoch 1/200
   验证间隔: 1
   是否验证: ✅ 是
   原因: 第一个epoch
============================================================

🔍 开始验证...
验证进度: 500/686 损失=0.0850
验证进度: 686/686 损失=0.8460

📊 预测分布分析:
  - 预测的前5个类别: {np.int64(0): 278779, np.int64(1): 38299, np.int64(2): 14481, np.int64(3): 11313, np.int64(4): 10727}
  - 标签的前5个类别: {np.int64(0): 281232, np.int64(1): 36731, np.int64(2): 14789, np.int64(3): 10866, np.int64(4): 8585}
✅ 验证完成，耗时: 4.8秒 (0.1分钟)
训练损失: 0.6477
验证损失: 0.2635
验证准确率: 0.9397 (10303/10964) - 与Levenshtein高度相关
验证F1(加权): 0.9375 - 类别平衡更好
学习率: 0.000100
显存使用: 0.48GB (预留: 0.69GB)

生成的训练样本:
--------------------------------------------------------------------------------
输入:       WNHPKWN MJ> <L MYRJ> <L MRKBTHWN W<L
目标:     0 1 6 0 0 3 0 0 0 24 9 0 0 0 0 0 0 0 0 11 0 0 0 0 0 0 0 0 13 32 0 0 0 0 1 0 0
预测:     0 1 6 0 0 3 0 0 0 24 9 0 0 0 0 0 0 0 0 11 0 0 0 0 0 0 0 0 13 32 0 0 0 0 1 0 0
准确率:    1.0000 (37/37)
----------------------------------------
输入:       >JDJ TB<JHJ >N L> >JTJWHJ LK W>QJMJWHJ
目标:     8 0 0 2 46 6 0 0 3 1 0 0 0 0 0 0 0 0 0 68 0 0 86 0 0 0 0 1 0 0 1 28 20 0 48 35 0 0 0
预测:     8 0 0 2 46 0 6 0 94 1 0 0 0 0 0 0 0 0 0 59 0 0 86 0 0 0 0 1 0 0 1 17 20 0 48 35 0 0 0
准确率:    0.8718 (34/39)
----------------------------------------
输入:       MSTKL BHLJN CWPRH D>NTT> NCBX >PJH W<L
目标:     0 45 79 0 0 103 0 1 0 0 0 0 0 0 0 0 5 12 0 1 0 0 13 9 0 0 6 0 0 16 0 54 2 1 12 0 1 0 0
预测:     0 45 79 0 0 7 0 1 0 0 0 0 0 0 0 0 5 12 0 1 0 0 13 9 0 0 6 0 0 3 0 54 2 1 12 0 1 0 0
准确率:    0.9487 (37/39)
----------------------------------------

生成的验证样本:
--------------------------------------------------------------------------------
输入:       YBJNH D>LH> LMSV> MN KL DBJC WKLJ
目标:     0 0 0 0 5 0 0 1 0 0 4 0 0 1 6 0 10 7 0 0 0 0 0 2 0 1 0 0 2 0 36 0 0 3
预测:     0 0 0 0 5 0 0 1 0 0 4 0 0 1 6 0 10 7 0 0 0 0 0 2 0 1 0 0 2 0 1 0 5 16
准确率:    0.9118 (31/34)
----------------------------------------
输入:       D>LH> LMSV> MN KL DBJC WKLJ XJLK
目标:     0 1 0 0 4 0 0 1 6 0 10 7 0 0 0 0 0 2 0 1 0 0 2 0 36 0 0 3 0 0 0 5 0
预测:     0 1 0 0 4 0 0 1 6 0 10 7 0 0 0 0 0 2 0 1 0 0 2 0 1 0 5 16 0 0 0 5 0
准确率:    0.9091 (30/33)
----------------------------------------
💾 保存新的最佳模型！验证准确率: 0.9397 (F1: 0.9375) (Epoch 1)

======================================================================
🚀 Epoch 2/200
======================================================================
📚 开始训练阶段...
训练进度: 500/6065 损失=0.3045
训练进度: 1000/6065 损失=0.2645
训练进度: 1500/6065 损失=0.2293
训练进度: 2000/6065 损失=0.2822
训练进度: 2500/6065 损失=0.2247
训练进度: 3000/6065 损失=0.2703
训练进度: 3500/6065 损失=0.2427
训练进度: 4000/6065 损失=0.2789
训练进度: 4500/6065 损失=0.3152
训练进度: 5000/6065 损失=0.1963
训练进度: 5500/6065 损失=0.2236
训练进度: 6000/6065 损失=0.2207
训练进度: 6065/6065 损失=0.1667
✅ 训练完成，耗时: 110.5秒 (1.8分钟)

============================================================
📊 验证决策: Epoch 2/200
   验证间隔: 1
   是否验证: ✅ 是
   原因: 达到验证间隔 (0 == 0)
============================================================

🔍 开始验证...
验证进度: 500/686 损失=0.0743
验证进度: 686/686 损失=0.7771

📊 预测分布分析:
  - 预测的前5个类别: {np.int64(0): 280657, np.int64(1): 37257, np.int64(2): 14573, np.int64(3): 11218, np.int64(4): 9503}
  - 标签的前5个类别: {np.int64(0): 281232, np.int64(1): 36731, np.int64(2): 14789, np.int64(3): 10866, np.int64(4): 8585}
✅ 验证完成，耗时: 4.7秒 (0.1分钟)
训练损失: 0.2459
验证损失: 0.2137
验证准确率: 0.9538 (10456/10964) - 与Levenshtein高度相关
验证F1(加权): 0.9527 - 类别平衡更好
学习率: 0.000100
显存使用: 0.47GB (预留: 0.69GB)

生成的训练样本:
--------------------------------------------------------------------------------
输入:       LB> WKWLJT> >LH> ZDJQ> MSJ<NJ >LH> DPRQ
目标:     0 0 4 0 0 1 0 0 0 13 23 0 0 0 0 4 0 0 0 0 0 11 0 0 0 0 0 0 5 0 0 0 0 4 0 0 1 0 0 7
预测:     0 0 4 0 0 1 0 0 0 13 9 0 0 0 0 4 0 0 0 0 0 11 0 0 0 0 0 0 0 0 0 0 0 4 0 0 1 0 0 7
准确率:    0.9500 (38/40)
----------------------------------------
输入:       MDM D>MRT <L >TR> HN> W<L <MWRWHJ
目标:     0 0 0 2 0 1 0 0 3 0 0 0 0 0 0 0 4 0 0 0 0 0 0 1 0 0 0 0 0 0 25 1 0 0
预测:     0 0 0 2 0 1 0 0 3 0 0 0 0 0 0 0 4 0 0 0 0 0 0 1 0 0 0 0 0 0 25 1 0 0
准确率:    1.0000 (34/34)
----------------------------------------
输入:       BSTR> DKNP> DJLK TKSJNJ MN QDM PRYWP>
目标:     0 1 0 0 15 0 0 1 0 0 11 0 0 0 0 1 0 0 6 0 0 51 0 0 0 0 0 0 0 0 2 0 0 0 0 0 4 0
预测:     0 1 0 0 4 0 0 1 0 0 4 0 0 0 0 1 0 6 6 0 0 51 0 0 0 0 0 0 0 0 2 0 0 0 0 0 4 0
准确率:    0.9211 (35/38)
----------------------------------------

生成的验证样本:
--------------------------------------------------------------------------------
输入:       YBJNH D>LH> LMSV> MN KL DBJC WKLJ
目标:     0 0 0 0 5 0 0 1 0 0 4 0 0 1 6 0 10 7 0 0 0 0 0 2 0 1 0 0 2 0 36 0 0 3
预测:     0 0 0 0 5 0 0 1 0 0 4 0 0 1 6 0 10 7 0 0 0 0 0 2 0 1 0 0 2 0 1 0 5 16
准确率:    0.9118 (31/34)
----------------------------------------
输入:       D>LH> LMSV> MN KL DBJC WKLJ XJLK
目标:     0 1 0 0 4 0 0 1 6 0 10 7 0 0 0 0 0 2 0 1 0 0 2 0 36 0 0 3 0 0 0 5 0
预测:     0 1 0 0 4 0 0 1 6 0 10 7 0 0 0 0 0 2 0 1 0 0 2 0 1 0 0 16 0 0 0 5 0
准确率:    0.9394 (31/33)
----------------------------------------
💾 保存新的最佳模型！验证准确率: 0.9538 (F1: 0.9527) (Epoch 2)

======================================================================
🚀 Epoch 3/200
======================================================================
📚 开始训练阶段...
训练进度: 500/6065 损失=0.2350
训练进度: 1000/6065 损失=0.2238
训练进度: 1500/6065 损失=0.2410
训练进度: 2000/6065 损失=0.1248
训练进度: 2500/6065 损失=0.2173
训练进度: 3000/6065 损失=0.2099
训练进度: 3500/6065 损失=0.0960
训练进度: 4000/6065 损失=0.1627
训练进度: 4500/6065 损失=0.1465
训练进度: 5000/6065 损失=0.2117
训练进度: 5500/6065 损失=0.1491
训练进度: 6000/6065 损失=0.1638
训练进度: 6065/6065 损失=0.2151
✅ 训练完成，耗时: 110.6秒 (1.8分钟)

============================================================
📊 验证决策: Epoch 3/200
   验证间隔: 1
   是否验证: ✅ 是
   原因: 达到验证间隔 (0 == 0)
============================================================

🔍 开始验证...
验证进度: 500/686 损失=0.0494
验证进度: 686/686 损失=0.6763

📊 预测分布分析:
  - 预测的前5个类别: {np.int64(0): 279692, np.int64(1): 37312, np.int64(2): 14803, np.int64(3): 11356, np.int64(4): 9207}
  - 标签的前5个类别: {np.int64(0): 281232, np.int64(1): 36731, np.int64(2): 14789, np.int64(3): 10866, np.int64(4): 8585}
✅ 验证完成，耗时: 4.7秒 (0.1分钟)
训练损失: 0.1880
验证损失: 0.1986
验证准确率: 0.9576 (10499/10964) - 与Levenshtein高度相关
验证F1(加权): 0.9570 - 类别平衡更好
学习率: 0.000100
显存使用: 0.47GB (预留: 0.69GB)

生成的训练样本:
--------------------------------------------------------------------------------
输入:       WQNZ WTMN< HWT DRWKT> L>LJPZ BR <SW
目标:     0 1 0 0 2 0 1 0 0 0 2 0 0 18 26 0 0 0 0 13 9 0 0 1 0 0 0 0 2 0 0 2 0 0 0 2
预测:     0 1 0 0 2 0 1 0 0 0 2 0 0 18 26 0 0 0 0 13 9 0 0 1 0 0 0 0 2 0 0 2 0 0 0 2
准确率:    1.0000 (36/36)
----------------------------------------
输入:       >LH> W>PNJ >PWHJ WL> XZ> L<LM QWM
目标:     0 0 0 4 0 0 1 17 0 0 3 0 54 25 1 0 0 0 1 0 0 0 0 10 7 0 1 0 0 2 6 0 0 3
预测:     0 0 0 4 0 0 1 17 0 0 3 0 54 25 1 0 0 0 1 0 0 0 0 10 3 0 1 0 0 2 6 0 0 3
准确率:    0.9706 (33/34)
----------------------------------------
输入:       HJ DVJBT L<BDK >JSXQ WBHD> >D< D<BD
目标:     0 0 12 0 1 20 0 33 89 0 1 0 0 37 0 0 0 0 0 0 2 0 1 1 0 0 0 0 52 0 3 0 1 0 0 7
预测:     0 0 26 0 1 20 0 33 12 0 1 0 0 37 0 0 0 0 0 0 2 0 1 1 0 0 0 0 52 0 3 0 1 0 0 3
准确率:    0.9167 (33/36)
----------------------------------------

生成的验证样本:
--------------------------------------------------------------------------------
输入:       YBJNH D>LH> LMSV> MN KL DBJC WKLJ
目标:     0 0 0 0 5 0 0 1 0 0 4 0 0 1 6 0 10 7 0 0 0 0 0 2 0 1 0 0 2 0 36 0 0 3
预测:     0 0 0 0 5 0 0 1 0 0 4 0 0 1 6 0 10 7 0 0 0 0 0 2 0 1 0 0 2 0 1 0 5 3
准确率:    0.9412 (32/34)
----------------------------------------
输入:       D>LH> LMSV> MN KL DBJC WKLJ XJLK
目标:     0 1 0 0 4 0 0 1 6 0 10 7 0 0 0 0 0 2 0 1 0 0 2 0 36 0 0 3 0 0 0 5 0
预测:     0 1 0 0 4 0 0 1 6 0 10 7 0 0 0 0 0 2 0 1 0 0 2 0 1 0 5 3 0 0 0 5 0
准确率:    0.9394 (31/33)
----------------------------------------
💾 保存新的最佳模型！验证准确率: 0.9576 (F1: 0.9570) (Epoch 3)

======================================================================
🚀 Epoch 4/200
======================================================================
📚 开始训练阶段...
训练进度: 500/6065 损失=0.2699
训练进度: 1000/6065 损失=0.1262
训练进度: 1500/6065 损失=0.0992
训练进度: 2000/6065 损失=0.0772
训练进度: 2500/6065 损失=0.2130
训练进度: 3000/6065 损失=0.1116
训练进度: 3500/6065 损失=0.1476
训练进度: 4000/6065 损失=0.1447
训练进度: 4500/6065 损失=0.0863
训练进度: 5000/6065 损失=0.2221
训练进度: 5500/6065 损失=0.1968
训练进度: 6000/6065 损失=0.1402
训练进度: 6065/6065 损失=0.1337
✅ 训练完成，耗时: 110.7秒 (1.8分钟)

============================================================
📊 验证决策: Epoch 4/200
   验证间隔: 1
   是否验证: ✅ 是
   原因: 达到验证间隔 (0 == 0)
============================================================

🔍 开始验证...
验证进度: 500/686 损失=0.0655
验证进度: 686/686 损失=0.5630

📊 预测分布分析:
  - 预测的前5个类别: {np.int64(0): 280634, np.int64(1): 37209, np.int64(2): 14587, np.int64(3): 11150, np.int64(4): 8852}
  - 标签的前5个类别: {np.int64(0): 281232, np.int64(1): 36731, np.int64(2): 14789, np.int64(3): 10866, np.int64(4): 8585}
✅ 验证完成，耗时: 4.7秒 (0.1分钟)
训练损失: 0.1578
验证损失: 0.1948
验证准确率: 0.9614 (10540/10964) - 与Levenshtein高度相关
验证F1(加权): 0.9609 - 类别平衡更好
学习率: 0.000100
显存使用: 0.47GB (预留: 0.69GB)

生成的训练样本:
--------------------------------------------------------------------------------
输入:       <DM> LJM> >XRJ> WLTJMN> WLKKR DBPQ<T> D>JRJXW
目标:     0 0 0 0 0 0 1 0 4 0 0 0 0 0 4 0 0 1 1 0 0 0 4 0 0 1 1 0 0 22 0 1 1 0 0 13 9 0 0 1 0 0 0 0 0 2
预测:     0 0 0 0 0 0 1 0 4 0 0 0 0 0 4 0 0 1 1 0 0 0 4 0 0 1 1 0 0 22 0 1 1 0 0 13 9 0 0 1 0 0 0 0 0 2
准确率:    1.0000 (46/46)
----------------------------------------
输入:       N>LP B>R<K K>NWT> D<M> NKP> <MR BH
目标:     0 140 0 0 3 0 1 0 0 5 0 0 0 0 0 2 9 0 0 1 0 15 0 0 0 0 15 0 0 0 0 7 0 1 12
预测:     0 73 0 0 3 0 1 0 0 5 0 0 0 0 0 2 9 0 0 1 0 15 0 0 0 0 15 0 0 0 0 7 0 1 12
准确率:    0.9714 (34/35)
----------------------------------------
输入:       RXM> WLJT VJBW LVJBWTJ >KLJ LXMJ >JK
目标:     0 0 0 65 0 0 1 58 0 24 0 0 0 0 2 0 1 0 0 0 2 1 0 0 0 0 7 0 0 0 0 5 0 0 0 0 0
预测:     0 0 0 30 0 0 1 58 0 24 0 0 0 0 2 0 1 0 0 0 2 1 0 0 0 0 7 0 0 0 0 5 0 0 0 0 0
准确率:    0.9730 (36/37)
----------------------------------------

生成的验证样本:
--------------------------------------------------------------------------------
输入:       YBJNH D>LH> LMSV> MN KL DBJC WKLJ
目标:     0 0 0 0 5 0 0 1 0 0 4 0 0 1 6 0 10 7 0 0 0 0 0 2 0 1 0 0 2 0 36 0 0 3
预测:     0 0 0 0 5 0 0 1 0 0 4 0 0 1 6 0 10 7 0 0 0 0 0 2 0 1 0 0 2 0 1 0 0 3
准确率:    0.9706 (33/34)
----------------------------------------
输入:       D>LH> LMSV> MN KL DBJC WKLJ XJLK
目标:     0 1 0 0 4 0 0 1 6 0 10 7 0 0 0 0 0 2 0 1 0 0 2 0 36 0 0 3 0 0 0 5 0
预测:     0 1 0 0 4 0 0 1 6 0 10 7 0 0 0 0 0 2 0 1 0 0 2 0 1 0 0 3 0 0 0 5 0
准确率:    0.9697 (32/33)
----------------------------------------
💾 保存新的最佳模型！验证准确率: 0.9614 (F1: 0.9609) (Epoch 4)

======================================================================
🚀 Epoch 5/200
======================================================================
📚 开始训练阶段...
训练进度: 500/6065 损失=0.1215
训练进度: 1000/6065 损失=0.2173
训练进度: 1500/6065 损失=0.1168
训练进度: 2000/6065 损失=0.0700
训练进度: 2500/6065 损失=0.1391
训练进度: 3000/6065 损失=0.1495
训练进度: 3500/6065 损失=0.1184
训练进度: 4000/6065 损失=0.1337
训练进度: 4500/6065 损失=0.2158
训练进度: 5000/6065 损失=0.1436
训练进度: 5500/6065 损失=0.1609
训练进度: 6000/6065 损失=0.1242
训练进度: 6065/6065 损失=0.1304
✅ 训练完成，耗时: 110.8秒 (1.8分钟)

============================================================
📊 验证决策: Epoch 5/200
   验证间隔: 1
   是否验证: ✅ 是
   原因: 达到验证间隔 (0 == 0)
============================================================

🔍 开始验证...
验证进度: 500/686 损失=0.0596
验证进度: 686/686 损失=0.5989

📊 预测分布分析:
  - 预测的前5个类别: {np.int64(0): 281272, np.int64(1): 37089, np.int64(2): 14705, np.int64(3): 10710, np.int64(4): 9258}
  - 标签的前5个类别: {np.int64(0): 281232, np.int64(1): 36731, np.int64(2): 14789, np.int64(3): 10866, np.int64(4): 8585}
✅ 验证完成，耗时: 4.7秒 (0.1分钟)
训练损失: 0.1383
验证损失: 0.2022
验证准确率: 0.9621 (10548/10964) - 与Levenshtein高度相关
验证F1(加权): 0.9614 - 类别平衡更好
学习率: 0.000100
显存使用: 0.48GB (预留: 0.69GB)

生成的训练样本:
--------------------------------------------------------------------------------
输入:       MCPRJN MSKN> MMLL W>MRJN LH GW< W>N
目标:     0 28 0 0 7 0 27 0 0 0 0 4 0 0 6 0 0 41 0 1 0 0 7 0 0 0 1 0 0 0 0 0 0 1 0 0
预测:     0 28 0 0 7 0 0 0 0 0 0 11 0 0 6 0 0 41 0 1 0 0 7 0 0 0 1 0 6 0 0 22 0 1 0 0
准确率:    0.8889 (32/36)
----------------------------------------
输入:       >JK DMTPSQ XWV> DKTN> M> DMRJX> BH
目标:     0 0 0 0 0 1 21 14 0 0 41 0 0 0 4 0 0 1 0 0 4 0 0 0 0 0 1 28 20 0 128 0 0 1 0
预测:     0 0 0 0 0 1 21 14 0 0 41 0 0 0 4 0 0 1 0 0 4 0 0 0 0 0 1 28 20 0 49 0 0 1 0
准确率:    0.9714 (34/35)
----------------------------------------
输入:       GBWT BJT PR<WN BJNT BNWHJ DPR<WN WHDD
目标:     0 0 0 0 2 0 0 0 2 0 0 0 0 0 2 0 0 0 2 12 0 0 25 1 0 0 0 1 0 0 0 0 2 0 1 0 0 2
预测:     0 0 0 2 2 0 0 0 2 0 0 0 0 0 2 0 0 0 2 12 0 0 25 1 0 0 0 1 0 0 0 0 2 0 1 0 0 2
准确率:    0.9737 (37/38)
----------------------------------------

生成的验证样本:
--------------------------------------------------------------------------------
输入:       YBJNH D>LH> LMSV> MN KL DBJC WKLJ
目标:     0 0 0 0 5 0 0 1 0 0 4 0 0 1 6 0 10 7 0 0 0 0 0 2 0 1 0 0 2 0 36 0 0 3
预测:     0 0 0 0 5 0 0 1 0 0 4 0 0 1 6 0 10 7 0 0 0 0 0 2 0 1 0 0 2 0 36 0 0 3
准确率:    1.0000 (34/34)
----------------------------------------
输入:       D>LH> LMSV> MN KL DBJC WKLJ XJLK
目标:     0 1 0 0 4 0 0 1 6 0 10 7 0 0 0 0 0 2 0 1 0 0 2 0 36 0 0 3 0 0 0 5 0
预测:     0 1 0 0 4 0 0 1 6 0 10 7 0 0 0 0 0 2 0 1 0 0 2 0 36 0 0 3 0 0 0 5 0
准确率:    1.0000 (33/33)
----------------------------------------
💾 保存新的最佳模型！验证准确率: 0.9621 (F1: 0.9614) (Epoch 5)

======================================================================
🚀 Epoch 6/200
======================================================================
📚 开始训练阶段...
训练进度: 500/6065 损失=0.0898
训练进度: 1000/6065 损失=0.0929
训练进度: 1500/6065 损失=0.1427
训练进度: 2000/6065 损失=0.1151
训练进度: 2500/6065 损失=0.0453
训练进度: 3000/6065 损失=0.1100
训练进度: 3500/6065 损失=0.1362
训练进度: 4000/6065 损失=0.0833
训练进度: 4500/6065 损失=0.1324
训练进度: 5000/6065 损失=0.1495
训练进度: 5500/6065 损失=0.1285
训练进度: 6000/6065 损失=0.1074
训练进度: 6065/6065 损失=0.1329
✅ 训练完成，耗时: 110.4秒 (1.8分钟)

============================================================
📊 验证决策: Epoch 6/200
   验证间隔: 1
   是否验证: ✅ 是
   原因: 达到验证间隔 (0 == 0)
============================================================

🔍 开始验证...
验证进度: 500/686 损失=0.0677
验证进度: 686/686 损失=0.6558

📊 预测分布分析:
  - 预测的前5个类别: {np.int64(0): 280199, np.int64(1): 37374, np.int64(2): 14849, np.int64(3): 10967, np.int64(4): 8687}
  - 标签的前5个类别: {np.int64(0): 281232, np.int64(1): 36731, np.int64(2): 14789, np.int64(3): 10866, np.int64(4): 8585}
✅ 验证完成，耗时: 4.7秒 (0.1分钟)
训练损失: 0.1247
验证损失: 0.2054
验证准确率: 0.9625 (10553/10964) - 与Levenshtein高度相关
验证F1(加权): 0.9622 - 类别平衡更好
学习率: 0.000100
显存使用: 0.47GB (预留: 0.69GB)

生成的训练样本:
--------------------------------------------------------------------------------
输入:       >TT LWT >BWH W<BD LH >JK NDR>
目标:     0 0 18 26 0 0 0 0 0 0 8 5 12 0 1 0 0 3 0 1 12 0 0 0 0 0 0 0 4 0
预测:     0 0 18 26 0 0 0 0 0 0 8 5 12 0 1 0 0 3 0 1 0 0 0 0 0 0 0 0 4 0
准确率:    0.9667 (29/30)
----------------------------------------
输入:       L>LJ> >MR LH >NT HW HN> DLWXH
目标:     0 1 0 0 0 2 0 0 0 3 0 1 0 0 0 0 0 0 0 0 0 0 0 0 0 0 0 0 5 0
预测:     0 1 0 0 0 2 0 0 0 7 0 1 0 0 0 0 0 0 0 0 0 0 0 0 0 0 0 0 5 0
准确率:    0.9667 (29/30)
----------------------------------------
输入:       MNK W>N <RBT HWJ >JK PR< L>
目标:     0 0 1 0 0 1 0 0 0 0 0 3 12 6 0 0 3 0 0 0 0 0 0 0 7 0 0 0
预测:     0 0 1 0 0 1 0 0 0 0 0 3 12 6 0 0 3 0 0 0 0 0 0 0 7 0 0 0
准确率:    1.0000 (28/28)
----------------------------------------

生成的验证样本:
--------------------------------------------------------------------------------
输入:       YBJNH D>LH> LMSV> MN KL DBJC WKLJ
目标:     0 0 0 0 5 0 0 1 0 0 4 0 0 1 6 0 10 7 0 0 0 0 0 2 0 1 0 0 2 0 36 0 0 3
预测:     0 0 0 0 5 0 0 1 0 0 4 0 0 1 6 0 10 7 0 0 0 0 0 2 0 1 0 0 2 0 1 0 0 3
准确率:    0.9706 (33/34)
----------------------------------------
输入:       D>LH> LMSV> MN KL DBJC WKLJ XJLK
目标:     0 1 0 0 4 0 0 1 6 0 10 7 0 0 0 0 0 2 0 1 0 0 2 0 36 0 0 3 0 0 0 5 0
预测:     0 1 0 0 4 0 0 1 6 0 10 7 0 0 0 0 0 2 0 1 0 0 2 0 1 0 0 3 0 0 0 5 0
准确率:    0.9697 (32/33)
----------------------------------------
💾 保存新的最佳模型！验证准确率: 0.9625 (F1: 0.9622) (Epoch 6)

======================================================================
🚀 Epoch 7/200
======================================================================
📚 开始训练阶段...
训练进度: 500/6065 损失=0.1822
训练进度: 1000/6065 损失=0.1225
训练进度: 1500/6065 损失=0.1690
训练进度: 2000/6065 损失=0.1008
训练进度: 2500/6065 损失=0.1541
训练进度: 3000/6065 损失=0.1190
训练进度: 3500/6065 损失=0.1285
训练进度: 4000/6065 损失=0.0904
训练进度: 4500/6065 损失=0.1584
训练进度: 5000/6065 损失=0.1568
训练进度: 5500/6065 损失=0.1615
训练进度: 6000/6065 损失=0.1286
训练进度: 6065/6065 损失=0.1251
✅ 训练完成，耗时: 110.6秒 (1.8分钟)

============================================================
📊 验证决策: Epoch 7/200
   验证间隔: 1
   是否验证: ✅ 是
   原因: 达到验证间隔 (0 == 0)
============================================================

🔍 开始验证...
验证进度: 500/686 损失=0.0575
验证进度: 686/686 损失=0.8019

📊 预测分布分析:
  - 预测的前5个类别: {np.int64(0): 279906, np.int64(1): 37241, np.int64(2): 14807, np.int64(3): 10781, np.int64(4): 8832}
  - 标签的前5个类别: {np.int64(0): 281232, np.int64(1): 36731, np.int64(2): 14789, np.int64(3): 10866, np.int64(4): 8585}
✅ 验证完成，耗时: 4.7秒 (0.1分钟)
训练损失: 0.1143
验证损失: 0.1972
验证准确率: 0.9625 (10553/10964) - 与Levenshtein高度相关
验证F1(加权): 0.9625 - 类别平衡更好
学习率: 0.000100
显存使用: 0.48GB (预留: 0.69GB)

生成的训练样本:
--------------------------------------------------------------------------------
输入:       DRMC> W<LT> DMLK> WQWRBNH W<LT> DKLH <M>
目标:     0 1 0 0 4 0 0 1 0 70 9 0 0 1 0 0 4 0 0 1 0 0 0 0 5 0 0 1 0 70 9 0 0 1 0 5 0 0 0 15 0
预测:     0 1 0 0 4 0 0 1 0 70 9 0 0 1 0 0 4 0 0 1 0 0 0 0 5 0 0 1 0 70 9 0 0 1 0 5 0 0 0 15 0
准确率:    1.0000 (41/41)
----------------------------------------
输入:       D>LH> WL> >JLJN DBXWVR> RGMJN LGNB> >L>
目标:     0 1 0 0 4 0 0 1 0 0 0 0 0 0 0 0 0 1 1 8 0 0 0 2 0 0 0 7 0 0 0 1 0 0 82 0 0 0 0 0
预测:     0 1 0 0 4 0 0 1 0 0 0 0 0 0 0 0 0 1 1 8 0 0 4 2 0 0 0 7 0 0 0 1 0 0 82 0 0 0 0 0
准确率:    0.9750 (39/40)
----------------------------------------
输入:       WSBRW BMRJ> SGJ>> >MRJN MNW NXW> LN
目标:     0 36 0 0 3 19 0 1 0 0 0 2 0 0 0 0 11 0 0 0 0 7 0 0 0 0 71 0 0 6 0 10 16 0 1 0
预测:     0 1 0 0 3 19 0 1 0 0 0 2 0 0 0 0 11 0 0 0 0 7 0 0 0 0 71 0 0 6 0 10 16 0 1 0
准确率:    0.9722 (35/36)
----------------------------------------

生成的验证样本:
--------------------------------------------------------------------------------
输入:       YBJNH D>LH> LMSV> MN KL DBJC WKLJ
目标:     0 0 0 0 5 0 0 1 0 0 4 0 0 1 6 0 10 7 0 0 0 0 0 2 0 1 0 0 2 0 36 0 0 3
预测:     0 0 0 0 5 0 0 1 0 0 4 0 0 1 6 0 10 7 0 0 0 0 0 2 0 1 0 0 2 0 36 0 0 3
准确率:    1.0000 (34/34)
----------------------------------------
输入:       D>LH> LMSV> MN KL DBJC WKLJ XJLK
目标:     0 1 0 0 4 0 0 1 6 0 10 7 0 0 0 0 0 2 0 1 0 0 2 0 36 0 0 3 0 0 0 5 0
预测:     0 1 0 0 4 0 0 1 6 0 10 7 0 0 0 0 0 2 0 1 0 0 2 0 36 0 0 3 0 0 0 5 0
准确率:    1.0000 (33/33)
----------------------------------------
💾 保存新的最佳模型！验证准确率: 0.9625 (F1: 0.9625) (Epoch 7)

======================================================================
🚀 Epoch 8/200
======================================================================
📚 开始训练阶段...
训练进度: 500/6065 损失=0.0805
训练进度: 1000/6065 损失=0.1346
训练进度: 1500/6065 损失=0.0958
训练进度: 2000/6065 损失=0.1445
训练进度: 2500/6065 损失=0.1002
训练进度: 3000/6065 损失=0.1488
训练进度: 3500/6065 损失=0.1737
训练进度: 4000/6065 损失=0.1350
训练进度: 4500/6065 损失=0.1153
训练进度: 5000/6065 损失=0.1444
训练进度: 5500/6065 损失=0.1186
训练进度: 6000/6065 损失=0.1742
训练进度: 6065/6065 损失=0.1234
✅ 训练完成，耗时: 111.3秒 (1.9分钟)

============================================================
📊 验证决策: Epoch 8/200
   验证间隔: 1
   是否验证: ✅ 是
   原因: 达到验证间隔 (0 == 0)
============================================================

🔍 开始验证...
验证进度: 500/686 损失=0.0805
验证进度: 686/686 损失=0.5343

📊 预测分布分析:
  - 预测的前5个类别: {np.int64(0): 280616, np.int64(1): 37091, np.int64(2): 15041, np.int64(3): 10770, np.int64(4): 8581}
  - 标签的前5个类别: {np.int64(0): 281232, np.int64(1): 36731, np.int64(2): 14789, np.int64(3): 10866, np.int64(4): 8585}
✅ 验证完成，耗时: 4.7秒 (0.1分钟)
训练损失: 0.1060
验证损失: 0.2071
验证准确率: 0.9633 (10562/10964) - 与Levenshtein高度相关
验证F1(加权): 0.9630 - 类别平衡更好
学习率: 0.000100
显存使用: 0.48GB (预留: 0.69GB)

生成的训练样本:
--------------------------------------------------------------------------------
输入:       >XWHJ >BRM JTB B>R<> DKN<N WLWV JTB
目标:     0 0 8 5 0 0 0 0 0 0 2 0 0 0 3 0 1 0 0 4 0 0 1 0 0 0 2 0 1 0 0 22 0 0 0 3
预测:     0 0 8 5 0 0 0 0 0 0 2 0 0 0 3 0 1 0 0 4 0 0 1 0 0 0 2 0 1 0 0 22 0 0 0 3
准确率:    1.0000 (36/36)
----------------------------------------
输入:       WH> <D >N> XJ <MKWN JWMN> MRMRTWN
目标:     0 1 0 0 0 0 0 0 0 0 0 0 0 22 0 0 1 0 0 0 0 0 0 0 4 0 0 0 0 0 3 0 0 19
预测:     0 1 0 0 0 0 0 0 0 0 0 0 0 22 0 0 1 0 0 0 0 0 0 0 4 0 0 0 0 0 3 0 0 19
准确率:    1.0000 (34/34)
----------------------------------------
输入:       VBT> W>MRT LXRC> WLJT DMXW> LJ W>MR
目标:     0 0 2 23 0 0 1 0 0 3 0 0 1 0 0 30 0 0 1 58 0 24 0 1 6 0 10 41 0 1 0 0 1 0 0 3
预测:     0 0 2 9 0 0 1 0 0 3 26 0 1 0 0 30 0 0 1 58 0 24 0 1 6 0 10 41 0 1 0 0 1 0 0 3
准确率:    0.9444 (34/36)
----------------------------------------

生成的验证样本:
--------------------------------------------------------------------------------
输入:       YBJNH D>LH> LMSV> MN KL DBJC WKLJ
目标:     0 0 0 0 5 0 0 1 0 0 4 0 0 1 6 0 10 7 0 0 0 0 0 2 0 1 0 0 2 0 36 0 0 3
预测:     0 0 0 0 5 0 0 1 0 0 4 0 0 1 6 0 10 7 0 0 0 0 0 2 0 1 0 0 2 0 1 0 0 3
准确率:    0.9706 (33/34)
----------------------------------------
输入:       D>LH> LMSV> MN KL DBJC WKLJ XJLK
目标:     0 1 0 0 4 0 0 1 6 0 10 7 0 0 0 0 0 2 0 1 0 0 2 0 36 0 0 3 0 0 0 5 0
预测:     0 1 0 0 4 0 0 1 6 0 10 7 0 0 0 0 0 2 0 1 0 0 2 0 36 0 0 3 0 0 0 5 0
准确率:    1.0000 (33/33)
----------------------------------------
💾 保存新的最佳模型！验证准确率: 0.9633 (F1: 0.9630) (Epoch 8)

======================================================================
🚀 Epoch 9/200
======================================================================
📚 开始训练阶段...
训练进度: 500/6065 损失=0.1515
训练进度: 1000/6065 损失=0.0846
训练进度: 1500/6065 损失=0.0918
训练进度: 2000/6065 损失=0.0588
训练进度: 2500/6065 损失=0.0727
训练进度: 3000/6065 损失=0.1467
训练进度: 3500/6065 损失=0.1157
训练进度: 4000/6065 损失=0.0624
训练进度: 4500/6065 损失=0.1247
训练进度: 5000/6065 损失=0.1375
训练进度: 5500/6065 损失=0.0476
训练进度: 6000/6065 损失=0.1431
训练进度: 6065/6065 损失=0.0904
✅ 训练完成，耗时: 110.7秒 (1.8分钟)

============================================================
📊 验证决策: Epoch 9/200
   验证间隔: 1
   是否验证: ✅ 是
   原因: 达到验证间隔 (0 == 0)
============================================================

🔍 开始验证...
验证进度: 500/686 损失=0.0649
验证进度: 686/686 损失=0.7493

📊 预测分布分析:
  - 预测的前5个类别: {np.int64(0): 281272, np.int64(1): 37117, np.int64(2): 15025, np.int64(3): 10731, np.int64(4): 8604}
  - 标签的前5个类别: {np.int64(0): 281232, np.int64(1): 36731, np.int64(2): 14789, np.int64(3): 10866, np.int64(4): 8585}
✅ 验证完成，耗时: 4.7秒 (0.1分钟)
训练损失: 0.0992
验证损失: 0.2078
验证准确率: 0.9652 (10582/10964) - 与Levenshtein高度相关
验证F1(加权): 0.9647 - 类别平衡更好
学习率: 0.000100
显存使用: 0.48GB (预留: 0.69GB)

生成的训练样本:
--------------------------------------------------------------------------------
输入:       DJN HD> >GRT> BJT LJ WLKWN LSHDWT>
目标:     0 0 0 0 0 0 0 0 0 0 0 13 9 0 0 0 66 0 0 1 0 0 1 1 0 0 0 0 1 0 0 0 2 9 0
预测:     0 0 0 0 0 0 0 0 0 0 0 13 9 0 0 0 66 0 0 1 0 0 1 1 0 0 0 0 1 0 0 0 2 9 0
准确率:    1.0000 (35/35)
----------------------------------------
输入:       BXWRT> WPJSKJ WQRX B<Z> WNHW> >GRJ WTSHD
目标:     0 1 0 0 22 23 0 0 1 0 0 0 0 2 0 1 0 0 2 0 1 0 11 0 0 1 6 0 10 3 0 0 0 5 0 0 1 6 0 0 3
预测:     0 1 0 0 22 23 0 0 1 0 0 0 0 2 0 1 0 0 2 0 1 0 11 0 0 1 6 0 10 3 0 0 0 5 0 0 1 6 0 0 3
准确率:    1.0000 (41/41)
----------------------------------------
输入:       DXCTWN MN MDM D<BDTWN MVL DLZBN> >XRJ>
目标:     0 1 0 130 0 0 0 0 0 0 0 0 0 2 0 1 0 0 3 0 0 0 0 0 0 0 0 1 1 0 0 11 0 0 0 0 0 11 0
预测:     0 1 0 130 0 0 0 0 0 0 0 0 0 2 0 1 0 0 3 0 0 0 0 0 0 0 0 1 1 0 0 11 0 0 0 0 0 11 0
准确率:    1.0000 (39/39)
----------------------------------------

生成的验证样本:
--------------------------------------------------------------------------------
输入:       YBJNH D>LH> LMSV> MN KL DBJC WKLJ
目标:     0 0 0 0 5 0 0 1 0 0 4 0 0 1 6 0 10 7 0 0 0 0 0 2 0 1 0 0 2 0 36 0 0 3
预测:     0 0 0 0 5 0 0 1 0 0 4 0 0 1 6 0 10 7 0 0 0 0 0 2 0 1 0 0 2 0 1 0 5 3
准确率:    0.9412 (32/34)
----------------------------------------
输入:       D>LH> LMSV> MN KL DBJC WKLJ XJLK
目标:     0 1 0 0 4 0 0 1 6 0 10 7 0 0 0 0 0 2 0 1 0 0 2 0 36 0 0 3 0 0 0 5 0
预测:     0 1 0 0 4 0 0 1 6 0 10 7 0 0 0 0 0 2 0 1 0 0 2 0 1 0 5 3 0 0 0 5 0
准确率:    0.9394 (31/33)
----------------------------------------
💾 保存新的最佳模型！验证准确率: 0.9652 (F1: 0.9647) (Epoch 9)

======================================================================
🚀 Epoch 10/200
======================================================================
📚 开始训练阶段...
训练进度: 500/6065 损失=0.0779
训练进度: 1000/6065 损失=0.0882
训练进度: 1500/6065 损失=0.0863
训练进度: 2000/6065 损失=0.0845
训练进度: 2500/6065 损失=0.0674
训练进度: 3000/6065 损失=0.0824
训练进度: 3500/6065 损失=0.1450
训练进度: 4000/6065 损失=0.1150
训练进度: 4500/6065 损失=0.0835
训练进度: 5000/6065 损失=0.0976
训练进度: 5500/6065 损失=0.0791
训练进度: 6000/6065 损失=0.0755
训练进度: 6065/6065 损失=0.0363
✅ 训练完成，耗时: 110.7秒 (1.8分钟)

============================================================
📊 验证决策: Epoch 10/200
   验证间隔: 1
   是否验证: ✅ 是
   原因: 达到验证间隔 (0 == 0)
============================================================

🔍 开始验证...
验证进度: 500/686 损失=0.0939
验证进度: 686/686 损失=0.7571

📊 预测分布分析:
  - 预测的前5个类别: {np.int64(0): 279963, np.int64(1): 37281, np.int64(2): 14801, np.int64(3): 10882, np.int64(4): 8501}
  - 标签的前5个类别: {np.int64(0): 281232, np.int64(1): 36731, np.int64(2): 14789, np.int64(3): 10866, np.int64(4): 8585}
✅ 验证完成，耗时: 4.7秒 (0.1分钟)
训练损失: 0.0936
验证损失: 0.2078
验证准确率: 0.9645 (10574/10964) - 与Levenshtein高度相关
验证F1(加权): 0.9645 - 类别平衡更好
学习率: 0.000099
显存使用: 0.47GB (预留: 0.69GB)

生成的训练样本:
--------------------------------------------------------------------------------
输入:       W>PJHWN XD LWQBL XD <L XWSJ> HWJ
目标:     0 1 54 2 1 0 0 0 0 0 2 0 0 0 0 0 0 0 0 2 0 0 0 0 0 0 0 4 0 0 0 0 80
预测:     0 1 54 2 1 0 0 0 0 0 2 0 0 0 0 0 0 0 0 2 0 0 0 0 0 0 0 4 0 0 0 0 80
准确率:    1.0000 (33/33)
----------------------------------------
输入:       WGZR> D<NK LJV >NT BM<LK LJV >NT
目标:     0 1 0 0 30 0 0 1 0 5 0 0 20 0 40 0 0 0 0 0 1 0 0 5 0 0 20 0 40 0 0 0 0
预测:     0 1 0 0 30 0 0 1 0 5 0 0 20 0 40 0 0 0 0 0 1 0 0 5 0 0 20 0 40 0 0 0 0
准确率:    1.0000 (33/33)
----------------------------------------
输入:       >XWN DXZJN BVWRP> DNPCH KD MTKCP HW>
目标:     0 0 8 5 0 0 1 0 0 3 0 0 1 0 0 0 4 0 0 1 0 0 5 0 0 0 0 0 21 14 0 0 41 0 0 10 3
预测:     0 0 8 5 0 0 1 0 42 0 0 0 1 0 0 0 4 0 0 1 0 0 5 0 0 0 0 0 21 14 0 0 41 0 0 10 3
准确率:    0.9459 (35/37)
----------------------------------------

生成的验证样本:
--------------------------------------------------------------------------------
输入:       YBJNH D>LH> LMSV> MN KL DBJC WKLJ
目标:     0 0 0 0 5 0 0 1 0 0 4 0 0 1 6 0 10 7 0 0 0 0 0 2 0 1 0 0 2 0 36 0 0 3
预测:     0 0 0 0 5 0 0 1 0 0 4 0 0 1 6 0 10 7 0 0 0 0 0 2 0 1 0 0 2 0 36 0 5 3
准确率:    0.9706 (33/34)
----------------------------------------
输入:       D>LH> LMSV> MN KL DBJC WKLJ XJLK
目标:     0 1 0 0 4 0 0 1 6 0 10 7 0 0 0 0 0 2 0 1 0 0 2 0 36 0 0 3 0 0 0 5 0
预测:     0 1 0 0 4 0 0 1 6 0 10 7 0 0 0 0 0 2 0 1 0 0 2 0 36 0 0 3 0 0 0 5 0
准确率:    1.0000 (33/33)
----------------------------------------
⏳ 验证无提升 (验证准确率: 0.9645 ≤ 0.9652)，patience: 1/50

======================================================================
🚀 Epoch 11/200
======================================================================
📚 开始训练阶段...
训练进度: 500/6065 损失=0.0712
训练进度: 1000/6065 损失=0.0889
训练进度: 1500/6065 损失=0.1560
训练进度: 2000/6065 损失=0.0937
训练进度: 2500/6065 损失=0.1614
训练进度: 3000/6065 损失=0.0796
训练进度: 3500/6065 损失=0.1481
训练进度: 4000/6065 损失=0.0807
训练进度: 4500/6065 损失=0.1001
训练进度: 5000/6065 损失=0.0713
训练进度: 5500/6065 损失=0.0906
训练进度: 6000/6065 损失=0.0771
训练进度: 6065/6065 损失=0.0942
✅ 训练完成，耗时: 111.6秒 (1.9分钟)

============================================================
📊 验证决策: Epoch 11/200
   验证间隔: 1
   是否验证: ✅ 是
   原因: 达到验证间隔 (0 == 0)
============================================================

🔍 开始验证...
验证进度: 500/686 损失=0.0671
验证进度: 686/686 损失=0.8285

📊 预测分布分析:
  - 预测的前5个类别: {np.int64(0): 281291, np.int64(1): 37099, np.int64(2): 14655, np.int64(3): 10560, np.int64(4): 8905}
  - 标签的前5个类别: {np.int64(0): 281232, np.int64(1): 36731, np.int64(2): 14789, np.int64(3): 10866, np.int64(4): 8585}
✅ 验证完成，耗时: 4.7秒 (0.1分钟)
训练损失: 0.0888
验证损失: 0.2241
验证准确率: 0.9649 (10578/10964) - 与Levenshtein高度相关
验证F1(加权): 0.9644 - 类别平衡更好
学习率: 0.000099
显存使用: 0.47GB (预留: 0.69GB)

生成的训练样本:
--------------------------------------------------------------------------------
输入:       DJHBT QDMJK JWMN> XJ> WMWT> WVBT> WBJCT>
目标:     0 1 0 0 3 0 0 0 0 2 1 0 0 0 0 0 4 0 0 0 11 0 0 1 0 0 15 0 0 1 0 150 23 0 0 1 0 0 2 23 0
预测:     0 1 0 0 3 0 0 0 0 2 1 0 0 0 0 0 4 0 0 0 11 0 0 1 0 0 15 0 0 1 0 2 23 0 0 1 0 0 2 9 0
准确率:    0.9512 (39/41)
----------------------------------------
输入:       MN <MJ W>TXZJW LH TRJN TLT> MHJMNJN
目标:     0 0 12 0 0 1 0 0 1 0 14 0 0 3 0 0 1 0 0 0 2 0 12 0 0 0 2 0 0 6 0 0 0 7 0 78
预测:     0 0 0 0 0 37 0 0 1 0 14 0 0 3 0 0 1 0 0 0 2 0 12 0 0 0 2 0 0 6 0 0 0 7 0 19
准确率:    0.9167 (33/36)
----------------------------------------
输入:       DLMZDHRW MN BJCT> VBT> GJR DJLH HJ
目标:     0 1 1 45 85 0 0 7 19 0 0 0 0 0 0 2 9 0 0 0 2 9 0 0 0 0 0 0 0 0 1 0 0 0 12
预测:     0 1 1 45 85 0 0 7 0 0 0 0 0 0 0 2 9 0 0 0 2 9 0 0 0 0 0 0 0 0 1 0 0 0 12
准确率:    0.9714 (34/35)
----------------------------------------

生成的验证样本:
--------------------------------------------------------------------------------
输入:       YBJNH D>LH> LMSV> MN KL DBJC WKLJ
目标:     0 0 0 0 5 0 0 1 0 0 4 0 0 1 6 0 10 7 0 0 0 0 0 2 0 1 0 0 2 0 36 0 0 3
预测:     0 0 0 0 5 0 0 1 0 0 4 0 0 1 6 0 10 7 0 0 0 0 0 2 0 1 0 0 2 0 1 0 0 3
准确率:    0.9706 (33/34)
----------------------------------------
输入:       D>LH> LMSV> MN KL DBJC WKLJ XJLK
目标:     0 1 0 0 4 0 0 1 6 0 10 7 0 0 0 0 0 2 0 1 0 0 2 0 36 0 0 3 0 0 0 5 0
预测:     0 1 0 0 4 0 0 1 6 0 10 7 0 0 0 0 0 2 0 1 0 0 2 0 36 0 0 3 0 0 0 5 0
准确率:    1.0000 (33/33)
----------------------------------------
⏳ 验证无提升 (验证准确率: 0.9649 ≤ 0.9652)，patience: 2/50

======================================================================
🚀 Epoch 12/200
======================================================================
📚 开始训练阶段...
训练进度: 500/6065 损失=0.0590
训练进度: 1000/6065 损失=0.0947
训练进度: 1500/6065 损失=0.0509
训练进度: 2000/6065 损失=0.0613
训练进度: 2500/6065 损失=0.0579
训练进度: 3000/6065 损失=0.0681
训练进度: 3500/6065 损失=0.0554
训练进度: 4000/6065 损失=0.0643
训练进度: 4500/6065 损失=0.0746
训练进度: 5000/6065 损失=0.1726
训练进度: 5500/6065 损失=0.1117
训练进度: 6000/6065 损失=0.0729
训练进度: 6065/6065 损失=0.0530
✅ 训练完成，耗时: 111.5秒 (1.9分钟)

============================================================
📊 验证决策: Epoch 12/200
   验证间隔: 1
   是否验证: ✅ 是
   原因: 达到验证间隔 (0 == 0)
============================================================

🔍 开始验证...
验证进度: 500/686 损失=0.0691
验证进度: 686/686 损失=0.8935

📊 预测分布分析:
  - 预测的前5个类别: {np.int64(0): 280845, np.int64(1): 37095, np.int64(2): 14894, np.int64(3): 11122, np.int64(4): 8548}
  - 标签的前5个类别: {np.int64(0): 281232, np.int64(1): 36731, np.int64(2): 14789, np.int64(3): 10866, np.int64(4): 8585}
✅ 验证完成，耗时: 4.8秒 (0.1分钟)
训练损失: 0.0840
验证损失: 0.2178
验证准确率: 0.9658 (10588/10964) - 与Levenshtein高度相关
验证F1(加权): 0.9655 - 类别平衡更好
学习率: 0.000099
显存使用: 0.47GB (预留: 0.69GB)

生成的训练样本:
--------------------------------------------------------------------------------
输入:       W>JLJN DQJMJN HWW BXD R<JN> WBXD MLK>
目标:     0 1 0 0 0 0 0 0 1 20 0 7 0 0 0 0 18 0 0 1 0 2 0 0 0 0 4 0 0 1 1 0 2 0 0 0 55 0
预测:     0 1 0 0 0 0 0 0 1 20 0 7 0 0 0 0 18 0 0 1 0 2 0 0 0 0 4 0 0 1 1 0 2 0 0 0 55 0
准确率:    1.0000 (38/38)
----------------------------------------
输入:       VB> DGBR> WBDHB> SGJ>> WBXWMR> VBT> WMCMCJN
目标:     0 0 11 0 0 1 0 0 11 0 0 1 1 0 0 4 0 0 0 0 0 4 0 0 1 1 0 0 0 61 0 0 0 2 23 0 0 1 6 0 0 49 0 19
预测:     0 0 11 0 0 1 0 0 11 0 0 1 1 0 0 4 0 0 0 0 0 4 0 0 1 1 0 0 0 61 0 0 0 2 23 0 0 1 6 0 0 49 0 19
准确率:    1.0000 (44/44)
----------------------------------------
输入:       WVLLH LBJT> BGWB> NSJRT> D>RZ> WBN> XDRT>
目标:     0 1 0 0 157 0 0 1 0 0 4 0 0 1 0 0 61 0 0 0 8 0 49 23 27 0 1 0 0 4 0 0 1 0 10 3 0 0 0 13 23 0
预测:     0 1 0 0 157 0 0 1 0 0 4 0 0 1 0 0 61 0 0 0 8 0 49 23 27 0 1 0 0 4 0 0 1 0 10 3 0 0 0 13 23 0
准确率:    1.0000 (42/42)
----------------------------------------

生成的验证样本:
--------------------------------------------------------------------------------
输入:       YBJNH D>LH> LMSV> MN KL DBJC WKLJ
目标:     0 0 0 0 5 0 0 1 0 0 4 0 0 1 6 0 10 7 0 0 0 0 0 2 0 1 0 0 2 0 36 0 0 3
预测:     0 0 0 0 5 0 0 1 0 0 4 0 0 1 6 0 10 7 0 0 0 0 0 2 0 1 0 0 2 0 36 0 0 3
准确率:    1.0000 (34/34)
----------------------------------------
输入:       D>LH> LMSV> MN KL DBJC WKLJ XJLK
目标:     0 1 0 0 4 0 0 1 6 0 10 7 0 0 0 0 0 2 0 1 0 0 2 0 36 0 0 3 0 0 0 5 0
预测:     0 1 0 0 4 0 0 1 6 0 10 7 0 0 0 0 0 2 0 1 0 0 2 0 36 0 0 3 0 0 0 5 0
准确率:    1.0000 (33/33)
----------------------------------------
💾 保存新的最佳模型！验证准确率: 0.9658 (F1: 0.9655) (Epoch 12)

======================================================================
🚀 Epoch 13/200
======================================================================
📚 开始训练阶段...
训练进度: 500/6065 损失=0.0706
训练进度: 1000/6065 损失=0.0571
训练进度: 1500/6065 损失=0.0888
训练进度: 2000/6065 损失=0.0570
训练进度: 2500/6065 损失=0.1070
训练进度: 3000/6065 损失=0.0809
训练进度: 3500/6065 损失=0.0404
训练进度: 4000/6065 损失=0.0464
训练进度: 4500/6065 损失=0.0726
训练进度: 5000/6065 损失=0.0541
训练进度: 5500/6065 损失=0.1270
训练进度: 6000/6065 损失=0.0719
训练进度: 6065/6065 损失=0.0733
✅ 训练完成，耗时: 111.3秒 (1.9分钟)

============================================================
📊 验证决策: Epoch 13/200
   验证间隔: 1
   是否验证: ✅ 是
   原因: 达到验证间隔 (0 == 0)
============================================================

🔍 开始验证...
验证进度: 500/686 损失=0.0717
验证进度: 686/686 损失=0.9187

📊 预测分布分析:
  - 预测的前5个类别: {np.int64(0): 280866, np.int64(1): 37126, np.int64(2): 14687, np.int64(3): 10469, np.int64(4): 8802}
  - 标签的前5个类别: {np.int64(0): 281232, np.int64(1): 36731, np.int64(2): 14789, np.int64(3): 10866, np.int64(4): 8585}
✅ 验证完成，耗时: 4.7秒 (0.1分钟)
训练损失: 0.0805
验证损失: 0.2230
验证准确率: 0.9651 (10581/10964) - 与Levenshtein高度相关
验证F1(加权): 0.9649 - 类别平衡更好
学习率: 0.000099
显存使用: 0.47GB (预留: 0.69GB)

生成的训练样本:
--------------------------------------------------------------------------------
输入:       LMTXZJW LMNWX WL>NTTH WHJDJN >JD<W MNWX W>NTTH
目标:     0 1 21 14 0 0 7 0 0 1 0 0 0 2 0 1 1 0 0 13 1 0 0 1 0 0 0 0 0 8 0 0 0 3 0 0 0 0 0 2 0 1 0 0 13 1 0
预测:     0 1 21 14 0 0 7 0 0 1 0 0 0 2 0 1 1 0 0 13 1 0 0 1 0 0 0 0 0 8 0 0 0 3 0 0 0 0 0 2 0 1 0 0 13 1 0
准确率:    1.0000 (47/47)
----------------------------------------
输入:       WXMCJN TN>N <BDW BSVRH DJRJ<T> XD> BDBQ>
目标:     0 1 0 0 2 0 0 0 60 0 22 0 0 0 0 3 0 0 1 0 0 5 12 0 1 0 0 0 13 9 0 0 0 2 0 0 1 0 0 15 0
预测:     0 1 0 0 2 0 0 0 60 0 22 0 0 0 0 3 0 0 1 0 0 5 12 0 1 0 0 0 13 9 0 0 0 2 0 0 1 0 0 15 0
准确率:    1.0000 (41/41)
----------------------------------------
输入:       >NTWN QC> QDL> DLM> >WBDKWN B>WRX> WCM<W
目标:     0 0 0 0 0 0 0 0 138 0 0 0 0 4 0 0 0 0 0 0 0 68 0 0 29 0 0 0 0 1 0 0 0 4 0 0 1 0 0 3 0
预测:     0 0 0 0 0 0 0 0 138 0 0 0 0 4 0 0 0 0 0 0 0 68 0 0 29 0 0 0 0 1 0 0 0 4 0 0 1 0 0 3 0
准确率:    1.0000 (41/41)
----------------------------------------

生成的验证样本:
--------------------------------------------------------------------------------
输入:       YBJNH D>LH> LMSV> MN KL DBJC WKLJ
目标:     0 0 0 0 5 0 0 1 0 0 4 0 0 1 6 0 10 7 0 0 0 0 0 2 0 1 0 0 2 0 36 0 0 3
预测:     0 0 0 0 5 0 0 1 0 0 4 0 0 1 6 0 10 7 0 0 0 0 0 2 0 1 0 0 2 0 36 0 0 3
准确率:    1.0000 (34/34)
----------------------------------------
输入:       D>LH> LMSV> MN KL DBJC WKLJ XJLK
目标:     0 1 0 0 4 0 0 1 6 0 10 7 0 0 0 0 0 2 0 1 0 0 2 0 36 0 0 3 0 0 0 5 0
预测:     0 1 0 0 4 0 0 1 6 0 10 7 0 0 0 0 0 2 0 1 0 0 2 0 36 0 0 3 0 0 0 5 0
准确率:    1.0000 (33/33)
----------------------------------------
⏳ 验证无提升 (验证准确率: 0.9651 ≤ 0.9658)，patience: 1/50

======================================================================
🚀 Epoch 14/200
======================================================================
📚 开始训练阶段...
训练进度: 500/6065 损失=0.0610
训练进度: 1000/6065 损失=0.0704
训练进度: 1500/6065 损失=0.0454
训练进度: 2000/6065 损失=0.1052
训练进度: 2500/6065 损失=0.1667
训练进度: 3000/6065 损失=0.0620
训练进度: 3500/6065 损失=0.0601
训练进度: 4000/6065 损失=0.0688
训练进度: 4500/6065 损失=0.1409
训练进度: 5000/6065 损失=0.0631
训练进度: 5500/6065 损失=0.0510
训练进度: 6000/6065 损失=0.0752
训练进度: 6065/6065 损失=0.0927
✅ 训练完成，耗时: 111.5秒 (1.9分钟)

============================================================
📊 验证决策: Epoch 14/200
   验证间隔: 1
   是否验证: ✅ 是
   原因: 达到验证间隔 (0 == 0)
============================================================

🔍 开始验证...
验证进度: 500/686 损失=0.0566
验证进度: 686/686 损失=0.8540

📊 预测分布分析:
  - 预测的前5个类别: {np.int64(0): 280730, np.int64(1): 37080, np.int64(2): 15014, np.int64(3): 10899, np.int64(4): 8991}
  - 标签的前5个类别: {np.int64(0): 281232, np.int64(1): 36731, np.int64(2): 14789, np.int64(3): 10866, np.int64(4): 8585}
✅ 验证完成，耗时: 4.8秒 (0.1分钟)
训练损失: 0.0771
验证损失: 0.2272
验证准确率: 0.9662 (10593/10964) - 与Levenshtein高度相关
验证F1(加权): 0.9657 - 类别平衡更好
学习率: 0.000099
显存使用: 0.47GB (预留: 0.69GB)

生成的训练样本:
--------------------------------------------------------------------------------
输入:       MN SJP> LNPC> DJLJ WMN >JD> DKLB>
目标:     0 0 0 0 0 0 4 0 0 1 0 0 4 0 0 0 0 1 0 0 1 0 0 8 0 0 4 0 0 1 0 0 4 0
预测:     0 0 0 0 0 0 4 0 0 1 0 0 4 0 0 0 0 1 0 0 1 0 0 8 0 0 4 0 0 1 0 0 11 0
准确率:    0.9706 (33/34)
----------------------------------------
输入:       NCTKX GBR> DDMK <M >NTT GBR> MTQVLW
目标:     0 45 39 0 0 3 0 0 0 4 0 0 1 0 0 7 0 0 0 0 0 0 13 0 0 0 0 4 0 0 21 14 0 0 7 0
预测:     0 45 39 0 0 3 0 0 0 4 0 0 1 0 0 7 0 0 0 0 0 0 13 0 0 0 0 4 0 0 21 14 0 0 7 0
准确率:    1.0000 (36/36)
----------------------------------------
输入:       WKLH >R<> DXPR BR >BJNDB BNPTDWR VPT
目标:     0 1 0 5 12 0 0 0 4 0 0 1 0 0 22 0 0 2 0 0 0 0 0 0 2 0 1 0 0 0 0 0 2 0 0 0 2
预测:     0 1 0 5 12 0 0 0 4 0 0 1 0 0 22 0 0 2 0 0 0 0 0 0 2 0 1 0 0 0 0 0 2 0 0 0 2
准确率:    1.0000 (37/37)
----------------------------------------

生成的验证样本:
--------------------------------------------------------------------------------
输入:       YBJNH D>LH> LMSV> MN KL DBJC WKLJ
目标:     0 0 0 0 5 0 0 1 0 0 4 0 0 1 6 0 10 7 0 0 0 0 0 2 0 1 0 0 2 0 36 0 0 3
预测:     0 0 0 0 5 0 0 1 0 0 4 0 0 1 6 0 10 7 0 0 0 0 0 2 0 1 0 0 2 0 36 0 0 3
准确率:    1.0000 (34/34)
----------------------------------------
输入:       D>LH> LMSV> MN KL DBJC WKLJ XJLK
目标:     0 1 0 0 4 0 0 1 6 0 10 7 0 0 0 0 0 2 0 1 0 0 2 0 36 0 0 3 0 0 0 5 0
预测:     0 1 0 0 4 0 0 1 6 0 10 7 0 0 0 0 0 2 0 1 0 0 2 0 36 0 0 3 0 0 0 5 0
准确率:    1.0000 (33/33)
----------------------------------------
💾 保存新的最佳模型！验证准确率: 0.9662 (F1: 0.9657) (Epoch 14)

======================================================================
🚀 Epoch 15/200
======================================================================
📚 开始训练阶段...
训练进度: 500/6065 损失=0.0986
训练进度: 1000/6065 损失=0.0592
训练进度: 1500/6065 损失=0.0675
训练进度: 2000/6065 损失=0.0888
训练进度: 2500/6065 损失=0.0928
训练进度: 3000/6065 损失=0.0982
训练进度: 3500/6065 损失=0.0552
训练进度: 4000/6065 损失=0.1091
训练进度: 4500/6065 损失=0.1300
训练进度: 5000/6065 损失=0.0738
训练进度: 5500/6065 损失=0.0397
训练进度: 6000/6065 损失=0.0565
训练进度: 6065/6065 损失=0.1218
✅ 训练完成，耗时: 111.3秒 (1.9分钟)

============================================================
📊 验证决策: Epoch 15/200
   验证间隔: 1
   是否验证: ✅ 是
   原因: 达到验证间隔 (0 == 0)
============================================================

🔍 开始验证...
验证进度: 500/686 损失=0.0641
验证进度: 686/686 损失=0.9266

📊 预测分布分析:
  - 预测的前5个类别: {np.int64(0): 281095, np.int64(1): 37066, np.int64(2): 14771, np.int64(3): 10767, np.int64(4): 8865}
  - 标签的前5个类别: {np.int64(0): 281232, np.int64(1): 36731, np.int64(2): 14789, np.int64(3): 10866, np.int64(4): 8585}
✅ 验证完成，耗时: 4.7秒 (0.1分钟)
训练损失: 0.0741
验证损失: 0.2309
验证准确率: 0.9658 (10589/10964) - 与Levenshtein高度相关
验证F1(加权): 0.9656 - 类别平衡更好
学习率: 0.000099
显存使用: 0.47GB (预留: 0.69GB)

生成的训练样本:
--------------------------------------------------------------------------------
输入:       JLDT LJ<WC WLJ<LN WLQWRX HLJN BNWHJ D<SW
目标:     0 0 0 3 26 0 1 0 0 0 2 0 1 1 0 0 0 2 0 1 1 0 0 0 2 0 0 0 0 0 0 0 25 1 0 0 0 1 0 0 2
预测:     0 0 0 3 26 0 1 0 0 0 2 0 1 1 0 0 0 2 0 1 1 0 0 0 2 0 0 0 0 0 0 0 25 1 0 0 0 1 0 0 2
准确率:    1.0000 (41/41)
----------------------------------------
输入:       LKWN MNW <BDKWN >MRW LH MRJ QNJN>
目标:     0 1 0 0 0 0 0 71 0 0 0 0 98 0 0 0 6 0 0 3 0 0 1 0 0 0 13 0 0 0 0 0 4 0
预测:     0 1 0 0 0 0 0 71 0 0 0 0 98 0 0 0 6 0 0 3 0 0 1 0 0 0 13 0 0 0 0 0 4 0
准确率:    1.0000 (34/34)
----------------------------------------
输入:       >LHK HKN> N<BD MRJ> >LHK LKLHWN <MM>
目标:     0 0 0 5 0 0 0 0 0 0 0 6 0 0 3 0 0 0 0 2 0 0 0 5 0 0 1 0 5 0 0 0 0 0 8 30 0
预测:     0 0 0 5 0 0 0 0 0 0 0 6 0 0 3 0 0 0 0 2 0 0 0 5 0 0 1 0 5 0 0 0 0 0 8 30 0
准确率:    1.0000 (37/37)
----------------------------------------

生成的验证样本:
--------------------------------------------------------------------------------
输入:       YBJNH D>LH> LMSV> MN KL DBJC WKLJ
目标:     0 0 0 0 5 0 0 1 0 0 4 0 0 1 6 0 10 7 0 0 0 0 0 2 0 1 0 0 2 0 36 0 0 3
预测:     0 0 0 0 5 0 0 1 0 0 4 0 0 1 6 0 10 7 0 0 0 0 0 2 0 1 0 0 2 0 36 0 5 3
准确率:    0.9706 (33/34)
----------------------------------------
输入:       D>LH> LMSV> MN KL DBJC WKLJ XJLK
目标:     0 1 0 0 4 0 0 1 6 0 10 7 0 0 0 0 0 2 0 1 0 0 2 0 36 0 0 3 0 0 0 5 0
预测:     0 1 0 0 4 0 0 1 6 0 10 7 0 0 0 0 0 2 0 1 0 0 2 0 36 0 5 3 0 0 0 5 0
准确率:    0.9697 (32/33)
----------------------------------------
⏳ 验证无提升 (验证准确率: 0.9658 ≤ 0.9662)，patience: 1/50

======================================================================
🚀 Epoch 16/200
======================================================================
📚 开始训练阶段...
训练进度: 500/6065 损失=0.0652
训练进度: 1000/6065 损失=0.0995
训练进度: 1500/6065 损失=0.1044
训练进度: 2000/6065 损失=0.0614
训练进度: 2500/6065 损失=0.0549
训练进度: 3000/6065 损失=0.0645
训练进度: 3500/6065 损失=0.0605
训练进度: 4000/6065 损失=0.0610
训练进度: 4500/6065 损失=0.0661
训练进度: 5000/6065 损失=0.0880
训练进度: 5500/6065 损失=0.0431
训练进度: 6000/6065 损失=0.0518
训练进度: 6065/6065 损失=0.0524
✅ 训练完成，耗时: 111.2秒 (1.9分钟)

============================================================
📊 验证决策: Epoch 16/200
   验证间隔: 1
   是否验证: ✅ 是
   原因: 达到验证间隔 (0 == 0)
============================================================

🔍 开始验证...
验证进度: 500/686 损失=0.0608
验证进度: 686/686 损失=1.0050

📊 预测分布分析:
  - 预测的前5个类别: {np.int64(0): 281434, np.int64(1): 37130, np.int64(2): 14611, np.int64(3): 10786, np.int64(4): 8700}
  - 标签的前5个类别: {np.int64(0): 281232, np.int64(1): 36731, np.int64(2): 14789, np.int64(3): 10866, np.int64(4): 8585}
✅ 验证完成，耗时: 4.7秒 (0.1分钟)
训练损失: 0.0717
验证损失: 0.2357
验证准确率: 0.9665 (10596/10964) - 与Levenshtein高度相关
验证F1(加权): 0.9662 - 类别平衡更好
学习率: 0.000098
显存使用: 0.47GB (预留: 0.69GB)

生成的训练样本:
--------------------------------------------------------------------------------
输入:       WN<LN LBJTK WLQJVWNK WLBJT MCKBK WL<RSTK WBBJT
目标:     0 1 6 0 53 12 0 1 0 0 5 0 0 1 1 0 0 0 0 5 0 0 1 1 0 0 2 0 0 0 0 56 0 0 1 1 0 0 2 32 0 0 1 1 0 0 2
预测:     0 1 6 0 53 12 0 1 0 0 5 0 0 1 1 0 0 0 0 5 0 0 1 1 0 0 2 0 0 0 0 56 0 0 1 1 0 0 2 32 0 0 1 1 0 0 2
准确率:    1.0000 (47/47)
----------------------------------------
输入:       BK> HW> W<L XBJBH MJLL HW> KLNC
目标:     0 0 10 7 0 0 10 3 0 1 0 0 0 0 8 0 147 0 0 28 0 0 7 0 0 10 3 0 0 84 0 2
预测:     0 0 10 7 0 0 10 3 0 1 0 0 0 0 8 0 147 0 0 28 0 0 7 0 0 10 3 0 0 84 0 2
准确率:    1.0000 (32/32)
----------------------------------------
输入:       WL> >CKX W>MRT RXJL L>BWH L> NTB>C
目标:     0 1 0 0 0 17 0 0 3 0 1 0 0 3 26 0 0 0 0 2 0 1 0 8 5 12 0 0 0 0 21 14 0 0 3
预测:     0 1 0 0 0 17 0 0 3 0 1 0 0 3 26 0 0 0 0 2 0 1 0 8 5 12 0 0 0 0 21 14 0 0 3
准确率:    1.0000 (35/35)
----------------------------------------

生成的验证样本:
--------------------------------------------------------------------------------
输入:       YBJNH D>LH> LMSV> MN KL DBJC WKLJ
目标:     0 0 0 0 5 0 0 1 0 0 4 0 0 1 6 0 10 7 0 0 0 0 0 2 0 1 0 0 2 0 36 0 0 3
预测:     0 0 0 0 5 0 0 1 0 0 4 0 0 1 6 0 10 7 0 0 0 0 0 2 0 1 0 0 2 0 36 0 0 3
准确率:    1.0000 (34/34)
----------------------------------------
输入:       D>LH> LMSV> MN KL DBJC WKLJ XJLK
目标:     0 1 0 0 4 0 0 1 6 0 10 7 0 0 0 0 0 2 0 1 0 0 2 0 36 0 0 3 0 0 0 5 0
预测:     0 1 0 0 4 0 0 1 6 0 10 7 0 0 0 0 0 2 0 1 0 0 2 0 36 0 0 3 0 0 0 5 0
准确率:    1.0000 (33/33)
----------------------------------------
💾 保存新的最佳模型！验证准确率: 0.9665 (F1: 0.9662) (Epoch 16)

======================================================================
🚀 Epoch 17/200
======================================================================
📚 开始训练阶段...
训练进度: 500/6065 损失=0.0792
训练进度: 1000/6065 损失=0.0436
训练进度: 1500/6065 损失=0.0545
训练进度: 2000/6065 损失=0.0740
训练进度: 2500/6065 损失=0.1105
训练进度: 3000/6065 损失=0.0554
训练进度: 3500/6065 损失=0.0727
训练进度: 4000/6065 损失=0.0581
训练进度: 4500/6065 损失=0.0617
训练进度: 5000/6065 损失=0.0410
训练进度: 5500/6065 损失=0.0543
训练进度: 6000/6065 损失=0.1192
训练进度: 6065/6065 损失=0.0930
✅ 训练完成，耗时: 110.4秒 (1.8分钟)

============================================================
📊 验证决策: Epoch 17/200
   验证间隔: 1
   是否验证: ✅ 是
   原因: 达到验证间隔 (0 == 0)
============================================================

🔍 开始验证...
验证进度: 500/686 损失=0.0870
验证进度: 686/686 损失=0.6870

📊 预测分布分析:
  - 预测的前5个类别: {np.int64(0): 280906, np.int64(1): 37146, np.int64(2): 14831, np.int64(3): 10822, np.int64(4): 9049}
  - 标签的前5个类别: {np.int64(0): 281232, np.int64(1): 36731, np.int64(2): 14789, np.int64(3): 10866, np.int64(4): 8585}
✅ 验证完成，耗时: 4.7秒 (0.1分钟)
训练损失: 0.0692
验证损失: 0.2328
验证准确率: 0.9664 (10595/10964) - 与Levenshtein高度相关
验证F1(加权): 0.9660 - 类别平衡更好
学习率: 0.000098
显存使用: 0.47GB (预留: 0.69GB)

生成的训练样本:
--------------------------------------------------------------------------------
输入:       BRT MN >NTJ W>MRT BRT BTW>JL >N>
目标:     0 0 13 0 0 0 12 0 0 0 0 0 0 1 0 0 3 26 0 0 13 0 0 0 0 0 0 0 2 0 0 0 0
预测:     0 0 13 0 0 0 12 0 0 0 0 0 0 1 0 0 3 26 0 0 13 0 0 0 0 0 0 0 2 0 0 0 0
准确率:    1.0000 (33/33)
----------------------------------------
输入:       HWW MDJNJ> W<MLJQJ> WBNJ RQM WCRJN HWW
目标:     0 0 18 0 0 0 0 0 0 11 0 0 1 0 0 0 0 0 11 0 0 1 0 2 0 0 0 0 2 0 1 0 42 0 0 0 0 18 0
预测:     0 0 18 0 0 0 0 0 0 11 0 0 1 0 0 0 0 0 11 0 0 1 0 2 0 0 0 0 2 0 1 0 42 0 0 0 0 18 0
准确率:    1.0000 (39/39)
----------------------------------------
输入:       D>TTGRTH LMDJNTN MN> >BJL >NT NYJX> DBTJB>
目标:     0 1 0 14 0 0 33 131 12 0 1 0 0 0 13 1 0 0 0 0 0 0 0 8 0 122 0 0 0 0 0 0 8 0 7 27 0 1 1 0 0 11 0
预测:     0 1 0 14 0 0 33 131 12 0 1 0 0 0 13 1 0 0 0 0 0 0 0 8 0 122 0 0 0 0 0 0 8 0 7 27 0 1 1 0 0 11 0
准确率:    1.0000 (43/43)
----------------------------------------

生成的验证样本:
--------------------------------------------------------------------------------
输入:       YBJNH D>LH> LMSV> MN KL DBJC WKLJ
目标:     0 0 0 0 5 0 0 1 0 0 4 0 0 1 6 0 10 7 0 0 0 0 0 2 0 1 0 0 2 0 36 0 0 3
预测:     0 0 0 0 5 0 0 1 0 0 4 0 0 1 6 0 10 7 0 0 0 0 0 2 0 1 0 0 2 0 36 0 0 3
准确率:    1.0000 (34/34)
----------------------------------------
输入:       D>LH> LMSV> MN KL DBJC WKLJ XJLK
目标:     0 1 0 0 4 0 0 1 6 0 10 7 0 0 0 0 0 2 0 1 0 0 2 0 36 0 0 3 0 0 0 5 0
预测:     0 1 0 0 4 0 0 1 6 0 10 7 0 0 0 0 0 2 0 1 0 0 2 0 36 0 0 3 0 0 0 5 0
准确率:    1.0000 (33/33)
----------------------------------------
⏳ 验证无提升 (验证准确率: 0.9664 ≤ 0.9665)，patience: 1/50

======================================================================
🚀 Epoch 18/200
======================================================================
📚 开始训练阶段...
训练进度: 500/6065 损失=0.0917
训练进度: 1000/6065 损失=0.0722
训练进度: 1500/6065 损失=0.0660
训练进度: 2000/6065 损失=0.0643
训练进度: 2500/6065 损失=0.1098
训练进度: 3000/6065 损失=0.0897
训练进度: 3500/6065 损失=0.0462
训练进度: 4000/6065 损失=0.0770
训练进度: 4500/6065 损失=0.0521
训练进度: 5000/6065 损失=0.0553
训练进度: 5500/6065 损失=0.0825
训练进度: 6000/6065 损失=0.0959
训练进度: 6065/6065 损失=0.0369
✅ 训练完成，耗时: 110.4秒 (1.8分钟)

============================================================
📊 验证决策: Epoch 18/200
   验证间隔: 1
   是否验证: ✅ 是
   原因: 达到验证间隔 (0 == 0)
============================================================

🔍 开始验证...
验证进度: 500/686 损失=0.0673
验证进度: 686/686 损失=0.7829

📊 预测分布分析:
  - 预测的前5个类别: {np.int64(0): 281623, np.int64(1): 37110, np.int64(2): 14745, np.int64(3): 10894, np.int64(4): 8504}
  - 标签的前5个类别: {np.int64(0): 281232, np.int64(1): 36731, np.int64(2): 14789, np.int64(3): 10866, np.int64(4): 8585}
✅ 验证完成，耗时: 4.7秒 (0.1分钟)
训练损失: 0.0664
验证损失: 0.2396
验证准确率: 0.9668 (10599/10964) - 与Levenshtein高度相关
验证F1(加权): 0.9664 - 类别平衡更好
学习率: 0.000098
显存使用: 0.47GB (预留: 0.69GB)

生成的训练样本:
--------------------------------------------------------------------------------
输入:       B<WT> XBCT >NWN K>NWT> LTRJHWN >JK XJB>
目标:     0 0 0 2 9 0 0 0 0 3 26 0 0 0 0 0 0 0 0 0 2 9 0 0 1 0 2 32 0 0 0 0 0 0 0 0 0 0 11 0
预测:     0 0 0 2 9 0 0 0 0 3 26 0 0 0 0 0 0 0 0 0 2 9 0 0 1 0 2 32 0 0 0 0 0 0 0 0 0 0 4 0
准确率:    0.9750 (39/40)
----------------------------------------
输入:       HW> LN HLJN KWLHJN BHN> ZBN> WL>
目标:     0 0 10 3 0 1 0 0 0 0 0 0 0 8 0 5 0 0 0 0 1 0 0 0 0 0 0 4 0 0 1 0 0
预测:     0 0 10 3 0 1 0 0 0 0 0 0 0 8 0 5 0 0 0 0 1 0 0 0 0 0 0 4 0 0 1 0 0
准确率:    1.0000 (33/33)
----------------------------------------
输入:       Q>M >N> TMN QDMJK <L VRN> BXWRJB
目标:     0 20 0 7 0 0 0 0 0 0 0 0 0 0 0 2 1 0 0 0 0 0 0 0 4 0 0 1 0 0 0 0 2
预测:     0 20 0 7 0 0 0 0 0 0 0 0 0 0 0 2 1 0 0 0 0 0 0 0 4 0 0 1 0 0 0 0 2
准确率:    1.0000 (33/33)
----------------------------------------

生成的验证样本:
--------------------------------------------------------------------------------
输入:       YBJNH D>LH> LMSV> MN KL DBJC WKLJ
目标:     0 0 0 0 5 0 0 1 0 0 4 0 0 1 6 0 10 7 0 0 0 0 0 2 0 1 0 0 2 0 36 0 0 3
预测:     0 0 0 0 5 0 0 1 0 0 4 0 0 1 6 0 10 7 0 0 0 0 0 2 0 1 0 0 2 0 36 0 0 3
准确率:    1.0000 (34/34)
----------------------------------------
输入:       D>LH> LMSV> MN KL DBJC WKLJ XJLK
目标:     0 1 0 0 4 0 0 1 6 0 10 7 0 0 0 0 0 2 0 1 0 0 2 0 36 0 0 3 0 0 0 5 0
预测:     0 1 0 0 4 0 0 1 6 0 10 7 0 0 0 0 0 2 0 1 0 0 2 0 36 0 0 3 0 0 0 5 0
准确率:    1.0000 (33/33)
----------------------------------------
💾 保存新的最佳模型！验证准确率: 0.9668 (F1: 0.9664) (Epoch 18)

======================================================================
🚀 Epoch 19/200
======================================================================
📚 开始训练阶段...
训练进度: 500/6065 损失=0.0514
训练进度: 1000/6065 损失=0.1041
训练进度: 1500/6065 损失=0.0511
训练进度: 2000/6065 损失=0.0809
训练进度: 2500/6065 损失=0.1294
训练进度: 3000/6065 损失=0.0488
训练进度: 3500/6065 损失=0.0427
训练进度: 4000/6065 损失=0.0582
训练进度: 4500/6065 损失=0.1620
训练进度: 5000/6065 损失=0.0528
训练进度: 5500/6065 损失=0.0702
训练进度: 6000/6065 损失=0.0614
训练进度: 6065/6065 损失=0.0536
✅ 训练完成，耗时: 110.5秒 (1.8分钟)

============================================================
📊 验证决策: Epoch 19/200
   验证间隔: 1
   是否验证: ✅ 是
   原因: 达到验证间隔 (0 == 0)
============================================================

🔍 开始验证...
验证进度: 500/686 损失=0.0549
验证进度: 686/686 损失=0.9706

📊 预测分布分析:
  - 预测的前5个类别: {np.int64(0): 281143, np.int64(1): 36987, np.int64(2): 14867, np.int64(3): 10781, np.int64(4): 8817}
  - 标签的前5个类别: {np.int64(0): 281232, np.int64(1): 36731, np.int64(2): 14789, np.int64(3): 10866, np.int64(4): 8585}
✅ 验证完成，耗时: 4.7秒 (0.1分钟)
训练损失: 0.0642
验证损失: 0.2392
验证准确率: 0.9665 (10596/10964) - 与Levenshtein高度相关
验证F1(加权): 0.9661 - 类别平衡更好
学习率: 0.000098
显存使用: 0.47GB (预留: 0.69GB)

生成的训练样本:
--------------------------------------------------------------------------------
输入:       LHWN WL> >JK Y<R> WL> >JK YWXJT>
目标:     0 1 0 0 0 0 1 0 0 0 0 0 0 0 0 0 15 0 0 1 0 0 0 0 0 0 0 0 0 0 13 9 0
预测:     0 1 0 0 0 0 1 0 0 0 0 0 0 0 0 0 15 0 0 1 0 0 0 0 0 0 0 0 0 0 13 23 0
准确率:    0.9697 (32/33)
----------------------------------------
输入:       >LHK BNJ> >NTWN DMRJ> >LHKWN L> TT<RDWN
目标:     0 0 0 5 0 0 0 2 9 0 0 0 0 0 0 0 0 1 0 0 0 2 0 0 0 5 0 0 0 0 0 0 0 21 14 0 0 33 0 0
预测:     0 0 0 5 0 0 0 2 9 0 0 0 0 0 0 0 0 1 0 0 0 2 0 0 0 5 0 0 0 0 0 0 0 21 14 0 0 33 0 19
准确率:    0.9750 (39/40)
----------------------------------------
输入:       LN WNSBNH BZBN> HW L>R<> MN >JD>
目标:     0 1 0 0 1 0 0 3 1 12 0 1 0 0 4 0 0 0 12 0 1 0 0 4 0 0 0 0 8 0 0 4 0
预测:     0 1 0 0 1 0 0 3 1 12 0 1 0 0 4 0 0 0 12 0 1 0 0 4 0 0 0 0 8 0 0 4 0
准确率:    1.0000 (33/33)
----------------------------------------

生成的验证样本:
--------------------------------------------------------------------------------
输入:       YBJNH D>LH> LMSV> MN KL DBJC WKLJ
目标:     0 0 0 0 5 0 0 1 0 0 4 0 0 1 6 0 10 7 0 0 0 0 0 2 0 1 0 0 2 0 36 0 0 3
预测:     0 0 0 0 5 0 0 1 0 0 4 0 0 1 6 0 10 7 0 0 0 0 0 2 0 1 0 0 2 0 1 0 0 3
准确率:    0.9706 (33/34)
----------------------------------------
输入:       D>LH> LMSV> MN KL DBJC WKLJ XJLK
目标:     0 1 0 0 4 0 0 1 6 0 10 7 0 0 0 0 0 2 0 1 0 0 2 0 36 0 0 3 0 0 0 5 0
预测:     0 1 0 0 4 0 0 1 6 0 10 7 0 0 0 0 0 2 0 1 0 0 2 0 36 0 0 3 0 0 0 5 0
准确率:    1.0000 (33/33)
----------------------------------------
⏳ 验证无提升 (验证准确率: 0.9665 ≤ 0.9668)，patience: 1/50

======================================================================
🚀 Epoch 20/200
======================================================================
📚 开始训练阶段...
训练进度: 500/6065 损失=0.0727
训练进度: 1000/6065 损失=0.0978
训练进度: 1500/6065 损失=0.0816
训练进度: 2000/6065 损失=0.0610
训练进度: 2500/6065 损失=0.0287
训练进度: 3000/6065 损失=0.0307
训练进度: 3500/6065 损失=0.0534
训练进度: 4000/6065 损失=0.0487
训练进度: 4500/6065 损失=0.1110
训练进度: 5000/6065 损失=0.0406
训练进度: 5500/6065 损失=0.0284
训练进度: 6000/6065 损失=0.0499
训练进度: 6065/6065 损失=0.0389
✅ 训练完成，耗时: 110.4秒 (1.8分钟)

============================================================
📊 验证决策: Epoch 20/200
   验证间隔: 1
   是否验证: ✅ 是
   原因: 达到验证间隔 (0 == 0)
============================================================

🔍 开始验证...
验证进度: 500/686 损失=0.0492
验证进度: 686/686 损失=1.0412

📊 预测分布分析:
  - 预测的前5个类别: {np.int64(0): 281655, np.int64(1): 37174, np.int64(2): 14645, np.int64(3): 10779, np.int64(4): 8802}
  - 标签的前5个类别: {np.int64(0): 281232, np.int64(1): 36731, np.int64(2): 14789, np.int64(3): 10866, np.int64(4): 8585}
✅ 验证完成，耗时: 4.7秒 (0.1分钟)
训练损失: 0.0627
验证损失: 0.2459
验证准确率: 0.9669 (10600/10964) - 与Levenshtein高度相关
验证F1(加权): 0.9664 - 类别平衡更好
学习率: 0.000098
显存使用: 0.47GB (预留: 0.69GB)

生成的训练样本:
--------------------------------------------------------------------------------
输入:       MN >R<> DTJMN> WMJT XCWM W>MLK BTRH
目标:     0 0 0 0 0 0 4 0 0 1 0 0 0 4 0 0 1 20 0 3 0 0 0 0 2 0 1 17 0 0 33 0 0 0 1 0
预测:     0 0 0 0 0 0 4 0 0 1 0 0 0 4 0 0 1 20 0 3 0 0 0 0 2 0 1 17 0 0 33 0 0 0 1 0
准确率:    1.0000 (36/36)
----------------------------------------
输入:       <DM> LJWMN> H> BSTR QWRJT N<RJN W<BRW
目标:     0 0 0 0 0 0 1 0 0 0 4 0 0 0 0 0 0 0 0 2 0 0 0 0 0 2 0 0 0 0 0 2 0 1 0 0 3 0
预测:     0 0 0 0 0 0 1 0 0 0 4 0 0 0 0 0 0 0 0 2 0 0 0 0 0 2 0 0 0 0 0 2 0 1 0 0 3 0
准确率:    1.0000 (38/38)
----------------------------------------
输入:       W<MWR> DBGWK WM> DCLMT LM<SRW KLH M<SR>
目标:     0 1 0 0 0 4 0 0 1 1 0 5 0 0 1 0 0 0 1 0 0 3 89 0 1 6 0 0 49 19 0 0 5 0 0 0 0 0 4 0
预测:     0 1 0 0 0 4 0 0 1 1 0 5 0 0 1 0 0 0 1 0 0 3 89 0 1 6 0 0 49 19 0 0 5 0 0 0 0 0 11 0
准确率:    0.9750 (39/40)
----------------------------------------

生成的验证样本:
--------------------------------------------------------------------------------
输入:       YBJNH D>LH> LMSV> MN KL DBJC WKLJ
目标:     0 0 0 0 5 0 0 1 0 0 4 0 0 1 6 0 10 7 0 0 0 0 0 2 0 1 0 0 2 0 36 0 0 3
预测:     0 0 0 0 5 0 0 1 0 0 4 0 0 1 6 0 10 7 0 0 0 0 0 2 0 1 0 0 2 0 1 0 0 3
准确率:    0.9706 (33/34)
----------------------------------------
输入:       D>LH> LMSV> MN KL DBJC WKLJ XJLK
目标:     0 1 0 0 4 0 0 1 6 0 10 7 0 0 0 0 0 2 0 1 0 0 2 0 36 0 0 3 0 0 0 5 0
预测:     0 1 0 0 4 0 0 1 6 0 10 7 0 0 0 0 0 2 0 1 0 0 2 0 36 0 0 3 0 0 0 5 0
准确率:    1.0000 (33/33)
----------------------------------------
💾 保存新的最佳模型！验证准确率: 0.9669 (F1: 0.9664) (Epoch 20)

======================================================================
🚀 Epoch 21/200
======================================================================
📚 开始训练阶段...
训练进度: 500/6065 损失=0.0726
训练进度: 1000/6065 损失=0.0257
训练进度: 1500/6065 损失=0.0382
训练进度: 2000/6065 损失=0.0281
训练进度: 2500/6065 损失=0.0576
训练进度: 3000/6065 损失=0.0673
训练进度: 3500/6065 损失=0.1001
训练进度: 4000/6065 损失=0.0420
训练进度: 4500/6065 损失=0.0361
训练进度: 5000/6065 损失=0.0468
训练进度: 5500/6065 损失=0.0415
训练进度: 6000/6065 损失=0.0523
训练进度: 6065/6065 损失=0.0750
✅ 训练完成，耗时: 110.6秒 (1.8分钟)

============================================================
📊 验证决策: Epoch 21/200
   验证间隔: 1
   是否验证: ✅ 是
   原因: 达到验证间隔 (0 == 0)
============================================================

🔍 开始验证...
验证进度: 500/686 损失=0.0513
验证进度: 686/686 损失=0.8505

📊 预测分布分析:
  - 预测的前5个类别: {np.int64(0): 281581, np.int64(1): 37031, np.int64(2): 14745, np.int64(3): 10842, np.int64(4): 8909}
  - 标签的前5个类别: {np.int64(0): 281232, np.int64(1): 36731, np.int64(2): 14789, np.int64(3): 10866, np.int64(4): 8585}
✅ 验证完成，耗时: 4.7秒 (0.1分钟)
训练损失: 0.0604
验证损失: 0.2529
验证准确率: 0.9666 (10597/10964) - 与Levenshtein高度相关
验证F1(加权): 0.9663 - 类别平衡更好
学习率: 0.000097
显存使用: 0.47GB (预留: 0.69GB)

生成的训练样本:
--------------------------------------------------------------------------------
输入:       MN QDMWHJ WL> >CTXR >L> >N CBV>
目标:     0 0 0 0 0 0 25 1 0 0 0 1 0 0 0 47 39 101 0 3 0 0 0 0 0 0 0 0 0 0 4 0
预测:     0 0 0 0 0 0 25 1 0 0 0 1 0 0 0 47 39 101 0 3 0 88 0 0 0 0 0 0 0 0 4 0
准确率:    0.9688 (31/32)
----------------------------------------
输入:       DHB> >JTW LJ W>JTJW LJ W>RMJTH BNWR>
目标:     0 0 0 4 0 6 59 0 18 0 0 1 0 0 1 59 0 0 3 0 0 1 0 0 1 17 0 0 3 1 0 0 1 0 0 4 0
预测:     0 0 0 4 0 6 59 0 18 0 0 1 0 0 1 59 0 0 3 0 0 1 0 0 1 17 0 0 3 1 0 0 1 0 0 4 0
准确率:    1.0000 (37/37)
----------------------------------------
输入:       DKN<N W>TW L>R<> DKN<N W<BR >BRM B>R<>
目标:     0 1 0 0 0 2 0 1 0 18 0 0 1 0 0 4 0 0 1 0 0 0 2 0 1 0 0 3 0 0 0 0 2 0 1 0 0 4 0
预测:     0 1 0 0 0 2 0 1 0 18 0 0 1 0 0 4 0 0 1 0 0 0 2 0 1 0 0 3 0 0 0 0 2 0 1 0 0 4 0
准确率:    1.0000 (39/39)
----------------------------------------

生成的验证样本:
--------------------------------------------------------------------------------
输入:       YBJNH D>LH> LMSV> MN KL DBJC WKLJ
目标:     0 0 0 0 5 0 0 1 0 0 4 0 0 1 6 0 10 7 0 0 0 0 0 2 0 1 0 0 2 0 36 0 0 3
预测:     0 0 0 0 5 0 0 1 0 0 4 0 0 1 6 0 10 7 0 0 0 0 0 2 0 1 0 0 2 0 1 0 5 3
准确率:    0.9412 (32/34)
----------------------------------------
输入:       D>LH> LMSV> MN KL DBJC WKLJ XJLK
目标:     0 1 0 0 4 0 0 1 6 0 10 7 0 0 0 0 0 2 0 1 0 0 2 0 36 0 0 3 0 0 0 5 0
预测:     0 1 0 0 4 0 0 1 6 0 10 7 0 0 0 0 0 2 0 1 0 0 2 0 36 0 0 3 0 0 0 5 0
准确率:    1.0000 (33/33)
----------------------------------------
⏳ 验证无提升 (验证准确率: 0.9666 ≤ 0.9669)，patience: 1/50

======================================================================
🚀 Epoch 22/200
======================================================================
📚 开始训练阶段...
训练进度: 500/6065 损失=0.0676
训练进度: 1000/6065 损失=0.0847
训练进度: 1500/6065 损失=0.0454
训练进度: 2000/6065 损失=0.0706
训练进度: 2500/6065 损失=0.0587
训练进度: 3000/6065 损失=0.0488
训练进度: 3500/6065 损失=0.0483
训练进度: 4000/6065 损失=0.0385
训练进度: 4500/6065 损失=0.0385
训练进度: 5000/6065 损失=0.0644
训练进度: 5500/6065 损失=0.0462
训练进度: 6000/6065 损失=0.0352
训练进度: 6065/6065 损失=0.0577
✅ 训练完成，耗时: 110.4秒 (1.8分钟)

============================================================
📊 验证决策: Epoch 22/200
   验证间隔: 1
   是否验证: ✅ 是
   原因: 达到验证间隔 (0 == 0)
============================================================

🔍 开始验证...
验证进度: 500/686 损失=0.0647
验证进度: 686/686 损失=0.9482

📊 预测分布分析:
  - 预测的前5个类别: {np.int64(0): 281740, np.int64(1): 37150, np.int64(2): 14744, np.int64(3): 10893, np.int64(4): 8940}
  - 标签的前5个类别: {np.int64(0): 281232, np.int64(1): 36731, np.int64(2): 14789, np.int64(3): 10866, np.int64(4): 8585}
✅ 验证完成，耗时: 4.7秒 (0.1分钟)
训练损失: 0.0586
验证损失: 0.2494
验证准确率: 0.9672 (10604/10964) - 与Levenshtein高度相关
验证F1(加权): 0.9668 - 类别平衡更好
学习率: 0.000097
显存使用: 0.48GB (预留: 0.69GB)

生成的训练样本:
--------------------------------------------------------------------------------
输入:       WCR>WHJ DNXW> DKM> MYJ> TJBWT> LMR<JW WDKM>
目标:     0 1 0 10 3 1 0 0 0 1 6 0 10 3 0 1 0 0 0 0 0 0 43 0 0 0 0 0 2 9 0 0 1 6 0 0 7 19 0 1 1 0 0 0
预测:     0 1 0 10 3 1 0 0 0 1 6 0 10 3 0 1 0 0 0 0 0 0 43 0 0 0 0 0 2 9 0 0 1 6 0 0 7 19 0 1 1 0 0 0
准确率:    1.0000 (44/44)
----------------------------------------
输入:       WDMK <MH WY<RH WNPQT NPCH BTR DJN>
目标:     0 1 0 0 3 0 0 1 12 0 1 0 0 51 12 0 1 0 0 3 26 0 0 0 5 0 0 0 0 0 0 0 0 0 2
预测:     0 1 0 0 3 0 0 1 12 0 1 0 0 51 12 0 1 0 0 3 26 0 0 0 5 12 0 0 0 0 0 0 0 0 2
准确率:    0.9714 (34/35)
----------------------------------------
输入:       H> >BWN S>B WGBR> LJT B>R<> DN<WL
目标:     0 0 0 0 0 8 5 0 0 0 0 7 0 1 0 0 4 0 0 58 0 24 0 1 0 0 4 0 0 1 6 8 0 53
预测:     0 0 0 0 0 8 5 0 0 0 0 7 0 1 0 0 4 0 0 58 0 24 0 1 0 0 4 0 0 1 6 8 0 53
准确率:    1.0000 (34/34)
----------------------------------------

生成的验证样本:
--------------------------------------------------------------------------------
输入:       YBJNH D>LH> LMSV> MN KL DBJC WKLJ
目标:     0 0 0 0 5 0 0 1 0 0 4 0 0 1 6 0 10 7 0 0 0 0 0 2 0 1 0 0 2 0 36 0 0 3
预测:     0 0 0 0 5 0 0 1 0 0 4 0 0 1 6 0 10 7 0 0 0 0 0 2 0 1 0 0 2 0 36 0 0 3
准确率:    1.0000 (34/34)
----------------------------------------
输入:       D>LH> LMSV> MN KL DBJC WKLJ XJLK
目标:     0 1 0 0 4 0 0 1 6 0 10 7 0 0 0 0 0 2 0 1 0 0 2 0 36 0 0 3 0 0 0 5 0
预测:     0 1 0 0 4 0 0 1 6 0 10 7 0 0 0 0 0 2 0 1 0 0 2 0 36 0 0 3 0 0 0 5 0
准确率:    1.0000 (33/33)
----------------------------------------
💾 保存新的最佳模型！验证准确率: 0.9672 (F1: 0.9668) (Epoch 22)

======================================================================
🚀 Epoch 23/200
======================================================================
📚 开始训练阶段...
训练进度: 500/6065 损失=0.0690
训练进度: 1000/6065 损失=0.0732
训练进度: 1500/6065 损失=0.0820
训练进度: 2000/6065 损失=0.0424
训练进度: 2500/6065 损失=0.0737
训练进度: 3000/6065 损失=0.0645
训练进度: 3500/6065 损失=0.0315
训练进度: 4000/6065 损失=0.0356
训练进度: 4500/6065 损失=0.0822
训练进度: 5000/6065 损失=0.0744
训练进度: 5500/6065 损失=0.0540
训练进度: 6000/6065 损失=0.0590
训练进度: 6065/6065 损失=0.0456
✅ 训练完成，耗时: 111.2秒 (1.9分钟)

============================================================
📊 验证决策: Epoch 23/200
   验证间隔: 1
   是否验证: ✅ 是
   原因: 达到验证间隔 (0 == 0)
============================================================

🔍 开始验证...
验证进度: 500/686 损失=0.0920
验证进度: 686/686 损失=0.7978

📊 预测分布分析:
  - 预测的前5个类别: {np.int64(0): 281322, np.int64(1): 37080, np.int64(2): 14778, np.int64(3): 10715, np.int64(4): 8496}
  - 标签的前5个类别: {np.int64(0): 281232, np.int64(1): 36731, np.int64(2): 14789, np.int64(3): 10866, np.int64(4): 8585}
✅ 验证完成，耗时: 4.8秒 (0.1分钟)
训练损失: 0.0571
验证损失: 0.2604
验证准确率: 0.9662 (10593/10964) - 与Levenshtein高度相关
验证F1(加权): 0.9660 - 类别平衡更好
学习率: 0.000097
显存使用: 0.48GB (预留: 0.69GB)

生成的训练样本:
--------------------------------------------------------------------------------
输入:       DDRT> WXBLJH WSKJH WKLHWN M>N> DPWLXN> DMCKN
目标:     0 1 0 13 9 0 0 1 0 0 22 1 12 0 1 0 13 1 12 0 1 0 5 0 0 0 0 0 0 11 0 0 1 0 0 0 0 4 0 0 1 0 0 0 2
预测:     0 1 0 13 9 0 0 1 0 0 22 1 12 0 1 0 13 1 12 0 1 0 5 0 0 0 0 0 0 11 0 0 1 0 0 0 0 4 0 0 1 0 0 0 2
准确率:    1.0000 (45/45)
----------------------------------------
输入:       XWPNJKWN QVM> D>TWN> WNDRJWHJ MWC> L>PJ CMJ>
目标:     0 0 0 0 2 1 0 0 0 0 0 0 4 0 0 1 0 0 0 4 0 0 1 6 0 0 86 0 0 0 0 0 0 0 2 0 1 54 2 0 0 0 24 9 0
预测:     0 0 0 0 2 1 0 0 0 0 0 0 4 0 0 1 0 0 0 4 0 0 1 6 0 0 86 0 0 0 0 0 0 0 2 0 1 54 2 0 0 0 24 9 0
准确率:    1.0000 (45/45)
----------------------------------------
输入:       WBZT> DQWRJ> DKBCN MN <DW<JR D<L SPT>
目标:     0 1 0 13 9 0 0 1 0 0 0 13 0 0 1 0 0 29 0 0 0 0 0 0 0 0 0 0 2 0 1 0 0 0 0 13 9 0
预测:     0 1 0 13 9 0 0 1 0 0 0 13 0 0 1 0 0 29 0 0 0 0 0 0 0 0 0 0 2 0 1 0 0 0 0 13 9 0
准确率:    1.0000 (38/38)
----------------------------------------

生成的验证样本:
--------------------------------------------------------------------------------
输入:       YBJNH D>LH> LMSV> MN KL DBJC WKLJ
目标:     0 0 0 0 5 0 0 1 0 0 4 0 0 1 6 0 10 7 0 0 0 0 0 2 0 1 0 0 2 0 36 0 0 3
预测:     0 0 0 0 5 0 0 1 0 0 4 0 0 1 6 0 10 7 0 0 0 0 0 2 0 1 0 0 2 0 36 0 0 3
准确率:    1.0000 (34/34)
----------------------------------------
输入:       D>LH> LMSV> MN KL DBJC WKLJ XJLK
目标:     0 1 0 0 4 0 0 1 6 0 10 7 0 0 0 0 0 2 0 1 0 0 2 0 36 0 0 3 0 0 0 5 0
预测:     0 1 0 0 4 0 0 1 6 0 10 7 0 0 0 0 0 2 0 1 0 0 2 0 36 0 0 3 0 0 0 5 0
准确率:    1.0000 (33/33)
----------------------------------------
⏳ 验证无提升 (验证准确率: 0.9662 ≤ 0.9672)，patience: 1/50

======================================================================
🚀 Epoch 24/200
======================================================================
📚 开始训练阶段...
训练进度: 500/6065 损失=0.0334
训练进度: 1000/6065 损失=0.0264
训练进度: 1500/6065 损失=0.0903
训练进度: 2000/6065 损失=0.0650
训练进度: 2500/6065 损失=0.0393
训练进度: 3000/6065 损失=0.0599
训练进度: 3500/6065 损失=0.0483
训练进度: 4000/6065 损失=0.0693
训练进度: 4500/6065 损失=0.0883
训练进度: 5000/6065 损失=0.0339
训练进度: 5500/6065 损失=0.0642
训练进度: 6000/6065 损失=0.1034
训练进度: 6065/6065 损失=0.0522
✅ 训练完成，耗时: 111.3秒 (1.9分钟)

============================================================
📊 验证决策: Epoch 24/200
   验证间隔: 1
   是否验证: ✅ 是
   原因: 达到验证间隔 (0 == 0)
============================================================

🔍 开始验证...
验证进度: 500/686 损失=0.0836
验证进度: 686/686 损失=0.9906

📊 预测分布分析:
  - 预测的前5个类别: {np.int64(0): 281524, np.int64(1): 37149, np.int64(2): 14737, np.int64(3): 10661, np.int64(4): 8885}
  - 标签的前5个类别: {np.int64(0): 281232, np.int64(1): 36731, np.int64(2): 14789, np.int64(3): 10866, np.int64(4): 8585}
✅ 验证完成，耗时: 4.7秒 (0.1分钟)
训练损失: 0.0557
验证损失: 0.2570
验证准确率: 0.9671 (10603/10964) - 与Levenshtein高度相关
验证F1(加权): 0.9667 - 类别平衡更好
学习率: 0.000097
显存使用: 0.47GB (预留: 0.69GB)

生成的训练样本:
--------------------------------------------------------------------------------
输入:       KD VB MKJK NKJN> HW KM> KJ
目标:     0 0 0 0 0 2 0 0 8 0 40 0 0 0 0 4 0 0 0 0 0 0 0 0 0 0 12
预测:     0 0 0 0 0 2 0 0 8 0 40 0 0 0 0 4 0 0 0 0 0 0 0 0 0 0 12
准确率:    1.0000 (27/27)
----------------------------------------
输入:       >W >JK GNB> >W >JK QVWL> L>
目标:     0 0 0 0 0 0 0 0 0 0 55 0 0 0 0 0 0 0 0 0 0 0 0 4 0 0 0 0
预测:     0 0 0 0 0 0 0 0 0 0 55 0 0 0 0 0 0 0 0 0 0 0 0 4 0 0 0 0
准确率:    1.0000 (28/28)
----------------------------------------
输入:       GBR> SV> W>JTJ LJ GBR> W>MR LJ
目标:     0 0 0 4 0 0 0 10 3 0 1 59 0 0 3 0 1 0 0 0 0 4 0 0 1 0 0 3 0 1 0
预测:     0 0 0 4 0 0 0 10 3 0 1 59 0 0 3 0 1 0 0 0 0 4 0 0 1 0 0 3 0 1 0
准确率:    1.0000 (31/31)
----------------------------------------

生成的验证样本:
--------------------------------------------------------------------------------
输入:       YBJNH D>LH> LMSV> MN KL DBJC WKLJ
目标:     0 0 0 0 5 0 0 1 0 0 4 0 0 1 6 0 10 7 0 0 0 0 0 2 0 1 0 0 2 0 36 0 0 3
预测:     0 0 0 0 5 0 0 1 0 0 4 0 0 1 6 0 10 7 0 0 0 0 0 2 0 1 0 0 2 0 36 0 0 3
准确率:    1.0000 (34/34)
----------------------------------------
输入:       D>LH> LMSV> MN KL DBJC WKLJ XJLK
目标:     0 1 0 0 4 0 0 1 6 0 10 7 0 0 0 0 0 2 0 1 0 0 2 0 36 0 0 3 0 0 0 5 0
预测:     0 1 0 0 4 0 0 1 6 0 10 7 0 0 0 0 0 2 0 1 0 0 2 0 36 0 0 3 0 0 0 5 0
准确率:    1.0000 (33/33)
----------------------------------------
⏳ 验证无提升 (验证准确率: 0.9671 ≤ 0.9672)，patience: 2/50

======================================================================
🚀 Epoch 25/200
======================================================================
📚 开始训练阶段...
训练进度: 500/6065 损失=0.0380
训练进度: 1000/6065 损失=0.0356
训练进度: 1500/6065 损失=0.0633
训练进度: 2000/6065 损失=0.0449
训练进度: 2500/6065 损失=0.0497
训练进度: 3000/6065 损失=0.0403
训练进度: 3500/6065 损失=0.0447
训练进度: 4000/6065 损失=0.0267
训练进度: 4500/6065 损失=0.0369
训练进度: 5000/6065 损失=0.0512
训练进度: 5500/6065 损失=0.0698
训练进度: 6000/6065 损失=0.0715
训练进度: 6065/6065 损失=0.0444
✅ 训练完成，耗时: 110.9秒 (1.8分钟)

============================================================
📊 验证决策: Epoch 25/200
   验证间隔: 1
   是否验证: ✅ 是
   原因: 达到验证间隔 (0 == 0)
============================================================

🔍 开始验证...
验证进度: 500/686 损失=0.0280
验证进度: 686/686 损失=0.8556

📊 预测分布分析:
  - 预测的前5个类别: {np.int64(0): 281243, np.int64(1): 37067, np.int64(2): 14803, np.int64(3): 11075, np.int64(4): 8662}
  - 标签的前5个类别: {np.int64(0): 281232, np.int64(1): 36731, np.int64(2): 14789, np.int64(3): 10866, np.int64(4): 8585}
✅ 验证完成，耗时: 4.7秒 (0.1分钟)
训练损失: 0.0543
验证损失: 0.2591
验证准确率: 0.9669 (10601/10964) - 与Levenshtein高度相关
验证F1(加权): 0.9665 - 类别平衡更好
学习率: 0.000096
显存使用: 0.47GB (预留: 0.69GB)

生成的训练样本:
--------------------------------------------------------------------------------
输入:       MN MNW >DXL MRJ> MSTRN> DXJJ MN
目标:     0 0 0 0 0 71 0 0 6 0 0 3 0 0 0 0 2 0 0 0 0 0 4 0 0 1 0 2 46 0 0 0
预测:     0 0 0 0 0 71 0 0 6 0 0 3 0 0 0 0 2 0 0 0 0 0 4 0 0 1 0 2 46 0 0 0
准确率:    1.0000 (32/32)
----------------------------------------
输入:       >NWN XZ>JL BKLH TXWM> D>JSRJL MN JWRDNN
目标:     0 0 0 0 0 0 0 0 0 0 2 0 1 0 5 0 0 0 0 0 4 0 0 1 0 0 0 0 0 2 0 0 0 0 0 0 0 0 0 2
预测:     0 0 0 0 0 0 0 0 0 0 2 0 1 0 5 0 0 0 0 0 4 0 0 1 0 0 0 0 0 2 0 0 0 0 0 0 0 0 0 2
准确率:    1.0000 (40/40)
----------------------------------------
输入:       MN DMSKN> LXM> DXSD> XJJHWN DMSKN> WDKL>
目标:     0 0 0 0 1 0 0 0 11 0 0 0 0 4 0 0 1 0 0 4 0 0 0 2 1 0 0 0 0 1 0 0 0 11 0 0 1 1 0 10 7
预测:     0 0 0 0 1 0 0 0 11 0 0 0 0 4 0 0 1 0 0 4 0 0 0 2 1 0 0 0 0 1 0 0 0 11 0 0 1 1 0 10 7
准确率:    1.0000 (41/41)
----------------------------------------

生成的验证样本:
--------------------------------------------------------------------------------
输入:       YBJNH D>LH> LMSV> MN KL DBJC WKLJ
目标:     0 0 0 0 5 0 0 1 0 0 4 0 0 1 6 0 10 7 0 0 0 0 0 2 0 1 0 0 2 0 36 0 0 3
预测:     0 0 0 0 5 0 0 1 0 0 4 0 0 1 6 0 10 7 0 0 0 0 0 2 0 1 0 0 2 0 36 0 0 3
准确率:    1.0000 (34/34)
----------------------------------------
输入:       D>LH> LMSV> MN KL DBJC WKLJ XJLK
目标:     0 1 0 0 4 0 0 1 6 0 10 7 0 0 0 0 0 2 0 1 0 0 2 0 36 0 0 3 0 0 0 5 0
预测:     0 1 0 0 4 0 0 1 6 0 10 7 0 0 0 0 0 2 0 1 0 0 2 0 36 0 0 3 0 0 0 5 0
准确率:    1.0000 (33/33)
----------------------------------------
⏳ 验证无提升 (验证准确率: 0.9669 ≤ 0.9672)，patience: 3/50

======================================================================
🚀 Epoch 26/200
======================================================================
📚 开始训练阶段...
训练进度: 500/6065 损失=0.0419
训练进度: 1000/6065 损失=0.0462
训练进度: 1500/6065 损失=0.0729
训练进度: 2000/6065 损失=0.0808
训练进度: 2500/6065 损失=0.0489
训练进度: 3000/6065 损失=0.0571
训练进度: 3500/6065 损失=0.0635
训练进度: 4000/6065 损失=0.0608
训练进度: 4500/6065 损失=0.0450
训练进度: 5000/6065 损失=0.0707
训练进度: 5500/6065 损失=0.0433
训练进度: 6000/6065 损失=0.0614
训练进度: 6065/6065 损失=0.0353
✅ 训练完成，耗时: 110.5秒 (1.8分钟)

============================================================
📊 验证决策: Epoch 26/200
   验证间隔: 1
   是否验证: ✅ 是
   原因: 达到验证间隔 (0 == 0)
============================================================

🔍 开始验证...
验证进度: 500/686 损失=0.0662
验证进度: 686/686 损失=0.9719

📊 预测分布分析:
  - 预测的前5个类别: {np.int64(0): 282087, np.int64(1): 37203, np.int64(2): 14747, np.int64(3): 10806, np.int64(4): 8760}
  - 标签的前5个类别: {np.int64(0): 281232, np.int64(1): 36731, np.int64(2): 14789, np.int64(3): 10866, np.int64(4): 8585}
✅ 验证完成，耗时: 4.7秒 (0.1分钟)
训练损失: 0.0524
验证损失: 0.2638
验证准确率: 0.9672 (10603/10964) - 与Levenshtein高度相关
验证F1(加权): 0.9666 - 类别平衡更好
学习率: 0.000096
显存使用: 0.48GB (预留: 0.69GB)

生成的训练样本:
--------------------------------------------------------------------------------
输入:       <DM> L<LM >JTW LMRJ> BNJ DKR> >JTW
目标:     0 0 0 0 0 0 1 0 0 2 6 59 0 18 0 0 1 0 0 0 2 0 0 2 0 0 0 0 30 0 6 59 0 18 0
预测:     0 0 0 0 0 0 1 0 0 2 6 59 0 18 0 0 1 0 0 0 2 0 0 2 0 0 0 0 30 0 6 59 0 18 0
准确率:    1.0000 (35/35)
----------------------------------------
输入:       DL> >KJH WHKN> KLHJN <QRB> MXJN WKLHJN
目标:     0 1 0 0 0 72 0 29 12 0 1 0 0 0 0 0 0 5 0 0 0 0 0 0 0 11 0 0 0 42 0 0 0 1 0 5 0 0 0
预测:     0 1 0 0 0 72 0 29 12 0 1 0 0 0 0 0 0 5 0 0 0 0 0 0 0 11 0 0 0 0 0 0 0 1 0 5 0 0 0
准确率:    0.9744 (38/39)
----------------------------------------
输入:       VB W>TW <DM> L>DR> D>VR DB<BR> DJWRDNN
目标:     0 0 2 0 1 0 18 0 0 0 0 0 0 0 1 0 0 11 0 0 1 0 0 2 0 1 1 0 0 15 0 0 1 0 0 0 0 0 2
预测:     0 0 2 0 1 0 18 0 0 0 0 0 0 0 1 0 0 11 0 0 1 0 0 2 0 1 1 0 0 15 0 0 1 0 0 0 0 0 2
准确率:    1.0000 (39/39)
----------------------------------------

生成的验证样本:
--------------------------------------------------------------------------------
输入:       YBJNH D>LH> LMSV> MN KL DBJC WKLJ
目标:     0 0 0 0 5 0 0 1 0 0 4 0 0 1 6 0 10 7 0 0 0 0 0 2 0 1 0 0 2 0 36 0 0 3
预测:     0 0 0 0 5 0 0 1 0 0 4 0 0 1 6 0 10 7 0 0 0 0 0 2 0 1 0 0 2 0 36 0 0 3
准确率:    1.0000 (34/34)
----------------------------------------
输入:       D>LH> LMSV> MN KL DBJC WKLJ XJLK
目标:     0 1 0 0 4 0 0 1 6 0 10 7 0 0 0 0 0 2 0 1 0 0 2 0 36 0 0 3 0 0 0 5 0
预测:     0 1 0 0 4 0 0 1 6 0 10 7 0 0 0 0 0 2 0 1 0 0 2 0 36 0 0 3 0 0 0 5 0
准确率:    1.0000 (33/33)
----------------------------------------
⏳ 验证无提升 (验证准确率: 0.9672 ≤ 0.9672)，patience: 4/50

======================================================================
🚀 Epoch 27/200
======================================================================
📚 开始训练阶段...
训练进度: 500/6065 损失=0.0822
训练进度: 1000/6065 损失=0.0478
训练进度: 1500/6065 损失=0.0344
训练进度: 2000/6065 损失=0.0419
训练进度: 2500/6065 损失=0.0164
训练进度: 3000/6065 损失=0.0700
训练进度: 3500/6065 损失=0.0352
训练进度: 4000/6065 损失=0.0316
训练进度: 4500/6065 损失=0.0236
训练进度: 5000/6065 损失=0.0270
训练进度: 5500/6065 损失=0.0471
训练进度: 6000/6065 损失=0.0275
训练进度: 6065/6065 损失=0.0422
✅ 训练完成，耗时: 110.8秒 (1.8分钟)

============================================================
📊 验证决策: Epoch 27/200
   验证间隔: 1
   是否验证: ✅ 是
   原因: 达到验证间隔 (0 == 0)
============================================================

🔍 开始验证...
验证进度: 500/686 损失=0.0630
验证进度: 686/686 损失=0.7663

📊 预测分布分析:
  - 预测的前5个类别: {np.int64(0): 281276, np.int64(1): 37128, np.int64(2): 14688, np.int64(3): 10735, np.int64(4): 8809}
  - 标签的前5个类别: {np.int64(0): 281232, np.int64(1): 36731, np.int64(2): 14789, np.int64(3): 10866, np.int64(4): 8585}
✅ 验证完成，耗时: 4.8秒 (0.1分钟)
训练损失: 0.0516
验证损失: 0.2662
验证准确率: 0.9664 (10595/10964) - 与Levenshtein高度相关
验证F1(加权): 0.9662 - 类别平衡更好
学习率: 0.000096
显存使用: 0.47GB (预留: 0.69GB)

生成的训练样本:
--------------------------------------------------------------------------------
输入:       LCMCWN B<LDBBN WKD XZ>WHJ CBXW L>LHHWN MVL
目标:     0 1 0 0 0 0 2 0 0 0 0 0 0 5 0 0 1 0 0 0 0 10 3 1 0 0 0 0 0 3 19 0 1 0 0 5 0 0 0 0 0 0 0
预测:     0 1 0 0 0 0 2 0 0 0 0 0 0 5 0 0 1 0 0 0 0 10 3 1 0 0 0 0 0 3 19 0 1 0 0 5 0 0 0 0 0 0 0
准确率:    1.0000 (43/43)
----------------------------------------
输入:       HW> BKLHJN MLKWT> MN NHR> D>R<> DPLCTJ>
目标:     0 0 10 3 0 1 0 5 0 0 0 0 0 0 0 2 23 0 0 0 0 0 0 0 4 0 0 1 0 0 4 0 0 1 0 0 0 0 11 0
预测:     0 0 10 3 0 1 0 5 0 0 0 0 0 0 0 2 23 0 0 0 0 0 0 0 4 0 0 1 0 0 4 0 0 1 0 0 0 0 11 0
准确率:    1.0000 (40/40)
----------------------------------------
输入:       D>LJ> WKD XZJHJ >XB L>LJ> >MR LH
目标:     0 1 0 0 0 2 0 1 0 0 0 0 94 0 0 0 0 0 0 2 0 1 0 0 0 2 0 0 0 3 0 1 0
预测:     0 1 0 0 0 2 0 1 0 0 0 0 94 0 0 0 0 0 0 2 0 1 0 0 0 2 0 0 0 3 0 1 0
准确率:    1.0000 (33/33)
----------------------------------------

生成的验证样本:
--------------------------------------------------------------------------------
输入:       YBJNH D>LH> LMSV> MN KL DBJC WKLJ
目标:     0 0 0 0 5 0 0 1 0 0 4 0 0 1 6 0 10 7 0 0 0 0 0 2 0 1 0 0 2 0 36 0 0 3
预测:     0 0 0 0 5 0 0 1 0 0 4 0 0 1 6 0 10 7 0 0 0 0 0 2 0 1 0 0 2 0 36 0 0 3
准确率:    1.0000 (34/34)
----------------------------------------
输入:       D>LH> LMSV> MN KL DBJC WKLJ XJLK
目标:     0 1 0 0 4 0 0 1 6 0 10 7 0 0 0 0 0 2 0 1 0 0 2 0 36 0 0 3 0 0 0 5 0
预测:     0 1 0 0 4 0 0 1 6 0 10 7 0 0 0 0 0 2 0 1 0 0 2 0 36 0 0 3 0 0 0 5 0
准确率:    1.0000 (33/33)
----------------------------------------
⏳ 验证无提升 (验证准确率: 0.9664 ≤ 0.9672)，patience: 5/50

======================================================================
🚀 Epoch 28/200
======================================================================
📚 开始训练阶段...
训练进度: 500/6065 损失=0.0507
训练进度: 1000/6065 损失=0.0299
训练进度: 1500/6065 损失=0.0618
训练进度: 2000/6065 损失=0.0787
训练进度: 2500/6065 损失=0.0513
训练进度: 3000/6065 损失=0.0443
训练进度: 3500/6065 损失=0.0671
训练进度: 4000/6065 损失=0.0588
训练进度: 4500/6065 损失=0.0154
训练进度: 5000/6065 损失=0.0774
训练进度: 5500/6065 损失=0.0632
训练进度: 6000/6065 损失=0.0471
训练进度: 6065/6065 损失=0.0384
✅ 训练完成，耗时: 110.8秒 (1.8分钟)

============================================================
📊 验证决策: Epoch 28/200
   验证间隔: 1
   是否验证: ✅ 是
   原因: 达到验证间隔 (0 == 0)
============================================================

🔍 开始验证...
验证进度: 500/686 损失=0.0505
验证进度: 686/686 损失=1.1312

📊 预测分布分析:
  - 预测的前5个类别: {np.int64(0): 281553, np.int64(1): 37091, np.int64(2): 14680, np.int64(3): 10840, np.int64(4): 8928}
  - 标签的前5个类别: {np.int64(0): 281232, np.int64(1): 36731, np.int64(2): 14789, np.int64(3): 10866, np.int64(4): 8585}
✅ 验证完成，耗时: 4.8秒 (0.1分钟)
训练损失: 0.0498
验证损失: 0.2700
验证准确率: 0.9673 (10605/10964) - 与Levenshtein高度相关
验证F1(加权): 0.9669 - 类别平衡更好
学习率: 0.000095
显存使用: 0.47GB (预留: 0.69GB)

生成的训练样本:
--------------------------------------------------------------------------------
输入:       YLM> W>T>BC LJ<QWB WNY> <M LBN W<N>
目标:     0 0 0 11 0 0 1 0 177 0 60 3 0 1 0 0 0 0 2 0 1 0 10 3 0 0 0 0 0 0 2 0 1 0 10 3
预测:     0 0 0 11 0 0 1 0 177 0 60 3 0 1 0 0 0 0 2 0 1 0 10 3 0 0 0 0 0 0 2 0 1 0 10 3
准确率:    1.0000 (36/36)
----------------------------------------
输入:       DBJC> MBHTJN >NTWN MRJ> DJN SBR> DJLH
目标:     0 1 0 0 15 0 0 28 0 0 7 0 0 0 0 0 0 0 0 0 0 0 0 2 0 0 0 0 0 0 0 15 0 0 0 0 1 0
预测:     0 1 0 0 15 0 0 28 0 0 7 0 0 0 0 0 0 0 0 0 0 0 0 2 0 0 0 0 0 0 0 15 0 0 0 0 1 0
准确率:    1.0000 (38/38)
----------------------------------------
输入:       DCMJ> WPLXW LB<L> W><BRW BNJHWN WBNTHWN BNWR>
目标:     0 1 0 24 9 0 0 1 0 0 3 0 0 1 0 0 4 0 0 1 17 0 0 3 0 0 0 2 1 0 0 0 0 1 0 22 32 0 0 0 0 1 0 0 4 0
预测:     0 1 0 24 9 0 0 1 0 0 3 0 0 1 0 0 4 0 0 1 17 0 0 3 0 0 0 2 1 0 0 0 0 1 0 22 32 0 0 0 0 1 0 0 4 0
准确率:    1.0000 (46/46)
----------------------------------------

生成的验证样本:
--------------------------------------------------------------------------------
输入:       YBJNH D>LH> LMSV> MN KL DBJC WKLJ
目标:     0 0 0 0 5 0 0 1 0 0 4 0 0 1 6 0 10 7 0 0 0 0 0 2 0 1 0 0 2 0 36 0 0 3
预测:     0 0 0 0 5 0 0 1 0 0 4 0 0 1 6 0 10 7 0 0 0 0 0 2 0 1 0 0 2 0 36 0 0 3
准确率:    1.0000 (34/34)
----------------------------------------
输入:       D>LH> LMSV> MN KL DBJC WKLJ XJLK
目标:     0 1 0 0 4 0 0 1 6 0 10 7 0 0 0 0 0 2 0 1 0 0 2 0 36 0 0 3 0 0 0 5 0
预测:     0 1 0 0 4 0 0 1 6 0 10 7 0 0 0 0 0 2 0 1 0 0 2 0 36 0 0 3 0 0 0 5 0
准确率:    1.0000 (33/33)
----------------------------------------
💾 保存新的最佳模型！验证准确率: 0.9673 (F1: 0.9669) (Epoch 28)

======================================================================
🚀 Epoch 29/200
======================================================================
📚 开始训练阶段...
训练进度: 500/6065 损失=0.0452
训练进度: 1000/6065 损失=0.0713
训练进度: 1500/6065 损失=0.0363
训练进度: 2000/6065 损失=0.0935
训练进度: 2500/6065 损失=0.0461
训练进度: 3000/6065 损失=0.0374
训练进度: 3500/6065 损失=0.0234
训练进度: 4000/6065 损失=0.0699
训练进度: 4500/6065 损失=0.0100
训练进度: 5000/6065 损失=0.0384
训练进度: 5500/6065 损失=0.0896
训练进度: 6000/6065 损失=0.0631
训练进度: 6065/6065 损失=0.0388
✅ 训练完成，耗时: 111.2秒 (1.9分钟)

============================================================
📊 验证决策: Epoch 29/200
   验证间隔: 1
   是否验证: ✅ 是
   原因: 达到验证间隔 (0 == 0)
============================================================

🔍 开始验证...
验证进度: 500/686 损失=0.0574
验证进度: 686/686 损失=1.2230

📊 预测分布分析:
  - 预测的前5个类别: {np.int64(0): 281400, np.int64(1): 37153, np.int64(2): 14791, np.int64(3): 10935, np.int64(4): 8719}
  - 标签的前5个类别: {np.int64(0): 281232, np.int64(1): 36731, np.int64(2): 14789, np.int64(3): 10866, np.int64(4): 8585}
✅ 验证完成，耗时: 4.8秒 (0.1分钟)
训练损失: 0.0488
验证损失: 0.2765
验证准确率: 0.9670 (10602/10964) - 与Levenshtein高度相关
验证F1(加权): 0.9667 - 类别平衡更好
学习率: 0.000095
显存使用: 0.47GB (预留: 0.69GB)

生成的训练样本:
--------------------------------------------------------------------------------
输入:       WNPRQN >WRD<> MNK WMN BJTK WMN <BDJK
目标:     0 1 6 0 0 3 12 0 0 0 0 0 11 0 0 0 1 0 0 1 0 0 0 0 0 5 0 0 1 0 0 0 0 0 22 1 0
预测:     0 1 6 0 0 3 12 0 0 0 0 0 11 0 0 0 1 0 0 1 0 0 0 0 0 5 0 0 1 0 0 0 0 0 22 1 0
准确率:    1.0000 (37/37)
----------------------------------------
输入:       JD<JN BJT JMJNHWN LSMLHWN WSWG>> DB<JR> WPQD
目标:     0 0 0 7 0 0 0 0 66 0 0 0 0 0 5 0 0 0 0 1 0 0 5 0 0 0 0 1 0 0 0 4 0 0 1 0 0 0 4 0 0 1 0 0 3
预测:     0 0 0 7 0 0 0 0 66 0 0 0 0 0 5 0 0 0 0 1 0 0 5 0 0 0 0 1 0 0 0 4 0 0 1 0 0 0 4 0 0 1 0 0 3
准确率:    1.0000 (45/45)
----------------------------------------
输入:       HN> >PQT XJLWTKWN MN >R<> DMYRJN WTVRWN
目标:     0 0 0 0 0 72 0 3 0 0 0 0 0 2 32 0 0 0 0 0 0 0 0 0 4 0 0 1 0 0 0 0 2 0 1 34 0 3 0 0
预测:     0 0 0 0 0 72 0 3 0 0 0 0 0 2 32 0 0 0 0 0 0 0 0 0 4 0 0 1 0 0 0 0 2 0 1 34 0 3 0 0
准确率:    1.0000 (40/40)
----------------------------------------

生成的验证样本:
--------------------------------------------------------------------------------
输入:       YBJNH D>LH> LMSV> MN KL DBJC WKLJ
目标:     0 0 0 0 5 0 0 1 0 0 4 0 0 1 6 0 10 7 0 0 0 0 0 2 0 1 0 0 2 0 36 0 0 3
预测:     0 0 0 0 5 0 0 1 0 0 4 0 0 1 6 0 10 7 0 0 0 0 0 2 0 1 0 0 2 0 36 0 0 3
准确率:    1.0000 (34/34)
----------------------------------------
输入:       D>LH> LMSV> MN KL DBJC WKLJ XJLK
目标:     0 1 0 0 4 0 0 1 6 0 10 7 0 0 0 0 0 2 0 1 0 0 2 0 36 0 0 3 0 0 0 5 0
预测:     0 1 0 0 4 0 0 1 6 0 10 7 0 0 0 0 0 2 0 1 0 0 2 0 36 0 0 3 0 0 0 5 0
准确率:    1.0000 (33/33)
----------------------------------------
⏳ 验证无提升 (验证准确率: 0.9670 ≤ 0.9673)，patience: 1/50

======================================================================
🚀 Epoch 30/200
======================================================================
📚 开始训练阶段...
训练进度: 500/6065 损失=0.0317
训练进度: 1000/6065 损失=0.0242
训练进度: 1500/6065 损失=0.0421
训练进度: 2000/6065 损失=0.0657
训练进度: 2500/6065 损失=0.0312
训练进度: 3000/6065 损失=0.0318
训练进度: 3500/6065 损失=0.0367
训练进度: 4000/6065 损失=0.0434
训练进度: 4500/6065 损失=0.0359
训练进度: 5000/6065 损失=0.0481
训练进度: 5500/6065 损失=0.0400
训练进度: 6000/6065 损失=0.0299
训练进度: 6065/6065 损失=0.0604
✅ 训练完成，耗时: 111.4秒 (1.9分钟)

============================================================
📊 验证决策: Epoch 30/200
   验证间隔: 1
   是否验证: ✅ 是
   原因: 达到验证间隔 (0 == 0)
============================================================

🔍 开始验证...
验证进度: 500/686 损失=0.0571
验证进度: 686/686 损失=1.2664

📊 预测分布分析:
  - 预测的前5个类别: {np.int64(0): 281784, np.int64(1): 37180, np.int64(2): 14635, np.int64(3): 10959, np.int64(4): 8811}
  - 标签的前5个类别: {np.int64(0): 281232, np.int64(1): 36731, np.int64(2): 14789, np.int64(3): 10866, np.int64(4): 8585}
✅ 验证完成，耗时: 4.8秒 (0.1分钟)
训练损失: 0.0480
验证损失: 0.2698
验证准确率: 0.9668 (10600/10964) - 与Levenshtein高度相关
验证F1(加权): 0.9662 - 类别平衡更好
学习率: 0.000095
显存使用: 0.47GB (预留: 0.69GB)

生成的训练样本:
--------------------------------------------------------------------------------
输入:       WSMKJH WPRS> DTR<> DDRT> WXBLJH WSKJH WKLHWN
目标:     0 1 0 0 22 1 12 0 1 0 0 55 0 0 1 0 0 4 0 0 1 0 13 9 0 0 1 0 0 22 1 12 0 1 0 13 1 12 0 1 0 5 0 0 0
预测:     0 1 0 0 22 1 12 0 1 0 0 55 0 0 1 0 0 4 0 0 1 0 13 9 0 0 1 0 0 22 1 12 0 1 0 13 1 12 0 1 0 5 0 0 0
准确率:    1.0000 (45/45)
----------------------------------------
输入:       >JK D>MR MNJ >JKW L> MKRZJN TLMJDJHWN
目标:     0 0 0 0 0 1 0 0 7 0 0 0 22 0 0 0 0 0 0 0 0 0 28 0 0 7 0 0 0 0 0 0 0 2 1 0 0 0
预测:     0 0 0 0 0 1 0 0 7 0 0 0 22 0 0 0 81 0 0 0 0 0 28 0 0 7 0 0 0 0 0 0 0 2 1 0 0 0
准确率:    0.9737 (37/38)
----------------------------------------
输入:       >MJN WXMC<SR> >MJN SDR> DSVR> <MWDJHWN TLT>
目标:     0 0 13 0 0 0 1 0 0 5 0 0 0 2 0 0 13 0 0 0 0 0 11 0 0 1 0 0 4 0 0 0 0 0 2 1 0 0 0 0 0 0 2 0
预测:     0 0 13 0 0 0 1 0 0 5 0 0 0 2 0 0 13 0 0 0 0 0 11 0 0 1 0 0 4 0 0 0 0 0 2 1 0 0 0 0 0 0 2 0
准确率:    1.0000 (44/44)
----------------------------------------

生成的验证样本:
--------------------------------------------------------------------------------
输入:       YBJNH D>LH> LMSV> MN KL DBJC WKLJ
目标:     0 0 0 0 5 0 0 1 0 0 4 0 0 1 6 0 10 7 0 0 0 0 0 2 0 1 0 0 2 0 36 0 0 3
预测:     0 0 0 0 5 0 0 1 0 0 4 0 0 1 6 0 10 7 0 0 0 0 0 2 0 1 0 0 2 0 36 0 0 3
准确率:    1.0000 (34/34)
----------------------------------------
输入:       D>LH> LMSV> MN KL DBJC WKLJ XJLK
目标:     0 1 0 0 4 0 0 1 6 0 10 7 0 0 0 0 0 2 0 1 0 0 2 0 36 0 0 3 0 0 0 5 0
预测:     0 1 0 0 4 0 0 1 6 0 10 7 0 0 0 0 0 2 0 1 0 0 2 0 36 0 0 3 0 0 0 5 0
准确率:    1.0000 (33/33)
----------------------------------------
⏳ 验证无提升 (验证准确率: 0.9668 ≤ 0.9673)，patience: 2/50

======================================================================
🚀 Epoch 31/200
======================================================================
📚 开始训练阶段...
训练进度: 500/6065 损失=0.0560
训练进度: 1000/6065 损失=0.0192
训练进度: 1500/6065 损失=0.0212
训练进度: 2000/6065 损失=0.0285
训练进度: 2500/6065 损失=0.0410
训练进度: 3000/6065 损失=0.0446
训练进度: 3500/6065 损失=0.0538
训练进度: 4000/6065 损失=0.0596
训练进度: 4500/6065 损失=0.0304
训练进度: 5000/6065 损失=0.0394
训练进度: 5500/6065 损失=0.0657
训练进度: 6000/6065 损失=0.0353
训练进度: 6065/6065 损失=0.0414
✅ 训练完成，耗时: 111.0秒 (1.9分钟)

============================================================
📊 验证决策: Epoch 31/200
   验证间隔: 1
   是否验证: ✅ 是
   原因: 达到验证间隔 (0 == 0)
============================================================

🔍 开始验证...
验证进度: 500/686 损失=0.0521
验证进度: 686/686 损失=1.2785

📊 预测分布分析:
  - 预测的前5个类别: {np.int64(0): 282208, np.int64(1): 37038, np.int64(2): 14770, np.int64(3): 10742, np.int64(4): 9007}
  - 标签的前5个类别: {np.int64(0): 281232, np.int64(1): 36731, np.int64(2): 14789, np.int64(3): 10866, np.int64(4): 8585}
✅ 验证完成，耗时: 4.8秒 (0.1分钟)
训练损失: 0.0467
验证损失: 0.2789
验证准确率: 0.9677 (10609/10964) - 与Levenshtein高度相关
验证F1(加权): 0.9672 - 类别平衡更好
学习率: 0.000094
显存使用: 0.47GB (预留: 0.69GB)

生成的训练样本:
--------------------------------------------------------------------------------
输入:       >NT >P KLH <M> HN> D<MK MVWL
目标:     0 0 0 0 0 0 0 0 0 5 0 0 0 15 0 0 0 0 0 0 1 0 1 0 0 0 8 0 0
预测:     0 0 0 0 0 0 0 0 0 5 0 0 0 15 0 0 0 0 0 0 1 0 1 0 0 0 8 0 0
准确率:    1.0000 (29/29)
----------------------------------------
输入:       DL> T>BD W>MR LHWN LWV B<> >N>
目标:     0 1 0 0 0 6 0 0 3 0 1 0 0 3 0 1 0 0 0 0 0 0 22 0 0 10 7 0 0 0 0
预测:     0 1 0 0 0 6 0 0 3 0 1 0 0 3 0 1 0 0 0 0 0 0 22 0 0 10 7 0 0 0 0
准确率:    1.0000 (31/31)
----------------------------------------
输入:       MVL DXRTH L> HWT VB> L> TSTR
目标:     0 0 0 0 0 1 0 13 1 12 0 0 0 0 0 18 26 0 0 4 0 0 0 0 0 6 0 0 3
预测:     0 0 0 0 0 1 0 13 1 0 0 0 0 0 0 18 26 0 0 4 0 0 0 0 0 6 0 0 3
准确率:    0.9655 (28/29)
----------------------------------------

生成的验证样本:
--------------------------------------------------------------------------------
输入:       YBJNH D>LH> LMSV> MN KL DBJC WKLJ
目标:     0 0 0 0 5 0 0 1 0 0 4 0 0 1 6 0 10 7 0 0 0 0 0 2 0 1 0 0 2 0 36 0 0 3
预测:     0 0 0 0 5 0 0 1 0 0 4 0 0 1 6 0 10 7 0 0 0 0 0 2 0 1 0 0 2 0 36 0 0 3
准确率:    1.0000 (34/34)
----------------------------------------
输入:       D>LH> LMSV> MN KL DBJC WKLJ XJLK
目标:     0 1 0 0 4 0 0 1 6 0 10 7 0 0 0 0 0 2 0 1 0 0 2 0 36 0 0 3 0 0 0 5 0
预测:     0 1 0 0 4 0 0 1 6 0 10 7 0 0 0 0 0 2 0 1 0 0 2 0 36 0 0 3 0 0 0 5 0
准确率:    1.0000 (33/33)
----------------------------------------
💾 保存新的最佳模型！验证准确率: 0.9677 (F1: 0.9672) (Epoch 31)

======================================================================
🚀 Epoch 32/200
======================================================================
📚 开始训练阶段...
训练进度: 500/6065 损失=0.0516
训练进度: 1000/6065 损失=0.0421
训练进度: 1500/6065 损失=0.0457
训练进度: 2000/6065 损失=0.0376
训练进度: 2500/6065 损失=0.1163
训练进度: 3000/6065 损失=0.1010
训练进度: 3500/6065 损失=0.0361
训练进度: 4000/6065 损失=0.0347
训练进度: 4500/6065 损失=0.0607
训练进度: 5000/6065 损失=0.0445
训练进度: 5500/6065 损失=0.0370
训练进度: 6000/6065 损失=0.0227
训练进度: 6065/6065 损失=0.0300
✅ 训练完成，耗时: 110.7秒 (1.8分钟)

============================================================
📊 验证决策: Epoch 32/200
   验证间隔: 1
   是否验证: ✅ 是
   原因: 达到验证间隔 (0 == 0)
============================================================

🔍 开始验证...
验证进度: 500/686 损失=0.0471
验证进度: 686/686 损失=1.3043

📊 预测分布分析:
  - 预测的前5个类别: {np.int64(0): 282039, np.int64(1): 37000, np.int64(2): 14837, np.int64(3): 10777, np.int64(4): 8936}
  - 标签的前5个类别: {np.int64(0): 281232, np.int64(1): 36731, np.int64(2): 14789, np.int64(3): 10866, np.int64(4): 8585}
✅ 验证完成，耗时: 4.7秒 (0.1分钟)
训练损失: 0.0458
验证损失: 0.2804
验证准确率: 0.9677 (10609/10964) - 与Levenshtein高度相关
验证F1(加权): 0.9672 - 类别平衡更好
学习率: 0.000094
显存使用: 0.48GB (预留: 0.69GB)

生成的训练样本:
--------------------------------------------------------------------------------
输入:       XMR> >P BLLJ> HN> W<WLJ DMKJ <MH
目标:     0 0 0 4 0 0 0 0 0 1 38 0 4 0 0 0 0 0 0 36 8 0 53 0 6 0 0 3 0 0 0 1 0
预测:     0 0 0 4 0 0 0 0 0 1 38 0 4 0 0 0 0 0 0 36 8 0 53 0 6 0 0 3 0 0 0 1 12
准确率:    0.9697 (32/33)
----------------------------------------
输入:       JWMN> LJTWHJ HN> >L> >N BJTH D>LH>
目标:     0 0 0 0 4 0 0 58 0 10 5 0 0 0 0 0 0 0 88 0 0 0 0 0 0 0 0 5 0 0 1 0 0 4 0
预测:     0 0 0 0 4 0 0 58 0 10 5 0 0 0 0 0 0 0 88 0 0 0 0 0 0 0 0 5 0 0 1 0 0 4 0
准确率:    1.0000 (35/35)
----------------------------------------
输入:       DMJ> W>ZLT WMLT RQB> MJ> W>CQJTH LVLJ>
目标:     0 1 24 9 0 0 1 0 0 3 26 0 1 0 18 26 0 0 0 4 0 0 24 9 0 0 1 17 0 0 3 1 0 0 1 0 0 4 0
预测:     0 1 24 9 0 0 1 0 0 3 26 0 1 0 18 26 0 0 0 4 0 0 24 9 0 0 1 17 0 0 3 90 0 0 1 0 0 4 0
准确率:    0.9744 (38/39)
----------------------------------------

生成的验证样本:
--------------------------------------------------------------------------------
输入:       YBJNH D>LH> LMSV> MN KL DBJC WKLJ
目标:     0 0 0 0 5 0 0 1 0 0 4 0 0 1 6 0 10 7 0 0 0 0 0 2 0 1 0 0 2 0 36 0 0 3
预测:     0 0 0 0 5 0 0 1 0 0 4 0 0 1 6 0 10 7 0 0 0 0 0 2 0 1 0 0 2 0 36 0 0 3
准确率:    1.0000 (34/34)
----------------------------------------
输入:       D>LH> LMSV> MN KL DBJC WKLJ XJLK
目标:     0 1 0 0 4 0 0 1 6 0 10 7 0 0 0 0 0 2 0 1 0 0 2 0 36 0 0 3 0 0 0 5 0
预测:     0 1 0 0 4 0 0 1 6 0 10 7 0 0 0 0 0 2 0 1 0 0 2 0 36 0 0 3 0 0 0 5 0
准确率:    1.0000 (33/33)
----------------------------------------
⏳ 验证无提升 (验证准确率: 0.9677 ≤ 0.9677)，patience: 1/50

======================================================================
🚀 Epoch 33/200
======================================================================
📚 开始训练阶段...
训练进度: 500/6065 损失=0.0419
训练进度: 1000/6065 损失=0.0412
训练进度: 1500/6065 损失=0.0242
训练进度: 2000/6065 损失=0.0176
训练进度: 2500/6065 损失=0.0241
训练进度: 3000/6065 损失=0.0352
训练进度: 3500/6065 损失=0.0505
训练进度: 4000/6065 损失=0.0557
训练进度: 4500/6065 损失=0.0294
训练进度: 5000/6065 损失=0.0624
训练进度: 5500/6065 损失=0.0298
训练进度: 6000/6065 损失=0.0601
训练进度: 6065/6065 损失=0.0271
✅ 训练完成，耗时: 110.6秒 (1.8分钟)

============================================================
📊 验证决策: Epoch 33/200
   验证间隔: 1
   是否验证: ✅ 是
   原因: 达到验证间隔 (0 == 0)
============================================================

🔍 开始验证...
验证进度: 500/686 损失=0.0411
验证进度: 686/686 损失=1.0674

📊 预测分布分析:
  - 预测的前5个类别: {np.int64(0): 282007, np.int64(1): 37012, np.int64(2): 14821, np.int64(3): 10887, np.int64(4): 8758}
  - 标签的前5个类别: {np.int64(0): 281232, np.int64(1): 36731, np.int64(2): 14789, np.int64(3): 10866, np.int64(4): 8585}
✅ 验证完成，耗时: 4.7秒 (0.1分钟)
训练损失: 0.0447
验证损失: 0.2810
验证准确率: 0.9675 (10607/10964) - 与Levenshtein高度相关
验证F1(加权): 0.9670 - 类别平衡更好
学习率: 0.000094
显存使用: 0.47GB (预留: 0.69GB)

生成的训练样本:
--------------------------------------------------------------------------------
输入:       HKJL >TQNW LBWTKWN LMDM DMN QDJM HJMNTWN
目标:     0 0 0 0 0 6 17 0 0 3 0 0 0 8 2 32 0 0 0 0 1 0 0 2 0 1 0 0 0 0 0 0 0 0 0 0 0 3 0 0 19
预测:     0 0 0 0 0 6 17 0 0 3 0 0 0 8 2 32 0 0 0 0 1 0 0 2 0 1 0 0 0 0 0 0 0 0 0 0 0 3 0 0 19
准确率:    1.0000 (41/41)
----------------------------------------
输入:       WC<BD <MM> TXWTJ MPYJNJ MN B<LDBBJ RGWZTN>
目标:     0 1 17 0 0 3 0 0 8 30 0 0 0 0 0 2 46 0 6 0 0 163 0 0 0 0 0 0 0 0 0 0 0 2 46 0 0 0 0 0 0 11 0
预测:     0 1 17 0 0 3 0 0 8 30 0 0 0 0 0 2 46 0 6 0 0 163 0 0 0 0 0 0 0 0 0 0 0 2 46 0 0 0 0 0 0 11 0
准确率:    1.0000 (43/43)
----------------------------------------
输入:       BM<RT> DBXQL> ><JPT> DZBN >BRHM XQL> LJWRTN>
目标:     0 1 0 0 13 9 0 0 1 1 0 0 4 0 0 0 8 0 2 9 0 0 1 0 0 33 0 0 0 0 0 2 0 0 0 4 0 0 1 0 0 0 0 4 0
预测:     0 1 0 0 13 9 0 0 1 1 0 0 4 0 0 0 8 0 2 9 0 0 1 0 0 33 0 0 0 0 0 2 0 0 0 4 0 0 1 0 0 0 0 4 0
准确率:    1.0000 (45/45)
----------------------------------------

生成的验证样本:
--------------------------------------------------------------------------------
输入:       YBJNH D>LH> LMSV> MN KL DBJC WKLJ
目标:     0 0 0 0 5 0 0 1 0 0 4 0 0 1 6 0 10 7 0 0 0 0 0 2 0 1 0 0 2 0 36 0 0 3
预测:     0 0 0 0 5 0 0 1 0 0 4 0 0 1 6 0 10 7 0 0 0 0 0 2 0 1 0 0 2 0 36 0 0 3
准确率:    1.0000 (34/34)
----------------------------------------
输入:       D>LH> LMSV> MN KL DBJC WKLJ XJLK
目标:     0 1 0 0 4 0 0 1 6 0 10 7 0 0 0 0 0 2 0 1 0 0 2 0 36 0 0 3 0 0 0 5 0
预测:     0 1 0 0 4 0 0 1 6 0 10 7 0 0 0 0 0 2 0 1 0 0 2 0 36 0 0 3 0 0 0 5 0
准确率:    1.0000 (33/33)
----------------------------------------
⏳ 验证无提升 (验证准确率: 0.9675 ≤ 0.9677)，patience: 2/50

======================================================================
🚀 Epoch 34/200
======================================================================
📚 开始训练阶段...
训练进度: 500/6065 损失=0.0358
训练进度: 1000/6065 损失=0.0464
训练进度: 1500/6065 损失=0.0575
训练进度: 2000/6065 损失=0.0384
训练进度: 2500/6065 损失=0.0254
训练进度: 3000/6065 损失=0.0409
训练进度: 3500/6065 损失=0.0966
训练进度: 4000/6065 损失=0.0460
训练进度: 4500/6065 损失=0.0725
训练进度: 5000/6065 损失=0.0498
训练进度: 5500/6065 损失=0.0380
训练进度: 6000/6065 损失=0.0398
训练进度: 6065/6065 损失=0.0457
✅ 训练完成，耗时: 110.8秒 (1.8分钟)

============================================================
📊 验证决策: Epoch 34/200
   验证间隔: 1
   是否验证: ✅ 是
   原因: 达到验证间隔 (0 == 0)
============================================================

🔍 开始验证...
验证进度: 500/686 损失=0.0536
验证进度: 686/686 损失=1.0340

📊 预测分布分析:
  - 预测的前5个类别: {np.int64(0): 281572, np.int64(1): 37086, np.int64(2): 14735, np.int64(3): 10781, np.int64(4): 8858}
  - 标签的前5个类别: {np.int64(0): 281232, np.int64(1): 36731, np.int64(2): 14789, np.int64(3): 10866, np.int64(4): 8585}
✅ 验证完成，耗时: 4.7秒 (0.1分钟)
训练损失: 0.0437
验证损失: 0.2821
验证准确率: 0.9681 (10613/10964) - 与Levenshtein高度相关
验证F1(加权): 0.9676 - 类别平衡更好
学习率: 0.000093
显存使用: 0.47GB (预留: 0.69GB)

生成的训练样本:
--------------------------------------------------------------------------------
输入:       WPC TWB CB<> JWMJN >XRNJN WHPK WCDRH
目标:     0 1 31 3 0 0 0 0 0 0 0 2 0 0 0 0 2 0 0 0 0 0 38 2 0 0 0 1 0 0 3 0 1 0 0 51 12
预测:     0 1 31 3 0 0 0 0 0 0 0 2 0 0 0 0 2 0 0 0 0 0 38 2 0 0 0 1 0 0 3 0 1 0 0 51 12
准确率:    1.0000 (37/37)
----------------------------------------
输入:       >JK <BDWHJ D>N LH L> NPLV L<BDJ
目标:     0 0 0 0 0 0 0 104 1 0 0 0 20 0 7 0 1 0 0 0 0 0 6 0 0 16 0 1 0 0 7 0
预测:     0 0 0 0 0 0 0 104 1 0 0 0 20 0 7 0 1 0 0 0 0 0 6 0 0 16 0 1 0 0 7 0
准确率:    1.0000 (32/32)
----------------------------------------
输入:       LPDN D>RM LBJT BTW>JL >BWH D>MK WSB
目标:     0 1 0 0 22 0 1 0 0 2 0 1 0 0 2 0 0 0 0 0 0 2 0 0 8 5 12 0 1 0 5 0 0 93 0 3
预测:     0 1 0 0 22 0 1 0 0 2 0 1 0 0 2 0 0 0 0 0 0 2 0 0 8 5 12 0 1 0 5 0 0 93 0 3
准确率:    1.0000 (36/36)
----------------------------------------

生成的验证样本:
--------------------------------------------------------------------------------
输入:       YBJNH D>LH> LMSV> MN KL DBJC WKLJ
目标:     0 0 0 0 5 0 0 1 0 0 4 0 0 1 6 0 10 7 0 0 0 0 0 2 0 1 0 0 2 0 36 0 0 3
预测:     0 0 0 0 5 0 0 1 0 0 4 0 0 1 6 0 10 7 0 0 0 0 0 2 0 1 0 0 2 0 36 0 0 3
准确率:    1.0000 (34/34)
----------------------------------------
输入:       D>LH> LMSV> MN KL DBJC WKLJ XJLK
目标:     0 1 0 0 4 0 0 1 6 0 10 7 0 0 0 0 0 2 0 1 0 0 2 0 36 0 0 3 0 0 0 5 0
预测:     0 1 0 0 4 0 0 1 6 0 10 7 0 0 0 0 0 2 0 1 0 0 2 0 36 0 0 3 0 0 0 5 0
准确率:    1.0000 (33/33)
----------------------------------------
💾 保存新的最佳模型！验证准确率: 0.9681 (F1: 0.9676) (Epoch 34)

======================================================================
🚀 Epoch 35/200
======================================================================
📚 开始训练阶段...
训练进度: 500/6065 损失=0.0668
训练进度: 1000/6065 损失=0.0255
训练进度: 1500/6065 损失=0.0552
训练进度: 2000/6065 损失=0.0262
训练进度: 2500/6065 损失=0.0520
训练进度: 3000/6065 损失=0.0420
训练进度: 3500/6065 损失=0.0963
训练进度: 4000/6065 损失=0.0451
训练进度: 4500/6065 损失=0.0539
训练进度: 5000/6065 损失=0.0808
训练进度: 5500/6065 损失=0.0528
训练进度: 6000/6065 损失=0.0351
训练进度: 6065/6065 损失=0.0164
✅ 训练完成，耗时: 110.8秒 (1.8分钟)

============================================================
📊 验证决策: Epoch 35/200
   验证间隔: 1
   是否验证: ✅ 是
   原因: 达到验证间隔 (0 == 0)
============================================================

🔍 开始验证...
验证进度: 500/686 损失=0.0654
验证进度: 686/686 损失=1.1048

📊 预测分布分析:
  - 预测的前5个类别: {np.int64(0): 281462, np.int64(1): 37014, np.int64(2): 14550, np.int64(3): 10645, np.int64(4): 8828}
  - 标签的前5个类别: {np.int64(0): 281232, np.int64(1): 36731, np.int64(2): 14789, np.int64(3): 10866, np.int64(4): 8585}
✅ 验证完成，耗时: 4.8秒 (0.1分钟)
训练损失: 0.0424
验证损失: 0.2832
验证准确率: 0.9671 (10602/10964) - 与Levenshtein高度相关
验证F1(加权): 0.9669 - 类别平衡更好
学习率: 0.000093
显存使用: 0.47GB (预留: 0.69GB)

生成的训练样本:
--------------------------------------------------------------------------------
输入:       P>Q> >W XRC> >W PTJX> >W <WJR>
目标:     0 0 0 4 0 0 0 0 0 0 0 55 0 0 0 0 0 0 8 0 43 27 0 0 0 0 0 0 0 4 0
预测:     0 0 0 4 0 0 0 0 0 0 0 55 0 0 0 0 0 0 8 0 43 27 0 0 0 0 0 0 0 4 0
准确率:    1.0000 (31/31)
----------------------------------------
输入:       DL> HW> MN >XJK BLXWD DJN L>
目标:     0 1 0 0 0 0 10 3 0 0 0 0 0 2 1 0 0 1 0 0 0 2 0 0 0 0 0 0 0
预测:     0 1 0 0 0 0 10 3 0 0 0 0 0 2 1 0 0 1 0 0 0 2 0 0 0 0 0 0 0
准确率:    1.0000 (29/29)
----------------------------------------
输入:       KJNJH DV MDJN >P L> QBL MWZG>
目标:     0 0 0 2 1 0 8 8 12 0 0 0 0 12 0 0 0 0 0 0 0 0 0 7 0 0 0 0 4 0
预测:     0 0 0 2 1 0 8 8 12 0 0 0 0 12 0 0 0 0 0 0 0 0 0 7 0 0 0 0 4 0
准确率:    1.0000 (30/30)
----------------------------------------

生成的验证样本:
--------------------------------------------------------------------------------
输入:       YBJNH D>LH> LMSV> MN KL DBJC WKLJ
目标:     0 0 0 0 5 0 0 1 0 0 4 0 0 1 6 0 10 7 0 0 0 0 0 2 0 1 0 0 2 0 36 0 0 3
预测:     0 0 0 0 5 0 0 1 0 0 4 0 0 1 6 0 10 7 0 0 0 0 0 2 0 1 0 0 2 0 36 0 0 3
准确率:    1.0000 (34/34)
----------------------------------------
输入:       D>LH> LMSV> MN KL DBJC WKLJ XJLK
目标:     0 1 0 0 4 0 0 1 6 0 10 7 0 0 0 0 0 2 0 1 0 0 2 0 36 0 0 3 0 0 0 5 0
预测:     0 1 0 0 4 0 0 1 6 0 10 7 0 0 0 0 0 2 0 1 0 0 2 0 36 0 0 3 0 0 0 5 0
准确率:    1.0000 (33/33)
----------------------------------------
⏳ 验证无提升 (验证准确率: 0.9671 ≤ 0.9681)，patience: 1/50

======================================================================
🚀 Epoch 36/200
======================================================================
📚 开始训练阶段...
训练进度: 500/6065 损失=0.0538
训练进度: 1000/6065 损失=0.0170
训练进度: 1500/6065 损失=0.0612
训练进度: 2000/6065 损失=0.0382
训练进度: 2500/6065 损失=0.0322
训练进度: 3000/6065 损失=0.0289
训练进度: 3500/6065 损失=0.0257
训练进度: 4000/6065 损失=0.0371
训练进度: 4500/6065 损失=0.0487
训练进度: 5000/6065 损失=0.0625
训练进度: 5500/6065 损失=0.0566
训练进度: 6000/6065 损失=0.0539
训练进度: 6065/6065 损失=0.0383
✅ 训练完成，耗时: 110.7秒 (1.8分钟)

============================================================
📊 验证决策: Epoch 36/200
   验证间隔: 1
   是否验证: ✅ 是
   原因: 达到验证间隔 (0 == 0)
============================================================

🔍 开始验证...
验证进度: 500/686 损失=0.0585
验证进度: 686/686 损失=0.9690

📊 预测分布分析:
  - 预测的前5个类别: {np.int64(0): 281763, np.int64(1): 36965, np.int64(2): 14625, np.int64(3): 10842, np.int64(4): 8699}
  - 标签的前5个类别: {np.int64(0): 281232, np.int64(1): 36731, np.int64(2): 14789, np.int64(3): 10866, np.int64(4): 8585}
✅ 验证完成，耗时: 4.8秒 (0.1分钟)
训练损失: 0.0417
验证损失: 0.2928
验证准确率: 0.9677 (10610/10964) - 与Levenshtein高度相关
验证F1(加权): 0.9672 - 类别平衡更好
学习率: 0.000092
显存使用: 0.47GB (预留: 0.69GB)

生成的训练样本:
--------------------------------------------------------------------------------
输入:       L>HRWN KWTJN> WPRZWM> WMYNPT> WPDT> WPRJS> WTQNJHJ
目标:     0 1 0 0 0 0 2 0 0 0 0 0 0 2 0 1 0 0 0 0 4 0 0 1 0 0 0 13 9 0 0 1 0 13 9 0 0 1 0 0 0 4 0 0 1 0 0 133 0 0 0
预测:     0 1 0 0 0 0 2 0 0 0 0 0 0 2 0 1 0 0 0 0 4 0 0 1 0 0 0 13 9 0 0 1 0 13 9 0 0 1 0 0 0 4 0 0 1 0 0 133 0 0 0
准确率:    1.0000 (51/51)
----------------------------------------
输入:       DGMRW WKD GMRW KLHWN GBR> <BDJ QRB>
目标:     0 1 0 0 3 0 0 1 0 0 0 0 0 3 0 0 0 5 0 0 0 0 0 0 11 0 0 0 0 7 0 0 0 0 15 0
预测:     0 1 0 0 3 0 0 1 0 0 0 0 0 3 19 0 0 5 0 0 0 0 0 0 11 0 0 0 0 7 0 0 0 0 15 0
准确率:    0.9722 (35/36)
----------------------------------------
输入:       HW> HW D><BR XZQJ> <LWT> WMDBX> W>MR
目标:     0 0 10 3 0 0 12 0 1 17 0 0 3 0 0 0 0 0 2 0 0 57 2 23 0 0 1 0 0 0 11 0 0 1 0 0 3
预测:     0 0 10 3 0 0 12 0 1 17 0 0 3 0 0 0 0 0 2 0 0 57 2 23 0 0 1 0 0 0 11 0 0 1 0 0 3
准确率:    1.0000 (37/37)
----------------------------------------

生成的验证样本:
--------------------------------------------------------------------------------
输入:       YBJNH D>LH> LMSV> MN KL DBJC WKLJ
目标:     0 0 0 0 5 0 0 1 0 0 4 0 0 1 6 0 10 7 0 0 0 0 0 2 0 1 0 0 2 0 36 0 0 3
预测:     0 0 0 0 5 0 0 1 0 0 4 0 0 1 6 0 10 7 0 0 0 0 0 2 0 1 0 0 2 0 36 0 0 3
准确率:    1.0000 (34/34)
----------------------------------------
输入:       D>LH> LMSV> MN KL DBJC WKLJ XJLK
目标:     0 1 0 0 4 0 0 1 6 0 10 7 0 0 0 0 0 2 0 1 0 0 2 0 36 0 0 3 0 0 0 5 0
预测:     0 1 0 0 4 0 0 1 6 0 10 7 0 0 0 0 0 2 0 1 0 0 2 0 36 0 0 3 0 0 0 5 0
准确率:    1.0000 (33/33)
----------------------------------------
⏳ 验证无提升 (验证准确率: 0.9677 ≤ 0.9681)，patience: 2/50

======================================================================
🚀 Epoch 37/200
======================================================================
📚 开始训练阶段...
训练进度: 500/6065 损失=0.0381
训练进度: 1000/6065 损失=0.0286
训练进度: 1500/6065 损失=0.0261
训练进度: 2000/6065 损失=0.0517
训练进度: 2500/6065 损失=0.0165
训练进度: 3000/6065 损失=0.0501
训练进度: 3500/6065 损失=0.0266
训练进度: 4000/6065 损失=0.0387
训练进度: 4500/6065 损失=0.0551
训练进度: 5000/6065 损失=0.0563
训练进度: 5500/6065 损失=0.0283
训练进度: 6000/6065 损失=0.0325
训练进度: 6065/6065 损失=0.0239
✅ 训练完成，耗时: 110.8秒 (1.8分钟)

============================================================
📊 验证决策: Epoch 37/200
   验证间隔: 1
   是否验证: ✅ 是
   原因: 达到验证间隔 (0 == 0)
============================================================

🔍 开始验证...
验证进度: 500/686 损失=0.0591
验证进度: 686/686 损失=1.2143

📊 预测分布分析:
  - 预测的前5个类别: {np.int64(0): 281979, np.int64(1): 37174, np.int64(2): 14679, np.int64(3): 10730, np.int64(4): 8777}
  - 标签的前5个类别: {np.int64(0): 281232, np.int64(1): 36731, np.int64(2): 14789, np.int64(3): 10866, np.int64(4): 8585}
✅ 验证完成，耗时: 4.8秒 (0.1分钟)
训练损失: 0.0412
验证损失: 0.2882
验证准确率: 0.9680 (10613/10964) - 与Levenshtein高度相关
验证F1(加权): 0.9676 - 类别平衡更好
学习率: 0.000092
显存使用: 0.47GB (预留: 0.69GB)

生成的训练样本:
--------------------------------------------------------------------------------
输入:       BQRB> >P L>XJKWN PKRW W>WBLW LBBL W><MRW
目标:     0 1 0 0 15 0 0 0 0 0 1 0 2 1 0 0 0 0 0 0 3 0 0 1 50 0 0 3 0 0 1 0 0 2 0 1 17 0 0 3 0
预测:     0 1 0 0 15 0 0 0 0 0 1 0 2 1 0 0 0 0 0 0 3 0 0 1 50 0 0 3 0 0 1 0 0 2 0 1 17 0 0 3 0
准确率:    1.0000 (41/41)
----------------------------------------
输入:       >LP <LWN MDBX HW> CLJMWN <L MDBX>
目标:     0 0 0 2 0 0 57 22 0 0 6 0 0 41 0 0 10 3 0 0 0 0 0 0 2 0 0 0 0 0 0 0 4 0
预测:     0 0 0 2 0 0 57 22 0 0 6 0 0 41 0 0 10 3 0 0 0 0 0 0 2 0 0 0 0 0 0 0 4 0
准确率:    1.0000 (34/34)
----------------------------------------
输入:       XTH LBRT PR<WN >ZL >QR> LKJ >NTT>
目标:     60 13 1 0 0 1 0 13 0 0 0 0 0 0 2 0 21 0 3 0 6 0 10 3 0 1 0 0 0 0 0 13 9 0
预测:     60 13 1 0 0 1 0 13 0 0 0 0 0 0 2 0 21 0 3 0 6 0 10 3 0 1 0 0 0 0 0 13 9 0
准确率:    1.0000 (34/34)
----------------------------------------

生成的验证样本:
--------------------------------------------------------------------------------
输入:       YBJNH D>LH> LMSV> MN KL DBJC WKLJ
目标:     0 0 0 0 5 0 0 1 0 0 4 0 0 1 6 0 10 7 0 0 0 0 0 2 0 1 0 0 2 0 36 0 0 3
预测:     0 0 0 0 5 0 0 1 0 0 4 0 0 1 6 0 10 7 0 0 0 0 0 2 0 1 0 0 2 0 36 0 0 3
准确率:    1.0000 (34/34)
----------------------------------------
输入:       D>LH> LMSV> MN KL DBJC WKLJ XJLK
目标:     0 1 0 0 4 0 0 1 6 0 10 7 0 0 0 0 0 2 0 1 0 0 2 0 36 0 0 3 0 0 0 5 0
预测:     0 1 0 0 4 0 0 1 6 0 10 7 0 0 0 0 0 2 0 1 0 0 2 0 36 0 0 3 0 0 0 5 0
准确率:    1.0000 (33/33)
----------------------------------------
⏳ 验证无提升 (验证准确率: 0.9680 ≤ 0.9681)，patience: 3/50

======================================================================
🚀 Epoch 38/200
======================================================================
📚 开始训练阶段...
训练进度: 500/6065 损失=0.0517
训练进度: 1000/6065 损失=0.0335
训练进度: 1500/6065 损失=0.0351
训练进度: 2000/6065 损失=0.0649
训练进度: 2500/6065 损失=0.0303
训练进度: 3000/6065 损失=0.0591
训练进度: 3500/6065 损失=0.0481
训练进度: 4000/6065 损失=0.0301
训练进度: 4500/6065 损失=0.0344
训练进度: 5000/6065 损失=0.0282
训练进度: 5500/6065 损失=0.0829
训练进度: 6000/6065 损失=0.0439
训练进度: 6065/6065 损失=0.0623
✅ 训练完成，耗时: 110.8秒 (1.8分钟)

============================================================
📊 验证决策: Epoch 38/200
   验证间隔: 1
   是否验证: ✅ 是
   原因: 达到验证间隔 (0 == 0)
============================================================

🔍 开始验证...
验证进度: 500/686 损失=0.0618
验证进度: 686/686 损失=1.3384

📊 预测分布分析:
  - 预测的前5个类别: {np.int64(0): 282240, np.int64(1): 37078, np.int64(2): 14673, np.int64(3): 10634, np.int64(4): 8969}
  - 标签的前5个类别: {np.int64(0): 281232, np.int64(1): 36731, np.int64(2): 14789, np.int64(3): 10866, np.int64(4): 8585}
✅ 验证完成，耗时: 4.8秒 (0.1分钟)
训练损失: 0.0400
验证损失: 0.2975
验证准确率: 0.9676 (10609/10964) - 与Levenshtein高度相关
验证F1(加权): 0.9671 - 类别平衡更好
学习率: 0.000092
显存使用: 0.47GB (预留: 0.69GB)

生成的训练样本:
--------------------------------------------------------------------------------
输入:       P>J> DJLWD> LKLH KRK> MBK> HW> QL>
目标:     0 0 0 7 0 0 1 0 0 0 11 0 0 1 0 5 0 0 0 0 15 0 0 6 0 10 41 0 0 10 3 0 0 4 0
预测:     0 0 0 7 0 0 1 0 0 0 11 0 0 1 0 5 0 0 0 0 15 0 0 6 0 10 41 0 0 10 3 0 0 4 0
准确率:    1.0000 (35/35)
----------------------------------------
输入:       MRN MXT NXTN BQDMJT> LMMR <BWR> WKD
目标:     0 0 56 0 0 34 0 7 0 0 0 3 0 0 1 0 0 0 2 9 0 0 1 6 31 49 0 0 0 0 4 0 0 1 0 0
预测:     0 0 56 0 0 34 0 7 0 0 0 3 0 0 1 0 0 0 2 9 0 0 1 6 31 49 0 0 0 0 4 0 0 1 0 0
准确率:    1.0000 (36/36)
----------------------------------------
输入:       MLJH DHD> >GRT> MN QDM D>MWT DTHWWN
目标:     0 0 13 1 12 0 1 0 0 0 0 0 0 13 9 0 0 0 0 0 0 0 2 0 1 6 0 0 3 0 1 6 0 18 0 0
预测:     0 0 13 1 12 0 1 0 0 0 0 0 0 13 9 0 0 0 0 0 0 0 2 0 1 6 0 0 3 0 1 6 0 18 0 0
准确率:    1.0000 (36/36)
----------------------------------------

生成的验证样本:
--------------------------------------------------------------------------------
输入:       YBJNH D>LH> LMSV> MN KL DBJC WKLJ
目标:     0 0 0 0 5 0 0 1 0 0 4 0 0 1 6 0 10 7 0 0 0 0 0 2 0 1 0 0 2 0 36 0 0 3
预测:     0 0 0 0 5 0 0 1 0 0 4 0 0 1 6 0 10 7 0 0 0 0 0 2 0 1 0 0 2 0 1 0 0 3
准确率:    0.9706 (33/34)
----------------------------------------
输入:       D>LH> LMSV> MN KL DBJC WKLJ XJLK
目标:     0 1 0 0 4 0 0 1 6 0 10 7 0 0 0 0 0 2 0 1 0 0 2 0 36 0 0 3 0 0 0 5 0
预测:     0 1 0 0 4 0 0 1 6 0 10 7 0 0 0 0 0 2 0 1 0 0 2 0 36 0 0 3 0 0 0 5 0
准确率:    1.0000 (33/33)
----------------------------------------
⏳ 验证无提升 (验证准确率: 0.9676 ≤ 0.9681)，patience: 4/50

======================================================================
🚀 Epoch 39/200
======================================================================
📚 开始训练阶段...
训练进度: 500/6065 损失=0.0171
训练进度: 1000/6065 损失=0.0486
训练进度: 1500/6065 损失=0.0581
训练进度: 2000/6065 损失=0.0348
训练进度: 2500/6065 损失=0.0574
训练进度: 3000/6065 损失=0.0462
训练进度: 3500/6065 损失=0.0340
训练进度: 4000/6065 损失=0.0549
训练进度: 4500/6065 损失=0.0240
训练进度: 5000/6065 损失=0.0529
训练进度: 5500/6065 损失=0.0448
训练进度: 6000/6065 损失=0.0335
训练进度: 6065/6065 损失=0.0813
✅ 训练完成，耗时: 110.9秒 (1.8分钟)

============================================================
📊 验证决策: Epoch 39/200
   验证间隔: 1
   是否验证: ✅ 是
   原因: 达到验证间隔 (0 == 0)
============================================================

🔍 开始验证...
验证进度: 500/686 损失=0.0619
验证进度: 686/686 损失=1.3150

📊 预测分布分析:
  - 预测的前5个类别: {np.int64(0): 282224, np.int64(1): 37079, np.int64(2): 14699, np.int64(3): 10749, np.int64(4): 8748}
  - 标签的前5个类别: {np.int64(0): 281232, np.int64(1): 36731, np.int64(2): 14789, np.int64(3): 10866, np.int64(4): 8585}
✅ 验证完成，耗时: 4.8秒 (0.1分钟)
训练损失: 0.0391
验证损失: 0.2950
验证准确率: 0.9683 (10616/10964) - 与Levenshtein高度相关
验证F1(加权): 0.9678 - 类别平衡更好
学习率: 0.000091
显存使用: 0.47GB (预留: 0.69GB)

生成的训练样本:
--------------------------------------------------------------------------------
输入:       CRBT> DDN MN YD<> WMN >CTW>JL CTM>>
目标:     0 0 0 13 9 0 0 1 0 2 0 0 0 0 0 0 0 2 0 1 0 0 0 0 0 0 0 0 0 2 0 0 5 0 0 2
预测:     0 0 0 13 9 0 0 1 0 2 0 0 0 0 0 0 0 2 0 1 0 0 0 0 0 0 0 0 0 2 0 0 5 0 0 2
准确率:    1.0000 (36/36)
----------------------------------------
输入:       BQLH D>LJ> WHPKT NPCH DVLJ> LGWH WXJ>
目标:     0 1 0 5 0 0 1 0 0 0 2 0 1 0 0 3 26 0 0 0 5 0 0 1 0 57 4 0 0 1 0 5 0 0 1 0 10 3
预测:     0 1 0 5 0 0 1 0 0 0 2 0 1 0 0 3 26 0 0 0 5 0 0 1 0 57 4 0 0 1 0 5 0 0 1 0 10 3
准确率:    1.0000 (38/38)
----------------------------------------
输入:       KL RKCH DPR<WN WMRKBTH WPRCWHJ WXJLH CRJN
目标:     0 0 2 0 0 0 5 0 0 1 0 0 0 0 2 0 1 0 0 0 13 32 0 0 1 0 0 69 1 0 0 0 1 0 0 5 0 0 0 42 0 0
预测:     0 0 2 0 0 0 5 0 0 1 0 0 0 0 2 0 1 0 0 0 13 32 0 0 1 0 0 69 1 0 0 0 1 0 0 5 0 0 0 42 0 0
准确率:    1.0000 (42/42)
----------------------------------------

生成的验证样本:
--------------------------------------------------------------------------------
输入:       YBJNH D>LH> LMSV> MN KL DBJC WKLJ
目标:     0 0 0 0 5 0 0 1 0 0 4 0 0 1 6 0 10 7 0 0 0 0 0 2 0 1 0 0 2 0 36 0 0 3
预测:     0 0 0 0 5 0 0 1 0 0 4 0 0 1 6 0 10 7 0 0 0 0 0 2 0 1 0 0 2 0 36 0 0 3
准确率:    1.0000 (34/34)
----------------------------------------
输入:       D>LH> LMSV> MN KL DBJC WKLJ XJLK
目标:     0 1 0 0 4 0 0 1 6 0 10 7 0 0 0 0 0 2 0 1 0 0 2 0 36 0 0 3 0 0 0 5 0
预测:     0 1 0 0 4 0 0 1 6 0 10 7 0 0 0 0 0 2 0 1 0 0 2 0 36 0 0 3 0 0 0 5 0
准确率:    1.0000 (33/33)
----------------------------------------
💾 保存新的最佳模型！验证准确率: 0.9683 (F1: 0.9678) (Epoch 39)

======================================================================
🚀 Epoch 40/200
======================================================================
📚 开始训练阶段...
训练进度: 500/6065 损失=0.0555
训练进度: 1000/6065 损失=0.0227
训练进度: 1500/6065 损失=0.0483
训练进度: 2000/6065 损失=0.0322
训练进度: 2500/6065 损失=0.0402
训练进度: 3000/6065 损失=0.0582
训练进度: 3500/6065 损失=0.0326
训练进度: 4000/6065 损失=0.0375
训练进度: 4500/6065 损失=0.0146
训练进度: 5000/6065 损失=0.0871
训练进度: 5500/6065 损失=0.0699
训练进度: 6000/6065 损失=0.0361
训练进度: 6065/6065 损失=0.0275
✅ 训练完成，耗时: 110.9秒 (1.8分钟)

============================================================
📊 验证决策: Epoch 40/200
   验证间隔: 1
   是否验证: ✅ 是
   原因: 达到验证间隔 (0 == 0)
============================================================

🔍 开始验证...
验证进度: 500/686 损失=0.0622
验证进度: 686/686 损失=1.3984

📊 预测分布分析:
  - 预测的前5个类别: {np.int64(0): 282006, np.int64(1): 37011, np.int64(2): 14656, np.int64(3): 10733, np.int64(4): 8700}
  - 标签的前5个类别: {np.int64(0): 281232, np.int64(1): 36731, np.int64(2): 14789, np.int64(3): 10866, np.int64(4): 8585}
✅ 验证完成，耗时: 4.8秒 (0.1分钟)
训练损失: 0.0385
验证损失: 0.2986
验证准确率: 0.9679 (10612/10964) - 与Levenshtein高度相关
验证F1(加权): 0.9676 - 类别平衡更好
学习率: 0.000091
显存使用: 0.47GB (预留: 0.69GB)

生成的训练样本:
--------------------------------------------------------------------------------
输入:       LKWN >LH> >SQW GRMJ MK> <MKWN WMJT
目标:     0 1 0 0 0 0 0 0 4 0 6 17 64 3 0 0 0 0 2 46 0 0 0 0 0 0 1 0 0 0 0 1 20 0 3
预测:     0 1 0 0 0 0 0 0 4 0 6 17 64 3 0 0 0 0 2 46 0 0 0 0 0 0 1 0 0 0 0 1 20 0 3
准确率:    1.0000 (35/35)
----------------------------------------
输入:       LRPQ> TMNJ> HLJN JLDT MLK> LNXWR >XWHJ
目标:     0 1 0 0 0 2 0 0 0 8 0 2 0 0 0 0 0 0 0 0 3 26 0 0 0 0 22 0 1 0 0 0 2 0 0 8 5 0 0
预测:     0 1 0 0 0 2 0 0 0 8 0 2 0 0 0 0 0 0 0 0 3 26 0 0 0 0 22 0 1 0 0 0 2 0 0 8 5 0 0
准确率:    1.0000 (39/39)
----------------------------------------
输入:       LJT >SJWT> MN YPR> LRMC> MXRB> MDJR>
目标:     0 58 0 24 0 0 0 0 2 9 0 0 0 0 0 0 0 4 0 0 1 0 0 4 0 0 6 0 0 7 19 0 0 0 0 11 0
预测:     0 58 0 24 0 0 0 0 2 9 0 0 0 0 0 0 0 4 0 0 1 0 0 4 0 0 6 0 0 7 19 0 0 0 0 11 0
准确率:    1.0000 (37/37)
----------------------------------------

生成的验证样本:
--------------------------------------------------------------------------------
输入:       YBJNH D>LH> LMSV> MN KL DBJC WKLJ
目标:     0 0 0 0 5 0 0 1 0 0 4 0 0 1 6 0 10 7 0 0 0 0 0 2 0 1 0 0 2 0 36 0 0 3
预测:     0 0 0 0 5 0 0 1 0 0 4 0 0 1 6 0 10 7 0 0 0 0 0 2 0 1 0 0 2 0 36 0 0 3
准确率:    1.0000 (34/34)
----------------------------------------
输入:       D>LH> LMSV> MN KL DBJC WKLJ XJLK
目标:     0 1 0 0 4 0 0 1 6 0 10 7 0 0 0 0 0 2 0 1 0 0 2 0 36 0 0 3 0 0 0 5 0
预测:     0 1 0 0 4 0 0 1 6 0 10 7 0 0 0 0 0 2 0 1 0 0 2 0 36 0 0 3 0 0 0 5 0
准确率:    1.0000 (33/33)
----------------------------------------
⏳ 验证无提升 (验证准确率: 0.9679 ≤ 0.9683)，patience: 1/50

======================================================================
🚀 Epoch 41/200
======================================================================
📚 开始训练阶段...
训练进度: 500/6065 损失=0.0357
训练进度: 1000/6065 损失=0.0498
训练进度: 1500/6065 损失=0.0674
训练进度: 2000/6065 损失=0.0412
训练进度: 2500/6065 损失=0.0408
训练进度: 3000/6065 损失=0.0463
训练进度: 3500/6065 损失=0.0511
训练进度: 4000/6065 损失=0.0573
训练进度: 4500/6065 损失=0.0496
训练进度: 5000/6065 损失=0.0619
训练进度: 5500/6065 损失=0.0547
训练进度: 6000/6065 损失=0.0258
训练进度: 6065/6065 损失=0.0310
✅ 训练完成，耗时: 110.8秒 (1.8分钟)

============================================================
📊 验证决策: Epoch 41/200
   验证间隔: 1
   是否验证: ✅ 是
   原因: 达到验证间隔 (0 == 0)
============================================================

🔍 开始验证...
验证进度: 500/686 损失=0.0505
验证进度: 686/686 损失=1.1140

📊 预测分布分析:
  - 预测的前5个类别: {np.int64(0): 281637, np.int64(1): 37035, np.int64(2): 14767, np.int64(3): 10813, np.int64(4): 8884}
  - 标签的前5个类别: {np.int64(0): 281232, np.int64(1): 36731, np.int64(2): 14789, np.int64(3): 10866, np.int64(4): 8585}
✅ 验证完成，耗时: 4.8秒 (0.1分钟)
训练损失: 0.0374
验证损失: 0.3052
验证准确率: 0.9678 (10610/10964) - 与Levenshtein高度相关
验证F1(加权): 0.9674 - 类别平衡更好
学习率: 0.000090
显存使用: 0.47GB (预留: 0.69GB)

生成的训练样本:
--------------------------------------------------------------------------------
输入:       >JK DPQD MRJ> LMWC> W<BDW KLJL> DNZJRWT>
目标:     0 0 0 0 0 1 0 0 16 0 0 0 0 2 0 1 0 0 0 2 0 1 0 0 3 0 0 0 0 0 4 0 0 1 0 0 0 0 2 9 0
预测:     0 0 0 0 0 1 0 0 16 0 0 0 0 2 0 1 0 0 0 2 0 1 0 0 3 0 0 0 0 0 4 0 0 1 0 0 0 0 2 9 0
准确率:    1.0000 (41/41)
----------------------------------------
输入:       BMNWT> DNPCHWN WHNWN DSML> MTQRJN BJC> W>MTJ
目标:     0 1 0 57 22 23 0 0 1 0 0 5 0 0 0 0 1 0 0 0 12 0 1 0 0 4 0 0 21 14 0 42 0 0 0 0 0 11 0 0 1 0 0 0 0
预测:     0 1 0 57 22 23 0 0 1 0 0 5 0 0 0 0 1 0 0 0 12 0 1 0 0 4 0 0 21 14 0 42 0 0 0 0 0 11 0 0 1 0 0 0 0
准确率:    1.0000 (45/45)
----------------------------------------
输入:       <BDK WBPTGMK <BDT KLHWN PTGM> HLJN <NJNJ
目标:     0 0 0 37 0 0 1 1 0 0 0 5 0 0 0 0 3 0 0 0 5 0 0 0 0 0 0 0 11 0 0 0 0 0 0 6 0 0 29 0 0
预测:     0 0 0 37 0 0 1 1 0 0 0 5 0 0 0 0 3 0 0 0 5 0 0 0 0 0 0 0 11 0 0 0 0 0 0 6 0 0 29 0 0
准确率:    1.0000 (41/41)
----------------------------------------

生成的验证样本:
--------------------------------------------------------------------------------
输入:       YBJNH D>LH> LMSV> MN KL DBJC WKLJ
目标:     0 0 0 0 5 0 0 1 0 0 4 0 0 1 6 0 10 7 0 0 0 0 0 2 0 1 0 0 2 0 36 0 0 3
预测:     0 0 0 0 5 0 0 1 0 0 4 0 0 1 6 0 10 7 0 0 0 0 0 2 0 1 0 0 2 0 36 0 0 3
准确率:    1.0000 (34/34)
----------------------------------------
输入:       D>LH> LMSV> MN KL DBJC WKLJ XJLK
目标:     0 1 0 0 4 0 0 1 6 0 10 7 0 0 0 0 0 2 0 1 0 0 2 0 36 0 0 3 0 0 0 5 0
预测:     0 1 0 0 4 0 0 1 6 0 10 7 0 0 0 0 0 2 0 1 0 0 2 0 36 0 0 3 0 0 0 5 0
准确率:    1.0000 (33/33)
----------------------------------------
⏳ 验证无提升 (验证准确率: 0.9678 ≤ 0.9683)，patience: 2/50

======================================================================
🚀 Epoch 42/200
======================================================================
📚 开始训练阶段...
训练进度: 500/6065 损失=0.0119
训练进度: 1000/6065 损失=0.0201
训练进度: 1500/6065 损失=0.0549
训练进度: 2000/6065 损失=0.0365
训练进度: 2500/6065 损失=0.0456
训练进度: 3000/6065 损失=0.0238
训练进度: 3500/6065 损失=0.0512
训练进度: 4000/6065 损失=0.0122
训练进度: 4500/6065 损失=0.0664
训练进度: 5000/6065 损失=0.0176
训练进度: 5500/6065 损失=0.0184
训练进度: 6000/6065 损失=0.0377
训练进度: 6065/6065 损失=0.0519
✅ 训练完成，耗时: 110.5秒 (1.8分钟)

============================================================
📊 验证决策: Epoch 42/200
   验证间隔: 1
   是否验证: ✅ 是
   原因: 达到验证间隔 (0 == 0)
============================================================

🔍 开始验证...
验证进度: 500/686 损失=0.0618
验证进度: 686/686 损失=1.2072

📊 预测分布分析:
  - 预测的前5个类别: {np.int64(0): 281948, np.int64(1): 37050, np.int64(2): 14729, np.int64(3): 10988, np.int64(4): 8833}
  - 标签的前5个类别: {np.int64(0): 281232, np.int64(1): 36731, np.int64(2): 14789, np.int64(3): 10866, np.int64(4): 8585}
✅ 验证完成，耗时: 4.8秒 (0.1分钟)
训练损失: 0.0369
验证损失: 0.3015
验证准确率: 0.9681 (10614/10964) - 与Levenshtein高度相关
验证F1(加权): 0.9675 - 类别平衡更好
学习率: 0.000090
显存使用: 0.47GB (预留: 0.69GB)

生成的训练样本:
--------------------------------------------------------------------------------
输入:       >JTW LJ NQWC> WHW> DKD NQC NQWC>
目标:     6 59 0 18 0 0 1 0 0 0 0 0 4 0 0 1 0 10 3 0 1 0 0 0 0 0 7 0 0 0 0 4 0
预测:     6 59 0 18 0 0 1 0 0 0 0 0 4 0 0 1 0 10 3 0 1 0 0 0 0 0 7 0 0 0 0 4 0
准确率:    1.0000 (33/33)
----------------------------------------
输入:       W>MR QDMJHWN KLHWN PTGM> HLJN DPQDH MRJ>
目标:     0 1 0 0 3 0 0 0 2 1 0 0 0 0 0 5 0 0 0 0 0 0 0 11 0 0 0 0 0 0 0 1 0 0 51 0 0 0 0 0 2
预测:     0 1 0 0 3 0 0 0 2 1 0 0 0 0 0 5 0 0 0 0 0 0 0 11 0 0 0 0 0 0 0 1 0 0 51 0 0 0 0 0 2
准确率:    1.0000 (41/41)
----------------------------------------
输入:       NTB <L KWRSJH DMRJ MLK> MN BTRH
目标:     0 52 0 3 0 0 0 0 0 0 0 0 5 0 0 1 0 56 0 0 0 0 4 0 0 0 0 0 0 0 1 0
预测:     0 52 0 3 0 0 0 0 0 0 0 0 5 0 0 1 0 56 0 0 0 0 4 0 0 0 0 0 0 0 1 0
准确率:    1.0000 (32/32)
----------------------------------------

生成的验证样本:
--------------------------------------------------------------------------------
输入:       YBJNH D>LH> LMSV> MN KL DBJC WKLJ
目标:     0 0 0 0 5 0 0 1 0 0 4 0 0 1 6 0 10 7 0 0 0 0 0 2 0 1 0 0 2 0 36 0 0 3
预测:     0 0 0 0 5 0 0 1 0 0 4 0 0 1 6 0 10 7 0 0 0 0 0 2 0 1 0 0 2 0 1 0 5 3
准确率:    0.9412 (32/34)
----------------------------------------
输入:       D>LH> LMSV> MN KL DBJC WKLJ XJLK
目标:     0 1 0 0 4 0 0 1 6 0 10 7 0 0 0 0 0 2 0 1 0 0 2 0 36 0 0 3 0 0 0 5 0
预测:     0 1 0 0 4 0 0 1 6 0 10 7 0 0 0 0 0 2 0 1 0 0 2 0 1 0 0 3 0 0 0 5 0
准确率:    0.9697 (32/33)
----------------------------------------
⏳ 验证无提升 (验证准确率: 0.9681 ≤ 0.9683)，patience: 3/50

======================================================================
🚀 Epoch 43/200
======================================================================
📚 开始训练阶段...
训练进度: 500/6065 损失=0.0361
训练进度: 1000/6065 损失=0.0117
训练进度: 1500/6065 损失=0.0690
训练进度: 2000/6065 损失=0.0158
训练进度: 2500/6065 损失=0.0241
训练进度: 3000/6065 损失=0.0509
训练进度: 3500/6065 损失=0.0455
训练进度: 4000/6065 损失=0.0268
训练进度: 4500/6065 损失=0.0513
训练进度: 5000/6065 损失=0.0422
训练进度: 5500/6065 损失=0.0438
训练进度: 6000/6065 损失=0.0209
训练进度: 6065/6065 损失=0.0333
✅ 训练完成，耗时: 110.5秒 (1.8分钟)

============================================================
📊 验证决策: Epoch 43/200
   验证间隔: 1
   是否验证: ✅ 是
   原因: 达到验证间隔 (0 == 0)
============================================================

🔍 开始验证...
验证进度: 500/686 损失=0.0746
验证进度: 686/686 损失=1.1838

📊 预测分布分析:
  - 预测的前5个类别: {np.int64(0): 282143, np.int64(1): 37042, np.int64(2): 14748, np.int64(3): 10914, np.int64(4): 8959}
  - 标签的前5个类别: {np.int64(0): 281232, np.int64(1): 36731, np.int64(2): 14789, np.int64(3): 10866, np.int64(4): 8585}
✅ 验证完成，耗时: 4.8秒 (0.1分钟)
训练损失: 0.0364
验证损失: 0.3015
验证准确率: 0.9680 (10613/10964) - 与Levenshtein高度相关
验证F1(加权): 0.9676 - 类别平衡更好
学习率: 0.000089
显存使用: 0.47GB (预留: 0.69GB)

生成的训练样本:
--------------------------------------------------------------------------------
输入:       BSTRJ W>PJ L> NTXZJN W>MR MRJ> LMWC>
目标:     0 1 0 0 0 2 0 1 54 2 46 0 0 0 0 21 14 0 0 3 12 0 1 0 0 3 0 0 0 0 2 0 1 0 0 0 2
预测:     0 1 0 0 0 2 0 1 54 2 46 0 0 0 0 21 14 0 0 3 12 0 1 0 0 3 0 0 0 0 2 0 1 0 0 0 2
准确率:    1.0000 (37/37)
----------------------------------------
输入:       HPWKJ LWT MRTKJ W>CT<BDJ TXJT >JDH W>MR
目标:     6 0 8 0 3 0 0 0 0 0 0 0 13 1 0 0 0 36 47 39 17 0 0 3 0 0 0 8 0 0 8 0 0 5 12 0 1 0 0 3
预测:     6 0 8 0 3 0 0 0 0 0 0 0 13 1 0 0 0 36 47 39 17 0 0 3 0 0 0 8 0 0 8 0 0 5 12 0 1 0 0 3
准确率:    1.0000 (40/40)
----------------------------------------
输入:       >P <BDK J<QWB BTRN MVL D>MR D>NJX
目标:     0 0 0 0 0 0 37 0 0 0 0 0 0 2 0 0 0 1 0 0 0 0 0 0 1 0 0 3 0 1 28 20 0 3
预测:     0 0 0 0 0 0 37 0 0 0 0 0 0 2 0 0 0 1 0 0 0 0 0 0 1 0 0 3 0 1 28 20 0 3
准确率:    1.0000 (34/34)
----------------------------------------

生成的验证样本:
--------------------------------------------------------------------------------
输入:       YBJNH D>LH> LMSV> MN KL DBJC WKLJ
目标:     0 0 0 0 5 0 0 1 0 0 4 0 0 1 6 0 10 7 0 0 0 0 0 2 0 1 0 0 2 0 36 0 0 3
预测:     0 0 0 0 5 0 0 1 0 0 4 0 0 1 6 0 10 7 0 0 0 0 0 2 0 1 0 0 2 0 36 0 0 3
准确率:    1.0000 (34/34)
----------------------------------------
输入:       D>LH> LMSV> MN KL DBJC WKLJ XJLK
目标:     0 1 0 0 4 0 0 1 6 0 10 7 0 0 0 0 0 2 0 1 0 0 2 0 36 0 0 3 0 0 0 5 0
预测:     0 1 0 0 4 0 0 1 6 0 10 7 0 0 0 0 0 2 0 1 0 0 2 0 36 0 0 3 0 0 0 5 0
准确率:    1.0000 (33/33)
----------------------------------------
⏳ 验证无提升 (验证准确率: 0.9680 ≤ 0.9683)，patience: 4/50

======================================================================
🚀 Epoch 44/200
======================================================================
📚 开始训练阶段...
训练进度: 500/6065 损失=0.0456
训练进度: 1000/6065 损失=0.0367
训练进度: 1500/6065 损失=0.0348
训练进度: 2000/6065 损失=0.0349
训练进度: 2500/6065 损失=0.0829
训练进度: 3000/6065 损失=0.0372
训练进度: 3500/6065 损失=0.0693
训练进度: 4000/6065 损失=0.0262
训练进度: 4500/6065 损失=0.0495
训练进度: 5000/6065 损失=0.0402
训练进度: 5500/6065 损失=0.0291
训练进度: 6000/6065 损失=0.0275
训练进度: 6065/6065 损失=0.0547
✅ 训练完成，耗时: 110.6秒 (1.8分钟)

============================================================
📊 验证决策: Epoch 44/200
   验证间隔: 1
   是否验证: ✅ 是
   原因: 达到验证间隔 (0 == 0)
============================================================

🔍 开始验证...
验证进度: 500/686 损失=0.0578
验证进度: 686/686 损失=1.2610

📊 预测分布分析:
  - 预测的前5个类别: {np.int64(0): 281873, np.int64(1): 37009, np.int64(2): 14677, np.int64(3): 10867, np.int64(4): 8765}
  - 标签的前5个类别: {np.int64(0): 281232, np.int64(1): 36731, np.int64(2): 14789, np.int64(3): 10866, np.int64(4): 8585}
✅ 验证完成，耗时: 4.8秒 (0.1分钟)
训练损失: 0.0354
验证损失: 0.3100
验证准确率: 0.9677 (10609/10964) - 与Levenshtein高度相关
验证F1(加权): 0.9672 - 类别平衡更好
学习率: 0.000089
显存使用: 0.47GB (预留: 0.69GB)

生成的训练样本:
--------------------------------------------------------------------------------
输入:       HWJT B>R<> NWKRJT> WJLDT TWB BR> DTRJN
目标:     0 0 0 3 0 0 1 0 0 4 0 0 0 0 0 0 2 9 0 0 1 0 0 3 26 0 0 0 0 0 0 4 0 0 1 0 2 0 12
预测:     0 0 0 3 0 0 1 0 0 4 0 0 0 0 0 0 2 9 0 0 1 0 0 3 26 0 0 0 0 0 0 4 0 0 1 0 2 0 12
准确率:    1.0000 (39/39)
----------------------------------------
输入:       LNHR> RB> NHR> PRT LQJNJ> WLQNZJ> WLQDMWNJ>
目标:     0 1 0 0 4 0 0 0 4 0 0 0 0 4 0 0 0 0 2 0 1 0 0 0 30 0 0 1 1 0 0 0 11 0 0 1 1 0 0 0 0 0 11 0
预测:     0 1 0 0 4 0 0 0 4 0 0 0 0 4 0 0 0 0 2 0 1 0 0 0 30 0 0 1 1 0 0 0 11 0 0 1 1 0 0 0 0 0 11 0
准确率:    1.0000 (44/44)
----------------------------------------
输入:       WPRWQJNJ L> >BHT MVL DSBRT BK TMJM>
目标:     0 36 0 8 0 48 1 0 0 0 0 0 0 6 0 0 3 0 0 0 0 0 1 0 0 3 19 0 1 0 0 0 0 0 11 0
预测:     0 36 0 8 0 48 1 0 0 0 0 0 0 6 0 0 3 0 0 0 0 0 1 0 0 3 19 0 1 0 0 0 0 0 11 0
准确率:    1.0000 (36/36)
----------------------------------------

生成的验证样本:
--------------------------------------------------------------------------------
输入:       YBJNH D>LH> LMSV> MN KL DBJC WKLJ
目标:     0 0 0 0 5 0 0 1 0 0 4 0 0 1 6 0 10 7 0 0 0 0 0 2 0 1 0 0 2 0 36 0 0 3
预测:     0 0 0 0 5 0 0 1 0 0 4 0 0 1 6 0 10 7 0 0 0 0 0 2 0 1 0 0 2 0 36 0 0 3
准确率:    1.0000 (34/34)
----------------------------------------
输入:       D>LH> LMSV> MN KL DBJC WKLJ XJLK
目标:     0 1 0 0 4 0 0 1 6 0 10 7 0 0 0 0 0 2 0 1 0 0 2 0 36 0 0 3 0 0 0 5 0
预测:     0 1 0 0 4 0 0 1 6 0 10 7 0 0 0 0 0 2 0 1 0 0 2 0 36 0 0 3 0 0 0 5 0
准确率:    1.0000 (33/33)
----------------------------------------
⏳ 验证无提升 (验证准确率: 0.9677 ≤ 0.9683)，patience: 5/50

======================================================================
🚀 Epoch 45/200
======================================================================
📚 开始训练阶段...
训练进度: 500/6065 损失=0.0332
训练进度: 1000/6065 损失=0.0240
训练进度: 1500/6065 损失=0.0374
训练进度: 2000/6065 损失=0.0390
训练进度: 2500/6065 损失=0.0294
训练进度: 3000/6065 损失=0.0379
训练进度: 3500/6065 损失=0.0646
训练进度: 4000/6065 损失=0.0409
训练进度: 4500/6065 损失=0.0230
训练进度: 5000/6065 损失=0.0333
训练进度: 5500/6065 损失=0.0341
训练进度: 6000/6065 损失=0.0378
训练进度: 6065/6065 损失=0.0361
✅ 训练完成，耗时: 110.8秒 (1.8分钟)

============================================================
📊 验证决策: Epoch 45/200
   验证间隔: 1
   是否验证: ✅ 是
   原因: 达到验证间隔 (0 == 0)
============================================================

🔍 开始验证...
验证进度: 500/686 损失=0.0821
验证进度: 686/686 损失=1.2144

📊 预测分布分析:
  - 预测的前5个类别: {np.int64(0): 282398, np.int64(1): 37099, np.int64(2): 14704, np.int64(3): 10740, np.int64(4): 8839}
  - 标签的前5个类别: {np.int64(0): 281232, np.int64(1): 36731, np.int64(2): 14789, np.int64(3): 10866, np.int64(4): 8585}
✅ 验证完成，耗时: 4.8秒 (0.1分钟)
训练损失: 0.0348
验证损失: 0.3093
验证准确率: 0.9683 (10616/10964) - 与Levenshtein高度相关
验证F1(加权): 0.9677 - 类别平衡更好
学习率: 0.000088
显存使用: 0.47GB (预留: 0.69GB)

生成的训练样本:
--------------------------------------------------------------------------------
输入:       LTRCJC MN QDM MRJ> WNXT LJWP> W>CKX
目标:     0 1 0 0 0 0 2 0 0 0 0 0 0 2 0 0 0 0 2 0 1 0 0 3 0 1 0 0 0 2 0 35 0 0 0 3
预测:     0 1 0 0 0 0 2 0 0 0 0 0 0 2 0 0 0 0 2 0 1 0 0 3 0 1 0 0 0 2 0 35 0 0 0 3
准确率:    1.0000 (36/36)
----------------------------------------
输入:       BSJMWT> L> >JT <DM> LXD QBR> PTJX>
目标:     0 0 0 0 0 2 9 0 0 0 0 0 0 0 24 0 0 0 0 0 0 1 0 2 0 0 0 15 0 0 0 8 0 43 27
预测:     0 0 0 0 0 2 9 0 0 0 0 0 0 0 24 0 0 0 0 0 0 1 0 2 0 0 0 15 0 0 0 8 0 43 27
准确率:    1.0000 (35/35)
----------------------------------------
输入:       KHN> BDQ> DBJT> WQR> MLK> JW>C LJWJD<
目标:     0 0 0 11 0 0 0 0 15 0 0 1 0 0 4 0 0 1 0 10 3 0 0 0 4 0 0 0 0 0 2 0 1 0 0 0 0 2
预测:     0 0 0 4 0 0 0 0 15 0 0 1 0 0 4 0 0 1 0 10 3 0 0 0 4 0 0 0 0 0 2 0 1 0 0 0 0 2
准确率:    0.9737 (37/38)
----------------------------------------

生成的验证样本:
--------------------------------------------------------------------------------
输入:       YBJNH D>LH> LMSV> MN KL DBJC WKLJ
目标:     0 0 0 0 5 0 0 1 0 0 4 0 0 1 6 0 10 7 0 0 0 0 0 2 0 1 0 0 2 0 36 0 0 3
预测:     0 0 0 0 5 0 0 1 0 0 4 0 0 1 6 0 10 7 0 0 0 0 0 2 0 1 0 0 2 0 36 0 0 3
准确率:    1.0000 (34/34)
----------------------------------------
输入:       D>LH> LMSV> MN KL DBJC WKLJ XJLK
目标:     0 1 0 0 4 0 0 1 6 0 10 7 0 0 0 0 0 2 0 1 0 0 2 0 36 0 0 3 0 0 0 5 0
预测:     0 1 0 0 4 0 0 1 6 0 10 7 0 0 0 0 0 2 0 1 0 0 2 0 36 0 0 3 0 0 0 5 0
准确率:    1.0000 (33/33)
----------------------------------------
💾 保存新的最佳模型！验证准确率: 0.9683 (F1: 0.9677) (Epoch 45)

======================================================================
🚀 Epoch 46/200
======================================================================
📚 开始训练阶段...
训练进度: 500/6065 损失=0.0467
训练进度: 1000/6065 损失=0.0368
训练进度: 1500/6065 损失=0.0476
训练进度: 2000/6065 损失=0.0208
训练进度: 2500/6065 损失=0.0462
训练进度: 3000/6065 损失=0.0345
训练进度: 3500/6065 损失=0.0432
训练进度: 4000/6065 损失=0.0237
训练进度: 4500/6065 损失=0.0203
训练进度: 5000/6065 损失=0.0401
训练进度: 5500/6065 损失=0.0459
训练进度: 6000/6065 损失=0.0312
训练进度: 6065/6065 损失=0.0206
✅ 训练完成，耗时: 111.2秒 (1.9分钟)

============================================================
📊 验证决策: Epoch 46/200
   验证间隔: 1
   是否验证: ✅ 是
   原因: 达到验证间隔 (0 == 0)
============================================================

🔍 开始验证...
验证进度: 500/686 损失=0.0924
验证进度: 686/686 损失=1.3075

📊 预测分布分析:
  - 预测的前5个类别: {np.int64(0): 282478, np.int64(1): 36903, np.int64(2): 14677, np.int64(3): 10733, np.int64(4): 9091}
  - 标签的前5个类别: {np.int64(0): 281232, np.int64(1): 36731, np.int64(2): 14789, np.int64(3): 10866, np.int64(4): 8585}
✅ 验证完成，耗时: 4.8秒 (0.1分钟)
训练损失: 0.0338
验证损失: 0.3146
验证准确率: 0.9681 (10614/10964) - 与Levenshtein高度相关
验证F1(加权): 0.9675 - 类别平衡更好
学习率: 0.000088
显存使用: 0.47GB (预留: 0.69GB)

生成的训练样本:
--------------------------------------------------------------------------------
输入:       BTR MWTJ MXBLW MXBLJN >NTWN WSVJN >NTWN
目标:     0 0 0 0 0 0 0 37 0 0 6 0 0 7 19 0 6 0 0 7 0 19 0 0 0 0 0 0 0 1 0 42 0 0 0 0 0 0 0 0
预测:     0 0 0 0 0 0 0 37 0 0 6 0 0 7 19 0 6 0 0 7 0 19 0 0 0 0 0 0 0 1 0 42 0 0 0 0 0 0 0 0
准确率:    1.0000 (40/40)
----------------------------------------
输入:       M>TJN SKRJN DDHB> SNJN> WCTM>> MNJN DDHB>
目标:     0 0 0 0 0 2 0 0 0 2 0 0 0 1 0 0 4 0 0 0 8 0 43 27 0 1 0 0 0 0 2 0 0 231 0 0 0 1 0 0 4 0
预测:     0 0 0 0 0 2 0 0 0 2 0 0 0 1 0 0 4 0 0 0 8 0 43 27 0 1 0 0 0 0 2 0 0 231 0 0 0 1 0 0 4 0
准确率:    1.0000 (42/42)
----------------------------------------
输入:       NWPWN QDJCWHJ DMRJ> LMMN> GBRWT> DPRJCTH GNBRWT>
目标:     0 63 0 18 0 0 0 0 0 0 25 1 0 0 0 1 0 0 0 2 0 1 6 0 10 7 0 0 0 0 2 23 0 0 1 0 8 0 7 153 0 0 0 0 0 0 2 9 0
预测:     0 63 0 18 0 0 0 0 0 0 25 1 0 0 0 1 0 0 0 2 0 1 6 0 10 7 0 0 0 0 2 23 0 0 1 0 8 0 7 153 0 0 0 0 0 0 2 23 0
准确率:    0.9796 (48/49)
----------------------------------------

生成的验证样本:
--------------------------------------------------------------------------------
输入:       YBJNH D>LH> LMSV> MN KL DBJC WKLJ
目标:     0 0 0 0 5 0 0 1 0 0 4 0 0 1 6 0 10 7 0 0 0 0 0 2 0 1 0 0 2 0 36 0 0 3
预测:     0 0 0 0 5 0 0 1 0 0 4 0 0 1 6 0 10 7 0 0 0 0 0 2 0 1 0 0 2 0 36 0 0 3
准确率:    1.0000 (34/34)
----------------------------------------
输入:       D>LH> LMSV> MN KL DBJC WKLJ XJLK
目标:     0 1 0 0 4 0 0 1 6 0 10 7 0 0 0 0 0 2 0 1 0 0 2 0 36 0 0 3 0 0 0 5 0
预测:     0 1 0 0 4 0 0 1 6 0 10 7 0 0 0 0 0 2 0 1 0 0 2 0 36 0 0 3 0 0 0 5 0
准确率:    1.0000 (33/33)
----------------------------------------
⏳ 验证无提升 (验证准确率: 0.9681 ≤ 0.9683)，patience: 1/50

======================================================================
🚀 Epoch 47/200
======================================================================
📚 开始训练阶段...
训练进度: 500/6065 损失=0.0404
训练进度: 1000/6065 损失=0.0355
训练进度: 1500/6065 损失=0.0353
训练进度: 2000/6065 损失=0.0410
训练进度: 2500/6065 损失=0.0087
训练进度: 3000/6065 损失=0.0345
训练进度: 3500/6065 损失=0.0197
训练进度: 4000/6065 损失=0.0221
训练进度: 4500/6065 损失=0.0281
训练进度: 5000/6065 损失=0.0197
训练进度: 5500/6065 损失=0.0590
训练进度: 6000/6065 损失=0.0198
训练进度: 6065/6065 损失=0.0089
✅ 训练完成，耗时: 110.8秒 (1.8分钟)

============================================================
📊 验证决策: Epoch 47/200
   验证间隔: 1
   是否验证: ✅ 是
   原因: 达到验证间隔 (0 == 0)
============================================================

🔍 开始验证...
验证进度: 500/686 损失=0.0555
验证进度: 686/686 损失=1.3778

📊 预测分布分析:
  - 预测的前5个类别: {np.int64(0): 282487, np.int64(1): 37060, np.int64(2): 14740, np.int64(3): 10685, np.int64(4): 8955}
  - 标签的前5个类别: {np.int64(0): 281232, np.int64(1): 36731, np.int64(2): 14789, np.int64(3): 10866, np.int64(4): 8585}
✅ 验证完成，耗时: 4.8秒 (0.1分钟)
训练损失: 0.0334
验证损失: 0.3178
验证准确率: 0.9683 (10616/10964) - 与Levenshtein高度相关
验证F1(加权): 0.9677 - 类别平衡更好
学习率: 0.000087
显存使用: 0.47GB (预留: 0.69GB)

生成的训练样本:
--------------------------------------------------------------------------------
输入:       MXNJM BR GDJ MN TRY> W<L LCMRJN
目标:     0 0 0 0 0 2 0 0 2 0 0 0 22 0 0 0 0 0 0 0 2 0 1 0 53 0 1 0 0 0 0 2
预测:     0 0 0 0 0 2 0 0 2 0 0 0 22 0 0 0 0 0 0 0 2 0 1 0 53 0 1 0 0 0 0 2
准确率:    1.0000 (32/32)
----------------------------------------
输入:       WPTJH >RB< >MJN DJRJ<T> XD> MCWXT> XD>
目标:     0 1 0 0 5 12 0 0 0 0 2 0 0 13 0 0 0 1 0 0 0 13 9 0 0 0 2 0 0 31 8 0 13 9 0 0 0 2 0
预测:     0 1 0 0 5 12 0 0 0 0 2 0 0 13 0 0 0 1 0 0 0 13 9 0 0 0 2 0 0 31 8 0 13 9 0 0 0 2 0
准确率:    1.0000 (39/39)
----------------------------------------
输入:       DLXT L>JSRJL >L> >NT WBJT >BWK DCBQTWN
目标:     0 0 0 3 0 0 1 0 0 0 0 0 2 0 0 0 0 0 0 0 0 0 1 0 0 2 0 0 8 5 0 0 1 0 0 3 0 0 0
预测:     0 0 0 3 0 0 1 0 0 0 0 0 2 0 0 0 0 0 0 0 0 0 1 0 0 2 0 0 8 5 0 0 1 0 0 3 0 0 0
准确率:    1.0000 (39/39)
----------------------------------------

生成的验证样本:
--------------------------------------------------------------------------------
输入:       YBJNH D>LH> LMSV> MN KL DBJC WKLJ
目标:     0 0 0 0 5 0 0 1 0 0 4 0 0 1 6 0 10 7 0 0 0 0 0 2 0 1 0 0 2 0 36 0 0 3
预测:     0 0 0 0 5 0 0 1 0 0 4 0 0 1 6 0 10 7 0 0 0 0 0 2 0 1 0 0 2 0 36 0 5 3
准确率:    0.9706 (33/34)
----------------------------------------
输入:       D>LH> LMSV> MN KL DBJC WKLJ XJLK
目标:     0 1 0 0 4 0 0 1 6 0 10 7 0 0 0 0 0 2 0 1 0 0 2 0 36 0 0 3 0 0 0 5 0
预测:     0 1 0 0 4 0 0 1 6 0 10 7 0 0 0 0 0 2 0 1 0 0 2 0 36 0 0 3 0 0 0 5 0
准确率:    1.0000 (33/33)
----------------------------------------
⏳ 验证无提升 (验证准确率: 0.9683 ≤ 0.9683)，patience: 2/50

======================================================================
🚀 Epoch 48/200
======================================================================
📚 开始训练阶段...
训练进度: 500/6065 损失=0.0178
训练进度: 1000/6065 损失=0.0339
训练进度: 1500/6065 损失=0.0193
训练进度: 2000/6065 损失=0.0116
训练进度: 2500/6065 损失=0.0371
训练进度: 3000/6065 损失=0.0367
训练进度: 3500/6065 损失=0.0716
训练进度: 4000/6065 损失=0.0523
训练进度: 4500/6065 损失=0.0220
训练进度: 5000/6065 损失=0.0216
训练进度: 5500/6065 损失=0.0221
训练进度: 6000/6065 损失=0.0398
训练进度: 6065/6065 损失=0.0285
✅ 训练完成，耗时: 110.8秒 (1.8分钟)

============================================================
📊 验证决策: Epoch 48/200
   验证间隔: 1
   是否验证: ✅ 是
   原因: 达到验证间隔 (0 == 0)
============================================================

🔍 开始验证...
验证进度: 500/686 损失=0.1048
验证进度: 686/686 损失=1.2518

📊 预测分布分析:
  - 预测的前5个类别: {np.int64(0): 282370, np.int64(1): 37016, np.int64(2): 14888, np.int64(3): 10804, np.int64(4): 8682}
  - 标签的前5个类别: {np.int64(0): 281232, np.int64(1): 36731, np.int64(2): 14789, np.int64(3): 10866, np.int64(4): 8585}
✅ 验证完成，耗时: 4.8秒 (0.1分钟)
训练损失: 0.0326
验证损失: 0.3203
验证准确率: 0.9683 (10616/10964) - 与Levenshtein高度相关
验证F1(加权): 0.9677 - 类别平衡更好
学习率: 0.000087
显存使用: 0.48GB (预留: 0.69GB)

生成的训练样本:
--------------------------------------------------------------------------------
输入:       LWQBL DBQH L<L MN HMJN> DPDT> WNDBQWNH
目标:     0 0 0 0 0 0 0 0 0 37 12 0 1 0 0 0 0 0 0 0 0 0 4 0 0 1 0 13 9 0 0 1 6 0 0 3 0 67 0
预测:     0 0 0 0 0 0 0 0 0 37 12 0 1 0 0 0 0 0 0 0 0 0 4 0 0 1 0 13 9 0 0 1 6 0 0 3 0 67 0
准确率:    1.0000 (39/39)
----------------------------------------
输入:       WBCWJWT> >JK HDM> >TMZGW >TRKNT W>P VJBWT>
目标:     0 1 1 0 0 0 2 9 0 0 0 0 0 0 0 0 11 0 0 0 14 0 0 3 0 0 0 14 0 0 3 26 0 1 0 0 0 0 0 0 2 9 0
预测:     0 1 1 0 0 0 2 9 0 0 0 0 0 0 0 0 11 0 0 0 14 0 0 3 0 0 0 14 0 0 3 26 0 1 0 0 0 0 0 0 2 9 0
准确率:    1.0000 (43/43)
----------------------------------------
输入:       MNH >L> MMT TMWT W>ZL >LJ> WHPKW
目标:     0 0 1 12 0 0 0 0 0 6 31 7 0 6 0 0 3 0 1 0 0 3 0 0 0 0 2 0 1 0 0 3 0
预测:     0 0 1 12 0 0 0 0 0 6 31 7 0 6 0 0 3 0 1 0 0 3 0 0 0 0 2 0 1 0 0 3 0
准确率:    1.0000 (33/33)
----------------------------------------

生成的验证样本:
--------------------------------------------------------------------------------
输入:       YBJNH D>LH> LMSV> MN KL DBJC WKLJ
目标:     0 0 0 0 5 0 0 1 0 0 4 0 0 1 6 0 10 7 0 0 0 0 0 2 0 1 0 0 2 0 36 0 0 3
预测:     0 0 0 0 5 0 0 1 0 0 4 0 0 1 6 0 10 7 0 0 0 0 0 2 0 1 0 0 2 0 36 0 0 3
准确率:    1.0000 (34/34)
----------------------------------------
输入:       D>LH> LMSV> MN KL DBJC WKLJ XJLK
目标:     0 1 0 0 4 0 0 1 6 0 10 7 0 0 0 0 0 2 0 1 0 0 2 0 36 0 0 3 0 0 0 5 0
预测:     0 1 0 0 4 0 0 1 6 0 10 7 0 0 0 0 0 2 0 1 0 0 2 0 36 0 0 3 0 0 0 5 0
准确率:    1.0000 (33/33)
----------------------------------------
⏳ 验证无提升 (验证准确率: 0.9683 ≤ 0.9683)，patience: 3/50

======================================================================
🚀 Epoch 49/200
======================================================================
📚 开始训练阶段...
训练进度: 500/6065 损失=0.0099
训练进度: 1000/6065 损失=0.0423
训练进度: 1500/6065 损失=0.0159
训练进度: 2000/6065 损失=0.0435
训练进度: 2500/6065 损失=0.0272
训练进度: 3000/6065 损失=0.0106
训练进度: 3500/6065 损失=0.0318
训练进度: 4000/6065 损失=0.0318
训练进度: 4500/6065 损失=0.0352
训练进度: 5000/6065 损失=0.0329
训练进度: 5500/6065 损失=0.0549
训练进度: 6000/6065 损失=0.0745
训练进度: 6065/6065 损失=0.0753
✅ 训练完成，耗时: 110.8秒 (1.8分钟)

============================================================
📊 验证决策: Epoch 49/200
   验证间隔: 1
   是否验证: ✅ 是
   原因: 达到验证间隔 (0 == 0)
============================================================

🔍 开始验证...
验证进度: 500/686 损失=0.1388
验证进度: 686/686 损失=1.1638

📊 预测分布分析:
  - 预测的前5个类别: {np.int64(0): 281954, np.int64(1): 37067, np.int64(2): 14764, np.int64(3): 10924, np.int64(4): 8921}
  - 标签的前5个类别: {np.int64(0): 281232, np.int64(1): 36731, np.int64(2): 14789, np.int64(3): 10866, np.int64(4): 8585}
✅ 验证完成，耗时: 4.8秒 (0.1分钟)
训练损失: 0.0319
验证损失: 0.3201
验证准确率: 0.9686 (10619/10964) - 与Levenshtein高度相关
验证F1(加权): 0.9681 - 类别平衡更好
学习率: 0.000086
显存使用: 0.47GB (预留: 0.69GB)

生成的训练样本:
--------------------------------------------------------------------------------
输入:       NMLL WBMN> NZK> MN QDM >LH> >CTKX
目标:     0 44 0 0 16 0 1 1 0 0 0 0 44 0 10 3 0 0 0 0 0 0 2 0 0 0 4 0 0 47 39 0 0 3
预测:     0 44 0 0 16 0 1 1 0 0 0 0 44 0 10 3 0 0 0 0 0 0 2 0 0 0 4 0 0 47 39 0 0 3
准确率:    1.0000 (34/34)
----------------------------------------
输入:       W>NTT> D>TXCBW BLBHWN LMJTJW LKL <BD DPQD
目标:     0 1 0 0 13 9 0 0 1 0 14 0 0 3 19 0 1 0 5 0 0 0 0 1 68 0 0 7 0 0 1 0 2 0 0 0 62 0 1 0 0 16
预测:     0 1 0 0 13 9 0 0 1 0 14 0 0 3 19 0 1 0 5 0 0 0 0 1 68 0 0 7 0 0 1 0 2 0 0 0 62 0 1 0 0 16
准确率:    1.0000 (42/42)
----------------------------------------
输入:       PWLXN> QCJ> WG<JN LWT MRJ> >LH> D>BHJN
目标:     0 0 0 0 0 4 0 0 0 0 43 0 0 1 0 0 3 0 0 0 0 0 0 0 0 0 2 0 0 0 4 0 0 1 0 8 2 1 0
预测:     0 0 0 0 0 4 0 0 0 0 43 27 0 1 0 0 3 0 0 0 0 0 0 0 0 0 2 0 0 0 4 0 0 1 0 8 2 1 0
准确率:    0.9744 (38/39)
----------------------------------------

生成的验证样本:
--------------------------------------------------------------------------------
输入:       YBJNH D>LH> LMSV> MN KL DBJC WKLJ
目标:     0 0 0 0 5 0 0 1 0 0 4 0 0 1 6 0 10 7 0 0 0 0 0 2 0 1 0 0 2 0 36 0 0 3
预测:     0 0 0 0 5 0 0 1 0 0 4 0 0 1 6 0 10 7 0 0 0 0 0 2 0 1 0 0 2 0 36 0 0 3
准确率:    1.0000 (34/34)
----------------------------------------
输入:       D>LH> LMSV> MN KL DBJC WKLJ XJLK
目标:     0 1 0 0 4 0 0 1 6 0 10 7 0 0 0 0 0 2 0 1 0 0 2 0 36 0 0 3 0 0 0 5 0
预测:     0 1 0 0 4 0 0 1 6 0 10 7 0 0 0 0 0 2 0 1 0 0 2 0 36 0 0 3 0 0 0 5 0
准确率:    1.0000 (33/33)
----------------------------------------
💾 保存新的最佳模型！验证准确率: 0.9686 (F1: 0.9681) (Epoch 49)

======================================================================
🚀 Epoch 50/200
======================================================================
📚 开始训练阶段...
训练进度: 500/6065 损失=0.0405
训练进度: 1000/6065 损失=0.0381
训练进度: 1500/6065 损失=0.0163
训练进度: 2000/6065 损失=0.0269
训练进度: 2500/6065 损失=0.0371
训练进度: 3000/6065 损失=0.0254
训练进度: 3500/6065 损失=0.0263
训练进度: 4000/6065 损失=0.0284
训练进度: 4500/6065 损失=0.0168
训练进度: 5000/6065 损失=0.0138
训练进度: 5500/6065 损失=0.0111
训练进度: 6000/6065 损失=0.0310
训练进度: 6065/6065 损失=0.0121
✅ 训练完成，耗时: 110.9秒 (1.8分钟)

============================================================
📊 验证决策: Epoch 50/200
   验证间隔: 1
   是否验证: ✅ 是
   原因: 达到验证间隔 (0 == 0)
============================================================

🔍 开始验证...
验证进度: 500/686 损失=0.0912
验证进度: 686/686 损失=1.2312

📊 预测分布分析:
  - 预测的前5个类别: {np.int64(0): 282205, np.int64(1): 37024, np.int64(2): 14664, np.int64(3): 11003, np.int64(4): 8699}
  - 标签的前5个类别: {np.int64(0): 281232, np.int64(1): 36731, np.int64(2): 14789, np.int64(3): 10866, np.int64(4): 8585}
✅ 验证完成，耗时: 4.8秒 (0.1分钟)
训练损失: 0.0317
验证损失: 0.3154
验证准确率: 0.9686 (10619/10964) - 与Levenshtein高度相关
验证F1(加权): 0.9681 - 类别平衡更好
学习率: 0.000086
显存使用: 0.48GB (预留: 0.69GB)

生成的训练样本:
--------------------------------------------------------------------------------
输入:       WLKL JLJDJ BJTH WLKL ZBJNJ KSPH KL
目标:     0 1 1 0 2 0 0 8 0 7 27 0 0 0 5 0 0 1 1 0 2 0 0 8 0 49 27 0 0 0 5 0 0 0 2
预测:     0 1 1 0 2 0 0 8 0 7 27 0 0 0 5 0 0 1 1 0 2 0 0 8 0 49 27 0 0 0 5 0 0 0 2
准确率:    1.0000 (35/35)
----------------------------------------
输入:       KD V<JNJN MN VWBH D>R<> DMYRJN W<SR
目标:     0 0 0 0 0 8 0 49 0 27 0 0 0 0 0 0 5 12 0 1 0 0 4 0 0 1 0 0 0 0 2 0 1 0 0 2
预测:     0 0 0 0 0 8 0 49 0 27 0 0 0 0 0 0 5 12 0 1 0 0 4 0 0 1 0 0 0 0 2 0 1 0 0 2
准确率:    1.0000 (36/36)
----------------------------------------
输入:       WQWNMWN BSM> PLGWTH M>TJN WXMCJN WQNJ> DBSM>
目标:     0 1 0 0 0 0 0 2 0 0 0 4 0 0 0 0 0 22 1 0 0 0 13 0 0 0 0 1 0 0 2 0 0 0 1 0 0 15 0 0 1 0 0 4 0
预测:     0 1 0 0 0 0 0 2 0 0 0 4 0 0 0 0 0 22 1 0 0 0 13 0 0 0 0 1 0 0 2 0 0 0 1 0 0 15 0 0 1 0 0 4 0
准确率:    1.0000 (45/45)
----------------------------------------

生成的验证样本:
--------------------------------------------------------------------------------
输入:       YBJNH D>LH> LMSV> MN KL DBJC WKLJ
目标:     0 0 0 0 5 0 0 1 0 0 4 0 0 1 6 0 10 7 0 0 0 0 0 2 0 1 0 0 2 0 36 0 0 3
预测:     0 0 0 0 5 0 0 1 0 0 4 0 0 1 6 0 10 7 0 0 0 0 0 2 0 1 0 0 2 0 36 0 0 3
准确率:    1.0000 (34/34)
----------------------------------------
输入:       D>LH> LMSV> MN KL DBJC WKLJ XJLK
目标:     0 1 0 0 4 0 0 1 6 0 10 7 0 0 0 0 0 2 0 1 0 0 2 0 36 0 0 3 0 0 0 5 0
预测:     0 1 0 0 4 0 0 1 6 0 10 7 0 0 0 0 0 2 0 1 0 0 2 0 36 0 0 3 0 0 0 5 0
准确率:    1.0000 (33/33)
----------------------------------------
⏳ 验证无提升 (验证准确率: 0.9686 ≤ 0.9686)，patience: 1/50

======================================================================
🚀 Epoch 51/200
======================================================================
📚 开始训练阶段...
训练进度: 500/6065 损失=0.0449
训练进度: 1000/6065 损失=0.0308
训练进度: 1500/6065 损失=0.0189
训练进度: 2000/6065 损失=0.0225
训练进度: 2500/6065 损失=0.0113
训练进度: 3000/6065 损失=0.0227
训练进度: 3500/6065 损失=0.0185
训练进度: 4000/6065 损失=0.0464
训练进度: 4500/6065 损失=0.0158
训练进度: 5000/6065 损失=0.0320
训练进度: 5500/6065 损失=0.0477
训练进度: 6000/6065 损失=0.0317
训练进度: 6065/6065 损失=0.0189
✅ 训练完成，耗时: 110.3秒 (1.8分钟)

============================================================
📊 验证决策: Epoch 51/200
   验证间隔: 1
   是否验证: ✅ 是
   原因: 达到验证间隔 (0 == 0)
============================================================

🔍 开始验证...
验证进度: 500/686 损失=0.1305
验证进度: 686/686 损失=1.4269

📊 预测分布分析:
  - 预测的前5个类别: {np.int64(0): 282575, np.int64(1): 36996, np.int64(2): 14676, np.int64(3): 10618, np.int64(4): 9235}
  - 标签的前5个类别: {np.int64(0): 281232, np.int64(1): 36731, np.int64(2): 14789, np.int64(3): 10866, np.int64(4): 8585}
✅ 验证完成，耗时: 4.8秒 (0.1分钟)
训练损失: 0.0310
验证损失: 0.3330
验证准确率: 0.9686 (10619/10964) - 与Levenshtein高度相关
验证F1(加权): 0.9678 - 类别平衡更好
学习率: 0.000085
显存使用: 0.48GB (预留: 0.69GB)

生成的训练样本:
--------------------------------------------------------------------------------
输入:       NQWM BDWKT> QDJCT> DJLH DZKJ B>JDWHJ WDK>
目标:     0 6 0 0 3 0 1 0 0 13 9 0 0 0 0 0 2 9 0 0 0 0 1 0 0 1 0 0 22 0 35 0 0 25 1 0 0 0 1 0 10 7
预测:     0 6 0 0 3 0 1 0 0 13 9 0 0 0 0 0 2 9 0 0 0 0 1 0 0 1 0 0 22 0 35 0 0 25 1 0 0 0 1 0 10 7
准确率:    1.0000 (42/42)
----------------------------------------
输入:       >PN BVL MD<H CBWQ LH WL> TBHTJWHJ
目标:     0 0 75 0 0 0 0 3 0 0 0 5 0 6 0 8 0 3 0 1 0 0 1 0 0 0 28 0 0 48 35 0 0 0
预测:     0 0 75 0 0 0 0 3 0 0 0 5 0 6 0 8 0 3 0 1 0 0 1 0 0 0 28 0 0 48 35 0 0 0
准确率:    1.0000 (34/34)
----------------------------------------
输入:       TWB LJT LN MNT> WJRTWT> BJT >BWN
目标:     0 0 0 0 0 58 0 24 0 1 0 0 0 70 9 0 0 1 0 0 0 2 9 0 0 0 66 0 0 0 8 5 0
预测:     0 0 0 0 0 58 0 24 0 1 0 0 0 70 9 0 0 1 0 0 0 2 9 0 0 0 66 0 0 0 8 5 0
准确率:    1.0000 (33/33)
----------------------------------------

生成的验证样本:
--------------------------------------------------------------------------------
输入:       YBJNH D>LH> LMSV> MN KL DBJC WKLJ
目标:     0 0 0 0 5 0 0 1 0 0 4 0 0 1 6 0 10 7 0 0 0 0 0 2 0 1 0 0 2 0 36 0 0 3
预测:     0 0 0 0 5 0 0 1 0 0 4 0 0 1 6 0 10 7 0 0 0 0 0 2 0 1 0 0 2 0 36 0 0 3
准确率:    1.0000 (34/34)
----------------------------------------
输入:       D>LH> LMSV> MN KL DBJC WKLJ XJLK
目标:     0 1 0 0 4 0 0 1 6 0 10 7 0 0 0 0 0 2 0 1 0 0 2 0 36 0 0 3 0 0 0 5 0
预测:     0 1 0 0 4 0 0 1 6 0 10 7 0 0 0 0 0 2 0 1 0 0 2 0 36 0 0 3 0 0 0 5 0
准确率:    1.0000 (33/33)
----------------------------------------
⏳ 验证无提升 (验证准确率: 0.9686 ≤ 0.9686)，patience: 2/50

======================================================================
🚀 Epoch 52/200
======================================================================
📚 开始训练阶段...
训练进度: 500/6065 损失=0.0286
训练进度: 1000/6065 损失=0.0241
训练进度: 1500/6065 损失=0.0133
训练进度: 2000/6065 损失=0.0388
训练进度: 2500/6065 损失=0.0179
训练进度: 3000/6065 损失=0.0139
训练进度: 3500/6065 损失=0.0223
训练进度: 4000/6065 损失=0.0268
训练进度: 4500/6065 损失=0.0460
训练进度: 5000/6065 损失=0.0228
训练进度: 5500/6065 损失=0.0222
训练进度: 6000/6065 损失=0.0215
训练进度: 6065/6065 损失=0.0222
✅ 训练完成，耗时: 110.4秒 (1.8分钟)

============================================================
📊 验证决策: Epoch 52/200
   验证间隔: 1
   是否验证: ✅ 是
   原因: 达到验证间隔 (0 == 0)
============================================================

🔍 开始验证...
验证进度: 500/686 损失=0.1182
验证进度: 686/686 损失=1.1316

📊 预测分布分析:
  - 预测的前5个类别: {np.int64(0): 282602, np.int64(1): 36967, np.int64(2): 14648, np.int64(3): 10899, np.int64(4): 8872}
  - 标签的前5个类别: {np.int64(0): 281232, np.int64(1): 36731, np.int64(2): 14789, np.int64(3): 10866, np.int64(4): 8585}
✅ 验证完成，耗时: 4.8秒 (0.1分钟)
训练损失: 0.0305
验证损失: 0.3302
验证准确率: 0.9687 (10620/10964) - 与Levenshtein高度相关
验证F1(加权): 0.9681 - 类别平衡更好
学习率: 0.000084
显存使用: 0.47GB (预留: 0.69GB)

生成的训练样本:
--------------------------------------------------------------------------------
输入:       ZLJQWHJ WMCRG <JN> RB HW MRJ> D<BDH
目标:     0 0 0 0 25 1 0 0 0 1 28 0 0 49 0 0 0 11 0 0 0 2 0 0 0 0 0 0 0 2 0 1 0 0 29 0
预测:     0 0 0 0 25 1 0 0 0 1 28 0 0 49 0 0 0 11 0 0 0 2 0 0 0 0 0 0 0 2 0 1 0 0 29 0
准确率:    1.0000 (36/36)
----------------------------------------
输入:       CLM LMMLLW <MH >TRJM >LH> MN >BRHM
目标:     0 0 0 16 0 1 6 0 0 7 19 0 0 1 0 0 0 14 20 0 3 0 0 0 4 0 0 0 0 0 0 0 0 0 2
预测:     0 0 0 16 0 1 6 0 0 7 19 0 0 1 0 0 0 14 20 0 3 0 0 0 4 0 0 0 0 0 0 0 0 0 2
准确率:    1.0000 (35/35)
----------------------------------------
输入:       CQ> L> HW> LWTKWN WLWT MRKWN CDRNJ
目标:     0 0 148 0 0 0 0 0 0 10 3 0 0 0 1 0 0 0 0 1 0 0 0 0 0 56 0 0 0 0 0 0 51 0 0
预测:     0 0 148 0 0 0 0 0 0 10 3 0 0 0 1 0 0 0 0 1 0 0 0 0 0 56 0 0 0 0 0 0 51 0 0
准确率:    1.0000 (35/35)
----------------------------------------

生成的验证样本:
--------------------------------------------------------------------------------
输入:       YBJNH D>LH> LMSV> MN KL DBJC WKLJ
目标:     0 0 0 0 5 0 0 1 0 0 4 0 0 1 6 0 10 7 0 0 0 0 0 2 0 1 0 0 2 0 36 0 0 3
预测:     0 0 0 0 5 0 0 1 0 0 4 0 0 1 6 0 10 7 0 0 0 0 0 2 0 1 0 0 2 0 36 0 5 3
准确率:    0.9706 (33/34)
----------------------------------------
输入:       D>LH> LMSV> MN KL DBJC WKLJ XJLK
目标:     0 1 0 0 4 0 0 1 6 0 10 7 0 0 0 0 0 2 0 1 0 0 2 0 36 0 0 3 0 0 0 5 0
预测:     0 1 0 0 4 0 0 1 6 0 10 7 0 0 0 0 0 2 0 1 0 0 2 0 36 0 5 3 0 0 0 5 0
准确率:    0.9697 (32/33)
----------------------------------------
💾 保存新的最佳模型！验证准确率: 0.9687 (F1: 0.9681) (Epoch 52)

======================================================================
🚀 Epoch 53/200
======================================================================
📚 开始训练阶段...
训练进度: 500/6065 损失=0.0326
训练进度: 1000/6065 损失=0.0258
训练进度: 1500/6065 损失=0.0092
训练进度: 2000/6065 损失=0.0256
训练进度: 2500/6065 损失=0.0353
训练进度: 3000/6065 损失=0.0150
训练进度: 3500/6065 损失=0.0463
训练进度: 4000/6065 损失=0.0250
训练进度: 4500/6065 损失=0.0176
训练进度: 5000/6065 损失=0.0224
训练进度: 5500/6065 损失=0.0259
训练进度: 6000/6065 损失=0.0470
训练进度: 6065/6065 损失=0.0237
✅ 训练完成，耗时: 110.8秒 (1.8分钟)

============================================================
📊 验证决策: Epoch 53/200
   验证间隔: 1
   是否验证: ✅ 是
   原因: 达到验证间隔 (0 == 0)
============================================================

🔍 开始验证...
验证进度: 500/686 损失=0.0779
验证进度: 686/686 损失=1.1869

📊 预测分布分析:
  - 预测的前5个类别: {np.int64(0): 282310, np.int64(1): 37033, np.int64(2): 14739, np.int64(3): 10779, np.int64(4): 8897}
  - 标签的前5个类别: {np.int64(0): 281232, np.int64(1): 36731, np.int64(2): 14789, np.int64(3): 10866, np.int64(4): 8585}
✅ 验证完成，耗时: 4.8秒 (0.1分钟)
训练损失: 0.0298
验证损失: 0.3261
验证准确率: 0.9686 (10619/10964) - 与Levenshtein高度相关
验证F1(加权): 0.9680 - 类别平衡更好
学习率: 0.000084
显存使用: 0.47GB (预留: 0.69GB)

生成的训练样本:
--------------------------------------------------------------------------------
输入:       DJHWD> W>MR LHWN MN >NTWN >MRJN LH
目标:     0 1 0 0 0 0 2 0 1 0 0 3 0 1 0 0 0 0 0 12 0 0 0 0 0 0 0 0 0 7 0 0 0 1 0
预测:     0 1 0 0 0 0 2 0 1 0 0 3 0 1 0 0 0 0 0 12 0 0 0 0 0 0 0 0 0 7 0 0 0 1 0
准确率:    1.0000 (35/35)
----------------------------------------
输入:       DXPRW <BDJ >BWHJ BJWMWHJ D>BRHM >BWHJ WVMMW
目标:     0 1 0 0 3 0 0 0 0 22 0 0 0 8 5 0 0 0 1 0 0 25 1 0 0 0 1 0 0 0 0 2 0 0 8 5 0 0 0 1 0 0 3 19
预测:     0 1 0 0 3 0 0 0 0 22 0 0 0 8 5 0 0 0 1 0 0 25 1 0 0 0 1 0 0 0 0 2 0 0 8 5 0 0 0 1 0 0 3 19
准确率:    1.0000 (44/44)
----------------------------------------
输入:       <L LBJ WB>WRXTJ MNW NTBJN >N >XV>
目标:     0 0 0 0 0 5 0 0 1 1 0 0 0 2 32 0 0 0 71 0 0 21 14 20 0 16 0 0 0 0 6 0 10 3
预测:     0 0 0 0 0 5 0 0 1 1 0 0 0 2 32 0 0 0 71 0 0 21 14 20 0 16 0 0 0 0 6 0 10 3
准确率:    1.0000 (34/34)
----------------------------------------

生成的验证样本:
--------------------------------------------------------------------------------
输入:       YBJNH D>LH> LMSV> MN KL DBJC WKLJ
目标:     0 0 0 0 5 0 0 1 0 0 4 0 0 1 6 0 10 7 0 0 0 0 0 2 0 1 0 0 2 0 36 0 0 3
预测:     0 0 0 0 5 0 0 1 0 0 4 0 0 1 6 0 10 7 0 0 0 0 0 2 0 1 0 0 2 0 36 0 0 3
准确率:    1.0000 (34/34)
----------------------------------------
输入:       D>LH> LMSV> MN KL DBJC WKLJ XJLK
目标:     0 1 0 0 4 0 0 1 6 0 10 7 0 0 0 0 0 2 0 1 0 0 2 0 36 0 0 3 0 0 0 5 0
预测:     0 1 0 0 4 0 0 1 6 0 10 7 0 0 0 0 0 2 0 1 0 0 2 0 36 0 0 3 0 0 0 5 0
准确率:    1.0000 (33/33)
----------------------------------------
⏳ 验证无提升 (验证准确率: 0.9686 ≤ 0.9687)，patience: 1/50

======================================================================
🚀 Epoch 54/200
======================================================================
📚 开始训练阶段...
训练进度: 500/6065 损失=0.0202
训练进度: 1000/6065 损失=0.0223
训练进度: 1500/6065 损失=0.0236
训练进度: 2000/6065 损失=0.0209
训练进度: 2500/6065 损失=0.0123
训练进度: 3000/6065 损失=0.0143
训练进度: 3500/6065 损失=0.0356
训练进度: 4000/6065 损失=0.0293
训练进度: 4500/6065 损失=0.0110
训练进度: 5000/6065 损失=0.0490
训练进度: 5500/6065 损失=0.0130
训练进度: 6000/6065 损失=0.0379
训练进度: 6065/6065 损失=0.0295
✅ 训练完成，耗时: 110.4秒 (1.8分钟)

============================================================
📊 验证决策: Epoch 54/200
   验证间隔: 1
   是否验证: ✅ 是
   原因: 达到验证间隔 (0 == 0)
============================================================

🔍 开始验证...
验证进度: 500/686 损失=0.0531
验证进度: 686/686 损失=1.2832

📊 预测分布分析:
  - 预测的前5个类别: {np.int64(0): 282135, np.int64(1): 36965, np.int64(2): 14736, np.int64(3): 10844, np.int64(4): 8949}
  - 标签的前5个类别: {np.int64(0): 281232, np.int64(1): 36731, np.int64(2): 14789, np.int64(3): 10866, np.int64(4): 8585}
✅ 验证完成，耗时: 4.8秒 (0.1分钟)
训练损失: 0.0295
验证损失: 0.3278
验证准确率: 0.9681 (10614/10964) - 与Levenshtein高度相关
验证F1(加权): 0.9676 - 类别平衡更好
学习率: 0.000083
显存使用: 0.47GB (预留: 0.69GB)

生成的训练样本:
--------------------------------------------------------------------------------
输入:       LMCBQ LH >L> HJDJN N<CN RWGZH DMRJ>
目标:     0 1 6 0 0 7 0 1 0 0 0 0 0 0 0 0 0 0 0 0 6 0 0 3 0 0 0 0 5 0 0 1 0 0 0 2
预测:     0 1 6 0 0 7 0 1 0 0 0 0 0 0 0 0 0 0 0 0 6 0 0 3 0 0 0 0 5 0 0 1 0 0 0 2
准确率:    1.0000 (36/36)
----------------------------------------
输入:       W<M> D<MK W>TKMNW BDBR> WBYPR> M> DDNXT
目标:     0 1 0 15 0 0 1 0 1 0 0 1 0 14 0 0 3 0 0 1 0 0 15 0 0 1 1 0 0 4 0 0 0 0 0 1 0 0 3 26
预测:     0 1 0 15 0 0 1 0 1 0 0 1 0 14 0 0 3 0 0 1 0 0 15 0 0 1 1 0 0 4 0 0 0 0 0 1 0 0 3 26
准确率:    1.0000 (40/40)
----------------------------------------
输入:       GL<D DJLH XBL J>JR BR MNC> DJLH
目标:     0 0 0 0 2 0 0 0 1 0 0 0 0 22 0 0 0 0 2 0 0 2 0 0 0 0 2 0 0 0 1 0
预测:     0 0 0 0 2 0 0 0 1 0 0 0 0 22 0 0 0 0 2 0 0 2 0 0 0 0 2 0 0 0 1 0
准确率:    1.0000 (32/32)
----------------------------------------

生成的验证样本:
--------------------------------------------------------------------------------
输入:       YBJNH D>LH> LMSV> MN KL DBJC WKLJ
目标:     0 0 0 0 5 0 0 1 0 0 4 0 0 1 6 0 10 7 0 0 0 0 0 2 0 1 0 0 2 0 36 0 0 3
预测:     0 0 0 0 5 0 0 1 0 0 4 0 0 1 6 0 10 7 0 0 0 0 0 2 0 1 0 0 2 0 1 0 5 3
准确率:    0.9412 (32/34)
----------------------------------------
输入:       D>LH> LMSV> MN KL DBJC WKLJ XJLK
目标:     0 1 0 0 4 0 0 1 6 0 10 7 0 0 0 0 0 2 0 1 0 0 2 0 36 0 0 3 0 0 0 5 0
预测:     0 1 0 0 4 0 0 1 6 0 10 7 0 0 0 0 0 2 0 1 0 0 2 0 36 0 0 3 0 0 0 5 0
准确率:    1.0000 (33/33)
----------------------------------------
⏳ 验证无提升 (验证准确率: 0.9681 ≤ 0.9687)，patience: 2/50

======================================================================
🚀 Epoch 55/200
======================================================================
📚 开始训练阶段...
训练进度: 500/6065 损失=0.0166
训练进度: 1000/6065 损失=0.0270
训练进度: 1500/6065 损失=0.0281
训练进度: 2000/6065 损失=0.0183
训练进度: 2500/6065 损失=0.0168
训练进度: 3000/6065 损失=0.0247
训练进度: 3500/6065 损失=0.0441
训练进度: 4000/6065 损失=0.0118
训练进度: 4500/6065 损失=0.0253
训练进度: 5000/6065 损失=0.0210
训练进度: 5500/6065 损失=0.0352
训练进度: 6000/6065 损失=0.0478
训练进度: 6065/6065 损失=0.0149
✅ 训练完成，耗时: 110.4秒 (1.8分钟)

============================================================
📊 验证决策: Epoch 55/200
   验证间隔: 1
   是否验证: ✅ 是
   原因: 达到验证间隔 (0 == 0)
============================================================

🔍 开始验证...
验证进度: 500/686 损失=0.0584
验证进度: 686/686 损失=1.0530

📊 预测分布分析:
  - 预测的前5个类别: {np.int64(0): 282285, np.int64(1): 37060, np.int64(2): 14833, np.int64(3): 10941, np.int64(4): 8917}
  - 标签的前5个类别: {np.int64(0): 281232, np.int64(1): 36731, np.int64(2): 14789, np.int64(3): 10866, np.int64(4): 8585}
✅ 验证完成，耗时: 4.8秒 (0.1分钟)
训练损失: 0.0285
验证损失: 0.3365
验证准确率: 0.9685 (10618/10964) - 与Levenshtein高度相关
验证F1(加权): 0.9678 - 类别平衡更好
学习率: 0.000083
显存使用: 0.47GB (预留: 0.69GB)

生成的训练样本:
--------------------------------------------------------------------------------
输入:       ><BD BRJ W>MR <SW L>BWHJ BWRKT> XD>
目标:     0 6 0 0 3 0 0 5 0 0 1 0 0 3 0 0 0 2 0 1 0 8 5 0 0 0 0 0 0 13 9 0 0 0 2 0
预测:     0 6 0 0 3 0 0 5 0 0 1 0 0 3 0 0 0 2 0 1 0 8 5 0 0 0 0 0 0 13 9 0 0 0 2 0
准确率:    1.0000 (36/36)
----------------------------------------
输入:       >BHJHWN W>XJHWN QVLJN LHWN WKM> ZBNJN >P
目标:     0 0 8 2 1 0 0 0 0 1 0 2 1 0 0 0 0 0 0 7 0 0 0 1 0 0 0 0 1 0 0 0 0 0 0 2 0 0 0 0 0
预测:     0 0 8 2 1 0 0 0 0 1 0 2 1 0 0 0 0 0 0 7 0 0 0 1 0 0 0 0 1 0 0 0 0 0 0 2 0 0 0 0 0
准确率:    1.0000 (41/41)
----------------------------------------
输入:       BNTHWN NSB LN NC> WBNTN NTL LHWN
目标:     0 0 22 32 0 0 0 0 119 0 3 0 1 0 0 0 11 0 0 1 0 22 32 0 0 119 0 3 0 1 0 0 0
预测:     0 0 22 32 0 0 0 0 119 0 3 0 1 0 0 0 11 0 0 1 0 22 32 0 0 119 0 3 0 1 0 0 0
准确率:    1.0000 (33/33)
----------------------------------------

生成的验证样本:
--------------------------------------------------------------------------------
输入:       YBJNH D>LH> LMSV> MN KL DBJC WKLJ
目标:     0 0 0 0 5 0 0 1 0 0 4 0 0 1 6 0 10 7 0 0 0 0 0 2 0 1 0 0 2 0 36 0 0 3
预测:     0 0 0 0 5 0 0 1 0 0 4 0 0 1 6 0 10 7 0 0 0 0 0 2 0 1 0 0 2 0 1 0 0 3
准确率:    0.9706 (33/34)
----------------------------------------
输入:       D>LH> LMSV> MN KL DBJC WKLJ XJLK
目标:     0 1 0 0 4 0 0 1 6 0 10 7 0 0 0 0 0 2 0 1 0 0 2 0 36 0 0 3 0 0 0 5 0
预测:     0 1 0 0 4 0 0 1 6 0 10 7 0 0 0 0 0 2 0 1 0 0 2 0 36 0 0 3 0 0 0 5 0
准确率:    1.0000 (33/33)
----------------------------------------
⏳ 验证无提升 (验证准确率: 0.9685 ≤ 0.9687)，patience: 3/50

======================================================================
🚀 Epoch 56/200
======================================================================
📚 开始训练阶段...
训练进度: 500/6065 损失=0.0155
训练进度: 1000/6065 损失=0.0130
训练进度: 1500/6065 损失=0.0174
训练进度: 2000/6065 损失=0.0405
训练进度: 2500/6065 损失=0.0135
训练进度: 3000/6065 损失=0.0127
训练进度: 3500/6065 损失=0.0155
训练进度: 4000/6065 损失=0.0235
训练进度: 4500/6065 损失=0.0168
训练进度: 5000/6065 损失=0.0137
训练进度: 5500/6065 损失=0.0233
训练进度: 6000/6065 损失=0.0330
训练进度: 6065/6065 损失=0.0290
✅ 训练完成，耗时: 110.6秒 (1.8分钟)

============================================================
📊 验证决策: Epoch 56/200
   验证间隔: 1
   是否验证: ✅ 是
   原因: 达到验证间隔 (0 == 0)
============================================================

🔍 开始验证...
验证进度: 500/686 损失=0.0690
验证进度: 686/686 损失=1.0514

📊 预测分布分析:
  - 预测的前5个类别: {np.int64(0): 282212, np.int64(1): 37083, np.int64(2): 14718, np.int64(3): 10875, np.int64(4): 8932}
  - 标签的前5个类别: {np.int64(0): 281232, np.int64(1): 36731, np.int64(2): 14789, np.int64(3): 10866, np.int64(4): 8585}
✅ 验证完成，耗时: 4.8秒 (0.1分钟)
训练损失: 0.0282
验证损失: 0.3363
验证准确率: 0.9687 (10620/10964) - 与Levenshtein高度相关
验证F1(加权): 0.9681 - 类别平衡更好
学习率: 0.000082
显存使用: 0.48GB (预留: 0.69GB)

生成的训练样本:
--------------------------------------------------------------------------------
输入:       KWRSJH WKLH XJL> DCMJ> Q>M L<L MNH
目标:     0 0 0 0 0 5 0 0 1 0 5 0 0 0 0 4 0 0 1 0 24 9 0 0 20 0 7 0 0 0 0 0 0 1 0
预测:     0 0 0 0 0 5 0 0 1 0 5 0 0 0 0 4 0 0 1 0 24 9 0 0 20 0 7 0 0 0 0 0 0 1 0
准确率:    1.0000 (35/35)
----------------------------------------
输入:       BR <BKWR WMJT B<LXNN BR <BKWR W>MLK
目标:     0 0 2 0 0 0 0 0 2 0 1 20 0 3 0 0 0 0 0 0 2 0 0 2 0 0 0 0 0 2 0 1 17 0 0 33
预测:     0 0 2 0 0 0 0 0 2 0 1 20 0 3 0 0 0 0 0 0 2 0 0 2 0 0 0 0 0 2 0 1 17 0 0 33
准确率:    1.0000 (36/36)
----------------------------------------
输入:       GRCWN WQHT WMRRJ WBNJ JHWD> <JR W>WNN
目标:     0 0 0 0 0 2 0 1 0 0 2 0 1 0 0 0 2 0 1 0 2 0 0 0 0 0 0 2 0 0 0 2 0 1 0 0 0 2
预测:     0 0 0 0 0 2 0 1 0 0 2 0 1 0 0 0 2 0 1 0 2 0 0 0 0 0 0 2 0 0 0 2 0 1 0 0 0 2
准确率:    1.0000 (38/38)
----------------------------------------

生成的验证样本:
--------------------------------------------------------------------------------
输入:       YBJNH D>LH> LMSV> MN KL DBJC WKLJ
目标:     0 0 0 0 5 0 0 1 0 0 4 0 0 1 6 0 10 7 0 0 0 0 0 2 0 1 0 0 2 0 36 0 0 3
预测:     0 0 0 0 5 0 0 1 0 0 4 0 0 1 6 0 10 7 0 0 0 0 0 2 0 1 0 0 2 0 36 0 0 3
准确率:    1.0000 (34/34)
----------------------------------------
输入:       D>LH> LMSV> MN KL DBJC WKLJ XJLK
目标:     0 1 0 0 4 0 0 1 6 0 10 7 0 0 0 0 0 2 0 1 0 0 2 0 36 0 0 3 0 0 0 5 0
预测:     0 1 0 0 4 0 0 1 6 0 10 7 0 0 0 0 0 2 0 1 0 0 2 0 36 0 0 3 0 0 0 5 0
准确率:    1.0000 (33/33)
----------------------------------------
💾 保存新的最佳模型！验证准确率: 0.9687 (F1: 0.9681) (Epoch 56)

======================================================================
🚀 Epoch 57/200
======================================================================
📚 开始训练阶段...
训练进度: 500/6065 损失=0.0254
训练进度: 1000/6065 损失=0.0153
训练进度: 1500/6065 损失=0.0090
训练进度: 2000/6065 损失=0.0387
训练进度: 2500/6065 损失=0.0178
训练进度: 3000/6065 损失=0.0483
训练进度: 3500/6065 损失=0.0115
训练进度: 4000/6065 损失=0.0303
训练进度: 4500/6065 损失=0.0393
训练进度: 5000/6065 损失=0.0289
训练进度: 5500/6065 损失=0.0324
训练进度: 6000/6065 损失=0.0324
训练进度: 6065/6065 损失=0.0177
✅ 训练完成，耗时: 110.6秒 (1.8分钟)

============================================================
📊 验证决策: Epoch 57/200
   验证间隔: 1
   是否验证: ✅ 是
   原因: 达到验证间隔 (0 == 0)
============================================================

🔍 开始验证...
验证进度: 500/686 损失=0.0796
验证进度: 686/686 损失=1.1683

📊 预测分布分析:
  - 预测的前5个类别: {np.int64(0): 282470, np.int64(1): 36962, np.int64(2): 14774, np.int64(3): 10675, np.int64(4): 8993}
  - 标签的前5个类别: {np.int64(0): 281232, np.int64(1): 36731, np.int64(2): 14789, np.int64(3): 10866, np.int64(4): 8585}
✅ 验证完成，耗时: 4.8秒 (0.1分钟)
训练损失: 0.0275
验证损失: 0.3370
验证准确率: 0.9683 (10616/10964) - 与Levenshtein高度相关
验证F1(加权): 0.9678 - 类别平衡更好
学习率: 0.000082
显存使用: 0.48GB (预留: 0.69GB)

生成的训练样本:
--------------------------------------------------------------------------------
输入:       DLM> NPN> BXNGT> WNHW> MWM> BQWRBNH CDL
目标:     0 0 0 0 0 0 6 0 10 3 0 1 0 0 13 9 0 0 1 6 0 10 3 0 0 0 4 0 0 1 0 0 0 0 5 0 0 0 0 3
预测:     0 0 0 0 0 0 6 0 10 3 0 1 0 0 13 9 0 0 1 6 0 10 3 0 0 0 4 0 0 1 0 0 0 0 5 0 0 0 0 3
准确率:    1.0000 (40/40)
----------------------------------------
输入:       W>QJM MWC> MCKN> WNQC SKWHJ WSM DPWHJ
目标:     0 1 17 20 0 3 0 0 0 0 2 0 0 0 0 4 0 0 1 0 0 3 0 0 96 1 0 0 0 1 31 3 0 0 25 1 0 0
预测:     0 1 17 20 0 3 0 0 0 0 2 0 0 0 0 4 0 0 1 0 0 3 0 0 96 1 0 0 0 1 31 3 0 0 25 1 0 0
准确率:    1.0000 (38/38)
----------------------------------------
输入:       D>DWM CDRNJ LWTK W>MR >N XJ> >N>
目标:     0 1 0 0 0 2 0 0 0 51 0 0 0 0 0 1 0 0 1 0 0 7 0 0 0 0 0 10 7 0 0 0 0
预测:     0 1 0 0 0 2 0 0 0 51 0 0 0 0 0 1 0 0 1 0 0 7 0 0 0 0 0 10 7 0 0 0 0
准确率:    1.0000 (33/33)
----------------------------------------

生成的验证样本:
--------------------------------------------------------------------------------
输入:       YBJNH D>LH> LMSV> MN KL DBJC WKLJ
目标:     0 0 0 0 5 0 0 1 0 0 4 0 0 1 6 0 10 7 0 0 0 0 0 2 0 1 0 0 2 0 36 0 0 3
预测:     0 0 0 0 5 0 0 1 0 0 4 0 0 1 6 0 10 7 0 0 0 0 0 2 0 1 0 0 2 0 36 0 0 3
准确率:    1.0000 (34/34)
----------------------------------------
输入:       D>LH> LMSV> MN KL DBJC WKLJ XJLK
目标:     0 1 0 0 4 0 0 1 6 0 10 7 0 0 0 0 0 2 0 1 0 0 2 0 36 0 0 3 0 0 0 5 0
预测:     0 1 0 0 4 0 0 1 6 0 10 7 0 0 0 0 0 2 0 1 0 0 2 0 36 0 0 3 0 0 0 5 0
准确率:    1.0000 (33/33)
----------------------------------------
⏳ 验证无提升 (验证准确率: 0.9683 ≤ 0.9687)，patience: 1/50

======================================================================
🚀 Epoch 58/200
======================================================================
📚 开始训练阶段...
训练进度: 500/6065 损失=0.0249
训练进度: 1000/6065 损失=0.0482
训练进度: 1500/6065 损失=0.0262
训练进度: 2000/6065 损失=0.0234
训练进度: 2500/6065 损失=0.0327
训练进度: 3000/6065 损失=0.0777
训练进度: 3500/6065 损失=0.0139
训练进度: 4000/6065 损失=0.0169
训练进度: 4500/6065 损失=0.0230
训练进度: 5000/6065 损失=0.0320
训练进度: 5500/6065 损失=0.0117
训练进度: 6000/6065 损失=0.0314
训练进度: 6065/6065 损失=0.0537
✅ 训练完成，耗时: 110.9秒 (1.8分钟)

============================================================
📊 验证决策: Epoch 58/200
   验证间隔: 1
   是否验证: ✅ 是
   原因: 达到验证间隔 (0 == 0)
============================================================

🔍 开始验证...
验证进度: 500/686 损失=0.0821
验证进度: 686/686 损失=1.2549

📊 预测分布分析:
  - 预测的前5个类别: {np.int64(0): 282085, np.int64(1): 37058, np.int64(2): 14683, np.int64(3): 10764, np.int64(4): 9300}
  - 标签的前5个类别: {np.int64(0): 281232, np.int64(1): 36731, np.int64(2): 14789, np.int64(3): 10866, np.int64(4): 8585}
✅ 验证完成，耗时: 4.8秒 (0.1分钟)
训练损失: 0.0271
验证损失: 0.3364
验证准确率: 0.9685 (10618/10964) - 与Levenshtein高度相关
验证F1(加权): 0.9677 - 类别平衡更好
学习率: 0.000081
显存使用: 0.47GB (预留: 0.69GB)

生成的训练样本:
--------------------------------------------------------------------------------
输入:       DS>T> DNCJP> BSL<> WS>TJN S<RJN BSL<> NZDBN
目标:     0 1 0 13 9 0 0 1 0 8 0 7 27 0 1 0 0 4 0 0 1 0 13 0 0 0 0 0 0 13 0 0 0 1 0 0 4 0 0 45 85 0 0 77
预测:     0 1 0 13 9 0 0 1 0 8 0 7 27 0 1 0 0 4 0 0 1 0 13 0 0 0 0 0 0 13 0 0 0 1 0 0 4 0 0 45 85 0 0 77
准确率:    1.0000 (44/44)
----------------------------------------
输入:       MRJ> W>MRW LMWC> MVL DLJT QBR> BMYRJN
目标:     0 0 0 0 2 0 1 0 0 3 0 0 1 0 0 0 2 0 0 0 0 0 1 58 0 24 0 0 0 30 0 0 1 0 0 0 0 2
预测:     0 0 0 0 2 0 1 0 0 3 0 0 1 0 0 0 2 0 0 0 0 0 1 58 0 24 0 0 0 30 0 0 1 0 0 0 0 2
准确率:    1.0000 (38/38)
----------------------------------------
输入:       DDBX> <LWHJ RWS WMDBX> DNXC> NHW> LJ
目标:     0 1 0 0 30 0 0 0 8 1 0 0 6 8 0 115 0 1 0 0 0 4 0 0 1 0 0 4 0 0 6 0 10 3 0 1 0
预测:     0 1 0 0 30 0 0 0 8 1 0 0 6 8 0 115 0 1 0 0 0 4 0 0 1 0 0 4 0 0 6 0 10 3 0 1 0
准确率:    1.0000 (37/37)
----------------------------------------

生成的验证样本:
--------------------------------------------------------------------------------
输入:       YBJNH D>LH> LMSV> MN KL DBJC WKLJ
目标:     0 0 0 0 5 0 0 1 0 0 4 0 0 1 6 0 10 7 0 0 0 0 0 2 0 1 0 0 2 0 36 0 0 3
预测:     0 0 0 0 5 0 0 1 0 0 4 0 0 1 6 0 10 7 0 0 0 0 0 2 0 1 0 0 2 0 36 0 0 3
准确率:    1.0000 (34/34)
----------------------------------------
输入:       D>LH> LMSV> MN KL DBJC WKLJ XJLK
目标:     0 1 0 0 4 0 0 1 6 0 10 7 0 0 0 0 0 2 0 1 0 0 2 0 36 0 0 3 0 0 0 5 0
预测:     0 1 0 0 4 0 0 1 6 0 10 7 0 0 0 0 0 2 0 1 0 0 2 0 36 0 0 3 0 0 0 5 0
准确率:    1.0000 (33/33)
----------------------------------------
⏳ 验证无提升 (验证准确率: 0.9685 ≤ 0.9687)，patience: 2/50

======================================================================
🚀 Epoch 59/200
======================================================================
📚 开始训练阶段...
训练进度: 500/6065 损失=0.0052
训练进度: 1000/6065 损失=0.0333
训练进度: 1500/6065 损失=0.0187
训练进度: 2000/6065 损失=0.0292
训练进度: 2500/6065 损失=0.0186
训练进度: 3000/6065 损失=0.0264
训练进度: 3500/6065 损失=0.0274
训练进度: 4000/6065 损失=0.0297
训练进度: 4500/6065 损失=0.0221
训练进度: 5000/6065 损失=0.0427
训练进度: 5500/6065 损失=0.0046
训练进度: 6000/6065 损失=0.0268
训练进度: 6065/6065 损失=0.0296
✅ 训练完成，耗时: 110.8秒 (1.8分钟)

============================================================
📊 验证决策: Epoch 59/200
   验证间隔: 1
   是否验证: ✅ 是
   原因: 达到验证间隔 (0 == 0)
============================================================

🔍 开始验证...
验证进度: 500/686 损失=0.0649
验证进度: 686/686 损失=1.2136

📊 预测分布分析:
  - 预测的前5个类别: {np.int64(0): 282417, np.int64(1): 37026, np.int64(2): 14686, np.int64(3): 10817, np.int64(4): 8826}
  - 标签的前5个类别: {np.int64(0): 281232, np.int64(1): 36731, np.int64(2): 14789, np.int64(3): 10866, np.int64(4): 8585}
✅ 验证完成，耗时: 4.8秒 (0.1分钟)
训练损失: 0.0267
验证损失: 0.3340
验证准确率: 0.9687 (10620/10964) - 与Levenshtein高度相关
验证F1(加权): 0.9681 - 类别平衡更好
学习率: 0.000080
显存使用: 0.47GB (预留: 0.69GB)

生成的训练样本:
--------------------------------------------------------------------------------
输入:       LMRJ> RB> HJ SKLWTJ MN DLMCBQ H>
目标:     0 1 0 0 0 2 0 0 4 0 0 0 12 0 0 0 0 2 1 0 0 0 0 0 1 1 6 0 0 7 0 0 0
预测:     0 1 0 0 0 2 0 0 4 0 0 0 12 0 0 0 0 2 1 0 0 0 0 0 1 1 6 0 0 7 0 0 0
准确率:    1.0000 (33/33)
----------------------------------------
输入:       JWMN> WJM> LH WZBN BWKRWTH LJ<QWB WJ<QWB
目标:     0 0 0 0 4 0 0 1 0 10 3 0 1 0 0 1 0 0 33 0 0 0 0 0 2 1 0 0 1 0 0 0 0 2 0 1 0 0 0 0 2
预测:     0 0 0 0 4 0 0 1 0 10 3 0 1 0 0 1 0 0 33 0 0 0 0 0 2 1 0 0 1 0 0 0 0 2 0 1 0 0 0 0 2
准确率:    1.0000 (41/41)
----------------------------------------
输入:       KLBSR TWB MN MJ> DVWPN> WL> NHW>
目标:     0 0 5 0 0 2 0 0 0 0 0 0 0 0 24 9 0 0 1 0 0 0 4 0 0 1 0 0 0 6 0 10 3
预测:     0 0 5 0 0 2 0 0 0 0 0 0 0 0 24 9 0 0 1 0 0 0 4 0 0 1 0 0 0 6 0 10 3
准确率:    1.0000 (33/33)
----------------------------------------

生成的验证样本:
--------------------------------------------------------------------------------
输入:       YBJNH D>LH> LMSV> MN KL DBJC WKLJ
目标:     0 0 0 0 5 0 0 1 0 0 4 0 0 1 6 0 10 7 0 0 0 0 0 2 0 1 0 0 2 0 36 0 0 3
预测:     0 0 0 0 5 0 0 1 0 0 4 0 0 1 6 0 10 7 0 0 0 0 0 2 0 1 0 0 2 0 36 0 0 3
准确率:    1.0000 (34/34)
----------------------------------------
输入:       D>LH> LMSV> MN KL DBJC WKLJ XJLK
目标:     0 1 0 0 4 0 0 1 6 0 10 7 0 0 0 0 0 2 0 1 0 0 2 0 36 0 0 3 0 0 0 5 0
预测:     0 1 0 0 4 0 0 1 6 0 10 7 0 0 0 0 0 2 0 1 0 0 2 0 36 0 0 3 0 0 0 5 0
准确率:    1.0000 (33/33)
----------------------------------------
⏳ 验证无提升 (验证准确率: 0.9687 ≤ 0.9687)，patience: 3/50

======================================================================
🚀 Epoch 60/200
======================================================================
📚 开始训练阶段...
训练进度: 500/6065 损失=0.0418
训练进度: 1000/6065 损失=0.0357
训练进度: 1500/6065 损失=0.0252
训练进度: 2000/6065 损失=0.0347
训练进度: 2500/6065 损失=0.0478
训练进度: 3000/6065 损失=0.0114
训练进度: 3500/6065 损失=0.0121
训练进度: 4000/6065 损失=0.0348
训练进度: 4500/6065 损失=0.0185
训练进度: 5000/6065 损失=0.0368
训练进度: 5500/6065 损失=0.0208
训练进度: 6000/6065 损失=0.0254
训练进度: 6065/6065 损失=0.0434
✅ 训练完成，耗时: 110.9秒 (1.8分钟)

============================================================
📊 验证决策: Epoch 60/200
   验证间隔: 1
   是否验证: ✅ 是
   原因: 达到验证间隔 (0 == 0)
============================================================

🔍 开始验证...
验证进度: 500/686 损失=0.0694
验证进度: 686/686 损失=1.4564

📊 预测分布分析:
  - 预测的前5个类别: {np.int64(0): 282474, np.int64(1): 37032, np.int64(2): 14668, np.int64(3): 10680, np.int64(4): 8937}
  - 标签的前5个类别: {np.int64(0): 281232, np.int64(1): 36731, np.int64(2): 14789, np.int64(3): 10866, np.int64(4): 8585}
✅ 验证完成，耗时: 4.8秒 (0.1分钟)
训练损失: 0.0260
验证损失: 0.3413
验证准确率: 0.9686 (10619/10964) - 与Levenshtein高度相关
验证F1(加权): 0.9680 - 类别平衡更好
学习率: 0.000080
显存使用: 0.47GB (预留: 0.69GB)

生成的训练样本:
--------------------------------------------------------------------------------
输入:       MN XQL> WKD CM<W KRJT LHWN LGBR>
目标:     0 0 0 0 0 0 4 0 0 1 0 0 0 0 0 3 0 0 0 0 3 26 0 1 0 0 0 0 1 0 0 11 0
预测:     0 0 0 0 0 0 4 0 0 1 0 0 0 0 0 3 0 0 0 0 3 26 0 1 0 0 0 0 1 0 0 11 0
准确率:    1.0000 (33/33)
----------------------------------------
输入:       TXJT RGL> DJLH <RB> WTWR> KLHWN TWB
目标:     0 0 8 0 0 0 0 0 11 0 0 0 0 1 0 0 0 0 145 0 0 1 0 0 11 0 0 0 5 0 0 0 0 0 0 0
预测:     0 0 8 0 0 0 0 0 11 0 0 0 0 1 0 0 0 0 145 0 0 1 0 0 11 0 0 0 5 0 0 0 0 0 0 0
准确率:    1.0000 (36/36)
----------------------------------------
输入:       MNH NHW> >JK <BDH DHB> WTKLT> W>RGWN>
目标:     0 0 1 12 0 6 0 10 3 0 0 0 0 0 0 0 98 12 0 0 0 4 0 0 1 0 0 13 9 0 0 1 0 0 0 0 4 0
预测:     0 0 1 12 0 6 0 10 3 0 0 0 0 0 0 0 98 12 0 0 0 4 0 0 1 0 0 13 9 0 0 1 0 0 0 0 4 0
准确率:    1.0000 (38/38)
----------------------------------------

生成的验证样本:
--------------------------------------------------------------------------------
输入:       YBJNH D>LH> LMSV> MN KL DBJC WKLJ
目标:     0 0 0 0 5 0 0 1 0 0 4 0 0 1 6 0 10 7 0 0 0 0 0 2 0 1 0 0 2 0 36 0 0 3
预测:     0 0 0 0 5 0 0 1 0 0 4 0 0 1 6 0 10 7 0 0 0 0 0 2 0 1 0 0 2 0 36 0 0 3
准确率:    1.0000 (34/34)
----------------------------------------
输入:       D>LH> LMSV> MN KL DBJC WKLJ XJLK
目标:     0 1 0 0 4 0 0 1 6 0 10 7 0 0 0 0 0 2 0 1 0 0 2 0 36 0 0 3 0 0 0 5 0
预测:     0 1 0 0 4 0 0 1 6 0 10 7 0 0 0 0 0 2 0 1 0 0 2 0 36 0 0 3 0 0 0 5 0
准确率:    1.0000 (33/33)
----------------------------------------
⏳ 验证无提升 (验证准确率: 0.9686 ≤ 0.9687)，patience: 4/50

======================================================================
🚀 Epoch 61/200
======================================================================
📚 开始训练阶段...
训练进度: 500/6065 损失=0.0347
训练进度: 1000/6065 损失=0.0364
训练进度: 1500/6065 损失=0.0196
训练进度: 2000/6065 损失=0.0170
训练进度: 2500/6065 损失=0.0275
训练进度: 3000/6065 损失=0.0173
训练进度: 3500/6065 损失=0.0037
训练进度: 4000/6065 损失=0.0144
训练进度: 4500/6065 损失=0.0267
训练进度: 5000/6065 损失=0.0245
训练进度: 5500/6065 损失=0.0221
训练进度: 6000/6065 损失=0.0440
训练进度: 6065/6065 损失=0.0157
✅ 训练完成，耗时: 110.6秒 (1.8分钟)

============================================================
📊 验证决策: Epoch 61/200
   验证间隔: 1
   是否验证: ✅ 是
   原因: 达到验证间隔 (0 == 0)
============================================================

🔍 开始验证...
验证进度: 500/686 损失=0.0653
验证进度: 686/686 损失=1.3651

📊 预测分布分析:
  - 预测的前5个类别: {np.int64(0): 282652, np.int64(1): 36991, np.int64(2): 14802, np.int64(3): 10774, np.int64(4): 8917}
  - 标签的前5个类别: {np.int64(0): 281232, np.int64(1): 36731, np.int64(2): 14789, np.int64(3): 10866, np.int64(4): 8585}
✅ 验证完成，耗时: 4.8秒 (0.1分钟)
训练损失: 0.0256
验证损失: 0.3437
验证准确率: 0.9690 (10623/10964) - 与Levenshtein高度相关
验证F1(加权): 0.9682 - 类别平衡更好
学习率: 0.000079
显存使用: 0.47GB (预留: 0.69GB)

生成的训练样本:
--------------------------------------------------------------------------------
输入:       TRJHWN GBR> DDMK <MH >P HJ >NTT>
目标:     0 0 2 32 0 0 0 0 0 0 4 0 0 1 0 0 3 0 0 37 12 0 0 0 0 0 26 0 0 0 13 9 0
预测:     0 0 2 32 0 0 0 0 0 0 4 0 0 1 0 0 3 0 0 37 12 0 0 0 0 0 26 0 0 0 13 9 0
准确率:    1.0000 (33/33)
----------------------------------------
输入:       >JK DJM> L>BHJK >N TCM< BQLH DMRJ>
目标:     0 0 0 0 0 1 0 10 3 0 1 0 8 2 1 0 0 0 0 0 6 0 0 3 0 1 0 5 0 0 1 0 0 0 2
预测:     0 0 0 0 0 1 0 10 3 0 1 0 8 2 1 0 0 0 0 0 6 0 0 3 0 1 0 5 0 0 1 0 0 0 2
准确率:    1.0000 (35/35)
----------------------------------------
输入:       WHLJN BRKC> WXNN BCMH DMRJ> >LHN N<CN
目标:     0 1 0 0 0 0 0 1 0 0 11 0 0 1 0 0 0 0 1 0 5 0 0 1 0 0 0 2 0 0 0 5 0 0 44 0 0 3
预测:     0 1 0 0 0 0 0 1 0 0 11 0 0 1 0 0 0 0 1 0 5 0 0 1 0 0 0 2 0 0 0 5 0 0 44 0 0 3
准确率:    1.0000 (38/38)
----------------------------------------

生成的验证样本:
--------------------------------------------------------------------------------
输入:       YBJNH D>LH> LMSV> MN KL DBJC WKLJ
目标:     0 0 0 0 5 0 0 1 0 0 4 0 0 1 6 0 10 7 0 0 0 0 0 2 0 1 0 0 2 0 36 0 0 3
预测:     0 0 0 0 5 0 0 1 0 0 4 0 0 1 6 0 10 7 0 0 0 0 0 2 0 1 0 0 2 0 1 0 0 3
准确率:    0.9706 (33/34)
----------------------------------------
输入:       D>LH> LMSV> MN KL DBJC WKLJ XJLK
目标:     0 1 0 0 4 0 0 1 6 0 10 7 0 0 0 0 0 2 0 1 0 0 2 0 36 0 0 3 0 0 0 5 0
预测:     0 1 0 0 4 0 0 1 6 0 10 7 0 0 0 0 0 2 0 1 0 0 2 0 1 0 0 3 0 0 0 5 0
准确率:    0.9697 (32/33)
----------------------------------------
💾 保存新的最佳模型！验证准确率: 0.9690 (F1: 0.9682) (Epoch 61)

======================================================================
🚀 Epoch 62/200
======================================================================
📚 开始训练阶段...
训练进度: 500/6065 损失=0.0184
训练进度: 1000/6065 损失=0.0386
训练进度: 1500/6065 损失=0.0207
训练进度: 2000/6065 损失=0.0078
训练进度: 2500/6065 损失=0.0149
训练进度: 3000/6065 损失=0.0174
训练进度: 3500/6065 损失=0.0206
训练进度: 4000/6065 损失=0.0234
训练进度: 4500/6065 损失=0.0164
训练进度: 5000/6065 损失=0.0098
训练进度: 5500/6065 损失=0.0250
训练进度: 6000/6065 损失=0.0112
训练进度: 6065/6065 损失=0.0202
✅ 训练完成，耗时: 110.9秒 (1.8分钟)

============================================================
📊 验证决策: Epoch 62/200
   验证间隔: 1
   是否验证: ✅ 是
   原因: 达到验证间隔 (0 == 0)
============================================================

🔍 开始验证...
验证进度: 500/686 损失=0.0783
验证进度: 686/686 损失=1.4508

📊 预测分布分析:
  - 预测的前5个类别: {np.int64(0): 282316, np.int64(1): 36992, np.int64(2): 14840, np.int64(3): 10900, np.int64(4): 8893}
  - 标签的前5个类别: {np.int64(0): 281232, np.int64(1): 36731, np.int64(2): 14789, np.int64(3): 10866, np.int64(4): 8585}
✅ 验证完成，耗时: 4.8秒 (0.1分钟)
训练损失: 0.0252
验证损失: 0.3452
验证准确率: 0.9684 (10617/10964) - 与Levenshtein高度相关
验证F1(加权): 0.9678 - 类别平衡更好
学习率: 0.000078
显存使用: 0.47GB (预留: 0.69GB)

生成的训练样本:
--------------------------------------------------------------------------------
输入:       WBCW<JTH MSTN> WMN KL >JQR KL> NPCH
目标:     0 1 1 0 0 0 2 32 12 0 45 79 0 10 7 0 1 0 0 0 0 2 0 0 0 0 2 0 0 10 7 0 0 0 5 0
预测:     0 1 1 0 0 0 2 32 12 0 45 79 0 10 7 0 1 0 0 0 0 2 0 0 0 0 2 0 0 10 7 0 0 0 5 0
准确率:    1.0000 (36/36)
----------------------------------------
输入:       <WTR> WGXK >P SJP> W>SGJ BSRH HW>
目标:     0 0 0 0 4 0 0 1 0 0 3 0 0 0 0 0 0 4 0 0 1 17 0 0 3 0 0 0 120 0 0 0 10 7
预测:     0 0 0 0 4 0 0 1 0 0 3 0 0 0 0 0 0 4 0 0 1 17 0 0 3 0 0 0 120 0 0 0 10 7
准确率:    1.0000 (34/34)
----------------------------------------
输入:       SBRJN MVL >BRHM XWTR> KLH DCMH> HW
目标:     0 0 0 7 0 0 0 0 0 0 0 0 0 0 0 2 0 0 0 0 4 0 0 0 5 0 0 1 0 8 11 0 0 0 12
预测:     0 0 0 7 0 0 0 0 0 0 0 0 0 0 0 2 0 0 0 0 4 0 0 0 5 0 0 1 0 8 11 0 0 0 12
准确率:    1.0000 (35/35)
----------------------------------------

生成的验证样本:
--------------------------------------------------------------------------------
输入:       YBJNH D>LH> LMSV> MN KL DBJC WKLJ
目标:     0 0 0 0 5 0 0 1 0 0 4 0 0 1 6 0 10 7 0 0 0 0 0 2 0 1 0 0 2 0 36 0 0 3
预测:     0 0 0 0 5 0 0 1 0 0 4 0 0 1 6 0 10 7 0 0 0 0 0 2 0 1 0 0 2 0 1 0 0 3
准确率:    0.9706 (33/34)
----------------------------------------
输入:       D>LH> LMSV> MN KL DBJC WKLJ XJLK
目标:     0 1 0 0 4 0 0 1 6 0 10 7 0 0 0 0 0 2 0 1 0 0 2 0 36 0 0 3 0 0 0 5 0
预测:     0 1 0 0 4 0 0 1 6 0 10 7 0 0 0 0 0 2 0 1 0 0 2 0 36 0 0 3 0 0 0 5 0
准确率:    1.0000 (33/33)
----------------------------------------
⏳ 验证无提升 (验证准确率: 0.9684 ≤ 0.9690)，patience: 1/50

======================================================================
🚀 Epoch 63/200
======================================================================
📚 开始训练阶段...
训练进度: 500/6065 损失=0.0159
训练进度: 1000/6065 损失=0.0503
训练进度: 1500/6065 损失=0.0259
训练进度: 2000/6065 损失=0.0624
训练进度: 2500/6065 损失=0.0276
训练进度: 3000/6065 损失=0.0339
训练进度: 3500/6065 损失=0.0344
训练进度: 4000/6065 损失=0.0359
训练进度: 4500/6065 损失=0.0067
训练进度: 5000/6065 损失=0.0318
训练进度: 5500/6065 损失=0.0276
训练进度: 6000/6065 损失=0.0270
训练进度: 6065/6065 损失=0.0232
✅ 训练完成，耗时: 110.8秒 (1.8分钟)

============================================================
📊 验证决策: Epoch 63/200
   验证间隔: 1
   是否验证: ✅ 是
   原因: 达到验证间隔 (0 == 0)
============================================================

🔍 开始验证...
验证进度: 500/686 损失=0.1017
验证进度: 686/686 损失=1.6788

📊 预测分布分析:
  - 预测的前5个类别: {np.int64(0): 282535, np.int64(1): 36971, np.int64(2): 14830, np.int64(3): 10884, np.int64(4): 9117}
  - 标签的前5个类别: {np.int64(0): 281232, np.int64(1): 36731, np.int64(2): 14789, np.int64(3): 10866, np.int64(4): 8585}
✅ 验证完成，耗时: 4.8秒 (0.1分钟)
训练损失: 0.0247
验证损失: 0.3531
验证准确率: 0.9685 (10619/10964) - 与Levenshtein高度相关
验证F1(加权): 0.9679 - 类别平衡更好
学习率: 0.000078
显存使用: 0.47GB (预留: 0.69GB)

生成的训练样本:
--------------------------------------------------------------------------------
输入:       DJLK MN> >JT LWTJ WSB LK WL>
目标:     0 0 0 1 0 0 0 0 0 0 0 0 24 0 0 0 1 0 0 93 0 3 0 1 0 0 1 0 0
预测:     0 0 0 1 0 0 0 0 0 0 0 0 24 0 0 0 1 0 0 93 0 3 0 1 0 0 1 0 0
准确率:    1.0000 (29/29)
----------------------------------------
输入:       PLJG> HKN> >P L> JD<TN <L >LH>
目标:     0 0 8 0 7 27 0 0 0 0 0 0 0 0 0 0 0 0 0 0 13 1 0 0 0 0 0 0 0 4 0
预测:     0 0 8 0 7 27 0 0 0 0 0 0 0 0 0 0 0 0 0 0 13 1 0 0 0 0 0 0 0 4 0
准确率:    1.0000 (31/31)
----------------------------------------
输入:       D>JT LK LWT >XWK CBWQ DL> NHW>
目标:     0 1 0 0 24 0 1 0 0 0 0 0 0 0 8 5 0 6 0 8 0 3 0 1 0 0 0 6 0 10 3
预测:     0 1 0 0 24 0 1 0 0 0 0 0 0 0 8 5 0 6 0 8 0 3 0 1 0 0 0 6 0 10 3
准确率:    1.0000 (31/31)
----------------------------------------

生成的验证样本:
--------------------------------------------------------------------------------
输入:       YBJNH D>LH> LMSV> MN KL DBJC WKLJ
目标:     0 0 0 0 5 0 0 1 0 0 4 0 0 1 6 0 10 7 0 0 0 0 0 2 0 1 0 0 2 0 36 0 0 3
预测:     0 0 0 0 5 0 0 1 0 0 4 0 0 1 6 0 10 7 0 0 0 0 0 2 0 1 0 0 2 0 1 0 0 3
准确率:    0.9706 (33/34)
----------------------------------------
输入:       D>LH> LMSV> MN KL DBJC WKLJ XJLK
目标:     0 1 0 0 4 0 0 1 6 0 10 7 0 0 0 0 0 2 0 1 0 0 2 0 36 0 0 3 0 0 0 5 0
预测:     0 1 0 0 4 0 0 1 6 0 10 7 0 0 0 0 0 2 0 1 0 0 2 0 36 0 0 3 0 0 0 5 0
准确率:    1.0000 (33/33)
----------------------------------------
⏳ 验证无提升 (验证准确率: 0.9685 ≤ 0.9690)，patience: 2/50

======================================================================
🚀 Epoch 64/200
======================================================================
📚 开始训练阶段...
训练进度: 500/6065 损失=0.0365
训练进度: 1000/6065 损失=0.0247
训练进度: 1500/6065 损失=0.0158
训练进度: 2000/6065 损失=0.0360
训练进度: 2500/6065 损失=0.0368
训练进度: 3000/6065 损失=0.0106
训练进度: 3500/6065 损失=0.0256
训练进度: 4000/6065 损失=0.0089
训练进度: 4500/6065 损失=0.0304
训练进度: 5000/6065 损失=0.0231
训练进度: 5500/6065 损失=0.0143
训练进度: 6000/6065 损失=0.0151
训练进度: 6065/6065 损失=0.0101
✅ 训练完成，耗时: 110.5秒 (1.8分钟)

============================================================
📊 验证决策: Epoch 64/200
   验证间隔: 1
   是否验证: ✅ 是
   原因: 达到验证间隔 (0 == 0)
============================================================

🔍 开始验证...
验证进度: 500/686 损失=0.0775
验证进度: 686/686 损失=1.5307

📊 预测分布分析:
  - 预测的前5个类别: {np.int64(0): 282645, np.int64(1): 37039, np.int64(2): 14743, np.int64(3): 10684, np.int64(4): 8984}
  - 标签的前5个类别: {np.int64(0): 281232, np.int64(1): 36731, np.int64(2): 14789, np.int64(3): 10866, np.int64(4): 8585}
✅ 验证完成，耗时: 4.8秒 (0.1分钟)
训练损失: 0.0243
验证损失: 0.3560
验证准确率: 0.9683 (10616/10964) - 与Levenshtein高度相关
验证F1(加权): 0.9677 - 类别平衡更好
学习率: 0.000077
显存使用: 0.47GB (预留: 0.69GB)

生成的训练样本:
--------------------------------------------------------------------------------
输入:       BCLHBJT> DNWR> MN GW SNJ> WXZ> SNJ>
目标:     0 1 0 0 0 0 2 9 0 0 1 0 0 4 0 0 0 0 0 0 2 0 0 57 15 0 0 1 0 10 3 0 0 57 15 0
预测:     0 1 0 0 0 0 2 9 0 0 1 0 0 4 0 0 0 0 0 0 2 0 0 57 15 0 0 1 0 10 3 0 0 57 15 0
准确率:    1.0000 (36/36)
----------------------------------------
输入:       CLJMWN M>TJN SKRJN DDHB> SNJN> WCTM>> MNJN
目标:     0 0 0 0 0 0 2 0 0 0 0 0 2 0 0 0 2 0 0 0 1 0 0 4 0 0 0 8 0 43 27 0 1 0 0 0 0 2 0 0 231 0 0
预测:     0 0 0 0 0 0 2 0 0 0 0 0 2 0 0 0 2 0 0 0 1 0 0 4 0 0 0 8 0 43 27 0 1 0 0 0 0 2 0 0 231 0 2
准确率:    0.9767 (42/43)
----------------------------------------
输入:       >TXZJ B<NN> W>MR MRJ> LMWC> CM<T RVN>
目标:     0 0 14 0 0 3 0 1 0 0 4 0 0 1 0 0 3 0 0 0 0 2 0 1 0 0 0 2 0 0 0 3 0 0 0 0 15 0
预测:     0 0 14 0 0 3 0 1 0 0 4 0 0 1 0 0 3 0 0 0 0 2 0 1 0 0 0 2 0 0 0 3 0 0 0 0 15 0
准确率:    1.0000 (38/38)
----------------------------------------

生成的验证样本:
--------------------------------------------------------------------------------
输入:       YBJNH D>LH> LMSV> MN KL DBJC WKLJ
目标:     0 0 0 0 5 0 0 1 0 0 4 0 0 1 6 0 10 7 0 0 0 0 0 2 0 1 0 0 2 0 36 0 0 3
预测:     0 0 0 0 5 0 0 1 0 0 4 0 0 1 6 0 10 7 0 0 0 0 0 2 0 1 0 0 2 0 36 0 0 3
准确率:    1.0000 (34/34)
----------------------------------------
输入:       D>LH> LMSV> MN KL DBJC WKLJ XJLK
目标:     0 1 0 0 4 0 0 1 6 0 10 7 0 0 0 0 0 2 0 1 0 0 2 0 36 0 0 3 0 0 0 5 0
预测:     0 1 0 0 4 0 0 1 6 0 10 7 0 0 0 0 0 2 0 1 0 0 2 0 36 0 0 3 0 0 0 5 0
准确率:    1.0000 (33/33)
----------------------------------------
⏳ 验证无提升 (验证准确率: 0.9683 ≤ 0.9690)，patience: 3/50

======================================================================
🚀 Epoch 65/200
======================================================================
📚 开始训练阶段...
训练进度: 500/6065 损失=0.0426
训练进度: 1000/6065 损失=0.0222
训练进度: 1500/6065 损失=0.0268
训练进度: 2000/6065 损失=0.0303
训练进度: 2500/6065 损失=0.0162
训练进度: 3000/6065 损失=0.0117
训练进度: 3500/6065 损失=0.0081
训练进度: 4000/6065 损失=0.0109
训练进度: 4500/6065 损失=0.0046
训练进度: 5000/6065 损失=0.0089
训练进度: 5500/6065 损失=0.0497
训练进度: 6000/6065 损失=0.0542
训练进度: 6065/6065 损失=0.0065
✅ 训练完成，耗时: 110.5秒 (1.8分钟)

============================================================
📊 验证决策: Epoch 65/200
   验证间隔: 1
   是否验证: ✅ 是
   原因: 达到验证间隔 (0 == 0)
============================================================

🔍 开始验证...
验证进度: 500/686 损失=0.0900
验证进度: 686/686 损失=1.2363

📊 预测分布分析:
  - 预测的前5个类别: {np.int64(0): 282533, np.int64(1): 37068, np.int64(2): 14847, np.int64(3): 10778, np.int64(4): 8736}
  - 标签的前5个类别: {np.int64(0): 281232, np.int64(1): 36731, np.int64(2): 14789, np.int64(3): 10866, np.int64(4): 8585}
✅ 验证完成，耗时: 4.8秒 (0.1分钟)
训练损失: 0.0240
验证损失: 0.3474
验证准确率: 0.9689 (10623/10964) - 与Levenshtein高度相关
验证F1(加权): 0.9682 - 类别平衡更好
学习率: 0.000076
显存使用: 0.47GB (预留: 0.69GB)

生成的训练样本:
--------------------------------------------------------------------------------
输入:       >LHK MVL D<MM> HLJN DJRT >NT LHWN
目标:     0 0 0 5 0 0 0 0 0 0 1 0 8 30 0 0 0 0 0 0 0 1 0 0 7 0 0 0 0 0 1 0 0 0
预测:     0 0 0 5 0 0 0 0 0 0 1 0 8 30 0 0 0 0 0 0 0 1 0 0 7 0 0 0 0 0 1 0 0 0
准确率:    1.0000 (34/34)
----------------------------------------
输入:       GWD> WHPKT B<WCN> QCTH W>TBDRW DR<> D>JDWHJ
目标:     0 0 0 82 0 0 1 0 0 3 26 0 1 0 0 0 4 0 0 0 106 1 0 0 1 0 14 0 0 3 19 0 0 0 11 0 0 35 0 0 25 1 0 0
预测:     0 0 0 82 0 0 1 0 0 3 26 0 1 0 0 0 4 0 0 0 106 1 0 0 1 0 14 0 0 3 19 0 0 0 11 0 0 35 0 0 25 1 0 0
准确率:    1.0000 (44/44)
----------------------------------------
输入:       >LHKWN WSHDWTH WNMWSWHJ DPQDK W<BD DCPJR WTRJY
目标:     0 0 0 5 0 0 0 0 1 0 0 0 2 32 0 0 1 0 0 0 25 1 0 0 0 1 0 0 29 0 0 1 0 0 3 0 1 0 0 0 2 0 1 0 8 0 40
预测:     0 0 0 5 0 0 0 0 1 0 0 0 2 32 0 0 1 0 0 0 25 1 0 0 0 1 0 0 29 0 0 1 0 0 3 0 1 0 0 0 2 0 1 0 8 0 40
准确率:    1.0000 (47/47)
----------------------------------------

生成的验证样本:
--------------------------------------------------------------------------------
输入:       YBJNH D>LH> LMSV> MN KL DBJC WKLJ
目标:     0 0 0 0 5 0 0 1 0 0 4 0 0 1 6 0 10 7 0 0 0 0 0 2 0 1 0 0 2 0 36 0 0 3
预测:     0 0 0 0 5 0 0 1 0 0 4 0 0 1 6 0 10 7 0 0 0 0 0 2 0 1 0 0 2 0 36 0 0 3
准确率:    1.0000 (34/34)
----------------------------------------
输入:       D>LH> LMSV> MN KL DBJC WKLJ XJLK
目标:     0 1 0 0 4 0 0 1 6 0 10 7 0 0 0 0 0 2 0 1 0 0 2 0 36 0 0 3 0 0 0 5 0
预测:     0 1 0 0 4 0 0 1 6 0 10 7 0 0 0 0 0 2 0 1 0 0 2 0 36 0 0 3 0 0 0 5 0
准确率:    1.0000 (33/33)
----------------------------------------
⏳ 验证无提升 (验证准确率: 0.9689 ≤ 0.9690)，patience: 4/50

======================================================================
🚀 Epoch 66/200
======================================================================
📚 开始训练阶段...
训练进度: 500/6065 损失=0.0332
训练进度: 1000/6065 损失=0.0303
训练进度: 1500/6065 损失=0.0471
训练进度: 2000/6065 损失=0.0410
训练进度: 2500/6065 损失=0.0526
训练进度: 3000/6065 损失=0.0045
训练进度: 3500/6065 损失=0.0076
训练进度: 4000/6065 损失=0.0194
训练进度: 4500/6065 损失=0.0176
训练进度: 5000/6065 损失=0.0491
训练进度: 5500/6065 损失=0.0154
训练进度: 6000/6065 损失=0.0203
训练进度: 6065/6065 损失=0.0094
✅ 训练完成，耗时: 110.7秒 (1.8分钟)

============================================================
📊 验证决策: Epoch 66/200
   验证间隔: 1
   是否验证: ✅ 是
   原因: 达到验证间隔 (0 == 0)
============================================================

🔍 开始验证...
验证进度: 500/686 损失=0.0770
验证进度: 686/686 损失=1.2374

📊 预测分布分析:
  - 预测的前5个类别: {np.int64(0): 282440, np.int64(1): 37000, np.int64(2): 14731, np.int64(3): 10844, np.int64(4): 8854}
  - 标签的前5个类别: {np.int64(0): 281232, np.int64(1): 36731, np.int64(2): 14789, np.int64(3): 10866, np.int64(4): 8585}
✅ 验证完成，耗时: 4.8秒 (0.1分钟)
训练损失: 0.0233
验证损失: 0.3446
验证准确率: 0.9690 (10624/10964) - 与Levenshtein高度相关
验证F1(加权): 0.9685 - 类别平衡更好
学习率: 0.000076
显存使用: 0.47GB (预留: 0.69GB)

生成的训练样本:
--------------------------------------------------------------------------------
输入:       NXZ> WQR> ML>KH D>LH> L>BRHM DTRTJN ZBNJN
目标:     0 6 0 10 3 0 1 0 10 3 0 0 0 0 5 0 0 1 0 0 4 0 0 1 0 0 0 0 2 0 1 0 2 0 0 0 0 0 0 2 0 0
预测:     0 6 0 10 3 0 1 0 10 3 0 0 0 0 5 0 0 1 0 0 4 0 0 1 0 0 0 0 2 0 1 0 2 0 0 0 0 0 0 2 0 0
准确率:    1.0000 (42/42)
----------------------------------------
输入:       TLJTJ> MVL DBJWM> TLJTJ> NXT MRJ> L<JN
目标:     0 0 0 0 0 4 0 0 0 0 0 0 1 1 0 0 4 0 0 0 0 0 0 4 0 0 0 0 7 0 0 0 0 2 0 1 0 0 2
预测:     0 0 0 0 0 4 0 0 0 0 0 0 1 1 0 0 4 0 0 0 0 0 0 4 0 0 0 0 7 0 0 0 0 2 0 1 0 0 2
准确率:    1.0000 (39/39)
----------------------------------------
输入:       >JK DMCXT L>HRWN >XWK WNKHNWN LJ WTHW>
目标:     0 0 0 0 0 1 0 0 33 12 0 1 0 0 0 0 2 0 0 8 5 0 0 1 6 0 0 33 0 19 0 1 0 0 1 44 0 10 3
预测:     0 0 0 0 0 1 0 0 33 12 0 1 0 0 0 0 2 0 0 8 5 0 0 1 6 0 0 33 0 19 0 1 0 0 1 44 0 10 3
准确率:    1.0000 (39/39)
----------------------------------------

生成的验证样本:
--------------------------------------------------------------------------------
输入:       YBJNH D>LH> LMSV> MN KL DBJC WKLJ
目标:     0 0 0 0 5 0 0 1 0 0 4 0 0 1 6 0 10 7 0 0 0 0 0 2 0 1 0 0 2 0 36 0 0 3
预测:     0 0 0 0 5 0 0 1 0 0 4 0 0 1 6 0 10 7 0 0 0 0 0 2 0 1 0 0 2 0 36 0 0 3
准确率:    1.0000 (34/34)
----------------------------------------
输入:       D>LH> LMSV> MN KL DBJC WKLJ XJLK
目标:     0 1 0 0 4 0 0 1 6 0 10 7 0 0 0 0 0 2 0 1 0 0 2 0 36 0 0 3 0 0 0 5 0
预测:     0 1 0 0 4 0 0 1 6 0 10 7 0 0 0 0 0 2 0 1 0 0 2 0 36 0 0 3 0 0 0 5 0
准确率:    1.0000 (33/33)
----------------------------------------
💾 保存新的最佳模型！验证准确率: 0.9690 (F1: 0.9685) (Epoch 66)

======================================================================
🚀 Epoch 67/200
======================================================================
📚 开始训练阶段...
训练进度: 500/6065 损失=0.0149
训练进度: 1000/6065 损失=0.0140
训练进度: 1500/6065 损失=0.0139
训练进度: 2000/6065 损失=0.0387
训练进度: 2500/6065 损失=0.0194
训练进度: 3000/6065 损失=0.0081
训练进度: 3500/6065 损失=0.0065
训练进度: 4000/6065 损失=0.0494
训练进度: 4500/6065 损失=0.0323
训练进度: 5000/6065 损失=0.0214
训练进度: 5500/6065 损失=0.0385
训练进度: 6000/6065 损失=0.0163
训练进度: 6065/6065 损失=0.0312
✅ 训练完成，耗时: 111.4秒 (1.9分钟)

============================================================
📊 验证决策: Epoch 67/200
   验证间隔: 1
   是否验证: ✅ 是
   原因: 达到验证间隔 (0 == 0)
============================================================

🔍 开始验证...
验证进度: 500/686 损失=0.0924
验证进度: 686/686 损失=1.5284

📊 预测分布分析:
  - 预测的前5个类别: {np.int64(0): 282589, np.int64(1): 37002, np.int64(2): 14730, np.int64(3): 10616, np.int64(4): 8797}
  - 标签的前5个类别: {np.int64(0): 281232, np.int64(1): 36731, np.int64(2): 14789, np.int64(3): 10866, np.int64(4): 8585}
✅ 验证完成，耗时: 4.8秒 (0.1分钟)
训练损失: 0.0229
验证损失: 0.3589
验证准确率: 0.9687 (10620/10964) - 与Levenshtein高度相关
验证F1(加权): 0.9682 - 类别平衡更好
学习率: 0.000075
显存使用: 0.47GB (预留: 0.69GB)

生成的训练样本:
--------------------------------------------------------------------------------
输入:       MRJ> >LHK WTHW> TLL> L<LM WTWB L>
目标:     0 0 0 0 2 0 0 0 5 0 0 1 6 0 10 3 0 0 8 4 0 0 1 0 0 2 0 1 0 0 0 0 0 0
预测:     0 0 0 0 2 0 0 0 5 0 0 1 6 0 10 3 0 0 8 4 0 0 1 0 0 2 0 1 0 0 0 0 0 0
准确率:    1.0000 (34/34)
----------------------------------------
输入:       L> >CTM<W BBJT> KD MTBN> WTR<> DXDRT>
目标:     0 0 0 0 47 39 0 0 3 0 0 1 0 0 4 0 0 0 0 0 21 14 0 10 7 0 1 0 0 4 0 0 1 0 0 13 9 0
预测:     0 0 0 0 47 39 0 0 3 0 0 1 0 0 4 0 0 0 0 0 21 14 0 10 7 0 1 0 0 4 0 0 1 0 0 13 9 0
准确率:    1.0000 (38/38)
----------------------------------------
输入:       TRTJN CNJN MN BTR VWPN> WXJ> CJM
目标:     0 0 2 0 0 0 0 0 13 0 0 0 0 0 0 0 0 0 0 0 0 0 4 0 0 1 0 10 3 0 0 0 2
预测:     0 0 2 0 0 0 0 0 13 0 0 0 0 0 0 0 0 0 0 0 0 0 4 0 0 1 0 10 3 0 0 0 2
准确率:    1.0000 (33/33)
----------------------------------------

生成的验证样本:
--------------------------------------------------------------------------------
输入:       YBJNH D>LH> LMSV> MN KL DBJC WKLJ
目标:     0 0 0 0 5 0 0 1 0 0 4 0 0 1 6 0 10 7 0 0 0 0 0 2 0 1 0 0 2 0 36 0 0 3
预测:     0 0 0 0 5 0 0 1 0 0 4 0 0 1 6 0 10 7 0 0 0 0 0 2 0 1 0 0 2 0 36 0 0 3
准确率:    1.0000 (34/34)
----------------------------------------
输入:       D>LH> LMSV> MN KL DBJC WKLJ XJLK
目标:     0 1 0 0 4 0 0 1 6 0 10 7 0 0 0 0 0 2 0 1 0 0 2 0 36 0 0 3 0 0 0 5 0
预测:     0 1 0 0 4 0 0 1 6 0 10 7 0 0 0 0 0 2 0 1 0 0 2 0 36 0 0 3 0 0 0 5 0
准确率:    1.0000 (33/33)
----------------------------------------
⏳ 验证无提升 (验证准确率: 0.9687 ≤ 0.9690)，patience: 1/50

======================================================================
🚀 Epoch 68/200
======================================================================
📚 开始训练阶段...
训练进度: 500/6065 损失=0.0257
训练进度: 1000/6065 损失=0.0379
训练进度: 1500/6065 损失=0.0122
训练进度: 2000/6065 损失=0.0445
训练进度: 2500/6065 损失=0.0070
训练进度: 3000/6065 损失=0.0052
训练进度: 3500/6065 损失=0.0174
训练进度: 4000/6065 损失=0.0248
训练进度: 4500/6065 损失=0.0192
训练进度: 5000/6065 损失=0.0083
训练进度: 5500/6065 损失=0.0384
训练进度: 6000/6065 损失=0.0153
训练进度: 6065/6065 损失=0.0363
✅ 训练完成，耗时: 111.2秒 (1.9分钟)

============================================================
📊 验证决策: Epoch 68/200
   验证间隔: 1
   是否验证: ✅ 是
   原因: 达到验证间隔 (0 == 0)
============================================================

🔍 开始验证...
验证进度: 500/686 损失=0.0771
验证进度: 686/686 损失=1.2539

📊 预测分布分析:
  - 预测的前5个类别: {np.int64(0): 282446, np.int64(1): 37102, np.int64(2): 14717, np.int64(3): 10697, np.int64(4): 8800}
  - 标签的前5个类别: {np.int64(0): 281232, np.int64(1): 36731, np.int64(2): 14789, np.int64(3): 10866, np.int64(4): 8585}
✅ 验证完成，耗时: 4.8秒 (0.1分钟)
训练损失: 0.0224
验证损失: 0.3650
验证准确率: 0.9682 (10615/10964) - 与Levenshtein高度相关
验证F1(加权): 0.9675 - 类别平衡更好
学习率: 0.000074
显存使用: 0.47GB (预留: 0.69GB)

生成的训练样本:
--------------------------------------------------------------------------------
输入:       MRJ> MVL DGMR XSJ> MVL DZ<RJN CRJRT>
目标:     0 0 0 0 2 0 0 0 0 0 1 0 0 3 0 0 0 15 0 0 0 0 0 0 1 0 0 7 0 0 0 0 0 0 2 23 0
预测:     0 0 0 0 2 0 0 0 0 0 1 0 0 3 0 0 0 15 0 0 0 0 0 0 1 0 0 7 0 0 0 0 0 0 2 23 0
准确率:    1.0000 (37/37)
----------------------------------------
输入:       NHPKWN XVJ> LCJWL KLHWN <MM> DV<JN L>LH>
目标:     0 6 0 0 3 0 0 0 0 0 30 0 0 1 0 0 0 2 0 0 5 0 0 0 0 0 8 30 0 0 1 0 42 0 0 0 1 0 0 4 0
预测:     0 6 0 0 3 0 0 0 0 0 30 0 0 1 0 0 0 2 0 0 5 0 0 0 0 0 8 30 0 0 1 0 42 0 0 0 1 0 0 4 0
准确率:    1.0000 (41/41)
----------------------------------------
输入:       DJWSP YPNTP<NX DKSJT> GLJN LH WJHB LH
目标:     0 1 0 0 0 2 0 0 0 0 5 0 0 0 2 0 1 0 0 7 23 27 0 0 0 7 27 0 1 0 0 1 0 0 3 0 1 0
预测:     0 1 0 0 0 2 0 0 0 0 5 0 0 0 2 0 1 0 0 7 23 27 0 0 0 7 27 0 1 0 0 1 0 0 3 0 1 0
准确率:    1.0000 (38/38)
----------------------------------------

生成的验证样本:
--------------------------------------------------------------------------------
输入:       YBJNH D>LH> LMSV> MN KL DBJC WKLJ
目标:     0 0 0 0 5 0 0 1 0 0 4 0 0 1 6 0 10 7 0 0 0 0 0 2 0 1 0 0 2 0 36 0 0 3
预测:     0 0 0 0 5 0 0 1 0 0 4 0 0 1 6 0 10 7 0 0 0 0 0 2 0 1 0 0 2 0 36 0 0 3
准确率:    1.0000 (34/34)
----------------------------------------
输入:       D>LH> LMSV> MN KL DBJC WKLJ XJLK
目标:     0 1 0 0 4 0 0 1 6 0 10 7 0 0 0 0 0 2 0 1 0 0 2 0 36 0 0 3 0 0 0 5 0
预测:     0 1 0 0 4 0 0 1 6 0 10 7 0 0 0 0 0 2 0 1 0 0 2 0 36 0 0 3 0 0 0 5 0
准确率:    1.0000 (33/33)
----------------------------------------
⏳ 验证无提升 (验证准确率: 0.9682 ≤ 0.9690)，patience: 2/50

======================================================================
🚀 Epoch 69/200
======================================================================
📚 开始训练阶段...
训练进度: 500/6065 损失=0.0340
训练进度: 1000/6065 损失=0.0458
训练进度: 1500/6065 损失=0.0333
训练进度: 2000/6065 损失=0.0153
训练进度: 2500/6065 损失=0.0308
训练进度: 3000/6065 损失=0.0166
训练进度: 3500/6065 损失=0.0292
训练进度: 4000/6065 损失=0.0031
训练进度: 4500/6065 损失=0.0173
训练进度: 5000/6065 损失=0.0209
训练进度: 5500/6065 损失=0.0295
训练进度: 6000/6065 损失=0.0103
训练进度: 6065/6065 损失=0.0186
✅ 训练完成，耗时: 111.3秒 (1.9分钟)

============================================================
📊 验证决策: Epoch 69/200
   验证间隔: 1
   是否验证: ✅ 是
   原因: 达到验证间隔 (0 == 0)
============================================================

🔍 开始验证...
验证进度: 500/686 损失=0.0656
验证进度: 686/686 损失=1.2782

📊 预测分布分析:
  - 预测的前5个类别: {np.int64(0): 282610, np.int64(1): 36989, np.int64(2): 14819, np.int64(3): 10832, np.int64(4): 8769}
  - 标签的前5个类别: {np.int64(0): 281232, np.int64(1): 36731, np.int64(2): 14789, np.int64(3): 10866, np.int64(4): 8585}
✅ 验证完成，耗时: 4.8秒 (0.1分钟)
训练损失: 0.0222
验证损失: 0.3586
验证准确率: 0.9687 (10620/10964) - 与Levenshtein高度相关
验证F1(加权): 0.9681 - 类别平衡更好
学习率: 0.000074
显存使用: 0.47GB (预留: 0.69GB)

生成的训练样本:
--------------------------------------------------------------------------------
输入:       LH >CQ>JNJ QLJL MJ> MN QWLTKJ WT>MR
目标:     0 1 12 6 17 0 10 48 1 0 0 0 0 0 0 2 0 24 9 0 0 0 0 0 0 0 13 1 0 0 0 1 44 0 0 3
预测:     0 1 12 6 17 0 10 48 1 0 0 0 0 0 0 2 0 24 9 0 0 0 0 0 0 0 13 1 0 0 0 1 44 0 0 3
准确率:    1.0000 (36/36)
----------------------------------------
输入:       JWNN QDM MRJ> >LHH MN M<WHJ DNWN>
目标:     0 0 0 0 2 0 0 0 2 0 0 0 0 2 0 0 0 5 0 0 0 0 0 0 25 1 0 0 0 1 0 0 15 0
预测:     0 0 0 0 2 0 0 0 2 0 0 0 0 2 0 0 0 5 0 0 0 0 0 0 25 1 0 0 0 1 0 0 15 0
准确率:    1.0000 (34/34)
----------------------------------------
输入:       LHWN M>KWLT> LKLB> WL> >JLJN DB>WRHJ QVLJN
目标:     0 1 0 0 0 0 0 0 0 0 13 9 0 0 1 0 0 11 0 0 1 0 0 0 0 0 0 0 0 0 1 1 0 0 0 0 22 0 0 0 7 0 0
预测:     0 1 0 0 0 0 0 0 0 0 13 9 0 0 1 0 0 11 0 0 1 0 0 0 0 0 0 0 0 0 1 1 0 0 0 0 22 0 0 0 7 0 0
准确率:    1.0000 (43/43)
----------------------------------------

生成的验证样本:
--------------------------------------------------------------------------------
输入:       YBJNH D>LH> LMSV> MN KL DBJC WKLJ
目标:     0 0 0 0 5 0 0 1 0 0 4 0 0 1 6 0 10 7 0 0 0 0 0 2 0 1 0 0 2 0 36 0 0 3
预测:     0 0 0 0 5 0 0 1 0 0 4 0 0 1 6 0 10 7 0 0 0 0 0 2 0 1 0 0 2 0 1 0 0 3
准确率:    0.9706 (33/34)
----------------------------------------
输入:       D>LH> LMSV> MN KL DBJC WKLJ XJLK
目标:     0 1 0 0 4 0 0 1 6 0 10 7 0 0 0 0 0 2 0 1 0 0 2 0 36 0 0 3 0 0 0 5 0
预测:     0 1 0 0 4 0 0 1 6 0 10 7 0 0 0 0 0 2 0 1 0 0 2 0 36 0 0 3 0 0 0 5 0
准确率:    1.0000 (33/33)
----------------------------------------
⏳ 验证无提升 (验证准确率: 0.9687 ≤ 0.9690)，patience: 3/50

======================================================================
🚀 Epoch 70/200
======================================================================
📚 开始训练阶段...
训练进度: 500/6065 损失=0.0393
训练进度: 1000/6065 损失=0.0237
训练进度: 1500/6065 损失=0.0156
训练进度: 2000/6065 损失=0.0643
训练进度: 2500/6065 损失=0.0168
训练进度: 3000/6065 损失=0.0163
训练进度: 3500/6065 损失=0.0116
训练进度: 4000/6065 损失=0.0233
训练进度: 4500/6065 损失=0.0129
训练进度: 5000/6065 损失=0.0079
训练进度: 5500/6065 损失=0.0206
训练进度: 6000/6065 损失=0.0144
训练进度: 6065/6065 损失=0.0124
✅ 训练完成，耗时: 111.8秒 (1.9分钟)

============================================================
📊 验证决策: Epoch 70/200
   验证间隔: 1
   是否验证: ✅ 是
   原因: 达到验证间隔 (0 == 0)
============================================================

🔍 开始验证...
验证进度: 500/686 损失=0.0676
验证进度: 686/686 损失=1.1575

📊 预测分布分析:
  - 预测的前5个类别: {np.int64(0): 282654, np.int64(1): 37052, np.int64(2): 14811, np.int64(3): 10848, np.int64(4): 8970}
  - 标签的前5个类别: {np.int64(0): 281232, np.int64(1): 36731, np.int64(2): 14789, np.int64(3): 10866, np.int64(4): 8585}
✅ 验证完成，耗时: 4.8秒 (0.1分钟)
训练损失: 0.0215
验证损失: 0.3722
验证准确率: 0.9686 (10619/10964) - 与Levenshtein高度相关
验证F1(加权): 0.9679 - 类别平衡更好
学习率: 0.000073
显存使用: 0.47GB (预留: 0.69GB)

生成的训练样本:
--------------------------------------------------------------------------------
输入:       LN DMMLLJN HWJN MDM MN QDMWHJ DNC>LN
目标:     0 1 0 0 1 6 0 0 7 0 19 0 0 0 3 0 0 0 0 2 0 0 0 0 0 0 25 1 0 0 0 1 6 0 0 29 0
预测:     0 1 0 0 1 6 0 0 7 0 19 0 0 0 3 0 0 0 0 2 0 0 0 0 0 0 25 1 0 0 0 1 6 0 0 29 0
准确率:    1.0000 (37/37)
----------------------------------------
输入:       MN BTR DQVL LSJXWN MLK> D>MWRJ> DJTB
目标:     0 0 0 0 0 0 0 0 1 0 0 3 0 1 0 0 0 0 2 0 0 0 4 0 0 1 0 0 0 0 11 0 0 1 0 0 7
预测:     0 0 0 0 0 0 0 0 1 0 0 3 0 1 0 0 0 0 2 0 0 0 4 0 0 1 0 0 0 0 11 0 0 1 0 0 7
准确率:    1.0000 (37/37)
----------------------------------------
输入:       BR CB< CNJN WSXWP MDBXH DB<L> PTKRH
目标:     0 0 2 0 0 0 2 0 0 13 0 0 0 36 0 8 0 3 0 0 0 0 5 0 0 1 0 0 4 0 0 0 0 0 5 0
预测:     0 0 2 0 0 0 2 0 0 13 0 0 0 36 0 8 0 3 0 0 0 0 5 0 0 1 0 0 4 0 0 0 0 0 5 0
准确率:    1.0000 (36/36)
----------------------------------------

生成的验证样本:
--------------------------------------------------------------------------------
输入:       YBJNH D>LH> LMSV> MN KL DBJC WKLJ
目标:     0 0 0 0 5 0 0 1 0 0 4 0 0 1 6 0 10 7 0 0 0 0 0 2 0 1 0 0 2 0 36 0 0 3
预测:     0 0 0 0 5 0 0 1 0 0 4 0 0 1 6 0 10 7 0 0 0 0 0 2 0 1 0 0 2 0 36 0 0 3
准确率:    1.0000 (34/34)
----------------------------------------
输入:       D>LH> LMSV> MN KL DBJC WKLJ XJLK
目标:     0 1 0 0 4 0 0 1 6 0 10 7 0 0 0 0 0 2 0 1 0 0 2 0 36 0 0 3 0 0 0 5 0
预测:     0 1 0 0 4 0 0 1 6 0 10 7 0 0 0 0 0 2 0 1 0 0 2 0 36 0 0 3 0 0 0 5 0
准确率:    1.0000 (33/33)
----------------------------------------
⏳ 验证无提升 (验证准确率: 0.9686 ≤ 0.9690)，patience: 4/50

======================================================================
🚀 Epoch 71/200
======================================================================
📚 开始训练阶段...
训练进度: 500/6065 损失=0.0210
训练进度: 1000/6065 损失=0.0094
训练进度: 1500/6065 损失=0.0160
训练进度: 2000/6065 损失=0.0142
训练进度: 2500/6065 损失=0.0442
训练进度: 3000/6065 损失=0.0596
训练进度: 3500/6065 损失=0.0271
训练进度: 4000/6065 损失=0.0368
训练进度: 4500/6065 损失=0.0134
训练进度: 5000/6065 损失=0.0304
训练进度: 5500/6065 损失=0.0370
训练进度: 6000/6065 损失=0.0112
训练进度: 6065/6065 损失=0.0162
✅ 训练完成，耗时: 111.8秒 (1.9分钟)

============================================================
📊 验证决策: Epoch 71/200
   验证间隔: 1
   是否验证: ✅ 是
   原因: 达到验证间隔 (0 == 0)
============================================================

🔍 开始验证...
验证进度: 500/686 损失=0.0786
验证进度: 686/686 损失=1.6560

📊 预测分布分析:
  - 预测的前5个类别: {np.int64(0): 282614, np.int64(1): 37041, np.int64(2): 14792, np.int64(3): 10726, np.int64(4): 8759}
  - 标签的前5个类别: {np.int64(0): 281232, np.int64(1): 36731, np.int64(2): 14789, np.int64(3): 10866, np.int64(4): 8585}
✅ 验证完成，耗时: 4.9秒 (0.1分钟)
训练损失: 0.0215
验证损失: 0.3677
验证准确率: 0.9687 (10621/10964) - 与Levenshtein高度相关
验证F1(加权): 0.9681 - 类别平衡更好
学习率: 0.000072
显存使用: 0.47GB (预留: 0.69GB)

生成的训练样本:
--------------------------------------------------------------------------------
输入:       DMRJ> >LHKWN BRKKWN BKLH <BD> D>JDJKWN WJD<
目标:     0 1 0 0 0 2 0 0 0 5 0 0 0 0 0 0 51 0 0 0 0 1 0 5 0 0 0 0 55 0 0 35 0 0 2 1 0 0 0 0 1 0 0 3
预测:     0 1 0 0 0 2 0 0 0 5 0 0 0 0 0 0 51 0 0 0 0 1 0 5 0 0 0 0 55 0 0 35 0 0 2 1 0 0 0 0 1 0 0 3
准确率:    1.0000 (44/44)
----------------------------------------
输入:       >R<> DMYRJN WNSJP KPN> L>R<> WL> NTJD<
目标:     0 0 0 4 0 0 1 0 0 0 0 2 0 1 28 20 0 116 0 0 0 4 0 0 1 0 0 4 0 0 1 0 0 0 21 14 0 0 3
预测:     0 0 0 4 0 0 1 0 0 0 0 2 0 1 28 20 0 116 0 0 0 4 0 0 1 0 0 4 0 0 1 0 0 0 21 14 0 0 3
准确率:    1.0000 (39/39)
----------------------------------------
输入:       >TB< NPC> D>NC> MN DN>CWD DM> D>NC>
目标:     0 6 0 0 3 0 0 0 4 0 0 1 0 0 4 0 0 0 12 0 1 6 0 8 0 3 0 0 4 0 0 1 0 0 4 0
预测:     0 6 0 0 3 0 0 0 4 0 0 1 0 0 4 0 0 0 12 0 1 6 0 8 0 3 0 0 4 0 0 1 0 0 4 0
准确率:    1.0000 (36/36)
----------------------------------------

生成的验证样本:
--------------------------------------------------------------------------------
输入:       YBJNH D>LH> LMSV> MN KL DBJC WKLJ
目标:     0 0 0 0 5 0 0 1 0 0 4 0 0 1 6 0 10 7 0 0 0 0 0 2 0 1 0 0 2 0 36 0 0 3
预测:     0 0 0 0 5 0 0 1 0 0 4 0 0 1 6 0 10 7 0 0 0 0 0 2 0 1 0 0 2 0 1 0 0 3
准确率:    0.9706 (33/34)
----------------------------------------
输入:       D>LH> LMSV> MN KL DBJC WKLJ XJLK
目标:     0 1 0 0 4 0 0 1 6 0 10 7 0 0 0 0 0 2 0 1 0 0 2 0 36 0 0 3 0 0 0 5 0
预测:     0 1 0 0 4 0 0 1 6 0 10 7 0 0 0 0 0 2 0 1 0 0 2 0 1 0 0 3 0 0 0 5 0
准确率:    0.9697 (32/33)
----------------------------------------
⏳ 验证无提升 (验证准确率: 0.9687 ≤ 0.9690)，patience: 5/50

======================================================================
🚀 Epoch 72/200
======================================================================
📚 开始训练阶段...
训练进度: 500/6065 损失=0.0179
训练进度: 1000/6065 损失=0.0377
训练进度: 1500/6065 损失=0.0202
训练进度: 2000/6065 损失=0.0161
训练进度: 2500/6065 损失=0.0100
训练进度: 3000/6065 损失=0.0148
训练进度: 3500/6065 损失=0.0195
训练进度: 4000/6065 损失=0.0188
训练进度: 4500/6065 损失=0.0281
训练进度: 5000/6065 损失=0.0459
训练进度: 5500/6065 损失=0.0077
训练进度: 6000/6065 损失=0.0124
训练进度: 6065/6065 损失=0.0239
✅ 训练完成，耗时: 111.7秒 (1.9分钟)

============================================================
📊 验证决策: Epoch 72/200
   验证间隔: 1
   是否验证: ✅ 是
   原因: 达到验证间隔 (0 == 0)
============================================================

🔍 开始验证...
验证进度: 500/686 损失=0.0674
验证进度: 686/686 损失=1.6687

📊 预测分布分析:
  - 预测的前5个类别: {np.int64(0): 282329, np.int64(1): 37103, np.int64(2): 14728, np.int64(3): 10688, np.int64(4): 8654}
  - 标签的前5个类别: {np.int64(0): 281232, np.int64(1): 36731, np.int64(2): 14789, np.int64(3): 10866, np.int64(4): 8585}
✅ 验证完成，耗时: 4.9秒 (0.1分钟)
训练损失: 0.0210
验证损失: 0.3700
验证准确率: 0.9684 (10617/10964) - 与Levenshtein高度相关
验证F1(加权): 0.9678 - 类别平衡更好
学习率: 0.000072
显存使用: 0.47GB (预留: 0.69GB)

生成的训练样本:
--------------------------------------------------------------------------------
输入:       LVWR> WNSBT LWX> DK>P> LWX> DQJM> D>QJM
目标:     0 1 0 0 4 0 0 1 0 0 3 0 0 0 0 11 0 0 1 0 0 4 0 0 0 0 11 0 0 1 0 0 4 0 0 1 17 20 0 3
预测:     0 1 0 0 4 0 0 1 0 0 3 0 0 0 0 11 0 0 1 0 0 4 0 0 0 0 11 0 0 1 0 0 4 0 0 1 17 20 0 3
准确率:    1.0000 (40/40)
----------------------------------------
输入:       D<MK >N> W>BRKK W>SG> ZR<K MVL >BRHM
目标:     0 1 0 1 0 0 0 0 0 0 1 6 0 0 51 0 0 1 28 0 10 3 0 0 0 5 0 0 0 0 0 0 0 0 0 0 2
预测:     0 1 0 1 0 0 0 0 0 0 1 6 0 0 51 0 0 1 28 0 10 3 0 0 0 5 0 0 0 0 0 0 0 0 0 0 2
准确率:    1.0000 (37/37)
----------------------------------------
输入:       DLJ> LJ<QWB BR> W>MRT LJ> >T> GDJ
目标:     0 1 0 0 2 0 1 0 0 0 0 2 0 0 4 0 0 1 0 0 3 26 0 0 0 2 0 0 10 3 0 0 5 0
预测:     0 1 0 0 2 0 1 0 0 0 0 2 0 0 4 0 0 1 0 0 3 26 0 0 0 2 0 0 10 3 0 0 5 0
准确率:    1.0000 (34/34)
----------------------------------------

生成的验证样本:
--------------------------------------------------------------------------------
输入:       YBJNH D>LH> LMSV> MN KL DBJC WKLJ
目标:     0 0 0 0 5 0 0 1 0 0 4 0 0 1 6 0 10 7 0 0 0 0 0 2 0 1 0 0 2 0 36 0 0 3
预测:     0 0 0 0 5 0 0 1 0 0 4 0 0 1 6 0 10 7 0 0 0 0 0 2 0 1 0 0 2 0 1 0 0 3
准确率:    0.9706 (33/34)
----------------------------------------
输入:       D>LH> LMSV> MN KL DBJC WKLJ XJLK
目标:     0 1 0 0 4 0 0 1 6 0 10 7 0 0 0 0 0 2 0 1 0 0 2 0 36 0 0 3 0 0 0 5 0
预测:     0 1 0 0 4 0 0 1 6 0 10 7 0 0 0 0 0 2 0 1 0 0 2 0 1 0 0 3 0 0 0 5 0
准确率:    0.9697 (32/33)
----------------------------------------
⏳ 验证无提升 (验证准确率: 0.9684 ≤ 0.9690)，patience: 6/50

======================================================================
🚀 Epoch 73/200
======================================================================
📚 开始训练阶段...
训练进度: 500/6065 损失=0.0072
训练进度: 1000/6065 损失=0.0067
训练进度: 1500/6065 损失=0.0262
训练进度: 2000/6065 损失=0.0128
训练进度: 2500/6065 损失=0.0089
训练进度: 3000/6065 损失=0.0268
训练进度: 3500/6065 损失=0.0164
训练进度: 4000/6065 损失=0.0146
训练进度: 4500/6065 损失=0.0095
训练进度: 5000/6065 损失=0.0280
训练进度: 5500/6065 损失=0.0283
训练进度: 6000/6065 损失=0.0077
训练进度: 6065/6065 损失=0.0282
✅ 训练完成，耗时: 111.3秒 (1.9分钟)

============================================================
📊 验证决策: Epoch 73/200
   验证间隔: 1
   是否验证: ✅ 是
   原因: 达到验证间隔 (0 == 0)
============================================================

🔍 开始验证...
验证进度: 500/686 损失=0.0697
验证进度: 686/686 损失=1.4425

📊 预测分布分析:
  - 预测的前5个类别: {np.int64(0): 282624, np.int64(1): 37018, np.int64(2): 14716, np.int64(3): 10735, np.int64(4): 9089}
  - 标签的前5个类别: {np.int64(0): 281232, np.int64(1): 36731, np.int64(2): 14789, np.int64(3): 10866, np.int64(4): 8585}
✅ 验证完成，耗时: 4.8秒 (0.1分钟)
训练损失: 0.0205
验证损失: 0.3780
验证准确率: 0.9690 (10624/10964) - 与Levenshtein高度相关
验证F1(加权): 0.9683 - 类别平衡更好
学习率: 0.000071
显存使用: 0.47GB (预留: 0.69GB)

生成的训练样本:
--------------------------------------------------------------------------------
输入:       TXJT PTWRJ >JK M> D<BDT HKN> PR<NJ
目标:     0 0 8 0 0 0 0 0 0 2 0 0 0 0 0 0 0 0 0 1 0 0 3 0 0 0 0 0 0 0 0 0 29 0 0
预测:     0 0 8 0 0 0 0 0 0 2 0 0 0 0 0 0 0 0 0 1 0 0 3 0 0 0 0 0 0 0 0 0 29 0 0
准确率:    1.0000 (35/35)
----------------------------------------
输入:       >NWN DMTXSJN BHWN LMCMLJW >JDJHWN WLMQDCW >NWN
目标:     0 0 0 0 0 0 1 21 14 0 42 0 19 0 1 0 0 0 0 1 6 17 0 0 7 0 8 0 0 2 1 0 0 0 0 1 1 6 0 0 7 19 0 0 0 0 0
预测:     0 0 0 0 0 0 1 21 14 0 42 0 19 0 1 0 0 0 0 1 6 17 0 0 7 0 8 0 0 2 1 0 0 0 0 1 1 6 0 0 7 19 0 0 0 0 0
准确率:    1.0000 (47/47)
----------------------------------------
输入:       NHWWN LKWN LTWQLT> WKD >MR ML>KH DMRJ>
目标:     0 6 0 18 0 0 0 1 0 0 0 0 1 0 0 0 13 9 0 0 1 0 0 0 0 0 3 0 0 0 0 5 0 0 1 0 0 0 2
预测:     0 6 0 18 0 0 0 1 0 0 0 0 1 0 0 0 13 9 0 0 1 0 0 0 0 0 3 0 0 0 0 5 0 0 1 0 0 0 2
准确率:    1.0000 (39/39)
----------------------------------------

生成的验证样本:
--------------------------------------------------------------------------------
输入:       YBJNH D>LH> LMSV> MN KL DBJC WKLJ
目标:     0 0 0 0 5 0 0 1 0 0 4 0 0 1 6 0 10 7 0 0 0 0 0 2 0 1 0 0 2 0 36 0 0 3
预测:     0 0 0 0 5 0 0 1 0 0 4 0 0 1 6 0 10 7 0 0 0 0 0 2 0 1 0 0 2 0 36 0 0 3
准确率:    1.0000 (34/34)
----------------------------------------
输入:       D>LH> LMSV> MN KL DBJC WKLJ XJLK
目标:     0 1 0 0 4 0 0 1 6 0 10 7 0 0 0 0 0 2 0 1 0 0 2 0 36 0 0 3 0 0 0 5 0
预测:     0 1 0 0 4 0 0 1 6 0 10 7 0 0 0 0 0 2 0 1 0 0 2 0 36 0 0 3 0 0 0 5 0
准确率:    1.0000 (33/33)
----------------------------------------
💾 保存新的最佳模型！验证准确率: 0.9690 (F1: 0.9683) (Epoch 73)

======================================================================
🚀 Epoch 74/200
======================================================================
📚 开始训练阶段...
训练进度: 500/6065 损失=0.0333
训练进度: 1000/6065 损失=0.0389
训练进度: 1500/6065 损失=0.0253
训练进度: 2000/6065 损失=0.0179
训练进度: 2500/6065 损失=0.0406
训练进度: 3000/6065 损失=0.0039
训练进度: 3500/6065 损失=0.0241
训练进度: 4000/6065 损失=0.0117
训练进度: 4500/6065 损失=0.0161
训练进度: 5000/6065 损失=0.0364
训练进度: 5500/6065 损失=0.0558
训练进度: 6000/6065 损失=0.0297
训练进度: 6065/6065 损失=0.0216
✅ 训练完成，耗时: 111.6秒 (1.9分钟)

============================================================
📊 验证决策: Epoch 74/200
   验证间隔: 1
   是否验证: ✅ 是
   原因: 达到验证间隔 (0 == 0)
============================================================

🔍 开始验证...
验证进度: 500/686 损失=0.0602
验证进度: 686/686 损失=1.5160

📊 预测分布分析:
  - 预测的前5个类别: {np.int64(0): 282632, np.int64(1): 37060, np.int64(2): 14761, np.int64(3): 10801, np.int64(4): 8870}
  - 标签的前5个类别: {np.int64(0): 281232, np.int64(1): 36731, np.int64(2): 14789, np.int64(3): 10866, np.int64(4): 8585}
✅ 验证完成，耗时: 4.8秒 (0.1分钟)
训练损失: 0.0201
验证损失: 0.3747
验证准确率: 0.9690 (10624/10964) - 与Levenshtein高度相关
验证F1(加权): 0.9684 - 类别平衡更好
学习率: 0.000070
显存使用: 0.47GB (预留: 0.69GB)

生成的训练样本:
--------------------------------------------------------------------------------
输入:       <MH MSB NSBJH LH >NTT> W>N L>
目标:     0 0 1 12 0 34 0 7 0 34 0 48 1 12 0 1 0 0 0 0 13 9 0 0 1 0 0 0 0 0
预测:     0 0 1 12 0 34 0 7 0 34 0 48 1 12 0 1 0 0 0 0 13 9 0 0 1 0 0 0 0 0
准确率:    1.0000 (30/30)
----------------------------------------
输入:       HW NXD> BKWN W>L> TPWQ NWR> MN
目标:     0 0 0 0 6 0 10 3 0 1 0 0 0 0 1 88 0 0 0 119 8 0 3 0 0 0 4 0 0 0 0
预测:     0 0 0 0 6 0 10 3 0 1 0 0 0 0 1 88 0 0 0 119 8 0 3 0 0 0 4 0 0 0 0
准确率:    1.0000 (31/31)
----------------------------------------
输入:       LK <L CRWR> DQR>> W>MR JWNN VB
目标:     0 1 0 0 0 0 0 0 0 0 4 0 0 1 0 0 4 0 0 1 0 0 3 0 0 0 0 2 0 0 2
预测:     0 1 0 0 0 0 0 0 0 0 4 0 0 1 0 0 4 0 0 1 0 0 3 0 0 0 0 2 0 0 2
准确率:    1.0000 (31/31)
----------------------------------------

生成的验证样本:
--------------------------------------------------------------------------------
输入:       YBJNH D>LH> LMSV> MN KL DBJC WKLJ
目标:     0 0 0 0 5 0 0 1 0 0 4 0 0 1 6 0 10 7 0 0 0 0 0 2 0 1 0 0 2 0 36 0 0 3
预测:     0 0 0 0 5 0 0 1 0 0 4 0 0 1 6 0 10 7 0 0 0 0 0 2 0 1 0 0 2 0 1 0 0 3
准确率:    0.9706 (33/34)
----------------------------------------
输入:       D>LH> LMSV> MN KL DBJC WKLJ XJLK
目标:     0 1 0 0 4 0 0 1 6 0 10 7 0 0 0 0 0 2 0 1 0 0 2 0 36 0 0 3 0 0 0 5 0
预测:     0 1 0 0 4 0 0 1 6 0 10 7 0 0 0 0 0 2 0 1 0 0 2 0 36 0 0 3 0 0 0 5 0
准确率:    1.0000 (33/33)
----------------------------------------
⏳ 验证无提升 (验证准确率: 0.9690 ≤ 0.9690)，patience: 1/50

======================================================================
🚀 Epoch 75/200
======================================================================
📚 开始训练阶段...
训练进度: 500/6065 损失=0.0085
训练进度: 1000/6065 损失=0.0211
训练进度: 1500/6065 损失=0.0182
训练进度: 2000/6065 损失=0.0288
训练进度: 2500/6065 损失=0.0261
训练进度: 3000/6065 损失=0.0251
训练进度: 3500/6065 损失=0.0539
训练进度: 4000/6065 损失=0.0275
训练进度: 4500/6065 损失=0.0243
训练进度: 5000/6065 损失=0.0210
训练进度: 5500/6065 损失=0.0191
训练进度: 6000/6065 损失=0.0164
训练进度: 6065/6065 损失=0.0133
✅ 训练完成，耗时: 111.7秒 (1.9分钟)

============================================================
📊 验证决策: Epoch 75/200
   验证间隔: 1
   是否验证: ✅ 是
   原因: 达到验证间隔 (0 == 0)
============================================================

🔍 开始验证...
验证进度: 500/686 损失=0.0686
验证进度: 686/686 损失=1.7461

📊 预测分布分析:
  - 预测的前5个类别: {np.int64(0): 282531, np.int64(1): 37055, np.int64(2): 14828, np.int64(3): 10954, np.int64(4): 8936}
  - 标签的前5个类别: {np.int64(0): 281232, np.int64(1): 36731, np.int64(2): 14789, np.int64(3): 10866, np.int64(4): 8585}
✅ 验证完成，耗时: 4.8秒 (0.1分钟)
训练损失: 0.0198
验证损失: 0.3791
验证准确率: 0.9689 (10622/10964) - 与Levenshtein高度相关
验证F1(加权): 0.9682 - 类别平衡更好
学习率: 0.000070
显存使用: 0.47GB (预留: 0.69GB)

生成的训练样本:
--------------------------------------------------------------------------------
输入:       KL >NC XBRH NGD HW> LYLWT> WLB<WT>
目标:     0 0 2 0 0 0 2 0 0 0 5 0 0 0 0 7 0 0 10 3 0 1 0 0 2 9 0 0 1 1 0 0 2 9 0
预测:     0 0 2 0 0 0 2 0 0 0 5 0 0 0 0 7 0 0 10 3 0 1 0 0 2 9 0 0 1 1 0 0 2 9 0
准确率:    1.0000 (35/35)
----------------------------------------
输入:       >RM> QLD> BNXJRK WBLM> BSPWTK W>HPKK B>WRX>
目标:     0 28 0 10 3 0 0 0 4 0 0 1 0 0 0 5 0 0 1 0 0 4 0 0 1 0 57 2 32 0 0 1 28 0 0 29 0 0 1 0 0 0 4 0
预测:     0 28 0 10 3 0 0 0 4 0 0 1 0 0 0 5 0 0 1 0 0 4 0 0 1 0 57 2 32 0 0 1 28 0 0 29 0 0 1 0 0 0 4 0
准确率:    1.0000 (44/44)
----------------------------------------
输入:       T<BD <DN RMC> >JK QWRBN> DYPR> W>JK
目标:     0 6 0 0 3 0 0 0 2 0 0 0 4 0 0 0 0 0 0 0 0 0 0 4 0 0 1 0 0 4 0 0 1 0 0 0
预测:     0 6 0 0 3 0 0 0 2 0 0 0 4 0 0 0 0 0 0 0 0 0 0 4 0 0 1 0 0 4 0 0 1 0 0 0
准确率:    1.0000 (36/36)
----------------------------------------

生成的验证样本:
--------------------------------------------------------------------------------
输入:       YBJNH D>LH> LMSV> MN KL DBJC WKLJ
目标:     0 0 0 0 5 0 0 1 0 0 4 0 0 1 6 0 10 7 0 0 0 0 0 2 0 1 0 0 2 0 36 0 0 3
预测:     0 0 0 0 5 0 0 1 0 0 4 0 0 1 6 0 10 7 0 0 0 0 0 2 0 1 0 0 2 0 36 0 0 3
准确率:    1.0000 (34/34)
----------------------------------------
输入:       D>LH> LMSV> MN KL DBJC WKLJ XJLK
目标:     0 1 0 0 4 0 0 1 6 0 10 7 0 0 0 0 0 2 0 1 0 0 2 0 36 0 0 3 0 0 0 5 0
预测:     0 1 0 0 4 0 0 1 6 0 10 7 0 0 0 0 0 2 0 1 0 0 2 0 36 0 0 3 0 0 0 5 0
准确率:    1.0000 (33/33)
----------------------------------------
⏳ 验证无提升 (验证准确率: 0.9689 ≤ 0.9690)，patience: 2/50

======================================================================
🚀 Epoch 76/200
======================================================================
📚 开始训练阶段...
训练进度: 500/6065 损失=0.0068
训练进度: 1000/6065 损失=0.0234
训练进度: 1500/6065 损失=0.0157
训练进度: 2000/6065 损失=0.0181
训练进度: 2500/6065 损失=0.0148
训练进度: 3000/6065 损失=0.0059
训练进度: 3500/6065 损失=0.0311
训练进度: 4000/6065 损失=0.0298
训练进度: 4500/6065 损失=0.0076
训练进度: 5000/6065 损失=0.0053
训练进度: 5500/6065 损失=0.0358
训练进度: 6000/6065 损失=0.0268
训练进度: 6065/6065 损失=0.0262
✅ 训练完成，耗时: 111.7秒 (1.9分钟)

============================================================
📊 验证决策: Epoch 76/200
   验证间隔: 1
   是否验证: ✅ 是
   原因: 达到验证间隔 (0 == 0)
============================================================

🔍 开始验证...
验证进度: 500/686 损失=0.0791
验证进度: 686/686 损失=1.6193

📊 预测分布分析:
  - 预测的前5个类别: {np.int64(0): 282553, np.int64(1): 37061, np.int64(2): 14733, np.int64(3): 10673, np.int64(4): 8794}
  - 标签的前5个类别: {np.int64(0): 281232, np.int64(1): 36731, np.int64(2): 14789, np.int64(3): 10866, np.int64(4): 8585}
✅ 验证完成，耗时: 4.8秒 (0.1分钟)
训练损失: 0.0195
验证损失: 0.3881
验证准确率: 0.9684 (10617/10964) - 与Levenshtein高度相关
验证F1(加权): 0.9678 - 类别平衡更好
学习率: 0.000069
显存使用: 0.47GB (预留: 0.69GB)

生成的训练样本:
--------------------------------------------------------------------------------
输入:       L> MYJN XNN HKN> >P <L >JTJ>
目标:     0 0 0 0 0 0 3 0 0 0 0 0 0 0 0 0 0 0 0 0 0 0 0 0 0 0 24 9 0
预测:     0 0 0 0 0 0 3 0 0 0 0 0 0 0 0 0 0 0 0 0 0 0 0 0 0 0 24 9 0
准确率:    1.0000 (29/29)
----------------------------------------
输入:       CM< BQLJ WZL SB LJ W>ZL NSB
目标:     6 0 0 3 0 1 0 5 0 0 121 0 3 34 0 3 0 1 0 0 1 0 0 3 0 0 0 3
预测:     6 0 0 3 0 1 0 5 0 0 121 0 3 34 0 3 0 1 0 0 1 0 0 3 0 0 0 3
准确率:    1.0000 (28/28)
----------------------------------------
输入:       H> >N> Q>M >N> <L BR> DMJ>
目标:     0 0 0 0 0 0 0 0 20 0 7 0 0 0 0 0 0 0 0 60 4 0 0 1 24 9 0
预测:     0 0 0 0 0 0 0 0 20 0 7 0 0 0 0 0 0 0 0 60 4 0 0 1 24 9 0
准确率:    1.0000 (27/27)
----------------------------------------

生成的验证样本:
--------------------------------------------------------------------------------
输入:       YBJNH D>LH> LMSV> MN KL DBJC WKLJ
目标:     0 0 0 0 5 0 0 1 0 0 4 0 0 1 6 0 10 7 0 0 0 0 0 2 0 1 0 0 2 0 36 0 0 3
预测:     0 0 0 0 5 0 0 1 0 0 4 0 0 1 6 0 10 7 0 0 0 0 0 2 0 1 0 0 2 0 36 0 0 3
准确率:    1.0000 (34/34)
----------------------------------------
输入:       D>LH> LMSV> MN KL DBJC WKLJ XJLK
目标:     0 1 0 0 4 0 0 1 6 0 10 7 0 0 0 0 0 2 0 1 0 0 2 0 36 0 0 3 0 0 0 5 0
预测:     0 1 0 0 4 0 0 1 6 0 10 7 0 0 0 0 0 2 0 1 0 0 2 0 36 0 0 3 0 0 0 5 0
准确率:    1.0000 (33/33)
----------------------------------------
⏳ 验证无提升 (验证准确率: 0.9684 ≤ 0.9690)，patience: 3/50

======================================================================
🚀 Epoch 77/200
======================================================================
📚 开始训练阶段...
训练进度: 500/6065 损失=0.0070
训练进度: 1000/6065 损失=0.0323
训练进度: 1500/6065 损失=0.0079
训练进度: 2000/6065 损失=0.0140
训练进度: 2500/6065 损失=0.0179
训练进度: 3000/6065 损失=0.0100
训练进度: 3500/6065 损失=0.0212
训练进度: 4000/6065 损失=0.0241
训练进度: 4500/6065 损失=0.0302
训练进度: 5000/6065 损失=0.0124
训练进度: 5500/6065 损失=0.0228
训练进度: 6000/6065 损失=0.0143
训练进度: 6065/6065 损失=0.0178
✅ 训练完成，耗时: 111.7秒 (1.9分钟)

============================================================
📊 验证决策: Epoch 77/200
   验证间隔: 1
   是否验证: ✅ 是
   原因: 达到验证间隔 (0 == 0)
============================================================

🔍 开始验证...
验证进度: 500/686 损失=0.0999
验证进度: 686/686 损失=1.6975

📊 预测分布分析:
  - 预测的前5个类别: {np.int64(0): 282552, np.int64(1): 37044, np.int64(2): 14703, np.int64(3): 10866, np.int64(4): 8831}
  - 标签的前5个类别: {np.int64(0): 281232, np.int64(1): 36731, np.int64(2): 14789, np.int64(3): 10866, np.int64(4): 8585}
✅ 验证完成，耗时: 4.8秒 (0.1分钟)
训练损失: 0.0189
验证损失: 0.3802
验证准确率: 0.9688 (10621/10964) - 与Levenshtein高度相关
验证F1(加权): 0.9681 - 类别平衡更好
学习率: 0.000068
显存使用: 0.47GB (预留: 0.69GB)

生成的训练样本:
--------------------------------------------------------------------------------
输入:       >JK DM>C <WJR> BXCWK> WL> TSQ >WRXK
目标:     0 0 0 0 0 1 20 0 7 0 0 0 0 4 0 0 1 0 0 0 4 0 0 1 0 0 0 28 64 3 0 0 0 0 5 0
预测:     0 0 0 0 0 1 20 0 7 0 0 0 0 4 0 0 1 0 0 0 4 0 0 1 0 0 0 28 64 3 0 0 0 0 5 0
准确率:    1.0000 (36/36)
----------------------------------------
输入:       LH >LH> DNBN> LH MDBX> WTHW> LH
目标:     0 1 0 0 0 0 4 0 0 1 6 0 10 3 0 1 0 0 0 0 0 4 0 0 1 44 0 10 3 0 1 0
预测:     0 1 0 0 0 0 4 0 0 1 6 0 10 3 0 1 0 0 0 0 0 4 0 0 1 44 0 10 3 0 1 0
准确率:    1.0000 (32/32)
----------------------------------------
输入:       RB> MN MYRJN LMWBDW MN QDMJKWN <MM>
目标:     0 0 4 0 0 0 0 0 0 0 0 0 2 0 1 68 0 0 7 0 0 0 0 0 0 0 2 1 0 0 0 0 0 8 30 0
预测:     0 0 4 0 0 0 0 0 0 0 0 0 2 0 1 68 0 0 7 0 0 0 0 0 0 0 2 1 0 0 0 0 0 8 30 0
准确率:    1.0000 (36/36)
----------------------------------------

生成的验证样本:
--------------------------------------------------------------------------------
输入:       YBJNH D>LH> LMSV> MN KL DBJC WKLJ
目标:     0 0 0 0 5 0 0 1 0 0 4 0 0 1 6 0 10 7 0 0 0 0 0 2 0 1 0 0 2 0 36 0 0 3
预测:     0 0 0 0 5 0 0 1 0 0 4 0 0 1 6 0 10 7 0 0 0 0 0 2 0 1 0 0 2 0 1 0 0 3
准确率:    0.9706 (33/34)
----------------------------------------
输入:       D>LH> LMSV> MN KL DBJC WKLJ XJLK
目标:     0 1 0 0 4 0 0 1 6 0 10 7 0 0 0 0 0 2 0 1 0 0 2 0 36 0 0 3 0 0 0 5 0
预测:     0 1 0 0 4 0 0 1 6 0 10 7 0 0 0 0 0 2 0 1 0 0 2 0 36 0 0 3 0 0 0 5 0
准确率:    1.0000 (33/33)
----------------------------------------
⏳ 验证无提升 (验证准确率: 0.9688 ≤ 0.9690)，patience: 4/50

======================================================================
🚀 Epoch 78/200
======================================================================
📚 开始训练阶段...
训练进度: 500/6065 损失=0.0182
训练进度: 1000/6065 损失=0.0201
训练进度: 1500/6065 损失=0.0140
训练进度: 2000/6065 损失=0.0297
训练进度: 2500/6065 损失=0.0102
训练进度: 3000/6065 损失=0.0165
训练进度: 3500/6065 损失=0.0090
训练进度: 4000/6065 损失=0.0055
训练进度: 4500/6065 损失=0.0277
训练进度: 5000/6065 损失=0.0152
训练进度: 5500/6065 损失=0.0230
训练进度: 6000/6065 损失=0.0120
训练进度: 6065/6065 损失=0.0354
✅ 训练完成，耗时: 111.5秒 (1.9分钟)

============================================================
📊 验证决策: Epoch 78/200
   验证间隔: 1
   是否验证: ✅ 是
   原因: 达到验证间隔 (0 == 0)
============================================================

🔍 开始验证...
验证进度: 500/686 损失=0.0736
验证进度: 686/686 损失=1.8143

📊 预测分布分析:
  - 预测的前5个类别: {np.int64(0): 282661, np.int64(1): 36993, np.int64(2): 14762, np.int64(3): 10607, np.int64(4): 8683}
  - 标签的前5个类别: {np.int64(0): 281232, np.int64(1): 36731, np.int64(2): 14789, np.int64(3): 10866, np.int64(4): 8585}
✅ 验证完成，耗时: 4.8秒 (0.1分钟)
训练损失: 0.0186
验证损失: 0.3877
验证准确率: 0.9685 (10618/10964) - 与Levenshtein高度相关
验证F1(加权): 0.9679 - 类别平衡更好
学习率: 0.000067
显存使用: 0.47GB (预留: 0.69GB)

生成的训练样本:
--------------------------------------------------------------------------------
输入:       NPQ >N> BR X>R> NQRBJWHJ MRH LWT
目标:     0 0 0 7 0 0 0 0 0 0 2 0 0 0 129 0 0 44 0 0 48 113 0 0 0 0 0 56 0 0 0 0 0
预测:     0 0 0 7 0 0 0 0 0 0 2 0 0 0 129 0 0 44 0 0 48 113 0 0 0 0 0 56 0 0 0 0 0
准确率:    1.0000 (33/33)
----------------------------------------
输入:       NSJ W>MR H> >JD> <L KWRSJ> QRB>
目标:     0 0 0 16 0 1 0 0 3 0 0 0 8 0 0 4 0 0 0 0 0 0 0 0 0 4 0 0 0 0 15 0
预测:     0 0 0 16 0 1 0 0 3 0 0 0 8 0 0 4 0 0 0 0 0 0 0 0 0 4 0 0 0 0 15 0
准确率:    1.0000 (32/32)
----------------------------------------
输入:       DSPQ HW> G<T> DSB> DNSJBR RXMJ QBR>
目标:     0 1 0 0 16 0 0 10 3 0 0 13 9 0 0 1 0 11 0 0 1 6 0 0 0 16 0 0 0 3 12 0 0 0 30 0
预测:     0 1 0 0 16 0 0 10 3 0 0 13 9 0 0 1 0 11 0 0 1 6 0 0 0 16 0 0 0 3 12 0 0 0 30 0
准确率:    1.0000 (36/36)
----------------------------------------

生成的验证样本:
--------------------------------------------------------------------------------
输入:       YBJNH D>LH> LMSV> MN KL DBJC WKLJ
目标:     0 0 0 0 5 0 0 1 0 0 4 0 0 1 6 0 10 7 0 0 0 0 0 2 0 1 0 0 2 0 36 0 0 3
预测:     0 0 0 0 5 0 0 1 0 0 4 0 0 1 6 0 10 7 0 0 0 0 0 2 0 1 0 0 2 0 36 0 0 3
准确率:    1.0000 (34/34)
----------------------------------------
输入:       D>LH> LMSV> MN KL DBJC WKLJ XJLK
目标:     0 1 0 0 4 0 0 1 6 0 10 7 0 0 0 0 0 2 0 1 0 0 2 0 36 0 0 3 0 0 0 5 0
预测:     0 1 0 0 4 0 0 1 6 0 10 7 0 0 0 0 0 2 0 1 0 0 2 0 36 0 0 3 0 0 0 5 0
准确率:    1.0000 (33/33)
----------------------------------------
⏳ 验证无提升 (验证准确率: 0.9685 ≤ 0.9690)，patience: 5/50

======================================================================
🚀 Epoch 79/200
======================================================================
📚 开始训练阶段...
训练进度: 500/6065 损失=0.0243
训练进度: 1000/6065 损失=0.0258
训练进度: 1500/6065 损失=0.0123
训练进度: 2000/6065 损失=0.0116
训练进度: 2500/6065 损失=0.0130
训练进度: 3000/6065 损失=0.0297
训练进度: 3500/6065 损失=0.0428
训练进度: 4000/6065 损失=0.0088
训练进度: 4500/6065 损失=0.0206
训练进度: 5000/6065 损失=0.0214
训练进度: 5500/6065 损失=0.0049
训练进度: 6000/6065 损失=0.0411
训练进度: 6065/6065 损失=0.0207
✅ 训练完成，耗时: 111.5秒 (1.9分钟)

============================================================
📊 验证决策: Epoch 79/200
   验证间隔: 1
   是否验证: ✅ 是
   原因: 达到验证间隔 (0 == 0)
============================================================

🔍 开始验证...
验证进度: 500/686 损失=0.0746
验证进度: 686/686 损失=1.4652

📊 预测分布分析:
  - 预测的前5个类别: {np.int64(0): 282671, np.int64(1): 37005, np.int64(2): 14736, np.int64(3): 10830, np.int64(4): 8796}
  - 标签的前5个类别: {np.int64(0): 281232, np.int64(1): 36731, np.int64(2): 14789, np.int64(3): 10866, np.int64(4): 8585}
✅ 验证完成，耗时: 4.8秒 (0.1分钟)
训练损失: 0.0182
验证损失: 0.3919
验证准确率: 0.9687 (10620/10964) - 与Levenshtein高度相关
验证F1(加权): 0.9680 - 类别平衡更好
学习率: 0.000067
显存使用: 0.48GB (预留: 0.69GB)

生成的训练样本:
--------------------------------------------------------------------------------
输入:       WSBW PTT> DLXM> WSMWKW LBKWN WBTR KJN
目标:     0 93 0 3 0 0 0 13 9 0 0 1 0 0 4 0 0 36 0 8 0 3 0 0 0 5 0 0 0 0 1 0 0 0 0 0 0 2
预测:     0 93 0 3 0 0 0 13 9 0 0 1 0 0 4 0 0 36 0 8 0 3 0 0 0 5 0 0 0 0 1 0 0 0 0 0 0 2
准确率:    1.0000 (38/38)
----------------------------------------
输入:       HNWN D>LYJN LJ >DHNT BMCX> RJC> DJLJ
目标:     0 0 0 0 0 0 1 0 0 7 0 0 0 1 0 0 17 0 0 3 12 0 1 0 0 4 0 0 0 0 4 0 0 0 0 1 0
预测:     0 0 0 0 0 0 1 0 0 7 0 0 0 1 0 0 17 0 0 3 12 0 1 0 0 4 0 0 0 0 4 0 0 0 0 1 0
准确率:    1.0000 (37/37)
----------------------------------------
输入:       RWGZ> RB> >NTT> RWJT> WPHJT> HJ Y<RH
目标:     0 0 0 0 4 0 0 0 4 0 0 0 0 13 9 0 0 0 0 7 9 27 0 1 0 0 7 9 0 0 0 12 0 0 0 37 12
预测:     0 0 0 0 4 0 0 0 4 0 0 0 0 13 9 0 0 0 0 7 9 27 0 1 0 0 7 9 0 0 0 12 0 0 0 37 12
准确率:    1.0000 (37/37)
----------------------------------------

生成的验证样本:
--------------------------------------------------------------------------------
输入:       YBJNH D>LH> LMSV> MN KL DBJC WKLJ
目标:     0 0 0 0 5 0 0 1 0 0 4 0 0 1 6 0 10 7 0 0 0 0 0 2 0 1 0 0 2 0 36 0 0 3
预测:     0 0 0 0 5 0 0 1 0 0 4 0 0 1 6 0 10 7 0 0 0 0 0 2 0 1 0 0 2 0 1 0 0 3
准确率:    0.9706 (33/34)
----------------------------------------
输入:       D>LH> LMSV> MN KL DBJC WKLJ XJLK
目标:     0 1 0 0 4 0 0 1 6 0 10 7 0 0 0 0 0 2 0 1 0 0 2 0 36 0 0 3 0 0 0 5 0
预测:     0 1 0 0 4 0 0 1 6 0 10 7 0 0 0 0 0 2 0 1 0 0 2 0 36 0 0 3 0 0 0 5 0
准确率:    1.0000 (33/33)
----------------------------------------
⏳ 验证无提升 (验证准确率: 0.9687 ≤ 0.9690)，patience: 6/50

======================================================================
🚀 Epoch 80/200
======================================================================
📚 开始训练阶段...
训练进度: 500/6065 损失=0.0108
训练进度: 1000/6065 损失=0.0012
训练进度: 1500/6065 损失=0.0029
训练进度: 2000/6065 损失=0.0088
训练进度: 2500/6065 损失=0.0227
训练进度: 3000/6065 损失=0.0268
训练进度: 3500/6065 损失=0.0124
训练进度: 4000/6065 损失=0.0319
训练进度: 4500/6065 损失=0.0088
训练进度: 5000/6065 损失=0.0228
训练进度: 5500/6065 损失=0.0071
训练进度: 6000/6065 损失=0.0070
训练进度: 6065/6065 损失=0.0246
✅ 训练完成，耗时: 111.7秒 (1.9分钟)

============================================================
📊 验证决策: Epoch 80/200
   验证间隔: 1
   是否验证: ✅ 是
   原因: 达到验证间隔 (0 == 0)
============================================================

🔍 开始验证...
验证进度: 500/686 损失=0.0743
验证进度: 686/686 损失=1.7317

📊 预测分布分析:
  - 预测的前5个类别: {np.int64(0): 282649, np.int64(1): 37046, np.int64(2): 14734, np.int64(3): 10792, np.int64(4): 8847}
  - 标签的前5个类别: {np.int64(0): 281232, np.int64(1): 36731, np.int64(2): 14789, np.int64(3): 10866, np.int64(4): 8585}
✅ 验证完成，耗时: 4.8秒 (0.1分钟)
训练损失: 0.0180
验证损失: 0.3877
验证准确率: 0.9688 (10621/10964) - 与Levenshtein高度相关
验证F1(加权): 0.9681 - 类别平衡更好
学习率: 0.000066
显存使用: 0.48GB (预留: 0.69GB)

生成的训练样本:
--------------------------------------------------------------------------------
输入:       LRPQ> MLWHJ D<SW BRH QCJC> WCDRT QRT
目标:     0 1 0 0 0 2 0 0 96 1 0 0 0 1 0 0 2 0 0 5 12 0 0 0 0 4 0 0 1 0 0 3 92 0 0 18 26
预测:     0 1 0 0 0 2 0 0 96 1 0 0 0 1 0 0 2 0 0 5 12 0 0 0 0 4 0 0 1 0 0 3 92 0 0 18 26
准确率:    1.0000 (37/37)
----------------------------------------
输入:       WQRMHWN DS>M> WHKN> LSVR> DGRBJ> B>WRK> SDR>
目标:     0 1 0 0 37 0 0 0 0 1 0 0 4 0 0 1 0 0 0 0 0 1 0 0 4 0 0 1 0 0 0 4 0 0 1 0 0 0 4 0 0 0 0 11 0
预测:     0 1 0 0 37 0 0 0 0 1 0 0 4 0 0 1 0 0 0 0 0 1 0 0 4 0 0 1 0 0 0 4 0 0 1 0 0 0 4 0 0 0 0 11 0
准确率:    1.0000 (45/45)
----------------------------------------
输入:       WDM> DBNWHJ XZJT BRMC> >MR MRJ> W>PR<K
目标:     0 1 0 4 0 0 1 0 25 1 0 0 0 0 0 3 0 0 1 0 0 4 0 0 0 0 7 0 0 0 0 2 0 1 6 0 0 29 0
预测:     0 1 0 4 0 0 1 0 25 1 0 0 0 0 0 3 0 0 1 0 0 4 0 0 0 0 7 0 0 0 0 2 0 1 6 0 0 29 0
准确率:    1.0000 (39/39)
----------------------------------------

生成的验证样本:
--------------------------------------------------------------------------------
输入:       YBJNH D>LH> LMSV> MN KL DBJC WKLJ
目标:     0 0 0 0 5 0 0 1 0 0 4 0 0 1 6 0 10 7 0 0 0 0 0 2 0 1 0 0 2 0 36 0 0 3
预测:     0 0 0 0 5 0 0 1 0 0 4 0 0 1 6 0 10 7 0 0 0 0 0 2 0 1 0 0 2 0 36 0 5 3
准确率:    0.9706 (33/34)
----------------------------------------
输入:       D>LH> LMSV> MN KL DBJC WKLJ XJLK
目标:     0 1 0 0 4 0 0 1 6 0 10 7 0 0 0 0 0 2 0 1 0 0 2 0 36 0 0 3 0 0 0 5 0
预测:     0 1 0 0 4 0 0 1 6 0 10 7 0 0 0 0 0 2 0 1 0 0 2 0 36 0 0 3 0 0 0 5 0
准确率:    1.0000 (33/33)
----------------------------------------
⏳ 验证无提升 (验证准确率: 0.9688 ≤ 0.9690)，patience: 7/50

======================================================================
🚀 Epoch 81/200
======================================================================
📚 开始训练阶段...
训练进度: 500/6065 损失=0.0072
训练进度: 1000/6065 损失=0.0137
训练进度: 1500/6065 损失=0.0167
训练进度: 2000/6065 损失=0.0430
训练进度: 2500/6065 损失=0.0065
训练进度: 3000/6065 损失=0.0067
训练进度: 3500/6065 损失=0.0131
训练进度: 4000/6065 损失=0.0279
训练进度: 4500/6065 损失=0.0063
训练进度: 5000/6065 损失=0.0112
训练进度: 5500/6065 损失=0.0041
训练进度: 6000/6065 损失=0.0253
训练进度: 6065/6065 损失=0.0232
✅ 训练完成，耗时: 111.7秒 (1.9分钟)

============================================================
📊 验证决策: Epoch 81/200
   验证间隔: 1
   是否验证: ✅ 是
   原因: 达到验证间隔 (0 == 0)
============================================================

🔍 开始验证...
验证进度: 500/686 损失=0.0724
验证进度: 686/686 损失=1.8269

📊 预测分布分析:
  - 预测的前5个类别: {np.int64(0): 282531, np.int64(1): 37012, np.int64(2): 14719, np.int64(3): 10795, np.int64(4): 8791}
  - 标签的前5个类别: {np.int64(0): 281232, np.int64(1): 36731, np.int64(2): 14789, np.int64(3): 10866, np.int64(4): 8585}
✅ 验证完成，耗时: 4.9秒 (0.1分钟)
训练损失: 0.0175
验证损失: 0.3963
验证准确率: 0.9686 (10619/10964) - 与Levenshtein高度相关
验证F1(加权): 0.9680 - 类别平衡更好
学习率: 0.000065
显存使用: 0.47GB (预留: 0.69GB)

生成的训练样本:
--------------------------------------------------------------------------------
输入:       B>CW LH HNWN MN HNWN DBJM> CQLW
目标:     0 0 0 3 0 0 1 0 0 0 0 0 12 0 0 0 0 0 0 0 12 0 1 1 0 4 0 0 0 0 3 0
预测:     0 0 0 3 0 0 1 0 0 0 0 0 12 0 0 0 0 0 0 0 12 0 1 1 0 4 0 0 0 0 3 0
准确率:    1.0000 (32/32)
----------------------------------------
输入:       LK <MM> JRTWT> DJLK W>WXDN> DJLK <BRJH
目标:     0 1 0 0 0 8 30 0 0 0 0 0 2 9 0 0 0 0 1 0 0 1 0 0 0 0 4 0 0 0 0 1 0 0 0 0 22 1 12
预测:     0 1 0 0 0 8 30 0 0 0 0 0 2 9 0 0 0 0 1 0 0 1 0 0 0 0 4 0 0 0 0 1 0 0 0 0 22 1 12
准确率:    1.0000 (39/39)
----------------------------------------
输入:       <BD> <BRJ> D>JTJT LN LMGXKW BN WKD
目标:     0 0 0 15 0 0 0 0 0 4 0 0 1 59 0 0 3 12 0 1 0 0 1 6 0 0 7 19 0 1 0 0 1 0 0
预测:     0 0 0 15 0 0 0 0 0 4 0 0 1 59 0 0 3 12 0 1 0 0 1 6 0 0 7 19 0 1 0 0 1 0 0
准确率:    1.0000 (35/35)
----------------------------------------

生成的验证样本:
--------------------------------------------------------------------------------
输入:       YBJNH D>LH> LMSV> MN KL DBJC WKLJ
目标:     0 0 0 0 5 0 0 1 0 0 4 0 0 1 6 0 10 7 0 0 0 0 0 2 0 1 0 0 2 0 36 0 0 3
预测:     0 0 0 0 5 0 0 1 0 0 4 0 0 1 6 0 10 7 0 0 0 0 0 2 0 1 0 0 2 0 36 0 0 3
准确率:    1.0000 (34/34)
----------------------------------------
输入:       D>LH> LMSV> MN KL DBJC WKLJ XJLK
目标:     0 1 0 0 4 0 0 1 6 0 10 7 0 0 0 0 0 2 0 1 0 0 2 0 36 0 0 3 0 0 0 5 0
预测:     0 1 0 0 4 0 0 1 6 0 10 7 0 0 0 0 0 2 0 1 0 0 2 0 36 0 0 3 0 0 0 5 0
准确率:    1.0000 (33/33)
----------------------------------------
⏳ 验证无提升 (验证准确率: 0.9686 ≤ 0.9690)，patience: 8/50

======================================================================
🚀 Epoch 82/200
======================================================================
📚 开始训练阶段...
训练进度: 500/6065 损失=0.0029
训练进度: 1000/6065 损失=0.0165
训练进度: 1500/6065 损失=0.0353
训练进度: 2000/6065 损失=0.0129
训练进度: 2500/6065 损失=0.0137
训练进度: 3000/6065 损失=0.0297
训练进度: 3500/6065 损失=0.0075
训练进度: 4000/6065 损失=0.0186
训练进度: 4500/6065 损失=0.0175
训练进度: 5000/6065 损失=0.0154
训练进度: 5500/6065 损失=0.0079
训练进度: 6000/6065 损失=0.0097
训练进度: 6065/6065 损失=0.0149
✅ 训练完成，耗时: 111.7秒 (1.9分钟)

============================================================
📊 验证决策: Epoch 82/200
   验证间隔: 1
   是否验证: ✅ 是
   原因: 达到验证间隔 (0 == 0)
============================================================

🔍 开始验证...
验证进度: 500/686 损失=0.0888
验证进度: 686/686 损失=1.7532

📊 预测分布分析:
  - 预测的前5个类别: {np.int64(0): 282250, np.int64(1): 37077, np.int64(2): 14774, np.int64(3): 10703, np.int64(4): 9013}
  - 标签的前5个类别: {np.int64(0): 281232, np.int64(1): 36731, np.int64(2): 14789, np.int64(3): 10866, np.int64(4): 8585}
✅ 验证完成，耗时: 4.9秒 (0.1分钟)
训练损失: 0.0173
验证损失: 0.3890
验证准确率: 0.9689 (10623/10964) - 与Levenshtein高度相关
验证F1(加权): 0.9684 - 类别平衡更好
学习率: 0.000064
显存使用: 0.47GB (预留: 0.69GB)

生成的训练样本:
--------------------------------------------------------------------------------
输入:       W<QRW MDBXWHJ WYLMWHJ TBRW WLMTN KWMR> DB<L>
目标:     0 1 0 0 3 0 0 0 0 0 25 1 0 0 0 1 0 0 25 1 0 0 0 0 0 3 19 0 1 1 0 0 2 0 0 0 0 4 0 0 1 0 0 4 0
预测:     0 1 0 0 3 0 0 0 0 0 25 1 0 0 0 1 0 0 25 1 0 0 0 0 0 3 19 0 1 1 0 0 2 0 0 0 0 4 0 0 1 0 0 4 0
准确率:    1.0000 (45/45)
----------------------------------------
输入:       LHWN MDM DL> JHJB LHWN >CR> LM>MR
目标:     0 1 0 0 0 0 0 0 2 0 1 0 0 0 0 8 0 40 0 1 0 0 0 0 6 0 10 3 0 1 6 0 0 7
预测:     0 1 0 0 0 0 0 0 2 0 1 0 0 0 0 8 0 40 0 1 0 0 0 0 6 0 10 3 0 1 6 0 0 7
准确率:    1.0000 (34/34)
----------------------------------------
输入:       DL> HW> DX>RWTHWN >TR DHNWN <RY <LJHWN
目标:     0 1 0 0 0 0 10 3 0 1 0 0 0 2 1 0 0 0 0 0 0 2 0 1 0 0 0 0 0 0 0 7 0 0 8 1 0 0 0
预测:     0 1 0 0 0 0 10 3 0 1 0 0 0 2 1 0 0 0 0 0 0 2 0 1 0 0 0 0 0 0 0 7 0 0 8 1 0 0 0
准确率:    1.0000 (39/39)
----------------------------------------

生成的验证样本:
--------------------------------------------------------------------------------
输入:       YBJNH D>LH> LMSV> MN KL DBJC WKLJ
目标:     0 0 0 0 5 0 0 1 0 0 4 0 0 1 6 0 10 7 0 0 0 0 0 2 0 1 0 0 2 0 36 0 0 3
预测:     0 0 0 0 5 0 0 1 0 0 4 0 0 1 6 0 10 7 0 0 0 0 0 2 0 1 0 0 2 0 36 0 0 3
准确率:    1.0000 (34/34)
----------------------------------------
输入:       D>LH> LMSV> MN KL DBJC WKLJ XJLK
目标:     0 1 0 0 4 0 0 1 6 0 10 7 0 0 0 0 0 2 0 1 0 0 2 0 36 0 0 3 0 0 0 5 0
预测:     0 1 0 0 4 0 0 1 6 0 10 7 0 0 0 0 0 2 0 1 0 0 2 0 1 0 0 3 0 0 0 5 0
准确率:    0.9697 (32/33)
----------------------------------------
⏳ 验证无提升 (验证准确率: 0.9689 ≤ 0.9690)，patience: 9/50

======================================================================
🚀 Epoch 83/200
======================================================================
📚 开始训练阶段...
训练进度: 500/6065 损失=0.0165
训练进度: 1000/6065 损失=0.0095
训练进度: 1500/6065 损失=0.0042
训练进度: 2000/6065 损失=0.0135
训练进度: 2500/6065 损失=0.0066
训练进度: 3000/6065 损失=0.0249
训练进度: 3500/6065 损失=0.0226
训练进度: 4000/6065 损失=0.0433
训练进度: 4500/6065 损失=0.0167
训练进度: 5000/6065 损失=0.0159
训练进度: 5500/6065 损失=0.0289
训练进度: 6000/6065 损失=0.0055
训练进度: 6065/6065 损失=0.0225
✅ 训练完成，耗时: 111.6秒 (1.9分钟)

============================================================
📊 验证决策: Epoch 83/200
   验证间隔: 1
   是否验证: ✅ 是
   原因: 达到验证间隔 (0 == 0)
============================================================

🔍 开始验证...
验证进度: 500/686 损失=0.0720
验证进度: 686/686 损失=1.8209

📊 预测分布分析:
  - 预测的前5个类别: {np.int64(0): 282655, np.int64(1): 37073, np.int64(2): 14826, np.int64(3): 10767, np.int64(4): 8755}
  - 标签的前5个类别: {np.int64(0): 281232, np.int64(1): 36731, np.int64(2): 14789, np.int64(3): 10866, np.int64(4): 8585}
✅ 验证完成，耗时: 4.8秒 (0.1分钟)
训练损失: 0.0171
验证损失: 0.3951
验证准确率: 0.9687 (10621/10964) - 与Levenshtein高度相关
验证F1(加权): 0.9681 - 类别平衡更好
学习率: 0.000064
显存使用: 0.47GB (预留: 0.69GB)

生成的训练样本:
--------------------------------------------------------------------------------
输入:       CLJV <L >R<> WHW MMJR LKLH <M>
目标:     0 0 8 0 40 0 0 0 0 0 0 4 0 0 1 0 0 0 28 20 0 49 0 1 0 5 0 0 0 15 0
预测:     0 0 8 0 40 0 0 0 0 0 0 4 0 0 1 0 0 0 28 20 0 49 0 1 0 5 0 0 0 15 0
准确率:    1.0000 (31/31)
----------------------------------------
输入:       MNJ MVL DL> HWJT VB >N> MN
目标:     0 0 1 0 0 0 0 0 0 1 0 0 0 0 0 3 0 0 0 2 0 0 0 0 0 0 0
预测:     0 0 1 0 0 0 0 0 0 1 0 0 0 0 0 3 0 0 0 2 0 0 0 0 0 0 0
准确率:    1.0000 (27/27)
----------------------------------------
输入:       GDJ> D<Z> MN <N> W>MRT >N TTL
目标:     0 0 0 4 0 0 1 0 11 0 0 0 0 0 0 4 0 0 1 0 0 3 26 0 0 0 0 34 0 3
预测:     0 0 0 4 0 0 1 0 11 0 0 0 0 0 0 4 0 0 1 0 0 3 26 0 0 0 0 34 0 3
准确率:    1.0000 (30/30)
----------------------------------------

生成的验证样本:
--------------------------------------------------------------------------------
输入:       YBJNH D>LH> LMSV> MN KL DBJC WKLJ
目标:     0 0 0 0 5 0 0 1 0 0 4 0 0 1 6 0 10 7 0 0 0 0 0 2 0 1 0 0 2 0 36 0 0 3
预测:     0 0 0 0 5 0 0 1 0 0 4 0 0 1 6 0 10 7 0 0 0 0 0 2 0 1 0 0 2 0 36 0 0 3
准确率:    1.0000 (34/34)
----------------------------------------
输入:       D>LH> LMSV> MN KL DBJC WKLJ XJLK
目标:     0 1 0 0 4 0 0 1 6 0 10 7 0 0 0 0 0 2 0 1 0 0 2 0 36 0 0 3 0 0 0 5 0
预测:     0 1 0 0 4 0 0 1 6 0 10 7 0 0 0 0 0 2 0 1 0 0 2 0 1 0 0 3 0 0 0 5 0
准确率:    0.9697 (32/33)
----------------------------------------
⏳ 验证无提升 (验证准确率: 0.9687 ≤ 0.9690)，patience: 10/50

======================================================================
🚀 Epoch 84/200
======================================================================
📚 开始训练阶段...
训练进度: 500/6065 损失=0.0146
训练进度: 1000/6065 损失=0.0122
训练进度: 1500/6065 损失=0.0142
训练进度: 2000/6065 损失=0.0055
训练进度: 2500/6065 损失=0.0141
训练进度: 3000/6065 损失=0.0127
训练进度: 3500/6065 损失=0.0352
训练进度: 4000/6065 损失=0.0164
训练进度: 4500/6065 损失=0.0090
训练进度: 5000/6065 损失=0.0170
训练进度: 5500/6065 损失=0.0030
训练进度: 6000/6065 损失=0.0059
训练进度: 6065/6065 损失=0.0105
✅ 训练完成，耗时: 111.8秒 (1.9分钟)

============================================================
📊 验证决策: Epoch 84/200
   验证间隔: 1
   是否验证: ✅ 是
   原因: 达到验证间隔 (0 == 0)
============================================================

🔍 开始验证...
验证进度: 500/686 损失=0.1397
验证进度: 686/686 损失=1.7685

📊 预测分布分析:
  - 预测的前5个类别: {np.int64(0): 282524, np.int64(1): 36959, np.int64(2): 14698, np.int64(3): 10609, np.int64(4): 8893}
  - 标签的前5个类别: {np.int64(0): 281232, np.int64(1): 36731, np.int64(2): 14789, np.int64(3): 10866, np.int64(4): 8585}
✅ 验证完成，耗时: 4.8秒 (0.1分钟)
训练损失: 0.0164
验证损失: 0.4005
验证准确率: 0.9686 (10619/10964) - 与Levenshtein高度相关
验证F1(加权): 0.9680 - 类别平衡更好
学习率: 0.000063
显存使用: 0.47GB (预留: 0.69GB)

生成的训练样本:
--------------------------------------------------------------------------------
输入:       RBT> W>MR >HRWN L> NTXMT RWGZH DMRJ
目标:     0 0 2 9 0 0 1 0 0 3 0 0 0 0 0 2 0 0 0 0 21 14 0 0 16 0 8 0 31 5 0 0 1 0 56 0
预测:     0 0 2 9 0 0 1 0 0 3 0 0 0 0 0 2 0 0 0 0 21 14 0 0 16 0 8 0 31 5 0 0 1 0 56 0
准确率:    1.0000 (36/36)
----------------------------------------
输入:       LK <WDRN> MN MQDC> WMN YHJWN NSJ<K
目标:     0 1 0 0 0 0 0 0 4 0 0 0 0 0 0 0 0 4 0 0 1 0 0 0 0 0 0 0 2 0 6 20 0 51 0
预测:     0 1 0 0 0 0 0 0 4 0 0 0 0 0 0 0 0 4 0 0 1 0 0 0 0 0 0 0 2 0 6 20 0 51 0
准确率:    1.0000 (35/35)
----------------------------------------
输入:       WNQVWL LGBR> >W L>NTT> TWR> NTRGM W>P
目标:     0 1 6 0 8 0 3 0 1 0 0 4 0 0 0 0 0 1 0 0 13 9 0 0 0 0 4 0 0 21 14 0 0 3 0 1 0 0
预测:     0 1 6 0 8 0 3 0 1 0 0 4 0 0 0 0 0 1 0 0 13 9 0 0 0 0 4 0 0 21 14 0 0 3 0 1 0 0
准确率:    1.0000 (38/38)
----------------------------------------

生成的验证样本:
--------------------------------------------------------------------------------
输入:       YBJNH D>LH> LMSV> MN KL DBJC WKLJ
目标:     0 0 0 0 5 0 0 1 0 0 4 0 0 1 6 0 10 7 0 0 0 0 0 2 0 1 0 0 2 0 36 0 0 3
预测:     0 0 0 0 5 0 0 1 0 0 4 0 0 1 6 0 10 7 0 0 0 0 0 2 0 1 0 0 2 0 36 0 0 3
准确率:    1.0000 (34/34)
----------------------------------------
输入:       D>LH> LMSV> MN KL DBJC WKLJ XJLK
目标:     0 1 0 0 4 0 0 1 6 0 10 7 0 0 0 0 0 2 0 1 0 0 2 0 36 0 0 3 0 0 0 5 0
预测:     0 1 0 0 4 0 0 1 6 0 10 7 0 0 0 0 0 2 0 1 0 0 2 0 36 0 0 3 0 0 0 5 0
准确率:    1.0000 (33/33)
----------------------------------------
⏳ 验证无提升 (验证准确率: 0.9686 ≤ 0.9690)，patience: 11/50

======================================================================
🚀 Epoch 85/200
======================================================================
📚 开始训练阶段...
训练进度: 500/6065 损失=0.0576
训练进度: 1000/6065 损失=0.0117
训练进度: 1500/6065 损失=0.0164
训练进度: 2000/6065 损失=0.0296
训练进度: 2500/6065 损失=0.0588
训练进度: 3000/6065 损失=0.0090
训练进度: 3500/6065 损失=0.0043
训练进度: 4000/6065 损失=0.0320
训练进度: 4500/6065 损失=0.0163
训练进度: 5000/6065 损失=0.0070
训练进度: 5500/6065 损失=0.0492
训练进度: 6000/6065 损失=0.0083
训练进度: 6065/6065 损失=0.0070
✅ 训练完成，耗时: 111.5秒 (1.9分钟)

============================================================
📊 验证决策: Epoch 85/200
   验证间隔: 1
   是否验证: ✅ 是
   原因: 达到验证间隔 (0 == 0)
============================================================

🔍 开始验证...
验证进度: 500/686 损失=0.1284
验证进度: 686/686 损失=1.6773

📊 预测分布分析:
  - 预测的前5个类别: {np.int64(0): 282932, np.int64(1): 36970, np.int64(2): 14737, np.int64(3): 10714, np.int64(4): 8752}
  - 标签的前5个类别: {np.int64(0): 281232, np.int64(1): 36731, np.int64(2): 14789, np.int64(3): 10866, np.int64(4): 8585}
✅ 验证完成，耗时: 4.8秒 (0.1分钟)
训练损失: 0.0163
验证损失: 0.4066
验证准确率: 0.9687 (10620/10964) - 与Levenshtein高度相关
验证F1(加权): 0.9679 - 类别平衡更好
学习率: 0.000062
显存使用: 0.48GB (预留: 0.69GB)

生成的训练样本:
--------------------------------------------------------------------------------
输入:       MCRJT> >JKN> D<BD >N> HKN> <BDW WQR>
目标:     0 0 0 0 2 9 0 0 0 0 107 0 0 0 1 0 0 7 0 0 0 0 0 0 0 0 0 6 0 0 3 0 0 1 0 10 7
预测:     0 0 0 0 2 9 0 0 0 0 107 0 0 0 1 0 0 7 0 0 0 0 0 0 0 0 0 6 0 0 3 0 0 1 0 10 7
准确率:    1.0000 (37/37)
----------------------------------------
输入:       DN<BD DBJC QDM MRJ> >LHK WN<BR <L
目标:     0 1 6 0 0 3 0 1 0 0 2 0 0 0 2 0 0 0 0 2 0 0 0 5 0 0 1 6 0 0 3 0 0 0
预测:     0 1 6 0 0 3 0 1 0 0 2 0 0 0 2 0 0 0 0 2 0 0 0 5 0 0 1 6 0 0 3 0 0 0
准确率:    1.0000 (34/34)
----------------------------------------
输入:       ><BD MVL MN> L> NVRT MWMTH DMRJ>
目标:     0 6 0 0 3 0 0 0 0 0 0 0 0 0 0 0 0 0 0 3 12 0 0 0 13 1 0 0 1 0 0 0 2
预测:     0 6 0 0 3 0 0 0 0 0 0 0 0 0 0 0 0 0 0 3 12 0 0 0 13 1 0 0 1 0 0 0 2
准确率:    1.0000 (33/33)
----------------------------------------

生成的验证样本:
--------------------------------------------------------------------------------
输入:       YBJNH D>LH> LMSV> MN KL DBJC WKLJ
目标:     0 0 0 0 5 0 0 1 0 0 4 0 0 1 6 0 10 7 0 0 0 0 0 2 0 1 0 0 2 0 36 0 0 3
预测:     0 0 0 0 5 0 0 1 0 0 4 0 0 1 6 0 10 7 0 0 0 0 0 2 0 1 0 0 2 0 36 0 0 3
准确率:    1.0000 (34/34)
----------------------------------------
输入:       D>LH> LMSV> MN KL DBJC WKLJ XJLK
目标:     0 1 0 0 4 0 0 1 6 0 10 7 0 0 0 0 0 2 0 1 0 0 2 0 36 0 0 3 0 0 0 5 0
预测:     0 1 0 0 4 0 0 1 6 0 10 7 0 0 0 0 0 2 0 1 0 0 2 0 36 0 0 3 0 0 0 5 0
准确率:    1.0000 (33/33)
----------------------------------------
⏳ 验证无提升 (验证准确率: 0.9687 ≤ 0.9690)，patience: 12/50

======================================================================
🚀 Epoch 86/200
======================================================================
📚 开始训练阶段...
训练进度: 500/6065 损失=0.0277
训练进度: 1000/6065 损失=0.0072
训练进度: 1500/6065 损失=0.0066
训练进度: 2000/6065 损失=0.0246
训练进度: 2500/6065 损失=0.0215
训练进度: 3000/6065 损失=0.0255
训练进度: 3500/6065 损失=0.0062
训练进度: 4000/6065 损失=0.0193
训练进度: 4500/6065 损失=0.0292
训练进度: 5000/6065 损失=0.0269
训练进度: 5500/6065 损失=0.0130
训练进度: 6000/6065 损失=0.0074
训练进度: 6065/6065 损失=0.0297
✅ 训练完成，耗时: 111.2秒 (1.9分钟)

============================================================
📊 验证决策: Epoch 86/200
   验证间隔: 1
   是否验证: ✅ 是
   原因: 达到验证间隔 (0 == 0)
============================================================

🔍 开始验证...
验证进度: 500/686 损失=0.0793
验证进度: 686/686 损失=1.8235

📊 预测分布分析:
  - 预测的前5个类别: {np.int64(0): 282737, np.int64(1): 37078, np.int64(2): 14725, np.int64(3): 10775, np.int64(4): 9110}
  - 标签的前5个类别: {np.int64(0): 281232, np.int64(1): 36731, np.int64(2): 14789, np.int64(3): 10866, np.int64(4): 8585}
✅ 验证完成，耗时: 4.8秒 (0.1分钟)
训练损失: 0.0161
验证损失: 0.4021
验证准确率: 0.9688 (10621/10964) - 与Levenshtein高度相关
验证F1(加权): 0.9680 - 类别平衡更好
学习率: 0.000061
显存使用: 0.47GB (预留: 0.69GB)

生成的训练样本:
--------------------------------------------------------------------------------
输入:       MVL DPRQW DBJT >JSRJL MN BTR DWJD
目标:     0 0 0 0 0 1 0 0 3 0 0 1 0 0 2 0 0 0 0 0 0 2 0 0 0 0 0 0 0 0 0 0 0 2
预测:     0 0 0 0 0 1 0 0 3 0 0 1 0 0 2 0 0 0 0 0 0 2 0 0 0 0 0 0 0 0 0 0 0 2
准确率:    1.0000 (34/34)
----------------------------------------
输入:       >NWN B>JD> DB<LDBBJHWN WNHWWN LBZT> WLDJC> LKWLHWN
目标:     0 0 0 0 0 0 35 0 0 4 0 0 1 0 0 0 0 0 2 1 0 0 0 0 1 6 0 18 0 0 0 1 0 13 9 0 0 1 1 0 0 4 0 0 1 8 0 5 0 0 0
预测:     0 0 0 0 0 0 35 0 0 4 0 0 1 0 0 0 0 0 2 1 0 0 0 0 1 6 0 18 0 0 0 1 0 13 9 0 0 1 1 0 0 4 0 0 1 8 0 5 0 0 0
准确率:    1.0000 (51/51)
----------------------------------------
输入:       KPNJN WL> YHJN WL> <MLJN WL> L>JN
目标:     0 0 0 49 0 0 0 1 0 0 0 0 42 0 0 0 1 0 0 0 0 0 7 0 0 0 1 0 0 0 0 42 0 0
预测:     0 0 0 49 0 0 0 1 0 0 0 0 42 0 0 0 1 0 0 0 0 0 7 0 0 0 1 0 0 0 0 42 0 0
准确率:    1.0000 (34/34)
----------------------------------------

生成的验证样本:
--------------------------------------------------------------------------------
输入:       YBJNH D>LH> LMSV> MN KL DBJC WKLJ
目标:     0 0 0 0 5 0 0 1 0 0 4 0 0 1 6 0 10 7 0 0 0 0 0 2 0 1 0 0 2 0 36 0 0 3
预测:     0 0 0 0 5 0 0 1 0 0 4 0 0 1 6 0 10 7 0 0 0 0 0 2 0 1 0 0 2 0 36 0 0 3
准确率:    1.0000 (34/34)
----------------------------------------
输入:       D>LH> LMSV> MN KL DBJC WKLJ XJLK
目标:     0 1 0 0 4 0 0 1 6 0 10 7 0 0 0 0 0 2 0 1 0 0 2 0 36 0 0 3 0 0 0 5 0
预测:     0 1 0 0 4 0 0 1 6 0 10 7 0 0 0 0 0 2 0 1 0 0 2 0 1 0 0 3 0 0 0 5 0
准确率:    0.9697 (32/33)
----------------------------------------
⏳ 验证无提升 (验证准确率: 0.9688 ≤ 0.9690)，patience: 13/50

======================================================================
🚀 Epoch 87/200
======================================================================
📚 开始训练阶段...
训练进度: 500/6065 损失=0.0314
训练进度: 1000/6065 损失=0.0102
训练进度: 1500/6065 损失=0.0043
训练进度: 2000/6065 损失=0.0065
训练进度: 2500/6065 损失=0.0176
训练进度: 3000/6065 损失=0.0078
训练进度: 3500/6065 损失=0.0079
训练进度: 4000/6065 损失=0.0218
训练进度: 4500/6065 损失=0.0115
训练进度: 5000/6065 损失=0.0067
训练进度: 5500/6065 损失=0.0127
训练进度: 6000/6065 损失=0.0126
训练进度: 6065/6065 损失=0.0190
✅ 训练完成，耗时: 111.2秒 (1.9分钟)

============================================================
📊 验证决策: Epoch 87/200
   验证间隔: 1
   是否验证: ✅ 是
   原因: 达到验证间隔 (0 == 0)
============================================================

🔍 开始验证...
验证进度: 500/686 损失=0.0792
验证进度: 686/686 损失=1.7623

📊 预测分布分析:
  - 预测的前5个类别: {np.int64(0): 282487, np.int64(1): 36967, np.int64(2): 14829, np.int64(3): 10684, np.int64(4): 8771}
  - 标签的前5个类别: {np.int64(0): 281232, np.int64(1): 36731, np.int64(2): 14789, np.int64(3): 10866, np.int64(4): 8585}
✅ 验证完成，耗时: 4.8秒 (0.1分钟)
训练损失: 0.0156
验证损失: 0.3994
验证准确率: 0.9688 (10621/10964) - 与Levenshtein高度相关
验证F1(加权): 0.9682 - 类别平衡更好
学习率: 0.000061
显存使用: 0.47GB (预留: 0.69GB)

生成的训练样本:
--------------------------------------------------------------------------------
输入:       <MWN JWRDNN LMTKTCW <M JHWD> W>P <M
目标:     0 0 0 0 2 0 0 0 0 0 0 2 0 1 21 14 0 0 7 19 0 0 0 0 0 0 0 0 2 0 1 0 0 0 0 0
预测:     0 0 0 0 2 0 0 0 0 0 0 2 0 1 21 14 0 0 7 19 0 0 0 0 0 0 0 0 2 0 1 0 0 0 0 0
准确率:    1.0000 (36/36)
----------------------------------------
输入:       TTBRWN WTWBDWN CMHWN MN >TR> HW W>NTWN
目标:     0 6 0 0 3 0 19 0 1 68 0 0 3 0 0 0 0 5 0 0 0 0 0 0 0 0 0 4 0 0 0 12 0 1 0 0 0 0 0
预测:     0 6 0 0 3 0 19 0 1 68 0 0 3 0 0 0 0 5 0 0 0 0 0 0 0 0 0 4 0 0 0 12 0 1 0 0 0 0 0
准确率:    1.0000 (39/39)
----------------------------------------
输入:       HN> D<MK MVWL DJQJR HW MNK PTGM>
目标:     0 0 0 0 0 1 0 1 0 0 0 8 0 0 0 1 0 8 0 40 0 0 0 0 0 1 0 0 0 0 0 4 0
预测:     0 0 0 0 0 1 0 1 0 0 0 8 0 0 0 1 0 8 0 40 0 0 0 0 0 1 0 0 0 0 0 4 0
准确率:    1.0000 (33/33)
----------------------------------------

生成的验证样本:
--------------------------------------------------------------------------------
输入:       YBJNH D>LH> LMSV> MN KL DBJC WKLJ
目标:     0 0 0 0 5 0 0 1 0 0 4 0 0 1 6 0 10 7 0 0 0 0 0 2 0 1 0 0 2 0 36 0 0 3
预测:     0 0 0 0 5 0 0 1 0 0 4 0 0 1 6 0 10 7 0 0 0 0 0 2 0 1 0 0 2 0 36 0 0 3
准确率:    1.0000 (34/34)
----------------------------------------
输入:       D>LH> LMSV> MN KL DBJC WKLJ XJLK
目标:     0 1 0 0 4 0 0 1 6 0 10 7 0 0 0 0 0 2 0 1 0 0 2 0 36 0 0 3 0 0 0 5 0
预测:     0 1 0 0 4 0 0 1 6 0 10 7 0 0 0 0 0 2 0 1 0 0 2 0 1 0 0 3 0 0 0 5 0
准确率:    0.9697 (32/33)
----------------------------------------
⏳ 验证无提升 (验证准确率: 0.9688 ≤ 0.9690)，patience: 14/50

======================================================================
🚀 Epoch 88/200
======================================================================
📚 开始训练阶段...
训练进度: 500/6065 损失=0.0078
训练进度: 1000/6065 损失=0.0196
训练进度: 1500/6065 损失=0.0375
训练进度: 2000/6065 损失=0.0214
训练进度: 2500/6065 损失=0.0212
训练进度: 3000/6065 损失=0.0191
训练进度: 3500/6065 损失=0.0350
训练进度: 4000/6065 损失=0.0154
训练进度: 4500/6065 损失=0.0214
训练进度: 5000/6065 损失=0.0086
训练进度: 5500/6065 损失=0.0145
训练进度: 6000/6065 损失=0.0141
训练进度: 6065/6065 损失=0.0164
✅ 训练完成，耗时: 111.0秒 (1.9分钟)

============================================================
📊 验证决策: Epoch 88/200
   验证间隔: 1
   是否验证: ✅ 是
   原因: 达到验证间隔 (0 == 0)
============================================================

🔍 开始验证...
验证进度: 500/686 损失=0.1023
验证进度: 686/686 损失=1.8701

📊 预测分布分析:
  - 预测的前5个类别: {np.int64(0): 282565, np.int64(1): 36957, np.int64(2): 14768, np.int64(3): 10821, np.int64(4): 8855}
  - 标签的前5个类别: {np.int64(0): 281232, np.int64(1): 36731, np.int64(2): 14789, np.int64(3): 10866, np.int64(4): 8585}
✅ 验证完成，耗时: 4.9秒 (0.1分钟)
训练损失: 0.0155
验证损失: 0.4026
验证准确率: 0.9688 (10621/10964) - 与Levenshtein高度相关
验证F1(加权): 0.9681 - 类别平衡更好
学习率: 0.000060
显存使用: 0.47GB (预留: 0.69GB)

生成的训练样本:
--------------------------------------------------------------------------------
输入:       WNBRK P>R> DKRSK WP>R> D>R<K W<BWRK WXMRK
目标:     0 1 6 0 0 3 0 0 0 11 0 0 1 0 0 5 0 0 1 0 0 11 0 0 1 0 0 5 0 0 1 0 0 0 5 0 0 1 0 0 5 0
预测:     0 1 6 0 0 3 0 0 0 11 0 0 1 0 0 5 0 0 1 0 0 11 0 0 1 0 0 5 0 0 1 0 0 0 5 0 0 1 0 0 5 0
准确率:    1.0000 (42/42)
----------------------------------------
输入:       L<NJKWN WBMDBR> DXZJTWN DTRSJKWN MRJ> >LHKWN >JK
目标:     0 1 38 2 1 0 0 0 0 1 1 0 0 0 4 0 0 1 0 0 3 0 0 0 0 1 0 0 0 29 0 0 0 0 0 0 0 2 0 0 0 5 0 0 0 0 0 0 0
预测:     0 1 38 2 1 0 0 0 0 1 1 0 0 0 4 0 0 1 0 0 3 0 0 0 0 1 0 0 0 29 0 0 0 0 0 0 0 2 0 0 0 5 0 0 0 0 0 0 0
准确率:    1.0000 (49/49)
----------------------------------------
输入:       W>N XNN NCPR QLJL SNJWT> DHLJN RB>
目标:     0 1 0 0 0 0 0 0 0 6 0 0 3 0 0 0 0 2 0 0 0 0 2 9 0 0 1 0 0 0 0 0 0 2 0
预测:     0 1 0 0 0 0 0 0 0 6 0 0 3 0 0 0 0 2 0 0 0 0 2 9 0 0 1 0 0 0 0 0 0 2 0
准确率:    1.0000 (35/35)
----------------------------------------

生成的验证样本:
--------------------------------------------------------------------------------
输入:       YBJNH D>LH> LMSV> MN KL DBJC WKLJ
目标:     0 0 0 0 5 0 0 1 0 0 4 0 0 1 6 0 10 7 0 0 0 0 0 2 0 1 0 0 2 0 36 0 0 3
预测:     0 0 0 0 5 0 0 1 0 0 4 0 0 1 6 0 10 7 0 0 0 0 0 2 0 1 0 0 2 0 36 0 0 3
准确率:    1.0000 (34/34)
----------------------------------------
输入:       D>LH> LMSV> MN KL DBJC WKLJ XJLK
目标:     0 1 0 0 4 0 0 1 6 0 10 7 0 0 0 0 0 2 0 1 0 0 2 0 36 0 0 3 0 0 0 5 0
预测:     0 1 0 0 4 0 0 1 6 0 10 7 0 0 0 0 0 2 0 1 0 0 2 0 36 0 0 3 0 0 0 5 0
准确率:    1.0000 (33/33)
----------------------------------------
⏳ 验证无提升 (验证准确率: 0.9688 ≤ 0.9690)，patience: 15/50

======================================================================
🚀 Epoch 89/200
======================================================================
📚 开始训练阶段...
训练进度: 500/6065 损失=0.0070
训练进度: 1000/6065 损失=0.0106
训练进度: 1500/6065 损失=0.0059
训练进度: 2000/6065 损失=0.0084
训练进度: 2500/6065 损失=0.0015
训练进度: 3000/6065 损失=0.0209
训练进度: 3500/6065 损失=0.0229
训练进度: 4000/6065 损失=0.0076
训练进度: 4500/6065 损失=0.0225
训练进度: 5000/6065 损失=0.0177
训练进度: 5500/6065 损失=0.0142
训练进度: 6000/6065 损失=0.0247
训练进度: 6065/6065 损失=0.0142
✅ 训练完成，耗时: 111.1秒 (1.9分钟)

============================================================
📊 验证决策: Epoch 89/200
   验证间隔: 1
   是否验证: ✅ 是
   原因: 达到验证间隔 (0 == 0)
============================================================

🔍 开始验证...
验证进度: 500/686 损失=0.1422
验证进度: 686/686 损失=1.7349

📊 预测分布分析:
  - 预测的前5个类别: {np.int64(0): 282920, np.int64(1): 37019, np.int64(2): 14701, np.int64(3): 10761, np.int64(4): 8929}
  - 标签的前5个类别: {np.int64(0): 281232, np.int64(1): 36731, np.int64(2): 14789, np.int64(3): 10866, np.int64(4): 8585}
✅ 验证完成，耗时: 4.9秒 (0.1分钟)
训练损失: 0.0152
验证损失: 0.4133
验证准确率: 0.9688 (10622/10964) - 与Levenshtein高度相关
验证F1(加权): 0.9681 - 类别平衡更好
学习率: 0.000059
显存使用: 0.47GB (预留: 0.69GB)

生成的训练样本:
--------------------------------------------------------------------------------
输入:       PTGM> HLJN >N> >N> MRJ> >LHK D>SQTK
目标:     0 0 0 0 11 0 0 0 0 0 0 0 0 0 0 0 0 0 0 0 0 0 0 2 0 0 0 5 0 0 1 17 64 3 1 0
预测:     0 0 0 0 11 0 0 0 0 0 0 0 0 0 0 0 0 0 0 0 0 0 0 2 0 0 0 5 0 0 1 17 64 3 1 0
准确率:    1.0000 (36/36)
----------------------------------------
输入:       MN >JQRJ MVL DBRWGZHWN QVLW GBR> WBXMTHWN
目标:     0 0 0 0 0 0 0 5 0 0 0 0 0 0 1 1 0 0 0 5 0 0 0 0 0 0 3 0 0 0 0 11 0 0 1 1 0 13 1 0 0 0
预测:     0 0 0 0 0 0 0 5 0 0 0 0 0 0 1 1 0 0 0 5 0 0 0 0 0 0 3 0 0 0 0 11 0 0 1 1 0 13 1 0 0 0
准确率:    1.0000 (42/42)
----------------------------------------
输入:       LXWRJB W>TXZJ LH ML>KH DMRJ> BCLHBJT> DNWR>
目标:     0 1 0 0 0 0 2 0 1 0 14 0 0 3 0 1 0 0 0 0 0 5 0 0 1 0 0 0 2 0 1 0 0 0 0 2 9 0 0 1 0 0 4 0
预测:     0 1 0 0 0 0 2 0 1 0 14 0 0 3 0 1 0 0 0 0 0 5 0 0 1 0 0 0 2 0 1 0 0 0 0 2 9 0 0 1 0 0 4 0
准确率:    1.0000 (44/44)
----------------------------------------

生成的验证样本:
--------------------------------------------------------------------------------
输入:       YBJNH D>LH> LMSV> MN KL DBJC WKLJ
目标:     0 0 0 0 5 0 0 1 0 0 4 0 0 1 6 0 10 7 0 0 0 0 0 2 0 1 0 0 2 0 36 0 0 3
预测:     0 0 0 0 5 0 0 1 0 0 4 0 0 1 6 0 10 7 0 0 0 0 0 2 0 1 0 0 2 0 36 0 0 3
准确率:    1.0000 (34/34)
----------------------------------------
输入:       D>LH> LMSV> MN KL DBJC WKLJ XJLK
目标:     0 1 0 0 4 0 0 1 6 0 10 7 0 0 0 0 0 2 0 1 0 0 2 0 36 0 0 3 0 0 0 5 0
预测:     0 1 0 0 4 0 0 1 6 0 10 7 0 0 0 0 0 2 0 1 0 0 2 0 36 0 0 3 0 0 0 5 0
准确率:    1.0000 (33/33)
----------------------------------------
⏳ 验证无提升 (验证准确率: 0.9688 ≤ 0.9690)，patience: 16/50

======================================================================
🚀 Epoch 90/200
======================================================================
📚 开始训练阶段...
训练进度: 500/6065 损失=0.0024
训练进度: 1000/6065 损失=0.0610
训练进度: 1500/6065 损失=0.0264
训练进度: 2000/6065 损失=0.0084
训练进度: 2500/6065 损失=0.0110
训练进度: 3000/6065 损失=0.0212
训练进度: 3500/6065 损失=0.0065
训练进度: 4000/6065 损失=0.0226
训练进度: 4500/6065 损失=0.0023
训练进度: 5000/6065 损失=0.0100
训练进度: 5500/6065 损失=0.0313
训练进度: 6000/6065 损失=0.0074
训练进度: 6065/6065 损失=0.0067
✅ 训练完成，耗时: 111.1秒 (1.9分钟)

============================================================
📊 验证决策: Epoch 90/200
   验证间隔: 1
   是否验证: ✅ 是
   原因: 达到验证间隔 (0 == 0)
============================================================

🔍 开始验证...
验证进度: 500/686 损失=0.1171
验证进度: 686/686 损失=1.8679

📊 预测分布分析:
  - 预测的前5个类别: {np.int64(0): 282963, np.int64(1): 36990, np.int64(2): 14706, np.int64(3): 10871, np.int64(4): 8711}
  - 标签的前5个类别: {np.int64(0): 281232, np.int64(1): 36731, np.int64(2): 14789, np.int64(3): 10866, np.int64(4): 8585}
✅ 验证完成，耗时: 4.9秒 (0.1分钟)
训练损失: 0.0146
验证损失: 0.4144
验证准确率: 0.9688 (10621/10964) - 与Levenshtein高度相关
验证F1(加权): 0.9682 - 类别平衡更好
学习率: 0.000058
显存使用: 0.47GB (预留: 0.69GB)

生成的训练样本:
--------------------------------------------------------------------------------
输入:       WLBNWHJ TMCWX WTQDC >NWN LMKHNW LJ W<M
目标:     0 1 1 0 25 1 0 0 0 6 0 8 0 33 0 1 6 0 0 16 0 0 0 0 0 0 1 6 0 0 49 19 0 1 0 0 1 0 0
预测:     0 1 1 0 25 1 0 0 0 6 0 8 0 33 0 1 6 0 0 16 0 0 0 0 0 0 1 6 0 0 49 19 0 1 0 0 1 0 0
准确率:    1.0000 (39/39)
----------------------------------------
输入:       MRJ> >WRX> DZDJQ> W>WRX> DRCJ<> T>BD LMN>
目标:     0 0 0 0 2 0 0 0 0 4 0 0 1 0 0 0 11 0 0 1 0 0 0 4 0 0 1 0 0 0 11 0 0 44 0 0 3 0 1 0 0 0
预测:     0 0 0 0 2 0 0 0 0 4 0 0 1 0 0 0 4 0 0 1 0 0 0 4 0 0 1 0 0 0 11 0 0 44 0 0 3 0 1 0 0 0
准确率:    0.9762 (41/42)
----------------------------------------
输入:       >NT H> MN >JLN> DPQDTK DL> T>KWL
目标:     0 0 0 0 0 0 0 0 0 0 0 0 0 0 4 0 0 1 0 0 3 67 0 0 1 0 0 0 6 0 8 0 3
预测:     0 0 0 0 0 0 0 0 0 0 0 0 0 0 4 0 0 1 0 0 3 67 0 0 1 0 0 0 6 0 8 0 3
准确率:    1.0000 (33/33)
----------------------------------------

生成的验证样本:
--------------------------------------------------------------------------------
输入:       YBJNH D>LH> LMSV> MN KL DBJC WKLJ
目标:     0 0 0 0 5 0 0 1 0 0 4 0 0 1 6 0 10 7 0 0 0 0 0 2 0 1 0 0 2 0 36 0 0 3
预测:     0 0 0 0 5 0 0 1 0 0 4 0 0 1 6 0 10 7 0 0 0 0 0 2 0 1 0 0 2 0 36 0 0 3
准确率:    1.0000 (34/34)
----------------------------------------
输入:       D>LH> LMSV> MN KL DBJC WKLJ XJLK
目标:     0 1 0 0 4 0 0 1 6 0 10 7 0 0 0 0 0 2 0 1 0 0 2 0 36 0 0 3 0 0 0 5 0
预测:     0 1 0 0 4 0 0 1 6 0 10 7 0 0 0 0 0 2 0 1 0 0 2 0 36 0 0 3 0 0 0 5 0
准确率:    1.0000 (33/33)
----------------------------------------
⏳ 验证无提升 (验证准确率: 0.9688 ≤ 0.9690)，patience: 17/50

======================================================================
🚀 Epoch 91/200
======================================================================
📚 开始训练阶段...
训练进度: 500/6065 损失=0.0094
训练进度: 1000/6065 损失=0.0179
训练进度: 1500/6065 损失=0.0246
训练进度: 2000/6065 损失=0.0204
训练进度: 2500/6065 损失=0.0121
训练进度: 3000/6065 损失=0.0076
训练进度: 3500/6065 损失=0.0152
训练进度: 4000/6065 损失=0.0081
训练进度: 4500/6065 损失=0.0148
训练进度: 5000/6065 损失=0.0144
训练进度: 5500/6065 损失=0.0363
训练进度: 6000/6065 损失=0.0088
训练进度: 6065/6065 损失=0.0217
✅ 训练完成，耗时: 110.9秒 (1.8分钟)

============================================================
📊 验证决策: Epoch 91/200
   验证间隔: 1
   是否验证: ✅ 是
   原因: 达到验证间隔 (0 == 0)
============================================================

🔍 开始验证...
验证进度: 500/686 损失=0.1811
验证进度: 686/686 损失=1.7795

📊 预测分布分析:
  - 预测的前5个类别: {np.int64(0): 283056, np.int64(1): 36988, np.int64(2): 14794, np.int64(3): 10784, np.int64(4): 8930}
  - 标签的前5个类别: {np.int64(0): 281232, np.int64(1): 36731, np.int64(2): 14789, np.int64(3): 10866, np.int64(4): 8585}
✅ 验证完成，耗时: 4.8秒 (0.1分钟)
训练损失: 0.0144
验证损失: 0.4124
验证准确率: 0.9694 (10628/10964) - 与Levenshtein高度相关
验证F1(加权): 0.9686 - 类别平衡更好
学习率: 0.000058
显存使用: 0.47GB (预留: 0.69GB)

生成的训练样本:
--------------------------------------------------------------------------------
输入:       W>TTGRW WJRTW BH W>MR CKJM L>BWH WL>XJH
目标:     0 36 0 14 0 0 33 19 0 36 0 0 3 0 0 1 0 0 1 0 0 3 0 0 0 0 2 0 1 0 8 5 12 0 1 1 0 2 1 12
预测:     0 36 0 14 0 0 33 19 0 36 0 0 3 0 0 1 0 0 1 0 0 3 0 0 0 0 2 0 1 0 8 5 12 0 1 1 0 2 1 12
准确率:    1.0000 (40/40)
----------------------------------------
输入:       WHWJT QRJB LJ >NT WBNJK WBNJ BJTK
目标:     0 1 0 0 3 12 0 0 0 0 2 0 1 0 0 0 0 0 0 1 0 2 1 0 0 1 0 2 0 0 0 0 5 0
预测:     0 1 0 0 3 12 0 0 0 0 2 0 1 0 0 0 0 0 0 1 0 2 1 0 0 1 0 2 0 0 0 0 5 0
准确率:    1.0000 (34/34)
----------------------------------------
输入:       TRTJN CNJN WPR<WN XLM XLM> WH> Q>M
目标:     0 0 2 0 0 0 0 0 13 0 0 0 1 0 0 0 0 2 0 0 0 3 0 0 0 15 0 0 1 0 0 0 20 0 7
预测:     0 0 2 0 0 0 0 0 13 0 0 0 1 0 0 0 0 2 0 0 0 3 0 0 0 15 0 0 1 0 0 0 20 0 7
准确率:    1.0000 (35/35)
----------------------------------------

生成的验证样本:
--------------------------------------------------------------------------------
输入:       YBJNH D>LH> LMSV> MN KL DBJC WKLJ
目标:     0 0 0 0 5 0 0 1 0 0 4 0 0 1 6 0 10 7 0 0 0 0 0 2 0 1 0 0 2 0 36 0 0 3
预测:     0 0 0 0 5 0 0 1 0 0 4 0 0 1 6 0 10 7 0 0 0 0 0 2 0 1 0 0 2 0 36 0 0 3
准确率:    1.0000 (34/34)
----------------------------------------
输入:       D>LH> LMSV> MN KL DBJC WKLJ XJLK
目标:     0 1 0 0 4 0 0 1 6 0 10 7 0 0 0 0 0 2 0 1 0 0 2 0 36 0 0 3 0 0 0 5 0
预测:     0 1 0 0 4 0 0 1 6 0 10 7 0 0 0 0 0 2 0 1 0 0 2 0 36 0 0 3 0 0 0 5 0
准确率:    1.0000 (33/33)
----------------------------------------
💾 保存新的最佳模型！验证准确率: 0.9694 (F1: 0.9686) (Epoch 91)

======================================================================
🚀 Epoch 92/200
======================================================================
📚 开始训练阶段...
训练进度: 500/6065 损失=0.0033
训练进度: 1000/6065 损失=0.0359
训练进度: 1500/6065 损失=0.0110
训练进度: 2000/6065 损失=0.0147
训练进度: 2500/6065 损失=0.0041
训练进度: 3000/6065 损失=0.0278
训练进度: 3500/6065 损失=0.0108
训练进度: 4000/6065 损失=0.0200
训练进度: 4500/6065 损失=0.0062
训练进度: 5000/6065 损失=0.0334
训练进度: 5500/6065 损失=0.0058
训练进度: 6000/6065 损失=0.0397
训练进度: 6065/6065 损失=0.0126
✅ 训练完成，耗时: 111.0秒 (1.8分钟)

============================================================
📊 验证决策: Epoch 92/200
   验证间隔: 1
   是否验证: ✅ 是
   原因: 达到验证间隔 (0 == 0)
============================================================

🔍 开始验证...
验证进度: 500/686 损失=0.1306
验证进度: 686/686 损失=2.0400

📊 预测分布分析:
  - 预测的前5个类别: {np.int64(0): 282866, np.int64(1): 36993, np.int64(2): 14694, np.int64(3): 10842, np.int64(4): 8795}
  - 标签的前5个类别: {np.int64(0): 281232, np.int64(1): 36731, np.int64(2): 14789, np.int64(3): 10866, np.int64(4): 8585}
✅ 验证完成，耗时: 4.8秒 (0.1分钟)
训练损失: 0.0142
验证损失: 0.4149
验证准确率: 0.9690 (10623/10964) - 与Levenshtein高度相关
验证F1(加权): 0.9682 - 类别平衡更好
学习率: 0.000057
显存使用: 0.47GB (预留: 0.69GB)

生成的训练样本:
--------------------------------------------------------------------------------
输入:       T<BD <L MDBX> >MR> BNJ CNT> TRJN
目标:     0 6 0 0 3 0 0 0 0 0 0 0 4 0 0 0 0 30 0 0 0 2 0 0 0 13 9 0 0 0 2 0 12
预测:     0 6 0 0 3 0 0 0 0 0 0 0 4 0 0 0 0 30 0 0 0 2 0 0 0 13 9 0 0 0 2 0 12
准确率:    1.0000 (33/33)
----------------------------------------
输入:       WNTWBWN LWTK WNWDWN LCMK WNYLWN WNB<WN MNK
目标:     0 1 6 0 0 33 0 0 0 0 0 1 0 0 1 63 0 18 0 0 0 1 0 5 0 0 1 6 0 18 0 19 0 1 6 0 18 0 0 0 0 1 0
预测:     0 1 6 0 0 33 0 0 0 0 0 1 0 0 1 63 0 18 0 0 0 1 0 5 0 0 1 6 0 18 0 19 0 1 6 0 18 0 0 0 0 1 0
准确率:    1.0000 (43/43)
----------------------------------------
输入:       L>DM W>MR LH MN KLHWN >JLN> DBPRDJS>
目标:     0 1 0 0 2 0 1 0 0 3 0 1 0 0 0 0 0 0 5 0 0 0 0 0 0 0 11 0 0 1 1 0 0 0 0 4 0
预测:     0 1 0 0 2 0 1 0 0 3 0 1 0 0 0 0 0 0 5 0 0 0 0 0 0 0 11 0 0 1 1 0 0 0 0 4 0
准确率:    1.0000 (37/37)
----------------------------------------

生成的验证样本:
--------------------------------------------------------------------------------
输入:       YBJNH D>LH> LMSV> MN KL DBJC WKLJ
目标:     0 0 0 0 5 0 0 1 0 0 4 0 0 1 6 0 10 7 0 0 0 0 0 2 0 1 0 0 2 0 36 0 0 3
预测:     0 0 0 0 5 0 0 1 0 0 4 0 0 1 6 0 10 7 0 0 0 0 0 2 0 1 0 0 2 0 36 0 0 3
准确率:    1.0000 (34/34)
----------------------------------------
输入:       D>LH> LMSV> MN KL DBJC WKLJ XJLK
目标:     0 1 0 0 4 0 0 1 6 0 10 7 0 0 0 0 0 2 0 1 0 0 2 0 36 0 0 3 0 0 0 5 0
预测:     0 1 0 0 4 0 0 1 6 0 10 7 0 0 0 0 0 2 0 1 0 0 2 0 36 0 0 3 0 0 0 5 0
准确率:    1.0000 (33/33)
----------------------------------------
⏳ 验证无提升 (验证准确率: 0.9690 ≤ 0.9694)，patience: 1/50

======================================================================
🚀 Epoch 93/200
======================================================================
📚 开始训练阶段...
训练进度: 500/6065 损失=0.0029
训练进度: 1000/6065 损失=0.0079
训练进度: 1500/6065 损失=0.0139
训练进度: 2000/6065 损失=0.0210
训练进度: 2500/6065 损失=0.0031
训练进度: 3000/6065 损失=0.0157
训练进度: 3500/6065 损失=0.0074
训练进度: 4000/6065 损失=0.0170
训练进度: 4500/6065 损失=0.0084
训练进度: 5000/6065 损失=0.0073
训练进度: 5500/6065 损失=0.0092
训练进度: 6000/6065 损失=0.0031
训练进度: 6065/6065 损失=0.0088
✅ 训练完成，耗时: 111.1秒 (1.9分钟)

============================================================
📊 验证决策: Epoch 93/200
   验证间隔: 1
   是否验证: ✅ 是
   原因: 达到验证间隔 (0 == 0)
============================================================

🔍 开始验证...
验证进度: 500/686 损失=0.0967
验证进度: 686/686 损失=1.8830

📊 预测分布分析:
  - 预测的前5个类别: {np.int64(0): 282801, np.int64(1): 37047, np.int64(2): 14710, np.int64(3): 10716, np.int64(4): 8838}
  - 标签的前5个类别: {np.int64(0): 281232, np.int64(1): 36731, np.int64(2): 14789, np.int64(3): 10866, np.int64(4): 8585}
✅ 验证完成，耗时: 4.8秒 (0.1分钟)
训练损失: 0.0139
验证损失: 0.4172
验证准确率: 0.9691 (10625/10964) - 与Levenshtein高度相关
验证F1(加权): 0.9685 - 类别平衡更好
学习率: 0.000056
显存使用: 0.47GB (预留: 0.69GB)

生成的训练样本:
--------------------------------------------------------------------------------
输入:       YBTHWN HW D>SR JM> W>QJMH BPWQDN> DMLTH
目标:     0 0 0 37 0 0 0 0 0 12 0 1 0 0 3 0 0 4 0 0 1 17 20 0 29 0 0 1 0 0 0 0 4 0 0 1 0 13 1 0
预测:     0 0 0 37 0 0 0 0 0 12 0 1 0 0 3 0 0 4 0 0 1 17 20 0 29 0 0 1 0 0 0 0 4 0 0 1 0 13 1 0
准确率:    1.0000 (40/40)
----------------------------------------
输入:       LTRJY> P>J> TCBWXT> >WDW LMRJ> BQJTR> WBKNR>
目标:     0 1 0 8 0 43 27 0 0 0 7 0 0 0 0 8 0 13 9 0 6 50 0 18 0 0 1 0 0 0 2 0 1 0 0 0 4 0 0 1 1 0 0 4 0
预测:     0 1 0 8 0 43 27 0 0 0 7 0 0 0 0 8 0 13 9 0 6 50 0 18 0 0 1 0 0 0 2 0 1 0 0 0 4 0 0 1 1 0 0 4 0
准确率:    1.0000 (45/45)
----------------------------------------
输入:       V<NH WXZW YRRJ KSPHWN HNWN W>BWHWN WDXLW
目标:     0 0 0 5 0 0 1 0 18 0 0 0 0 22 0 0 0 0 5 0 0 0 0 0 0 0 0 0 1 0 8 5 0 0 0 0 1 0 0 3 0
预测:     0 0 0 5 0 0 1 0 18 0 0 0 0 22 0 0 0 0 5 0 0 0 0 0 0 0 0 0 1 0 8 5 0 0 0 0 1 0 0 3 0
准确率:    1.0000 (41/41)
----------------------------------------

生成的验证样本:
--------------------------------------------------------------------------------
输入:       YBJNH D>LH> LMSV> MN KL DBJC WKLJ
目标:     0 0 0 0 5 0 0 1 0 0 4 0 0 1 6 0 10 7 0 0 0 0 0 2 0 1 0 0 2 0 36 0 0 3
预测:     0 0 0 0 5 0 0 1 0 0 4 0 0 1 6 0 10 7 0 0 0 0 0 2 0 1 0 0 2 0 36 0 0 3
准确率:    1.0000 (34/34)
----------------------------------------
输入:       D>LH> LMSV> MN KL DBJC WKLJ XJLK
目标:     0 1 0 0 4 0 0 1 6 0 10 7 0 0 0 0 0 2 0 1 0 0 2 0 36 0 0 3 0 0 0 5 0
预测:     0 1 0 0 4 0 0 1 6 0 10 7 0 0 0 0 0 2 0 1 0 0 2 0 36 0 0 3 0 0 0 5 0
准确率:    1.0000 (33/33)
----------------------------------------
⏳ 验证无提升 (验证准确率: 0.9691 ≤ 0.9694)，patience: 2/50

======================================================================
🚀 Epoch 94/200
======================================================================
📚 开始训练阶段...
训练进度: 500/6065 损失=0.0067
训练进度: 1000/6065 损失=0.0047
训练进度: 1500/6065 损失=0.0130
训练进度: 2000/6065 损失=0.0172
训练进度: 2500/6065 损失=0.0184
训练进度: 3000/6065 损失=0.0219
训练进度: 3500/6065 损失=0.0350
训练进度: 4000/6065 损失=0.0351
训练进度: 4500/6065 损失=0.0263
训练进度: 5000/6065 损失=0.0095
训练进度: 5500/6065 损失=0.0080
训练进度: 6000/6065 损失=0.0115
训练进度: 6065/6065 损失=0.0196
✅ 训练完成，耗时: 110.9秒 (1.8分钟)

============================================================
📊 验证决策: Epoch 94/200
   验证间隔: 1
   是否验证: ✅ 是
   原因: 达到验证间隔 (0 == 0)
============================================================

🔍 开始验证...
验证进度: 500/686 损失=0.0891
验证进度: 686/686 损失=1.8719

📊 预测分布分析:
  - 预测的前5个类别: {np.int64(0): 282874, np.int64(1): 37009, np.int64(2): 14724, np.int64(3): 10704, np.int64(4): 8910}
  - 标签的前5个类别: {np.int64(0): 281232, np.int64(1): 36731, np.int64(2): 14789, np.int64(3): 10866, np.int64(4): 8585}
✅ 验证完成，耗时: 4.8秒 (0.1分钟)
训练损失: 0.0135
验证损失: 0.4176
验证准确率: 0.9691 (10625/10964) - 与Levenshtein高度相关
验证F1(加权): 0.9684 - 类别平衡更好
学习率: 0.000055
显存使用: 0.47GB (预留: 0.69GB)

生成的训练样本:
--------------------------------------------------------------------------------
输入:       TXV> LJ MVL HN> L> CBQTK LMQRB
目标:     0 6 0 10 3 0 1 0 0 0 0 0 0 0 0 0 0 0 0 0 0 0 3 1 0 0 1 6 0 0 7
预测:     0 6 0 10 3 0 1 0 0 0 0 0 0 0 0 0 0 0 0 0 0 0 3 1 0 0 1 6 0 0 7
准确率:    1.0000 (31/31)
----------------------------------------
输入:       H> <SW >XJ GBR S<R W>N> GBR
目标:     0 0 0 0 0 0 2 0 0 5 0 0 0 0 2 0 0 0 22 0 1 0 0 0 0 0 0 2
预测:     0 0 0 0 0 0 2 0 0 5 0 0 0 0 2 0 0 0 22 0 1 0 0 0 0 0 0 2
准确率:    1.0000 (28/28)
----------------------------------------
输入:       <MK WMN KL DXJ MN KL BSR
目标:     0 0 1 0 0 1 0 0 0 0 2 0 1 0 22 0 0 0 0 0 2 0 0 0 2
预测:     0 0 1 0 0 1 0 0 0 0 2 0 1 0 22 0 0 0 0 0 2 0 0 0 2
准确率:    1.0000 (25/25)
----------------------------------------

生成的验证样本:
--------------------------------------------------------------------------------
输入:       YBJNH D>LH> LMSV> MN KL DBJC WKLJ
目标:     0 0 0 0 5 0 0 1 0 0 4 0 0 1 6 0 10 7 0 0 0 0 0 2 0 1 0 0 2 0 36 0 0 3
预测:     0 0 0 0 5 0 0 1 0 0 4 0 0 1 6 0 10 7 0 0 0 0 0 2 0 1 0 0 2 0 36 0 0 3
准确率:    1.0000 (34/34)
----------------------------------------
输入:       D>LH> LMSV> MN KL DBJC WKLJ XJLK
目标:     0 1 0 0 4 0 0 1 6 0 10 7 0 0 0 0 0 2 0 1 0 0 2 0 36 0 0 3 0 0 0 5 0
预测:     0 1 0 0 4 0 0 1 6 0 10 7 0 0 0 0 0 2 0 1 0 0 2 0 36 0 0 3 0 0 0 5 0
准确率:    1.0000 (33/33)
----------------------------------------
⏳ 验证无提升 (验证准确率: 0.9691 ≤ 0.9694)，patience: 3/50

======================================================================
🚀 Epoch 95/200
======================================================================
📚 开始训练阶段...
训练进度: 500/6065 损失=0.0023
训练进度: 1000/6065 损失=0.0119
训练进度: 1500/6065 损失=0.0075
训练进度: 2000/6065 损失=0.0055
训练进度: 2500/6065 损失=0.0039
训练进度: 3000/6065 损失=0.0102
训练进度: 3500/6065 损失=0.0036
训练进度: 4000/6065 损失=0.0061
训练进度: 4500/6065 损失=0.0371
训练进度: 5000/6065 损失=0.0088
训练进度: 5500/6065 损失=0.0033
训练进度: 6000/6065 损失=0.0342
训练进度: 6065/6065 损失=0.0208
✅ 训练完成，耗时: 110.6秒 (1.8分钟)

============================================================
📊 验证决策: Epoch 95/200
   验证间隔: 1
   是否验证: ✅ 是
   原因: 达到验证间隔 (0 == 0)
============================================================

🔍 开始验证...
验证进度: 500/686 损失=0.0994
验证进度: 686/686 损失=1.9960

📊 预测分布分析:
  - 预测的前5个类别: {np.int64(0): 282972, np.int64(1): 37020, np.int64(2): 14656, np.int64(3): 10713, np.int64(4): 9038}
  - 标签的前5个类别: {np.int64(0): 281232, np.int64(1): 36731, np.int64(2): 14789, np.int64(3): 10866, np.int64(4): 8585}
✅ 验证完成，耗时: 4.8秒 (0.1分钟)
训练损失: 0.0132
验证损失: 0.4285
验证准确率: 0.9692 (10626/10964) - 与Levenshtein高度相关
验证F1(加权): 0.9684 - 类别平衡更好
学习率: 0.000055
显存使用: 0.47GB (预留: 0.69GB)

生成的训练样本:
--------------------------------------------------------------------------------
输入:       >N> >JL >LHH D>BWK L> TDXL LMXT
目标:     0 0 0 0 0 0 0 22 0 0 0 5 0 0 1 0 8 5 0 0 0 0 0 6 0 0 3 0 1 34 0 7
预测:     0 0 0 0 0 0 0 22 0 0 0 5 0 0 1 0 8 5 0 0 0 0 0 6 0 0 3 0 1 34 0 7
准确率:    1.0000 (32/32)
----------------------------------------
输入:       DJ<QWB CB<JN NPCN WJWSP HW> BMYRJN WMJT
目标:     0 1 0 0 0 0 2 0 0 0 2 0 0 0 0 0 2 0 0 1 0 0 0 2 0 0 10 3 0 1 0 0 0 0 2 0 1 20 0 3
预测:     0 1 0 0 0 0 2 0 0 0 2 0 0 0 0 0 2 0 0 1 0 0 0 2 0 0 10 3 0 1 0 0 0 0 2 0 1 20 0 3
准确率:    1.0000 (40/40)
----------------------------------------
输入:       DJLN DKRSVJN> DBKL >TR WBKL PNJN >QJM
目标:     0 0 0 1 0 0 1 0 0 0 0 0 11 0 0 1 1 0 2 0 0 0 2 0 1 1 0 2 0 0 0 22 0 0 17 20 0 3
预测:     0 0 0 1 0 0 1 0 0 0 0 0 11 0 0 1 1 0 2 0 0 0 2 0 1 1 0 2 0 0 0 22 0 0 17 20 0 3
准确率:    1.0000 (38/38)
----------------------------------------

生成的验证样本:
--------------------------------------------------------------------------------
输入:       YBJNH D>LH> LMSV> MN KL DBJC WKLJ
目标:     0 0 0 0 5 0 0 1 0 0 4 0 0 1 6 0 10 7 0 0 0 0 0 2 0 1 0 0 2 0 36 0 0 3
预测:     0 0 0 0 5 0 0 1 0 0 4 0 0 1 6 0 10 7 0 0 0 0 0 2 0 1 0 0 2 0 36 0 0 3
准确率:    1.0000 (34/34)
----------------------------------------
输入:       D>LH> LMSV> MN KL DBJC WKLJ XJLK
目标:     0 1 0 0 4 0 0 1 6 0 10 7 0 0 0 0 0 2 0 1 0 0 2 0 36 0 0 3 0 0 0 5 0
预测:     0 1 0 0 4 0 0 1 6 0 10 7 0 0 0 0 0 2 0 1 0 0 2 0 36 0 0 3 0 0 0 5 0
准确率:    1.0000 (33/33)
----------------------------------------
⏳ 验证无提升 (验证准确率: 0.9692 ≤ 0.9694)，patience: 4/50

======================================================================
🚀 Epoch 96/200
======================================================================
📚 开始训练阶段...
训练进度: 500/6065 损失=0.0097
训练进度: 1000/6065 损失=0.0116
训练进度: 1500/6065 损失=0.0109
训练进度: 2000/6065 损失=0.0370
训练进度: 2500/6065 损失=0.0304
训练进度: 3000/6065 损失=0.0387
训练进度: 3500/6065 损失=0.0043
训练进度: 4000/6065 损失=0.0107
训练进度: 4500/6065 损失=0.0016
训练进度: 5000/6065 损失=0.0145
训练进度: 5500/6065 损失=0.0218
训练进度: 6000/6065 损失=0.0154
训练进度: 6065/6065 损失=0.0148
✅ 训练完成，耗时: 110.7秒 (1.8分钟)

============================================================
📊 验证决策: Epoch 96/200
   验证间隔: 1
   是否验证: ✅ 是
   原因: 达到验证间隔 (0 == 0)
============================================================

🔍 开始验证...
验证进度: 500/686 损失=0.1886
验证进度: 686/686 损失=1.7497

📊 预测分布分析:
  - 预测的前5个类别: {np.int64(0): 282855, np.int64(1): 37058, np.int64(2): 14718, np.int64(3): 10838, np.int64(4): 8829}
  - 标签的前5个类别: {np.int64(0): 281232, np.int64(1): 36731, np.int64(2): 14789, np.int64(3): 10866, np.int64(4): 8585}
✅ 验证完成，耗时: 4.9秒 (0.1分钟)
训练损失: 0.0132
验证损失: 0.4200
验证准确率: 0.9691 (10624/10964) - 与Levenshtein高度相关
验证F1(加权): 0.9683 - 类别平衡更好
学习率: 0.000054
显存使用: 0.47GB (预留: 0.69GB)

生成的训练样本:
--------------------------------------------------------------------------------
输入:       HLJN CLMJN >NWN <MN NTBWN B>R<> WNTTGRWN
目标:     0 0 0 0 0 0 0 0 7 0 0 0 0 0 0 0 0 0 1 0 0 52 0 3 0 0 0 1 0 0 4 0 0 1 21 14 0 0 33 0 19
预测:     0 0 0 0 0 0 0 0 7 0 0 0 0 0 0 0 0 0 1 0 0 52 0 3 0 0 0 1 0 0 4 0 0 1 21 14 0 0 33 0 19
准确率:    1.0000 (41/41)
----------------------------------------
输入:       W>MR LJ<QWB BNT> BNTJ WBNJ> BNJ W<N>
目标:     0 1 0 0 3 0 1 0 0 0 0 2 0 0 22 23 0 0 0 2 32 0 0 1 0 2 9 0 0 0 2 46 0 1 0 4 0
预测:     0 1 0 0 3 0 1 0 0 0 0 2 0 0 22 23 0 0 0 2 32 0 0 1 0 2 9 0 0 0 2 46 0 1 0 4 0
准确率:    1.0000 (37/37)
----------------------------------------
输入:       MVL> B>R<> QB< >NT WMDJNT> <QR >NT
目标:     0 0 0 297 0 0 1 0 0 4 0 0 0 0 7 0 0 0 0 0 1 0 0 0 13 23 0 0 0 0 7 0 0 0 0
预测:     0 0 0 297 0 0 1 0 0 4 0 0 0 0 7 0 0 0 0 0 1 0 0 0 13 23 0 0 0 0 7 0 0 0 0
准确率:    1.0000 (35/35)
----------------------------------------

生成的验证样本:
--------------------------------------------------------------------------------
输入:       YBJNH D>LH> LMSV> MN KL DBJC WKLJ
目标:     0 0 0 0 5 0 0 1 0 0 4 0 0 1 6 0 10 7 0 0 0 0 0 2 0 1 0 0 2 0 36 0 0 3
预测:     0 0 0 0 5 0 0 1 0 0 4 0 0 1 6 0 10 7 0 0 0 0 0 2 0 1 0 0 2 0 36 0 0 3
准确率:    1.0000 (34/34)
----------------------------------------
输入:       D>LH> LMSV> MN KL DBJC WKLJ XJLK
目标:     0 1 0 0 4 0 0 1 6 0 10 7 0 0 0 0 0 2 0 1 0 0 2 0 36 0 0 3 0 0 0 5 0
预测:     0 1 0 0 4 0 0 1 6 0 10 7 0 0 0 0 0 2 0 1 0 0 2 0 36 0 0 3 0 0 0 5 0
准确率:    1.0000 (33/33)
----------------------------------------
⏳ 验证无提升 (验证准确率: 0.9691 ≤ 0.9694)，patience: 5/50

======================================================================
🚀 Epoch 97/200
======================================================================
📚 开始训练阶段...
训练进度: 500/6065 损失=0.0100
训练进度: 1000/6065 损失=0.0078
训练进度: 1500/6065 损失=0.0149
训练进度: 2000/6065 损失=0.0183
训练进度: 2500/6065 损失=0.0040
训练进度: 3000/6065 损失=0.0095
训练进度: 3500/6065 损失=0.0132
训练进度: 4000/6065 损失=0.0307
训练进度: 4500/6065 损失=0.0016
训练进度: 5000/6065 损失=0.0007
训练进度: 5500/6065 损失=0.0106
训练进度: 6000/6065 损失=0.0138
训练进度: 6065/6065 损失=0.0246
✅ 训练完成，耗时: 110.6秒 (1.8分钟)

============================================================
📊 验证决策: Epoch 97/200
   验证间隔: 1
   是否验证: ✅ 是
   原因: 达到验证间隔 (0 == 0)
============================================================

🔍 开始验证...
验证进度: 500/686 损失=0.1523
验证进度: 686/686 损失=1.8610

📊 预测分布分析:
  - 预测的前5个类别: {np.int64(0): 282794, np.int64(1): 37056, np.int64(2): 14702, np.int64(3): 10718, np.int64(4): 9081}
  - 标签的前5个类别: {np.int64(0): 281232, np.int64(1): 36731, np.int64(2): 14789, np.int64(3): 10866, np.int64(4): 8585}
✅ 验证完成，耗时: 4.9秒 (0.1分钟)
训练损失: 0.0127
验证损失: 0.4313
验证准确率: 0.9689 (10622/10964) - 与Levenshtein高度相关
验证F1(加权): 0.9681 - 类别平衡更好
学习率: 0.000053
显存使用: 0.47GB (预留: 0.69GB)

生成的训练样本:
--------------------------------------------------------------------------------
输入:       GBR> SB> W>MRT >JK> >NWN >BVL MN
目标:     0 0 0 11 0 0 0 11 0 0 1 0 0 3 0 0 0 0 0 0 0 0 0 0 0 0 6 0 0 16 0 0 0
预测:     0 0 0 11 0 0 0 11 0 0 1 0 0 3 0 0 0 0 0 0 0 0 0 0 0 0 6 0 0 16 0 0 0
准确率:    1.0000 (33/33)
----------------------------------------
输入:       MCWZB >NT LJ BSWG>> DMRXMNWTK W>CBXK W>QLSK
目标:     0 6 50 0 0 7 0 0 0 0 0 1 0 0 1 0 0 0 4 0 0 1 0 0 0 0 0 2 1 0 0 1 6 0 0 51 0 0 1 6 0 0 51 0
预测:     0 6 50 0 0 7 0 0 0 0 0 1 0 0 1 0 0 0 4 0 0 1 0 0 0 0 0 2 1 0 0 1 6 0 0 51 0 0 1 6 0 0 51 0
准确率:    1.0000 (44/44)
----------------------------------------
输入:       BJNT TRJN KRWB> D>JT L<L MN QBWT>
目标:     0 0 0 2 12 0 0 2 0 12 0 0 0 0 11 0 0 1 0 0 24 0 1 0 0 0 0 0 0 60 0 2 9 0
预测:     0 0 0 2 12 0 0 2 0 12 0 0 0 0 11 0 0 1 0 0 24 0 1 0 0 0 0 0 0 60 0 2 9 0
准确率:    1.0000 (34/34)
----------------------------------------

生成的验证样本:
--------------------------------------------------------------------------------
输入:       YBJNH D>LH> LMSV> MN KL DBJC WKLJ
目标:     0 0 0 0 5 0 0 1 0 0 4 0 0 1 6 0 10 7 0 0 0 0 0 2 0 1 0 0 2 0 36 0 0 3
预测:     0 0 0 0 5 0 0 1 0 0 4 0 0 1 6 0 10 7 0 0 0 0 0 2 0 1 0 0 2 0 36 0 0 3
准确率:    1.0000 (34/34)
----------------------------------------
输入:       D>LH> LMSV> MN KL DBJC WKLJ XJLK
目标:     0 1 0 0 4 0 0 1 6 0 10 7 0 0 0 0 0 2 0 1 0 0 2 0 36 0 0 3 0 0 0 5 0
预测:     0 1 0 0 4 0 0 1 6 0 10 7 0 0 0 0 0 2 0 1 0 0 2 0 36 0 0 3 0 0 0 5 0
准确率:    1.0000 (33/33)
----------------------------------------
⏳ 验证无提升 (验证准确率: 0.9689 ≤ 0.9694)，patience: 6/50

======================================================================
🚀 Epoch 98/200
======================================================================
📚 开始训练阶段...
训练进度: 500/6065 损失=0.0167
训练进度: 1000/6065 损失=0.0074
训练进度: 1500/6065 损失=0.0266
训练进度: 2000/6065 损失=0.0081
训练进度: 2500/6065 损失=0.0147
训练进度: 3000/6065 损失=0.0135
训练进度: 3500/6065 损失=0.0283
训练进度: 4000/6065 损失=0.0063
训练进度: 4500/6065 损失=0.0146
训练进度: 5000/6065 损失=0.0137
训练进度: 5500/6065 损失=0.0056
训练进度: 6000/6065 损失=0.0134
训练进度: 6065/6065 损失=0.0439
✅ 训练完成，耗时: 111.1秒 (1.9分钟)

============================================================
📊 验证决策: Epoch 98/200
   验证间隔: 1
   是否验证: ✅ 是
   原因: 达到验证间隔 (0 == 0)
============================================================

🔍 开始验证...
验证进度: 500/686 损失=0.1070
验证进度: 686/686 损失=1.8140

📊 预测分布分析:
  - 预测的前5个类别: {np.int64(0): 283003, np.int64(1): 36980, np.int64(2): 14662, np.int64(3): 10611, np.int64(4): 9008}
  - 标签的前5个类别: {np.int64(0): 281232, np.int64(1): 36731, np.int64(2): 14789, np.int64(3): 10866, np.int64(4): 8585}
✅ 验证完成，耗时: 4.9秒 (0.1分钟)
训练损失: 0.0127
验证损失: 0.4271
验证准确率: 0.9692 (10626/10964) - 与Levenshtein高度相关
验证F1(加权): 0.9684 - 类别平衡更好
学习率: 0.000052
显存使用: 0.47GB (预留: 0.69GB)

生成的训练样本:
--------------------------------------------------------------------------------
输入:       QDM <M> HW WJCW< BRNWN WKD CLM
目标:     0 0 0 2 0 0 15 0 0 0 0 0 1 0 0 0 2 0 0 5 0 0 2 0 1 0 0 0 0 0 16
预测:     0 0 0 2 0 0 15 0 0 0 0 0 1 0 0 0 2 0 0 5 0 0 2 0 1 0 0 0 0 0 16
准确率:    1.0000 (31/31)
----------------------------------------
输入:       M>T >NT <L >PJ >NTT> DDBRT MVL
目标:     0 20 0 7 0 0 0 0 0 0 0 0 54 2 0 0 0 0 13 9 0 0 1 0 0 3 12 0 0 0 0
预测:     0 20 0 7 0 0 0 0 0 0 0 0 54 2 0 0 0 0 13 9 0 0 1 0 0 3 12 0 0 0 0
准确率:    1.0000 (31/31)
----------------------------------------
输入:       DXMR> CT> HW> >N MLK> SQ> LBC
目标:     0 1 0 0 15 0 0 0 10 7 0 0 10 3 0 0 0 0 0 0 4 0 0 0 4 0 0 0 0 3
预测:     0 1 0 0 15 0 0 0 10 7 0 0 10 3 0 0 0 0 0 0 4 0 0 0 4 0 0 0 0 3
准确率:    1.0000 (30/30)
----------------------------------------

生成的验证样本:
--------------------------------------------------------------------------------
输入:       YBJNH D>LH> LMSV> MN KL DBJC WKLJ
目标:     0 0 0 0 5 0 0 1 0 0 4 0 0 1 6 0 10 7 0 0 0 0 0 2 0 1 0 0 2 0 36 0 0 3
预测:     0 0 0 0 5 0 0 1 0 0 4 0 0 1 6 0 10 7 0 0 0 0 0 2 0 1 0 0 2 0 36 0 0 3
准确率:    1.0000 (34/34)
----------------------------------------
输入:       D>LH> LMSV> MN KL DBJC WKLJ XJLK
目标:     0 1 0 0 4 0 0 1 6 0 10 7 0 0 0 0 0 2 0 1 0 0 2 0 36 0 0 3 0 0 0 5 0
预测:     0 1 0 0 4 0 0 1 6 0 10 7 0 0 0 0 0 2 0 1 0 0 2 0 36 0 0 3 0 0 0 5 0
准确率:    1.0000 (33/33)
----------------------------------------
⏳ 验证无提升 (验证准确率: 0.9692 ≤ 0.9694)，patience: 7/50

======================================================================
🚀 Epoch 99/200
======================================================================
📚 开始训练阶段...
训练进度: 500/6065 损失=0.0023
训练进度: 1000/6065 损失=0.0092
训练进度: 1500/6065 损失=0.0034
训练进度: 2000/6065 损失=0.0153
训练进度: 2500/6065 损失=0.0161
训练进度: 3000/6065 损失=0.0175
训练进度: 3500/6065 损失=0.0222
训练进度: 4000/6065 损失=0.0179
训练进度: 4500/6065 损失=0.0019
训练进度: 5000/6065 损失=0.0012
训练进度: 5500/6065 损失=0.0016
训练进度: 6000/6065 损失=0.0226
训练进度: 6065/6065 损失=0.0316
✅ 训练完成，耗时: 111.3秒 (1.9分钟)

============================================================
📊 验证决策: Epoch 99/200
   验证间隔: 1
   是否验证: ✅ 是
   原因: 达到验证间隔 (0 == 0)
============================================================

🔍 开始验证...
验证进度: 500/686 损失=0.0869
验证进度: 686/686 损失=1.8167

📊 预测分布分析:
  - 预测的前5个类别: {np.int64(0): 282884, np.int64(1): 37011, np.int64(2): 14686, np.int64(3): 10734, np.int64(4): 8941}
  - 标签的前5个类别: {np.int64(0): 281232, np.int64(1): 36731, np.int64(2): 14789, np.int64(3): 10866, np.int64(4): 8585}
✅ 验证完成，耗时: 4.9秒 (0.1分钟)
训练损失: 0.0123
验证损失: 0.4291
验证准确率: 0.9694 (10628/10964) - 与Levenshtein高度相关
验证F1(加权): 0.9687 - 类别平衡更好
学习率: 0.000051
显存使用: 0.47GB (预留: 0.69GB)

生成的训练样本:
--------------------------------------------------------------------------------
输入:       L>R<> DMRDJ> XLB> WDBC> WNCM<WN LQLK WT<WL
目标:     0 1 0 0 4 0 0 1 28 0 0 7 0 0 0 0 4 0 0 1 0 0 4 0 0 1 6 0 0 3 0 0 0 1 0 5 0 0 1 6 8 0 53
预测:     0 1 0 0 4 0 0 1 28 0 0 7 0 0 0 0 4 0 0 1 0 0 4 0 0 1 6 0 0 3 0 0 0 1 0 5 0 0 1 6 8 0 53
准确率:    1.0000 (43/43)
----------------------------------------
输入:       BNJ >JSRJL LMMR <M >JLJN D>ZLJN MVL
目标:     0 0 2 0 0 0 0 0 0 0 2 0 1 6 31 49 0 0 0 0 0 0 0 0 0 0 1 0 0 7 0 0 0 0 0 0
预测:     0 0 2 0 0 0 0 0 0 0 2 0 1 6 31 49 0 0 0 0 0 0 0 0 0 0 1 0 0 7 0 0 0 0 0 0
准确率:    1.0000 (36/36)
----------------------------------------
输入:       <M KLHWN BNJ >NC> MTXCXJN BX>RWT> DKJNHWN
目标:     0 0 22 0 0 5 0 0 0 0 0 2 0 0 0 0 4 0 0 21 14 0 0 7 0 19 0 1 0 0 0 2 9 0 0 1 0 0 5 0 0 0
预测:     0 0 22 0 0 5 0 0 0 0 0 2 0 0 0 0 4 0 0 21 14 0 0 7 0 19 0 1 0 0 0 2 9 0 0 1 0 0 5 0 0 0
准确率:    1.0000 (42/42)
----------------------------------------

生成的验证样本:
--------------------------------------------------------------------------------
输入:       YBJNH D>LH> LMSV> MN KL DBJC WKLJ
目标:     0 0 0 0 5 0 0 1 0 0 4 0 0 1 6 0 10 7 0 0 0 0 0 2 0 1 0 0 2 0 36 0 0 3
预测:     0 0 0 0 5 0 0 1 0 0 4 0 0 1 6 0 10 7 0 0 0 0 0 2 0 1 0 0 2 0 36 0 0 3
准确率:    1.0000 (34/34)
----------------------------------------
输入:       D>LH> LMSV> MN KL DBJC WKLJ XJLK
目标:     0 1 0 0 4 0 0 1 6 0 10 7 0 0 0 0 0 2 0 1 0 0 2 0 36 0 0 3 0 0 0 5 0
预测:     0 1 0 0 4 0 0 1 6 0 10 7 0 0 0 0 0 2 0 1 0 0 2 0 36 0 0 3 0 0 0 5 0
准确率:    1.0000 (33/33)
----------------------------------------
💾 保存新的最佳模型！验证准确率: 0.9694 (F1: 0.9687) (Epoch 99)

======================================================================
🚀 Epoch 100/200
======================================================================
📚 开始训练阶段...
训练进度: 500/6065 损失=0.0023
训练进度: 1000/6065 损失=0.0062
训练进度: 1500/6065 损失=0.0089
训练进度: 2000/6065 损失=0.0088
训练进度: 2500/6065 损失=0.0259
训练进度: 3000/6065 损失=0.0070
训练进度: 3500/6065 损失=0.0043
训练进度: 4000/6065 损失=0.0034
训练进度: 4500/6065 损失=0.0123
训练进度: 5000/6065 损失=0.0010
训练进度: 5500/6065 损失=0.0017
训练进度: 6000/6065 损失=0.0142
训练进度: 6065/6065 损失=0.0030
✅ 训练完成，耗时: 111.7秒 (1.9分钟)

============================================================
📊 验证决策: Epoch 100/200
   验证间隔: 1
   是否验证: ✅ 是
   原因: 达到验证间隔 (0 == 0)
============================================================

🔍 开始验证...
验证进度: 500/686 损失=0.0926
验证进度: 686/686 损失=2.1820

📊 预测分布分析:
  - 预测的前5个类别: {np.int64(0): 282841, np.int64(1): 36998, np.int64(2): 14774, np.int64(3): 10662, np.int64(4): 8856}
  - 标签的前5个类别: {np.int64(0): 281232, np.int64(1): 36731, np.int64(2): 14789, np.int64(3): 10866, np.int64(4): 8585}
✅ 验证完成，耗时: 4.9秒 (0.1分钟)
训练损失: 0.0120
验证损失: 0.4316
验证准确率: 0.9691 (10625/10964) - 与Levenshtein高度相关
验证F1(加权): 0.9684 - 类别平衡更好
学习率: 0.000051
显存使用: 0.47GB (预留: 0.69GB)

生成的训练样本:
--------------------------------------------------------------------------------
输入:       MN QDM MRJ> WSLQ BNJ> BR JWJD<
目标:     0 0 0 0 0 0 2 0 0 0 0 2 0 1 0 0 3 0 0 0 0 2 0 0 2 0 0 0 0 0 2
预测:     0 0 0 0 0 0 2 0 0 0 0 2 0 1 0 0 3 0 0 0 0 2 0 0 2 0 0 0 0 0 2
准确率:    1.0000 (31/31)
----------------------------------------
输入:       LBJT> KD XDR MN LBR DNHW> >XJD
目标:     0 1 0 0 4 0 0 0 0 0 0 0 2 0 0 0 0 1 0 22 0 1 6 0 10 3 0 0 8 0 40
预测:     0 1 0 0 4 0 0 0 0 0 0 0 2 0 0 0 0 1 0 22 0 1 6 0 10 3 0 0 8 0 40
准确率:    1.0000 (31/31)
----------------------------------------
输入:       LH C>L LN B>LH> WND< >N MKCR>
目标:     0 1 0 6 0 0 3 0 1 0 0 1 0 0 4 0 0 1 52 0 3 0 0 0 0 28 0 0 7 0
预测:     0 1 0 6 0 0 3 0 1 0 0 1 0 0 4 0 0 1 52 0 3 0 0 0 0 28 0 0 7 0
准确率:    1.0000 (30/30)
----------------------------------------

生成的验证样本:
--------------------------------------------------------------------------------
输入:       YBJNH D>LH> LMSV> MN KL DBJC WKLJ
目标:     0 0 0 0 5 0 0 1 0 0 4 0 0 1 6 0 10 7 0 0 0 0 0 2 0 1 0 0 2 0 36 0 0 3
预测:     0 0 0 0 5 0 0 1 0 0 4 0 0 1 6 0 10 7 0 0 0 0 0 2 0 1 0 0 2 0 36 0 0 3
准确率:    1.0000 (34/34)
----------------------------------------
输入:       D>LH> LMSV> MN KL DBJC WKLJ XJLK
目标:     0 1 0 0 4 0 0 1 6 0 10 7 0 0 0 0 0 2 0 1 0 0 2 0 36 0 0 3 0 0 0 5 0
预测:     0 1 0 0 4 0 0 1 6 0 10 7 0 0 0 0 0 2 0 1 0 0 2 0 36 0 0 3 0 0 0 5 0
准确率:    1.0000 (33/33)
----------------------------------------
⏳ 验证无提升 (验证准确率: 0.9691 ≤ 0.9694)，patience: 1/50

======================================================================
🚀 Epoch 101/200
======================================================================
📚 开始训练阶段...
训练进度: 500/6065 损失=0.0278
训练进度: 1000/6065 损失=0.0125
训练进度: 1500/6065 损失=0.0123
训练进度: 2000/6065 损失=0.0051
训练进度: 2500/6065 损失=0.0101
训练进度: 3000/6065 损失=0.0292
训练进度: 3500/6065 损失=0.0030
训练进度: 4000/6065 损失=0.0045
训练进度: 4500/6065 损失=0.0383
训练进度: 5000/6065 损失=0.0022
训练进度: 5500/6065 损失=0.0299
训练进度: 6000/6065 损失=0.0041
训练进度: 6065/6065 损失=0.0138
✅ 训练完成，耗时: 111.9秒 (1.9分钟)

============================================================
📊 验证决策: Epoch 101/200
   验证间隔: 1
   是否验证: ✅ 是
   原因: 达到验证间隔 (0 == 0)
============================================================

🔍 开始验证...
验证进度: 500/686 损失=0.0891
验证进度: 686/686 损失=1.7679

📊 预测分布分析:
  - 预测的前5个类别: {np.int64(0): 283177, np.int64(1): 36990, np.int64(2): 14678, np.int64(3): 10767, np.int64(4): 8813}
  - 标签的前5个类别: {np.int64(0): 281232, np.int64(1): 36731, np.int64(2): 14789, np.int64(3): 10866, np.int64(4): 8585}
✅ 验证完成，耗时: 4.9秒 (0.1分钟)
训练损失: 0.0119
验证损失: 0.4413
验证准确率: 0.9689 (10623/10964) - 与Levenshtein高度相关
验证F1(加权): 0.9682 - 类别平衡更好
学习率: 0.000050
显存使用: 0.47GB (预留: 0.69GB)

生成的训练样本:
--------------------------------------------------------------------------------
输入:       NPQT WQWLT> <L KTPH WNXTT L<JN> WMLT
目标:     0 0 0 3 26 0 1 0 0 13 9 0 0 0 0 0 0 0 5 12 0 1 0 0 3 26 0 1 0 0 4 0 0 1 0 18 26
预测:     0 0 0 3 26 0 1 0 0 13 9 0 0 0 0 0 0 0 5 12 0 1 0 0 3 26 0 1 0 0 4 0 0 1 0 18 26
准确率:    1.0000 (37/37)
----------------------------------------
输入:       WH> HW BPWM V<NJ WZ< LBHWN WTMHW
目标:     0 1 0 0 0 0 0 0 1 0 0 2 0 0 0 5 0 0 1 31 3 0 0 5 0 0 0 0 1 0 0 33 0
预测:     0 1 0 0 0 0 0 0 1 0 0 2 0 0 0 5 0 0 1 31 3 0 0 5 0 0 0 0 1 0 0 33 0
准确率:    1.0000 (33/33)
----------------------------------------
输入:       HWW MDJRJHJN WD>TKRJW XJJHWN BNWGR> BRK XJJHWN
目标:     0 0 18 0 0 0 0 0 2 1 0 0 0 0 1 1 0 14 0 0 3 0 0 0 2 1 0 0 0 0 1 0 0 0 4 0 0 0 0 16 0 0 2 1 0 0 0
预测:     0 0 18 0 0 0 0 0 2 1 0 0 0 0 1 1 0 14 0 0 3 0 0 0 2 1 0 0 0 0 1 0 0 0 4 0 0 0 0 16 0 0 2 1 0 0 0
准确率:    1.0000 (47/47)
----------------------------------------

生成的验证样本:
--------------------------------------------------------------------------------
输入:       YBJNH D>LH> LMSV> MN KL DBJC WKLJ
目标:     0 0 0 0 5 0 0 1 0 0 4 0 0 1 6 0 10 7 0 0 0 0 0 2 0 1 0 0 2 0 36 0 0 3
预测:     0 0 0 0 5 0 0 1 0 0 4 0 0 1 6 0 10 7 0 0 0 0 0 2 0 1 0 0 2 0 36 0 0 3
准确率:    1.0000 (34/34)
----------------------------------------
输入:       D>LH> LMSV> MN KL DBJC WKLJ XJLK
目标:     0 1 0 0 4 0 0 1 6 0 10 7 0 0 0 0 0 2 0 1 0 0 2 0 36 0 0 3 0 0 0 5 0
预测:     0 1 0 0 4 0 0 1 6 0 10 7 0 0 0 0 0 2 0 1 0 0 2 0 1 0 0 3 0 0 0 5 0
准确率:    0.9697 (32/33)
----------------------------------------
⏳ 验证无提升 (验证准确率: 0.9689 ≤ 0.9694)，patience: 2/50

======================================================================
🚀 Epoch 102/200
======================================================================
📚 开始训练阶段...
训练进度: 500/6065 损失=0.0085
训练进度: 1000/6065 损失=0.0528
训练进度: 1500/6065 损失=0.0025
训练进度: 2000/6065 损失=0.0014
训练进度: 2500/6065 损失=0.0039
训练进度: 3000/6065 损失=0.0281
训练进度: 3500/6065 损失=0.0213
训练进度: 4000/6065 损失=0.0200
训练进度: 4500/6065 损失=0.0005
训练进度: 5000/6065 损失=0.0155
训练进度: 5500/6065 损失=0.0165
训练进度: 6000/6065 损失=0.0224
训练进度: 6065/6065 损失=0.0200
✅ 训练完成，耗时: 111.9秒 (1.9分钟)

============================================================
📊 验证决策: Epoch 102/200
   验证间隔: 1
   是否验证: ✅ 是
   原因: 达到验证间隔 (0 == 0)
============================================================

🔍 开始验证...
验证进度: 500/686 损失=0.1210
验证进度: 686/686 损失=1.7666

📊 预测分布分析:
  - 预测的前5个类别: {np.int64(0): 282821, np.int64(1): 37050, np.int64(2): 14707, np.int64(3): 10788, np.int64(4): 8861}
  - 标签的前5个类别: {np.int64(0): 281232, np.int64(1): 36731, np.int64(2): 14789, np.int64(3): 10866, np.int64(4): 8585}
✅ 验证完成，耗时: 4.9秒 (0.1分钟)
训练损失: 0.0115
验证损失: 0.4346
验证准确率: 0.9690 (10624/10964) - 与Levenshtein高度相关
验证F1(加权): 0.9683 - 类别平衡更好
学习率: 0.000049
显存使用: 0.47GB (预留: 0.69GB)

生成的训练样本:
--------------------------------------------------------------------------------
输入:       DBJT NDWB<JL W<M BJTH JWMN> XDW B>BJMLK
目标:     0 1 0 0 2 0 0 0 0 0 0 0 2 0 1 0 0 0 0 0 5 0 0 0 0 0 4 0 6 0 18 0 0 1 0 0 0 0 0 2
预测:     0 1 0 0 2 0 0 0 0 0 0 0 2 0 1 0 0 0 0 0 5 0 0 0 0 0 4 0 6 0 18 0 0 1 0 0 0 0 0 2
准确率:    1.0000 (40/40)
----------------------------------------
输入:       >LY DTQN>JT NCM<JWHJ >NC KD HW HPK>JT
目标:     0 0 0 7 0 1 0 0 0 0 0 0 0 6 0 0 48 35 0 0 0 0 0 0 2 0 0 0 0 0 0 0 0 0 0 0 0 0
预测:     0 0 0 7 0 1 0 0 0 0 0 0 0 6 0 0 48 35 0 0 0 0 0 0 2 0 0 0 0 0 0 0 0 0 0 0 0 0
准确率:    1.0000 (38/38)
----------------------------------------
输入:       DLCT> JWMJN <BD MRJ> CMJ> W>R<> WJMM>
目标:     0 1 1 0 2 0 0 0 0 2 0 0 0 0 0 3 0 0 0 0 2 0 0 24 9 0 0 1 0 0 4 0 0 1 0 8 11 0
预测:     0 1 1 0 2 0 0 0 0 2 0 0 0 0 0 3 0 0 0 0 2 0 0 24 9 0 0 1 0 0 4 0 0 1 0 8 11 0
准确率:    1.0000 (38/38)
----------------------------------------

生成的验证样本:
--------------------------------------------------------------------------------
输入:       YBJNH D>LH> LMSV> MN KL DBJC WKLJ
目标:     0 0 0 0 5 0 0 1 0 0 4 0 0 1 6 0 10 7 0 0 0 0 0 2 0 1 0 0 2 0 36 0 0 3
预测:     0 0 0 0 5 0 0 1 0 0 4 0 0 1 6 0 10 7 0 0 0 0 0 2 0 1 0 0 2 0 36 0 0 3
准确率:    1.0000 (34/34)
----------------------------------------
输入:       D>LH> LMSV> MN KL DBJC WKLJ XJLK
目标:     0 1 0 0 4 0 0 1 6 0 10 7 0 0 0 0 0 2 0 1 0 0 2 0 36 0 0 3 0 0 0 5 0
预测:     0 1 0 0 4 0 0 1 6 0 10 7 0 0 0 0 0 2 0 1 0 0 2 0 36 0 0 3 0 0 0 5 0
准确率:    1.0000 (33/33)
----------------------------------------
⏳ 验证无提升 (验证准确率: 0.9690 ≤ 0.9694)，patience: 3/50

======================================================================
🚀 Epoch 103/200
======================================================================
📚 开始训练阶段...
训练进度: 500/6065 损失=0.0007
训练进度: 1000/6065 损失=0.0144
训练进度: 1500/6065 损失=0.0022
训练进度: 2000/6065 损失=0.0168
训练进度: 2500/6065 损失=0.0016
训练进度: 3000/6065 损失=0.0116
训练进度: 3500/6065 损失=0.0043
训练进度: 4000/6065 损失=0.0131
训练进度: 4500/6065 损失=0.0103
训练进度: 5000/6065 损失=0.0024
训练进度: 5500/6065 损失=0.0333
训练进度: 6000/6065 损失=0.0024
训练进度: 6065/6065 损失=0.0198
✅ 训练完成，耗时: 111.9秒 (1.9分钟)

============================================================
📊 验证决策: Epoch 103/200
   验证间隔: 1
   是否验证: ✅ 是
   原因: 达到验证间隔 (0 == 0)
============================================================

🔍 开始验证...
验证进度: 500/686 损失=0.2718
验证进度: 686/686 损失=1.8676

📊 预测分布分析:
  - 预测的前5个类别: {np.int64(0): 282980, np.int64(1): 36996, np.int64(2): 14767, np.int64(3): 10662, np.int64(4): 8975}
  - 标签的前5个类别: {np.int64(0): 281232, np.int64(1): 36731, np.int64(2): 14789, np.int64(3): 10866, np.int64(4): 8585}
✅ 验证完成，耗时: 4.9秒 (0.1分钟)
训练损失: 0.0113
验证损失: 0.4410
验证准确率: 0.9694 (10628/10964) - 与Levenshtein高度相关
验证F1(加权): 0.9686 - 类别平衡更好
学习率: 0.000048
显存使用: 0.47GB (预留: 0.69GB)

生成的训练样本:
--------------------------------------------------------------------------------
输入:       DBNJK TPRWQ WL> TTXZWN QDMJ SRJQ>JT CT>
目标:     0 1 0 2 1 0 0 6 0 8 0 3 0 1 0 0 0 21 14 0 18 0 0 0 0 0 2 46 0 0 0 0 0 0 0 0 0 0 2 0
预测:     0 1 0 2 1 0 0 6 0 8 0 3 0 1 0 0 0 21 14 0 18 0 0 0 0 0 2 46 0 0 0 0 0 0 0 0 0 0 2 0
准确率:    1.0000 (40/40)
----------------------------------------
输入:       MN YJD> DBRJ MVL DTBRKK NPCJ WQRB
目标:     0 0 0 0 0 0 4 0 0 1 0 2 0 0 0 0 0 0 1 6 0 0 51 0 0 0 0 5 0 0 1 0 0 16
预测:     0 0 0 0 0 0 4 0 0 1 0 2 0 0 0 0 0 0 1 6 0 0 51 0 0 0 0 5 0 0 1 0 0 16
准确率:    1.0000 (34/34)
----------------------------------------
输入:       >TXBL MN BKJ> WMN MWKK> KLNC XBRH
目标:     0 0 14 0 0 16 0 0 0 0 0 0 15 0 0 1 0 0 0 0 0 0 4 0 0 0 84 0 2 0 0 0 5 0
预测:     0 0 14 0 0 16 0 0 0 0 0 0 15 0 0 1 0 0 0 0 0 0 4 0 0 0 84 0 2 0 0 0 5 0
准确率:    1.0000 (34/34)
----------------------------------------

生成的验证样本:
--------------------------------------------------------------------------------
输入:       YBJNH D>LH> LMSV> MN KL DBJC WKLJ
目标:     0 0 0 0 5 0 0 1 0 0 4 0 0 1 6 0 10 7 0 0 0 0 0 2 0 1 0 0 2 0 36 0 0 3
预测:     0 0 0 0 5 0 0 1 0 0 4 0 0 1 6 0 10 7 0 0 0 0 0 2 0 1 0 0 2 0 36 0 0 3
准确率:    1.0000 (34/34)
----------------------------------------
输入:       D>LH> LMSV> MN KL DBJC WKLJ XJLK
目标:     0 1 0 0 4 0 0 1 6 0 10 7 0 0 0 0 0 2 0 1 0 0 2 0 36 0 0 3 0 0 0 5 0
预测:     0 1 0 0 4 0 0 1 6 0 10 7 0 0 0 0 0 2 0 1 0 0 2 0 36 0 0 3 0 0 0 5 0
准确率:    1.0000 (33/33)
----------------------------------------
⏳ 验证无提升 (验证准确率: 0.9694 ≤ 0.9694)，patience: 4/50

======================================================================
🚀 Epoch 104/200
======================================================================
📚 开始训练阶段...
训练进度: 500/6065 损失=0.0145
训练进度: 1000/6065 损失=0.0181
训练进度: 1500/6065 损失=0.0030
训练进度: 2000/6065 损失=0.0081
训练进度: 2500/6065 损失=0.0066
训练进度: 3000/6065 损失=0.0082
训练进度: 3500/6065 损失=0.0157
训练进度: 4000/6065 损失=0.0015
训练进度: 4500/6065 损失=0.0108
训练进度: 5000/6065 损失=0.0088
训练进度: 5500/6065 损失=0.0166
训练进度: 6000/6065 损失=0.0082
训练进度: 6065/6065 损失=0.0350
✅ 训练完成，耗时: 111.7秒 (1.9分钟)

============================================================
📊 验证决策: Epoch 104/200
   验证间隔: 1
   是否验证: ✅ 是
   原因: 达到验证间隔 (0 == 0)
============================================================

🔍 开始验证...
验证进度: 500/686 损失=0.1119
验证进度: 686/686 损失=1.8206

📊 预测分布分析:
  - 预测的前5个类别: {np.int64(0): 282700, np.int64(1): 37034, np.int64(2): 14760, np.int64(3): 10595, np.int64(4): 9033}
  - 标签的前5个类别: {np.int64(0): 281232, np.int64(1): 36731, np.int64(2): 14789, np.int64(3): 10866, np.int64(4): 8585}
✅ 验证完成，耗时: 4.9秒 (0.1分钟)
训练损失: 0.0109
验证损失: 0.4445
验证准确率: 0.9691 (10625/10964) - 与Levenshtein高度相关
验证F1(加权): 0.9684 - 类别平衡更好
学习率: 0.000048
显存使用: 0.47GB (预留: 0.69GB)

生成的训练样本:
--------------------------------------------------------------------------------
输入:       BJT BWXRTJ> DMTQRJN QCNJ> MYVBTN NC> BLBWC>
目标:     0 0 66 0 0 8 0 258 8 0 11 0 0 1 21 14 0 42 0 0 0 0 0 0 11 0 0 45 97 0 0 7 19 0 0 11 0 0 1 0 0 0 11 0
预测:     0 0 66 0 0 8 0 258 8 0 11 0 0 1 21 14 0 42 0 0 0 0 0 0 11 0 0 45 97 0 0 7 19 0 0 11 0 0 1 0 0 0 11 0
准确率:    1.0000 (44/44)
----------------------------------------
输入:       XD W<SRJN BJRX> BRMC> CB<> JWMJN XMJ<>
目标:     0 0 2 0 1 0 0 2 0 0 0 1 0 0 4 0 0 1 0 0 4 0 0 0 0 2 0 0 0 0 2 0 0 0 0 0 0 4 0
预测:     0 0 2 0 1 0 0 2 0 0 0 1 0 0 4 0 0 1 0 0 4 0 0 0 0 2 0 0 0 0 2 0 0 0 0 0 0 4 0
准确率:    1.0000 (39/39)
----------------------------------------
输入:       DNV>B LKWN WNSGJKWN HKN> NXD> MRJ> <LJKWN
目标:     0 1 6 0 0 3 0 1 0 0 0 0 1 28 0 0 29 0 0 0 0 0 0 0 0 0 6 0 10 3 0 0 0 0 2 0 0 8 1 0 0 0
预测:     0 1 6 0 0 3 0 1 0 0 0 0 1 28 0 0 29 0 0 0 0 0 0 0 0 0 6 0 10 3 0 0 0 0 2 0 0 8 1 0 0 0
准确率:    1.0000 (42/42)
----------------------------------------

生成的验证样本:
--------------------------------------------------------------------------------
输入:       YBJNH D>LH> LMSV> MN KL DBJC WKLJ
目标:     0 0 0 0 5 0 0 1 0 0 4 0 0 1 6 0 10 7 0 0 0 0 0 2 0 1 0 0 2 0 36 0 0 3
预测:     0 0 0 0 5 0 0 1 0 0 4 0 0 1 6 0 10 7 0 0 0 0 0 2 0 1 0 0 2 0 1 0 0 3
准确率:    0.9706 (33/34)
----------------------------------------
输入:       D>LH> LMSV> MN KL DBJC WKLJ XJLK
目标:     0 1 0 0 4 0 0 1 6 0 10 7 0 0 0 0 0 2 0 1 0 0 2 0 36 0 0 3 0 0 0 5 0
预测:     0 1 0 0 4 0 0 1 6 0 10 7 0 0 0 0 0 2 0 1 0 0 2 0 36 0 0 3 0 0 0 5 0
准确率:    1.0000 (33/33)
----------------------------------------
⏳ 验证无提升 (验证准确率: 0.9691 ≤ 0.9694)，patience: 5/50

======================================================================
🚀 Epoch 105/200
======================================================================
📚 开始训练阶段...
训练进度: 500/6065 损失=0.0073
训练进度: 1000/6065 损失=0.0047
训练进度: 1500/6065 损失=0.0078
训练进度: 2000/6065 损失=0.0094
训练进度: 2500/6065 损失=0.0085
训练进度: 3000/6065 损失=0.0202
训练进度: 3500/6065 损失=0.0134
训练进度: 4000/6065 损失=0.0105
训练进度: 4500/6065 损失=0.0056
训练进度: 5000/6065 损失=0.0130
训练进度: 5500/6065 损失=0.0044
训练进度: 6000/6065 损失=0.0189
训练进度: 6065/6065 损失=0.0016
✅ 训练完成，耗时: 111.6秒 (1.9分钟)

============================================================
📊 验证决策: Epoch 105/200
   验证间隔: 1
   是否验证: ✅ 是
   原因: 达到验证间隔 (0 == 0)
============================================================

🔍 开始验证...
验证进度: 500/686 损失=0.1972
验证进度: 686/686 损失=1.8660

📊 预测分布分析:
  - 预测的前5个类别: {np.int64(0): 282926, np.int64(1): 37040, np.int64(2): 14634, np.int64(3): 10763, np.int64(4): 9027}
  - 标签的前5个类别: {np.int64(0): 281232, np.int64(1): 36731, np.int64(2): 14789, np.int64(3): 10866, np.int64(4): 8585}
✅ 验证完成，耗时: 4.9秒 (0.1分钟)
训练损失: 0.0108
验证损失: 0.4470
验证准确率: 0.9695 (10629/10964) - 与Levenshtein高度相关
验证F1(加权): 0.9687 - 类别平衡更好
学习率: 0.000047
显存使用: 0.47GB (预留: 0.69GB)

生成的训练样本:
--------------------------------------------------------------------------------
输入:       DBNJ> WLJT XJL> BJLDT> VK NCM< MRJ>
目标:     0 1 0 2 9 0 0 1 58 0 24 0 0 0 4 0 0 1 0 0 7 9 0 0 0 0 0 6 0 0 3 0 0 0 0 2
预测:     0 1 0 2 9 0 0 1 58 0 24 0 0 0 4 0 0 1 0 0 7 9 0 0 0 0 0 6 0 0 3 0 0 0 0 2
准确率:    1.0000 (36/36)
----------------------------------------
输入:       BNJH DBSMT >NTTH D<SW WHLJN BNJ >HLJBM>
目标:     0 0 2 1 12 0 1 0 0 0 2 0 0 0 13 1 0 0 1 0 0 2 0 1 0 0 0 0 0 0 2 0 0 0 0 0 0 0 0 2
预测:     0 0 2 1 12 0 1 0 0 0 2 0 0 0 13 1 0 0 1 0 0 2 0 1 0 0 0 0 0 0 2 0 0 0 0 0 0 0 0 2
准确率:    1.0000 (40/40)
----------------------------------------
输入:       GWDP> DNTHJMN L> MY> >CTKXT >JK TNWJ
目标:     0 0 0 0 4 0 0 1 21 14 0 0 0 16 0 0 0 0 0 10 7 0 47 39 0 0 3 26 0 0 0 0 0 0 0 0 2
预测:     0 0 0 0 4 0 0 1 21 14 0 0 0 16 0 0 0 0 0 10 7 0 47 39 0 0 3 26 0 0 0 0 0 0 0 0 2
准确率:    1.0000 (37/37)
----------------------------------------

生成的验证样本:
--------------------------------------------------------------------------------
输入:       YBJNH D>LH> LMSV> MN KL DBJC WKLJ
目标:     0 0 0 0 5 0 0 1 0 0 4 0 0 1 6 0 10 7 0 0 0 0 0 2 0 1 0 0 2 0 36 0 0 3
预测:     0 0 0 0 5 0 0 1 0 0 4 0 0 1 6 0 10 7 0 0 0 0 0 2 0 1 0 0 2 0 36 0 0 3
准确率:    1.0000 (34/34)
----------------------------------------
输入:       D>LH> LMSV> MN KL DBJC WKLJ XJLK
目标:     0 1 0 0 4 0 0 1 6 0 10 7 0 0 0 0 0 2 0 1 0 0 2 0 36 0 0 3 0 0 0 5 0
预测:     0 1 0 0 4 0 0 1 6 0 10 7 0 0 0 0 0 2 0 1 0 0 2 0 36 0 0 3 0 0 0 5 0
准确率:    1.0000 (33/33)
----------------------------------------
💾 保存新的最佳模型！验证准确率: 0.9695 (F1: 0.9687) (Epoch 105)

======================================================================
🚀 Epoch 106/200
======================================================================
📚 开始训练阶段...
训练进度: 500/6065 损失=0.0052
训练进度: 1000/6065 损失=0.0181
训练进度: 1500/6065 损失=0.0007
训练进度: 2000/6065 损失=0.0030
训练进度: 2500/6065 损失=0.0076
训练进度: 3000/6065 损失=0.0083
训练进度: 3500/6065 损失=0.0017
训练进度: 4000/6065 损失=0.0066
训练进度: 4500/6065 损失=0.0301
训练进度: 5000/6065 损失=0.0036
训练进度: 5500/6065 损失=0.0213
训练进度: 6000/6065 损失=0.0015
训练进度: 6065/6065 损失=0.0022
✅ 训练完成，耗时: 112.0秒 (1.9分钟)

============================================================
📊 验证决策: Epoch 106/200
   验证间隔: 1
   是否验证: ✅ 是
   原因: 达到验证间隔 (0 == 0)
============================================================

🔍 开始验证...
验证进度: 500/686 损失=0.0902
验证进度: 686/686 损失=1.8204

📊 预测分布分析:
  - 预测的前5个类别: {np.int64(0): 282827, np.int64(1): 36993, np.int64(2): 14690, np.int64(3): 10658, np.int64(4): 9046}
  - 标签的前5个类别: {np.int64(0): 281232, np.int64(1): 36731, np.int64(2): 14789, np.int64(3): 10866, np.int64(4): 8585}
✅ 验证完成，耗时: 4.9秒 (0.1分钟)
训练损失: 0.0107
验证损失: 0.4417
验证准确率: 0.9694 (10628/10964) - 与Levenshtein高度相关
验证F1(加权): 0.9687 - 类别平衡更好
学习率: 0.000046
显存使用: 0.47GB (预留: 0.69GB)

生成的训练样本:
--------------------------------------------------------------------------------
输入:       XWJ> D<L >WRX> WXRMN> D<L CBJL> DNKT
目标:     0 0 0 15 0 0 1 0 0 0 0 0 0 4 0 0 1 0 0 0 4 0 0 1 0 0 0 0 0 0 11 0 0 1 0 0 3
预测:     0 0 0 15 0 0 1 0 0 0 0 0 0 4 0 0 1 0 0 0 4 0 0 1 0 0 0 0 0 0 11 0 0 1 0 0 3
准确率:    1.0000 (37/37)
----------------------------------------
输入:       D>BHJN WCM< MRJ> QLN WXZ> MWKKN W<MLN
目标:     0 1 0 8 2 1 0 0 36 0 0 3 0 0 0 0 2 0 0 5 0 0 1 0 10 3 0 0 0 0 5 0 0 1 0 0 37 0
预测:     0 1 0 8 2 1 0 0 36 0 0 3 0 0 0 0 2 0 0 5 0 0 1 0 10 3 0 0 0 0 5 0 0 1 0 0 37 0
准确率:    1.0000 (38/38)
----------------------------------------
输入:       B<LH WLB> D<MH MXPJ> XCWK> WMXWT> DLB>
目标:     0 0 0 5 12 0 1 0 4 0 0 1 0 1 12 0 6 0 0 7 19 0 0 0 0 4 0 0 1 0 0 13 9 0 0 1 0 4 0
预测:     0 0 0 5 12 0 1 0 4 0 0 1 0 1 12 0 6 0 0 7 19 0 0 0 0 4 0 0 1 0 0 13 9 0 0 1 0 4 0
准确率:    1.0000 (39/39)
----------------------------------------

生成的验证样本:
--------------------------------------------------------------------------------
输入:       YBJNH D>LH> LMSV> MN KL DBJC WKLJ
目标:     0 0 0 0 5 0 0 1 0 0 4 0 0 1 6 0 10 7 0 0 0 0 0 2 0 1 0 0 2 0 36 0 0 3
预测:     0 0 0 0 5 0 0 1 0 0 4 0 0 1 6 0 10 7 0 0 0 0 0 2 0 1 0 0 2 0 36 0 0 3
准确率:    1.0000 (34/34)
----------------------------------------
输入:       D>LH> LMSV> MN KL DBJC WKLJ XJLK
目标:     0 1 0 0 4 0 0 1 6 0 10 7 0 0 0 0 0 2 0 1 0 0 2 0 36 0 0 3 0 0 0 5 0
预测:     0 1 0 0 4 0 0 1 6 0 10 7 0 0 0 0 0 2 0 1 0 0 2 0 36 0 0 3 0 0 0 5 0
准确率:    1.0000 (33/33)
----------------------------------------
⏳ 验证无提升 (验证准确率: 0.9694 ≤ 0.9695)，patience: 1/50

======================================================================
🚀 Epoch 107/200
======================================================================
📚 开始训练阶段...
训练进度: 500/6065 损失=0.0348
训练进度: 1000/6065 损失=0.0103
训练进度: 1500/6065 损失=0.0013
训练进度: 2000/6065 损失=0.0160
训练进度: 2500/6065 损失=0.0064
训练进度: 3000/6065 损失=0.0179
训练进度: 3500/6065 损失=0.0183
训练进度: 4000/6065 损失=0.0034
训练进度: 4500/6065 损失=0.0027
训练进度: 5000/6065 损失=0.0107
训练进度: 5500/6065 损失=0.0136
训练进度: 6000/6065 损失=0.0286
训练进度: 6065/6065 损失=0.0012
✅ 训练完成，耗时: 112.1秒 (1.9分钟)

============================================================
📊 验证决策: Epoch 107/200
   验证间隔: 1
   是否验证: ✅ 是
   原因: 达到验证间隔 (0 == 0)
============================================================

🔍 开始验证...
验证进度: 500/686 损失=0.1482
验证进度: 686/686 损失=2.0055

📊 预测分布分析:
  - 预测的前5个类别: {np.int64(0): 282891, np.int64(1): 37025, np.int64(2): 14668, np.int64(3): 10722, np.int64(4): 8965}
  - 标签的前5个类别: {np.int64(0): 281232, np.int64(1): 36731, np.int64(2): 14789, np.int64(3): 10866, np.int64(4): 8585}
✅ 验证完成，耗时: 4.9秒 (0.1分钟)
训练损失: 0.0104
验证损失: 0.4517
验证准确率: 0.9691 (10624/10964) - 与Levenshtein高度相关
验证F1(加权): 0.9683 - 类别平衡更好
学习率: 0.000045
显存使用: 0.47GB (预留: 0.69GB)

生成的训练样本:
--------------------------------------------------------------------------------
输入:       DKLH <M> MN SKH <L PWRQN> NTKTC
目标:     0 1 0 5 0 0 0 15 0 0 0 0 0 0 5 0 0 0 0 0 0 0 0 0 4 0 0 21 14 0 0 3
预测:     0 1 0 5 0 0 0 15 0 0 0 0 0 0 5 0 0 0 0 0 0 0 0 0 4 0 0 21 14 0 0 3
准确率:    1.0000 (32/32)
----------------------------------------
输入:       ZDQ LN DNTKTC GNBR>JT BJNTN HJ TC<JTH
目标:     0 0 0 7 0 1 0 0 1 91 14 0 0 3 0 0 0 0 0 0 0 0 0 0 0 2 32 0 0 0 26 0 0 0 0 2 1 0
预测:     0 0 0 7 0 1 0 0 1 91 14 0 0 3 0 0 0 0 0 0 0 0 0 0 0 2 32 0 0 0 26 0 0 0 0 2 1 0
准确率:    1.0000 (38/38)
----------------------------------------
输入:       PRXT> DCMJ> W>JTJ >NWN LWT >DM DNXZ>
目标:     0 0 0 13 9 0 0 1 0 24 9 0 0 1 59 0 0 3 0 0 0 0 0 0 0 0 0 0 0 0 2 0 1 6 0 10 3
预测:     0 0 0 13 9 0 0 1 0 24 9 0 0 1 59 0 0 3 0 0 0 0 0 0 0 0 0 0 0 0 2 0 1 6 0 10 3
准确率:    1.0000 (37/37)
----------------------------------------

生成的验证样本:
--------------------------------------------------------------------------------
输入:       YBJNH D>LH> LMSV> MN KL DBJC WKLJ
目标:     0 0 0 0 5 0 0 1 0 0 4 0 0 1 6 0 10 7 0 0 0 0 0 2 0 1 0 0 2 0 36 0 0 3
预测:     0 0 0 0 5 0 0 1 0 0 4 0 0 1 6 0 10 7 0 0 0 0 0 2 0 1 0 0 2 0 36 0 0 3
准确率:    1.0000 (34/34)
----------------------------------------
输入:       D>LH> LMSV> MN KL DBJC WKLJ XJLK
目标:     0 1 0 0 4 0 0 1 6 0 10 7 0 0 0 0 0 2 0 1 0 0 2 0 36 0 0 3 0 0 0 5 0
预测:     0 1 0 0 4 0 0 1 6 0 10 7 0 0 0 0 0 2 0 1 0 0 2 0 36 0 0 3 0 0 0 5 0
准确率:    1.0000 (33/33)
----------------------------------------
⏳ 验证无提升 (验证准确率: 0.9691 ≤ 0.9695)，patience: 2/50

======================================================================
🚀 Epoch 108/200
======================================================================
📚 开始训练阶段...
训练进度: 500/6065 损失=0.0036
训练进度: 1000/6065 损失=0.0128
训练进度: 1500/6065 损失=0.0169
训练进度: 2000/6065 损失=0.0050
训练进度: 2500/6065 损失=0.0050
训练进度: 3000/6065 损失=0.0124
训练进度: 3500/6065 损失=0.0132
训练进度: 4000/6065 损失=0.0007
训练进度: 4500/6065 损失=0.0044
训练进度: 5000/6065 损失=0.0203
训练进度: 5500/6065 损失=0.0158
训练进度: 6000/6065 损失=0.0127
训练进度: 6065/6065 损失=0.0226
✅ 训练完成，耗时: 112.0秒 (1.9分钟)

============================================================
📊 验证决策: Epoch 108/200
   验证间隔: 1
   是否验证: ✅ 是
   原因: 达到验证间隔 (0 == 0)
============================================================

🔍 开始验证...
验证进度: 500/686 损失=0.0962
验证进度: 686/686 损失=1.9139

📊 预测分布分析:
  - 预测的前5个类别: {np.int64(0): 282926, np.int64(1): 37009, np.int64(2): 14689, np.int64(3): 10750, np.int64(4): 8835}
  - 标签的前5个类别: {np.int64(0): 281232, np.int64(1): 36731, np.int64(2): 14789, np.int64(3): 10866, np.int64(4): 8585}
✅ 验证完成，耗时: 4.9秒 (0.1分钟)
训练损失: 0.0102
验证损失: 0.4497
验证准确率: 0.9691 (10624/10964) - 与Levenshtein高度相关
验证F1(加权): 0.9683 - 类别平衡更好
学习率: 0.000044
显存使用: 0.47GB (预留: 0.69GB)

生成的训练样本:
--------------------------------------------------------------------------------
输入:       CNT> CBJ<JT> LHWC< BR >L> MLK> D>JSRJL
目标:     0 0 13 9 0 0 0 0 0 0 2 9 0 0 1 0 0 0 2 0 0 2 0 0 0 22 0 0 0 4 0 0 1 0 0 0 0 0 2
预测:     0 0 13 9 0 0 0 0 0 0 2 9 0 0 1 0 0 0 2 0 0 2 0 0 0 22 0 0 0 4 0 0 1 0 0 0 0 0 2
准确率:    1.0000 (39/39)
----------------------------------------
输入:       BLH> DRWKTH D>BWHJ WCM< >JSRJL WHWW BNWHJ
目标:     0 0 0 0 2 0 0 0 0 13 1 0 0 1 0 8 5 0 0 0 1 0 0 3 0 0 0 0 0 0 2 0 1 0 18 0 0 0 25 1 0 0
预测:     0 0 0 0 2 0 0 0 0 13 1 0 0 1 0 8 5 0 0 0 1 0 0 3 0 0 0 0 0 0 2 0 1 0 18 0 0 0 25 1 0 0
准确率:    1.0000 (42/42)
----------------------------------------
输入:       LMNWX MN KL MDM D>MRT L>NTT> TZDHR
目标:     0 1 0 0 0 2 0 0 0 0 0 2 0 0 0 2 0 1 0 0 3 0 0 1 0 0 13 9 0 0 45 85 0 0 3
预测:     0 1 0 0 0 2 0 0 0 0 0 2 0 0 0 2 0 1 0 0 3 0 0 1 0 0 13 9 0 0 45 85 0 0 3
准确率:    1.0000 (35/35)
----------------------------------------

生成的验证样本:
--------------------------------------------------------------------------------
输入:       YBJNH D>LH> LMSV> MN KL DBJC WKLJ
目标:     0 0 0 0 5 0 0 1 0 0 4 0 0 1 6 0 10 7 0 0 0 0 0 2 0 1 0 0 2 0 36 0 0 3
预测:     0 0 0 0 5 0 0 1 0 0 4 0 0 1 6 0 10 7 0 0 0 0 0 2 0 1 0 0 2 0 36 0 0 3
准确率:    1.0000 (34/34)
----------------------------------------
输入:       D>LH> LMSV> MN KL DBJC WKLJ XJLK
目标:     0 1 0 0 4 0 0 1 6 0 10 7 0 0 0 0 0 2 0 1 0 0 2 0 36 0 0 3 0 0 0 5 0
预测:     0 1 0 0 4 0 0 1 6 0 10 7 0 0 0 0 0 2 0 1 0 0 2 0 36 0 0 3 0 0 0 5 0
准确率:    1.0000 (33/33)
----------------------------------------
⏳ 验证无提升 (验证准确率: 0.9691 ≤ 0.9695)，patience: 3/50

======================================================================
🚀 Epoch 109/200
======================================================================
📚 开始训练阶段...
训练进度: 500/6065 损失=0.0111
训练进度: 1000/6065 损失=0.0126
训练进度: 1500/6065 损失=0.0132
训练进度: 2000/6065 损失=0.0121
训练进度: 2500/6065 损失=0.0508
训练进度: 3000/6065 损失=0.0180
训练进度: 3500/6065 损失=0.0074
训练进度: 4000/6065 损失=0.0060
训练进度: 4500/6065 损失=0.0404
训练进度: 5000/6065 损失=0.0023
训练进度: 5500/6065 损失=0.0052
训练进度: 6000/6065 损失=0.0125
训练进度: 6065/6065 损失=0.0036
✅ 训练完成，耗时: 111.8秒 (1.9分钟)

============================================================
📊 验证决策: Epoch 109/200
   验证间隔: 1
   是否验证: ✅ 是
   原因: 达到验证间隔 (0 == 0)
============================================================

🔍 开始验证...
验证进度: 500/686 损失=0.1435
验证进度: 686/686 损失=1.9199

📊 预测分布分析:
  - 预测的前5个类别: {np.int64(0): 282886, np.int64(1): 37009, np.int64(2): 14693, np.int64(3): 10647, np.int64(4): 9123}
  - 标签的前5个类别: {np.int64(0): 281232, np.int64(1): 36731, np.int64(2): 14789, np.int64(3): 10866, np.int64(4): 8585}
✅ 验证完成，耗时: 4.9秒 (0.1分钟)
训练损失: 0.0100
验证损失: 0.4628
验证准确率: 0.9691 (10624/10964) - 与Levenshtein高度相关
验证F1(加权): 0.9683 - 类别平衡更好
学习率: 0.000044
显存使用: 0.47GB (预留: 0.69GB)

生成的训练样本:
--------------------------------------------------------------------------------
输入:       MVL DHLJN D>NT TQNT HNWN STRW ZDJQ>
目标:     0 0 0 0 0 1 0 0 0 0 0 1 0 0 0 0 0 0 3 89 0 0 0 0 0 0 0 0 3 0 0 0 0 0 4 0
预测:     0 0 0 0 0 1 0 0 0 0 0 1 0 0 0 0 0 0 3 89 0 0 0 0 0 0 0 0 3 0 0 0 0 0 4 0
准确率:    1.0000 (36/36)
----------------------------------------
输入:       >JDH WLWQBL YWRT> D<BDH NYDN <JNWHJ HKN>
目标:     8 0 0 5 0 0 1 0 0 0 0 0 0 0 0 13 9 0 0 1 0 0 98 0 0 6 0 184 12 0 0 0 25 1 0 0 0 0 0 0 0
预测:     8 0 0 5 0 0 1 0 0 0 0 0 0 0 0 13 9 0 0 1 0 0 98 0 0 6 0 184 12 0 0 0 25 1 0 0 0 0 0 0 0
准确率:    1.0000 (41/41)
----------------------------------------
输入:       WNPLWX >NWN L> TCM< LPTGMWHJ DNBJ> HW
目标:     0 1 44 0 8 0 3 0 0 0 0 0 0 0 0 0 6 0 0 3 0 1 0 0 0 25 1 0 0 0 1 0 0 4 0 0 0 12
预测:     0 1 44 0 8 0 3 0 0 0 0 0 0 0 0 0 6 0 0 3 0 1 0 0 0 25 1 0 0 0 1 0 0 4 0 0 0 12
准确率:    1.0000 (38/38)
----------------------------------------

生成的验证样本:
--------------------------------------------------------------------------------
输入:       YBJNH D>LH> LMSV> MN KL DBJC WKLJ
目标:     0 0 0 0 5 0 0 1 0 0 4 0 0 1 6 0 10 7 0 0 0 0 0 2 0 1 0 0 2 0 36 0 0 3
预测:     0 0 0 0 5 0 0 1 0 0 4 0 0 1 6 0 10 7 0 0 0 0 0 2 0 1 0 0 2 0 1 0 0 3
准确率:    0.9706 (33/34)
----------------------------------------
输入:       D>LH> LMSV> MN KL DBJC WKLJ XJLK
目标:     0 1 0 0 4 0 0 1 6 0 10 7 0 0 0 0 0 2 0 1 0 0 2 0 36 0 0 3 0 0 0 5 0
预测:     0 1 0 0 4 0 0 1 6 0 10 7 0 0 0 0 0 2 0 1 0 0 2 0 36 0 0 3 0 0 0 5 0
准确率:    1.0000 (33/33)
----------------------------------------
⏳ 验证无提升 (验证准确率: 0.9691 ≤ 0.9695)，patience: 4/50

======================================================================
🚀 Epoch 110/200
======================================================================
📚 开始训练阶段...
训练进度: 500/6065 损失=0.0184
训练进度: 1000/6065 损失=0.0038
训练进度: 1500/6065 损失=0.0117
训练进度: 2000/6065 损失=0.0016
训练进度: 2500/6065 损失=0.0041
训练进度: 3000/6065 损失=0.0159
训练进度: 3500/6065 损失=0.0102
训练进度: 4000/6065 损失=0.0015
训练进度: 4500/6065 损失=0.0091
训练进度: 5000/6065 损失=0.0180
训练进度: 5500/6065 损失=0.0275
训练进度: 6000/6065 损失=0.0123
训练进度: 6065/6065 损失=0.0109
✅ 训练完成，耗时: 111.4秒 (1.9分钟)

============================================================
📊 验证决策: Epoch 110/200
   验证间隔: 1
   是否验证: ✅ 是
   原因: 达到验证间隔 (0 == 0)
============================================================

🔍 开始验证...
验证进度: 500/686 损失=0.1079
验证进度: 686/686 损失=1.8736

📊 预测分布分析:
  - 预测的前5个类别: {np.int64(0): 282796, np.int64(1): 37026, np.int64(2): 14736, np.int64(3): 10830, np.int64(4): 8778}
  - 标签的前5个类别: {np.int64(0): 281232, np.int64(1): 36731, np.int64(2): 14789, np.int64(3): 10866, np.int64(4): 8585}
✅ 验证完成，耗时: 4.9秒 (0.1分钟)
训练损失: 0.0099
验证损失: 0.4636
验证准确率: 0.9689 (10623/10964) - 与Levenshtein高度相关
验证F1(加权): 0.9683 - 类别平衡更好
学习率: 0.000043
显存使用: 0.47GB (预留: 0.69GB)

生成的训练样本:
--------------------------------------------------------------------------------
输入:       DJN MN KJN> SGJ >W MNJ XCWK>
目标:     0 0 0 0 0 0 0 0 0 0 11 0 0 0 0 3 0 0 12 0 0 0 62 0 0 0 0 4 0
预测:     0 0 0 0 0 0 0 0 0 0 11 0 0 0 0 3 0 0 12 0 0 0 62 0 0 0 0 4 0
准确率:    1.0000 (29/29)
----------------------------------------
输入:       HKN> >MR MRJ> <RS> DSLQT LH L>
目标:     0 0 0 0 0 0 0 0 7 0 0 0 0 2 0 0 0 4 0 0 1 0 0 3 12 0 1 12 0 0 0
预测:     0 0 0 0 0 0 0 0 7 0 0 0 0 2 0 0 0 4 0 0 1 0 0 3 12 0 1 12 0 0 0
准确率:    1.0000 (31/31)
----------------------------------------
输入:       WJHB LH KL MDM D>JT LH W>WMJNJ
目标:     0 1 0 0 3 0 1 0 0 0 2 0 0 0 2 0 1 0 0 24 0 1 0 0 1 50 0 0 29 0 0
预测:     0 1 0 0 3 0 1 0 0 0 2 0 0 0 2 0 1 0 0 24 0 1 0 0 1 50 0 0 29 0 0
准确率:    1.0000 (31/31)
----------------------------------------

生成的验证样本:
--------------------------------------------------------------------------------
输入:       YBJNH D>LH> LMSV> MN KL DBJC WKLJ
目标:     0 0 0 0 5 0 0 1 0 0 4 0 0 1 6 0 10 7 0 0 0 0 0 2 0 1 0 0 2 0 36 0 0 3
预测:     0 0 0 0 5 0 0 1 0 0 4 0 0 1 6 0 10 7 0 0 0 0 0 2 0 1 0 0 2 0 1 0 0 3
准确率:    0.9706 (33/34)
----------------------------------------
输入:       D>LH> LMSV> MN KL DBJC WKLJ XJLK
目标:     0 1 0 0 4 0 0 1 6 0 10 7 0 0 0 0 0 2 0 1 0 0 2 0 36 0 0 3 0 0 0 5 0
预测:     0 1 0 0 4 0 0 1 6 0 10 7 0 0 0 0 0 2 0 1 0 0 2 0 1 0 0 3 0 0 0 5 0
准确率:    0.9697 (32/33)
----------------------------------------
⏳ 验证无提升 (验证准确率: 0.9689 ≤ 0.9695)，patience: 5/50

======================================================================
🚀 Epoch 111/200
======================================================================
📚 开始训练阶段...
训练进度: 500/6065 损失=0.0043
训练进度: 1000/6065 损失=0.0004
训练进度: 1500/6065 损失=0.0022
训练进度: 2000/6065 损失=0.0006
训练进度: 2500/6065 损失=0.0107
训练进度: 3000/6065 损失=0.0337
训练进度: 3500/6065 损失=0.0060
训练进度: 4000/6065 损失=0.0206
训练进度: 4500/6065 损失=0.0104
训练进度: 5000/6065 损失=0.0005
训练进度: 5500/6065 损失=0.0025
训练进度: 6000/6065 损失=0.0032
训练进度: 6065/6065 损失=0.0033
✅ 训练完成，耗时: 111.1秒 (1.9分钟)

============================================================
📊 验证决策: Epoch 111/200
   验证间隔: 1
   是否验证: ✅ 是
   原因: 达到验证间隔 (0 == 0)
============================================================

🔍 开始验证...
验证进度: 500/686 损失=0.0945
验证进度: 686/686 损失=1.9703

📊 预测分布分析:
  - 预测的前5个类别: {np.int64(0): 282887, np.int64(1): 37024, np.int64(2): 14709, np.int64(3): 10708, np.int64(4): 8685}
  - 标签的前5个类别: {np.int64(0): 281232, np.int64(1): 36731, np.int64(2): 14789, np.int64(3): 10866, np.int64(4): 8585}
✅ 验证完成，耗时: 5.0秒 (0.1分钟)
训练损失: 0.0096
验证损失: 0.4627
验证准确率: 0.9689 (10623/10964) - 与Levenshtein高度相关
验证F1(加权): 0.9683 - 类别平衡更好
学习率: 0.000042
显存使用: 0.47GB (预留: 0.69GB)

生成的训练样本:
--------------------------------------------------------------------------------
输入:       >TNVRT BSJMWT> BJNJHWN XLJW BH LCNJHWN B>WJWT>
目标:     0 0 14 0 0 3 26 0 0 0 0 0 2 9 0 0 0 0 2 1 0 0 0 0 0 0 3 19 0 1 12 0 0 0 2 1 0 0 0 0 1 0 0 0 2 9 0
预测:     0 0 14 0 0 3 26 0 0 0 0 0 2 9 0 0 0 0 2 1 0 0 0 0 0 0 3 19 0 1 12 0 0 0 2 1 0 0 0 0 1 0 0 0 2 9 0
准确率:    1.0000 (47/47)
----------------------------------------
输入:       >JK DNMVL BXRH >NNQ> GJR D>N CRJRJN
目标:     0 0 0 0 0 1 6 0 10 3 0 1 281 5 0 0 0 0 0 0 2 0 0 0 0 0 1 0 0 0 0 0 0 2 0 0
预测:     0 0 0 0 0 1 6 0 10 3 0 1 281 5 0 0 0 0 0 0 2 0 0 0 0 0 1 0 0 0 0 0 0 2 0 0
准确率:    1.0000 (36/36)
----------------------------------------
输入:       MKJL >THPKT LH BH BJWM> WB<DN> >TPRQT
目标:     0 0 0 0 0 0 0 14 0 0 3 26 0 1 12 0 1 0 0 1 0 0 4 0 0 1 1 0 0 4 0 0 0 14 0 0 3 26
预测:     0 0 0 0 0 0 0 14 0 0 3 26 0 1 12 0 1 0 0 1 0 0 4 0 0 1 1 0 0 4 0 0 0 14 0 0 3 26
准确率:    1.0000 (38/38)
----------------------------------------

生成的验证样本:
--------------------------------------------------------------------------------
输入:       YBJNH D>LH> LMSV> MN KL DBJC WKLJ
目标:     0 0 0 0 5 0 0 1 0 0 4 0 0 1 6 0 10 7 0 0 0 0 0 2 0 1 0 0 2 0 36 0 0 3
预测:     0 0 0 0 5 0 0 1 0 0 4 0 0 1 6 0 10 7 0 0 0 0 0 2 0 1 0 0 2 0 36 0 0 3
准确率:    1.0000 (34/34)
----------------------------------------
输入:       D>LH> LMSV> MN KL DBJC WKLJ XJLK
目标:     0 1 0 0 4 0 0 1 6 0 10 7 0 0 0 0 0 2 0 1 0 0 2 0 36 0 0 3 0 0 0 5 0
预测:     0 1 0 0 4 0 0 1 6 0 10 7 0 0 0 0 0 2 0 1 0 0 2 0 36 0 0 3 0 0 0 5 0
准确率:    1.0000 (33/33)
----------------------------------------
⏳ 验证无提升 (验证准确率: 0.9689 ≤ 0.9695)，patience: 6/50

======================================================================
🚀 Epoch 112/200
======================================================================
📚 开始训练阶段...
训练进度: 500/6065 损失=0.0138
训练进度: 1000/6065 损失=0.0145
训练进度: 1500/6065 损失=0.0057
训练进度: 2000/6065 损失=0.0063
训练进度: 2500/6065 损失=0.0052
训练进度: 3000/6065 损失=0.0224
训练进度: 3500/6065 损失=0.0098
训练进度: 4000/6065 损失=0.0009
训练进度: 4500/6065 损失=0.0043
训练进度: 5000/6065 损失=0.0048
训练进度: 5500/6065 损失=0.0062
训练进度: 6000/6065 损失=0.0084
训练进度: 6065/6065 损失=0.0074
✅ 训练完成，耗时: 111.6秒 (1.9分钟)

============================================================
📊 验证决策: Epoch 112/200
   验证间隔: 1
   是否验证: ✅ 是
   原因: 达到验证间隔 (0 == 0)
============================================================

🔍 开始验证...
验证进度: 500/686 损失=0.0943
验证进度: 686/686 损失=1.8170

📊 预测分布分析:
  - 预测的前5个类别: {np.int64(0): 282764, np.int64(1): 36989, np.int64(2): 14728, np.int64(3): 10644, np.int64(4): 8908}
  - 标签的前5个类别: {np.int64(0): 281232, np.int64(1): 36731, np.int64(2): 14789, np.int64(3): 10866, np.int64(4): 8585}
✅ 验证完成，耗时: 4.9秒 (0.1分钟)
训练损失: 0.0091
验证损失: 0.4655
验证准确率: 0.9692 (10626/10964) - 与Levenshtein高度相关
验证F1(加权): 0.9686 - 类别平衡更好
学习率: 0.000041
显存使用: 0.47GB (预留: 0.69GB)

生成的训练样本:
--------------------------------------------------------------------------------
输入:       D>LH> T<BR QLJL ZBN> SGJ>> TXSR >JK
目标:     0 1 0 0 4 0 0 6 0 0 3 0 0 0 0 2 0 0 0 4 0 0 0 0 0 4 0 0 6 0 0 3 0 0 0 0
预测:     0 1 0 0 4 0 0 6 0 0 3 0 0 0 0 2 0 0 0 4 0 0 0 0 0 4 0 0 6 0 0 3 0 0 0 0
准确率:    1.0000 (36/36)
----------------------------------------
输入:       LMWC> W<BDW PRZWM> DPDT> <BD> ZQJR> GMJR>
目标:     0 1 0 0 0 2 0 1 0 0 3 0 0 0 0 0 0 4 0 0 1 0 13 9 0 0 0 0 55 0 0 0 8 0 43 27 0 0 8 0 43 27
预测:     0 1 0 0 0 2 0 1 0 0 3 0 0 0 0 0 0 4 0 0 1 0 13 9 0 0 0 0 55 0 0 0 8 0 43 27 0 0 8 0 43 27
准确率:    1.0000 (42/42)
----------------------------------------
输入:       TWL<> WLW BRNC> XSD> DBNJNC> WSWL>NH D<M>
目标:     0 0 0 0 4 0 0 1 81 0 0 0 84 0 4 0 0 0 0 4 0 0 1 0 2 75 0 4 0 0 1 0 0 0 0 5 0 0 1 0 15 0
预测:     0 0 0 0 4 0 0 1 81 0 0 0 84 0 4 0 0 0 0 4 0 0 1 0 2 75 0 4 0 0 1 0 0 0 0 5 0 0 1 0 15 0
准确率:    1.0000 (42/42)
----------------------------------------

生成的验证样本:
--------------------------------------------------------------------------------
输入:       YBJNH D>LH> LMSV> MN KL DBJC WKLJ
目标:     0 0 0 0 5 0 0 1 0 0 4 0 0 1 6 0 10 7 0 0 0 0 0 2 0 1 0 0 2 0 36 0 0 3
预测:     0 0 0 0 5 0 0 1 0 0 4 0 0 1 6 0 10 7 0 0 0 0 0 2 0 1 0 0 2 0 36 0 0 3
准确率:    1.0000 (34/34)
----------------------------------------
输入:       D>LH> LMSV> MN KL DBJC WKLJ XJLK
目标:     0 1 0 0 4 0 0 1 6 0 10 7 0 0 0 0 0 2 0 1 0 0 2 0 36 0 0 3 0 0 0 5 0
预测:     0 1 0 0 4 0 0 1 6 0 10 7 0 0 0 0 0 2 0 1 0 0 2 0 36 0 0 3 0 0 0 5 0
准确率:    1.0000 (33/33)
----------------------------------------
⏳ 验证无提升 (验证准确率: 0.9692 ≤ 0.9695)，patience: 7/50

======================================================================
🚀 Epoch 113/200
======================================================================
📚 开始训练阶段...
训练进度: 500/6065 损失=0.0083
训练进度: 1000/6065 损失=0.0015
训练进度: 1500/6065 损失=0.0051
训练进度: 2000/6065 损失=0.0064
训练进度: 2500/6065 损失=0.0024
训练进度: 3000/6065 损失=0.0044
训练进度: 3500/6065 损失=0.0033
训练进度: 4000/6065 损失=0.0041
训练进度: 4500/6065 损失=0.0054
训练进度: 5000/6065 损失=0.0222
训练进度: 5500/6065 损失=0.0008
训练进度: 6000/6065 损失=0.0048
训练进度: 6065/6065 损失=0.0058
✅ 训练完成，耗时: 111.5秒 (1.9分钟)

============================================================
📊 验证决策: Epoch 113/200
   验证间隔: 1
   是否验证: ✅ 是
   原因: 达到验证间隔 (0 == 0)
============================================================

🔍 开始验证...
验证进度: 500/686 损失=0.0947
验证进度: 686/686 损失=2.1178

📊 预测分布分析:
  - 预测的前5个类别: {np.int64(0): 282823, np.int64(1): 37015, np.int64(2): 14724, np.int64(3): 10798, np.int64(4): 8896}
  - 标签的前5个类别: {np.int64(0): 281232, np.int64(1): 36731, np.int64(2): 14789, np.int64(3): 10866, np.int64(4): 8585}
✅ 验证完成，耗时: 4.9秒 (0.1分钟)
训练损失: 0.0089
验证损失: 0.4649
验证准确率: 0.9688 (10621/10964) - 与Levenshtein高度相关
验证F1(加权): 0.9681 - 类别平衡更好
学习率: 0.000041
显存使用: 0.47GB (预留: 0.69GB)

生成的训练样本:
--------------------------------------------------------------------------------
输入:       >SWRH W>KL LXM> QDMWHJ >MJN>JT KWL JWMJ
目标:     0 0 0 0 5 0 0 1 0 0 3 0 0 0 4 0 0 0 0 25 1 0 0 0 0 0 0 0 0 0 0 0 8 0 2 0 0 0 2 0
预测:     0 0 0 0 5 0 0 1 0 0 3 0 0 0 4 0 0 0 0 25 1 0 0 0 0 0 0 0 0 0 0 0 8 0 2 0 0 0 2 0
准确率:    1.0000 (40/40)
----------------------------------------
输入:       B>WRCLM WL> <BD DCPJR QDM MRJ> >LHH
目标:     0 1 0 0 0 0 0 2 0 1 0 0 0 0 0 3 0 1 0 0 0 2 0 0 0 2 0 0 0 0 2 0 0 0 5 0
预测:     0 1 0 0 0 0 0 2 0 1 0 0 0 0 0 3 0 1 0 0 0 2 0 0 0 2 0 0 0 0 2 0 0 0 5 0
准确率:    1.0000 (36/36)
----------------------------------------
输入:       D>JT BHJN XWR> WKL D>KM BXWRT> WJHB
目标:     0 1 0 0 24 0 1 0 0 0 0 0 0 15 0 0 1 0 2 0 1 0 0 7 0 1 0 0 22 23 0 0 1 0 0 3
预测:     0 1 0 0 24 0 1 0 0 0 0 0 0 15 0 0 1 0 2 0 1 0 0 7 0 1 0 0 22 23 0 0 1 0 0 3
准确率:    1.0000 (36/36)
----------------------------------------

生成的验证样本:
--------------------------------------------------------------------------------
输入:       YBJNH D>LH> LMSV> MN KL DBJC WKLJ
目标:     0 0 0 0 5 0 0 1 0 0 4 0 0 1 6 0 10 7 0 0 0 0 0 2 0 1 0 0 2 0 36 0 0 3
预测:     0 0 0 0 5 0 0 1 0 0 4 0 0 1 6 0 10 7 0 0 0 0 0 2 0 1 0 0 2 0 36 0 0 3
准确率:    1.0000 (34/34)
----------------------------------------
输入:       D>LH> LMSV> MN KL DBJC WKLJ XJLK
目标:     0 1 0 0 4 0 0 1 6 0 10 7 0 0 0 0 0 2 0 1 0 0 2 0 36 0 0 3 0 0 0 5 0
预测:     0 1 0 0 4 0 0 1 6 0 10 7 0 0 0 0 0 2 0 1 0 0 2 0 36 0 0 3 0 0 0 5 0
准确率:    1.0000 (33/33)
----------------------------------------
⏳ 验证无提升 (验证准确率: 0.9688 ≤ 0.9695)，patience: 8/50

======================================================================
🚀 Epoch 114/200
======================================================================
📚 开始训练阶段...
训练进度: 500/6065 损失=0.0127
训练进度: 1000/6065 损失=0.0058
训练进度: 1500/6065 损失=0.0015
训练进度: 2000/6065 损失=0.0074
训练进度: 2500/6065 损失=0.0021
训练进度: 3000/6065 损失=0.0057
训练进度: 3500/6065 损失=0.0020
训练进度: 4000/6065 损失=0.0101
训练进度: 4500/6065 损失=0.0191
训练进度: 5000/6065 损失=0.0017
训练进度: 5500/6065 损失=0.0177
训练进度: 6000/6065 损失=0.0088
训练进度: 6065/6065 损失=0.0324
✅ 训练完成，耗时: 111.5秒 (1.9分钟)

============================================================
📊 验证决策: Epoch 114/200
   验证间隔: 1
   是否验证: ✅ 是
   原因: 达到验证间隔 (0 == 0)
============================================================

🔍 开始验证...
验证进度: 500/686 损失=0.1030
验证进度: 686/686 损失=2.0351

📊 预测分布分析:
  - 预测的前5个类别: {np.int64(0): 282958, np.int64(1): 37055, np.int64(2): 14753, np.int64(3): 10751, np.int64(4): 8885}
  - 标签的前5个类别: {np.int64(0): 281232, np.int64(1): 36731, np.int64(2): 14789, np.int64(3): 10866, np.int64(4): 8585}
✅ 验证完成，耗时: 4.9秒 (0.1分钟)
训练损失: 0.0087
验证损失: 0.4746
验证准确率: 0.9689 (10623/10964) - 与Levenshtein高度相关
验证F1(加权): 0.9682 - 类别平衡更好
学习率: 0.000040
显存使用: 0.47GB (预留: 0.69GB)

生成的训练样本:
--------------------------------------------------------------------------------
输入:       HW> MJ> <L >JDWHJ D>LJ> W>MR JWCPV
目标:     0 0 10 3 0 24 9 0 0 0 0 8 0 0 25 1 0 0 0 1 0 0 0 2 0 1 0 0 3 0 0 0 0 0 2
预测:     0 0 10 3 0 24 9 0 0 0 0 8 0 0 25 1 0 0 0 1 0 0 0 2 0 1 0 0 3 0 0 0 0 0 2
准确率:    1.0000 (35/35)
----------------------------------------
输入:       DL> NKL BLCN> DJLH WL> <BD LQRJB>
目标:     0 1 0 0 0 0 0 33 0 1 0 0 4 0 0 0 0 1 0 0 1 0 0 0 0 0 3 0 1 0 0 0 4 0
预测:     0 1 0 0 0 0 0 33 0 1 0 0 4 0 0 0 0 1 0 0 1 0 0 0 0 0 3 0 1 0 0 0 4 0
准确率:    1.0000 (34/34)
----------------------------------------
输入:       DTHWM> >N> HLKT BMBW<> DMJ> WBCT>S> DTBJL
目标:     0 1 0 0 0 11 0 0 0 0 0 0 0 0 3 19 0 1 0 0 0 11 0 0 1 24 9 0 0 1 1 0 0 0 61 0 0 1 0 0 0 2
预测:     0 1 0 0 0 11 0 0 0 0 0 0 0 0 3 19 0 1 0 0 0 11 0 0 1 24 9 0 0 1 1 0 0 0 61 0 0 1 0 0 0 2
准确率:    1.0000 (42/42)
----------------------------------------

生成的验证样本:
--------------------------------------------------------------------------------
输入:       YBJNH D>LH> LMSV> MN KL DBJC WKLJ
目标:     0 0 0 0 5 0 0 1 0 0 4 0 0 1 6 0 10 7 0 0 0 0 0 2 0 1 0 0 2 0 36 0 0 3
预测:     0 0 0 0 5 0 0 1 0 0 4 0 0 1 6 0 10 7 0 0 0 0 0 2 0 1 0 0 2 0 36 0 0 3
准确率:    1.0000 (34/34)
----------------------------------------
输入:       D>LH> LMSV> MN KL DBJC WKLJ XJLK
目标:     0 1 0 0 4 0 0 1 6 0 10 7 0 0 0 0 0 2 0 1 0 0 2 0 36 0 0 3 0 0 0 5 0
预测:     0 1 0 0 4 0 0 1 6 0 10 7 0 0 0 0 0 2 0 1 0 0 2 0 36 0 0 3 0 0 0 5 0
准确率:    1.0000 (33/33)
----------------------------------------
⏳ 验证无提升 (验证准确率: 0.9689 ≤ 0.9695)，patience: 9/50

======================================================================
🚀 Epoch 115/200
======================================================================
📚 开始训练阶段...
训练进度: 500/6065 损失=0.0117
训练进度: 1000/6065 损失=0.0038
训练进度: 1500/6065 损失=0.0095
训练进度: 2000/6065 损失=0.0010
训练进度: 2500/6065 损失=0.0021
训练进度: 3000/6065 损失=0.0228
训练进度: 3500/6065 损失=0.0109
训练进度: 4000/6065 损失=0.0073
训练进度: 4500/6065 损失=0.0016
训练进度: 5000/6065 损失=0.0111
训练进度: 5500/6065 损失=0.0104
训练进度: 6000/6065 损失=0.0050
训练进度: 6065/6065 损失=0.0038
✅ 训练完成，耗时: 111.2秒 (1.9分钟)

============================================================
📊 验证决策: Epoch 115/200
   验证间隔: 1
   是否验证: ✅ 是
   原因: 达到验证间隔 (0 == 0)
============================================================

🔍 开始验证...
验证进度: 500/686 损失=0.1758
验证进度: 686/686 损失=2.2194

📊 预测分布分析:
  - 预测的前5个类别: {np.int64(0): 282812, np.int64(1): 37020, np.int64(2): 14749, np.int64(3): 10764, np.int64(4): 8888}
  - 标签的前5个类别: {np.int64(0): 281232, np.int64(1): 36731, np.int64(2): 14789, np.int64(3): 10866, np.int64(4): 8585}
✅ 验证完成，耗时: 4.9秒 (0.1分钟)
训练损失: 0.0086
验证损失: 0.4729
验证准确率: 0.9690 (10623/10964) - 与Levenshtein高度相关
验证F1(加权): 0.9683 - 类别平衡更好
学习率: 0.000039
显存使用: 0.47GB (预留: 0.69GB)

生成的训练样本:
--------------------------------------------------------------------------------
输入:       <L BJTJ W<L MLT PWMK NSB DJN>
目标:     0 0 0 0 0 0 5 0 0 1 0 0 0 0 13 0 0 0 0 5 0 0 34 0 3 0 0 0 15 0
预测:     0 0 0 0 0 0 5 0 0 1 0 0 0 0 13 0 0 0 0 5 0 0 34 0 3 0 0 0 15 0
准确率:    1.0000 (30/30)
----------------------------------------
输入:       WXZW DBJCT> HW B<> HN> DCLX LJ
目标:     0 36 0 18 0 0 1 0 0 2 9 0 0 0 0 0 0 10 7 0 0 0 0 0 1 0 0 3 0 1 0
预测:     0 36 0 18 0 0 1 0 0 2 9 0 0 0 0 0 0 10 7 0 0 0 0 0 1 0 0 3 0 1 0
准确率:    1.0000 (31/31)
----------------------------------------
输入:       MDJN >P BMWZG VBT> HWT LH HJ
目标:     0 0 0 0 12 0 0 0 0 1 0 0 0 2 0 0 2 9 0 0 0 18 26 0 1 12 0 0 12
预测:     0 0 0 0 12 0 0 0 0 1 0 0 0 2 0 0 2 9 0 0 0 18 26 0 1 12 0 0 12
准确率:    1.0000 (29/29)
----------------------------------------

生成的验证样本:
--------------------------------------------------------------------------------
输入:       YBJNH D>LH> LMSV> MN KL DBJC WKLJ
目标:     0 0 0 0 5 0 0 1 0 0 4 0 0 1 6 0 10 7 0 0 0 0 0 2 0 1 0 0 2 0 36 0 0 3
预测:     0 0 0 0 5 0 0 1 0 0 4 0 0 1 6 0 10 7 0 0 0 0 0 2 0 1 0 0 2 0 36 0 0 3
准确率:    1.0000 (34/34)
----------------------------------------
输入:       D>LH> LMSV> MN KL DBJC WKLJ XJLK
目标:     0 1 0 0 4 0 0 1 6 0 10 7 0 0 0 0 0 2 0 1 0 0 2 0 36 0 0 3 0 0 0 5 0
预测:     0 1 0 0 4 0 0 1 6 0 10 7 0 0 0 0 0 2 0 1 0 0 2 0 36 0 0 3 0 0 0 5 0
准确率:    1.0000 (33/33)
----------------------------------------
⏳ 验证无提升 (验证准确率: 0.9690 ≤ 0.9695)，patience: 10/50

======================================================================
🚀 Epoch 116/200
======================================================================
📚 开始训练阶段...
训练进度: 500/6065 损失=0.0007
训练进度: 1000/6065 损失=0.0024
训练进度: 1500/6065 损失=0.0141
训练进度: 2000/6065 损失=0.0007
训练进度: 2500/6065 损失=0.0043
训练进度: 3000/6065 损失=0.0010
训练进度: 3500/6065 损失=0.0020
训练进度: 4000/6065 损失=0.0072
训练进度: 4500/6065 损失=0.0018
训练进度: 5000/6065 损失=0.0016
训练进度: 5500/6065 损失=0.0033
训练进度: 6000/6065 损失=0.0029
训练进度: 6065/6065 损失=0.0224
✅ 训练完成，耗时: 111.1秒 (1.9分钟)

============================================================
📊 验证决策: Epoch 116/200
   验证间隔: 1
   是否验证: ✅ 是
   原因: 达到验证间隔 (0 == 0)
============================================================

🔍 开始验证...
验证进度: 500/686 损失=0.1236
验证进度: 686/686 损失=2.0684

📊 预测分布分析:
  - 预测的前5个类别: {np.int64(0): 282870, np.int64(1): 37008, np.int64(2): 14744, np.int64(3): 10741, np.int64(4): 8767}
  - 标签的前5个类别: {np.int64(0): 281232, np.int64(1): 36731, np.int64(2): 14789, np.int64(3): 10866, np.int64(4): 8585}
✅ 验证完成，耗时: 5.0秒 (0.1分钟)
训练损失: 0.0083
验证损失: 0.4806
验证准确率: 0.9690 (10623/10964) - 与Levenshtein高度相关
验证F1(加权): 0.9682 - 类别平衡更好
学习率: 0.000038
显存使用: 0.47GB (预留: 0.69GB)

生成的训练样本:
--------------------------------------------------------------------------------
输入:       BMCRJT> WQVWLW >NC L>XWHJ W>NC LXBRH W>NC
目标:     0 1 0 0 0 2 9 0 0 36 0 8 0 3 0 0 0 0 2 0 1 0 8 5 0 0 0 1 0 0 2 0 1 0 0 5 0 0 1 0 0 2
预测:     0 1 0 0 0 2 9 0 0 36 0 8 0 3 0 0 0 0 2 0 1 0 8 5 0 0 0 1 0 0 2 0 1 0 0 5 0 0 1 0 0 2
准确率:    1.0000 (42/42)
----------------------------------------
输入:       >NC MDM DCPJR B<JNWHJ <BD HW> WHW>
目标:     0 0 0 2 0 0 0 2 0 1 0 0 0 2 0 1 0 0 25 1 0 0 0 0 0 7 0 0 10 3 0 1 0 10 3
预测:     0 0 0 2 0 0 0 2 0 1 0 0 0 2 0 1 0 0 25 1 0 0 0 0 0 7 0 0 10 3 0 1 0 10 3
准确率:    1.0000 (35/35)
----------------------------------------
输入:       LMSM CMJ TMN L<LM WL> >WSP LMNDW
目标:     0 1 6 31 7 0 0 5 0 0 0 0 0 0 1 0 0 2 0 1 0 0 0 63 0 0 3 0 1 28 31 7 0
预测:     0 1 6 31 7 0 0 5 0 0 0 0 0 0 1 0 0 2 0 1 0 0 0 63 0 0 3 0 1 28 31 7 0
准确率:    1.0000 (33/33)
----------------------------------------

生成的验证样本:
--------------------------------------------------------------------------------
输入:       YBJNH D>LH> LMSV> MN KL DBJC WKLJ
目标:     0 0 0 0 5 0 0 1 0 0 4 0 0 1 6 0 10 7 0 0 0 0 0 2 0 1 0 0 2 0 36 0 0 3
预测:     0 0 0 0 5 0 0 1 0 0 4 0 0 1 6 0 10 7 0 0 0 0 0 2 0 1 0 0 2 0 36 0 0 3
准确率:    1.0000 (34/34)
----------------------------------------
输入:       D>LH> LMSV> MN KL DBJC WKLJ XJLK
目标:     0 1 0 0 4 0 0 1 6 0 10 7 0 0 0 0 0 2 0 1 0 0 2 0 36 0 0 3 0 0 0 5 0
预测:     0 1 0 0 4 0 0 1 6 0 10 7 0 0 0 0 0 2 0 1 0 0 2 0 36 0 0 3 0 0 0 5 0
准确率:    1.0000 (33/33)
----------------------------------------
⏳ 验证无提升 (验证准确率: 0.9690 ≤ 0.9695)，patience: 11/50

======================================================================
🚀 Epoch 117/200
======================================================================
📚 开始训练阶段...
训练进度: 500/6065 损失=0.0289
训练进度: 1000/6065 损失=0.0245
训练进度: 1500/6065 损失=0.0127
训练进度: 2000/6065 损失=0.0090
训练进度: 2500/6065 损失=0.0006
训练进度: 3000/6065 损失=0.0109
训练进度: 3500/6065 损失=0.0213
训练进度: 4000/6065 损失=0.0103
训练进度: 4500/6065 损失=0.0010
训练进度: 5000/6065 损失=0.0010
训练进度: 5500/6065 损失=0.0318
训练进度: 6000/6065 损失=0.0084
训练进度: 6065/6065 损失=0.0094
✅ 训练完成，耗时: 111.0秒 (1.9分钟)

============================================================
📊 验证决策: Epoch 117/200
   验证间隔: 1
   是否验证: ✅ 是
   原因: 达到验证间隔 (0 == 0)
============================================================

🔍 开始验证...
验证进度: 500/686 损失=0.0938
验证进度: 686/686 损失=1.9967

📊 预测分布分析:
  - 预测的前5个类别: {np.int64(0): 282959, np.int64(1): 37070, np.int64(2): 14728, np.int64(3): 10722, np.int64(4): 8829}
  - 标签的前5个类别: {np.int64(0): 281232, np.int64(1): 36731, np.int64(2): 14789, np.int64(3): 10866, np.int64(4): 8585}
✅ 验证完成，耗时: 4.9秒 (0.1分钟)
训练损失: 0.0082
验证损失: 0.4780
验证准确率: 0.9690 (10624/10964) - 与Levenshtein高度相关
验证F1(加权): 0.9683 - 类别平衡更好
学习率: 0.000038
显存使用: 0.47GB (预留: 0.69GB)

生成的训练样本:
--------------------------------------------------------------------------------
输入:       DMNHRJN BH WMDBX> D<VR> WQWPWHJ WMCX> DMCJXWT>
目标:     0 1 6 0 0 49 0 19 0 1 0 0 1 0 0 0 4 0 0 1 0 0 15 0 0 1 0 0 25 1 0 0 0 1 0 0 4 0 0 1 0 0 0 0 2 9 0
预测:     0 1 6 0 0 49 0 19 0 1 0 0 1 0 0 0 4 0 0 1 0 0 15 0 0 1 0 0 25 1 0 0 0 1 0 0 4 0 0 1 0 0 0 0 2 9 0
准确率:    1.0000 (47/47)
----------------------------------------
输入:       LBJT >JL <DM> L>TR> DNQC HW> TMN
目标:     0 1 0 0 2 0 0 0 2 0 0 0 0 0 0 1 0 0 4 0 0 1 0 0 7 0 0 10 3 0 0 0 0
预测:     0 1 0 0 2 0 0 0 2 0 0 0 0 0 0 1 0 0 4 0 0 1 0 0 7 0 0 10 3 0 0 0 0
准确率:    1.0000 (33/33)
----------------------------------------
输入:       MJT> >N> <LJK BJCT> W>B<R BTRK W>WBD
目标:     0 68 0 10 7 0 0 0 0 0 0 8 1 0 0 0 0 2 9 0 0 1 6 0 0 16 0 0 0 1 0 0 1 68 0 0 3
预测:     0 68 0 10 7 0 0 0 0 0 0 8 1 0 0 0 0 2 9 0 0 1 6 0 0 16 0 0 0 1 0 0 1 68 0 0 3
准确率:    1.0000 (37/37)
----------------------------------------

生成的验证样本:
--------------------------------------------------------------------------------
输入:       YBJNH D>LH> LMSV> MN KL DBJC WKLJ
目标:     0 0 0 0 5 0 0 1 0 0 4 0 0 1 6 0 10 7 0 0 0 0 0 2 0 1 0 0 2 0 36 0 0 3
预测:     0 0 0 0 5 0 0 1 0 0 4 0 0 1 6 0 10 7 0 0 0 0 0 2 0 1 0 0 2 0 36 0 0 3
准确率:    1.0000 (34/34)
----------------------------------------
输入:       D>LH> LMSV> MN KL DBJC WKLJ XJLK
目标:     0 1 0 0 4 0 0 1 6 0 10 7 0 0 0 0 0 2 0 1 0 0 2 0 36 0 0 3 0 0 0 5 0
预测:     0 1 0 0 4 0 0 1 6 0 10 7 0 0 0 0 0 2 0 1 0 0 2 0 36 0 0 3 0 0 0 5 0
准确率:    1.0000 (33/33)
----------------------------------------
⏳ 验证无提升 (验证准确率: 0.9690 ≤ 0.9695)，patience: 12/50

======================================================================
🚀 Epoch 118/200
======================================================================
📚 开始训练阶段...
训练进度: 500/6065 损失=0.0028
训练进度: 1000/6065 损失=0.0015
训练进度: 1500/6065 损失=0.0015
训练进度: 2000/6065 损失=0.0064
训练进度: 2500/6065 损失=0.0085
训练进度: 3000/6065 损失=0.0072
训练进度: 3500/6065 损失=0.0037
训练进度: 4000/6065 损失=0.0007
训练进度: 4500/6065 损失=0.0101
训练进度: 5000/6065 损失=0.0037
训练进度: 5500/6065 损失=0.0097
训练进度: 6000/6065 损失=0.0015
训练进度: 6065/6065 损失=0.0105
✅ 训练完成，耗时: 111.3秒 (1.9分钟)

============================================================
📊 验证决策: Epoch 118/200
   验证间隔: 1
   是否验证: ✅ 是
   原因: 达到验证间隔 (0 == 0)
============================================================

🔍 开始验证...
验证进度: 500/686 损失=0.0866
验证进度: 686/686 损失=2.1221

📊 预测分布分析:
  - 预测的前5个类别: {np.int64(0): 283014, np.int64(1): 37034, np.int64(2): 14770, np.int64(3): 10697, np.int64(4): 8869}
  - 标签的前5个类别: {np.int64(0): 281232, np.int64(1): 36731, np.int64(2): 14789, np.int64(3): 10866, np.int64(4): 8585}
✅ 验证完成，耗时: 4.9秒 (0.1分钟)
训练损失: 0.0080
验证损失: 0.4772
验证准确率: 0.9695 (10629/10964) - 与Levenshtein高度相关
验证F1(加权): 0.9687 - 类别平衡更好
学习率: 0.000037
显存使用: 0.47GB (预留: 0.69GB)

生成的训练样本:
--------------------------------------------------------------------------------
输入:       CN> HKN> >P KL DMCTWTP LGBR> <WL>
目标:     0 0 4 0 0 0 0 0 0 0 0 0 0 0 2 0 1 45 39 0 0 0 41 0 1 0 0 4 0 0 0 0 4 0
预测:     0 0 4 0 0 0 0 0 0 0 0 0 0 0 2 0 1 45 39 0 0 0 41 0 1 0 0 4 0 0 0 0 4 0
准确率:    1.0000 (34/34)
----------------------------------------
输入:       JHWD> D>CTXRW CDJN <QR> LTXT W<BDJN P>R>
目标:     0 0 0 0 0 2 0 1 47 39 101 0 3 0 0 0 42 0 0 0 0 0 15 0 0 1 0 0 0 0 1 0 0 7 0 0 0 0 0 11 0
预测:     0 0 0 0 0 2 0 1 47 39 101 0 3 0 0 0 42 0 0 0 0 0 15 0 0 1 0 0 0 0 1 0 0 7 0 0 0 0 0 11 0
准确率:    1.0000 (41/41)
----------------------------------------
输入:       >LHKWN MVL DMRJ> >LHKWN NWR> HW >KLT>
目标:     0 0 0 5 0 0 0 0 0 0 0 0 1 0 0 0 2 0 0 0 5 0 0 0 0 0 0 4 0 0 0 0 0 0 0 7 9 0
预测:     0 0 0 5 0 0 0 0 0 0 0 0 1 0 0 0 2 0 0 0 5 0 0 0 0 0 0 4 0 0 0 0 0 0 0 7 9 0
准确率:    1.0000 (38/38)
----------------------------------------

生成的验证样本:
--------------------------------------------------------------------------------
输入:       YBJNH D>LH> LMSV> MN KL DBJC WKLJ
目标:     0 0 0 0 5 0 0 1 0 0 4 0 0 1 6 0 10 7 0 0 0 0 0 2 0 1 0 0 2 0 36 0 0 3
预测:     0 0 0 0 5 0 0 1 0 0 4 0 0 1 6 0 10 7 0 0 0 0 0 2 0 1 0 0 2 0 36 0 0 3
准确率:    1.0000 (34/34)
----------------------------------------
输入:       D>LH> LMSV> MN KL DBJC WKLJ XJLK
目标:     0 1 0 0 4 0 0 1 6 0 10 7 0 0 0 0 0 2 0 1 0 0 2 0 36 0 0 3 0 0 0 5 0
预测:     0 1 0 0 4 0 0 1 6 0 10 7 0 0 0 0 0 2 0 1 0 0 2 0 36 0 0 3 0 0 0 5 0
准确率:    1.0000 (33/33)
----------------------------------------
⏳ 验证无提升 (验证准确率: 0.9695 ≤ 0.9695)，patience: 13/50

======================================================================
🚀 Epoch 119/200
======================================================================
📚 开始训练阶段...
训练进度: 500/6065 损失=0.0082
训练进度: 1000/6065 损失=0.0005
训练进度: 1500/6065 损失=0.0011
训练进度: 2000/6065 损失=0.0035
训练进度: 2500/6065 损失=0.0086
训练进度: 3000/6065 损失=0.0032
训练进度: 3500/6065 损失=0.0060
训练进度: 4000/6065 损失=0.0033
训练进度: 4500/6065 损失=0.0042
训练进度: 5000/6065 损失=0.0037
训练进度: 5500/6065 损失=0.0027
训练进度: 6000/6065 损失=0.0120
训练进度: 6065/6065 损失=0.0048
✅ 训练完成，耗时: 111.1秒 (1.9分钟)

============================================================
📊 验证决策: Epoch 119/200
   验证间隔: 1
   是否验证: ✅ 是
   原因: 达到验证间隔 (0 == 0)
============================================================

🔍 开始验证...
验证进度: 500/686 损失=0.1068
验证进度: 686/686 损失=2.1676

📊 预测分布分析:
  - 预测的前5个类别: {np.int64(0): 282985, np.int64(1): 37048, np.int64(2): 14719, np.int64(3): 10732, np.int64(4): 8854}
  - 标签的前5个类别: {np.int64(0): 281232, np.int64(1): 36731, np.int64(2): 14789, np.int64(3): 10866, np.int64(4): 8585}
✅ 验证完成，耗时: 4.9秒 (0.1分钟)
训练损失: 0.0077
验证损失: 0.4841
验证准确率: 0.9691 (10624/10964) - 与Levenshtein高度相关
验证F1(加权): 0.9683 - 类别平衡更好
学习率: 0.000036
显存使用: 0.47GB (预留: 0.69GB)

生成的训练样本:
--------------------------------------------------------------------------------
输入:       LH >BWK PQD QDM MWTH W>MR HKN>
目标:     0 1 0 0 0 8 5 0 0 0 0 16 0 0 0 2 0 0 0 37 0 0 1 0 0 3 0 0 0 0 0
预测:     0 1 0 0 0 8 5 0 0 0 0 16 0 0 0 2 0 0 0 37 0 0 1 0 0 3 0 0 0 0 0
准确率:    1.0000 (31/31)
----------------------------------------
输入:       MRJ W>MR LH <SW >JT LJ WSGJ
目标:     0 0 56 0 0 1 0 0 3 0 1 0 0 0 0 2 0 0 0 24 0 1 0 0 1 0 0 13
预测:     0 0 56 0 0 1 0 0 3 0 1 0 0 0 0 2 0 0 0 24 0 1 0 0 1 0 0 13
准确率:    1.0000 (28/28)
----------------------------------------
输入:       W<L KL >BDT> DN>MR HD> HJ QDM
目标:     0 1 0 0 0 0 2 0 0 0 13 9 0 0 1 44 0 0 3 0 0 0 0 0 0 12 0 0 0 2
预测:     0 1 0 0 0 0 2 0 0 0 13 9 0 0 1 44 0 0 3 0 0 0 0 0 0 12 0 0 0 2
准确率:    1.0000 (30/30)
----------------------------------------

生成的验证样本:
--------------------------------------------------------------------------------
输入:       YBJNH D>LH> LMSV> MN KL DBJC WKLJ
目标:     0 0 0 0 5 0 0 1 0 0 4 0 0 1 6 0 10 7 0 0 0 0 0 2 0 1 0 0 2 0 36 0 0 3
预测:     0 0 0 0 5 0 0 1 0 0 4 0 0 1 6 0 10 7 0 0 0 0 0 2 0 1 0 0 2 0 36 0 0 3
准确率:    1.0000 (34/34)
----------------------------------------
输入:       D>LH> LMSV> MN KL DBJC WKLJ XJLK
目标:     0 1 0 0 4 0 0 1 6 0 10 7 0 0 0 0 0 2 0 1 0 0 2 0 36 0 0 3 0 0 0 5 0
预测:     0 1 0 0 4 0 0 1 6 0 10 7 0 0 0 0 0 2 0 1 0 0 2 0 36 0 0 3 0 0 0 5 0
准确率:    1.0000 (33/33)
----------------------------------------
⏳ 验证无提升 (验证准确率: 0.9691 ≤ 0.9695)，patience: 14/50

======================================================================
🚀 Epoch 120/200
======================================================================
📚 开始训练阶段...
训练进度: 500/6065 损失=0.0039
训练进度: 1000/6065 损失=0.0070
训练进度: 1500/6065 损失=0.0026
训练进度: 2000/6065 损失=0.0122
训练进度: 2500/6065 损失=0.0025
训练进度: 3000/6065 损失=0.0039
训练进度: 3500/6065 损失=0.0005
训练进度: 4000/6065 损失=0.0023
训练进度: 4500/6065 损失=0.0019
训练进度: 5000/6065 损失=0.0018
训练进度: 5500/6065 损失=0.0068
训练进度: 6000/6065 损失=0.0031
训练进度: 6065/6065 损失=0.0136
✅ 训练完成，耗时: 111.0秒 (1.8分钟)

============================================================
📊 验证决策: Epoch 120/200
   验证间隔: 1
   是否验证: ✅ 是
   原因: 达到验证间隔 (0 == 0)
============================================================

🔍 开始验证...
验证进度: 500/686 损失=0.0911
验证进度: 686/686 损失=2.1938

📊 预测分布分析:
  - 预测的前5个类别: {np.int64(0): 282893, np.int64(1): 37045, np.int64(2): 14711, np.int64(3): 10768, np.int64(4): 8988}
  - 标签的前5个类别: {np.int64(0): 281232, np.int64(1): 36731, np.int64(2): 14789, np.int64(3): 10866, np.int64(4): 8585}
✅ 验证完成，耗时: 4.9秒 (0.1分钟)
训练损失: 0.0076
验证损失: 0.4880
验证准确率: 0.9693 (10626/10964) - 与Levenshtein高度相关
验证F1(加权): 0.9685 - 类别平衡更好
学习率: 0.000035
显存使用: 0.47GB (预留: 0.69GB)

生成的训练样本:
--------------------------------------------------------------------------------
输入:       NX> WL>JLJN DMCKX DNXS> <LJHWN W>KXD> NWBD
目标:     0 28 95 3 0 1 1 0 0 0 0 0 0 1 28 0 0 7 0 1 6 0 10 16 0 0 8 1 0 0 0 0 1 0 0 0 0 0 0 68 0 0 3
预测:     0 28 95 3 0 1 1 0 0 0 0 0 0 1 28 0 0 7 0 1 6 0 10 16 0 0 8 1 0 0 0 0 1 0 0 0 0 0 0 68 0 0 3
准确率:    1.0000 (43/43)
----------------------------------------
输入:       DL> L>JT BH WL> RBJTJHJ DBR LLJH
目标:     0 1 0 0 0 0 0 3 12 0 1 0 0 1 0 0 0 0 0 3 181 0 0 0 0 1 0 2 0 38 0 5 0
预测:     0 1 0 0 0 0 0 3 12 0 1 0 0 1 0 0 0 0 0 3 181 0 0 0 0 1 0 2 0 38 0 5 0
准确率:    1.0000 (33/33)
----------------------------------------
输入:       HD> HW NCDR ML>KH QDMJK WTSB >NTT>
目标:     0 0 0 0 0 0 0 0 6 0 0 16 0 0 0 0 5 0 0 0 0 2 1 0 0 1 34 0 3 0 0 0 13 9 0
预测:     0 0 0 0 0 0 0 0 6 0 0 16 0 0 0 0 5 0 0 0 0 2 1 0 0 1 34 0 3 0 0 0 13 9 0
准确率:    1.0000 (35/35)
----------------------------------------

生成的验证样本:
--------------------------------------------------------------------------------
输入:       YBJNH D>LH> LMSV> MN KL DBJC WKLJ
目标:     0 0 0 0 5 0 0 1 0 0 4 0 0 1 6 0 10 7 0 0 0 0 0 2 0 1 0 0 2 0 36 0 0 3
预测:     0 0 0 0 5 0 0 1 0 0 4 0 0 1 6 0 10 7 0 0 0 0 0 2 0 1 0 0 2 0 36 0 0 3
准确率:    1.0000 (34/34)
----------------------------------------
输入:       D>LH> LMSV> MN KL DBJC WKLJ XJLK
目标:     0 1 0 0 4 0 0 1 6 0 10 7 0 0 0 0 0 2 0 1 0 0 2 0 36 0 0 3 0 0 0 5 0
预测:     0 1 0 0 4 0 0 1 6 0 10 7 0 0 0 0 0 2 0 1 0 0 2 0 36 0 0 3 0 0 0 5 0
准确率:    1.0000 (33/33)
----------------------------------------
⏳ 验证无提升 (验证准确率: 0.9693 ≤ 0.9695)，patience: 15/50

======================================================================
🚀 Epoch 121/200
======================================================================
📚 开始训练阶段...
训练进度: 500/6065 损失=0.0186
训练进度: 1000/6065 损失=0.0140
训练进度: 1500/6065 损失=0.0126
训练进度: 2000/6065 损失=0.0038
训练进度: 2500/6065 损失=0.0019
训练进度: 3000/6065 损失=0.0019
训练进度: 3500/6065 损失=0.0015
训练进度: 4000/6065 损失=0.0035
训练进度: 4500/6065 损失=0.0027
训练进度: 5000/6065 损失=0.0025
训练进度: 5500/6065 损失=0.0071
训练进度: 6000/6065 损失=0.0026
训练进度: 6065/6065 损失=0.0130
✅ 训练完成，耗时: 111.3秒 (1.9分钟)

============================================================
📊 验证决策: Epoch 121/200
   验证间隔: 1
   是否验证: ✅ 是
   原因: 达到验证间隔 (0 == 0)
============================================================

🔍 开始验证...
验证进度: 500/686 损失=0.1075
验证进度: 686/686 损失=2.1646

📊 预测分布分析:
  - 预测的前5个类别: {np.int64(0): 282931, np.int64(1): 36977, np.int64(2): 14732, np.int64(3): 10749, np.int64(4): 8800}
  - 标签的前5个类别: {np.int64(0): 281232, np.int64(1): 36731, np.int64(2): 14789, np.int64(3): 10866, np.int64(4): 8585}
✅ 验证完成，耗时: 4.9秒 (0.1分钟)
训练损失: 0.0074
验证损失: 0.4916
验证准确率: 0.9691 (10625/10964) - 与Levenshtein高度相关
验证F1(加权): 0.9684 - 类别平衡更好
学习率: 0.000035
显存使用: 0.48GB (预留: 0.69GB)

生成的训练样本:
--------------------------------------------------------------------------------
输入:       W>TW QDM MLK> W>MR LHWN MLK> QWMW
目标:     0 1 0 18 0 0 0 0 2 0 0 0 4 0 0 1 0 0 3 0 1 0 0 0 0 0 0 4 0 6 0 0 3 0
预测:     0 1 0 18 0 0 0 0 2 0 0 0 4 0 0 1 0 0 3 0 1 0 0 0 0 0 0 4 0 6 0 0 3 0
准确率:    1.0000 (34/34)
----------------------------------------
输入:       LNWS> DBJT MLK> W>WQDW <LWHJ BJT MLK>
目标:     0 1 0 0 4 0 0 1 0 0 2 0 0 0 4 0 0 1 50 0 0 3 0 0 0 8 1 0 0 0 0 0 2 0 0 0 4 0
预测:     0 1 0 0 4 0 0 1 0 0 2 0 0 0 4 0 0 1 50 0 0 3 0 0 0 8 1 0 0 0 0 0 2 0 0 0 4 0
准确率:    1.0000 (38/38)
----------------------------------------
输入:       W>N NCTXR MN BSR> DCWMLJ> WMN LXM>
目标:     0 1 0 0 0 45 39 101 0 3 0 0 0 0 0 0 4 0 0 1 0 0 0 0 4 0 0 1 0 0 0 0 0 4 0
预测:     0 1 0 0 0 45 39 101 0 3 0 0 0 0 0 0 4 0 0 1 0 0 0 0 4 0 0 1 0 0 0 0 0 4 0
准确率:    1.0000 (35/35)
----------------------------------------

生成的验证样本:
--------------------------------------------------------------------------------
输入:       YBJNH D>LH> LMSV> MN KL DBJC WKLJ
目标:     0 0 0 0 5 0 0 1 0 0 4 0 0 1 6 0 10 7 0 0 0 0 0 2 0 1 0 0 2 0 36 0 0 3
预测:     0 0 0 0 5 0 0 1 0 0 4 0 0 1 6 0 10 7 0 0 0 0 0 2 0 1 0 0 2 0 36 0 0 3
准确率:    1.0000 (34/34)
----------------------------------------
输入:       D>LH> LMSV> MN KL DBJC WKLJ XJLK
目标:     0 1 0 0 4 0 0 1 6 0 10 7 0 0 0 0 0 2 0 1 0 0 2 0 36 0 0 3 0 0 0 5 0
预测:     0 1 0 0 4 0 0 1 6 0 10 7 0 0 0 0 0 2 0 1 0 0 2 0 36 0 0 3 0 0 0 5 0
准确率:    1.0000 (33/33)
----------------------------------------
⏳ 验证无提升 (验证准确率: 0.9691 ≤ 0.9695)，patience: 16/50

======================================================================
🚀 Epoch 122/200
======================================================================
📚 开始训练阶段...
训练进度: 500/6065 损失=0.0070
训练进度: 1000/6065 损失=0.0036
训练进度: 1500/6065 损失=0.0058
训练进度: 2000/6065 损失=0.0005
训练进度: 2500/6065 损失=0.0107
训练进度: 3000/6065 损失=0.0015
训练进度: 3500/6065 损失=0.0338
训练进度: 4000/6065 损失=0.0007
训练进度: 4500/6065 损失=0.0041
训练进度: 5000/6065 损失=0.0022
训练进度: 5500/6065 损失=0.0013
训练进度: 6000/6065 损失=0.0017
训练进度: 6065/6065 损失=0.0017
✅ 训练完成，耗时: 111.3秒 (1.9分钟)

============================================================
📊 验证决策: Epoch 122/200
   验证间隔: 1
   是否验证: ✅ 是
   原因: 达到验证间隔 (0 == 0)
============================================================

🔍 开始验证...
验证进度: 500/686 损失=0.0977
验证进度: 686/686 损失=2.1088

📊 预测分布分析:
  - 预测的前5个类别: {np.int64(0): 283007, np.int64(1): 37034, np.int64(2): 14701, np.int64(3): 10762, np.int64(4): 8802}
  - 标签的前5个类别: {np.int64(0): 281232, np.int64(1): 36731, np.int64(2): 14789, np.int64(3): 10866, np.int64(4): 8585}
✅ 验证完成，耗时: 4.9秒 (0.1分钟)
训练损失: 0.0074
验证损失: 0.4938
验证准确率: 0.9690 (10624/10964) - 与Levenshtein高度相关
验证F1(加权): 0.9683 - 类别平衡更好
学习率: 0.000034
显存使用: 0.47GB (预留: 0.69GB)

生成的训练样本:
--------------------------------------------------------------------------------
输入:       QDJC> SRHB HLKTH WSHR> Q>M LZBNH TXWJT>
目标:     0 0 0 0 4 0 0 17 0 0 3 0 0 0 13 32 0 0 1 0 0 4 0 0 20 0 7 0 1 0 0 5 0 0 0 0 0 2 9 0
预测:     0 0 0 0 4 0 0 17 0 0 3 0 0 0 13 32 0 0 1 0 0 4 0 0 20 0 7 0 1 0 0 5 0 0 0 0 0 2 9 0
准确率:    1.0000 (40/40)
----------------------------------------
输入:       W>N> Z<WR> >N> DBJT >BJ W>MR LH
目标:     0 1 0 0 0 0 0 0 0 4 0 0 0 0 0 0 1 0 0 2 0 0 5 0 0 1 0 0 3 0 1 0
预测:     0 1 0 0 0 0 0 0 0 4 0 0 0 0 0 0 1 0 0 2 0 0 5 0 0 1 0 0 3 0 1 0
准确率:    1.0000 (32/32)
----------------------------------------
输入:       WD<NK WT>LP LMDXL QDM MRJ> >LHK KLHWN
目标:     0 1 1 0 5 0 0 1 73 0 0 16 0 1 6 0 0 7 0 0 0 2 0 0 0 0 2 0 0 0 5 0 0 0 5 0 0 0
预测:     0 1 1 0 5 0 0 1 73 0 0 16 0 1 6 0 0 7 0 0 0 2 0 0 0 0 2 0 0 0 5 0 0 0 5 0 0 0
准确率:    1.0000 (38/38)
----------------------------------------

生成的验证样本:
--------------------------------------------------------------------------------
输入:       YBJNH D>LH> LMSV> MN KL DBJC WKLJ
目标:     0 0 0 0 5 0 0 1 0 0 4 0 0 1 6 0 10 7 0 0 0 0 0 2 0 1 0 0 2 0 36 0 0 3
预测:     0 0 0 0 5 0 0 1 0 0 4 0 0 1 6 0 10 7 0 0 0 0 0 2 0 1 0 0 2 0 36 0 0 3
准确率:    1.0000 (34/34)
----------------------------------------
输入:       D>LH> LMSV> MN KL DBJC WKLJ XJLK
目标:     0 1 0 0 4 0 0 1 6 0 10 7 0 0 0 0 0 2 0 1 0 0 2 0 36 0 0 3 0 0 0 5 0
预测:     0 1 0 0 4 0 0 1 6 0 10 7 0 0 0 0 0 2 0 1 0 0 2 0 36 0 0 3 0 0 0 5 0
准确率:    1.0000 (33/33)
----------------------------------------
⏳ 验证无提升 (验证准确率: 0.9690 ≤ 0.9695)，patience: 17/50

======================================================================
🚀 Epoch 123/200
======================================================================
📚 开始训练阶段...
训练进度: 500/6065 损失=0.0080
训练进度: 1000/6065 损失=0.0029
训练进度: 1500/6065 损失=0.0121
训练进度: 2000/6065 损失=0.0044
训练进度: 2500/6065 损失=0.0181
训练进度: 3000/6065 损失=0.0027
训练进度: 3500/6065 损失=0.0044
训练进度: 4000/6065 损失=0.0029
训练进度: 4500/6065 损失=0.0043
训练进度: 5000/6065 损失=0.0014
训练进度: 5500/6065 损失=0.0020
训练进度: 6000/6065 损失=0.0085
训练进度: 6065/6065 损失=0.0041
✅ 训练完成，耗时: 111.4秒 (1.9分钟)

============================================================
📊 验证决策: Epoch 123/200
   验证间隔: 1
   是否验证: ✅ 是
   原因: 达到验证间隔 (0 == 0)
============================================================

🔍 开始验证...
验证进度: 500/686 损失=0.1109
验证进度: 686/686 损失=2.2233

📊 预测分布分析:
  - 预测的前5个类别: {np.int64(0): 283151, np.int64(1): 36985, np.int64(2): 14753, np.int64(3): 10769, np.int64(4): 8807}
  - 标签的前5个类别: {np.int64(0): 281232, np.int64(1): 36731, np.int64(2): 14789, np.int64(3): 10866, np.int64(4): 8585}
✅ 验证完成，耗时: 4.9秒 (0.1分钟)
训练损失: 0.0072
验证损失: 0.4920
验证准确率: 0.9692 (10626/10964) - 与Levenshtein高度相关
验证F1(加权): 0.9684 - 类别平衡更好
学习率: 0.000033
显存使用: 0.47GB (预留: 0.69GB)

生成的训练样本:
--------------------------------------------------------------------------------
输入:       ZG> BGW RWMN> <L CPWLWHJ DPRZWM> KD
目标:     0 0 11 0 0 1 0 2 0 0 0 0 11 0 0 0 0 0 0 0 0 25 1 0 0 0 1 0 0 0 0 4 0 0 0 0
预测:     0 0 11 0 0 1 0 2 0 0 0 0 11 0 0 0 0 0 0 0 0 25 1 0 0 0 1 0 0 0 0 4 0 0 0 0
准确率:    1.0000 (36/36)
----------------------------------------
输入:       K>P> W>ST> SJM LK SJMT> BZDJQWT> WBXWB>
目标:     0 0 0 4 0 0 1 0 70 9 0 6 20 0 3 0 1 0 0 0 0 13 9 0 0 1 0 0 0 0 2 9 0 0 1 1 0 0 55 0
预测:     0 0 0 4 0 0 1 0 70 9 0 6 20 0 3 0 1 0 0 0 0 13 9 0 0 1 0 0 0 0 2 9 0 0 1 1 0 0 55 0
准确率:    1.0000 (40/40)
----------------------------------------
输入:       BMDBR> <DM> D>TJTWN L>TR> HN> WMDM D<BD
目标:     0 1 0 0 0 4 0 0 0 0 0 0 0 1 0 0 3 0 0 0 0 1 0 0 4 0 0 0 0 0 0 1 0 0 2 0 1 0 0 3
预测:     0 1 0 0 0 4 0 0 0 0 0 0 0 1 0 0 3 0 0 0 0 1 0 0 4 0 0 0 0 0 0 1 0 0 2 0 1 0 0 3
准确率:    1.0000 (40/40)
----------------------------------------

生成的验证样本:
--------------------------------------------------------------------------------
输入:       YBJNH D>LH> LMSV> MN KL DBJC WKLJ
目标:     0 0 0 0 5 0 0 1 0 0 4 0 0 1 6 0 10 7 0 0 0 0 0 2 0 1 0 0 2 0 36 0 0 3
预测:     0 0 0 0 5 0 0 1 0 0 4 0 0 1 6 0 10 7 0 0 0 0 0 2 0 1 0 0 2 0 36 0 0 3
准确率:    1.0000 (34/34)
----------------------------------------
输入:       D>LH> LMSV> MN KL DBJC WKLJ XJLK
目标:     0 1 0 0 4 0 0 1 6 0 10 7 0 0 0 0 0 2 0 1 0 0 2 0 36 0 0 3 0 0 0 5 0
预测:     0 1 0 0 4 0 0 1 6 0 10 7 0 0 0 0 0 2 0 1 0 0 2 0 36 0 0 3 0 0 0 5 0
准确率:    1.0000 (33/33)
----------------------------------------
⏳ 验证无提升 (验证准确率: 0.9692 ≤ 0.9695)，patience: 18/50

======================================================================
🚀 Epoch 124/200
======================================================================
📚 开始训练阶段...
训练进度: 500/6065 损失=0.0021
训练进度: 1000/6065 损失=0.0109
训练进度: 1500/6065 损失=0.0019
训练进度: 2000/6065 损失=0.0128
训练进度: 2500/6065 损失=0.0126
训练进度: 3000/6065 损失=0.0049
训练进度: 3500/6065 损失=0.0114
训练进度: 4000/6065 损失=0.0012
训练进度: 4500/6065 损失=0.0105
训练进度: 5000/6065 损失=0.0170
训练进度: 5500/6065 损失=0.0032
训练进度: 6000/6065 损失=0.0077
训练进度: 6065/6065 损失=0.0084
✅ 训练完成，耗时: 110.6秒 (1.8分钟)

============================================================
📊 验证决策: Epoch 124/200
   验证间隔: 1
   是否验证: ✅ 是
   原因: 达到验证间隔 (0 == 0)
============================================================

🔍 开始验证...
验证进度: 500/686 损失=0.1569
验证进度: 686/686 损失=2.1065

📊 预测分布分析:
  - 预测的前5个类别: {np.int64(0): 282892, np.int64(1): 37055, np.int64(2): 14768, np.int64(3): 10753, np.int64(4): 8821}
  - 标签的前5个类别: {np.int64(0): 281232, np.int64(1): 36731, np.int64(2): 14789, np.int64(3): 10866, np.int64(4): 8585}
✅ 验证完成，耗时: 4.9秒 (0.1分钟)
训练损失: 0.0070
验证损失: 0.4943
验证准确率: 0.9692 (10626/10964) - 与Levenshtein高度相关
验证F1(加权): 0.9685 - 类别平衡更好
学习率: 0.000032
显存使用: 0.48GB (预留: 0.69GB)

生成的训练样本:
--------------------------------------------------------------------------------
输入:       <MWRJH D>R<> BJT KN<NJ> WBJT PRZJ> W>N>
目标:     0 0 0 0 2 1 12 0 1 0 0 4 0 0 0 66 0 0 0 0 0 0 11 0 0 1 0 66 0 0 0 0 0 11 0 0 1 0 0 0
预测:     0 0 0 0 2 1 12 0 1 0 0 4 0 0 0 66 0 0 0 0 0 0 11 0 0 1 0 66 0 0 0 0 0 11 0 0 1 0 0 0
准确率:    1.0000 (40/40)
----------------------------------------
输入:       LCN> TLJTJ> SGJ>> BCBJ> >PQ WBDR >NWN
目标:     0 0 0 4 0 0 0 0 0 0 4 0 0 0 0 0 11 0 0 1 0 0 15 0 0 72 0 3 0 1 0 0 16 0 0 0 0 0
预测:     0 0 0 4 0 0 0 0 0 0 4 0 0 0 0 0 11 0 0 1 0 0 15 0 0 72 0 3 0 1 0 0 16 0 0 0 0 0
准确率:    1.0000 (38/38)
----------------------------------------
输入:       DWJD >BJ WB>JDWHJ CLM W>MR MN JWM>
目标:     0 0 0 0 2 0 0 5 0 0 1 35 0 0 25 1 0 0 0 0 0 16 0 1 0 0 3 0 0 0 0 0 0 4 0
预测:     0 0 0 0 2 0 0 5 0 0 1 35 0 0 25 1 0 0 0 0 0 16 0 1 0 0 3 0 0 0 0 0 0 4 0
准确率:    1.0000 (35/35)
----------------------------------------

生成的验证样本:
--------------------------------------------------------------------------------
输入:       YBJNH D>LH> LMSV> MN KL DBJC WKLJ
目标:     0 0 0 0 5 0 0 1 0 0 4 0 0 1 6 0 10 7 0 0 0 0 0 2 0 1 0 0 2 0 36 0 0 3
预测:     0 0 0 0 5 0 0 1 0 0 4 0 0 1 6 0 10 7 0 0 0 0 0 2 0 1 0 0 2 0 36 0 0 3
准确率:    1.0000 (34/34)
----------------------------------------
输入:       D>LH> LMSV> MN KL DBJC WKLJ XJLK
目标:     0 1 0 0 4 0 0 1 6 0 10 7 0 0 0 0 0 2 0 1 0 0 2 0 36 0 0 3 0 0 0 5 0
预测:     0 1 0 0 4 0 0 1 6 0 10 7 0 0 0 0 0 2 0 1 0 0 2 0 36 0 0 3 0 0 0 5 0
准确率:    1.0000 (33/33)
----------------------------------------
⏳ 验证无提升 (验证准确率: 0.9692 ≤ 0.9695)，patience: 19/50

======================================================================
🚀 Epoch 125/200
======================================================================
📚 开始训练阶段...
训练进度: 500/6065 损失=0.0073
训练进度: 1000/6065 损失=0.0023
训练进度: 1500/6065 损失=0.0090
训练进度: 2000/6065 损失=0.0003
训练进度: 2500/6065 损失=0.0060
训练进度: 3000/6065 损失=0.0090
训练进度: 3500/6065 损失=0.0011
训练进度: 4000/6065 损失=0.0074
训练进度: 4500/6065 损失=0.0023
训练进度: 5000/6065 损失=0.0030
训练进度: 5500/6065 损失=0.0014
训练进度: 6000/6065 损失=0.0014
训练进度: 6065/6065 损失=0.0118
✅ 训练完成，耗时: 110.6秒 (1.8分钟)

============================================================
📊 验证决策: Epoch 125/200
   验证间隔: 1
   是否验证: ✅ 是
   原因: 达到验证间隔 (0 == 0)
============================================================

🔍 开始验证...
验证进度: 500/686 损失=0.1160
验证进度: 686/686 损失=2.0366

📊 预测分布分析:
  - 预测的前5个类别: {np.int64(0): 283095, np.int64(1): 37047, np.int64(2): 14736, np.int64(3): 10791, np.int64(4): 8912}
  - 标签的前5个类别: {np.int64(0): 281232, np.int64(1): 36731, np.int64(2): 14789, np.int64(3): 10866, np.int64(4): 8585}
✅ 验证完成，耗时: 4.9秒 (0.1分钟)
训练损失: 0.0068
验证损失: 0.4942
验证准确率: 0.9696 (10630/10964) - 与Levenshtein高度相关
验证F1(加权): 0.9688 - 类别平衡更好
学习率: 0.000032
显存使用: 0.47GB (预留: 0.69GB)

生成的训练样本:
--------------------------------------------------------------------------------
输入:       LMTKTCW <M BNJ <MWN HW NHW> RJC>
目标:     0 1 21 14 0 0 7 19 0 0 0 0 0 2 0 0 0 0 0 2 0 0 0 0 6 0 10 3 0 0 0 4 0
预测:     0 1 21 14 0 0 7 19 0 0 0 0 0 2 0 0 0 0 0 2 0 0 0 0 6 0 10 3 0 0 0 4 0
准确率:    1.0000 (33/33)
----------------------------------------
输入:       >LH> >XRN> D<MM> DBXDRJHWN WSGDW LHWN W>RGZW
目标:     0 0 0 11 0 0 0 0 38 11 0 0 1 0 8 30 0 0 1 1 0 0 2 1 0 0 0 0 1 0 0 3 0 0 1 0 0 0 0 1 17 0 0 3 0
预测:     0 0 0 11 0 0 0 0 38 11 0 0 1 0 8 30 0 0 1 1 0 0 2 1 0 0 0 0 1 0 0 3 0 0 1 0 0 0 0 1 17 0 0 3 0
准确率:    1.0000 (45/45)
----------------------------------------
输入:       WBNJKWN DL> JD<W JWMN> VBT> WBJCT> HNWN
目标:     0 1 0 2 1 0 0 0 0 1 0 0 0 0 0 3 0 0 0 0 0 4 0 0 0 2 9 0 0 1 0 0 2 9 0 0 0 0 0 12
预测:     0 1 0 2 1 0 0 0 0 1 0 0 0 0 0 3 0 0 0 0 0 4 0 0 0 2 9 0 0 1 0 0 2 9 0 0 0 0 0 12
准确率:    1.0000 (40/40)
----------------------------------------

生成的验证样本:
--------------------------------------------------------------------------------
输入:       YBJNH D>LH> LMSV> MN KL DBJC WKLJ
目标:     0 0 0 0 5 0 0 1 0 0 4 0 0 1 6 0 10 7 0 0 0 0 0 2 0 1 0 0 2 0 36 0 0 3
预测:     0 0 0 0 5 0 0 1 0 0 4 0 0 1 6 0 10 7 0 0 0 0 0 2 0 1 0 0 2 0 36 0 0 3
准确率:    1.0000 (34/34)
----------------------------------------
输入:       D>LH> LMSV> MN KL DBJC WKLJ XJLK
目标:     0 1 0 0 4 0 0 1 6 0 10 7 0 0 0 0 0 2 0 1 0 0 2 0 36 0 0 3 0 0 0 5 0
预测:     0 1 0 0 4 0 0 1 6 0 10 7 0 0 0 0 0 2 0 1 0 0 2 0 36 0 0 3 0 0 0 5 0
准确率:    1.0000 (33/33)
----------------------------------------
💾 保存新的最佳模型！验证准确率: 0.9696 (F1: 0.9688) (Epoch 125)

======================================================================
🚀 Epoch 126/200
======================================================================
📚 开始训练阶段...
训练进度: 500/6065 损失=0.0053
训练进度: 1000/6065 损失=0.0025
训练进度: 1500/6065 损失=0.0040
训练进度: 2000/6065 损失=0.0041
训练进度: 2500/6065 损失=0.0175
训练进度: 3000/6065 损失=0.0041
训练进度: 3500/6065 损失=0.0075
训练进度: 4000/6065 损失=0.0056
训练进度: 4500/6065 损失=0.0049
训练进度: 5000/6065 损失=0.0002
训练进度: 5500/6065 损失=0.0049
训练进度: 6000/6065 损失=0.0044
训练进度: 6065/6065 损失=0.0016
✅ 训练完成，耗时: 110.9秒 (1.8分钟)

============================================================
📊 验证决策: Epoch 126/200
   验证间隔: 1
   是否验证: ✅ 是
   原因: 达到验证间隔 (0 == 0)
============================================================

🔍 开始验证...
验证进度: 500/686 损失=0.1067
验证进度: 686/686 损失=2.0323

📊 预测分布分析:
  - 预测的前5个类别: {np.int64(0): 283075, np.int64(1): 37086, np.int64(2): 14688, np.int64(3): 10802, np.int64(4): 8903}
  - 标签的前5个类别: {np.int64(0): 281232, np.int64(1): 36731, np.int64(2): 14789, np.int64(3): 10866, np.int64(4): 8585}
✅ 验证完成，耗时: 4.9秒 (0.1分钟)
训练损失: 0.0065
验证损失: 0.5049
验证准确率: 0.9693 (10627/10964) - 与Levenshtein高度相关
验证F1(加权): 0.9684 - 类别平衡更好
学习率: 0.000031
显存使用: 0.47GB (预留: 0.69GB)

生成的训练样本:
--------------------------------------------------------------------------------
输入:       WMJ> BMJ> WRWX> BRWX> >NNQ> D>P NWHR>
目标:     0 1 24 9 0 0 1 24 9 0 0 1 0 0 4 0 0 1 0 0 4 0 0 0 0 0 0 2 0 1 0 0 0 0 0 0 4 0
预测:     0 1 24 9 0 0 1 24 9 0 0 1 0 0 4 0 0 1 0 0 4 0 0 0 0 0 0 2 0 1 0 0 0 0 0 0 4 0
准确率:    1.0000 (38/38)
----------------------------------------
输入:       DB>TRN L> >CTMCW DPTKR> D>RB< >MJN VWPSH
目标:     0 1 1 0 0 5 0 0 0 0 0 47 39 0 0 33 0 0 1 0 0 0 4 0 0 1 0 0 0 2 0 0 13 0 0 0 0 0 0 5 0
预测:     0 1 1 0 0 5 0 0 0 0 0 47 39 0 0 33 0 0 1 0 0 0 4 0 0 1 0 0 0 2 0 0 13 0 0 0 0 0 0 5 0
准确率:    1.0000 (41/41)
----------------------------------------
输入:       W<BDW LHWN >JK KLH PWQDN> DPQDTKWN >TXJLW
目标:     0 36 0 0 3 0 0 1 0 0 0 0 0 0 0 0 0 5 0 0 0 0 0 0 4 0 0 1 0 0 3 67 0 0 0 6 0 14 0 0 33 19
预测:     0 36 0 0 3 0 0 1 0 0 0 0 0 0 0 0 0 5 0 0 0 0 0 0 4 0 0 1 0 0 3 67 0 0 0 6 0 14 0 0 33 19
准确率:    1.0000 (42/42)
----------------------------------------

生成的验证样本:
--------------------------------------------------------------------------------
输入:       YBJNH D>LH> LMSV> MN KL DBJC WKLJ
目标:     0 0 0 0 5 0 0 1 0 0 4 0 0 1 6 0 10 7 0 0 0 0 0 2 0 1 0 0 2 0 36 0 0 3
预测:     0 0 0 0 5 0 0 1 0 0 4 0 0 1 6 0 10 7 0 0 0 0 0 2 0 1 0 0 2 0 36 0 0 3
准确率:    1.0000 (34/34)
----------------------------------------
输入:       D>LH> LMSV> MN KL DBJC WKLJ XJLK
目标:     0 1 0 0 4 0 0 1 6 0 10 7 0 0 0 0 0 2 0 1 0 0 2 0 36 0 0 3 0 0 0 5 0
预测:     0 1 0 0 4 0 0 1 6 0 10 7 0 0 0 0 0 2 0 1 0 0 2 0 36 0 0 3 0 0 0 5 0
准确率:    1.0000 (33/33)
----------------------------------------
⏳ 验证无提升 (验证准确率: 0.9693 ≤ 0.9696)，patience: 1/50

======================================================================
🚀 Epoch 127/200
======================================================================
📚 开始训练阶段...
训练进度: 500/6065 损失=0.0016
训练进度: 1000/6065 损失=0.0076
训练进度: 1500/6065 损失=0.0195
训练进度: 2000/6065 损失=0.0038
训练进度: 2500/6065 损失=0.0113
训练进度: 3000/6065 损失=0.0065
训练进度: 3500/6065 损失=0.0097
训练进度: 4000/6065 损失=0.0038
训练进度: 4500/6065 损失=0.0006
训练进度: 5000/6065 损失=0.0007
训练进度: 5500/6065 损失=0.0014
训练进度: 6000/6065 损失=0.0011
训练进度: 6065/6065 损失=0.0008
✅ 训练完成，耗时: 111.2秒 (1.9分钟)

============================================================
📊 验证决策: Epoch 127/200
   验证间隔: 1
   是否验证: ✅ 是
   原因: 达到验证间隔 (0 == 0)
============================================================

🔍 开始验证...
验证进度: 500/686 损失=0.1385
验证进度: 686/686 损失=2.0713

📊 预测分布分析:
  - 预测的前5个类别: {np.int64(0): 282963, np.int64(1): 37060, np.int64(2): 14722, np.int64(3): 10893, np.int64(4): 8865}
  - 标签的前5个类别: {np.int64(0): 281232, np.int64(1): 36731, np.int64(2): 14789, np.int64(3): 10866, np.int64(4): 8585}
✅ 验证完成，耗时: 4.9秒 (0.1分钟)
训练损失: 0.0065
验证损失: 0.5039
验证准确率: 0.9692 (10626/10964) - 与Levenshtein高度相关
验证F1(加权): 0.9684 - 类别平衡更好
学习率: 0.000030
显存使用: 0.47GB (预留: 0.69GB)

生成的训练样本:
--------------------------------------------------------------------------------
输入:       BNJ> LMCKNH DMRJ> W>MR LH HKN> >MR
目标:     0 0 0 0 2 0 1 0 0 0 5 0 0 1 0 0 0 2 0 1 0 0 3 0 1 0 0 0 0 0 0 0 0 0 7
预测:     0 0 0 0 2 0 1 0 0 0 5 0 0 1 0 0 0 2 0 1 0 0 3 0 1 0 0 0 0 0 0 0 0 0 7
准确率:    1.0000 (35/35)
----------------------------------------
输入:       D>MR <LWHJ W>MR MRJ> G<T> DSDWM WD<MWR>
目标:     0 1 0 0 3 0 0 8 1 0 0 0 1 0 0 3 0 0 0 0 2 0 0 13 9 0 0 1 0 0 0 2 0 1 1 0 0 0 0 2
预测:     0 1 0 0 3 0 0 8 1 0 0 0 1 0 0 3 0 0 0 0 2 0 0 13 9 0 0 1 0 0 0 2 0 1 1 0 0 0 0 2
准确率:    1.0000 (40/40)
----------------------------------------
输入:       YJD XCWK> WMVL DMJ> HWW CBBWHJ DXCWK>
目标:     0 0 0 2 0 0 0 0 4 0 0 1 0 0 0 0 1 24 9 0 0 0 18 0 0 0 0 25 1 0 0 0 1 0 0 0 4 0
预测:     0 0 0 2 0 0 0 0 4 0 0 1 0 0 0 0 1 24 9 0 0 0 18 0 0 0 0 25 1 0 0 0 1 0 0 0 4 0
准确率:    1.0000 (38/38)
----------------------------------------

生成的验证样本:
--------------------------------------------------------------------------------
输入:       YBJNH D>LH> LMSV> MN KL DBJC WKLJ
目标:     0 0 0 0 5 0 0 1 0 0 4 0 0 1 6 0 10 7 0 0 0 0 0 2 0 1 0 0 2 0 36 0 0 3
预测:     0 0 0 0 5 0 0 1 0 0 4 0 0 1 6 0 10 7 0 0 0 0 0 2 0 1 0 0 2 0 36 0 0 3
准确率:    1.0000 (34/34)
----------------------------------------
输入:       D>LH> LMSV> MN KL DBJC WKLJ XJLK
目标:     0 1 0 0 4 0 0 1 6 0 10 7 0 0 0 0 0 2 0 1 0 0 2 0 36 0 0 3 0 0 0 5 0
预测:     0 1 0 0 4 0 0 1 6 0 10 7 0 0 0 0 0 2 0 1 0 0 2 0 36 0 0 3 0 0 0 5 0
准确率:    1.0000 (33/33)
----------------------------------------
⏳ 验证无提升 (验证准确率: 0.9692 ≤ 0.9696)，patience: 2/50

======================================================================
🚀 Epoch 128/200
======================================================================
📚 开始训练阶段...
训练进度: 500/6065 损失=0.0018
训练进度: 1000/6065 损失=0.0042
训练进度: 1500/6065 损失=0.0024
训练进度: 2000/6065 损失=0.0069
训练进度: 2500/6065 损失=0.0090
训练进度: 3000/6065 损失=0.0087
训练进度: 3500/6065 损失=0.0015
训练进度: 4000/6065 损失=0.0009
训练进度: 4500/6065 损失=0.0022
训练进度: 5000/6065 损失=0.0041
训练进度: 5500/6065 损失=0.0108
训练进度: 6000/6065 损失=0.0164
训练进度: 6065/6065 损失=0.0012
✅ 训练完成，耗时: 111.7秒 (1.9分钟)

============================================================
📊 验证决策: Epoch 128/200
   验证间隔: 1
   是否验证: ✅ 是
   原因: 达到验证间隔 (0 == 0)
============================================================

🔍 开始验证...
验证进度: 500/686 损失=0.1284
验证进度: 686/686 损失=1.8343

📊 预测分布分析:
  - 预测的前5个类别: {np.int64(0): 282976, np.int64(1): 36985, np.int64(2): 14739, np.int64(3): 10720, np.int64(4): 8967}
  - 标签的前5个类别: {np.int64(0): 281232, np.int64(1): 36731, np.int64(2): 14789, np.int64(3): 10866, np.int64(4): 8585}
✅ 验证完成，耗时: 4.9秒 (0.1分钟)
训练损失: 0.0064
验证损失: 0.5050
验证准确率: 0.9695 (10629/10964) - 与Levenshtein高度相关
验证F1(加权): 0.9687 - 类别平衡更好
学习率: 0.000030
显存使用: 0.48GB (预留: 0.69GB)

生成的训练样本:
--------------------------------------------------------------------------------
输入:       <L >JDJ QJTR> WKNR> W>MRJ MTL> BKTB>
目标:     0 0 0 8 0 0 2 0 0 0 0 0 11 0 0 1 0 0 11 0 0 1 0 0 7 0 0 0 0 11 0 0 1 0 0 15 0
预测:     0 0 0 8 0 0 2 0 0 0 0 0 11 0 0 1 0 0 11 0 0 1 0 0 7 0 0 0 0 11 0 0 1 0 0 15 0
准确率:    1.0000 (37/37)
----------------------------------------
输入:       WKPRT SR> W>MRT L> GXKT MVL DDXLT
目标:     0 1 0 0 3 26 0 0 0 2 0 1 0 0 3 26 0 0 0 0 0 0 3 0 0 0 0 0 0 1 0 0 3 26
预测:     0 1 0 0 3 26 0 0 0 2 0 1 0 0 3 26 0 0 0 0 0 0 3 0 0 0 0 0 0 1 0 0 3 26
准确率:    1.0000 (34/34)
----------------------------------------
输入:       BCMH DMRJ> >LH> D<LM> W<MR >BRHM B>R<>
目标:     0 1 0 5 0 0 1 0 0 0 2 0 0 0 4 0 0 1 0 0 11 0 0 1 0 0 3 0 0 0 0 0 2 0 1 0 0 4 0
预测:     0 1 0 5 0 0 1 0 0 0 2 0 0 0 4 0 0 1 0 0 11 0 0 1 0 0 3 0 0 0 0 0 2 0 1 0 0 4 0
准确率:    1.0000 (39/39)
----------------------------------------

生成的验证样本:
--------------------------------------------------------------------------------
输入:       YBJNH D>LH> LMSV> MN KL DBJC WKLJ
目标:     0 0 0 0 5 0 0 1 0 0 4 0 0 1 6 0 10 7 0 0 0 0 0 2 0 1 0 0 2 0 36 0 0 3
预测:     0 0 0 0 5 0 0 1 0 0 4 0 0 1 6 0 10 7 0 0 0 0 0 2 0 1 0 0 2 0 36 0 0 3
准确率:    1.0000 (34/34)
----------------------------------------
输入:       D>LH> LMSV> MN KL DBJC WKLJ XJLK
目标:     0 1 0 0 4 0 0 1 6 0 10 7 0 0 0 0 0 2 0 1 0 0 2 0 36 0 0 3 0 0 0 5 0
预测:     0 1 0 0 4 0 0 1 6 0 10 7 0 0 0 0 0 2 0 1 0 0 2 0 36 0 0 3 0 0 0 5 0
准确率:    1.0000 (33/33)
----------------------------------------
⏳ 验证无提升 (验证准确率: 0.9695 ≤ 0.9696)，patience: 3/50

======================================================================
🚀 Epoch 129/200
======================================================================
📚 开始训练阶段...
训练进度: 500/6065 损失=0.0003
训练进度: 1000/6065 损失=0.0010
训练进度: 1500/6065 损失=0.0150
训练进度: 2000/6065 损失=0.0010
训练进度: 2500/6065 损失=0.0122
训练进度: 3000/6065 损失=0.0013
训练进度: 3500/6065 损失=0.0002
训练进度: 4000/6065 损失=0.0014
训练进度: 4500/6065 损失=0.0178
训练进度: 5000/6065 损失=0.0062
训练进度: 5500/6065 损失=0.0007
训练进度: 6000/6065 损失=0.0021
训练进度: 6065/6065 损失=0.0089
✅ 训练完成，耗时: 111.6秒 (1.9分钟)

============================================================
📊 验证决策: Epoch 129/200
   验证间隔: 1
   是否验证: ✅ 是
   原因: 达到验证间隔 (0 == 0)
============================================================

🔍 开始验证...
验证进度: 500/686 损失=0.1263
验证进度: 686/686 损失=1.9671

📊 预测分布分析:
  - 预测的前5个类别: {np.int64(0): 283015, np.int64(1): 36976, np.int64(2): 14690, np.int64(3): 10745, np.int64(4): 8812}
  - 标签的前5个类别: {np.int64(0): 281232, np.int64(1): 36731, np.int64(2): 14789, np.int64(3): 10866, np.int64(4): 8585}
✅ 验证完成，耗时: 4.9秒 (0.1分钟)
训练损失: 0.0061
验证损失: 0.5086
验证准确率: 0.9693 (10627/10964) - 与Levenshtein高度相关
验证F1(加权): 0.9686 - 类别平衡更好
学习率: 0.000029
显存使用: 0.47GB (预留: 0.69GB)

生成的训练样本:
--------------------------------------------------------------------------------
输入:       TZW<WN MN QDMJHWN MVL DMRJ> >LHK HW
目标:     0 6 0 0 3 0 0 0 0 0 0 0 0 2 1 0 0 0 0 0 0 0 0 1 0 0 0 2 0 0 0 5 0 0 0 0
预测:     0 6 0 0 3 0 0 0 0 0 0 0 0 2 1 0 0 0 0 0 0 0 0 1 0 0 0 2 0 0 0 5 0 0 0 0
准确率:    1.0000 (36/36)
----------------------------------------
输入:       WHPK LWT JHWD> W>MR L> >CKXTH W>P
目标:     0 1 0 0 3 0 0 0 0 0 0 0 0 0 2 0 1 0 0 3 0 0 0 0 17 0 0 3 1 12 0 1 0 0
预测:     0 1 0 0 3 0 0 0 0 0 0 0 0 0 2 0 1 0 0 3 0 0 0 0 17 0 0 3 1 12 0 1 0 0
准确率:    1.0000 (34/34)
----------------------------------------
输入:       >NWN XMCJN XMCJN GBRJN BM<RT> WTRSJ >NWN
目标:     0 0 0 0 0 0 0 0 0 0 2 0 0 0 0 0 2 0 0 0 2 0 0 0 1 0 0 13 9 0 0 1 0 0 0 16 0 0 0 0 0
预测:     0 0 0 0 0 0 0 0 0 0 2 0 0 0 0 0 2 0 0 0 2 0 0 0 1 0 0 13 9 0 0 1 0 0 0 16 0 0 0 0 0
准确率:    1.0000 (41/41)
----------------------------------------

生成的验证样本:
--------------------------------------------------------------------------------
输入:       YBJNH D>LH> LMSV> MN KL DBJC WKLJ
目标:     0 0 0 0 5 0 0 1 0 0 4 0 0 1 6 0 10 7 0 0 0 0 0 2 0 1 0 0 2 0 36 0 0 3
预测:     0 0 0 0 5 0 0 1 0 0 4 0 0 1 6 0 10 7 0 0 0 0 0 2 0 1 0 0 2 0 36 0 0 3
准确率:    1.0000 (34/34)
----------------------------------------
输入:       D>LH> LMSV> MN KL DBJC WKLJ XJLK
目标:     0 1 0 0 4 0 0 1 6 0 10 7 0 0 0 0 0 2 0 1 0 0 2 0 36 0 0 3 0 0 0 5 0
预测:     0 1 0 0 4 0 0 1 6 0 10 7 0 0 0 0 0 2 0 1 0 0 2 0 36 0 0 3 0 0 0 5 0
准确率:    1.0000 (33/33)
----------------------------------------
⏳ 验证无提升 (验证准确率: 0.9693 ≤ 0.9696)，patience: 4/50

======================================================================
🚀 Epoch 130/200
======================================================================
📚 开始训练阶段...
训练进度: 500/6065 损失=0.0065
训练进度: 1000/6065 损失=0.0012
训练进度: 1500/6065 损失=0.0077
训练进度: 2000/6065 损失=0.0021
训练进度: 2500/6065 损失=0.0068
训练进度: 3000/6065 损失=0.0061
训练进度: 3500/6065 损失=0.0013
训练进度: 4000/6065 损失=0.0118
训练进度: 4500/6065 损失=0.0101
训练进度: 5000/6065 损失=0.0048
训练进度: 5500/6065 损失=0.0003
训练进度: 6000/6065 损失=0.0063
训练进度: 6065/6065 损失=0.0020
✅ 训练完成，耗时: 111.8秒 (1.9分钟)

============================================================
📊 验证决策: Epoch 130/200
   验证间隔: 1
   是否验证: ✅ 是
   原因: 达到验证间隔 (0 == 0)
============================================================

🔍 开始验证...
验证进度: 500/686 损失=0.1156
验证进度: 686/686 损失=2.1045

📊 预测分布分析:
  - 预测的前5个类别: {np.int64(0): 282808, np.int64(1): 36995, np.int64(2): 14733, np.int64(3): 10783, np.int64(4): 8935}
  - 标签的前5个类别: {np.int64(0): 281232, np.int64(1): 36731, np.int64(2): 14789, np.int64(3): 10866, np.int64(4): 8585}
✅ 验证完成，耗时: 4.9秒 (0.1分钟)
训练损失: 0.0059
验证损失: 0.5060
验证准确率: 0.9695 (10629/10964) - 与Levenshtein高度相关
验证F1(加权): 0.9688 - 类别平衡更好
学习率: 0.000028
显存使用: 0.47GB (预留: 0.69GB)

生成的训练样本:
--------------------------------------------------------------------------------
输入:       HW L>JSRJL MN >JD> DMYRJ> WXZ> >JSRJL
目标:     0 0 12 0 1 0 0 0 0 0 2 0 0 0 8 0 0 4 0 0 1 0 0 0 11 0 0 1 0 10 3 0 0 0 0 0 0 2
预测:     0 0 12 0 1 0 0 0 0 0 2 0 0 0 8 0 0 4 0 0 1 0 0 0 11 0 0 1 0 10 3 0 0 0 0 0 0 2
准确率:    1.0000 (38/38)
----------------------------------------
输入:       H> SGJ>JN HC> <M> D>R<> WMBVLJN >NTWN
目标:     0 0 0 0 0 0 0 2 0 0 0 0 4 0 0 0 15 0 0 1 0 0 4 0 0 1 6 0 0 7 0 19 0 0 0 0 0 0
预测:     0 0 0 0 0 0 0 2 0 0 0 0 4 0 0 0 15 0 0 1 0 0 4 0 0 1 6 0 0 7 0 19 0 0 0 0 0 0
准确率:    1.0000 (38/38)
----------------------------------------
输入:       L> KRJ> LH LRXMWHJ PR< VJBWT> WMN
目标:     0 0 0 0 0 0 7 0 0 1 0 0 1 0 0 117 1 0 0 0 0 0 7 0 0 0 0 2 9 0 0 1 0 0
预测:     0 0 0 0 0 0 7 0 0 1 0 0 1 0 0 117 1 0 0 0 0 0 7 0 0 0 0 2 9 0 0 1 0 0
准确率:    1.0000 (34/34)
----------------------------------------

生成的验证样本:
--------------------------------------------------------------------------------
输入:       YBJNH D>LH> LMSV> MN KL DBJC WKLJ
目标:     0 0 0 0 5 0 0 1 0 0 4 0 0 1 6 0 10 7 0 0 0 0 0 2 0 1 0 0 2 0 36 0 0 3
预测:     0 0 0 0 5 0 0 1 0 0 4 0 0 1 6 0 10 7 0 0 0 0 0 2 0 1 0 0 2 0 36 0 0 3
准确率:    1.0000 (34/34)
----------------------------------------
输入:       D>LH> LMSV> MN KL DBJC WKLJ XJLK
目标:     0 1 0 0 4 0 0 1 6 0 10 7 0 0 0 0 0 2 0 1 0 0 2 0 36 0 0 3 0 0 0 5 0
预测:     0 1 0 0 4 0 0 1 6 0 10 7 0 0 0 0 0 2 0 1 0 0 2 0 36 0 0 3 0 0 0 5 0
准确率:    1.0000 (33/33)
----------------------------------------
⏳ 验证无提升 (验证准确率: 0.9695 ≤ 0.9696)，patience: 5/50

======================================================================
🚀 Epoch 131/200
======================================================================
📚 开始训练阶段...
训练进度: 500/6065 损失=0.0010
训练进度: 1000/6065 损失=0.0090
训练进度: 1500/6065 损失=0.0083
训练进度: 2000/6065 损失=0.0108
训练进度: 2500/6065 损失=0.0041
训练进度: 3000/6065 损失=0.0161
训练进度: 3500/6065 损失=0.0032
训练进度: 4000/6065 损失=0.0021
训练进度: 4500/6065 损失=0.0164
训练进度: 5000/6065 损失=0.0064
训练进度: 5500/6065 损失=0.0002
训练进度: 6000/6065 损失=0.0006
训练进度: 6065/6065 损失=0.0029
✅ 训练完成，耗时: 111.6秒 (1.9分钟)

============================================================
📊 验证决策: Epoch 131/200
   验证间隔: 1
   是否验证: ✅ 是
   原因: 达到验证间隔 (0 == 0)
============================================================

🔍 开始验证...
验证进度: 500/686 损失=0.1628
验证进度: 686/686 损失=2.0156

📊 预测分布分析:
  - 预测的前5个类别: {np.int64(0): 282942, np.int64(1): 37035, np.int64(2): 14760, np.int64(3): 10815, np.int64(4): 8905}
  - 标签的前5个类别: {np.int64(0): 281232, np.int64(1): 36731, np.int64(2): 14789, np.int64(3): 10866, np.int64(4): 8585}
✅ 验证完成，耗时: 4.9秒 (0.1分钟)
训练损失: 0.0058
验证损失: 0.5114
验证准确率: 0.9695 (10629/10964) - 与Levenshtein高度相关
验证F1(加权): 0.9687 - 类别平衡更好
学习率: 0.000027
显存使用: 0.47GB (预留: 0.69GB)

生成的训练样本:
--------------------------------------------------------------------------------
输入:       Q>M LWT GML> <L BR> W>MR LH
目标:     0 20 0 7 0 0 0 0 0 0 0 11 0 0 0 0 0 60 4 0 0 1 0 0 3 0 1 0
预测:     0 20 0 7 0 0 0 0 0 0 0 11 0 0 0 0 0 60 4 0 0 1 0 0 3 0 1 0
准确率:    1.0000 (28/28)
----------------------------------------
输入:       LK W>TW<D LK TMN W>MLL <MK MN
目标:     0 1 0 0 1 21 14 0 0 77 0 1 0 0 0 0 0 0 1 6 0 0 16 0 0 1 0 0 0 0
预测:     0 1 0 0 1 21 14 0 0 77 0 1 0 0 0 0 0 0 1 6 0 0 16 0 0 1 0 0 0 0
准确率:    1.0000 (30/30)
----------------------------------------
输入:       <SW >XWK WH> >P HW >T> L>WR<K
目标:     0 0 0 2 0 0 8 5 0 0 1 0 0 0 0 0 0 0 0 0 0 10 7 0 1 0 0 0 5 0
预测:     0 0 0 2 0 0 8 5 0 0 1 0 0 0 0 0 0 0 0 0 0 10 7 0 1 0 0 0 5 0
准确率:    1.0000 (30/30)
----------------------------------------

生成的验证样本:
--------------------------------------------------------------------------------
输入:       YBJNH D>LH> LMSV> MN KL DBJC WKLJ
目标:     0 0 0 0 5 0 0 1 0 0 4 0 0 1 6 0 10 7 0 0 0 0 0 2 0 1 0 0 2 0 36 0 0 3
预测:     0 0 0 0 5 0 0 1 0 0 4 0 0 1 6 0 10 7 0 0 0 0 0 2 0 1 0 0 2 0 36 0 0 3
准确率:    1.0000 (34/34)
----------------------------------------
输入:       D>LH> LMSV> MN KL DBJC WKLJ XJLK
目标:     0 1 0 0 4 0 0 1 6 0 10 7 0 0 0 0 0 2 0 1 0 0 2 0 36 0 0 3 0 0 0 5 0
预测:     0 1 0 0 4 0 0 1 6 0 10 7 0 0 0 0 0 2 0 1 0 0 2 0 36 0 0 3 0 0 0 5 0
准确率:    1.0000 (33/33)
----------------------------------------
⏳ 验证无提升 (验证准确率: 0.9695 ≤ 0.9696)，patience: 6/50

======================================================================
🚀 Epoch 132/200
======================================================================
📚 开始训练阶段...
训练进度: 500/6065 损失=0.0029
训练进度: 1000/6065 损失=0.0036
训练进度: 1500/6065 损失=0.0177
训练进度: 2000/6065 损失=0.0130
训练进度: 2500/6065 损失=0.0037
训练进度: 3000/6065 损失=0.0082
训练进度: 3500/6065 损失=0.0008
训练进度: 4000/6065 损失=0.0007
训练进度: 4500/6065 损失=0.0076
训练进度: 5000/6065 损失=0.0067
训练进度: 5500/6065 损失=0.0015
训练进度: 6000/6065 损失=0.0073
训练进度: 6065/6065 损失=0.0012
✅ 训练完成，耗时: 111.7秒 (1.9分钟)

============================================================
📊 验证决策: Epoch 132/200
   验证间隔: 1
   是否验证: ✅ 是
   原因: 达到验证间隔 (0 == 0)
============================================================

🔍 开始验证...
验证进度: 500/686 损失=0.2309
验证进度: 686/686 损失=1.9244

📊 预测分布分析:
  - 预测的前5个类别: {np.int64(0): 283086, np.int64(1): 37032, np.int64(2): 14797, np.int64(3): 10838, np.int64(4): 8879}
  - 标签的前5个类别: {np.int64(0): 281232, np.int64(1): 36731, np.int64(2): 14789, np.int64(3): 10866, np.int64(4): 8585}
✅ 验证完成，耗时: 4.9秒 (0.1分钟)
训练损失: 0.0057
验证损失: 0.5215
验证准确率: 0.9695 (10629/10964) - 与Levenshtein高度相关
验证F1(加权): 0.9686 - 类别平衡更好
学习率: 0.000027
显存使用: 0.47GB (预留: 0.69GB)

生成的训练样本:
--------------------------------------------------------------------------------
输入:       J<QWB HKN> WMLJ MCTWTH DHJ WJHB LH
目标:     0 0 0 0 0 2 0 0 0 0 0 0 1 0 0 16 0 0 0 0 2 1 12 0 1 0 26 0 1 0 0 3 0 1 0
预测:     0 0 0 0 0 2 0 0 0 0 0 0 1 0 0 16 0 0 0 0 2 1 12 0 1 0 26 0 1 0 0 3 0 1 0
准确率:    1.0000 (35/35)
----------------------------------------
输入:       M> D>CKXTWNJHJ WT>MRWN LH DH> >P <BDK
目标:     0 0 0 0 1 17 0 0 3 0 0 35 0 0 0 0 1 6 0 0 3 0 0 0 1 0 0 1 0 0 0 0 0 0 0 0 37 0
预测:     0 0 0 0 1 17 0 0 3 0 0 35 0 0 0 0 1 6 0 0 3 0 0 0 1 0 0 1 0 0 0 0 0 0 0 0 37 0
准确率:    1.0000 (38/38)
----------------------------------------
输入:       WH> SLQ TNNH D>R<> >JK TNN> D>TWN>
目标:     0 1 0 0 0 0 0 7 0 0 0 5 12 0 1 0 0 4 0 0 0 0 0 0 0 0 4 0 0 1 0 0 0 4 0
预测:     0 1 0 0 0 0 0 7 0 0 0 5 12 0 1 0 0 4 0 0 0 0 0 0 0 0 4 0 0 1 0 0 0 4 0
准确率:    1.0000 (35/35)
----------------------------------------

生成的验证样本:
--------------------------------------------------------------------------------
输入:       YBJNH D>LH> LMSV> MN KL DBJC WKLJ
目标:     0 0 0 0 5 0 0 1 0 0 4 0 0 1 6 0 10 7 0 0 0 0 0 2 0 1 0 0 2 0 36 0 0 3
预测:     0 0 0 0 5 0 0 1 0 0 4 0 0 1 6 0 10 7 0 0 0 0 0 2 0 1 0 0 2 0 36 0 0 3
准确率:    1.0000 (34/34)
----------------------------------------
输入:       D>LH> LMSV> MN KL DBJC WKLJ XJLK
目标:     0 1 0 0 4 0 0 1 6 0 10 7 0 0 0 0 0 2 0 1 0 0 2 0 36 0 0 3 0 0 0 5 0
预测:     0 1 0 0 4 0 0 1 6 0 10 7 0 0 0 0 0 2 0 1 0 0 2 0 36 0 0 3 0 0 0 5 0
准确率:    1.0000 (33/33)
----------------------------------------
⏳ 验证无提升 (验证准确率: 0.9695 ≤ 0.9696)，patience: 7/50

======================================================================
🚀 Epoch 133/200
======================================================================
📚 开始训练阶段...
训练进度: 500/6065 损失=0.0045
训练进度: 1000/6065 损失=0.0003
训练进度: 1500/6065 损失=0.0044
训练进度: 2000/6065 损失=0.0080
训练进度: 2500/6065 损失=0.0172
训练进度: 3000/6065 损失=0.0099
训练进度: 3500/6065 损失=0.0012
训练进度: 4000/6065 损失=0.0118
训练进度: 4500/6065 损失=0.0007
训练进度: 5000/6065 损失=0.0101
训练进度: 5500/6065 损失=0.0073
训练进度: 6000/6065 损失=0.0005
训练进度: 6065/6065 损失=0.0116
✅ 训练完成，耗时: 111.6秒 (1.9分钟)

============================================================
📊 验证决策: Epoch 133/200
   验证间隔: 1
   是否验证: ✅ 是
   原因: 达到验证间隔 (0 == 0)
============================================================

🔍 开始验证...
验证进度: 500/686 损失=0.1310
验证进度: 686/686 损失=2.1221

📊 预测分布分析:
  - 预测的前5个类别: {np.int64(0): 283088, np.int64(1): 37039, np.int64(2): 14728, np.int64(3): 10693, np.int64(4): 8865}
  - 标签的前5个类别: {np.int64(0): 281232, np.int64(1): 36731, np.int64(2): 14789, np.int64(3): 10866, np.int64(4): 8585}
✅ 验证完成，耗时: 4.9秒 (0.1分钟)
训练损失: 0.0054
验证损失: 0.5236
验证准确率: 0.9695 (10629/10964) - 与Levenshtein高度相关
验证F1(加权): 0.9687 - 类别平衡更好
学习率: 0.000026
显存使用: 0.47GB (预留: 0.69GB)

生成的训练样本:
--------------------------------------------------------------------------------
输入:       XRTH L> TVN B<WL> DMYLX >TDKR D<DM>
目标:     0 0 13 1 0 0 0 0 0 6 0 135 0 1 0 0 4 0 0 1 28 0 0 7 6 0 14 0 0 3 0 1 0 0 0 0
预测:     0 0 13 1 0 0 0 0 0 6 0 135 0 1 0 0 4 0 0 1 28 0 0 7 6 0 14 0 0 3 0 1 0 0 0 0
准确率:    1.0000 (36/36)
----------------------------------------
输入:       XD> HKN> <BDW LTRJHWN LTRTJN ZWJN WHWW
目标:     0 0 2 0 0 0 0 0 0 0 0 0 3 0 0 1 0 2 32 0 0 0 0 1 0 2 0 0 0 0 0 0 2 0 0 1 0 18 0
预测:     0 0 2 0 0 0 0 0 0 0 0 0 3 0 0 1 0 2 32 0 0 0 0 1 0 2 0 0 0 0 0 0 2 0 0 1 0 18 0
准确率:    1.0000 (39/39)
----------------------------------------
输入:       >RB< ZQZQN DDHB> WJHB ZQZQT> <L >RB<
目标:     0 0 0 0 2 0 0 0 0 13 0 0 1 0 0 4 0 0 1 0 0 3 0 0 0 0 13 23 0 0 0 0 0 0 0 0 2
预测:     0 0 0 0 2 0 0 0 0 13 0 0 1 0 0 4 0 0 1 0 0 3 0 0 0 0 13 23 0 0 0 0 0 0 0 0 2
准确率:    1.0000 (37/37)
----------------------------------------

生成的验证样本:
--------------------------------------------------------------------------------
输入:       YBJNH D>LH> LMSV> MN KL DBJC WKLJ
目标:     0 0 0 0 5 0 0 1 0 0 4 0 0 1 6 0 10 7 0 0 0 0 0 2 0 1 0 0 2 0 36 0 0 3
预测:     0 0 0 0 5 0 0 1 0 0 4 0 0 1 6 0 10 7 0 0 0 0 0 2 0 1 0 0 2 0 36 0 0 3
准确率:    1.0000 (34/34)
----------------------------------------
输入:       D>LH> LMSV> MN KL DBJC WKLJ XJLK
目标:     0 1 0 0 4 0 0 1 6 0 10 7 0 0 0 0 0 2 0 1 0 0 2 0 36 0 0 3 0 0 0 5 0
预测:     0 1 0 0 4 0 0 1 6 0 10 7 0 0 0 0 0 2 0 1 0 0 2 0 36 0 0 3 0 0 0 5 0
准确率:    1.0000 (33/33)
----------------------------------------
⏳ 验证无提升 (验证准确率: 0.9695 ≤ 0.9696)，patience: 8/50

======================================================================
🚀 Epoch 134/200
======================================================================
📚 开始训练阶段...
训练进度: 500/6065 损失=0.0003
训练进度: 1000/6065 损失=0.0003
训练进度: 1500/6065 损失=0.0117
训练进度: 2000/6065 损失=0.0069
训练进度: 2500/6065 损失=0.0019
训练进度: 3000/6065 损失=0.0010
训练进度: 3500/6065 损失=0.0025
训练进度: 4000/6065 损失=0.0007
训练进度: 4500/6065 损失=0.0263
训练进度: 5000/6065 损失=0.0035
训练进度: 5500/6065 损失=0.0004
训练进度: 6000/6065 损失=0.0209
训练进度: 6065/6065 损失=0.0074
✅ 训练完成，耗时: 111.3秒 (1.9分钟)

============================================================
📊 验证决策: Epoch 134/200
   验证间隔: 1
   是否验证: ✅ 是
   原因: 达到验证间隔 (0 == 0)
============================================================

🔍 开始验证...
验证进度: 500/686 损失=0.1126
验证进度: 686/686 损失=2.3958

📊 预测分布分析:
  - 预测的前5个类别: {np.int64(0): 283023, np.int64(1): 37018, np.int64(2): 14816, np.int64(3): 10726, np.int64(4): 8842}
  - 标签的前5个类别: {np.int64(0): 281232, np.int64(1): 36731, np.int64(2): 14789, np.int64(3): 10866, np.int64(4): 8585}
✅ 验证完成，耗时: 4.9秒 (0.1分钟)
训练损失: 0.0054
验证损失: 0.5275
验证准确率: 0.9694 (10628/10964) - 与Levenshtein高度相关
验证F1(加权): 0.9686 - 类别平衡更好
学习率: 0.000025
显存使用: 0.48GB (预留: 0.69GB)

生成的训练样本:
--------------------------------------------------------------------------------
输入:       W>JQR> WRBWT> WKLJL> DTCBWXT> DXLTH DMRJ> MXDJ>
目标:     0 1 0 0 0 4 0 0 1 0 0 22 9 0 0 1 0 0 0 4 0 0 1 0 0 8 0 13 9 0 0 0 0 13 1 0 0 1 0 0 0 2 0 6 0 0 7 19
预测:     0 1 0 0 0 4 0 0 1 0 0 22 9 0 0 1 0 0 0 4 0 0 1 0 0 8 0 13 9 0 0 0 0 13 1 0 0 1 0 0 0 2 0 6 0 0 7 19
准确率:    1.0000 (48/48)
----------------------------------------
输入:       LRB XJL> W>MRT CPJR BGW <MJ JTB>
目标:     0 1 0 2 0 0 0 4 0 0 1 0 0 3 26 0 0 0 0 2 0 1 0 2 0 0 37 0 0 0 0 7 0
预测:     0 1 0 2 0 0 0 4 0 0 1 0 0 3 26 0 0 0 0 2 0 1 0 2 0 0 37 0 0 0 0 7 0
准确率:    1.0000 (33/33)
----------------------------------------
输入:       W<MWN >LYKWN WG<JTWN LWTJ WPRQTKWN MN >JDJHWN
目标:     0 1 0 0 0 2 0 0 0 29 0 0 0 0 1 0 0 3 0 0 0 0 0 0 1 0 0 1 0 0 3 1 0 0 0 0 0 0 8 0 0 2 1 0 0 0
预测:     0 1 0 0 0 2 0 0 0 29 0 0 0 0 1 0 0 3 0 0 0 0 0 0 1 0 0 1 0 0 3 1 0 0 0 0 0 0 8 0 0 2 1 0 0 0
准确率:    1.0000 (46/46)
----------------------------------------

生成的验证样本:
--------------------------------------------------------------------------------
输入:       YBJNH D>LH> LMSV> MN KL DBJC WKLJ
目标:     0 0 0 0 5 0 0 1 0 0 4 0 0 1 6 0 10 7 0 0 0 0 0 2 0 1 0 0 2 0 36 0 0 3
预测:     0 0 0 0 5 0 0 1 0 0 4 0 0 1 6 0 10 7 0 0 0 0 0 2 0 1 0 0 2 0 36 0 0 3
准确率:    1.0000 (34/34)
----------------------------------------
输入:       D>LH> LMSV> MN KL DBJC WKLJ XJLK
目标:     0 1 0 0 4 0 0 1 6 0 10 7 0 0 0 0 0 2 0 1 0 0 2 0 36 0 0 3 0 0 0 5 0
预测:     0 1 0 0 4 0 0 1 6 0 10 7 0 0 0 0 0 2 0 1 0 0 2 0 36 0 0 3 0 0 0 5 0
准确率:    1.0000 (33/33)
----------------------------------------
⏳ 验证无提升 (验证准确率: 0.9694 ≤ 0.9696)，patience: 9/50

======================================================================
🚀 Epoch 135/200
======================================================================
📚 开始训练阶段...
训练进度: 500/6065 损失=0.0006
训练进度: 1000/6065 损失=0.0030
训练进度: 1500/6065 损失=0.0103
训练进度: 2000/6065 损失=0.0010
训练进度: 2500/6065 损失=0.0001
训练进度: 3000/6065 损失=0.0043
训练进度: 3500/6065 损失=0.0014
训练进度: 4000/6065 损失=0.0082
训练进度: 4500/6065 损失=0.0012
训练进度: 5000/6065 损失=0.0001
训练进度: 5500/6065 损失=0.0163
训练进度: 6000/6065 损失=0.0009
训练进度: 6065/6065 损失=0.0007
✅ 训练完成，耗时: 110.9秒 (1.8分钟)

============================================================
📊 验证决策: Epoch 135/200
   验证间隔: 1
   是否验证: ✅ 是
   原因: 达到验证间隔 (0 == 0)
============================================================

🔍 开始验证...
验证进度: 500/686 损失=0.1294
验证进度: 686/686 损失=2.4668

📊 预测分布分析:
  - 预测的前5个类别: {np.int64(0): 283064, np.int64(1): 37017, np.int64(2): 14752, np.int64(3): 10723, np.int64(4): 8805}
  - 标签的前5个类别: {np.int64(0): 281232, np.int64(1): 36731, np.int64(2): 14789, np.int64(3): 10866, np.int64(4): 8585}
✅ 验证完成，耗时: 4.9秒 (0.1分钟)
训练损失: 0.0054
验证损失: 0.5303
验证准确率: 0.9694 (10627/10964) - 与Levenshtein高度相关
验证F1(加权): 0.9686 - 类别平衡更好
学习率: 0.000025
显存使用: 0.47GB (预留: 0.69GB)

生成的训练样本:
--------------------------------------------------------------------------------
输入:       XVHWHJ DXV> W>XVJ L>JSR>JL BRWGZ> RB> D>RGZ
目标:     0 0 0 25 1 0 0 0 1 0 10 3 0 1 17 0 0 3 0 1 0 0 0 8 0 0 2 0 1 0 0 0 4 0 0 0 4 0 0 1 17 0 0 3
预测:     0 0 0 25 1 0 0 0 1 0 10 3 0 1 17 0 0 3 0 1 0 0 0 8 0 0 2 0 1 0 0 0 4 0 0 0 4 0 0 1 17 0 0 3
准确率:    1.0000 (44/44)
----------------------------------------
输入:       WLMN> >TKMR >PJK H> >N TCPR QBLT
目标:     0 1 1 0 0 0 0 0 14 0 0 3 0 54 2 1 0 0 0 0 0 0 0 0 28 0 0 3 0 0 0 3 0
预测:     0 1 1 0 0 0 0 0 14 0 0 3 0 54 2 1 0 0 0 0 0 0 0 0 28 0 0 3 0 0 0 3 0
准确率:    1.0000 (33/33)
----------------------------------------
输入:       BR> W>MRT RXJL DXJ >LH> W>P CM<
目标:     0 0 4 0 0 1 0 0 3 26 0 0 0 0 2 0 1 0 22 0 0 0 4 0 0 1 0 0 0 0 0 3
预测:     0 0 4 0 0 1 0 0 3 26 0 0 0 0 2 0 1 0 22 0 0 0 4 0 0 1 0 0 0 0 0 3
准确率:    1.0000 (32/32)
----------------------------------------

生成的验证样本:
--------------------------------------------------------------------------------
输入:       YBJNH D>LH> LMSV> MN KL DBJC WKLJ
目标:     0 0 0 0 5 0 0 1 0 0 4 0 0 1 6 0 10 7 0 0 0 0 0 2 0 1 0 0 2 0 36 0 0 3
预测:     0 0 0 0 5 0 0 1 0 0 4 0 0 1 6 0 10 7 0 0 0 0 0 2 0 1 0 0 2 0 36 0 0 3
准确率:    1.0000 (34/34)
----------------------------------------
输入:       D>LH> LMSV> MN KL DBJC WKLJ XJLK
目标:     0 1 0 0 4 0 0 1 6 0 10 7 0 0 0 0 0 2 0 1 0 0 2 0 36 0 0 3 0 0 0 5 0
预测:     0 1 0 0 4 0 0 1 6 0 10 7 0 0 0 0 0 2 0 1 0 0 2 0 36 0 0 3 0 0 0 5 0
准确率:    1.0000 (33/33)
----------------------------------------
⏳ 验证无提升 (验证准确率: 0.9694 ≤ 0.9696)，patience: 10/50

======================================================================
🚀 Epoch 136/200
======================================================================
📚 开始训练阶段...
训练进度: 500/6065 损失=0.0027
训练进度: 1000/6065 损失=0.0010
训练进度: 1500/6065 损失=0.0188
训练进度: 2000/6065 损失=0.0010
训练进度: 2500/6065 损失=0.0006
训练进度: 3000/6065 损失=0.0003
训练进度: 3500/6065 损失=0.0042
训练进度: 4000/6065 损失=0.0146
训练进度: 4500/6065 损失=0.0004
训练进度: 5000/6065 损失=0.0020
训练进度: 5500/6065 损失=0.0419
训练进度: 6000/6065 损失=0.0230
训练进度: 6065/6065 损失=0.0015
✅ 训练完成，耗时: 110.8秒 (1.8分钟)

============================================================
📊 验证决策: Epoch 136/200
   验证间隔: 1
   是否验证: ✅ 是
   原因: 达到验证间隔 (0 == 0)
============================================================

🔍 开始验证...
验证进度: 500/686 损失=0.1044
验证进度: 686/686 损失=2.2975

📊 预测分布分析:
  - 预测的前5个类别: {np.int64(0): 283024, np.int64(1): 37061, np.int64(2): 14759, np.int64(3): 10662, np.int64(4): 8764}
  - 标签的前5个类别: {np.int64(0): 281232, np.int64(1): 36731, np.int64(2): 14789, np.int64(3): 10866, np.int64(4): 8585}
✅ 验证完成，耗时: 4.9秒 (0.1分钟)
训练损失: 0.0052
验证损失: 0.5317
验证准确率: 0.9695 (10629/10964) - 与Levenshtein高度相关
验证F1(加权): 0.9687 - 类别平衡更好
学习率: 0.000024
显存使用: 0.47GB (预留: 0.69GB)

生成的训练样本:
--------------------------------------------------------------------------------
输入:       LKWN QWDC> NHW> LK LMRJ> WGBR> DN<BD
目标:     0 1 0 0 0 0 0 0 0 4 0 0 6 0 10 3 0 1 0 0 1 0 0 0 2 0 1 0 0 4 0 0 1 6 0 0 3
预测:     0 1 0 0 0 0 0 0 0 4 0 0 6 0 10 3 0 1 0 0 1 0 0 0 2 0 1 0 0 4 0 0 1 6 0 0 3
准确率:    1.0000 (37/37)
----------------------------------------
输入:       DJLJ >HPKT MRQWDTJ LXDWT> LJ YRJT DJN
目标:     0 0 0 1 0 0 17 0 0 3 12 0 0 0 8 0 13 1 0 0 1 0 0 13 9 0 0 1 0 0 0 0 3 12 0 0 0 0
预测:     0 0 0 1 0 0 17 0 0 3 12 0 0 0 8 0 13 1 0 0 1 0 0 13 9 0 0 1 0 0 0 0 3 12 0 0 0 0
准确率:    1.0000 (38/38)
----------------------------------------
输入:       MTNJXJN KD <BDJN YBWT> VNPT> >L> L>
目标:     0 21 14 20 0 7 0 0 0 0 0 0 0 0 7 0 0 0 0 0 2 23 0 0 0 0 22 23 0 0 0 0 0 0 0 0
预测:     0 21 14 20 0 7 0 0 0 0 0 0 0 0 7 0 0 0 0 0 2 23 0 0 0 0 22 23 0 0 0 0 0 0 0 0
准确率:    1.0000 (36/36)
----------------------------------------

生成的验证样本:
--------------------------------------------------------------------------------
输入:       YBJNH D>LH> LMSV> MN KL DBJC WKLJ
目标:     0 0 0 0 5 0 0 1 0 0 4 0 0 1 6 0 10 7 0 0 0 0 0 2 0 1 0 0 2 0 36 0 0 3
预测:     0 0 0 0 5 0 0 1 0 0 4 0 0 1 6 0 10 7 0 0 0 0 0 2 0 1 0 0 2 0 36 0 0 3
准确率:    1.0000 (34/34)
----------------------------------------
输入:       D>LH> LMSV> MN KL DBJC WKLJ XJLK
目标:     0 1 0 0 4 0 0 1 6 0 10 7 0 0 0 0 0 2 0 1 0 0 2 0 36 0 0 3 0 0 0 5 0
预测:     0 1 0 0 4 0 0 1 6 0 10 7 0 0 0 0 0 2 0 1 0 0 2 0 36 0 0 3 0 0 0 5 0
准确率:    1.0000 (33/33)
----------------------------------------
⏳ 验证无提升 (验证准确率: 0.9695 ≤ 0.9696)，patience: 11/50

======================================================================
🚀 Epoch 137/200
======================================================================
📚 开始训练阶段...
训练进度: 500/6065 损失=0.0002
训练进度: 1000/6065 损失=0.0018
训练进度: 1500/6065 损失=0.0165
训练进度: 2000/6065 损失=0.0005
训练进度: 2500/6065 损失=0.0032
训练进度: 3000/6065 损失=0.0242
训练进度: 3500/6065 损失=0.0014
训练进度: 4000/6065 损失=0.0006
训练进度: 4500/6065 损失=0.0035
训练进度: 5000/6065 损失=0.0028
训练进度: 5500/6065 损失=0.0019
训练进度: 6000/6065 损失=0.0154
训练进度: 6065/6065 损失=0.0099
✅ 训练完成，耗时: 110.4秒 (1.8分钟)

============================================================
📊 验证决策: Epoch 137/200
   验证间隔: 1
   是否验证: ✅ 是
   原因: 达到验证间隔 (0 == 0)
============================================================

🔍 开始验证...
验证进度: 500/686 损失=0.1052
验证进度: 686/686 损失=2.3153

📊 预测分布分析:
  - 预测的前5个类别: {np.int64(0): 282951, np.int64(1): 37027, np.int64(2): 14743, np.int64(3): 10824, np.int64(4): 8886}
  - 标签的前5个类别: {np.int64(0): 281232, np.int64(1): 36731, np.int64(2): 14789, np.int64(3): 10866, np.int64(4): 8585}
✅ 验证完成，耗时: 4.9秒 (0.1分钟)
训练损失: 0.0050
验证损失: 0.5327
验证准确率: 0.9694 (10628/10964) - 与Levenshtein高度相关
验证F1(加权): 0.9686 - 类别平衡更好
学习率: 0.000023
显存使用: 0.47GB (预留: 0.69GB)

生成的训练样本:
--------------------------------------------------------------------------------
输入:       BRCH DVWR> L<JN KLHWN DBJT >JSRJL W<L
目标:     0 1 38 5 0 0 1 0 0 4 0 0 1 0 0 2 0 0 5 0 0 0 0 1 0 0 2 0 0 0 0 0 0 2 0 1 0 53
预测:     0 1 38 5 0 0 1 0 0 4 0 0 1 0 0 2 0 0 5 0 0 0 0 1 0 0 2 0 0 0 0 0 0 2 0 1 0 53
准确率:    1.0000 (38/38)
----------------------------------------
输入:       WMLK> DBL< HJ HJ Y<R KLHWN HLJN
目标:     0 1 0 0 4 0 0 1 0 0 62 0 0 12 0 0 12 0 0 0 62 0 0 5 0 0 0 0 0 0 0 0
预测:     0 1 0 0 4 0 0 1 0 0 62 0 0 12 0 0 12 0 0 0 16 0 0 5 0 0 0 0 0 0 0 0
准确率:    0.9688 (31/32)
----------------------------------------
输入:       NWKRJ> <D<D> HW DBNJ <M> WLJT LWTH
目标:     0 0 0 0 0 4 0 0 0 0 60 4 0 0 0 0 0 1 0 2 0 0 0 15 0 0 1 58 0 24 0 0 0 1 0
预测:     0 0 0 0 0 4 0 0 0 0 60 4 0 0 0 0 0 1 0 2 0 0 0 15 0 0 1 58 0 24 0 0 0 1 0
准确率:    1.0000 (35/35)
----------------------------------------

生成的验证样本:
--------------------------------------------------------------------------------
输入:       YBJNH D>LH> LMSV> MN KL DBJC WKLJ
目标:     0 0 0 0 5 0 0 1 0 0 4 0 0 1 6 0 10 7 0 0 0 0 0 2 0 1 0 0 2 0 36 0 0 3
预测:     0 0 0 0 5 0 0 1 0 0 4 0 0 1 6 0 10 7 0 0 0 0 0 2 0 1 0 0 2 0 36 0 0 3
准确率:    1.0000 (34/34)
----------------------------------------
输入:       D>LH> LMSV> MN KL DBJC WKLJ XJLK
目标:     0 1 0 0 4 0 0 1 6 0 10 7 0 0 0 0 0 2 0 1 0 0 2 0 36 0 0 3 0 0 0 5 0
预测:     0 1 0 0 4 0 0 1 6 0 10 7 0 0 0 0 0 2 0 1 0 0 2 0 36 0 0 3 0 0 0 5 0
准确率:    1.0000 (33/33)
----------------------------------------
⏳ 验证无提升 (验证准确率: 0.9694 ≤ 0.9696)，patience: 12/50

======================================================================
🚀 Epoch 138/200
======================================================================
📚 开始训练阶段...
训练进度: 500/6065 损失=0.0003
训练进度: 1000/6065 损失=0.0023
训练进度: 1500/6065 损失=0.0043
训练进度: 2000/6065 损失=0.0002
训练进度: 2500/6065 损失=0.0014
训练进度: 3000/6065 损失=0.0006
训练进度: 3500/6065 损失=0.0082
训练进度: 4000/6065 损失=0.0022
训练进度: 4500/6065 损失=0.0010
训练进度: 5000/6065 损失=0.0044
训练进度: 5500/6065 损失=0.0041
训练进度: 6000/6065 损失=0.0008
训练进度: 6065/6065 损失=0.0013
✅ 训练完成，耗时: 110.7秒 (1.8分钟)

============================================================
📊 验证决策: Epoch 138/200
   验证间隔: 1
   是否验证: ✅ 是
   原因: 达到验证间隔 (0 == 0)
============================================================

🔍 开始验证...
验证进度: 500/686 损失=0.0996
验证进度: 686/686 损失=2.4179

📊 预测分布分析:
  - 预测的前5个类别: {np.int64(0): 282959, np.int64(1): 37036, np.int64(2): 14775, np.int64(3): 10671, np.int64(4): 8963}
  - 标签的前5个类别: {np.int64(0): 281232, np.int64(1): 36731, np.int64(2): 14789, np.int64(3): 10866, np.int64(4): 8585}
✅ 验证完成，耗时: 4.9秒 (0.1分钟)
训练损失: 0.0050
验证损失: 0.5301
验证准确率: 0.9698 (10632/10964) - 与Levenshtein高度相关
验证F1(加权): 0.9689 - 类别平衡更好
学习率: 0.000023
显存使用: 0.47GB (预留: 0.69GB)

生成的训练样本:
--------------------------------------------------------------------------------
输入:       WQRT CMH DJN> W>TDKRH >LH> LRXJL WCM<H
目标:     0 1 0 18 26 0 0 5 12 0 0 0 0 2 0 1 0 14 0 0 29 12 0 0 0 4 0 0 1 0 0 0 2 0 1 0 0 29 12
预测:     0 1 0 18 26 0 0 5 12 0 0 0 0 2 0 1 0 14 0 0 29 12 0 0 0 4 0 0 1 0 0 0 2 0 1 0 0 29 12
准确率:    1.0000 (39/39)
----------------------------------------
输入:       BNWHJ K>N> L> NT>BLWN <LWHJ RCJ<> GJR
目标:     0 0 25 1 0 0 0 0 0 11 0 0 0 0 0 21 14 0 0 33 0 0 0 0 8 1 0 0 0 0 0 0 4 0 0 0 0 0
预测:     0 0 25 1 0 0 0 0 0 11 0 0 0 0 0 21 14 0 0 33 0 0 0 0 8 1 0 0 0 0 0 0 4 0 0 0 0 0
准确率:    1.0000 (38/38)
----------------------------------------
输入:       WMN JDW<> WC>L LMJT> MVL DVM> HW
目标:     0 1 0 0 0 0 0 0 11 0 0 1 0 0 7 0 1 20 0 65 27 0 0 0 0 0 1 0 0 2 0 0 0
预测:     0 1 0 0 0 0 0 0 11 0 0 1 0 0 7 0 1 20 0 65 27 0 0 0 0 0 1 0 0 2 0 0 0
准确率:    1.0000 (33/33)
----------------------------------------

生成的验证样本:
--------------------------------------------------------------------------------
输入:       YBJNH D>LH> LMSV> MN KL DBJC WKLJ
目标:     0 0 0 0 5 0 0 1 0 0 4 0 0 1 6 0 10 7 0 0 0 0 0 2 0 1 0 0 2 0 36 0 0 3
预测:     0 0 0 0 5 0 0 1 0 0 4 0 0 1 6 0 10 7 0 0 0 0 0 2 0 1 0 0 2 0 36 0 0 3
准确率:    1.0000 (34/34)
----------------------------------------
输入:       D>LH> LMSV> MN KL DBJC WKLJ XJLK
目标:     0 1 0 0 4 0 0 1 6 0 10 7 0 0 0 0 0 2 0 1 0 0 2 0 36 0 0 3 0 0 0 5 0
预测:     0 1 0 0 4 0 0 1 6 0 10 7 0 0 0 0 0 2 0 1 0 0 2 0 36 0 0 3 0 0 0 5 0
准确率:    1.0000 (33/33)
----------------------------------------
💾 保存新的最佳模型！验证准确率: 0.9698 (F1: 0.9689) (Epoch 138)

======================================================================
🚀 Epoch 139/200
======================================================================
📚 开始训练阶段...
训练进度: 500/6065 损失=0.0011
训练进度: 1000/6065 损失=0.0075
训练进度: 1500/6065 损失=0.0148
训练进度: 2000/6065 损失=0.0061
训练进度: 2500/6065 损失=0.0019
训练进度: 3000/6065 损失=0.0097
训练进度: 3500/6065 损失=0.0011
训练进度: 4000/6065 损失=0.0147
训练进度: 4500/6065 损失=0.0006
训练进度: 5000/6065 损失=0.0036
训练进度: 5500/6065 损失=0.0009
训练进度: 6000/6065 损失=0.0006
训练进度: 6065/6065 损失=0.0028
✅ 训练完成，耗时: 111.1秒 (1.9分钟)

============================================================
📊 验证决策: Epoch 139/200
   验证间隔: 1
   是否验证: ✅ 是
   原因: 达到验证间隔 (0 == 0)
============================================================

🔍 开始验证...
验证进度: 500/686 损失=0.1099
验证进度: 686/686 损失=2.2805

📊 预测分布分析:
  - 预测的前5个类别: {np.int64(0): 283111, np.int64(1): 37036, np.int64(2): 14720, np.int64(3): 10728, np.int64(4): 8940}
  - 标签的前5个类别: {np.int64(0): 281232, np.int64(1): 36731, np.int64(2): 14789, np.int64(3): 10866, np.int64(4): 8585}
✅ 验证完成，耗时: 4.9秒 (0.1分钟)
训练损失: 0.0047
验证损失: 0.5389
验证准确率: 0.9696 (10630/10964) - 与Levenshtein高度相关
验证F1(加权): 0.9688 - 类别平衡更好
学习率: 0.000022
显存使用: 0.47GB (预留: 0.69GB)

生成的训练样本:
--------------------------------------------------------------------------------
输入:       LB<L> W><BRW BNJHWN WBNTHWN BNWR> WQYMW QYM>
目标:     0 1 0 0 4 0 0 1 17 0 0 3 0 0 0 2 1 0 0 0 0 1 0 22 32 0 0 0 0 1 0 0 4 0 0 1 0 0 3 0 0 0 0 82 0
预测:     0 1 0 0 4 0 0 1 17 0 0 3 0 0 0 2 1 0 0 0 0 1 0 22 32 0 0 0 0 1 0 0 4 0 0 1 0 0 3 0 0 0 0 82 0
准确率:    1.0000 (45/45)
----------------------------------------
输入:       >CLM WDXLTJ >CDR QDMJK W>XRWB LKL <MM>
目标:     0 6 0 0 16 0 1 0 0 13 1 0 0 6 0 0 16 0 0 0 2 1 0 0 1 6 0 8 0 3 0 1 0 2 0 0 8 30 0
预测:     0 6 0 0 16 0 1 0 0 13 1 0 0 6 0 0 16 0 0 0 2 1 0 0 1 6 0 8 0 3 0 1 0 2 0 0 8 30 0
准确率:    1.0000 (39/39)
----------------------------------------
输入:       BMLK> DR<JNH WKL DXL> L> TZJ<JWHJ LB>
目标:     0 1 0 0 55 0 0 1 0 0 0 5 0 0 1 0 2 0 0 0 13 0 0 0 0 0 112 20 0 48 35 0 0 0 0 0 4 0
预测:     0 1 0 0 55 0 0 1 0 0 0 5 0 0 1 0 2 0 0 0 13 0 0 0 0 0 112 20 0 48 35 0 0 0 0 0 4 0
准确率:    1.0000 (38/38)
----------------------------------------

生成的验证样本:
--------------------------------------------------------------------------------
输入:       YBJNH D>LH> LMSV> MN KL DBJC WKLJ
目标:     0 0 0 0 5 0 0 1 0 0 4 0 0 1 6 0 10 7 0 0 0 0 0 2 0 1 0 0 2 0 36 0 0 3
预测:     0 0 0 0 5 0 0 1 0 0 4 0 0 1 6 0 10 7 0 0 0 0 0 2 0 1 0 0 2 0 36 0 0 3
准确率:    1.0000 (34/34)
----------------------------------------
输入:       D>LH> LMSV> MN KL DBJC WKLJ XJLK
目标:     0 1 0 0 4 0 0 1 6 0 10 7 0 0 0 0 0 2 0 1 0 0 2 0 36 0 0 3 0 0 0 5 0
预测:     0 1 0 0 4 0 0 1 6 0 10 7 0 0 0 0 0 2 0 1 0 0 2 0 36 0 0 3 0 0 0 5 0
准确率:    1.0000 (33/33)
----------------------------------------
⏳ 验证无提升 (验证准确率: 0.9696 ≤ 0.9698)，patience: 1/50

======================================================================
🚀 Epoch 140/200
======================================================================
📚 开始训练阶段...
训练进度: 500/6065 损失=0.0013
训练进度: 1000/6065 损失=0.0001
训练进度: 1500/6065 损失=0.0010
训练进度: 2000/6065 损失=0.0156
训练进度: 2500/6065 损失=0.0031
训练进度: 3000/6065 损失=0.0010
训练进度: 3500/6065 损失=0.0011
训练进度: 4000/6065 损失=0.0077
训练进度: 4500/6065 损失=0.0003
训练进度: 5000/6065 损失=0.0014
训练进度: 5500/6065 损失=0.0034
训练进度: 6000/6065 损失=0.0007
训练进度: 6065/6065 损失=0.0146
✅ 训练完成，耗时: 111.3秒 (1.9分钟)

============================================================
📊 验证决策: Epoch 140/200
   验证间隔: 1
   是否验证: ✅ 是
   原因: 达到验证间隔 (0 == 0)
============================================================

🔍 开始验证...
验证进度: 500/686 损失=0.1213
验证进度: 686/686 损失=2.2636

📊 预测分布分析:
  - 预测的前5个类别: {np.int64(0): 283023, np.int64(1): 37000, np.int64(2): 14783, np.int64(3): 10834, np.int64(4): 8918}
  - 标签的前5个类别: {np.int64(0): 281232, np.int64(1): 36731, np.int64(2): 14789, np.int64(3): 10866, np.int64(4): 8585}
✅ 验证完成，耗时: 4.9秒 (0.1分钟)
训练损失: 0.0047
验证损失: 0.5383
验证准确率: 0.9694 (10628/10964) - 与Levenshtein高度相关
验证F1(加权): 0.9686 - 类别平衡更好
学习率: 0.000022
显存使用: 0.47GB (预留: 0.69GB)

生成的训练样本:
--------------------------------------------------------------------------------
输入:       QDMJ> NTPN> WCW<JT> DKL >NC> D<LM> N>LP
目标:     0 0 0 0 11 0 0 21 14 0 10 3 0 1 0 0 0 2 23 0 0 1 0 2 0 0 0 11 0 0 1 0 0 4 0 0 73 0 0 3
预测:     0 0 0 0 11 0 0 21 14 0 10 3 0 1 0 0 0 2 23 0 0 1 0 2 0 0 0 11 0 0 1 0 0 4 0 0 73 0 0 3
准确率:    1.0000 (40/40)
----------------------------------------
输入:       DJHWD> WNHPWK DMHWN BRJCH DJW>B WBRJC> DZR<H
目标:     0 1 0 0 0 0 2 0 1 6 0 8 0 3 0 0 5 0 0 0 0 1 0 0 5 0 0 1 0 0 0 2 0 1 1 0 0 4 0 0 1 0 0 5 0
预测:     0 1 0 0 0 0 2 0 1 6 0 8 0 3 0 0 5 0 0 0 0 1 0 0 5 0 0 1 0 0 0 2 0 1 1 0 0 4 0 0 1 0 0 5 0
准确率:    1.0000 (45/45)
----------------------------------------
输入:       L<MLJQ HLJN BNJH D<D> >NTTH D<SW WHLJN
目标:     0 1 0 0 0 0 2 0 0 0 0 0 0 0 2 1 12 0 1 0 0 22 0 0 0 13 1 0 0 1 0 0 2 0 1 0 0 0 0
预测:     0 1 0 0 0 0 2 0 0 0 0 0 0 0 2 1 12 0 1 0 0 22 0 0 0 13 1 0 0 1 0 0 2 0 1 0 0 0 0
准确率:    1.0000 (39/39)
----------------------------------------

生成的验证样本:
--------------------------------------------------------------------------------
输入:       YBJNH D>LH> LMSV> MN KL DBJC WKLJ
目标:     0 0 0 0 5 0 0 1 0 0 4 0 0 1 6 0 10 7 0 0 0 0 0 2 0 1 0 0 2 0 36 0 0 3
预测:     0 0 0 0 5 0 0 1 0 0 4 0 0 1 6 0 10 7 0 0 0 0 0 2 0 1 0 0 2 0 36 0 0 3
准确率:    1.0000 (34/34)
----------------------------------------
输入:       D>LH> LMSV> MN KL DBJC WKLJ XJLK
目标:     0 1 0 0 4 0 0 1 6 0 10 7 0 0 0 0 0 2 0 1 0 0 2 0 36 0 0 3 0 0 0 5 0
预测:     0 1 0 0 4 0 0 1 6 0 10 7 0 0 0 0 0 2 0 1 0 0 2 0 36 0 0 3 0 0 0 5 0
准确率:    1.0000 (33/33)
----------------------------------------
⏳ 验证无提升 (验证准确率: 0.9694 ≤ 0.9698)，patience: 2/50

======================================================================
🚀 Epoch 141/200
======================================================================
📚 开始训练阶段...
训练进度: 500/6065 损失=0.0004
训练进度: 1000/6065 损失=0.0006
训练进度: 1500/6065 损失=0.0013
训练进度: 2000/6065 损失=0.0010
训练进度: 2500/6065 损失=0.0051
训练进度: 3000/6065 损失=0.0040
训练进度: 3500/6065 损失=0.0098
训练进度: 4000/6065 损失=0.0035
训练进度: 4500/6065 损失=0.0023
训练进度: 5000/6065 损失=0.0005
训练进度: 5500/6065 损失=0.0032
训练进度: 6000/6065 损失=0.0015
训练进度: 6065/6065 损失=0.0019
✅ 训练完成，耗时: 111.4秒 (1.9分钟)

============================================================
📊 验证决策: Epoch 141/200
   验证间隔: 1
   是否验证: ✅ 是
   原因: 达到验证间隔 (0 == 0)
============================================================

🔍 开始验证...
验证进度: 500/686 损失=0.1419
验证进度: 686/686 损失=2.2500

📊 预测分布分析:
  - 预测的前5个类别: {np.int64(0): 282977, np.int64(1): 37073, np.int64(2): 14721, np.int64(3): 10843, np.int64(4): 8914}
  - 标签的前5个类别: {np.int64(0): 281232, np.int64(1): 36731, np.int64(2): 14789, np.int64(3): 10866, np.int64(4): 8585}
✅ 验证完成，耗时: 4.9秒 (0.1分钟)
训练损失: 0.0045
验证损失: 0.5460
验证准确率: 0.9693 (10627/10964) - 与Levenshtein高度相关
验证F1(加权): 0.9685 - 类别平衡更好
学习率: 0.000021
显存使用: 0.47GB (预留: 0.69GB)

生成的训练样本:
--------------------------------------------------------------------------------
输入:       W<BRN NXL> DZRD WJWMT> DHLKN MN RQM
目标:     0 1 0 0 3 0 0 0 0 4 0 0 1 0 0 2 0 1 0 0 2 23 0 0 1 0 0 3 0 0 0 0 0 0 0 2
预测:     0 1 0 0 3 0 0 0 0 4 0 0 1 0 0 2 0 1 0 0 2 23 0 0 1 0 0 3 0 0 0 0 0 0 0 2
准确率:    1.0000 (36/36)
----------------------------------------
输入:       DLZR<KWN >TLJH W>CDR QDMJK ML>K> WNXRWB LKN<NJ>
目标:     0 1 1 0 0 5 0 0 0 0 34 0 48 1 12 0 1 6 0 0 16 0 0 0 2 1 0 0 0 0 0 4 0 0 1 6 0 8 0 3 0 1 0 0 0 0 11 0
预测:     0 1 1 0 0 5 0 0 0 0 34 0 48 1 12 0 1 6 0 0 16 0 0 0 2 1 0 0 0 0 0 4 0 0 1 6 0 8 0 3 0 1 0 0 0 0 11 0
准确率:    1.0000 (48/48)
----------------------------------------
输入:       WTDMRT> W>JD> TQJPT> WDR<> RM> W>PQK MRJ>
目标:     0 1 0 0 31 13 23 0 0 35 0 0 4 0 0 0 8 0 7 9 0 0 1 0 0 4 0 0 0 4 0 0 1 72 0 29 0 0 0 0 0 2
预测:     0 1 0 0 31 13 23 0 0 35 0 0 4 0 0 0 8 0 7 9 0 0 1 0 0 4 0 0 0 4 0 0 1 72 0 29 0 0 0 0 0 2
准确率:    1.0000 (42/42)
----------------------------------------

生成的验证样本:
--------------------------------------------------------------------------------
输入:       YBJNH D>LH> LMSV> MN KL DBJC WKLJ
目标:     0 0 0 0 5 0 0 1 0 0 4 0 0 1 6 0 10 7 0 0 0 0 0 2 0 1 0 0 2 0 36 0 0 3
预测:     0 0 0 0 5 0 0 1 0 0 4 0 0 1 6 0 10 7 0 0 0 0 0 2 0 1 0 0 2 0 36 0 0 3
准确率:    1.0000 (34/34)
----------------------------------------
输入:       D>LH> LMSV> MN KL DBJC WKLJ XJLK
目标:     0 1 0 0 4 0 0 1 6 0 10 7 0 0 0 0 0 2 0 1 0 0 2 0 36 0 0 3 0 0 0 5 0
预测:     0 1 0 0 4 0 0 1 6 0 10 7 0 0 0 0 0 2 0 1 0 0 2 0 36 0 0 3 0 0 0 5 0
准确率:    1.0000 (33/33)
----------------------------------------
⏳ 验证无提升 (验证准确率: 0.9693 ≤ 0.9698)，patience: 3/50

======================================================================
🚀 Epoch 142/200
======================================================================
📚 开始训练阶段...
训练进度: 500/6065 损失=0.0040
训练进度: 1000/6065 损失=0.0034
训练进度: 1500/6065 损失=0.0037
训练进度: 2000/6065 损失=0.0001
训练进度: 2500/6065 损失=0.0116
训练进度: 3000/6065 损失=0.0258
训练进度: 3500/6065 损失=0.0001
训练进度: 4000/6065 损失=0.0165
训练进度: 4500/6065 损失=0.0004
训练进度: 5000/6065 损失=0.0005
训练进度: 5500/6065 损失=0.0034
训练进度: 6000/6065 损失=0.0022
训练进度: 6065/6065 损失=0.0020
✅ 训练完成，耗时: 111.6秒 (1.9分钟)

============================================================
📊 验证决策: Epoch 142/200
   验证间隔: 1
   是否验证: ✅ 是
   原因: 达到验证间隔 (0 == 0)
============================================================

🔍 开始验证...
验证进度: 500/686 损失=0.1156
验证进度: 686/686 损失=2.4847

📊 预测分布分析:
  - 预测的前5个类别: {np.int64(0): 283076, np.int64(1): 37019, np.int64(2): 14758, np.int64(3): 10685, np.int64(4): 8947}
  - 标签的前5个类别: {np.int64(0): 281232, np.int64(1): 36731, np.int64(2): 14789, np.int64(3): 10866, np.int64(4): 8585}
✅ 验证完成，耗时: 4.9秒 (0.1分钟)
训练损失: 0.0044
验证损失: 0.5497
验证准确率: 0.9696 (10630/10964) - 与Levenshtein高度相关
验证F1(加权): 0.9687 - 类别平衡更好
学习率: 0.000020
显存使用: 0.47GB (预留: 0.69GB)

生成的训练样本:
--------------------------------------------------------------------------------
输入:       WD>P HNWN BNJNC> XZJN >JKN> <RYN <LJHWN
目标:     0 1 1 0 0 0 0 0 0 0 0 0 2 75 0 4 0 0 0 42 0 0 0 0 0 0 8 0 0 0 0 7 0 0 0 8 1 0 0 0
预测:     0 1 1 0 0 0 0 0 0 0 0 0 2 75 0 4 0 0 0 42 0 0 0 0 0 0 8 0 0 0 0 7 0 0 0 8 1 0 0 0
准确率:    1.0000 (40/40)
----------------------------------------
输入:       WNC> WXZJN HWW KD MRQD CMCWN WQR>
目标:     0 1 0 11 0 0 1 0 42 0 0 0 0 18 0 0 0 0 0 6 0 0 41 0 0 0 0 0 2 0 1 0 10 3
预测:     0 1 0 11 0 0 1 0 42 0 0 0 0 18 0 0 0 0 0 6 0 0 41 0 0 0 0 0 2 0 1 0 10 3
准确率:    1.0000 (34/34)
----------------------------------------
输入:       PTGMWHJ DSPR> DQR> MLK> DJHWD> <L DCBQWNJ
目标:     0 0 0 0 25 1 0 0 0 1 0 0 4 0 0 1 0 10 3 0 0 0 4 0 0 1 0 0 0 0 2 0 0 0 0 1 0 0 3 1 0 0
预测:     0 0 0 0 25 1 0 0 0 1 0 0 4 0 0 1 0 10 3 0 0 0 4 0 0 1 0 0 0 0 2 0 0 0 0 1 0 0 3 1 0 0
准确率:    1.0000 (42/42)
----------------------------------------

生成的验证样本:
--------------------------------------------------------------------------------
输入:       YBJNH D>LH> LMSV> MN KL DBJC WKLJ
目标:     0 0 0 0 5 0 0 1 0 0 4 0 0 1 6 0 10 7 0 0 0 0 0 2 0 1 0 0 2 0 36 0 0 3
预测:     0 0 0 0 5 0 0 1 0 0 4 0 0 1 6 0 10 7 0 0 0 0 0 2 0 1 0 0 2 0 36 0 0 3
准确率:    1.0000 (34/34)
----------------------------------------
输入:       D>LH> LMSV> MN KL DBJC WKLJ XJLK
目标:     0 1 0 0 4 0 0 1 6 0 10 7 0 0 0 0 0 2 0 1 0 0 2 0 36 0 0 3 0 0 0 5 0
预测:     0 1 0 0 4 0 0 1 6 0 10 7 0 0 0 0 0 2 0 1 0 0 2 0 36 0 0 3 0 0 0 5 0
准确率:    1.0000 (33/33)
----------------------------------------
⏳ 验证无提升 (验证准确率: 0.9696 ≤ 0.9698)，patience: 4/50

======================================================================
🚀 Epoch 143/200
======================================================================
📚 开始训练阶段...
训练进度: 500/6065 损失=0.0046
训练进度: 1000/6065 损失=0.0023
训练进度: 1500/6065 损失=0.0255
训练进度: 2000/6065 损失=0.0001
训练进度: 2500/6065 损失=0.0038
训练进度: 3000/6065 损失=0.0060
训练进度: 3500/6065 损失=0.0099
训练进度: 4000/6065 损失=0.0273
训练进度: 4500/6065 损失=0.0005
训练进度: 5000/6065 损失=0.0004
训练进度: 5500/6065 损失=0.0009
训练进度: 6000/6065 损失=0.0001
训练进度: 6065/6065 损失=0.0002
✅ 训练完成，耗时: 111.5秒 (1.9分钟)

============================================================
📊 验证决策: Epoch 143/200
   验证间隔: 1
   是否验证: ✅ 是
   原因: 达到验证间隔 (0 == 0)
============================================================

🔍 开始验证...
验证进度: 500/686 损失=0.1196
验证进度: 686/686 损失=2.5554

📊 预测分布分析:
  - 预测的前5个类别: {np.int64(0): 282998, np.int64(1): 37067, np.int64(2): 14724, np.int64(3): 10756, np.int64(4): 8909}
  - 标签的前5个类别: {np.int64(0): 281232, np.int64(1): 36731, np.int64(2): 14789, np.int64(3): 10866, np.int64(4): 8585}
✅ 验证完成，耗时: 4.9秒 (0.1分钟)
训练损失: 0.0042
验证损失: 0.5521
验证准确率: 0.9695 (10629/10964) - 与Levenshtein高度相关
验证F1(加权): 0.9687 - 类别平衡更好
学习率: 0.000020
显存使用: 0.47GB (预留: 0.69GB)

生成的训练样本:
--------------------------------------------------------------------------------
输入:       KLHWN JWMJK B>R<> WKD NRWX MRJ> >LHK
目标:     0 0 5 0 0 0 0 0 0 2 1 0 0 1 0 0 4 0 0 1 0 0 0 6 0 0 77 0 0 0 0 2 0 0 0 5 0
预测:     0 0 5 0 0 0 0 0 0 2 1 0 0 1 0 0 4 0 0 1 0 0 0 6 0 0 77 0 0 0 0 2 0 0 0 5 0
准确率:    1.0000 (37/37)
----------------------------------------
输入:       DQDC> DDHB> DC>L >LP WCB<M>> DDHB> SVR
目标:     0 1 0 0 30 0 0 1 0 0 4 0 0 1 0 0 3 0 0 0 2 0 1 0 0 5 0 0 2 0 1 0 0 4 0 0 0 0 2
预测:     0 1 0 0 30 0 0 1 0 0 4 0 0 1 0 0 3 0 0 0 2 0 1 0 0 5 0 0 2 0 1 0 0 4 0 0 0 0 2
准确率:    1.0000 (39/39)
----------------------------------------
输入:       LM<BD <BDK WL> TTJQR B<DN> DYRJKWTK VB
目标:     0 1 6 0 0 7 0 0 0 98 0 0 1 0 0 0 21 14 0 0 16 0 1 0 0 4 0 0 1 0 0 0 0 2 1 0 0 0 2
预测:     0 1 6 0 0 7 0 0 0 98 0 0 1 0 0 0 21 14 0 0 16 0 1 0 0 4 0 0 1 0 0 0 0 2 1 0 0 0 2
准确率:    1.0000 (39/39)
----------------------------------------

生成的验证样本:
--------------------------------------------------------------------------------
输入:       YBJNH D>LH> LMSV> MN KL DBJC WKLJ
目标:     0 0 0 0 5 0 0 1 0 0 4 0 0 1 6 0 10 7 0 0 0 0 0 2 0 1 0 0 2 0 36 0 0 3
预测:     0 0 0 0 5 0 0 1 0 0 4 0 0 1 6 0 10 7 0 0 0 0 0 2 0 1 0 0 2 0 36 0 0 3
准确率:    1.0000 (34/34)
----------------------------------------
输入:       D>LH> LMSV> MN KL DBJC WKLJ XJLK
目标:     0 1 0 0 4 0 0 1 6 0 10 7 0 0 0 0 0 2 0 1 0 0 2 0 36 0 0 3 0 0 0 5 0
预测:     0 1 0 0 4 0 0 1 6 0 10 7 0 0 0 0 0 2 0 1 0 0 2 0 36 0 0 3 0 0 0 5 0
准确率:    1.0000 (33/33)
----------------------------------------
⏳ 验证无提升 (验证准确率: 0.9695 ≤ 0.9698)，patience: 5/50

======================================================================
🚀 Epoch 144/200
======================================================================
📚 开始训练阶段...
训练进度: 500/6065 损失=0.0001
训练进度: 1000/6065 损失=0.0002
训练进度: 1500/6065 损失=0.0129
训练进度: 2000/6065 损失=0.0002
训练进度: 2500/6065 损失=0.0048
训练进度: 3000/6065 损失=0.0035
训练进度: 3500/6065 损失=0.0052
训练进度: 4000/6065 损失=0.0104
训练进度: 4500/6065 损失=0.0022
训练进度: 5000/6065 损失=0.0007
训练进度: 5500/6065 损失=0.0032
训练进度: 6000/6065 损失=0.0117
训练进度: 6065/6065 损失=0.0254
✅ 训练完成，耗时: 111.1秒 (1.9分钟)

============================================================
📊 验证决策: Epoch 144/200
   验证间隔: 1
   是否验证: ✅ 是
   原因: 达到验证间隔 (0 == 0)
============================================================

🔍 开始验证...
验证进度: 500/686 损失=0.1253
验证进度: 686/686 损失=2.4755

📊 预测分布分析:
  - 预测的前5个类别: {np.int64(0): 283121, np.int64(1): 37009, np.int64(2): 14732, np.int64(3): 10787, np.int64(4): 8927}
  - 标签的前5个类别: {np.int64(0): 281232, np.int64(1): 36731, np.int64(2): 14789, np.int64(3): 10866, np.int64(4): 8585}
✅ 验证完成，耗时: 4.9秒 (0.1分钟)
训练损失: 0.0043
验证损失: 0.5485
验证准确率: 0.9697 (10632/10964) - 与Levenshtein高度相关
验证F1(加权): 0.9689 - 类别平衡更好
学习率: 0.000019
显存使用: 0.47GB (预留: 0.69GB)

生成的训练样本:
--------------------------------------------------------------------------------
输入:       MRJ XWB> B>CVR> PLXW ZDQT> CM<W JZWP>
目标:     0 0 13 0 0 0 0 15 0 0 35 0 0 0 11 0 0 0 0 3 0 0 0 0 13 165 0 0 0 0 3 0 0 0 0 0 11 0
预测:     0 0 13 0 0 0 0 15 0 0 35 0 0 0 11 0 0 0 0 3 0 0 0 0 13 165 0 0 0 0 3 0 0 0 0 0 11 0
准确率:    1.0000 (38/38)
----------------------------------------
输入:       DL> MT<BDJN <BDT <MJ W>MR >BJMLK L>BRHM
目标:     0 1 0 0 0 21 14 0 0 7 0 0 0 0 0 3 12 0 0 1 0 0 1 0 0 3 0 0 0 0 0 0 2 0 1 0 0 0 0 2
预测:     0 1 0 0 0 21 14 0 0 7 0 0 0 0 0 3 12 0 0 1 0 0 1 0 0 3 0 0 0 0 0 0 2 0 1 0 0 0 0 2
准确率:    1.0000 (40/40)
----------------------------------------
输入:       >NWN W>TNKL <LJHWN WMLL <MHWN QCJ>JT W>MR
目标:     0 0 0 0 0 0 1 0 14 0 0 33 0 0 8 1 0 0 0 0 1 0 0 16 0 0 1 0 0 0 0 0 0 0 0 0 0 0 1 0 0 3
预测:     0 0 0 0 0 0 1 0 14 0 0 33 0 0 8 1 0 0 0 0 1 0 0 16 0 0 1 0 0 0 0 0 0 0 0 0 0 0 1 0 0 3
准确率:    1.0000 (42/42)
----------------------------------------

生成的验证样本:
--------------------------------------------------------------------------------
输入:       YBJNH D>LH> LMSV> MN KL DBJC WKLJ
目标:     0 0 0 0 5 0 0 1 0 0 4 0 0 1 6 0 10 7 0 0 0 0 0 2 0 1 0 0 2 0 36 0 0 3
预测:     0 0 0 0 5 0 0 1 0 0 4 0 0 1 6 0 10 7 0 0 0 0 0 2 0 1 0 0 2 0 36 0 0 3
准确率:    1.0000 (34/34)
----------------------------------------
输入:       D>LH> LMSV> MN KL DBJC WKLJ XJLK
目标:     0 1 0 0 4 0 0 1 6 0 10 7 0 0 0 0 0 2 0 1 0 0 2 0 36 0 0 3 0 0 0 5 0
预测:     0 1 0 0 4 0 0 1 6 0 10 7 0 0 0 0 0 2 0 1 0 0 2 0 36 0 0 3 0 0 0 5 0
准确率:    1.0000 (33/33)
----------------------------------------
⏳ 验证无提升 (验证准确率: 0.9697 ≤ 0.9698)，patience: 6/50

======================================================================
🚀 Epoch 145/200
======================================================================
📚 开始训练阶段...
训练进度: 500/6065 损失=0.0005
训练进度: 1000/6065 损失=0.0010
训练进度: 1500/6065 损失=0.0004
训练进度: 2000/6065 损失=0.0055
训练进度: 2500/6065 损失=0.0019
训练进度: 3000/6065 损失=0.0020
训练进度: 3500/6065 损失=0.0216
训练进度: 4000/6065 损失=0.0122
训练进度: 4500/6065 损失=0.0029
训练进度: 5000/6065 损失=0.0016
训练进度: 5500/6065 损失=0.0025
训练进度: 6000/6065 损失=0.0015
训练进度: 6065/6065 损失=0.0001
✅ 训练完成，耗时: 111.1秒 (1.9分钟)

============================================================
📊 验证决策: Epoch 145/200
   验证间隔: 1
   是否验证: ✅ 是
   原因: 达到验证间隔 (0 == 0)
============================================================

🔍 开始验证...
验证进度: 500/686 损失=0.1271
验证进度: 686/686 损失=2.5339

📊 预测分布分析:
  - 预测的前5个类别: {np.int64(0): 283014, np.int64(1): 37036, np.int64(2): 14712, np.int64(3): 10739, np.int64(4): 8908}
  - 标签的前5个类别: {np.int64(0): 281232, np.int64(1): 36731, np.int64(2): 14789, np.int64(3): 10866, np.int64(4): 8585}
✅ 验证完成，耗时: 4.9秒 (0.1分钟)
训练损失: 0.0041
验证损失: 0.5559
验证准确率: 0.9696 (10630/10964) - 与Levenshtein高度相关
验证F1(加权): 0.9687 - 类别平衡更好
学习率: 0.000018
显存使用: 0.47GB (预留: 0.69GB)

生成的训练样本:
--------------------------------------------------------------------------------
输入:       D>JSXQ >LHH DJ<QWB W>MR LH MRJ> TWB
目标:     0 1 0 0 0 0 2 0 0 0 5 0 0 1 0 0 0 0 2 0 1 0 0 3 0 1 0 0 0 0 0 2 0 0 0 0
预测:     0 1 0 0 0 0 2 0 0 0 5 0 0 1 0 0 0 0 2 0 1 0 0 3 0 1 0 0 0 0 0 2 0 0 0 0
准确率:    1.0000 (36/36)
----------------------------------------
输入:       NXCWB LH MRJ> XVJT> >PL> >JT BPWMH
目标:     0 6 0 8 0 3 0 1 0 0 0 0 0 2 0 0 0 62 9 0 0 0 1 0 0 0 0 0 24 0 1 0 0 5 0
预测:     0 6 0 8 0 3 0 1 0 0 0 0 0 2 0 0 0 62 9 0 0 0 1 0 0 0 0 0 24 0 1 0 0 5 0
准确率:    1.0000 (35/35)
----------------------------------------
输入:       W>RB< CNJN W>WLD LPLG WXJ> <BR MN
目标:     0 1 0 0 0 2 0 0 13 0 0 0 1 50 0 0 3 0 1 0 0 127 0 1 0 10 3 0 0 0 127 0 0 0
预测:     0 1 0 0 0 2 0 0 13 0 0 0 1 50 0 0 3 0 1 0 0 127 0 1 0 10 3 0 0 0 127 0 0 0
准确率:    1.0000 (34/34)
----------------------------------------

生成的验证样本:
--------------------------------------------------------------------------------
输入:       YBJNH D>LH> LMSV> MN KL DBJC WKLJ
目标:     0 0 0 0 5 0 0 1 0 0 4 0 0 1 6 0 10 7 0 0 0 0 0 2 0 1 0 0 2 0 36 0 0 3
预测:     0 0 0 0 5 0 0 1 0 0 4 0 0 1 6 0 10 7 0 0 0 0 0 2 0 1 0 0 2 0 36 0 0 3
准确率:    1.0000 (34/34)
----------------------------------------
输入:       D>LH> LMSV> MN KL DBJC WKLJ XJLK
目标:     0 1 0 0 4 0 0 1 6 0 10 7 0 0 0 0 0 2 0 1 0 0 2 0 36 0 0 3 0 0 0 5 0
预测:     0 1 0 0 4 0 0 1 6 0 10 7 0 0 0 0 0 2 0 1 0 0 2 0 36 0 0 3 0 0 0 5 0
准确率:    1.0000 (33/33)
----------------------------------------
⏳ 验证无提升 (验证准确率: 0.9696 ≤ 0.9698)，patience: 7/50

======================================================================
🚀 Epoch 146/200
======================================================================
📚 开始训练阶段...
训练进度: 500/6065 损失=0.0004
训练进度: 1000/6065 损失=0.0010
训练进度: 1500/6065 损失=0.0003
训练进度: 2000/6065 损失=0.0038
训练进度: 2500/6065 损失=0.0001
训练进度: 3000/6065 损失=0.0036
训练进度: 3500/6065 损失=0.0002
训练进度: 4000/6065 损失=0.0076
训练进度: 4500/6065 损失=0.0003
训练进度: 5000/6065 损失=0.0010
训练进度: 5500/6065 损失=0.0027
训练进度: 6000/6065 损失=0.0002
训练进度: 6065/6065 损失=0.0086
✅ 训练完成，耗时: 111.3秒 (1.9分钟)

============================================================
📊 验证决策: Epoch 146/200
   验证间隔: 1
   是否验证: ✅ 是
   原因: 达到验证间隔 (0 == 0)
============================================================

🔍 开始验证...
验证进度: 500/686 损失=0.1286
验证进度: 686/686 损失=2.4447

📊 预测分布分析:
  - 预测的前5个类别: {np.int64(0): 283043, np.int64(1): 37049, np.int64(2): 14725, np.int64(3): 10725, np.int64(4): 8865}
  - 标签的前5个类别: {np.int64(0): 281232, np.int64(1): 36731, np.int64(2): 14789, np.int64(3): 10866, np.int64(4): 8585}
✅ 验证完成，耗时: 4.9秒 (0.1分钟)
训练损失: 0.0040
验证损失: 0.5568
验证准确率: 0.9694 (10628/10964) - 与Levenshtein高度相关
验证F1(加权): 0.9686 - 类别平衡更好
学习率: 0.000018
显存使用: 0.48GB (预留: 0.69GB)

生成的训练样本:
--------------------------------------------------------------------------------
输入:       MRJ> DDWJD QDM DNTMCX MRJ> MTNHRNWT> DJLJ
目标:     0 0 0 0 2 0 1 0 0 0 2 0 0 0 2 0 1 21 14 0 0 33 0 0 0 0 2 0 0 0 0 0 0 0 2 9 0 0 0 0 1 0
预测:     0 0 0 0 2 0 1 0 0 0 2 0 0 0 2 0 1 21 14 0 0 33 0 0 0 0 2 0 0 0 0 0 0 0 2 9 0 0 0 0 1 0
准确率:    1.0000 (42/42)
----------------------------------------
输入:       MDJN >TKSS LH BHJ DDGL <L MWTHWN
目标:     0 0 0 0 12 0 0 14 0 0 3 0 1 0 0 1 0 0 0 1 0 0 16 0 0 0 0 0 0 37 0 0 0
预测:     0 0 0 0 12 0 0 14 0 0 3 0 1 0 0 1 0 0 0 1 0 0 16 0 0 0 0 0 0 37 0 0 0
准确率:    1.0000 (33/33)
----------------------------------------
输入:       BNWHJ DNDWB<JL >W DNCTLV BKWN XD GBR
目标:     0 0 25 1 0 0 0 1 0 0 0 0 0 0 2 0 0 0 0 1 45 39 0 0 16 0 1 0 0 0 0 0 2 0 0 0 2
预测:     0 0 25 1 0 0 0 1 0 0 0 0 0 0 2 0 0 0 0 1 45 39 0 0 16 0 1 0 0 0 0 0 2 0 0 0 2
准确率:    1.0000 (37/37)
----------------------------------------

生成的验证样本:
--------------------------------------------------------------------------------
输入:       YBJNH D>LH> LMSV> MN KL DBJC WKLJ
目标:     0 0 0 0 5 0 0 1 0 0 4 0 0 1 6 0 10 7 0 0 0 0 0 2 0 1 0 0 2 0 36 0 0 3
预测:     0 0 0 0 5 0 0 1 0 0 4 0 0 1 6 0 10 7 0 0 0 0 0 2 0 1 0 0 2 0 36 0 0 3
准确率:    1.0000 (34/34)
----------------------------------------
输入:       D>LH> LMSV> MN KL DBJC WKLJ XJLK
目标:     0 1 0 0 4 0 0 1 6 0 10 7 0 0 0 0 0 2 0 1 0 0 2 0 36 0 0 3 0 0 0 5 0
预测:     0 1 0 0 4 0 0 1 6 0 10 7 0 0 0 0 0 2 0 1 0 0 2 0 36 0 0 3 0 0 0 5 0
准确率:    1.0000 (33/33)
----------------------------------------
⏳ 验证无提升 (验证准确率: 0.9694 ≤ 0.9698)，patience: 8/50

======================================================================
🚀 Epoch 147/200
======================================================================
📚 开始训练阶段...
训练进度: 500/6065 损失=0.0034
训练进度: 1000/6065 损失=0.0002
训练进度: 1500/6065 损失=0.0127
训练进度: 2000/6065 损失=0.0002
训练进度: 2500/6065 损失=0.0002
训练进度: 3000/6065 损失=0.0005
训练进度: 3500/6065 损失=0.0113
训练进度: 4000/6065 损失=0.0035
训练进度: 4500/6065 损失=0.0006
训练进度: 5000/6065 损失=0.0007
训练进度: 5500/6065 损失=0.0124
训练进度: 6000/6065 损失=0.0028
训练进度: 6065/6065 损失=0.0020
✅ 训练完成，耗时: 110.8秒 (1.8分钟)

============================================================
📊 验证决策: Epoch 147/200
   验证间隔: 1
   是否验证: ✅ 是
   原因: 达到验证间隔 (0 == 0)
============================================================

🔍 开始验证...
验证进度: 500/686 损失=0.1221
验证进度: 686/686 损失=2.4373

📊 预测分布分析:
  - 预测的前5个类别: {np.int64(0): 283029, np.int64(1): 37029, np.int64(2): 14758, np.int64(3): 10816, np.int64(4): 8843}
  - 标签的前5个类别: {np.int64(0): 281232, np.int64(1): 36731, np.int64(2): 14789, np.int64(3): 10866, np.int64(4): 8585}
✅ 验证完成，耗时: 5.0秒 (0.1分钟)
训练损失: 0.0039
验证损失: 0.5582
验证准确率: 0.9697 (10631/10964) - 与Levenshtein高度相关
验证F1(加权): 0.9689 - 类别平衡更好
学习率: 0.000017
显存使用: 0.47GB (预留: 0.69GB)

生成的训练样本:
--------------------------------------------------------------------------------
输入:       MRJ> D>CM< BQLH LMCDRW L>JSRJL L> JD<
目标:     0 0 0 0 2 0 1 6 0 0 3 0 1 0 5 0 0 1 6 0 0 7 19 0 1 0 0 0 0 0 2 0 0 0 0 0 0 7
预测:     0 0 0 0 2 0 1 6 0 0 3 0 1 0 5 0 0 1 6 0 0 7 19 0 1 0 0 0 0 0 2 0 0 0 0 0 0 7
准确率:    1.0000 (38/38)
----------------------------------------
输入:       DMHWN WKLHWN >TR D>JTJHWN LPTKR> L> DXLJN
目标:     0 0 5 0 0 0 0 1 0 5 0 0 0 0 0 0 2 0 1 0 0 0 5 0 0 0 0 1 0 0 0 11 0 0 0 0 0 0 0 7 0 0
预测:     0 0 5 0 0 0 0 1 0 5 0 0 0 0 0 0 2 0 1 0 0 0 5 0 0 0 0 1 0 0 0 11 0 0 0 0 0 0 0 7 0 0
准确率:    1.0000 (42/42)
----------------------------------------
输入:       W>JR> WQRDL> WKP> WKLHWN M>N> DNXC> DMCMCJN
目标:     0 1 0 0 30 0 0 1 0 0 0 11 0 0 1 0 61 0 0 1 0 5 0 0 0 0 0 0 11 0 0 1 0 0 4 0 0 1 6 0 0 49 0 19
预测:     0 1 0 0 30 0 0 1 0 0 0 11 0 0 1 0 61 0 0 1 0 5 0 0 0 0 0 0 11 0 0 1 0 0 4 0 0 1 6 0 0 49 0 19
准确率:    1.0000 (44/44)
----------------------------------------

生成的验证样本:
--------------------------------------------------------------------------------
输入:       YBJNH D>LH> LMSV> MN KL DBJC WKLJ
目标:     0 0 0 0 5 0 0 1 0 0 4 0 0 1 6 0 10 7 0 0 0 0 0 2 0 1 0 0 2 0 36 0 0 3
预测:     0 0 0 0 5 0 0 1 0 0 4 0 0 1 6 0 10 7 0 0 0 0 0 2 0 1 0 0 2 0 36 0 0 3
准确率:    1.0000 (34/34)
----------------------------------------
输入:       D>LH> LMSV> MN KL DBJC WKLJ XJLK
目标:     0 1 0 0 4 0 0 1 6 0 10 7 0 0 0 0 0 2 0 1 0 0 2 0 36 0 0 3 0 0 0 5 0
预测:     0 1 0 0 4 0 0 1 6 0 10 7 0 0 0 0 0 2 0 1 0 0 2 0 36 0 0 3 0 0 0 5 0
准确率:    1.0000 (33/33)
----------------------------------------
⏳ 验证无提升 (验证准确率: 0.9697 ≤ 0.9698)，patience: 9/50

======================================================================
🚀 Epoch 148/200
======================================================================
📚 开始训练阶段...
训练进度: 500/6065 损失=0.0032
训练进度: 1000/6065 损失=0.0032
训练进度: 1500/6065 损失=0.0006
训练进度: 2000/6065 损失=0.0006
训练进度: 2500/6065 损失=0.0002
训练进度: 3000/6065 损失=0.0001
训练进度: 3500/6065 损失=0.0020
训练进度: 4000/6065 损失=0.0003
训练进度: 4500/6065 损失=0.0045
训练进度: 5000/6065 损失=0.0002
训练进度: 5500/6065 损失=0.0005
训练进度: 6000/6065 损失=0.0002
训练进度: 6065/6065 损失=0.0002
✅ 训练完成，耗时: 110.7秒 (1.8分钟)

============================================================
📊 验证决策: Epoch 148/200
   验证间隔: 1
   是否验证: ✅ 是
   原因: 达到验证间隔 (0 == 0)
============================================================

🔍 开始验证...
验证进度: 500/686 损失=0.1251
验证进度: 686/686 损失=2.5070

📊 预测分布分析:
  - 预测的前5个类别: {np.int64(0): 282905, np.int64(1): 37037, np.int64(2): 14739, np.int64(3): 10688, np.int64(4): 8885}
  - 标签的前5个类别: {np.int64(0): 281232, np.int64(1): 36731, np.int64(2): 14789, np.int64(3): 10866, np.int64(4): 8585}
✅ 验证完成，耗时: 4.9秒 (0.1分钟)
训练损失: 0.0037
验证损失: 0.5617
验证准确率: 0.9698 (10633/10964) - 与Levenshtein高度相关
验证F1(加权): 0.9691 - 类别平衡更好
学习率: 0.000017
显存使用: 0.47GB (预留: 0.69GB)

生成的训练样本:
--------------------------------------------------------------------------------
输入:       LMWC> <DM> L>MTJ L> YBJN >NTWN LMVR
目标:     0 1 0 0 0 2 0 0 0 0 0 0 1 0 0 0 0 0 0 0 0 0 42 0 0 0 0 0 0 0 0 0 1 34 0 7
预测:     0 1 0 0 0 2 0 0 0 0 0 0 1 0 0 0 0 0 0 0 0 0 42 0 0 0 0 0 0 0 0 0 1 34 0 7
准确率:    1.0000 (36/36)
----------------------------------------
输入:       W>WBDKWN HC> ><BRW ZJNKWN MNKWN W>D< MN>
目标:     0 1 68 0 0 29 0 0 0 0 0 4 0 6 17 0 0 3 0 0 0 0 5 0 0 0 0 0 1 0 0 0 0 1 52 0 3 0 0 0 0
预测:     0 1 68 0 0 29 0 0 0 0 0 4 0 6 17 0 0 3 0 0 0 0 5 0 0 0 0 0 1 0 0 0 0 1 52 0 3 0 0 0 0
准确率:    1.0000 (41/41)
----------------------------------------
输入:       WCKB MNC> <M >BHWHJ W>TQBR BGNT BJTH
目标:     0 1 0 0 3 0 0 0 0 2 0 0 0 0 0 8 25 1 0 0 0 1 0 14 0 0 3 0 1 0 13 0 0 0 0 5 0
预测:     0 1 0 0 3 0 0 0 0 2 0 0 0 0 0 8 25 1 0 0 0 1 0 14 0 0 3 0 1 0 13 0 0 0 0 5 0
准确率:    1.0000 (37/37)
----------------------------------------

生成的验证样本:
--------------------------------------------------------------------------------
输入:       YBJNH D>LH> LMSV> MN KL DBJC WKLJ
目标:     0 0 0 0 5 0 0 1 0 0 4 0 0 1 6 0 10 7 0 0 0 0 0 2 0 1 0 0 2 0 36 0 0 3
预测:     0 0 0 0 5 0 0 1 0 0 4 0 0 1 6 0 10 7 0 0 0 0 0 2 0 1 0 0 2 0 36 0 0 3
准确率:    1.0000 (34/34)
----------------------------------------
输入:       D>LH> LMSV> MN KL DBJC WKLJ XJLK
目标:     0 1 0 0 4 0 0 1 6 0 10 7 0 0 0 0 0 2 0 1 0 0 2 0 36 0 0 3 0 0 0 5 0
预测:     0 1 0 0 4 0 0 1 6 0 10 7 0 0 0 0 0 2 0 1 0 0 2 0 36 0 0 3 0 0 0 5 0
准确率:    1.0000 (33/33)
----------------------------------------
💾 保存新的最佳模型！验证准确率: 0.9698 (F1: 0.9691) (Epoch 148)

======================================================================
🚀 Epoch 149/200
======================================================================
📚 开始训练阶段...
训练进度: 500/6065 损失=0.0002
训练进度: 1000/6065 损失=0.0016
训练进度: 1500/6065 损失=0.0017
训练进度: 2000/6065 损失=0.0064
训练进度: 2500/6065 损失=0.0022
训练进度: 3000/6065 损失=0.0001
训练进度: 3500/6065 损失=0.0174
训练进度: 4000/6065 损失=0.0170
训练进度: 4500/6065 损失=0.0007
训练进度: 5000/6065 损失=0.0002
训练进度: 5500/6065 损失=0.0014
训练进度: 6000/6065 损失=0.0016
训练进度: 6065/6065 损失=0.0003
✅ 训练完成，耗时: 110.5秒 (1.8分钟)

============================================================
📊 验证决策: Epoch 149/200
   验证间隔: 1
   是否验证: ✅ 是
   原因: 达到验证间隔 (0 == 0)
============================================================

🔍 开始验证...
验证进度: 500/686 损失=0.1110
验证进度: 686/686 损失=2.4715

📊 预测分布分析:
  - 预测的前5个类别: {np.int64(0): 282846, np.int64(1): 37024, np.int64(2): 14736, np.int64(3): 10715, np.int64(4): 8849}
  - 标签的前5个类别: {np.int64(0): 281232, np.int64(1): 36731, np.int64(2): 14789, np.int64(3): 10866, np.int64(4): 8585}
✅ 验证完成，耗时: 4.9秒 (0.1分钟)
训练损失: 0.0037
验证损失: 0.5579
验证准确率: 0.9695 (10630/10964) - 与Levenshtein高度相关
验证F1(加权): 0.9688 - 类别平衡更好
学习率: 0.000016
显存使用: 0.47GB (预留: 0.69GB)

生成的训练样本:
--------------------------------------------------------------------------------
输入:       W>HRWN <BDW PRJCT> HLJN QDM PR<WN WQCJ
目标:     0 1 0 0 0 0 2 0 0 0 3 0 0 0 8 0 7 23 27 0 0 0 0 0 0 0 0 2 0 0 0 0 0 2 0 1 0 0 16
预测:     0 1 0 0 0 0 2 0 0 0 3 0 0 0 8 0 7 23 27 0 0 0 0 0 0 0 0 2 0 0 0 0 0 2 0 1 0 0 16
准确率:    1.0000 (39/39)
----------------------------------------
输入:       BCMH D>XB WXTMTH B<ZQTH WCDRT >JGRT> LSB>
目标:     0 1 0 5 0 0 1 0 0 2 0 1 0 0 33 90 12 0 1 0 0 13 1 0 0 1 0 0 3 92 0 8 0 0 13 9 0 0 1 0 11 0
预测:     0 1 0 5 0 0 1 0 0 2 0 1 0 0 33 90 12 0 1 0 0 13 1 0 0 1 0 0 3 92 0 8 0 0 13 9 0 0 1 0 11 0
准确率:    1.0000 (42/42)
----------------------------------------
输入:       GBR> MN BNJ >JSRJL DNGNWB NPC> MN
目标:     0 0 0 4 0 0 0 0 0 0 2 0 0 0 0 0 0 0 2 0 1 6 0 8 0 33 0 0 0 4 0 0 0 0
预测:     0 0 0 4 0 0 0 0 0 0 2 0 0 0 0 0 0 0 2 0 1 6 0 8 0 33 0 0 0 4 0 0 0 0
准确率:    1.0000 (34/34)
----------------------------------------

生成的验证样本:
--------------------------------------------------------------------------------
输入:       YBJNH D>LH> LMSV> MN KL DBJC WKLJ
目标:     0 0 0 0 5 0 0 1 0 0 4 0 0 1 6 0 10 7 0 0 0 0 0 2 0 1 0 0 2 0 36 0 0 3
预测:     0 0 0 0 5 0 0 1 0 0 4 0 0 1 6 0 10 7 0 0 0 0 0 2 0 1 0 0 2 0 36 0 0 3
准确率:    1.0000 (34/34)
----------------------------------------
输入:       D>LH> LMSV> MN KL DBJC WKLJ XJLK
目标:     0 1 0 0 4 0 0 1 6 0 10 7 0 0 0 0 0 2 0 1 0 0 2 0 36 0 0 3 0 0 0 5 0
预测:     0 1 0 0 4 0 0 1 6 0 10 7 0 0 0 0 0 2 0 1 0 0 2 0 36 0 0 3 0 0 0 5 0
准确率:    1.0000 (33/33)
----------------------------------------
⏳ 验证无提升 (验证准确率: 0.9695 ≤ 0.9698)，patience: 1/50

======================================================================
🚀 Epoch 150/200
======================================================================
📚 开始训练阶段...
训练进度: 500/6065 损失=0.0008
训练进度: 1000/6065 损失=0.0089
训练进度: 1500/6065 损失=0.0014
训练进度: 2000/6065 损失=0.0002
训练进度: 2500/6065 损失=0.0083
训练进度: 3000/6065 损失=0.0155
训练进度: 3500/6065 损失=0.0159
训练进度: 4000/6065 损失=0.0082
训练进度: 4500/6065 损失=0.0018
训练进度: 5000/6065 损失=0.0002
训练进度: 5500/6065 损失=0.0006
训练进度: 6000/6065 损失=0.0055
训练进度: 6065/6065 损失=0.0073
✅ 训练完成，耗时: 110.4秒 (1.8分钟)

============================================================
📊 验证决策: Epoch 150/200
   验证间隔: 1
   是否验证: ✅ 是
   原因: 达到验证间隔 (0 == 0)
============================================================

🔍 开始验证...
验证进度: 500/686 损失=0.1277
验证进度: 686/686 损失=2.3999

📊 预测分布分析:
  - 预测的前5个类别: {np.int64(0): 282946, np.int64(1): 37015, np.int64(2): 14708, np.int64(3): 10757, np.int64(4): 8905}
  - 标签的前5个类别: {np.int64(0): 281232, np.int64(1): 36731, np.int64(2): 14789, np.int64(3): 10866, np.int64(4): 8585}
✅ 验证完成，耗时: 4.9秒 (0.1分钟)
训练损失: 0.0036
验证损失: 0.5653
验证准确率: 0.9695 (10629/10964) - 与Levenshtein高度相关
验证F1(加权): 0.9687 - 类别平衡更好
学习率: 0.000016
显存使用: 0.48GB (预留: 0.69GB)

生成的训练样本:
--------------------------------------------------------------------------------
输入:       MVL DNHJMNWN D>TXZJ LK MRJ> >LH> D>BHJHWN
目标:     0 0 0 0 0 1 6 0 0 0 3 0 19 0 1 0 14 0 0 3 0 1 0 0 0 0 0 2 0 0 0 4 0 0 1 0 8 2 1 0 0 0
预测:     0 0 0 0 0 1 6 0 0 0 3 0 19 0 1 0 14 0 0 3 0 1 0 0 0 0 0 2 0 0 0 4 0 0 1 0 8 2 1 0 0 0
准确率:    1.0000 (42/42)
----------------------------------------
输入:       LJ WLKWN LSHDWT> DTHWWN <HJDJN LPWQDNWHJ DXJLTN>
目标:     0 1 0 0 1 1 0 0 0 0 1 0 0 0 2 9 0 0 1 6 0 18 0 0 0 0 8 0 7 0 27 0 1 0 0 0 0 25 1 0 0 0 1 0 0 0 0 4 0
预测:     0 1 0 0 1 1 0 0 0 0 1 0 0 0 2 9 0 0 1 6 0 18 0 0 0 0 8 0 7 0 27 0 1 0 0 0 0 25 1 0 0 0 1 0 0 0 0 4 0
准确率:    1.0000 (49/49)
----------------------------------------
输入:       DCTQ> WKL G>JWT> WXTJRWT> DHC> HPK> LMPWLT>
目标:     0 1 0 0 15 0 0 1 0 2 0 0 0 0 2 9 0 0 1 0 0 0 0 2 9 0 0 1 0 4 0 0 0 0 7 0 0 1 0 0 0 13 9 0
预测:     0 1 0 0 15 0 0 1 0 2 0 0 0 0 2 9 0 0 1 0 0 0 0 2 9 0 0 1 0 4 0 0 0 0 7 0 0 1 0 0 0 13 9 0
准确率:    1.0000 (44/44)
----------------------------------------

生成的验证样本:
--------------------------------------------------------------------------------
输入:       YBJNH D>LH> LMSV> MN KL DBJC WKLJ
目标:     0 0 0 0 5 0 0 1 0 0 4 0 0 1 6 0 10 7 0 0 0 0 0 2 0 1 0 0 2 0 36 0 0 3
预测:     0 0 0 0 5 0 0 1 0 0 4 0 0 1 6 0 10 7 0 0 0 0 0 2 0 1 0 0 2 0 36 0 0 3
准确率:    1.0000 (34/34)
----------------------------------------
输入:       D>LH> LMSV> MN KL DBJC WKLJ XJLK
目标:     0 1 0 0 4 0 0 1 6 0 10 7 0 0 0 0 0 2 0 1 0 0 2 0 36 0 0 3 0 0 0 5 0
预测:     0 1 0 0 4 0 0 1 6 0 10 7 0 0 0 0 0 2 0 1 0 0 2 0 36 0 0 3 0 0 0 5 0
准确率:    1.0000 (33/33)
----------------------------------------
⏳ 验证无提升 (验证准确率: 0.9695 ≤ 0.9698)，patience: 2/50

======================================================================
🚀 Epoch 151/200
======================================================================
📚 开始训练阶段...
训练进度: 500/6065 损失=0.0005
训练进度: 1000/6065 损失=0.0015
训练进度: 1500/6065 损失=0.0025
训练进度: 2000/6065 损失=0.0087
训练进度: 2500/6065 损失=0.0001
训练进度: 3000/6065 损失=0.0001
训练进度: 3500/6065 损失=0.0011
训练进度: 4000/6065 损失=0.0071
训练进度: 4500/6065 损失=0.0000
训练进度: 5000/6065 损失=0.0001
训练进度: 5500/6065 损失=0.0027
训练进度: 6000/6065 损失=0.0025
训练进度: 6065/6065 损失=0.0022
✅ 训练完成，耗时: 110.8秒 (1.8分钟)

============================================================
📊 验证决策: Epoch 151/200
   验证间隔: 1
   是否验证: ✅ 是
   原因: 达到验证间隔 (0 == 0)
============================================================

🔍 开始验证...
验证进度: 500/686 损失=0.1569
验证进度: 686/686 损失=2.5200

📊 预测分布分析:
  - 预测的前5个类别: {np.int64(0): 282957, np.int64(1): 37013, np.int64(2): 14736, np.int64(3): 10761, np.int64(4): 8933}
  - 标签的前5个类别: {np.int64(0): 281232, np.int64(1): 36731, np.int64(2): 14789, np.int64(3): 10866, np.int64(4): 8585}
✅ 验证完成，耗时: 4.9秒 (0.1分钟)
训练损失: 0.0035
验证损失: 0.5695
验证准确率: 0.9693 (10627/10964) - 与Levenshtein高度相关
验证F1(加权): 0.9685 - 类别平衡更好
学习率: 0.000015
显存使用: 0.47GB (预留: 0.69GB)

生成的训练样本:
--------------------------------------------------------------------------------
输入:       DMVC> XKMTH BRJ SGJ HWJT <RQ MN
目标:     0 1 6 0 10 41 0 0 0 13 1 0 0 0 5 0 0 0 0 13 0 0 0 3 12 0 0 0 7 0 0 0
预测:     0 1 6 0 10 41 0 0 0 13 1 0 0 0 5 0 0 0 0 13 0 0 0 3 12 0 0 0 7 0 0 0
准确率:    1.0000 (32/32)
----------------------------------------
输入:       WBRK WBR BRK KLHWN JWMJ XJJK DNSGWN
目标:     0 1 0 5 0 0 1 0 2 0 0 5 0 0 0 5 0 0 0 0 0 0 2 0 0 0 322 1 0 0 1 6 0 18 0 0
预测:     0 1 0 5 0 0 1 0 2 0 0 5 0 0 0 5 0 0 0 0 0 0 2 0 0 0 322 1 0 0 1 6 0 18 0 0
准确率:    1.0000 (36/36)
----------------------------------------
输入:       BJT MJT> XLP MRKBT> D>JQR> CM< DMDJNTH
目标:     0 0 66 0 0 20 0 65 0 0 0 0 2 0 0 0 0 13 9 0 0 1 0 0 0 4 0 0 0 0 3 0 1 0 0 0 13 1 0
预测:     0 0 66 0 0 20 0 65 0 0 0 0 2 0 0 0 0 13 9 0 0 1 0 0 0 4 0 0 0 0 3 0 1 0 0 0 13 1 0
准确率:    1.0000 (39/39)
----------------------------------------

生成的验证样本:
--------------------------------------------------------------------------------
输入:       YBJNH D>LH> LMSV> MN KL DBJC WKLJ
目标:     0 0 0 0 5 0 0 1 0 0 4 0 0 1 6 0 10 7 0 0 0 0 0 2 0 1 0 0 2 0 36 0 0 3
预测:     0 0 0 0 5 0 0 1 0 0 4 0 0 1 6 0 10 7 0 0 0 0 0 2 0 1 0 0 2 0 36 0 0 3
准确率:    1.0000 (34/34)
----------------------------------------
输入:       D>LH> LMSV> MN KL DBJC WKLJ XJLK
目标:     0 1 0 0 4 0 0 1 6 0 10 7 0 0 0 0 0 2 0 1 0 0 2 0 36 0 0 3 0 0 0 5 0
预测:     0 1 0 0 4 0 0 1 6 0 10 7 0 0 0 0 0 2 0 1 0 0 2 0 36 0 0 3 0 0 0 5 0
准确率:    1.0000 (33/33)
----------------------------------------
⏳ 验证无提升 (验证准确率: 0.9693 ≤ 0.9698)，patience: 3/50

======================================================================
🚀 Epoch 152/200
======================================================================
📚 开始训练阶段...
训练进度: 500/6065 损失=0.0008
训练进度: 1000/6065 损失=0.0021
训练进度: 1500/6065 损失=0.0004
训练进度: 2000/6065 损失=0.0003
训练进度: 2500/6065 损失=0.0047
训练进度: 3000/6065 损失=0.0019
训练进度: 3500/6065 损失=0.0054
训练进度: 4000/6065 损失=0.0005
训练进度: 4500/6065 损失=0.0102
训练进度: 5000/6065 损失=0.0004
训练进度: 5500/6065 损失=0.0108
训练进度: 6000/6065 损失=0.0004
训练进度: 6065/6065 损失=0.0002
✅ 训练完成，耗时: 110.3秒 (1.8分钟)

============================================================
📊 验证决策: Epoch 152/200
   验证间隔: 1
   是否验证: ✅ 是
   原因: 达到验证间隔 (0 == 0)
============================================================

🔍 开始验证...
验证进度: 500/686 损失=0.1429
验证进度: 686/686 损失=2.4019

📊 预测分布分析:
  - 预测的前5个类别: {np.int64(0): 282765, np.int64(1): 37063, np.int64(2): 14754, np.int64(3): 10779, np.int64(4): 8910}
  - 标签的前5个类别: {np.int64(0): 281232, np.int64(1): 36731, np.int64(2): 14789, np.int64(3): 10866, np.int64(4): 8585}
✅ 验证完成，耗时: 4.9秒 (0.1分钟)
训练损失: 0.0034
验证损失: 0.5651
验证准确率: 0.9695 (10629/10964) - 与Levenshtein高度相关
验证F1(加权): 0.9688 - 类别平衡更好
学习率: 0.000015
显存使用: 0.48GB (预留: 0.69GB)

生成的训练样本:
--------------------------------------------------------------------------------
输入:       NGDCKWN WH> GDCKWN CBQTWN GJR NMWS> >P
目标:     0 6 0 0 29 0 0 0 0 1 0 0 0 0 0 29 0 0 0 0 0 0 3 0 0 0 0 0 0 0 0 0 0 0 4 0 0 0 0
预测:     0 6 0 0 29 0 0 0 0 1 0 0 0 0 0 29 0 0 0 0 0 0 3 0 0 0 0 0 0 0 0 0 0 0 4 0 0 0 0
准确率:    1.0000 (39/39)
----------------------------------------
输入:       DSPR> HN> LM<BD >JK DKTJB BH W>ZL
目标:     0 1 0 0 4 0 0 0 0 0 0 1 6 0 0 7 0 0 0 0 0 1 0 8 0 40 0 1 0 0 1 0 0 3
预测:     0 1 0 0 4 0 0 0 0 0 0 1 6 0 0 7 0 0 0 0 0 1 0 8 0 40 0 1 0 0 1 0 0 3
准确率:    1.0000 (34/34)
----------------------------------------
输入:       >NTT> W<L <LJH WBVNT BLH> WJLDT LJ<QWB
目标:     0 0 0 13 9 0 0 1 0 0 0 0 8 1 12 0 1 0 0 3 26 0 0 0 0 2 0 1 0 0 3 26 0 1 0 0 0 0 2
预测:     0 0 0 13 9 0 0 1 0 0 0 0 8 1 12 0 1 0 0 3 26 0 0 0 0 2 0 1 0 0 3 26 0 1 0 0 0 0 2
准确率:    1.0000 (39/39)
----------------------------------------

生成的验证样本:
--------------------------------------------------------------------------------
输入:       YBJNH D>LH> LMSV> MN KL DBJC WKLJ
目标:     0 0 0 0 5 0 0 1 0 0 4 0 0 1 6 0 10 7 0 0 0 0 0 2 0 1 0 0 2 0 36 0 0 3
预测:     0 0 0 0 5 0 0 1 0 0 4 0 0 1 6 0 10 7 0 0 0 0 0 2 0 1 0 0 2 0 36 0 0 3
准确率:    1.0000 (34/34)
----------------------------------------
输入:       D>LH> LMSV> MN KL DBJC WKLJ XJLK
目标:     0 1 0 0 4 0 0 1 6 0 10 7 0 0 0 0 0 2 0 1 0 0 2 0 36 0 0 3 0 0 0 5 0
预测:     0 1 0 0 4 0 0 1 6 0 10 7 0 0 0 0 0 2 0 1 0 0 2 0 36 0 0 3 0 0 0 5 0
准确率:    1.0000 (33/33)
----------------------------------------
⏳ 验证无提升 (验证准确率: 0.9695 ≤ 0.9698)，patience: 4/50

======================================================================
🚀 Epoch 153/200
======================================================================
📚 开始训练阶段...
训练进度: 500/6065 损失=0.0097
训练进度: 1000/6065 损失=0.0067
训练进度: 1500/6065 损失=0.0002
训练进度: 2000/6065 损失=0.0029
训练进度: 2500/6065 损失=0.0004
训练进度: 3000/6065 损失=0.0013
训练进度: 3500/6065 损失=0.0000
训练进度: 4000/6065 损失=0.0022
训练进度: 4500/6065 损失=0.0011
训练进度: 5000/6065 损失=0.0008
训练进度: 5500/6065 损失=0.0180
训练进度: 6000/6065 损失=0.0014
训练进度: 6065/6065 损失=0.0012
✅ 训练完成，耗时: 110.5秒 (1.8分钟)

============================================================
📊 验证决策: Epoch 153/200
   验证间隔: 1
   是否验证: ✅ 是
   原因: 达到验证间隔 (0 == 0)
============================================================

🔍 开始验证...
验证进度: 500/686 损失=0.1730
验证进度: 686/686 损失=2.3824

📊 预测分布分析:
  - 预测的前5个类别: {np.int64(0): 282966, np.int64(1): 37041, np.int64(2): 14779, np.int64(3): 10704, np.int64(4): 8865}
  - 标签的前5个类别: {np.int64(0): 281232, np.int64(1): 36731, np.int64(2): 14789, np.int64(3): 10866, np.int64(4): 8585}
✅ 验证完成，耗时: 4.9秒 (0.1分钟)
训练损失: 0.0034
验证损失: 0.5771
验证准确率: 0.9696 (10630/10964) - 与Levenshtein高度相关
验证F1(加权): 0.9688 - 类别平衡更好
学习率: 0.000014
显存使用: 0.47GB (预留: 0.69GB)

生成的训练样本:
--------------------------------------------------------------------------------
输入:       WLYDWQ KHN> >QJM MLK> XLP >BJTR WCDR
目标:     0 1 1 0 0 0 2 0 0 0 4 0 0 17 20 0 3 0 0 0 4 0 0 0 0 2 0 0 0 0 0 2 0 1 0 0 16
预测:     0 1 1 0 0 0 2 0 0 0 4 0 0 17 20 0 3 0 0 0 4 0 0 0 0 2 0 0 0 0 0 2 0 1 0 0 16
准确率:    1.0000 (37/37)
----------------------------------------
输入:       QWDC> BSM> MBSM> <BD MBSM MCX> DMCJXWT>
目标:     0 0 0 0 4 0 0 0 0 4 0 0 6 0 0 110 19 6 0 0 3 0 6 0 0 103 0 0 0 4 0 0 1 0 0 0 0 2 9 0
预测:     0 0 0 0 4 0 0 0 0 4 0 0 6 0 0 110 19 6 0 0 3 0 6 0 0 103 0 0 0 4 0 0 1 0 0 0 0 2 9 0
准确率:    1.0000 (40/40)
----------------------------------------
输入:       WTLTJN CNJN W>WLD BDMWTH >JK YLMH WQR>
目标:     0 1 0 0 2 0 0 0 0 13 0 0 0 1 50 0 0 3 0 1 0 0 2 1 0 0 0 0 0 0 0 0 5 0 0 1 0 10 3
预测:     0 1 0 0 2 0 0 0 0 13 0 0 0 1 50 0 0 3 0 1 0 0 2 1 0 0 0 0 0 0 0 0 5 0 0 1 0 10 3
准确率:    1.0000 (39/39)
----------------------------------------

生成的验证样本:
--------------------------------------------------------------------------------
输入:       YBJNH D>LH> LMSV> MN KL DBJC WKLJ
目标:     0 0 0 0 5 0 0 1 0 0 4 0 0 1 6 0 10 7 0 0 0 0 0 2 0 1 0 0 2 0 36 0 0 3
预测:     0 0 0 0 5 0 0 1 0 0 4 0 0 1 6 0 10 7 0 0 0 0 0 2 0 1 0 0 2 0 36 0 0 3
准确率:    1.0000 (34/34)
----------------------------------------
输入:       D>LH> LMSV> MN KL DBJC WKLJ XJLK
目标:     0 1 0 0 4 0 0 1 6 0 10 7 0 0 0 0 0 2 0 1 0 0 2 0 36 0 0 3 0 0 0 5 0
预测:     0 1 0 0 4 0 0 1 6 0 10 7 0 0 0 0 0 2 0 1 0 0 2 0 36 0 0 3 0 0 0 5 0
准确率:    1.0000 (33/33)
----------------------------------------
⏳ 验证无提升 (验证准确率: 0.9696 ≤ 0.9698)，patience: 5/50

======================================================================
🚀 Epoch 154/200
======================================================================
📚 开始训练阶段...
训练进度: 500/6065 损失=0.0010
训练进度: 1000/6065 损失=0.0028
训练进度: 1500/6065 损失=0.0056
训练进度: 2000/6065 损失=0.0001
训练进度: 2500/6065 损失=0.0053
训练进度: 3000/6065 损失=0.0005
训练进度: 3500/6065 损失=0.0002
训练进度: 4000/6065 损失=0.0019
训练进度: 4500/6065 损失=0.0115
训练进度: 5000/6065 损失=0.0056
训练进度: 5500/6065 损失=0.0015
训练进度: 6000/6065 损失=0.0011
训练进度: 6065/6065 损失=0.0023
✅ 训练完成，耗时: 110.8秒 (1.8分钟)

============================================================
📊 验证决策: Epoch 154/200
   验证间隔: 1
   是否验证: ✅ 是
   原因: 达到验证间隔 (0 == 0)
============================================================

🔍 开始验证...
验证进度: 500/686 损失=0.1920
验证进度: 686/686 损失=2.3808

📊 预测分布分析:
  - 预测的前5个类别: {np.int64(0): 283109, np.int64(1): 37044, np.int64(2): 14748, np.int64(3): 10629, np.int64(4): 8963}
  - 标签的前5个类别: {np.int64(0): 281232, np.int64(1): 36731, np.int64(2): 14789, np.int64(3): 10866, np.int64(4): 8585}
✅ 验证完成，耗时: 5.0秒 (0.1分钟)
训练损失: 0.0032
验证损失: 0.5799
验证准确率: 0.9696 (10630/10964) - 与Levenshtein高度相关
验证F1(加权): 0.9688 - 类别平衡更好
学习率: 0.000013
显存使用: 0.47GB (预留: 0.69GB)

生成的训练样本:
--------------------------------------------------------------------------------
输入:       PR<WN MLK> DMYRJN WJHB LH BJT> WLXM>
目标:     0 0 0 0 0 2 0 0 0 4 0 0 1 0 0 0 0 2 0 1 0 0 3 0 1 0 0 0 0 4 0 0 1 0 0 4 0
预测:     0 0 0 0 0 2 0 0 0 4 0 0 1 0 0 0 0 2 0 1 0 0 3 0 1 0 0 0 0 4 0 0 1 0 0 4 0
准确率:    1.0000 (37/37)
----------------------------------------
输入:       MVL <RWB> WQR> PR<WN LMWC> WL>HRWN W>MR
目标:     0 0 0 0 0 0 0 0 4 0 0 1 0 10 3 0 0 0 0 0 2 0 1 0 0 0 2 0 1 1 0 0 0 0 2 0 1 0 0 3
预测:     0 0 0 0 0 0 0 0 4 0 0 1 0 10 3 0 0 0 0 0 2 0 1 0 0 0 2 0 1 1 0 0 0 0 2 0 1 0 0 3
准确率:    1.0000 (40/40)
----------------------------------------
输入:       >N >CKXT RXM> B<JNJK SJM >JDK TXJT
目标:     0 0 0 0 17 0 0 3 0 0 0 0 30 0 0 1 0 0 2 1 0 6 20 0 3 8 0 0 5 0 0 0 8 0 0
预测:     0 0 0 0 17 0 0 3 0 0 0 0 30 0 0 1 0 0 2 1 0 6 20 0 3 8 0 0 5 0 0 0 8 0 0
准确率:    1.0000 (35/35)
----------------------------------------

生成的验证样本:
--------------------------------------------------------------------------------
输入:       YBJNH D>LH> LMSV> MN KL DBJC WKLJ
目标:     0 0 0 0 5 0 0 1 0 0 4 0 0 1 6 0 10 7 0 0 0 0 0 2 0 1 0 0 2 0 36 0 0 3
预测:     0 0 0 0 5 0 0 1 0 0 4 0 0 1 6 0 10 7 0 0 0 0 0 2 0 1 0 0 2 0 36 0 0 3
准确率:    1.0000 (34/34)
----------------------------------------
输入:       D>LH> LMSV> MN KL DBJC WKLJ XJLK
目标:     0 1 0 0 4 0 0 1 6 0 10 7 0 0 0 0 0 2 0 1 0 0 2 0 36 0 0 3 0 0 0 5 0
预测:     0 1 0 0 4 0 0 1 6 0 10 7 0 0 0 0 0 2 0 1 0 0 2 0 36 0 0 3 0 0 0 5 0
准确率:    1.0000 (33/33)
----------------------------------------
⏳ 验证无提升 (验证准确率: 0.9696 ≤ 0.9698)，patience: 6/50

======================================================================
🚀 Epoch 155/200
======================================================================
📚 开始训练阶段...
训练进度: 500/6065 损失=0.0013
训练进度: 1000/6065 损失=0.0008
训练进度: 1500/6065 损失=0.0002
训练进度: 2000/6065 损失=0.0008
训练进度: 2500/6065 损失=0.0008
训练进度: 3000/6065 损失=0.0228
训练进度: 3500/6065 损失=0.0120
训练进度: 4000/6065 损失=0.0001
训练进度: 4500/6065 损失=0.0001
训练进度: 5000/6065 损失=0.0002
训练进度: 5500/6065 损失=0.0006
训练进度: 6000/6065 损失=0.0004
训练进度: 6065/6065 损失=0.0002
✅ 训练完成，耗时: 110.2秒 (1.8分钟)

============================================================
📊 验证决策: Epoch 155/200
   验证间隔: 1
   是否验证: ✅ 是
   原因: 达到验证间隔 (0 == 0)
============================================================

🔍 开始验证...
验证进度: 500/686 损失=0.1694
验证进度: 686/686 损失=2.4932

📊 预测分布分析:
  - 预测的前5个类别: {np.int64(0): 282986, np.int64(1): 37071, np.int64(2): 14751, np.int64(3): 10712, np.int64(4): 8960}
  - 标签的前5个类别: {np.int64(0): 281232, np.int64(1): 36731, np.int64(2): 14789, np.int64(3): 10866, np.int64(4): 8585}
✅ 验证完成，耗时: 5.0秒 (0.1分钟)
训练损失: 0.0031
验证损失: 0.5831
验证准确率: 0.9695 (10629/10964) - 与Levenshtein高度相关
验证F1(加权): 0.9687 - 类别平衡更好
学习率: 0.000013
显存使用: 0.47GB (预留: 0.69GB)

生成的训练样本:
--------------------------------------------------------------------------------
输入:       D>JT BCMJ> MN L<L WD>JT B>R<> MN
目标:     0 1 0 0 24 0 1 0 24 9 0 0 0 0 0 1 0 0 0 1 1 0 0 24 0 1 0 0 4 0 0 0 0
预测:     0 1 0 0 24 0 1 0 24 9 0 0 0 0 0 1 0 0 0 1 1 0 0 24 0 1 0 0 4 0 0 0 0
准确率:    1.0000 (33/33)
----------------------------------------
输入:       WL> CDR LBNJ >JSRJL >JK DCLX MRJ>
目标:     0 1 0 0 0 0 0 16 0 1 0 2 0 0 0 0 0 0 0 2 0 0 0 0 0 1 0 0 3 0 0 0 0 2
预测:     0 1 0 0 0 0 0 16 0 1 0 2 0 0 0 0 0 0 0 2 0 0 0 0 0 1 0 0 3 0 0 0 0 2
准确率:    1.0000 (34/34)
----------------------------------------
输入:       <L SKL> XKMT> WL> NSJBRWNH XSJRJ LB>
目标:     0 0 0 0 0 0 11 0 0 0 0 13 9 0 0 1 0 0 0 6 8 0 0 3 0 221 12 0 0 8 0 7 27 0 0 4 0
预测:     0 0 0 0 0 0 11 0 0 0 0 13 9 0 0 1 0 0 0 6 8 0 0 3 0 221 12 0 0 8 0 7 27 0 0 4 0
准确率:    1.0000 (37/37)
----------------------------------------

生成的验证样本:
--------------------------------------------------------------------------------
输入:       YBJNH D>LH> LMSV> MN KL DBJC WKLJ
目标:     0 0 0 0 5 0 0 1 0 0 4 0 0 1 6 0 10 7 0 0 0 0 0 2 0 1 0 0 2 0 36 0 0 3
预测:     0 0 0 0 5 0 0 1 0 0 4 0 0 1 6 0 10 7 0 0 0 0 0 2 0 1 0 0 2 0 36 0 0 3
准确率:    1.0000 (34/34)
----------------------------------------
输入:       D>LH> LMSV> MN KL DBJC WKLJ XJLK
目标:     0 1 0 0 4 0 0 1 6 0 10 7 0 0 0 0 0 2 0 1 0 0 2 0 36 0 0 3 0 0 0 5 0
预测:     0 1 0 0 4 0 0 1 6 0 10 7 0 0 0 0 0 2 0 1 0 0 2 0 36 0 0 3 0 0 0 5 0
准确率:    1.0000 (33/33)
----------------------------------------
⏳ 验证无提升 (验证准确率: 0.9695 ≤ 0.9698)，patience: 7/50

======================================================================
🚀 Epoch 156/200
======================================================================
📚 开始训练阶段...
训练进度: 500/6065 损失=0.0014
训练进度: 1000/6065 损失=0.0035
训练进度: 1500/6065 损失=0.0107
训练进度: 2000/6065 损失=0.0003
训练进度: 2500/6065 损失=0.0000
训练进度: 3000/6065 损失=0.0001
训练进度: 3500/6065 损失=0.0077
训练进度: 4000/6065 损失=0.0450
训练进度: 4500/6065 损失=0.0002
训练进度: 5000/6065 损失=0.0005
训练进度: 5500/6065 损失=0.0003
训练进度: 6000/6065 损失=0.0041
训练进度: 6065/6065 损失=0.0086
✅ 训练完成，耗时: 110.6秒 (1.8分钟)

============================================================
📊 验证决策: Epoch 156/200
   验证间隔: 1
   是否验证: ✅ 是
   原因: 达到验证间隔 (0 == 0)
============================================================

🔍 开始验证...
验证进度: 500/686 损失=0.1529
验证进度: 686/686 损失=2.4659

📊 预测分布分析:
  - 预测的前5个类别: {np.int64(0): 282933, np.int64(1): 37034, np.int64(2): 14781, np.int64(3): 10728, np.int64(4): 8978}
  - 标签的前5个类别: {np.int64(0): 281232, np.int64(1): 36731, np.int64(2): 14789, np.int64(3): 10866, np.int64(4): 8585}
✅ 验证完成，耗时: 4.9秒 (0.1分钟)
训练损失: 0.0032
验证损失: 0.5810
验证准确率: 0.9695 (10629/10964) - 与Levenshtein高度相关
验证F1(加权): 0.9687 - 类别平衡更好
学习率: 0.000012
显存使用: 0.48GB (预留: 0.69GB)

生成的训练样本:
--------------------------------------------------------------------------------
输入:       XLP TMJNJWT> MZMWR> LDWJD MRJ> L> BXMTK
目标:     0 0 0 2 0 0 0 0 0 0 2 9 0 0 0 0 0 0 4 0 0 1 0 0 0 2 0 0 0 0 2 0 0 0 0 1 0 13 1 0
预测:     0 0 0 2 0 0 0 0 0 0 2 9 0 0 0 0 0 0 4 0 0 1 0 0 0 2 0 0 0 0 2 0 0 0 0 1 0 13 1 0
准确率:    1.0000 (40/40)
----------------------------------------
输入:       MLK> CLJMWN WJTB JWRB<M BMYRJN WCDRW WQR>WHJ
目标:     0 0 0 4 0 0 0 0 0 0 0 2 0 1 0 0 3 0 0 0 0 0 0 2 0 1 0 0 0 0 2 0 1 0 0 3 19 0 1 0 10 3 1 0 0
预测:     0 0 0 4 0 0 0 0 0 0 0 2 0 1 0 0 3 0 0 0 0 0 0 2 0 1 0 0 0 0 2 0 1 0 0 3 19 0 1 0 10 3 1 0 0
准确率:    1.0000 (45/45)
----------------------------------------
输入:       DMRJ >BRHM DDBRNJ B>WRX> DQWCT> LBJT >XWHJ
目标:     0 1 0 56 0 0 0 0 0 0 2 0 1 0 0 29 0 0 0 1 0 0 0 4 0 0 1 0 0 0 4 0 0 1 0 0 2 0 0 8 5 0 0
预测:     0 1 0 56 0 0 0 0 0 0 2 0 1 0 0 29 0 0 0 1 0 0 0 4 0 0 1 0 0 0 4 0 0 1 0 0 2 0 0 8 5 0 0
准确率:    1.0000 (43/43)
----------------------------------------

生成的验证样本:
--------------------------------------------------------------------------------
输入:       YBJNH D>LH> LMSV> MN KL DBJC WKLJ
目标:     0 0 0 0 5 0 0 1 0 0 4 0 0 1 6 0 10 7 0 0 0 0 0 2 0 1 0 0 2 0 36 0 0 3
预测:     0 0 0 0 5 0 0 1 0 0 4 0 0 1 6 0 10 7 0 0 0 0 0 2 0 1 0 0 2 0 36 0 0 3
准确率:    1.0000 (34/34)
----------------------------------------
输入:       D>LH> LMSV> MN KL DBJC WKLJ XJLK
目标:     0 1 0 0 4 0 0 1 6 0 10 7 0 0 0 0 0 2 0 1 0 0 2 0 36 0 0 3 0 0 0 5 0
预测:     0 1 0 0 4 0 0 1 6 0 10 7 0 0 0 0 0 2 0 1 0 0 2 0 36 0 0 3 0 0 0 5 0
准确率:    1.0000 (33/33)
----------------------------------------
⏳ 验证无提升 (验证准确率: 0.9695 ≤ 0.9698)，patience: 8/50

======================================================================
🚀 Epoch 157/200
======================================================================
📚 开始训练阶段...
训练进度: 500/6065 损失=0.0039
训练进度: 1000/6065 损失=0.0007
训练进度: 1500/6065 损失=0.0130
训练进度: 2000/6065 损失=0.0002
训练进度: 2500/6065 损失=0.0006
训练进度: 3000/6065 损失=0.0003
训练进度: 3500/6065 损失=0.0013
训练进度: 4000/6065 损失=0.0002
训练进度: 4500/6065 损失=0.0202
训练进度: 5000/6065 损失=0.0025
训练进度: 5500/6065 损失=0.0006
训练进度: 6000/6065 损失=0.0083
训练进度: 6065/6065 损失=0.0047
✅ 训练完成，耗时: 110.4秒 (1.8分钟)

============================================================
📊 验证决策: Epoch 157/200
   验证间隔: 1
   是否验证: ✅ 是
   原因: 达到验证间隔 (0 == 0)
============================================================

🔍 开始验证...
验证进度: 500/686 损失=0.1278
验证进度: 686/686 损失=2.3822

📊 预测分布分析:
  - 预测的前5个类别: {np.int64(0): 282934, np.int64(1): 37054, np.int64(2): 14764, np.int64(3): 10780, np.int64(4): 8854}
  - 标签的前5个类别: {np.int64(0): 281232, np.int64(1): 36731, np.int64(2): 14789, np.int64(3): 10866, np.int64(4): 8585}
✅ 验证完成，耗时: 4.9秒 (0.1分钟)
训练损失: 0.0030
验证损失: 0.5868
验证准确率: 0.9694 (10628/10964) - 与Levenshtein高度相关
验证F1(加权): 0.9687 - 类别平衡更好
学习率: 0.000012
显存使用: 0.47GB (预留: 0.69GB)

生成的训练样本:
--------------------------------------------------------------------------------
输入:       H> KTJBJN BSPR DBRJMJN DMLK> DJHWD> WMRDW
目标:     0 0 0 0 0 8 0 7 0 27 0 1 0 0 2 0 0 0 0 0 0 0 2 0 1 0 0 11 0 0 1 0 0 0 0 2 0 1 0 0 3 0
预测:     0 0 0 0 0 8 0 7 0 27 0 1 0 0 2 0 0 0 0 0 0 0 2 0 1 0 0 11 0 0 1 0 0 0 0 2 0 1 0 0 3 0
准确率:    1.0000 (42/42)
----------------------------------------
输入:       >BWHJ WMDJNJ> ZBNWHJ BMYRJN LPWVJPR MHJMN> RB
目标:     0 0 8 5 0 0 0 1 0 0 0 0 11 0 6 0 0 33 67 0 0 0 1 0 0 0 0 2 0 1 0 0 0 0 0 2 0 6 0 0 0 43 78 0 0 2
预测:     0 0 8 5 0 0 0 1 0 0 0 0 11 0 6 0 0 33 67 0 0 0 1 0 0 0 0 2 0 1 0 0 0 0 0 2 0 6 0 0 0 43 78 0 0 2
准确率:    1.0000 (46/46)
----------------------------------------
输入:       <PRWN W>MR L>BRHM MRJ CM<JNJ >R<> >RB<M>>
目标:     0 0 0 0 0 2 0 1 0 0 3 0 1 0 0 0 0 2 0 0 56 0 6 0 0 48 1 0 0 0 0 0 4 0 0 0 0 0 5 0 0 2
预测:     0 0 0 0 0 2 0 1 0 0 3 0 1 0 0 0 0 2 0 0 56 0 6 0 0 48 1 0 0 0 0 0 4 0 0 0 0 0 5 0 0 2
准确率:    1.0000 (42/42)
----------------------------------------

生成的验证样本:
--------------------------------------------------------------------------------
输入:       YBJNH D>LH> LMSV> MN KL DBJC WKLJ
目标:     0 0 0 0 5 0 0 1 0 0 4 0 0 1 6 0 10 7 0 0 0 0 0 2 0 1 0 0 2 0 36 0 0 3
预测:     0 0 0 0 5 0 0 1 0 0 4 0 0 1 6 0 10 7 0 0 0 0 0 2 0 1 0 0 2 0 36 0 0 3
准确率:    1.0000 (34/34)
----------------------------------------
输入:       D>LH> LMSV> MN KL DBJC WKLJ XJLK
目标:     0 1 0 0 4 0 0 1 6 0 10 7 0 0 0 0 0 2 0 1 0 0 2 0 36 0 0 3 0 0 0 5 0
预测:     0 1 0 0 4 0 0 1 6 0 10 7 0 0 0 0 0 2 0 1 0 0 2 0 36 0 0 3 0 0 0 5 0
准确率:    1.0000 (33/33)
----------------------------------------
⏳ 验证无提升 (验证准确率: 0.9694 ≤ 0.9698)，patience: 9/50

======================================================================
🚀 Epoch 158/200
======================================================================
📚 开始训练阶段...
训练进度: 500/6065 损失=0.0009
训练进度: 1000/6065 损失=0.0001
训练进度: 1500/6065 损失=0.0009
训练进度: 2000/6065 损失=0.0075
训练进度: 2500/6065 损失=0.0004
训练进度: 3000/6065 损失=0.0005
训练进度: 3500/6065 损失=0.0002
训练进度: 4000/6065 损失=0.0001
训练进度: 4500/6065 损失=0.0147
训练进度: 5000/6065 损失=0.0018
训练进度: 5500/6065 损失=0.0009
训练进度: 6000/6065 损失=0.0019
训练进度: 6065/6065 损失=0.0006
✅ 训练完成，耗时: 110.9秒 (1.8分钟)

============================================================
📊 验证决策: Epoch 158/200
   验证间隔: 1
   是否验证: ✅ 是
   原因: 达到验证间隔 (0 == 0)
============================================================

🔍 开始验证...
验证进度: 500/686 损失=0.1447
验证进度: 686/686 损失=2.4568

📊 预测分布分析:
  - 预测的前5个类别: {np.int64(0): 283097, np.int64(1): 37051, np.int64(2): 14741, np.int64(3): 10785, np.int64(4): 8968}
  - 标签的前5个类别: {np.int64(0): 281232, np.int64(1): 36731, np.int64(2): 14789, np.int64(3): 10866, np.int64(4): 8585}
✅ 验证完成，耗时: 4.9秒 (0.1分钟)
训练损失: 0.0030
验证损失: 0.5889
验证准确率: 0.9696 (10631/10964) - 与Levenshtein高度相关
验证F1(加权): 0.9688 - 类别平衡更好
学习率: 0.000011
显存使用: 0.48GB (预留: 0.69GB)

生成的训练样本:
--------------------------------------------------------------------------------
输入:       DCPJRN BXZWHJN WCMJNN BBSRHJN W>TT<JR PR<WN WDMK
目标:     0 1 0 0 0 2 0 0 1 0 0 5 0 0 0 0 1 0 8 0 7 27 0 1 0 0 5 0 0 0 0 1 0 76 17 20 0 3 0 0 0 0 0 2 0 1 0 0 3
预测:     0 1 0 0 0 2 0 0 1 0 0 5 0 0 0 0 1 0 8 0 7 27 0 1 0 0 5 0 0 0 0 1 0 76 17 20 0 3 0 0 0 0 0 2 0 1 0 0 3
准确率:    1.0000 (49/49)
----------------------------------------
输入:       DL> NQJM ZR<> L>XWHJ W>T>BC QDM MRJ>
目标:     0 1 0 0 0 28 20 0 3 0 0 0 4 0 0 1 0 8 5 0 0 0 1 0 177 0 60 3 0 0 0 2 0 0 0 0 2
预测:     0 1 0 0 0 28 20 0 3 0 0 0 4 0 0 1 0 8 5 0 0 0 1 0 177 0 60 3 0 0 0 2 0 0 0 0 2
准确率:    1.0000 (37/37)
----------------------------------------
输入:       MLK> DSB> DMLKWHJ W>TMLK BVLJ> DRBW <MH
目标:     0 0 0 55 0 0 1 0 11 0 0 1 0 0 33 67 0 0 0 1 0 14 0 0 77 0 1 0 13 9 0 0 1 0 170 0 0 0 1 0
预测:     0 0 0 55 0 0 1 0 11 0 0 1 0 0 33 67 0 0 0 1 0 14 0 0 77 0 1 0 13 9 0 0 1 0 170 0 0 0 1 0
准确率:    1.0000 (40/40)
----------------------------------------

生成的验证样本:
--------------------------------------------------------------------------------
输入:       YBJNH D>LH> LMSV> MN KL DBJC WKLJ
目标:     0 0 0 0 5 0 0 1 0 0 4 0 0 1 6 0 10 7 0 0 0 0 0 2 0 1 0 0 2 0 36 0 0 3
预测:     0 0 0 0 5 0 0 1 0 0 4 0 0 1 6 0 10 7 0 0 0 0 0 2 0 1 0 0 2 0 36 0 0 3
准确率:    1.0000 (34/34)
----------------------------------------
输入:       D>LH> LMSV> MN KL DBJC WKLJ XJLK
目标:     0 1 0 0 4 0 0 1 6 0 10 7 0 0 0 0 0 2 0 1 0 0 2 0 36 0 0 3 0 0 0 5 0
预测:     0 1 0 0 4 0 0 1 6 0 10 7 0 0 0 0 0 2 0 1 0 0 2 0 36 0 0 3 0 0 0 5 0
准确率:    1.0000 (33/33)
----------------------------------------
⏳ 验证无提升 (验证准确率: 0.9696 ≤ 0.9698)，patience: 10/50

======================================================================
🚀 Epoch 159/200
======================================================================
📚 开始训练阶段...
训练进度: 500/6065 损失=0.0037
训练进度: 1000/6065 损失=0.0002
训练进度: 1500/6065 损失=0.0069
训练进度: 2000/6065 损失=0.0089
训练进度: 2500/6065 损失=0.0058
训练进度: 3000/6065 损失=0.0056
训练进度: 3500/6065 损失=0.0044
训练进度: 4000/6065 损失=0.0004
训练进度: 4500/6065 损失=0.0048
训练进度: 5000/6065 损失=0.0001
训练进度: 5500/6065 损失=0.0012
训练进度: 6000/6065 损失=0.0007
训练进度: 6065/6065 损失=0.0016
✅ 训练完成，耗时: 110.8秒 (1.8分钟)

============================================================
📊 验证决策: Epoch 159/200
   验证间隔: 1
   是否验证: ✅ 是
   原因: 达到验证间隔 (0 == 0)
============================================================

🔍 开始验证...
验证进度: 500/686 损失=0.2336
验证进度: 686/686 损失=2.4201

📊 预测分布分析:
  - 预测的前5个类别: {np.int64(0): 283010, np.int64(1): 37031, np.int64(2): 14743, np.int64(3): 10771, np.int64(4): 8977}
  - 标签的前5个类别: {np.int64(0): 281232, np.int64(1): 36731, np.int64(2): 14789, np.int64(3): 10866, np.int64(4): 8585}
✅ 验证完成，耗时: 4.9秒 (0.1分钟)
训练损失: 0.0028
验证损失: 0.5889
验证准确率: 0.9697 (10631/10964) - 与Levenshtein高度相关
验证F1(加权): 0.9689 - 类别平衡更好
学习率: 0.000011
显存使用: 0.47GB (预留: 0.69GB)

生成的训练样本:
--------------------------------------------------------------------------------
输入:       GJGL> DNXC> L>GN> XD> WSRN> DNXC> W>RB<
目标:     0 0 0 0 11 0 0 1 0 0 4 0 0 1 0 0 4 0 0 0 2 0 0 1 0 0 4 0 0 1 0 0 4 0 0 1 0 0 0 2
预测:     0 0 0 0 11 0 0 1 0 0 4 0 0 1 0 0 4 0 0 0 2 0 0 1 0 0 4 0 0 1 0 0 4 0 0 1 0 0 0 2
准确率:    1.0000 (40/40)
----------------------------------------
输入:       HLJN CB< PRT> D<N> D>QJMT BLXWDJHJN W>MR
目标:     0 0 0 0 0 0 0 0 2 0 0 13 23 0 0 1 0 4 0 0 1 17 20 0 3 12 0 1 0 0 0 2 1 0 0 0 0 1 0 0 3
预测:     0 0 0 0 0 0 0 0 2 0 0 13 23 0 0 1 0 4 0 0 1 17 20 0 3 12 0 1 0 0 0 2 1 0 0 0 0 1 0 0 3
准确率:    1.0000 (41/41)
----------------------------------------
输入:       LHWN DJN> QDM MRJ> WQDM KHN> WDJN>
目标:     0 1 0 0 0 0 0 0 15 0 0 0 0 2 0 0 0 0 2 0 1 0 0 2 0 0 0 4 0 0 1 0 0 55 0
预测:     0 1 0 0 0 0 0 0 15 0 0 0 0 2 0 0 0 0 2 0 1 0 0 2 0 0 0 4 0 0 1 0 0 55 0
准确率:    1.0000 (35/35)
----------------------------------------

生成的验证样本:
--------------------------------------------------------------------------------
输入:       YBJNH D>LH> LMSV> MN KL DBJC WKLJ
目标:     0 0 0 0 5 0 0 1 0 0 4 0 0 1 6 0 10 7 0 0 0 0 0 2 0 1 0 0 2 0 36 0 0 3
预测:     0 0 0 0 5 0 0 1 0 0 4 0 0 1 6 0 10 7 0 0 0 0 0 2 0 1 0 0 2 0 36 0 0 3
准确率:    1.0000 (34/34)
----------------------------------------
输入:       D>LH> LMSV> MN KL DBJC WKLJ XJLK
目标:     0 1 0 0 4 0 0 1 6 0 10 7 0 0 0 0 0 2 0 1 0 0 2 0 36 0 0 3 0 0 0 5 0
预测:     0 1 0 0 4 0 0 1 6 0 10 7 0 0 0 0 0 2 0 1 0 0 2 0 36 0 0 3 0 0 0 5 0
准确率:    1.0000 (33/33)
----------------------------------------
⏳ 验证无提升 (验证准确率: 0.9697 ≤ 0.9698)，patience: 11/50

======================================================================
🚀 Epoch 160/200
======================================================================
📚 开始训练阶段...
训练进度: 500/6065 损失=0.0002
训练进度: 1000/6065 损失=0.0010
训练进度: 1500/6065 损失=0.0001
训练进度: 2000/6065 损失=0.0029
训练进度: 2500/6065 损失=0.0034
训练进度: 3000/6065 损失=0.0009
训练进度: 3500/6065 损失=0.0034
训练进度: 4000/6065 损失=0.0050
训练进度: 4500/6065 损失=0.0008
训练进度: 5000/6065 损失=0.0282
训练进度: 5500/6065 损失=0.0042
训练进度: 6000/6065 损失=0.0008
训练进度: 6065/6065 损失=0.0023
✅ 训练完成，耗时: 111.1秒 (1.9分钟)

============================================================
📊 验证决策: Epoch 160/200
   验证间隔: 1
   是否验证: ✅ 是
   原因: 达到验证间隔 (0 == 0)
============================================================

🔍 开始验证...
验证进度: 500/686 损失=0.1711
验证进度: 686/686 损失=2.3981

📊 预测分布分析:
  - 预测的前5个类别: {np.int64(0): 282972, np.int64(1): 37020, np.int64(2): 14758, np.int64(3): 10735, np.int64(4): 8973}
  - 标签的前5个类别: {np.int64(0): 281232, np.int64(1): 36731, np.int64(2): 14789, np.int64(3): 10866, np.int64(4): 8585}
✅ 验证完成，耗时: 4.9秒 (0.1分钟)
训练损失: 0.0028
验证损失: 0.5846
验证准确率: 0.9698 (10632/10964) - 与Levenshtein高度相关
验证F1(加权): 0.9690 - 类别平衡更好
学习率: 0.000011
显存使用: 0.47GB (预留: 0.69GB)

生成的训练样本:
--------------------------------------------------------------------------------
输入:       W>TKSJW VWR> WSP KL BSR DRXC <L
目标:     0 1 0 14 0 0 3 19 0 0 0 11 0 0 1 31 116 0 0 2 0 0 0 2 0 1 0 0 7 0 0 0
预测:     0 1 0 14 0 0 3 19 0 0 0 11 0 0 1 31 116 0 0 2 0 0 0 2 0 1 0 0 7 0 0 0
准确率:    1.0000 (32/32)
----------------------------------------
输入:       QDM <M> DQJMJN <L CWR> W>MR LHWN
目标:     0 0 0 2 0 0 15 0 0 1 20 0 7 0 0 0 0 0 0 0 0 4 0 0 1 0 0 3 0 1 0 0 0
预测:     0 0 0 2 0 0 15 0 0 1 20 0 7 0 0 0 0 0 0 0 0 4 0 0 1 0 0 3 0 1 0 0 0
准确率:    1.0000 (33/33)
----------------------------------------
输入:       CD> >N> MN QDM PRYWP> D<JNJK MVL
目标:     0 0 10 7 0 0 0 0 0 0 0 0 0 0 2 0 0 0 0 0 4 0 0 1 0 0 2 1 0 0 0 0 0
预测:     0 0 10 7 0 0 0 0 0 0 0 0 0 0 2 0 0 0 0 0 4 0 0 1 0 0 2 1 0 0 0 0 0
准确率:    1.0000 (33/33)
----------------------------------------

生成的验证样本:
--------------------------------------------------------------------------------
输入:       YBJNH D>LH> LMSV> MN KL DBJC WKLJ
目标:     0 0 0 0 5 0 0 1 0 0 4 0 0 1 6 0 10 7 0 0 0 0 0 2 0 1 0 0 2 0 36 0 0 3
预测:     0 0 0 0 5 0 0 1 0 0 4 0 0 1 6 0 10 7 0 0 0 0 0 2 0 1 0 0 2 0 36 0 0 3
准确率:    1.0000 (34/34)
----------------------------------------
输入:       D>LH> LMSV> MN KL DBJC WKLJ XJLK
目标:     0 1 0 0 4 0 0 1 6 0 10 7 0 0 0 0 0 2 0 1 0 0 2 0 36 0 0 3 0 0 0 5 0
预测:     0 1 0 0 4 0 0 1 6 0 10 7 0 0 0 0 0 2 0 1 0 0 2 0 36 0 0 3 0 0 0 5 0
准确率:    1.0000 (33/33)
----------------------------------------
⏳ 验证无提升 (验证准确率: 0.9698 ≤ 0.9698)，patience: 12/50

======================================================================
🚀 Epoch 161/200
======================================================================
📚 开始训练阶段...
训练进度: 500/6065 损失=0.0002
训练进度: 1000/6065 损失=0.0013
训练进度: 1500/6065 损失=0.0018
训练进度: 2000/6065 损失=0.0002
训练进度: 2500/6065 损失=0.0022
训练进度: 3000/6065 损失=0.0002
训练进度: 3500/6065 损失=0.0009
训练进度: 4000/6065 损失=0.0002
训练进度: 4500/6065 损失=0.0002
训练进度: 5000/6065 损失=0.0088
训练进度: 5500/6065 损失=0.0008
训练进度: 6000/6065 损失=0.0002
训练进度: 6065/6065 损失=0.0001
✅ 训练完成，耗时: 111.4秒 (1.9分钟)

============================================================
📊 验证决策: Epoch 161/200
   验证间隔: 1
   是否验证: ✅ 是
   原因: 达到验证间隔 (0 == 0)
============================================================

🔍 开始验证...
验证进度: 500/686 损失=0.1376
验证进度: 686/686 损失=2.3599

📊 预测分布分析:
  - 预测的前5个类别: {np.int64(0): 283067, np.int64(1): 37015, np.int64(2): 14754, np.int64(3): 10765, np.int64(4): 8984}
  - 标签的前5个类别: {np.int64(0): 281232, np.int64(1): 36731, np.int64(2): 14789, np.int64(3): 10866, np.int64(4): 8585}
✅ 验证完成，耗时: 4.9秒 (0.1分钟)
训练损失: 0.0027
验证损失: 0.5893
验证准确率: 0.9701 (10635/10964) - 与Levenshtein高度相关
验证F1(加权): 0.9693 - 类别平衡更好
学习率: 0.000010
显存使用: 0.47GB (预留: 0.69GB)

生成的训练样本:
--------------------------------------------------------------------------------
输入:       W>QVLJWHJ LJ<QWB >XJ W>T>MR LRPQ> MLWHJ D<SW
目标:     0 1 6 0 0 48 35 0 0 0 0 1 0 0 0 0 2 0 0 5 0 0 1 0 14 0 0 80 0 1 0 0 0 2 0 0 96 1 0 0 0 1 0 0 2
预测:     0 1 6 0 0 48 35 0 0 0 0 1 0 0 0 0 2 0 0 5 0 0 1 0 14 0 0 80 0 1 0 0 0 2 0 0 96 1 0 0 0 1 0 0 2
准确率:    1.0000 (45/45)
----------------------------------------
输入:       WQRM> DMCK> DSSGWN> MN L<L W<BDW DP>
目标:     0 1 0 0 15 0 0 1 0 0 11 0 0 1 0 0 0 0 4 0 0 0 0 0 1 0 0 0 1 0 0 3 0 0 0 11 0
预测:     0 1 0 0 15 0 0 1 0 0 11 0 0 1 0 0 0 0 4 0 0 0 0 0 1 0 0 0 1 0 0 3 0 0 0 11 0
准确率:    1.0000 (37/37)
----------------------------------------
输入:       DL<M> B<MM> K>R DQDM WJHB RHBWN> LPWRQN>
目标:     0 1 1 0 15 0 0 1 0 8 30 0 0 0 0 16 0 1 0 0 33 0 1 0 0 3 0 0 0 0 0 4 0 0 1 0 0 0 0 4 0
预测:     0 1 1 0 15 0 0 1 0 8 30 0 0 0 0 16 0 1 0 0 33 0 1 0 0 3 0 0 0 0 0 4 0 0 1 0 0 0 0 4 0
准确率:    1.0000 (41/41)
----------------------------------------

生成的验证样本:
--------------------------------------------------------------------------------
输入:       YBJNH D>LH> LMSV> MN KL DBJC WKLJ
目标:     0 0 0 0 5 0 0 1 0 0 4 0 0 1 6 0 10 7 0 0 0 0 0 2 0 1 0 0 2 0 36 0 0 3
预测:     0 0 0 0 5 0 0 1 0 0 4 0 0 1 6 0 10 7 0 0 0 0 0 2 0 1 0 0 2 0 36 0 0 3
准确率:    1.0000 (34/34)
----------------------------------------
输入:       D>LH> LMSV> MN KL DBJC WKLJ XJLK
目标:     0 1 0 0 4 0 0 1 6 0 10 7 0 0 0 0 0 2 0 1 0 0 2 0 36 0 0 3 0 0 0 5 0
预测:     0 1 0 0 4 0 0 1 6 0 10 7 0 0 0 0 0 2 0 1 0 0 2 0 36 0 0 3 0 0 0 5 0
准确率:    1.0000 (33/33)
----------------------------------------
💾 保存新的最佳模型！验证准确率: 0.9701 (F1: 0.9693) (Epoch 161)

======================================================================
🚀 Epoch 162/200
======================================================================
📚 开始训练阶段...
训练进度: 500/6065 损失=0.0011
训练进度: 1000/6065 损失=0.0070
训练进度: 1500/6065 损失=0.0000
训练进度: 2000/6065 损失=0.0066
训练进度: 2500/6065 损失=0.0030
训练进度: 3000/6065 损失=0.0011
训练进度: 3500/6065 损失=0.0140
训练进度: 4000/6065 损失=0.0070
训练进度: 4500/6065 损失=0.0034
训练进度: 5000/6065 损失=0.0041
训练进度: 5500/6065 损失=0.0001
训练进度: 6000/6065 损失=0.0001
训练进度: 6065/6065 损失=0.0002
✅ 训练完成，耗时: 110.9秒 (1.8分钟)

============================================================
📊 验证决策: Epoch 162/200
   验证间隔: 1
   是否验证: ✅ 是
   原因: 达到验证间隔 (0 == 0)
============================================================

🔍 开始验证...
验证进度: 500/686 损失=0.1283
验证进度: 686/686 损失=2.4076

📊 预测分布分析:
  - 预测的前5个类别: {np.int64(0): 282996, np.int64(1): 37033, np.int64(2): 14716, np.int64(3): 10756, np.int64(4): 8892}
  - 标签的前5个类别: {np.int64(0): 281232, np.int64(1): 36731, np.int64(2): 14789, np.int64(3): 10866, np.int64(4): 8585}
✅ 验证完成，耗时: 4.9秒 (0.1分钟)
训练损失: 0.0028
验证损失: 0.5941
验证准确率: 0.9699 (10634/10964) - 与Levenshtein高度相关
验证F1(加权): 0.9691 - 类别平衡更好
学习率: 0.000010
显存使用: 0.47GB (预留: 0.69GB)

生成的训练样本:
--------------------------------------------------------------------------------
输入:       DJLH QDMWHJ <NNWHJ <BRJN BRD> WGWMR> DNWR>
目标:     0 0 0 1 0 0 0 0 25 1 0 0 0 0 0 25 1 0 0 0 0 0 7 0 0 0 0 0 15 0 0 1 8 0 31 61 0 0 1 0 0 4 0
预测:     0 0 0 1 0 0 0 0 25 1 0 0 0 0 0 25 1 0 0 0 0 0 7 0 0 0 0 0 15 0 0 1 8 0 31 61 0 0 1 0 0 4 0
准确率:    1.0000 (43/43)
----------------------------------------
输入:       MCKX BRDJYN >MR DLJL HW LM<BD VBT>
目标:     0 28 0 0 7 0 0 0 0 0 0 2 0 0 0 7 0 0 0 0 2 0 0 0 0 1 6 0 0 7 0 0 2 9 0
预测:     0 28 0 0 7 0 0 0 0 0 0 2 0 0 0 7 0 0 0 0 2 0 0 0 0 1 6 0 0 7 0 0 2 9 0
准确率:    1.0000 (35/35)
----------------------------------------
输入:       LMJ> >W DLM> HLJN KJN> DXCWK> DKR>
目标:     0 1 24 9 0 0 0 0 0 0 0 0 0 0 0 0 0 0 0 0 0 11 0 0 1 0 0 0 4 0 0 0 0 30 0
预测:     0 1 24 9 0 0 0 0 0 0 0 0 0 0 0 0 0 0 0 0 0 11 0 0 1 0 0 0 4 0 0 0 0 30 0
准确率:    1.0000 (35/35)
----------------------------------------

生成的验证样本:
--------------------------------------------------------------------------------
输入:       YBJNH D>LH> LMSV> MN KL DBJC WKLJ
目标:     0 0 0 0 5 0 0 1 0 0 4 0 0 1 6 0 10 7 0 0 0 0 0 2 0 1 0 0 2 0 36 0 0 3
预测:     0 0 0 0 5 0 0 1 0 0 4 0 0 1 6 0 10 7 0 0 0 0 0 2 0 1 0 0 2 0 36 0 0 3
准确率:    1.0000 (34/34)
----------------------------------------
输入:       D>LH> LMSV> MN KL DBJC WKLJ XJLK
目标:     0 1 0 0 4 0 0 1 6 0 10 7 0 0 0 0 0 2 0 1 0 0 2 0 36 0 0 3 0 0 0 5 0
预测:     0 1 0 0 4 0 0 1 6 0 10 7 0 0 0 0 0 2 0 1 0 0 2 0 36 0 0 3 0 0 0 5 0
准确率:    1.0000 (33/33)
----------------------------------------
⏳ 验证无提升 (验证准确率: 0.9699 ≤ 0.9701)，patience: 1/50

======================================================================
🚀 Epoch 163/200
======================================================================
📚 开始训练阶段...
训练进度: 500/6065 损失=0.0017
训练进度: 1000/6065 损失=0.0029
训练进度: 1500/6065 损失=0.0002
训练进度: 2000/6065 损失=0.0045
训练进度: 2500/6065 损失=0.0003
训练进度: 3000/6065 损失=0.0002
训练进度: 3500/6065 损失=0.0002
训练进度: 4000/6065 损失=0.0009
训练进度: 4500/6065 损失=0.0002
训练进度: 5000/6065 损失=0.0008
训练进度: 5500/6065 损失=0.0003
训练进度: 6000/6065 损失=0.0003
训练进度: 6065/6065 损失=0.0050
✅ 训练完成，耗时: 110.6秒 (1.8分钟)

============================================================
📊 验证决策: Epoch 163/200
   验证间隔: 1
   是否验证: ✅ 是
   原因: 达到验证间隔 (0 == 0)
============================================================

🔍 开始验证...
验证进度: 500/686 损失=0.1386
验证进度: 686/686 损失=2.3809

📊 预测分布分析:
  - 预测的前5个类别: {np.int64(0): 283030, np.int64(1): 37032, np.int64(2): 14771, np.int64(3): 10753, np.int64(4): 8913}
  - 标签的前5个类别: {np.int64(0): 281232, np.int64(1): 36731, np.int64(2): 14789, np.int64(3): 10866, np.int64(4): 8585}
✅ 验证完成，耗时: 4.9秒 (0.1分钟)
训练损失: 0.0027
验证损失: 0.5940
验证准确率: 0.9699 (10633/10964) - 与Levenshtein高度相关
验证F1(加权): 0.9691 - 类别平衡更好
学习率: 0.000009
显存使用: 0.47GB (预留: 0.69GB)

生成的训练样本:
--------------------------------------------------------------------------------
输入:       LM<BDH HC> NXZ> PR<WN GBR> XKJM> WSKWLTN>
目标:     0 1 6 0 0 74 0 0 0 4 0 0 6 0 10 3 0 0 0 0 0 2 0 0 0 4 0 0 0 0 0 4 0 0 1 0 0 0 0 0 4 0
预测:     0 1 6 0 0 74 0 0 0 4 0 0 6 0 10 3 0 0 0 0 0 2 0 0 0 4 0 0 0 0 0 4 0 0 1 0 0 0 0 0 4 0
准确率:    1.0000 (42/42)
----------------------------------------
输入:       DM<BD LH QJM> MVWL HN> NTXZ> LKWN
目标:     0 1 6 0 0 7 0 1 0 0 0 0 4 0 0 0 8 0 0 0 0 0 0 0 21 14 0 10 3 0 1 0 0 0
预测:     0 1 6 0 0 7 0 1 0 0 0 0 4 0 0 0 8 0 0 0 0 0 0 0 21 14 0 10 3 0 1 0 0 0
准确率:    1.0000 (34/34)
----------------------------------------
输入:       W>T> JWSP WXWJ LPR<WN W>MR LH >BJ
目标:     0 1 0 10 3 0 0 0 0 2 0 1 0 0 16 0 1 0 0 0 0 2 0 1 0 0 3 0 1 0 0 0 5 0
预测:     0 1 0 10 3 0 0 0 0 2 0 1 0 0 16 0 1 0 0 0 0 2 0 1 0 0 3 0 1 0 0 0 5 0
准确率:    1.0000 (34/34)
----------------------------------------

生成的验证样本:
--------------------------------------------------------------------------------
输入:       YBJNH D>LH> LMSV> MN KL DBJC WKLJ
目标:     0 0 0 0 5 0 0 1 0 0 4 0 0 1 6 0 10 7 0 0 0 0 0 2 0 1 0 0 2 0 36 0 0 3
预测:     0 0 0 0 5 0 0 1 0 0 4 0 0 1 6 0 10 7 0 0 0 0 0 2 0 1 0 0 2 0 36 0 0 3
准确率:    1.0000 (34/34)
----------------------------------------
输入:       D>LH> LMSV> MN KL DBJC WKLJ XJLK
目标:     0 1 0 0 4 0 0 1 6 0 10 7 0 0 0 0 0 2 0 1 0 0 2 0 36 0 0 3 0 0 0 5 0
预测:     0 1 0 0 4 0 0 1 6 0 10 7 0 0 0 0 0 2 0 1 0 0 2 0 36 0 0 3 0 0 0 5 0
准确率:    1.0000 (33/33)
----------------------------------------
⏳ 验证无提升 (验证准确率: 0.9699 ≤ 0.9701)，patience: 2/50

======================================================================
🚀 Epoch 164/200
======================================================================
📚 开始训练阶段...
训练进度: 500/6065 损失=0.0194
训练进度: 1000/6065 损失=0.0040
训练进度: 1500/6065 损失=0.0001
训练进度: 2000/6065 损失=0.0012
训练进度: 2500/6065 损失=0.0034
训练进度: 3000/6065 损失=0.0002
训练进度: 3500/6065 损失=0.0001
训练进度: 4000/6065 损失=0.0002
训练进度: 4500/6065 损失=0.0004
训练进度: 5000/6065 损失=0.0267
训练进度: 5500/6065 损失=0.0001
训练进度: 6000/6065 损失=0.0001
训练进度: 6065/6065 损失=0.0001
✅ 训练完成，耗时: 110.5秒 (1.8分钟)

============================================================
📊 验证决策: Epoch 164/200
   验证间隔: 1
   是否验证: ✅ 是
   原因: 达到验证间隔 (0 == 0)
============================================================

🔍 开始验证...
验证进度: 500/686 损失=0.1248
验证进度: 686/686 损失=2.3194

📊 预测分布分析:
  - 预测的前5个类别: {np.int64(0): 283019, np.int64(1): 37062, np.int64(2): 14752, np.int64(3): 10730, np.int64(4): 8937}
  - 标签的前5个类别: {np.int64(0): 281232, np.int64(1): 36731, np.int64(2): 14789, np.int64(3): 10866, np.int64(4): 8585}
✅ 验证完成，耗时: 4.9秒 (0.1分钟)
训练损失: 0.0025
验证损失: 0.5982
验证准确率: 0.9698 (10632/10964) - 与Levenshtein高度相关
验证F1(加权): 0.9690 - 类别平衡更好
学习率: 0.000009
显存使用: 0.47GB (预留: 0.69GB)

生成的训练样本:
--------------------------------------------------------------------------------
输入:       DTHW> JD<> MDM DSGJ>> L> JD<JN WHNWN
目标:     0 1 44 0 10 3 0 0 0 7 0 0 0 0 2 0 1 0 0 0 11 0 0 0 0 0 0 0 7 0 0 0 1 0 0 0 0
预测:     0 1 44 0 10 3 0 0 0 7 0 0 0 0 2 0 1 0 0 0 11 0 0 0 0 0 0 0 7 0 0 0 1 0 0 0 0
准确率:    1.0000 (37/37)
----------------------------------------
输入:       JWNN DXZ> DM<JHWN QNV >SGJ MN YWMJHWN
目标:     0 0 0 0 2 0 1 0 10 3 0 0 0 13 1 0 0 0 0 0 0 3 0 17 0 0 3 0 0 0 0 0 0 2 1 0 0 0
预测:     0 0 0 0 2 0 1 0 10 3 0 0 0 13 1 0 0 0 0 0 0 3 0 17 0 0 3 0 0 0 0 0 0 2 1 0 0 0
准确率:    1.0000 (38/38)
----------------------------------------
输入:       BMNC> W>N> Z<WR> >N> DBJT >BJ W>MR
目标:     0 1 0 0 0 2 0 1 0 0 0 0 0 0 0 4 0 0 0 0 0 0 1 0 0 2 0 0 5 0 0 1 0 0 3
预测:     0 1 0 0 0 2 0 1 0 0 0 0 0 0 0 4 0 0 0 0 0 0 1 0 0 2 0 0 5 0 0 1 0 0 3
准确率:    1.0000 (35/35)
----------------------------------------

生成的验证样本:
--------------------------------------------------------------------------------
输入:       YBJNH D>LH> LMSV> MN KL DBJC WKLJ
目标:     0 0 0 0 5 0 0 1 0 0 4 0 0 1 6 0 10 7 0 0 0 0 0 2 0 1 0 0 2 0 36 0 0 3
预测:     0 0 0 0 5 0 0 1 0 0 4 0 0 1 6 0 10 7 0 0 0 0 0 2 0 1 0 0 2 0 36 0 0 3
准确率:    1.0000 (34/34)
----------------------------------------
输入:       D>LH> LMSV> MN KL DBJC WKLJ XJLK
目标:     0 1 0 0 4 0 0 1 6 0 10 7 0 0 0 0 0 2 0 1 0 0 2 0 36 0 0 3 0 0 0 5 0
预测:     0 1 0 0 4 0 0 1 6 0 10 7 0 0 0 0 0 2 0 1 0 0 2 0 36 0 0 3 0 0 0 5 0
准确率:    1.0000 (33/33)
----------------------------------------
⏳ 验证无提升 (验证准确率: 0.9698 ≤ 0.9701)，patience: 3/50

======================================================================
🚀 Epoch 165/200
======================================================================
📚 开始训练阶段...
训练进度: 500/6065 损失=0.0026
训练进度: 1000/6065 损失=0.0008
训练进度: 1500/6065 损失=0.0000
训练进度: 2000/6065 损失=0.0016
训练进度: 2500/6065 损失=0.0112
训练进度: 3000/6065 损失=0.0207
训练进度: 3500/6065 损失=0.0004
训练进度: 4000/6065 损失=0.0001
训练进度: 4500/6065 损失=0.0001
训练进度: 5000/6065 损失=0.0001
训练进度: 5500/6065 损失=0.0064
训练进度: 6000/6065 损失=0.0002
训练进度: 6065/6065 损失=0.0014
✅ 训练完成，耗时: 110.3秒 (1.8分钟)

============================================================
📊 验证决策: Epoch 165/200
   验证间隔: 1
   是否验证: ✅ 是
   原因: 达到验证间隔 (0 == 0)
============================================================

🔍 开始验证...
验证进度: 500/686 损失=0.1357
验证进度: 686/686 损失=2.4612

📊 预测分布分析:
  - 预测的前5个类别: {np.int64(0): 283091, np.int64(1): 37049, np.int64(2): 14743, np.int64(3): 10701, np.int64(4): 8964}
  - 标签的前5个类别: {np.int64(0): 281232, np.int64(1): 36731, np.int64(2): 14789, np.int64(3): 10866, np.int64(4): 8585}
✅ 验证完成，耗时: 4.9秒 (0.1分钟)
训练损失: 0.0025
验证损失: 0.6021
验证准确率: 0.9697 (10631/10964) - 与Levenshtein高度相关
验证F1(加权): 0.9688 - 类别平衡更好
学习率: 0.000008
显存使用: 0.47GB (预留: 0.69GB)

生成的训练样本:
--------------------------------------------------------------------------------
输入:       DCNJ> >JT LHWN L>NC> HLJN H> MN
目标:     0 1 0 13 9 0 0 0 0 24 0 1 0 0 0 0 1 0 0 4 0 0 0 0 0 0 0 0 0 0 0 0
预测:     0 1 0 13 9 0 0 0 0 24 0 1 0 0 0 0 1 0 0 4 0 0 0 0 0 0 0 0 0 0 0 0
准确率:    1.0000 (32/32)
----------------------------------------
输入:       W<BR NPTX <L BNJ <MWN LMTKTCW <MHWN
目标:     0 1 0 0 3 0 0 0 0 2 0 0 0 0 0 2 0 0 0 0 0 2 0 1 21 14 0 0 7 19 0 0 1 0 0 0
预测:     0 1 0 0 3 0 0 0 0 2 0 0 0 0 0 2 0 0 0 0 0 2 0 1 21 14 0 0 7 19 0 0 1 0 0 0
准确率:    1.0000 (36/36)
----------------------------------------
输入:       D>KXD MTQRBJN QBWR> WMTQRBN> RJC> DNKP> WNKPT>
目标:     0 1 0 0 0 60 0 21 14 0 0 7 0 19 0 0 0 0 11 0 0 1 0 0 0 0 0 11 0 0 0 0 11 0 0 1 0 0 30 0 0 1 0 0 22 23 0
预测:     0 1 0 0 0 60 0 21 14 0 0 7 0 19 0 0 0 0 11 0 0 1 0 0 0 0 0 11 0 0 0 0 11 0 0 1 0 0 30 0 0 1 0 0 22 23 0
准确率:    1.0000 (47/47)
----------------------------------------

生成的验证样本:
--------------------------------------------------------------------------------
输入:       YBJNH D>LH> LMSV> MN KL DBJC WKLJ
目标:     0 0 0 0 5 0 0 1 0 0 4 0 0 1 6 0 10 7 0 0 0 0 0 2 0 1 0 0 2 0 36 0 0 3
预测:     0 0 0 0 5 0 0 1 0 0 4 0 0 1 6 0 10 7 0 0 0 0 0 2 0 1 0 0 2 0 36 0 0 3
准确率:    1.0000 (34/34)
----------------------------------------
输入:       D>LH> LMSV> MN KL DBJC WKLJ XJLK
目标:     0 1 0 0 4 0 0 1 6 0 10 7 0 0 0 0 0 2 0 1 0 0 2 0 36 0 0 3 0 0 0 5 0
预测:     0 1 0 0 4 0 0 1 6 0 10 7 0 0 0 0 0 2 0 1 0 0 2 0 36 0 0 3 0 0 0 5 0
准确率:    1.0000 (33/33)
----------------------------------------
⏳ 验证无提升 (验证准确率: 0.9697 ≤ 0.9701)，patience: 4/50

======================================================================
🚀 Epoch 166/200
======================================================================
📚 开始训练阶段...
训练进度: 500/6065 损失=0.0011
训练进度: 1000/6065 损失=0.0001
训练进度: 1500/6065 损失=0.0002
训练进度: 2000/6065 损失=0.0005
训练进度: 2500/6065 损失=0.0070
训练进度: 3000/6065 损失=0.0007
训练进度: 3500/6065 损失=0.0001
训练进度: 4000/6065 损失=0.0004
训练进度: 4500/6065 损失=0.0005
训练进度: 5000/6065 损失=0.0045
训练进度: 5500/6065 损失=0.0002
训练进度: 6000/6065 损失=0.0003
训练进度: 6065/6065 损失=0.0018
✅ 训练完成，耗时: 110.6秒 (1.8分钟)

============================================================
📊 验证决策: Epoch 166/200
   验证间隔: 1
   是否验证: ✅ 是
   原因: 达到验证间隔 (0 == 0)
============================================================

🔍 开始验证...
验证进度: 500/686 损失=0.1304
验证进度: 686/686 损失=2.4658

📊 预测分布分析:
  - 预测的前5个类别: {np.int64(0): 283031, np.int64(1): 37048, np.int64(2): 14752, np.int64(3): 10740, np.int64(4): 8951}
  - 标签的前5个类别: {np.int64(0): 281232, np.int64(1): 36731, np.int64(2): 14789, np.int64(3): 10866, np.int64(4): 8585}
✅ 验证完成，耗时: 4.9秒 (0.1分钟)
训练损失: 0.0024
验证损失: 0.6065
验证准确率: 0.9697 (10631/10964) - 与Levenshtein高度相关
验证F1(加权): 0.9689 - 类别平衡更好
学习率: 0.000008
显存使用: 0.47GB (预留: 0.69GB)

生成的训练样本:
--------------------------------------------------------------------------------
输入:       MRJ> LDWJD <BDH WL<MH >JSRJL WKD CLM
目标:     0 0 0 0 2 0 1 0 0 0 2 0 0 0 37 0 0 1 1 0 37 0 0 0 0 0 0 0 2 0 1 0 0 0 0 0 16
预测:     0 0 0 0 2 0 1 0 0 0 2 0 0 0 37 0 0 1 1 0 37 0 0 0 0 0 0 0 2 0 1 0 0 0 0 0 16
准确率:    1.0000 (37/37)
----------------------------------------
输入:       DR<J> WM>> <N> SVR MN >JL> WVBJ>
目标:     0 1 0 0 15 0 0 1 0 0 2 0 0 4 0 0 0 0 2 0 0 0 0 0 0 82 0 0 1 0 24 9 0
预测:     0 1 0 0 15 0 0 1 0 0 2 0 0 4 0 0 0 0 2 0 0 0 0 0 0 82 0 0 1 0 24 9 0
准确率:    1.0000 (33/33)
----------------------------------------
输入:       HJMN B>LH> WHW NHW> LK <DWR> SBR
目标:     6 0 0 0 151 0 1 0 0 4 0 0 1 0 0 0 6 0 10 3 0 1 0 0 0 0 0 4 0 6 0 0 16
预测:     6 0 0 0 151 0 1 0 0 4 0 0 1 0 0 0 6 0 10 3 0 1 0 0 0 0 0 4 0 6 0 0 16
准确率:    1.0000 (33/33)
----------------------------------------

生成的验证样本:
--------------------------------------------------------------------------------
输入:       YBJNH D>LH> LMSV> MN KL DBJC WKLJ
目标:     0 0 0 0 5 0 0 1 0 0 4 0 0 1 6 0 10 7 0 0 0 0 0 2 0 1 0 0 2 0 36 0 0 3
预测:     0 0 0 0 5 0 0 1 0 0 4 0 0 1 6 0 10 7 0 0 0 0 0 2 0 1 0 0 2 0 36 0 0 3
准确率:    1.0000 (34/34)
----------------------------------------
输入:       D>LH> LMSV> MN KL DBJC WKLJ XJLK
目标:     0 1 0 0 4 0 0 1 6 0 10 7 0 0 0 0 0 2 0 1 0 0 2 0 36 0 0 3 0 0 0 5 0
预测:     0 1 0 0 4 0 0 1 6 0 10 7 0 0 0 0 0 2 0 1 0 0 2 0 36 0 0 3 0 0 0 5 0
准确率:    1.0000 (33/33)
----------------------------------------
⏳ 验证无提升 (验证准确率: 0.9697 ≤ 0.9701)，patience: 5/50

======================================================================
🚀 Epoch 167/200
======================================================================
📚 开始训练阶段...
训练进度: 500/6065 损失=0.0004
训练进度: 1000/6065 损失=0.0004
训练进度: 1500/6065 损失=0.0067
训练进度: 2000/6065 损失=0.0009
训练进度: 2500/6065 损失=0.0027
训练进度: 3000/6065 损失=0.0011
训练进度: 3500/6065 损失=0.0003
训练进度: 4000/6065 损失=0.0000
训练进度: 4500/6065 损失=0.0195
训练进度: 5000/6065 损失=0.0002
训练进度: 5500/6065 损失=0.0127
训练进度: 6000/6065 损失=0.0040
训练进度: 6065/6065 损失=0.0143
✅ 训练完成，耗时: 110.7秒 (1.8分钟)

============================================================
📊 验证决策: Epoch 167/200
   验证间隔: 1
   是否验证: ✅ 是
   原因: 达到验证间隔 (0 == 0)
============================================================

🔍 开始验证...
验证进度: 500/686 损失=0.1209
验证进度: 686/686 损失=2.4516

📊 预测分布分析:
  - 预测的前5个类别: {np.int64(0): 283044, np.int64(1): 37041, np.int64(2): 14745, np.int64(3): 10760, np.int64(4): 8918}
  - 标签的前5个类别: {np.int64(0): 281232, np.int64(1): 36731, np.int64(2): 14789, np.int64(3): 10866, np.int64(4): 8585}
✅ 验证完成，耗时: 4.9秒 (0.1分钟)
训练损失: 0.0023
验证损失: 0.6069
验证准确率: 0.9699 (10633/10964) - 与Levenshtein高度相关
验证F1(加权): 0.9690 - 类别平衡更好
学习率: 0.000008
显存使用: 0.47GB (预留: 0.69GB)

生成的训练样本:
--------------------------------------------------------------------------------
输入:       MN LTXT W>KXD> GPJN RCJHWN <L ZQZQT>
目标:     0 0 0 0 1 0 0 0 0 1 38 1 0 2 0 0 0 2 0 0 0 38 2 1 0 0 0 0 0 0 0 0 0 0 13 9 0
预测:     0 0 0 0 1 0 0 0 0 1 38 1 0 2 0 0 0 2 0 0 0 38 2 1 0 0 0 0 0 0 0 0 0 0 13 9 0
准确率:    1.0000 (37/37)
----------------------------------------
输入:       DL> >CBQK WQM W>ZL BTRH WGXZJ <BR
目标:     0 1 0 0 0 6 0 0 29 0 0 1 31 3 0 1 0 0 3 0 0 0 1 12 0 1 0 0 0 2 0 0 0 3
预测:     0 1 0 0 0 6 0 0 29 0 0 1 31 3 0 1 0 0 3 0 0 0 1 12 0 1 0 0 0 2 0 0 0 3
准确率:    1.0000 (34/34)
----------------------------------------
输入:       XVH> MST<RJN DB>TRN L> >CTMCW DPTKR> D>RB<
目标:     0 0 0 11 0 0 45 79 0 0 7 0 0 0 1 1 0 0 5 0 0 0 0 0 47 39 0 0 33 0 0 1 0 0 0 4 0 0 1 0 0 0 2
预测:     0 0 0 11 0 0 45 79 0 0 7 0 0 0 1 1 0 0 5 0 0 0 0 0 47 39 0 0 33 0 0 1 0 0 0 4 0 0 1 0 0 0 2
准确率:    1.0000 (43/43)
----------------------------------------

生成的验证样本:
--------------------------------------------------------------------------------
输入:       YBJNH D>LH> LMSV> MN KL DBJC WKLJ
目标:     0 0 0 0 5 0 0 1 0 0 4 0 0 1 6 0 10 7 0 0 0 0 0 2 0 1 0 0 2 0 36 0 0 3
预测:     0 0 0 0 5 0 0 1 0 0 4 0 0 1 6 0 10 7 0 0 0 0 0 2 0 1 0 0 2 0 36 0 0 3
准确率:    1.0000 (34/34)
----------------------------------------
输入:       D>LH> LMSV> MN KL DBJC WKLJ XJLK
目标:     0 1 0 0 4 0 0 1 6 0 10 7 0 0 0 0 0 2 0 1 0 0 2 0 36 0 0 3 0 0 0 5 0
预测:     0 1 0 0 4 0 0 1 6 0 10 7 0 0 0 0 0 2 0 1 0 0 2 0 36 0 0 3 0 0 0 5 0
准确率:    1.0000 (33/33)
----------------------------------------
⏳ 验证无提升 (验证准确率: 0.9699 ≤ 0.9701)，patience: 6/50

======================================================================
🚀 Epoch 168/200
======================================================================
📚 开始训练阶段...
训练进度: 500/6065 损失=0.0001
训练进度: 1000/6065 损失=0.0047
训练进度: 1500/6065 损失=0.0000
训练进度: 2000/6065 损失=0.0004
训练进度: 2500/6065 损失=0.0005
训练进度: 3000/6065 损失=0.0003
训练进度: 3500/6065 损失=0.0002
训练进度: 4000/6065 损失=0.0052
训练进度: 4500/6065 损失=0.0001
训练进度: 5000/6065 损失=0.0001
训练进度: 5500/6065 损失=0.0011
训练进度: 6000/6065 损失=0.0003
训练进度: 6065/6065 损失=0.0068
✅ 训练完成，耗时: 110.7秒 (1.8分钟)

============================================================
📊 验证决策: Epoch 168/200
   验证间隔: 1
   是否验证: ✅ 是
   原因: 达到验证间隔 (0 == 0)
============================================================

🔍 开始验证...
验证进度: 500/686 损失=0.1474
验证进度: 686/686 损失=2.4381

📊 预测分布分析:
  - 预测的前5个类别: {np.int64(0): 283015, np.int64(1): 37064, np.int64(2): 14743, np.int64(3): 10714, np.int64(4): 8935}
  - 标签的前5个类别: {np.int64(0): 281232, np.int64(1): 36731, np.int64(2): 14789, np.int64(3): 10866, np.int64(4): 8585}
✅ 验证完成，耗时: 4.9秒 (0.1分钟)
训练损失: 0.0023
验证损失: 0.6104
验证准确率: 0.9698 (10632/10964) - 与Levenshtein高度相关
验证F1(加权): 0.9690 - 类别平衡更好
学习率: 0.000007
显存使用: 0.47GB (预留: 0.69GB)

生成的训练样本:
--------------------------------------------------------------------------------
输入:       DHN> MXCWL> RB> MVLTJ HW HW> <LJKWN
目标:     0 1 0 0 0 0 0 0 0 0 4 0 0 0 4 0 0 0 0 8 1 0 0 0 0 0 0 10 3 0 0 8 1 0 0 0
预测:     0 1 0 0 0 0 0 0 0 0 4 0 0 0 4 0 0 0 0 8 1 0 0 0 0 0 0 10 3 0 0 8 1 0 0 0
准确率:    1.0000 (36/36)
----------------------------------------
输入:       GML> LMCT> NSB <BD> QDC> DDHB> MTQL>
目标:     0 0 0 11 0 0 1 6 0 10 7 0 0 0 3 0 0 0 15 0 0 0 0 15 0 0 1 0 0 4 0 0 0 0 0 4 0
预测:     0 0 0 11 0 0 1 6 0 10 7 0 0 0 3 0 0 0 15 0 0 0 0 15 0 0 1 0 0 4 0 0 0 0 0 4 0
准确率:    1.0000 (37/37)
----------------------------------------
输入:       HN> W<L <MWRWHJ KLHWN PTGMWHJ DSPR> DQR>
目标:     0 0 0 0 0 1 0 0 0 0 0 0 25 1 0 0 0 0 5 0 0 0 0 0 0 0 25 1 0 0 0 1 0 0 4 0 0 1 0 10 3
预测:     0 0 0 0 0 1 0 0 0 0 0 0 25 1 0 0 0 0 5 0 0 0 0 0 0 0 25 1 0 0 0 1 0 0 4 0 0 1 0 10 3
准确率:    1.0000 (41/41)
----------------------------------------

生成的验证样本:
--------------------------------------------------------------------------------
输入:       YBJNH D>LH> LMSV> MN KL DBJC WKLJ
目标:     0 0 0 0 5 0 0 1 0 0 4 0 0 1 6 0 10 7 0 0 0 0 0 2 0 1 0 0 2 0 36 0 0 3
预测:     0 0 0 0 5 0 0 1 0 0 4 0 0 1 6 0 10 7 0 0 0 0 0 2 0 1 0 0 2 0 36 0 0 3
准确率:    1.0000 (34/34)
----------------------------------------
输入:       D>LH> LMSV> MN KL DBJC WKLJ XJLK
目标:     0 1 0 0 4 0 0 1 6 0 10 7 0 0 0 0 0 2 0 1 0 0 2 0 36 0 0 3 0 0 0 5 0
预测:     0 1 0 0 4 0 0 1 6 0 10 7 0 0 0 0 0 2 0 1 0 0 2 0 36 0 0 3 0 0 0 5 0
准确率:    1.0000 (33/33)
----------------------------------------
⏳ 验证无提升 (验证准确率: 0.9698 ≤ 0.9701)，patience: 7/50

======================================================================
🚀 Epoch 169/200
======================================================================
📚 开始训练阶段...
训练进度: 500/6065 损失=0.0007
训练进度: 1000/6065 损失=0.0007
训练进度: 1500/6065 损失=0.0015
训练进度: 2000/6065 损失=0.0002
训练进度: 2500/6065 损失=0.0016
训练进度: 3000/6065 损失=0.0013
训练进度: 3500/6065 损失=0.0006
训练进度: 4000/6065 损失=0.0000
训练进度: 4500/6065 损失=0.0005
训练进度: 5000/6065 损失=0.0032
训练进度: 5500/6065 损失=0.0009
训练进度: 6000/6065 损失=0.0242
训练进度: 6065/6065 损失=0.0002
✅ 训练完成，耗时: 110.6秒 (1.8分钟)

============================================================
📊 验证决策: Epoch 169/200
   验证间隔: 1
   是否验证: ✅ 是
   原因: 达到验证间隔 (0 == 0)
============================================================

🔍 开始验证...
验证进度: 500/686 损失=0.1571
验证进度: 686/686 损失=2.5674

📊 预测分布分析:
  - 预测的前5个类别: {np.int64(0): 283110, np.int64(1): 37051, np.int64(2): 14718, np.int64(3): 10710, np.int64(4): 8953}
  - 标签的前5个类别: {np.int64(0): 281232, np.int64(1): 36731, np.int64(2): 14789, np.int64(3): 10866, np.int64(4): 8585}
✅ 验证完成，耗时: 4.9秒 (0.1分钟)
训练损失: 0.0022
验证损失: 0.6123
验证准确率: 0.9697 (10631/10964) - 与Levenshtein高度相关
验证F1(加权): 0.9688 - 类别平衡更好
学习率: 0.000007
显存使用: 0.47GB (预留: 0.69GB)

生成的训练样本:
--------------------------------------------------------------------------------
输入:       >BRHM L>LH> >CTWP DJN >CM<JL NX> QDMJK
目标:     0 0 0 0 0 2 0 1 0 0 4 0 0 0 0 0 0 0 0 0 0 0 0 38 0 0 0 0 2 0 6 95 3 0 0 0 2 1 0
预测:     0 0 0 0 0 2 0 1 0 0 4 0 0 0 0 0 0 0 0 0 0 0 0 38 0 0 0 0 2 0 6 95 3 0 0 0 2 1 0
准确率:    1.0000 (39/39)
----------------------------------------
输入:       BPWNQJHWN D<MM> DHC> >L> NTDKR MDM DLXRT>
目标:     0 1 0 0 0 2 1 0 0 0 0 1 0 8 30 0 0 1 0 4 0 0 0 0 0 0 91 14 0 0 16 0 0 0 2 0 1 1 0 13 9 0
预测:     0 1 0 0 0 2 1 0 0 0 0 1 0 8 30 0 0 1 0 4 0 0 0 0 0 0 91 14 0 0 16 0 0 0 2 0 1 1 0 13 9 0
准确率:    1.0000 (42/42)
----------------------------------------
输入:       W>P MJ> ZBNW MNHWN BKSP> W>CTW MVL
目标:     0 1 0 0 0 24 9 0 6 0 0 33 0 0 0 1 0 0 0 0 1 0 0 4 0 0 168 0 0 18 0 0 0 0 0
预测:     0 1 0 0 0 24 9 0 6 0 0 33 0 0 0 1 0 0 0 0 1 0 0 4 0 0 168 0 0 18 0 0 0 0 0
准确率:    1.0000 (35/35)
----------------------------------------

生成的验证样本:
--------------------------------------------------------------------------------
输入:       YBJNH D>LH> LMSV> MN KL DBJC WKLJ
目标:     0 0 0 0 5 0 0 1 0 0 4 0 0 1 6 0 10 7 0 0 0 0 0 2 0 1 0 0 2 0 36 0 0 3
预测:     0 0 0 0 5 0 0 1 0 0 4 0 0 1 6 0 10 7 0 0 0 0 0 2 0 1 0 0 2 0 36 0 0 3
准确率:    1.0000 (34/34)
----------------------------------------
输入:       D>LH> LMSV> MN KL DBJC WKLJ XJLK
目标:     0 1 0 0 4 0 0 1 6 0 10 7 0 0 0 0 0 2 0 1 0 0 2 0 36 0 0 3 0 0 0 5 0
预测:     0 1 0 0 4 0 0 1 6 0 10 7 0 0 0 0 0 2 0 1 0 0 2 0 36 0 0 3 0 0 0 5 0
准确率:    1.0000 (33/33)
----------------------------------------
⏳ 验证无提升 (验证准确率: 0.9697 ≤ 0.9701)，patience: 8/50

======================================================================
🚀 Epoch 170/200
======================================================================
📚 开始训练阶段...
训练进度: 500/6065 损失=0.0000
训练进度: 1000/6065 损失=0.0002
训练进度: 1500/6065 损失=0.0107
训练进度: 2000/6065 损失=0.0000
训练进度: 2500/6065 损失=0.0001
训练进度: 3000/6065 损失=0.0012
训练进度: 3500/6065 损失=0.0001
训练进度: 4000/6065 损失=0.0003
训练进度: 4500/6065 损失=0.0000
训练进度: 5000/6065 损失=0.0001
训练进度: 5500/6065 损失=0.0051
训练进度: 6000/6065 损失=0.0020
训练进度: 6065/6065 损失=0.0006
✅ 训练完成，耗时: 110.4秒 (1.8分钟)

============================================================
📊 验证决策: Epoch 170/200
   验证间隔: 1
   是否验证: ✅ 是
   原因: 达到验证间隔 (0 == 0)
============================================================

🔍 开始验证...
验证进度: 500/686 损失=0.1413
验证进度: 686/686 损失=2.5548

📊 预测分布分析:
  - 预测的前5个类别: {np.int64(0): 283038, np.int64(1): 37061, np.int64(2): 14718, np.int64(3): 10725, np.int64(4): 8958}
  - 标签的前5个类别: {np.int64(0): 281232, np.int64(1): 36731, np.int64(2): 14789, np.int64(3): 10866, np.int64(4): 8585}
✅ 验证完成，耗时: 4.9秒 (0.1分钟)
训练损失: 0.0023
验证损失: 0.6148
验证准确率: 0.9698 (10633/10964) - 与Levenshtein高度相关
验证F1(加权): 0.9690 - 类别平衡更好
学习率: 0.000006
显存使用: 0.47GB (预留: 0.69GB)

生成的训练样本:
--------------------------------------------------------------------------------
输入:       DSWP W<NJTWN W>MRTWN LJ XVJN QDM MRJ>
目标:     0 1 0 0 22 0 1 0 0 3 0 0 0 0 1 0 0 3 0 0 0 0 1 0 0 0 0 3 0 0 0 0 2 0 0 0 0 2
预测:     0 1 0 0 22 0 1 0 0 3 0 0 0 0 1 0 0 3 0 0 0 0 1 0 0 0 0 3 0 0 0 0 2 0 0 0 0 2
准确率:    1.0000 (38/38)
----------------------------------------
输入:       <BDJNN LHJN >N CPJRN >NJN BHJN ZKJNN
目标:     0 0 0 7 87 0 0 0 1 0 0 0 0 0 0 0 0 0 0 2 0 0 0 0 0 0 0 1 0 0 0 0 0 42 87 0 0
预测:     0 0 0 7 87 0 0 0 1 0 0 0 0 0 0 0 0 0 0 2 0 0 0 0 0 0 0 1 0 0 0 0 0 42 87 0 0
准确率:    1.0000 (37/37)
----------------------------------------
输入:       LMPRQWTH LQLM> WHWT QLM> BBNJ >NC> WBB<JR>
目标:     0 1 6 0 0 7 0 67 12 0 1 0 38 4 0 0 1 0 18 26 0 0 0 4 0 0 1 0 2 0 0 0 0 4 0 0 1 1 0 0 0 4 0
预测:     0 1 6 0 0 7 0 67 12 0 1 0 38 4 0 0 1 0 18 26 0 0 0 4 0 0 1 0 2 0 0 0 0 4 0 0 1 1 0 0 0 4 0
准确率:    1.0000 (43/43)
----------------------------------------

生成的验证样本:
--------------------------------------------------------------------------------
输入:       YBJNH D>LH> LMSV> MN KL DBJC WKLJ
目标:     0 0 0 0 5 0 0 1 0 0 4 0 0 1 6 0 10 7 0 0 0 0 0 2 0 1 0 0 2 0 36 0 0 3
预测:     0 0 0 0 5 0 0 1 0 0 4 0 0 1 6 0 10 7 0 0 0 0 0 2 0 1 0 0 2 0 36 0 0 3
准确率:    1.0000 (34/34)
----------------------------------------
输入:       D>LH> LMSV> MN KL DBJC WKLJ XJLK
目标:     0 1 0 0 4 0 0 1 6 0 10 7 0 0 0 0 0 2 0 1 0 0 2 0 36 0 0 3 0 0 0 5 0
预测:     0 1 0 0 4 0 0 1 6 0 10 7 0 0 0 0 0 2 0 1 0 0 2 0 36 0 0 3 0 0 0 5 0
准确率:    1.0000 (33/33)
----------------------------------------
⏳ 验证无提升 (验证准确率: 0.9698 ≤ 0.9701)，patience: 9/50

======================================================================
🚀 Epoch 171/200
======================================================================
📚 开始训练阶段...
训练进度: 500/6065 损失=0.0002
训练进度: 1000/6065 损失=0.0008
训练进度: 1500/6065 损失=0.0007
训练进度: 2000/6065 损失=0.0045
训练进度: 2500/6065 损失=0.0054
训练进度: 3000/6065 损失=0.0027
训练进度: 3500/6065 损失=0.0003
训练进度: 4000/6065 损失=0.0102
训练进度: 4500/6065 损失=0.0001
训练进度: 5000/6065 损失=0.0007
训练进度: 5500/6065 损失=0.0001
训练进度: 6000/6065 损失=0.0001
训练进度: 6065/6065 损失=0.0004
✅ 训练完成，耗时: 110.1秒 (1.8分钟)

============================================================
📊 验证决策: Epoch 171/200
   验证间隔: 1
   是否验证: ✅ 是
   原因: 达到验证间隔 (0 == 0)
============================================================

🔍 开始验证...
验证进度: 500/686 损失=0.1272
验证进度: 686/686 损失=2.5786

📊 预测分布分析:
  - 预测的前5个类别: {np.int64(0): 283037, np.int64(1): 37046, np.int64(2): 14723, np.int64(3): 10742, np.int64(4): 8893}
  - 标签的前5个类别: {np.int64(0): 281232, np.int64(1): 36731, np.int64(2): 14789, np.int64(3): 10866, np.int64(4): 8585}
✅ 验证完成，耗时: 4.9秒 (0.1分钟)
训练损失: 0.0022
验证损失: 0.6126
验证准确率: 0.9699 (10633/10964) - 与Levenshtein高度相关
验证F1(加权): 0.9691 - 类别平衡更好
学习率: 0.000006
显存使用: 0.47GB (预留: 0.69GB)

生成的训练样本:
--------------------------------------------------------------------------------
输入:       LHC> L> >NC PSQ GBRWTH B>TR> D>WRHJ
目标:     0 1 0 4 0 0 0 0 0 0 0 2 0 0 0 7 0 0 0 0 2 1 0 0 1 0 0 4 0 0 1 0 0 0 0 22
预测:     0 1 0 4 0 0 0 0 0 0 0 2 0 0 0 7 0 0 0 0 2 1 0 0 1 0 0 4 0 0 1 0 0 0 0 22
准确率:    1.0000 (36/36)
----------------------------------------
输入:       PTJXN <L B<WT> D<BDJK WD<MK >JSRJL WTCM<
目标:     0 0 8 0 7 27 0 0 0 0 0 0 2 9 0 0 1 0 0 22 1 0 0 1 1 0 37 0 0 0 0 0 0 0 2 0 1 6 0 0 3
预测:     0 0 8 0 7 27 0 0 0 0 0 0 2 9 0 0 1 0 0 22 1 0 0 1 1 0 37 0 0 0 0 0 0 0 2 0 1 6 0 0 3
准确率:    1.0000 (41/41)
----------------------------------------
输入:       CLJMWN WMLKT CB> CM<T CM<H DCLJMWN WCMH
目标:     0 0 0 0 0 0 2 0 1 0 0 13 0 0 0 0 22 0 0 0 3 26 0 0 0 37 0 0 1 0 0 0 0 0 2 0 1 0 5 0
预测:     0 0 0 0 0 0 2 0 1 0 0 13 0 0 0 0 22 0 0 0 3 26 0 0 0 37 0 0 1 0 0 0 0 0 2 0 1 0 5 0
准确率:    1.0000 (40/40)
----------------------------------------

生成的验证样本:
--------------------------------------------------------------------------------
输入:       YBJNH D>LH> LMSV> MN KL DBJC WKLJ
目标:     0 0 0 0 5 0 0 1 0 0 4 0 0 1 6 0 10 7 0 0 0 0 0 2 0 1 0 0 2 0 36 0 0 3
预测:     0 0 0 0 5 0 0 1 0 0 4 0 0 1 6 0 10 7 0 0 0 0 0 2 0 1 0 0 2 0 36 0 0 3
准确率:    1.0000 (34/34)
----------------------------------------
输入:       D>LH> LMSV> MN KL DBJC WKLJ XJLK
目标:     0 1 0 0 4 0 0 1 6 0 10 7 0 0 0 0 0 2 0 1 0 0 2 0 36 0 0 3 0 0 0 5 0
预测:     0 1 0 0 4 0 0 1 6 0 10 7 0 0 0 0 0 2 0 1 0 0 2 0 36 0 0 3 0 0 0 5 0
准确率:    1.0000 (33/33)
----------------------------------------
⏳ 验证无提升 (验证准确率: 0.9699 ≤ 0.9701)，patience: 10/50

======================================================================
🚀 Epoch 172/200
======================================================================
📚 开始训练阶段...
训练进度: 500/6065 损失=0.0012
训练进度: 1000/6065 损失=0.0001
训练进度: 1500/6065 损失=0.0001
训练进度: 2000/6065 损失=0.0001
训练进度: 2500/6065 损失=0.0014
训练进度: 3000/6065 损失=0.0008
训练进度: 3500/6065 损失=0.0000
训练进度: 4000/6065 损失=0.0004
训练进度: 4500/6065 损失=0.0016
训练进度: 5000/6065 损失=0.0078
训练进度: 5500/6065 损失=0.0092
训练进度: 6000/6065 损失=0.0000
训练进度: 6065/6065 损失=0.0015
✅ 训练完成，耗时: 110.1秒 (1.8分钟)

============================================================
📊 验证决策: Epoch 172/200
   验证间隔: 1
   是否验证: ✅ 是
   原因: 达到验证间隔 (0 == 0)
============================================================

🔍 开始验证...
验证进度: 500/686 损失=0.1469
验证进度: 686/686 损失=2.5446

📊 预测分布分析:
  - 预测的前5个类别: {np.int64(0): 283084, np.int64(1): 37060, np.int64(2): 14713, np.int64(3): 10743, np.int64(4): 8953}
  - 标签的前5个类别: {np.int64(0): 281232, np.int64(1): 36731, np.int64(2): 14789, np.int64(3): 10866, np.int64(4): 8585}
✅ 验证完成，耗时: 4.9秒 (0.1分钟)
训练损失: 0.0021
验证损失: 0.6176
验证准确率: 0.9699 (10633/10964) - 与Levenshtein高度相关
验证F1(加权): 0.9690 - 类别平衡更好
学习率: 0.000006
显存使用: 0.48GB (预留: 0.69GB)

生成的训练样本:
--------------------------------------------------------------------------------
输入:       MN >LH> >P LH L>LH> RCJN >NHW
目标:     0 0 12 0 0 0 4 0 0 0 0 0 1 0 0 1 0 0 4 0 0 0 42 0 0 0 0 1 0 0
预测:     0 0 12 0 0 0 4 0 0 0 0 0 1 0 0 1 0 0 4 0 0 0 42 0 0 0 0 1 0 0
准确率:    1.0000 (30/30)
----------------------------------------
输入:       HW CRR> HW >MR LKRJH> GZR> <>L
目标:     0 0 12 0 0 0 4 0 0 0 12 0 0 0 7 0 1 0 8 0 7 27 0 0 0 15 0 0 8 0 83
预测:     0 0 12 0 0 0 4 0 0 0 12 0 0 0 7 0 1 0 8 0 7 27 0 0 0 15 0 0 8 0 83
准确率:    1.0000 (31/31)
----------------------------------------
输入:       W>N MVL D>TXLV XD <M XD MCKX
目标:     0 1 0 0 0 0 0 0 0 1 0 14 0 0 3 0 0 2 0 0 0 0 0 2 0 28 0 0 7
预测:     0 1 0 0 0 0 0 0 0 1 0 14 0 0 3 0 0 2 0 0 0 0 0 2 0 28 0 0 7
准确率:    1.0000 (29/29)
----------------------------------------

生成的验证样本:
--------------------------------------------------------------------------------
输入:       YBJNH D>LH> LMSV> MN KL DBJC WKLJ
目标:     0 0 0 0 5 0 0 1 0 0 4 0 0 1 6 0 10 7 0 0 0 0 0 2 0 1 0 0 2 0 36 0 0 3
预测:     0 0 0 0 5 0 0 1 0 0 4 0 0 1 6 0 10 7 0 0 0 0 0 2 0 1 0 0 2 0 36 0 0 3
准确率:    1.0000 (34/34)
----------------------------------------
输入:       D>LH> LMSV> MN KL DBJC WKLJ XJLK
目标:     0 1 0 0 4 0 0 1 6 0 10 7 0 0 0 0 0 2 0 1 0 0 2 0 36 0 0 3 0 0 0 5 0
预测:     0 1 0 0 4 0 0 1 6 0 10 7 0 0 0 0 0 2 0 1 0 0 2 0 36 0 0 3 0 0 0 5 0
准确率:    1.0000 (33/33)
----------------------------------------
⏳ 验证无提升 (验证准确率: 0.9699 ≤ 0.9701)，patience: 11/50

======================================================================
🚀 Epoch 173/200
======================================================================
📚 开始训练阶段...
训练进度: 500/6065 损失=0.0001
训练进度: 1000/6065 损失=0.0018
训练进度: 1500/6065 损失=0.0008
训练进度: 2000/6065 损失=0.0162
训练进度: 2500/6065 损失=0.0001
训练进度: 3000/6065 损失=0.0017
训练进度: 3500/6065 损失=0.0001
训练进度: 4000/6065 损失=0.0001
训练进度: 4500/6065 损失=0.0022
训练进度: 5000/6065 损失=0.0001
训练进度: 5500/6065 损失=0.0000
训练进度: 6000/6065 损失=0.0000
训练进度: 6065/6065 损失=0.0001
✅ 训练完成，耗时: 110.0秒 (1.8分钟)

============================================================
📊 验证决策: Epoch 173/200
   验证间隔: 1
   是否验证: ✅ 是
   原因: 达到验证间隔 (0 == 0)
============================================================

🔍 开始验证...
验证进度: 500/686 损失=0.1559
验证进度: 686/686 损失=2.5423

📊 预测分布分析:
  - 预测的前5个类别: {np.int64(0): 283162, np.int64(1): 37054, np.int64(2): 14686, np.int64(3): 10726, np.int64(4): 8922}
  - 标签的前5个类别: {np.int64(0): 281232, np.int64(1): 36731, np.int64(2): 14789, np.int64(3): 10866, np.int64(4): 8585}
✅ 验证完成，耗时: 4.9秒 (0.1分钟)
训练损失: 0.0022
验证损失: 0.6187
验证准确率: 0.9699 (10634/10964) - 与Levenshtein高度相关
验证F1(加权): 0.9691 - 类别平衡更好
学习率: 0.000005
显存使用: 0.47GB (预留: 0.69GB)

生成的训练样本:
--------------------------------------------------------------------------------
输入:       BCLW WMDM DJTR VRW LKWN QRJR> LYPR>
目标:     6 0 0 3 0 0 1 0 0 2 0 1 0 0 7 34 0 3 0 0 1 0 0 0 0 0 8 0 43 27 0 1 0 0 4 0
预测:     6 0 0 3 0 0 1 0 0 2 0 1 0 0 7 34 0 3 0 0 1 0 0 0 0 0 8 0 43 27 0 1 0 0 4 0
准确率:    1.0000 (36/36)
----------------------------------------
输入:       LH L> TXWT LMYRJN CRJ B>R<> D>MR
目标:     0 1 0 0 0 0 0 34 8 0 3 0 1 0 0 0 0 2 6 0 0 3 0 1 0 0 4 0 0 1 21 0 3
预测:     0 1 0 0 0 0 0 34 8 0 3 0 1 0 0 0 0 2 6 0 0 3 0 1 0 0 4 0 0 1 21 0 3
准确率:    1.0000 (33/33)
----------------------------------------
输入:       W<PQH WNCQH W>JTJH LBJTH W>CT<J LLBN KLHJN
目标:     0 1 0 0 29 0 0 1 0 0 29 0 0 1 59 0 0 29 0 0 1 0 0 5 0 0 1 47 39 0 0 16 0 1 0 0 2 0 0 5 0 0 0
预测:     0 1 0 0 29 0 0 1 0 0 29 0 0 1 59 0 0 29 0 0 1 0 0 5 0 0 1 47 39 0 0 16 0 1 0 0 2 0 0 5 0 0 0
准确率:    1.0000 (43/43)
----------------------------------------

生成的验证样本:
--------------------------------------------------------------------------------
输入:       YBJNH D>LH> LMSV> MN KL DBJC WKLJ
目标:     0 0 0 0 5 0 0 1 0 0 4 0 0 1 6 0 10 7 0 0 0 0 0 2 0 1 0 0 2 0 36 0 0 3
预测:     0 0 0 0 5 0 0 1 0 0 4 0 0 1 6 0 10 7 0 0 0 0 0 2 0 1 0 0 2 0 36 0 0 3
准确率:    1.0000 (34/34)
----------------------------------------
输入:       D>LH> LMSV> MN KL DBJC WKLJ XJLK
目标:     0 1 0 0 4 0 0 1 6 0 10 7 0 0 0 0 0 2 0 1 0 0 2 0 36 0 0 3 0 0 0 5 0
预测:     0 1 0 0 4 0 0 1 6 0 10 7 0 0 0 0 0 2 0 1 0 0 2 0 36 0 0 3 0 0 0 5 0
准确率:    1.0000 (33/33)
----------------------------------------
⏳ 验证无提升 (验证准确率: 0.9699 ≤ 0.9701)，patience: 12/50

======================================================================
🚀 Epoch 174/200
======================================================================
📚 开始训练阶段...
训练进度: 500/6065 损失=0.0000
训练进度: 1000/6065 损失=0.0001
训练进度: 1500/6065 损失=0.0001
训练进度: 2000/6065 损失=0.0000
训练进度: 2500/6065 损失=0.0025
训练进度: 3000/6065 损失=0.0004
训练进度: 3500/6065 损失=0.0003
训练进度: 4000/6065 损失=0.0143
训练进度: 4500/6065 损失=0.0000
训练进度: 5000/6065 损失=0.0003
训练进度: 5500/6065 损失=0.0002
训练进度: 6000/6065 损失=0.0020
训练进度: 6065/6065 损失=0.0005
✅ 训练完成，耗时: 110.0秒 (1.8分钟)

============================================================
📊 验证决策: Epoch 174/200
   验证间隔: 1
   是否验证: ✅ 是
   原因: 达到验证间隔 (0 == 0)
============================================================

🔍 开始验证...
验证进度: 500/686 损失=0.1573
验证进度: 686/686 损失=2.5615

📊 预测分布分析:
  - 预测的前5个类别: {np.int64(0): 283066, np.int64(1): 37053, np.int64(2): 14726, np.int64(3): 10696, np.int64(4): 8919}
  - 标签的前5个类别: {np.int64(0): 281232, np.int64(1): 36731, np.int64(2): 14789, np.int64(3): 10866, np.int64(4): 8585}
✅ 验证完成，耗时: 4.9秒 (0.1分钟)
训练损失: 0.0021
验证损失: 0.6199
验证准确率: 0.9698 (10632/10964) - 与Levenshtein高度相关
验证F1(加权): 0.9690 - 类别平衡更好
学习率: 0.000005
显存使用: 0.47GB (预留: 0.69GB)

生成的训练样本:
--------------------------------------------------------------------------------
输入:       DDHB> DKJ> WQB<W ZG> BGW RWMN> <L
目标:     0 1 0 0 4 0 0 0 0 43 27 0 1 0 0 3 0 0 0 11 0 0 1 0 2 0 0 0 0 11 0 0 0 0
预测:     0 1 0 0 4 0 0 0 0 43 27 0 1 0 0 3 0 0 0 11 0 0 1 0 2 0 0 0 0 11 0 0 0 0
准确率:    1.0000 (34/34)
----------------------------------------
输入:       GBR> DBSJM>JT <BJD D<DM> LYPR> NDMK WNPCH
目标:     0 0 0 4 0 0 1 0 0 0 0 0 0 0 0 0 8 0 40 0 1 0 0 0 0 0 1 0 0 4 0 0 6 0 0 3 0 1 0 0 5 0
预测:     0 0 0 4 0 0 1 0 0 0 0 0 0 0 0 0 8 0 40 0 1 0 0 0 0 0 1 0 0 4 0 0 6 0 0 3 0 1 0 0 5 0
准确率:    1.0000 (42/42)
----------------------------------------
输入:       B>R<> D<BRJN >NTWN JWRDNN LM>RTH W>MR MRJ>
目标:     0 1 0 0 4 0 0 1 0 0 7 0 0 0 0 0 0 0 0 0 0 0 0 0 0 2 0 1 73 0 0 74 12 0 1 0 0 3 0 0 0 0 2
预测:     0 1 0 0 4 0 0 1 0 0 7 0 0 0 0 0 0 0 0 0 0 0 0 0 0 2 0 1 73 0 0 74 12 0 1 0 0 3 0 0 0 0 2
准确率:    1.0000 (43/43)
----------------------------------------

生成的验证样本:
--------------------------------------------------------------------------------
输入:       YBJNH D>LH> LMSV> MN KL DBJC WKLJ
目标:     0 0 0 0 5 0 0 1 0 0 4 0 0 1 6 0 10 7 0 0 0 0 0 2 0 1 0 0 2 0 36 0 0 3
预测:     0 0 0 0 5 0 0 1 0 0 4 0 0 1 6 0 10 7 0 0 0 0 0 2 0 1 0 0 2 0 36 0 0 3
准确率:    1.0000 (34/34)
----------------------------------------
输入:       D>LH> LMSV> MN KL DBJC WKLJ XJLK
目标:     0 1 0 0 4 0 0 1 6 0 10 7 0 0 0 0 0 2 0 1 0 0 2 0 36 0 0 3 0 0 0 5 0
预测:     0 1 0 0 4 0 0 1 6 0 10 7 0 0 0 0 0 2 0 1 0 0 2 0 36 0 0 3 0 0 0 5 0
准确率:    1.0000 (33/33)
----------------------------------------
⏳ 验证无提升 (验证准确率: 0.9698 ≤ 0.9701)，patience: 13/50

======================================================================
🚀 Epoch 175/200
======================================================================
📚 开始训练阶段...
训练进度: 500/6065 损失=0.0009
训练进度: 1000/6065 损失=0.0057
训练进度: 1500/6065 损失=0.0026
训练进度: 2000/6065 损失=0.0008
训练进度: 2500/6065 损失=0.0024
训练进度: 3000/6065 损失=0.0017
训练进度: 3500/6065 损失=0.0043
训练进度: 4000/6065 损失=0.0004
训练进度: 4500/6065 损失=0.0009
训练进度: 5000/6065 损失=0.0041
训练进度: 5500/6065 损失=0.0057
训练进度: 6000/6065 损失=0.0002
训练进度: 6065/6065 损失=0.0001
✅ 训练完成，耗时: 110.1秒 (1.8分钟)

============================================================
📊 验证决策: Epoch 175/200
   验证间隔: 1
   是否验证: ✅ 是
   原因: 达到验证间隔 (0 == 0)
============================================================

🔍 开始验证...
验证进度: 500/686 损失=0.1669
验证进度: 686/686 损失=2.5569

📊 预测分布分析:
  - 预测的前5个类别: {np.int64(0): 283157, np.int64(1): 37067, np.int64(2): 14729, np.int64(3): 10688, np.int64(4): 8913}
  - 标签的前5个类别: {np.int64(0): 281232, np.int64(1): 36731, np.int64(2): 14789, np.int64(3): 10866, np.int64(4): 8585}
✅ 验证完成，耗时: 4.9秒 (0.1分钟)
训练损失: 0.0020
验证损失: 0.6236
验证准确率: 0.9700 (10634/10964) - 与Levenshtein高度相关
验证F1(加权): 0.9691 - 类别平衡更好
学习率: 0.000005
显存使用: 0.47GB (预留: 0.69GB)

生成的训练样本:
--------------------------------------------------------------------------------
输入:       WHW CR> HW> BJT BLWV> DMMR> >MWRJ>
目标:     0 1 0 0 0 0 10 40 0 0 10 3 0 0 0 2 0 0 0 0 4 0 0 1 0 0 0 2 0 0 0 0 0 4 0
预测:     0 1 0 0 0 0 10 40 0 0 10 3 0 0 0 2 0 0 0 0 4 0 0 1 0 0 0 2 0 0 0 0 0 4 0
准确率:    1.0000 (35/35)
----------------------------------------
输入:       DZDJQ> TRJYN QDM >PWHJ W>P LRCJ<> HNJN
目标:     0 1 0 0 0 11 0 0 0 8 0 7 27 0 0 0 2 0 54 25 1 0 0 0 1 0 0 0 1 0 0 0 11 0 0 0 0 0 0
预测:     0 1 0 0 0 11 0 0 0 8 0 7 27 0 0 0 2 0 54 25 1 0 0 0 1 0 0 0 1 0 0 0 11 0 0 0 0 0 0
准确率:    1.0000 (39/39)
----------------------------------------
输入:       WL> HWJN GCWC> TR<SR XNN >XJN BNJ
目标:     0 1 0 0 0 0 0 3 0 0 0 0 0 11 0 0 0 118 0 0 2 0 0 0 0 0 0 2 0 0 0 0 2 0
预测:     0 1 0 0 0 0 0 3 0 0 0 0 0 11 0 0 0 118 0 0 2 0 0 0 0 0 0 2 0 0 0 0 2 0
准确率:    1.0000 (34/34)
----------------------------------------

生成的验证样本:
--------------------------------------------------------------------------------
输入:       YBJNH D>LH> LMSV> MN KL DBJC WKLJ
目标:     0 0 0 0 5 0 0 1 0 0 4 0 0 1 6 0 10 7 0 0 0 0 0 2 0 1 0 0 2 0 36 0 0 3
预测:     0 0 0 0 5 0 0 1 0 0 4 0 0 1 6 0 10 7 0 0 0 0 0 2 0 1 0 0 2 0 36 0 0 3
准确率:    1.0000 (34/34)
----------------------------------------
输入:       D>LH> LMSV> MN KL DBJC WKLJ XJLK
目标:     0 1 0 0 4 0 0 1 6 0 10 7 0 0 0 0 0 2 0 1 0 0 2 0 36 0 0 3 0 0 0 5 0
预测:     0 1 0 0 4 0 0 1 6 0 10 7 0 0 0 0 0 2 0 1 0 0 2 0 36 0 0 3 0 0 0 5 0
准确率:    1.0000 (33/33)
----------------------------------------
⏳ 验证无提升 (验证准确率: 0.9700 ≤ 0.9701)，patience: 14/50

======================================================================
🚀 Epoch 176/200
======================================================================
📚 开始训练阶段...
训练进度: 500/6065 损失=0.0002
训练进度: 1000/6065 损失=0.0001
训练进度: 1500/6065 损失=0.0002
训练进度: 2000/6065 损失=0.0002
训练进度: 2500/6065 损失=0.0000
训练进度: 3000/6065 损失=0.0012
训练进度: 3500/6065 损失=0.0002
训练进度: 4000/6065 损失=0.0134
训练进度: 4500/6065 损失=0.0002
训练进度: 5000/6065 损失=0.0005
训练进度: 5500/6065 损失=0.0000
训练进度: 6000/6065 损失=0.0004
训练进度: 6065/6065 损失=0.0179
✅ 训练完成，耗时: 110.1秒 (1.8分钟)

============================================================
📊 验证决策: Epoch 176/200
   验证间隔: 1
   是否验证: ✅ 是
   原因: 达到验证间隔 (0 == 0)
============================================================

🔍 开始验证...
验证进度: 500/686 损失=0.1470
验证进度: 686/686 损失=2.5478

📊 预测分布分析:
  - 预测的前5个类别: {np.int64(0): 283048, np.int64(1): 37050, np.int64(2): 14739, np.int64(3): 10731, np.int64(4): 8943}
  - 标签的前5个类别: {np.int64(0): 281232, np.int64(1): 36731, np.int64(2): 14789, np.int64(3): 10866, np.int64(4): 8585}
✅ 验证完成，耗时: 4.9秒 (0.1分钟)
训练损失: 0.0021
验证损失: 0.6230
验证准确率: 0.9700 (10634/10964) - 与Levenshtein高度相关
验证F1(加权): 0.9692 - 类别平衡更好
学习率: 0.000005
显存使用: 0.47GB (预留: 0.69GB)

生成的训练样本:
--------------------------------------------------------------------------------
输入:       Z<WRH >QJM TR<JH >JK PTGMH DMRJ> DMLL
目标:     0 0 0 0 5 0 0 17 20 0 3 0 0 0 2 1 0 0 0 0 0 0 0 0 0 5 0 0 1 0 0 0 2 0 1 0 0 16
预测:     0 0 0 0 5 0 0 17 20 0 3 0 0 0 2 1 0 0 0 0 0 0 0 0 0 5 0 0 1 0 0 0 2 0 1 0 0 16
准确率:    1.0000 (38/38)
----------------------------------------
输入:       WBK>B> T>LDJN BNJ> W<L B<LKJ TTPNJN WHW
目标:     0 1 1 0 0 11 0 0 73 0 0 3 0 0 0 0 2 9 0 0 1 0 0 0 0 0 5 0 0 0 21 14 0 18 0 0 0 1 0 0
预测:     0 1 1 0 0 11 0 0 73 0 0 3 0 0 0 0 2 9 0 0 1 0 0 0 0 0 5 0 0 0 21 14 0 18 0 0 0 1 0 0
准确率:    1.0000 (40/40)
----------------------------------------
输入:       XJJK KWB> WDRDR> TW<> LK WT>KWL <SB>
目标:     0 0 2 1 0 0 0 0 11 0 0 1 0 0 0 11 0 0 142 0 10 3 0 1 0 0 1 6 0 8 0 3 0 0 0 4 0
预测:     0 0 2 1 0 0 0 0 11 0 0 1 0 0 0 11 0 0 142 0 10 3 0 1 0 0 1 6 0 8 0 3 0 0 0 4 0
准确率:    1.0000 (37/37)
----------------------------------------

生成的验证样本:
--------------------------------------------------------------------------------
输入:       YBJNH D>LH> LMSV> MN KL DBJC WKLJ
目标:     0 0 0 0 5 0 0 1 0 0 4 0 0 1 6 0 10 7 0 0 0 0 0 2 0 1 0 0 2 0 36 0 0 3
预测:     0 0 0 0 5 0 0 1 0 0 4 0 0 1 6 0 10 7 0 0 0 0 0 2 0 1 0 0 2 0 36 0 0 3
准确率:    1.0000 (34/34)
----------------------------------------
输入:       D>LH> LMSV> MN KL DBJC WKLJ XJLK
目标:     0 1 0 0 4 0 0 1 6 0 10 7 0 0 0 0 0 2 0 1 0 0 2 0 36 0 0 3 0 0 0 5 0
预测:     0 1 0 0 4 0 0 1 6 0 10 7 0 0 0 0 0 2 0 1 0 0 2 0 36 0 0 3 0 0 0 5 0
准确率:    1.0000 (33/33)
----------------------------------------
⏳ 验证无提升 (验证准确率: 0.9700 ≤ 0.9701)，patience: 15/50

======================================================================
🚀 Epoch 177/200
======================================================================
📚 开始训练阶段...
训练进度: 500/6065 损失=0.0216
训练进度: 1000/6065 损失=0.0013
训练进度: 1500/6065 损失=0.0010
训练进度: 2000/6065 损失=0.0029
训练进度: 2500/6065 损失=0.0001
训练进度: 3000/6065 损失=0.0010
训练进度: 3500/6065 损失=0.0010
训练进度: 4000/6065 损失=0.0043
训练进度: 4500/6065 损失=0.0004
训练进度: 5000/6065 损失=0.0009
训练进度: 5500/6065 损失=0.0003
训练进度: 6000/6065 损失=0.0013
训练进度: 6065/6065 损失=0.0139
✅ 训练完成，耗时: 110.2秒 (1.8分钟)

============================================================
📊 验证决策: Epoch 177/200
   验证间隔: 1
   是否验证: ✅ 是
   原因: 达到验证间隔 (0 == 0)
============================================================

🔍 开始验证...
验证进度: 500/686 损失=0.1520
验证进度: 686/686 损失=2.5336

📊 预测分布分析:
  - 预测的前5个类别: {np.int64(0): 283082, np.int64(1): 37049, np.int64(2): 14715, np.int64(3): 10715, np.int64(4): 8980}
  - 标签的前5个类别: {np.int64(0): 281232, np.int64(1): 36731, np.int64(2): 14789, np.int64(3): 10866, np.int64(4): 8585}
✅ 验证完成，耗时: 4.9秒 (0.1分钟)
训练损失: 0.0020
验证损失: 0.6228
验证准确率: 0.9700 (10635/10964) - 与Levenshtein高度相关
验证F1(加权): 0.9692 - 类别平衡更好
学习率: 0.000004
显存使用: 0.47GB (预留: 0.69GB)

生成的训练样本:
--------------------------------------------------------------------------------
输入:       QJS> WNCTMV PRZL> MN QJS> WNMX> LXBRH
目标:     0 0 0 4 0 0 1 45 39 0 0 3 0 0 0 0 4 0 0 0 0 0 0 0 4 0 0 1 6 0 10 3 0 1 0 0 5 0
预测:     0 0 0 4 0 0 1 45 39 0 0 3 0 0 0 0 4 0 0 0 0 0 0 0 4 0 0 1 6 0 10 3 0 1 0 0 5 0
准确率:    1.0000 (38/38)
----------------------------------------
输入:       MN VBT> W<DM> LBJCT> W>DRK LBN LJ<QWB
目标:     0 0 0 0 0 2 9 0 0 1 0 0 0 0 0 1 0 0 2 9 0 0 1 17 0 0 3 0 0 0 2 0 1 0 0 0 0 2
预测:     0 0 0 0 0 2 9 0 0 1 0 0 0 0 0 1 0 0 2 9 0 0 1 17 0 0 3 0 0 0 2 0 1 0 0 0 0 2
准确率:    1.0000 (38/38)
----------------------------------------
输入:       XD> BDBQ> >XRN> MQBLN T>NT> XD> LWQBL
目标:     0 0 2 0 0 1 0 0 15 0 0 0 0 38 4 0 0 6 0 0 7 19 0 0 0 70 23 0 0 0 2 0 0 0 0 0 0 0
预测:     0 0 2 0 0 1 0 0 15 0 0 0 0 38 4 0 0 6 0 0 7 19 0 0 0 70 23 0 0 0 2 0 0 0 0 0 0 0
准确率:    1.0000 (38/38)
----------------------------------------

生成的验证样本:
--------------------------------------------------------------------------------
输入:       YBJNH D>LH> LMSV> MN KL DBJC WKLJ
目标:     0 0 0 0 5 0 0 1 0 0 4 0 0 1 6 0 10 7 0 0 0 0 0 2 0 1 0 0 2 0 36 0 0 3
预测:     0 0 0 0 5 0 0 1 0 0 4 0 0 1 6 0 10 7 0 0 0 0 0 2 0 1 0 0 2 0 36 0 0 3
准确率:    1.0000 (34/34)
----------------------------------------
输入:       D>LH> LMSV> MN KL DBJC WKLJ XJLK
目标:     0 1 0 0 4 0 0 1 6 0 10 7 0 0 0 0 0 2 0 1 0 0 2 0 36 0 0 3 0 0 0 5 0
预测:     0 1 0 0 4 0 0 1 6 0 10 7 0 0 0 0 0 2 0 1 0 0 2 0 36 0 0 3 0 0 0 5 0
准确率:    1.0000 (33/33)
----------------------------------------
⏳ 验证无提升 (验证准确率: 0.9700 ≤ 0.9701)，patience: 16/50

======================================================================
🚀 Epoch 178/200
======================================================================
📚 开始训练阶段...
训练进度: 500/6065 损失=0.0010
训练进度: 1000/6065 损失=0.0001
训练进度: 1500/6065 损失=0.0005
训练进度: 2000/6065 损失=0.0095
训练进度: 2500/6065 损失=0.0000
训练进度: 3000/6065 损失=0.0000
训练进度: 3500/6065 损失=0.0019
训练进度: 4000/6065 损失=0.0007
训练进度: 4500/6065 损失=0.0098
训练进度: 5000/6065 损失=0.0006
训练进度: 5500/6065 损失=0.0008
训练进度: 6000/6065 损失=0.0005
训练进度: 6065/6065 损失=0.0002
✅ 训练完成，耗时: 110.4秒 (1.8分钟)

============================================================
📊 验证决策: Epoch 178/200
   验证间隔: 1
   是否验证: ✅ 是
   原因: 达到验证间隔 (0 == 0)
============================================================

🔍 开始验证...
验证进度: 500/686 损失=0.1556
验证进度: 686/686 损失=2.5552

📊 预测分布分析:
  - 预测的前5个类别: {np.int64(0): 283092, np.int64(1): 37032, np.int64(2): 14733, np.int64(3): 10748, np.int64(4): 8934}
  - 标签的前5个类别: {np.int64(0): 281232, np.int64(1): 36731, np.int64(2): 14789, np.int64(3): 10866, np.int64(4): 8585}
✅ 验证完成，耗时: 4.9秒 (0.1分钟)
训练损失: 0.0020
验证损失: 0.6231
验证准确率: 0.9702 (10637/10964) - 与Levenshtein高度相关
验证F1(加权): 0.9694 - 类别平衡更好
学习率: 0.000004
显存使用: 0.47GB (预留: 0.69GB)

生成的训练样本:
--------------------------------------------------------------------------------
输入:       >L> HN> <M HN> ZWGJN ZWGJN WMNW
目标:     0 88 0 0 0 0 0 0 0 0 0 0 0 0 0 0 0 0 2 0 0 0 0 0 2 0 0 0 1 0 71 0
预测:     0 88 0 0 0 0 0 0 0 0 0 0 0 0 0 0 0 0 2 0 0 0 0 0 2 0 0 0 1 0 71 0
准确率:    1.0000 (32/32)
----------------------------------------
输入:       <MN >LH> DL> NMWT W>MR MWC> L<M>
目标:     0 0 1 0 0 0 0 4 0 0 1 0 0 0 44 0 0 3 0 1 0 0 3 0 0 0 0 2 0 1 0 15 0
预测:     0 0 1 0 0 0 0 4 0 0 1 0 0 0 44 0 0 3 0 1 0 0 3 0 0 0 0 2 0 1 0 15 0
准确率:    1.0000 (33/33)
----------------------------------------
输入:       SMMNWHJ DXJLJN HWW W>P <ZJZJN VJBWT> BHD>
目标:     0 0 8 8 25 1 0 26 0 0 8 0 3 0 12 0 0 18 0 0 1 0 0 0 0 8 0 3 0 12 0 0 0 0 2 9 0 0 1 0 0 0
预测:     0 0 8 8 25 1 0 26 0 0 8 0 3 0 12 0 0 18 0 0 1 0 0 0 0 8 0 3 0 12 0 0 0 0 2 9 0 0 1 0 0 0
准确率:    1.0000 (42/42)
----------------------------------------

生成的验证样本:
--------------------------------------------------------------------------------
输入:       YBJNH D>LH> LMSV> MN KL DBJC WKLJ
目标:     0 0 0 0 5 0 0 1 0 0 4 0 0 1 6 0 10 7 0 0 0 0 0 2 0 1 0 0 2 0 36 0 0 3
预测:     0 0 0 0 5 0 0 1 0 0 4 0 0 1 6 0 10 7 0 0 0 0 0 2 0 1 0 0 2 0 36 0 0 3
准确率:    1.0000 (34/34)
----------------------------------------
输入:       D>LH> LMSV> MN KL DBJC WKLJ XJLK
目标:     0 1 0 0 4 0 0 1 6 0 10 7 0 0 0 0 0 2 0 1 0 0 2 0 36 0 0 3 0 0 0 5 0
预测:     0 1 0 0 4 0 0 1 6 0 10 7 0 0 0 0 0 2 0 1 0 0 2 0 36 0 0 3 0 0 0 5 0
准确率:    1.0000 (33/33)
----------------------------------------
💾 保存新的最佳模型！验证准确率: 0.9702 (F1: 0.9694) (Epoch 178)

======================================================================
🚀 Epoch 179/200
======================================================================
📚 开始训练阶段...
训练进度: 500/6065 损失=0.0180
训练进度: 1000/6065 损失=0.0010
训练进度: 1500/6065 损失=0.0000
训练进度: 2000/6065 损失=0.0013
训练进度: 2500/6065 损失=0.0012
训练进度: 3000/6065 损失=0.0026
训练进度: 3500/6065 损失=0.0009
训练进度: 4000/6065 损失=0.0002
训练进度: 4500/6065 损失=0.0007
训练进度: 5000/6065 损失=0.0000
训练进度: 5500/6065 损失=0.0000
训练进度: 6000/6065 损失=0.0020
训练进度: 6065/6065 损失=0.0002
✅ 训练完成，耗时: 110.8秒 (1.8分钟)

============================================================
📊 验证决策: Epoch 179/200
   验证间隔: 1
   是否验证: ✅ 是
   原因: 达到验证间隔 (0 == 0)
============================================================

🔍 开始验证...
验证进度: 500/686 损失=0.1656
验证进度: 686/686 损失=2.5948

📊 预测分布分析:
  - 预测的前5个类别: {np.int64(0): 283210, np.int64(1): 37070, np.int64(2): 14729, np.int64(3): 10733, np.int64(4): 8926}
  - 标签的前5个类别: {np.int64(0): 281232, np.int64(1): 36731, np.int64(2): 14789, np.int64(3): 10866, np.int64(4): 8585}
✅ 验证完成，耗时: 4.9秒 (0.1分钟)
训练损失: 0.0019
验证损失: 0.6291
验证准确率: 0.9700 (10635/10964) - 与Levenshtein高度相关
验证F1(加权): 0.9691 - 类别平衡更好
学习率: 0.000004
显存使用: 0.47GB (预留: 0.69GB)

生成的训练样本:
--------------------------------------------------------------------------------
输入:       >JSRJL HLKW BJBC> BGW JM> WNSBT MRJM
目标:     0 0 0 0 0 0 2 0 0 0 3 19 0 1 0 0 15 0 0 1 0 2 0 0 4 0 0 1 0 0 3 26 0 0 0 0 2
预测:     0 0 0 0 0 0 2 0 0 0 3 19 0 1 0 0 15 0 0 1 0 2 0 0 4 0 0 1 0 0 3 26 0 0 0 0 2
准确率:    1.0000 (37/37)
----------------------------------------
输入:       >MR LMBDQN> D>JSRJL >JLJN DPRJCJN B<M> BRKW
目标:     0 0 0 3 0 1 0 0 0 0 11 0 0 1 0 0 0 0 0 2 0 0 0 0 0 0 0 1 0 8 0 7 0 27 0 1 0 15 0 6 0 0 3 0
预测:     0 0 0 3 0 1 0 0 0 0 11 0 0 1 0 0 0 0 0 2 0 0 0 0 0 0 0 1 0 8 0 7 0 27 0 1 0 15 0 6 0 0 3 0
准确率:    1.0000 (44/44)
----------------------------------------
输入:       KL MDM D<BD MRJ> >LHK LPR<WN WLKLH
目标:     0 0 2 0 0 0 2 0 1 0 0 3 0 0 0 0 2 0 0 0 5 0 0 1 0 0 0 0 2 0 1 1 0 5 12
预测:     0 0 2 0 0 0 2 0 1 0 0 3 0 0 0 0 2 0 0 0 5 0 0 1 0 0 0 0 2 0 1 1 0 5 12
准确率:    1.0000 (35/35)
----------------------------------------

生成的验证样本:
--------------------------------------------------------------------------------
输入:       YBJNH D>LH> LMSV> MN KL DBJC WKLJ
目标:     0 0 0 0 5 0 0 1 0 0 4 0 0 1 6 0 10 7 0 0 0 0 0 2 0 1 0 0 2 0 36 0 0 3
预测:     0 0 0 0 5 0 0 1 0 0 4 0 0 1 6 0 10 7 0 0 0 0 0 2 0 1 0 0 2 0 36 0 0 3
准确率:    1.0000 (34/34)
----------------------------------------
输入:       D>LH> LMSV> MN KL DBJC WKLJ XJLK
目标:     0 1 0 0 4 0 0 1 6 0 10 7 0 0 0 0 0 2 0 1 0 0 2 0 36 0 0 3 0 0 0 5 0
预测:     0 1 0 0 4 0 0 1 6 0 10 7 0 0 0 0 0 2 0 1 0 0 2 0 36 0 0 3 0 0 0 5 0
准确率:    1.0000 (33/33)
----------------------------------------
⏳ 验证无提升 (验证准确率: 0.9700 ≤ 0.9702)，patience: 1/50

======================================================================
🚀 Epoch 180/200
======================================================================
📚 开始训练阶段...
训练进度: 500/6065 损失=0.0000
训练进度: 1000/6065 损失=0.0001
训练进度: 1500/6065 损失=0.0000
训练进度: 2000/6065 损失=0.0001
训练进度: 2500/6065 损失=0.0001
训练进度: 3000/6065 损失=0.0001
训练进度: 3500/6065 损失=0.0002
训练进度: 4000/6065 损失=0.0006
训练进度: 4500/6065 损失=0.0001
训练进度: 5000/6065 损失=0.0006
训练进度: 5500/6065 损失=0.0005
训练进度: 6000/6065 损失=0.0007
训练进度: 6065/6065 损失=0.0000
✅ 训练完成，耗时: 110.8秒 (1.8分钟)

============================================================
📊 验证决策: Epoch 180/200
   验证间隔: 1
   是否验证: ✅ 是
   原因: 达到验证间隔 (0 == 0)
============================================================

🔍 开始验证...
验证进度: 500/686 损失=0.1684
验证进度: 686/686 损失=2.6066

📊 预测分布分析:
  - 预测的前5个类别: {np.int64(0): 283189, np.int64(1): 37058, np.int64(2): 14719, np.int64(3): 10686, np.int64(4): 8925}
  - 标签的前5个类别: {np.int64(0): 281232, np.int64(1): 36731, np.int64(2): 14789, np.int64(3): 10866, np.int64(4): 8585}
✅ 验证完成，耗时: 4.9秒 (0.1分钟)
训练损失: 0.0019
验证损失: 0.6289
验证准确率: 0.9700 (10634/10964) - 与Levenshtein高度相关
验证F1(加权): 0.9691 - 类别平衡更好
学习率: 0.000003
显存使用: 0.47GB (预留: 0.69GB)

生成的训练样本:
--------------------------------------------------------------------------------
输入:       HWW TJB> D>JKN HLK YBWT> W>JKN RGZT
目标:     0 0 18 0 0 20 0 132 27 0 1 0 0 0 0 0 0 0 16 0 0 0 2 23 0 0 1 0 0 0 0 0 0 0 3 26
预测:     0 0 18 0 0 20 0 132 27 0 1 0 0 0 0 0 0 0 16 0 0 0 2 23 0 0 1 0 0 0 0 0 0 0 3 26
准确率:    1.0000 (36/36)
----------------------------------------
输入:       MN B<LDBBJ <CJN> WMN SN>J MVL D>T<CNW
目标:     0 0 0 0 0 0 0 0 0 2 46 0 0 8 0 65 27 0 1 0 0 0 0 0 13 46 0 0 0 0 0 1 0 14 0 0 3 19
预测:     0 0 0 0 0 0 0 0 0 2 46 0 0 8 0 65 27 0 1 0 0 0 0 0 13 46 0 0 0 0 0 1 0 14 0 0 3 19
准确率:    1.0000 (38/38)
----------------------------------------
输入:       HWJN WB<JN HWW <LJN MN HW D<BDN
目标:     0 0 0 3 0 0 1 0 42 0 0 0 0 18 0 0 0 8 1 0 0 0 0 0 0 12 0 1 0 0 29 0
预测:     0 0 0 3 0 0 1 0 42 0 0 0 0 18 0 0 0 8 1 0 0 0 0 0 0 12 0 1 0 0 29 0
准确率:    1.0000 (32/32)
----------------------------------------

生成的验证样本:
--------------------------------------------------------------------------------
输入:       YBJNH D>LH> LMSV> MN KL DBJC WKLJ
目标:     0 0 0 0 5 0 0 1 0 0 4 0 0 1 6 0 10 7 0 0 0 0 0 2 0 1 0 0 2 0 36 0 0 3
预测:     0 0 0 0 5 0 0 1 0 0 4 0 0 1 6 0 10 7 0 0 0 0 0 2 0 1 0 0 2 0 36 0 0 3
准确率:    1.0000 (34/34)
----------------------------------------
输入:       D>LH> LMSV> MN KL DBJC WKLJ XJLK
目标:     0 1 0 0 4 0 0 1 6 0 10 7 0 0 0 0 0 2 0 1 0 0 2 0 36 0 0 3 0 0 0 5 0
预测:     0 1 0 0 4 0 0 1 6 0 10 7 0 0 0 0 0 2 0 1 0 0 2 0 36 0 0 3 0 0 0 5 0
准确率:    1.0000 (33/33)
----------------------------------------
⏳ 验证无提升 (验证准确率: 0.9700 ≤ 0.9702)，patience: 2/50

======================================================================
🚀 Epoch 181/200
======================================================================
📚 开始训练阶段...
训练进度: 500/6065 损失=0.0005
训练进度: 1000/6065 损失=0.0012
训练进度: 1500/6065 损失=0.0003
训练进度: 2000/6065 损失=0.0001
训练进度: 2500/6065 损失=0.0360
训练进度: 3000/6065 损失=0.0001
训练进度: 3500/6065 损失=0.0000
训练进度: 4000/6065 损失=0.0002
训练进度: 4500/6065 损失=0.0000
训练进度: 5000/6065 损失=0.0064
训练进度: 5500/6065 损失=0.0002
训练进度: 6000/6065 损失=0.0005
训练进度: 6065/6065 损失=0.0118
✅ 训练完成，耗时: 111.1秒 (1.9分钟)

============================================================
📊 验证决策: Epoch 181/200
   验证间隔: 1
   是否验证: ✅ 是
   原因: 达到验证间隔 (0 == 0)
============================================================

🔍 开始验证...
验证进度: 500/686 损失=0.1708
验证进度: 686/686 损失=2.6147

📊 预测分布分析:
  - 预测的前5个类别: {np.int64(0): 283183, np.int64(1): 37035, np.int64(2): 14710, np.int64(3): 10704, np.int64(4): 8969}
  - 标签的前5个类别: {np.int64(0): 281232, np.int64(1): 36731, np.int64(2): 14789, np.int64(3): 10866, np.int64(4): 8585}
✅ 验证完成，耗时: 4.9秒 (0.1分钟)
训练损失: 0.0019
验证损失: 0.6269
验证准确率: 0.9700 (10635/10964) - 与Levenshtein高度相关
验证F1(加权): 0.9692 - 类别平衡更好
学习率: 0.000003
显存使用: 0.47GB (预留: 0.69GB)

生成的训练样本:
--------------------------------------------------------------------------------
输入:       DJLJ NHWWN >JK RWBJL W>JK CM<WN NHWWN
目标:     0 0 0 1 0 0 6 0 18 0 0 0 0 0 0 0 0 0 0 0 2 0 1 0 0 0 0 0 0 0 0 2 0 6 0 18 0 0
预测:     0 0 0 1 0 0 6 0 18 0 0 0 0 0 0 0 0 0 0 0 2 0 1 0 0 0 0 0 0 0 0 2 0 6 0 18 0 0
准确率:    1.0000 (38/38)
----------------------------------------
输入:       MRJ> LMWC> QDMJ ZL W>NJX LK >MR
目标:     0 0 0 0 2 0 1 0 0 0 2 0 0 0 2 46 21 0 3 0 1 28 20 0 3 0 1 0 0 0 0 7
预测:     0 0 0 0 2 0 1 0 0 0 2 0 0 0 2 46 21 0 3 0 1 28 20 0 3 0 1 0 0 0 0 7
准确率:    1.0000 (32/32)
----------------------------------------
输入:       LBRH D>NT HW >MR> L<LT> DLM> NPN>
目标:     0 1 0 5 0 0 1 0 0 0 0 0 12 0 0 0 15 0 0 1 0 70 9 0 0 0 0 0 0 0 6 0 10 3
预测:     0 1 0 5 0 0 1 0 0 0 0 0 12 0 0 0 15 0 0 1 0 70 9 0 0 0 0 0 0 0 6 0 10 3
准确率:    1.0000 (34/34)
----------------------------------------

生成的验证样本:
--------------------------------------------------------------------------------
输入:       YBJNH D>LH> LMSV> MN KL DBJC WKLJ
目标:     0 0 0 0 5 0 0 1 0 0 4 0 0 1 6 0 10 7 0 0 0 0 0 2 0 1 0 0 2 0 36 0 0 3
预测:     0 0 0 0 5 0 0 1 0 0 4 0 0 1 6 0 10 7 0 0 0 0 0 2 0 1 0 0 2 0 36 0 0 3
准确率:    1.0000 (34/34)
----------------------------------------
输入:       D>LH> LMSV> MN KL DBJC WKLJ XJLK
目标:     0 1 0 0 4 0 0 1 6 0 10 7 0 0 0 0 0 2 0 1 0 0 2 0 36 0 0 3 0 0 0 5 0
预测:     0 1 0 0 4 0 0 1 6 0 10 7 0 0 0 0 0 2 0 1 0 0 2 0 36 0 0 3 0 0 0 5 0
准确率:    1.0000 (33/33)
----------------------------------------
⏳ 验证无提升 (验证准确率: 0.9700 ≤ 0.9702)，patience: 3/50

======================================================================
🚀 Epoch 182/200
======================================================================
📚 开始训练阶段...
训练进度: 500/6065 损失=0.0006
训练进度: 1000/6065 损失=0.0007
训练进度: 1500/6065 损失=0.0001
训练进度: 2000/6065 损失=0.0001
训练进度: 2500/6065 损失=0.0001
训练进度: 3000/6065 损失=0.0003
训练进度: 3500/6065 损失=0.0000
训练进度: 4000/6065 损失=0.0004
训练进度: 4500/6065 损失=0.0000
训练进度: 5000/6065 损失=0.0000
训练进度: 5500/6065 损失=0.0005
训练进度: 6000/6065 损失=0.0001
训练进度: 6065/6065 损失=0.0007
✅ 训练完成，耗时: 110.9秒 (1.8分钟)

============================================================
📊 验证决策: Epoch 182/200
   验证间隔: 1
   是否验证: ✅ 是
   原因: 达到验证间隔 (0 == 0)
============================================================

🔍 开始验证...
验证进度: 500/686 损失=0.1643
验证进度: 686/686 损失=2.6227

📊 预测分布分析:
  - 预测的前5个类别: {np.int64(0): 283107, np.int64(1): 37040, np.int64(2): 14734, np.int64(3): 10716, np.int64(4): 8891}
  - 标签的前5个类别: {np.int64(0): 281232, np.int64(1): 36731, np.int64(2): 14789, np.int64(3): 10866, np.int64(4): 8585}
✅ 验证完成，耗时: 4.9秒 (0.1分钟)
训练损失: 0.0019
验证损失: 0.6282
验证准确率: 0.9700 (10634/10964) - 与Levenshtein高度相关
验证F1(加权): 0.9692 - 类别平衡更好
学习率: 0.000003
显存使用: 0.47GB (预留: 0.69GB)

生成的训练样本:
--------------------------------------------------------------------------------
输入:       <M> L<M> W>P L>NC> MJQR> DMDJNT> MN
目标:     0 0 15 0 0 1 0 15 0 0 1 0 0 0 1 0 0 11 0 0 6 0 0 65 78 0 1 0 0 0 13 23 0 0 0 0
预测:     0 0 15 0 0 1 0 15 0 0 1 0 0 0 1 0 0 11 0 0 6 0 0 65 78 0 1 0 0 0 13 23 0 0 0 0
准确率:    1.0000 (36/36)
----------------------------------------
输入:       WTRTJN YJRN LDP> XD TRJYN XD> LWQBL
目标:     0 1 0 2 0 0 0 0 0 0 13 0 0 1 0 4 0 0 0 2 0 0 8 0 7 27 0 0 2 0 0 0 0 0 0 0
预测:     0 1 0 2 0 0 0 0 0 0 13 0 0 1 0 4 0 0 0 2 0 0 8 0 7 27 0 0 2 0 0 0 0 0 0 0
准确率:    1.0000 (36/36)
----------------------------------------
输入:       WSM SHDWT> BQBWT> WSM QWP> <L QBWT>
目标:     0 1 31 3 0 0 0 0 2 9 0 0 1 60 0 2 9 0 0 1 31 3 0 0 0 11 0 0 0 0 0 60 0 2 9 0
预测:     0 1 31 3 0 0 0 0 2 9 0 0 1 60 0 2 9 0 0 1 31 3 0 0 0 11 0 0 0 0 0 60 0 2 9 0
准确率:    1.0000 (36/36)
----------------------------------------

生成的验证样本:
--------------------------------------------------------------------------------
输入:       YBJNH D>LH> LMSV> MN KL DBJC WKLJ
目标:     0 0 0 0 5 0 0 1 0 0 4 0 0 1 6 0 10 7 0 0 0 0 0 2 0 1 0 0 2 0 36 0 0 3
预测:     0 0 0 0 5 0 0 1 0 0 4 0 0 1 6 0 10 7 0 0 0 0 0 2 0 1 0 0 2 0 36 0 0 3
准确率:    1.0000 (34/34)
----------------------------------------
输入:       D>LH> LMSV> MN KL DBJC WKLJ XJLK
目标:     0 1 0 0 4 0 0 1 6 0 10 7 0 0 0 0 0 2 0 1 0 0 2 0 36 0 0 3 0 0 0 5 0
预测:     0 1 0 0 4 0 0 1 6 0 10 7 0 0 0 0 0 2 0 1 0 0 2 0 36 0 0 3 0 0 0 5 0
准确率:    1.0000 (33/33)
----------------------------------------
⏳ 验证无提升 (验证准确率: 0.9700 ≤ 0.9702)，patience: 4/50

======================================================================
🚀 Epoch 183/200
======================================================================
📚 开始训练阶段...
训练进度: 500/6065 损失=0.0035
训练进度: 1000/6065 损失=0.0007
训练进度: 1500/6065 损失=0.0003
训练进度: 2000/6065 损失=0.0007
训练进度: 2500/6065 损失=0.0000
训练进度: 3000/6065 损失=0.0001
训练进度: 3500/6065 损失=0.0000
训练进度: 4000/6065 损失=0.0000
训练进度: 4500/6065 损失=0.0001
训练进度: 5000/6065 损失=0.0000
训练进度: 5500/6065 损失=0.0003
训练进度: 6000/6065 损失=0.0034
训练进度: 6065/6065 损失=0.0001
✅ 训练完成，耗时: 110.8秒 (1.8分钟)

============================================================
📊 验证决策: Epoch 183/200
   验证间隔: 1
   是否验证: ✅ 是
   原因: 达到验证间隔 (0 == 0)
============================================================

🔍 开始验证...
验证进度: 500/686 损失=0.1810
验证进度: 686/686 损失=2.6155

📊 预测分布分析:
  - 预测的前5个类别: {np.int64(0): 283202, np.int64(1): 37039, np.int64(2): 14701, np.int64(3): 10701, np.int64(4): 8935}
  - 标签的前5个类别: {np.int64(0): 281232, np.int64(1): 36731, np.int64(2): 14789, np.int64(3): 10866, np.int64(4): 8585}
✅ 验证完成，耗时: 4.9秒 (0.1分钟)
训练损失: 0.0018
验证损失: 0.6308
验证准确率: 0.9700 (10634/10964) - 与Levenshtein高度相关
验证F1(加权): 0.9692 - 类别平衡更好
学习率: 0.000003
显存使用: 0.47GB (预留: 0.69GB)

生成的训练样本:
--------------------------------------------------------------------------------
输入:       L>LP W>LP LRBW DNSBWN ZWD> L<M> D<BRJN
目标:     0 1 0 0 2 0 1 0 0 2 0 1 0 0 22 0 1 34 0 3 0 0 0 0 0 11 0 0 1 0 15 0 0 1 0 0 7 0 0
预测:     0 1 0 0 2 0 1 0 0 2 0 1 0 0 22 0 1 34 0 3 0 0 0 0 0 11 0 0 1 0 15 0 0 1 0 0 7 0 0
准确率:    1.0000 (39/39)
----------------------------------------
输入:       DPDT> D<LJH MNH NHW> >JK <BDH DHB>
目标:     0 1 0 13 9 0 0 1 0 8 1 12 0 0 1 12 0 6 0 10 3 0 0 0 0 0 0 0 98 12 0 0 0 4 0
预测:     0 1 0 13 9 0 0 1 0 8 1 12 0 0 1 12 0 6 0 10 3 0 0 0 0 0 0 0 98 12 0 0 0 4 0
准确率:    1.0000 (35/35)
----------------------------------------
输入:       H> >GR <LJN MLK> D>JSR>JL LMLK> DMYRJ>
目标:     0 0 0 0 0 0 33 0 0 8 1 0 0 0 0 4 0 0 1 0 0 0 8 0 0 2 0 1 0 0 4 0 0 1 0 0 0 11 0
预测:     0 0 0 0 0 0 33 0 0 8 1 0 0 0 0 4 0 0 1 0 0 0 8 0 0 2 0 1 0 0 4 0 0 1 0 0 0 11 0
准确率:    1.0000 (39/39)
----------------------------------------

生成的验证样本:
--------------------------------------------------------------------------------
输入:       YBJNH D>LH> LMSV> MN KL DBJC WKLJ
目标:     0 0 0 0 5 0 0 1 0 0 4 0 0 1 6 0 10 7 0 0 0 0 0 2 0 1 0 0 2 0 36 0 0 3
预测:     0 0 0 0 5 0 0 1 0 0 4 0 0 1 6 0 10 7 0 0 0 0 0 2 0 1 0 0 2 0 36 0 0 3
准确率:    1.0000 (34/34)
----------------------------------------
输入:       D>LH> LMSV> MN KL DBJC WKLJ XJLK
目标:     0 1 0 0 4 0 0 1 6 0 10 7 0 0 0 0 0 2 0 1 0 0 2 0 36 0 0 3 0 0 0 5 0
预测:     0 1 0 0 4 0 0 1 6 0 10 7 0 0 0 0 0 2 0 1 0 0 2 0 36 0 0 3 0 0 0 5 0
准确率:    1.0000 (33/33)
----------------------------------------
⏳ 验证无提升 (验证准确率: 0.9700 ≤ 0.9702)，patience: 5/50

======================================================================
🚀 Epoch 184/200
======================================================================
📚 开始训练阶段...
训练进度: 500/6065 损失=0.0002
训练进度: 1000/6065 损失=0.0022
训练进度: 1500/6065 损失=0.0012
训练进度: 2000/6065 损失=0.0022
训练进度: 2500/6065 损失=0.0000
训练进度: 3000/6065 损失=0.0001
训练进度: 3500/6065 损失=0.0000
训练进度: 4000/6065 损失=0.0006
训练进度: 4500/6065 损失=0.0009
训练进度: 5000/6065 损失=0.0000
训练进度: 5500/6065 损失=0.0008
训练进度: 6000/6065 损失=0.0000
训练进度: 6065/6065 损失=0.0027
✅ 训练完成，耗时: 110.7秒 (1.8分钟)

============================================================
📊 验证决策: Epoch 184/200
   验证间隔: 1
   是否验证: ✅ 是
   原因: 达到验证间隔 (0 == 0)
============================================================

🔍 开始验证...
验证进度: 500/686 损失=0.1824
验证进度: 686/686 损失=2.6159

📊 预测分布分析:
  - 预测的前5个类别: {np.int64(0): 283108, np.int64(1): 37052, np.int64(2): 14719, np.int64(3): 10691, np.int64(4): 8932}
  - 标签的前5个类别: {np.int64(0): 281232, np.int64(1): 36731, np.int64(2): 14789, np.int64(3): 10866, np.int64(4): 8585}
✅ 验证完成，耗时: 4.9秒 (0.1分钟)
训练损失: 0.0018
验证损失: 0.6310
验证准确率: 0.9700 (10635/10964) - 与Levenshtein高度相关
验证F1(加权): 0.9692 - 类别平衡更好
学习率: 0.000003
显存使用: 0.47GB (预留: 0.69GB)

生成的训练样本:
--------------------------------------------------------------------------------
输入:       DXLJN HWW GJR >BH> DGLWN CRR> LBNJHWN
目标:     0 0 0 3 0 12 0 0 18 0 0 0 0 0 0 0 8 11 0 0 0 0 3 0 19 0 0 0 4 0 0 1 0 2 1 0 0 0
预测:     0 0 0 3 0 12 0 0 18 0 0 0 0 0 0 0 8 11 0 0 0 0 3 0 19 0 0 0 4 0 0 1 0 2 1 0 0 0
准确率:    1.0000 (38/38)
----------------------------------------
输入:       D>TXCBW MVL DMCTBHR RCJ<> BRGJGT> DNPCH <WL>
目标:     0 1 0 14 0 0 3 19 0 0 0 0 0 1 45 39 17 0 0 7 0 0 0 0 4 0 0 1 0 0 0 13 23 0 0 1 0 0 5 0 0 0 0 4 0
预测:     0 1 0 14 0 0 3 19 0 0 0 0 0 1 45 39 17 0 0 7 0 0 0 0 4 0 0 1 0 0 0 13 23 0 0 1 0 0 5 0 0 0 0 4 0
准确率:    1.0000 (45/45)
----------------------------------------
输入:       DXC> LKRM> WLPLX> W<MWD> DNXC> DBBJTH DMRJ>
目标:     0 0 0 11 0 0 1 0 0 30 0 0 1 1 0 0 30 0 0 1 0 0 0 11 0 0 1 0 0 4 0 0 1 1 0 0 5 0 0 1 0 0 0 2
预测:     0 0 0 11 0 0 1 0 0 30 0 0 1 1 0 0 30 0 0 1 0 0 0 11 0 0 1 0 0 4 0 0 1 1 0 0 5 0 0 1 0 0 0 2
准确率:    1.0000 (44/44)
----------------------------------------

生成的验证样本:
--------------------------------------------------------------------------------
输入:       YBJNH D>LH> LMSV> MN KL DBJC WKLJ
目标:     0 0 0 0 5 0 0 1 0 0 4 0 0 1 6 0 10 7 0 0 0 0 0 2 0 1 0 0 2 0 36 0 0 3
预测:     0 0 0 0 5 0 0 1 0 0 4 0 0 1 6 0 10 7 0 0 0 0 0 2 0 1 0 0 2 0 36 0 0 3
准确率:    1.0000 (34/34)
----------------------------------------
输入:       D>LH> LMSV> MN KL DBJC WKLJ XJLK
目标:     0 1 0 0 4 0 0 1 6 0 10 7 0 0 0 0 0 2 0 1 0 0 2 0 36 0 0 3 0 0 0 5 0
预测:     0 1 0 0 4 0 0 1 6 0 10 7 0 0 0 0 0 2 0 1 0 0 2 0 36 0 0 3 0 0 0 5 0
准确率:    1.0000 (33/33)
----------------------------------------
⏳ 验证无提升 (验证准确率: 0.9700 ≤ 0.9702)，patience: 6/50

======================================================================
🚀 Epoch 185/200
======================================================================
📚 开始训练阶段...
训练进度: 500/6065 损失=0.0023
训练进度: 1000/6065 损失=0.0024
训练进度: 1500/6065 损失=0.0018
训练进度: 2000/6065 损失=0.0044
训练进度: 2500/6065 损失=0.0007
训练进度: 3000/6065 损失=0.0002
训练进度: 3500/6065 损失=0.0000
训练进度: 4000/6065 损失=0.0014
训练进度: 4500/6065 损失=0.0000
训练进度: 5000/6065 损失=0.0000
训练进度: 5500/6065 损失=0.0172
训练进度: 6000/6065 损失=0.0001
训练进度: 6065/6065 损失=0.0000
✅ 训练完成，耗时: 110.8秒 (1.8分钟)

============================================================
📊 验证决策: Epoch 185/200
   验证间隔: 1
   是否验证: ✅ 是
   原因: 达到验证间隔 (0 == 0)
============================================================

🔍 开始验证...
验证进度: 500/686 损失=0.1659
验证进度: 686/686 损失=2.6331

📊 预测分布分析:
  - 预测的前5个类别: {np.int64(0): 283086, np.int64(1): 37056, np.int64(2): 14721, np.int64(3): 10698, np.int64(4): 8905}
  - 标签的前5个类别: {np.int64(0): 281232, np.int64(1): 36731, np.int64(2): 14789, np.int64(3): 10866, np.int64(4): 8585}
✅ 验证完成，耗时: 4.9秒 (0.1分钟)
训练损失: 0.0018
验证损失: 0.6313
验证准确率: 0.9699 (10634/10964) - 与Levenshtein高度相关
验证F1(加权): 0.9691 - 类别平衡更好
学习率: 0.000002
显存使用: 0.47GB (预留: 0.69GB)

生成的训练样本:
--------------------------------------------------------------------------------
输入:       >JLJN DMSBRJN BH MVL DMNW >LH> LBR
目标:     0 0 0 0 0 0 0 1 6 0 0 7 0 19 0 1 0 0 0 0 0 0 1 0 71 0 0 0 0 4 0 0 1 0 22
预测:     0 0 0 0 0 0 0 1 6 0 0 7 0 19 0 1 0 0 0 0 0 0 1 0 71 0 0 0 0 4 0 0 1 0 22
准确率:    1.0000 (35/35)
----------------------------------------
输入:       TTQRB LK <JN> VBT> <L LXM> MBRK>
目标:     0 91 14 0 0 16 0 1 0 0 0 0 4 0 0 0 2 9 0 0 0 0 0 0 0 4 0 0 6 0 0 7 78
预测:     0 91 14 0 0 16 0 1 0 0 0 0 4 0 0 0 2 9 0 0 0 0 0 0 0 4 0 0 6 0 0 7 78
准确率:    1.0000 (33/33)
----------------------------------------
输入:       TR<SR> CWM<WNJ ZDJQ> WNPR< BSRKWN >JK CWCN>
目标:     0 0 118 0 0 2 0 6 8 0 0 3 1 0 0 0 0 0 0 11 0 0 1 6 0 0 3 0 0 0 5 0 0 0 0 0 0 0 0 0 0 0 11 0
预测:     0 0 118 0 0 2 0 6 8 0 0 3 1 0 0 0 0 0 0 11 0 0 1 6 0 0 3 0 0 0 5 0 0 0 0 0 0 0 0 0 0 0 11 0
准确率:    1.0000 (44/44)
----------------------------------------

生成的验证样本:
--------------------------------------------------------------------------------
输入:       YBJNH D>LH> LMSV> MN KL DBJC WKLJ
目标:     0 0 0 0 5 0 0 1 0 0 4 0 0 1 6 0 10 7 0 0 0 0 0 2 0 1 0 0 2 0 36 0 0 3
预测:     0 0 0 0 5 0 0 1 0 0 4 0 0 1 6 0 10 7 0 0 0 0 0 2 0 1 0 0 2 0 36 0 0 3
准确率:    1.0000 (34/34)
----------------------------------------
输入:       D>LH> LMSV> MN KL DBJC WKLJ XJLK
目标:     0 1 0 0 4 0 0 1 6 0 10 7 0 0 0 0 0 2 0 1 0 0 2 0 36 0 0 3 0 0 0 5 0
预测:     0 1 0 0 4 0 0 1 6 0 10 7 0 0 0 0 0 2 0 1 0 0 2 0 36 0 0 3 0 0 0 5 0
准确率:    1.0000 (33/33)
----------------------------------------
⏳ 验证无提升 (验证准确率: 0.9699 ≤ 0.9702)，patience: 7/50

======================================================================
🚀 Epoch 186/200
======================================================================
📚 开始训练阶段...
训练进度: 500/6065 损失=0.0001
训练进度: 1000/6065 损失=0.0000
训练进度: 1500/6065 损失=0.0002
训练进度: 2000/6065 损失=0.0005
训练进度: 2500/6065 损失=0.0008
训练进度: 3000/6065 损失=0.0000
训练进度: 3500/6065 损失=0.0180
训练进度: 4000/6065 损失=0.0015
训练进度: 4500/6065 损失=0.0029
训练进度: 5000/6065 损失=0.0004
训练进度: 5500/6065 损失=0.0010
训练进度: 6000/6065 损失=0.0001
训练进度: 6065/6065 损失=0.0012
✅ 训练完成，耗时: 110.6秒 (1.8分钟)

============================================================
📊 验证决策: Epoch 186/200
   验证间隔: 1
   是否验证: ✅ 是
   原因: 达到验证间隔 (0 == 0)
============================================================

🔍 开始验证...
验证进度: 500/686 损失=0.1707
验证进度: 686/686 损失=2.5971

📊 预测分布分析:
  - 预测的前5个类别: {np.int64(0): 283138, np.int64(1): 37047, np.int64(2): 14715, np.int64(3): 10700, np.int64(4): 8925}
  - 标签的前5个类别: {np.int64(0): 281232, np.int64(1): 36731, np.int64(2): 14789, np.int64(3): 10866, np.int64(4): 8585}
✅ 验证完成，耗时: 4.9秒 (0.1分钟)
训练损失: 0.0018
验证损失: 0.6329
验证准确率: 0.9700 (10635/10964) - 与Levenshtein高度相关
验证F1(加权): 0.9692 - 类别平衡更好
学习率: 0.000002
显存使用: 0.47GB (预留: 0.69GB)

生成的训练样本:
--------------------------------------------------------------------------------
输入:       LKWN HRK> LWT XMR> W>N> WVLJ> N>ZL
目标:     0 1 0 0 0 0 0 0 0 0 0 0 0 0 0 0 0 4 0 0 1 0 0 0 0 1 0 0 4 0 0 44 0 0 3
预测:     0 1 0 0 0 0 0 0 0 0 0 0 0 0 0 0 0 4 0 0 1 0 0 0 0 1 0 0 4 0 0 44 0 0 3
准确率:    1.0000 (35/35)
----------------------------------------
输入:       RDJNN MVL D>SKLTWN WXDJN MVL D>WDJTWN >P
目标:     0 0 0 257 0 0 0 0 0 0 0 1 17 0 0 33 0 0 0 0 1 0 0 3 0 0 0 0 0 0 1 50 0 0 3 0 0 0 0 0 0
预测:     0 0 0 257 0 0 0 0 0 0 0 1 17 0 0 33 0 0 0 0 1 0 0 3 0 0 0 0 0 0 1 50 0 0 3 0 0 0 0 0 0
准确率:    1.0000 (41/41)
----------------------------------------
输入:       BBSRH >TQJM LH QJM> WBNSJWNH >CTKX MHJMN
目标:     0 1 0 0 5 0 0 0 14 20 0 16 0 1 0 0 0 0 4 0 0 1 1 0 0 0 0 5 0 0 47 39 0 0 3 0 6 0 0 0 109
预测:     0 1 0 0 5 0 0 0 14 20 0 16 0 1 0 0 0 0 4 0 0 1 1 0 0 0 0 5 0 0 47 39 0 0 3 0 6 0 0 0 109
准确率:    1.0000 (41/41)
----------------------------------------

生成的验证样本:
--------------------------------------------------------------------------------
输入:       YBJNH D>LH> LMSV> MN KL DBJC WKLJ
目标:     0 0 0 0 5 0 0 1 0 0 4 0 0 1 6 0 10 7 0 0 0 0 0 2 0 1 0 0 2 0 36 0 0 3
预测:     0 0 0 0 5 0 0 1 0 0 4 0 0 1 6 0 10 7 0 0 0 0 0 2 0 1 0 0 2 0 36 0 0 3
准确率:    1.0000 (34/34)
----------------------------------------
输入:       D>LH> LMSV> MN KL DBJC WKLJ XJLK
目标:     0 1 0 0 4 0 0 1 6 0 10 7 0 0 0 0 0 2 0 1 0 0 2 0 36 0 0 3 0 0 0 5 0
预测:     0 1 0 0 4 0 0 1 6 0 10 7 0 0 0 0 0 2 0 1 0 0 2 0 36 0 0 3 0 0 0 5 0
准确率:    1.0000 (33/33)
----------------------------------------
⏳ 验证无提升 (验证准确率: 0.9700 ≤ 0.9702)，patience: 8/50

======================================================================
🚀 Epoch 187/200
======================================================================
📚 开始训练阶段...
训练进度: 500/6065 损失=0.0000
训练进度: 1000/6065 损失=0.0003
训练进度: 1500/6065 损失=0.0005
训练进度: 2000/6065 损失=0.0002
训练进度: 2500/6065 损失=0.0040
训练进度: 3000/6065 损失=0.0001
训练进度: 3500/6065 损失=0.0001
训练进度: 4000/6065 损失=0.0001
训练进度: 4500/6065 损失=0.0001
训练进度: 5000/6065 损失=0.0144
训练进度: 5500/6065 损失=0.0005
训练进度: 6000/6065 损失=0.0014
训练进度: 6065/6065 损失=0.0003
✅ 训练完成，耗时: 110.8秒 (1.8分钟)

============================================================
📊 验证决策: Epoch 187/200
   验证间隔: 1
   是否验证: ✅ 是
   原因: 达到验证间隔 (0 == 0)
============================================================

🔍 开始验证...
验证进度: 500/686 损失=0.1763
验证进度: 686/686 损失=2.5664

📊 预测分布分析:
  - 预测的前5个类别: {np.int64(0): 283102, np.int64(1): 37041, np.int64(2): 14718, np.int64(3): 10718, np.int64(4): 8920}
  - 标签的前5个类别: {np.int64(0): 281232, np.int64(1): 36731, np.int64(2): 14789, np.int64(3): 10866, np.int64(4): 8585}
✅ 验证完成，耗时: 4.9秒 (0.1分钟)
训练损失: 0.0018
验证损失: 0.6341
验证准确率: 0.9700 (10634/10964) - 与Levenshtein高度相关
验证F1(加权): 0.9691 - 类别平衡更好
学习率: 0.000002
显存使用: 0.47GB (预留: 0.69GB)

生成的训练样本:
--------------------------------------------------------------------------------
输入:       B<LDBBJK MN QDMJK >JK D>MR MRJ> WKD
目标:     0 0 0 0 0 0 2 1 0 0 0 0 0 0 0 2 1 0 0 0 0 0 0 1 0 0 3 0 0 0 0 2 0 1 0 0
预测:     0 0 0 0 0 0 2 1 0 0 0 0 0 0 0 2 1 0 0 0 0 0 0 1 0 0 3 0 0 0 0 2 0 1 0 0
准确率:    1.0000 (36/36)
----------------------------------------
输入:       >WSP TWB LMMX> LKL DXJ >JK D<BDT
目标:     0 50 0 0 3 0 0 0 0 0 1 6 0 10 7 0 1 0 2 0 1 0 22 0 0 0 0 0 1 0 0 3 0
预测:     0 50 0 0 3 0 0 0 0 0 1 6 0 10 7 0 1 0 2 0 1 0 22 0 0 0 0 0 1 0 0 3 0
准确率:    1.0000 (33/33)
----------------------------------------
输入:       GBR> TWR> >W NQJ> WNKWS >NWN >W
目标:     0 0 0 4 0 0 0 0 4 0 0 0 0 0 0 0 4 0 0 1 0 8 0 33 0 0 0 0 0 0 0 0
预测:     0 0 0 4 0 0 0 0 4 0 0 0 0 0 0 0 4 0 0 1 0 8 0 33 0 0 0 0 0 0 0 0
准确率:    1.0000 (32/32)
----------------------------------------

生成的验证样本:
--------------------------------------------------------------------------------
输入:       YBJNH D>LH> LMSV> MN KL DBJC WKLJ
目标:     0 0 0 0 5 0 0 1 0 0 4 0 0 1 6 0 10 7 0 0 0 0 0 2 0 1 0 0 2 0 36 0 0 3
预测:     0 0 0 0 5 0 0 1 0 0 4 0 0 1 6 0 10 7 0 0 0 0 0 2 0 1 0 0 2 0 36 0 0 3
准确率:    1.0000 (34/34)
----------------------------------------
输入:       D>LH> LMSV> MN KL DBJC WKLJ XJLK
目标:     0 1 0 0 4 0 0 1 6 0 10 7 0 0 0 0 0 2 0 1 0 0 2 0 36 0 0 3 0 0 0 5 0
预测:     0 1 0 0 4 0 0 1 6 0 10 7 0 0 0 0 0 2 0 1 0 0 2 0 36 0 0 3 0 0 0 5 0
准确率:    1.0000 (33/33)
----------------------------------------
⏳ 验证无提升 (验证准确率: 0.9700 ≤ 0.9702)，patience: 9/50

======================================================================
🚀 Epoch 188/200
======================================================================
📚 开始训练阶段...
训练进度: 500/6065 损失=0.0000
训练进度: 1000/6065 损失=0.0003
训练进度: 1500/6065 损失=0.0004
训练进度: 2000/6065 损失=0.0001
训练进度: 2500/6065 损失=0.0002
训练进度: 3000/6065 损失=0.0000
训练进度: 3500/6065 损失=0.0150
训练进度: 4000/6065 损失=0.0001
训练进度: 4500/6065 损失=0.0000
训练进度: 5000/6065 损失=0.0001
训练进度: 5500/6065 损失=0.0028
训练进度: 6000/6065 损失=0.0033
训练进度: 6065/6065 损失=0.0001
✅ 训练完成，耗时: 110.8秒 (1.8分钟)

============================================================
📊 验证决策: Epoch 188/200
   验证间隔: 1
   是否验证: ✅ 是
   原因: 达到验证间隔 (0 == 0)
============================================================

🔍 开始验证...
验证进度: 500/686 损失=0.1752
验证进度: 686/686 损失=2.5889

📊 预测分布分析:
  - 预测的前5个类别: {np.int64(0): 283122, np.int64(1): 37046, np.int64(2): 14715, np.int64(3): 10716, np.int64(4): 8916}
  - 标签的前5个类别: {np.int64(0): 281232, np.int64(1): 36731, np.int64(2): 14789, np.int64(3): 10866, np.int64(4): 8585}
✅ 验证完成，耗时: 4.9秒 (0.1分钟)
训练损失: 0.0017
验证损失: 0.6337
验证准确率: 0.9700 (10634/10964) - 与Levenshtein高度相关
验证F1(加权): 0.9692 - 类别平衡更好
学习率: 0.000002
显存使用: 0.47GB (预留: 0.69GB)

生成的训练样本:
--------------------------------------------------------------------------------
输入:       TWQLT> MDBXJHWN <QR WQJMTHWN TBR WDXLTHWN PSQ
目标:     0 0 0 0 13 9 0 0 0 0 0 2 1 0 0 0 6 0 0 3 0 1 0 0 13 32 0 0 0 6 0 0 3 0 1 0 0 13 32 0 0 0 6 0 0 3
预测:     0 0 0 0 13 9 0 0 0 0 0 2 1 0 0 0 6 0 0 3 0 1 0 0 13 32 0 0 0 6 0 0 3 0 1 0 0 13 32 0 0 0 6 0 0 3
准确率:    1.0000 (46/46)
----------------------------------------
输入:       <PR> WQVM> MN QVRJ TG> W<DM> L>JLJN
目标:     0 0 0 4 0 0 1 0 0 4 0 0 0 0 0 0 0 7 0 0 0 4 0 0 1 0 0 0 0 0 1 0 0 0 0 0
预测:     0 0 0 4 0 0 1 0 0 4 0 0 0 0 0 0 0 7 0 0 0 4 0 0 1 0 0 0 0 0 1 0 0 0 0 0
准确率:    1.0000 (36/36)
----------------------------------------
输入:       MLK> NSB MWHBT> MN TR<JTH D>SJ> NRMRMWNH
目标:     0 0 0 4 0 0 34 0 3 0 0 0 0 13 23 0 0 0 0 0 0 0 0 2 1 0 0 1 0 0 43 0 0 6 0 0 0 3 0 67 0
预测:     0 0 0 4 0 0 34 0 3 0 0 0 0 13 23 0 0 0 0 0 0 0 0 2 1 0 0 1 0 0 43 0 0 6 0 0 0 3 0 67 0
准确率:    1.0000 (41/41)
----------------------------------------

生成的验证样本:
--------------------------------------------------------------------------------
输入:       YBJNH D>LH> LMSV> MN KL DBJC WKLJ
目标:     0 0 0 0 5 0 0 1 0 0 4 0 0 1 6 0 10 7 0 0 0 0 0 2 0 1 0 0 2 0 36 0 0 3
预测:     0 0 0 0 5 0 0 1 0 0 4 0 0 1 6 0 10 7 0 0 0 0 0 2 0 1 0 0 2 0 36 0 0 3
准确率:    1.0000 (34/34)
----------------------------------------
输入:       D>LH> LMSV> MN KL DBJC WKLJ XJLK
目标:     0 1 0 0 4 0 0 1 6 0 10 7 0 0 0 0 0 2 0 1 0 0 2 0 36 0 0 3 0 0 0 5 0
预测:     0 1 0 0 4 0 0 1 6 0 10 7 0 0 0 0 0 2 0 1 0 0 2 0 36 0 0 3 0 0 0 5 0
准确率:    1.0000 (33/33)
----------------------------------------
⏳ 验证无提升 (验证准确率: 0.9700 ≤ 0.9702)，patience: 10/50

======================================================================
🚀 Epoch 189/200
======================================================================
📚 开始训练阶段...
训练进度: 500/6065 损失=0.0001
训练进度: 1000/6065 损失=0.0093
训练进度: 1500/6065 损失=0.0079
训练进度: 2000/6065 损失=0.0001
训练进度: 2500/6065 损失=0.0013
训练进度: 3000/6065 损失=0.0001
训练进度: 3500/6065 损失=0.0003
训练进度: 4000/6065 损失=0.0021
训练进度: 4500/6065 损失=0.0007
训练进度: 5000/6065 损失=0.0000
训练进度: 5500/6065 损失=0.0000
训练进度: 6000/6065 损失=0.0073
训练进度: 6065/6065 损失=0.0000
✅ 训练完成，耗时: 110.7秒 (1.8分钟)

============================================================
📊 验证决策: Epoch 189/200
   验证间隔: 1
   是否验证: ✅ 是
   原因: 达到验证间隔 (0 == 0)
============================================================

🔍 开始验证...
验证进度: 500/686 损失=0.1643
验证进度: 686/686 损失=2.5955

📊 预测分布分析:
  - 预测的前5个类别: {np.int64(0): 283111, np.int64(1): 37058, np.int64(2): 14730, np.int64(3): 10718, np.int64(4): 8905}
  - 标签的前5个类别: {np.int64(0): 281232, np.int64(1): 36731, np.int64(2): 14789, np.int64(3): 10866, np.int64(4): 8585}
✅ 验证完成，耗时: 4.9秒 (0.1分钟)
训练损失: 0.0017
验证损失: 0.6358
验证准确率: 0.9699 (10634/10964) - 与Levenshtein高度相关
验证F1(加权): 0.9691 - 类别平衡更好
学习率: 0.000002
显存使用: 0.47GB (预留: 0.69GB)

生成的训练样本:
--------------------------------------------------------------------------------
输入:       W>MRJN MVL MN> L> >CLMTWN XWCBNKWN DLBN>
目标:     0 1 0 0 7 0 0 0 0 0 0 0 0 0 0 0 0 0 0 17 0 0 3 0 0 0 0 0 0 0 0 5 0 0 0 0 1 0 0 137 0
预测:     0 1 0 0 7 0 0 0 0 0 0 0 0 0 0 0 0 0 0 17 0 0 3 0 0 0 0 0 0 0 0 5 0 0 0 0 1 0 0 137 0
准确率:    1.0000 (41/41)
----------------------------------------
输入:       <PR> WJHBT LNC> TWQPK W>CLVT >NJN BPGRK
目标:     0 0 0 4 0 0 1 0 0 3 12 0 75 47 61 0 0 0 0 0 5 0 0 1 17 0 0 3 12 0 0 0 0 0 0 1 0 0 5 0
预测:     0 0 0 4 0 0 1 0 0 3 12 0 75 47 61 0 0 0 0 0 5 0 0 1 17 0 0 3 12 0 0 0 0 0 0 1 0 0 5 0
准确率:    1.0000 (40/40)
----------------------------------------
输入:       MN QDMWHJ >JK D>MR MRJ> B>JD> DKLHWN
目标:     0 0 0 0 0 0 25 1 0 0 0 0 0 0 0 1 0 0 3 0 0 0 0 2 0 35 0 0 4 0 0 1 0 5 0 0 0
预测:     0 0 0 0 0 0 25 1 0 0 0 0 0 0 0 1 0 0 3 0 0 0 0 2 0 35 0 0 4 0 0 1 0 5 0 0 0
准确率:    1.0000 (37/37)
----------------------------------------

生成的验证样本:
--------------------------------------------------------------------------------
输入:       YBJNH D>LH> LMSV> MN KL DBJC WKLJ
目标:     0 0 0 0 5 0 0 1 0 0 4 0 0 1 6 0 10 7 0 0 0 0 0 2 0 1 0 0 2 0 36 0 0 3
预测:     0 0 0 0 5 0 0 1 0 0 4 0 0 1 6 0 10 7 0 0 0 0 0 2 0 1 0 0 2 0 36 0 0 3
准确率:    1.0000 (34/34)
----------------------------------------
输入:       D>LH> LMSV> MN KL DBJC WKLJ XJLK
目标:     0 1 0 0 4 0 0 1 6 0 10 7 0 0 0 0 0 2 0 1 0 0 2 0 36 0 0 3 0 0 0 5 0
预测:     0 1 0 0 4 0 0 1 6 0 10 7 0 0 0 0 0 2 0 1 0 0 2 0 36 0 0 3 0 0 0 5 0
准确率:    1.0000 (33/33)
----------------------------------------
⏳ 验证无提升 (验证准确率: 0.9699 ≤ 0.9702)，patience: 11/50

======================================================================
🚀 Epoch 190/200
======================================================================
📚 开始训练阶段...
训练进度: 500/6065 损失=0.0002
训练进度: 1000/6065 损失=0.0068
训练进度: 1500/6065 损失=0.0014
训练进度: 2000/6065 损失=0.0000
训练进度: 2500/6065 损失=0.0000
训练进度: 3000/6065 损失=0.0042
训练进度: 3500/6065 损失=0.0000
训练进度: 4000/6065 损失=0.0195
训练进度: 4500/6065 损失=0.0000
训练进度: 5000/6065 损失=0.0000
训练进度: 5500/6065 损失=0.0001
训练进度: 6000/6065 损失=0.0019
训练进度: 6065/6065 损失=0.0004
✅ 训练完成，耗时: 110.8秒 (1.8分钟)

============================================================
📊 验证决策: Epoch 190/200
   验证间隔: 1
   是否验证: ✅ 是
   原因: 达到验证间隔 (0 == 0)
============================================================

🔍 开始验证...
验证进度: 500/686 损失=0.1713
验证进度: 686/686 损失=2.5966

📊 预测分布分析:
  - 预测的前5个类别: {np.int64(0): 283137, np.int64(1): 37029, np.int64(2): 14722, np.int64(3): 10698, np.int64(4): 8912}
  - 标签的前5个类别: {np.int64(0): 281232, np.int64(1): 36731, np.int64(2): 14789, np.int64(3): 10866, np.int64(4): 8585}
✅ 验证完成，耗时: 4.9秒 (0.1分钟)
训练损失: 0.0017
验证损失: 0.6370
验证准确率: 0.9700 (10634/10964) - 与Levenshtein高度相关
验证F1(加权): 0.9691 - 类别平衡更好
学习率: 0.000002
显存使用: 0.47GB (预留: 0.69GB)

生成的训练样本:
--------------------------------------------------------------------------------
输入:       >PWHJ WL> >KL LXM> W>TT LWTH >JZBL
目标:     0 54 25 1 0 0 0 1 0 0 0 0 0 3 0 0 0 4 0 0 1 0 18 26 0 0 0 1 0 0 0 0 0 0 2
预测:     0 54 25 1 0 0 0 1 0 0 0 0 0 3 0 0 0 4 0 0 1 0 18 26 0 0 0 1 0 0 0 0 0 0 2
准确率:    1.0000 (35/35)
----------------------------------------
输入:       TWRT> QDMJT> CMJNT> W<L LGWHJN WL> >TJD<
目标:     0 0 0 13 23 0 0 0 0 0 2 23 0 0 0 8 0 7 23 27 0 1 0 246 0 1 0 5 0 0 0 0 1 0 0 0 21 14 0 0 3
预测:     0 0 0 13 23 0 0 0 0 0 2 23 0 0 0 8 0 7 23 27 0 1 0 246 0 1 0 5 0 0 0 0 1 0 0 0 21 14 0 0 3
准确率:    1.0000 (41/41)
----------------------------------------
输入:       W>T> XMWR WCKJM BRH LTR<> DQRJTHWN WMLLW
目标:     0 1 0 10 3 0 0 0 0 2 0 1 0 0 0 2 0 0 5 0 0 1 0 0 4 0 0 1 0 0 22 1 0 0 0 0 1 0 0 3 19
预测:     0 1 0 10 3 0 0 0 0 2 0 1 0 0 0 2 0 0 5 0 0 1 0 0 4 0 0 1 0 0 22 1 0 0 0 0 1 0 0 3 19
准确率:    1.0000 (41/41)
----------------------------------------

生成的验证样本:
--------------------------------------------------------------------------------
输入:       YBJNH D>LH> LMSV> MN KL DBJC WKLJ
目标:     0 0 0 0 5 0 0 1 0 0 4 0 0 1 6 0 10 7 0 0 0 0 0 2 0 1 0 0 2 0 36 0 0 3
预测:     0 0 0 0 5 0 0 1 0 0 4 0 0 1 6 0 10 7 0 0 0 0 0 2 0 1 0 0 2 0 36 0 0 3
准确率:    1.0000 (34/34)
----------------------------------------
输入:       D>LH> LMSV> MN KL DBJC WKLJ XJLK
目标:     0 1 0 0 4 0 0 1 6 0 10 7 0 0 0 0 0 2 0 1 0 0 2 0 36 0 0 3 0 0 0 5 0
预测:     0 1 0 0 4 0 0 1 6 0 10 7 0 0 0 0 0 2 0 1 0 0 2 0 36 0 0 3 0 0 0 5 0
准确率:    1.0000 (33/33)
----------------------------------------
⏳ 验证无提升 (验证准确率: 0.9700 ≤ 0.9702)，patience: 12/50

======================================================================
🚀 Epoch 191/200
======================================================================
📚 开始训练阶段...
训练进度: 500/6065 损失=0.0019
训练进度: 1000/6065 损失=0.0043
训练进度: 1500/6065 损失=0.0000
训练进度: 2000/6065 损失=0.0011
训练进度: 2500/6065 损失=0.0044
训练进度: 3000/6065 损失=0.0024
训练进度: 3500/6065 损失=0.0002
训练进度: 4000/6065 损失=0.0003
训练进度: 4500/6065 损失=0.0010
训练进度: 5000/6065 损失=0.0000
训练进度: 5500/6065 损失=0.0003
训练进度: 6000/6065 损失=0.0060
训练进度: 6065/6065 损失=0.0005
✅ 训练完成，耗时: 110.7秒 (1.8分钟)

============================================================
📊 验证决策: Epoch 191/200
   验证间隔: 1
   是否验证: ✅ 是
   原因: 达到验证间隔 (0 == 0)
============================================================

🔍 开始验证...
验证进度: 500/686 损失=0.1806
验证进度: 686/686 损失=2.5688

📊 预测分布分析:
  - 预测的前5个类别: {np.int64(0): 283170, np.int64(1): 37053, np.int64(2): 14717, np.int64(3): 10715, np.int64(4): 8923}
  - 标签的前5个类别: {np.int64(0): 281232, np.int64(1): 36731, np.int64(2): 14789, np.int64(3): 10866, np.int64(4): 8585}
✅ 验证完成，耗时: 4.9秒 (0.1分钟)
训练损失: 0.0018
验证损失: 0.6379
验证准确率: 0.9699 (10633/10964) - 与Levenshtein高度相关
验证F1(加权): 0.9691 - 类别平衡更好
学习率: 0.000002
显存使用: 0.47GB (预留: 0.69GB)

生成的训练样本:
--------------------------------------------------------------------------------
输入:       >WRXT> QCJT> CRR HLKTJ BCBJL> DJLK >JKN>
目标:     0 0 0 0 2 23 0 0 0 0 7 23 0 0 0 0 77 0 0 0 13 32 0 0 1 0 0 0 11 0 0 0 0 1 0 0 0 0 107 0 0
预测:     0 0 0 0 2 23 0 0 0 0 7 23 0 0 0 0 77 0 0 0 13 32 0 0 1 0 0 0 11 0 0 0 0 1 0 0 0 0 107 0 0
准确率:    1.0000 (41/41)
----------------------------------------
输入:       BGB<WN W>MR LH MRJ> CM<T YLWTK WB<WTK
目标:     0 1 0 0 0 0 2 0 1 0 0 3 0 1 0 0 0 0 0 2 0 0 0 3 0 0 0 0 2 1 0 0 1 0 0 2 1 0
预测:     0 1 0 0 0 0 2 0 1 0 0 3 0 1 0 0 0 0 0 2 0 0 0 3 0 0 0 0 2 1 0 0 1 0 0 2 1 0
准确率:    1.0000 (38/38)
----------------------------------------
输入:       RMC> KJ MSTXP> >W MN CPR> MTHPK>
目标:     0 0 0 4 0 0 0 12 0 45 79 0 0 7 19 0 0 0 0 0 0 0 0 0 15 0 0 21 14 0 0 7 0
预测:     0 0 0 4 0 0 0 12 0 45 79 0 0 7 19 0 0 0 0 0 0 0 0 0 15 0 0 21 14 0 0 7 0
准确率:    1.0000 (33/33)
----------------------------------------

生成的验证样本:
--------------------------------------------------------------------------------
输入:       YBJNH D>LH> LMSV> MN KL DBJC WKLJ
目标:     0 0 0 0 5 0 0 1 0 0 4 0 0 1 6 0 10 7 0 0 0 0 0 2 0 1 0 0 2 0 36 0 0 3
预测:     0 0 0 0 5 0 0 1 0 0 4 0 0 1 6 0 10 7 0 0 0 0 0 2 0 1 0 0 2 0 36 0 0 3
准确率:    1.0000 (34/34)
----------------------------------------
输入:       D>LH> LMSV> MN KL DBJC WKLJ XJLK
目标:     0 1 0 0 4 0 0 1 6 0 10 7 0 0 0 0 0 2 0 1 0 0 2 0 36 0 0 3 0 0 0 5 0
预测:     0 1 0 0 4 0 0 1 6 0 10 7 0 0 0 0 0 2 0 1 0 0 2 0 36 0 0 3 0 0 0 5 0
准确率:    1.0000 (33/33)
----------------------------------------
⏳ 验证无提升 (验证准确率: 0.9699 ≤ 0.9702)，patience: 13/50

======================================================================
🚀 Epoch 192/200
======================================================================
📚 开始训练阶段...
训练进度: 500/6065 损失=0.0030
训练进度: 1000/6065 损失=0.0003
训练进度: 1500/6065 损失=0.0002
训练进度: 2000/6065 损失=0.0022
训练进度: 2500/6065 损失=0.0161
训练进度: 3000/6065 损失=0.0004
训练进度: 3500/6065 损失=0.0008
训练进度: 4000/6065 损失=0.0000
训练进度: 4500/6065 损失=0.0001
训练进度: 5000/6065 损失=0.0018
训练进度: 5500/6065 损失=0.0000
训练进度: 6000/6065 损失=0.0002
训练进度: 6065/6065 损失=0.0000
✅ 训练完成，耗时: 111.1秒 (1.9分钟)

============================================================
📊 验证决策: Epoch 192/200
   验证间隔: 1
   是否验证: ✅ 是
   原因: 达到验证间隔 (0 == 0)
============================================================

🔍 开始验证...
验证进度: 500/686 损失=0.1787
验证进度: 686/686 损失=2.5842

📊 预测分布分析:
  - 预测的前5个类别: {np.int64(0): 283096, np.int64(1): 37053, np.int64(2): 14723, np.int64(3): 10734, np.int64(4): 8924}
  - 标签的前5个类别: {np.int64(0): 281232, np.int64(1): 36731, np.int64(2): 14789, np.int64(3): 10866, np.int64(4): 8585}
✅ 验证完成，耗时: 4.9秒 (0.1分钟)
训练损失: 0.0017
验证损失: 0.6376
验证准确率: 0.9699 (10634/10964) - 与Levenshtein高度相关
验证F1(加权): 0.9691 - 类别平衡更好
学习率: 0.000001
显存使用: 0.47GB (预留: 0.69GB)

生成的训练样本:
--------------------------------------------------------------------------------
输入:       MVL DLJT >KWTH KL MXW> WL> >JK
目标:     0 0 0 0 0 1 58 0 24 0 0 0 0 1 12 0 0 2 0 0 0 13 0 0 1 0 0 0 0 0 0
预测:     0 0 0 0 0 1 58 0 24 0 0 0 0 1 12 0 0 2 0 0 0 13 0 0 1 0 0 0 0 0 0
准确率:    1.0000 (31/31)
----------------------------------------
输入:       BXWRPH K>P> GZR HW> L> DXL HW>
目标:     0 1 0 0 0 5 0 0 0 0 4 0 0 0 0 7 0 0 10 3 0 0 0 0 0 0 7 0 0 10 3
预测:     0 1 0 0 0 5 0 0 0 0 4 0 0 0 0 7 0 0 10 3 0 0 0 0 0 0 7 0 0 10 3
准确率:    1.0000 (31/31)
----------------------------------------
输入:       W>MR MWC> L>LH> H> >N> >ZL LWT
目标:     0 1 0 0 3 0 0 0 0 2 0 1 0 0 4 0 0 0 0 0 0 0 0 0 0 0 7 0 0 0 0
预测:     0 1 0 0 3 0 0 0 0 2 0 1 0 0 4 0 0 0 0 0 0 0 0 0 0 0 7 0 0 0 0
准确率:    1.0000 (31/31)
----------------------------------------

生成的验证样本:
--------------------------------------------------------------------------------
输入:       YBJNH D>LH> LMSV> MN KL DBJC WKLJ
目标:     0 0 0 0 5 0 0 1 0 0 4 0 0 1 6 0 10 7 0 0 0 0 0 2 0 1 0 0 2 0 36 0 0 3
预测:     0 0 0 0 5 0 0 1 0 0 4 0 0 1 6 0 10 7 0 0 0 0 0 2 0 1 0 0 2 0 36 0 0 3
准确率:    1.0000 (34/34)
----------------------------------------
输入:       D>LH> LMSV> MN KL DBJC WKLJ XJLK
目标:     0 1 0 0 4 0 0 1 6 0 10 7 0 0 0 0 0 2 0 1 0 0 2 0 36 0 0 3 0 0 0 5 0
预测:     0 1 0 0 4 0 0 1 6 0 10 7 0 0 0 0 0 2 0 1 0 0 2 0 36 0 0 3 0 0 0 5 0
准确率:    1.0000 (33/33)
----------------------------------------
⏳ 验证无提升 (验证准确率: 0.9699 ≤ 0.9702)，patience: 14/50

======================================================================
🚀 Epoch 193/200
======================================================================
📚 开始训练阶段...
训练进度: 500/6065 损失=0.0071
训练进度: 1000/6065 损失=0.0001
训练进度: 1500/6065 损失=0.0004
训练进度: 2000/6065 损失=0.0000
训练进度: 2500/6065 损失=0.0098
训练进度: 3000/6065 损失=0.0017
训练进度: 3500/6065 损失=0.0021
训练进度: 4000/6065 损失=0.0034
训练进度: 4500/6065 损失=0.0000
训练进度: 5000/6065 损失=0.0000
训练进度: 5500/6065 损失=0.0000
训练进度: 6000/6065 损失=0.0000
训练进度: 6065/6065 损失=0.0007
✅ 训练完成，耗时: 110.7秒 (1.8分钟)

============================================================
📊 验证决策: Epoch 193/200
   验证间隔: 1
   是否验证: ✅ 是
   原因: 达到验证间隔 (0 == 0)
============================================================

🔍 开始验证...
验证进度: 500/686 损失=0.1743
验证进度: 686/686 损失=2.5819

📊 预测分布分析:
  - 预测的前5个类别: {np.int64(0): 283135, np.int64(1): 37050, np.int64(2): 14707, np.int64(3): 10722, np.int64(4): 8906}
  - 标签的前5个类别: {np.int64(0): 281232, np.int64(1): 36731, np.int64(2): 14789, np.int64(3): 10866, np.int64(4): 8585}
✅ 验证完成，耗时: 4.9秒 (0.1分钟)
训练损失: 0.0016
验证损失: 0.6379
验证准确率: 0.9700 (10634/10964) - 与Levenshtein高度相关
验证F1(加权): 0.9692 - 类别平衡更好
学习率: 0.000001
显存使用: 0.47GB (预留: 0.69GB)

生成的训练样本:
--------------------------------------------------------------------------------
输入:       ZKJWTH WXJBWTH BGD HW HW MN DM<BD
目标:     0 0 0 0 2 1 0 0 1 0 0 0 2 1 0 0 1 0 22 0 0 12 0 0 0 0 0 12 0 1 6 0 0 7
预测:     0 0 0 0 2 1 0 0 1 0 0 0 2 1 0 0 1 0 22 0 0 12 0 0 0 0 0 12 0 1 6 0 0 7
准确率:    1.0000 (34/34)
----------------------------------------
输入:       GBR> WZJNH B>JDH WMN D<>L LSDR> NMWT
目标:     0 0 0 4 0 0 1 0 0 5 0 0 35 0 0 5 0 0 1 0 12 0 1 8 0 83 0 1 0 0 11 0 0 6 0 0 3
预测:     0 0 0 4 0 0 1 0 0 5 0 0 35 0 0 5 0 0 1 0 12 0 1 8 0 83 0 1 0 0 11 0 0 6 0 0 3
准确率:    1.0000 (37/37)
----------------------------------------
输入:       W>XTT QWLTH MNH W>MRT LJ >CTJ W>P
目标:     0 1 72 0 3 26 0 0 0 13 1 12 0 0 1 12 0 1 0 0 3 26 0 1 0 156 0 0 0 3 0 1 0 0
预测:     0 1 72 0 3 26 0 0 0 13 1 12 0 0 1 12 0 1 0 0 3 26 0 1 0 156 0 0 0 3 0 1 0 0
准确率:    1.0000 (34/34)
----------------------------------------

生成的验证样本:
--------------------------------------------------------------------------------
输入:       YBJNH D>LH> LMSV> MN KL DBJC WKLJ
目标:     0 0 0 0 5 0 0 1 0 0 4 0 0 1 6 0 10 7 0 0 0 0 0 2 0 1 0 0 2 0 36 0 0 3
预测:     0 0 0 0 5 0 0 1 0 0 4 0 0 1 6 0 10 7 0 0 0 0 0 2 0 1 0 0 2 0 36 0 0 3
准确率:    1.0000 (34/34)
----------------------------------------
输入:       D>LH> LMSV> MN KL DBJC WKLJ XJLK
目标:     0 1 0 0 4 0 0 1 6 0 10 7 0 0 0 0 0 2 0 1 0 0 2 0 36 0 0 3 0 0 0 5 0
预测:     0 1 0 0 4 0 0 1 6 0 10 7 0 0 0 0 0 2 0 1 0 0 2 0 36 0 0 3 0 0 0 5 0
准确率:    1.0000 (33/33)
----------------------------------------
⏳ 验证无提升 (验证准确率: 0.9700 ≤ 0.9702)，patience: 15/50

======================================================================
🚀 Epoch 194/200
======================================================================
📚 开始训练阶段...
训练进度: 500/6065 损失=0.0000
训练进度: 1000/6065 损失=0.0121
训练进度: 1500/6065 损失=0.0007
训练进度: 2000/6065 损失=0.0053
训练进度: 2500/6065 损失=0.0015
训练进度: 3000/6065 损失=0.0002
训练进度: 3500/6065 损失=0.0002
训练进度: 4000/6065 损失=0.0016
训练进度: 4500/6065 损失=0.0000
训练进度: 5000/6065 损失=0.0050
训练进度: 5500/6065 损失=0.0013
训练进度: 6000/6065 损失=0.0001
训练进度: 6065/6065 损失=0.0002
✅ 训练完成，耗时: 110.7秒 (1.8分钟)

============================================================
📊 验证决策: Epoch 194/200
   验证间隔: 1
   是否验证: ✅ 是
   原因: 达到验证间隔 (0 == 0)
============================================================

🔍 开始验证...
验证进度: 500/686 损失=0.1759
验证进度: 686/686 损失=2.5816

📊 预测分布分析:
  - 预测的前5个类别: {np.int64(0): 283136, np.int64(1): 37050, np.int64(2): 14712, np.int64(3): 10732, np.int64(4): 8913}
  - 标签的前5个类别: {np.int64(0): 281232, np.int64(1): 36731, np.int64(2): 14789, np.int64(3): 10866, np.int64(4): 8585}
✅ 验证完成，耗时: 4.9秒 (0.1分钟)
训练损失: 0.0017
验证损失: 0.6394
验证准确率: 0.9700 (10634/10964) - 与Levenshtein高度相关
验证F1(加权): 0.9692 - 类别平衡更好
学习率: 0.000001
显存使用: 0.47GB (预留: 0.69GB)

生成的训练样本:
--------------------------------------------------------------------------------
输入:       DJ<QWB CBXWNJHJ NDXL HKJL MNH KLH ZR<>
目标:     0 1 0 0 0 0 2 6 0 0 3 0 113 0 0 0 0 6 0 0 3 0 0 0 0 0 0 0 1 0 0 0 5 0 0 0 0 4 0
预测:     0 1 0 0 0 0 2 6 0 0 3 0 113 0 0 0 0 6 0 0 3 0 0 0 0 0 0 0 1 0 0 0 5 0 0 0 0 4 0
准确率:    1.0000 (39/39)
----------------------------------------
输入:       MQWJN LM>TJT> DKWKB> WL> MTKXDJN MN NMWS>
目标:     0 6 0 42 0 19 0 1 0 0 0 13 9 0 0 1 0 0 0 11 0 0 1 0 0 0 21 14 0 0 7 0 19 0 0 0 0 0 0 0 4 0
预测:     0 6 0 42 0 19 0 1 0 0 0 13 9 0 0 1 0 0 0 11 0 0 1 0 0 0 21 14 0 0 7 0 19 0 0 0 0 0 0 0 4 0
准确率:    1.0000 (42/42)
----------------------------------------
输入:       W>TKTCW WHJDJN >TKNCW MLK> DKN<N BT<NK >TKNCW
目标:     0 1 0 14 0 0 3 19 0 1 0 0 0 0 0 0 0 14 0 0 3 19 0 0 0 11 0 0 1 0 0 0 2 0 1 0 0 0 2 0 0 14 0 0 3 19
预测:     0 1 0 14 0 0 3 19 0 1 0 0 0 0 0 0 0 14 0 0 3 19 0 0 0 11 0 0 1 0 0 0 2 0 1 0 0 0 2 0 0 14 0 0 3 19
准确率:    1.0000 (46/46)
----------------------------------------

生成的验证样本:
--------------------------------------------------------------------------------
输入:       YBJNH D>LH> LMSV> MN KL DBJC WKLJ
目标:     0 0 0 0 5 0 0 1 0 0 4 0 0 1 6 0 10 7 0 0 0 0 0 2 0 1 0 0 2 0 36 0 0 3
预测:     0 0 0 0 5 0 0 1 0 0 4 0 0 1 6 0 10 7 0 0 0 0 0 2 0 1 0 0 2 0 36 0 0 3
准确率:    1.0000 (34/34)
----------------------------------------
输入:       D>LH> LMSV> MN KL DBJC WKLJ XJLK
目标:     0 1 0 0 4 0 0 1 6 0 10 7 0 0 0 0 0 2 0 1 0 0 2 0 36 0 0 3 0 0 0 5 0
预测:     0 1 0 0 4 0 0 1 6 0 10 7 0 0 0 0 0 2 0 1 0 0 2 0 36 0 0 3 0 0 0 5 0
准确率:    1.0000 (33/33)
----------------------------------------
⏳ 验证无提升 (验证准确率: 0.9700 ≤ 0.9702)，patience: 16/50

======================================================================
🚀 Epoch 195/200
======================================================================
📚 开始训练阶段...
训练进度: 500/6065 损失=0.0017
训练进度: 1000/6065 损失=0.0000
训练进度: 1500/6065 损失=0.0001
训练进度: 2000/6065 损失=0.0004
训练进度: 2500/6065 损失=0.0016
训练进度: 3000/6065 损失=0.0000
训练进度: 3500/6065 损失=0.0000
训练进度: 4000/6065 损失=0.0001
训练进度: 4500/6065 损失=0.0000
训练进度: 5000/6065 损失=0.0011
训练进度: 5500/6065 损失=0.0015
训练进度: 6000/6065 损失=0.0001
训练进度: 6065/6065 损失=0.0000
✅ 训练完成，耗时: 111.1秒 (1.9分钟)

============================================================
📊 验证决策: Epoch 195/200
   验证间隔: 1
   是否验证: ✅ 是
   原因: 达到验证间隔 (0 == 0)
============================================================

🔍 开始验证...
验证进度: 500/686 损失=0.1733
验证进度: 686/686 损失=2.5817

📊 预测分布分析:
  - 预测的前5个类别: {np.int64(0): 283138, np.int64(1): 37044, np.int64(2): 14720, np.int64(3): 10704, np.int64(4): 8923}
  - 标签的前5个类别: {np.int64(0): 281232, np.int64(1): 36731, np.int64(2): 14789, np.int64(3): 10866, np.int64(4): 8585}
✅ 验证完成，耗时: 4.9秒 (0.1分钟)
训练损失: 0.0016
验证损失: 0.6408
验证准确率: 0.9700 (10634/10964) - 与Levenshtein高度相关
验证F1(加权): 0.9691 - 类别平衡更好
学习率: 0.000001
显存使用: 0.47GB (预留: 0.69GB)

生成的训练样本:
--------------------------------------------------------------------------------
输入:       WB>XRJT JWMTH NTBRK RJC XKMT> DXLTH DMRJ>
目标:     0 1 1 0 0 0 2 0 0 0 0 2 32 0 0 21 14 0 0 16 0 0 0 2 0 0 0 13 9 0 0 0 0 13 1 0 0 1 0 0 0 2
预测:     0 1 1 0 0 0 2 0 0 0 0 2 32 0 0 21 14 0 0 16 0 0 0 2 0 0 0 13 9 0 0 0 0 13 1 0 0 1 0 0 0 2
准确率:    1.0000 (42/42)
----------------------------------------
输入:       W>TKRKW MRD> CB<> JWMJN WLJT HWW MJ>
目标:     0 1 0 14 0 0 3 0 0 0 0 0 2 0 0 0 2 0 0 0 0 2 0 0 0 1 58 0 24 0 0 18 0 0 24 9 0
预测:     0 1 0 14 0 0 3 0 0 0 0 0 2 0 0 0 2 0 0 0 0 2 0 0 0 1 58 0 24 0 0 18 0 0 24 9 0
准确率:    1.0000 (37/37)
----------------------------------------
输入:       NSBWN DHB> WTKLT> W>RGWN> WYWB<> DZXWRJT> WBWY>
目标:     0 34 0 3 0 0 0 0 0 4 0 0 1 0 0 13 9 0 0 1 0 0 0 0 4 0 0 1 0 0 0 4 0 0 1 0 0 0 0 2 9 0 0 1 0 0 4 0
预测:     0 34 0 3 0 0 0 0 0 4 0 0 1 0 0 13 9 0 0 1 0 0 0 0 4 0 0 1 0 0 0 4 0 0 1 0 0 0 0 2 9 0 0 1 0 0 4 0
准确率:    1.0000 (48/48)
----------------------------------------

生成的验证样本:
--------------------------------------------------------------------------------
输入:       YBJNH D>LH> LMSV> MN KL DBJC WKLJ
目标:     0 0 0 0 5 0 0 1 0 0 4 0 0 1 6 0 10 7 0 0 0 0 0 2 0 1 0 0 2 0 36 0 0 3
预测:     0 0 0 0 5 0 0 1 0 0 4 0 0 1 6 0 10 7 0 0 0 0 0 2 0 1 0 0 2 0 36 0 0 3
准确率:    1.0000 (34/34)
----------------------------------------
输入:       D>LH> LMSV> MN KL DBJC WKLJ XJLK
目标:     0 1 0 0 4 0 0 1 6 0 10 7 0 0 0 0 0 2 0 1 0 0 2 0 36 0 0 3 0 0 0 5 0
预测:     0 1 0 0 4 0 0 1 6 0 10 7 0 0 0 0 0 2 0 1 0 0 2 0 36 0 0 3 0 0 0 5 0
准确率:    1.0000 (33/33)
----------------------------------------
⏳ 验证无提升 (验证准确率: 0.9700 ≤ 0.9702)，patience: 17/50

======================================================================
🚀 Epoch 196/200
======================================================================
📚 开始训练阶段...
训练进度: 500/6065 损失=0.0005
训练进度: 1000/6065 损失=0.0000
训练进度: 1500/6065 损失=0.0001
训练进度: 2000/6065 损失=0.0000
训练进度: 2500/6065 损失=0.0010
训练进度: 3000/6065 损失=0.0010
训练进度: 3500/6065 损失=0.0009
训练进度: 4000/6065 损失=0.0060
训练进度: 4500/6065 损失=0.0006
训练进度: 5000/6065 损失=0.0004
训练进度: 5500/6065 损失=0.0004
训练进度: 6000/6065 损失=0.0002
训练进度: 6065/6065 损失=0.0001
✅ 训练完成，耗时: 111.3秒 (1.9分钟)

============================================================
📊 验证决策: Epoch 196/200
   验证间隔: 1
   是否验证: ✅ 是
   原因: 达到验证间隔 (0 == 0)
============================================================

🔍 开始验证...
验证进度: 500/686 损失=0.1800
验证进度: 686/686 损失=2.5792

📊 预测分布分析:
  - 预测的前5个类别: {np.int64(0): 283132, np.int64(1): 37043, np.int64(2): 14708, np.int64(3): 10694, np.int64(4): 8923}
  - 标签的前5个类别: {np.int64(0): 281232, np.int64(1): 36731, np.int64(2): 14789, np.int64(3): 10866, np.int64(4): 8585}
✅ 验证完成，耗时: 4.9秒 (0.1分钟)
训练损失: 0.0017
验证损失: 0.6406
验证准确率: 0.9700 (10634/10964) - 与Levenshtein高度相关
验证F1(加权): 0.9692 - 类别平衡更好
学习率: 0.000001
显存使用: 0.47GB (预留: 0.69GB)

生成的训练样本:
--------------------------------------------------------------------------------
输入:       J<QWB WNXD> >JSRJL BCWLM> MZMWR> LDWJD MRJ>
目标:     0 0 0 0 0 2 0 1 6 0 10 3 0 0 0 0 0 0 2 0 1 0 0 0 4 0 0 0 0 0 0 4 0 0 1 0 0 0 2 0 0 0 0 2
预测:     0 0 0 0 0 2 0 1 6 0 10 3 0 0 0 0 0 0 2 0 1 0 0 0 4 0 0 0 0 0 0 4 0 0 1 0 0 0 2 0 0 0 0 2
准确率:    1.0000 (44/44)
----------------------------------------
输入:       >N> >DCJ DMXD> LB> D>LH> W>NC> W>ZL>
目标:     0 0 0 0 0 0 0 5 0 0 1 6 0 10 41 0 0 4 0 0 1 0 0 11 0 0 1 0 0 11 0 0 1 0 0 7 0
预测:     0 0 0 0 0 0 0 5 0 0 1 6 0 10 41 0 0 4 0 0 1 0 0 11 0 0 1 0 0 11 0 0 1 0 0 7 0
准确率:    1.0000 (37/37)
----------------------------------------
输入:       TMLWNH K>P> WHW> BYPR> KD SLQ QWRBN>
目标:     0 6 0 18 0 1 12 0 0 0 11 0 0 1 0 10 3 0 1 0 0 4 0 0 0 0 0 0 0 3 0 0 0 0 0 4 0
预测:     0 6 0 18 0 1 12 0 0 0 11 0 0 1 0 10 3 0 1 0 0 4 0 0 0 0 0 0 0 3 0 0 0 0 0 4 0
准确率:    1.0000 (37/37)
----------------------------------------

生成的验证样本:
--------------------------------------------------------------------------------
输入:       YBJNH D>LH> LMSV> MN KL DBJC WKLJ
目标:     0 0 0 0 5 0 0 1 0 0 4 0 0 1 6 0 10 7 0 0 0 0 0 2 0 1 0 0 2 0 36 0 0 3
预测:     0 0 0 0 5 0 0 1 0 0 4 0 0 1 6 0 10 7 0 0 0 0 0 2 0 1 0 0 2 0 36 0 0 3
准确率:    1.0000 (34/34)
----------------------------------------
输入:       D>LH> LMSV> MN KL DBJC WKLJ XJLK
目标:     0 1 0 0 4 0 0 1 6 0 10 7 0 0 0 0 0 2 0 1 0 0 2 0 36 0 0 3 0 0 0 5 0
预测:     0 1 0 0 4 0 0 1 6 0 10 7 0 0 0 0 0 2 0 1 0 0 2 0 36 0 0 3 0 0 0 5 0
准确率:    1.0000 (33/33)
----------------------------------------
⏳ 验证无提升 (验证准确率: 0.9700 ≤ 0.9702)，patience: 18/50

======================================================================
🚀 Epoch 197/200
======================================================================
📚 开始训练阶段...
训练进度: 500/6065 损失=0.0038
训练进度: 1000/6065 损失=0.0000
训练进度: 1500/6065 损失=0.0002
训练进度: 2000/6065 损失=0.0000
训练进度: 2500/6065 损失=0.0000
训练进度: 3000/6065 损失=0.0001
训练进度: 3500/6065 损失=0.0004
训练进度: 4000/6065 损失=0.0001
训练进度: 4500/6065 损失=0.0003
训练进度: 5000/6065 损失=0.0000
训练进度: 5500/6065 损失=0.0010
训练进度: 6000/6065 损失=0.0000
训练进度: 6065/6065 损失=0.0000
✅ 训练完成，耗时: 111.2秒 (1.9分钟)

============================================================
📊 验证决策: Epoch 197/200
   验证间隔: 1
   是否验证: ✅ 是
   原因: 达到验证间隔 (0 == 0)
============================================================

🔍 开始验证...
验证进度: 500/686 损失=0.1853
验证进度: 686/686 损失=2.5898

📊 预测分布分析:
  - 预测的前5个类别: {np.int64(0): 283139, np.int64(1): 37044, np.int64(2): 14717, np.int64(3): 10699, np.int64(4): 8903}
  - 标签的前5个类别: {np.int64(0): 281232, np.int64(1): 36731, np.int64(2): 14789, np.int64(3): 10866, np.int64(4): 8585}
✅ 验证完成，耗时: 4.9秒 (0.1分钟)
训练损失: 0.0016
验证损失: 0.6410
验证准确率: 0.9700 (10634/10964) - 与Levenshtein高度相关
验证F1(加权): 0.9692 - 类别平衡更好
学习率: 0.000001
显存使用: 0.48GB (预留: 0.69GB)

生成的训练样本:
--------------------------------------------------------------------------------
输入:       WXMSNJ >JDJKJ BH MVL DL<M> RB> ><BDJWHJ
目标:     0 1 0 0 0 3 19 8 0 0 2 1 0 0 0 1 0 0 0 0 0 0 1 1 0 15 0 0 0 4 0 0 6 0 0 48 35 0 0 0
预测:     0 1 0 0 0 3 19 8 0 0 2 1 0 0 0 1 0 0 0 0 0 0 1 1 0 15 0 0 0 4 0 0 6 0 0 48 35 0 0 0
准确率:    1.0000 (40/40)
----------------------------------------
输入:       HNWN N<LWN LTMN WLHWN >TLJH WHNWN N>RTWNH
目标:     0 0 0 0 12 0 6 0 53 0 0 0 1 0 0 0 0 1 1 0 0 0 0 34 0 48 1 12 0 1 0 0 0 0 0 73 0 0 3 0 1 12
预测:     0 0 0 0 12 0 6 0 53 0 0 0 1 0 0 0 0 1 1 0 0 0 0 34 0 48 1 12 0 1 0 0 0 0 0 73 0 0 3 0 1 12
准确率:    1.0000 (42/42)
----------------------------------------
输入:       W>STLJW B>MN> L> >JT D<BD BSJMWT> MRJ>
目标:     0 1 47 79 0 0 3 0 0 1 0 0 30 0 0 0 0 0 0 0 24 0 1 0 0 7 0 0 0 0 0 2 9 0 0 0 0 0 2
预测:     0 1 47 79 0 0 3 0 0 1 0 0 30 0 0 0 0 0 0 0 24 0 1 0 0 7 0 0 0 0 0 2 9 0 0 0 0 0 2
准确率:    1.0000 (39/39)
----------------------------------------

生成的验证样本:
--------------------------------------------------------------------------------
输入:       YBJNH D>LH> LMSV> MN KL DBJC WKLJ
目标:     0 0 0 0 5 0 0 1 0 0 4 0 0 1 6 0 10 7 0 0 0 0 0 2 0 1 0 0 2 0 36 0 0 3
预测:     0 0 0 0 5 0 0 1 0 0 4 0 0 1 6 0 10 7 0 0 0 0 0 2 0 1 0 0 2 0 36 0 0 3
准确率:    1.0000 (34/34)
----------------------------------------
输入:       D>LH> LMSV> MN KL DBJC WKLJ XJLK
目标:     0 1 0 0 4 0 0 1 6 0 10 7 0 0 0 0 0 2 0 1 0 0 2 0 36 0 0 3 0 0 0 5 0
预测:     0 1 0 0 4 0 0 1 6 0 10 7 0 0 0 0 0 2 0 1 0 0 2 0 36 0 0 3 0 0 0 5 0
准确率:    1.0000 (33/33)
----------------------------------------
⏳ 验证无提升 (验证准确率: 0.9700 ≤ 0.9702)，patience: 19/50

======================================================================
🚀 Epoch 198/200
======================================================================
📚 开始训练阶段...
训练进度: 500/6065 损失=0.0003
训练进度: 1000/6065 损失=0.0000
训练进度: 1500/6065 损失=0.0001
训练进度: 2000/6065 损失=0.0000
训练进度: 2500/6065 损失=0.0004
训练进度: 3000/6065 损失=0.0008
训练进度: 3500/6065 损失=0.0000
训练进度: 4000/6065 损失=0.0048
训练进度: 4500/6065 损失=0.0002
训练进度: 5000/6065 损失=0.0001
训练进度: 5500/6065 损失=0.0000
训练进度: 6000/6065 损失=0.0201
训练进度: 6065/6065 损失=0.0000
✅ 训练完成，耗时: 110.9秒 (1.8分钟)

============================================================
📊 验证决策: Epoch 198/200
   验证间隔: 1
   是否验证: ✅ 是
   原因: 达到验证间隔 (0 == 0)
============================================================

🔍 开始验证...
验证进度: 500/686 损失=0.1892
验证进度: 686/686 损失=2.5953

📊 预测分布分析:
  - 预测的前5个类别: {np.int64(0): 283172, np.int64(1): 37032, np.int64(2): 14709, np.int64(3): 10735, np.int64(4): 8901}
  - 标签的前5个类别: {np.int64(0): 281232, np.int64(1): 36731, np.int64(2): 14789, np.int64(3): 10866, np.int64(4): 8585}
✅ 验证完成，耗时: 4.9秒 (0.1分钟)
训练损失: 0.0016
验证损失: 0.6420
验证准确率: 0.9700 (10634/10964) - 与Levenshtein高度相关
验证F1(加权): 0.9692 - 类别平衡更好
学习率: 0.000001
显存使用: 0.47GB (预留: 0.69GB)

生成的训练样本:
--------------------------------------------------------------------------------
输入:       <M NC> KWL D>TXCB BLBH >JTJW C>R>
目标:     0 0 0 0 0 11 0 0 8 0 2 0 1 0 14 0 0 16 0 1 0 5 0 0 59 0 0 3 0 0 0 0 11 0
预测:     0 0 0 0 0 11 0 0 8 0 2 0 1 0 14 0 0 16 0 1 0 5 0 0 59 0 0 3 0 0 0 0 11 0
准确率:    1.0000 (34/34)
----------------------------------------
输入:       NPC> HJ MN >JSRJL MN JWM> QDMJ>
目标:     0 0 0 4 0 0 0 26 0 0 0 0 0 0 0 0 0 2 0 0 0 0 0 0 4 0 0 0 0 0 4 0
预测:     0 0 0 4 0 0 0 26 0 0 0 0 0 0 0 0 0 2 0 0 0 0 0 0 4 0 0 0 0 0 4 0
准确率:    1.0000 (32/32)
----------------------------------------
输入:       WNBRKK MRJ> >LHK BKLH <BD> D>JDJK DT<BD
目标:     0 1 6 0 0 51 0 0 0 0 0 2 0 0 0 5 0 0 1 0 5 0 0 0 0 55 0 0 35 0 0 2 1 0 0 1 6 0 0 3
预测:     0 1 6 0 0 51 0 0 0 0 0 2 0 0 0 5 0 0 1 0 5 0 0 0 0 55 0 0 35 0 0 2 1 0 0 1 6 0 0 3
准确率:    1.0000 (40/40)
----------------------------------------

生成的验证样本:
--------------------------------------------------------------------------------
输入:       YBJNH D>LH> LMSV> MN KL DBJC WKLJ
目标:     0 0 0 0 5 0 0 1 0 0 4 0 0 1 6 0 10 7 0 0 0 0 0 2 0 1 0 0 2 0 36 0 0 3
预测:     0 0 0 0 5 0 0 1 0 0 4 0 0 1 6 0 10 7 0 0 0 0 0 2 0 1 0 0 2 0 36 0 0 3
准确率:    1.0000 (34/34)
----------------------------------------
输入:       D>LH> LMSV> MN KL DBJC WKLJ XJLK
目标:     0 1 0 0 4 0 0 1 6 0 10 7 0 0 0 0 0 2 0 1 0 0 2 0 36 0 0 3 0 0 0 5 0
预测:     0 1 0 0 4 0 0 1 6 0 10 7 0 0 0 0 0 2 0 1 0 0 2 0 36 0 0 3 0 0 0 5 0
准确率:    1.0000 (33/33)
----------------------------------------
⏳ 验证无提升 (验证准确率: 0.9700 ≤ 0.9702)，patience: 20/50

======================================================================
🚀 Epoch 199/200
======================================================================
📚 开始训练阶段...
训练进度: 500/6065 损失=0.0002
训练进度: 1000/6065 损失=0.0004
训练进度: 1500/6065 损失=0.0018
训练进度: 2000/6065 损失=0.0000
训练进度: 2500/6065 损失=0.0082
训练进度: 3000/6065 损失=0.0001
训练进度: 3500/6065 损失=0.0000
训练进度: 4000/6065 损失=0.0000
训练进度: 4500/6065 损失=0.0001
训练进度: 5000/6065 损失=0.0003
训练进度: 5500/6065 损失=0.0001
训练进度: 6000/6065 损失=0.0083
训练进度: 6065/6065 损失=0.0028
✅ 训练完成，耗时: 110.3秒 (1.8分钟)

============================================================
📊 验证决策: Epoch 199/200
   验证间隔: 1
   是否验证: ✅ 是
   原因: 达到验证间隔 (0 == 0)
============================================================

🔍 开始验证...
验证进度: 500/686 损失=0.1787
验证进度: 686/686 损失=2.6195

📊 预测分布分析:
  - 预测的前5个类别: {np.int64(0): 283126, np.int64(1): 37037, np.int64(2): 14711, np.int64(3): 10687, np.int64(4): 8902}
  - 标签的前5个类别: {np.int64(0): 281232, np.int64(1): 36731, np.int64(2): 14789, np.int64(3): 10866, np.int64(4): 8585}
✅ 验证完成，耗时: 4.8秒 (0.1分钟)
训练损失: 0.0017
验证损失: 0.6414
验证准确率: 0.9700 (10634/10964) - 与Levenshtein高度相关
验证F1(加权): 0.9691 - 类别平衡更好
学习率: 0.000001
显存使用: 0.47GB (预留: 0.69GB)

生成的训练样本:
--------------------------------------------------------------------------------
输入:       <L CMH> DBNJ >JSRJL MWXDN WMCRN BDHB>
目标:     0 0 0 0 0 8 11 0 0 1 0 2 0 0 0 0 0 0 0 2 0 68 0 0 7 0 0 1 28 0 173 27 0 1 0 0 4 0
预测:     0 0 0 0 0 8 11 0 0 1 0 2 0 0 0 0 0 0 0 2 0 68 0 0 7 0 0 1 28 0 173 27 0 1 0 0 4 0
准确率:    1.0000 (38/38)
----------------------------------------
输入:       CN> >JD> XLP >JD> RGL> XLP RGL>
目标:     0 0 4 0 8 0 0 4 0 0 0 0 2 8 0 0 4 0 0 0 0 4 0 0 0 0 2 0 0 0 4 0
预测:     0 0 4 0 8 0 0 4 0 0 0 0 2 8 0 0 4 0 0 0 0 4 0 0 0 0 2 0 0 0 4 0
准确率:    1.0000 (32/32)
----------------------------------------
输入:       DQDRWN D< MD< DMMT TMWT WDMK NHW>
目标:     0 1 0 0 0 0 2 52 0 3 0 52 0 7 0 1 6 31 7 0 6 0 0 3 0 1 0 5 0 0 6 0 10 3
预测:     0 1 0 0 0 0 2 52 0 3 0 52 0 7 0 1 6 31 7 0 6 0 0 3 0 1 0 5 0 0 6 0 10 3
准确率:    1.0000 (34/34)
----------------------------------------

生成的验证样本:
--------------------------------------------------------------------------------
输入:       YBJNH D>LH> LMSV> MN KL DBJC WKLJ
目标:     0 0 0 0 5 0 0 1 0 0 4 0 0 1 6 0 10 7 0 0 0 0 0 2 0 1 0 0 2 0 36 0 0 3
预测:     0 0 0 0 5 0 0 1 0 0 4 0 0 1 6 0 10 7 0 0 0 0 0 2 0 1 0 0 2 0 36 0 0 3
准确率:    1.0000 (34/34)
----------------------------------------
输入:       D>LH> LMSV> MN KL DBJC WKLJ XJLK
目标:     0 1 0 0 4 0 0 1 6 0 10 7 0 0 0 0 0 2 0 1 0 0 2 0 36 0 0 3 0 0 0 5 0
预测:     0 1 0 0 4 0 0 1 6 0 10 7 0 0 0 0 0 2 0 1 0 0 2 0 36 0 0 3 0 0 0 5 0
准确率:    1.0000 (33/33)
----------------------------------------
⏳ 验证无提升 (验证准确率: 0.9700 ≤ 0.9702)，patience: 21/50

======================================================================
🚀 Epoch 200/200
======================================================================
📚 开始训练阶段...
训练进度: 500/6065 损失=0.0001
训练进度: 1000/6065 损失=0.0001
训练进度: 1500/6065 损失=0.0001
训练进度: 2000/6065 损失=0.0001
训练进度: 2500/6065 损失=0.0000
训练进度: 3000/6065 损失=0.0001
训练进度: 3500/6065 损失=0.0051
训练进度: 4000/6065 损失=0.0000
训练进度: 4500/6065 损失=0.0000
训练进度: 5000/6065 损失=0.0000
训练进度: 5500/6065 损失=0.0000
训练进度: 6000/6065 损失=0.0001
训练进度: 6065/6065 损失=0.0001
✅ 训练完成，耗时: 110.6秒 (1.8分钟)

============================================================
📊 验证决策: Epoch 200/200
   验证间隔: 1
   是否验证: ✅ 是
   原因: 最后一个epoch
============================================================

🔍 开始验证...
验证进度: 500/686 损失=0.1751
验证进度: 686/686 损失=2.6191

📊 预测分布分析:
  - 预测的前5个类别: {np.int64(0): 283141, np.int64(1): 37029, np.int64(2): 14710, np.int64(3): 10709, np.int64(4): 8935}
  - 标签的前5个类别: {np.int64(0): 281232, np.int64(1): 36731, np.int64(2): 14789, np.int64(3): 10866, np.int64(4): 8585}
✅ 验证完成，耗时: 4.8秒 (0.1分钟)
训练损失: 0.0016
验证损失: 0.6417
验证准确率: 0.9700 (10634/10964) - 与Levenshtein高度相关
验证F1(加权): 0.9692 - 类别平衡更好
学习率: 0.000001
显存使用: 0.47GB (预留: 0.69GB)

生成的训练样本:
--------------------------------------------------------------------------------
输入:       WMN BTR TLT CNJN >PQ KLH M<SR>
目标:     0 1 0 0 0 0 0 0 0 0 0 2 0 0 13 0 0 6 72 0 3 0 0 5 0 0 0 0 0 4 0
预测:     0 1 0 0 0 0 0 0 0 0 0 2 0 0 13 0 0 6 72 0 3 0 0 5 0 0 0 0 0 4 0
准确率:    1.0000 (31/31)
----------------------------------------
输入:       >P >N> >W PJLJPWS WBR JM> JD<
目标:     0 0 0 0 0 0 0 0 0 12 0 0 0 0 0 0 0 2 0 1 0 2 0 0 4 0 0 0 0 7
预测:     0 0 0 0 0 0 0 0 0 12 0 0 0 0 0 0 0 2 0 1 0 2 0 0 4 0 0 0 0 7
准确率:    1.0000 (30/30)
----------------------------------------
输入:       LJ XD MN VLJ> WXD> >TN> >MV>
目标:     0 1 0 0 0 2 0 0 0 0 0 13 9 0 0 1 0 2 0 0 0 0 4 0 0 6 0 10 3
预测:     0 1 0 0 0 2 0 0 0 0 0 13 9 0 0 1 0 2 0 0 0 0 4 0 0 6 0 10 3
准确率:    1.0000 (29/29)
----------------------------------------

生成的验证样本:
--------------------------------------------------------------------------------
输入:       YBJNH D>LH> LMSV> MN KL DBJC WKLJ
目标:     0 0 0 0 5 0 0 1 0 0 4 0 0 1 6 0 10 7 0 0 0 0 0 2 0 1 0 0 2 0 36 0 0 3
预测:     0 0 0 0 5 0 0 1 0 0 4 0 0 1 6 0 10 7 0 0 0 0 0 2 0 1 0 0 2 0 36 0 0 3
准确率:    1.0000 (34/34)
----------------------------------------
输入:       D>LH> LMSV> MN KL DBJC WKLJ XJLK
目标:     0 1 0 0 4 0 0 1 6 0 10 7 0 0 0 0 0 2 0 1 0 0 2 0 36 0 0 3 0 0 0 5 0
预测:     0 1 0 0 4 0 0 1 6 0 10 7 0 0 0 0 0 2 0 1 0 0 2 0 36 0 0 3 0 0 0 5 0
准确率:    1.0000 (33/33)
----------------------------------------
⏳ 验证无提升 (验证准确率: 0.9700 ≤ 0.9702)，patience: 22/50

📄 训练状态已保存到: outputs/mdlm_train_20260129_032214_seed123/training_status.json

==================================================
训练结束摘要
==================================================
状态: completed
完成轮数: 200/200
最佳验证准确率: 0.9702
最佳模型轮数: 178
最终显存使用: 0.47GB
==================================================
⏱️  训练耗时: 386.6 分钟

📥 加载最佳模型进行最终评估...
评估中:   0%|          | 0/680 [00:00<?, ?it/s]评估中:   3%|▎         | 19/680 [00:00<00:03, 189.38it/s]评估中:   7%|▋         | 47/680 [00:00<00:02, 241.19it/s]评估中:  11%|█         | 75/680 [00:00<00:02, 257.39it/s]评估中:  15%|█▌        | 103/680 [00:00<00:02, 265.78it/s]评估中:  19%|█▉        | 132/680 [00:00<00:02, 271.32it/s]评估中:  24%|██▎       | 160/680 [00:00<00:01, 273.71it/s]评估中:  28%|██▊       | 188/680 [00:00<00:01, 274.64it/s]评估中:  32%|███▏      | 216/680 [00:00<00:01, 275.19it/s]评估中:  36%|███▌      | 244/680 [00:00<00:01, 274.98it/s]评估中:  40%|████      | 272/680 [00:01<00:01, 276.36it/s]评估中:  44%|████▍     | 300/680 [00:01<00:01, 275.56it/s]评估中:  48%|████▊     | 329/680 [00:01<00:01, 277.64it/s]评估中:  52%|█████▎    | 357/680 [00:01<00:01, 278.30it/s]评估中:  57%|█████▋    | 386/680 [00:01<00:01, 279.45it/s]评估中:  61%|██████    | 414/680 [00:01<00:00, 277.49it/s]评估中:  65%|██████▌   | 443/680 [00:01<00:00, 279.11it/s]评估中:  69%|██████▉   | 472/680 [00:01<00:00, 280.30it/s]评估中:  74%|███████▎  | 501/680 [00:01<00:00, 278.56it/s]评估中:  78%|███████▊  | 529/680 [00:01<00:00, 277.86it/s]评估中:  82%|████████▏ | 558/680 [00:02<00:00, 279.48it/s]评估中:  86%|████████▋ | 587/680 [00:02<00:00, 279.79it/s]评估中:  91%|█████████ | 616/680 [00:02<00:00, 280.50it/s]评估中:  95%|█████████▍| 645/680 [00:02<00:00, 279.95it/s]评估中:  99%|█████████▉| 673/680 [00:02<00:00, 279.74it/s]评估中: 100%|██████████| 680/680 [00:02<00:00, 275.24it/s]

生成的测试样本:
--------------------------------------------------------------------------------
输入:      WRGZ N<MN W>ZL W>MR >N> >MRT DMPQ
目标:     0 1 0 0 3 0 0 0 0 2 0 1 0 0 3 0 1 0 0 3 0 0 0 0 0 0 0 3 0 0 1 34 0 7
预测:     0 1 0 0 3 0 0 0 0 2 0 1 0 0 3 0 1 0 0 3 0 0 0 0 0 0 0 3 0 0 1 102 0 7
----------------------------------------
输入:      N<MN W>ZL W>MR >N> >MRT DMPQ NPWQ
目标:     0 0 0 0 2 0 1 0 0 3 0 1 0 0 3 0 0 0 0 0 0 0 3 0 0 1 34 0 7 0 34 8 0 3
预测:     0 0 0 0 2 0 1 0 0 3 0 1 0 0 3 0 0 0 0 0 0 0 3 0 0 1 102 0 7 0 34 8 0 3
----------------------------------------
输入:      W>ZL W>MR >N> >MRT DMPQ NPWQ LWTJ
目标:     0 1 0 0 3 0 1 0 0 3 0 0 0 0 0 0 0 3 0 0 1 34 0 7 0 34 8 0 3 0 0 0 1 0
预测:     0 1 0 0 3 0 1 0 0 3 0 0 0 0 0 0 0 3 0 0 1 102 0 7 0 34 8 0 3 0 0 0 1 0
----------------------------------------
输入:      W>MR >N> >MRT DMPQ NPWQ LWTJ WNQWM
目标:     0 1 0 0 3 0 0 0 0 0 0 0 3 0 0 1 34 0 7 0 34 8 0 3 0 0 0 1 0 0 1 6 0 0 3
预测:     0 1 0 0 3 0 0 0 0 0 0 0 3 0 0 1 102 0 7 0 34 8 0 3 0 0 0 1 0 0 1 6 0 0 3
----------------------------------------
输入:      >N> >MRT DMPQ NPWQ LWTJ WNQWM WNQR>
目标:     0 0 0 0 0 0 0 3 0 0 1 34 0 7 0 34 8 0 3 0 0 0 1 0 0 1 6 0 0 3 0 1 6 0 10 3
预测:     0 0 0 0 0 0 0 3 0 0 1 102 0 7 0 34 8 0 3 0 0 0 1 0 0 1 44 0 0 3 0 1 44 0 10 3
----------------------------------------
   - 🎯 最终测试结果:
   - ✅ 测试准确率: 0.9717 (393,499/404,962)
📁 测试结果将保存到: outputs/mdlm_train_20260129_032214_seed123/results

📝 保存mdlm模型预测结果（最长序列: 56字符，使用批量评估结果）...
✅ 预测结果已保存到: outputs/mdlm_train_20260129_032214_seed123/results/mdlm_predictions_20260129_032214.out
   预测行数: 10869
   原始行数: 10869

📊 运行还原管道和Levenshtein评估...
   ⚠️  还原和Levenshtein评估失败: No module named 'restore_pipeline'
Traceback (most recent call last):
  File "/home/mail/zhanchen/etcbc_models/train.py", line 2476, in main
    from restore_pipeline import run_full_pipeline
ModuleNotFoundError: No module named 'restore_pipeline'

💾 文件保存路径:
   输出目录: outputs/mdlm_train_20260129_032214_seed123
   ├── mdlm_model.pt
   ├── data/
   │   ├── patterns.csv
   │   ├── test.in
   │   ├── test.out
   │   └── dataset_info.json
   ├── tensorboard/
   ├── plots/
   │   └── mdlm_training_history.png
   └── results/
       ├── mdlm_results_20260129_032214.json
       ├── vocab_20260129_032214.json
       ├── mdlm_predictions_20260129_032214.out
       └── mdlm_test_report_20260129_032214.json

🎉 mdlm模型训练完成！
🧹 内存清理完成
